# Wavefront OBJ file
# Exported by Misfit Model 3D 1.3.8
# Thu Jul 31 13:27:05 2025

mtllib dddddddd.mtl

# 1748 Vertices
v 20.847687 39.935307 0.797597
v 21.048592 40.081676 0.899694
v 20.90555 39.981941 0.844326
v 21.293621 40.12001 1.170544
v 20.90555 39.981941 0.844326
v 21.048592 40.081676 0.899694
v 21.293621 40.12001 1.170544
v 21.341265 40.102997 1.012236
v 20.90555 39.981941 0.844326
v 21.341265 40.102997 1.012236
v 20.90555 39.981941 0.844326
v 20.530582 40.892647 0.840649
v 20.530582 40.892647 0.840649
v 20.90555 39.981941 0.844326
v 20.381498 39.870293 0.994389
v 20.381498 39.870293 0.994389
v 20.90555 39.981941 0.844326
v 20.407204 39.644985 0.957828
v 20.407204 39.644985 0.957828
v 20.90555 39.981941 0.844326
v 20.847687 39.935307 0.797597
v 20.530582 40.892647 0.840649
v 20.381498 39.870293 0.994389
v 20.139158 40.703911 1.209501
v 20.530582 40.892647 0.840649
v 20.139158 40.703911 1.209501
v 20.18483 41.184643 1.252866
v 20.530582 40.892647 0.840649
v 20.18483 41.184643 1.252866
v 20.50136 41.009174 0.755073
v 20.530582 40.892647 0.840649
v 20.50136 41.009174 0.755073
v 21.228613 40.864433 0.95463
v 20.50136 41.009174 0.755073
v 21.228613 40.864433 0.95463
v 21.142267 40.600506 0.865553
v 21.142267 40.600506 0.865553
v 21.228613 40.864433 0.95463
v 21.549856 40.60009 1.440351
v 21.549856 40.60009 1.440351
v 21.228613 40.864433 0.95463
v 21.492933 40.763802 1.473989
v 21.228613 40.864433 0.95463
v 21.492933 40.763802 1.473989
v 21.43877 40.096386 1.349286
v 21.228613 40.864433 0.95463
v 21.43877 40.096386 1.349286
v 21.341265 40.102997 1.012236
v 21.341265 40.102997 1.012236
v 21.293621 40.12001 1.170544
v 21.43877 40.096386 1.349286
v 21.341265 40.102997 1.012236
v 20.407204 39.644985 0.957828
v 20.990253 39.771038 0.69062
v 20.909615 39.383324 0.68441
v 20.407204 39.644985 0.957828
v 20.847687 39.935307 0.797597
v 20.990253 39.771038 0.69062
v 21.294044 40.02829 1.457368
v 21.43877 40.096386 1.349286
v 21.293621 40.12001 1.170544
v 23.219585 37.882179 0.649074
v 23.570248 37.949749 0.808361
v 23.192667 37.595512 0.811337
v 23.69058 37.950184 1.148214
v 23.192667 37.595512 0.811337
v 23.570248 37.949749 0.808361
v 23.69058 37.950184 1.148214
v 23.570248 37.949749 0.808361
v 24.04623 38.451797 1.141676
v 24.04623 38.451797 1.141676
v 23.570248 37.949749 0.808361
v 23.965036 38.435211 0.724095
v 24.04623 38.451797 1.141676
v 23.965036 38.435211 0.724095
v 24.181799 38.835999 0.62203
v 24.184254 40.138081 0.24664
v 24.319538 40.595047 0.258188
v 24.465004 40.050667 0.317088
v 24.184216 40.138062 0.246634
v 24.465004 40.050667 0.317088
v 23.788115 38.730282 0.499
v 23.788115 38.730282 0.499
v 24.465004 40.050667 0.317088
v 24.181799 38.835999 0.62203
v 23.788115 38.730282 0.499
v 24.181799 38.835999 0.62203
v 23.667048 38.614864 0.527957
v 23.667048 38.614864 0.527957
v 24.181799 38.835999 0.62203
v 23.965036 38.435211 0.724095
v 23.667048 38.614864 0.527957
v 23.965036 38.435211 0.724095
v 23.570248 37.949749 0.808361
v 23.667048 38.614864 0.527957
v 23.570248 37.949749 0.808361
v 23.294693 38.059654 0.614976
v 23.294693 38.059654 0.614976
v 23.219585 37.882179 0.649074
v 23.51099 38.085194 1.455843
v 23.144592 37.762383 1.50114
v 23.69058 37.950184 1.148214
v 23.51099 38.085194 1.455843
v 23.69058 37.950184 1.148214
v 23.89731 38.571121 1.452615
v 23.89731 38.571121 1.452615
v 23.69058 37.950184 1.148214
v 24.04623 38.451797 1.141676
v 23.89731 38.571121 1.452615
v 24.04623 38.451797 1.141676
v 24.333147 38.953419 1.046035
v 24.333147 38.953419 1.046035
v 24.04623 38.451797 1.141676
v 24.181799 38.835999 0.62203
v 24.333147 38.953419 1.046035
v 24.181799 38.835999 0.62203
v 24.585161 40.106106 0.738541
v 24.585161 40.106106 0.738541
v 24.465004 40.050667 0.317088
v 24.585161 40.106106 0.738541
v 24.465004 40.050667 0.317088
v 24.415258 40.620033 0.758718
v 24.585161 40.106106 0.738541
v 24.415258 40.620033 0.758718
v 24.401503 40.373539 1.16788
v 24.401503 40.373539 1.16788
v 24.333147 38.953419 1.046035
v 24.333147 38.953419 1.046035
v 24.401503 40.373539 1.16788
v 24.163803 38.964504 1.396373
v 24.163803 38.964504 1.396373
v 23.89731 38.571121 1.452615
v 23.89731 38.571121 1.452615
v 24.163803 38.964504 1.396373
v 23.803778 38.92886 1.481714
v 23.803778 38.92886 1.481714
v 24.163803 38.964504 1.396373
v 24.401503 40.373539 1.16788
v 23.803778 38.92886 1.481714
v 24.401503 40.373539 1.16788
v 24.193998 40.181732 1.269623
v 23.233952 38.281857 1.507553
v 23.174614 38.134758 1.54272
v 23.51099 38.085194 1.455843
v 23.233952 38.281857 1.507553
v 23.51099 38.085194 1.455843
v 23.589565 38.783466 1.501012
v 23.589565 38.783466 1.501012
v 23.51099 38.085194 1.455843
v 23.89731 38.571121 1.452615
v 23.589565 38.783466 1.501012
v 23.803778 38.92886 1.481714
v 23.51099 38.085194 1.455843
v 23.174614 38.134758 1.54272
v 23.144592 37.762383 1.50114
v 24.401503 40.373539 1.16788
v 24.24362 40.507515 1.272978
v 24.193998 40.181732 1.269623
v 24.415258 40.620033 0.758718
v 24.24362 40.507515 1.272978
v 23.294693 38.059654 0.614976
v 23.219585 37.882179 0.649074
v 23.161041 38.356144 0.722139
v 23.161041 38.356144 0.722139
v 23.294693 38.059654 0.614976
v 23.291954 38.347523 0.735886
v 23.294693 38.059654 0.614976
v 23.291954 38.347523 0.735886
v 22.925871 38.380924 0.656327
v 23.291954 38.347523 0.735886
v 22.925871 38.380924 0.656327
v 23.218475 38.475075 1.300045
v 23.382488 39.693897 0.123664
v 23.223267 39.749958 0.229508
v 24.184254 40.138081 0.24664
v 23.223267 39.749958 0.229508
v 24.184254 40.138081 0.24664
v 23.285292 38.804653 0.609672
v 23.285292 38.804653 0.609672
v 24.184254 40.138081 0.24664
v 23.788115 38.730282 0.499
v 23.285292 38.804653 0.609672
v 23.788115 38.730282 0.499
v 23.337196 38.974983 0.573182
v 23.337196 38.974983 0.573182
v 23.788115 38.730282 0.499
v 23.216473 38.859676 0.602134
v 23.216473 38.859676 0.602134
v 23.667048 38.614864 0.527957
v 23.216473 38.859676 0.602134
v 23.667048 38.614864 0.527957
v 22.925871 38.380924 0.656327
v 22.925871 38.380924 0.656327
v 23.667048 38.614864 0.527957
v 23.294693 38.059654 0.614976
v 23.218475 38.475075 1.300045
v 22.925871 38.380924 0.656327
v 22.878782 38.493034 1.264266
v 22.878782 38.493034 1.264266
v 23.216473 38.859676 0.602134
v 23.216473 38.859676 0.602134
v 22.878782 38.493034 1.264266
v 23.184895 39.002575 1.212021
v 23.216473 38.859676 0.602134
v 23.184895 39.002575 1.212021
v 23.337196 38.974983 0.573182
v 23.337196 38.974983 0.573182
v 23.184895 39.002575 1.212021
v 23.293863 39.141342 1.222573
v 23.293863 39.141342 1.222573
v 23.285292 38.804653 0.609672
v 23.293863 39.141342 1.222573
v 23.285292 38.804653 0.609672
v 23.265051 38.97897 1.261444
v 23.285292 38.804653 0.609672
v 23.265051 38.97897 1.261444
v 23.248493 39.747314 1.255306
v 23.285292 38.804653 0.609672
v 23.248493 39.747314 1.255306
v 23.223267 39.749958 0.229508
v 23.248493 39.747314 1.255306
v 23.223267 39.749958 0.229508
v 23.382488 39.693897 0.123664
v 23.803778 38.92886 1.481714
v 23.248493 39.747314 1.255306
v 23.265051 38.97897 1.261444
v 23.265051 38.97897 1.261444
v 23.803778 38.92886 1.481714
v 23.293863 39.141342 1.222573
v 23.803778 38.92886 1.481714
v 23.293863 39.141342 1.222573
v 23.184895 39.002575 1.212021
v 23.803778 38.92886 1.481714
v 23.184895 39.002575 1.212021
v 23.589565 38.783466 1.501012
v 23.589565 38.783466 1.501012
v 22.878782 38.493034 1.264266
v 23.589565 38.783466 1.501012
v 22.878782 38.493034 1.264266
v 23.233952 38.281857 1.507553
v 23.233952 38.281857 1.507553
v 23.218475 38.475075 1.300045
v 23.803778 38.92886 1.481714
v 24.193998 40.181732 1.269623
v 23.642181 39.798386 1.296349
v 23.803778 38.92886 1.481714
v 23.642181 39.798386 1.296349
v 23.248493 39.747314 1.255306
v 23.642181 39.798386 1.296349
v 23.248493 39.747314 1.255306
v 23.452051 39.605774 1.236524
v 23.233952 38.281857 1.507553
v 23.098804 38.460083 1.247051
v 23.174614 38.134758 1.54272
v 23.218475 38.475075 1.300045
v 23.233952 38.281857 1.507553
v 23.098804 38.460083 1.247051
v 23.248493 39.747314 1.255306
v 23.382488 39.693897 0.123664
v 23.452051 39.605774 1.236524
v 23.69058 37.950184 1.148214
v 23.144592 37.762383 1.50114
v 23.195787 37.535694 1.221521
v 23.69058 37.950184 1.148214
v 23.195787 37.535694 1.221521
v 23.192667 37.595512 0.811337
v 20.439096 41.130913 1.729956
v 20.18483 41.184643 1.252866
v 20.139158 40.703911 1.209501
v 20.139158 40.703911 1.209501
v 20.381498 39.870293 0.994389
v 20.34697 39.794464 1.318876
v 20.664501 39.567738 1.475919
v 21.132156 39.641342 1.483592
v 20.661882 39.800606 1.515679
v 20.664501 39.567738 1.475919
v 20.661882 39.800606 1.515679
v 20.34697 39.794464 1.318876
v 20.34697 39.794464 1.318876
v 20.661882 39.800606 1.515679
v 20.257896 40.603909 1.632104
v 20.34697 39.794464 1.318876
v 20.257896 40.603909 1.632104
v 20.139158 40.703911 1.209501
v 20.257896 40.603909 1.632104
v 20.439096 41.130913 1.729956
v 21.039125 39.29166 1.230539
v 21.132156 39.641342 1.483592
v 20.664501 39.567738 1.475919
v 21.039125 39.29166 1.230539
v 20.664501 39.567738 1.475919
v 20.878798 39.174965 0.887143
v 20.878798 39.174965 0.887143
v 20.664501 39.567738 1.475919
v 20.33036 39.553703 1.23617
v 20.878798 39.174965 0.887143
v 20.33036 39.553703 1.23617
v 20.909615 39.383324 0.68441
v 20.909615 39.383324 0.68441
v 20.33036 39.553703 1.23617
v 20.407204 39.644985 0.957828
v 20.407204 39.644985 0.957828
v 20.33036 39.553703 1.23617
v 20.381498 39.870293 0.994389
v 20.381498 39.870293 0.994389
v 20.33036 39.553703 1.23617
v 20.34697 39.794464 1.318876
v 20.33036 39.553703 1.23617
v 20.664501 39.567738 1.475919
v 20.661371 40.640583 1.878999
v 20.876959 41.074001 1.939713
v 20.257896 40.603909 1.632104
v 20.661371 40.640583 1.878999
v 20.257896 40.603909 1.632104
v 20.661882 39.800606 1.515679
v 21.156748 40.722023 1.848213
v 20.876959 41.074001 1.939713
v 20.661371 40.640583 1.878999
v 21.156748 40.722023 1.848213
v 20.661371 40.640583 1.878999
v 21.087479 39.913906 1.559684
v 21.087479 39.913906 1.559684
v 20.661882 39.800606 1.515679
v 21.087479 39.913906 1.559684
v 21.132156 39.641342 1.483592
v 21.492933 40.763802 1.473989
v 21.363346 40.89085 1.828346
v 21.156748 40.722023 1.848213
v 21.492933 40.763802 1.473989
v 21.156748 40.722023 1.848213
v 21.087479 39.913906 1.559684
v 21.492933 40.763802 1.473989
v 21.087479 39.913906 1.559684
v 21.43877 40.096386 1.349286
v 21.087479 39.913906 1.559684
v 21.294044 40.02829 1.457368
v 21.294044 40.02829 1.457368
v 21.087479 39.913906 1.559684
v 21.132156 39.641342 1.483592
v 21.363346 40.89085 1.828346
v 21.549856 40.60009 1.440351
v 20.876959 41.074001 1.939713
v 21.363346 40.89085 1.828346
v 24.465004 40.050667 0.317088
v 24.319538 40.595047 0.258188
v 24.415258 40.620033 0.758718
v 20.257896 40.603909 1.632104
v 20.876959 41.074001 1.939713
v 20.439096 41.130913 1.729956
v 20.878798 39.174965 0.887143
v 20.909615 39.383324 0.68441
v 21.417356 38.975296 0.576578
v 21.318039 39.140938 1.015314
v 20.878798 39.174965 0.887143
v 21.195923 39.039955 0.757366
v 21.318039 39.140938 1.015314
v 21.195923 39.039955 0.757366
v 21.417356 38.975296 0.576578
v 21.195923 39.039955 0.757366
v 21.417356 38.975296 0.576578
v 20.878798 39.174965 0.887143
v 21.614998 39.162037 1.087295
v 21.039125 39.29166 1.230539
v 21.318039 39.140938 1.015314
v 21.614998 39.162037 1.087295
v 21.318039 39.140938 1.015314
v 21.708599 38.896179 0.771021
v 21.708599 38.896179 0.771021
v 21.318039 39.140938 1.015314
v 21.417356 38.975296 0.576578
v 21.708599 38.896179 0.771021
v 21.417356 38.975296 0.576578
v 21.752609 38.957062 0.652395
v 21.752609 38.957062 0.652395
v 21.417356 38.975296 0.576578
v 21.813963 39.204338 0.53494
v 21.813963 39.204338 0.53494
v 21.417356 38.975296 0.576578
v 21.516994 39.183235 0.462956
v 21.516994 39.183235 0.462956
v 20.909615 39.383324 0.68441
v 21.752609 38.957062 0.652395
v 21.813963 39.204338 0.53494
v 21.946861 39.204464 0.753673
v 21.752609 38.957062 0.652395
v 21.946861 39.204464 0.753673
v 21.863743 38.972553 0.786878
v 21.863743 38.972553 0.786878
v 21.946861 39.204464 0.753673
v 21.926741 39.360561 0.955076
v 21.863743 38.972553 0.786878
v 21.926741 39.360561 0.955076
v 21.823425 39.097961 1.027252
v 21.863743 38.972553 0.786878
v 21.823425 39.097961 1.027252
v 21.708599 38.896179 0.771021
v 21.863743 38.972553 0.786878
v 21.708599 38.896179 0.771021
v 21.752609 38.957062 0.652395
v 21.708599 38.896179 0.771021
v 21.823425 39.097961 1.027252
v 21.614998 39.162037 1.087295
v 21.926741 39.360561 0.955076
v 21.479151 39.824078 1.314615
v 21.340754 39.445202 1.342812
v 21.926741 39.360561 0.955076
v 21.340754 39.445202 1.342812
v 21.823425 39.097961 1.027252
v 21.340754 39.445202 1.342812
v 21.614998 39.162037 1.087295
v 21.340754 39.445202 1.342812
v 21.039125 39.29166 1.230539
v 21.479151 39.824078 1.314615
v 21.294044 40.02829 1.457368
v 21.132156 39.641342 1.483592
v 21.479151 39.824078 1.314615
v 21.132156 39.641342 1.483592
v 21.340754 39.445202 1.342812
v 21.039125 39.29166 1.230539
v 23.098804 38.460083 1.247051
v 23.291954 38.347523 0.735886
v 23.218475 38.475075 1.300045
v 22.267685 38.264549 1.120057
v 23.174614 38.134758 1.54272
v 23.098804 38.460083 1.247051
v 22.267685 38.264549 1.120057
v 23.098804 38.460083 1.247051
v 22.344524 38.168617 0.678515
v 23.098804 38.460083 1.247051
v 22.344524 38.168617 0.678515
v 23.161041 38.356144 0.722139
v 23.161041 38.356144 0.722139
v 23.291954 38.347523 0.735886
v 22.227926 37.978989 1.403819
v 23.174614 38.134758 1.54272
v 22.267685 38.264549 1.120057
v 22.227926 37.978989 1.403819
v 22.267685 38.264549 1.120057
v 21.889925 37.910725 1.123379
v 21.889925 37.910725 1.123379
v 22.344524 38.168617 0.678515
v 21.889925 37.910725 1.123379
v 22.344524 38.168617 0.678515
v 21.966892 37.8144 0.681486
v 21.966892 37.8144 0.681486
v 22.344524 38.168617 0.678515
v 22.342468 37.80331 0.598466
v 22.342468 37.80331 0.598466
v 22.344524 38.168617 0.678515
v 23.219585 37.882179 0.649074
v 23.219585 37.882179 0.649074
v 22.344524 38.168617 0.678515
v 23.161041 38.356144 0.722139
v 20.273048 41.549171 1.260004
v 20.50136 41.009174 0.755073
v 20.18483 41.184643 1.252866
v 20.795732 42.309883 0.574075
v 21.044456 42.495457 -0.669426
v 21.428919 42.86142 0.227702
v 20.795732 42.309883 0.574075
v 21.428919 42.86142 0.227702
v 20.936625 42.737911 1.117999
v 20.936625 42.737911 1.117999
v 21.428919 42.86142 0.227702
v 20.910797 42.082764 0.423637
v 20.936625 42.737911 1.117999
v 20.910797 42.082764 0.423637
v 20.431829 42.09087 1.273527
v 20.431829 42.09087 1.273527
v 20.910797 42.082764 0.423637
v 20.616121 41.248173 0.642854
v 20.431829 42.09087 1.273527
v 20.616121 41.248173 0.642854
v 20.273048 41.549171 1.260004
v 20.273048 41.549171 1.260004
v 20.616121 41.248173 0.642854
v 20.50136 41.009174 0.755073
v 22.002722 41.114017 0.95287
v 20.616121 41.248173 0.642854
v 20.910797 42.082764 0.423637
v 22.002722 41.114017 0.95287
v 20.910797 42.082764 0.423637
v 21.315464 41.673019 -0.186451
v 21.315464 41.673019 -0.186451
v 20.910797 42.082764 0.423637
v 21.428919 42.86142 0.227702
v 20.936625 42.737911 1.117999
v 20.349949 43.343178 1.625943
v 20.193529 43.167622 0.424028
v 20.936625 42.737911 1.117999
v 20.193529 43.167622 0.424028
v 20.795732 42.309883 0.574075
v 20.795732 42.309883 0.574075
v 20.193529 43.167622 0.424028
v 21.044456 42.495457 -0.669426
v 21.044456 42.495457 -0.669426
v 20.193529 43.167622 0.424028
v 20.433687 43.40868 -0.657188
v 21.044456 42.495457 -0.669426
v 20.433687 43.40868 -0.657188
v 21.57085 42.954285 -1.189787
v 21.57085 42.954285 -1.189787
v 20.560642 43.569309 -0.890161
v 21.315464 41.673019 -0.186451
v 21.428919 42.86142 0.227702
v 21.044456 42.495457 -0.669426
v 21.315464 41.673019 -0.186451
v 21.044456 42.495457 -0.669426
v 21.635294 42.03685 -1.423094
v 21.635294 42.03685 -1.423094
v 21.044456 42.495457 -0.669426
v 21.57085 42.954285 -1.189787
v 21.635294 42.03685 -1.423094
v 21.57085 42.954285 -1.189787
v 22.161875 42.777794 -1.331577
v 21.635294 42.03685 -1.423094
v 22.161875 42.777794 -1.331577
v 22.63068 40.910694 -1.475975
v 22.63068 40.910694 -1.475975
v 22.161875 42.777794 -1.331577
v 23.294977 41.277782 -1.531299
v 22.63068 40.910694 -1.475975
v 23.294977 41.277782 -1.531299
v 23.122328 41.12468 -1.38474
v 23.122328 41.12468 -1.38474
v 23.294977 41.277782 -1.531299
v 23.68049 41.009682 -1.652771
v 23.122328 41.12468 -1.38474
v 23.68049 41.009682 -1.652771
v 22.878532 40.062878 -1.445087
v 22.878532 40.062878 -1.445087
v 23.68049 41.009682 -1.652771
v 23.257872 39.919266 -1.649809
v 22.878532 40.062878 -1.445087
v 23.257872 39.919266 -1.649809
v 23.187271 40.060509 -1.412697
v 23.187271 40.060509 -1.412697
v 23.257872 39.919266 -1.649809
v 23.02788 39.984386 -1.388036
v 23.02788 39.984386 -1.388036
v 23.257872 39.919266 -1.649809
v 23.170511 39.632538 -1.657299
v 23.02788 39.984386 -1.388036
v 23.170511 39.632538 -1.657299
v 22.446053 39.694412 -1.365494
v 22.446053 39.694412 -1.365494
v 23.170511 39.632538 -1.657299
v 22.553843 39.358482 -1.597994
v 22.446053 39.694412 -1.365494
v 22.553843 39.358482 -1.597994
v 22.561514 39.654633 -1.353185
v 22.561514 39.654633 -1.353185
v 22.553843 39.358482 -1.597994
v 22.403648 39.733582 -1.329159
v 22.403648 39.733582 -1.329159
v 22.553843 39.358482 -1.597994
v 22.279503 39.399826 -1.58599
v 23.220255 40.016441 -0.836419
v 22.878532 40.062878 -1.445087
v 23.187271 40.060509 -1.412697
v 23.220255 40.016441 -0.836419
v 23.187271 40.060509 -1.412697
v 23.779413 39.45887 -1.224258
v 23.187271 40.060509 -1.412697
v 23.779413 39.45887 -1.224258
v 23.02788 39.984386 -1.388036
v 23.779413 39.45887 -1.224258
v 23.02788 39.984386 -1.388036
v 22.487419 39.649872 -0.869769
v 22.487419 39.649872 -0.869769
v 23.02788 39.984386 -1.388036
v 22.446053 39.694412 -1.365494
v 22.487419 39.649872 -0.869769
v 22.446053 39.694412 -1.365494
v 22.591627 39.579063 -0.89979
v 22.446053 39.694412 -1.365494
v 22.591627 39.579063 -0.89979
v 22.561514 39.654633 -1.353185
v 22.591627 39.579063 -0.89979
v 22.561514 39.654633 -1.353185
v 22.463911 39.642189 -0.872198
v 22.561514 39.654633 -1.353185
v 22.463911 39.642189 -0.872198
v 22.403648 39.733582 -1.329159
v 22.463911 39.642189 -0.872198
v 22.403648 39.733582 -1.329159
v 22.068161 39.769081 -0.955814
v 22.068161 39.769081 -0.955814
v 22.403648 39.733582 -1.329159
v 22.053005 39.853172 -1.326112
v 22.053005 39.853172 -1.326112
v 22.279503 39.399826 -1.58599
v 22.053005 39.853172 -1.326112
v 22.279503 39.399826 -1.58599
v 21.751797 39.644718 -1.519957
v 22.053005 39.853172 -1.326112
v 21.751797 39.644718 -1.519957
v 21.677265 39.732094 -1.323912
v 22.053005 39.853172 -1.326112
v 21.677265 39.732094 -1.323912
v 21.67775 39.639969 -1.036581
v 21.67775 39.639969 -1.036581
v 22.068161 39.769081 -0.955814
v 22.068161 39.769081 -0.955814
v 21.67775 39.639969 -1.036581
v 21.844492 39.468815 -0.854686
v 22.068161 39.769081 -0.955814
v 21.844492 39.468815 -0.854686
v 22.359447 39.224628 -0.799252
v 22.463911 39.642189 -0.872198
v 22.359447 39.224628 -0.799252
v 22.359447 39.224628 -0.799252
v 22.591627 39.579063 -0.89979
v 22.591627 39.579063 -0.89979
v 22.359447 39.224628 -0.799252
v 22.672497 39.221634 -0.806965
v 22.591627 39.579063 -0.89979
v 22.672497 39.221634 -0.806965
v 22.487419 39.649872 -0.869769
v 22.487419 39.649872 -0.869769
v 22.672497 39.221634 -0.806965
v 23.779413 39.45887 -1.224258
v 22.672497 39.221634 -0.806965
v 23.779413 39.45887 -1.224258
v 23.23064 39.481415 -0.749966
v 23.23064 39.481415 -0.749966
v 23.220255 40.016441 -0.836419
v 23.23064 39.481415 -0.749966
v 23.220255 40.016441 -0.836419
v 23.425528 39.751461 -0.73101
v 23.220255 40.016441 -0.836419
v 23.425528 39.751461 -0.73101
v 22.907068 40.019424 -0.82791
v 22.907068 40.019424 -0.82791
v 23.425528 39.751461 -0.73101
v 24.046227 40.546032 -0.711431
v 22.907068 40.019424 -0.82791
v 24.046227 40.546032 -0.711431
v 23.156136 40.933994 -0.602667
v 23.156136 40.933994 -0.602667
v 24.046227 40.546032 -0.711431
v 23.371433 40.768974 -0.661043
v 24.046227 40.546032 -0.711431
v 23.371433 40.768974 -0.661043
v 23.352692 39.340584 -0.736305
v 23.371433 40.768974 -0.661043
v 23.352692 39.340584 -0.736305
v 22.924837 39.647846 -0.57858
v 23.371433 40.768974 -0.661043
v 22.924837 39.647846 -0.57858
v 22.903576 39.666813 0.073569
v 23.371433 40.768974 -0.661043
v 22.903576 39.666813 0.073569
v 23.382488 39.693897 0.123664
v 23.382488 39.693897 0.123664
v 22.903576 39.666813 0.073569
v 23.351206 39.353275 0.245217
v 23.382488 39.693897 0.123664
v 23.351206 39.353275 0.245217
v 24.184254 40.138081 0.24664
v 22.878532 40.062878 -1.445087
v 22.907068 40.019424 -0.82791
v 22.907068 40.019424 -0.82791
v 23.122328 41.12468 -1.38474
v 23.122328 41.12468 -1.38474
v 22.907068 40.019424 -0.82791
v 23.156136 40.933994 -0.602667
v 23.122328 41.12468 -1.38474
v 23.156136 40.933994 -0.602667
v 22.822474 40.284969 -0.593016
v 22.822474 40.284969 -0.593016
v 23.371433 40.768974 -0.661043
v 22.822474 40.284969 -0.593016
v 23.371433 40.768974 -0.661043
v 22.962193 39.922897 0.201147
v 22.962193 39.922897 0.201147
v 23.371433 40.768974 -0.661043
v 23.382488 39.693897 0.123664
v 22.962193 39.922897 0.201147
v 23.382488 39.693897 0.123664
v 23.060608 39.86462 1.193934
v 23.060608 39.86462 1.193934
v 23.452051 39.605774 1.236524
v 22.962193 39.922897 0.201147
v 23.060608 39.86462 1.193934
v 22.729961 40.238811 0.952331
v 22.729961 40.238811 0.952331
v 22.822474 40.284969 -0.593016
v 22.822474 40.284969 -0.593016
v 22.729961 40.238811 0.952331
v 22.196293 40.701271 -0.620109
v 22.196293 40.701271 -0.620109
v 22.729961 40.238811 0.952331
v 22.002722 41.114017 0.95287
v 22.196293 40.701271 -0.620109
v 22.002722 41.114017 0.95287
v 21.315464 41.673019 -0.186451
v 22.196293 40.701271 -0.620109
v 21.635294 42.03685 -1.423094
v 22.196293 40.701271 -0.620109
v 21.635294 42.03685 -1.423094
v 22.63068 40.910694 -1.475975
v 22.63068 40.910694 -1.475975
v 22.822474 40.284969 -0.593016
v 23.122328 41.12468 -1.38474
v 21.142267 40.600506 0.865553
v 22.625099 40.719376 2.206981
v 20.616121 41.248173 0.642854
v 22.625099 40.719376 2.206981
v 20.616121 41.248173 0.642854
v 22.494772 40.618938 2.030058
v 22.494772 40.618938 2.030058
v 20.616121 41.248173 0.642854
v 22.002722 41.114017 0.95287
v 22.494772 40.618938 2.030058
v 22.002722 41.114017 0.95287
v 22.686071 40.236034 1.888932
v 22.686071 40.236034 1.888932
v 22.002722 41.114017 0.95287
v 22.729961 40.238811 0.952331
v 22.686071 40.236034 1.888932
v 22.729961 40.238811 0.952331
v 23.106716 39.860683 2.017141
v 23.106716 39.860683 2.017141
v 23.060608 39.86462 1.193934
v 23.106716 39.860683 2.017141
v 23.060608 39.86462 1.193934
v 23.36714 39.610451 2.045926
v 23.36714 39.610451 2.045926
v 23.452051 39.605774 1.236524
v 23.36714 39.610451 2.045926
v 23.452051 39.605774 1.236524
v 23.750982 38.963661 2.130493
v 23.750982 38.963661 2.130493
v 23.452051 39.605774 1.236524
v 23.796146 38.952499 1.480778
v 23.750982 38.963661 2.130493
v 23.796146 38.952499 1.480778
v 23.838577 38.838867 2.181285
v 23.838577 38.838867 2.181285
v 23.796146 38.952499 1.480778
v 23.913973 38.811905 1.534871
v 23.902988 38.651894 2.148154
v 23.966688 38.648415 1.541343
v 24.217068 38.111004 1.570764
v 23.902988 38.651894 2.148154
v 24.217068 38.111004 1.570764
v 24.169075 38.145321 2.179
v 24.169075 38.145321 2.179
v 24.217068 38.111004 1.570764
v 24.296692 38.009735 1.620577
v 21.650732 40.684856 1.450503
v 21.142267 40.600506 0.865553
v 22.625099 40.719376 2.206981
v 21.650732 40.684856 1.450503
v 22.625099 40.719376 2.206981
v 23.038961 40.856155 2.290582
v 23.038961 40.856155 2.290582
v 22.494772 40.618938 2.030058
v 23.038961 40.856155 2.290582
v 22.494772 40.618938 2.030058
v 23.2645 40.567211 2.274998
v 23.2645 40.567211 2.274998
v 22.494772 40.618938 2.030058
v 22.686071 40.236034 1.888932
v 23.2645 40.567211 2.274998
v 22.686071 40.236034 1.888932
v 23.605103 40.160416 2.272041
v 23.605103 40.160416 2.272041
v 23.106716 39.860683 2.017141
v 23.605103 40.160416 2.272041
v 23.106716 39.860683 2.017141
v 23.731733 40.019882 2.245229
v 23.731733 40.019882 2.245229
v 23.36714 39.610451 2.045926
v 23.731733 40.019882 2.245229
v 23.36714 39.610451 2.045926
v 24.18696 39.139832 2.379965
v 24.18696 39.139832 2.379965
v 23.750982 38.963661 2.130493
v 24.18696 39.139832 2.379965
v 23.750982 38.963661 2.130493
v 23.838577 38.838867 2.181285
v 24.18696 39.139832 2.379965
v 23.838577 38.838867 2.181285
v 24.308041 38.843674 2.394331
v 24.308041 38.843674 2.394331
v 23.838577 38.838867 2.181285
v 23.902988 38.651894 2.148154
v 24.308041 38.843674 2.394331
v 23.902988 38.651894 2.148154
v 24.57345 38.259796 2.425595
v 24.57345 38.259796 2.425595
v 24.169075 38.145321 2.179
v 24.57345 38.259796 2.425595
v 24.169075 38.145321 2.179
v 24.229763 38.03624 2.186042
v 24.169075 38.145321 2.179
v 24.229763 38.03624 2.186042
v 24.296692 38.009735 1.620577
v 24.663599 38.277657 1.493718
v 24.296692 38.009735 1.620577
v 24.217068 38.111004 1.570764
v 24.663599 38.277657 1.493718
v 24.217068 38.111004 1.570764
v 23.966688 38.648415 1.541343
v 24.663599 38.277657 1.493718
v 23.966688 38.648415 1.541343
v 24.448086 38.799133 1.427175
v 24.448086 38.799133 1.427175
v 23.966688 38.648415 1.541343
v 24.346817 39.12587 1.374113
v 23.966688 38.648415 1.541343
v 24.346817 39.12587 1.374113
v 23.913973 38.811905 1.534871
v 23.913973 38.811905 1.534871
v 24.346817 39.12587 1.374113
v 23.796146 38.952499 1.480778
v 24.346817 39.12587 1.374113
v 23.452051 39.605774 1.236524
v 24.346817 39.12587 1.374113
v 23.452051 39.605774 1.236524
v 24.193998 40.181732 1.269623
v 23.452051 39.605774 1.236524
v 24.193998 40.181732 1.269623
v 23.642181 39.798386 1.296349
v 24.252977 37.350174 1.619817
v 24.225527 37.306011 2.026336
v 24.242979 38.017895 1.614985
v 24.242979 38.017895 1.614985
v 24.225527 37.306011 2.026336
v 24.195232 37.997673 2.142087
v 24.242979 38.017895 1.614985
v 24.195232 37.997673 2.142087
v 24.229763 38.03624 2.186042
v 24.229763 38.03624 2.186042
v 24.195232 37.997673 2.142087
v 24.57345 38.259796 2.425595
v 24.57345 38.259796 2.425595
v 24.195232 37.997673 2.142087
v 24.621893 38.041904 2.39096
v 24.621893 38.041904 2.39096
v 24.195232 37.997673 2.142087
v 24.225527 37.306011 2.026336
v 24.621893 38.041904 2.39096
v 24.225527 37.306011 2.026336
v 24.582289 37.249916 2.268544
v 24.582289 37.249916 2.268544
v 24.225527 37.306011 2.026336
v 24.05191 36.901608 1.936026
v 24.05191 36.901608 1.936026
v 24.225527 37.306011 2.026336
v 24.125444 36.961235 1.534254
v 24.125444 36.961235 1.534254
v 24.225527 37.306011 2.026336
v 24.252977 37.350174 1.619817
v 24.125444 36.961235 1.534254
v 24.252977 37.350174 1.619817
v 24.675186 37.299675 1.459619
v 24.675186 37.299675 1.459619
v 24.252977 37.350174 1.619817
v 24.685196 38.130123 1.496828
v 24.685196 38.130123 1.496828
v 24.242979 38.017895 1.614985
v 24.685196 38.130123 1.496828
v 24.242979 38.017895 1.614985
v 24.663599 38.277657 1.493718
v 24.663599 38.277657 1.493718
v 24.242979 38.017895 1.614985
v 24.296692 38.009735 1.620577
v 24.229763 38.03624 2.186042
v 20.616121 41.248173 0.642854
v 21.142267 40.600506 0.865553
v 20.50136 41.009174 0.755073
v 21.549856 40.60009 1.440351
v 21.650732 40.684856 1.450503
v 21.142267 40.600506 0.865553
v 21.318039 39.140938 1.015314
v 20.878798 39.174965 0.887143
v 20.847687 39.935307 0.797597
v 21.048592 40.081676 0.899694
v 21.230421 39.955482 0.796667
v 21.230421 39.955482 0.796667
v 20.990253 39.771038 0.69062
v 21.561062 39.431339 0.507083
v 20.909615 39.383324 0.68441
v 20.990253 39.771038 0.69062
v 21.561062 39.431339 0.507083
v 20.990253 39.771038 0.69062
v 21.73875 39.570118 0.606873
v 21.73875 39.570118 0.606873
v 21.230421 39.955482 0.796667
v 21.73875 39.570118 0.606873
v 21.230421 39.955482 0.796667
v 21.907034 39.554039 0.787999
v 21.907034 39.554039 0.787999
v 21.230421 39.955482 0.796667
v 21.47501 39.993706 1.067872
v 21.47501 39.993706 1.067872
v 21.048592 40.081676 0.899694
v 21.47501 39.993706 1.067872
v 21.293621 40.12001 1.170544
v 21.516994 39.183235 0.462956
v 20.909615 39.383324 0.68441
v 21.561062 39.431339 0.507083
v 21.561062 39.431339 0.507083
v 21.813963 39.204338 0.53494
v 21.561062 39.431339 0.507083
v 21.813963 39.204338 0.53494
v 21.73875 39.570118 0.606873
v 21.73875 39.570118 0.606873
v 21.946861 39.204464 0.753673
v 21.73875 39.570118 0.606873
v 21.946861 39.204464 0.753673
v 21.907034 39.554039 0.787999
v 21.946861 39.204464 0.753673
v 21.907034 39.554039 0.787999
v 21.926741 39.360561 0.955076
v 21.926741 39.360561 0.955076
v 21.907034 39.554039 0.787999
v 21.479151 39.824078 1.314615
v 21.479151 39.824078 1.314615
v 21.47501 39.993706 1.067872
v 21.479151 39.824078 1.314615
v 21.47501 39.993706 1.067872
v 21.293621 40.12001 1.170544
v 21.294044 40.02829 1.457368
v 21.71978 39.244591 -0.947973
v 21.707117 39.227509 -1.276475
v 22.11813 38.921185 -1.27293
v 21.71978 39.244591 -0.947973
v 22.11813 38.921185 -1.27293
v 22.185396 39.007927 -0.939139
v 23.832165 39.706993 -1.261103
v 24.126324 40.389843 -0.743503
v 23.773748 39.678421 -0.857882
v 23.832165 39.706993 -1.261103
v 23.773748 39.678421 -0.857882
v 23.345415 39.177151 -0.89994
v 23.832165 39.706993 -1.261103
v 23.345415 39.177151 -0.89994
v 23.391161 39.15181 -1.263176
v 23.832165 39.706993 -1.261103
v 23.391161 39.15181 -1.263176
v 23.600105 39.800125 -1.572674
v 23.600105 39.800125 -1.572674
v 23.391161 39.15181 -1.263176
v 23.306519 39.344906 -1.559928
v 23.306519 39.344906 -1.559928
v 23.391161 39.15181 -1.263176
v 22.670507 39.062935 -1.543039
v 22.670507 39.062935 -1.543039
v 23.391161 39.15181 -1.263176
v 22.775026 38.900406 -1.28543
v 22.775026 38.900406 -1.28543
v 23.345415 39.177151 -0.89994
v 22.775026 38.900406 -1.28543
v 23.345415 39.177151 -0.89994
v 22.767952 38.964481 -0.918314
v 22.775026 38.900406 -1.28543
v 22.767952 38.964481 -0.918314
v 22.185396 39.007927 -0.939139
v 22.775026 38.900406 -1.28543
v 22.185396 39.007927 -0.939139
v 22.11813 38.921185 -1.27293
v 22.11813 38.921185 -1.27293
v 22.670507 39.062935 -1.543039
v 22.670507 39.062935 -1.543039
v 22.11813 38.921185 -1.27293
v 22.141735 39.098251 -1.557762
v 22.141735 39.098251 -1.557762
v 22.11813 38.921185 -1.27293
v 21.637039 39.351086 -1.489316
v 21.637039 39.351086 -1.489316
v 22.11813 38.921185 -1.27293
v 21.707117 39.227509 -1.276475
v 21.637039 39.351086 -1.489316
v 21.707117 39.227509 -1.276475
v 21.535257 39.376129 -1.336699
v 21.535257 39.376129 -1.336699
v 21.707117 39.227509 -1.276475
v 21.55584 39.315079 -1.088486
v 21.55584 39.315079 -1.088486
v 21.71978 39.244591 -0.947973
v 22.161875 42.777794 -1.331577
v 21.57085 42.954285 -1.189787
v 22.176252 43.347267 -0.760324
v 22.161875 42.777794 -1.331577
v 22.176252 43.347267 -0.760324
v 22.728815 42.90855 -0.699869
v 22.161875 42.777794 -1.331577
v 22.728815 42.90855 -0.699869
v 23.294977 41.277782 -1.531299
v 23.294977 41.277782 -1.531299
v 22.728815 42.90855 -0.699869
v 23.730057 41.321533 -1.36306
v 23.730057 41.321533 -1.36306
v 23.68049 41.009682 -1.652771
v 23.68049 41.009682 -1.652771
v 23.730057 41.321533 -1.36306
v 23.986202 40.751781 -1.537672
v 23.986202 40.751781 -1.537672
v 23.257872 39.919266 -1.649809
v 23.257872 39.919266 -1.649809
v 23.986202 40.751781 -1.537672
v 23.600105 39.800125 -1.572674
v 23.257872 39.919266 -1.649809
v 23.600105 39.800125 -1.572674
v 23.170511 39.632538 -1.657299
v 23.170511 39.632538 -1.657299
v 23.600105 39.800125 -1.572674
v 23.306519 39.344906 -1.559928
v 23.170511 39.632538 -1.657299
v 23.306519 39.344906 -1.559928
v 22.553843 39.358482 -1.597994
v 22.553843 39.358482 -1.597994
v 22.670507 39.062935 -1.543039
v 22.553843 39.358482 -1.597994
v 22.670507 39.062935 -1.543039
v 22.141735 39.098251 -1.557762
v 22.553843 39.358482 -1.597994
v 22.141735 39.098251 -1.557762
v 22.279503 39.399826 -1.58599
v 22.279503 39.399826 -1.58599
v 22.141735 39.098251 -1.557762
v 21.751797 39.644718 -1.519957
v 21.751797 39.644718 -1.519957
v 21.637039 39.351086 -1.489316
v 21.751797 39.644718 -1.519957
v 21.637039 39.351086 -1.489316
v 21.535257 39.376129 -1.336699
v 21.751797 39.644718 -1.519957
v 21.535257 39.376129 -1.336699
v 21.677265 39.732094 -1.323912
v 22.728815 42.90855 -0.699869
v 23.981804 41.426224 -0.109771
v 23.650995 41.650429 -0.882209
v 22.728815 42.90855 -0.699869
v 23.650995 41.650429 -0.882209
v 23.730057 41.321533 -1.36306
v 23.730057 41.321533 -1.36306
v 23.650995 41.650429 -0.882209
v 24.054226 41.180557 -1.041497
v 23.730057 41.321533 -1.36306
v 24.054226 41.180557 -1.041497
v 24.138651 40.480885 -1.151514
v 24.138651 40.480885 -1.151514
v 23.986202 40.751781 -1.537672
v 23.986202 40.751781 -1.537672
v 24.138651 40.480885 -1.151514
v 23.600105 39.800125 -1.572674
v 24.138651 40.480885 -1.151514
v 23.832165 39.706993 -1.261103
v 23.832165 39.706993 -1.261103
v 24.138651 40.480885 -1.151514
v 24.126324 40.389843 -0.743503
v 24.126324 40.389843 -0.743503
v 24.054226 41.180557 -1.041497
v 23.650995 41.650429 -0.882209
v 23.981804 41.426224 -0.109771
v 24.241123 40.816071 -0.692562
v 23.650995 41.650429 -0.882209
v 24.241123 40.816071 -0.692562
v 24.054226 41.180557 -1.041497
v 24.054226 41.180557 -1.041497
v 24.241123 40.816071 -0.692562
v 24.126324 40.389843 -0.743503
v 24.126324 40.389843 -0.743503
v 24.241123 40.816071 -0.692562
v 24.046227 40.546032 -0.711431
v 24.046227 40.546032 -0.711431
v 23.773748 39.678421 -0.857882
v 23.773748 39.678421 -0.857882
v 24.046227 40.546032 -0.711431
v 23.425528 39.751461 -0.73101
v 23.773748 39.678421 -0.857882
v 23.425528 39.751461 -0.73101
v 23.23064 39.481415 -0.749966
v 23.773748 39.678421 -0.857882
v 23.23064 39.481415 -0.749966
v 23.345415 39.177151 -0.89994
v 23.23064 39.481415 -0.749966
v 22.767952 38.964481 -0.918314
v 22.767952 38.964481 -0.918314
v 22.672497 39.221634 -0.806965
v 22.767952 38.964481 -0.918314
v 22.672497 39.221634 -0.806965
v 22.359447 39.224628 -0.799252
v 22.767952 38.964481 -0.918314
v 22.359447 39.224628 -0.799252
v 22.185396 39.007927 -0.939139
v 22.185396 39.007927 -0.939139
v 22.359447 39.224628 -0.799252
v 21.844492 39.468815 -0.854686
v 21.844492 39.468815 -0.854686
v 21.71978 39.244591 -0.947973
v 21.71978 39.244591 -0.947973
v 21.844492 39.468815 -0.854686
v 21.67775 39.639969 -1.036581
v 21.71978 39.244591 -0.947973
v 21.67775 39.639969 -1.036581
v 21.55584 39.315079 -1.088486
v 21.55584 39.315079 -1.088486
v 21.67775 39.639969 -1.036581
v 21.677265 39.732094 -1.323912
v 24.319538 40.595047 0.258188
v 23.981804 41.426224 -0.109771
v 24.02685 41.266945 0.71422
v 24.319538 40.595047 0.258188
v 24.02685 41.266945 0.71422
v 24.415258 40.620033 0.758718
v 24.02685 41.266945 0.71422
v 24.24362 40.507515 1.272978
v 24.054932 41.053963 1.618299
v 24.24362 40.507515 1.272978
v 24.02685 41.266945 0.71422
v 24.054932 41.053963 1.618299
v 24.02685 41.266945 0.71422
v 22.61698 42.254948 1.95195
v 22.61698 42.254948 1.95195
v 24.02685 41.266945 0.71422
v 23.179401 42.926838 0.656768
v 22.61698 42.254948 1.95195
v 23.179401 42.926838 0.656768
v 22.43911 43.294544 1.6406
v 22.43911 43.294544 1.6406
v 23.179401 42.926838 0.656768
v 22.633564 43.598209 0.554636
v 22.633564 43.598209 0.554636
v 23.179401 42.926838 0.656768
v 22.551111 43.59557 -0.149462
v 22.551111 43.59557 -0.149462
v 23.179401 42.926838 0.656768
v 23.051329 42.98637 -0.052518
v 22.551111 43.59557 -0.149462
v 23.051329 42.98637 -0.052518
v 22.176252 43.347267 -0.760324
v 22.176252 43.347267 -0.760324
v 23.051329 42.98637 -0.052518
v 22.728815 42.90855 -0.699869
v 22.728815 42.90855 -0.699869
v 23.051329 42.98637 -0.052518
v 23.981804 41.426224 -0.109771
v 23.981804 41.426224 -0.109771
v 23.051329 42.98637 -0.052518
v 24.02685 41.266945 0.71422
v 21.57085 42.954285 -1.189787
v 20.560642 43.569309 -0.890161
v 21.322197 44.15332 -0.813616
v 21.57085 42.954285 -1.189787
v 21.322197 44.15332 -0.813616
v 22.176252 43.347267 -0.760324
v 22.176252 43.347267 -0.760324
v 21.322197 44.15332 -0.813616
v 21.825138 44.361507 -0.311923
v 21.825138 44.361507 -0.311923
v 22.551111 43.59557 -0.149462
v 22.551111 43.59557 -0.149462
v 21.825138 44.361507 -0.311923
v 22.633564 43.598209 0.554636
v 22.633564 43.598209 0.554636
v 21.933218 44.457695 0.59906
v 21.933218 44.457695 0.59906
v 22.43911 43.294544 1.6406
v 22.43911 43.294544 1.6406
v 21.699055 44.262703 1.475453
v 22.43911 43.294544 1.6406
v 21.699055 44.262703 1.475453
v 21.328909 42.537437 1.978653
v 21.328909 42.537437 1.978653
v 21.699055 44.262703 1.475453
v 21.101192 43.904579 1.864966
v 21.328909 42.537437 1.978653
v 21.101192 43.904579 1.864966
v 20.349949 43.343178 1.625943
v 21.328909 42.537437 1.978653
v 20.349949 43.343178 1.625943
v 20.936625 42.737911 1.117999
v 21.328909 42.537437 1.978653
v 20.936625 42.737911 1.117999
v 20.846992 42.067238 1.848894
v 20.846992 42.067238 1.848894
v 20.936625 42.737911 1.117999
v 20.431829 42.09087 1.273527
v 20.846992 42.067238 1.848894
v 20.431829 42.09087 1.273527
v 20.273048 41.549171 1.260004
v 20.846992 42.067238 1.848894
v 20.273048 41.549171 1.260004
v 20.64679 41.587448 1.789656
v 20.64679 41.587448 1.789656
v 20.18483 41.184643 1.252866
v 20.64679 41.587448 1.789656
v 20.439096 41.130913 1.729956
v 21.434671 41.876915 2.034502
v 22.61698 42.254948 1.95195
v 21.866207 42.277256 2.118405
v 21.866207 42.277256 2.118405
v 22.61698 42.254948 1.95195
v 22.43911 43.294544 1.6406
v 21.866207 42.277256 2.118405
v 22.43911 43.294544 1.6406
v 21.328909 42.537437 1.978653
v 21.866207 42.277256 2.118405
v 21.328909 42.537437 1.978653
v 20.846992 42.067238 1.848894
v 20.846992 42.067238 1.848894
v 21.434671 41.876915 2.034502
v 21.434671 41.876915 2.034502
v 20.64679 41.587448 1.789656
v 21.434671 41.876915 2.034502
v 20.64679 41.587448 1.789656
v 21.091682 41.429634 2.001099
v 21.434671 41.876915 2.034502
v 21.091682 41.429634 2.001099
v 21.511625 41.145473 1.842357
v 21.434671 41.876915 2.034502
v 21.511625 41.145473 1.842357
v 22.041027 41.599434 1.813379
v 22.041027 41.599434 1.813379
v 22.61698 42.254948 1.95195
v 22.61698 42.254948 1.95195
v 22.041027 41.599434 1.813379
v 24.054932 41.053963 1.618299
v 24.054932 41.053963 1.618299
v 22.041027 41.599434 1.813379
v 23.284317 41.420101 2.149664
v 24.054932 41.053963 1.618299
v 23.284317 41.420101 2.149664
v 23.513403 41.107399 2.175512
v 24.054932 41.053963 1.618299
v 23.513403 41.107399 2.175512
v 23.933754 40.600227 2.222518
v 21.091682 41.429634 2.001099
v 20.64679 41.587448 1.789656
v 20.439096 41.130913 1.729956
v 21.091682 41.429634 2.001099
v 20.439096 41.130913 1.729956
v 20.876959 41.074001 1.939713
v 21.091682 41.429634 2.001099
v 21.363346 40.89085 1.828346
v 21.363346 40.89085 1.828346
v 21.511625 41.145473 1.842357
v 21.511625 41.145473 1.842357
v 21.549856 40.60009 1.440351
v 21.511625 41.145473 1.842357
v 21.549856 40.60009 1.440351
v 21.650732 40.684856 1.450503
v 21.511625 41.145473 1.842357
v 21.650732 40.684856 1.450503
v 22.041027 41.599434 1.813379
v 21.650732 40.684856 1.450503
v 23.284317 41.420101 2.149664
v 23.284317 41.420101 2.149664
v 23.038961 40.856155 2.290582
v 23.284317 41.420101 2.149664
v 23.038961 40.856155 2.290582
v 23.2645 40.567211 2.274998
v 23.2645 40.567211 2.274998
v 23.513403 41.107399 2.175512
v 23.513403 41.107399 2.175512
v 23.2645 40.567211 2.274998
v 23.605103 40.160416 2.272041
v 23.605103 40.160416 2.272041
v 23.933754 40.600227 2.222518
v 23.933754 40.600227 2.222518
v 23.731733 40.019882 2.245229
v 23.933754 40.600227 2.222518
v 23.731733 40.019882 2.245229
v 24.074673 40.335041 2.19746
v 24.074673 40.335041 2.19746
v 23.731733 40.019882 2.245229
v 24.505325 39.291946 2.330547
v 24.505325 39.291946 2.330547
v 23.731733 40.019882 2.245229
v 24.18696 39.139832 2.379965
v 24.505325 39.291946 2.330547
v 24.18696 39.139832 2.379965
v 24.630875 38.996063 2.304923
v 24.752666 38.929169 1.581262
v 24.944939 38.40052 1.645407
v 24.448086 38.799133 1.427175
v 24.752666 38.929169 1.581262
v 24.448086 38.799133 1.427175
v 24.65147 39.255886 1.527751
v 24.65147 39.255886 1.527751
v 24.448086 38.799133 1.427175
v 24.346817 39.12587 1.374113
v 24.65147 39.255886 1.527751
v 24.346817 39.12587 1.374113
v 24.283485 40.2901 1.319824
v 24.346817 39.12587 1.374113
v 24.283485 40.2901 1.319824
v 24.193998 40.181732 1.269623
v 24.193998 40.181732 1.269623
v 24.283485 40.2901 1.319824
v 24.24362 40.507515 1.272978
v 24.283485 40.2901 1.319824
v 24.24362 40.507515 1.272978
v 24.248032 40.789425 1.844787
v 24.248032 40.789425 1.844787
v 24.24362 40.507515 1.272978
v 24.054932 41.053963 1.618299
v 24.248032 40.789425 1.844787
v 24.054932 41.053963 1.618299
v 23.933754 40.600227 2.222518
v 24.248032 40.789425 1.844787
v 23.933754 40.600227 2.222518
v 24.074673 40.335041 2.19746
v 24.248032 40.789425 1.844787
v 24.074673 40.335041 2.19746
v 24.34585 40.486099 1.856797
v 24.248032 40.789425 1.844787
v 24.34585 40.486099 1.856797
v 24.283485 40.2901 1.319824
v 24.34585 40.486099 1.856797
v 24.65147 39.255886 1.527751
v 24.65147 39.255886 1.527751
v 24.34585 40.486099 1.856797
v 24.733452 39.350266 1.945428
v 24.733452 39.350266 1.945428
v 24.34585 40.486099 1.856797
v 24.074673 40.335041 2.19746
v 24.733452 39.350266 1.945428
v 24.074673 40.335041 2.19746
v 24.505325 39.291946 2.330547
v 24.733452 39.350266 1.945428
v 24.505325 39.291946 2.330547
v 24.815699 39.016148 1.955938
v 24.815699 39.016148 1.955938
v 24.630875 38.996063 2.304923
v 24.752666 38.929169 1.581262
v 24.65147 39.255886 1.527751
v 24.733452 39.350266 1.945428
v 24.752666 38.929169 1.581262
v 24.815699 39.016148 1.955938
v 24.815699 39.016148 1.955938
v 24.944939 38.40052 1.645407
v 24.944939 38.40052 1.645407
v 24.815699 39.016148 1.955938
v 25.019428 38.463516 1.980541
v 24.944939 38.40052 1.645407
v 25.019428 38.463516 1.980541
v 24.981554 38.128605 1.650815
v 24.981554 38.128605 1.650815
v 25.019428 38.463516 1.980541
v 25.109295 38.105766 1.991986
v 25.019428 38.463516 1.980541
v 24.815699 39.016148 1.955938
v 24.630875 38.996063 2.304923
v 25.019428 38.463516 1.980541
v 24.630875 38.996063 2.304923
v 24.85689 38.373192 2.332219
v 25.019428 38.463516 1.980541
v 24.85689 38.373192 2.332219
v 24.931969 38.062439 2.341892
v 24.931969 38.062439 2.341892
v 25.109295 38.105766 1.991986
v 25.109295 38.105766 1.991986
v 24.931969 38.062439 2.341892
v 25.0443 37.338089 2.030197
v 25.0443 37.338089 2.030197
v 24.931969 38.062439 2.341892
v 24.822176 37.247536 2.212224
v 25.0443 37.338089 2.030197
v 24.822176 37.247536 2.212224
v 24.357378 36.922249 1.927025
v 25.0443 37.338089 2.030197
v 24.357378 36.922249 1.927025
v 25.059057 37.382946 1.744781
v 25.059057 37.382946 1.744781
v 24.357378 36.922249 1.927025
v 24.376289 36.967259 1.601122
v 25.059057 37.382946 1.744781
v 24.376289 36.967259 1.601122
v 24.964699 37.344028 1.530688
v 25.059057 37.382946 1.744781
v 24.964699 37.344028 1.530688
v 24.981554 38.128605 1.650815
v 25.059057 37.382946 1.744781
v 24.981554 38.128605 1.650815
v 25.109295 38.105766 1.991986
v 25.0443 37.338089 2.030197
v 24.663599 38.277657 1.493718
v 24.944939 38.40052 1.645407
v 24.944939 38.40052 1.645407
v 24.685196 38.130123 1.496828
v 24.685196 38.130123 1.496828
v 24.981554 38.128605 1.650815
v 24.685196 38.130123 1.496828
v 24.981554 38.128605 1.650815
v 24.675186 37.299675 1.459619
v 24.675186 37.299675 1.459619
v 24.964699 37.344028 1.530688
v 24.675186 37.299675 1.459619
v 24.964699 37.344028 1.530688
v 24.376289 36.967259 1.601122
v 24.675186 37.299675 1.459619
v 24.376289 36.967259 1.601122
v 24.125444 36.961235 1.534254
v 24.125444 36.961235 1.534254
v 24.376289 36.967259 1.601122
v 24.357378 36.922249 1.927025
v 24.357378 36.922249 1.927025
v 24.05191 36.901608 1.936026
v 24.05191 36.901608 1.936026
v 24.357378 36.922249 1.927025
v 24.822176 37.247536 2.212224
v 24.822176 37.247536 2.212224
v 24.582289 37.249916 2.268544
v 24.582289 37.249916 2.268544
v 24.931969 38.062439 2.341892
v 24.931969 38.062439 2.341892
v 24.621893 38.041904 2.39096
v 24.621893 38.041904 2.39096
v 24.85689 38.373192 2.332219
v 24.621893 38.041904 2.39096
v 24.85689 38.373192 2.332219
v 24.57345 38.259796 2.425595
v 24.57345 38.259796 2.425595
v 24.85689 38.373192 2.332219
v 24.308041 38.843674 2.394331
v 24.308041 38.843674 2.394331
v 24.630875 38.996063 2.304923
v 22.606228 38.951946 -0.567042
v 22.475739 39.038208 -0.58124
v 22.581289 38.935692 -0.77434
v 22.475739 39.038208 -0.58124
v 22.581289 38.935692 -0.77434
v 22.273886 38.681923 -0.764113
v 22.475739 39.038208 -0.58124
v 22.273886 38.681923 -0.764113
v 21.880163 39.361286 -0.605029
v 21.880163 39.361286 -0.605029
v 22.273886 38.681923 -0.764113
v 21.644346 39.121605 -0.83275
v 21.880163 39.361286 -0.605029
v 21.644346 39.121605 -0.83275
v 21.413557 39.388 -0.694648
v 21.880163 39.361286 -0.605029
v 21.413557 39.388 -0.694648
v 21.84973 39.41732 -0.240278
v 21.84973 39.41732 -0.240278
v 21.413557 39.388 -0.694648
v 21.363613 39.413567 -0.291301
v 21.84973 39.41732 -0.240278
v 21.363613 39.413567 -0.291301
v 21.583113 39.211102 -0.020897
v 21.84973 39.41732 -0.240278
v 21.880163 39.361286 -0.605029
v 22.428629 39.095684 -0.054834
v 22.428629 39.095684 -0.054834
v 22.475739 39.038208 -0.58124
v 22.428629 39.095684 -0.054834
v 22.475739 39.038208 -0.58124
v 22.539347 38.978455 -0.001614
v 22.539347 38.978455 -0.001614
v 22.606228 38.951946 -0.567042
v 22.606228 38.951946 -0.567042
v 22.539347 38.978455 -0.001614
v 22.536327 39.340267 -0.617528
v 22.46945 39.366783 -0.052191
v 22.536327 39.340267 -0.617528
v 22.46945 39.366783 -0.052191
v 23.101027 39.498997 -0.559226
v 23.101027 39.498997 -0.559226
v 22.46945 39.366783 -0.052191
v 23.029858 39.525742 0.046667
v 23.101027 39.498997 -0.559226
v 23.029858 39.525742 0.046667
v 23.271132 39.528854 -0.541533
v 23.029858 39.525742 0.046667
v 23.271132 39.528854 -0.541533
v 23.223133 39.563168 0.06675
v 22.581289 38.935692 -0.77434
v 22.606228 38.951946 -0.567042
v 22.536327 39.340267 -0.617528
v 22.581289 38.935692 -0.77434
v 22.536327 39.340267 -0.617528
v 23.207306 39.062637 -0.709378
v 23.207306 39.062637 -0.709378
v 22.536327 39.340267 -0.617528
v 23.101027 39.498997 -0.559226
v 23.207306 39.062637 -0.709378
v 23.101027 39.498997 -0.559226
v 23.352692 39.340584 -0.736305
v 23.352692 39.340584 -0.736305
v 23.101027 39.498997 -0.559226
v 23.271132 39.528854 -0.541533
v 23.271132 39.528854 -0.541533
v 23.352692 39.340584 -0.736305
v 22.924837 39.647846 -0.57858
v 22.924837 39.647846 -0.57858
v 23.271132 39.528854 -0.541533
v 22.903576 39.666813 0.073569
v 22.903576 39.666813 0.073569
v 23.271132 39.528854 -0.541533
v 23.223133 39.563168 0.06675
v 22.903576 39.666813 0.073569
v 23.223133 39.563168 0.06675
v 23.351206 39.353275 0.245217
v 23.223133 39.563168 0.06675
v 23.351206 39.353275 0.245217
v 23.029858 39.525742 0.046667
v 23.351206 39.353275 0.245217
v 23.029858 39.525742 0.046667
v 23.079094 39.083706 0.218237
v 23.079094 39.083706 0.218237
v 22.46945 39.366783 -0.052191
v 23.079094 39.083706 0.218237
v 22.46945 39.366783 -0.052191
v 22.506681 38.948589 0.158943
v 22.506681 38.948589 0.158943
v 22.539347 38.978455 -0.001614
v 22.539347 38.978455 -0.001614
v 22.506681 38.948589 0.158943
v 22.428629 39.095684 -0.054834
v 22.506681 38.948589 0.158943
v 22.428629 39.095684 -0.054834
v 22.204079 38.772251 0.128263
v 22.204079 38.772251 0.128263
v 21.84973 39.41732 -0.240278
v 22.204079 38.772251 0.128263
v 21.583113 39.211102 -0.020897
v 22.00246 37.519672 0.769212
v 22.382828 37.586025 0.644916
v 22.128759 37.433647 0.823523
v 22.00246 37.519672 0.769212
v 22.128759 37.433647 0.823523
v 21.918091 37.639248 1.20937
v 21.918091 37.639248 1.20937
v 22.128759 37.433647 0.823523
v 22.063654 37.506081 1.225422
v 22.063654 37.506081 1.225422
v 22.128759 37.433647 0.823523
v 22.431679 37.4636 1.059941
v 22.063654 37.506081 1.225422
v 22.431679 37.4636 1.059941
v 22.364384 37.581848 1.33845
v 22.364384 37.581848 1.33845
v 21.918091 37.639248 1.20937
v 21.918091 37.639248 1.20937
v 22.364384 37.581848 1.33845
v 22.256931 37.730686 1.408246
v 22.342468 37.80331 0.598466
v 23.219585 37.882179 0.649074
v 23.192667 37.595512 0.811337
v 22.342468 37.80331 0.598466
v 23.192667 37.595512 0.811337
v 22.382828 37.586025 0.644916
v 22.382828 37.586025 0.644916
v 23.192667 37.595512 0.811337
v 22.43079 37.47768 0.773467
v 22.382828 37.586025 0.644916
v 22.43079 37.47768 0.773467
v 22.128759 37.433647 0.823523
v 22.128759 37.433647 0.823523
v 22.43079 37.47768 0.773467
v 22.431679 37.4636 1.059941
v 22.431679 37.4636 1.059941
v 23.192667 37.595512 0.811337
v 22.431679 37.4636 1.059941
v 23.195787 37.535694 1.221521
v 22.431679 37.4636 1.059941
v 23.195787 37.535694 1.221521
v 23.144592 37.762383 1.50114
v 23.144592 37.762383 1.50114
v 22.364384 37.581848 1.33845
v 22.364384 37.581848 1.33845
v 23.144592 37.762383 1.50114
v 22.256931 37.730686 1.408246
v 22.256931 37.730686 1.408246
v 23.174614 38.134758 1.54272
v 22.256931 37.730686 1.408246
v 23.174614 38.134758 1.54272
v 22.227926 37.978989 1.403819
v 22.256931 37.730686 1.408246
v 22.227926 37.978989 1.403819
v 21.889925 37.910725 1.123379
v 22.256931 37.730686 1.408246
v 21.889925 37.910725 1.123379
v 21.918091 37.639248 1.20937
v 21.918091 37.639248 1.20937
v 21.966892 37.8144 0.681486
v 21.918091 37.639248 1.20937
v 21.966892 37.8144 0.681486
v 22.00246 37.519672 0.769212
v 22.00246 37.519672 0.769212
v 21.966892 37.8144 0.681486
v 22.342468 37.80331 0.598466
v 22.647047 38.679749 -0.60211
v 22.050741 38.459332 -0.663425
v 22.273886 38.681923 -0.764113
v 22.647047 38.679749 -0.60211
v 22.273886 38.681923 -0.764113
v 22.581289 38.935692 -0.77434
v 22.647047 38.679749 -0.60211
v 22.581289 38.935692 -0.77434
v 23.207306 39.062637 -0.709378
v 22.647047 38.679749 -0.60211
v 23.207306 39.062637 -0.709378
v 23.269304 38.75246 -0.578237
v 23.269304 38.75246 -0.578237
v 23.207306 39.062637 -0.709378
v 23.706581 39.252991 -0.617156
v 23.706581 39.252991 -0.617156
v 23.352692 39.340584 -0.736305
v 23.706581 39.252991 -0.617156
v 23.352692 39.340584 -0.736305
v 24.046227 40.546032 -0.711431
v 23.706581 39.252991 -0.617156
v 24.046227 40.546032 -0.711431
v 24.30847 40.117302 -0.640518
v 24.30847 40.117302 -0.640518
v 24.241123 40.816071 -0.692562
v 24.30847 40.117302 -0.640518
v 24.241123 40.816071 -0.692562
v 24.383553 40.8559 -0.187165
v 24.383553 40.8559 -0.187165
v 24.241123 40.816071 -0.692562
v 23.981804 41.426224 -0.109771
v 24.383553 40.8559 -0.187165
v 24.319538 40.595047 0.258188
v 24.383553 40.8559 -0.187165
v 24.319538 40.595047 0.258188
v 24.319391 40.129181 0.219412
v 24.319391 40.129181 0.219412
v 24.184254 40.138081 0.24664
v 23.269304 38.75246 -0.578237
v 23.706581 39.252991 -0.617156
v 23.29937 38.622276 -0.206146
v 23.269304 38.75246 -0.578237
v 23.29937 38.622276 -0.206146
v 22.647047 38.679749 -0.60211
v 22.647047 38.679749 -0.60211
v 23.29937 38.622276 -0.206146
v 22.66571 38.518536 -0.271957
v 22.647047 38.679749 -0.60211
v 22.66571 38.518536 -0.271957
v 22.050741 38.459332 -0.663425
v 22.050741 38.459332 -0.663425
v 22.66571 38.518536 -0.271957
v 21.977121 38.345028 -0.343238
v 22.050741 38.459332 -0.663425
v 21.977121 38.345028 -0.343238
v 21.436344 38.814911 -0.361712
v 22.050741 38.459332 -0.663425
v 21.436344 38.814911 -0.361712
v 21.479734 38.890388 -0.766778
v 21.479734 38.890388 -0.766778
v 21.436344 38.814911 -0.361712
v 21.273838 38.985832 -0.584125
v 21.479734 38.890388 -0.766778
v 21.273838 38.985832 -0.584125
v 21.225393 39.149094 -0.631113
v 21.225393 39.149094 -0.631113
v 21.273838 38.985832 -0.584125
v 21.260038 39.018768 -0.299869
v 21.225393 39.149094 -0.631113
v 21.260038 39.018768 -0.299869
v 21.207315 39.182255 -0.306342
v 21.207315 39.182255 -0.306342
v 21.260038 39.018768 -0.299869
v 21.435467 38.979347 -0.117452
v 21.435467 38.979347 -0.117452
v 21.260038 39.018768 -0.299869
v 21.436344 38.814911 -0.361712
v 21.436344 38.814911 -0.361712
v 22.002651 38.548225 0.026926
v 21.435467 38.979347 -0.117452
v 21.436344 38.814911 -0.361712
v 22.002651 38.548225 0.026926
v 21.436344 38.814911 -0.361712
v 21.977121 38.345028 -0.343238
v 22.002651 38.548225 0.026926
v 22.66571 38.518536 -0.271957
v 22.002651 38.548225 0.026926
v 22.66571 38.518536 -0.271957
v 22.574856 38.683727 0.086148
v 22.574856 38.683727 0.086148
v 22.66571 38.518536 -0.271957
v 23.192883 38.756657 0.15054
v 23.192883 38.756657 0.15054
v 23.29937 38.622276 -0.206146
v 23.192883 38.756657 0.15054
v 23.29937 38.622276 -0.206146
v 23.85651 39.214962 -0.192051
v 23.192883 38.756657 0.15054
v 23.85651 39.214962 -0.192051
v 23.682884 39.226276 0.199217
v 23.682884 39.226276 0.199217
v 23.85651 39.214962 -0.192051
v 24.319391 40.129181 0.219412
v 24.319391 40.129181 0.219412
v 23.85651 39.214962 -0.192051
v 24.423878 40.040691 -0.259731
v 24.319391 40.129181 0.219412
v 24.423878 40.040691 -0.259731
v 24.383553 40.8559 -0.187165
v 24.423878 40.040691 -0.259731
v 24.30847 40.117302 -0.640518
v 24.30847 40.117302 -0.640518
v 24.423878 40.040691 -0.259731
v 23.706581 39.252991 -0.617156
v 23.706581 39.252991 -0.617156
v 23.85651 39.214962 -0.192051
v 23.706581 39.252991 -0.617156
v 23.85651 39.214962 -0.192051
v 22.273886 38.681923 -0.764113
v 21.479734 38.890388 -0.766778
v 21.479734 38.890388 -0.766778
v 21.644346 39.121605 -0.83275
v 21.644346 39.121605 -0.83275
v 21.479734 38.890388 -0.766778
v 21.225393 39.149094 -0.631113
v 21.225393 39.149094 -0.631113
v 21.413557 39.388 -0.694648
v 21.413557 39.388 -0.694648
v 21.207315 39.182255 -0.306342
v 21.413557 39.388 -0.694648
v 21.207315 39.182255 -0.306342
v 21.363613 39.413567 -0.291301
v 21.363613 39.413567 -0.291301
v 21.435467 38.979347 -0.117452
v 21.435467 38.979347 -0.117452
v 21.583113 39.211102 -0.020897
v 21.583113 39.211102 -0.020897
v 22.002651 38.548225 0.026926
v 21.583113 39.211102 -0.020897
v 22.002651 38.548225 0.026926
v 22.204079 38.772251 0.128263
v 22.204079 38.772251 0.128263
v 22.574856 38.683727 0.086148
v 22.574856 38.683727 0.086148
v 22.506681 38.948589 0.158943
v 22.506681 38.948589 0.158943
v 22.574856 38.683727 0.086148
v 23.079094 39.083706 0.218237
v 23.079094 39.083706 0.218237
v 23.192883 38.756657 0.15054
v 23.079094 39.083706 0.218237
v 23.192883 38.756657 0.15054
v 23.351206 39.353275 0.245217
v 23.351206 39.353275 0.245217
v 23.682884 39.226276 0.199217
v 23.351206 39.353275 0.245217
v 24.319391 40.129181 0.219412
v 24.184254 40.138081 0.24664

# 1911 Texture Coordinates
vt 0.630214 0.254108
vt 0.627257 0.260851
vt 0.625433 0.249674
vt 0.625999 0.265008
vt 0.625433 0.249674
vt 0.627257 0.260851
vt 0.625999 0.265008
vt 0.619268 0.253923
vt 0.625433 0.249674
vt 0.619268 0.253923
vt 0.625433 0.249674
vt 0.614362 0.208844
vt 0.614362 0.208844
vt 0.625433 0.249674
vt 0.63424 0.230368
vt 0.63424 0.230368
vt 0.625433 0.249674
vt 0.637637 0.240344
vt 0.637637 0.240344
vt 0.625433 0.249674
vt 0.630214 0.254108
vt 0.614362 0.208844
vt 0.63424 0.230368
vt 0.624364 0.189538
vt 0.614362 0.208844
vt 0.624364 0.189538
vt 0.621659 0.174758
vt 0.614362 0.208844
vt 0.621659 0.174758
vt 0.611719 0.199884
vt 0.614362 0.208844
vt 0.611719 0.199884
vt 0.607505 0.228428
vt 0.611719 0.199884
vt 0.607505 0.228428
vt 0.605429 0.226026
vt 0.605429 0.226026
vt 0.607505 0.228428
vt 0.60719 0.231938
vt 0.60719 0.231938
vt 0.607505 0.228428
vt 0.608134 0.239605
vt 0.607505 0.228428
vt 0.608134 0.239605
vt 0.616689 0.269904
vt 0.607505 0.228428
vt 0.616689 0.269904
vt 0.619268 0.253923
vt 0.607505 0.228428
vt 0.619268 0.253923
vt 0.614362 0.208844
vt 0.625999 0.265008
vt 0.616689 0.269904
vt 0.619268 0.253923
vt 0.637637 0.240344
vt 0.634932 0.262144
vt 0.642355 0.252353
vt 0.637637 0.240344
vt 0.630214 0.254108
vt 0.634932 0.262144
vt 0.62298 0.278864
vt 0.616689 0.269904
vt 0.625999 0.265008
vt 0.552898 0.882774
vt 0.555163 0.871504
vt 0.55554 0.88573
vt 0.562649 0.870488
vt 0.55554 0.88573
vt 0.555163 0.871504
vt 0.562649 0.870488
vt 0.555163 0.871504
vt 0.562586 0.84139
vt 0.562586 0.84139
vt 0.555163 0.871504
vt 0.554408 0.841944
vt 0.562586 0.84139
vt 0.554408 0.841944
vt 0.553339 0.825964
vt 0.549375 0.769616
vt 0.549124 0.760194
vt 0.550445 0.764905
vt 0.549375 0.769616
vt 0.550445 0.764905
vt 0.551577 0.829289
vt 0.551577 0.829289
vt 0.550445 0.764905
vt 0.553339 0.825964
vt 0.551577 0.829289
vt 0.553339 0.825964
vt 0.551955 0.840836
vt 0.551955 0.840836
vt 0.553339 0.825964
vt 0.554408 0.841944
vt 0.551955 0.840836
vt 0.554408 0.841944
vt 0.555163 0.871504
vt 0.551955 0.840836
vt 0.555163 0.871504
vt 0.55271 0.87252
vt 0.55271 0.87252
vt 0.555163 0.871504
vt 0.552898 0.882774
vt 0.570324 0.870858
vt 0.570827 0.884159
vt 0.562649 0.870488
vt 0.570324 0.870858
vt 0.562649 0.870488
vt 0.570512 0.842129
vt 0.570512 0.842129
vt 0.562649 0.870488
vt 0.562586 0.84139
vt 0.570512 0.842129
vt 0.562586 0.84139
vt 0.561957 0.823654
vt 0.561957 0.823654
vt 0.562586 0.84139
vt 0.553339 0.825964
vt 0.561957 0.823654
vt 0.553339 0.825964
vt 0.559755 0.766567
vt 0.559755 0.766567
vt 0.553339 0.825964
vt 0.550445 0.764905
vt 0.559755 0.766567
vt 0.550445 0.764905
vt 0.559378 0.758069
vt 0.559755 0.766567
vt 0.559378 0.758069
vt 0.570324 0.757422
vt 0.559755 0.766567
vt 0.570324 0.757422
vt 0.561957 0.823654
vt 0.561957 0.823654
vt 0.570324 0.757422
vt 0.570386 0.826149
vt 0.561957 0.823654
vt 0.570386 0.826149
vt 0.570512 0.842129
vt 0.570512 0.842129
vt 0.570386 0.826149
vt 0.573595 0.827996
vt 0.573595 0.827996
vt 0.570386 0.826149
vt 0.570324 0.757422
vt 0.573595 0.827996
vt 0.570324 0.757422
vt 0.571582 0.762595
vt 0.573217 0.869841
vt 0.573658 0.87797
vt 0.570324 0.870858
vt 0.573217 0.869841
vt 0.570324 0.870858
vt 0.573532 0.840651
vt 0.573532 0.840651
vt 0.570324 0.870858
vt 0.570512 0.842129
vt 0.573532 0.840651
vt 0.570512 0.842129
vt 0.573595 0.827996
vt 0.570324 0.870858
vt 0.573658 0.87797
vt 0.570827 0.884159
vt 0.570324 0.757422
vt 0.570701 0.752249
vt 0.571582 0.762595
vt 0.570324 0.757422
vt 0.559378 0.758069
vt 0.570701 0.752249
vt 0.559255 0.418349
vt 0.559255 0.429156
vt 0.564539 0.427217
vt 0.564539 0.427217
vt 0.559255 0.418349
vt 0.564162 0.420566
vt 0.559255 0.418349
vt 0.564162 0.420566
vt 0.563847 0.414099
vt 0.564162 0.420566
vt 0.563847 0.414099
vt 0.577813 0.419549
vt 0.557871 0.310271
vt 0.559507 0.316275
vt 0.556676 0.308978
vt 0.559507 0.316275
vt 0.556676 0.308978
vt 0.563029 0.368928
vt 0.563029 0.368928
vt 0.556676 0.308978
vt 0.5585 0.372346
vt 0.563029 0.368928
vt 0.5585 0.372346
vt 0.563218 0.376873
vt 0.563218 0.376873
vt 0.5585 0.372346
vt 0.563596 0.385186
vt 0.563596 0.385186
vt 0.5585 0.372346
vt 0.558752 0.384632
vt 0.563596 0.385186
vt 0.558752 0.384632
vt 0.563847 0.414099
vt 0.563847 0.414099
vt 0.558752 0.384632
vt 0.559255 0.418349
vt 0.577813 0.419549
vt 0.563847 0.414099
vt 0.578127 0.41336
vt 0.563847 0.414099
vt 0.578127 0.41336
vt 0.563596 0.385186
vt 0.563596 0.385186
vt 0.578127 0.41336
vt 0.578882 0.383524
vt 0.563596 0.385186
vt 0.578882 0.383524
vt 0.563218 0.376873
vt 0.563218 0.376873
vt 0.578882 0.383524
vt 0.579008 0.374379
vt 0.563218 0.376873
vt 0.579008 0.374379
vt 0.563029 0.368928
vt 0.579008 0.374379
vt 0.563029 0.368928
vt 0.579008 0.365603
vt 0.563029 0.368928
vt 0.579008 0.365603
vt 0.583097 0.326344
vt 0.563029 0.368928
vt 0.583097 0.326344
vt 0.559507 0.316275
vt 0.583097 0.326344
vt 0.559507 0.316275
vt 0.557871 0.310271
vt 0.582782 0.370684
vt 0.583097 0.326344
vt 0.579008 0.365603
vt 0.579008 0.365603
vt 0.582782 0.370684
vt 0.579008 0.374379
vt 0.582782 0.370684
vt 0.579008 0.374379
vt 0.578882 0.383524
vt 0.582782 0.370684
vt 0.578882 0.383524
vt 0.582594 0.38417
vt 0.582594 0.38417
vt 0.578882 0.383524
vt 0.578127 0.41336
vt 0.582594 0.38417
vt 0.578127 0.41336
vt 0.581901 0.415208
vt 0.578127 0.41336
vt 0.581901 0.415208
vt 0.577813 0.419549
vt 0.582782 0.370684
vt 0.581335 0.301218
vt 0.584292 0.301957
vt 0.582782 0.370684
vt 0.584292 0.301957
vt 0.583097 0.326344
vt 0.584292 0.301957
vt 0.583097 0.326344
vt 0.584858 0.307962
vt 0.581901 0.415208
vt 0.577561 0.425646
vt 0.582342 0.423799
vt 0.577813 0.419549
vt 0.581901 0.415208
vt 0.577561 0.425646
vt 0.583097 0.326344
vt 0.557871 0.310271
vt 0.584858 0.307962
vt 0.562649 0.870488
vt 0.570827 0.884159
vt 0.563089 0.885083
vt 0.562649 0.870488
vt 0.563089 0.885083
vt 0.55554 0.88573
vt 0.610773 0.627267
vt 0.616246 0.618399
vt 0.619202 0.629022
vt 0.619202 0.629022
vt 0.629456 0.661076
vt 0.62499 0.675302
vt 0.622914 0.69507
vt 0.61763 0.703753
vt 0.619831 0.68731
vt 0.622914 0.69507
vt 0.619831 0.68731
vt 0.62499 0.675302
vt 0.62499 0.675302
vt 0.619831 0.68731
vt 0.615868 0.643895
vt 0.62499 0.675302
vt 0.615868 0.643895
vt 0.619202 0.629022
vt 0.619202 0.629022
vt 0.615868 0.643895
vt 0.610773 0.627267
vt 0.625178 0.702183
vt 0.61763 0.703753
vt 0.622914 0.69507
vt 0.625178 0.702183
vt 0.622914 0.69507
vt 0.62845 0.703384
vt 0.62845 0.703384
vt 0.622914 0.69507
vt 0.629582 0.682692
vt 0.62845 0.703384
vt 0.629582 0.682692
vt 0.639207 0.68768
vt 0.639207 0.68768
vt 0.629582 0.682692
vt 0.634552 0.67327
vt 0.634552 0.67327
vt 0.629582 0.682692
vt 0.629456 0.661076
vt 0.629456 0.661076
vt 0.629582 0.682692
vt 0.62499 0.675302
vt 0.62499 0.675302
vt 0.629582 0.682692
vt 0.622914 0.69507
vt 0.608571 0.65267
vt 0.604734 0.641031
vt 0.615868 0.643895
vt 0.608571 0.65267
vt 0.615868 0.643895
vt 0.619831 0.68731
vt 0.602092 0.666988
vt 0.604734 0.641031
vt 0.608571 0.65267
vt 0.602092 0.666988
vt 0.608571 0.65267
vt 0.613981 0.696271
vt 0.613981 0.696271
vt 0.608571 0.65267
vt 0.619831 0.68731
vt 0.613981 0.696271
vt 0.619831 0.68731
vt 0.61763 0.703753
vt 0.59643 0.687865
vt 0.597814 0.658674
vt 0.602092 0.666988
vt 0.59643 0.687865
vt 0.602092 0.666988
vt 0.613981 0.696271
vt 0.59643 0.687865
vt 0.613981 0.696271
vt 0.606369 0.708834
vt 0.613981 0.696271
vt 0.606369 0.708834
vt 0.611716 0.716501
vt 0.611716 0.716501
vt 0.613981 0.696271
vt 0.61763 0.703753
vt 0.59643 0.687865
vt 0.597814 0.658674
vt 0.59341 0.683061
vt 0.604734 0.641031
vt 0.602092 0.666988
vt 0.597814 0.658674
vt 0.550445 0.764905
vt 0.549124 0.760194
vt 0.559378 0.758069
vt 0.615868 0.643895
vt 0.604734 0.641031
vt 0.610773 0.627267
vt 0.62845 0.703384
vt 0.639207 0.68768
vt 0.639962 0.708187
vt 0.630274 0.71687
vt 0.62845 0.703384
vt 0.632853 0.709018
vt 0.630274 0.71687
vt 0.632853 0.709018
vt 0.639962 0.708187
vt 0.632853 0.709018
vt 0.639962 0.708187
vt 0.62845 0.703384
vt 0.630588 0.726292
vt 0.625178 0.702183
vt 0.630274 0.71687
vt 0.630588 0.726292
vt 0.630274 0.71687
vt 0.637382 0.724168
vt 0.637382 0.724168
vt 0.630274 0.71687
vt 0.639962 0.708187
vt 0.637382 0.724168
vt 0.639962 0.708187
vt 0.638389 0.743474
vt 0.638389 0.743474
vt 0.639962 0.708187
vt 0.641912 0.742181
vt 0.641912 0.742181
vt 0.639962 0.708187
vt 0.64707 0.709757
vt 0.64707 0.709757
vt 0.639962 0.708187
vt 0.639207 0.68768
vt 0.638389 0.743474
vt 0.641912 0.742181
vt 0.633105 0.750125
vt 0.638389 0.743474
vt 0.633105 0.750125
vt 0.63669 0.741903
vt 0.63669 0.741903
vt 0.633105 0.750125
vt 0.629016 0.745229
vt 0.63669 0.741903
vt 0.629016 0.745229
vt 0.633231 0.735714
vt 0.63669 0.741903
vt 0.633231 0.735714
vt 0.637382 0.724168
vt 0.63669 0.741903
vt 0.637382 0.724168
vt 0.638389 0.743474
vt 0.637382 0.724168
vt 0.633231 0.735714
vt 0.630588 0.726292
vt 0.629016 0.745229
vt 0.616812 0.724814
vt 0.622788 0.713175
vt 0.629016 0.745229
vt 0.622788 0.713175
vt 0.633231 0.735714
vt 0.633231 0.735714
vt 0.622788 0.713175
vt 0.630588 0.726292
vt 0.630588 0.726292
vt 0.622788 0.713175
vt 0.625178 0.702183
vt 0.616812 0.724814
vt 0.611716 0.716501
vt 0.61763 0.703753
vt 0.616812 0.724814
vt 0.61763 0.703753
vt 0.622788 0.713175
vt 0.622788 0.713175
vt 0.61763 0.703753
vt 0.625178 0.702183
vt 0.577561 0.425646
vt 0.564162 0.420566
vt 0.577813 0.419549
vt 0.576617 0.468323
vt 0.582342 0.423799
vt 0.577561 0.425646
vt 0.576617 0.468323
vt 0.577561 0.425646
vt 0.565483 0.468046
vt 0.577561 0.425646
vt 0.565483 0.468046
vt 0.564539 0.427217
vt 0.577561 0.425646
vt 0.564539 0.427217
vt 0.564162 0.420566
vt 0.581461 0.471464
vt 0.582342 0.423799
vt 0.576617 0.468323
vt 0.581461 0.471464
vt 0.576617 0.468323
vt 0.576114 0.489569
vt 0.576114 0.489569
vt 0.576617 0.468323
vt 0.565483 0.468046
vt 0.576114 0.489569
vt 0.565483 0.468046
vt 0.565294 0.489477
vt 0.565294 0.489477
vt 0.565483 0.468046
vt 0.561331 0.472757
vt 0.561331 0.472757
vt 0.565483 0.468046
vt 0.559255 0.429156
vt 0.559255 0.429156
vt 0.565483 0.468046
vt 0.564539 0.427217
vt 0.617255 0.158131
vt 0.611719 0.199884
vt 0.621659 0.174758
vt 0.567244 0.114623
vt 0.536105 0.127463
vt 0.574793 0.138733
vt 0.567244 0.114623
vt 0.574793 0.138733
vt 0.602032 0.108249
vt 0.602032 0.108249
vt 0.574793 0.138733
vt 0.591967 0.163119
vt 0.602032 0.108249
vt 0.591967 0.163119
vt 0.610147 0.134668
vt 0.610147 0.134668
vt 0.591967 0.163119
vt 0.606561 0.193326
vt 0.610147 0.134668
vt 0.606561 0.193326
vt 0.617255 0.158131
vt 0.617255 0.158131
vt 0.606561 0.193326
vt 0.611719 0.199884
vt 0.576554 0.19933
vt 0.606561 0.193326
vt 0.591967 0.163119
vt 0.576554 0.19933
vt 0.591967 0.163119
vt 0.549693 0.164967
vt 0.549693 0.164967
vt 0.591967 0.163119
vt 0.574793 0.138733
vt 0.602032 0.108249
vt 0.589891 0.045897
vt 0.562212 0.060861
vt 0.602032 0.108249
vt 0.562212 0.060861
vt 0.567244 0.114623
vt 0.567244 0.114623
vt 0.562212 0.060861
vt 0.536105 0.127463
vt 0.536105 0.127463
vt 0.562212 0.060861
vt 0.534847 0.069544
vt 0.536105 0.127463
vt 0.534847 0.069544
vt 0.518806 0.122937
vt 0.518806 0.122937
vt 0.534847 0.069544
vt 0.529311 0.068528
vt 0.549693 0.164967
vt 0.574793 0.138733
vt 0.536105 0.127463
vt 0.549693 0.164967
vt 0.536105 0.127463
vt 0.518554 0.172357
vt 0.518554 0.172357
vt 0.536105 0.127463
vt 0.518806 0.122937
vt 0.518554 0.172357
vt 0.518806 0.122937
vt 0.51327 0.155452
vt 0.518554 0.172357
vt 0.51327 0.155452
vt 0.518365 0.250967
vt 0.518365 0.250967
vt 0.51327 0.155452
vt 0.513899 0.256232
vt 0.518365 0.250967
vt 0.513899 0.256232
vt 0.52063 0.266301
vt 0.52063 0.266301
vt 0.513899 0.256232
vt 0.514591 0.264454
vt 0.52063 0.266301
vt 0.514591 0.264454
vt 0.515849 0.320709
vt 0.515849 0.320709
vt 0.514591 0.264454
vt 0.509873 0.320986
vt 0.515849 0.320709
vt 0.509873 0.320986
vt 0.514717 0.328838
vt 0.514717 0.328838
vt 0.509873 0.320986
vt 0.513836 0.337798
vt 0.513836 0.337798
vt 0.509873 0.320986
vt 0.508489 0.335489
vt 0.513836 0.337798
vt 0.508489 0.335489
vt 0.510313 0.368282
vt 0.510313 0.368282
vt 0.508489 0.335489
vt 0.505029 0.367358
vt 0.510313 0.368282
vt 0.505029 0.367358
vt 0.509307 0.377889
vt 0.509307 0.377889
vt 0.505029 0.367358
vt 0.508615 0.386572
vt 0.508615 0.386572
vt 0.505029 0.367358
vt 0.503456 0.381029
vt 0.527739 0.340015
vt 0.515849 0.320709
vt 0.514717 0.328838
vt 0.527739 0.340015
vt 0.514717 0.328838
vt 0.525914 0.347867
vt 0.514717 0.328838
vt 0.525914 0.347867
vt 0.513836 0.337798
vt 0.525914 0.347867
vt 0.513836 0.337798
vt 0.521322 0.376965
vt 0.521322 0.376965
vt 0.513836 0.337798
vt 0.510313 0.368282
vt 0.521322 0.376965
vt 0.510313 0.368282
vt 0.520064 0.385186
vt 0.510313 0.368282
vt 0.520064 0.385186
vt 0.509307 0.377889
vt 0.520064 0.385186
vt 0.509307 0.377889
vt 0.518743 0.392299
vt 0.509307 0.377889
vt 0.518743 0.392299
vt 0.508615 0.386572
vt 0.518743 0.392299
vt 0.508615 0.386572
vt 0.51478 0.411236
vt 0.51478 0.411236
vt 0.508615 0.386572
vt 0.506224 0.40477
vt 0.506224 0.40477
vt 0.508615 0.386572
vt 0.503456 0.381029
vt 0.506224 0.40477
vt 0.503456 0.381029
vt 0.501506 0.41022
vt 0.506224 0.40477
vt 0.501506 0.41022
vt 0.5044 0.419088
vt 0.506224 0.40477
vt 0.5044 0.419088
vt 0.511446 0.424538
vt 0.506224 0.40477
vt 0.511446 0.424538
vt 0.51478 0.411236
vt 0.51478 0.411236
vt 0.511446 0.424538
vt 0.51717 0.417702
vt 0.51478 0.411236
vt 0.51717 0.417702
vt 0.521888 0.391745
vt 0.518743 0.392299
vt 0.51478 0.411236
vt 0.521888 0.391745
vt 0.518743 0.392299
vt 0.521888 0.391745
vt 0.520064 0.385186
vt 0.520064 0.385186
vt 0.521888 0.391745
vt 0.523524 0.38066
vt 0.520064 0.385186
vt 0.523524 0.38066
vt 0.521322 0.376965
vt 0.521322 0.376965
vt 0.523524 0.38066
vt 0.525914 0.347867
vt 0.523524 0.38066
vt 0.525914 0.347867
vt 0.528116 0.352855
vt 0.525914 0.347867
vt 0.528116 0.352855
vt 0.527739 0.340015
vt 0.528116 0.352855
vt 0.527739 0.340015
vt 0.530506 0.341586
vt 0.527739 0.340015
vt 0.530506 0.341586
vt 0.529563 0.331979
vt 0.529563 0.331979
vt 0.530506 0.341586
vt 0.533715 0.302973
vt 0.529563 0.331979
vt 0.533715 0.302973
vt 0.538118 0.284868
vt 0.538118 0.284868
vt 0.533715 0.302973
vt 0.538433 0.288194
vt 0.533715 0.302973
vt 0.538433 0.288194
vt 0.531953 0.356273
vt 0.538433 0.288194
vt 0.531953 0.356273
vt 0.537992 0.349622
vt 0.538433 0.288194
vt 0.537992 0.349622
vt 0.552713 0.352301
vt 0.538433 0.288194
vt 0.552713 0.352301
vt 0.557871 0.310271
vt 0.557871 0.310271
vt 0.552713 0.352301
vt 0.555795 0.360061
vt 0.557871 0.310271
vt 0.555795 0.360061
vt 0.556676 0.308978
vt 0.515849 0.320709
vt 0.527739 0.340015
vt 0.529563 0.331979
vt 0.515849 0.320709
vt 0.529563 0.331979
vt 0.52063 0.266301
vt 0.52063 0.266301
vt 0.529563 0.331979
vt 0.538118 0.284868
vt 0.52063 0.266301
vt 0.538118 0.284868
vt 0.540697 0.274984
vt 0.538118 0.284868
vt 0.540697 0.274984
vt 0.538433 0.288194
vt 0.540697 0.274984
vt 0.538433 0.288194
vt 0.559947 0.286439
vt 0.559947 0.286439
vt 0.538433 0.288194
vt 0.557871 0.310271
vt 0.559947 0.286439
vt 0.557871 0.310271
vt 0.583663 0.282097
vt 0.583663 0.282097
vt 0.557871 0.310271
vt 0.584858 0.307962
vt 0.559947 0.286439
vt 0.583663 0.282097
vt 0.576869 0.258819
vt 0.559947 0.286439
vt 0.576869 0.258819
vt 0.540697 0.274984
vt 0.540697 0.274984
vt 0.576869 0.258819
vt 0.540194 0.238312
vt 0.540194 0.238312
vt 0.576869 0.258819
vt 0.576554 0.19933
vt 0.540194 0.238312
vt 0.576554 0.19933
vt 0.549693 0.164967
vt 0.540194 0.238312
vt 0.549693 0.164967
vt 0.518554 0.172357
vt 0.540194 0.238312
vt 0.518554 0.172357
vt 0.518365 0.250967
vt 0.540194 0.238312
vt 0.518365 0.250967
vt 0.540697 0.274984
vt 0.540697 0.274984
vt 0.518365 0.250967
vt 0.52063 0.266301
vt 0.605429 0.226026
vt 0.605869 0.222516
vt 0.606561 0.193326
vt 0.605869 0.222516
vt 0.606561 0.193326
vt 0.602409 0.225287
vt 0.602409 0.225287
vt 0.606561 0.193326
vt 0.576554 0.19933
vt 0.602409 0.225287
vt 0.576554 0.19933
vt 0.599704 0.248288
vt 0.599704 0.248288
vt 0.576554 0.19933
vt 0.576869 0.258819
vt 0.599704 0.248288
vt 0.576869 0.258819
vt 0.602787 0.279972
vt 0.602787 0.279972
vt 0.576869 0.258819
vt 0.583663 0.282097
vt 0.602787 0.279972
vt 0.583663 0.282097
vt 0.604234 0.296415
vt 0.604234 0.296415
vt 0.583663 0.282097
vt 0.584858 0.307962
vt 0.604234 0.296415
vt 0.584858 0.307962
vt 0.607127 0.336228
vt 0.607127 0.336228
vt 0.584858 0.307962
vt 0.591526 0.34408
vt 0.607127 0.336228
vt 0.591526 0.34408
vt 0.607819 0.345096
vt 0.607819 0.345096
vt 0.591526 0.34408
vt 0.592596 0.354888
vt 0.60826 0.355257
vt 0.593288 0.364679
vt 0.595615 0.394424
vt 0.60826 0.355257
vt 0.595615 0.394424
vt 0.609581 0.385833
vt 0.609581 0.385833
vt 0.595615 0.394424
vt 0.596056 0.401259
vt 0.606309 0.228335
vt 0.605429 0.226026
vt 0.605869 0.222516
vt 0.606309 0.228335
vt 0.605869 0.222516
vt 0.606309 0.228335
vt 0.606309 0.228335
vt 0.605869 0.222516
vt 0.602409 0.225287
vt 0.606309 0.228335
vt 0.602409 0.225287
vt 0.606813 0.247826
vt 0.606813 0.247826
vt 0.602409 0.225287
vt 0.599704 0.248288
vt 0.606813 0.247826
vt 0.599704 0.248288
vt 0.606561 0.275908
vt 0.606561 0.275908
vt 0.599704 0.248288
vt 0.602787 0.279972
vt 0.606561 0.275908
vt 0.602787 0.279972
vt 0.606247 0.286254
vt 0.606247 0.286254
vt 0.602787 0.279972
vt 0.604234 0.296415
vt 0.606247 0.286254
vt 0.604234 0.296415
vt 0.611342 0.336967
vt 0.611342 0.336967
vt 0.604234 0.296415
vt 0.607127 0.336228
vt 0.611342 0.336967
vt 0.607127 0.336228
vt 0.607819 0.345096
vt 0.611342 0.336967
vt 0.607819 0.345096
vt 0.611971 0.353687
vt 0.611971 0.353687
vt 0.607819 0.345096
vt 0.60826 0.355257
vt 0.611971 0.353687
vt 0.60826 0.355257
vt 0.613544 0.38648
vt 0.613544 0.38648
vt 0.60826 0.355257
vt 0.609581 0.385833
vt 0.613544 0.38648
vt 0.609581 0.385833
vt 0.609581 0.392669
vt 0.609581 0.385833
vt 0.609581 0.392669
vt 0.596056 0.401259
vt 0.591212 0.398396
vt 0.596056 0.401259
vt 0.595615 0.394424
vt 0.591212 0.398396
vt 0.595615 0.394424
vt 0.593288 0.364679
vt 0.591212 0.398396
vt 0.593288 0.364679
vt 0.588884 0.369852
vt 0.588884 0.369852
vt 0.593288 0.364679
vt 0.586745 0.352578
vt 0.593288 0.364679
vt 0.586745 0.352578
vt 0.592596 0.354888
vt 0.592596 0.354888
vt 0.586745 0.352578
vt 0.591526 0.34408
vt 0.586745 0.352578
vt 0.591526 0.34408
vt 0.584858 0.307962
vt 0.586745 0.352578
vt 0.584858 0.307962
vt 0.581335 0.301218
vt 0.584858 0.307962
vt 0.581335 0.301218
vt 0.584292 0.301957
vt 0.599704 0.442458
vt 0.609958 0.437008
vt 0.596622 0.407818
vt 0.596622 0.407818
vt 0.609958 0.437008
vt 0.609518 0.399874
vt 0.596622 0.407818
vt 0.609518 0.399874
vt 0.609581 0.392669
vt 0.609581 0.392669
vt 0.609518 0.399874
vt 0.613544 0.38648
vt 0.613544 0.38648
vt 0.609518 0.399874
vt 0.613858 0.396733
vt 0.613858 0.396733
vt 0.609518 0.399874
vt 0.609958 0.437008
vt 0.613858 0.396733
vt 0.609958 0.437008
vt 0.61411 0.439779
vt 0.61411 0.439779
vt 0.609958 0.437008
vt 0.610398 0.45576
vt 0.610398 0.45576
vt 0.609958 0.437008
vt 0.601277 0.458993
vt 0.601277 0.458993
vt 0.609958 0.437008
vt 0.599704 0.442458
vt 0.601277 0.458993
vt 0.599704 0.442458
vt 0.595049 0.449479
vt 0.595049 0.449479
vt 0.599704 0.442458
vt 0.591904 0.406894
vt 0.591904 0.406894
vt 0.599704 0.442458
vt 0.596622 0.407818
vt 0.591904 0.406894
vt 0.596622 0.407818
vt 0.591212 0.398396
vt 0.591212 0.398396
vt 0.596622 0.407818
vt 0.596056 0.401259
vt 0.596056 0.401259
vt 0.596622 0.407818
vt 0.609581 0.392669
vt 0.606561 0.193326
vt 0.605429 0.226026
vt 0.611719 0.199884
vt 0.60719 0.231938
vt 0.606309 0.228335
vt 0.605429 0.226026
vt 0.630274 0.71687
vt 0.625178 0.702183
vt 0.62845 0.703384
vt 0.630214 0.254108
vt 0.627257 0.260851
vt 0.631472 0.271012
vt 0.630214 0.254108
vt 0.631472 0.271012
vt 0.634932 0.262144
vt 0.645375 0.287639
vt 0.642355 0.252353
vt 0.634932 0.262144
vt 0.645375 0.287639
vt 0.634932 0.262144
vt 0.642733 0.293367
vt 0.642733 0.293367
vt 0.634932 0.262144
vt 0.631472 0.271012
vt 0.642733 0.293367
vt 0.631472 0.271012
vt 0.642041 0.298909
vt 0.642041 0.298909
vt 0.631472 0.271012
vt 0.630088 0.273691
vt 0.630088 0.273691
vt 0.631472 0.271012
vt 0.627257 0.260851
vt 0.630088 0.273691
vt 0.627257 0.260851
vt 0.625999 0.265008
vt 0.649338 0.282005
vt 0.642355 0.252353
vt 0.645375 0.287639
vt 0.649338 0.282005
vt 0.645375 0.287639
vt 0.649338 0.29272
vt 0.645375 0.287639
vt 0.649338 0.29272
vt 0.642733 0.293367
vt 0.649338 0.29272
vt 0.642733 0.293367
vt 0.647639 0.306761
vt 0.642733 0.293367
vt 0.647639 0.306761
vt 0.642041 0.298909
vt 0.647639 0.306761
vt 0.642041 0.298909
vt 0.642041 0.306946
vt 0.642041 0.306946
vt 0.642041 0.298909
vt 0.62839 0.288748
vt 0.62839 0.288748
vt 0.642041 0.298909
vt 0.630088 0.273691
vt 0.62839 0.288748
vt 0.630088 0.273691
vt 0.625999 0.265008
vt 0.62839 0.288748
vt 0.625999 0.265008
vt 0.62298 0.278864
vt 0.512701 0.872335
vt 0.506473 0.866146
vt 0.50943 0.843515
vt 0.512701 0.872335
vt 0.50943 0.843515
vt 0.515972 0.848134
vt 0.515091 0.789384
vt 0.527861 0.760101
vt 0.523395 0.797235
vt 0.515091 0.789384
vt 0.523395 0.797235
vt 0.521004 0.81026
vt 0.515091 0.789384
vt 0.521004 0.81026
vt 0.513581 0.803147
vt 0.515091 0.789384
vt 0.513581 0.803147
vt 0.508675 0.782825
vt 0.508675 0.782825
vt 0.513581 0.803147
vt 0.507542 0.796127
vt 0.507542 0.796127
vt 0.513581 0.803147
vt 0.504837 0.826795
vt 0.504837 0.826795
vt 0.513581 0.803147
vt 0.510562 0.83206
vt 0.510562 0.83206
vt 0.513581 0.803147
vt 0.521004 0.81026
vt 0.510562 0.83206
vt 0.521004 0.81026
vt 0.517545 0.837511
vt 0.510562 0.83206
vt 0.517545 0.837511
vt 0.515972 0.848134
vt 0.510562 0.83206
vt 0.515972 0.848134
vt 0.50943 0.843515
vt 0.510562 0.83206
vt 0.50943 0.843515
vt 0.504837 0.826795
vt 0.504837 0.826795
vt 0.50943 0.843515
vt 0.503579 0.839727
vt 0.503579 0.839727
vt 0.50943 0.843515
vt 0.501252 0.866146
vt 0.501252 0.866146
vt 0.50943 0.843515
vt 0.506473 0.866146
vt 0.501252 0.866146
vt 0.506473 0.866146
vt 0.503516 0.873167
vt 0.503516 0.873167
vt 0.506473 0.866146
vt 0.5088 0.877139
vt 0.5088 0.877139
vt 0.506473 0.866146
vt 0.512701 0.872335
vt 0.512386 0.625974
vt 0.515531 0.600571
vt 0.522388 0.598354
vt 0.512386 0.625974
vt 0.522388 0.598354
vt 0.524024 0.630778
vt 0.512386 0.625974
vt 0.524024 0.630778
vt 0.510059 0.719826
vt 0.510059 0.719826
vt 0.524024 0.630778
vt 0.513393 0.729248
vt 0.510059 0.719826
vt 0.513393 0.729248
vt 0.508549 0.727216
vt 0.508549 0.727216
vt 0.513393 0.729248
vt 0.512827 0.736915
vt 0.508549 0.727216
vt 0.512827 0.736915
vt 0.504837 0.779777
vt 0.504837 0.779777
vt 0.512827 0.736915
vt 0.508675 0.782825
vt 0.504837 0.779777
vt 0.508675 0.782825
vt 0.503202 0.792524
vt 0.503202 0.792524
vt 0.508675 0.782825
vt 0.507542 0.796127
vt 0.503202 0.792524
vt 0.507542 0.796127
vt 0.501503 0.823654
vt 0.501503 0.823654
vt 0.507542 0.796127
vt 0.504837 0.826795
vt 0.501503 0.823654
vt 0.504837 0.826795
vt 0.503579 0.839727
vt 0.501503 0.823654
vt 0.503579 0.839727
vt 0.500623 0.836956
vt 0.500623 0.836956
vt 0.503579 0.839727
vt 0.498609 0.864391
vt 0.498609 0.864391
vt 0.503579 0.839727
vt 0.501252 0.866146
vt 0.498609 0.864391
vt 0.501252 0.866146
vt 0.503516 0.873167
vt 0.498609 0.864391
vt 0.503516 0.873167
vt 0.501692 0.883051
vt 0.524024 0.630778
vt 0.53887 0.72075
vt 0.522074 0.709388
vt 0.524024 0.630778
vt 0.522074 0.709388
vt 0.513393 0.729248
vt 0.513393 0.729248
vt 0.522074 0.709388
vt 0.519935 0.74098
vt 0.513393 0.729248
vt 0.519935 0.74098
vt 0.519306 0.75151
vt 0.513393 0.729248
vt 0.519306 0.75151
vt 0.512827 0.736915
vt 0.512827 0.736915
vt 0.519306 0.75151
vt 0.508675 0.782825
vt 0.508675 0.782825
vt 0.519306 0.75151
vt 0.515091 0.789384
vt 0.515091 0.789384
vt 0.519306 0.75151
vt 0.527861 0.760101
vt 0.527861 0.760101
vt 0.519306 0.75151
vt 0.519935 0.74098
vt 0.522074 0.709388
vt 0.53887 0.72075
vt 0.527861 0.757884
vt 0.522074 0.709388
vt 0.527861 0.757884
vt 0.519935 0.74098
vt 0.519935 0.74098
vt 0.527861 0.757884
vt 0.527861 0.760101
vt 0.527861 0.760101
vt 0.527861 0.757884
vt 0.52849 0.763611
vt 0.527861 0.760101
vt 0.52849 0.763611
vt 0.523395 0.797235
vt 0.523395 0.797235
vt 0.52849 0.763611
vt 0.525974 0.800099
vt 0.523395 0.797235
vt 0.525974 0.800099
vt 0.523898 0.810814
vt 0.523395 0.797235
vt 0.523898 0.810814
vt 0.521004 0.81026
vt 0.521004 0.81026
vt 0.523898 0.810814
vt 0.517545 0.837511
vt 0.517545 0.837511
vt 0.523898 0.810814
vt 0.519998 0.837049
vt 0.517545 0.837511
vt 0.519998 0.837049
vt 0.518614 0.847579
vt 0.517545 0.837511
vt 0.518614 0.847579
vt 0.515972 0.848134
vt 0.515972 0.848134
vt 0.518614 0.847579
vt 0.514651 0.872243
vt 0.515972 0.848134
vt 0.514651 0.872243
vt 0.512701 0.872335
vt 0.512701 0.872335
vt 0.514651 0.872243
vt 0.508612 0.891087
vt 0.512701 0.872335
vt 0.508612 0.891087
vt 0.5088 0.877139
vt 0.5088 0.877139
vt 0.508612 0.891087
vt 0.501692 0.883051
vt 0.5088 0.877139
vt 0.501692 0.883051
vt 0.503516 0.873167
vt 0.549124 0.760194
vt 0.53887 0.72075
vt 0.556736 0.721489
vt 0.549124 0.760194
vt 0.556736 0.721489
vt 0.559378 0.758069
vt 0.559378 0.758069
vt 0.556736 0.721489
vt 0.570701 0.752249
vt 0.577243 0.722135
vt 0.570701 0.752249
vt 0.556736 0.721489
vt 0.577243 0.722135
vt 0.556736 0.721489
vt 0.570198 0.614335
vt 0.570198 0.614335
vt 0.556736 0.721489
vt 0.551955 0.631701
vt 0.570198 0.614335
vt 0.551955 0.631701
vt 0.573658 0.585976
vt 0.573658 0.585976
vt 0.551955 0.631701
vt 0.548935 0.589763
vt 0.548935 0.589763
vt 0.551955 0.631701
vt 0.533775 0.594382
vt 0.533775 0.594382
vt 0.551955 0.631701
vt 0.537109 0.631978
vt 0.533775 0.594382
vt 0.537109 0.631978
vt 0.522388 0.598354
vt 0.522388 0.598354
vt 0.537109 0.631978
vt 0.524024 0.630778
vt 0.524024 0.630778
vt 0.537109 0.631978
vt 0.53887 0.72075
vt 0.53887 0.72075
vt 0.537109 0.631978
vt 0.556736 0.721489
vt 0.556736 0.721489
vt 0.537109 0.631978
vt 0.551955 0.631701
vt 0.515531 0.600571
vt 0.510499 0.537942
vt 0.520564 0.542745
vt 0.515531 0.600571
vt 0.520564 0.542745
vt 0.522388 0.598354
vt 0.522388 0.598354
vt 0.520564 0.542745
vt 0.529874 0.543946
vt 0.522388 0.598354
vt 0.529874 0.543946
vt 0.533775 0.594382
vt 0.533775 0.594382
vt 0.529874 0.543946
vt 0.548935 0.589763
vt 0.548935 0.589763
vt 0.529874 0.543946
vt 0.54818 0.53554
vt 0.548935 0.589763
vt 0.54818 0.53554
vt 0.573658 0.585976
vt 0.573658 0.585976
vt 0.54818 0.53554
vt 0.568499 0.528335
vt 0.573658 0.585976
vt 0.568499 0.528335
vt 0.586742 0.583482
vt 0.586742 0.583482
vt 0.568499 0.528335
vt 0.579005 0.521776
vt 0.586742 0.583482
vt 0.579005 0.521776
vt 0.576866 0.52464
vt 0.586742 0.583482
vt 0.576866 0.52464
vt 0.597185 0.554384
vt 0.586742 0.583482
vt 0.597185 0.554384
vt 0.597499 0.588932
vt 0.597499 0.588932
vt 0.597185 0.554384
vt 0.606495 0.575538
vt 0.597499 0.588932
vt 0.606495 0.575538
vt 0.61115 0.604174
vt 0.597499 0.588932
vt 0.61115 0.604174
vt 0.605111 0.607037
vt 0.605111 0.607037
vt 0.61115 0.604174
vt 0.616246 0.618399
vt 0.605111 0.607037
vt 0.616246 0.618399
vt 0.610773 0.627267
vt 0.591397 0.611471
vt 0.570198 0.614335
vt 0.58259 0.598631
vt 0.58259 0.598631
vt 0.570198 0.614335
vt 0.573658 0.585976
vt 0.58259 0.598631
vt 0.573658 0.585976
vt 0.586742 0.583482
vt 0.58259 0.598631
vt 0.586742 0.583482
vt 0.597499 0.588932
vt 0.58259 0.598631
vt 0.597499 0.588932
vt 0.591397 0.611471
vt 0.591397 0.611471
vt 0.597499 0.588932
vt 0.605111 0.607037
vt 0.591397 0.611471
vt 0.605111 0.607037
vt 0.599512 0.628099
vt 0.591397 0.611471
vt 0.599512 0.628099
vt 0.593725 0.649807
vt 0.591397 0.611471
vt 0.593725 0.649807
vt 0.581898 0.637983
vt 0.591397 0.611471
vt 0.581898 0.637983
vt 0.570198 0.614335
vt 0.570198 0.614335
vt 0.581898 0.637983
vt 0.577243 0.722135
vt 0.577243 0.722135
vt 0.581898 0.637983
vt 0.588629 0.680844
vt 0.577243 0.722135
vt 0.588629 0.680844
vt 0.589825 0.700243
vt 0.577243 0.722135
vt 0.589825 0.700243
vt 0.591209 0.73165
vt 0.599512 0.628099
vt 0.605111 0.607037
vt 0.610773 0.627267
vt 0.599512 0.628099
vt 0.610773 0.627267
vt 0.604734 0.641031
vt 0.599512 0.628099
vt 0.604734 0.641031
vt 0.597814 0.658674
vt 0.599512 0.628099
vt 0.597814 0.658674
vt 0.593725 0.649807
vt 0.593725 0.649807
vt 0.597814 0.658674
vt 0.59341 0.683061
vt 0.593725 0.649807
vt 0.59341 0.683061
vt 0.59102 0.680105
vt 0.593725 0.649807
vt 0.59102 0.680105
vt 0.581898 0.637983
vt 0.581898 0.637983
vt 0.59102 0.680105
vt 0.588629 0.680844
vt 0.588629 0.680844
vt 0.59102 0.680105
vt 0.593914 0.694885
vt 0.588629 0.680844
vt 0.593914 0.694885
vt 0.594165 0.713175
vt 0.588629 0.680844
vt 0.594165 0.713175
vt 0.589825 0.700243
vt 0.589825 0.700243
vt 0.594165 0.713175
vt 0.594165 0.739409
vt 0.589825 0.700243
vt 0.594165 0.739409
vt 0.591209 0.73165
vt 0.591209 0.73165
vt 0.594165 0.739409
vt 0.594039 0.748924
vt 0.591209 0.73165
vt 0.594039 0.748924
vt 0.591649 0.743381
vt 0.591649 0.743381
vt 0.594039 0.748924
vt 0.596178 0.79742
vt 0.596178 0.79742
vt 0.594039 0.748924
vt 0.599072 0.796312
vt 0.596178 0.79742
vt 0.599072 0.796312
vt 0.596682 0.813031
vt 0.581206 0.825225
vt 0.583471 0.852106
vt 0.577369 0.827719
vt 0.581206 0.825225
vt 0.577369 0.827719
vt 0.579193 0.810907
vt 0.579193 0.810907
vt 0.577369 0.827719
vt 0.575922 0.810537
vt 0.579193 0.810907
vt 0.575922 0.810537
vt 0.572337 0.759454
vt 0.575922 0.810537
vt 0.572337 0.759454
vt 0.571582 0.762595
vt 0.571582 0.762595
vt 0.572337 0.759454
vt 0.570701 0.752249
vt 0.572337 0.759454
vt 0.570701 0.752249
vt 0.581836 0.736546
vt 0.581836 0.736546
vt 0.570701 0.752249
vt 0.577243 0.722135
vt 0.581836 0.736546
vt 0.577243 0.722135
vt 0.591209 0.73165
vt 0.581836 0.736546
vt 0.591209 0.73165
vt 0.591649 0.743381
vt 0.581836 0.736546
vt 0.591649 0.743381
vt 0.582842 0.748
vt 0.581836 0.736546
vt 0.582842 0.748
vt 0.572337 0.759454
vt 0.572337 0.759454
vt 0.582842 0.748
vt 0.579193 0.810907
vt 0.579193 0.810907
vt 0.582842 0.748
vt 0.58756 0.804348
vt 0.58756 0.804348
vt 0.582842 0.748
vt 0.591649 0.743381
vt 0.58756 0.804348
vt 0.591649 0.743381
vt 0.596178 0.79742
vt 0.58756 0.804348
vt 0.596178 0.79742
vt 0.588567 0.819959
vt 0.588567 0.819959
vt 0.596178 0.79742
vt 0.596682 0.813031
vt 0.581206 0.825225
vt 0.579193 0.810907
vt 0.58756 0.804348
vt 0.581206 0.825225
vt 0.58756 0.804348
vt 0.588567 0.819959
vt 0.581206 0.825225
vt 0.588567 0.819959
vt 0.583471 0.852106
vt 0.583471 0.852106
vt 0.588567 0.819959
vt 0.590957 0.847949
vt 0.583471 0.852106
vt 0.590957 0.847949
vt 0.584415 0.861435
vt 0.584415 0.861435
vt 0.590957 0.847949
vt 0.591712 0.857925
vt 0.590957 0.847949
vt 0.588567 0.819959
vt 0.596682 0.813031
vt 0.590957 0.847949
vt 0.596682 0.813031
vt 0.598632 0.844161
vt 0.590957 0.847949
vt 0.598632 0.844161
vt 0.599261 0.854507
vt 0.590957 0.847949
vt 0.599261 0.854507
vt 0.591712 0.857925
vt 0.591712 0.857925
vt 0.599261 0.854507
vt 0.595864 0.892658
vt 0.595864 0.892658
vt 0.599261 0.854507
vt 0.601211 0.892658
vt 0.595864 0.892658
vt 0.601211 0.892658
vt 0.598946 0.906699
vt 0.595864 0.892658
vt 0.598946 0.906699
vt 0.589259 0.895429
vt 0.589259 0.895429
vt 0.598946 0.906699
vt 0.591712 0.909747
vt 0.589259 0.895429
vt 0.591712 0.909747
vt 0.585862 0.89857
vt 0.589259 0.895429
vt 0.585862 0.89857
vt 0.584415 0.861435
vt 0.589259 0.895429
vt 0.584415 0.861435
vt 0.591712 0.857925
vt 0.589259 0.895429
vt 0.591712 0.857925
vt 0.595864 0.892658
vt 0.579068 0.856355
vt 0.577369 0.827719
vt 0.583471 0.852106
vt 0.579068 0.856355
vt 0.583471 0.852106
vt 0.57976 0.864391
vt 0.57976 0.864391
vt 0.583471 0.852106
vt 0.584415 0.861435
vt 0.57976 0.864391
vt 0.584415 0.861435
vt 0.584163 0.906699
vt 0.584163 0.906699
vt 0.584415 0.861435
vt 0.585862 0.89857
vt 0.584163 0.906699
vt 0.585862 0.89857
vt 0.591712 0.909747
vt 0.584163 0.906699
vt 0.591712 0.909747
vt 0.591209 0.92194
vt 0.591209 0.92194
vt 0.591712 0.909747
vt 0.598946 0.906699
vt 0.591209 0.92194
vt 0.598946 0.906699
vt 0.601148 0.919261
vt 0.601148 0.919261
vt 0.598946 0.906699
vt 0.601211 0.892658
vt 0.601148 0.919261
vt 0.601211 0.892658
vt 0.605237 0.892104
vt 0.605237 0.892104
vt 0.601211 0.892658
vt 0.599261 0.854507
vt 0.605237 0.892104
vt 0.599261 0.854507
vt 0.601966 0.852013
vt 0.601966 0.852013
vt 0.599261 0.854507
vt 0.598632 0.844161
vt 0.601966 0.852013
vt 0.598632 0.844161
vt 0.601525 0.842406
vt 0.601525 0.842406
vt 0.598632 0.844161
vt 0.599827 0.811923
vt 0.599827 0.811923
vt 0.598632 0.844161
vt 0.596682 0.813031
vt 0.599827 0.811923
vt 0.596682 0.813031
vt 0.599072 0.796312
vt 0.535602 0.408926
vt 0.536168 0.416593
vt 0.531073 0.403846
vt 0.536168 0.416593
vt 0.531073 0.403846
vt 0.531073 0.415208
vt 0.536168 0.416593
vt 0.531073 0.415208
vt 0.536231 0.451418
vt 0.536231 0.451418
vt 0.531073 0.415208
vt 0.530632 0.454374
vt 0.536231 0.451418
vt 0.530632 0.454374
vt 0.535539 0.471741
vt 0.536231 0.451418
vt 0.535539 0.471741
vt 0.545101 0.453543
vt 0.545101 0.453543
vt 0.535539 0.471741
vt 0.544346 0.473958
vt 0.545101 0.453543
vt 0.544346 0.473958
vt 0.5507 0.458624
vt 0.545101 0.453543
vt 0.536231 0.451418
vt 0.548057 0.420473
vt 0.536231 0.451418
vt 0.548057 0.420473
vt 0.536168 0.416593
vt 0.548057 0.420473
vt 0.536168 0.416593
vt 0.549001 0.412252
vt 0.536168 0.416593
vt 0.549001 0.412252
vt 0.535602 0.408926
vt 0.535602 0.408926
vt 0.549001 0.412252
vt 0.535602 0.40089
vt 0.535602 0.40089
vt 0.549001 0.412252
vt 0.549379 0.405047
vt 0.535602 0.40089
vt 0.549379 0.405047
vt 0.536797 0.372623
vt 0.536797 0.372623
vt 0.549379 0.405047
vt 0.551014 0.377335
vt 0.536797 0.372623
vt 0.551014 0.377335
vt 0.537237 0.363756
vt 0.551014 0.377335
vt 0.537237 0.363756
vt 0.551643 0.367728
vt 0.531073 0.403846
vt 0.535602 0.408926
vt 0.535602 0.40089
vt 0.531073 0.403846
vt 0.535602 0.40089
vt 0.53189 0.372346
vt 0.53189 0.372346
vt 0.535602 0.40089
vt 0.536797 0.372623
vt 0.53189 0.372346
vt 0.536797 0.372623
vt 0.531953 0.356273
vt 0.531953 0.356273
vt 0.536797 0.372623
vt 0.537237 0.363756
vt 0.537237 0.363756
vt 0.531953 0.356273
vt 0.537992 0.349622
vt 0.537992 0.349622
vt 0.537237 0.363756
vt 0.552713 0.352301
vt 0.552713 0.352301
vt 0.537237 0.363756
vt 0.551643 0.367728
vt 0.552713 0.352301
vt 0.551643 0.367728
vt 0.555795 0.360061
vt 0.551643 0.367728
vt 0.555795 0.360061
vt 0.551014 0.377335
vt 0.555795 0.360061
vt 0.551014 0.377335
vt 0.554348 0.379921
vt 0.554348 0.379921
vt 0.551014 0.377335
vt 0.549379 0.405047
vt 0.554348 0.379921
vt 0.549379 0.405047
vt 0.553405 0.408742
vt 0.553405 0.408742
vt 0.549379 0.405047
vt 0.549001 0.412252
vt 0.549001 0.412252
vt 0.553405 0.408742
vt 0.548057 0.420473
vt 0.553405 0.408742
vt 0.548057 0.420473
vt 0.552272 0.420196
vt 0.552272 0.420196
vt 0.548057 0.420473
vt 0.545101 0.453543
vt 0.552272 0.420196
vt 0.545101 0.453543
vt 0.5507 0.458624
vt 0.558686 0.943556
vt 0.554848 0.922495
vt 0.559189 0.934318
vt 0.558686 0.943556
vt 0.559189 0.934318
vt 0.568877 0.943556
vt 0.568877 0.943556
vt 0.559189 0.934318
vt 0.568373 0.93515
vt 0.568373 0.93515
vt 0.559189 0.934318
vt 0.563404 0.919354
vt 0.568373 0.93515
vt 0.563404 0.919354
vt 0.570198 0.920832
vt 0.568373 0.93515
vt 0.570198 0.920832
vt 0.568877 0.943556
vt 0.568877 0.943556
vt 0.570198 0.920832
vt 0.572588 0.923973
vt 0.552584 0.925266
vt 0.552898 0.882774
vt 0.55554 0.88573
vt 0.552584 0.925266
vt 0.55554 0.88573
vt 0.554848 0.922495
vt 0.554848 0.922495
vt 0.55554 0.88573
vt 0.556861 0.920739
vt 0.554848 0.922495
vt 0.556861 0.920739
vt 0.559189 0.934318
vt 0.559189 0.934318
vt 0.556861 0.920739
vt 0.563404 0.919354
vt 0.563404 0.919354
vt 0.556861 0.920739
vt 0.55554 0.88573
vt 0.563404 0.919354
vt 0.55554 0.88573
vt 0.563089 0.885083
vt 0.563404 0.919354
vt 0.563089 0.885083
vt 0.570827 0.884159
vt 0.563404 0.919354
vt 0.570827 0.884159
vt 0.570198 0.920832
vt 0.570198 0.920832
vt 0.570827 0.884159
vt 0.572588 0.923973
vt 0.572588 0.923973
vt 0.570827 0.884159
vt 0.573658 0.87797
vt 0.572588 0.923973
vt 0.573658 0.87797
vt 0.573721 0.92194
vt 0.572588 0.923973
vt 0.573721 0.92194
vt 0.569569 0.951038
vt 0.572588 0.923973
vt 0.569569 0.951038
vt 0.568877 0.943556
vt 0.568877 0.943556
vt 0.569569 0.951038
vt 0.55856 0.954086
vt 0.568877 0.943556
vt 0.55856 0.954086
vt 0.558686 0.943556
vt 0.558686 0.943556
vt 0.55856 0.954086
vt 0.552584 0.925266
vt 0.558686 0.943556
vt 0.552584 0.925266
vt 0.554848 0.922495
vt 0.529434 0.859588
vt 0.529308 0.872613
vt 0.526918 0.870026
vt 0.529434 0.859588
vt 0.526918 0.870026
vt 0.527106 0.858387
vt 0.529434 0.859588
vt 0.527106 0.858387
vt 0.527547 0.828827
vt 0.529434 0.859588
vt 0.527547 0.828827
vt 0.529937 0.830213
vt 0.529937 0.830213
vt 0.527547 0.828827
vt 0.529119 0.812847
vt 0.529119 0.812847
vt 0.527547 0.828827
vt 0.527421 0.813678
vt 0.529119 0.812847
vt 0.527421 0.813678
vt 0.52849 0.763611
vt 0.529119 0.812847
vt 0.52849 0.763611
vt 0.529811 0.763611
vt 0.529811 0.763611
vt 0.52849 0.763611
vt 0.527861 0.757884
vt 0.529811 0.763611
vt 0.527861 0.757884
vt 0.538052 0.756591
vt 0.538052 0.756591
vt 0.527861 0.757884
vt 0.53887 0.72075
vt 0.538052 0.756591
vt 0.53887 0.72075
vt 0.549124 0.760194
vt 0.538052 0.756591
vt 0.549124 0.760194
vt 0.548495 0.767583
vt 0.549124 0.760194
vt 0.548495 0.767583
vt 0.549375 0.769616
vt 0.529937 0.830213
vt 0.529119 0.812847
vt 0.537423 0.831229
vt 0.529937 0.830213
vt 0.537423 0.831229
vt 0.529434 0.859588
vt 0.529434 0.859588
vt 0.537423 0.831229
vt 0.536228 0.861343
vt 0.529434 0.859588
vt 0.536228 0.861343
vt 0.529308 0.872613
vt 0.529308 0.872613
vt 0.536228 0.861343
vt 0.536165 0.872428
vt 0.529308 0.872613
vt 0.536165 0.872428
vt 0.536794 0.905036
vt 0.529308 0.872613
vt 0.536794 0.905036
vt 0.528679 0.906237
vt 0.528679 0.906237
vt 0.536794 0.905036
vt 0.532202 0.916305
vt 0.528679 0.906237
vt 0.532202 0.916305
vt 0.531636 0.922864
vt 0.531636 0.922864
vt 0.532202 0.916305
vt 0.539499 0.918061
vt 0.531636 0.922864
vt 0.539499 0.918061
vt 0.539562 0.924712
vt 0.539562 0.924712
vt 0.539499 0.918061
vt 0.543085 0.908731
vt 0.543085 0.908731
vt 0.539499 0.918061
vt 0.536794 0.905036
vt 0.536794 0.905036
vt 0.539499 0.918061
vt 0.532202 0.916305
vt 0.54384 0.875753
vt 0.543085 0.908731
vt 0.536794 0.905036
vt 0.54384 0.875753
vt 0.536794 0.905036
vt 0.536165 0.872428
vt 0.54384 0.875753
vt 0.536165 0.872428
vt 0.536228 0.861343
vt 0.54384 0.875753
vt 0.536228 0.861343
vt 0.544406 0.86356
vt 0.544406 0.86356
vt 0.536228 0.861343
vt 0.545664 0.835478
vt 0.545664 0.835478
vt 0.536228 0.861343
vt 0.537423 0.831229
vt 0.545664 0.835478
vt 0.537423 0.831229
vt 0.537926 0.81414
vt 0.545664 0.835478
vt 0.537926 0.81414
vt 0.546985 0.818389
vt 0.546985 0.818389
vt 0.537926 0.81414
vt 0.548495 0.767583
vt 0.548495 0.767583
vt 0.537926 0.81414
vt 0.538052 0.766844
vt 0.548495 0.767583
vt 0.538052 0.766844
vt 0.538052 0.756591
vt 0.538052 0.756591
vt 0.538052 0.766844
vt 0.529811 0.763611
vt 0.529811 0.763611
vt 0.538052 0.766844
vt 0.529119 0.812847
vt 0.529119 0.812847
vt 0.538052 0.766844
vt 0.537926 0.81414
vt 0.529119 0.812847
vt 0.537926 0.81414
vt 0.537423 0.831229
vt 0.526918 0.870026
vt 0.529308 0.872613
vt 0.528679 0.906237
vt 0.526918 0.870026
vt 0.528679 0.906237
vt 0.526477 0.905498
vt 0.526477 0.905498
vt 0.528679 0.906237
vt 0.531636 0.922864
vt 0.526477 0.905498
vt 0.531636 0.922864
vt 0.530378 0.932194
vt 0.530378 0.932194
vt 0.531636 0.922864
vt 0.539562 0.924712
vt 0.530378 0.932194
vt 0.539562 0.924712
vt 0.540002 0.934596
vt 0.540002 0.934596
vt 0.539562 0.924712
vt 0.543085 0.908731
vt 0.540002 0.934596
vt 0.543085 0.908731
vt 0.545475 0.909193
vt 0.545475 0.909193
vt 0.543085 0.908731
vt 0.54384 0.875753
vt 0.545475 0.909193
vt 0.54384 0.875753
vt 0.546419 0.874091
vt 0.546419 0.874091
vt 0.54384 0.875753
vt 0.544406 0.86356
vt 0.546419 0.874091
vt 0.544406 0.86356
vt 0.546796 0.864114
vt 0.546796 0.864114
vt 0.544406 0.86356
vt 0.547929 0.83631
vt 0.547929 0.83631
vt 0.544406 0.86356
vt 0.545664 0.835478
vt 0.547929 0.83631
vt 0.545664 0.835478
vt 0.548998 0.817558
vt 0.548998 0.817558
vt 0.545664 0.835478
vt 0.546985 0.818389
vt 0.548998 0.817558
vt 0.546985 0.818389
vt 0.548495 0.767583
vt 0.548998 0.817558
vt 0.548495 0.767583
vt 0.549375 0.769616

# 1911 Vertex Normals
vn 0.500519 -0.838172 0.216677
vn 0.500519 -0.838172 0.216677
vn 0.500519 -0.838172 0.216677
vn 0.619816 -0.626926 -0.472008
vn 0.619816 -0.626926 -0.472008
vn 0.619816 -0.626926 -0.472008
vn -0.204397 0.964846 -0.165209
vn -0.204397 0.964846 -0.165209
vn -0.204397 0.964846 -0.165209
vn 0.32489 0.129985 -0.936777
vn 0.32489 0.129985 -0.936777
vn 0.32489 0.129985 -0.936777
vn -0.252389 -0.1078 -0.961602
vn -0.252389 -0.1078 -0.961602
vn -0.252389 -0.1078 -0.961602
vn -0.296821 0.119869 -0.94738
vn -0.296821 0.119869 -0.94738
vn -0.296821 0.119869 -0.94738
vn -0.573034 0.813166 -0.101943
vn -0.573034 0.813166 -0.101943
vn -0.573034 0.813166 -0.101943
vn -0.683171 -0.010182 -0.730187
vn -0.683171 -0.010182 -0.730187
vn -0.683171 -0.010182 -0.730187
vn -0.712456 0.129891 -0.689591
vn -0.712456 0.129891 -0.689591
vn -0.712456 0.129891 -0.689591
vn -0.812657 -0.463342 -0.353417
vn -0.812657 -0.463342 -0.353417
vn -0.812657 -0.463342 -0.353417
vn 0.13978 -0.323097 -0.935986
vn 0.109883 -0.570282 -0.814066
vn 0.109883 -0.570282 -0.814066
vn 0.298146 0.21624 -0.929704
vn 0.298146 0.21624 -0.929704
vn 0.298146 0.21624 -0.929704
vn 0.81362 -0.071444 -0.57699
vn 0.81362 -0.071444 -0.57699
vn 0.81362 -0.071444 -0.57699
vn 0.854507 0.371674 -0.362872
vn 0.854507 0.371674 -0.362872
vn 0.854507 0.371674 -0.362872
vn 0.892093 0.012 -0.451692
vn 0.892093 0.012 -0.451692
vn 0.892093 0.012 -0.451692
vn 0.66163 0.041244 -0.748695
vn 0.954243 0.120471 -0.273693
vn 0.954243 0.120471 -0.273693
vn 0.66163 0.041244 -0.748695
vn 0.158933 -0.051079 -0.985967
vn 0.13978 -0.323097 -0.935986
vn 0.210288 0.97675 -0.041681
vn 0.210288 0.97675 -0.041681
vn 0.210288 0.97675 -0.041681
vn -0.432909 0.10438 -0.895374
vn -0.432909 0.10438 -0.895374
vn -0.432909 0.10438 -0.895374
vn -0.44242 0.187196 -0.877053
vn -0.44242 0.187196 -0.877053
vn -0.44242 0.187196 -0.877053
vn -0.215262 0.930063 0.297734
vn -0.215262 0.930063 0.297734
vn -0.215262 0.930063 0.297734
vn 0.43828 -0.473582 -0.763958
vn 0.43828 -0.473582 -0.763958
vn 0.43828 -0.473582 -0.763958
vn 0.664182 -0.709918 -0.234261
vn 0.664182 -0.709918 -0.234261
vn 0.664182 -0.709918 -0.234261
vn 0.78231 -0.558266 -0.276278
vn 0.78231 -0.558266 -0.276278
vn 0.78231 -0.558266 -0.276278
vn 0.759517 -0.638886 -0.122303
vn 0.759517 -0.638886 -0.122303
vn 0.759517 -0.638886 -0.122303
vn 0.85408 -0.499161 -0.146241
vn 0.85408 -0.499161 -0.146241
vn 0.85408 -0.499161 -0.146241
vn 0.230349 -0.043628 -0.972129
vn 0.230349 -0.043628 -0.972129
vn 0.230349 -0.043628 -0.972129
vn 0.172239 -0.220564 -0.960044
vn 0.172239 -0.220564 -0.960044
vn 0.172239 -0.220564 -0.960044
vn 0.357726 -0.304986 -0.882619
vn 0.357726 -0.304986 -0.882619
vn 0.357726 -0.304986 -0.882619
vn 0.380794 -0.580096 -0.720059
vn 0.380794 -0.580096 -0.720059
vn 0.380794 -0.580096 -0.720059
vn 0.326718 -0.395322 -0.858473
vn 0.326718 -0.395322 -0.858473
vn 0.326718 -0.395322 -0.858473
vn 0.318021 -0.407234 -0.856168
vn 0.318021 -0.407234 -0.856168
vn 0.318021 -0.407234 -0.856168
vn 0.411902 -0.404239 -0.816656
vn 0.427429 -0.375427 -0.82241
vn 0.411902 -0.404239 -0.816656
vn 0.442484 -0.346201 -0.827256
vn 0.427429 -0.375427 -0.82241
vn 0.442484 -0.346201 -0.827256
vn 0.575171 -0.570578 0.586191
vn 0.575171 -0.570578 0.586191
vn 0.575171 -0.570578 0.586191
vn 0.634087 -0.500194 0.589694
vn 0.634087 -0.500194 0.589694
vn 0.634087 -0.500194 0.589694
vn 0.69887 -0.4887 0.522257
vn 0.69887 -0.4887 0.522257
vn 0.69887 -0.4887 0.522257
vn 0.784665 -0.351444 0.510674
vn 0.784665 -0.351444 0.510674
vn 0.784665 -0.351444 0.510674
vn 0.843603 -0.512857 -0.159097
vn 0.843603 -0.512857 -0.159097
vn 0.843603 -0.512857 -0.159097
vn 0.927837 -0.271171 -0.256094
vn 0.930727 -0.273288 -0.243023
vn 0.927837 -0.271171 -0.256094
vn 0.933447 -0.275355 -0.229907
vn 0.930727 -0.273288 -0.243023
vn 0.933447 -0.275355 -0.229907
vn 0.902723 0.310144 -0.298165
vn 0.902723 0.310144 -0.298165
vn 0.902723 0.310144 -0.298165
vn 0.936965 0.112195 0.33092
vn 0.93041 0.299285 0.211581
vn 0.93041 0.299285 0.211581
vn 0.936965 0.112195 0.33092
vn 0.89734 -0.080425 0.43395
vn 0.89734 -0.080425 0.43395
vn 0.859616 -0.284339 0.424514
vn 0.896407 -0.080543 0.435852
vn 0.896407 -0.080543 0.435852
vn 0.859616 -0.284339 0.424514
vn 0.785849 -0.475904 0.394915
vn 0.785849 -0.475904 0.394915
vn 0.232331 -0.018357 0.972463
vn 0.232331 -0.018357 0.972463
vn 0.232331 -0.018357 0.972463
vn 0.217677 0.120345 0.968573
vn 0.217677 0.120345 0.968573
vn 0.217677 0.120345 0.968573
vn 0.424387 0.021063 0.905236
vn 0.424387 0.021063 0.905236
vn 0.424387 0.021063 0.905236
vn 0.264989 0.121785 0.95653
vn 0.264989 0.121785 0.95653
vn 0.264989 0.121785 0.95653
vn 0.128832 -0.078444 0.988559
vn 0.128832 -0.078444 0.988559
vn 0.128832 -0.078444 0.988559
vn 0.103649 -0.075815 0.99172
vn 0.103649 -0.075815 0.99172
vn 0.113002 -0.062241 0.991643
vn 0.122324 -0.048651 0.991297
vn 0.113002 -0.062241 0.991643
vn 0.122324 -0.048651 0.991297
vn 0.230574 -0.126323 0.96482
vn 0.230574 -0.126323 0.96482
vn 0.230574 -0.126323 0.96482
vn 0.681538 0.269428 0.680378
vn 0.501017 -0.085181 0.861235
vn 0.501017 -0.085181 0.861235
vn 0.681538 0.269428 0.680378
vn 0.731855 0.572564 0.369538
vn 0.731855 0.572564 0.369538
vn -0.533988 0.064007 -0.843066
vn -0.533988 0.064007 -0.843066
vn -0.533988 0.064007 -0.843066
vn -0.121431 -0.385362 0.914741
vn -0.121431 -0.385362 0.914741
vn -0.121431 -0.385362 0.914741
vn -0.229413 -0.378773 0.896605
vn -0.229413 -0.378773 0.896605
vn -0.229413 -0.378773 0.896605
vn 0.132469 0.970357 -0.202137
vn 0.132469 0.970357 -0.202137
vn 0.132469 0.970357 -0.202137
vn -0.249305 0.649002 -0.718779
vn -0.249305 0.649002 -0.718779
vn -0.249305 0.649002 -0.718779
vn 0.161416 -0.35909 -0.919238
vn 0.161416 -0.35909 -0.919238
vn 0.161416 -0.35909 -0.919238
vn -0.229021 -0.108954 -0.967305
vn -0.229021 -0.108954 -0.967305
vn -0.229021 -0.108954 -0.967305
vn 0.23206 0.135631 0.963199
vn 0.23206 0.135631 0.963199
vn 0.23206 0.135631 0.963199
vn -0.188137 -0.049318 -0.980904
vn -0.188089 -0.049091 -0.980924
vn -0.188137 -0.049318 -0.980904
vn -0.18804 -0.048864 -0.980945
vn -0.188089 -0.049091 -0.980924
vn -0.18804 -0.048864 -0.980945
vn -0.167634 -0.009836 -0.9858
vn -0.167634 -0.009836 -0.9858
vn -0.167634 -0.009836 -0.9858
vn -0.154853 -0.050783 -0.986631
vn -0.154853 -0.050783 -0.986631
vn -0.154853 -0.050783 -0.986631
vn 0.070407 0.981936 -0.175625
vn -0.457669 0.867385 -0.195403
vn 0.070407 0.981936 -0.175625
vn -0.457669 0.867385 -0.195403
vn -0.851933 0.49923 -0.158051
vn -0.851933 0.49923 -0.158051
vn -0.853276 0.496166 -0.160434
vn -0.853276 0.496166 -0.160434
vn -0.853276 0.496166 -0.160434
vn -0.701456 0.684998 -0.196817
vn -0.701456 0.684998 -0.196817
vn -0.701456 0.684998 -0.196817
vn -0.761535 0.61382 -0.208062
vn -0.761535 0.61382 -0.208062
vn -0.761535 0.61382 -0.208062
vn 0.955793 -0.263152 0.13119
vn 0.955793 -0.263152 0.13119
vn 0.955793 -0.263152 0.13119
vn -0.984863 0.157365 -0.072674
vn -0.984863 0.157365 -0.072674
vn -0.984863 0.157365 -0.072674
vn -0.999445 -0.021739 -0.025223
vn -0.999445 -0.021739 -0.025223
vn -0.999445 -0.021739 -0.025223
vn -0.99815 -0.055679 0.024404
vn -0.99815 -0.055679 0.024404
vn -0.99815 -0.055679 0.024404
vn -0.328757 -0.944398 0.005651
vn -0.328757 -0.944398 0.005651
vn -0.328757 -0.944398 0.005651
vn -0.37852 -0.000763 0.925593
vn -0.37852 -0.000763 0.925593
vn -0.37852 -0.000763 0.925593
vn -0.341707 0.275718 0.898452
vn -0.341707 0.275718 0.898452
vn -0.341707 0.275718 0.898452
vn -0.367577 0.219931 0.903614
vn -0.367577 0.219931 0.903614
vn -0.367577 0.219931 0.903614
vn -0.28585 0.527358 0.800115
vn -0.354809 0.435723 0.827197
vn -0.28585 0.527358 0.800115
vn -0.418842 0.338039 0.842794
vn -0.354809 0.435723 0.827197
vn -0.418842 0.338039 0.842794
vn -0.410028 0.30191 0.860655
vn -0.23226 0.54077 0.808469
vn -0.410028 0.30191 0.860655
vn -0.23226 0.54077 0.808469
vn -0.03327 0.730215 0.682407
vn -0.03327 0.730215 0.682407
vn -0.086283 0.192353 0.977525
vn -0.086283 0.192353 0.977525
vn -0.086283 0.192353 0.977525
vn -0.125554 0.18447 0.974786
vn -0.125554 0.18447 0.974786
vn -0.125554 0.18447 0.974786
vn -0.071177 -0.231121 0.970318
vn -0.071177 -0.231121 0.970318
vn -0.071177 -0.231121 0.970318
vn -0.659319 0.415727 0.626473
vn -0.659319 0.415727 0.626473
vn -0.659319 0.415727 0.626473
vn 0.370222 -0.665925 -0.647673
vn 0.370222 -0.665925 -0.647673
vn 0.370222 -0.665925 -0.647673
vn -0.572459 -0.819417 -0.029104
vn -0.572459 -0.819417 -0.029104
vn -0.572459 -0.819417 -0.029104
vn 0.573086 -0.582096 0.576833
vn 0.573086 -0.582096 0.576833
vn 0.573086 -0.582096 0.576833
vn 0.6275 -0.769771 -0.11703
vn 0.6275 -0.769771 -0.11703
vn 0.6275 -0.769771 -0.11703
vn -0.879838 0.040874 0.473513
vn -0.879838 0.040874 0.473513
vn -0.879838 0.040874 0.473513
vn -0.958407 -0.237951 -0.157593
vn -0.958407 -0.237951 -0.157593
vn -0.958407 -0.237951 -0.157593
vn 0.010298 -0.168183 0.985702
vn 0.010298 -0.168183 0.985702
vn 0.010298 -0.168183 0.985702
vn -0.521933 -0.149261 0.839825
vn -0.521933 -0.149261 0.839825
vn -0.521933 -0.149261 0.839825
vn -0.489139 -0.361062 0.793963
vn -0.489139 -0.361062 0.793963
vn -0.489139 -0.361062 0.793963
vn -0.955764 -0.191551 0.22321
vn -0.955764 -0.191551 0.22321
vn -0.960165 0.032696 0.277514
vn -0.960165 0.032696 0.277514
vn -0.913433 0.255201 0.317038
vn -0.913433 0.255201 0.317038
vn 0.081103 -0.598399 0.797083
vn 0.081103 -0.598399 0.797083
vn 0.081103 -0.598399 0.797083
vn -0.329458 -0.836401 0.438053
vn -0.329458 -0.836401 0.438053
vn -0.329458 -0.836401 0.438053
vn -0.291303 -0.841363 0.455248
vn -0.291303 -0.841363 0.455248
vn -0.291303 -0.841363 0.455248
vn -0.680277 -0.456973 -0.573061
vn -0.680277 -0.456973 -0.573061
vn -0.680277 -0.456973 -0.573061
vn -0.58403 -0.709707 -0.393985
vn -0.58403 -0.709707 -0.393985
vn -0.58403 -0.709707 -0.393985
vn -0.956545 -0.062931 -0.284714
vn -0.956545 -0.062931 -0.284714
vn -0.956545 -0.062931 -0.284714
vn -0.991836 0.0969 -0.082895
vn -0.991836 0.0969 -0.082895
vn -0.906079 -0.080203 0.415437
vn -0.906079 -0.080203 0.415437
vn -0.560229 -0.234283 0.794516
vn -0.560229 -0.234283 0.794516
vn -0.526001 0.144228 0.838165
vn -0.526001 0.144228 0.838165
vn -0.526001 0.144228 0.838165
vn -0.465151 -0.351668 0.812382
vn -0.465151 -0.351668 0.812382
vn -0.465151 -0.351668 0.812382
vn 0.090816 -0.182319 0.979036
vn 0.090816 -0.182319 0.979036
vn 0.090816 -0.182319 0.979036
vn 0.114292 -0.342721 0.932459
vn 0.062647 -0.370484 0.926724
vn 0.114292 -0.342721 0.932459
vn 0.010784 -0.396962 0.917772
vn 0.062647 -0.370484 0.926724
vn -0.008023 -0.335701 0.941934
vn -0.026792 -0.272865 0.961679
vn -0.008023 -0.335701 0.941934
vn -0.026792 -0.272865 0.961679
vn 0.589333 -0.667653 0.454892
vn 0.589333 -0.667653 0.454892
vn 0.589333 -0.667653 0.454892
vn 0.72868 -0.284829 0.622815
vn 0.48407 -0.209001 0.849703
vn 0.72868 -0.284829 0.622815
vn 0.823439 0.043064 0.565768
vn 0.576535 -0.19504 0.793453
vn 0.621009 -0.533854 0.573888
vn 0.563028 -0.784593 0.259641
vn 0.621009 -0.533854 0.573888
vn 0.563028 -0.784593 0.259641
vn 0.505749 -0.154064 0.848813
vn 0.505749 -0.154064 0.848813
vn 0.505749 -0.154064 0.848813
vn 0.823439 0.043064 0.565768
vn 0.930775 0.273868 0.242188
vn 0.930775 0.273868 0.242188
vn 0.182795 -0.108708 0.977123
vn 0.48407 -0.209001 0.849703
vn 0.182795 -0.108708 0.977123
vn 0.952802 0.233625 -0.193874
vn 0.952802 0.233625 -0.193874
vn 0.952802 0.233625 -0.193874
vn -0.433874 -0.018077 0.900792
vn -0.433874 -0.018077 0.900792
vn -0.433874 -0.018077 0.900792
vn -0.562271 -0.53247 -0.632714
vn -0.562271 -0.53247 -0.632714
vn -0.562271 -0.53247 -0.632714
vn -0.195363 -0.878318 0.436337
vn -0.195363 -0.878318 0.436337
vn -0.195363 -0.878318 0.436337
vn 0.018609 -0.933984 0.35683
vn 0.018609 -0.933984 0.35683
vn 0.018609 -0.933984 0.35683
vn 0.469786 0.838712 0.275431
vn 0.469786 0.838712 0.275431
vn 0.469786 0.838712 0.275431
vn -0.064181 -0.854602 0.515302
vn -0.064181 -0.854602 0.515302
vn -0.064181 -0.854602 0.515302
vn -0.096052 -0.775762 0.623672
vn -0.096052 -0.775762 0.623672
vn -0.096052 -0.775762 0.623672
vn -0.401751 -0.88307 0.242453
vn -0.401751 -0.88307 0.242453
vn -0.401751 -0.88307 0.242453
vn 0.050991 -0.89607 -0.440973
vn 0.050991 -0.89607 -0.440973
vn 0.050991 -0.89607 -0.440973
vn 0.172443 -0.457211 -0.87248
vn 0.172443 -0.457211 -0.87248
vn 0.172443 -0.457211 -0.87248
vn 0.233455 -0.550014 -0.801862
vn -0.093562 -0.442503 -0.891873
vn 0.233455 -0.550014 -0.801862
vn -0.408734 -0.278971 -0.868972
vn -0.093562 -0.442503 -0.891873
vn -0.408734 -0.278971 -0.868972
vn 0.776926 -0.416875 -0.471806
vn 0.776926 -0.416875 -0.471806
vn 0.776926 -0.416875 -0.471806
vn 0.741969 -0.347977 -0.573056
vn 0.741969 -0.347977 -0.573056
vn 0.741969 -0.347977 -0.573056
vn 0.908526 -0.2814 0.308859
vn 0.908526 -0.2814 0.308859
vn 0.908526 -0.2814 0.308859
vn 0.913369 -0.277456 0.297951
vn 0.913369 -0.277456 0.297951
vn 0.913369 -0.277456 0.297951
vn 0.347841 -0.806036 0.478866
vn 0.347841 -0.806036 0.478866
vn 0.347841 -0.806036 0.478866
vn 0.447269 -0.852213 -0.271447
vn 0.447269 -0.852213 -0.271447
vn 0.447269 -0.852213 -0.271447
vn -0.055099 -0.772292 0.632874
vn -0.055099 -0.772292 0.632874
vn -0.055099 -0.772292 0.632874
vn 0.53353 -0.132725 0.835303
vn 0.53353 -0.132725 0.835303
vn 0.53353 -0.132725 0.835303
vn 0.552932 0.011451 0.833147
vn 0.552932 0.011451 0.833147
vn 0.313331 -0.362224 0.877848
vn 0.313331 -0.362224 0.877848
vn 0.011365 -0.663801 0.747823
vn 0.027943 -0.65462 0.755441
vn 0.027943 -0.65462 0.755441
vn 0.044509 -0.645166 0.762745
vn 0.044509 -0.645166 0.762745
vn 0.495335 -0.149237 0.855787
vn 0.495335 -0.149237 0.855787
vn 0.495335 -0.149237 0.855787
vn 0.481878 -0.11134 0.869136
vn 0.254345 -0.370645 0.89327
vn 0.254345 -0.370645 0.89327
vn 0.254345 -0.370645 0.89327
vn 0.254345 -0.370645 0.89327
vn -0.097772 -0.773712 0.625948
vn 0.023167 -0.974466 0.223336
vn 0.023167 -0.974466 0.223336
vn 0.023167 -0.974466 0.223336
vn -0.258615 0.615995 0.744089
vn -0.258615 0.615995 0.744089
vn -0.258615 0.615995 0.744089
vn -0.187501 0.952595 -0.239597
vn -0.187501 0.952595 -0.239597
vn -0.187501 0.952595 -0.239597
vn 0.062682 -0.977583 0.201005
vn 0.207812 -0.954551 0.213653
vn 0.207812 -0.954551 0.213653
vn 0.062682 -0.977583 0.201005
vn -0.083812 -0.979349 0.183985
vn -0.083812 -0.979349 0.183985
vn -0.215133 0.703273 0.677588
vn -0.215133 0.703273 0.677588
vn -0.215133 0.703273 0.677588
vn -0.572739 0.616554 0.540214
vn -0.67523 0.72231 0.149441
vn -0.572739 0.616554 0.540214
vn -0.659967 0.7021 -0.267394
vn -0.67523 0.72231 0.149441
vn -0.659967 0.7021 -0.267394
vn -0.660238 0.701635 -0.267943
vn -0.660238 0.701635 -0.267943
vn -0.660238 0.701635 -0.267943
vn -0.205063 0.210602 -0.955822
vn -0.205063 0.210602 -0.955822
vn -0.205063 0.210602 -0.955822
vn 0.037109 0.213703 -0.976194
vn 0.037109 0.213703 -0.976194
vn 0.037109 0.213703 -0.976194
vn 0.017312 0.154423 -0.987853
vn 0.017312 0.154423 -0.987853
vn 0.017312 0.154423 -0.987853
vn -0.792306 0.203009 -0.575359
vn -0.792306 0.203009 -0.575359
vn -0.792306 0.203009 -0.575359
vn 0.663177 -0.748168 0.020995
vn 0.663177 -0.748168 0.020995
vn 0.663177 -0.748168 0.020995
vn 0.715111 -0.627299 0.308403
vn 0.715111 -0.627299 0.308403
vn 0.715111 -0.627299 0.308403
vn -0.809731 0.441545 -0.386489
vn -0.809731 0.441545 -0.386489
vn -0.809731 0.441545 -0.386489
vn -0.75847 0.487864 -0.432101
vn -0.75847 0.487864 -0.432101
vn -0.75847 0.487864 -0.432101
vn -0.856975 0.175284 -0.484632
vn -0.856975 0.175284 -0.484632
vn -0.856975 0.175284 -0.484632
vn -0.791287 0.245915 -0.559813
vn -0.791287 0.245915 -0.559813
vn -0.791287 0.245915 -0.559813
vn -0.831868 0.148341 -0.534781
vn -0.831868 0.148341 -0.534781
vn -0.831868 0.148341 -0.534781
vn 0.179012 -0.308586 -0.9342
vn 0.179012 -0.308586 -0.9342
vn 0.179012 -0.308586 -0.9342
vn -0.675409 -0.735988 0.046308
vn -0.675409 -0.735988 0.046308
vn -0.675409 -0.735988 0.046308
vn -0.69275 0.295411 -0.657898
vn -0.69275 0.295411 -0.657898
vn -0.69275 0.295411 -0.657898
vn -0.61937 -0.761309 0.191806
vn -0.61937 -0.761309 0.191806
vn -0.61937 -0.761309 0.191806
vn -0.73679 -0.425348 0.525567
vn -0.73679 -0.425348 0.525567
vn -0.73679 -0.425348 0.525567
vn -0.773652 -0.585524 -0.242125
vn -0.773652 -0.585524 -0.242125
vn -0.773652 -0.585524 -0.242125
vn -0.796141 -0.528516 -0.294671
vn -0.796141 -0.528516 -0.294671
vn -0.796141 -0.528516 -0.294671
vn -0.504816 -0.326918 -0.798928
vn -0.518785 -0.437241 -0.734631
vn -0.504816 -0.326918 -0.798928
vn -0.524194 -0.54035 -0.658211
vn -0.518785 -0.437241 -0.734631
vn -0.524194 -0.54035 -0.658211
vn -0.909011 -0.057093 0.412843
vn -0.909011 -0.057093 0.412843
vn -0.909011 -0.057093 0.412843
vn -0.810197 -0.471486 -0.348254
vn -0.810197 -0.471486 -0.348254
vn -0.810197 -0.471486 -0.348254
vn -0.746957 0.114102 -0.655008
vn -0.746957 0.114102 -0.655008
vn -0.746957 0.114102 -0.655008
vn -0.160645 0.232644 -0.959203
vn -0.160645 0.232644 -0.959203
vn -0.160645 0.232644 -0.959203
vn 0.047766 0.088937 -0.994891
vn 0.047766 0.088937 -0.994891
vn 0.047766 0.088937 -0.994891
vn -0.109859 0.049191 -0.992729
vn -0.109859 0.049191 -0.992729
vn -0.109859 0.049191 -0.992729
vn 0.427678 -0.828444 -0.361623
vn 0.427678 -0.828444 -0.361623
vn 0.427678 -0.828444 -0.361623
vn -0.461959 -0.283513 -0.840366
vn -0.461959 -0.283513 -0.840366
vn -0.461959 -0.283513 -0.840366
vn -0.404075 0.144116 -0.903302
vn -0.404075 0.144116 -0.903302
vn -0.404075 0.144116 -0.903302
vn -0.420944 0.160723 -0.892734
vn -0.420944 0.160723 -0.892734
vn -0.420944 0.160723 -0.892734
vn -0.058869 -0.865246 0.49788
vn -0.058869 -0.865246 0.49788
vn -0.058869 -0.865246 0.49788
vn -0.427159 0.715188 -0.55321
vn -0.427159 0.715188 -0.55321
vn -0.427159 0.715188 -0.55321
vn -0.701592 0.231367 -0.673971
vn -0.701592 0.231367 -0.673971
vn -0.701592 0.231367 -0.673971
vn -0.284349 0.507295 -0.81351
vn -0.284349 0.507295 -0.81351
vn -0.284349 0.507295 -0.81351
vn -0.292467 0.47899 -0.827666
vn -0.292467 0.47899 -0.827666
vn -0.292467 0.47899 -0.827666
vn -0.28777 -0.605746 0.741796
vn -0.28777 -0.605746 0.741796
vn -0.28777 -0.605746 0.741796
vn 0.195554 0.621817 -0.758355
vn 0.195554 0.621817 -0.758355
vn 0.195554 0.621817 -0.758355
vn 0.054773 0.596062 -0.801068
vn 0.054773 0.596062 -0.801068
vn 0.054773 0.596062 -0.801068
vn 0.000354 -0.997087 -0.076266
vn 0.000354 -0.997087 -0.076266
vn 0.000354 -0.997087 -0.076266
vn -0.71059 -0.703484 -0.013123
vn -0.71059 -0.703484 -0.013123
vn -0.71059 -0.703484 -0.013123
vn -0.00333 -0.301873 -0.953342
vn -0.00333 -0.301873 -0.953342
vn -0.00333 -0.301873 -0.953342
vn 0.290094 0.637344 0.713889
vn 0.290094 0.637344 0.713889
vn 0.290094 0.637344 0.713889
vn -0.439382 0.890689 0.116692
vn -0.439382 0.890689 0.116692
vn -0.439382 0.890689 0.116692
vn -0.567057 -0.823247 -0.026649
vn -0.567057 -0.823247 -0.026649
vn -0.567057 -0.823247 -0.026649
vn 0.309693 0.94102 0.136274
vn 0.309693 0.94102 0.136274
vn 0.309693 0.94102 0.136274
vn 0.460148 0.880213 0.116146
vn 0.460148 0.880213 0.116146
vn 0.460148 0.880213 0.116146
vn -0.458319 -0.881211 -0.115801
vn -0.458319 -0.881211 -0.115801
vn -0.458319 -0.881211 -0.115801
vn 0.272005 0.949876 0.154105
vn 0.272005 0.949876 0.154105
vn 0.272005 0.949876 0.154105
vn 0.317976 0.927286 0.197563
vn 0.29772 0.882222 -0.364757
vn 0.317976 0.927286 0.197563
vn 0.182596 0.556042 -0.810849
vn 0.29772 0.882222 -0.364757
vn 0.182596 0.556042 -0.810849
vn 0.150991 0.547323 -0.823188
vn 0.150991 0.547323 -0.823188
vn 0.150991 0.547323 -0.823188
vn -0.272231 0.836156 -0.476165
vn -0.272231 0.836156 -0.476165
vn -0.272231 0.836156 -0.476165
vn -0.319775 0.911949 0.257084
vn -0.291749 0.910681 0.292476
vn -0.291749 0.910681 0.292476
vn -0.319775 0.911949 0.257084
vn -0.347148 0.911358 0.221168
vn -0.347148 0.911358 0.221168
vn -0.333574 0.514526 0.789931
vn -0.333574 0.514526 0.789931
vn -0.333574 0.514526 0.789931
vn -0.051526 0.250434 0.966762
vn 0.036737 0.294277 0.955014
vn 0.036737 0.294277 0.955014
vn 0.060896 0.156967 0.985725
vn -0.051526 0.250434 0.966762
vn -0.139281 0.204123 0.968986
vn 0.060896 0.156967 0.985725
vn 0.25848 0.103129 0.960496
vn 0.25848 0.103129 0.960496
vn 0.02626 0.256839 0.966097
vn 0.02626 0.256839 0.966097
vn 0.02626 0.256839 0.966097
vn -0.456085 -0.318958 -0.830814
vn -0.456085 -0.318958 -0.830814
vn -0.456085 -0.318958 -0.830814
vn 0.291105 0.260802 0.920456
vn 0.291105 0.260802 0.920456
vn 0.291105 0.260802 0.920456
vn 0.342737 -0.832068 0.436113
vn 0.342737 -0.832068 0.436113
vn 0.342737 -0.832068 0.436113
vn -0.651188 -0.133363 -0.747107
vn -0.651188 -0.133363 -0.747107
vn -0.651188 -0.133363 -0.747107
vn 0.295264 -0.146817 -0.944068
vn 0.295264 -0.146817 -0.944068
vn 0.295264 -0.146817 -0.944068
vn -0.023541 -0.813347 -0.581303
vn -0.028723 -0.388607 -0.920956
vn -0.028723 -0.388607 -0.920956
vn -0.140287 0.085282 0.986431
vn -0.140287 0.085282 0.986431
vn -0.140287 0.085282 0.986431
vn 0.012875 -0.242422 0.970086
vn 0.012875 -0.242422 0.970086
vn 0.012875 -0.242422 0.970086
vn 0.067472 0.409828 -0.909664
vn 0.067472 0.409828 -0.909664
vn 0.067472 0.409828 -0.909664
vn 0.056843 -0.053276 0.996961
vn 0.056843 -0.053276 0.996961
vn 0.056843 -0.053276 0.996961
vn -0.310962 0.054077 -0.948883
vn -0.310962 0.054077 -0.948883
vn -0.310962 0.054077 -0.948883
vn -0.929258 0.367152 -0.040974
vn -0.929258 0.367152 -0.040974
vn -0.929258 0.367152 -0.040974
vn -0.117037 0.584726 0.802744
vn -0.117037 0.584726 0.802744
vn -0.117037 0.584726 0.802744
vn -0.116895 0.343298 0.931924
vn -0.116895 0.343298 0.931924
vn -0.116895 0.343298 0.931924
vn -0.325735 0.344161 0.880596
vn -0.325735 0.344161 0.880596
vn -0.325735 0.344161 0.880596
vn -0.011396 -0.997503 -0.069704
vn -0.023541 -0.813347 -0.581303
vn -0.011396 -0.997503 -0.069704
vn -0.973598 0.220104 0.060512
vn -0.973598 0.220104 0.060512
vn -0.973598 0.220104 0.060512
vn -0.965998 0.238469 0.099902
vn -0.965998 0.238469 0.099902
vn -0.965998 0.238469 0.099902
vn 0.878575 -0.453884 -0.148646
vn 0.736432 -0.370178 0.566247
vn 0.878575 -0.453884 -0.148646
vn 0.736432 -0.370178 0.566247
vn 0.197881 -0.087212 0.976339
vn 0.197881 -0.087212 0.976339
vn 0.569648 -0.705387 -0.421818
vn 0.569648 -0.705387 -0.421818
vn 0.569648 -0.705387 -0.421818
vn -0.426418 -0.536132 -0.728512
vn -0.426418 -0.536132 -0.728512
vn -0.426418 -0.536132 -0.728512
vn -0.479019 -0.877795 -0.004042
vn -0.51443 -0.857344 -0.017955
vn -0.479019 -0.877795 -0.004042
vn -0.548882 -0.835294 -0.031834
vn -0.51443 -0.857344 -0.017955
vn -0.548882 -0.835294 -0.031834
vn -0.822057 -0.569214 -0.014757
vn -0.760688 -0.648041 0.037366
vn -0.760688 -0.648041 0.037366
vn -0.822057 -0.569214 -0.014757
vn -0.872989 -0.48316 -0.066693
vn -0.872989 -0.48316 -0.066693
vn -0.550975 -0.832514 -0.05785
vn -0.550975 -0.832514 -0.05785
vn -0.550975 -0.832514 -0.05785
vn -0.767061 -0.637423 0.072864
vn -0.767061 -0.637423 0.072864
vn -0.767061 -0.637423 0.072864
vn -0.716651 -0.691181 0.093173
vn -0.716651 -0.691181 0.093173
vn -0.763385 -0.631646 -0.135155
vn -0.765948 -0.535563 -0.355663
vn -0.763385 -0.631646 -0.135155
vn -0.765948 -0.535563 -0.355663
vn -0.582764 -0.670092 -0.459743
vn -0.668893 -0.568744 -0.478657
vn -0.668893 -0.568744 -0.478657
vn -0.582764 -0.670092 -0.459743
vn -0.041354 -0.819414 -0.571709
vn -0.041354 -0.819414 -0.571709
vn -0.041354 -0.819414 -0.571709
vn -0.041354 -0.819414 -0.571709
vn 0.41254 -0.69856 -0.584658
vn -0.634811 -0.2663 0.725327
vn -0.634811 -0.2663 0.725327
vn -0.634811 -0.2663 0.725327
vn -0.62844 -0.38006 0.678688
vn -0.62844 -0.38006 0.678688
vn -0.62844 -0.38006 0.678688
vn 0.006071 -0.907555 -0.419889
vn 0.006071 -0.907555 -0.419889
vn 0.006071 -0.907555 -0.419889
vn -0.856232 -0.489081 0.166335
vn -0.856232 -0.489081 0.166335
vn -0.856232 -0.489081 0.166335
vn -0.768586 -0.638623 -0.03791
vn -0.768586 -0.638623 -0.03791
vn -0.768586 -0.638623 -0.03791
vn -0.659785 -0.750723 -0.033143
vn -0.712896 -0.701262 0.003212
vn -0.659785 -0.750723 -0.033143
vn -0.76131 -0.647181 0.039546
vn -0.712896 -0.701262 0.003212
vn -0.76131 -0.647181 0.039546
vn -0.694454 -0.718663 0.03546
vn -0.624022 -0.78136 -0.008585
vn -0.694454 -0.718663 0.03546
vn -0.54683 -0.835594 -0.052537
vn -0.624022 -0.78136 -0.008585
vn -0.54683 -0.835594 -0.052537
vn -0.851754 -0.516774 -0.086368
vn -0.851754 -0.516774 -0.086368
vn -0.851754 -0.516774 -0.086368
vn -0.875304 -0.480706 -0.052588
vn -0.875304 -0.480706 -0.052588
vn -0.875304 -0.480706 -0.052588
vn -0.808701 -0.586408 -0.046141
vn -0.808701 -0.586408 -0.046141
vn -0.808701 -0.586408 -0.046141
vn -0.753438 -0.654723 -0.060569
vn -0.753438 -0.654723 -0.060569
vn -0.753438 -0.654723 -0.060569
vn -0.900656 -0.424659 -0.092112
vn -0.900656 -0.424659 -0.092112
vn -0.900656 -0.424659 -0.092112
vn -0.883377 -0.466651 -0.043373
vn -0.883377 -0.466651 -0.043373
vn -0.883377 -0.466651 -0.043373
vn -0.779533 -0.625812 -0.0262
vn -0.779533 -0.625812 -0.0262
vn -0.779533 -0.625812 -0.0262
vn -0.21694 -0.921726 0.321495
vn -0.21694 -0.921726 0.321495
vn -0.21694 -0.921726 0.321495
vn -0.360328 0.829741 0.426255
vn -0.360328 0.829741 0.426255
vn -0.360328 0.829741 0.426255
vn 0.230558 -0.909323 0.346374
vn 0.230558 -0.909323 0.346374
vn 0.230558 -0.909323 0.346374
vn -0.307868 -0.289198 0.906412
vn -0.307868 -0.289198 0.906412
vn -0.307868 -0.289198 0.906412
vn -0.297415 -0.457455 0.838021
vn -0.297415 -0.457455 0.838021
vn -0.297415 -0.457455 0.838021
vn -0.386241 -0.329655 0.861479
vn -0.390534 -0.229172 0.891607
vn -0.386241 -0.329655 0.861479
vn -0.390521 -0.126163 0.911908
vn -0.390534 -0.229172 0.891607
vn -0.390521 -0.126163 0.911908
vn -0.230599 -0.378791 0.896293
vn -0.262448 -0.288765 0.920726
vn -0.230599 -0.378791 0.896293
vn -0.291746 -0.195933 0.936213
vn -0.262448 -0.288765 0.920726
vn -0.291746 -0.195933 0.936213
vn -0.412648 -0.074461 0.907842
vn -0.429293 -0.111699 0.896231
vn -0.412648 -0.074461 0.907842
vn -0.445166 -0.148736 0.883009
vn -0.429293 -0.111699 0.896231
vn -0.445166 -0.148736 0.883009
vn -0.497747 0.003622 0.867314
vn -0.497747 0.003622 0.867314
vn -0.497747 0.003622 0.867314
vn -0.409043 -0.123374 0.904136
vn -0.409043 -0.123374 0.904136
vn -0.409043 -0.123374 0.904136
vn -0.393025 -0.290014 0.872596
vn -0.393025 -0.290014 0.872596
vn -0.393025 -0.290014 0.872596
vn -0.456059 -0.160435 0.875369
vn -0.463118 -0.177476 0.868346
vn -0.456059 -0.160435 0.875369
vn -0.469995 -0.194448 0.860984
vn -0.463118 -0.177476 0.868346
vn -0.469995 -0.194448 0.860984
vn -0.466888 -0.204208 0.860415
vn -0.466888 -0.204208 0.860415
vn -0.466888 -0.204208 0.860415
vn 0.868861 0.488559 0.079939
vn 0.868861 0.488559 0.079939
vn 0.868861 0.488559 0.079939
vn 0.007674 -0.436503 -0.89967
vn 0.007674 -0.436503 -0.89967
vn 0.007674 -0.436503 -0.89967
vn -0.127676 -0.113426 -0.985309
vn -0.127676 -0.113426 -0.985309
vn -0.127676 -0.113426 -0.985309
vn -0.168775 -0.193088 -0.966557
vn -0.168775 -0.193088 -0.966557
vn -0.168775 -0.193088 -0.966557
vn -0.163797 -0.207394 -0.964447
vn -0.163797 -0.207394 -0.964447
vn -0.163797 -0.207394 -0.964447
vn 0.265549 0.123475 0.956158
vn 0.265549 0.123475 0.956158
vn 0.265549 0.123475 0.956158
vn 0.052618 0.396696 0.916441
vn 0.052618 0.396696 0.916441
vn 0.052618 0.396696 0.916441
vn -0.060233 -0.377258 -0.924147
vn -0.060233 -0.377258 -0.924147
vn -0.060233 -0.377258 -0.924147
vn 0.108154 -0.082389 -0.990714
vn 0.108154 -0.082389 -0.990714
vn 0.108154 -0.082389 -0.990714
vn 0.484791 -0.657645 0.576611
vn 0.484791 -0.657645 0.576611
vn 0.484791 -0.657645 0.576611
vn -0.997495 -0.015436 -0.069032
vn -0.997495 -0.015436 -0.069032
vn -0.997495 -0.015436 -0.069032
vn -0.995425 -0.028327 -0.091253
vn -0.995425 -0.028327 -0.091253
vn -0.995425 -0.028327 -0.091253
vn -0.722023 0.690775 -0.038899
vn -0.722023 0.690775 -0.038899
vn -0.722023 0.690775 -0.038899
vn 0.066652 -0.775375 0.627974
vn 0.066652 -0.775375 0.627974
vn 0.066652 -0.775375 0.627974
vn -0.470517 -0.239601 0.849238
vn -0.470517 -0.239601 0.849238
vn -0.470517 -0.239601 0.849238
vn -0.484127 -0.16501 0.859298
vn -0.484127 -0.16501 0.859298
vn -0.484127 -0.16501 0.859298
vn -0.569475 -0.097679 0.816185
vn -0.569475 -0.097679 0.816185
vn -0.569475 -0.097679 0.816185
vn -0.555186 0.052989 0.830037
vn -0.555186 0.052989 0.830037
vn -0.555186 0.052989 0.830037
vn -0.905189 0.411955 -0.104531
vn -0.905189 0.411955 -0.104531
vn -0.905189 0.411955 -0.104531
vn -0.947864 0.317302 -0.029535
vn -0.947864 0.317302 -0.029535
vn -0.947864 0.317302 -0.029535
vn -0.306966 0.299394 -0.903402
vn -0.306966 0.299394 -0.903402
vn -0.306966 0.299394 -0.903402
vn -0.349543 0.046142 -0.935783
vn -0.303044 0.017688 -0.952812
vn -0.349543 0.046142 -0.935783
vn -0.255557 -0.010823 -0.966733
vn -0.303044 0.017688 -0.952812
vn -0.255557 -0.010823 -0.966733
vn -0.244397 -0.056183 -0.968046
vn -0.244397 -0.056183 -0.968046
vn -0.244397 -0.056183 -0.968046
vn -0.023727 0.454182 0.890593
vn 0.076708 0.855699 0.511756
vn 0.076708 0.855699 0.511756
vn 0.076708 0.855699 0.511756
vn 0.076708 0.855699 0.511756
vn 0.152993 0.987825 -0.028192
vn -0.089209 -0.387907 -0.917371
vn -0.089209 -0.387907 -0.917371
vn -0.089209 -0.387907 -0.917371
vn -0.605778 0.669401 0.430041
vn -0.605778 0.669401 0.430041
vn -0.605778 0.669401 0.430041
vn -0.18428 -0.901193 0.392291
vn -0.097772 -0.773712 0.625948
vn -0.18428 -0.901193 0.392291
vn -0.031809 0.565405 -0.824199
vn -0.033696 0.602477 -0.797424
vn -0.033696 0.602477 -0.797424
vn -0.031809 0.565405 -0.824199
vn -0.029855 0.527149 -0.849248
vn -0.029855 0.527149 -0.849248
vn -0.266848 0.070895 -0.961127
vn -0.266848 0.070895 -0.961127
vn -0.266848 0.070895 -0.961127
vn 0.05075 0.539402 -0.840518
vn 0.039276 0.50557 -0.861891
vn 0.05075 0.539402 -0.840518
vn 0.027735 0.470862 -0.881771
vn 0.039276 0.50557 -0.861891
vn 0.027735 0.470862 -0.881771
vn 0.471254 0.802189 -0.366625
vn 0.471254 0.802189 -0.366625
vn 0.471254 0.802189 -0.366625
vn 0.43724 0.747736 -0.499713
vn 0.390128 0.795341 -0.463932
vn 0.43724 0.747736 -0.499713
vn 0.340766 0.83836 -0.425477
vn 0.390128 0.795341 -0.463932
vn 0.340992 0.837831 -0.426337
vn 0.341218 0.837301 -0.427197
vn 0.340992 0.837831 -0.426337
vn 0.341218 0.837301 -0.427197
vn -0.024058 0.179198 -0.983519
vn -0.271226 0.215037 -0.938187
vn -0.271226 0.215037 -0.938187
vn -0.024058 0.179198 -0.983519
vn 0.224661 0.131813 -0.96548
vn 0.224661 0.131813 -0.96548
vn -0.321466 -0.245928 0.914428
vn -0.321466 -0.245928 0.914428
vn -0.321466 -0.245928 0.914428
vn 0.823358 0.26771 -0.500412
vn 0.823358 0.26771 -0.500412
vn 0.823358 0.26771 -0.500412
vn -0.731007 -0.148678 0.665975
vn -0.731007 -0.148678 0.665975
vn -0.731007 -0.148678 0.665975
vn 0.993632 0.11198 0.01248
vn 0.993632 0.11198 0.01248
vn 0.993632 0.11198 0.01248
vn 0.793597 0.441955 0.418186
vn 0.782981 0.487721 0.386094
vn 0.793597 0.441955 0.418186
vn 0.769831 0.531908 0.352752
vn 0.782981 0.487721 0.386094
vn 0.769831 0.531908 0.352752
vn 0.734057 0.60773 0.303027
vn 0.666283 0.619669 0.414823
vn 0.734057 0.60773 0.303027
vn 0.734057 0.60773 0.303027
vn 0.734057 0.60773 0.303027
vn 0.78918 0.585317 0.186008
vn -0.596692 -0.799866 0.064593
vn -0.596692 -0.799866 0.064593
vn -0.596692 -0.799866 0.064593
vn -0.435768 -0.845855 0.307629
vn -0.435768 -0.845855 0.307629
vn -0.435768 -0.845855 0.307629
vn 0.885619 -0.454359 0.096109
vn 0.885619 -0.454359 0.096109
vn 0.885619 -0.454359 0.096109
vn 0.756088 -0.651394 0.063379
vn 0.756088 -0.651394 0.063379
vn 0.756088 -0.651394 0.063379
vn 0.774994 -0.616133 0.140586
vn 0.774994 -0.616133 0.140586
vn 0.774994 -0.616133 0.140586
vn 0.621632 -0.491509 -0.609911
vn 0.621632 -0.491509 -0.609911
vn 0.621632 -0.491509 -0.609911
vn 0.714696 -0.475298 -0.513129
vn 0.714696 -0.475298 -0.513129
vn 0.714696 -0.475298 -0.513129
vn 0.317508 -0.750854 -0.579143
vn 0.317508 -0.750854 -0.579143
vn 0.317508 -0.750854 -0.579143
vn 0.321932 -0.736304 -0.595161
vn 0.372833 -0.890713 -0.260048
vn 0.321932 -0.736304 -0.595161
vn 0.37201 -0.921551 0.111142
vn 0.372833 -0.890713 -0.260048
vn 0.37201 -0.921551 0.111142
vn 0.335949 -0.926735 0.168225
vn 0.335949 -0.926735 0.168225
vn 0.335949 -0.926735 0.168225
vn -0.079328 -0.982261 0.169913
vn -0.079328 -0.982261 0.169913
vn -0.079328 -0.982261 0.169913
vn -0.034036 -0.988877 -0.144787
vn -0.025688 -0.966261 0.25628
vn -0.025688 -0.966261 0.25628
vn -0.034036 -0.988877 -0.144787
vn -0.036889 -0.851854 -0.522479
vn -0.036889 -0.851854 -0.522479
vn -0.04181 -0.846972 -0.52999
vn -0.04181 -0.846972 -0.52999
vn -0.04181 -0.846972 -0.52999
vn -0.441168 -0.745309 -0.499886
vn -0.441168 -0.745309 -0.499886
vn -0.441168 -0.745309 -0.499886
vn -0.575486 -0.77518 -0.260598
vn -0.575486 -0.77518 -0.260598
vn -0.575486 -0.77518 -0.260598
vn -0.578364 -0.773652 -0.258762
vn -0.578364 -0.773652 -0.258762
vn -0.578364 -0.773652 -0.258762
vn -0.619549 -0.772615 -0.138658
vn -0.535562 -0.843642 -0.037983
vn -0.619549 -0.772615 -0.138658
vn -0.439667 -0.895911 0.063536
vn -0.535562 -0.843642 -0.037983
vn -0.439667 -0.895911 0.063536
vn 0.04179 0.707064 -0.705913
vn 0.04179 0.707064 -0.705913
vn 0.04179 0.707064 -0.705913
vn 0.535478 0.591341 -0.602975
vn 0.535478 0.591341 -0.602975
vn 0.535478 0.591341 -0.602975
vn 0.578912 0.52084 -0.627365
vn 0.578912 0.52084 -0.627365
vn 0.578912 0.52084 -0.627365
vn 0.242594 0.579464 -0.778055
vn 0.265306 0.509451 -0.81858
vn 0.265306 0.509451 -0.81858
vn 0.242594 0.579464 -0.778055
vn 0.21817 0.645387 -0.732036
vn 0.21817 0.645387 -0.732036
vn 0.486902 0.197443 -0.850848
vn 0.630352 0.472227 -0.616164
vn 0.630352 0.472227 -0.616164
vn 0.486902 0.197443 -0.850848
vn 0.269851 -0.107187 -0.956918
vn 0.269851 -0.107187 -0.956918
vn 0.204086 -0.046835 -0.977832
vn 0.204086 -0.046835 -0.977832
vn 0.204086 -0.046835 -0.977832
vn 0.207239 -0.037605 -0.977567
vn 0.207239 -0.037605 -0.977567
vn 0.207239 -0.037605 -0.977567
vn 0.262489 -0.195744 -0.944872
vn 0.262489 -0.195744 -0.944872
vn 0.262489 -0.195744 -0.944872
vn 0.042711 -0.302181 -0.952293
vn 0.044896 -0.234026 -0.971193
vn 0.042711 -0.302181 -0.952293
vn 0.046856 -0.164701 -0.98523
vn 0.044896 -0.234026 -0.971193
vn 0.046856 -0.164701 -0.98523
vn 0.01559 -0.176835 -0.984117
vn 0.01559 -0.176835 -0.984117
vn 0.01559 -0.176835 -0.984117
vn -0.053928 -0.068609 -0.996185
vn -0.053928 -0.068609 -0.996185
vn -0.053928 -0.068609 -0.996185
vn -0.137698 -0.029765 -0.990027
vn -0.1464 -0.036076 -0.988567
vn -0.137698 -0.029765 -0.990027
vn -0.155086 -0.042383 -0.986991
vn -0.1464 -0.036076 -0.988567
vn -0.155086 -0.042383 -0.986991
vn -0.786566 0.248413 -0.565336
vn -0.786566 0.248413 -0.565336
vn -0.786566 0.248413 -0.565336
vn -0.817213 0.342665 -0.463405
vn -0.915262 0.370792 -0.157507
vn -0.817213 0.342665 -0.463405
vn 0.784495 0.598535 -0.162243
vn 0.784495 0.598535 -0.162243
vn 0.784495 0.598535 -0.162243
vn 0.753877 0.593441 -0.281953
vn 0.753877 0.593441 -0.281953
vn 0.753877 0.593441 -0.281953
vn 0.646314 0.675178 -0.355545
vn 0.646314 0.675178 -0.355545
vn 0.646314 0.675178 -0.355545
vn 0.866549 0.326106 -0.377819
vn 0.731911 0.191157 -0.654038
vn 0.731911 0.191157 -0.654038
vn 0.866549 0.326106 -0.377819
vn 0.903583 0.424324 -0.059045
vn 0.903583 0.424324 -0.059045
vn 0.794531 -0.302996 -0.526227
vn 0.794531 -0.302996 -0.526227
vn 0.775709 -0.257095 -0.576349
vn 0.775709 -0.257095 -0.576349
vn 0.753029 -0.209916 -0.623604
vn 0.753029 -0.209916 -0.623604
vn 0.930984 -0.361268 -0.052485
vn 0.991647 -0.128976 0.001182
vn 0.930984 -0.361268 -0.052485
vn 0.992296 0.111121 0.054777
vn 0.991647 -0.128976 0.001182
vn 0.992296 0.111121 0.054777
vn 0.821046 0.53616 -0.196
vn 0.821046 0.53616 -0.196
vn 0.821046 0.53616 -0.196
vn 0.776015 0.59586 0.206765
vn 0.776015 0.59586 0.206765
vn 0.776015 0.59586 0.206765
vn 0.80043 -0.146107 -0.581348
vn 0.80043 -0.146107 -0.581348
vn 0.80043 -0.146107 -0.581348
vn 0.075713 -0.163163 0.98369
vn 0.107896 -0.146579 0.983297
vn 0.107896 -0.146579 0.983297
vn 0.075713 -0.163163 0.98369
vn 0.043431 -0.179533 0.982793
vn 0.043431 -0.179533 0.982793
vn 0.285818 -0.246094 0.926146
vn 0.285818 -0.246094 0.926146
vn 0.285818 -0.246094 0.926146
vn 0.280023 -0.266818 0.922169
vn 0.280023 -0.266818 0.922169
vn 0.280023 -0.266818 0.922169
vn 0.297549 -0.329436 0.896067
vn 0.297549 -0.329436 0.896067
vn 0.209407 -0.367626 0.90609
vn 0.209407 -0.367626 0.90609
vn 0.098904 -0.387073 0.916729
vn 0.119312 -0.402387 0.907661
vn 0.078423 -0.371475 0.925125
vn 0.098904 -0.387073 0.916729
vn 0.078423 -0.371475 0.925125
vn 0.018926 -0.391361 0.920043
vn 0.018926 -0.391361 0.920043
vn 0.018926 -0.391361 0.920043
vn -0.068248 -0.501811 0.862281
vn -0.068248 -0.501811 0.862281
vn -0.068248 -0.501811 0.862281
vn -0.218661 -0.330006 0.918305
vn -0.267605 -0.361591 0.893107
vn -0.267605 -0.361591 0.893107
vn -0.218661 -0.330006 0.918305
vn -0.168836 -0.297092 0.939803
vn -0.168836 -0.297092 0.939803
vn -0.692244 0.086965 0.716404
vn -0.692244 0.086965 0.716404
vn -0.692244 0.086965 0.716404
vn -0.619676 0.108335 0.777345
vn -0.619676 0.108335 0.777345
vn -0.619676 0.108335 0.777345
vn -0.927706 0.34735 0.136785
vn -0.936299 0.333972 0.108659
vn -0.927706 0.34735 0.136785
vn -0.927706 0.34735 0.136785
vn -0.927706 0.34735 0.136785
vn -0.915262 0.370792 -0.157507
vn 0.922408 0.385466 0.024085
vn 0.922408 0.385466 0.024085
vn 0.922408 0.385466 0.024085
vn 0.847851 0.496198 -0.186911
vn 0.847851 0.496198 -0.186911
vn 0.850486 0.517219 0.095694
vn 0.850486 0.517219 0.095694
vn 0.784815 0.4967 0.370614
vn 0.784815 0.4967 0.370614
vn 0.952247 0.302473 0.041677
vn 0.952247 0.302473 0.041677
vn 0.952247 0.302473 0.041677
vn 0.654194 0.740458 0.154117
vn 0.654194 0.740458 0.154117
vn 0.654194 0.740458 0.154117
vn 0.746771 0.399659 0.531607
vn 0.746771 0.399659 0.531607
vn 0.746771 0.399659 0.531607
vn 0.813646 0.290097 0.503809
vn 0.813646 0.290097 0.503809
vn 0.813646 0.290097 0.503809
vn 0.716054 0.628402 0.303936
vn 0.716054 0.628402 0.303936
vn 0.716054 0.628402 0.303936
vn 0.779432 0.619456 -0.093598
vn 0.779432 0.619456 -0.093598
vn 0.779432 0.619456 -0.093598
vn 0.776673 0.623743 -0.087888
vn 0.835773 0.538808 -0.105688
vn 0.776673 0.623743 -0.087888
vn 0.666139 0.452641 -0.592768
vn 0.666139 0.452641 -0.592768
vn 0.666139 0.452641 -0.592768
vn 0.599692 0.702504 -0.383219
vn 0.599692 0.702504 -0.383219
vn 0.599692 0.702504 -0.383219
vn 0.764973 0.472301 -0.43789
vn 0.764973 0.472301 -0.43789
vn 0.764973 0.472301 -0.43789
vn 0.858539 0.510138 0.051676
vn 0.875926 0.481139 -0.035479
vn 0.875926 0.481139 -0.035479
vn 0.875926 0.481139 -0.035479
vn 0.875926 0.481139 -0.035479
vn 0.835773 0.538808 -0.105688
vn -0.115341 0.27549 -0.954359
vn -0.115341 0.27549 -0.954359
vn -0.115341 0.27549 -0.954359
vn 0.381702 0.347816 -0.856346
vn 0.381702 0.347816 -0.856346
vn 0.381702 0.347816 -0.856346
vn 0.577332 0.488962 -0.653914
vn 0.506055 0.489228 -0.710327
vn 0.506055 0.489228 -0.710327
vn 0.577332 0.488962 -0.653914
vn 0.643838 0.484657 -0.592098
vn 0.643838 0.484657 -0.592098
vn 0.732236 0.675305 -0.08828
vn 0.747669 0.65265 -0.122634
vn 0.732236 0.675305 -0.08828
vn 0.774987 0.627699 0.073417
vn 0.747669 0.65265 -0.122634
vn 0.761658 0.628734 -0.156751
vn 0.774987 0.627699 0.073417
vn 0.734988 0.600939 0.31411
vn 0.74712 0.593297 0.299683
vn 0.722551 0.608332 0.328408
vn 0.734988 0.600939 0.31411
vn 0.722551 0.608332 0.328408
vn 0.118715 0.254461 0.959769
vn 0.118715 0.254461 0.959769
vn 0.118715 0.254461 0.959769
vn 0.474457 0.151141 0.867206
vn 0.474457 0.151141 0.867206
vn 0.474457 0.151141 0.867206
vn -0.320282 0.0254 0.946981
vn -0.320282 0.0254 0.946981
vn -0.320282 0.0254 0.946981
vn -0.657151 -0.743078 0.126442
vn -0.657151 -0.743078 0.126442
vn -0.657151 -0.743078 0.126442
vn -0.683649 0.577566 0.44614
vn -0.683649 0.577566 0.44614
vn -0.683649 0.577566 0.44614
vn -0.631588 0.608285 0.480714
vn -0.631588 0.608285 0.480714
vn -0.631588 0.608285 0.480714
vn -0.787475 0.216416 0.577102
vn -0.787475 0.216416 0.577102
vn -0.787475 0.216416 0.577102
vn -0.796693 0.265396 0.542996
vn -0.803643 0.22535 0.550795
vn -0.796693 0.265396 0.542996
vn -0.809217 0.184917 0.55765
vn -0.803643 0.22535 0.550795
vn -0.818629 0.249461 0.517316
vn -0.823226 0.312538 0.47394
vn -0.818629 0.249461 0.517316
vn -0.823226 0.312538 0.47394
vn 0.188073 -0.391506 0.90075
vn 0.188073 -0.391506 0.90075
vn 0.188073 -0.391506 0.90075
vn 0.214404 0.313711 0.924995
vn 0.214404 0.313711 0.924995
vn 0.214404 0.313711 0.924995
vn -0.023092 0.435639 0.899825
vn -0.023092 0.435639 0.899825
vn -0.023092 0.435639 0.899825
vn -0.263764 0.043472 0.963607
vn -0.25447 -0.006064 0.967062
vn -0.25447 -0.006064 0.967062
vn -0.263764 0.043472 0.963607
vn -0.286033 0.049997 0.956914
vn -0.272386 0.092897 0.957693
vn -0.299101 0.006995 0.954196
vn -0.286033 0.049997 0.956914
vn -0.299101 0.006995 0.954196
vn -0.358973 0.207309 0.910034
vn -0.358973 0.207309 0.910034
vn -0.358973 0.207309 0.910034
vn 0.205188 -0.228416 0.951695
vn 0.205188 -0.228416 0.951695
vn 0.205188 -0.228416 0.951695
vn 0.209757 -0.286583 0.934812
vn 0.242516 -0.222541 0.944278
vn 0.242516 -0.222541 0.944278
vn 0.209757 -0.286583 0.934812
vn 0.175893 -0.349116 0.920424
vn 0.175893 -0.349116 0.920424
vn 0.031101 -0.232805 0.972026
vn 0.031101 -0.232805 0.972026
vn 0.031101 -0.232805 0.972026
vn 0.219052 0.922459 -0.317941
vn 0.219052 0.922459 -0.317941
vn 0.219052 0.922459 -0.317941
vn 0.638791 0.515213 0.571403
vn 0.638791 0.515213 0.571403
vn 0.638791 0.515213 0.571403
vn 0.618761 0.563561 0.547297
vn 0.618761 0.563561 0.547297
vn 0.618761 0.563561 0.547297
vn -0.408816 0.066964 0.910157
vn -0.408816 0.066964 0.910157
vn -0.408816 0.066964 0.910157
vn -0.419625 0.097591 0.902436
vn -0.419625 0.097591 0.902436
vn -0.153903 -0.077111 0.985072
vn 0.181141 -0.216277 0.959381
vn -0.153903 -0.077111 0.985072
vn 0.128434 -0.243488 0.961363
vn 0.181141 -0.216277 0.959381
vn 0.465073 -0.316331 0.826826
vn 0.233209 -0.188305 0.95402
vn 0.656787 -0.417049 0.628252
vn 0.465073 -0.316331 0.826826
vn 0.656787 -0.417049 0.628252
vn 0.372055 -0.5337 0.759434
vn 0.372055 -0.5337 0.759434
vn 0.372055 -0.5337 0.759434
vn 0.46084 -0.4902 0.739818
vn 0.46084 -0.4902 0.739818
vn 0.095588 -0.402089 0.910597
vn 0.095588 -0.402089 0.910597
vn -0.425247 0.088268 0.900763
vn -0.285946 -0.245487 0.926267
vn -0.508649 0.41042 0.756856
vn -0.425247 0.088268 0.900763
vn -0.508649 0.41042 0.756856
vn 0.162564 0.139758 0.97675
vn 0.240221 0.135667 0.961191
vn 0.240221 0.135667 0.961191
vn 0.162564 0.139758 0.97675
vn 0.083884 0.14297 0.986166
vn 0.083884 0.14297 0.986166
vn 0.078935 0.108653 0.990941
vn 0.144948 0.114218 0.982825
vn 0.144948 0.114218 0.982825
vn 0.078935 0.108653 0.990941
vn 0.097311 0.039263 0.994479
vn 0.01257 0.102604 0.994643
vn 0.180964 -0.024519 0.983184
vn 0.097311 0.039263 0.994479
vn 0.180964 -0.024519 0.983184
vn 0.150197 -0.013598 0.988563
vn 0.150197 -0.013598 0.988563
vn 0.150197 -0.013598 0.988563
vn 0.015834 0.132977 0.990993
vn 0.015834 0.132977 0.990993
vn 0.015834 0.132977 0.990993
vn 0.06455 0.183564 0.980886
vn 0.06455 0.183564 0.980886
vn 0.06455 0.183564 0.980886
vn 0.161298 -0.017013 0.986759
vn 0.18445 0.057392 0.981165
vn 0.161298 -0.017013 0.986759
vn 0.434221 0.048786 -0.899485
vn 0.434221 0.048786 -0.899485
vn 0.434221 0.048786 -0.899485
vn 0.453308 -0.00558 -0.891337
vn 0.453308 -0.00558 -0.891337
vn 0.453308 -0.00558 -0.891337
vn 0.451915 -0.004803 -0.892048
vn 0.450722 0.033546 -0.892034
vn 0.451915 -0.004803 -0.892048
vn 0.455895 -0.016696 -0.889877
vn 0.455895 -0.016696 -0.889877
vn 0.455895 -0.016696 -0.889877
vn -0.501221 0.013081 0.865221
vn -0.501221 0.013081 0.865221
vn -0.501221 0.013081 0.865221
vn -0.556463 0.076237 0.827368
vn -0.556463 0.076237 0.827368
vn -0.556463 0.076237 0.827368
vn 0.98302 0.161462 -0.087188
vn 0.98302 0.161462 -0.087188
vn 0.98302 0.161462 -0.087188
vn 0.86857 0.441793 -0.224512
vn 0.86857 0.441793 -0.224512
vn 0.86857 0.441793 -0.224512
vn 0.29144 0.735946 0.611102
vn 0.29144 0.735946 0.611102
vn 0.29144 0.735946 0.611102
vn 0.661345 0.285909 0.693455
vn 0.661345 0.285909 0.693455
vn 0.661345 0.285909 0.693455
vn 0.699556 0.252073 0.668641
vn 0.699556 0.252073 0.668641
vn 0.699556 0.252073 0.668641
vn 0.931966 0.292039 -0.214834
vn 0.931966 0.292039 -0.214834
vn 0.932548 0.290529 -0.214352
vn 0.932548 0.290529 -0.214352
vn 0.933128 0.289019 -0.213869
vn 0.933128 0.289019 -0.213869
vn 0.922626 0.295504 -0.247868
vn 0.922626 0.295504 -0.247868
vn 0.922626 0.295504 -0.247868
vn 0.683982 0.285782 0.671191
vn 0.683982 0.285782 0.671191
vn 0.683982 0.285782 0.671191
vn 0.768324 0.382672 0.51307
vn 0.768324 0.382672 0.51307
vn 0.768324 0.382672 0.51307
vn 0.824498 0.219367 0.521614
vn 0.829423 0.266709 0.49084
vn 0.824498 0.219367 0.521614
vn 0.831683 0.313194 0.458489
vn 0.829423 0.266709 0.49084
vn 0.831683 0.313194 0.458489
vn 0.93758 0.250975 -0.240741
vn 0.93758 0.250975 -0.240741
vn 0.944139 0.239157 -0.226728
vn 0.937932 0.268092 -0.220025
vn 0.944139 0.239157 -0.226728
vn 0.95034 0.227248 -0.21263
vn 0.937932 0.268092 -0.220025
vn 0.923762 0.308433 -0.227007
vn 0.923762 0.308433 -0.227007
vn 0.909022 0.323412 -0.262839
vn 0.909022 0.323412 -0.262839
vn 0.909022 0.323412 -0.262839
vn 0.963288 0.124989 -0.2376
vn 0.963288 0.124989 -0.2376
vn 0.963288 0.124989 -0.2376
vn 0.91828 0.220144 -0.329086
vn 0.91828 0.220144 -0.329086
vn 0.91828 0.220144 -0.329086
vn 0.82772 0.325492 0.457095
vn 0.82772 0.325492 0.457095
vn 0.82772 0.325492 0.457095
vn 0.826011 0.320059 0.46397
vn 0.826011 0.320059 0.46397
vn 0.826011 0.320059 0.46397
vn 0.859169 0.226175 0.458991
vn 0.861985 0.222439 0.455524
vn 0.861985 0.222439 0.455524
vn 0.859169 0.226175 0.458991
vn 0.856324 0.229904 0.462442
vn 0.856324 0.229904 0.462442
vn 0.893371 -0.053431 0.446131
vn 0.893371 -0.053431 0.446131
vn 0.893371 -0.053431 0.446131
vn 0.66891 -0.203869 0.71484
vn 0.66891 -0.203869 0.71484
vn 0.66891 -0.203869 0.71484
vn 0.490699 -0.853766 0.174065
vn 0.490699 -0.853766 0.174065
vn 0.490699 -0.853766 0.174065
vn 0.52652 -0.843609 -0.105359
vn 0.52652 -0.843609 -0.105359
vn 0.52652 -0.843609 -0.105359
vn 0.531199 -0.842913 -0.085588
vn 0.531199 -0.842913 -0.085588
vn 0.531199 -0.842913 -0.085588
vn 0.530643 -0.843764 -0.080498
vn 0.530643 -0.843764 -0.080498
vn 0.530643 -0.843764 -0.080498
vn 0.911299 0.043118 -0.409482
vn 0.911299 0.043118 -0.409482
vn 0.911299 0.043118 -0.409482
vn 0.98739 -0.014718 -0.157622
vn 0.936336 0.053595 -0.346992
vn 0.98739 -0.014718 -0.157622
vn 0.98739 -0.014718 -0.157622
vn 0.98739 -0.014718 -0.157622
vn 0.995854 -0.082395 0.038547
vn 0.453273 0.060064 -0.889346
vn 0.450722 0.033546 -0.892034
vn 0.448865 0.071845 -0.890707
vn 0.453273 0.060064 -0.889346
vn 0.459203 0.046347 -0.887121
vn 0.457609 0.048273 -0.887842
vn 0.460794 0.04442 -0.886395
vn 0.459203 0.046347 -0.887121
vn 0.460794 0.04442 -0.886395
vn 0.460941 0.034177 -0.886773
vn 0.341432 0.089614 -0.935625
vn 0.460941 0.034177 -0.886773
vn 0.215183 0.143283 -0.966005
vn 0.341432 0.089614 -0.935625
vn 0.215183 0.143283 -0.966005
vn 0.277025 -0.576357 -0.768811
vn 0.277025 -0.576357 -0.768811
vn 0.277025 -0.576357 -0.768811
vn 0.227784 -0.547558 -0.805167
vn 0.227784 -0.547558 -0.805167
vn 0.227784 -0.547558 -0.805167
vn 0.061044 -0.989069 -0.134223
vn 0.059259 -0.989317 -0.133193
vn 0.059259 -0.989317 -0.133193
vn 0.061044 -0.989069 -0.134223
vn 0.062828 -0.988817 -0.135252
vn 0.062828 -0.988817 -0.135252
vn 0.101858 -0.749277 0.654376
vn 0.068679 -0.711381 0.699443
vn 0.068679 -0.711381 0.699443
vn 0.101858 -0.749277 0.654376
vn 0.19094 -0.515911 0.835092
vn 0.134572 -0.783751 0.60632
vn 0.19389 -0.170652 0.966067
vn 0.19094 -0.515911 0.835092
vn 0.223011 -0.182419 0.957596
vn 0.19389 -0.170652 0.966067
vn 0.159105 -0.045987 0.98619
vn 0.164564 -0.158704 0.973515
vn 0.151594 0.067322 0.986148
vn 0.159105 -0.045987 0.98619
vn 0.151594 0.067322 0.986148
vn 0.338569 -0.073835 0.93804
vn 0.338569 -0.073835 0.93804
vn 0.338569 -0.073835 0.93804
vn 0.248775 0.164195 0.954542
vn 0.23059 0.141912 0.962647
vn 0.248775 0.164195 0.954542
vn 0.209342 0.125477 0.969758
vn 0.23059 0.141912 0.962647
vn 0.209342 0.125477 0.969758
vn 0.209342 0.125477 0.969758
vn 0.209342 0.125477 0.969758
vn 0.18445 0.057392 0.981165
vn -0.55659 -0.820349 0.131281
vn -0.55659 -0.820349 0.131281
vn -0.55659 -0.820349 0.131281
vn -0.518991 0.604321 -0.604521
vn -0.518991 0.604321 -0.604521
vn -0.518991 0.604321 -0.604521
vn 0.222299 0.342582 -0.912809
vn 0.222299 0.342582 -0.912809
vn 0.222299 0.342582 -0.912809
vn 0.37908 0.413542 -0.827817
vn 0.37908 0.413542 -0.827817
vn 0.37908 0.413542 -0.827817
vn 0.185995 0.574393 -0.797169
vn 0.185995 0.574393 -0.797169
vn 0.185995 0.574393 -0.797169
vn 0.084189 0.985926 -0.144437
vn 0.084189 0.985926 -0.144437
vn 0.084189 0.985926 -0.144437
vn -0.00105 0.997988 -0.063388
vn -0.00105 0.997988 -0.063388
vn -0.00105 0.997988 -0.063388
vn -0.072576 0.769212 0.634859
vn -0.072576 0.769212 0.634859
vn -0.072576 0.769212 0.634859
vn -0.505508 -0.858151 0.089653
vn -0.505508 -0.858151 0.089653
vn -0.505508 -0.858151 0.089653
vn 0.477787 0.876877 -0.052984
vn 0.477787 0.876877 -0.052984
vn 0.477787 0.876877 -0.052984
vn -0.729119 -0.684321 0.009467
vn -0.729119 -0.684321 0.009467
vn -0.729119 -0.684321 0.009467
vn 0.549327 0.835209 0.025819
vn 0.549327 0.835209 0.025819
vn 0.549327 0.835209 0.025819
vn -0.97607 -0.189555 -0.106569
vn -0.976068 -0.189561 -0.106571
vn -0.976068 -0.189561 -0.106571
vn -0.976068 -0.189561 -0.106571
vn -0.976068 -0.189561 -0.106571
vn -0.976067 -0.189567 -0.106573
vn -0.262516 0.961916 -0.076172
vn -0.262516 0.961916 -0.076172
vn -0.262516 0.961916 -0.076172
vn -0.260203 0.962786 -0.073062
vn -0.260203 0.962786 -0.073062
vn -0.260203 0.962786 -0.073062
vn -0.166197 0.984081 -0.062958
vn -0.166197 0.984081 -0.062958
vn -0.166197 0.984081 -0.062958
vn 0.182648 -0.980702 0.069735
vn 0.182648 -0.980702 0.069735
vn 0.182648 -0.980702 0.069735
vn -0.978617 -0.159228 0.130212
vn -0.978617 -0.159228 0.130212
vn -0.978617 -0.159228 0.130212
vn 0.022927 0.363518 -0.931305
vn 0.022927 0.363518 -0.931305
vn 0.022927 0.363518 -0.931305
vn 0.005769 0.326628 -0.945135
vn 0.005769 0.326628 -0.945135
vn 0.005769 0.326628 -0.945135
vn -0.490996 0.174132 -0.853581
vn -0.490996 0.174132 -0.853581
vn -0.490996 0.174132 -0.853581
vn -0.050832 0.707356 -0.705027
vn -0.050832 0.707356 -0.705027
vn -0.050832 0.707356 -0.705027
vn 0.318625 0.744704 -0.586424
vn 0.318625 0.744704 -0.586424
vn 0.318625 0.744704 -0.586424
vn -0.326527 -0.945038 0.016839
vn -0.326527 -0.945038 0.016839
vn -0.326527 -0.945038 0.016839
vn -0.307812 -0.950994 0.029356
vn -0.307812 -0.950994 0.029356
vn -0.307812 -0.950994 0.029356
vn -0.244484 -0.710367 -0.660005
vn -0.244484 -0.710367 -0.660005
vn -0.244484 -0.710367 -0.660005
vn 0.19273 -0.564716 -0.802466
vn 0.19273 -0.564716 -0.802466
vn 0.19273 -0.564716 -0.802466
vn -0.381296 0.297283 0.875349
vn -0.317899 0.312084 0.89529
vn -0.381296 0.297283 0.875349
vn -0.253029 0.325439 0.911079
vn -0.317899 0.312084 0.89529
vn -0.253029 0.325439 0.911079
vn -0.192596 0.428534 0.88276
vn -0.192596 0.428534 0.88276
vn -0.192596 0.428534 0.88276
vn -0.951845 -0.201429 -0.231121
vn -0.951845 -0.201429 -0.231121
vn -0.951845 -0.201429 -0.231121
vn -0.638372 -0.722914 -0.264342
vn -0.638372 -0.722914 -0.264342
vn -0.638372 -0.722914 -0.264342
vn -0.443493 0.654531 0.612293
vn -0.231987 0.596176 0.768607
vn -0.443493 0.654531 0.612293
vn -0.003644 0.494554 0.869139
vn -0.231987 0.596176 0.768607
vn 0.105044 0.5362 0.837529
vn 0.212204 0.570046 0.793736
vn 0.105044 0.5362 0.837529
vn 0.212204 0.570046 0.793736
vn -0.128126 -0.657089 -0.742844
vn -0.128126 -0.657089 -0.742844
vn -0.128126 -0.657089 -0.742844
vn -0.590137 -0.800529 0.104358
vn -0.590137 -0.800529 0.104358
vn -0.590137 -0.800529 0.104358
vn -0.676198 -0.736356 0.023168
vn -0.676198 -0.736356 0.023168
vn -0.676198 -0.736356 0.023168
vn -0.036515 -0.984504 0.171519
vn -0.036515 -0.984504 0.171519
vn -0.036515 -0.984504 0.171519
vn -0.124735 -0.638208 0.759692
vn 0.077138 -0.910888 0.405379
vn 0.077138 -0.910888 0.405379
vn -0.124735 -0.638208 0.759692
vn -0.296592 -0.211946 0.931189
vn -0.296592 -0.211946 0.931189
vn -0.294947 -0.571894 0.76547
vn -0.294947 -0.571894 0.76547
vn -0.294947 -0.571894 0.76547
vn 0.094465 -0.497095 -0.862538
vn 0.094465 -0.497095 -0.862538
vn 0.094465 -0.497095 -0.862538
vn 0.200293 -0.169096 -0.965033
vn 0.200293 -0.169096 -0.965033
vn 0.200293 -0.169096 -0.965033
vn 0.145983 -0.728941 -0.66883
vn 0.145983 -0.728941 -0.66883
vn 0.145983 -0.728941 -0.66883
vn -0.135902 -0.534716 -0.834032
vn 0.004396 -0.763826 -0.645407
vn 0.004396 -0.763826 -0.645407
vn 0.136129 -0.989476 -0.049055
vn 0.14559 -0.98813 -0.049018
vn 0.136129 -0.989476 -0.049055
vn 0.155038 -0.986694 -0.048976
vn 0.14559 -0.98813 -0.049018
vn 0.139253 -0.985527 -0.096673
vn 0.123117 -0.981871 -0.144125
vn 0.139253 -0.985527 -0.096673
vn 0.123117 -0.981871 -0.144125
vn 0.032782 -0.851353 0.523568
vn -0.057932 -0.780654 0.622273
vn -0.057932 -0.780654 0.622273
vn 0.032782 -0.851353 0.523568
vn 0.122744 -0.902496 0.412837
vn 0.122744 -0.902496 0.412837
vn -0.075479 -0.467513 0.880758
vn -0.089339 -0.290322 0.952749
vn -0.075479 -0.467513 0.880758
vn -0.099914 -0.102457 0.989707
vn -0.089339 -0.290322 0.952749
vn -0.099914 -0.102457 0.989707
vn -0.145277 0.00067 0.989391
vn -0.145277 0.00067 0.989391
vn -0.145277 0.00067 0.989391
vn -0.630205 -0.059815 0.774121
vn -0.630205 -0.059815 0.774121
vn -0.630205 -0.059815 0.774121
vn -0.535896 0.203913 0.819289
vn -0.911705 0.035072 0.409346
vn -0.535896 0.203913 0.819289
vn -0.979546 -0.145616 -0.138871
vn -0.911705 0.035072 0.409346
vn -0.979546 -0.145616 -0.138871
vn -0.976527 -0.16058 -0.143557
vn -0.976527 -0.16058 -0.143557
vn -0.976527 -0.16058 -0.143557
vn -0.238053 -0.275333 -0.931409
vn -0.21424 -0.302319 -0.928819
vn -0.238053 -0.275333 -0.931409
vn -0.238053 -0.275333 -0.931409
vn -0.238053 -0.275333 -0.931409
vn -0.135902 -0.534716 -0.834032
vn 0.306215 -0.629859 -0.7138
vn 0.306215 -0.629859 -0.7138
vn 0.306215 -0.629859 -0.7138
vn 0.351592 -0.458789 -0.816024
vn 0.351592 -0.458789 -0.816024
vn 0.351592 -0.458789 -0.816024
vn 0.190976 -0.513768 -0.836403
vn 0.190976 -0.513768 -0.836403
vn 0.190976 -0.513768 -0.836403
vn 0.079227 -0.374719 -0.923747
vn 0.079227 -0.374719 -0.923747
vn 0.079227 -0.374719 -0.923747
vn 0.289588 -0.32305 -0.900987
vn 0.275125 -0.275353 -0.921134
vn 0.289588 -0.32305 -0.900987
vn 0.259867 -0.22686 -0.938618
vn 0.275125 -0.275353 -0.921134
vn 0.259867 -0.22686 -0.938618
vn 0.28366 -0.143635 -0.948106
vn 0.28366 -0.143635 -0.948106
vn 0.28366 -0.143635 -0.948106
vn 0.104675 -0.099639 -0.989502
vn 0.139196 -0.078139 -0.987177
vn 0.104675 -0.099639 -0.989502
vn 0.173486 -0.056509 -0.983214
vn 0.139196 -0.078139 -0.987177
vn 0.173486 -0.056509 -0.983214
vn 0.95853 0.071841 -0.27579
vn 0.95853 0.071841 -0.27579
vn 0.95853 0.071841 -0.27579
vn 0.771561 0.579206 -0.263086
vn 0.771561 0.579206 -0.263086
vn 0.819982 0.567829 0.072109
vn 0.774245 0.491248 0.399023
vn 0.819982 0.567829 0.072109
vn 0.774245 0.491248 0.399023
vn 0.990695 -0.011599 0.135608
vn 0.990695 -0.011599 0.135608
vn 0.990695 -0.011599 0.135608
vn -0.191699 0.081469 -0.978067
vn -0.191699 0.081469 -0.978067
vn -0.191699 0.081469 -0.978067
vn 0.711394 -0.643467 -0.282612
vn 0.711394 -0.643467 -0.282612
vn 0.711394 -0.643467 -0.282612
vn 0.122022 -0.933728 -0.336545
vn 0.122022 -0.933728 -0.336545
vn 0.122022 -0.933728 -0.336545
vn 0.189395 -0.878067 -0.439464
vn 0.189395 -0.878067 -0.439464
vn 0.189395 -0.878067 -0.439464
vn 0.351839 -0.833143 -0.426711
vn 0.351839 -0.833143 -0.426711
vn 0.351839 -0.833143 -0.426711
vn 0.261468 -0.926495 -0.27063
vn 0.261468 -0.926495 -0.27063
vn 0.261468 -0.926495 -0.27063
vn -0.596936 -0.702254 -0.387951
vn -0.596936 -0.702254 -0.387951
vn -0.596936 -0.702254 -0.387951
vn -0.373706 -0.652983 -0.658754
vn -0.56476 -0.798288 -0.209245
vn -0.56476 -0.798288 -0.209245
vn -0.557987 -0.802997 -0.209397
vn -0.557987 -0.802997 -0.209397
vn -0.557987 -0.802997 -0.209397
vn -0.70609 -0.381261 -0.596722
vn -0.70609 -0.381261 -0.596722
vn -0.70609 -0.381261 -0.596722
vn -0.957565 -0.287919 -0.013125
vn -0.874074 -0.485595 0.01383
vn -0.957565 -0.287919 -0.013125
vn -0.951263 -0.307627 -0.021541
vn -0.951263 -0.307627 -0.021541
vn -0.951263 -0.307627 -0.021541
vn -0.727056 -0.208571 0.654132
vn -0.727056 -0.208571 0.654132
vn -0.727056 -0.208571 0.654132
vn -0.607806 -0.659734 0.441953
vn -0.694705 -0.675661 0.246711
vn -0.607806 -0.659734 0.441953
vn -0.749701 -0.660559 0.040139
vn -0.694705 -0.675661 0.246711
vn -0.874074 -0.485595 0.01383
vn -0.611674 -0.657274 0.44028
vn -0.611674 -0.657274 0.44028
vn -0.611674 -0.657274 0.44028
vn -0.604822 -0.679765 0.414862
vn -0.604822 -0.679765 0.414862
vn -0.236802 -0.844694 0.480017
vn 0.170737 -0.868657 0.465064
vn -0.236802 -0.844694 0.480017
vn 0.170737 -0.868657 0.465064
vn 0.162075 -0.879756 0.446946
vn 0.162075 -0.879756 0.446946
vn 0.162075 -0.879756 0.446946
vn 0.061347 -0.900322 0.430878
vn 0.086237 -0.910094 0.405331
vn 0.061347 -0.900322 0.430878
vn 0.111009 -0.91862 0.379229
vn 0.086237 -0.910094 0.405331
vn 0.111009 -0.91862 0.379229
vn 0.652732 -0.623808 0.429888
vn 0.726146 -0.684206 0.067638
vn 0.652732 -0.623808 0.429888
vn 0.642838 -0.702413 0.305574
vn 0.642838 -0.702413 0.305574
vn 0.642838 -0.702413 0.305574
vn 0.760853 -0.544272 0.35337
vn 0.760853 -0.544272 0.35337
vn 0.760853 -0.544272 0.35337
vn 0.803194 -0.529511 0.272943
vn 0.803194 -0.529511 0.272943
vn 0.803194 -0.529511 0.272943
vn 0.977737 0.029877 0.207697
vn 0.977737 0.029877 0.207697
vn 0.998 0.052501 -0.035208
vn 0.998 0.052501 -0.035208
vn 0.958458 0.07198 -0.276003
vn 0.958458 0.07198 -0.276003
vn 0.766868 -0.543268 -0.341722
vn 0.76761 -0.548743 -0.331145
vn 0.766868 -0.543268 -0.341722
vn 0.768242 -0.554139 -0.32052
vn 0.76761 -0.548743 -0.331145
vn 0.768242 -0.554139 -0.32052
vn 0.697708 -0.648635 -0.304099
vn 0.697708 -0.648635 -0.304099
vn 0.726146 -0.684206 0.067638
vn -0.072158 -0.287097 -0.95518
vn -0.373706 -0.652983 -0.658754
vn -0.085611 -0.338115 -0.937203
vn -0.072158 -0.287097 -0.95518
vn -0.058481 -0.235186 -0.970189
vn -0.058481 -0.235186 -0.970189
vn -0.428619 0.073065 -0.900526
vn -0.430516 0.049355 -0.901233
vn -0.430516 0.049355 -0.901233
vn -0.428619 0.073065 -0.900526
vn -0.707046 0.402182 -0.581666
vn -0.42648 0.096734 -0.899309
vn -0.79465 0.597869 -0.105278
vn -0.707046 0.402182 -0.581666
vn -0.79465 0.597869 -0.105278
vn -0.81666 0.560704 -0.136664
vn -0.763941 0.488804 0.421265
vn -0.81666 0.560704 -0.136664
vn -0.592417 0.213038 0.776954
vn -0.763941 0.488804 0.421265
vn -0.467347 0.260861 0.844712
vn -0.592417 0.213038 0.776954
vn -0.548701 0.001258 0.836018
vn -0.704145 0.160416 0.691698
vn -0.35467 -0.157988 0.921547
vn -0.548701 0.001258 0.836018
vn -0.35467 -0.157988 0.921547
vn -0.320908 -0.135478 0.937371
vn -0.16215 -0.281956 0.945626
vn -0.320908 -0.135478 0.937371
vn 0.02689 -0.335384 0.941698
vn -0.16215 -0.281956 0.945626
vn 0.004185 -0.415258 0.909694
vn 0.02689 -0.335384 0.941698
vn 0.049383 -0.252853 0.966244
vn 0.049383 -0.252853 0.966244
vn -0.035081 -0.273236 0.961307
vn -0.054767 -0.250183 0.966648
vn -0.035081 -0.273236 0.961307
vn -0.074401 -0.226892 0.971074
vn -0.054767 -0.250183 0.966648
vn -0.074401 -0.226892 0.971074
vn 0.077289 -0.176233 0.981309
vn 0.073387 -0.175273 0.981781
vn 0.077289 -0.176233 0.981309
vn 0.069483 -0.174309 0.982236
vn 0.073387 -0.175273 0.981781
vn 0.085565 -0.134129 0.987263
vn 0.141765 -0.144326 0.979323
vn 0.085565 -0.134129 0.987263
vn 0.141765 -0.144326 0.979323
vn 0.141765 -0.144326 0.979323
vn 0.141765 -0.144326 0.979323
vn 0.181435 -0.194336 0.96401

# hhh, 637 grouped triangles

usemtl g
o hhh
g hhh

f 1/1/1 2/2/2 3/3/3
f 4/4/4 5/5/5 6/6/6
f 7/7/7 8/8/8 9/9/9
f 10/10/10 11/11/11 12/12/12
f 13/13/13 14/14/14 15/15/15
f 16/16/16 17/17/17 18/18/18
f 19/19/19 20/20/20 21/21/21
f 22/22/22 23/23/23 24/24/24
f 25/25/25 26/26/26 27/27/27
f 28/28/28 29/29/29 30/30/30
f 31/31/31 32/32/32 33/33/33
f 34/34/34 35/35/35 36/36/36
f 37/37/37 38/38/38 39/39/39
f 40/40/40 41/41/41 42/42/42
f 43/43/43 44/44/44 45/45/45
f 46/46/46 47/47/47 48/48/48
f 46/49/49 49/50/50 31/51/51
f 50/52/52 51/53/53 52/54/54
f 53/55/55 54/56/56 55/57/57
f 56/58/58 57/59/59 58/60/60
f 59/61/61 60/62/62 61/63/63
f 62/64/64 63/65/65 64/66/66
f 65/67/67 66/68/68 67/69/69
f 68/70/70 69/71/71 70/72/72
f 71/73/73 72/74/74 73/75/75
f 74/76/76 75/77/77 76/78/78
f 77/79/79 78/80/80 79/81/81
f 80/82/82 81/83/83 82/84/84
f 83/85/85 84/86/86 85/87/87
f 86/88/88 87/89/89 88/90/90
f 89/91/91 90/92/92 91/93/93
f 92/94/94 93/95/95 94/96/96
f 95/97/97 96/98/98 97/99/99
f 98/100/100 96/101/101 99/102/102
f 100/103/103 101/104/104 102/105/105
f 103/106/106 104/107/107 105/108/108
f 106/109/109 107/110/110 108/111/111
f 109/112/112 110/113/113 111/114/114
f 112/115/115 113/116/116 114/117/117
f 115/118/118 116/119/119 117/120/120
f 118/121/121 116/122/122 119/123/123
f 120/124/124 121/125/125 122/126/126
f 123/127/127 124/128/128 125/129/129
f 123/130/130 126/131/131 127/132/132
f 128/133/133 129/134/134 130/135/135
f 128/136/136 131/137/137 132/138/138
f 133/139/139 134/140/140 135/141/141
f 136/142/142 137/143/143 138/144/144
f 139/145/145 140/146/146 141/147/147
f 142/148/148 143/149/149 144/150/150
f 145/151/151 146/152/152 147/153/153
f 148/154/154 149/155/155 150/156/156
f 151/157/157 150/158/158 152/159/159
f 153/160/160 154/161/161 155/162/162
f 156/163/163 157/164/164 158/165/165
f 156/166/166 159/167/167 160/168/168
f 161/169/169 162/170/170 163/171/171
f 164/172/172 165/173/173 166/174/174
f 167/175/175 168/176/176 169/177/177
f 170/178/178 171/179/179 172/180/180
f 173/181/181 174/182/182 175/183/183
f 176/184/184 177/185/185 178/186/186
f 179/187/187 180/188/188 181/189/189
f 182/190/190 183/191/191 184/192/192
f 185/193/193 186/194/194 187/195/195
f 188/196/196 186/197/197 189/198/198
f 190/199/199 191/200/200 192/201/201
f 193/202/202 194/203/203 195/204/204
f 196/205/205 197/206/206 198/207/207
f 197/208/208 199/209/209 200/210/210
f 201/211/211 202/212/212 203/213/213
f 204/214/214 205/215/215 206/216/216
f 207/217/217 208/218/218 209/219/219
f 207/220/220 210/221/221 211/222/222
f 212/223/223 213/224/224 214/225/225
f 215/226/226 216/227/227 217/228/228
f 218/229/229 219/230/230 220/231/231
f 221/232/232 222/233/233 223/234/234
f 224/235/235 225/236/236 226/237/237
f 227/238/238 228/239/239 229/240/240
f 230/241/241 231/242/242 232/243/243
f 233/244/244 234/245/245 235/246/246
f 236/247/247 234/248/248 237/249/249
f 238/250/250 239/251/251 240/252/252
f 239/253/253 241/254/254 242/255/255
f 243/256/256 244/257/257 245/258/258
f 246/259/259 247/260/260 248/261/261
f 249/262/262 250/263/263 251/264/264
f 252/265/265 253/266/266 254/267/267
f 255/268/268 256/269/269 257/270/270
f 258/271/271 259/272/272 260/273/273
f 261/274/274 262/275/275 263/276/276
f 264/277/277 265/278/278 266/279/279
f 267/280/280 268/281/281 269/282/282
f 270/283/283 271/284/284 272/285/285
f 273/286/286 274/287/287 275/288/288
f 276/289/289 277/290/290 278/291/291
f 279/292/292 280/293/293 281/294/294
f 282/295/295 283/296/296 284/297/297
f 284/298/298 285/299/299 286/300/300
f 287/301/301 288/302/302 289/303/303
f 290/304/304 291/305/305 292/306/306
f 293/307/307 294/308/308 295/309/309
f 296/310/310 297/311/311 298/312/312
f 299/313/313 300/314/314 301/315/315
f 302/316/316 303/317/317 304/318/318
f 305/319/319 306/320/320 307/321/321
f 307/322/322 308/323/323 309/324/324
f 310/325/325 311/326/326 312/327/327
f 313/328/328 314/329/329 315/330/330
f 316/331/331 317/332/332 318/333/333
f 319/334/334 320/335/335 321/336/336
f 322/337/337 320/338/338 323/339/339
f 324/340/340 323/341/341 325/342/342
f 326/343/343 327/344/344 328/345/345
f 329/346/346 330/347/347 331/348/348
f 332/349/349 333/350/350 334/351/351
f 335/352/352 334/353/353 336/354/354
f 337/355/355 338/356/356 339/357/357
f 332/358/358 340/359/359 341/360/360
f 342/361/361 330/362/362 343/363/363
f 344/364/364 345/365/365 346/366/366
f 347/367/367 348/368/368 349/369/369
f 350/370/370 351/371/371 352/372/372
f 353/373/373 354/374/374 355/375/375
f 356/376/376 357/377/377 358/378/378
f 359/379/379 360/380/380 361/381/381
f 362/382/382 363/383/383 364/384/384
f 365/385/385 366/386/386 367/387/387
f 368/388/388 369/389/389 370/390/390
f 371/391/391 372/392/392 373/393/393
f 374/394/394 375/395/395 376/396/396
f 377/397/397 378/398/398 379/399/399
f 380/400/400 378/401/401 381/402/402
f 382/403/403 383/404/404 384/405/405
f 385/406/406 386/407/407 387/408/408
f 388/409/409 389/410/410 390/411/411
f 391/412/412 392/413/413 393/414/414
f 394/415/415 395/416/416 396/417/417
f 397/418/418 398/419/419 399/420/420
f 400/421/421 401/422/422 402/423/423
f 403/424/424 404/425/425 405/426/426
f 406/427/427 407/428/428 408/429/429
f 408/430/430 409/431/431 410/432/432
f 410/433/433 411/434/434 412/435/435
f 413/436/436 414/437/437 415/438/438
f 416/439/439 417/440/440 418/441/441
f 418/442/442 417/443/443 419/444/444
f 420/445/445 421/446/446 422/447/447
f 423/448/448 424/449/449 425/450/450
f 426/451/451 427/452/452 428/453/453
f 429/454/454 430/455/455 431/456/456
f 429/457/457 432/458/458 433/459/459
f 434/460/460 435/461/461 436/462/462
f 437/463/463 438/464/464 439/465/465
f 440/466/466 438/467/467 441/468/468
f 442/469/469 443/470/470 444/471/471
f 445/472/472 446/473/473 447/474/474
f 448/475/475 449/476/476 450/477/477
f 451/478/478 452/479/479 453/480/480
f 454/481/481 455/482/482 456/483/483
f 457/484/484 458/485/485 459/486/486
f 460/487/487 461/488/488 462/489/489
f 463/490/490 464/491/491 465/492/492
f 466/493/493 467/494/494 468/495/495
f 469/496/496 470/497/497 471/498/498
f 472/499/499 473/500/500 474/501/501
f 475/502/502 476/503/503 477/504/504
f 478/505/505 479/506/506 480/507/507
f 481/508/508 482/509/509 483/510/510
f 484/511/511 485/512/512 486/513/513
f 487/514/514 488/515/515 489/516/516
f 490/517/517 491/518/518 492/519/519
f 493/520/520 494/521/521 495/522/522
f 496/523/523 497/524/524 498/525/525
f 499/526/526 500/527/527 501/528/528
f 502/529/529 500/530/530 503/531/531
f 504/532/532 505/533/533 506/534/534
f 507/535/535 508/536/536 509/537/537
f 510/538/538 511/539/539 512/540/540
f 513/541/541 514/542/542 515/543/543
f 516/544/544 517/545/545 518/546/546
f 519/547/547 520/548/548 521/549/549
f 522/550/550 523/551/551 524/552/552
f 525/553/553 526/554/554 527/555/555
f 528/556/556 529/557/557 530/558/558
f 531/559/559 532/560/560 533/561/561
f 534/562/562 535/563/563 536/564/564
f 537/565/565 538/566/566 539/567/567
f 540/568/568 541/569/569 542/570/570
f 543/571/571 544/572/572 545/573/573
f 546/574/574 547/575/575 548/576/576
f 549/577/577 550/578/578 551/579/579
f 552/580/580 553/581/581 554/582/582
f 555/583/583 556/584/584 557/585/585
f 558/586/586 559/587/587 560/588/588
f 561/589/589 562/590/590 563/591/591
f 564/592/592 565/593/593 566/594/594
f 567/595/595 568/596/596 569/597/597
f 570/598/598 571/599/599 572/600/600
f 573/601/601 574/602/602 575/603/603
f 576/604/604 577/605/605 578/606/606
f 579/607/607 580/608/608 581/609/609
f 582/610/610 583/611/611 584/612/612
f 585/613/613 586/614/614 587/615/615
f 588/616/616 589/617/617 590/618/618
f 591/619/619 589/620/620 592/621/621
f 593/622/622 594/623/623 595/624/624
f 596/625/625 597/626/626 598/627/627
f 599/628/628 600/629/629 601/630/630
f 599/631/631 602/632/632 603/633/633
f 604/634/634 605/635/635 606/636/636
f 607/637/637 608/638/638 609/639/639
f 610/640/640 607/641/641 611/642/642
f 610/643/643 612/644/644 613/645/645
f 614/646/646 615/647/647 616/648/648
f 617/649/649 618/650/650 619/651/651
f 620/652/652 621/653/653 622/654/654
f 623/655/655 624/656/656 625/657/657
f 624/658/658 626/659/659 627/660/660
f 628/661/661 629/662/662 630/663/663
f 631/664/664 632/665/665 633/666/666
f 634/667/667 635/668/668 636/669/669
f 637/670/670 638/671/671 639/672/672
f 640/673/673 641/674/674 642/675/675
f 643/676/676 644/677/677 645/678/678
f 646/679/679 647/680/680 648/681/681
f 649/682/682 650/683/683 651/684/684
f 652/685/685 653/686/686 654/687/687
f 655/688/688 656/689/689 657/690/690
f 658/691/691 659/692/692 660/693/693
f 661/694/694 631/695/695 662/696/696
f 661/697/697 663/698/698 664/699/699
f 665/700/700 666/701/701 667/702/702
f 668/703/703 669/704/704 670/705/705
f 669/706/706 671/707/707 672/708/708
f 673/709/709 674/710/710 675/711/711
f 676/712/712 677/713/713 678/714/714
f 679/715/715 680/716/716 681/717/717
f 682/718/718 680/719/719 683/720/720
f 684/721/721 685/722/722 686/723/723
f 684/724/724 687/725/725 688/726/726
f 689/727/727 690/728/728 691/729/729
f 692/730/730 693/731/731 694/732/732
f 695/733/733 696/734/734 697/735/735
f 698/736/736 697/737/737 699/738/738
f 700/739/739 701/740/740 702/741/741
f 700/742/742 703/743/743 704/744/744
f 704/745/745 703/746/746 705/747/747
f 706/748/748 707/749/749 708/750/750
f 709/751/751 710/752/752 711/753/753
f 712/754/754 713/755/755 714/756/756
f 715/757/757 716/758/758 717/759/759
f 718/760/760 719/761/761 720/762/762
f 721/763/763 722/764/764 723/765/765
f 724/766/766 722/767/767 725/768/768
f 726/769/769 727/770/770 728/771/771
f 729/772/772 727/773/773 730/774/774
f 731/775/775 732/776/776 733/777/777
f 734/778/778 735/779/779 736/780/780
f 737/781/781 738/782/782 739/783/783
f 740/784/784 741/785/785 742/786/786
f 743/787/787 744/788/788 745/789/789
f 746/790/790 747/791/791 748/792/792
f 749/793/793 750/794/794 751/795/795
f 752/796/796 753/797/797 754/798/798
f 755/799/799 756/800/800 757/801/801
f 758/802/802 756/803/803 759/804/804
f 760/805/805 761/806/806 762/807/807
f 763/808/808 764/809/809 765/810/810
f 766/811/811 767/812/812 768/813/813
f 769/814/814 767/815/815 770/816/816
f 771/817/817 772/818/818 773/819/819
f 774/820/820 772/821/821 775/822/822
f 776/823/823 777/824/824 778/825/825
f 779/826/826 777/827/827 780/828/828
f 781/829/829 782/830/830 783/831/831
f 784/832/832 785/833/833 786/834/834
f 787/835/835 788/836/836 789/837/837
f 790/838/838 791/839/839 792/840/840
f 793/841/841 791/842/842 794/843/843
f 795/844/844 796/845/845 797/846/846
f 798/847/847 799/848/848 800/849/849
f 801/850/850 802/851/851 803/852/852
f 804/853/853 805/854/854 806/855/855
f 807/856/856 808/857/857 809/858/858
f 810/859/859 811/860/860 812/861/861
f 813/862/862 814/863/863 815/864/864
f 816/865/865 817/866/866 818/867/867
f 819/868/868 818/869/869 820/870/870
f 821/871/871 822/872/872 823/873/873
f 824/874/874 825/875/875 826/876/876
f 827/877/877 828/878/878 829/879/879
f 830/880/880 831/881/881 832/882/882
f 833/883/883 834/884/884 835/885/885
f 836/886/886 837/887/887 838/888/888
f 839/889/889 840/890/890 841/891/891
f 842/892/892 843/893/893 844/894/894
f 845/895/895 846/896/896 847/897/897
f 848/898/898 849/899/899 850/900/900
f 851/901/901 852/902/902 853/903/903
f 854/904/904 855/905/905 856/906/906
f 857/907/907 858/908/908 859/909/909
f 860/910/910 861/911/911 862/912/912
f 863/913/913 861/914/914 864/915/915
f 865/916/916 866/917/917 867/918/918
f 868/919/919 869/920/920 870/921/921
f 870/922/922 869/923/923 871/924/924
f 872/925/925 873/926/926 874/927/927
f 875/928/928 876/929/929 877/930/930
f 878/931/931 419/932/932 879/933/933
f 880/934/934 881/935/935 882/936/936
f 880/937/937 883/938/938 884/939/939
f 885/940/940 886/941/941 887/942/942
f 888/943/943 889/944/944 890/945/945
f 891/946/946 889/947/947 892/948/948
f 893/949/949 894/950/950 895/951/951
f 896/952/952 897/953/953 898/954/954
f 899/955/955 897/956/956 900/957/957
f 901/958/958 900/959/959 902/960/960
f 903/961/961 904/962/962 905/963/963
f 903/964/964 906/965/965 907/966/966
f 908/967/967 909/968/968 910/969/969
f 909/970/970 911/971/971 912/972/972
f 913/973/973 914/974/974 915/975/975
f 916/976/976 917/977/977 918/978/978
f 919/979/979 920/980/980 921/981/981
f 922/982/982 920/983/983 923/984/984
f 924/985/985 925/986/986 926/987/987
f 924/988/988 926/989/989 927/990/990
f 928/991/991 929/992/992 930/993/993
f 931/994/994 932/995/995 933/996/996
f 934/997/997 935/998/998 936/999/999
f 937/1000/1000 938/1001/1001 939/1002/1002
f 940/1003/1003 941/1004/1004 942/1005/1005
f 943/1006/1006 944/1007/1007 945/1008/1008
f 946/1009/1009 947/1010/1010 948/1011/1011
f 949/1012/1012 950/1013/1013 951/1014/1014
f 952/1015/1015 953/1016/1016 954/1017/1017
f 955/1018/1018 953/1019/1019 956/1020/1020
f 957/1021/1021 958/1022/1022 959/1023/1023
f 960/1024/1024 961/1025/1025 962/1026/1026
f 963/1027/1027 964/1028/1028 965/1029/1029
f 963/1030/1030 966/1031/1031 967/1032/1032
f 968/1033/1033 969/1034/1034 970/1035/1035
f 971/1036/1036 972/1037/1037 973/1038/1038
f 974/1039/1039 975/1040/1040 976/1041/1041
f 977/1042/1042 978/1043/1043 979/1044/1044
f 980/1045/1045 981/1046/1046 982/1047/1047
f 983/1048/1048 981/1049/1049 984/1050/1050
f 985/1051/1051 986/1052/1052 987/1053/1053
f 988/1054/1054 989/1055/1055 990/1056/1056
f 991/1057/1057 992/1058/1058 993/1059/1059
f 994/1060/1060 995/1061/1061 996/1062/1062
f 994/1063/1063 997/1064/1064 998/1065/1065
f 999/1066/1066 1000/1067/1067 1001/1068/1068
f 999/1069/1069 1002/1070/1070 1003/1071/1071
f 1004/1072/1072 1005/1073/1073 1006/1074/1074
f 1007/1075/1075 1008/1076/1076 1009/1077/1077
f 1010/1078/1078 1011/1079/1079 1012/1080/1080
f 1013/1081/1081 1014/1082/1082 1015/1083/1083
f 1016/1084/1084 1014/1085/1085 1017/1086/1086
f 1018/1087/1087 1019/1088/1088 1020/1089/1089
f 1021/1090/1090 1022/1091/1091 1023/1092/1092
f 1024/1093/1093 1025/1094/1094 1026/1095/1095
f 1027/1096/1096 1025/1097/1097 1028/1098/1098
f 1029/1099/1099 1030/1100/1100 1031/1101/1101
f 1032/1102/1102 1033/1103/1103 1034/1104/1104
f 1035/1105/1105 1036/1106/1106 1037/1107/1107
f 1038/1108/1108 1039/1109/1109 1040/1110/1110
f 1041/1111/1111 1042/1112/1112 1043/1113/1113
f 1044/1114/1114 1045/1115/1115 1046/1116/1116
f 1044/1117/1117 1047/1118/1118 1048/1119/1119
f 1049/1120/1120 1050/1121/1121 1051/1122/1122
f 1051/1123/1123 1052/1124/1124 1053/1125/1125
f 1054/1126/1126 1055/1127/1127 1056/1128/1128
f 1057/1129/1129 1055/1130/1130 1058/1131/1131
f 1059/1132/1132 1060/1133/1133 1061/1134/1134
f 1062/1135/1135 1063/1136/1136 1064/1137/1137
f 1065/1138/1138 1066/1139/1139 1067/1140/1140
f 1068/1141/1141 1069/1142/1142 1070/1143/1143
f 1068/1144/1144 1071/1145/1145 1072/1146/1146
f 1073/1147/1147 1074/1148/1148 1075/1149/1149
f 1076/1150/1150 1077/1151/1151 1078/1152/1152
f 1079/1153/1153 1080/1154/1154 1081/1155/1155
f 1081/1156/1156 1082/1157/1157 1083/1158/1158
f 1084/1159/1159 1082/1160/1160 1085/1161/1161
f 1086/1162/1162 1087/1163/1163 1088/1164/1164
f 1089/1165/1165 1090/1166/1166 1091/1167/1167
f 1092/1168/1168 1093/1169/1169 1094/1170/1170
f 1092/1171/1171 1095/1172/1172 1096/1173/1173
f 1097/1174/1174 1098/1175/1175 1099/1176/1176
f 1100/1177/1177 1101/1178/1178 1102/1179/1179
f 1103/1180/1180 1104/1181/1181 1105/1182/1182
f 1103/1183/1183 1105/1184/1184 1033/1185/1185
f 1106/1186/1186 1107/1187/1187 1108/1188/1188
f 1109/1189/1189 1110/1190/1190 1111/1191/1191
f 1111/1192/1192 1112/1193/1193 1113/1194/1194
f 1114/1195/1195 1115/1196/1196 1116/1197/1197
f 1117/1198/1198 1118/1199/1199 1119/1200/1200
f 1120/1201/1201 1121/1202/1202 1122/1203/1203
f 1123/1204/1204 1124/1205/1205 1125/1206/1206
f 1126/1207/1207 1127/1208/1208 1128/1209/1209
f 1129/1210/1210 1130/1211/1211 1131/1212/1212
f 1132/1213/1213 1133/1214/1214 1134/1215/1215
f 1135/1216/1216 1136/1217/1217 1137/1218/1218
f 1138/1219/1219 1139/1220/1220 1140/1221/1221
f 1141/1222/1222 1142/1223/1223 1143/1224/1224
f 1144/1225/1225 1145/1226/1226 1146/1227/1227
f 1146/1228/1228 1145/1229/1229 1133/1230/1230
f 1147/1231/1231 1148/1232/1232 1149/1233/1233
f 1150/1234/1234 1151/1235/1235 1152/1236/1236
f 1153/1237/1237 1154/1238/1238 1155/1239/1239
f 1153/1240/1240 1156/1241/1241 1157/1242/1242
f 1158/1243/1243 1159/1244/1244 1160/1245/1245
f 1161/1246/1246 1159/1247/1247 1162/1248/1248
f 1161/1249/1249 1163/1250/1250 1164/1251/1251
f 1165/1252/1252 1163/1253/1253 1166/1254/1254
f 1167/1255/1255 1168/1256/1256 1169/1257/1257
f 1170/1258/1258 1171/1259/1259 1172/1260/1260
f 1173/1261/1261 1174/1262/1262 1175/1263/1263
f 1176/1264/1264 1177/1265/1265 1178/1266/1266
f 1179/1267/1267 1180/1268/1268 1181/1269/1269
f 1182/1270/1270 1183/1271/1271 1184/1272/1272
f 1185/1273/1273 1186/1274/1274 1187/1275/1275
f 1188/1276/1276 1189/1277/1277 1190/1278/1278
f 1191/1279/1279 1189/1280/1280 1192/1281/1281
f 1193/1282/1282 1192/1283/1283 1194/1284/1284
f 1195/1285/1285 1196/1286/1286 1197/1287/1287
f 1198/1288/1288 1199/1289/1289 1200/1290/1290
f 1201/1291/1291 1202/1292/1292 1203/1293/1293
f 1204/1294/1294 1205/1295/1295 1206/1296/1296
f 1204/1297/1297 1207/1298/1298 1208/1299/1299
f 1209/1300/1300 1207/1301/1301 1210/1302/1302
f 1211/1303/1303 1212/1304/1304 1213/1305/1305
f 1214/1306/1306 1215/1307/1307 1216/1308/1308
f 1217/1309/1309 1218/1310/1310 1219/1311/1311
f 1217/1312/1312 1220/1313/1313 1221/1314/1314
f 1222/1315/1315 1223/1316/1316 1224/1317/1317
f 1225/1318/1318 1226/1319/1319 1227/1320/1320
f 1228/1321/1321 1229/1322/1322 1230/1323/1323
f 1231/1324/1324 1232/1325/1325 1233/1326/1326
f 1234/1327/1327 1235/1328/1328 1236/1329/1329
f 1237/1330/1330 1238/1331/1331 1239/1332/1332
f 1240/1333/1333 1239/1334/1334 1241/1335/1335
f 1240/1336/1336 1242/1337/1337 1243/1338/1338
f 1244/1339/1339 1242/1340/1340 1245/1341/1341
f 1246/1342/1342 1247/1343/1343 1248/1344/1344
f 1249/1345/1345 1250/1346/1346 1251/1347/1347
f 1251/1348/1348 1252/1349/1349 1253/1350/1350
f 1254/1351/1351 1252/1352/1352 1255/1353/1353
f 1256/1354/1354 1257/1355/1355 1258/1356/1356
f 1256/1357/1357 1259/1358/1358 1260/1359/1359
f 1261/1360/1360 1262/1361/1361 1263/1362/1362
f 1261/1363/1363 1264/1364/1364 1265/1365/1365
f 1266/1366/1366 1264/1367/1367 1267/1368/1368
f 1268/1369/1369 1269/1370/1370 1270/1371/1371
f 1271/1372/1372 1272/1373/1373 1273/1374/1374
f 1274/1375/1375 1275/1376/1376 1276/1377/1377
f 1277/1378/1378 1278/1379/1379 1279/1380/1380
f 1280/1381/1381 1281/1382/1382 1282/1383/1383
f 1283/1384/1384 1284/1385/1385 1285/1386/1386
f 1286/1387/1387 1287/1388/1388 1288/1389/1389
f 1289/1390/1390 1290/1391/1391 1291/1392/1392
f 1292/1393/1393 1293/1394/1394 1294/1395/1395
f 1295/1396/1396 1296/1397/1397 1297/1398/1398
f 1298/1399/1399 1299/1400/1400 1300/1401/1401
f 1301/1402/1402 1302/1403/1403 1303/1404/1404
f 1304/1405/1405 1305/1406/1406 1306/1407/1407
f 1307/1408/1408 1308/1409/1409 1309/1410/1410
f 1310/1411/1411 1311/1412/1412 1312/1413/1413
f 1313/1414/1414 1314/1415/1415 1315/1416/1416
f 1315/1417/1417 1316/1418/1418 1317/1419/1419
f 1318/1420/1420 1319/1421/1421 1320/1422/1422
f 1321/1423/1423 1322/1424/1424 1323/1425/1425
f 1324/1426/1426 1325/1427/1427 1326/1428/1428
f 1327/1429/1429 1328/1430/1430 1329/1431/1431
f 1330/1432/1432 1328/1433/1433 1331/1434/1434
f 1332/1435/1435 1333/1436/1436 1334/1437/1437
f 1335/1438/1438 1334/1439/1439 1336/1440/1440
f 1335/1441/1441 1337/1442/1442 1338/1443/1443
f 1339/1444/1444 1340/1445/1445 1341/1446/1446
f 1342/1447/1447 1343/1448/1448 1344/1449/1449
f 1345/1450/1450 1346/1451/1451 1347/1452/1452
f 1348/1453/1453 1349/1454/1454 1350/1455/1455
f 1351/1456/1456 1352/1457/1457 1353/1458/1458
f 1354/1459/1459 1355/1460/1460 1356/1461/1461
f 1354/1462/1462 1357/1463/1463 1358/1464/1464
f 1359/1465/1465 1360/1466/1466 1361/1467/1467
f 1362/1468/1468 1363/1469/1469 1364/1470/1470
f 1365/1471/1471 1366/1472/1472 1367/1473/1473
f 1368/1474/1474 1369/1475/1475 1370/1476/1476
f 1371/1477/1477 1372/1478/1478 1373/1479/1479
f 1374/1480/1480 1375/1481/1481 1376/1482/1482
f 1377/1483/1483 1378/1484/1484 1379/1485/1485
f 1380/1486/1486 1381/1487/1487 1382/1488/1488
f 1380/1489/1489 1382/1490/1490 1383/1491/1491
f 1384/1492/1492 1287/1493/1493 1385/1494/1494
f 1384/1495/1495 1386/1496/1496 1387/1497/1497
f 1388/1498/1498 1386/1499/1499 1389/1500/1500
f 1390/1501/1501 1391/1502/1502 1392/1503/1503
f 1393/1504/1504 1391/1505/1505 1394/1506/1506
f 1395/1507/1507 1396/1508/1508 1397/1509/1509
f 1398/1510/1510 1399/1511/1511 1400/1512/1512
f 1401/1513/1513 1402/1514/1514 1403/1515/1515
f 1401/1516/1516 1404/1517/1517 1405/1518/1518
f 1406/1519/1519 1407/1520/1520 1408/1521/1521
f 1406/1522/1522 1409/1523/1523 1410/1524/1524
f 1411/1525/1525 1409/1526/1526 1412/1527/1527
f 1411/1528/1528 1413/1529/1529 1414/1530/1530
f 1415/1531/1531 1413/1532/1532 1416/1533/1533
f 1417/1534/1534 1418/1535/1535 1419/1536/1536
f 1420/1537/1537 1421/1538/1538 1422/1539/1539
f 1423/1540/1540 1421/1541/1541 1424/1542/1542
f 1423/1543/1543 1424/1544/1544 1278/1545/1545
f 1425/1546/1546 1426/1547/1547 1427/1548/1548
f 1428/1549/1549 1429/1550/1550 1430/1551/1551
f 1431/1552/1552 1432/1553/1553 1433/1554/1554
f 1434/1555/1555 1435/1556/1556 1436/1557/1557
f 1437/1558/1558 1438/1559/1559 1439/1560/1560
f 1440/1561/1561 1441/1562/1562 1442/1563/1563
f 1443/1564/1564 1444/1565/1565 1445/1566/1566
f 1446/1567/1567 1447/1568/1568 1448/1569/1569
f 1449/1570/1570 1450/1571/1571 1451/1572/1572
f 1450/1573/1573 1452/1574/1574 1453/1575/1575
f 1454/1576/1576 1455/1577/1577 1456/1578/1578
f 1455/1579/1579 1457/1580/1580 1458/1581/1581
f 1459/1582/1582 1460/1583/1583 1461/1584/1584
f 1461/1585/1585 1460/1586/1586 1462/1587/1587
f 1463/1588/1588 1464/1589/1589 1465/1590/1590
f 1466/1591/1591 1467/1592/1592 1468/1593/1593
f 1469/1594/1594 1470/1595/1595 1471/1596/1596
f 1472/1597/1597 1473/1598/1598 1474/1599/1599
f 1475/1600/1600 1476/1601/1601 1477/1602/1602
f 1478/1603/1603 1479/1604/1604 1480/1605/1605
f 1481/1606/1606 1482/1607/1607 1483/1608/1608
f 1484/1609/1609 1485/1610/1610 1486/1611/1611
f 1487/1612/1612 1488/1613/1613 1489/1614/1614
f 1490/1615/1615 1491/1616/1616 1492/1617/1617
f 1493/1618/1618 1494/1619/1619 1495/1620/1620
f 1496/1621/1621 1497/1622/1622 1498/1623/1623
f 1499/1624/1624 1500/1625/1625 1501/1626/1626
f 1502/1627/1627 1503/1628/1628 1504/1629/1629
f 1505/1630/1630 1506/1631/1631 1507/1632/1632
f 1508/1633/1633 1506/1634/1634 1509/1635/1635
f 1510/1636/1636 1511/1637/1637 1512/1638/1638
f 1513/1639/1639 1511/1640/1640 1514/1641/1641
f 1515/1642/1642 1516/1643/1643 1517/1644/1644
f 1518/1645/1645 1519/1646/1646 1520/1647/1647
f 1521/1648/1648 1519/1649/1649 1522/1650/1650
f 1523/1651/1651 1522/1652/1652 1524/1653/1653
f 1525/1654/1654 1526/1655/1655 1527/1656/1656
f 1528/1657/1657 1529/1658/1658 1530/1659/1659
f 1531/1660/1660 1532/1661/1661 1533/1662/1662
f 1534/1663/1663 1535/1664/1664 1536/1665/1665
f 1537/1666/1666 1538/1667/1667 1539/1668/1668
f 1537/1669/1669 1540/1670/1670 1541/1671/1671
f 1542/1672/1672 1543/1673/1673 1544/1674/1674
f 1545/1675/1675 1546/1676/1676 1547/1677/1677
f 1548/1678/1678 1549/1679/1679 1550/1680/1680
f 1551/1681/1681 1552/1682/1682 1553/1683/1683
f 1554/1684/1684 1555/1685/1685 1556/1686/1686
f 1557/1687/1687 1558/1688/1688 1559/1689/1689
f 1560/1690/1690 1558/1691/1691 1561/1692/1692
f 1562/1693/1693 1561/1694/1694 1563/1695/1695
f 1564/1696/1696 1565/1697/1697 1566/1698/1698
f 1564/1699/1699 1567/1700/1700 1568/1701/1701
f 1569/1702/1702 1570/1703/1703 1571/1704/1704
f 1572/1705/1705 1570/1706/1706 1573/1707/1707
f 1574/1708/1708 1575/1709/1709 1576/1710/1710
f 1577/1711/1711 1578/1712/1712 1579/1713/1713
f 1580/1714/1714 1581/1715/1715 1582/1716/1716
f 1583/1717/1717 1581/1718/1718 1584/1719/1719
f 1585/1720/1720 1586/1721/1721 1587/1722/1722
f 1588/1723/1723 1589/1724/1724 1590/1725/1725
f 1588/1726/1726 1590/1727/1727 1554/1728/1728
f 1591/1729/1729 1592/1730/1730 1593/1731/1731
f 1594/1732/1732 1595/1733/1733 1596/1734/1734
f 1597/1735/1735 1598/1736/1736 1599/1737/1737
f 1600/1738/1738 1601/1739/1739 1602/1740/1740
f 1603/1741/1741 1604/1742/1742 1605/1743/1743
f 1606/1744/1744 1604/1745/1745 1607/1746/1746
f 1608/1747/1747 1609/1748/1748 1610/1749/1749
f 1611/1750/1750 1612/1751/1751 1613/1752/1752
f 1614/1753/1753 1612/1754/1754 1615/1755/1755
f 1616/1756/1756 1617/1757/1757 1618/1758/1758
f 1619/1759/1759 1620/1760/1760 1621/1761/1761
f 1622/1762/1762 1621/1763/1763 1623/1764/1764
f 1624/1765/1765 1625/1766/1766 1626/1767/1767
f 1625/1768/1768 1627/1769/1769 1628/1770/1770
f 1629/1771/1771 1630/1772/1772 1631/1773/1773
f 1632/1774/1774 1633/1775/1775 1634/1776/1776
f 1635/1777/1777 1636/1778/1778 1637/1779/1779
f 1638/1780/1780 1639/1781/1781 1640/1782/1782
f 1641/1783/1783 1642/1784/1784 1643/1785/1785
f 1644/1786/1786 1645/1787/1787 1646/1788/1788
f 1647/1789/1789 1648/1790/1790 1649/1791/1791
f 1650/1792/1792 1651/1793/1793 1652/1794/1794
f 1653/1795/1795 1654/1796/1796 1655/1797/1797
f 1656/1798/1798 1657/1799/1799 1658/1800/1800
f 1659/1801/1801 1660/1802/1802 1661/1803/1803
f 1662/1804/1804 1663/1805/1805 1664/1806/1806
f 1665/1807/1807 1666/1808/1808 1667/1809/1809
f 1668/1810/1810 1666/1811/1811 1657/1812/1812
f 1669/1813/1813 1670/1814/1814 1671/1815/1815
f 1672/1816/1816 1673/1817/1817 1674/1818/1818
f 1675/1819/1819 1674/1820/1820 1676/1821/1821
f 1677/1822/1822 1678/1823/1823 1679/1824/1824
f 1680/1825/1825 1681/1826/1826 1682/1827/1827
f 1683/1828/1828 1681/1829/1829 1684/1830/1830
f 1685/1831/1831 1686/1832/1832 1687/1833/1833
f 1688/1834/1834 1689/1835/1835 1690/1836/1836
f 1691/1837/1837 1692/1838/1838 1693/1839/1839
f 1694/1840/1840 1695/1841/1841 1696/1842/1842
f 1697/1843/1843 1698/1844/1844 1699/1845/1845
f 1699/1846/1846 1700/1847/1847 1701/1848/1848
f 1702/1849/1849 1703/1850/1850 1704/1851/1851
f 1705/1852/1852 1703/1853/1853 1706/1854/1854
f 1707/1855/1855 1708/1856/1856 1686/1857/1857
f 1709/1858/1858 1647/1859/1859 1710/1860/1860
f 1709/1861/1861 1711/1862/1862 1712/1863/1863
f 1713/1864/1864 1714/1865/1865 1715/1866/1866
f 1713/1867/1867 1716/1868/1868 1717/1869/1869
f 1718/1870/1870 1716/1871/1871 1719/1872/1872
f 1720/1873/1873 1721/1874/1874 1722/1875/1875
f 1723/1876/1876 1721/1877/1877 1724/1878/1878
f 1723/1879/1879 1725/1880/1880 1726/1881/1881
f 1727/1882/1882 1725/1883/1883 1728/1884/1884
f 1729/1885/1885 1730/1886/1886 1731/1887/1887
f 1732/1888/1888 1730/1889/1889 1733/1890/1890
f 1732/1891/1891 1734/1892/1892 1735/1893/1893
f 1736/1894/1894 1737/1895/1895 1738/1896/1896
f 1739/1897/1897 1737/1898/1898 1740/1899/1899
f 1741/1900/1900 1742/1901/1901 1743/1902/1902
f 1744/1903/1903 1742/1904/1904 1745/1905/1905
f 1746/1906/1906 1745/1907/1907 1747/1908/1908
f 1746/1909/1909 1747/1910/1910 1748/1911/1911
