# Wavefront OBJ exported by MilkShape 3D

mtllib OCCCCCC.mtl

v 4.138226 76.164368 0.615682
v 4.744161 74.559875 0.640755
v 4.264318 77.182526 -0.506207
v 4.264318 77.182526 -0.506207
v 4.188873 77.650620 0.921499
v 4.138226 76.164368 0.615682
v 2.279521 76.876076 4.901284
v 3.025711 76.847382 4.448827
v 2.766555 77.138245 4.518210
v -0.754618 72.941170 6.056166
v -1.092659 73.038887 5.947815
v -0.954300 73.107239 6.225345
v 4.596294 76.546944 -1.473624
v 5.036443 75.249748 -0.798898
v 4.744161 74.559875 0.640755
v 3.403215 74.886230 -2.274532
v 4.131392 76.271469 -1.876115
v 3.948457 74.909874 -0.704623
v 3.373481 73.140266 -1.991073
v 1.878434 74.109772 -3.161839
v 2.009731 72.421188 -2.685982
v 0.175326 73.770432 -3.995381
v 0.174737 71.633362 -3.331924
v 1.897439 71.692604 -2.668332
v 0.323957 69.078163 -2.619543
v 3.862144 73.446808 -0.343182
v 3.227387 71.746742 -1.747532
v 3.124737 70.758926 -1.798088
v 1.904684 70.526222 -2.660820
v 1.877433 69.306717 -2.201529
v 2.967642 69.439331 -1.476428
v 3.810323 69.229912 -0.260267
v 3.795569 70.466354 -0.284752
v 3.703511 71.641426 0.098684
v 4.138226 76.164368 0.615682
v 4.195707 74.532822 1.102310
v 4.133069 73.731903 0.747838
v 4.527143 74.004761 0.414233
v 5.036443 75.249748 -0.798898
v 4.447666 74.976173 -0.718110
v 4.596294 76.546944 -1.473624
v 4.131392 76.271469 -1.876115
v 3.948457 74.909874 -0.704623
v -1.195624 73.102303 5.909525
v -1.224861 72.968880 5.718079
v -0.896550 73.093292 5.109251
v -0.719587 73.338600 5.357409
v -0.817255 73.110573 6.255624
v 0.167134 73.213959 5.565102
v 0.164690 72.956787 6.521885
v 1.149576 73.122711 6.255126
v 0.166319 72.887276 4.935953
v 1.055165 73.338013 5.362703
v 1.233032 73.091476 5.116311
v 1.532562 73.083977 5.929936
v 1.598868 72.960144 5.743062
v -1.757473 77.664490 4.605469
v -2.175173 77.581467 4.373469
v -1.632059 77.457954 4.628280
v -1.245048 77.440002 4.697662
v -1.071206 77.279755 4.721650
v -0.985260 77.309517 4.855979
v -1.757473 77.664490 4.605469
v -1.280757 77.548714 4.950119
v -1.846453 77.691772 5.141837
v -2.413914 77.561882 4.358173
v -2.175173 77.581467 4.373469
v -1.271932 77.234383 4.781619
v -0.985260 77.309517 4.855979
v -1.260843 77.150162 4.918212
v -1.155388 77.007187 4.961298
v -0.727552 77.187668 5.032717
v -0.961997 76.531860 5.148309
v -0.558691 76.950340 5.385695
v -1.701488 77.225006 4.819546
v -1.818031 77.159409 4.866389
v -1.931721 76.876877 4.870508
v -2.071121 77.418282 4.601758
v -2.217806 77.304825 4.572973
v -2.405133 77.127037 4.488926
v -2.658949 76.842155 4.391845
v -1.845729 76.336899 4.947041
v -2.175173 77.581467 4.373469
v -2.363631 77.422333 4.375552
v -2.565850 77.311737 4.292773
v -3.184997 76.945747 4.035067
v -2.612512 76.119972 4.575417
v -2.430706 75.205505 4.726492
v -1.696102 75.687057 5.136541
v -2.605995 77.499939 4.241675
v -3.417178 77.572144 3.734862
v -3.484387 76.822670 3.523681
v -3.187306 76.128250 4.056339
v -2.900632 75.116982 3.972789
v -2.241974 74.258965 4.866434
v -2.501039 77.658783 4.371478
v -3.182824 78.057777 4.214473
v -3.261712 78.530159 3.855976
v -3.567529 78.093773 2.990935
v -3.712946 76.858826 2.673259
v -3.346392 76.003563 3.369438
v -1.883883 77.754501 5.215927
v -2.182684 78.247749 5.212036
v -2.152588 78.837296 4.997144
v -2.115565 79.543457 4.339888
v -3.135529 79.050583 3.420174
v -1.167292 77.531067 5.123146
v -1.208251 77.698555 5.771441
v -0.727552 77.187668 5.032717
v -0.725015 77.400749 5.906494
v -0.591685 77.082748 5.797826
v -0.348007 77.380219 6.104095
v -0.500395 78.104263 6.031682
v -1.208251 77.698555 5.771441
v -1.027032 78.446548 5.731249
v -0.422052 76.675743 6.000634
v -0.215488 76.877014 6.188232
v 0.169125 77.513557 6.224666
v 0.174782 78.174919 5.974971
v -0.694467 79.266510 5.192075
v -0.594445 76.424957 5.808461
v -0.687769 76.281944 6.338312
v -0.363397 76.393150 6.433855
v 0.224927 76.517754 6.510931
v 0.164554 76.969589 6.312695
v -0.652105 76.330505 5.641818
v -0.850112 75.956306 5.678885
v -0.831876 75.590027 6.303780
v -0.644638 76.076523 6.387418
v -0.560230 76.187401 6.500477
v -0.475683 76.112083 6.636616
v -1.404542 75.024231 5.571122
v -0.915197 75.367714 6.204027
v -0.675505 75.088692 6.531887
v -0.691118 75.613197 6.378231
v -1.143079 74.340462 6.123829
v -0.743482 74.925888 6.459518
v -0.470977 74.754257 6.564427
v -0.627936 75.274872 6.516002
v -1.912984 73.690903 5.592213
v -0.951228 73.899155 6.269248
v -0.107181 74.286011 6.474996
v -1.848581 72.900620 5.437109
v -1.562949 73.388474 5.855215
v -0.901802 73.595947 6.379137
v -2.493481 73.384125 4.747313
v -2.335751 72.474136 4.644527
v -1.694518 72.181763 5.343694
v -1.456860 72.872421 5.774516
v -1.392095 73.212997 6.013306
v -2.900588 74.112617 4.071229
v -2.957027 73.163902 3.659324
v -2.644827 72.282516 3.380164
v -1.758697 71.477570 4.749892
v -3.290587 74.690674 3.316937
v -3.354583 74.200333 2.546262
v -3.362187 73.125565 2.158073
v -2.320589 71.655045 2.838139
v -1.088676 70.665771 4.892639
v -3.545940 75.675621 2.529697
v -3.845873 75.409225 1.583732
v -3.748973 74.077599 1.579704
v -3.043335 72.447708 1.559474
v -3.930508 77.557037 0.969881
v -3.838496 76.034775 0.834148
v -3.651800 74.514114 0.905341
v -3.425097 73.104881 0.727291
v -2.563496 72.001060 1.173864
v -3.658908 78.471405 2.142821
v -3.203373 79.559181 2.859049
v -2.313121 80.424118 3.819361
v 0.166772 80.733704 4.623890
v 0.165956 79.352386 5.300833
v 1.015066 79.247116 5.160846
v 2.465221 79.561836 4.371524
v 2.646165 80.427643 3.824565
v 3.540128 79.559349 2.858913
v 0.826969 78.091637 5.989814
v 1.361936 78.454201 5.739938
v 2.474137 78.842270 4.981710
v 3.594120 78.521645 3.859234
v 3.466310 79.045334 3.415421
v 3.901837 78.091637 2.997361
v 3.994845 78.480118 2.126437
v 0.667520 77.370438 6.108169
v 1.063765 77.375412 5.924598
v 1.537042 77.707077 5.769629
v 2.454763 78.277267 5.153875
v 0.537173 76.873306 6.188414
v 0.754507 76.681396 5.996514
v 0.920203 77.066246 5.803891
v 1.051410 77.192375 5.030228
v 1.537042 77.707077 5.769629
v 0.636877 76.480652 6.432633
v 0.996736 76.279678 6.357185
v 0.931967 76.436157 5.801401
v 0.888295 76.944046 5.387099
v 0.754009 76.159851 6.750082
v 0.864941 76.211609 6.592761
v 1.013617 76.037643 6.511295
v 1.233486 75.592697 6.283912
v 0.114633 76.254372 6.750082
v 0.562017 75.660034 6.810547
v 0.055885 75.717445 6.923923
v 0.484308 75.139015 6.753252
v -0.351309 75.683395 6.725143
v -0.280437 75.156769 6.723427
v 0.079420 75.076836 6.898578
v -0.400193 75.381691 6.444672
v -0.442779 75.397987 6.376648
v -0.489942 75.159332 6.592037
v -0.121121 74.728287 6.646076
v 0.132330 74.688774 6.703013
v -0.345246 75.646606 6.362212
v -0.418523 75.627663 6.248246
v -0.535789 75.423698 6.383662
v -0.475683 76.112083 6.636616
v -0.452828 75.908447 6.329668
v -0.498585 75.901733 6.244762
v -0.560230 76.187401 6.500477
v -0.531263 75.620071 6.262548
v -0.691118 75.613197 6.378231
v -0.535380 75.883842 6.226432
v -0.644638 76.076523 6.387418
v 0.157900 74.185669 6.445848
v 0.413208 74.283707 6.477892
v 0.380667 74.723854 6.646845
v 0.160615 73.676865 6.586829
v 1.296940 73.909302 6.289930
v 1.513278 74.345940 6.146141
v 0.780848 74.752365 6.572439
v 0.735997 75.145943 6.563522
v 0.723413 75.345306 6.294546
v 0.590126 75.354630 6.395566
v 0.160435 73.240417 6.625167
v 1.248829 73.604996 6.401042
v 1.879021 73.395615 5.840324
v 2.267393 73.686920 5.607466
v -0.859076 73.311020 6.365514
v 0.164690 72.956787 6.521885
v 1.192892 73.320847 6.366102
v 1.731206 73.202423 6.027652
v 1.788188 72.866837 5.795290
v 2.184929 72.900391 5.439238
v -1.256634 73.132576 5.981578
v -0.817255 73.110573 6.255624
v -1.293158 72.898132 5.718532
v -1.195624 73.102303 5.909525
v -1.243827 72.610245 5.598051
v -1.330270 72.443825 5.640687
v -0.859483 72.237038 5.833038
v -1.293158 72.898132 5.718532
v -0.854912 72.464005 5.892824
v -0.857898 72.688072 5.873681
v -1.224861 72.968880 5.718079
v -0.844819 72.018875 5.730842
v 0.166592 71.780907 6.037654
v 0.166137 71.936722 6.198643
v 0.166092 72.153084 6.302738
v 0.166184 72.424500 6.239692
v 1.191712 72.458260 5.912376
v 1.195289 72.698593 5.895767
v -1.388972 71.545288 5.417964
v -0.735925 71.534477 5.792487
v 0.167134 71.519669 5.968049
v 1.132335 71.993896 5.704229
v 1.168674 72.220245 5.832358
v -1.321265 71.010361 5.298571
v -0.795442 70.963020 5.759083
v 0.170800 70.937683 5.996650
v 1.044125 71.520714 5.773113
v -0.676275 70.517136 5.347631
v 0.168084 70.425308 5.577005
v 1.140073 70.956917 5.766551
v 1.722244 71.534256 5.425796
v -0.732349 70.357788 4.636923
v 0.167678 70.209595 4.692368
v 1.001532 70.512161 5.343060
v 1.642679 71.013481 5.305360
v 2.103279 71.471970 4.754373
v 2.036705 72.176163 5.353333
v -1.719728 70.904785 2.237820
v 0.167177 70.384125 3.557717
v 2.078027 70.904724 2.302903
v 1.017239 70.315872 4.646294
v 1.390539 70.636444 4.690240
v -1.762589 69.895172 2.125667
v 0.080824 69.022087 3.435063
v 0.167177 70.384125 3.557717
v -2.726701 71.234344 0.513576
v -1.625814 68.725494 2.535355
v 0.095398 68.210098 3.183287
v 1.784926 68.723694 2.459771
v 1.921747 69.865433 2.386270
v 0.167177 70.384125 3.557717
v -3.306337 72.684296 -0.029264
v -2.986399 69.543282 0.626363
v -3.033016 68.641739 1.181377
v -1.521808 67.817390 2.946309
v 0.207188 67.026794 3.237144
v -3.500590 73.732361 -0.304259
v -3.664790 73.736061 0.377120
v -3.489321 74.831039 -0.705256
v -4.106475 73.856506 0.382053
v -1.224861 72.968880 5.718079
v 1.748315 67.978363 2.950066
v 2.932657 68.823425 1.102988
v 3.061194 69.316391 1.017448
v 3.216389 70.705727 1.495793
v 3.223357 71.700081 1.619351
v 3.810323 69.229912 -0.260267
v 3.795569 70.466354 -0.284752
v 3.703511 71.641426 0.098684
v 3.908809 73.105743 0.724394
v 3.379547 72.327789 1.882127
v 2.650508 71.657585 2.837913
v 4.133069 73.731903 0.747838
v 4.195707 74.532822 1.102310
v 4.104193 74.094826 1.537387
v 3.700432 73.106552 2.234290
v 2.982801 72.279388 3.381884
v 3.862144 73.446808 -0.343182
v 4.527143 74.004761 0.414233
v 3.948457 74.909874 -0.704623
v -3.623967 68.958725 -0.293307
v -3.403962 70.375977 -0.841849
v 1.149576 73.122711 6.255126
v 1.597869 73.117920 6.000270
v 1.632766 72.892258 5.742292
v 1.532562 73.083977 5.929936
v 1.598868 72.960144 5.743062
v 1.583298 72.610809 5.610001
v 1.669879 72.444000 5.621315
v 2.711656 72.458534 4.661545
v 2.880974 73.381470 4.798636
v 2.727044 74.268105 5.018551
v 1.632766 72.892258 5.742292
v 1.598868 72.960144 5.743062
v 1.835574 75.044273 5.609319
v 1.140209 74.931396 6.449876
v 1.049825 75.082764 6.525143
v 0.968992 75.259140 6.481604
v 2.073999 75.706017 5.182932
v 1.321698 76.546898 5.168902
v 1.237833 75.963287 5.687302
v 1.356414 75.363861 6.157502
v 1.066528 75.615318 6.435349
v 2.797963 75.202789 4.755550
v 2.193075 76.340065 4.975329
v 3.294277 75.121185 3.989581
v 3.539856 76.125488 4.064168
v 2.954380 76.118156 4.580215
v 3.025711 76.847382 4.448827
v 3.313288 74.102585 4.117031
v 3.666263 74.689507 3.334226
v 3.855402 75.831070 2.545809
v 3.740397 75.988724 3.386229
v 3.893965 76.820313 3.551244
v 3.594665 76.944275 4.111374
v 3.316997 73.159821 3.669417
v 3.682243 74.201431 2.519016
v 4.193985 75.660858 1.714034
v 4.188873 77.650620 0.921499
v 4.048747 76.859734 2.663483
v 3.840424 77.556946 3.797681
v 4.138226 76.164368 0.615682
v 3.562121 78.034607 4.263354
v 2.872277 77.645630 4.424025
v 2.961125 77.403961 4.348486
v 2.766555 77.138245 4.518210
v 2.219190 77.831581 4.983475
v 2.178368 77.779083 4.904905
v 2.731526 77.496948 4.374194
v 2.553566 77.308960 4.575915
v 2.159766 77.174606 4.887615
v 1.496038 77.537811 5.125001
v 1.621992 77.532242 4.970756
v 2.091196 77.689178 4.724728
v 2.508126 77.564850 4.376095
v 1.981172 77.472443 4.631764
v 1.311060 77.312187 4.888249
v 1.516269 77.357391 4.714408
v 1.603212 77.189346 4.661772
v 2.039511 77.198257 4.706126
v 2.388642 77.343597 4.612710
v 2.508126 77.564850 4.376095
v 1.603212 77.189346 4.661772
v 1.592350 77.175018 4.936903
v 1.487031 77.022446 4.999090
v 1.516269 77.357391 4.714408
v 1.311060 77.312187 4.888249
v 1.051410 77.192375 5.030228
v 1.009317 76.326126 5.646253
v 0.923278 75.346886 6.270467
v 0.689741 75.622383 6.176057
v 0.544640 75.654068 6.336728
v 0.562017 75.660034 6.810547
v 0.484308 75.139015 6.753252
v 0.976548 75.588745 6.185064
v 0.909655 75.924950 6.225752
v 0.791800 75.958260 6.224213
v 0.677975 75.947853 6.323604
v 0.754009 76.159851 6.750082
v 1.013617 76.037643 6.511295
v 0.864941 76.211609 6.592761
v 1.066528 75.615318 6.435349
v 0.976548 75.588745 6.185064
v 0.968992 75.259140 6.481604
v 0.923278 75.346886 6.270467
v 0.864941 76.211609 6.592761
v -4.257642 76.759796 -1.900736
v -4.661219 75.437180 -0.946761
v -3.916070 77.113228 -0.589213
v -4.268097 74.307327 0.617265
v -3.838496 76.034775 0.834148
v -3.930508 77.557037 0.969881
v -3.651800 74.514114 0.905341
v -3.664790 73.736061 0.377120
v -4.106475 73.856506 0.382053
v -0.498585 75.901733 6.244762
v -0.644638 76.076523 6.387418
v -0.535380 75.883842 6.226432
v -0.418523 75.627663 6.248246
v -4.106475 73.856506 0.382053
v -4.268097 74.307327 0.617265
v -4.661219 75.437180 -0.946761
v -4.328382 75.122993 -0.935807
v -3.489321 74.831039 -0.705256
v -4.042433 76.243927 -2.712054
v -4.257642 76.759796 -1.900736
v -0.857898 72.688072 5.873681
v -0.896550 73.093292 5.109251
v -1.224861 72.968880 5.718079
v -0.773806 72.808968 5.187911
v 0.166048 72.473923 5.449645
v 0.166319 72.887276 4.935953
v 1.233032 73.091476 5.116311
v 1.109478 72.808716 5.191169
v 1.195289 72.698593 5.895767
v 1.598868 72.960144 5.743062
v 0.166184 72.424500 6.239692
v -3.269632 74.753662 -2.470007
v -3.489321 74.831039 -0.705256
v -4.042433 76.243927 -2.712054
v -3.500590 73.732361 -0.304259
v -2.946209 73.187378 -2.320471
v -3.306337 72.684296 -0.029264
v -2.964130 72.140274 -2.011078
v -3.251121 70.566551 -1.967945
v -3.403962 70.375977 -0.841849
v -3.623967 68.958725 -0.293307
v -2.822425 69.218742 -1.683037
v -1.537377 74.085098 -3.173561
v -1.674739 72.640205 -3.128077
v -1.770600 71.768379 -2.975735
v -1.940365 70.515411 -2.651179
v -1.449756 69.229065 -2.342964
v 0.323957 69.078163 -2.619543
v 0.174737 71.633362 -3.331924
v 0.175326 73.770432 -3.995381
v 2.744781 77.443260 4.165322
v 2.504459 78.024849 4.225970
v 2.409956 77.873901 4.525949
v 2.593891 77.428726 4.479513
v 2.506087 76.857880 4.172927
v 2.411180 76.980751 4.485352
v 2.400321 77.420563 4.652810
v 2.280110 77.125717 4.656657
v 2.183118 77.228943 4.740704
v 2.279294 77.713531 4.683361
v 2.182578 77.602890 4.757722
v 2.259607 77.416504 4.738305
v 2.005022 77.412109 4.827692
v 1.997962 77.150078 4.763606
v 1.812581 77.226074 4.793522
v 1.697576 77.121155 4.739663
v 1.989002 77.001701 4.692595
v 1.997196 77.678833 4.787638
v 1.987828 77.833046 4.730431
v 1.812038 77.599945 4.810539
v 1.735551 77.412384 4.812938
v 1.576509 77.414093 4.770213
v 1.342155 77.418922 4.657880
v 1.526090 76.973770 4.611443
v 1.696762 77.708977 4.766366
v 1.524866 77.866928 4.652086
v -2.113528 77.041283 4.553467
v -2.444147 77.495163 4.239593
v -2.207351 76.920105 4.246382
v -2.294747 77.481407 4.548261
v -2.209478 78.068161 4.298566
v -2.115160 77.919968 4.593431
v -2.103798 77.474045 4.718210
v -1.985627 77.762695 4.747901
v -1.679899 78.100006 4.662451
v -1.984540 77.184372 4.721606
v -1.889224 77.286247 4.804067
v -1.965078 77.470505 4.801895
v -1.889903 77.654068 4.820769
v -1.699136 77.881187 4.793342
v -1.243959 77.916077 4.714951
v -1.697641 77.063301 4.756138
v -1.706738 77.209206 4.826019
v -1.714341 77.467033 4.889109
v -1.707687 77.729477 4.849689
v -1.412236 77.760117 4.827919
v -1.062741 77.475891 4.720111
v -1.677591 76.857330 4.605923
v -1.411150 77.181778 4.801579
v -1.524524 77.284576 4.854939
v -1.449304 77.468193 4.873813
v -1.525204 77.652466 4.871638
v -1.292933 77.470413 4.831313
v -1.242331 77.037384 4.674988
v -1.069124 76.914986 4.405152
v -0.834455 77.487976 4.464124
v -1.051744 72.882202 5.937586
v -0.785120 72.827545 6.086896
v -1.007526 73.010979 6.228196
v -1.168605 72.988693 5.937541
v -1.213321 72.950775 5.601218
v -1.407890 73.132980 5.679517
v -1.553534 73.142029 5.449691
v -1.554575 72.930176 5.419096
v -1.141855 72.761147 5.502780
v -1.051744 72.882202 5.937586
v -0.862200 72.619751 5.756368
v -0.394310 72.587189 6.025208
v -1.559737 73.294434 5.462816
v -0.571949 72.396294 5.633174
v 0.124636 72.450256 6.143924
v -0.092474 72.678093 6.122472
v -0.333386 72.850464 6.120162
v 0.114089 72.286636 6.148630
v -1.007526 73.010979 6.228196
v -0.954300 73.107239 6.225345
v -1.092659 73.038887 5.947815
v -1.168605 72.988693 5.937541
v -1.347967 73.237732 5.678975
v -1.407890 73.132980 5.679517
v -0.954300 73.107239 6.225345
v -1.007526 73.010979 6.228196
v -0.754618 72.941170 6.056166
v -0.281566 72.955894 6.095133
v -0.048707 72.811676 6.071826
v 0.149393 72.695908 6.182666
v 0.128619 72.816971 6.079972
v 0.377588 72.918427 6.170581
v 0.323505 72.996902 6.083956
v 0.581797 72.913605 6.054129
v 0.686891 72.618027 6.054536
v 0.618143 72.839523 6.101651
v 0.983836 73.037766 6.068296
v 0.905583 73.023499 5.980900
v 1.128350 73.084152 5.793436
v 1.193977 73.002327 5.821315
v 1.275534 73.203598 5.716496
v 0.721332 72.311935 5.864673
v 1.422261 72.626930 5.664809
v 1.382842 72.854416 5.720794
v 0.114089 72.286636 6.148630
v 1.416017 73.125076 5.669516
v 1.719074 73.009415 5.413167
v 1.691512 73.224213 5.409366
v -23.225025 33.543011 6.551804
v -23.610888 34.710644 8.154049
v -23.028200 34.610291 8.888109
v -23.225025 33.543011 6.551804
v -24.288099 34.405109 8.734157
v -23.610888 34.710644 8.154049
v -25.243731 20.666313 40.156067
v -25.274015 21.466774 40.898193
v -25.019476 18.414394 41.089951
v -25.243731 20.666313 40.156067
v -25.019476 18.414394 41.089951
v -25.624996 21.410244 40.856674
v -23.218601 45.189774 -7.109827
v -23.667259 45.116726 -7.164633
v -23.944876 45.251266 -7.078594
v -23.025379 45.401367 -6.965914
v -23.047510 45.713032 -6.786234
v -24.064119 45.546883 -6.911005
v -24.028412 45.851490 -6.728243
v -23.218388 45.983822 -6.628923
v -23.525492 46.097107 -6.550411
v -23.799732 46.052456 -6.583902
v -24.516483 36.376091 8.621732
v -24.463984 36.028084 7.959796
v -24.270439 35.842110 8.282538
v -24.778374 36.492008 8.204141
v -24.462202 36.502125 7.759588
v -24.018259 35.585495 7.731441
v -23.696053 35.361675 7.983459
v -24.270439 35.842110 8.282538
v -24.710020 37.111809 8.693115
v -24.643967 37.354279 8.224659
v -24.728518 36.887875 7.968287
v -24.554213 36.734982 7.346985
v -24.066643 35.980232 7.453026
v -24.647631 37.023529 9.112844
v -24.533356 37.749226 9.195310
v -24.453972 37.837872 8.493886
v -24.720970 37.523556 7.828819
v -24.655830 37.099518 7.606745
v -23.956268 37.843170 9.265802
v -23.892519 37.929241 8.562448
v -23.893213 38.047432 8.139018
v -24.390877 37.966400 8.078208
v -24.234684 37.520023 9.515488
v -24.710020 37.111809 8.693115
v -24.647631 37.023529 9.112844
v -23.745081 41.111664 2.479681
v -24.157467 41.044510 2.429303
v -24.551073 40.630028 2.205540
v -24.624619 40.158520 1.970683
v -23.721981 41.564373 1.717264
v -24.141462 41.496071 1.666011
v -24.547218 41.071579 1.418272
v -24.622169 40.581432 1.156084
v -24.433012 40.157143 0.934303
v -24.445471 39.768909 1.741435
v -23.661930 42.763165 -0.301979
v -24.097755 42.692200 -0.355223
v -24.535532 42.206150 -0.599348
v -24.615719 41.632423 -0.866869
v -24.062166 43.168636 -1.178926
v -24.475943 42.693459 -1.463732
v -24.544079 42.118500 -1.778048
v -24.400196 41.128258 -1.088398
v -23.650419 43.235699 -1.128597
v -23.620647 43.656078 -1.911688
v -24.037256 43.588219 -1.962601
v -24.448875 43.184620 -2.269945
v -24.515455 42.666748 -2.613478
v -24.310726 42.248528 -2.908407
v -24.329550 41.651463 -2.055807
v -23.525492 46.097107 -6.550411
v -23.799732 46.052456 -6.583902
v -24.028412 45.851490 -6.728243
v -24.064119 45.546883 -6.911005
v -23.944876 45.251266 -7.078594
v -23.667259 45.116726 -7.164633
v -23.752892 41.864590 -3.170860
v -23.762142 41.243271 -2.289837
v -23.817696 40.693783 -1.260527
v -23.059914 41.977448 -3.086174
v -23.063910 41.356972 -2.204502
v -23.082449 40.813488 -1.170696
v -23.201485 39.918983 0.847509
v -23.901903 39.804951 0.761927
v -23.934677 39.452408 1.561525
v -23.218601 45.189774 -7.109827
v -22.728745 42.507519 -2.714193
v -22.724543 41.912216 -1.855494
v -22.722733 41.402733 -0.882820
v -22.863548 40.414028 1.126783
v -23.248747 39.564117 1.645362
v -23.025379 45.401367 -6.965914
v -23.047510 45.713032 -6.786234
v -22.740671 42.958199 -2.394911
v -22.738647 42.410965 -1.549145
v -22.734192 41.941292 -0.635836
v -22.874359 40.868568 1.370993
v -22.931217 40.434929 2.182445
v -22.920183 40.017723 1.930334
v -23.044086 43.414711 -2.097374
v -23.054548 42.924248 -1.285875
v -23.049992 42.449425 -0.417206
v -23.157906 41.299122 1.588723
v -23.218388 45.983822 -6.628923
v -23.525492 46.097107 -6.550411
v -23.620647 43.656078 -1.911688
v -23.650419 43.235699 -1.128597
v -23.661930 42.763165 -0.301979
v -23.721981 41.564373 1.717264
v -23.745081 41.111664 2.479681
v -23.201128 40.850311 2.372944
v -23.392397 37.739941 7.991166
v -23.267736 37.325729 7.776427
v -23.186264 36.957783 7.514125
v -23.893213 38.047432 8.139018
v -23.892519 37.929241 8.562448
v -23.503263 37.539993 8.364032
v -23.219414 37.133568 8.152657
v -23.294996 36.692211 7.902214
v -23.423895 36.084843 7.531527
v -23.446554 36.523705 7.054049
v -23.956268 37.843170 9.265802
v -23.476572 37.312649 8.843828
v -23.105145 36.764462 8.408569
v -23.192108 36.235188 8.115192
v -23.410347 35.684544 7.805762
v -24.070957 36.422073 6.977778
v -23.407879 36.556595 8.757178
v -23.387791 35.985836 8.390390
v -23.604870 37.193310 9.240245
v -23.696053 35.361675 7.983459
v -23.696053 35.361675 7.983459
v -23.387791 35.985836 8.390390
v -23.407879 36.556595 8.757178
v -23.604870 37.193310 9.240245
v -23.504251 35.951118 11.318343
v -24.234684 37.520023 9.515488
v -23.684031 34.132412 14.892792
v -24.441826 34.691269 14.980783
v -24.604197 33.097588 18.433441
v -23.853947 32.501484 18.249037
v -24.828613 31.627693 22.229092
v -24.095390 30.933804 22.083256
v -25.049997 30.305851 25.802677
v -24.351400 29.597317 25.592331
v -25.277485 28.942699 29.481289
v -24.630589 28.234165 29.272491
v -25.513069 27.872971 32.835083
v -24.904230 27.142487 32.649216
v -25.821720 27.026051 36.489746
v -25.186756 26.227947 36.180595
v -26.366661 26.358070 42.110752
v -26.989998 25.733715 48.265591
v -26.396082 24.945953 47.785679
v -27.144093 24.757343 50.517021
v -26.618340 24.020119 47.422134
v -26.096058 24.812519 45.508247
v -25.847618 24.563988 43.805870
v -25.651180 24.179619 42.710289
v -26.324606 23.398113 45.688484
v -25.446978 23.653870 41.739605
v -26.009493 22.613384 44.038525
v -25.226370 23.061283 40.723930
v -25.785727 21.903980 43.029083
v -25.055780 22.586411 39.960304
v -25.529350 20.892017 42.182850
v -25.274015 21.466774 40.898193
v -25.277504 21.380157 39.520523
v -25.259596 21.921005 38.692345
v -24.927938 24.104053 36.891804
v -25.222340 22.401386 37.747231
v -25.055643 23.289970 35.198666
v -24.844582 24.548355 35.617516
v -25.019476 18.414394 41.089951
v -25.243731 20.666313 40.156067
v -24.795593 24.330521 31.683630
v -24.540609 25.374012 32.034157
v -24.550440 25.386059 28.270439
v -24.270134 26.469917 28.671806
v -24.296019 26.630905 24.529110
v -23.983980 27.805347 24.971302
v -24.083389 28.004524 20.958136
v -23.733957 29.212219 21.419395
v -23.506088 30.830368 17.627628
v -23.869999 29.572247 17.122402
v -23.682129 31.007729 13.671787
v -23.346344 32.521286 14.275836
v -23.692165 32.145599 12.237601
v -23.586218 32.787804 10.514611
v -23.275591 33.325222 12.625425
v -23.116905 34.330780 9.986623
v -23.402437 32.984035 8.748842
v -23.225025 33.543011 6.551804
v -23.028200 34.610291 8.888109
v -23.610888 34.710644 8.154049
v -23.696053 35.361675 7.983459
v -23.028200 34.610291 8.888109
v -23.387791 35.985836 8.390390
v -23.407879 36.556595 8.757178
v -23.504251 35.951118 11.318343
v -23.116905 34.330780 9.986623
v -23.684031 34.132412 14.892792
v -23.275591 33.325222 12.625425
v -23.346344 32.521286 14.275836
v -23.853947 32.501484 18.249037
v -23.506088 30.830368 17.627628
v -24.095390 30.933804 22.083256
v -23.733957 29.212219 21.419395
v -23.983980 27.805347 24.971302
v -24.351400 29.597317 25.592331
v -24.630589 28.234165 29.272491
v -24.270134 26.469917 28.671806
v -24.904230 27.142487 32.649216
v -24.540609 25.374012 32.034157
v -24.844582 24.548355 35.617516
v -25.186756 26.227947 36.180595
v -24.927938 24.104053 36.891804
v -25.055780 22.586411 39.960304
v -25.226370 23.061283 40.723930
v -25.446978 23.653870 41.739605
v -25.651180 24.179619 42.710289
v -25.847618 24.563988 43.805870
v -26.096058 24.812519 45.508247
v -26.396082 24.945953 47.785679
v -23.610888 34.710644 8.154049
v -24.288099 34.405109 8.734157
v -23.696053 35.361675 7.983459
v -24.270439 35.842110 8.282538
v -24.516483 36.376091 8.621732
v -24.839376 35.733719 11.155207
v -24.376814 34.125641 9.832692
v -24.535486 33.120068 12.471479
v -24.943945 33.927246 14.738838
v -24.606228 32.316105 14.121881
v -24.716923 30.633221 17.479702
v -25.065022 32.304306 18.101082
v -25.252329 30.745457 21.941933
v -24.890873 29.023842 21.278046
v -25.053984 27.631134 24.840586
v -25.422062 29.422970 25.461519
v -25.241222 26.311832 28.553169
v -25.602354 28.075920 29.153742
v -25.438393 25.227829 31.924477
v -25.801481 26.996372 32.539558
v -25.741787 24.402306 35.507896
v -26.084045 26.081863 36.070995
v -25.825115 23.957943 36.782158
v -25.953100 22.441589 39.851280
v -26.123425 22.915253 40.614372
v -26.344049 23.507782 41.629959
v -26.548223 24.033569 42.600700
v -26.744690 24.417915 43.696293
v -26.992807 24.668644 45.393242
v -27.296167 24.821121 47.672924
v -24.839376 35.733719 11.155207
v -24.647631 37.023529 9.112844
v -24.516483 36.376091 8.621732
v -24.234684 37.520023 9.515488
v -24.943945 33.927246 14.738838
v -24.441826 34.691269 14.980783
v -25.065022 32.304306 18.101082
v -24.604197 33.097588 18.433441
v -25.252329 30.745457 21.941933
v -24.828613 31.627693 22.229092
v -25.422062 29.422970 25.461519
v -25.049997 30.305851 25.802677
v -25.602354 28.075920 29.153742
v -25.277485 28.942699 29.481289
v -25.801481 26.996372 32.539558
v -25.513069 27.872971 32.835083
v -26.084045 26.081863 36.070995
v -25.821720 27.026051 36.489746
v -26.366661 26.358070 42.110752
v -27.296167 24.821121 47.672924
v -26.989998 25.733715 48.265591
v -27.144093 24.757343 50.517021
v -26.618340 24.020119 47.422134
v -26.992807 24.668644 45.393242
v -26.744690 24.417915 43.696293
v -26.548223 24.033569 42.600700
v -26.324606 23.398113 45.688484
v -26.344049 23.507782 41.629959
v -26.009493 22.613384 44.038525
v -25.785727 21.903980 43.029083
v -26.123425 22.915253 40.614372
v -25.953100 22.441589 39.851280
v -25.624996 21.410244 40.856674
v -25.529350 20.892017 42.182850
v -25.019476 18.414394 41.089951
v -25.277504 21.380157 39.520523
v -25.243731 20.666313 40.156067
v -25.259596 21.921005 38.692345
v -25.825115 23.957943 36.782158
v -25.222340 22.401386 37.747231
v -25.055643 23.289970 35.198666
v -25.741787 24.402306 35.507896
v -24.795593 24.330521 31.683630
v -25.438393 25.227829 31.924477
v -25.241222 26.311832 28.553169
v -24.550440 25.386059 28.270439
v -25.053984 27.631134 24.840586
v -24.296019 26.630905 24.529110
v -24.083389 28.004524 20.958136
v -24.890873 29.023842 21.278046
v -24.716923 30.633221 17.479702
v -23.869999 29.572247 17.122402
v -24.606228 32.316105 14.121881
v -23.682129 31.007729 13.671787
v -23.692165 32.145599 12.237601
v -24.535486 33.120068 12.471479
v -23.586218 32.787804 10.514611
v -24.376814 34.125641 9.832692
v -23.402437 32.984035 8.748842
v -23.225025 33.543011 6.551804
v -24.288099 34.405109 8.734157
v -24.234684 37.520023 9.515488
v -23.476572 37.312649 8.843828
v 3.075447 77.966003 5.562748
v 2.576963 78.273438 5.756639
v 2.070240 78.035324 6.001945
v 3.496815 76.049713 6.022720
v 3.895639 75.863480 6.148448
v 4.151580 76.052856 5.498662
v 1.106853 74.679398 6.911025
v 1.195199 74.513802 6.751033
v 2.488933 74.876747 6.532928
v -1.927378 75.063507 6.501925
v -0.688585 74.720642 6.786696
v -0.613227 74.873207 6.970948
v -1.903977 75.804779 6.513873
v -1.478496 75.720909 6.646619
v -1.676368 75.941650 6.497038
v 2.576963 78.273438 5.756639
v 3.837661 77.950150 4.947268
v 3.807473 78.303139 4.825249
v 3.075447 77.966003 5.562748
v 3.075447 77.966003 5.562748
v 3.740444 77.923355 4.757722
v 3.837661 77.950150 4.947268
v 3.004845 77.937393 5.441861
v 2.105090 78.008858 5.803754
v 3.075447 77.966003 5.562748
v 2.070240 78.035324 6.001945
v 3.004845 77.937393 5.441861
v -1.611377 78.051544 5.639736
v -2.687779 77.984779 5.316448
v -2.596082 78.076355 5.145096
v -1.632558 78.063751 5.822129
v -0.850566 77.832993 6.045983
v 0.210942 78.027771 6.318534
v -0.780052 78.355858 5.904049
v -2.733399 78.298080 5.318983
v -2.687779 77.984779 5.316448
v -1.047718 77.717247 5.849964
v -0.642419 77.252853 6.184206
v 0.236606 76.975639 6.589774
v 1.337133 77.124802 6.242136
v 1.552068 77.716225 6.134554
v 2.070240 78.035324 6.001945
v 2.576963 78.273438 5.756639
v -0.791457 77.187180 5.973249
v 1.452452 77.130981 6.035573
v 1.671507 77.670532 5.922425
v 2.070240 78.035324 6.001945
v -3.455556 78.221481 4.697255
v -3.365808 77.895485 4.822307
v -2.658270 77.070732 5.698843
v -3.460716 76.916412 5.364242
v -2.697328 76.923004 5.941162
v -1.657766 76.896484 6.110114
v -1.879583 77.127441 5.952207
v -1.937788 77.113007 5.745370
v -2.548245 77.115349 5.558359
v -1.789336 76.677155 6.166507
v -0.974760 76.726624 6.307945
v -0.936423 76.896690 6.392035
v -0.895690 77.075829 6.180266
v -0.946154 77.056557 5.988911
v -2.784905 76.584457 5.948675
v -3.460716 76.916412 5.364242
v -3.285744 76.659119 5.487482
v -2.906743 76.280632 6.073228
v -0.791457 77.187180 5.973249
v -0.642282 76.922821 6.357865
v 0.236606 76.975639 6.589774
v -0.586887 76.659271 6.401404
v -0.616757 75.748749 6.750399
v 0.245886 75.285843 7.121887
v 1.071866 76.343628 6.571805
v 1.335094 76.804771 6.424939
v -0.993359 76.651802 6.180493
v -0.688221 76.569748 6.254856
v -1.817894 76.595001 6.050508
v -1.789336 76.677155 6.166507
v -2.655644 76.515091 5.869743
v -2.784905 76.584457 5.948675
v -0.688221 76.569748 6.254856
v -0.722572 75.828217 6.533607
v 4.080206 78.181259 4.259960
v 3.807473 78.303139 4.825249
v 3.837661 77.950150 4.947268
v 4.181990 77.891815 4.307709
v 4.121346 77.150887 4.777500
v 3.629699 77.211075 5.330070
v 4.256984 76.835030 5.025340
v 3.625574 76.990486 5.754468
v 4.024216 76.407005 5.278385
v 3.531432 76.647858 5.716720
v 4.151580 76.052856 5.498662
v 3.496815 76.049713 6.022720
v 2.085813 77.121918 6.037338
v 2.159494 76.896484 6.318942
v 1.948677 76.633347 6.263906
v 1.904775 76.541504 6.202987
v 3.319215 76.537537 5.781849
v 3.467893 77.217461 5.187187
v 2.058383 77.128311 5.907988
v 1.156228 76.243027 6.440056
v 3.740444 77.923355 4.757722
v 3.837661 77.950150 4.947268
v 1.452452 77.130981 6.035573
v 1.183432 75.618942 6.631820
v 1.056476 75.559387 6.789864
v 1.116086 75.106476 7.001633
v 2.479839 75.562599 6.632950
v 1.183432 75.618942 6.631820
v 2.467258 75.585365 6.480518
v 2.718309 75.754349 6.522066
v 2.725185 75.762840 6.390587
v 1.106853 74.679398 6.911025
v 2.546458 75.308731 6.710253
v 2.792848 75.564590 6.566916
v 2.718309 75.754349 6.522066
v 2.725185 75.762840 6.390587
v 2.849197 75.601974 6.406971
v 0.212572 73.801727 7.422049
v -0.613227 74.873207 6.970948
v -0.720401 75.327148 6.994845
v -1.730137 75.463028 6.765877
v -1.927378 75.063507 6.501925
v -2.877280 75.348289 6.213668
v -2.652974 75.729370 6.505410
v -3.369881 75.740601 5.929440
v -1.478496 75.720909 6.646619
v -1.903977 75.804779 6.513873
v -2.564764 75.961914 6.302603
v -2.652974 75.729370 6.505410
v -3.137928 75.993248 6.295044
v -0.722572 75.828217 6.533607
v -1.421876 75.796547 6.451507
v -1.676368 75.941650 6.497038
v -1.666730 76.037811 6.341843
v -1.954398 75.862617 6.331026
v -2.514842 75.983147 6.153338
v -3.285744 76.659119 5.487482
v -3.513353 76.111237 5.887485
v -2.774313 76.256371 5.952522
v -2.784905 76.584457 5.948675
v -2.655644 76.515091 5.869743
v 3.182626 75.458527 6.629374
v 3.182851 75.723129 6.428514
v 3.164882 75.750641 6.278434
v 2.849197 75.601974 6.406971
v 3.895639 75.863480 6.148448
v 3.389094 76.057732 5.920207
v 2.488933 74.876747 6.532928
v 3.182626 75.458527 6.629374
v 3.259381 74.947342 6.330573
v 3.895639 75.863480 6.148448
v 3.940268 75.484970 5.800270
v 4.151580 76.052856 5.498662
v 1.195199 74.513802 6.751033
v 0.212572 73.801727 7.422049
v 0.464169 73.354355 7.208378
v 0.009722 73.324425 7.214533
v -0.688585 74.720642 6.786696
v -2.687779 77.984779 5.316448
v -2.548245 77.115349 5.558359
v -2.596082 78.076355 5.145096
v -2.658270 77.070732 5.698843
v -2.896649 72.181763 5.351796
v -2.502215 72.031281 5.173247
v -3.368659 73.783646 5.095989
v -3.754133 73.910980 5.105991
v -3.393371 74.568024 5.265713
v -3.757752 74.640900 5.143963
v -4.053161 73.840080 4.577363
v -2.896649 72.181763 5.351796
v -3.946167 73.360962 3.929793
v -2.502215 72.031281 5.173247
v -3.713988 73.027435 3.785913
v -4.120915 74.109238 2.425963
v -3.022516 74.669357 5.834168
v -3.354494 74.770782 5.729259
v -3.354494 74.770782 5.729259
v -3.022516 74.669357 5.834168
v -3.427451 75.356262 5.277842
v -3.745806 75.388802 5.180489
v -3.578436 76.636192 4.434027
v -3.895341 76.625198 4.351157
v -4.535535 76.456825 2.860090
v -4.274162 74.948654 3.678967
v -3.354494 74.770782 5.729259
v -3.583775 78.173874 4.009993
v -3.913445 78.044327 3.993881
v -4.405867 77.839813 2.416730
v -4.442572 76.364601 1.565538
v -4.359203 74.453476 2.797904
v -3.965900 77.790535 0.910636
v -3.546754 77.714401 0.692622
v -3.952368 76.148026 1.226908
v 3.348636 72.161087 5.353199
v 2.957098 71.994751 5.183522
v 4.294827 73.030975 3.798179
v 4.527005 73.353302 3.944593
v 4.544704 73.781601 4.551611
v 4.229560 73.904427 5.108165
v 4.733616 74.030426 2.360789
v 4.923795 74.381233 2.741782
v 4.800782 74.883575 3.735269
v 4.261603 74.625809 5.151432
v 3.837119 74.530823 5.272820
v 3.823631 73.758560 5.120791
v 2.957098 71.994751 5.183522
v 3.348636 72.161087 5.353199
v 4.922756 76.305305 1.539876
v 5.023997 76.399628 2.853527
v 4.223813 75.353500 5.209952
v 3.813445 74.721794 5.751344
v 4.427530 76.095024 1.213964
v 3.992627 77.667984 0.693165
v 4.418797 77.742821 0.906653
v 4.868036 77.788589 2.420260
v 4.369370 77.996414 3.998995
v 4.359727 76.587891 4.376593
v 4.038611 78.126900 4.014880
v 4.037392 76.597717 4.458648
v 4.223813 75.353500 5.209952
v 3.874640 75.310547 5.273135
v 3.813445 74.721794 5.751344
v 3.473096 74.628853 5.835164
v 3.473096 74.628853 5.835164
v 3.813445 74.721794 5.751344
v 4.485866 81.779793 -1.150652
v 4.949905 82.279266 -5.818107
v 5.006664 82.424728 -6.066447
v 4.604989 82.072189 -1.112409
v 4.095368 81.448349 1.729286
v 4.258708 81.758331 1.795546
v 4.337504 82.400307 -1.109919
v 4.258708 81.758331 1.795546
v 3.917862 82.149750 1.763683
v 4.864641 82.675461 -6.238251
v 4.573219 82.576660 -6.099488
v 4.543526 82.418472 -5.853910
v 3.874589 81.995216 -1.195053
v 3.893373 82.332848 -1.162647
v 3.383849 81.691254 1.681085
v 3.400367 82.040207 1.709553
v 3.917862 82.149750 1.763683
v 3.893373 82.332848 -1.162647
v 3.400367 82.040207 1.709553
v 4.337504 82.400307 -1.109919
v 4.573219 82.576660 -6.099488
v 4.864641 82.675461 -6.238251
v 4.301434 80.721397 -2.804926
v 4.138407 80.376144 -3.450052
v 4.205759 80.325630 -3.825387
v 4.119668 80.574936 -2.741744
v 4.056262 80.687485 -0.968031
v 4.309855 80.937996 -0.953685
v 3.733026 80.498528 0.431793
v 4.011724 80.756050 0.515613
v 3.836664 80.723015 -3.677433
v 4.227839 81.111397 -2.888291
v 4.112296 80.427933 -4.201676
v 3.853187 81.141678 -2.784286
v 4.155653 81.412086 -0.919243
v 3.677124 81.559769 -0.896884
v 3.844226 81.298889 0.604050
v 4.011724 80.756050 0.515613
v 4.309855 80.937996 -0.953685
v 4.301434 80.721397 -2.804926
v 4.227839 81.111397 -2.888291
v 4.205759 80.325630 -3.825387
v 4.112296 80.427933 -4.201676
v 3.296453 81.483521 0.595405
v 3.770860 80.712151 -3.465847
v 3.853187 81.141678 -2.784286
v 3.836664 80.723015 -3.677433
v 3.772488 80.911842 -2.741788
v 3.582939 81.238968 -0.910461
v 3.677124 81.559769 -0.896884
v 3.109709 81.114151 0.535708
v 3.296453 81.483521 0.595405
v -2.227085 82.699997 -0.300774
v -1.966390 84.447945 -4.647117
v -1.962906 84.660843 -4.855399
v -2.207713 82.957336 -0.194234
v -2.487235 81.680099 2.111863
v -2.426043 81.985672 2.259770
v -2.600699 83.204224 -0.173414
v -2.426043 81.985672 2.259770
v -2.894839 82.235214 2.258594
v -2.171596 84.875549 -4.995113
v -2.410203 84.636452 -4.912787
v -2.393864 84.419876 -4.708033
v -2.880719 82.690079 -0.377895
v -2.978206 82.972946 -0.294528
v -3.223106 81.628876 2.021254
v -3.348655 81.929886 2.151827
v -2.894839 82.235214 2.258594
v -2.978206 82.972946 -0.294528
v -3.348655 81.929886 2.151827
v -2.600699 83.204224 -0.173414
v -2.410203 84.636452 -4.912787
v -2.171596 84.875549 -4.995113
v -2.400699 81.565254 2.934859
v -3.194909 85.504288 -0.258276
v -3.230075 85.802094 -0.330644
v -2.306696 81.696457 3.134316
v -2.664877 81.968590 3.355498
v -3.447728 86.047318 -0.291451
v -3.637409 85.770828 -0.266694
v -3.050487 81.542931 3.044295
v -3.131048 81.711395 3.291139
v -3.620663 85.491333 -0.186177
v -2.664877 81.968590 3.355498
v -3.637409 85.770828 -0.266694
v -3.131048 81.711395 3.291139
v -3.447728 86.047318 -0.291451
v 5.927784 84.178207 -0.248228
v 3.816257 81.189514 2.993605
v 5.769648 83.944077 -0.160743
v 3.948364 81.267998 3.287337
v 5.919182 84.519424 -0.250582
v 3.771494 81.684647 3.461676
v 5.588837 84.497833 -0.234107
v 3.321072 81.666031 3.030265
v 3.364520 81.863274 3.304582
v 5.444508 84.261169 -0.143543
v 5.588837 84.497833 -0.234107
v 3.771494 81.684647 3.461676
v 5.919182 84.519424 -0.250582
v 3.364520 81.863274 3.304582
v -3.459721 80.736633 -3.622082
v -3.399165 80.762268 -3.306489
v -3.379567 80.894363 -2.716488
v -3.552593 81.048264 -2.774961
v -3.484432 81.428558 -2.850365
v -3.368116 80.880066 -3.905677
v -3.629896 81.251434 -0.940470
v -3.356122 81.009064 -0.959298
v -3.309776 80.947510 0.529553
v -3.021973 80.688187 0.442972
v -3.448768 81.716057 -0.906118
v -3.629896 81.251434 -0.940470
v -3.309776 80.947510 0.529553
v -3.127699 81.479889 0.615682
v -2.964267 81.849518 -0.883850
v -3.097692 81.467865 -2.775054
v -3.484432 81.428558 -2.850365
v -3.145213 81.077492 -3.645527
v -3.368116 80.880066 -3.905677
v -2.561370 81.661377 0.606630
v -3.145213 81.077492 -3.645527
v -3.015817 81.219955 -2.728618
v -3.103937 81.022324 -3.450234
v -3.097692 81.467865 -2.775054
v -2.964267 81.849518 -0.883850
v -2.817174 81.528145 -0.906072
v -2.561370 81.661377 0.606630
v -2.377435 81.290932 0.544805
v -4.708425 78.931747 3.112003
v -4.514805 79.093033 3.921646
v -4.485703 79.213104 3.889286
v -4.752236 78.811897 3.142146
v -4.522772 77.920296 3.228817
v -4.280951 78.057877 3.929883
v -3.928064 79.159805 4.916039
v -3.665016 78.035202 4.843670
v -3.096288 79.456795 5.429958
v -4.675838 78.361038 1.904666
v -4.737617 78.258018 1.935035
v -4.607542 77.616295 2.139924
v -3.945444 77.200676 1.490317
v -3.809484 77.643875 3.431941
v -3.085925 77.677017 4.275937
v -4.838634 79.364151 1.436142
v -4.641170 79.415863 2.452032
v -3.820845 80.324997 1.552368
v -3.661940 80.147675 2.470769
v -3.694254 82.319412 1.537296
v -3.540056 82.105026 2.446013
v -3.614282 79.858109 3.347804
v -2.393910 81.831131 3.274891
v -1.641611 82.684784 2.292312
v -3.694254 82.319412 1.537296
v -1.763176 83.042381 1.453793
v 0.346632 83.285812 2.904715
v 0.347807 84.217743 1.373729
v -4.824831 77.001968 0.563226
v -4.044381 76.033165 -0.524853
v -4.752055 76.239487 -0.579436
v -4.645469 74.553467 -1.671813
v -4.078913 74.354988 -1.730333
v -4.677332 72.924026 -2.570029
v -4.879142 73.065582 -2.756226
v -5.086883 71.936378 -3.616244
v -4.713402 74.714478 -1.828320
v -4.752055 76.239487 -0.579436
v -4.599124 77.050308 -0.874888
v -4.478689 77.138885 -0.924538
v -4.584775 74.781044 -1.909063
v -4.879142 73.065582 -2.756226
v -4.375090 75.810112 -2.488292
v -4.824831 77.001968 0.563226
v -4.824968 77.724121 0.403008
v -4.756581 77.821434 0.368159
v -4.392833 78.405807 -1.298562
v -4.765814 79.154785 0.621701
v -4.637955 78.957092 -0.454973
v -4.559521 78.846573 -0.473484
v -3.839854 80.257355 -0.399846
v -3.748384 80.235268 0.665874
v -3.653928 81.811279 -0.883850
v -2.684971 82.247894 0.630481
v -1.973269 82.535156 -1.136216
v 0.341970 83.823738 -1.593832
v 0.340792 83.686607 0.486104
v 0.343147 83.583046 1.501723
v -4.623564 79.162125 1.508195
v -3.682758 80.096581 1.612472
v -2.403098 82.188644 1.569430
v -3.859994 79.227348 -2.925360
v -3.702583 79.712967 -1.527482
v -3.129328 80.993027 -1.947941
v -3.047725 80.562256 -3.753379
v 0.348711 83.013855 -2.637691
v 0.349075 82.182915 -4.706811
v -3.714621 80.003273 -0.176583
v -2.439214 81.812737 -0.965631
v 0.324771 83.548088 -1.221847
v -3.734128 79.905869 5.260055
v -4.152867 80.313614 5.135183
v -4.159519 80.250778 5.131248
v -3.732905 79.793961 5.248196
v -3.066056 79.613724 5.338626
v -3.096288 79.456795 5.429958
v -4.075338 79.696259 5.021221
v -3.928064 79.159805 4.916039
v -4.213243 79.734703 4.564600
v -4.514805 79.093033 3.921646
v -4.152867 80.313614 5.135183
v -4.193736 79.848236 4.580260
v -4.485703 79.213104 3.889286
v 5.425677 78.900467 3.112048
v 5.237666 79.300644 3.948937
v 5.290577 79.190613 3.991255
v 5.476233 78.791985 3.142644
v 5.381455 78.201164 1.920733
v 5.420878 79.440681 2.458142
v 4.337097 79.958084 3.339205
v 4.411688 80.152786 2.472670
v 3.096992 81.887482 3.207681
v 5.338418 77.906158 3.244205
v 5.366744 77.583679 2.118335
v 5.440023 78.134499 1.937796
v 5.439525 77.752502 0.333399
v 5.350860 77.843887 0.309909
v 5.506596 79.154877 0.610793
v 5.399292 79.178627 1.507923
v 5.248891 78.119530 3.997004
v 4.883966 79.253410 4.999225
v 4.584082 78.331268 4.880466
v 4.067896 77.920059 4.502323
v 4.584392 77.679428 3.440404
v 5.338418 77.906158 3.244205
v 4.623133 77.173737 1.413693
v 5.366744 77.583679 2.118335
v 5.473372 77.035202 0.503981
v 3.966198 79.516777 5.440233
v 3.401452 78.578644 5.895315
v 2.349627 78.087746 5.901379
v 2.285813 78.707855 6.579590
v 1.793843 78.289810 6.533427
v 1.504772 77.652748 6.997106
v 1.665713 77.490150 6.584116
v 2.457795 79.596786 6.172843
v 1.087616 78.759224 6.951032
v 0.698025 78.488342 6.961307
v 0.285079 77.337975 7.520439
v 1.064444 76.912727 7.442774
v 1.188500 76.843544 7.148363
v 1.132649 76.255371 7.395389
v 2.481015 80.246170 5.834485
v 1.732606 80.268478 6.018918
v 1.324276 79.736092 6.445396
v 0.965461 79.655579 6.252411
v 0.353873 78.374466 6.852187
v 2.458974 80.241463 5.569403
v 1.615026 80.180939 5.631045
v 1.732606 80.268478 6.018918
v 3.908809 79.612579 5.355462
v 3.702561 80.511032 4.181616
v 2.169768 81.165833 4.554417
v 0.362743 81.599289 4.785194
v 0.367631 80.186066 5.839462
v 0.363377 79.625671 6.152748
v 5.237666 79.300644 3.948937
v 4.428838 80.083923 3.364912
v 4.291562 81.793953 3.364233
v 2.388910 82.334480 3.329655
v 0.324046 83.501419 3.011482
v 5.425677 78.900467 3.112048
v 1.056705 76.230843 7.835533
v 4.821104 75.927887 -0.685840
v 5.363171 76.393417 -0.496339
v 5.339551 75.200470 -1.406233
v 4.898179 74.916122 -1.457965
v 5.441380 73.010696 -2.416871
v 5.643691 73.151398 -2.609631
v 5.822418 72.016037 -3.600539
v 5.380413 78.946495 -0.451397
v 4.573081 80.243034 -0.401249
v 4.477853 80.238289 0.663249
v 4.421325 80.097900 1.611340
v 3.256442 82.183136 1.570970
v 3.430961 82.275017 0.633061
v 0.343147 83.583046 1.501723
v 0.340792 83.686607 0.486104
v 4.374349 81.663361 -0.889643
v 2.708713 82.517639 -1.140243
v 0.341970 83.823738 -1.593832
v 5.473372 77.035202 0.503981
v 5.178378 77.015198 -0.752417
v 5.088402 77.098831 -0.794598
v 5.093970 78.400177 -1.310102
v 5.274510 78.830917 -0.412383
v 4.446353 79.706917 -1.528795
v 4.452508 80.000336 -0.181063
v 5.363171 76.393417 -0.496339
v 5.339551 75.200470 -1.406233
v 5.189874 75.428894 -1.633207
v 5.113113 75.438118 -1.703994
v 5.118140 75.846695 -2.398859
v 4.629971 79.232315 -2.941563
v 3.905509 81.168633 -1.949072
v 3.164159 81.889259 -0.965631
v 5.643691 73.151398 -2.609631
v 3.811728 80.576385 -3.767681
v 0.348711 83.013855 -2.637691
v 0.324771 83.548088 -1.221847
v 0.349075 82.182915 -4.706811
v 5.588017 79.374023 1.436051
v 4.563757 80.325104 1.553273
v 4.432912 82.103210 1.525484
v 4.145831 81.925194 2.387718
v 2.374157 82.601501 2.287696
v 0.346632 83.285812 2.904715
v 2.494819 82.957092 1.454743
v 0.347807 84.217743 1.373729
v 4.525652 79.920990 5.294135
v 4.941179 80.232140 5.164149
v 4.907092 80.301392 5.154419
v 4.569185 79.811676 5.304364
v 5.003545 79.707138 5.090196
v 3.966198 79.516777 5.440233
v 4.883966 79.253410 4.999225
v 5.003992 79.722542 4.566184
v 4.941179 80.232140 5.164149
v 4.907092 80.301392 5.154419
v 3.908809 79.612579 5.355462
v 4.963853 79.834381 4.575553
v 5.290577 79.190613 3.991255
v 5.237666 79.300644 3.948937
v -1.368470 75.877922 7.001406
v -1.416445 75.992157 6.741436
v -1.354757 75.992157 6.720074
v -1.305288 75.877922 6.969046
v -0.371181 75.424362 7.928088
v -0.371181 75.424362 7.843681
v 0.320155 75.118919 8.268799
v 0.320155 75.118919 8.184392
v 2.005431 76.095474 6.768865
v 1.864134 75.984131 6.952256
v 1.952660 76.095474 6.716998
v 1.921474 75.984131 7.010911
v 1.005473 75.498924 7.815756
v 1.005473 75.498924 7.900164
v 0.320155 75.118919 8.184392
v 0.320155 75.118919 8.268799
v -4.193871 75.735535 -2.221262
v -4.879142 73.065582 -2.756226
v -4.375090 75.810112 -2.488292
v -3.700998 78.960846 -2.565594
v -3.859994 79.227348 -2.925360
v -2.138285 80.601273 -3.488070
v -3.047725 80.562256 -3.753379
v 0.340520 81.611328 -4.291558
v 0.349075 82.182915 -4.706811
v -4.708425 78.931747 3.112003
v -4.485703 79.213104 3.889286
v -3.681038 80.014984 3.351787
v -2.971327 80.507729 4.202345
v -3.538427 81.794388 3.519653
v -1.430611 81.178558 4.570439
v -1.647720 82.367592 3.469913
v 0.362743 81.599289 4.785194
v 0.324046 83.501419 3.011482
v -3.066056 79.613724 5.338626
v -1.735478 80.305145 5.595697
v -0.908997 80.247345 5.646840
v 0.367631 80.186066 5.839462
v -0.267581 79.714203 6.262187
v 0.363377 79.625671 6.152748
v 0.353873 78.374466 6.852187
v -1.752993 80.233170 5.897305
v -1.045862 80.287231 6.039194
v -0.635540 79.779076 6.480427
v -0.390960 78.831627 7.071920
v 0.026062 78.523590 7.019694
v 0.285079 77.337975 7.520439
v -1.706013 79.643402 6.264857
v -1.524615 78.757813 6.624215
v -1.110265 78.332970 6.564383
v -0.871703 77.683281 7.004531
v -0.557286 76.935760 7.507721
v -2.625184 78.282318 5.874721
v -1.672431 78.000618 5.876170
v -1.036628 77.526291 6.567279
v -0.557286 76.935760 7.507721
v -0.641287 76.849007 7.139174
v -0.635315 76.191437 7.390001
v -0.542126 76.122589 7.831732
v -1.337557 76.024063 6.994890
v -1.425633 76.159668 6.723016
v -1.368470 75.877922 7.001406
v -0.542126 76.122589 7.831732
v -0.371181 75.424362 7.928088
v 0.290511 76.037354 8.058661
v 0.285079 77.337975 7.520439
v -1.416445 75.992157 6.741436
v 0.320155 75.118919 8.268799
v 4.926690 75.775444 -2.145091
v 5.118140 75.846695 -2.398859
v 5.643691 73.151398 -2.609631
v 4.629971 79.232315 -2.941563
v 4.440608 78.955910 -2.570302
v 2.872277 80.570160 -3.481958
v 3.811728 80.576385 -3.767681
v 0.340520 81.611328 -4.291558
v 0.349075 82.182915 -4.706811
v 2.005431 76.095474 6.768865
v 2.008327 76.255188 6.755740
v 1.939487 76.129929 7.018470
v 1.921474 75.984131 7.010911
v 1.005473 75.498924 7.900164
v 1.056705 76.230843 7.835533
v 0.290511 76.037354 8.058661
v 0.320155 75.118919 8.268799
v 0.285079 77.337975 7.520439
v -2.138285 80.601273 -3.488070
v 0.340520 81.611328 -4.291558
v 0.364732 79.952415 -4.994841
v -2.006399 79.480820 -4.208190
v -3.501132 78.608765 -3.109201
v -3.700998 78.960846 -2.565594
v -4.193871 75.735535 -2.221262
v -3.968979 75.841667 -3.075757
v -4.543545 73.199303 -3.583160
v -4.879142 73.065582 -2.756226
v -2.094067 76.280602 -4.599368
v 0.390488 76.495033 -5.448474
v -2.338513 73.343353 -5.269523
v -4.623564 71.842064 -4.817201
v -5.086883 71.936378 -3.616244
v 0.384107 73.403954 -6.041103
v -2.187528 71.975845 -6.405665
v 0.388498 72.013176 -7.002003
v -4.623564 79.162125 1.508195
v -4.675838 78.361038 1.904666
v -4.838634 79.364151 1.436142
v -3.820845 80.324997 1.552368
v -3.682758 80.096581 1.612472
v -3.694254 82.319412 1.537296
v -2.403098 82.188644 1.569430
v -1.763176 83.042381 1.453793
v 0.343147 83.583046 1.501723
v 0.347807 84.217743 1.373729
v -4.708425 78.931747 3.112003
v -3.681038 80.014984 3.351787
v -3.614282 79.858109 3.347804
v -2.393910 81.831131 3.274891
v -3.538427 81.794388 3.519653
v -1.647720 82.367592 3.469913
v 0.346632 83.285812 2.904715
v 0.324046 83.501419 3.011482
v -2.439214 81.812737 -0.965631
v 0.341970 83.823738 -1.593832
v 0.324771 83.548088 -1.221847
v -1.973269 82.535156 -1.136216
v -3.653928 81.811279 -0.883850
v -3.714621 80.003273 -0.176583
v -3.839854 80.257355 -0.399846
v -4.637955 78.957092 -0.454973
v -4.559521 78.846573 -0.473484
v 1.132649 76.255371 7.395389
v 1.939487 76.129929 7.018470
v 2.008327 76.255188 6.755740
v 1.056705 76.230843 7.835533
v 0.364732 79.952415 -4.994841
v 0.340520 81.611328 -4.291558
v 2.872277 80.570160 -3.481958
v 2.766690 79.482376 -4.224802
v 2.855806 76.278831 -4.589634
v 0.390488 76.495033 -5.448474
v 3.103102 73.319473 -5.252145
v 0.384107 73.403954 -6.041103
v 2.929582 71.991821 -6.355563
v 0.388498 72.013176 -7.002003
v 4.260838 78.608688 -3.124953
v 4.723883 75.856384 -3.050638
v 5.307190 73.238937 -3.585241
v 5.345161 71.898987 -4.773163
v 4.440608 78.955910 -2.570302
v 4.926690 75.775444 -2.145091
v 5.643691 73.151398 -2.609631
v 5.822418 72.016037 -3.600539
v 5.588017 79.374023 1.436051
v 5.381455 78.201164 1.920733
v 5.399292 79.178627 1.507923
v 4.563757 80.325104 1.553273
v 4.421325 80.097900 1.611340
v 3.256442 82.183136 1.570970
v 4.432912 82.103210 1.525484
v 2.494819 82.957092 1.454743
v 0.347807 84.217743 1.373729
v 0.343147 83.583046 1.501723
v 5.380413 78.946495 -0.451397
v 5.350860 77.843887 0.309909
v 5.274510 78.830917 -0.412383
v 4.452508 80.000336 -0.181063
v 4.573081 80.243034 -0.401249
v 3.164159 81.889259 -0.965631
v 4.374349 81.663361 -0.889643
v 2.708713 82.517639 -1.140243
v 0.341970 83.823738 -1.593832
v 0.324771 83.548088 -1.221847
v 4.337097 79.958084 3.339205
v 4.428838 80.083923 3.364912
v 5.425677 78.900467 3.112048
v 4.291562 81.793953 3.364233
v 2.388910 82.334480 3.329655
v 0.324046 83.501419 3.011482
v 0.346632 83.285812 2.904715
v 3.498537 72.595673 3.163870
v 3.589367 72.729637 2.984418
v 3.588599 72.849518 3.134814
v 3.680838 73.100388 2.899148
v 3.838565 73.035538 2.805643
v 3.725688 73.299225 2.834609
v 4.049922 73.198532 2.783104
v 3.837479 73.403458 2.736849
v 4.047165 73.324295 2.677966
v 4.009013 73.651070 2.685570
v 4.024672 73.543304 2.515757
v 4.012727 73.739502 2.492720
v 4.190546 73.564568 2.014873
v 3.942122 72.487411 2.177625
v 4.124247 72.625549 2.041485
v 4.047165 73.324295 2.677966
v 4.130851 72.757019 1.992877
v 4.077129 72.571945 1.906386
v 4.102474 72.739960 1.860900
v 4.158370 73.012978 1.832975
v 3.929087 72.449661 2.038950
v 3.771173 72.054955 2.151284
v 3.637884 72.157372 2.265518
v 3.586110 71.916275 2.315666
v 3.498537 72.595673 3.163870
v 3.589367 72.729637 2.984418
v 4.247437 72.923584 1.722678
v 4.204486 73.126381 1.671852
v 4.152980 73.400513 2.105527
v 3.498537 72.595673 3.163870
v 3.396428 72.598206 2.982245
v 3.344742 72.280037 2.654929
v 3.435442 71.998337 2.245197
v 3.586110 71.916275 2.315666
v 3.588599 72.849518 3.134814
v 3.498537 72.595673 3.163870
v 3.449790 72.765701 2.966811
v 3.680838 73.100388 2.899148
v 3.564972 73.016624 2.743457
v 3.725688 73.299225 2.834609
v 3.631959 73.223511 2.693762
v 3.729036 73.326782 2.580614
v 3.837479 73.403458 2.736849
v 4.009013 73.651070 2.685570
v 3.856808 73.555710 2.532594
v 3.869702 73.613335 2.402699
v 4.012727 73.739502 2.492720
v 4.190546 73.564568 2.014873
v 4.019378 73.471336 2.004372
v 4.023677 73.067047 1.680768
v 4.204486 73.126381 1.671852
v 4.247437 72.923584 1.722678
v 4.047530 72.927101 1.705525
v 4.102474 72.739960 1.860900
v 3.940991 72.784721 1.872351
v 3.892700 72.626930 1.900321
v 4.077129 72.571945 1.906386
v 3.929087 72.449661 2.038950
v 3.751533 72.484100 2.045604
v 3.771173 72.054955 2.151284
v 3.553341 72.078804 2.126572
v 3.435442 71.998337 2.245197
v 9.565858 -0.127457 -3.088067
v 11.813249 2.391647 -0.127839
v 11.809318 -0.102314 1.114620
v -9.508219 -0.071823 -2.593700
v -10.999645 -0.102314 1.114620
v -10.957964 1.885414 -1.623206
v 8.475295 40.325298 -3.063764
v 3.662645 40.239525 -5.739222
v 6.911540 47.164520 -1.945089
v 9.816684 40.402695 -0.391247
v 7.793868 47.133286 0.755442
v 10.587408 40.481125 0.948292
v 6.690673 50.508045 -1.653301
v 7.805408 50.217293 2.281269
v 8.792557 45.207733 1.761013
v 7.733082 45.271458 -2.438416
v 4.942893 45.353096 -4.355737
v 5.372990 47.342434 -4.055396
v -0.535290 24.576324 6.114822
v -6.706894 6.636856 5.063087
v -1.998389 7.370495 4.055750
v -5.611934 24.964653 7.072871
v -11.576744 24.374828 2.227139
v -12.346659 6.173763 1.268999
v -0.110351 31.547745 8.758056
v 0.195333 43.488060 7.246892
v -4.966720 43.691376 6.375063
v -7.881283 43.500916 2.701637
v 6.462881 44.228180 5.472865
v 7.433604 25.158401 6.766058
v 9.915623 42.303497 2.616097
v 12.149127 22.833206 1.867599
v 7.587074 7.146580 5.311063
v 12.413846 7.962982 1.454381
v 1.243489 24.205196 6.372483
v 3.585291 7.955303 4.234570
v -1.575351 38.849300 9.777204
v -5.902003 38.282791 7.556104
v -4.127522 36.528530 8.124832
v -5.073939 41.707069 7.218517
v -8.449016 43.011070 3.976638
v -5.260678 45.403564 6.381354
v -7.005425 46.050240 4.070595
v -6.372518 47.666809 5.096533
v 0.879285 45.489792 9.762674
v -5.709244 50.001686 6.905276
v 0.876255 40.132454 9.480257
v 3.563435 38.879532 9.521487
v 7.227223 41.305336 6.087803
v 6.442016 45.438011 6.179860
v 8.099183 46.012299 3.549615
v 9.061806 44.174770 2.247189
v 4.409873 36.499348 8.025939
v -0.475096 33.458733 10.639256
v -1.575351 38.849300 9.777204
v -1.808210 57.356598 8.965797
v 3.080880 57.412003 8.408110
v 6.003911 50.555752 6.398417
v 5.905376 48.204987 4.676164
v 6.442016 45.438011 6.179860
v 8.475295 40.325298 -3.063764
v 5.442556 35.794167 -6.638799
v 3.662645 40.239525 -5.739222
v 11.395011 35.937592 -0.647958
v 9.816684 40.402695 -0.391247
v -2.871078 25.592594 4.024748
v 0.434753 37.005653 0.353630
v 0.530202 41.674835 7.954703
v -2.076778 25.387959 0.408756
v -5.989083 14.563332 1.796406
v -4.755901 14.478115 -0.733498
v 0.530202 41.674835 7.954703
v 0.434753 37.005653 0.353630
v 2.883958 25.387688 0.408394
v 5.318369 25.553616 4.173106
v 5.589378 14.507614 -0.727434
v 7.818128 14.794018 2.626145
v 7.798346 14.623180 2.582560
v 7.818128 14.794018 2.626145
v 5.682203 14.622440 -0.673349
v 6.697233 5.115421 0.157476
v 6.543078 4.346146 3.080548
v 9.003334 4.963661 4.284626
v 7.818128 14.794018 2.626145
v 6.283019 2.051044 2.796365
v 6.534571 2.239243 5.970082
v 9.379890 4.070885 6.140937
v 11.813249 2.391647 -0.127839
v 11.483134 15.253399 1.537885
v 6.085376 1.941601 -1.200936
v 7.254874 -0.054409 -1.171834
v 7.772639 -0.053009 2.793468
v 7.757976 -0.088272 5.953291
v 8.864066 -0.231792 8.597925
v 8.941552 2.023651 10.162496
v 8.604864 2.477680 -3.139571
v 9.565858 -0.127457 -3.088067
v 11.676934 15.220551 -0.771154
v 8.795095 15.014202 -2.779670
v 8.604864 2.477680 -3.139571
v 9.565858 -0.127457 -3.088067
v -8.530709 2.941322 -3.010767
v -5.773196 5.131763 0.145211
v -6.291051 1.933155 -2.125673
v -6.009131 2.233456 6.026522
v -6.948263 -0.088272 5.953291
v -7.158990 -0.051666 3.784149
v -7.004928 -0.062824 -1.870728
v -6.646699 5.033680 4.469193
v -9.603945 3.695087 5.456253
v -10.109942 3.433411 7.865541
v -7.931612 2.145901 10.905292
v -8.150439 -0.125118 9.637306
v -10.889940 3.973629 1.670630
v -12.969376 -0.060078 4.848196
v -13.023735 0.929749 8.410101
v -12.287409 -0.180954 8.498404
v -6.131285 14.750679 1.649630
v -10.682607 15.340023 2.256376
v -10.957964 1.885414 -1.623206
v -11.897817 -0.115223 3.094306
v -10.867308 15.220551 -0.771154
v -8.530709 2.941322 -3.010767
v -9.508219 -0.071823 -2.593700
v -6.291051 1.933155 -2.125673
v -7.004928 -0.062824 -1.870728
v -7.899431 15.220051 -3.119070
v -10.999645 -0.102314 1.114620
v 12.047017 31.425858 -0.656512
v 6.467495 26.446621 -8.135974
v 5.932261 31.257816 -7.088218
v 13.438014 26.654488 -0.699463
v -8.550259 40.790688 -0.462033
v -7.179536 40.320683 -3.701646
v -10.907003 36.212395 -1.288693
v -3.876333 35.874672 -7.217933
v -2.514118 40.201065 -5.934470
v 9.341052 55.192116 -1.106390
v 7.328379 55.687881 5.282322
v 7.757294 51.747696 5.196828
v 9.068236 49.713520 -0.332365
v 6.294106 53.207626 -3.777276
v 7.342675 56.547131 -4.276622
v 5.682203 14.622440 -0.673349
v 8.604864 2.477680 -3.139571
v 6.697233 5.115421 0.157476
v 8.795095 15.014202 -2.779670
v -21.056046 52.016968 -1.252758
v -22.267212 47.461082 2.182287
v -19.830082 51.757332 1.420527
v -24.456226 47.610416 -0.844564
v -19.191008 51.465836 -3.177362
v -21.666634 46.949703 -3.100060
v -19.093924 55.727264 -1.538707
v -17.375698 54.085384 -3.784564
v -19.190731 51.841686 -3.704274
v -22.453920 50.966942 -1.278465
v -19.010113 52.709942 1.975814
v -17.491394 54.799225 1.624239
v -8.999096 41.203686 1.262211
v -6.922283 47.235161 1.441437
v -8.550259 40.790688 -0.462033
v -5.629813 47.159000 -2.346224
v -7.179536 40.320683 -3.701646
v -2.514118 40.201065 -5.934470
v -6.399537 45.446838 -0.667465
v -7.424209 40.149914 3.339883
v -6.991937 46.545929 2.956447
v -7.458154 38.335377 -2.205918
v -9.625257 26.082016 -0.035418
v -9.648112 26.276989 2.910690
v -10.867308 15.220551 -0.771154
v -10.682607 15.340023 2.256376
v -4.334492 45.527939 -2.817099
v -3.916296 40.150150 -4.401627
v 1.226971 39.300446 -4.432362
v -1.467814 37.483017 -2.528843
v -6.511827 24.841362 -2.571523
v -7.899431 15.220051 -3.119070
v -4.755901 14.478115 -0.733498
v -2.076778 25.387959 0.408756
v 0.646972 45.563068 -4.872279
v 0.434753 37.005653 0.353630
v 8.440985 53.867104 -0.341190
v 7.589655 53.540054 4.863765
v 7.545530 49.148918 6.143064
v 8.454975 48.425167 -0.420485
v 5.336110 49.034725 -3.431271
v 6.227217 54.209251 -3.224796
v -23.238304 44.957245 2.960430
v -26.584438 42.715302 0.839035
v -25.737123 42.879353 2.348615
v -24.842779 45.991589 0.974724
v -24.856119 43.243095 -2.721875
v -23.113926 45.250401 -3.113866
v -23.421761 46.817825 -1.013155
v -22.402079 47.084785 2.529833
v -7.148172 51.197483 5.337222
v -6.564779 56.255207 5.781124
v -9.010413 55.429489 -0.945448
v -8.694412 48.914967 -1.087924
v -5.504218 53.342953 -3.471187
v -6.322868 56.324226 -3.141700
v -9.497084 38.229244 -0.287514
v -4.757713 31.517460 -7.226442
v -10.991543 31.434059 -0.228540
v -3.221250 38.423588 -5.658569
v -10.991543 31.434059 -0.228540
v -5.538525 26.483685 -7.709497
v -12.543169 26.291374 -0.278326
v -4.757713 31.517460 -7.226442
v -10.655725 28.688622 -0.152098
v -4.075564 21.881176 -7.622733
v -12.250617 21.890186 -0.188984
v -3.658546 28.698536 -6.934701
v -7.767862 47.889019 2.498694
v -6.184194 47.181267 5.012985
v -6.412529 48.825714 5.259647
v -7.692596 53.053177 2.478418
v -7.578769 52.864319 -1.537303
v -6.371525 47.793125 -2.702232
v -4.289505 51.188690 -3.675803
v -3.246233 47.683140 -4.173524
v 7.374580 45.894226 -0.507021
v 8.021976 45.552288 2.116434
v 9.097153 39.954712 2.785050
v 8.220573 38.340225 -2.109786
v 5.198338 45.528076 -2.817417
v 5.687684 39.694561 -3.668427
v 0.646972 45.563068 -4.872279
v 1.226971 39.300446 -4.432362
v 3.412854 37.169083 -2.556634
v 0.434753 37.005653 0.353630
v 10.861674 26.221542 1.679320
v 10.595872 26.243542 -0.960609
v 11.773698 15.175278 -0.846872
v 8.750557 14.877411 -2.971704
v 6.625363 24.581848 -2.723639
v 2.883958 25.387688 0.408394
v 5.589378 14.507614 -0.727434
v 11.537358 15.230717 1.546439
v -6.269463 44.849136 -3.069376
v -7.936907 45.086929 1.575903
v -7.219909 50.012367 1.775315
v -5.592565 50.342487 -1.729791
v -4.340964 45.131462 -3.894633
v -4.101452 50.919678 -3.044753
v -4.872490 14.622440 -0.673349
v -6.646699 5.033680 4.469193
v -5.773196 5.131763 0.145211
v 11.295720 28.694420 -0.426278
v 6.196758 22.310783 -7.688587
v 5.625179 28.693840 -6.944341
v 12.780858 22.245693 -0.931643
v 5.932261 31.257816 -7.088218
v 10.329659 38.229057 -0.288010
v 12.047017 31.425858 -0.656512
v 3.904282 38.413719 -5.610233
v -7.899431 15.220051 -3.119070
v -8.530709 2.941322 -3.010767
v -4.872490 14.622440 -0.673349
v 13.296033 1.769489 8.192902
v 13.200637 0.006889 7.438701
v 13.880290 -0.305553 5.624980
v 12.887393 2.221134 4.752833
v 11.809318 -0.102314 1.114620
v 8.702493 59.330170 -2.406734
v 8.756709 62.303066 -4.618690
v 9.356805 59.703197 -1.049814
v 25.611593 38.861843 -0.332682
v 26.173990 38.601791 2.853663
v 26.365683 40.246624 2.620035
v -7.845800 60.968742 1.525891
v -8.852277 59.473690 -0.419716
v -8.320841 59.544891 -1.441308
v 24.318907 42.107979 2.179345
v 23.393156 42.060326 -0.130147
v -5.336171 46.589764 6.687625
v 0.323054 36.827980 6.757459
v 0.253306 46.152977 8.460247
v 5.782133 46.650421 6.605478
v 0.253306 46.152977 8.460247
v 0.323054 36.827980 6.757459
v -23.253048 42.909565 -2.470912
v -24.138426 40.245155 -2.405557
v -24.364912 41.129402 -3.078336
v -24.364912 41.129402 -3.078336
v -24.138426 40.245155 -2.405557
v -24.249025 39.240753 -3.186278
v -23.530920 42.777138 2.179345
v -24.767059 43.383556 2.018538
v -25.577690 40.915791 2.620035
v -21.817116 46.570198 1.787490
v -23.266457 46.297916 1.456056
v -21.884274 45.420082 2.297653
v -25.654104 38.652157 1.885159
v -24.850163 39.466976 -0.331142
v -25.385990 39.270958 2.853663
v -23.009781 42.655716 4.402074
v -23.427900 42.410480 3.361336
v -22.241783 43.008194 3.287383
v -24.850163 39.466976 -0.331142
v -25.577690 40.915791 2.620035
v -21.884274 45.420082 2.297653
v -23.266457 46.297916 1.456056
v -23.137138 44.433506 3.046468
v -23.171577 43.819771 3.853758
v -23.427900 42.410480 3.361336
v -23.009781 42.655716 4.402074
v -23.137138 44.433506 3.046468
v -24.767059 43.383556 2.018538
v -23.530920 42.777138 2.179345
v 8.756709 62.303066 -4.618690
v 14.627464 54.728382 -4.183618
v 9.356805 59.703197 -1.049814
v 13.158495 54.008118 -1.702635
v 16.125616 52.893799 -4.341528
v 14.681324 51.741570 -0.723315
v 23.549192 42.136543 4.578585
v 23.024418 43.221809 3.739614
v 23.029774 42.339012 3.287383
v 21.517612 43.950470 1.199074
v 23.393156 42.060326 -0.130147
v 24.318907 42.107979 2.179345
v 24.055559 41.698719 3.617957
v 23.549192 42.136543 4.578585
v 22.926872 44.918839 2.423383
v 20.851347 45.160492 -0.149744
v 22.789797 45.911770 1.704575
v 21.542795 47.357109 1.700456
v 20.473446 49.495972 1.823878
v 17.824465 47.436977 -0.461490
v 23.942337 43.457493 3.450135
v 24.194357 45.451008 1.553725
v 22.789797 45.911770 1.704575
v 23.549192 42.136543 4.578585
v 19.089621 51.768494 1.728924
v 16.186035 50.568817 -0.725306
v 17.232418 53.482998 1.765539
v 14.681324 51.741570 -0.723315
v 20.851347 45.160492 -0.149744
v 22.585701 44.363144 -2.574374
v 24.041048 42.240395 -2.470912
v 24.858116 39.743698 -2.407413
v 25.611593 38.861843 -0.332682
v 26.365683 40.246624 2.620035
v -18.863998 54.293106 -2.297614
v -14.844311 54.440193 -4.249649
v -15.915281 52.104187 -3.728260
v -17.131153 56.956730 -2.223523
v -15.915281 52.104187 -3.728260
v -14.844311 54.440193 -4.249649
v -13.586159 53.101517 -0.804601
v -15.324226 51.368057 -0.723541
v -17.036530 48.106129 -0.461490
v -18.385685 48.870300 -3.451320
v -20.018759 46.283802 -3.075257
v -20.004761 45.811653 -0.128744
v -21.437424 44.875313 -2.775458
v 25.611593 38.861843 -0.332682
v 24.983219 38.701233 -3.189358
v 26.269506 37.425617 -0.531596
v 24.858116 39.743698 -2.407413
v -13.586159 53.101517 -0.804601
v -14.844311 54.440193 -4.249649
v -12.370543 54.677269 -1.707252
v -13.839520 55.397537 -4.183618
v -8.852277 59.473690 -0.419716
v -8.320841 59.544891 -1.441308
v -7.250912 62.925007 -4.532022
v 24.858116 39.743698 -2.407413
v 25.152899 40.460236 -3.078336
v 24.041048 42.240395 -2.470912
v 24.752792 43.182858 -2.509020
v 22.585701 44.363144 -2.574374
v 24.371662 46.064552 -0.671040
v 26.155861 43.175522 -0.556082
v 25.961494 40.112938 -2.183742
v 25.152899 40.460236 -3.078336
v 24.983219 38.701233 -3.189358
v 25.566395 42.996700 1.819352
v 26.921650 39.857380 1.422021
v 26.365683 40.246624 2.620035
v 26.491760 37.748825 1.621795
v 26.173990 38.601791 2.853663
v 24.318907 42.107979 2.179345
v 26.365683 40.246624 2.620035
v 24.055559 41.698719 3.617957
v 23.549192 42.136543 4.578585
v 5.782133 46.650421 6.605478
v 5.216217 49.235489 7.909490
v 0.197773 49.369869 9.668309
v 0.253306 46.152977 8.460247
v -5.336171 46.589764 6.687625
v -4.806546 49.239563 7.909490
v 16.186035 50.568817 -0.725306
v 14.681324 51.741570 -0.723315
v 16.125616 52.893799 -4.341528
v 16.773134 51.414986 -3.728260
v 17.824465 47.436977 -0.461490
v 19.243540 48.181103 -3.451320
v 20.876617 45.594589 -3.075258
v 20.851347 45.160492 -0.149744
v 22.585701 44.363144 -2.574374
v 16.125616 52.893799 -4.341528
v 14.627464 54.728382 -4.183618
v 18.113096 55.938232 -1.808903
v 8.756709 62.303066 -4.618690
v 11.187362 64.597618 -4.157272
v 12.194652 65.526962 -1.037278
v 8.930235 67.951508 -0.838546
v 10.507254 63.754585 2.254158
v 15.801397 55.853519 1.191018
v 18.113096 55.938232 -1.808903
v 17.232418 53.482998 1.765539
v 6.324162 68.004028 -3.709027
v 6.291759 68.753021 1.471761
v 8.464291 67.463654 2.019036
v 8.825505 64.838905 4.125223
v 8.778529 61.018883 1.808626
v 13.496996 54.810810 0.178702
v 14.681324 51.741570 -0.723315
v 17.232418 53.482998 1.765539
v 8.371515 61.601467 3.961475
v 8.390839 59.408703 4.600808
v 9.056332 58.378784 1.197444
v 9.356805 59.703197 -1.049814
v 8.130182 62.012680 5.796559
v 8.554454 64.161896 5.349351
v 13.158495 54.008118 -1.702635
v 9.356805 59.703197 -1.049814
v -8.556688 53.080490 1.612336
v -7.943289 48.884689 2.359386
v -6.929434 51.759335 4.542197
v -8.198820 54.819229 0.520682
v -7.969449 53.742107 -0.954862
v -8.417242 55.775787 -2.004560
v -8.590316 58.375687 1.184999
v -8.320841 59.544891 -1.441308
v -8.033674 67.463654 2.019036
v -10.082245 64.240295 2.921235
v -8.394842 64.838905 4.125223
v -8.080289 67.799316 -1.287155
v -11.148502 65.467003 -0.564908
v -17.131153 56.956730 -2.223523
v -15.528513 55.791519 1.212697
v -6.645116 68.181435 1.191018
v -5.559888 67.827423 -3.906537
v -10.337460 64.597618 -4.157272
v -7.250912 62.925007 -4.532022
v -13.839520 55.397537 -4.183618
v -14.844311 54.440193 -4.249649
v 8.185133 48.968105 2.613834
v 8.634244 46.498756 1.430303
v 5.216217 49.235489 7.909490
v 5.451836 44.564190 -4.166370
v 7.343766 47.717133 -1.687608
v 8.180022 46.206200 -2.200035
v 5.789378 36.018196 -5.229240
v 0.448826 42.731644 -5.423584
v 0.259371 35.392490 -5.736326
v -5.323225 45.835480 -3.110016
v -5.384282 36.977959 -5.024713
v -7.699521 45.761566 -2.399899
v -6.446110 47.717133 -1.687608
v 8.928294 37.570953 -3.221265
v -8.697943 37.434586 -3.330613
v 6.231606 67.844963 -3.657881
v 0.473719 68.954391 -4.849517
v 5.638081 70.000961 -2.708930
v 3.824447 71.072540 -2.002206
v 0.356950 70.730370 -3.247379
v -3.615006 70.789101 -2.267562
v -4.899509 69.889931 -3.035702
v -3.885520 70.047760 1.411657
v -5.833028 69.122879 1.441120
v -4.094843 69.469604 2.096113
v 0.215335 66.814804 4.986280
v 0.277656 67.972748 4.052220
v -5.547533 67.941109 -3.931927
v -6.645116 68.181435 1.191018
v 4.319674 68.789001 1.341505
v 3.779506 70.281158 1.310955
v 5.638081 70.000961 -2.708930
v 3.824447 71.072540 -2.002206
v 6.231606 67.844963 -3.657881
v 6.264827 68.744370 1.481582
v 18.113096 55.938232 -1.808903
v 16.773134 51.414986 -3.728260
v 16.125616 52.893799 -4.341528
v 19.611851 53.515022 -1.666202
v 17.232418 53.482998 1.765539
v 19.611851 53.515022 -1.666202
v 18.113096 55.938232 -1.808903
v 19.089621 51.768494 1.728924
v -2.286058 23.063499 4.682817
v -3.096922 21.141781 4.232895
v -2.591331 20.147167 2.350606
v -2.586307 23.696804 0.275195
v -3.396901 19.335403 0.784136
v -7.519072 21.677238 -3.268064
v -5.895938 30.995354 -2.850276
v 0.550253 31.759056 -1.117297
v -4.556489 14.128944 -0.291270
v -7.594203 14.576523 -3.112417
v -5.030172 7.711681 -1.153957
v -8.812854 6.195454 -3.870648
v -6.082226 4.539959 -1.559887
v -8.607197 2.763805 -3.056973
v -12.620066 2.555527 -1.067965
v -12.597663 6.616631 -2.436333
v -10.546608 14.542515 -1.739114
v -7.594203 14.576523 -3.112417
v -7.519072 21.677238 -3.268064
v -6.492095 3.102497 0.142043
v -5.643979 4.475967 0.792690
v -5.384282 36.977959 -5.024713
v 0.259371 35.392490 -5.736326
v 5.789378 36.018196 -5.229240
v 6.333891 30.578438 -2.667881
v 7.933805 21.717709 -3.514910
v 2.930486 22.473755 2.092447
v 3.630872 19.335403 0.784136
v 3.078074 20.644470 3.291773
v 8.131824 14.741959 -3.003341
v 4.829658 15.369591 0.048039
v 4.731944 11.947372 -0.887878
v 5.074962 8.282082 -1.080953
v 9.254750 7.065987 -4.571259
v 6.316198 4.539959 -1.559887
v 8.663795 2.154739 -2.941563
v 6.531766 1.987019 0.538333
v 5.877949 4.475967 0.792690
v 2.930486 22.473755 2.092447
v 3.078074 20.644470 3.291773
v 4.805758 20.618893 5.247291
v 4.658620 22.263859 5.586059
v 3.245308 30.904030 6.705591
v 0.210898 31.408947 5.152428
v 0.550253 31.759056 -1.117297
v 8.311772 23.502140 5.313733
v 7.830616 30.542185 5.893052
v 8.704666 21.931198 5.569719
v 10.719246 22.615250 2.684258
v 10.394872 23.700382 3.123453
v 10.208006 31.009491 1.418083
v 11.679788 21.135357 -1.017003
v 10.916625 22.052841 1.626593
v 10.916625 22.052841 1.626593
v 11.063722 20.593376 1.173728
v 10.967082 15.207039 -0.801387
v 7.933805 21.717709 -3.514910
v 10.208006 31.009491 1.418083
v 6.333891 30.578438 -2.667881
v 9.784055 37.812004 1.306157
v 11.406245 14.130203 0.293118
v 12.244895 9.204193 0.135525
v 12.597598 7.350735 -2.008994
v 9.254750 7.065987 -4.571259
v 8.131824 14.741959 -3.003341
v 13.314727 7.629578 0.423058
v 13.170941 2.878208 -1.368395
v 8.663795 2.154739 -2.941563
v 12.542478 3.974094 2.437730
v 10.321239 7.931351 2.757396
v 9.226636 4.471157 4.176321
v 7.151185 6.057491 2.557848
v 9.342825 3.376835 4.927399
v 5.877949 4.475967 0.792690
v 6.531766 1.987019 0.538333
v 5.789378 36.018196 -5.229240
v 6.141581 44.770214 -3.215021
v 12.993024 0.390667 2.739474
v 12.696174 2.953987 6.981222
v 13.182082 0.627476 9.329727
v 12.542478 3.974094 2.437730
v 13.170941 2.878208 -1.368395
v 12.128579 0.268238 -1.249092
v 9.226636 4.471157 4.176321
v 9.342825 3.376835 4.927399
v 9.464480 2.768986 7.520033
v 12.696174 2.953987 6.981222
v 13.182082 0.627476 9.329727
v 9.481540 0.567333 9.557240
v 8.185133 48.968105 2.613834
v 8.634244 46.498756 1.430303
v 7.553541 48.341759 -1.592247
v 6.141581 44.770214 -3.215021
v 12.128579 0.268238 -1.249092
v 8.663795 2.154739 -2.941563
v 9.147349 0.288429 -2.366635
v 8.663795 2.154739 -2.941563
v 9.147349 0.288429 -2.366635
v 7.684566 0.290356 0.088501
v 6.531766 1.987019 0.538333
v 8.186400 0.384521 3.687701
v 9.342825 3.376835 4.927399
v 9.464480 2.768986 7.520033
v 9.481540 0.567333 9.557240
v 8.185133 48.968105 2.613834
v 9.454341 53.080490 1.612336
v 8.171924 53.262230 2.660315
v 8.602561 54.823013 0.530277
v 8.853660 53.737751 -0.962737
v 9.314931 55.775787 -2.004560
v 9.733582 56.592926 -0.386405
v 9.056332 58.378784 1.197444
v 8.702493 59.330170 -2.406734
v 9.356805 59.703197 -1.049814
v -6.715945 5.071278 2.225102
v -6.492095 3.102497 0.142043
v -5.643979 4.475967 0.792690
v -9.001811 3.668972 4.926991
v -9.051058 4.764927 4.171749
v -7.323462 7.431004 3.498879
v -9.621594 8.058460 3.243165
v -12.917152 8.224457 0.296739
v -12.178745 3.836411 2.432435
v -11.061157 15.380211 0.387892
v -10.682652 22.052841 1.626593
v -11.248756 23.758537 -0.552552
v -5.895938 30.995354 -2.850276
v -9.788103 31.127800 1.505615
v -9.363977 37.758003 1.211294
v -5.384282 36.977959 -5.024713
v -5.241714 44.694576 -3.134459
v -10.080203 25.059639 2.894216
v -7.644034 23.863255 5.453176
v -7.128304 30.856331 5.866937
v -2.202871 30.949471 7.126005
v -4.181290 22.741066 6.656757
v -9.603127 22.499245 4.093270
v -8.470695 21.931198 5.569719
v -4.571786 20.618893 5.247336
v -3.096922 21.141781 4.232895
v -2.286058 23.063499 4.682817
v -2.202871 30.949471 7.126005
v 0.210898 31.408947 5.152428
v -2.586307 23.696804 0.275195
v 0.550253 31.759056 -1.117297
v -8.247475 46.203068 0.564448
v -6.475936 48.346737 -1.499240
v -7.943289 48.884689 2.359386
v -4.806546 49.239563 7.909490
v 25.961494 40.112938 -2.183742
v 26.269506 37.425617 -0.531596
v 26.664165 39.492455 -0.496113
v -12.533895 2.954025 6.992491
v -13.270215 0.598236 6.787964
v -12.612009 0.761703 9.541852
v -12.588249 0.390667 2.735491
v -12.178745 3.836411 2.432435
v -12.620066 2.555527 -1.067965
v -11.488131 0.252949 -1.593289
v -8.607197 2.763805 -3.056973
v -8.507309 0.272190 -3.173833
v -8.320841 59.544891 -1.441308
v -8.590316 58.375687 1.184999
v -7.845800 60.968742 1.525891
v -7.960169 59.408703 4.600808
v -7.513007 61.603844 3.924362
v -10.082245 64.240295 2.921235
v -15.528513 55.791519 1.212697
v -12.683324 55.478878 0.265329
v -12.370543 54.677269 -1.707252
v -13.586159 53.101517 -0.804601
v -7.917083 61.564480 5.796559
v -8.394842 64.838905 4.125223
v -9.051058 4.764927 4.171749
v -9.001811 3.668972 4.926991
v -12.533895 2.954025 6.992491
v -9.034674 3.031746 7.685184
v -8.841730 0.684170 9.523661
v -12.612009 0.761703 9.541852
v 26.921650 39.857380 1.422021
v 26.664165 39.492455 -0.496113
v 26.491760 37.748825 1.621795
v -8.607197 2.763805 -3.056973
v -6.952697 0.290115 -0.431166
v -8.507309 0.272190 -3.173833
v -6.492095 3.102497 0.142043
v -7.428463 0.386406 3.687701
v -9.001811 3.668972 4.926991
v -9.034674 3.031746 7.685184
v -8.841730 0.684170 9.523661
v -15.528513 55.791519 1.212697
v -15.324226 51.368057 -0.723541
v -13.586159 53.101517 -0.804601
v -18.231724 52.457706 1.728970
v -19.615545 50.185181 1.823924
v -17.036530 48.106129 -0.461490
v -20.684944 48.046314 1.700456
v -20.004761 45.811653 -0.128744
v -21.817116 46.570198 1.787490
v -25.654104 38.652157 1.885159
v -25.385990 39.270958 2.853663
v -26.133654 40.526550 1.422021
v -25.577690 40.915791 2.620035
v -25.235626 43.806862 -0.360698
v -23.583668 46.733719 -0.671040
v -23.964802 43.852024 -2.509021
v -25.173504 40.782101 -2.183742
v -24.364912 41.129402 -3.078336
v -24.249025 39.240753 -3.186278
v -23.137138 44.433506 3.046468
v -21.437424 44.875313 -2.775458
v -23.253048 42.909565 -2.470912
v -24.850163 39.466976 -0.331142
v -25.654104 38.652157 1.885159
v -25.441566 38.114388 -0.660676
v -24.138426 40.245155 -2.405557
v -23.427900 42.410480 3.361336
v -23.137138 44.433506 3.046468
v -23.530920 42.777138 2.179345
v -23.171577 43.819771 3.853758
v 25.611593 38.861843 -0.332682
v 26.491760 37.748825 1.621795
v -23.171577 43.819771 3.853758
v -22.185471 43.839336 3.830947
v -20.729620 44.619629 1.199074
v -21.817116 46.570198 1.787490
v -20.004761 45.811653 -0.128744
v -23.009781 42.655716 4.402074
v -22.241783 43.008194 3.287383
v -23.009781 42.655716 4.402074
v -22.605171 42.729496 -0.130147
v -20.004761 45.811653 -0.128744
v -21.437424 44.875313 -2.775458
v -23.253048 42.909565 -2.470912
v -24.138426 40.245155 -2.405557
v -24.850163 39.466976 -0.331142
v -23.530920 42.777138 2.179345
v -23.427900 42.410480 3.361336
v -23.530920 42.777138 2.179345
v -25.577690 40.915791 2.620035
v -25.173504 40.782101 -2.183742
v -25.876202 40.161625 -0.496114
v -25.441566 38.114388 -0.660676
v -18.231724 52.457706 1.728970
v -15.528513 55.791519 1.212697
v -18.863998 54.293106 -2.297614
v -25.876202 40.161625 -0.496114
v -26.133654 40.526550 1.422021
v -24.031698 42.303131 -0.292853
v -20.717770 45.174000 -0.697879
v -24.310158 42.657337 2.008808
v 25.260048 40.907703 -2.739390
v 22.910105 43.516735 -0.640581
v 25.398441 42.642101 -1.991117
v 18.277721 47.318199 0.629531
v 20.134726 47.651386 -2.823707
v 22.910105 43.516735 -0.640581
v -20.702656 46.359367 -2.329522
v -21.118879 50.683064 -1.226915
v -18.932825 49.178604 -3.066568
v -21.118879 50.683064 -1.226915
v -20.702656 46.359367 -2.329522
v -24.553442 43.314629 -2.133912
v -8.872555 58.160084 -1.457103
v -6.874715 57.516365 -4.000631
v -8.919482 56.648140 -0.064929
v 19.276283 54.686714 -1.742055
v 16.314114 58.784195 -1.841400
v 15.098221 57.532944 0.534667
v 17.259630 53.757866 1.257413
v 20.543228 49.272709 1.786494
v 21.987926 49.753586 -1.157036
v 12.161918 56.340027 -0.053794
v 14.889971 52.230503 -0.214329
v 18.277721 47.318199 0.629531
v 22.910105 43.516735 -0.640581
v 22.742422 45.289822 1.972645
v 16.293831 53.148804 -3.117349
v 20.134726 47.651386 -2.823707
v 21.987926 49.753586 -1.157036
v 23.615377 46.096478 -1.102905
v 25.398441 42.642101 -1.991117
v 13.033108 56.801311 -3.625657
v 19.276283 54.686714 -1.742055
v 16.314114 58.784195 -1.841400
v 23.951818 46.366360 0.716700
v 23.398849 46.376137 2.531462
v 24.546041 44.301403 2.840311
v 26.632465 44.105583 -0.261263
v 24.149940 46.606739 -1.591523
v 23.078800 46.540745 -2.659507
v 23.678785 43.954609 -2.980033
v 26.972517 41.765121 -1.199261
v 25.912203 41.803600 -2.539707
v 27.227764 41.961006 0.695745
v 26.393845 42.285408 2.247550
v 8.619532 60.460121 -5.794166
v 6.173768 63.795311 -5.754019
v 10.365276 65.415375 -3.854579
v 13.563066 61.346539 -3.938944
v 12.516541 66.443390 -0.267961
v 16.459551 60.891167 -0.117474
v 13.711656 61.336021 3.337122
v 10.144960 65.456467 3.758939
v 6.957521 62.467640 6.007240
v 16.490940 63.043610 -1.362873
v 15.531965 60.250473 2.400029
v 17.086330 55.792992 2.180883
v 20.236486 55.948692 -0.717612
v 15.276312 58.770596 -4.876718
v 17.393780 54.907806 -3.986239
v 15.970095 60.221642 0.352770
v 15.629921 54.969444 1.532544
v 18.287907 56.119476 0.625910
v 11.174375 55.935364 0.861937
v 13.225792 52.759808 -0.441802
v 7.885967 64.452835 3.178580
v 8.136298 60.439610 2.682311
v 9.256600 57.299881 -3.064803
v -20.506475 50.480827 1.620800
v -17.551485 56.277039 -1.015372
v -21.118879 50.683064 -1.226915
v -16.885155 55.098217 0.916837
v -15.109505 58.784355 0.552726
v -11.907979 57.521770 0.788165
v -14.234600 53.979668 0.876194
v -13.937717 53.803764 -2.462222
v -10.936575 57.099995 -2.328710
v -18.277472 48.915688 1.497921
v -17.242716 48.096207 -1.637507
v -18.932825 49.178604 -3.066568
v -17.551485 56.277039 -1.015372
v -14.395021 59.481346 -3.076661
v -20.490089 46.769627 1.849450
v -20.717770 45.174000 -0.697879
v -21.761259 48.212784 1.310593
v -9.950220 65.456917 -3.927040
v -6.073218 63.292938 -5.993896
v -8.072142 60.541222 -5.975156
v -13.421638 61.494484 -3.934146
v -11.823776 65.726982 0.132085
v -15.168091 61.913986 -0.889462
v -13.861862 61.345367 2.867920
v -9.998333 65.283173 3.260227
v -4.536395 64.456329 6.309074
v -8.465172 60.403172 5.609275
v -4.454158 57.252579 7.970725
v -2.486691 58.141758 8.677898
v -25.579515 41.047810 2.430443
v -25.466211 38.631031 1.567846
v -25.217894 39.295517 2.654115
v -26.193352 40.759167 1.209483
v -25.470167 43.484417 -0.060674
v -24.725019 43.406731 1.969658
v -24.310158 42.657337 2.008808
v -23.553703 43.864784 2.635423
v -23.035334 44.977127 3.030220
v -22.944759 45.723602 2.091270
v -21.556776 45.393978 1.744493
v -21.761259 48.212784 1.310593
v -20.490089 46.769627 1.849450
v -20.717770 45.174000 -0.697879
v -23.197794 43.781326 3.936039
v -22.432581 43.669479 4.342151
v -23.197794 43.781326 3.936039
v -23.553703 43.864784 2.635423
v -24.310158 42.657337 2.008808
v -26.193352 40.759167 1.209483
v -25.179672 38.441429 -0.439766
v -25.466211 38.631031 1.567846
v -25.811071 40.505257 -0.561287
v 26.006496 40.622555 -1.920105
v 25.260048 40.907703 -2.739390
v 25.398441 42.642101 -1.991117
v 25.467772 39.754620 -1.808497
v 25.777985 38.032932 -0.418583
v -5.073124 46.524193 6.161621
v -7.363651 50.367828 1.756668
v -7.415880 45.300102 1.816048
v -5.170386 55.151054 6.662912
v -8.083639 53.409710 2.365180
v -7.125225 60.840885 3.299331
v -8.454174 59.672871 2.044834
v -8.872555 58.160084 -1.457103
v -8.919482 56.648140 -0.064929
v -7.936274 54.444427 -0.894077
v -3.049491 53.730328 8.447166
v -1.060208 58.296944 7.864772
v -5.491501 61.228310 5.286667
v -7.444711 64.445786 3.198176
v -9.276447 62.518055 2.182558
v -1.005036 61.783360 6.860016
v -0.764030 66.629776 4.329976
v -4.385364 65.510986 4.485848
v 2.824169 58.883465 7.315008
v 5.785853 59.945614 5.765240
v 5.200551 65.655334 4.194016
v 4.348093 68.050278 2.291678
v -0.432010 68.734055 4.696893
v -3.273796 68.205261 2.280318
v 2.621273 57.582493 7.719445
v 4.756520 55.358978 7.306136
v 7.267998 58.355011 5.005291
v 8.136298 60.439610 2.682311
v 7.885967 64.452835 3.178580
v 7.307606 54.061897 6.115727
v 9.256600 57.299881 -3.064803
v 4.515692 53.253239 8.051056
v 4.326550 48.563667 8.708811
v 5.860209 45.455612 6.674952
v 8.146390 50.217575 2.306659
v 9.208722 54.906380 -2.147490
v 7.874478 45.225616 2.588670
v -2.636817 69.657700 2.363776
v -3.280810 70.102203 -0.008309
v 3.219376 69.532455 2.384415
v 3.545193 70.116333 0.069040
v -6.334003 55.319618 -2.979763
v 24.490860 49.763409 0.085604
v 20.828333 50.517525 -3.646749
v 19.051733 54.017029 -3.761930
v 20.638754 55.058205 -0.549745
v 21.031658 50.753674 2.088328
v 18.763378 54.380707 1.735985
v 26.253380 42.813076 -0.060810
v 26.569056 40.077946 -0.498919
v 26.006496 40.622555 -1.920105
v 25.777985 38.032932 -0.418583
v -25.811071 40.505257 -0.561287
v -24.560335 39.178146 -2.197139
v -25.179672 38.441429 -0.439766
v -25.250345 41.051418 -2.088380
v 26.569056 40.077946 -0.498919
v 26.981871 40.088257 1.131185
v 26.395306 38.085682 1.649585
v 25.777985 38.032932 -0.418583
v 2.751665 64.774948 5.679608
v 0.218095 63.499275 7.001406
v 1.940894 57.077534 8.757556
v 0.394109 55.806572 9.782228
v -1.650753 57.077850 8.679707
v -2.384406 64.771545 5.619822
v -16.166321 59.930202 -5.060060
v -15.454754 56.794022 -4.847751
v -19.311649 56.370651 -1.088151
v -15.194805 64.375717 -1.033341
v -14.738764 56.895191 2.316164
v -13.740028 60.279312 2.887834
v -10.086055 57.217049 -2.380122
v -12.411745 54.046413 -2.387861
v -15.673866 57.316444 -3.968451
v -9.609508 61.951870 -4.370038
v -8.872555 58.160084 -1.457103
v -6.999494 62.866943 -5.186381
v -6.874715 57.516365 -4.000631
v -11.505102 64.077881 0.602963
v -17.566345 56.687946 -0.029445
v -9.276447 62.518055 2.182558
v -11.580700 60.643162 1.403555
v -10.241981 58.433552 0.975266
v -8.454174 59.672871 2.044834
v -10.086055 57.217049 -2.380122
v -8.872555 58.160084 -1.457103
v -14.669828 55.711792 1.700411
v -13.629108 53.830254 0.827087
v -12.411745 54.046413 -2.387861
v 22.910105 43.516735 -0.640581
v 25.467772 39.754620 -1.808497
v 24.819696 41.633949 -0.292854
v 25.777985 38.032932 -0.418583
v 23.548298 42.788246 5.005924
v 24.040953 43.323284 3.132461
v 22.742422 45.289822 1.972645
v 25.206757 42.448666 2.018041
v 26.981871 40.088257 1.131185
v 26.368166 40.378826 2.429810
v 26.395306 38.085682 1.649585
v 23.194424 42.327694 4.400172
v 23.548298 42.788246 5.005924
v 22.375051 46.223679 -3.484448
v 20.756397 50.672714 -3.112462
v 22.555904 51.176422 -0.174546
v 25.406124 47.100533 0.102577
v 20.153603 51.025291 2.003512
v 22.072779 46.749607 2.765362
v 7.372636 64.767075 5.647158
v 8.359019 63.844818 6.583572
v 11.508391 64.614380 4.670507
v 10.309339 66.275566 3.255656
v 4.630198 64.852165 5.297257
v 4.436125 61.671787 5.865986
v 2.581763 62.652641 6.305455
v 2.188864 64.895569 5.166458
v 5.426942 68.428001 2.670589
v 2.742115 67.708443 3.742782
v 12.039910 66.938797 0.997399
v 13.618920 65.120003 0.924621
v 13.893912 65.925491 -2.726309
v 5.459801 70.428421 -0.931824
v 3.614669 70.524551 0.473160
v 0.226288 71.771812 -2.555095
v 0.379625 69.864349 -4.463272
v -5.008721 70.465530 -0.479458
v -3.065196 70.829109 0.130320
v -2.278092 68.648750 1.866558
v 4.690208 62.305016 -7.481115
v -4.378303 62.301254 -7.459302
v -6.817960 67.460228 -5.667124
v -12.641112 63.856880 -4.162569
v -14.145169 65.266235 -1.913770
v -5.029405 68.771538 1.976447
v -2.360869 67.083412 4.077971
v 10.398858 58.957008 -5.571128
v 0.190986 56.916325 -7.088539
v -8.458384 57.571659 -4.479746
v -9.795391 60.441650 -5.774797
v 7.447412 49.398918 -2.503952
v 3.657215 49.182312 -4.602535
v -2.935256 49.432823 -4.278977
v -6.841946 50.092476 -2.910695
v 4.827163 41.856827 -5.913062
v -1.994451 41.509869 -6.053006
v -12.437674 65.678238 2.457282
v -4.735489 66.896294 4.184331
v -1.566525 64.895386 5.222353
v -4.200886 61.016567 6.435982
v -5.649953 64.751144 4.884493
v -8.167138 65.093391 4.355864
v -10.017611 65.588135 3.321055
v -10.081201 63.985802 4.250817
v 23.194424 42.327694 4.400172
v 24.040953 43.323284 3.132461
v 23.764816 42.571018 1.860267
v 25.206757 42.448666 2.018041
v 24.819696 41.633949 -0.292854
v 26.368166 40.378826 2.429810
v 26.395306 38.085682 1.649585
v 25.777985 38.032932 -0.418583
v -24.379805 40.716644 -3.056159
v -25.250345 41.051418 -2.088380
v -24.560335 39.178146 -2.197139
v 11.174375 55.935364 0.861937
v 14.922377 54.963131 -4.100066
v 13.225792 52.759808 -0.441802
v 11.806466 57.958046 -3.561707
v 15.637133 59.735500 -3.206152
v 8.579161 64.394791 -3.955735
v 7.522445 59.696720 -4.616338
v 9.256600 57.299881 -3.064803
v -24.031698 42.303131 -0.292853
v -25.579515 41.047810 2.430443
v -25.217894 39.295517 2.654115
v -25.466211 38.631031 1.567846
v -25.179672 38.441429 -0.439766
v -24.560335 39.178146 -2.197139
v -24.379805 40.716644 -3.056159
v -23.590851 42.819481 -2.263352
v -20.702656 46.359367 -2.329522
v -24.553442 43.314629 -2.133912
# 2738 vertices

vt 0.701313 0.509024
vt 0.733411 0.434405
vt 0.707992 0.556375
vt 0.703996 0.578145
vt 0.602849 0.542122
vt 0.642378 0.540788
vt 0.628650 0.554316
vt 0.442119 0.359125
vt 0.424211 0.363669
vt 0.431541 0.366848
vt 0.729356 0.368176
vt 0.711770 0.397734
vt 0.752672 0.307849
vt 0.748895 0.466489
vt 0.666153 0.290943
vt 0.704728 0.355366
vt 0.695037 0.292041
vt 0.664578 0.209744
vt 0.585379 0.254832
vt 0.592335 0.176302
vt 0.495159 0.239050
vt 0.495128 0.139663
vt 0.586386 0.142418
vt 0.503032 0.020830
vt 0.690465 0.224000
vt 0.656839 0.144936
vt 0.651401 0.098995
vt 0.586770 0.088174
vt 0.585327 0.031459
vt 0.643079 0.037626
vt 0.687720 0.027887
vt 0.686938 0.085390
vt 0.682061 0.140038
vt 0.704358 0.433146
vt 0.701039 0.395899
vt 0.721915 0.408589
vt 0.717705 0.453765
vt 0.721482 0.295125
vt 0.691260 0.450682
vt 0.418757 0.366618
vt 0.417208 0.360413
vt 0.434600 0.366199
vt 0.443974 0.377608
vt 0.438801 0.367003
vt 0.490948 0.371811
vt 0.490818 0.359851
vt 0.542992 0.367568
vt 0.490905 0.356618
vt 0.537990 0.377580
vt 0.547413 0.366115
vt 0.563280 0.365766
vt 0.566792 0.360007
vt 0.388993 0.578789
vt 0.366866 0.574929
vt 0.395637 0.569185
vt 0.416139 0.568349
vt 0.425348 0.560896
vt 0.429901 0.562281
vt 0.414247 0.573405
vt 0.384280 0.580058
vt 0.354219 0.574017
vt 0.414715 0.558787
vt 0.415302 0.554870
vt 0.420888 0.548220
vt 0.443553 0.556615
vt 0.431133 0.526115
vt 0.452498 0.545577
vt 0.391959 0.558351
vt 0.385785 0.555299
vt 0.379763 0.542160
vt 0.372378 0.567339
vt 0.364608 0.562062
vt 0.354684 0.553794
vt 0.341239 0.540546
vt 0.384318 0.517048
vt 0.356883 0.567528
vt 0.346170 0.562384
vt 0.313372 0.545364
vt 0.343699 0.506959
vt 0.353330 0.464430
vt 0.392245 0.486826
vt 0.344044 0.571136
vt 0.301072 0.574495
vt 0.297512 0.539639
vt 0.313249 0.507344
vt 0.328436 0.460313
vt 0.363327 0.420410
vt 0.349604 0.578524
vt 0.313487 0.597080
vt 0.309308 0.619049
vt 0.293107 0.598754
vt 0.285404 0.541321
vt 0.304822 0.501545
vt 0.382297 0.582976
vt 0.366468 0.605914
vt 0.368063 0.633332
vt 0.370024 0.666174
vt 0.315992 0.643252
vt 0.420258 0.572584
vt 0.418088 0.580374
vt 0.443687 0.566524
vt 0.450750 0.551735
vt 0.463659 0.565569
vt 0.455586 0.599242
vt 0.427688 0.615161
vt 0.459736 0.532806
vt 0.470679 0.542167
vt 0.491053 0.571769
vt 0.491353 0.602528
vt 0.445305 0.653294
vt 0.450604 0.521144
vt 0.445660 0.514492
vt 0.462843 0.519664
vt 0.494009 0.525459
vt 0.490811 0.546471
vt 0.447549 0.516751
vt 0.437060 0.499348
vt 0.438026 0.482313
vt 0.447945 0.504938
vt 0.452416 0.510095
vt 0.456895 0.506593
vt 0.407690 0.456001
vt 0.433612 0.471974
vt 0.446310 0.458998
vt 0.445483 0.483391
vt 0.421540 0.424201
vt 0.442709 0.451427
vt 0.457144 0.443445
vt 0.448830 0.467657
vt 0.380755 0.393992
vt 0.431704 0.403676
vt 0.476416 0.421668
vt 0.384167 0.357239
vt 0.399298 0.379927
vt 0.434322 0.389576
vt 0.350004 0.379725
vt 0.358360 0.337405
vt 0.392328 0.323808
vt 0.404918 0.355928
vt 0.408349 0.371767
vt 0.328438 0.413605
vt 0.325448 0.369483
vt 0.341987 0.328493
vt 0.388929 0.291059
vt 0.307778 0.440488
vt 0.304388 0.417684
vt 0.303985 0.367700
vt 0.359163 0.299311
vt 0.424422 0.253304
vt 0.294251 0.486294
vt 0.278362 0.473905
vt 0.283496 0.411976
vt 0.320876 0.336176
vt 0.273879 0.573792
vt 0.278753 0.502998
vt 0.288643 0.432277
vt 0.300653 0.366738
vt 0.346295 0.315403
vt 0.288267 0.616316
vt 0.312398 0.666904
vt 0.359558 0.707130
vt 0.490929 0.721527
vt 0.490885 0.657287
vt 0.535866 0.652391
vt 0.612687 0.667028
vt 0.622272 0.707294
vt 0.669629 0.666913
vt 0.525902 0.598655
vt 0.554241 0.615517
vt 0.613159 0.633564
vt 0.672489 0.618653
vt 0.665718 0.643008
vt 0.688790 0.598655
vt 0.693717 0.616721
vt 0.517455 0.565114
vt 0.538446 0.565345
vt 0.563517 0.580770
vt 0.612133 0.607287
vt 0.510550 0.541994
vt 0.522063 0.533070
vt 0.530841 0.550967
vt 0.537791 0.556833
vt 0.515832 0.523732
vt 0.534895 0.514387
vt 0.531464 0.521663
vt 0.529151 0.545284
vt 0.522037 0.508814
vt 0.527913 0.511221
vt 0.535789 0.503130
vt 0.547437 0.482438
vt 0.488166 0.513210
vt 0.511866 0.485569
vt 0.485054 0.488239
vt 0.507750 0.461339
vt 0.463484 0.486656
vt 0.467238 0.462164
vt 0.486301 0.458447
vt 0.460894 0.472625
vt 0.458638 0.473382
vt 0.456140 0.462284
vt 0.475678 0.442237
vt 0.489104 0.440400
vt 0.463805 0.484944
vt 0.459923 0.484064
vt 0.453711 0.474578
vt 0.458106 0.497121
vt 0.455682 0.496809
vt 0.453951 0.483711
vt 0.453733 0.495978
vt 0.490459 0.417002
vt 0.503983 0.421561
vt 0.502259 0.442031
vt 0.490602 0.393339
vt 0.550798 0.404150
vt 0.562259 0.424455
vt 0.523459 0.443357
vt 0.521083 0.461661
vt 0.520416 0.470932
vt 0.513355 0.471366
vt 0.490593 0.373042
vt 0.548250 0.389997
vt 0.581633 0.380260
vt 0.602207 0.393806
vt 0.436585 0.376326
vt 0.545286 0.376782
vt 0.573803 0.371274
vt 0.576821 0.355667
vt 0.597839 0.357228
vt 0.415525 0.368026
vt 0.413590 0.357123
vt 0.416203 0.343734
vt 0.411624 0.335995
vt 0.436564 0.326378
vt 0.436806 0.336933
vt 0.436648 0.347355
vt 0.437340 0.316232
vt 0.490919 0.305165
vt 0.490895 0.312412
vt 0.490893 0.322473
vt 0.490897 0.335096
vt 0.545224 0.336666
vt 0.545413 0.347843
vt 0.408514 0.294207
vt 0.443109 0.293704
vt 0.490948 0.293016
vt 0.542078 0.315071
vt 0.544003 0.325597
vt 0.412101 0.269330
vt 0.439956 0.267128
vt 0.491142 0.265950
vt 0.537405 0.293064
vt 0.446269 0.246391
vt 0.490998 0.242121
vt 0.542488 0.266844
vt 0.573328 0.293694
vt 0.443298 0.238980
vt 0.490976 0.232089
vt 0.535149 0.246160
vt 0.569113 0.269475
vt 0.593513 0.290797
vt 0.589987 0.323547
vt 0.390993 0.264419
vt 0.490950 0.240205
vt 0.592175 0.264417
vt 0.535981 0.237031
vt 0.555756 0.251940
vt 0.388723 0.217467
vt 0.486376 0.176862
vt 0.337649 0.279747
vt 0.395968 0.163069
vt 0.487148 0.139099
vt 0.576649 0.162985
vt 0.583897 0.216084
vt 0.306944 0.347178
vt 0.323892 0.201101
vt 0.321423 0.159173
vt 0.401478 0.120835
vt 0.493070 0.084068
vt 0.296653 0.395920
vt 0.287955 0.396092
vt 0.297250 0.447015
vt 0.264557 0.401694
vt 0.574709 0.128322
vt 0.637449 0.167624
vt 0.644258 0.190550
vt 0.652479 0.255162
vt 0.652848 0.301406
vt 0.683942 0.186527
vt 0.683161 0.244030
vt 0.678284 0.298678
vt 0.689160 0.366778
vt 0.661122 0.330598
vt 0.622502 0.299429
vt 0.699510 0.412778
vt 0.678121 0.366816
vt 0.640105 0.328348
vt 0.686688 0.382640
vt 0.290118 0.173915
vt 0.301772 0.239826
vt 0.566740 0.367344
vt 0.568588 0.356850
vt 0.565968 0.343760
vt 0.570554 0.336003
vt 0.625741 0.336679
vt 0.634711 0.379601
vt 0.626557 0.420835
vt 0.579332 0.456933
vt 0.542495 0.451684
vt 0.537707 0.458722
vt 0.533425 0.466925
vt 0.591962 0.487708
vt 0.552110 0.526814
vt 0.547667 0.499672
vt 0.553949 0.471795
vt 0.538592 0.483490
vt 0.630314 0.464304
vt 0.598270 0.517195
vt 0.656605 0.460509
vt 0.669615 0.507216
vt 0.638600 0.506875
vt 0.657612 0.413137
vt 0.676311 0.440433
vt 0.686330 0.493524
vt 0.680238 0.500855
vt 0.688373 0.539530
vt 0.672518 0.545295
vt 0.657809 0.369294
vt 0.677157 0.417734
vt 0.704267 0.485607
vt 0.696573 0.541363
vt 0.685537 0.573788
vt 0.670794 0.596003
vt 0.634250 0.577911
vt 0.638957 0.566674
vt 0.599653 0.586560
vt 0.597491 0.584119
vt 0.626794 0.570997
vt 0.617367 0.562255
vt 0.596505 0.556006
vt 0.561345 0.572898
vt 0.568018 0.572639
vt 0.592873 0.579938
vt 0.614960 0.574156
vt 0.587045 0.569858
vt 0.551546 0.562405
vt 0.562417 0.564508
vt 0.567023 0.556692
vt 0.590135 0.557107
vt 0.608630 0.563866
vt 0.560868 0.548930
vt 0.535562 0.516546
vt 0.531004 0.471006
vt 0.518632 0.483818
vt 0.533826 0.482254
vt 0.530282 0.497889
vt 0.524039 0.499438
vt 0.518009 0.498954
vt 0.260326 0.378075
vt 0.238947 0.316565
vt 0.278421 0.394512
vt 0.274644 0.553152
vt 0.235170 0.475205
vt 0.255995 0.422660
vt 0.252802 0.460593
vt 0.256579 0.301953
vt 0.271727 0.354084
vt 0.301028 0.288375
vt 0.441102 0.352977
vt 0.490890 0.337394
vt 0.540867 0.352964
vt 0.312665 0.284778
vt 0.300431 0.237280
vt 0.329798 0.211935
vt 0.310721 0.188538
vt 0.328849 0.163237
vt 0.313646 0.090050
vt 0.305549 0.081186
vt 0.293895 0.015275
vt 0.336356 0.027367
vt 0.404430 0.253685
vt 0.397153 0.186487
vt 0.392075 0.145942
vt 0.383082 0.087671
vt 0.409072 0.027847
vt 0.627496 0.568500
vt 0.614765 0.595548
vt 0.609759 0.588528
vt 0.619503 0.567825
vt 0.614852 0.541276
vt 0.609824 0.546991
vt 0.609249 0.567446
vt 0.602881 0.553733
vt 0.597743 0.558534
vt 0.602837 0.581071
vt 0.597714 0.575924
vt 0.601794 0.567257
vt 0.588308 0.567052
vt 0.587934 0.554865
vt 0.578114 0.558399
vt 0.572021 0.553520
vt 0.587459 0.547966
vt 0.587893 0.579456
vt 0.587397 0.586627
vt 0.578085 0.575788
vt 0.574033 0.567065
vt 0.565608 0.567145
vt 0.553193 0.567368
vt 0.562937 0.546667
vt 0.571978 0.580858
vt 0.562872 0.588204
vt 0.370132 0.549805
vt 0.352618 0.570915
vt 0.365162 0.544170
vt 0.360532 0.570275
vt 0.365049 0.597562
vt 0.370045 0.590671
vt 0.370647 0.569932
vt 0.376907 0.583357
vt 0.393103 0.599044
vt 0.376965 0.556461
vt 0.382014 0.561199
vt 0.377996 0.569768
vt 0.381978 0.578305
vt 0.392084 0.588867
vt 0.416196 0.590490
vt 0.392163 0.550830
vt 0.391278 0.569605
vt 0.391631 0.581812
vt 0.407282 0.583237
vt 0.425796 0.570018
vt 0.393225 0.541251
vt 0.407340 0.556341
vt 0.401334 0.561121
vt 0.405318 0.569660
vt 0.401298 0.578229
vt 0.413602 0.569764
vt 0.416283 0.549624
vt 0.425458 0.543933
vt 0.437889 0.570580
vt 0.426379 0.356382
vt 0.428721 0.362371
vt 0.420188 0.361335
vt 0.407512 0.368045
vt 0.399797 0.368466
vt 0.399742 0.358614
vt 0.421605 0.350752
vt 0.436420 0.344176
vt 0.461206 0.342663
vt 0.399468 0.375553
vt 0.451795 0.333785
vt 0.488696 0.336294
vt 0.477195 0.346889
vt 0.464433 0.354907
vt 0.488138 0.328685
vt 0.410687 0.372916
vt 0.467178 0.359809
vt 0.479514 0.353103
vt 0.490008 0.347719
vt 0.488907 0.353349
vt 0.502096 0.358066
vt 0.499231 0.361716
vt 0.512914 0.357843
vt 0.518481 0.344096
vt 0.514839 0.354398
vt 0.534212 0.363617
vt 0.530066 0.362954
vt 0.541867 0.365774
vt 0.545344 0.361969
vt 0.549664 0.371329
vt 0.520306 0.329861
vt 0.557437 0.344511
vt 0.555349 0.355090
vt 0.557106 0.367677
vt 0.573160 0.362299
vt 0.571700 0.372289
vt -0.146076 0.846843
vt -0.112340 0.800720
vt -0.092836 0.800506
vt 0.866578 0.896517
vt 0.880719 0.881605
vt 0.916174 0.957934
vt 0.422858 0.006303
vt 0.473081 0.006280
vt 0.499453 0.028062
vt 0.396510 0.028164
vt 0.391088 0.064884
vt 0.504913 0.064745
vt 0.493364 0.099856
vt 0.402674 0.099952
vt 0.432681 0.120120
vt 0.463378 0.120106
vt 0.628434 0.097702
vt 0.620126 0.081887
vt 0.627886 0.077645
vt 0.619736 0.096456
vt 0.611410 0.087295
vt 0.620517 0.070661
vt 0.627338 0.065489
vt 0.621933 0.115254
vt 0.610801 0.115447
vt 0.611189 0.101847
vt 0.601469 0.088922
vt 0.611255 0.071987
vt 0.630467 0.118556
vt 0.624130 0.126463
vt 0.610413 0.125591
vt 0.601839 0.113253
vt 0.602324 0.101768
vt 0.624130 0.134836
vt 0.610413 0.135708
vt 0.601462 0.135608
vt 0.601462 0.125691
vt 0.632258 0.130649
vt 0.465838 0.135948
vt 0.465838 0.125350
vt 0.466406 0.109475
vt 0.467234 0.096196
vt 0.447137 0.136026
vt 0.447137 0.125272
vt 0.447384 0.108849
vt 0.447915 0.095207
vt 0.448350 0.084244
vt 0.467166 0.085191
vt 0.397613 0.136203
vt 0.397613 0.125095
vt 0.398599 0.107383
vt 0.399933 0.093059
vt 0.377540 0.125317
vt 0.377660 0.107118
vt 0.378152 0.091742
vt 0.401216 0.082282
vt 0.377540 0.135981
vt 0.358808 0.136294
vt 0.358808 0.125004
vt 0.357751 0.107479
vt 0.357100 0.092585
vt 0.356135 0.082064
vt 0.378017 0.081211
vt 0.248412 0.136166
vt 0.248412 0.125131
vt 0.248056 0.111652
vt 0.248021 0.097123
vt 0.248093 0.083942
vt 0.247843 0.073146
vt 0.355225 0.070798
vt 0.377879 0.070523
vt 0.402475 0.070980
vt 0.355225 0.060178
vt 0.377879 0.060454
vt 0.402475 0.059997
vt 0.448746 0.059074
vt 0.448746 0.071903
vt 0.467053 0.072377
vt 0.247843 0.057833
vt 0.356137 0.048895
vt 0.378100 0.049748
vt 0.401213 0.048676
vt 0.448349 0.046708
vt 0.467053 0.058600
vt 0.248094 0.047022
vt 0.248024 0.033819
vt 0.357105 0.038329
vt 0.378319 0.039175
vt 0.399927 0.037861
vt 0.447913 0.035704
vt 0.467314 0.034708
vt 0.467206 0.045757
vt 0.357754 0.023454
vt 0.377744 0.023820
vt 0.398596 0.023560
vt 0.447383 0.022093
vt 0.248057 0.019305
vt 0.248412 0.005841
vt 0.358808 0.005969
vt 0.377540 0.005656
vt 0.397613 0.005878
vt 0.447137 0.005701
vt 0.465838 0.005623
vt 0.466446 0.021464
vt 0.601838 0.017720
vt 0.602324 0.029202
vt 0.601469 0.042052
vt 0.601462 0.005283
vt 0.610413 0.005383
vt 0.610801 0.015527
vt 0.611189 0.029128
vt 0.611410 0.043682
vt 0.611255 0.058991
vt 0.597896 0.058228
vt 0.624130 0.004511
vt 0.621933 0.015720
vt 0.619736 0.034520
vt 0.620126 0.049091
vt 0.620517 0.060317
vt 0.597896 0.072749
vt 0.628434 0.033273
vt 0.627886 0.053332
vt 0.630467 0.012418
vt -0.112415 0.747844
vt -0.105595 0.729757
vt -0.038163 0.742557
vt -0.098776 0.711671
vt 0.073941 0.760809
vt 0.072915 0.741211
vt 0.179773 0.754567
vt 0.178543 0.775899
vt 0.294903 0.761511
vt 0.295583 0.785036
vt 0.402779 0.766348
vt 0.401917 0.790603
vt 0.513848 0.771392
vt 0.513124 0.795359
vt 0.613670 0.771243
vt 0.613825 0.795406
vt 0.719800 0.762337
vt 0.717172 0.789436
vt 0.877692 0.731405
vt 1.049706 0.694545
vt 1.042478 0.722545
vt 1.118935 0.701329
vt 1.041101 0.748919
vt 0.981838 0.746234
vt 0.937749 0.768025
vt 0.911238 0.788205
vt 0.999303 0.781129
vt 0.889287 0.811166
vt 0.961117 0.817092
vt 0.866676 0.836354
vt 0.939673 0.845352
vt 0.849920 0.856100
vt 0.925162 0.880495
vt 0.844264 0.889769
vt 0.821951 0.883021
vt 0.754108 0.841450
vt 0.792332 0.878154
vt 0.715847 0.876188
vt 0.715865 0.840467
vt 0.611894 0.878555
vt 0.611847 0.849334
vt 0.510579 0.879616
vt 0.511502 0.849043
vt 0.398795 0.878368
vt 0.399974 0.845224
vt 0.290558 0.872090
vt 0.291893 0.838107
vt 0.175584 0.827209
vt 0.173530 0.862814
vt 0.068805 0.847587
vt 0.070604 0.810435
vt 0.017376 0.840044
vt -0.034053 0.832501
vt 0.019175 0.802892
vt -0.060729 0.798514
vt -0.081862 0.842857
vt -0.122375 0.784359
vt -0.117395 0.766101
vt 0.632258 0.000325
vt 0.891025 0.866478
vt 0.894887 0.877264
vt 0.888003 0.886546
vt 0.851552 0.856430
vt 0.846243 0.850839
vt 0.854606 0.840568
vt 0.818463 0.900617
vt 0.814850 0.897263
vt 0.823667 0.873731
vt 0.824679 0.961026
vt 0.817299 0.937940
vt 0.820900 0.934699
vt 0.840383 0.959159
vt 0.838106 0.951087
vt 0.842625 0.955072
vt 0.894222 0.848226
vt 0.901212 0.848597
vt 0.888591 0.865761
vt 0.885394 0.883595
vt 0.884197 0.957175
vt 0.887767 0.977236
vt 0.887119 0.976071
vt 0.887147 0.955425
vt 0.881008 0.940983
vt 0.882593 0.920709
vt 0.891906 0.939414
vt 0.893749 0.977104
vt 0.878937 0.946044
vt 0.869638 0.937395
vt 0.861098 0.919392
vt 0.868411 0.898047
vt 0.880428 0.895446
vt 0.870103 0.941953
vt 0.870504 0.894467
vt 0.879281 0.891069
vt 0.895671 0.994988
vt 0.889242 0.993302
vt 0.868986 0.975887
vt 0.867698 0.992602
vt 0.863474 0.975326
vt 0.862461 0.956168
vt 0.867350 0.960635
vt 0.871016 0.962503
vt 0.871661 0.973850
vt 0.858276 0.958441
vt 0.858396 0.943083
vt 0.861386 0.942002
vt 0.866251 0.942016
vt 0.869179 0.943927
vt 0.857465 0.977538
vt 0.861970 0.989975
vt 0.850972 0.979077
vt 0.862268 0.936780
vt 0.857094 0.935685
vt 0.838738 0.935049
vt 0.828728 0.918184
vt 0.851521 0.902821
vt 0.861049 0.898033
vt 0.855971 0.944097
vt 0.855546 0.938780
vt 0.855752 0.959494
vt 0.855933 0.975190
vt 0.842122 0.938152
vt 0.903358 0.836311
vt 0.897945 0.834434
vt 0.881698 0.838045
vt 0.878336 0.852247
vt 0.873565 0.837659
vt 0.869799 0.855250
vt 0.863426 0.841063
vt 0.863716 0.854677
vt 0.870468 0.883721
vt 0.863733 0.882965
vt 0.858391 0.885731
vt 0.856220 0.885668
vt 0.861464 0.858508
vt 0.881052 0.855045
vt 0.872767 0.883752
vt 0.849857 0.899763
vt 0.838572 0.899818
vt 0.836075 0.902667
vt 0.826650 0.901553
vt 0.837436 0.876449
vt 0.840245 0.877269
vt 0.841419 0.872864
vt 0.843504 0.872713
vt 0.832557 0.874811
vt 0.838617 0.870793
vt 0.841761 0.869656
vt 0.800936 0.918214
vt 0.829433 0.936322
vt 0.832592 0.955383
vt 0.831321 0.979431
vt 0.838507 0.972623
vt 0.839563 0.989932
vt 0.844454 0.971632
vt 0.843656 0.981580
vt 0.842093 0.950132
vt 0.845938 0.955073
vt 0.843945 0.960507
vt 0.847281 0.970726
vt 0.847556 0.991319
vt 0.852164 0.976228
vt 0.836877 0.864076
vt 0.842631 0.863826
vt 0.845434 0.864205
vt 0.853163 0.858600
vt 0.827510 0.858415
vt 0.841022 0.843281
vt 0.792609 0.912912
vt 0.791927 0.922317
vt 0.048710 0.985829
vt 0.047451 0.992753
vt 0.064910 0.957611
vt 0.060914 0.949980
vt 0.075252 0.944728
vt 0.069651 0.937811
vt 0.048903 0.944073
vt 0.032598 0.945824
vt 0.026321 0.951950
vt 0.009586 0.916669
vt 0.089403 0.947129
vt 0.084407 0.942284
vt 0.084812 0.927227
vt 0.077941 0.925182
vt 0.081641 0.895719
vt 0.074982 0.894298
vt 0.042283 0.880391
vt 0.043675 0.915738
vt 0.088668 0.864756
vt 0.081591 0.865471
vt 0.047862 0.851699
vt 0.017080 0.868231
vt 0.020947 0.914052
vt 0.017414 0.835109
vt 0.007645 0.831960
vt 0.004202 0.867169
vt 0.081981 0.469081
vt 0.075409 0.546824
vt 0.073176 0.550965
vt 0.077360 0.468703
vt 0.084831 0.425020
vt 0.079383 0.424399
vt 0.070507 0.468728
vt 0.071242 0.424837
vt 0.068753 0.553727
vt 0.064207 0.550946
vt 0.061910 0.546838
vt 0.058407 0.468939
vt 0.063448 0.468772
vt 0.057356 0.424747
vt 0.062805 0.424336
vt 0.048516 0.480091
vt 0.051560 0.492727
vt 0.049483 0.499426
vt 0.052855 0.479494
vt 0.054066 0.444341
vt 0.047658 0.444460
vt 0.055977 0.415670
vt 0.048744 0.415325
vt 0.038463 0.497598
vt 0.041476 0.480372
vt 0.045078 0.505052
vt 0.034684 0.479426
vt 0.039049 0.443653
vt 0.030467 0.442758
vt 0.038264 0.414222
vt 0.027561 0.413427
vt 0.035354 0.494599
vt 0.030229 0.480458
vt 0.024485 0.443789
vt 0.019920 0.414145
vt 0.030391 0.487610
vt 0.026672 0.559456
vt 0.024550 0.563320
vt 0.025638 0.485604
vt 0.018140 0.485885
vt 0.020484 0.566023
vt 0.016273 0.563631
vt 0.006060 0.488838
vt 0.010990 0.486965
vt 0.014027 0.560010
vt 0.277164 0.339597
vt 0.286767 0.327835
vt 0.288043 0.329046
vt 0.276045 0.338554
vt 0.263554 0.328575
vt 0.273016 0.316535
vt 0.298068 0.309522
vt 0.282493 0.296193
vt 0.314227 0.300852
vt 0.256692 0.356128
vt 0.255369 0.354963
vt 0.247633 0.346599
vt 0.226281 0.347982
vt 0.256778 0.313691
vt 0.266322 0.288236
vt 0.270935 0.367443
vt 0.280804 0.351716
vt 0.294637 0.371737
vt 0.300849 0.358758
vt 0.322594 0.383169
vt 0.326083 0.371795
vt 0.304420 0.343139
vt 0.341218 0.356795
vt 0.356711 0.377983
vt 0.352841 0.395649
vt 0.394567 0.363804
vt 0.396023 0.406397
vt 0.225114 0.373153
vt 0.192282 0.384048
vt 0.205589 0.388700
vt 0.178315 0.400951
vt 0.170975 0.394528
vt 0.132345 0.412955
vt 0.131669 0.419441
vt 0.106412 0.424974
vt 0.181762 0.407177
vt 0.215233 0.398112
vt 0.216743 0.400799
vt 0.181651 0.409385
vt 0.185123 0.424688
vt 0.236326 0.382011
vt 0.238347 0.383954
vt 0.235105 0.417323
vt 0.260859 0.384397
vt 0.251061 0.402994
vt 0.248989 0.404497
vt 0.277842 0.411067
vt 0.285944 0.392713
vt 0.298952 0.427083
vt 0.323995 0.412160
vt 0.320195 0.446332
vt 0.360940 0.476935
vt 0.378635 0.437706
vt 0.386333 0.416563
vt 0.268160 0.369204
vt 0.293419 0.378844
vt 0.332002 0.396482
vt 0.239030 0.453630
vt 0.257909 0.433407
vt 0.278929 0.452061
vt 0.258025 0.477230
vt 0.329877 0.505825
vt 0.295211 0.535731
vt 0.274629 0.415619
vt 0.302284 0.444383
vt 0.352034 0.482971
vt 0.062067 0.214185
vt 0.055774 0.222938
vt 0.055522 0.221702
vt 0.061322 0.212174
vt 0.071849 0.205877
vt 0.070524 0.203171
vt 0.053417 0.211919
vt 0.052259 0.202430
vt 0.044396 0.212631
vt 0.031629 0.202114
vt 0.044784 0.214814
vt 0.031202 0.204494
vt 0.301157 0.276163
vt 0.301795 0.257186
vt 0.323439 0.261722
vt 0.321426 0.250627
vt 0.320840 0.234309
vt 0.311422 0.237308
vt 0.335191 0.281811
vt 0.340326 0.249379
vt 0.343734 0.241561
vt 0.339346 0.217600
vt 0.322013 0.216018
vt 0.314852 0.218959
vt 0.311808 0.205883
vt 0.341827 0.293027
vt 0.351772 0.286340
vt 0.353530 0.272821
vt 0.360957 0.271572
vt 0.350462 0.236938
vt 0.343055 0.297087
vt 0.356858 0.290797
vt 0.316297 0.302200
vt 0.324294 0.325679
vt 0.354871 0.320384
vt 0.384649 0.307341
vt 0.375511 0.281261
vt 0.372028 0.266762
vt 0.288730 0.324200
vt 0.306607 0.339085
vt 0.329670 0.348169
vt 0.356989 0.352414
vt 0.397294 0.357980
vt 0.318274 0.199878
vt 0.295860 0.201804
vt 0.291642 0.205169
vt 0.290543 0.204365
vt 0.317771 0.186588
vt 0.315998 0.185837
vt 0.329074 0.176226
vt 0.327655 0.175888
vt 0.182165 0.430370
vt 0.231537 0.455670
vt 0.254860 0.491929
vt 0.278813 0.537631
vt 0.296922 0.203764
vt 0.292500 0.208578
vt 0.337138 0.194636
vt 0.242535 0.545272
vt 0.233832 0.499507
vt 0.223282 0.464082
vt 0.177482 0.448204
vt 0.127210 0.437170
vt 0.176203 0.494597
vt 0.176949 0.543485
vt 0.120353 0.490256
vt 0.094879 0.446486
vt 0.119150 0.543034
vt 0.088189 0.499554
vt 0.088261 0.547300
vt 0.792566 0.283723
vt 0.787440 0.275879
vt 0.794359 0.275082
vt 0.797348 0.261857
vt 0.789185 0.260423
vt 0.798831 0.253164
vt 0.786592 0.253554
vt 0.796120 0.246063
vt 0.787402 0.247393
vt 0.790853 0.236998
vt 0.785012 0.238842
vt 0.787596 0.231600
vt 0.767256 0.228822
vt 0.752038 0.267174
vt 0.749250 0.257393
vt 0.748856 0.252140
vt 0.743677 0.257716
vt 0.743060 0.250681
vt 0.750820 0.242216
vt 0.745526 0.267415
vt 0.748422 0.285253
vt 0.755804 0.286034
vt 0.753408 0.294503
vt 0.745041 0.241256
vt 0.748034 0.234699
vt 0.767173 0.236413
vt 0.795128 0.289770
vt 0.775770 0.301018
vt 0.750593 0.300155
vt 0.801726 0.280313
vt 0.806414 0.264057
vt 0.805917 0.253468
vt 0.805286 0.244012
vt 0.797094 0.232507
vt 0.789486 0.224673
vt 0.765682 0.222188
vt 0.742815 0.230785
vt 0.739336 0.239814
vt 0.736343 0.251071
vt 0.736980 0.259763
vt 0.738730 0.271266
vt 0.743089 0.291498
vt 0.888944 0.135882
vt 0.905137 0.085904
vt 0.888351 0.193925
vt 0.883601 0.142424
vt 0.913661 0.054294
vt 0.892941 0.075464
vt 0.666883 0.253367
vt 0.626297 0.250793
vt 0.664336 0.331024
vt 0.688993 0.256586
vt 0.686580 0.337140
vt 0.700548 0.258269
vt 0.556125 0.155326
vt 0.588107 0.165459
vt 0.592203 0.080596
vt 0.559533 0.072171
vt 0.536559 0.066436
vt 0.536094 0.090207
vt 0.613886 0.643669
vt 0.554676 0.350395
vt 0.596143 0.347971
vt 0.566338 0.647990
vt 0.504012 0.614166
vt 0.499611 0.350079
vt 0.591072 0.753085
vt 0.605156 0.918367
vt 0.563193 0.919112
vt 0.528851 0.919721
vt 0.670803 0.933361
vt 0.671850 0.644624
vt 0.710985 0.906699
vt 0.720839 0.609395
vt 0.672157 0.358198
vt 0.720020 0.356207
vt 0.617820 0.615732
vt 0.637824 0.357323
vt 0.780405 0.143979
vt 0.751707 0.143062
vt 0.764405 0.123143
vt 0.748228 0.191848
vt 0.713282 0.223530
vt 0.741544 0.277093
vt 0.715071 0.287717
vt 0.726420 0.318964
vt 0.800824 0.273714
vt 0.744853 0.370096
vt 0.800323 0.174153
vt 0.820810 0.145070
vt 0.860708 0.204757
vt 0.868104 0.277902
vt 0.887762 0.287421
vt 0.888120 0.244566
vt 0.832599 0.123972
vt 0.799825 0.062341
vt 0.786107 0.450700
vt 0.830685 0.449888
vt 0.859910 0.359866
vt 0.874212 0.324761
vt 0.871060 0.274643
vt 0.660816 0.106003
vt 0.624357 0.110977
vt 0.683522 0.059525
vt 0.680196 0.108841
vt 0.884493 0.660362
vt 0.920443 0.831544
vt 0.880290 0.902284
vt 0.906055 0.658819
vt 0.870157 0.488511
vt 0.890625 0.481154
vt 0.869224 0.660807
vt 0.859526 0.490307
vt 0.944152 0.475455
vt 0.943951 0.478684
vt 0.975721 0.478379
vt 0.955342 0.295775
vt 0.951733 0.221043
vt 0.942528 0.169100
vt 0.968074 0.241711
vt 0.976872 0.196136
vt 0.956834 0.150680
vt 0.915572 0.483263
vt 0.956650 0.296161
vt 0.965577 0.309824
vt 0.982605 0.254919
vt 0.993915 0.206387
vt 0.992808 0.101324
vt 0.982753 0.116668
vt 0.939556 0.323462
vt 0.960692 0.331970
vt 0.896663 0.481087
vt 0.856341 0.466452
vt 0.862820 0.099998
vt 0.871302 0.058720
vt 0.932480 0.315690
vt 0.948452 0.331684
vt 0.977886 0.195085
vt 0.986988 0.241031
vt 0.963135 0.320897
vt 0.948913 0.191594
vt 0.952631 0.133780
vt 0.968407 0.125334
vt 0.986590 0.131750
vt 1.000413 0.128836
vt 0.917421 0.117467
vt 0.946749 0.058300
vt 0.973116 0.073785
vt 0.968391 0.055411
vt 0.954264 0.477572
vt 0.929858 0.055024
vt 0.865492 0.114868
vt 0.878824 0.058018
vt 0.860820 0.082252
vt 0.863779 0.059423
vt 0.691382 0.117134
vt 0.617323 0.062192
vt 0.621338 0.106034
vt 0.698039 0.063615
vt 0.679931 0.112765
vt 0.654625 0.107051
vt 0.613866 0.063810
vt 0.618113 0.113270
vt 0.562367 0.333507
vt 0.601174 0.326071
vt 0.600837 0.253916
vt 0.557683 0.261158
vt 0.535742 0.270010
vt 0.536485 0.341993
vt 0.997409 0.480332
vt 0.948251 0.741700
vt 0.979443 0.645874
vt 0.968259 0.743388
vt 0.946458 0.627366
vt 0.918609 0.746956
vt 0.920159 0.651107
vt 0.955199 0.853154
vt 0.927350 0.855551
vt 0.923790 0.799233
vt 0.953871 0.768059
vt 0.994582 0.804193
vt 0.990258 0.862777
vt 0.700305 0.268255
vt 0.691865 0.340052
vt 0.688154 0.261982
vt 0.659527 0.329829
vt 0.662413 0.248693
vt 0.799938 0.978960
vt 0.817982 0.889215
vt 0.820060 0.973554
vt 0.789851 0.866025
vt 0.796514 0.650190
vt 0.822687 0.659247
vt 0.802959 0.487713
vt 0.829885 0.490549
vt 0.779190 0.984115
vt 0.763211 0.901190
vt 0.742738 0.900695
vt 0.740560 0.850899
vt 0.770647 0.641239
vt 0.776113 0.484886
vt 0.742945 0.478217
vt 0.731286 0.663312
vt 0.740914 0.994651
vt 0.717054 0.833111
vt 0.547837 0.241763
vt 0.588011 0.240748
vt 0.602236 0.193874
vt 0.551162 0.178274
vt 0.511433 0.195635
vt 0.518555 0.248847
vt 0.991386 0.571205
vt 0.963794 0.498993
vt 0.980103 0.509893
vt 0.965514 0.574340
vt 0.924366 0.526789
vt 0.919571 0.579452
vt 0.946682 0.613083
vt 0.984818 0.614847
vt 0.607085 0.248990
vt 0.606279 0.324203
vt 0.684834 0.240864
vt 0.621393 0.156212
vt 0.693895 0.160156
vt 0.622863 0.240827
vt 0.694606 0.121716
vt 0.702600 0.062481
vt 0.621983 0.113079
vt 0.695495 0.248043
vt 0.611555 0.155035
vt 0.708308 0.161304
vt 0.614188 0.243175
vt 0.577086 0.174248
vt 0.599747 0.168665
vt 0.603854 0.192848
vt 0.580389 0.240301
vt 0.532197 0.181010
vt 0.511043 0.226427
vt 0.503272 0.175708
vt 0.770180 0.893733
vt 0.749619 0.850643
vt 0.809758 0.655493
vt 0.794567 0.649158
vt 0.809907 0.487964
vt 0.765969 0.637231
vt 0.554737 0.067013
vt 0.584323 0.163796
vt 0.551000 0.153715
vt 0.537251 0.063042
vt 0.535549 0.159980
vt 0.690152 0.244406
vt 0.701085 0.160819
vt 0.968118 0.083007
vt 0.943303 0.086026
vt 0.847891 0.310454
vt 0.826047 0.268748
vt 0.879210 0.322953
vt 0.716296 0.229477
vt 0.705739 0.185865
vt 0.676694 0.198639
vt 0.832709 0.041999
vt 0.890939 0.025056
vt 0.869549 0.017479
vt 0.567930 0.126656
vt 0.521195 0.139246
vt 0.721023 0.950239
vt 0.845707 0.839092
vt 0.769552 0.960492
vt 0.285362 0.950869
vt 0.239063 0.963140
vt 0.161637 0.844855
vt 0.639566 0.342691
vt 0.684951 0.348720
vt 0.676762 0.339503
vt 0.703912 0.340140
vt 0.634223 0.207429
vt 0.631443 0.225096
vt 0.537985 0.244145
vt 0.580070 0.238741
vt 0.562111 0.213447
vt 0.721168 0.209995
vt 0.747799 0.267706
vt 0.618054 0.145683
vt 0.594244 0.144981
vt 0.591167 0.167449
vt 0.599767 0.210917
vt 0.612126 0.196899
vt 0.626934 0.199464
vt 0.624459 0.179459
vt 0.962375 0.246000
vt 0.968646 0.296525
vt 0.982732 0.240524
vt 0.995640 0.291230
vt 0.594602 0.183048
vt 0.537479 0.196181
vt 0.501812 0.207718
vt 0.526587 0.285561
vt 0.478423 0.307981
vt 0.432826 0.224298
vt 0.605260 0.204687
vt 0.410066 0.336459
vt 0.372410 0.255174
vt 0.320887 0.362446
vt 0.308820 0.273865
vt 0.476531 0.183528
vt 0.479241 0.140888
vt 0.496799 0.101318
vt 0.527385 0.085623
vt 0.443331 0.406814
vt 0.446909 0.521366
vt 0.506306 0.470603
vt 0.380829 0.447338
vt 0.499157 0.563048
vt 0.541355 0.485425
vt 0.583036 0.439952
vt 0.555068 0.417439
vt 0.585807 0.376693
vt 0.615045 0.383852
vt 0.594018 0.361033
vt 0.735561 0.271455
vt 0.715736 0.337775
vt 0.895913 0.319364
vt 0.862507 0.326541
vt 0.814824 0.262864
vt 0.630250 0.324100
vt 0.573120 0.286501
vt 0.639802 0.278211
vt 0.688672 0.316022
vt 0.696373 0.224805
vt 0.121797 0.905877
vt 0.125525 0.912652
vt 0.090286 0.866084
vt 0.106728 0.865878
vt 0.110976 0.820999
vt 0.107624 0.812061
vt 0.514557 0.542300
vt 0.542239 0.404614
vt 0.572705 0.366740
vt 0.616992 0.381492
vt 0.973904 0.172720
vt 0.821302 0.213678
vt 0.819655 0.158547
vt 0.760988 0.167082
vt 0.815967 0.094735
vt 0.949375 0.099880
vt 0.978047 0.103332
vt 0.754274 0.242679
vt 0.741331 0.122697
vt 0.758243 0.115758
vt 0.775601 0.082578
vt 0.830522 0.046569
vt 0.952614 0.055443
vt 0.990469 0.045810
vt 0.790183 0.039994
vt 0.786969 0.006061
vt 0.837991 0.001772
vt 0.880244 0.021267
vt 0.760785 0.030502
vt 0.765458 0.068477
vt 0.966036 0.026720
vt 0.071694 0.771095
vt 0.107939 0.774099
vt 0.086279 0.797291
vt 0.054066 0.769739
vt 0.053972 0.752941
vt 0.034464 0.754277
vt 0.034286 0.791706
vt 0.012851 0.784986
vt 0.358582 0.948669
vt 0.366373 0.914959
vt 0.303477 0.981220
vt 0.075987 0.161264
vt 0.016733 0.217845
vt 0.013301 0.181714
vt 0.067460 0.029297
vt 0.180644 0.132474
vt 0.191527 0.018707
vt 0.306230 0.058764
vt 0.331109 0.200993
vt 0.322562 0.239846
vt 0.013514 0.050581
vt 0.365525 0.075665
vt 0.839221 0.457306
vt 0.924172 0.491924
vt 0.845854 0.474416
vt 0.859663 0.500499
vt 0.910056 0.514436
vt 0.947758 0.557559
vt 0.971099 0.556579
vt 0.924601 0.610893
vt 0.952088 0.626653
vt 0.920988 0.624168
vt 0.830715 0.627698
vt 0.842713 0.606968
vt 0.994383 0.555294
vt 0.970507 0.631971
vt 0.805113 0.537385
vt 0.825780 0.537815
vt 0.788259 0.511661
vt 0.440345 0.399841
vt 0.559943 0.494257
vt 0.578301 0.478903
vt 0.605344 0.493357
vt 0.590790 0.539051
vt 0.624440 0.504261
vt 0.655536 0.569153
vt 0.605017 0.654590
vt 0.501278 0.579319
vt 0.698979 0.429251
vt 0.728599 0.459183
vt 0.737121 0.371068
vt 0.787448 0.372938
vt 0.753645 0.337271
vt 0.798313 0.316730
vt 0.859744 0.356697
vt 0.823537 0.394301
vt 0.766988 0.491143
vt 0.751151 0.288811
vt 0.726149 0.326891
vt 0.578080 0.751164
vt 0.504719 0.740429
vt 0.430163 0.757177
vt 0.393538 0.660834
vt 0.328689 0.555635
vt 0.402761 0.528242
vt 0.390026 0.501966
vt 0.409354 0.498854
vt 0.289578 0.485194
vt 0.358851 0.475643
vt 0.306539 0.413985
vt 0.277144 0.378038
vt 0.215007 0.378257
vt 0.249644 0.337271
vt 0.212183 0.319537
vt 0.252138 0.288811
vt 0.277140 0.326891
vt 0.104985 0.666563
vt 0.111649 0.637823
vt 0.150503 0.640072
vt 0.159714 0.656166
vt 0.176060 0.754513
vt 0.137781 0.753087
vt 0.099010 0.730205
vt 0.212595 0.648517
vt 0.238184 0.733961
vt 0.207119 0.630333
vt 0.253102 0.602775
vt 0.254936 0.624624
vt 0.330061 0.692025
vt 0.284227 0.569309
vt 0.271756 0.592284
vt 0.258342 0.576936
vt 0.245078 0.506181
vt 0.340048 0.793683
vt 0.225331 0.509032
vt 0.178127 0.431597
vt 0.182944 0.396233
vt 0.154072 0.395330
vt 0.137204 0.336796
vt 0.115383 0.362522
vt 0.110458 0.433502
vt 0.075002 0.422379
vt 0.072068 0.451894
vt 0.030690 0.425284
vt 0.013179 0.474492
vt 0.003623 0.436610
vt 0.438066 0.869993
vt 0.153578 0.578180
vt 0.174848 0.530656
vt 0.191938 0.514225
vt 0.142139 0.563527
vt 0.106577 0.593566
vt 0.113425 0.610179
vt 0.116151 0.524652
vt 0.110971 0.505930
vt 0.157302 0.496826
vt 0.173196 0.489230
vt 0.140563 0.915876
vt 0.078194 0.613283
vt 0.088606 0.625314
vt 0.029377 0.524970
vt 0.027301 0.507193
vt 0.059806 0.498396
vt 0.068251 0.517056
vt 0.105832 0.485102
vt 0.118977 0.945659
vt 0.083055 0.947879
vt 0.083940 0.934185
vt 0.064684 0.947123
vt 0.062245 0.966163
vt 0.044647 0.963389
vt 0.044144 0.945789
vt 0.048211 0.925743
vt 0.014769 0.933392
vt 0.025894 0.927780
vt 0.964793 0.442380
vt 0.999666 0.436610
vt 0.987307 0.457037
vt 0.972599 0.425284
vt 0.930140 0.420265
vt 0.931221 0.451894
vt 0.905924 0.440802
vt 0.845984 0.403696
vt 0.874355 0.374224
vt 0.767827 0.523235
vt 0.739393 0.594319
vt 0.706017 0.600759
vt 0.674329 0.689459
vt 0.664717 0.789816
vt 0.568635 0.867525
vt 0.739035 0.643574
vt 0.788460 0.655488
vt 0.764404 0.739462
vt 0.834683 0.752822
vt 0.836874 0.666110
vt 0.766913 0.627700
vt 0.795040 0.634941
vt 0.852910 0.639904
vt 0.867224 0.654221
vt 0.865070 0.675700
vt 0.875166 0.742301
vt 0.894706 0.673519
vt 0.914182 0.714687
vt 0.628009 0.904338
vt 0.585009 0.916603
vt 0.640688 0.951230
vt 0.702298 0.984160
vt 0.700439 0.305827
vt 0.703967 0.280494
vt 0.145288 0.210452
vt 0.145170 0.195082
vt 0.168953 0.204667
vt 0.090580 0.207522
vt 0.098770 0.226474
vt 0.054524 0.239402
vt 0.043514 0.225982
vt 0.019307 0.251185
vt 0.015031 0.236573
vt 0.119243 0.264313
vt 0.134861 0.278460
vt 0.167213 0.241704
vt 0.182217 0.232486
vt 0.703910 0.238635
vt 0.706317 0.267893
vt 0.736543 0.233926
vt 0.084787 0.338974
vt 0.125204 0.324661
vt 0.099725 0.350310
vt 0.109154 0.310552
vt 0.154029 0.290903
vt 0.284245 0.283998
vt 0.472860 0.309561
vt 0.531970 0.285352
vt 0.500607 0.208025
vt 0.539551 0.245597
vt 0.510932 0.205941
vt 0.183195 0.262395
vt 0.150175 0.196290
vt 0.201520 0.243741
vt 0.172463 0.314639
vt 0.167321 0.222742
vt 0.163229 0.279436
vt 0.106917 0.069309
vt 0.089607 0.069267
vt 0.096964 0.014075
vt 0.109406 0.016308
vt 0.136850 0.070477
vt 0.113181 0.075607
vt 0.186707 0.038809
vt 0.234700 0.324826
vt 0.223479 0.271830
vt 0.244737 0.311366
vt 0.003591 0.178324
vt 0.007853 0.276547
vt 0.047613 0.265728
vt 0.050911 0.174946
vt 0.048927 0.074418
vt 0.001639 0.073255
vt 0.077643 0.274714
vt 0.079079 0.179611
vt 0.061742 0.012096
vt 0.111987 0.179517
vt 0.128713 0.006823
vt 0.114998 0.016201
vt 0.108580 0.279805
vt 0.141846 0.178035
vt 0.134387 0.275575
vt 0.146261 0.981275
vt 0.127534 0.980551
vt 0.124139 0.931857
vt 0.158020 0.904034
vt 0.166203 0.982905
vt 0.180762 0.993070
vt 0.193313 0.949274
vt 0.168635 0.870202
vt 0.184512 0.883170
vt 0.149090 0.868815
vt 0.132782 0.879715
vt 0.064315 0.280961
vt 0.103974 0.301562
vt 0.092648 0.392008
vt 0.033687 0.356876
vt 0.081564 0.464490
vt 0.019021 0.433750
vt 0.017916 0.505030
vt 0.074096 0.537705
vt 0.052053 0.631465
vt 0.420639 0.464085
vt 0.452978 0.504531
vt 0.461994 0.590504
vt 0.418552 0.619364
vt 0.380865 0.516798
vt 0.382371 0.588415
vt 0.369673 0.847525
vt 0.394940 0.761487
vt 0.367998 0.758880
vt 0.426354 0.826037
vt 0.432324 0.750571
vt 0.399250 0.978211
vt 0.423659 0.931649
vt 0.443727 0.874888
vt 0.039274 0.076525
vt 0.004352 0.196855
vt 0.042340 0.181803
vt 0.034717 0.263204
vt 0.063898 0.270416
vt 0.066871 0.191185
vt 0.101480 0.191526
vt 0.100537 0.278022
vt 0.064290 0.073646
vt 0.094618 0.079641
vt 0.141960 0.196771
vt 0.056808 0.015646
vt 0.095164 0.012263
vt 0.036176 0.022647
vt 0.301939 0.714969
vt 0.254016 0.702912
vt 0.254666 0.641195
vt 0.298622 0.592104
vt 0.339765 0.710334
vt 0.339421 0.581529
vt 0.374334 0.596020
vt 0.377105 0.712903
vt 0.432732 0.744455
vt 0.422939 0.639392
vt 0.476804 0.631589
vt 0.489397 0.672520
vt 0.229505 0.122838
vt 0.249911 0.097769
vt 0.250036 0.113513
vt 0.230968 0.102536
vt 0.196607 0.084074
vt 0.202935 0.118348
vt 0.207858 0.126245
vt 0.198630 0.140462
vt 0.195252 0.149631
vt 0.180848 0.139780
vt 0.174962 0.166110
vt 0.160331 0.124094
vt 0.160188 0.154541
vt 0.210399 0.151193
vt 0.214426 0.171049
vt 0.211148 0.208201
vt 0.203669 0.226663
vt 0.227284 0.077386
vt 0.251151 0.057667
vt 0.252180 0.069221
vt 0.229552 0.063241
vt 0.207238 0.034153
vt 0.205354 0.025042
vt 0.215011 0.021487
vt 0.229429 0.016179
vt 0.291496 0.030352
vt 0.262013 0.097723
vt 0.255222 0.015427
vt 0.300162 0.136981
vt 0.258415 0.150157
vt 0.282005 0.255784
vt 0.272915 0.253713
vt 0.253013 0.218503
vt 0.242108 0.204051
vt 0.225234 0.189874
vt 0.324597 0.100397
vt 0.340618 0.179252
vt 0.303335 0.249083
vt 0.280887 0.326399
vt 0.277450 0.306017
vt 0.343821 0.246431
vt 0.344663 0.331770
vt 0.307026 0.322862
vt 0.374519 0.193038
vt 0.400876 0.223357
vt 0.399390 0.321668
vt 0.392658 0.379127
vt 0.348348 0.404688
vt 0.318541 0.389888
vt 0.373751 0.168185
vt 0.399376 0.137769
vt 0.419052 0.201347
vt 0.431531 0.251559
vt 0.427366 0.316676
vt 0.425802 0.127075
vt 0.474572 0.232265
vt 0.410018 0.101775
vt 0.414097 0.024270
vt 0.434704 0.000294
vt 0.442396 0.094198
vt 0.486558 0.197064
vt 0.448575 0.002022
vt 0.327374 0.421512
vt 0.313553 0.445660
vt 0.378608 0.425103
vt 0.391982 0.446529
vt 0.206906 0.225554
vt 0.453627 0.894244
vt 0.498253 0.930289
vt 0.495823 0.988674
vt 0.456344 0.984783
vt 0.427462 0.935249
vt 0.431786 0.993833
vt 0.219065 0.051201
vt 0.219903 0.038458
vt 0.241789 0.031905
vt 0.241034 0.026792
vt 0.242543 0.037018
vt 0.379173 0.162156
vt 0.352288 0.155412
vt 0.370932 0.017488
vt 0.352527 0.002189
vt 0.334078 0.017206
vt 0.325386 0.161708
vt 0.303926 0.520714
vt 0.310980 0.575078
vt 0.274800 0.606027
vt 0.272712 0.450749
vt 0.231357 0.577168
vt 0.228190 0.524436
vt 0.281608 0.826495
vt 0.277350 0.740438
vt 0.326562 0.782526
vt 0.318935 0.927687
vt 0.282173 0.877137
vt 0.299736 0.944513
vt 0.283648 0.903771
vt 0.371024 0.933892
vt 0.398481 0.940293
vt 0.399045 0.872046
vt 0.417026 0.845676
vt 0.422848 0.910522
vt 0.440510 0.814029
vt 0.434359 0.876540
vt 0.415818 0.750069
vt 0.448831 0.751073
vt 0.182815 0.323605
vt 0.198272 0.336993
vt 0.220033 0.169048
vt 0.205022 0.147074
vt 0.175063 0.154487
vt 0.216195 0.182699
vt 0.041005 0.884514
vt 0.002019 0.879870
vt 0.003704 0.804293
vt 0.051909 0.803730
vt 0.001248 0.752475
vt 0.040948 0.752910
vt 0.059257 0.888981
vt 0.051566 0.899700
vt 0.052294 0.864313
vt 0.061786 0.847445
vt 0.077809 0.916688
vt 0.064517 0.959506
vt 0.078258 0.969975
vt 0.091501 0.943312
vt 0.096590 0.864656
vt 0.102669 0.910477
vt 0.066477 0.814405
vt 0.057165 0.811944
vt 0.059788 0.762075
vt 0.115062 0.821395
vt 0.124164 0.851640
vt 0.157368 0.819979
vt 0.155972 0.771645
vt 0.200183 0.820535
vt 0.190397 0.852241
vt 0.199807 0.883609
vt 0.127577 0.653713
vt 0.189031 0.655177
vt 0.204820 0.742218
vt 0.242742 0.714000
vt 0.255067 0.762896
vt 0.214347 0.861391
vt 0.211532 0.911489
vt 0.084284 0.612816
vt 0.160332 0.599247
vt 0.228484 0.606246
vt 0.234425 0.632689
vt 0.104942 0.481925
vt 0.134846 0.477129
vt 0.185181 0.479697
vt 0.214912 0.487619
vt 0.139194 0.353398
vt 0.178606 0.351379
vt 0.261707 0.841643
vt 0.224408 0.896575
vt 0.222491 0.944565
vt 0.258675 0.973592
vt 0.242180 0.907629
vt 0.255065 0.891000
vt 0.253172 0.862078
vt 0.263413 0.895620
vt 0.206949 0.214703
vt 0.194533 0.218450
vt 0.213166 0.281801
vt 0.213805 0.334800
vt 0.210996 0.335882
vt 0.216684 0.015655
vt 0.281147 0.819096
vt 0.313300 0.778816
vt 0.301640 0.852421
vt 0.339142 0.846089
vt 0.325719 0.976852
vt 0.291774 0.922356
vt 0.271628 0.870920
vt 0.221674 0.314891
vt 0.211377 0.337947
vt 0.193718 0.357510
vt 0.180213 0.337183
vt 0.166387 0.275493
vt 0.143070 0.209821
# 1804 texture coordinates

vn 0.857095 0.329865 0.395697
vn 0.963576 0.211154 0.164120
vn 0.996500 -0.048034 0.068407
vn 0.321886 0.184353 0.928657
vn 0.508299 0.256807 0.821999
vn 0.369159 0.842829 -0.391615
vn 0.929694 0.358787 0.083312
vn 0.918839 0.335633 0.207571
vn 0.848451 -0.147449 0.508320
vn 0.835088 -0.206757 -0.509784
vn 0.877376 -0.375192 -0.299069
vn 0.935207 -0.190333 -0.298600
vn 0.792175 -0.154700 -0.590361
vn 0.513460 -0.181112 -0.838783
vn 0.479865 -0.176620 -0.859381
vn 0.442101 -0.238161 -0.864769
vn 0.380877 -0.193720 -0.904105
vn 0.414003 -0.075898 -0.907106
vn 0.214408 -0.198571 -0.956347
vn 0.956424 -0.137489 -0.257586
vn 0.829176 -0.081591 -0.553001
vn 0.748034 -0.100013 -0.656081
vn 0.416469 -0.190823 -0.888898
vn 0.426354 -0.327141 -0.843327
vn 0.647025 -0.267734 -0.713917
vn 0.858442 -0.117284 -0.499320
vn 0.934092 0.027879 -0.355941
vn 0.968359 0.003349 -0.249541
vn 0.617207 0.244773 0.747758
vn 0.644458 -0.060369 0.762253
vn 0.680705 -0.425254 0.596489
vn 0.629600 -0.734315 -0.253743
vn 0.503637 -0.612736 -0.609020
vn 0.253563 -0.617195 -0.744833
vn 0.430413 -0.423998 -0.796850
vn 0.425138 -0.543358 -0.723891
vn 0.074808 -0.706453 -0.703796
vn 0.581229 -0.805523 0.115353
vn 0.759041 -0.582774 0.290226
vn 0.303792 -0.803626 0.511757
vn 0.159783 -0.973281 0.164904
vn 0.021199 -0.969119 -0.245679
vn -0.019259 -0.994144 0.106337
vn 0.005786 -0.965711 -0.259556
vn -0.206328 -0.967551 -0.145859
vn 0.047846 -0.833217 0.550872
vn -0.158188 -0.950111 0.268824
vn -0.449295 -0.852838 0.266085
vn -0.395608 -0.908103 0.137270
vn -0.661369 -0.711661 0.236918
vn -0.318348 -0.089073 0.943780
vn -0.450749 -0.177076 0.874911
vn -0.139651 0.393157 0.908805
vn -0.431089 -0.496128 0.753670
vn -0.367133 0.378892 0.849503
vn -0.535619 -0.796438 0.280711
vn -0.192874 -0.973255 0.124798
vn -0.388260 -0.900711 0.194868
vn -0.280290 -0.912314 0.298532
vn -0.316151 -0.509898 0.800033
vn 0.064866 -0.970873 0.230649
vn -0.074304 0.789613 0.609089
vn -0.252177 0.729440 0.635864
vn -0.126583 0.479817 0.868189
vn -0.176626 0.310787 0.933924
vn -0.456473 0.377403 0.805729
vn -0.551290 0.278930 0.786306
vn -0.951556 -0.015263 0.307095
vn -0.016607 0.615329 0.788096
vn -0.258091 0.441804 0.859185
vn -0.333004 0.162284 0.928855
vn -0.267221 0.626464 0.732213
vn -0.532070 0.409463 0.741108
vn -0.564372 0.234033 0.791652
vn -0.535168 0.193382 0.822313
vn -0.423950 0.119324 0.897791
vn -0.319849 0.533376 0.783075
vn -0.385908 0.298115 0.873042
vn -0.524212 0.224137 0.821562
vn -0.644606 0.114199 0.755938
vn -0.563158 0.087765 0.821675
vn -0.654017 -0.028634 0.755938
vn -0.497998 0.175297 0.849276
vn -0.494718 -0.056580 0.867210
vn -0.837938 -0.049538 0.543513
vn -0.927937 -0.091944 0.361219
vn -0.841564 -0.127078 0.524996
vn -0.878264 -0.095608 0.468521
vn -0.762953 0.094259 0.639545
vn -0.528565 -0.536292 0.658035
vn -0.731594 -0.182182 0.656947
vn -0.828472 0.337621 0.446819
vn -0.955434 0.187070 0.228365
vn -0.978569 -0.041601 0.201672
vn -0.935482 -0.222556 0.274487
vn -0.471397 -0.702139 0.533653
vn -0.642363 -0.045649 0.765040
vn -0.538196 0.464908 0.702998
vn -0.534749 0.513936 0.670756
vn -0.824469 0.420786 0.378404
vn -0.405338 -0.872761 0.272011
vn -0.534574 -0.771630 0.344700
vn -0.658990 -0.727155 0.192297
vn -0.692417 -0.427727 0.581041
vn -0.843448 -0.339002 0.416741
vn -0.489890 -0.064458 0.869398
vn -0.221654 0.245393 0.943744
vn -0.386216 0.077146 0.919177
vn -0.330238 0.427593 0.841491
vn -0.907163 0.210686 0.364235
vn -0.462190 0.338385 0.819681
vn -0.035919 0.185362 0.982014
vn 0.028717 0.479656 0.876987
vn -0.182280 0.540450 0.821394
vn -0.917071 0.330722 0.222719
vn -0.771407 0.422533 0.475812
vn -0.343798 0.580510 0.738113
vn -0.030501 0.590239 0.806652
vn 0.058511 0.239498 0.969132
vn -0.888356 0.234672 0.394655
vn -0.844248 0.406900 0.348824
vn -0.809838 0.198112 0.552191
vn -0.620155 0.029385 0.783929
vn -0.586980 0.435582 0.682439
vn -0.310488 0.548186 0.776588
vn -0.732393 0.257801 0.630190
vn -0.852556 0.169645 0.494337
vn -0.548702 0.074098 0.832728
vn -0.513192 0.159850 0.843257
vn -0.589390 0.055543 0.805937
vn -0.677153 -0.022476 0.735499
vn -0.356613 -0.190335 0.914658
vn -0.025539 0.330504 0.943459
vn -0.733446 0.016012 0.679559
vn -0.498794 0.134874 0.856162
vn -0.203779 -0.103614 0.973518
vn -0.751524 -0.168155 0.637915
vn -0.675280 -0.069829 0.734248
vn -0.412043 0.071615 0.908346
vn -0.825008 -0.058726 0.562061
vn -0.831090 -0.318783 0.455704
vn -0.625752 -0.294094 0.722457
vn -0.208230 -0.358683 0.909938
vn -0.409188 -0.438122 0.800384
vn -0.858725 0.002168 0.512431
vn -0.930263 -0.227820 0.287590
vn -0.868624 -0.448056 0.211513
vn -0.823684 -0.450771 0.344022
vn -0.939519 -0.047579 0.339175
vn -0.954126 -0.170863 0.245866
vn -0.916696 -0.308728 0.253685
vn -0.766345 -0.637267 0.081278
vn -0.696170 -0.699303 0.162239
vn -0.957098 -0.091893 0.274808
vn -0.984504 -0.074453 0.158770
vn -0.974784 -0.221332 0.028433
vn -0.837711 -0.546114 -0.000708
vn -0.993009 -0.018074 0.116649
vn -0.992170 -0.090912 -0.085633
vn -0.989693 -0.131289 -0.057197
vn -0.933264 -0.355504 0.051332
vn -0.853001 -0.459367 0.247731
vn -0.974867 0.140296 0.173062
vn -0.855306 0.296303 0.425037
vn -0.586646 0.310491 0.747959
vn 0.001753 0.479519 0.877530
vn 0.021941 0.468646 0.883113
vn 0.173061 0.539835 0.823789
vn 0.537373 0.505576 0.674999
vn 0.589395 0.339818 0.732897
vn 0.858248 0.293785 0.420833
vn 0.207131 0.268921 0.940627
vn 0.321723 0.410489 0.853225
vn 0.565847 0.393778 0.724400
vn 0.817130 0.367366 0.444230
vn 0.830923 0.411526 0.374451
vn 0.955968 0.210375 0.204614
vn 0.978530 0.134679 0.156012
vn 0.454910 -0.023755 0.890220
vn 0.614879 -0.390586 0.685103
vn 0.382466 0.094156 0.919160
vn 0.619006 -0.085789 0.780687
vn 0.499700 0.394551 0.771122
vn 0.819122 0.252573 0.515020
vn 0.875281 -0.259393 0.408165
vn 0.718711 -0.675574 0.164479
vn 0.577805 -0.772390 0.263734
vn 0.366543 0.662536 0.653217
vn 0.777507 0.523044 0.349154
vn 0.912497 0.308694 0.268434
vn 0.938935 0.127897 0.319443
vn 0.199948 0.583012 0.787475
vn 0.578434 0.616909 0.533702
vn 0.802626 0.213447 0.556985
vn 0.862026 0.230922 0.451205
vn -0.106423 0.391691 0.913922
vn 0.155831 0.085741 0.984055
vn -0.097036 0.058223 0.993576
vn 0.394962 0.055961 0.916992
vn -0.799206 0.036713 0.599935
vn -0.552511 -0.044348 0.832325
vn -0.059252 -0.253151 0.965611
vn -0.914863 0.175798 0.363483
vn -0.445811 0.515298 0.731929
vn -0.258415 0.399339 0.879631
vn -0.245959 -0.308265 0.918954
vn -0.016259 -0.389479 0.920892
vn -0.939759 -0.042454 0.339192
vn -0.416267 0.340709 0.842994
vn 0.193296 0.549208 0.813023
vn -0.915481 -0.374637 0.146772
vn -0.841499 -0.422159 0.337136
vn -0.795161 -0.355273 0.491427
vn -0.598780 -0.614379 0.513810
vn 0.345023 0.346781 0.872182
vn 0.643578 0.148628 0.750811
vn 0.684388 0.015042 0.728963
vn 0.770836 -0.089835 0.630667
vn -0.007709 -0.105044 0.994438
vn 0.164764 -0.152874 0.974414
vn 0.223391 -0.314394 0.922634
vn 0.026507 0.171954 0.984748
vn 0.432090 0.105474 0.895641
vn 0.545349 0.018850 0.837997
vn 0.301234 -0.141550 0.942986
vn 0.250760 0.594055 0.764341
vn 0.418576 0.574519 0.703365
vn 0.868372 0.260817 0.421787
vn -0.004158 -0.128999 0.991636
vn 0.431742 0.060630 0.899957
vn 0.694316 -0.061687 0.717021
vn 0.673680 -0.067732 0.735913
vn -0.363338 -0.392661 0.844869
vn 0.001255 -0.440707 0.897650
vn 0.342496 -0.408899 0.845871
vn 0.439360 -0.417855 0.795210
vn 0.221618 -0.370084 0.902177
vn 0.717618 -0.191137 0.669695
vn -0.186198 -0.770414 0.609748
vn -0.345288 -0.695822 0.629769
vn 0.314632 -0.642216 0.698974
vn 0.302074 -0.849815 0.431932
vn -0.005478 -0.129604 0.991551
vn -0.226426 -0.193252 0.954665
vn -0.473727 -0.292333 0.830737
vn -0.472491 -0.072182 0.878375
vn -0.411407 -0.137024 0.901093
vn -0.291055 0.149557 0.944944
vn -0.228256 0.226418 0.946908
vn -0.400202 -0.205694 0.893045
vn -0.081407 -0.490372 0.867703
vn 0.059797 -0.502670 0.862408
vn -0.080011 -0.061166 0.994916
vn 0.108921 0.171943 0.979067
vn 0.401432 -0.118955 0.908131
vn 0.295293 0.083422 0.951758
vn -0.645399 -0.154526 0.748052
vn -0.326781 0.019636 0.944896
vn 0.014627 -0.035483 0.999263
vn 0.406152 -0.279135 0.870129
vn 0.509312 -0.314081 0.801220
vn -0.720922 -0.525174 0.452176
vn -0.426775 -0.399217 0.811473
vn 0.001359 -0.207693 0.978193
vn 0.316701 0.058439 0.946724
vn -0.393889 -0.835938 0.382175
vn -0.002205 -0.808516 0.588470
vn 0.426693 -0.391896 0.815077
vn 0.627309 -0.141837 0.765745
vn -0.466553 -0.879425 0.094551
vn -0.009912 -0.999135 0.040396
vn 0.406577 -0.835447 0.369762
vn 0.721833 -0.545448 0.425962
vn 0.810858 -0.477077 0.338980
vn 0.596015 -0.299139 0.745173
vn -0.692956 -0.618517 0.370471
vn 0.001438 -0.988375 -0.152031
vn 0.614670 -0.661925 0.428994
vn 0.398748 -0.910860 0.106464
vn 0.703329 -0.693926 0.154260
vn -0.704215 -0.016827 0.709787
vn 0.033160 -0.123175 0.991831
vn -0.579562 -0.036568 0.814108
vn -0.828994 -0.081866 0.553233
vn -0.531461 0.251543 0.808873
vn -0.096855 -0.026833 0.994937
vn 0.526327 0.093736 0.845100
vn 0.599266 -0.080678 0.796474
vn 0.566274 -0.109466 0.816916
vn -0.940826 -0.129529 0.313158
vn -0.800528 0.220169 0.557387
vn -0.739466 0.324673 0.589726
vn -0.348941 0.352912 0.868155
vn -0.033515 0.280470 0.959277
vn -0.956071 -0.242275 -0.165018
vn -0.877010 -0.408942 -0.252232
vn -0.693290 -0.447378 -0.564980
vn -0.191824 -0.674228 -0.713176
vn 0.675187 -0.649555 0.349573
vn 0.287337 0.516506 0.806634
vn 0.793895 0.051162 0.605899
vn 0.817363 -0.131261 0.560971
vn 0.852814 -0.145286 0.501598
vn 0.832680 -0.276682 0.479679
vn 0.859580 -0.056891 0.507825
vn 0.919641 -0.075068 0.385519
vn 0.956553 -0.161222 0.242927
vn 0.910450 -0.293795 0.291143
vn 0.898361 -0.381019 0.218567
vn 0.788812 -0.565333 0.241194
vn 0.874034 -0.424826 0.235771
vn 0.975522 -0.142652 0.167352
vn 0.963901 -0.221630 0.147564
vn 0.863518 -0.462813 0.200354
vn 0.872779 -0.411695 -0.262229
vn 0.785170 -0.550343 -0.283956
vn 0.802450 -0.187305 -0.566561
vn -0.862769 0.295002 0.410614
vn -0.933168 0.125763 0.336721
vn 0.311727 -0.691391 0.651770
vn 0.189887 -0.750643 0.632833
vn -0.363594 -0.653022 0.664350
vn -0.399636 -0.845209 0.354843
vn -0.894555 -0.446436 -0.021573
vn 0.040859 -0.221858 0.974223
vn 0.224858 -0.272959 0.935378
vn 0.821716 -0.337880 0.458933
vn 0.829109 -0.137524 0.541909
vn 0.756175 0.085091 0.648814
vn 0.495132 -0.137794 0.857821
vn 0.277488 0.127764 0.952196
vn 0.696259 0.280755 0.660606
vn 0.632008 -0.023419 0.774608
vn 0.426793 0.075275 0.901211
vn -0.056546 0.363164 0.930008
vn 0.510809 0.241619 0.825042
vn 0.517135 0.315410 0.795668
vn 0.803704 0.464167 0.372302
vn 0.813877 0.211026 0.541361
vn 0.435298 0.080935 0.896641
vn 0.676207 0.050793 0.734958
vn 0.432560 0.123508 0.893106
vn 0.895804 -0.065033 0.439665
vn 0.827063 -0.147337 0.542456
vn 0.559572 0.049553 0.827299
vn 0.487752 0.134129 0.862616
vn 0.892012 -0.031903 0.450885
vn 0.956836 -0.047243 0.286764
vn 0.967412 -0.096141 0.234245
vn 0.940591 -0.247436 0.232518
vn 0.935990 -0.124805 0.329159
vn 0.668190 0.048487 0.742409
vn 0.935599 -0.254205 0.245020
vn 0.954276 -0.162243 0.251067
vn 0.972402 -0.032341 0.231060
vn 0.994913 0.001349 0.100724
vn 0.990630 -0.050363 0.126946
vn 0.852670 0.018063 0.522138
vn 0.998733 0.000849 -0.050313
vn 0.705150 -0.088463 0.703518
vn 0.368492 -0.504253 0.780988
vn 0.402717 0.160940 0.901065
vn 0.478836 0.264096 0.837239
vn 0.442924 -0.763038 0.470736
vn 0.304107 -0.841337 0.446846
vn 0.138535 -0.393169 0.908970
vn 0.343491 0.523216 0.779910
vn 0.184830 0.734705 0.652723
vn 0.469830 -0.828155 0.305645
vn 0.439329 -0.828748 0.346652
vn 0.274915 -0.842839 0.462650
vn 0.091709 -0.898169 0.429979
vn 0.226913 -0.007794 0.973884
vn 0.481606 -0.798854 0.360400
vn 0.343908 -0.541179 0.767367
vn 0.059023 0.026972 0.997892
vn -0.087173 0.710153 0.698629
vn 0.142753 0.674127 0.724690
vn 0.242662 0.631126 0.736746
vn 0.333080 0.937427 0.101428
vn 0.302658 0.611085 0.731419
vn 0.155719 0.335391 0.929120
vn 0.653319 0.679598 0.333648
vn 0.191093 0.562896 0.804134
vn 0.383013 0.404162 0.830635
vn 0.845116 0.322629 0.426250
vn -0.024800 0.642366 0.765996
vn 0.268421 0.097132 0.958392
vn 0.891569 -0.099423 0.441837
vn 0.990463 -0.131564 0.040907
vn 0.968398 -0.165002 0.187027
vn -0.019044 0.103890 0.994406
vn -0.522311 -0.371182 0.767734
vn 0.201733 -0.606527 0.769044
vn 0.718978 -0.578948 0.384565
vn 0.857558 -0.507391 0.084547
vn -0.592696 -0.626762 0.505847
vn -0.482457 -0.674187 0.559202
vn -0.932350 -0.041125 0.359212
vn -0.933754 0.129142 0.333805
vn -0.902416 0.299427 0.309821
vn -0.893977 0.310866 0.322749
vn 0.566270 -0.750069 0.341665
vn -0.915687 0.377955 0.136629
vn -0.897104 0.338189 0.284312
vn -0.956839 0.210113 0.200779
vn -0.616138 -0.132820 0.776358
vn -0.902053 0.053398 0.428309
vn -0.998101 -0.061055 0.008137
vn -0.322857 -0.291969 0.900287
vn -0.160672 -0.521858 0.837764
vn -0.125047 -0.493807 0.860533
vn -0.192975 -0.505767 0.840809
vn -0.073702 -0.666821 0.741564
vn -0.124200 -0.229050 0.965459
vn -0.149374 0.016047 0.988651
vn -0.607224 -0.647899 -0.459898
vn -0.942185 -0.335054 -0.005223
vn -0.705197 -0.520751 -0.481160
vn -0.487801 -0.614194 -0.620335
vn -0.101490 -0.779651 -0.617936
vn -0.686643 -0.559814 -0.463820
vn -0.770873 -0.298438 -0.562752
vn 0.542215 0.791987 0.280642
vn 0.407975 0.646991 0.644173
vn 0.442581 0.801362 0.402419
vn 0.378447 0.809410 0.449036
vn 0.000066 0.754187 0.656660
vn -0.000896 0.779090 0.626911
vn -0.394014 0.655409 0.644354
vn -0.385942 0.809103 0.443172
vn -0.530108 0.803593 0.270598
vn -0.387052 0.830773 0.400008
vn -0.004569 0.992017 0.126019
vn -0.899535 -0.247211 -0.360171
vn -0.959865 -0.258775 -0.108145
vn -0.878273 -0.469855 -0.088732
vn -0.971139 -0.160782 -0.176176
vn -0.811704 -0.154675 -0.563216
vn -0.984431 -0.001579 -0.175763
vn -0.768319 -0.034757 -0.639122
vn -0.863795 -0.047439 -0.501605
vn -0.988351 0.096307 -0.117847
vn -0.933464 -0.131215 -0.333809
vn -0.557736 -0.353065 -0.751183
vn -0.464752 -0.045863 -0.884252
vn -0.449452 -0.116527 -0.885672
vn -0.372620 -0.171343 -0.912028
vn -0.387797 -0.213798 -0.896607
vn -0.289596 -0.326071 -0.899896
vn -0.165640 -0.265645 -0.949735
vn -0.212996 -0.237064 -0.947857
vn -0.349441 -0.139037 -0.926585
vn 0.895576 0.095655 0.434503
vn 0.852026 0.307923 0.423362
vn 0.798269 0.273886 0.536427
vn 0.797971 -0.044211 0.601072
vn 0.852912 -0.342701 0.393825
vn 0.730558 -0.289870 0.618272
vn 0.584661 -0.068724 0.808362
vn 0.584580 -0.228179 0.778589
vn 0.397770 -0.191214 0.897339
vn 0.487226 0.245843 0.837957
vn 0.377211 0.159160 0.912349
vn 0.427511 -0.040486 0.903103
vn 0.141250 -0.044774 0.988961
vn 0.054489 -0.337402 0.939782
vn -0.109175 -0.243908 0.963634
vn -0.236737 -0.325257 0.915513
vn -0.030517 -0.429994 0.902316
vn 0.165918 0.272617 0.947708
vn 0.075455 0.350938 0.933354
vn -0.064195 0.201608 0.977360
vn -0.178122 -0.012339 0.983931
vn -0.346993 -0.032265 0.937313
vn -0.431197 -0.117870 0.894525
vn -0.421256 -0.264557 0.867498
vn -0.245288 0.193795 0.949883
vn -0.421751 0.183531 0.887943
vn -0.635363 -0.443027 0.632487
vn -0.894197 -0.135234 0.426759
vn -0.850618 -0.345586 0.396258
vn -0.796158 -0.011038 0.604988
vn -0.851847 0.305005 0.425828
vn -0.644645 0.308692 0.699387
vn -0.593074 -0.026894 0.804699
vn -0.447959 0.305562 0.840217
vn -0.191355 0.516185 0.834827
vn -0.461913 -0.366931 0.807464
vn -0.374317 -0.241430 0.895320
vn -0.443286 -0.008877 0.896336
vn -0.329444 0.203678 0.921945
vn -0.111758 0.435739 0.893108
vn 0.218951 0.406307 0.887116
vn -0.131362 -0.515372 0.846839
vn -0.162851 -0.357704 0.919526
vn -0.138187 -0.045202 0.989374
vn -0.099412 0.271766 0.957215
vn 0.218780 0.287248 0.932536
vn 0.565941 -0.126075 0.814749
vn -0.037817 -0.591229 0.805616
vn 0.204912 -0.385194 0.899798
vn 0.067292 -0.289529 0.954801
vn 0.181151 -0.076869 0.980447
vn 0.112085 0.155494 0.981457
vn 0.349900 -0.052740 0.935301
vn 0.432577 -0.378150 0.818462
vn 0.706630 -0.352537 0.613507
vn -0.569966 -0.750836 0.333743
vn 0.003868 -0.277142 0.960821
vn -0.514929 -0.751971 0.411566
vn -0.643734 -0.724463 0.246496
vn -0.638793 -0.607537 0.472061
vn -0.735074 -0.567977 0.370228
vn -0.686338 -0.350023 0.637514
vn -0.427253 -0.337567 0.838751
vn -0.644650 -0.591569 0.484224
vn -0.588402 -0.682860 0.432996
vn -0.473598 -0.728757 0.494589
vn -0.308333 -0.580267 0.753804
vn -0.843384 -0.080082 0.531310
vn -0.473219 -0.548275 0.689535
vn -0.081676 -0.268687 0.959759
vn -0.102045 0.049792 0.993533
vn -0.061588 -0.044641 0.997103
vn -0.593276 0.061327 0.802659
vn -0.710697 0.645364 0.280027
vn -0.831303 0.468517 0.299043
vn -0.638765 0.615545 0.461610
vn -0.550343 0.567644 0.612293
vn -0.509182 0.415711 0.753604
vn -0.587281 0.339754 0.734621
vn 0.540941 -0.086896 0.836560
vn 0.404609 -0.197277 0.892958
vn 0.312851 0.168807 0.934681
vn 0.051249 0.251320 0.966546
vn -0.015333 0.457130 0.889268
vn -0.109923 0.206602 0.972231
vn -0.338420 0.563092 0.753923
vn 0.042397 0.423561 0.904875
vn -0.084101 0.711792 0.697338
vn 0.067407 0.792558 0.606059
vn 0.317084 -0.263014 0.911198
vn 0.173085 0.223277 0.959265
vn 0.257918 0.611272 0.748215
vn -0.262366 0.961818 0.077907
vn 0.210601 0.808836 0.549028
vn 0.510226 0.415553 0.752984
vn 0.290083 0.346944 0.891898
vn 0.385439 -0.318042 0.866191
vn 0.538166 -0.216825 0.814472
vn 0.618228 0.019660 0.785753
vn 0.423635 -0.001254 0.905832
vn 0.576631 0.132522 0.806185
vn 0.671916 0.033822 0.739855
vn 0.664301 0.098354 0.740966
vn 0.594811 0.711068 -0.374943
vn -0.681830 0.503219 -0.530922
vn 0.995729 0.080156 -0.045822
vn -0.935086 -0.211164 -0.284646
vn 0.011242 0.555184 -0.831652
vn 0.017817 0.528144 -0.848968
vn 0.022976 0.506493 -0.861938
vn 0.013423 0.546352 -0.837448
vn 0.005245 0.579372 -0.815047
vn -0.863403 -0.430388 0.263251
vn -0.798275 -0.589719 -0.122429
vn -0.833476 -0.513561 0.203895
vn -0.975910 -0.203680 -0.078189
vn -0.817199 -0.385945 -0.428056
vn -0.322088 -0.646513 -0.691578
vn -0.655190 -0.752719 0.064339
vn -0.654058 -0.755224 -0.042953
vn -0.991265 -0.028446 0.128777
vn -0.975165 0.209486 0.071897
vn -0.980496 -0.120400 -0.155341
vn -0.847549 -0.460561 -0.263711
vn -0.470187 -0.651421 -0.595462
vn -0.961223 -0.261387 0.087902
vn -0.775083 0.536825 0.333263
vn -0.550652 0.818374 0.164459
vn -0.962032 0.250129 0.109228
vn -0.980699 -0.109925 -0.161698
vn -0.189709 0.930617 0.312989
vn -0.179817 0.966153 0.184971
vn -0.190956 0.923673 0.332212
vn -0.485225 0.813290 0.321116
vn -0.715057 0.383468 0.584504
vn -0.886435 0.150222 0.437797
vn -0.831738 0.505324 0.229914
vn -0.197630 0.858103 0.473922
vn -0.568872 0.720637 0.396316
vn -0.914175 0.360765 0.184749
vn -0.990834 -0.115654 -0.069802
vn -0.198254 0.845396 0.495984
vn -0.452313 0.771750 0.447006
vn -0.916760 0.350178 0.192163
vn -0.992673 -0.105950 -0.058100
vn -0.794432 -0.543827 -0.270424
vn -0.787195 -0.543567 -0.291306
vn -0.198113 0.848800 0.490194
vn -0.577647 0.711849 0.399493
vn -0.923737 0.350094 0.155385
vn -0.992003 -0.098382 -0.079068
vn -0.525346 0.751162 0.399710
vn -0.930769 0.334261 0.148119
vn -0.989788 -0.091484 -0.109319
vn -0.805637 -0.507767 -0.305158
vn -0.197602 0.859620 0.471176
vn -0.197106 0.867681 0.456376
vn -0.451049 0.795083 0.405460
vn -0.920059 0.360461 0.153491
vn -0.989101 -0.081393 -0.122696
vn -0.798069 -0.469390 -0.377835
vn -0.808773 -0.482024 -0.336955
vn -0.196952 0.869274 0.453401
vn -0.592893 0.721646 0.357358
vn -0.908117 0.391485 0.148534
vn -0.987962 -0.060138 -0.142529
vn -0.764613 -0.489336 -0.419425
vn -0.200655 -0.761741 -0.616026
vn -0.150370 -0.790997 -0.593054
vn -0.390424 -0.776280 -0.494934
vn -0.165923 -0.885407 -0.434194
vn 0.525440 -0.671909 -0.521968
vn 0.601063 -0.683756 -0.413763
vn 0.657409 -0.689951 -0.302954
vn 0.499709 -0.802290 -0.326530
vn -0.131855 -0.905187 -0.404044
vn -0.290578 -0.849300 -0.440742
vn 0.678551 -0.566425 -0.467686
vn 0.970236 -0.180678 -0.161241
vn 0.974419 -0.190817 -0.118731
vn 0.972086 -0.217612 -0.087714
vn 0.964940 -0.256623 -0.055097
vn 0.636427 -0.704633 -0.313772
vn 0.955397 -0.208846 -0.208803
vn 0.961494 0.257553 0.095894
vn 0.964480 0.237235 0.116181
vn 0.965141 0.227419 0.129549
vn 0.962236 0.220348 0.159839
vn 0.960271 0.212585 0.180798
vn 0.964407 0.203112 0.169304
vn 0.963137 -0.257733 -0.077079
vn 0.697427 0.624579 0.351422
vn 0.716742 0.603335 0.349669
vn 0.703534 0.615913 0.354528
vn 0.688255 0.612496 0.388785
vn 0.678067 0.650277 0.342586
vn 0.435112 0.791275 0.429605
vn 0.462715 0.777123 0.426586
vn 0.486693 0.757729 0.434714
vn 0.469206 0.757337 0.454187
vn 0.461381 0.756722 0.463141
vn 0.485021 0.753649 0.443585
vn 0.684248 0.622034 0.380628
vn 0.781408 0.534232 0.322485
vn 0.974966 0.208508 0.077236
vn 0.986039 -0.161749 -0.039558
vn 0.562403 0.764376 0.315328
vn 0.689701 0.663858 0.289146
vn 0.815174 0.500982 0.290703
vn 0.976570 0.198206 0.083817
vn 0.973292 -0.094444 -0.209242
vn 0.621495 -0.537373 -0.570065
vn 0.550366 -0.691149 -0.468412
vn 0.800242 0.443047 0.404131
vn 0.891070 0.278045 0.358727
vn 0.980283 0.114815 0.160820
vn 0.947888 -0.305368 0.090879
vn 0.749763 -0.449093 -0.485974
vn -0.180388 -0.778286 -0.601440
vn 0.867536 -0.148518 0.474683
vn 0.879932 -0.234545 0.413168
vn 0.945833 0.049157 0.320911
vn 0.192580 -0.598429 -0.777686
vn 0.823352 -0.511947 0.244951
vn 0.848268 -0.510576 0.140547
vn 0.968764 0.230690 0.090990
vn 0.816145 0.512539 0.266856
vn 0.740762 0.592891 0.315835
vn 0.566835 0.721089 0.398408
vn 0.589941 0.712852 0.379225
vn 0.577433 0.723385 0.378529
vn 0.616969 0.706578 0.346550
vn 0.652020 0.682933 0.329352
vn 0.670256 0.676925 0.304186
vn 0.698834 0.650428 0.297614
vn 0.711791 0.641355 0.286388
vn 0.732004 0.619657 0.283189
vn 0.741295 0.615011 0.268779
vn 0.757996 0.598433 0.259461
vn 0.767525 0.596697 0.234218
vn 0.785033 0.578638 0.221137
vn 0.794138 0.578424 0.186469
vn 0.803518 0.573171 0.160728
vn 0.788760 0.597639 0.143823
vn 0.818800 0.543816 0.183932
vn 0.970167 0.113891 0.214022
vn 0.959179 0.088001 0.268759
vn 0.962454 -0.194715 0.189126
vn 0.955266 -0.250709 0.156883
vn 0.972225 -0.142321 0.185803
vn 0.977254 -0.058096 0.203959
vn 0.976408 -0.054907 0.208836
vn 0.975251 -0.033800 0.218502
vn 0.974370 -0.033078 0.222505
vn 0.973604 -0.019823 0.227383
vn 0.972675 0.003625 0.232143
vn 0.991844 -0.092506 0.087677
vn 0.975553 0.031810 0.217450
vn 0.994236 -0.022912 0.104737
vn 0.994821 -0.098533 -0.024960
vn 0.980963 -0.182711 -0.065788
vn 0.982810 -0.182678 -0.026705
vn 0.982444 -0.184325 -0.028771
vn 0.985538 -0.169076 0.011354
vn 0.980597 -0.195218 0.017878
vn 0.967311 0.095425 0.234953
vn 0.999077 0.042630 -0.005210
vn 0.975793 -0.218197 0.014734
vn 0.969834 -0.243683 0.006346
vn 0.969871 -0.243505 -0.007399
vn 0.968574 -0.248455 -0.011571
vn 0.968834 -0.246686 -0.022499
vn 0.966940 -0.253275 -0.029644
vn 0.965536 -0.256456 -0.044388
vn 0.964072 -0.261838 -0.044785
vn 0.968644 -0.242769 -0.052837
vn 0.964760 -0.257706 -0.053167
vn 0.975257 -0.205691 -0.081021
vn 0.964670 -0.248100 -0.088646
vn 0.955214 -0.274085 -0.111549
vn 0.952255 -0.302801 -0.039020
vn 0.957853 -0.278591 -0.070028
vn 0.966101 -0.257840 0.012936
vn 0.967883 -0.247211 0.045702
vn 0.973914 -0.225929 0.021160
vn 0.777557 -0.062242 -0.625724
vn 0.790171 -0.034410 -0.611920
vn 0.959743 0.093984 -0.264690
vn 0.904597 0.085363 -0.417632
vn 0.980110 0.186663 -0.067396
vn 0.981747 0.157989 0.105887
vn 0.982263 0.145701 0.118032
vn 0.980722 0.153322 0.121151
vn 0.979905 0.159539 0.119722
vn 0.979657 0.157899 0.123857
vn 0.979526 0.157079 0.125918
vn 0.979361 0.156235 0.128225
vn 0.979131 0.155263 0.131132
vn -0.549346 -0.278312 -0.787884
vn -0.850641 -0.200781 -0.485898
vn -0.572911 -0.256358 -0.778494
vn -0.761298 -0.185871 -0.621191
vn -0.944667 -0.126720 -0.302565
vn -0.978049 -0.162512 -0.130424
vn -0.976070 -0.177797 -0.125202
vn -0.978166 -0.169443 -0.120336
vn -0.979709 -0.163823 -0.115463
vn -0.980076 -0.160781 -0.116618
vn -0.980240 -0.161997 -0.113520
vn -0.980358 -0.162885 -0.111205
vn -0.980496 -0.163876 -0.108499
vn -0.979905 -0.159544 -0.119719
vn -0.941319 0.318982 0.110316
vn -0.974079 0.221027 0.048134
vn -0.985149 -0.087487 -0.147741
vn -0.840692 0.491898 0.226436
vn -0.845195 0.488840 0.216057
vn -0.858369 0.473872 0.196589
vn -0.870032 0.462654 0.170282
vn -0.890934 0.433425 0.135572
vn -0.900212 0.419486 0.116837
vn -0.916201 0.389211 0.095346
vn -0.922953 0.374318 0.089689
vn -0.933735 0.349982 0.075179
vn -0.937872 0.340505 0.066726
vn -0.945501 0.322035 0.048176
vn -0.948303 0.316087 0.028462
vn -0.955008 0.296527 0.005628
vn -0.951198 0.306844 -0.032698
vn -0.958373 0.283011 -0.037754
vn -0.941844 0.330845 -0.058914
vn -0.997409 -0.068546 -0.021831
vn -0.947930 0.318479 -0.000699
vn -0.976817 -0.208730 0.047550
vn -0.841386 -0.540080 -0.019572
vn -0.794076 -0.605988 -0.047140
vn -0.864586 -0.501899 -0.024266
vn -0.920682 -0.390150 -0.011306
vn -0.928905 -0.370225 -0.008297
vn -0.939438 -0.342716 -0.001436
vn -0.940168 -0.340687 0.004081
vn -0.952713 -0.303837 -0.004484
vn -0.943015 -0.332667 -0.007439
vn -0.895871 -0.413619 -0.162283
vn -0.950087 -0.296683 -0.096507
vn -0.976665 -0.214355 -0.013325
vn -0.980051 -0.198628 -0.006934
vn -0.883446 -0.394069 -0.253440
vn -0.936912 -0.256128 -0.237895
vn -0.831361 -0.474836 -0.288737
vn -0.841212 -0.479689 -0.249521
vn -0.839819 -0.481120 -0.251451
vn -0.856863 -0.469131 -0.213780
vn -0.845746 -0.492508 -0.205304
vn -0.828434 -0.519259 -0.209924
vn -0.820854 -0.532838 -0.205628
vn -0.815035 -0.534082 -0.224663
vn -0.811158 -0.537634 -0.230157
vn -0.805997 -0.539868 -0.242716
vn -0.807997 -0.536362 -0.243835
vn -0.798116 -0.543592 -0.259841
vn -0.794971 -0.548263 -0.259672
vn -0.794152 -0.541404 -0.276050
vn -0.806046 -0.526057 -0.271207
vn -0.799872 -0.517260 -0.304380
vn -0.824258 -0.477480 -0.304321
vn -0.779028 -0.543259 -0.313025
vn -0.758782 -0.586265 -0.283802
vn -0.781234 -0.580830 -0.228712
vn -0.811615 -0.547318 -0.204264
vn -0.824272 -0.539034 -0.173259
vn -0.830714 -0.519792 -0.199324
vn 0.663995 0.005654 0.747716
vn 0.403713 0.079800 0.911399
vn 0.293746 0.880405 0.372291
vn 0.290977 -0.579935 0.760926
vn -0.336684 -0.653002 0.678404
vn -0.191500 0.427142 0.883672
vn 0.565840 0.396002 0.723192
vn 0.568647 0.311761 0.761213
vn 0.558195 0.476857 0.678989
vn 0.096610 -0.986521 0.132069
vn 0.065491 -0.992136 0.106660
vn 0.127571 -0.979283 0.157260
vn 0.224619 -0.953919 0.198961
vn 0.000522 -0.984192 0.177105
vn -0.011400 -0.991398 0.130386
vn 0.012442 -0.974647 0.223402
vn -0.178191 -0.973990 0.139970
vn 0.110212 -0.980196 -0.164529
vn 0.173348 -0.904159 -0.390444
vn -0.350990 -0.250851 0.902153
vn -0.484104 -0.296305 0.823314
vn -0.039482 0.323310 0.945469
vn -0.152629 0.614521 0.773995
vn -0.469659 0.126293 0.873768
vn -0.573710 0.067871 0.816242
vn -0.664549 -0.235827 0.709056
vn -0.514192 0.282559 0.809794
vn -0.045754 0.248330 0.967594
vn 0.318028 0.567061 0.759803
vn 0.588071 -0.206045 0.782124
vn 0.155593 0.353960 0.922228
vn 0.093024 0.707177 0.700891
vn -0.760910 -0.226434 0.608066
vn 0.840456 -0.226327 0.492351
vn 0.700959 -0.581544 0.412872
vn 0.597659 -0.726971 0.338107
vn -0.623870 0.020123 0.781269
vn -0.539591 0.306195 0.784274
vn -0.298157 0.760397 0.576973
vn -0.392098 0.668394 0.632067
vn -0.303025 0.501174 0.810556
vn -0.252441 0.319742 0.913257
vn -0.136326 0.887034 0.441120
vn -0.016502 0.999245 0.035185
vn -0.072779 0.965593 0.249665
vn -0.182972 0.252086 0.950249
vn -0.154227 -0.470488 0.868824
vn -0.157859 0.241829 0.957392
vn -0.292128 0.857961 0.422569
vn -0.171314 0.984258 -0.043452
vn -0.536507 0.164679 0.827672
vn -0.646298 0.026875 0.762612
vn -0.647634 0.198962 0.735516
vn 0.183778 0.680854 0.708987
vn -0.603319 0.788377 0.120283
vn -0.165879 0.260477 0.951124
vn -0.069546 0.322897 0.943875
vn -0.450973 -0.142632 0.881067
vn -0.409455 0.484227 0.773221
vn 0.053919 0.218753 0.974289
vn 0.479017 0.104531 0.871559
vn 0.188689 0.318147 0.929074
vn -0.212315 -0.796080 0.566727
vn -0.341021 -0.678717 0.650421
vn -0.040885 -0.827205 0.560410
vn -0.053247 -0.804464 0.591610
vn -0.053576 -0.802288 0.594528
vn -0.058054 -0.795109 0.603682
vn -0.850243 0.215789 0.480127
vn -0.840903 0.224127 0.492595
vn 0.868819 0.287344 0.403220
vn 0.897441 0.210716 0.387553
vn 0.845895 0.230631 0.480906
vn 0.853825 0.288377 0.433384
vn 0.769005 0.336490 0.543513
vn 0.138851 0.813577 0.564636
vn 0.701410 0.469833 0.535986
vn 0.528954 0.383337 0.757140
vn 0.721995 0.099864 0.684653
vn 0.438666 -0.017596 0.898478
vn 0.647836 0.449934 0.614710
vn -0.063276 0.581691 0.810945
vn 0.079465 0.907603 0.412240
vn 0.241821 0.154307 0.957973
vn 0.331089 -0.422752 0.843600
vn 0.354465 -0.437658 0.826323
vn -0.134494 0.217844 0.966672
vn -0.212827 0.938118 0.273203
vn -0.001887 0.998922 0.046388
vn 0.654529 -0.378119 0.654689
vn -0.693516 0.513709 0.505113
vn -0.829270 0.422690 0.365574
vn 0.012123 0.999254 0.036663
vn 0.817600 0.171392 0.549686
vn 0.303045 0.486078 0.819691
vn 0.161457 0.163055 0.973316
vn 0.023978 0.683236 0.729803
vn 0.041648 0.963583 0.264145
vn -0.380609 0.917255 0.117389
vn -0.566693 0.818328 0.095907
vn -0.560972 0.827484 0.024103
vn 0.342235 -0.194108 0.919346
vn 0.190419 0.026878 0.981335
vn 0.211498 0.712161 0.669400
vn 0.677385 0.410385 0.610519
vn 0.836244 0.495094 0.235751
vn 0.710567 0.587253 0.387593
vn 0.047242 0.196995 0.979266
vn -0.419521 -0.127994 0.898677
vn -0.147036 0.285989 0.946885
vn -0.249111 0.135910 0.958891
vn -0.364948 -0.381054 0.849477
vn -0.452326 -0.345170 0.822350
vn -0.515823 -0.379575 0.768016
vn -0.646742 -0.308978 0.697321
vn -0.008989 0.750444 0.660872
vn -0.230314 0.771520 0.593054
vn 0.111117 0.794821 0.596584
vn 0.002493 0.656736 0.754117
vn -0.402177 0.385421 0.830484
vn -0.078676 0.930632 0.357398
vn 0.320813 0.839980 0.437621
vn 0.210776 0.834765 0.508667
vn -0.159938 0.855118 0.493145
vn -0.069988 0.953414 0.293433
vn 0.406506 0.863178 0.299460
vn -0.371611 0.681763 0.630163
vn -0.679697 0.236099 0.694456
vn 0.623464 0.301132 0.721535
vn 0.606465 0.028896 0.794585
vn 0.531512 0.027086 0.846617
vn 0.074379 0.566599 0.820630
vn -0.172436 0.806970 0.564859
vn -0.461614 0.871325 0.166449
vn -0.400684 0.913358 0.072318
vn 0.157890 0.661352 0.733270
vn -0.612762 0.614974 0.496315
vn 0.255719 -0.416466 0.872447
vn 0.382142 -0.397140 0.834414
vn 0.568092 -0.403969 0.716994
vn 0.791522 -0.306231 0.528881
vn 0.850418 -0.298344 0.433337
vn 0.932019 -0.179641 0.314752
vn 0.638737 -0.175471 0.749150
vn 0.213583 -0.254916 0.943080
vn 0.333359 -0.247079 0.909848
vn -0.494047 -0.278274 0.823700
vn -0.810994 -0.242456 0.532451
vn 0.741374 0.287681 0.606304
vn 0.775206 0.281731 0.565405
vn 0.705426 0.292810 0.645473
vn 0.290367 0.233742 0.927929
vn 0.481560 0.274794 0.832219
vn 0.183380 0.085631 0.979306
vn -0.446735 -0.100287 0.889028
vn -0.252836 -0.437703 0.862838
vn -0.762788 -0.282746 0.581557
vn -0.932092 -0.194699 0.305445
vn -0.783245 -0.605355 0.141678
vn -0.828068 -0.560180 -0.022381
vn -0.645673 -0.760934 -0.063919
vn -0.814554 -0.579382 0.028611
vn -0.843802 -0.413516 -0.342058
vn -0.342255 -0.850379 0.399646
vn -0.387441 -0.806837 0.445986
vn -0.124194 0.596121 0.793231
vn -0.066422 0.604048 0.794175
vn -0.149693 0.572423 0.806178
vn -0.692461 0.289439 0.660851
vn -0.230682 0.437919 0.868915
vn -0.647304 0.270782 0.712513
vn -0.981959 0.042998 0.184138
vn -0.965182 -0.012708 0.261271
vn -0.821857 -0.014686 0.569504
vn -0.197382 0.248610 0.948279
vn -0.648613 0.178027 0.740005
vn -0.987816 0.134703 0.077934
vn -0.866910 -0.122838 -0.483091
vn -0.975219 -0.218948 -0.031774
vn -0.783619 -0.023171 -0.620809
vn -0.542051 -0.172181 -0.822517
vn -0.620788 -0.236333 -0.747509
vn 0.766657 -0.610216 0.199682
vn 0.456906 -0.865321 -0.206050
vn 0.712156 -0.698543 -0.069792
vn 0.882344 -0.464363 0.076391
vn 0.919739 -0.193574 0.341481
vn 0.313245 -0.054471 0.948109
vn 0.865689 -0.385732 -0.319052
vn 0.984352 -0.176182 0.003198
vn 0.959893 -0.004275 0.280334
vn 0.746729 -0.306404 0.590349
vn 0.259834 -0.435854 0.861695
vn 0.061551 -0.085205 0.994461
vn -0.250475 0.204240 0.946334
vn -0.495774 0.361506 0.789634
vn 0.866232 -0.090495 -0.491378
vn 0.976823 0.071642 0.201703
vn 0.903563 0.058432 0.424451
vn 0.800612 -0.006606 0.599146
vn 0.598443 -0.211854 -0.772648
vn 0.524405 -0.161516 -0.836010
vn 0.775808 -0.005948 -0.630940
vn 0.985816 0.164686 -0.032325
vn 0.761950 0.206545 0.613817
vn 0.550366 0.293987 0.781453
vn 0.196177 0.262954 0.944653
vn 0.188225 0.445773 0.875133
vn 0.126205 0.561539 0.817769
vn 0.057491 0.594215 0.802249
vn 0.041721 0.627306 0.777655
vn 0.019573 0.629124 0.777059
vn 0.314378 -0.875717 0.366452
vn 0.330112 -0.862065 0.384537
vn 0.937034 -0.343052 0.065442
vn 0.963259 -0.259832 0.067962
vn 0.983994 0.150624 0.095229
vn 0.994531 0.002146 0.104420
vn 0.900196 -0.430304 0.066973
vn 0.878675 -0.474422 0.053428
vn 0.776980 0.614553 0.136480
vn 0.751695 0.639390 0.161662
vn 0.737153 0.655325 0.164789
vn 0.828667 0.547891 0.114574
vn -0.990138 0.013650 -0.139426
vn -0.988512 -0.040503 -0.145614
vn -0.988670 0.032527 -0.146540
vn -0.986158 0.065959 -0.152125
vn -0.984685 0.065049 -0.161754
vn -0.984816 0.059909 -0.162937
vn -0.185143 0.980696 0.062911
vn -0.174578 0.983313 0.051174
vn -0.212963 0.975041 0.062790
vn -0.208477 0.977343 0.036589
vn -0.233948 0.971970 0.023302
vn -0.312992 0.949570 0.018776
vn 0.667004 -0.730387 0.147110
vn 0.660563 -0.718541 0.217615
vn 0.663842 -0.716150 0.215506
vn 0.650985 -0.744917 0.146006
vn 0.679935 -0.729695 0.072348
vn 0.689648 -0.721371 0.063318
vn 0.685245 -0.726238 0.054935
vn 0.670744 -0.740358 0.044419
vn 0.008393 0.895538 -0.444906
vn 0.018595 0.936526 -0.350104
vn 0.061144 0.883205 -0.464984
vn 0.093714 0.962051 -0.256273
vn 0.748286 0.662493 0.034228
vn 0.301657 0.953061 0.026032
vn 0.578535 0.796600 0.175287
vn 0.937351 0.271592 0.218200
vn 0.948830 0.301883 0.092672
vn 0.974013 0.217959 -0.061592
vn 0.977716 0.178697 -0.110181
vn 0.970298 0.173627 -0.168452
vn 0.962977 0.194972 -0.186177
vn 0.314939 0.940388 0.128387
vn -0.892322 0.422633 -0.158563
vn -0.920489 0.358572 -0.155326
vn -0.822294 0.520958 -0.228988
vn -0.943539 0.309417 -0.118301
vn -0.937295 0.289956 -0.193399
vn -0.914472 0.346434 -0.209105
vn -0.895421 0.376572 -0.237519
vn -0.861999 0.467482 -0.196003
vn 0.997565 -0.038778 0.057974
vn 0.993751 0.069325 0.087485
vn 0.874289 0.437409 0.210457
vn 0.942413 0.281313 0.180891
vn 0.987883 -0.150932 0.036147
vn 0.979753 -0.200050 0.007958
vn 0.508884 0.790019 0.341915
vn 0.472893 0.800967 0.367184
vn 0.434229 0.817537 0.378257
vn 0.570642 0.758868 0.313827
vn -0.939623 -0.268168 -0.212588
vn -0.937504 -0.273783 -0.214778
vn -0.938773 -0.262393 -0.223283
vn -0.935174 -0.262737 -0.237526
vn -0.931635 -0.262758 -0.251026
vn -0.926420 -0.274733 -0.257425
vn -0.571409 0.783248 0.244980
vn -0.567621 0.788636 0.236345
vn -0.580204 0.777213 0.243523
vn -0.595441 0.772751 0.219785
vn -0.611460 0.763916 0.206276
vn -0.660589 0.725590 0.192720
vn 0.965709 -0.010887 -0.259398
vn 0.986078 0.081175 -0.145124
vn 0.944865 0.305925 0.116789
vn 0.963199 0.263091 0.055054
vn 0.699212 0.546399 0.461032
vn -0.991160 -0.132516 0.006485
vn -0.958332 -0.246322 -0.144657
vn -0.987440 -0.013823 0.157388
vn -0.508016 0.522446 0.684814
vn -0.412844 0.570656 0.709867
vn -0.597088 0.467961 0.651536
vn 0.887268 -0.438153 0.144146
vn 0.786045 -0.615663 -0.055608
vn 0.834406 -0.549942 0.036480
vn 0.915043 -0.202621 0.348770
vn 0.843010 0.069418 0.533400
vn 0.820024 0.113371 0.560989
vn -0.865905 0.455726 -0.206209
vn -0.863473 0.464299 -0.197082
vn -0.868197 0.447078 -0.215303
vn 0.035737 0.786651 0.616363
vn -0.022492 0.800805 0.598503
vn 0.093827 0.769421 0.631813
vn -0.948787 -0.315917 0.000017
vn -0.657024 -0.730711 0.185423
vn -0.670891 -0.731751 0.120190
vn -0.984587 -0.174878 -0.002508
vn -0.976829 0.173014 -0.125980
vn -0.957559 0.198692 -0.208811
vn -0.665809 -0.745367 0.033576
vn -0.664927 -0.746803 0.012560
vn -0.667110 -0.744892 -0.010030
vn -0.670981 -0.741410 -0.009765
vn -0.731543 0.679893 0.050897
vn -0.929880 0.355516 0.094511
vn -0.917747 0.306304 0.252822
vn -0.553651 0.798258 0.237179
vn -0.277420 0.957673 0.076813
vn -0.114599 0.962587 -0.245548
vn -0.100622 0.932869 -0.345876
vn -0.113268 0.890166 -0.441332
vn -0.212028 0.857377 -0.468987
vn -0.296261 0.934353 0.198025
vn 0.961132 0.217937 -0.169498
vn 0.944493 0.287613 -0.158781
vn 0.974371 0.156289 -0.161788
vn 0.946740 0.284380 -0.151031
vn 0.912013 0.377378 -0.160680
vn 0.882643 0.433825 -0.180934
vn 0.877879 0.440746 -0.187272
vn 0.867013 0.461749 -0.187285
vn -0.939058 0.316662 0.133772
vn -0.947310 0.011858 0.320100
vn -0.945923 0.275449 0.171339
vn -0.988072 0.147361 0.044698
vn -0.784894 -0.552998 0.279525
vn -0.683860 -0.595652 0.421348
vn -0.728553 -0.197710 0.655836
vn -0.582108 -0.513337 0.630584
vn -0.572052 0.180509 0.800108
vn -0.963457 0.261333 -0.058788
vn -0.997103 0.072980 0.021421
vn -0.725160 -0.626311 0.286142
vn -0.310710 -0.885196 0.346248
vn -0.401625 -0.865349 0.299781
vn -0.292375 -0.892086 0.344529
vn -0.936703 0.333116 0.107798
vn -0.700928 0.668886 0.247571
vn -0.808015 0.557710 0.189926
vn -0.837886 0.412952 0.356956
vn -0.981286 0.063530 0.181773
vn -0.616439 0.562887 0.550600
vn -0.690734 0.654065 0.308360
vn -0.555438 0.614594 0.560145
vn -0.307407 0.856670 0.414267
vn -0.284117 0.897132 0.338277
vn -0.366133 0.824338 0.431755
vn -0.390739 0.810863 0.435688
vn -0.414881 0.777350 0.472864
vn -0.267818 -0.844349 0.464057
vn -0.241431 -0.699978 0.672118
vn -0.252987 -0.687713 0.680477
vn -0.588206 -0.419254 0.691549
vn -0.098641 -0.529916 0.842294
vn -0.564693 -0.389635 0.727534
vn -0.830405 -0.236779 0.504344
vn -0.752569 -0.305747 0.583231
vn -0.920097 0.182205 -0.346733
vn -0.999072 0.017999 -0.039141
vn -0.883966 0.285805 -0.370026
vn -0.862795 0.258298 -0.434588
vn -0.863669 0.282096 -0.417728
vn -0.869907 0.330202 -0.366372
vn -0.984279 0.111511 -0.136967
vn -0.999834 -0.007651 -0.016529
vn -0.941267 0.299897 -0.155171
vn -0.943988 0.167149 -0.284514
vn -0.963142 0.172497 -0.206406
vn -0.933351 0.358633 0.015446
vn -0.935038 0.057710 -0.349818
vn -0.911869 0.173365 -0.372074
vn -0.883930 0.467504 -0.010418
vn -0.830404 0.532827 0.162864
vn -0.813063 0.555485 0.174255
vn -0.617490 0.773832 0.141035
vn -0.446366 0.894188 -0.034422
vn -0.461427 0.887178 0.000604
vn -0.425209 0.901893 0.076069
vn -0.433003 0.890378 0.140481
vn -0.837857 0.526264 0.145055
vn -0.807101 0.559919 0.187291
vn -0.652985 0.717894 0.241327
vn -0.924771 0.358865 -0.126550
vn -0.881288 0.451027 -0.141090
vn -0.792053 0.597402 -0.125548
vn -0.651293 0.720008 -0.239595
vn -0.513484 0.808054 -0.288761
vn -0.480136 0.813978 -0.326971
vn -0.843940 0.533701 -0.054112
vn -0.635130 0.749892 -0.185126
vn -0.526198 0.792632 -0.307977
vn -0.279392 -0.078561 0.956958
vn -0.309518 -0.026769 0.950517
vn -0.716308 -0.106465 0.689614
vn -0.306172 -0.069993 0.949400
vn -0.075916 0.208357 0.975102
vn -0.314633 -0.061062 0.947248
vn -0.692774 -0.302602 0.654597
vn -0.780092 -0.247623 0.574578
vn -0.974655 -0.035987 0.220802
vn -0.936707 0.094672 0.337072
vn -0.988983 0.142533 -0.039965
vn -0.972067 0.192132 0.134803
vn -0.950377 0.271356 0.152149
vn 0.926356 0.374152 0.043295
vn 0.901813 0.432108 -0.004025
vn 0.977380 0.138623 0.159725
vn 0.984299 0.172520 -0.037314
vn 0.958945 0.270995 -0.083582
vn 0.829450 0.515906 0.214133
vn 0.695720 0.650941 0.303726
vn 0.815622 0.454183 0.358439
vn 0.600093 0.772676 -0.207028
vn 0.982852 -0.101232 0.154122
vn 0.990268 -0.121866 0.067217
vn 0.971828 0.222368 -0.078127
vn 0.888173 0.398135 -0.229427
vn 0.944011 0.210219 -0.254265
vn 0.950837 0.309615 -0.006879
vn 0.853374 0.507719 0.118215
vn 0.696355 -0.577477 0.426157
vn 0.712506 -0.206365 0.670632
vn 0.511711 -0.484359 0.709611
vn 0.316848 -0.827839 0.462914
vn 0.326553 -0.898982 0.291882
vn 0.311578 -0.911933 0.267015
vn 0.301163 -0.892624 0.335445
vn 0.226717 -0.926655 0.299849
vn 0.371846 -0.826609 0.422431
vn 0.491418 -0.354296 0.795602
vn 0.588894 -0.507673 0.628866
vn 0.423381 -0.246741 0.871704
vn 0.449910 -0.092219 0.888300
vn 0.668497 0.078499 0.739560
vn 0.844379 -0.301538 0.442830
vn 0.349458 0.361587 0.864369
vn 0.045595 0.197529 0.979236
vn -0.117226 0.350547 0.929180
vn 0.132060 0.441118 0.887679
vn 0.803885 0.089011 0.588086
vn 0.908322 -0.099798 0.406192
vn 0.958044 0.079554 0.275361
vn 0.238098 0.909020 0.342042
vn 0.243773 0.458973 0.854353
vn -0.113574 0.576822 0.808936
vn -0.339916 0.637281 0.691614
vn -0.331772 0.516274 0.789549
vn 0.286675 0.871844 0.397122
vn -0.035838 0.895630 0.443353
vn -0.395185 0.911857 0.111114
vn 0.471150 0.728586 0.497173
vn 0.572267 0.601765 0.557126
vn 0.253033 0.657133 0.710036
vn 0.225192 0.646428 0.728985
vn 0.030658 0.597944 0.800951
vn -0.166332 0.482123 0.860169
vn 0.676157 0.722012 0.146667
vn 0.795883 0.553619 0.245104
vn 0.469962 0.404364 0.784618
vn 0.233653 0.677946 0.696991
vn 0.265014 0.660481 0.702518
vn 0.740832 0.655414 -0.146969
vn 0.980666 0.089195 0.174179
vn 0.362192 -0.686315 0.630704
vn 0.378404 -0.691223 0.615647
vn 0.372429 -0.474380 0.797659
vn 0.218321 -0.492192 0.842664
vn 0.590483 -0.355753 0.724410
vn 0.759144 -0.300539 0.577388
vn 0.762340 -0.353261 0.542259
vn 0.961035 0.226413 -0.158584
vn 0.878701 0.477123 -0.015439
vn 0.833592 0.530787 0.152937
vn 0.783817 0.605818 0.136440
vn 0.751988 0.636177 0.172605
vn 0.587007 0.802409 0.107524
vn 0.417334 0.899560 0.128934
vn 0.411316 0.908329 0.075880
vn 0.830451 0.541153 0.132302
vn 0.478573 0.874819 -0.075226
vn 0.454633 0.890608 -0.011251
vn 0.995109 0.032300 -0.093352
vn 0.863164 0.292507 -0.411567
vn 0.908070 0.214315 -0.359830
vn 0.977522 0.135230 -0.161754
vn 0.921145 0.315302 -0.228201
vn 0.887279 0.458589 -0.049323
vn 0.821157 0.556849 -0.124984
vn 0.952784 0.183542 -0.241897
vn 0.922021 0.233326 -0.308928
vn 0.769742 0.341687 -0.539209
vn 0.906404 0.267587 -0.326846
vn 0.996990 0.074851 -0.020208
vn 0.936040 0.334300 -0.109877
vn 0.784739 0.614230 -0.083110
vn 0.715974 0.692561 -0.087982
vn 0.901385 0.318238 -0.293647
vn 0.637839 0.717575 -0.279729
vn 0.484944 0.824085 -0.292768
vn 0.501428 0.812257 -0.298006
vn 0.469399 0.819410 -0.328985
vn 0.928458 0.348275 0.129113
vn 0.800788 0.573322 0.173323
vn 0.745328 0.566534 0.351460
vn 0.618734 0.582308 0.527338
vn 0.356348 0.854273 0.378463
vn 0.410297 0.814654 0.409872
vn 0.397284 0.810951 0.429562
vn 0.434067 0.769377 0.468663
vn 0.124199 0.160856 0.979132
vn 0.255508 0.099842 0.961638
vn 0.146698 0.208084 0.967047
vn 0.190265 0.105646 0.976032
vn 0.742470 -0.193649 0.641278
vn 0.222475 0.007687 0.974908
vn 0.861079 -0.162705 0.481736
vn 0.983428 0.180518 0.016788
vn 0.956589 0.263650 -0.124204
vn 0.901731 0.373006 -0.218513
vn -0.042474 0.378213 0.924744
vn 0.927846 0.372962 -0.000703
vn 0.937369 0.293077 0.188268
vn 0.898261 0.439072 0.018523
vn -0.159041 -0.922608 -0.351426
vn -0.131056 -0.916297 -0.378450
vn -0.162204 -0.911480 -0.378013
vn -0.266486 -0.936044 -0.229797
vn -0.337225 -0.935994 -0.100972
vn -0.415075 -0.909787 0.000000
vn -0.404129 -0.914702 0.000000
vn 0.309018 -0.899741 -0.308178
vn 0.294419 -0.910013 -0.291879
vn 0.305610 -0.899957 -0.310934
vn 0.353012 -0.916009 -0.190549
vn 0.411177 -0.907358 -0.087376
vn 0.479338 -0.877631 0.000000
vn 0.484934 -0.874551 0.000000
vn 0.801167 -0.138122 -0.582284
vn 0.811651 -0.092762 -0.576730
vn 0.814043 -0.156153 -0.559419
vn 0.691532 -0.373418 -0.618338
vn 0.503763 -0.530290 -0.681921
vn 0.256024 -0.722826 -0.641853
vn 0.163493 -0.695818 -0.699362
vn 0.120727 -0.733218 -0.669191
vn 0.053624 -0.587438 -0.807491
vn -0.719918 0.692635 -0.044432
vn -0.686346 0.705233 0.177696
vn -0.801064 0.535677 0.267108
vn -0.600485 0.568645 0.562192
vn -0.465658 0.347933 0.813698
vn -0.246061 0.647598 0.721159
vn -0.210123 0.650476 0.729883
vn -0.197026 0.643950 0.739263
vn -0.215071 0.663684 0.716427
vn -0.543194 0.695510 0.470326
vn -0.280260 0.853227 0.439839
vn 0.028132 0.873434 0.486128
vn 0.017792 0.605933 0.795317
vn 0.384210 0.646641 0.658968
vn 0.214684 0.475338 0.853208
vn 0.454204 0.488056 0.745319
vn -0.327354 0.809153 0.487965
vn 0.118648 0.853639 0.507171
vn 0.124074 0.627238 0.768881
vn -0.035945 0.194535 0.980237
vn 0.236790 0.321930 0.916674
vn -0.083585 0.450746 0.888730
vn -0.350282 0.412926 0.840711
vn -0.451543 -0.196541 0.870334
vn -0.464665 -0.111523 0.878436
vn -0.683951 0.123070 0.719072
vn -0.212502 0.417105 0.883667
vn -0.444754 -0.553683 0.704009
vn -0.562441 -0.535770 0.629770
vn -0.883250 -0.280733 0.375577
vn -0.958375 -0.071812 0.276335
vn -0.962104 -0.116262 0.246654
vn -0.792296 0.512758 0.330675
vn -0.774012 0.580120 0.253705
vn -0.666634 0.559961 0.491978
vn -0.858834 0.328939 0.392686
vn -0.859826 0.073458 0.505275
vn -0.436792 0.193179 0.878575
vn -0.451479 0.067123 0.889754
vn -0.278120 0.215706 0.936013
vn -0.197125 0.367008 0.909091
vn -0.985454 -0.035788 0.166130
vn -0.362094 0.196780 0.911134
vn -0.780475 -0.170380 -0.601523
vn -0.766853 -0.156451 -0.622463
vn -0.779766 -0.103764 -0.617412
vn -0.559055 -0.450989 -0.695749
vn -0.596455 -0.467615 -0.652364
vn -0.236113 -0.708640 -0.664891
vn -0.149544 -0.680994 -0.716857
vn -0.109056 -0.715219 -0.690340
vn -0.052855 -0.586419 -0.808282
vn 0.962594 -0.064360 0.263194
vn 0.966939 0.003417 0.254986
vn 0.862570 -0.061209 0.502222
vn 0.863001 -0.131901 0.487680
vn 0.526558 0.046044 0.848892
vn 0.378380 0.242247 0.893389
vn 0.269341 0.223528 0.936745
vn 0.365360 0.218807 0.904785
vn 0.254504 0.424656 0.868847
vn -0.561257 0.401171 -0.723914
vn -0.414858 0.350003 -0.839875
vn -0.365161 0.270639 -0.890737
vn -0.542788 0.235026 -0.806315
vn -0.811965 0.227550 -0.537526
vn -0.841926 0.255702 -0.475160
vn -0.934678 0.200774 -0.293372
vn -0.771212 0.193700 -0.606393
vn -0.812560 0.376798 -0.444713
vn -0.889268 0.340035 -0.305908
vn -0.465118 0.164982 -0.869739
vn -0.312039 0.179659 -0.932928
vn -0.453789 0.390049 -0.801210
vn -0.635588 0.514143 -0.575920
vn -0.865193 0.380772 -0.326274
vn -0.237161 0.458592 -0.856416
vn -0.305867 0.569270 -0.763137
vn -0.194944 0.557109 -0.807234
vn 0.113956 -0.228006 -0.966968
vn -0.109369 -0.435163 -0.893684
vn 0.055837 -0.282139 -0.957747
vn 0.267500 -0.087563 -0.959571
vn 0.203378 -0.061304 -0.977179
vn 0.131589 -0.069424 -0.988870
vn 0.033932 -0.120476 -0.992136
vn 0.051063 -0.174975 -0.983248
vn 0.071403 -0.191391 -0.978913
vn 0.072983 -0.197669 -0.977548
vn 0.140690 0.084913 -0.986406
vn -0.043889 0.065244 -0.996904
vn 0.040784 0.042701 -0.998255
vn -0.259620 0.406277 -0.876092
vn -0.206931 0.343577 -0.916043
vn -0.374034 0.602323 -0.705199
vn -0.463750 0.614270 -0.638442
vn -0.407228 0.370689 -0.834719
vn 0.050033 -0.391430 -0.918846
vn 0.175624 -0.506574 -0.844120
vn 0.415496 -0.739897 -0.529070
vn -0.083561 -0.177640 -0.980542
vn 0.186523 -0.303071 -0.934536
vn 0.342810 -0.216802 -0.914045
vn 0.625811 -0.317546 -0.712409
vn 0.362142 -0.072327 -0.929313
vn 0.060477 0.206492 -0.976577
vn 0.277635 0.916048 0.289440
vn 0.348008 0.807547 0.476192
vn 0.192936 0.977280 0.087752
vn 0.362575 0.280967 -0.888593
vn 0.415258 0.360202 -0.835353
vn 0.561160 0.426298 -0.709486
vn 0.513501 0.282585 -0.810224
vn 0.510713 0.171271 -0.842519
vn 0.318287 0.179469 -0.930851
vn 0.418903 0.402426 -0.813986
vn 0.248089 0.455910 -0.854750
vn 0.312851 0.565090 -0.763412
vn 0.209261 0.556293 -0.804206
vn 0.798064 0.216102 -0.562489
vn 0.846651 0.206908 -0.490276
vn 0.798265 0.355994 -0.485841
vn 0.629826 0.502950 -0.591913
vn 0.854043 0.269038 -0.445230
vn 0.944013 0.201366 -0.261328
vn 0.898559 0.338277 -0.279572
vn 0.869264 0.370332 -0.327468
vn -0.091143 -0.265052 -0.959917
vn 0.052890 -0.389329 -0.919579
vn -0.132250 -0.215487 -0.967510
vn -0.169869 -0.098398 -0.980542
vn -0.202568 -0.121359 -0.971719
vn -0.094649 -0.160143 -0.982546
vn -0.045762 -0.108447 -0.993048
vn -0.083040 -0.227420 -0.970250
vn -0.093025 -0.226968 -0.969449
vn -0.071264 -0.196676 -0.977875
vn -0.227144 -0.345676 -0.910447
vn 0.308970 -0.545975 -0.778748
vn -0.002623 -0.317665 -0.948200
vn -0.429814 -0.319880 -0.844356
vn -0.323035 -0.422839 -0.846673
vn -0.132454 -0.439436 -0.888455
vn 0.005424 -0.292599 -0.956220
vn 0.037152 -0.242459 -0.969450
vn -0.172310 -0.522545 -0.835019
vn -0.378743 -0.735131 -0.562260
vn 0.124651 0.080843 -0.988902
vn 0.121132 0.113150 -0.986166
vn -0.005844 0.204235 -0.978904
vn 0.180469 0.175095 -0.967870
vn 0.363341 0.732614 -0.575552
vn 0.449152 0.704975 -0.548883
vn 0.319386 0.447181 -0.835477
vn 0.922543 -0.299450 0.243401
vn 0.876380 -0.157928 0.454991
vn 0.946277 -0.250486 0.204493
vn 0.743705 0.002879 0.668502
vn 0.467558 -0.116938 0.876194
vn 0.337656 0.200023 0.919771
vn 0.647796 -0.003686 0.761805
vn 0.337427 0.374118 0.863817
vn 0.679305 0.287897 0.675026
vn 0.907538 0.076828 0.412883
vn 0.982572 0.058709 0.176367
vn 0.979392 0.081334 0.184870
vn 0.961272 -0.022813 0.274656
vn 0.724132 -0.530360 0.440854
vn 0.918812 -0.380791 0.103840
vn 0.995707 0.030117 0.087522
vn 0.981316 -0.142605 -0.129160
vn 0.912962 -0.383630 -0.139026
vn 0.977124 -0.180798 0.111988
vn 0.951788 -0.034955 0.304758
vn 0.772241 -0.631161 0.072659
vn 0.777064 -0.224001 0.588214
vn 0.814478 -0.175679 0.552958
vn 0.852936 -0.075734 0.516493
vn 0.944902 -0.211575 0.249794
vn 0.925600 -0.263217 0.271996
vn 0.814000 0.106483 0.571022
vn 0.958438 0.017544 0.284759
vn 0.967967 -0.095127 0.232360
vn -0.540555 -0.654936 0.528071
vn -0.857266 0.108362 0.503341
vn -0.516596 -0.648943 0.558571
vn -0.355891 -0.772112 0.526483
vn -0.581562 -0.663177 0.471150
vn -0.797535 0.413573 0.439200
vn -0.816789 0.342899 0.463979
vn -0.784537 0.496556 0.371395
vn -0.791362 0.503980 0.346050
vn -0.826969 0.431108 0.360927
vn -0.785223 0.567024 0.248815
vn -0.795517 0.561605 0.227493
vn -0.725732 0.655621 0.208505
vn -0.715019 0.679933 0.162602
vn -0.735434 0.607764 0.299598
vn -0.719567 0.606784 0.337694
vn -0.604817 0.790065 -0.099968
vn -0.624970 0.775052 -0.093314
vn -0.342166 0.711199 -0.614099
vn -0.351171 0.713074 -0.606798
vn -0.111876 0.221824 -0.968647
vn -0.113641 0.200064 -0.973170
vn 0.057171 -0.350896 -0.934668
vn -0.033683 -0.505239 -0.862322
vn -0.086181 -0.438284 -0.894695
vn -0.179560 -0.420250 -0.889465
vn -0.120202 -0.426352 -0.896535
vn -0.105879 -0.452781 -0.885313
vn -0.134933 -0.510667 -0.849124
vn -0.051162 -0.378275 -0.924278
vn -0.008079 -0.457475 -0.889186
vn 0.032250 -0.561893 -0.826581
vn -0.023862 -0.816154 -0.577342
vn 0.859264 -0.229184 -0.457318
vn -0.828755 -0.446773 -0.336985
vn 0.691145 0.267823 -0.671260
vn 0.467631 0.245800 -0.849061
vn 0.780272 0.292253 -0.552959
vn 0.860639 0.306309 -0.406786
vn 0.861186 0.325354 -0.390517
vn 0.810895 0.326451 -0.485674
vn 0.896300 0.135063 -0.422380
vn 0.944217 0.212214 -0.251832
vn 0.945095 0.217897 -0.243550
vn 0.799190 0.241607 -0.550383
vn 0.802652 0.039845 -0.595115
vn 0.938215 -0.156224 -0.308782
vn 0.184387 -0.205048 0.961227
vn -0.214074 -0.087803 0.972863
vn 0.227330 -0.134750 0.964450
vn -0.362003 -0.031928 0.931630
vn -0.607644 0.011829 0.794122
vn -0.556930 -0.020151 0.830315
vn 0.060864 -0.074565 0.995357
vn -0.114949 0.097951 0.988531
vn -0.508203 0.049549 0.859811
vn -0.712704 0.077161 0.697208
vn 0.421580 0.095083 0.901792
vn 0.424808 -0.039725 0.904411
vn 0.698619 0.071190 0.711943
vn 0.690550 -0.001163 0.723284
vn 0.277871 -0.086013 0.956760
vn 0.625282 -0.010553 0.780328
vn -0.118316 -0.188110 0.974995
vn -0.287241 -0.165519 0.943449
vn -0.325183 0.045398 0.944561
vn -0.521254 0.092089 0.848418
vn -0.164973 -0.306800 0.937367
vn -0.545707 0.182723 0.817812
vn -0.669525 0.227198 0.707190
vn -0.639296 0.166682 0.750678
vn -0.772990 0.131888 0.620558
vn -0.650489 -0.070467 0.756239
vn 0.064624 0.048479 0.996731
vn -0.509795 -0.217265 0.832409
vn 0.062441 -0.231477 0.970834
vn 0.103547 -0.162846 0.981203
vn 0.720416 0.139095 0.679450
vn 0.696052 0.116468 0.708482
vn 0.811832 0.231190 0.536172
vn 0.864671 0.104747 0.491295
vn 0.089162 -0.294192 0.951578
vn 0.016178 0.167902 0.985671
vn 0.462809 -0.792187 0.397803
vn -0.158599 0.030352 0.986876
vn 0.342991 0.043273 0.938341
vn 0.677099 -0.218223 0.702791
vn 0.720185 0.190462 0.667127
vn 0.602731 0.468085 0.646229
vn 0.689970 0.259540 -0.675707
vn 0.589564 0.218847 -0.777509
vn 0.450970 0.346977 -0.822334
vn 0.789001 0.206413 -0.578680
vn 0.842197 0.322540 -0.432056
vn 0.949128 -0.249639 0.191930
vn 0.959088 -0.220812 0.177179
vn 0.962603 -0.236066 0.132922
vn 0.920777 -0.257978 0.292603
vn 0.901206 -0.283721 0.327614
vn 0.865137 -0.257512 0.430378
vn -0.897154 -0.285729 0.336857
vn -0.969356 -0.203705 0.137304
vn -0.871062 -0.277183 0.405489
vn -0.793550 -0.291112 0.534351
vn -0.799794 -0.259717 0.541181
vn -0.792962 -0.263228 0.549474
vn -0.853465 0.023912 0.520602
vn -0.361016 0.092646 0.927946
vn -0.837727 -0.041883 0.544481
vn -0.984599 0.172271 -0.029797
vn -0.902220 0.270872 0.335599
vn -0.088350 0.495388 0.864167
vn -0.873139 -0.023122 0.486923
vn -0.963382 -0.262985 0.052288
vn -0.890723 0.204038 0.406179
vn 0.186582 0.943132 0.275118
vn 0.929550 0.245428 -0.275140
vn 0.793777 0.058966 0.605344
vn -0.860148 -0.121488 -0.495364
vn -0.827644 -0.524497 -0.199771
vn -0.815188 -0.577200 0.048045
vn -0.854525 -0.500397 0.139245
vn -0.346578 -0.529783 0.774089
vn -0.337027 0.339771 0.878048
vn -0.619863 0.097470 -0.778633
vn -0.584814 -0.294327 -0.755886
vn 0.905488 -0.011651 -0.424212
vn 0.630600 -0.012248 -0.776011
vn 0.681003 0.122438 -0.721972
vn 0.668917 0.232796 -0.705944
vn 0.495696 0.447985 -0.744040
vn 0.942735 0.245275 -0.226034
vn 0.953031 -0.231007 -0.195875
vn 0.908136 0.254175 0.332694
vn 0.886536 -0.458588 0.061252
vn 0.878888 -0.476032 -0.030799
vn 0.942324 -0.333666 0.026331
vn 0.022309 0.700603 0.713202
vn -0.410212 0.875918 0.253957
vn -0.124282 0.958712 0.255783
vn 0.217422 0.396808 0.891780
vn 0.407639 -0.399880 0.820931
vn -0.862312 0.391005 0.321765
vn -0.967143 0.238228 -0.088777
vn -0.790394 0.245776 0.561134
vn -0.652780 -0.380682 0.654950
vn 0.185868 0.127356 0.974286
vn -0.869995 -0.015182 0.492826
vn -0.914395 -0.029880 -0.403720
vn -0.931225 -0.090214 -0.353101
vn -0.803320 0.032407 -0.594665
vn -0.371162 -0.023753 -0.928264
vn 0.011858 -0.140520 -0.990007
vn 0.271905 -0.217469 -0.937430
vn -0.620238 0.024973 -0.784016
vn -0.795347 -0.484689 -0.364005
vn 0.706554 0.219053 -0.672902
vn 0.703195 0.225101 -0.674423
vn 0.709877 0.212994 -0.671348
vn -0.783299 0.475514 -0.400412
vn -0.630837 0.340633 -0.697147
vn -0.734821 0.313421 -0.601502
vn -0.522362 0.255363 -0.813589
vn -0.392738 0.373029 -0.840599
vn 0.968980 -0.107259 -0.222652
vn 0.951407 0.097227 0.292183
vn 0.963484 0.041169 0.264584
vn 0.960022 -0.085465 -0.266557
vn 0.721597 -0.228250 -0.653606
vn 0.733769 -0.320010 -0.599314
vn -0.761618 -0.052117 -0.645927
vn -0.900173 -0.132369 -0.414930
vn -0.562898 0.032252 -0.825897
vn -0.808392 0.582636 0.083892
vn -0.714784 0.532150 0.453762
vn -0.765001 0.504860 0.399861
vn -0.755267 0.518117 -0.401406
vn -0.580167 0.346229 -0.737246
vn -0.558302 0.292760 -0.776267
vn -0.791640 0.595290 -0.137611
vn -0.548205 0.417537 -0.724661
vn -0.581496 0.407066 -0.704386
vn -0.813254 0.566826 -0.131633
vn -0.684542 0.544951 0.484181
vn -0.658885 0.562917 0.498994
vn -0.896248 0.317799 -0.309423
vn -0.895740 0.318034 -0.310652
vn -0.888169 0.305080 -0.343631
vn -0.768581 0.304614 -0.562578
vn -0.677134 0.287700 -0.677288
vn -0.410598 0.265925 -0.872177
vn -0.936416 0.161606 -0.311463
vn -0.988243 0.134620 -0.072486
vn -0.982535 0.055762 -0.177527
vn -0.653348 -0.082310 -0.752570
vn -0.924591 0.118288 -0.362130
vn -0.992563 0.121475 0.007882
vn -0.894844 0.128694 -0.427425
vn -0.994248 0.090628 0.057080
vn -0.561460 0.227049 -0.795745
vn -0.302339 -0.087721 -0.949156
vn 0.018962 -0.613092 -0.789784
vn 0.358436 -0.439597 -0.823577
vn -0.030841 -0.010268 -0.999472
vn -0.010759 0.058361 -0.998238
vn 0.579792 -0.046037 -0.813463
vn 0.654577 -0.152637 -0.740426
vn -0.200789 0.084410 -0.975991
vn 0.631503 -0.581325 -0.513094
vn 0.958105 -0.016541 -0.285940
vn 0.985802 0.037760 0.163612
vn 0.988433 0.019159 0.150440
vn 0.945426 0.007177 -0.325758
vn 0.741974 -0.049176 -0.668623
vn 0.782018 -0.110194 -0.613437
vn -0.659901 0.481527 0.576770
vn -0.798422 0.551081 0.242554
vn -0.652856 0.699598 0.290415
vn -0.803928 0.592093 0.055900
vn -0.779442 0.504083 -0.371983
vn -0.774914 0.477421 -0.414219
vn -0.682419 0.704465 -0.195019
vn -0.578480 0.702984 0.413732
vn -0.956169 0.013493 0.292506
vn -0.939939 0.079280 0.332009
vn -0.950892 -0.020147 -0.308867
vn -0.940742 -0.038263 -0.336959
vn -0.601912 -0.046426 -0.797212
vn -0.614165 -0.081900 -0.784917
vn -0.685048 0.230670 -0.691015
vn -0.738397 0.156703 -0.655907
vn -0.625156 0.302434 -0.719523
vn -0.724465 0.199208 -0.659899
vn -0.712475 0.221410 -0.665851
vn -0.735969 0.176872 -0.653503
vn -0.678047 0.137067 -0.722125
vn -0.664030 0.159743 -0.730442
vn -0.691535 0.114284 -0.713245
vn -0.981672 -0.087594 0.169254
vn -0.853910 -0.191172 0.484036
vn -0.881904 -0.088693 0.463011
vn -0.977627 0.015072 0.209806
vn -0.908305 -0.030008 -0.417230
vn -0.685738 -0.034116 -0.727048
vn -0.472558 0.037294 -0.880510
vn -0.425881 0.001717 -0.904777
vn 0.902502 0.185349 -0.388761
vn 0.963135 0.159085 -0.216940
vn 0.963580 0.151997 -0.220023
vn 0.760608 0.042356 -0.647829
vn 0.565553 0.186535 -0.803340
vn 0.334033 -0.171900 -0.926754
vn 0.294056 0.056856 -0.954096
vn -0.012770 -0.523347 -0.852024
vn -0.040421 -0.392218 -0.918984
vn -0.618461 -0.395225 -0.679193
vn 0.989140 0.123128 -0.080262
vn 0.656593 0.092541 -0.748547
vn 0.948880 0.080447 -0.305212
vn -0.086788 -0.007455 -0.996199
vn -0.296027 -0.051940 -0.953766
vn -0.627593 -0.107631 -0.771066
vn -0.573478 -0.057287 -0.817215
vn 0.993507 0.059909 0.096721
vn -0.791768 0.219371 -0.570071
vn -0.928256 0.148925 -0.340825
vn -0.912335 0.178026 -0.368716
vn -0.692265 0.209998 -0.690413
vn -0.556025 0.201452 -0.806383
vn -0.684075 0.133594 -0.717073
vn 0.941107 0.007157 0.338033
vn 0.882915 -0.092404 -0.460351
vn 0.724389 0.178826 -0.665793
vn 0.746735 0.142615 -0.649652
vn 0.700544 0.214668 -0.680556
vn 0.659099 0.269231 -0.702213
vn 0.705049 0.214590 -0.675912
vn 0.609334 0.322313 -0.724449
vn 0.692573 -0.085783 -0.716229
vn 0.767580 -0.045103 -0.639364
vn 0.608431 -0.125331 -0.783648
vn 0.766097 0.223132 0.602750
vn 0.639973 -0.331297 0.693308
vn 0.983605 0.072725 0.165025
vn 0.813869 0.574942 -0.084018
vn 0.969913 -0.109782 -0.217295
vn 0.892676 -0.279404 -0.353642
vn -0.973149 0.139426 0.183142
vn -0.970592 -0.183026 0.156374
vn -0.917893 -0.299225 0.260646
vn 0.606262 -0.750492 0.263073
vn 0.377420 -0.591318 0.712669
vn -0.677705 -0.677589 0.285637
vn -0.733996 -0.148223 0.662782
vn -0.309998 -0.173028 0.934859
vn 0.731894 -0.105121 0.673262
vn 0.327069 -0.167387 0.930058
vn 0.753248 -0.265068 -0.601960
vn 0.715254 0.135119 -0.685678
vn 0.970226 0.072736 -0.231021
vn 0.991004 -0.130876 0.027983
vn -0.008791 0.239524 0.970851
vn -0.735914 0.428138 0.524527
vn -0.275318 0.403192 0.872717
vn -0.699964 0.491148 0.518483
vn 0.229346 0.581718 0.780387
vn 0.839061 -0.533137 0.108354
vn 0.966120 -0.210316 0.149600
vn 0.451263 -0.891924 0.028873
vn 0.975254 0.138177 0.172586
vn -0.053469 0.645911 0.761538
vn -0.930484 0.042084 0.363908
vn -0.302198 -0.384737 0.872155
vn -0.743434 -0.593867 -0.307616
vn -0.719525 -0.509927 -0.471443
vn -0.741339 -0.512369 -0.433468
vn -0.680807 -0.517747 -0.518112
vn -0.656679 -0.564677 -0.499912
vn -0.637057 -0.623716 -0.452920
vn -0.921919 -0.181035 0.342478
vn -0.600780 0.309975 0.736871
vn -0.684491 -0.719769 0.115776
vn -0.916526 -0.212762 0.338692
vn -0.750845 -0.656920 -0.068475
vn -0.281868 -0.950644 -0.129720
vn -0.498444 -0.858980 -0.117076
vn -0.548087 -0.831555 0.090089
vn -0.308297 0.550877 0.775557
vn -0.651988 -0.128175 0.747317
vn -0.678292 -0.057867 0.732511
vn -0.585896 -0.406212 0.701226
vn -0.518075 -0.350491 0.780227
vn -0.490409 -0.305483 0.816198
vn 0.603369 0.352568 0.715291
vn 0.611747 0.581395 0.536419
vn 0.274706 0.588432 0.760450
vn 0.080007 0.633577 0.769532
vn -0.506434 -0.333074 0.795353
vn -0.472891 -0.414818 0.777367
vn -0.416583 -0.499599 0.759512
vn -0.396513 -0.510045 0.763303
vn -0.746881 -0.613978 -0.255342
vn -0.761172 -0.578364 -0.293449
vn -0.859097 -0.434067 -0.271178
vn -0.886287 -0.449056 -0.113329
vn -0.788218 -0.562506 0.249600
vn -0.726777 -0.531627 0.434935
vn -0.436261 0.151799 -0.886923
vn -0.436819 -0.000511 -0.899549
vn -0.798185 0.602411 -0.001550
vn 0.748228 -0.546663 -0.375917
vn 0.766165 -0.452998 -0.455834
vn 0.724523 -0.574153 -0.381332
vn 0.761419 -0.578964 -0.291619
vn 0.726976 -0.597952 -0.337580
vn 0.704475 -0.543235 -0.456739
vn 0.682046 -0.690724 -0.240238
vn 0.643213 -0.755559 -0.124126
vn 0.686934 -0.717048 -0.118163
vn -0.908316 -0.355875 0.219808
vn -0.976031 -0.211965 0.049334
vn -0.883130 -0.430399 0.186651
vn -0.934718 -0.278126 0.221244
vn 0.548581 -0.692004 -0.469244
vn 0.576758 -0.645234 -0.501022
vn 0.636626 -0.566648 -0.523085
vn 0.676498 -0.648826 -0.348388
vn 0.703388 -0.684848 -0.190340
vn 0.633116 -0.765184 -0.116864
vn 0.669138 -0.605614 -0.430682
vn -0.879394 -0.077984 -0.469664
vn -0.725879 0.003592 -0.687813
vn -0.365818 -0.052785 -0.929188
vn 0.447098 0.300235 -0.842593
vn 0.172354 0.263906 -0.949025
vn 0.712450 0.565472 -0.415520
vn 0.924499 0.355911 -0.136484
vn 0.769918 0.154581 -0.619138
vn 0.757775 0.105682 -0.643901
vn 0.792356 -0.123512 -0.597425
vn 0.763046 0.282067 0.581549
vn 0.918149 0.194643 0.345131
vn 0.932281 0.047853 0.358556
vn 0.921146 -0.103458 0.375214
vn 0.953307 -0.069351 0.293933
vn 0.652792 -0.045703 0.756157
vn 0.064076 0.296091 0.953008
vn 0.943868 0.091060 0.317525
vn 0.898157 0.098702 0.428452
vn 0.312212 -0.352476 0.882204
vn 0.654538 -0.035844 0.755179
vn 0.003443 -0.366052 0.930588
vn 0.009761 -0.351400 0.936175
vn -0.305533 -0.343823 0.887939
vn -0.739638 -0.219649 0.636152
vn -0.749921 -0.560482 -0.351395
vn -0.550940 -0.706134 -0.444791
vn -0.699907 -0.606040 -0.377948
vn -0.786379 -0.506108 -0.354208
vn -0.722157 -0.599304 -0.345432
vn -0.699611 -0.541036 -0.466715
vn -0.635417 -0.731988 -0.245843
vn -0.571834 -0.810753 -0.125242
vn -0.555147 -0.822035 -0.126772
vn 0.413290 0.407589 -0.814287
vn 0.437328 0.358707 -0.824666
vn 0.504564 0.309253 -0.806088
vn 0.252052 0.141591 -0.957299
vn 0.475434 0.487424 -0.732380
vn 0.751010 0.622429 0.220375
vn 0.559171 0.828947 0.013223
vn 0.659929 0.270437 0.700969
vn 0.189509 0.044881 0.980853
vn 0.694666 0.465454 0.548444
vn 0.664841 0.529134 0.527260
vn 0.271017 0.744738 -0.609848
vn 0.323907 0.945155 0.042015
vn 0.720866 0.623061 0.303559
vn 0.925278 -0.098890 0.366173
vn 0.668521 -0.306819 0.677452
vn -0.624988 -0.519523 0.582655
vn -0.606832 -0.345990 0.715574
vn -0.617360 -0.187519 0.764004
vn 0.984410 -0.047579 0.169331
vn 0.986426 0.055205 0.154651
vn 0.983168 0.063822 0.171195
vn 0.983454 0.064273 0.169373
vn 0.986648 -0.089890 0.135816
vn 0.978075 -0.167264 0.124063
vn -0.800622 -0.485465 0.351181
vn -0.769090 -0.587850 0.250863
vn -0.933261 0.084508 0.349116
vn -0.868840 -0.039145 0.493544
vn -0.834640 0.148328 0.530447
vn -0.990963 0.066250 0.116630
vn -0.992207 -0.071500 -0.102044
vn -0.995097 -0.097996 -0.013389
vn -0.998975 -0.039595 -0.021932
vn -0.995635 0.038191 -0.085156
vn -0.654756 0.708634 0.262931
vn -0.718885 0.564440 0.405724
vn -0.606103 0.546860 0.577567
vn -0.530880 0.845964 -0.050110
vn -0.718495 0.693410 0.054283
vn -0.732610 0.472730 -0.489703
vn -0.772406 0.397783 0.495134
vn -0.262628 0.964892 0.003314
vn -0.251758 0.749393 -0.612395
vn -0.487094 0.495058 -0.719484
vn -0.203938 0.115900 -0.972099
vn -0.353208 0.346694 -0.868935
vn -0.322801 0.398027 -0.858705
vn 0.871133 -0.064912 0.486738
vn 0.999548 0.027542 -0.012022
vn 0.869621 -0.057011 0.490416
vn 0.357793 0.243399 -0.901522
vn 0.321089 0.458711 -0.828545
vn 0.451249 0.246573 -0.857658
vn 0.330590 0.111837 -0.937125
vn -0.022324 0.074766 -0.996951
vn -0.110787 0.102148 -0.988581
vn -0.245648 0.239556 -0.939292
vn -0.264371 0.191374 -0.945243
vn -0.332881 0.280933 -0.900148
vn -0.265416 0.475592 -0.838669
vn 0.481743 0.143972 -0.864405
vn -0.433365 0.151262 -0.888434
vn 0.263184 0.448422 -0.854197
vn 0.020217 0.627115 -0.778664
vn 0.206978 0.584034 -0.784898
vn 0.169638 0.684595 -0.708909
vn 0.010991 0.670190 -0.742108
vn -0.332119 0.807687 -0.487175
vn -0.576752 0.755539 -0.310673
vn -0.331086 0.824891 0.458189
vn -0.539594 0.818590 0.196847
vn -0.165341 0.777770 0.606412
vn 0.080494 0.671159 0.736930
vn 0.256365 0.498012 0.828408
vn -0.626764 0.487837 -0.607603
vn -0.835196 0.534654 -0.128816
vn 0.668402 0.535995 0.515701
vn 0.706794 0.485891 0.514152
vn 0.837195 0.439655 0.325281
vn 0.555072 0.807310 0.200363
vn 0.659502 0.743335 0.111851
vn 0.035009 0.984388 -0.172494
vn 0.615367 0.146363 -0.774533
vn 0.751403 0.056374 -0.657431
vn 0.454520 0.230452 -0.860409
vn 0.672557 0.570278 0.471646
vn 0.720840 0.475534 0.504239
vn 0.615954 0.657968 0.433218
vn 0.947162 -0.254877 0.194735
vn 0.785480 -0.434592 0.440625
vn 0.968637 -0.248463 0.002842
vn 0.749526 -0.175079 -0.638403
vn 0.765725 -0.144978 -0.626615
vn 0.653399 -0.076345 -0.753154
vn 0.395110 -0.233264 -0.888525
vn -0.138478 -0.470180 -0.871639
vn 0.687261 0.005447 -0.726390
vn 0.650886 0.004073 -0.759165
vn 0.627598 -0.021674 -0.778236
vn 0.038975 -0.080793 -0.995969
vn 0.734084 -0.362136 -0.574437
vn 0.340995 -0.420243 -0.840903
vn -0.835573 -0.194920 -0.513637
vn -0.769642 0.031638 -0.637691
vn -0.787522 0.124158 -0.603651
vn -0.421504 0.063511 -0.904600
vn -0.509110 0.059657 -0.858631
vn 0.783521 -0.554768 -0.279869
vn 0.872631 -0.455966 -0.174959
vn -0.003016 -0.601529 -0.798846
vn -0.073282 -0.786095 -0.613746
vn -0.089638 -0.632502 -0.769354
vn -0.291261 -0.197475 -0.936040
vn -0.626544 -0.077566 -0.775516
vn -0.858098 -0.153441 -0.490025
vn -0.806340 -0.050586 -0.589285
vn -0.977857 -0.164070 -0.129914
vn -0.637966 0.027667 -0.769567
vn -0.669085 0.074643 -0.739428
vn -0.588069 0.108743 -0.801467
vn -0.606985 -0.020308 -0.794454
vn -0.640704 -0.078036 -0.763812
vn -0.781656 -0.258945 -0.567416
vn -0.702414 -0.324320 -0.633586
vn -0.871569 -0.353122 -0.340106
vn -0.955094 -0.232064 -0.184232
vn -0.861413 -0.153658 0.484103
vn -0.699266 0.351641 0.622395
vn -0.463671 0.036752 0.885245
vn -0.333567 -0.177905 0.925788
vn -0.458174 -0.274337 0.845468
vn -0.822932 -0.391479 0.411736
vn -0.960680 -0.269441 -0.067044
vn 0.425956 0.015404 0.904613
vn 0.509785 -0.013358 0.860198
vn 0.359488 0.236981 0.902557
vn 0.871587 0.000351 0.490241
vn 0.880304 0.076884 0.468139
vn 0.924640 0.108795 0.364973
vn 0.998605 -0.009559 -0.051920
vn 0.806798 -0.445871 0.387653
vn 0.961806 0.012084 0.273464
vn 0.996955 -0.001564 0.077960
vn 0.867034 0.099560 -0.488201
vn 0.615401 0.084485 -0.783674
vn 0.668377 0.168806 -0.724415
vn 0.775057 0.028079 -0.631267
vn 0.828044 0.025474 -0.560084
vn 0.957864 0.130668 -0.255778
vn 0.937284 0.297869 -0.181032
vn 0.854528 0.215012 -0.472813
vn 0.547638 0.029951 -0.836179
vn 0.599547 0.102842 -0.793704
vn 0.970398 0.219806 0.100062
vn 0.848602 -0.113777 -0.516653
vn 0.357926 -0.332592 -0.872509
vn 0.748308 0.137553 0.648933
vn 0.283607 0.340014 0.896637
vn -0.022698 0.424943 0.904935
vn -0.472654 0.323640 0.819668
vn -0.657930 0.072334 0.749597
vn -0.777079 -0.170698 0.605814
vn -0.772834 -0.262079 0.577964
vn 0.856188 -0.026840 -0.515967
vn 0.847243 0.105192 -0.520686
vn 0.999542 0.014855 -0.026351
vn 0.988834 0.147666 -0.020034
vn 0.984681 0.170942 -0.034391
vn 0.622231 0.709654 0.330483
vn 0.903032 -0.168900 -0.394976
vn 0.909566 -0.371749 -0.185720
vn 0.453552 0.536563 0.711611
vn 0.245035 0.823069 0.512362
vn 0.022313 0.871972 0.489047
vn 0.028852 0.879498 0.475027
vn 0.054414 0.697920 0.714106
vn 0.034058 0.678912 0.733429
vn 0.948665 0.259323 -0.181070
vn 0.949682 0.049705 -0.309248
vn 0.893366 -0.162913 -0.418756
vn 0.346562 -0.187977 -0.918999
vn 0.343174 -0.194182 -0.918980
vn -0.789111 -0.375536 -0.486083
vn -0.803115 -0.355403 -0.478221
vn -0.833926 -0.466004 -0.295647
vn -0.941733 -0.331820 0.055090
vn -0.965443 0.010066 0.260421
vn -0.920422 0.222563 0.321385
vn -0.954458 0.250063 0.162723
vn -0.961116 0.183499 0.206359
vn 0.859737 -0.146162 0.489376
vn 0.819968 0.356051 0.448196
vn 0.581688 0.525788 0.620633
vn 0.952276 0.038285 0.302829
vn 0.987579 0.144896 0.060769
vn 0.936641 -0.319755 0.143039
vn 0.962729 -0.140827 0.230913
vn 0.977326 -0.163051 0.135083
vn 0.984356 -0.120582 -0.128468
vn 0.793093 -0.565198 -0.227055
vn 0.682514 -0.203890 0.701857
vn 0.657589 -0.510974 0.553608
vn 0.498089 -0.602839 0.623292
vn 0.746818 0.058929 0.662412
vn -0.017531 0.230340 0.972952
vn 0.336482 0.019577 0.941486
vn -0.370109 0.192143 0.908900
vn -0.968900 0.150848 0.196157
vn -0.841081 0.115643 0.528402
vn -0.939323 0.173863 -0.295708
vn -0.987449 0.022871 0.156274
vn -0.943477 0.118509 -0.309527
vn -0.725022 0.089199 -0.682925
vn -0.983930 0.169579 0.055891
vn -0.800494 0.025328 -0.598805
vn -0.841990 0.015444 -0.539273
vn -0.789050 0.075235 -0.609705
vn -0.836046 0.147102 0.528571
vn -0.519578 0.121393 0.845755
vn -0.593620 -0.003835 0.804737
vn -0.284473 -0.007874 0.958652
vn 0.261137 -0.298774 0.917901
vn -0.846190 0.088424 0.525494
vn -0.485562 0.028689 0.873732
vn 0.264789 -0.566833 0.780120
vn 0.645292 -0.472389 0.600372
vn 0.806953 -0.309377 0.503104
vn 0.682929 -0.222741 0.695697
vn 0.918353 -0.316078 0.238165
vn 0.946773 -0.319717 -0.037443
vn 0.933292 -0.357817 0.030534
vn -0.934763 0.067386 -0.348822
vn -0.834014 0.190870 -0.517677
vn -0.977720 0.039577 0.206150
vn -0.867805 -0.054307 0.493928
vn 0.897375 -0.086471 -0.432714
vn 0.939140 -0.196542 -0.281756
vn 0.920380 -0.019872 -0.390521
vn -0.971752 0.235901 -0.006987
vn -0.954751 0.296876 0.017719
vn -0.938588 0.275305 0.207990
vn -0.994654 0.040214 -0.095107
vn -0.805890 0.520081 0.282946
vn -0.908685 -0.109300 -0.402921
vn -0.664760 -0.140472 -0.733732
vn -0.456092 0.004543 -0.889921
vn -0.468452 0.022643 -0.883199
vn -0.961709 0.273113 0.022910
vn -0.961492 0.268135 0.060305
vn -0.957392 -0.105934 0.268662
vn -0.977989 0.208366 -0.010968
vn -0.970421 -0.164282 0.176905
vn -0.372349 -0.541629 0.753654
vn 0.328201 -0.351820 0.876645
vn 0.569135 -0.459633 0.681779
vn 0.770714 -0.538284 0.340954
vn 0.579430 -0.507175 0.637993
vn -0.975678 -0.056620 -0.211771
vn -0.888265 -0.265406 0.374893
vn -0.531729 0.464237 0.708342
vn -0.250786 0.878996 0.405552
vn -0.080818 0.870941 0.484697
vn -0.124497 0.835522 0.535167
vn -0.075495 0.685117 0.724510
vn 0.018730 0.757787 0.652233
vn 0.990222 -0.087178 -0.108902
vn 0.991414 -0.026638 -0.128017
vn 0.976131 -0.205633 -0.069883
vn 0.852917 0.016596 -0.521782
vn 0.943920 -0.053037 -0.325887
vn 0.868341 0.057914 -0.492576
vn 0.999841 0.017611 -0.002745
vn 0.957081 0.185437 0.222730
vn 0.904278 0.332151 0.268248
vn 0.932390 0.323999 0.160233
vn 0.944621 0.246917 0.216156
vn 0.467489 -0.336266 0.817545
vn 0.507019 -0.298572 0.808571
vn 0.392255 -0.353589 0.849182
vn 0.543132 -0.308453 0.780938
vn 0.527183 -0.271134 0.805335
vn 0.499068 -0.332324 0.800308
vn 0.510918 -0.393320 0.764370
vn 0.518292 -0.441686 0.732316
vn 0.579902 -0.403036 0.708008
vn -0.924181 -0.149610 0.351434
vn -0.914555 -0.096824 0.392702
vn -0.929664 0.140776 0.340450
vn -0.914111 0.163049 0.371237
vn -0.926003 0.361701 -0.108124
vn -0.739091 0.549350 -0.389820
vn -0.481667 0.293826 -0.825629
vn -0.787495 0.170627 -0.592232
vn -0.758870 0.116259 -0.640781
vn -0.803997 -0.101090 -0.585977
vn -0.481191 0.636138 0.603145
vn -0.197421 0.240128 -0.950454
vn 0.099900 0.035238 -0.994373
vn 0.890611 -0.427318 0.155597
vn 0.888378 -0.428557 0.164692
vn 0.897813 -0.392849 0.199001
vn 0.901689 -0.374550 0.216031
vn -0.981935 0.157461 0.104929
vn -0.977542 0.161559 0.135317
vn -0.985385 0.153212 0.074441
vn -0.878637 -0.458060 0.134828
vn -0.085453 0.650824 0.754404
vn 0.621408 0.209254 0.755026
vn 0.906864 -0.160151 0.389807
vn 0.750415 0.231632 0.619051
vn 0.012428 0.427512 0.903924
vn 0.668788 -0.731337 0.133677
vn 0.819102 -0.351819 0.453094
vn 0.736647 -0.673914 -0.056482
vn 0.753087 -0.635301 -0.171034
vn 0.723209 -0.656793 -0.213522
vn 0.820820 -0.505433 -0.266068
vn 0.886758 -0.449819 -0.106408
vn 0.759140 -0.584371 0.286736
vn 0.274842 -0.953864 -0.120856
vn 0.413838 -0.858649 -0.302425
vn 0.713829 -0.581018 0.390980
vn 0.650057 -0.606391 0.457947
vn -0.905718 -0.058429 -0.419834
vn -0.924487 0.010530 -0.381068
vn -0.921204 -0.185587 -0.341966
vn -0.716452 0.551084 0.427789
vn -0.634890 0.591727 0.496763
vn -0.788656 0.503242 0.353227
vn -0.991336 -0.011707 -0.130830
vn 0.655910 -0.730089 0.191708
vn -0.682858 -0.027788 -0.730022
vn -0.673227 -0.550997 -0.493121
vn -0.326461 0.396274 -0.858132
vn -0.643353 -0.647511 -0.408443
vn -0.574134 0.149993 -0.804905
vn -0.113017 -0.184303 -0.976350
vn -0.348067 0.277444 -0.895474
vn 0.247855 -0.374484 -0.893493
vn -0.638127 0.242814 -0.730640
vn -0.760485 -0.426922 -0.489285
vn -0.750219 -0.364545 -0.551615
vn 0.672344 0.492297 0.552808
vn 0.649304 0.483629 0.586947
vn 0.412790 0.393423 0.821476
vn -0.022960 0.100241 0.994698
vn 0.027299 -0.009280 0.999584
vn 0.759228 0.470642 0.449520
vn -0.757856 -0.505061 0.412997
vn -0.803799 -0.525671 0.278526
vn -0.671421 -0.528461 0.519541
vn -0.668960 -0.690806 0.274371
vn -0.851223 -0.458040 0.256162
vn -0.333584 -0.334231 -0.881483
vn 0.077036 -0.066929 -0.994779
vn 0.448000 0.195181 -0.872468
vn 0.534757 0.341814 -0.772786
vn 0.018540 -0.144944 -0.989266
vn -0.006127 -0.122515 -0.992448
vn 0.355642 0.167707 -0.919453
vn 0.352315 0.232719 -0.906485
vn 0.733235 0.624401 0.269240
vn 0.830949 0.496753 0.250519
vn 0.759961 0.541620 0.359314
vn 0.847732 0.488548 -0.206569
vn 0.752084 0.580762 -0.311586
vn 0.658379 0.268136 -0.703307
vn 0.649674 0.399675 -0.646671
vn 0.785507 0.401059 -0.471307
vn 0.650467 0.573429 -0.498069
vn 0.874182 0.435309 0.215202
vn 0.747645 0.604279 0.275451
vn 0.309655 0.249995 -0.917396
vn 0.319799 0.245531 -0.915119
vn 0.441376 0.355385 -0.823947
vn 0.583245 0.445385 -0.679306
vn 0.799687 0.600407 -0.003558
vn 0.815256 0.579085 0.004307
vn 0.609207 0.444421 0.656778
vn 0.550949 0.402040 0.731313
vn 0.391834 0.248490 0.885843
vn 0.893792 0.402292 0.198235
vn 0.860401 0.279066 0.426419
vn 0.750524 0.338910 0.567322
vn 0.874976 0.402521 -0.269059
vn 0.704427 0.271863 -0.655648
vn 0.698203 0.226151 -0.679241
vn 0.133593 0.088657 0.987063
vn -0.033333 -0.026162 0.999102
vn 0.238572 0.198100 0.950705
vn -0.111736 -0.277774 0.954126
vn -0.233218 -0.494434 0.837343
vn 0.332996 -0.125616 0.934524
vn -0.276102 -0.514360 0.811912
vn -0.782283 -0.598060 0.174236
vn -0.373023 0.301830 0.877355
vn -0.743618 0.507868 0.434860
vn -0.827131 0.519358 0.214759
vn -0.228274 0.234608 0.944907
vn -0.440375 0.295864 0.847664
vn 0.501138 -0.351869 0.790601
vn 0.644240 -0.380274 0.663587
vn 0.678757 -0.418281 -0.603597
vn 0.201728 -0.481992 -0.852637
vn 0.466918 -0.326810 0.821695
vn 0.716426 -0.650302 -0.252669
vn -0.072275 0.098803 -0.992479
vn -0.259228 0.111362 -0.959374
vn -0.119446 -0.451242 -0.884372
vn 0.186862 -0.221862 0.957006
vn 0.663473 -0.744104 0.078186
vn -0.334631 0.056477 0.940655
vn -0.480878 0.401438 -0.779490
vn -0.345972 0.245156 -0.905650
vn -0.324017 0.255706 -0.910839
vn -0.573435 0.545434 -0.611289
vn -0.745340 0.666682 0.001782
vn -0.743788 0.666368 -0.052272
vn -0.587577 0.455796 0.668583
vn -0.556933 0.478818 0.678645
vn -0.403228 0.244357 0.881871
vn -0.389167 0.222907 0.893790
vn -0.391418 0.202585 0.897637
vn -0.410373 0.200515 0.889600
vn -0.802779 0.127760 0.582429
vn -0.899929 -0.183388 0.395598
vn -0.938504 -0.154251 0.308897
vn -0.898213 0.092064 0.429811
vn -0.957589 0.282946 -0.054459
vn -0.553770 0.183989 0.812088
vn -0.145878 -0.029097 0.988875
vn -0.662016 0.014430 0.749350
vn -0.370017 0.590631 0.717107
vn -0.060767 0.599608 0.797984
vn 0.593627 -0.024806 0.804358
vn 0.008335 0.152724 0.988234
vn 0.335423 -0.327483 0.883316
vn 0.704893 -0.705948 0.069023
vn -0.662105 0.507589 0.551335
vn 0.157451 0.509398 0.846004
vn 0.494944 -0.859970 -0.124427
vn 0.524762 -0.843419 0.115193
vn 0.751058 -0.602623 0.269735
vn -0.971645 -0.166245 -0.168135
vn -0.939177 -0.317370 -0.131238
vn -0.936006 -0.336951 -0.101770
vn -0.976828 -0.076386 -0.199928
vn 0.673881 -0.241815 -0.698147
vn 0.710596 -0.127788 -0.691898
vn 0.872353 0.218235 -0.437464
vn 0.578414 -0.446784 -0.682511
vn -0.827724 -0.024314 0.560609
vn -0.850130 -0.107269 0.515532
vn -0.881851 0.014611 0.471302
vn -0.714018 0.037426 0.699127
vn -0.826556 -0.011427 0.562739
vn -0.697584 -0.023113 0.716130
vn -0.800014 -0.092008 0.592885
vn -0.508841 0.486790 0.710012
vn -0.998520 0.045832 0.029272
vn -0.823586 -0.347570 -0.448219
vn -0.583770 0.134181 0.800754
vn -0.291910 0.265955 0.918725
vn -0.467119 0.211486 0.858530
vn -0.579263 0.071446 0.812003
vn -0.524726 -0.111050 0.843997
vn -0.016059 0.398843 0.916878
vn -0.044554 0.334586 0.941311
vn -0.224299 0.393828 0.891398
vn 0.253556 0.329145 0.909600
vn 0.451697 0.277322 0.847975
vn 0.218983 0.411781 0.884581
vn 0.506534 0.370978 0.778331
vn -0.130340 0.091057 0.987279
vn -0.642295 0.340826 0.686509
vn 0.392094 0.214665 0.894529
vn 0.494677 0.203736 0.844859
vn 0.796960 0.147689 0.585698
vn 0.858387 0.079854 0.506749
vn 0.644402 0.132005 0.753207
vn 0.823961 0.062490 0.563190
vn 0.971110 0.006160 0.238551
vn 0.529057 0.165367 0.832317
vn 0.648361 0.007512 0.761296
vn 0.866112 -0.080407 0.493341
vn 0.939577 -0.055946 0.337736
vn 0.973421 0.030133 0.227034
vn 0.896163 -0.023783 0.443088
vn -0.789164 0.315827 0.526757
vn -0.877891 0.367356 0.307176
vn 0.663643 0.468915 0.582835
vn 0.776984 0.575769 0.254530
vn -0.604844 -0.453184 -0.654819
vn 0.824387 0.535616 -0.183032
vn 0.705077 0.337419 -0.623711
vn 0.717280 0.403101 -0.568348
vn 0.758125 0.560196 0.333807
vn 0.580220 0.463429 0.669759
vn 0.620216 0.450270 0.642331
vn 0.903977 0.403785 0.140650
vn 0.919038 0.035495 -0.392567
vn 0.924500 -0.035434 -0.379531
vn 0.824217 -0.336717 -0.455289
vn -0.910354 -0.144655 -0.387725
vn -0.859146 -0.289929 -0.421675
vn -0.859046 -0.287742 -0.423373
vn -0.921861 0.043328 -0.385092
vn 0.950385 -0.183637 -0.251089
vn 0.965440 -0.091827 -0.243912
vn 0.907089 -0.342704 -0.244426
vn 0.897425 -0.357315 -0.258756
vn 0.302951 0.326155 0.895457
vn 0.005026 0.341222 0.939969
vn 0.310920 0.327418 0.892259
vn 0.016232 0.340242 0.940198
vn -0.301372 0.322253 0.897401
vn -0.314746 0.324710 0.891907
vn -0.830866 0.130580 -0.540934
vn -0.672410 -0.200792 -0.712423
vn -0.963089 0.245157 -0.111165
vn -0.866756 0.342585 0.362451
vn -0.736664 0.238446 0.632826
vn -0.853595 0.168655 0.492881
vn 0.426629 -0.318378 -0.846536
vn 0.265156 -0.192188 -0.944858
vn -0.278116 0.255138 -0.926043
vn 0.133408 -0.230441 -0.963898
vn -0.047344 -0.480537 -0.875695
vn -0.465569 -0.428334 -0.774452
vn -0.795605 -0.148703 -0.587282
vn -0.734690 0.676632 0.048992
vn -0.508133 0.241242 0.826803
vn -0.216952 -0.184890 0.958513
vn -0.045868 -0.150158 0.987598
vn 0.339436 -0.485037 0.805930
vn 0.161582 -0.762308 0.626720
vn 0.546544 -0.780071 0.304597
vn 0.419597 -0.850462 0.317258
vn 0.036120 -0.005413 0.999333
vn 0.601360 -0.463434 0.650841
vn 0.778312 -0.576184 0.249484
vn -0.903895 -0.425878 0.040020
vn -0.884839 -0.465871 -0.004928
vn -0.871613 -0.452533 0.188427
vn -0.962542 -0.252719 -0.098214
vn 0.965883 0.015776 0.258498
vn 0.706916 0.584780 0.397874
vn -0.302228 0.731067 0.611718
vn 0.793752 0.455843 0.402698
vn 0.867698 0.273722 0.414941
vn 0.902769 0.196334 0.382701
vn 0.882256 -0.142247 0.448765
vn -0.976534 0.026173 0.213766
vn -0.902958 0.181452 0.389541
vn 0.715928 0.369673 -0.592274
vn 0.779416 0.328189 -0.533669
vn 0.840964 0.498087 -0.211398
vn 0.773161 0.538824 0.334501
vn 0.568450 0.417361 0.708995
vn 0.552515 0.380168 0.741755
vn 0.053300 0.678240 0.732905
vn 0.169536 0.785563 0.595103
vn 0.370826 0.723678 0.582047
vn 0.207734 0.760809 0.614830
vn 0.039684 0.494199 0.868443
vn 0.093867 0.169701 0.981015
vn 0.134759 0.306424 0.942308
vn 0.058657 0.487150 0.871346
vn 0.162793 0.711776 0.683282
vn 0.254877 0.656152 0.710283
vn 0.505506 0.780190 0.368467
vn 0.718913 0.610861 0.331682
vn 0.512272 0.698488 -0.499693
vn 0.351696 0.931308 0.094740
vn 0.373855 0.819191 0.434925
vn -0.019087 0.952659 -0.303441
vn 0.048946 0.637819 -0.768630
vn -0.380292 0.924824 -0.008883
vn -0.305514 0.819248 0.485278
vn -0.077431 0.739470 0.668721
vn 0.174510 0.150995 -0.973009
vn -0.160561 0.029151 -0.986595
vn -0.304972 0.616278 -0.726081
vn -0.422179 0.496879 -0.758206
vn -0.445408 0.894704 -0.033415
vn -0.181764 0.832171 0.523882
vn 0.010799 0.694101 0.719796
vn 0.272775 -0.142567 -0.951456
vn -0.016663 -0.237160 -0.971328
vn -0.238885 -0.343818 -0.908143
vn -0.243087 -0.158709 -0.956933
vn 0.399786 -0.066266 -0.914210
vn 0.182461 0.048182 -0.982032
vn -0.195196 -0.035520 -0.980121
vn -0.322512 -0.094550 -0.941831
vn 0.243286 0.208330 -0.947318
vn -0.110308 0.190563 -0.975458
vn -0.315822 0.715169 0.623530
vn -0.143557 0.523849 0.839627
vn -0.041025 0.408146 0.911994
vn -0.112687 0.342129 0.932872
vn -0.118830 0.538621 0.834127
vn -0.153053 0.632775 0.759059
vn -0.221411 0.596799 0.771238
vn -0.300847 0.487536 0.819634
vn 0.497129 -0.867625 -0.009494
vn 0.572798 -0.775628 0.265148
vn -0.136811 -0.970673 0.197680
vn -0.405846 -0.807133 0.428749
vn -0.778274 -0.554019 0.295554
vn -0.882784 -0.293624 0.366711
vn -0.909995 -0.207613 0.358895
vn -0.924513 -0.255891 0.282482
vn -0.747322 -0.023688 -0.664040
vn -0.761408 -0.245629 -0.599937
vn -0.501712 -0.701606 -0.505999
vn -0.580242 -0.293348 -0.759780
vn -0.790330 -0.288690 -0.540404
vn -0.033421 -0.375584 -0.926186
vn 0.052357 0.086180 -0.994903
vn 0.183279 0.031747 -0.982548
vn 0.132154 -0.255340 -0.957777
vn 0.072279 -0.764045 -0.641101
vn 0.927810 -0.341169 0.150908
vn 0.888608 -0.191694 0.416688
vn 0.947799 -0.068712 0.311376
vn 0.941918 -0.324926 0.084931
vn 0.939897 -0.286474 0.185810
vn 0.972868 -0.215648 0.083812
vn 0.963753 -0.265017 0.030745
vn 0.711392 -0.543991 -0.444966
vn 0.371776 -0.319624 -0.871564
vn -0.100768 0.063657 -0.992871
# 2610 normals

g Regroup01
s 1
f 1/1/1 2/2/1 3/3/1
f 4/3/2 5/4/3 6/1/3
f 7/5/4 8/6/5 9/7/5
f 10/8/6 11/9/6 12/10/6
f 13/11/7 4/12/2 14/13/8
f 4/3/2 15/2/9 14/14/8
f 16/15/10 17/16/11 18/17/12
f 19/18/13 16/15/10 18/17/12
f 19/18/13 20/19/14 16/15/10
f 19/18/13 21/20/15 20/19/14
f 21/20/15 22/21/16 20/19/14
f 21/20/15 23/22/17 22/21/16
f 21/20/15 24/23/18 23/22/17
f 24/23/18 25/24/19 23/22/17
f 19/18/13 18/17/12 26/25/20
f 27/26/21 19/18/13 26/25/20
f 27/26/21 21/20/15 19/18/13
f 27/26/21 24/23/18 21/20/15
f 28/27/22 24/23/18 27/26/21
f 28/27/22 29/28/23 24/23/18
f 24/23/18 29/28/23 25/24/19
f 29/28/23 30/29/24 25/24/19
f 29/28/23 31/30/25 30/29/24
f 29/28/23 28/27/22 31/30/25
f 32/31/26 31/30/25 28/27/22
f 32/31/26 28/27/22 33/32/27
f 27/26/21 26/25/20 34/33/28
f 33/32/27 27/26/21 34/33/28
f 33/32/27 28/27/22 27/26/21
f 15/2/9 35/1/29 36/34/30
f 15/2/9 36/34/30 37/35/31
f 15/2/9 37/35/31 38/36/32
f 38/36/32 39/14/33 15/2/9
f 38/36/32 40/37/34 39/14/33
f 39/13/33 40/38/34 41/11/35
f 40/38/34 42/16/36 41/11/35
f 40/38/34 43/17/37 42/16/36
f 40/37/34 38/36/32 43/39/37
f 44/40/38 45/41/39 46/42/40
f 47/43/41 44/40/38 46/42/40
f 47/43/41 48/44/42 44/40/38
f 48/44/42 47/43/41 49/45/43
f 48/44/42 49/45/43 50/46/44
f 51/47/45 50/46/44 49/45/43
f 46/42/40 49/45/43 47/43/41
f 46/42/40 52/48/46 49/45/43
f 52/48/46 53/49/47 49/45/43
f 51/47/45 49/45/43 53/49/47
f 51/47/45 53/49/47 54/50/48
f 51/47/45 54/50/48 55/51/49
f 55/51/49 54/50/48 56/52/50
f 52/48/46 54/50/48 53/49/47
f 57/53/51 58/54/52 59/55/53
f 60/56/54 57/53/51 59/55/53
f 61/57/55 60/56/54 59/55/53
f 62/58/56 60/56/54 61/57/55
f 62/58/56 63/53/57 60/56/54
f 62/58/56 64/59/58 63/53/57
f 64/59/58 65/60/59 63/53/57
f 66/61/60 63/53/57 65/60/59
f 66/61/60 67/54/61 63/53/57
f 68/62/62 61/57/55 59/55/53
f 69/58/63 61/57/55 68/62/62
f 69/58/63 68/62/62 70/63/64
f 70/63/64 71/64/65 69/58/63
f 69/58/63 71/64/65 72/65/66
f 72/65/66 71/64/65 73/66/67
f 72/65/66 73/66/67 74/67/68
f 75/68/69 68/62/62 59/55/53
f 76/69/70 68/62/62 75/68/69
f 76/69/70 70/63/64 68/62/62
f 70/63/64 76/69/70 77/70/71
f 70/63/64 77/70/71 71/64/65
f 77/70/71 73/66/67 71/64/65
f 78/71/72 75/68/69 59/55/53
f 76/69/70 75/68/69 78/71/72
f 76/69/70 78/71/72 79/72/73
f 80/73/74 76/69/70 79/72/73
f 80/73/74 77/70/71 76/69/70
f 77/70/71 80/73/74 81/74/75
f 81/74/75 82/75/76 77/70/71
f 77/70/71 82/75/76 73/66/67
f 83/54/77 78/71/72 59/55/53
f 83/54/77 79/72/73 78/71/72
f 83/54/77 84/76/78 79/72/73
f 85/77/79 79/72/73 84/76/78
f 85/77/79 80/73/74 79/72/73
f 85/77/79 81/74/75 80/73/74
f 85/77/79 86/78/80 81/74/75
f 87/79/81 81/74/75 86/78/80
f 81/74/75 87/79/81 82/75/76
f 88/80/82 82/75/76 87/79/81
f 88/80/82 89/81/83 82/75/76
f 82/75/76 89/81/83 73/66/67
f 84/76/78 83/54/77 66/61/60
f 66/61/60 85/77/79 84/76/78
f 66/61/60 90/82/84 85/77/79
f 86/78/80 85/77/79 90/82/84
f 86/78/80 90/82/84 91/83/85
f 91/83/85 92/84/86 86/78/80
f 92/84/86 93/85/87 86/78/80
f 87/79/81 86/78/80 93/85/87
f 93/85/87 88/80/82 87/79/81
f 93/85/87 94/86/88 88/80/82
f 94/86/88 95/87/89 88/80/82
f 89/81/83 88/80/82 95/87/89
f 90/82/84 66/61/60 96/88/90
f 91/83/85 90/82/84 96/88/90
f 91/83/85 96/88/90 97/89/91
f 98/90/92 91/83/85 97/89/91
f 98/90/92 99/91/93 91/83/85
f 91/83/85 99/91/93 100/92/94
f 91/83/85 100/92/94 92/84/86
f 100/92/94 101/93/95 92/84/86
f 92/84/86 101/93/95 93/85/87
f 94/86/88 93/85/87 101/93/95
f 96/88/90 66/61/60 65/60/59
f 96/88/90 65/60/59 102/94/96
f 103/95/97 96/88/90 102/94/96
f 103/95/97 97/89/91 96/88/90
f 98/90/92 97/89/91 103/95/97
f 98/90/92 103/95/97 104/96/98
f 105/97/99 98/90/92 104/96/98
f 105/97/99 106/98/100 98/90/92
f 106/98/100 99/91/93 98/90/92
f 65/60/59 107/99/101 102/94/96
f 102/94/96 107/99/101 108/100/102
f 102/94/96 108/100/102 103/95/97
f 65/60/59 64/59/58 107/99/101
f 62/58/56 107/99/101 64/59/58
f 62/58/56 109/65/103 107/99/101
f 108/100/102 107/99/101 109/65/103
f 108/100/102 109/65/103 110/101/104
f 74/67/68 110/101/104 109/65/103
f 74/67/68 111/102/105 110/101/104
f 112/103/106 110/101/104 111/102/105
f 112/103/106 113/104/107 110/101/104
f 114/100/108 110/101/104 113/104/107
f 114/100/108 113/104/107 115/105/109
f 115/105/109 103/95/97 114/100/108
f 115/105/109 104/96/98 103/95/97
f 74/67/68 116/106/110 111/102/105
f 116/106/110 112/103/106 111/102/105
f 116/106/110 117/107/111 112/103/106
f 117/107/111 118/108/112 112/103/106
f 118/108/112 113/104/107 112/103/106
f 118/108/112 119/109/113 113/104/107
f 120/110/114 113/104/107 119/109/113
f 113/104/107 120/110/114 115/105/109
f 115/105/109 120/110/114 105/97/99
f 115/105/109 105/97/99 104/96/98
f 74/67/68 121/111/115 116/106/110
f 122/112/116 116/106/110 121/111/115
f 117/107/111 116/106/110 122/112/116
f 117/107/111 122/112/116 123/113/117
f 124/114/118 117/107/111 123/113/117
f 124/114/118 125/115/119 117/107/111
f 117/107/111 125/115/119 118/108/112
f 121/111/115 74/67/68 73/66/67
f 121/111/115 73/66/67 126/116/120
f 126/116/120 127/117/121 121/111/115
f 127/117/121 128/118/122 121/111/115
f 122/112/116 121/111/115 128/118/122
f 129/119/123 122/112/116 128/118/122
f 130/120/124 122/112/116 129/119/123
f 130/120/124 123/113/117 122/112/116
f 131/121/125 123/113/117 130/120/124
f 131/121/125 124/114/118 123/113/117
f 73/66/67 127/117/121 126/116/120
f 132/122/126 127/117/121 73/66/67
f 132/122/126 133/123/127 127/117/121
f 127/117/121 133/123/127 128/118/122
f 133/123/127 134/124/128 128/118/122
f 135/125/129 128/118/122 134/124/128
f 129/119/123 128/118/122 135/125/129
f 132/122/126 73/66/67 89/81/83
f 89/81/83 95/87/89 132/122/126
f 136/126/130 132/122/126 95/87/89
f 132/122/126 136/126/130 137/127/131
f 132/122/126 137/127/131 133/123/127
f 133/123/127 137/127/131 134/124/128
f 137/127/131 138/128/132 134/124/128
f 139/129/133 134/124/128 138/128/132
f 135/125/129 134/124/128 139/129/133
f 136/126/130 95/87/89 140/130/134
f 141/131/135 136/126/130 140/130/134
f 142/132/136 136/126/130 141/131/135
f 142/132/136 138/128/132 136/126/130
f 136/126/130 138/128/132 137/127/131
f 143/133/137 140/130/134 95/87/89
f 144/134/138 140/130/134 143/133/137
f 141/131/135 140/130/134 144/134/138
f 145/135/139 141/131/135 144/134/138
f 145/135/139 142/132/136 141/131/135
f 143/133/137 95/87/89 146/136/140
f 147/137/141 143/133/137 146/136/140
f 147/137/141 148/138/142 143/133/137
f 149/139/143 143/133/137 148/138/142
f 144/134/138 143/133/137 149/139/143
f 144/134/138 149/139/143 150/140/144
f 145/135/139 144/134/138 150/140/144
f 151/141/145 146/136/140 95/87/89
f 152/142/146 146/136/140 151/141/145
f 152/142/146 147/137/141 146/136/140
f 147/137/141 152/142/146 153/143/147
f 147/137/141 153/143/147 154/144/148
f 148/138/142 147/137/141 154/144/148
f 94/86/88 151/141/145 95/87/89
f 94/86/88 155/145/149 151/141/145
f 155/145/149 152/142/146 151/141/145
f 155/145/149 156/146/150 152/142/146
f 156/146/150 153/143/147 152/142/146
f 156/146/150 157/147/151 153/143/147
f 158/148/152 153/143/147 157/147/151
f 153/143/147 158/148/152 159/149/153
f 153/143/147 159/149/153 154/144/148
f 160/150/154 155/145/149 94/86/88
f 156/146/150 155/145/149 160/150/154
f 156/146/150 160/150/154 161/151/155
f 157/147/151 156/146/150 161/151/155
f 157/147/151 161/151/155 162/152/156
f 163/153/157 157/147/151 162/152/156
f 158/148/152 157/147/151 163/153/157
f 160/150/154 94/86/88 101/93/95
f 100/92/94 160/150/154 101/93/95
f 160/150/154 100/92/94 164/154/158
f 160/150/154 164/154/158 161/151/155
f 161/151/155 164/154/158 165/155/159
f 161/151/155 165/155/159 166/156/160
f 161/151/155 166/156/160 162/152/156
f 167/157/161 162/152/156 166/156/160
f 163/153/157 162/152/156 167/157/161
f 168/158/162 163/153/157 167/157/161
f 168/158/162 158/148/152 163/153/157
f 100/92/94 169/159/163 164/154/158
f 100/92/94 99/91/93 169/159/163
f 99/91/93 170/160/164 169/159/163
f 99/91/93 106/98/100 170/160/164
f 170/160/164 106/98/100 105/97/99
f 170/160/164 105/97/99 171/161/165
f 172/162/166 171/161/165 105/97/99
f 172/162/166 105/97/99 120/110/114
f 173/163/167 172/162/166 120/110/114
f 173/163/167 174/164/168 172/162/166
f 172/162/166 174/164/168 175/165/169
f 172/162/166 175/165/169 176/166/170
f 177/167/171 176/166/170 175/165/169
f 120/110/114 119/109/113 173/163/167
f 174/164/168 173/163/167 119/109/113
f 174/164/168 119/109/113 178/168/172
f 178/168/172 179/169/173 174/164/168
f 179/169/173 175/165/169 174/164/168
f 179/169/173 180/170/174 175/165/169
f 175/165/169 180/170/174 181/171/175
f 175/165/169 181/171/175 182/172/176
f 177/167/171 175/165/169 182/172/176
f 183/173/177 177/167/171 182/172/176
f 183/173/177 184/174/178 177/167/171
f 118/108/112 178/168/172 119/109/113
f 118/108/112 185/175/179 178/168/172
f 185/175/179 186/176/180 178/168/172
f 187/177/181 178/168/172 186/176/180
f 187/177/181 179/169/173 178/168/172
f 179/169/173 187/177/181 188/178/182
f 179/169/173 188/178/182 180/170/174
f 181/171/175 180/170/174 188/178/182
f 185/175/179 118/108/112 125/115/119
f 185/175/179 125/115/119 189/179/183
f 185/175/179 189/179/183 190/180/184
f 185/175/179 190/180/184 191/181/185
f 185/175/179 191/181/185 186/176/180
f 191/181/185 192/182/186 186/176/180
f 192/182/186 193/177/187 186/176/180
f 124/114/118 189/179/183 125/115/119
f 124/114/118 194/183/188 189/179/183
f 189/179/183 194/183/188 195/184/189
f 189/179/183 195/184/189 190/180/184
f 195/184/189 196/185/190 190/180/184
f 196/185/190 191/181/185 190/180/184
f 196/185/190 197/186/191 191/181/185
f 191/181/185 197/186/191 192/182/186
f 124/114/118 198/187/192 194/183/188
f 194/183/188 198/187/192 199/188/193
f 199/188/193 195/184/189 194/183/188
f 199/188/193 200/189/194 195/184/189
f 200/189/194 201/190/195 195/184/189
f 195/184/189 201/190/195 196/185/190
f 124/114/118 202/191/196 198/187/192
f 202/191/196 203/192/197 198/187/192
f 202/191/196 204/193/198 203/192/197
f 205/194/199 203/192/197 204/193/198
f 131/121/125 202/191/196 124/114/118
f 202/191/196 131/121/125 206/195/200
f 202/191/196 206/195/200 204/193/198
f 207/196/201 204/193/198 206/195/200
f 207/196/201 208/197/202 204/193/198
f 205/194/199 204/193/198 208/197/202
f 209/198/203 207/196/201 206/195/200
f 210/199/204 207/196/201 209/198/203
f 210/199/204 211/200/205 207/196/201
f 207/196/201 211/200/205 138/128/132
f 207/196/201 138/128/132 212/201/206
f 207/196/201 212/201/206 213/202/207
f 207/196/201 213/202/207 208/197/202
f 205/194/199 208/197/202 213/202/207
f 209/198/203 206/195/200 214/203/208
f 214/203/208 210/199/204 209/198/203
f 214/203/208 215/204/209 210/199/204
f 216/205/210 210/199/204 215/204/209
f 216/205/210 211/200/205 210/199/204
f 216/205/210 139/129/133 211/200/205
f 139/129/133 138/128/132 211/200/205
f 214/203/208 206/195/200 217/121/211
f 214/203/208 217/121/211 218/206/212
f 219/207/213 214/203/208 218/206/212
f 219/207/213 215/204/209 214/203/208
f 218/206/212 217/121/211 220/120/214
f 218/206/212 220/120/214 219/207/213
f 216/205/210 215/204/209 221/208/215
f 221/208/215 139/129/133 216/205/210
f 221/208/215 222/125/216 139/129/133
f 223/209/217 222/125/216 221/208/215
f 223/209/217 224/119/218 222/125/216
f 138/128/132 142/132/136 212/201/206
f 142/132/136 213/202/207 212/201/206
f 142/132/136 225/210/219 213/202/207
f 226/211/220 213/202/207 225/210/219
f 226/211/220 227/212/221 213/202/207
f 205/194/199 213/202/207 227/212/221
f 142/132/136 228/213/222 225/210/219
f 228/213/222 226/211/220 225/210/219
f 229/214/223 226/211/220 228/213/222
f 226/211/220 229/214/223 230/215/224
f 226/211/220 230/215/224 231/216/225
f 231/216/225 227/212/221 226/211/220
f 205/194/199 227/212/221 231/216/225
f 205/194/199 231/216/225 232/217/226
f 233/218/227 205/194/199 232/217/226
f 233/218/227 234/219/228 205/194/199
f 145/135/139 228/213/222 142/132/136
f 235/220/229 228/213/222 145/135/139
f 235/220/229 236/221/230 228/213/222
f 229/214/223 228/213/222 236/221/230
f 236/221/230 237/222/231 229/214/223
f 229/214/223 237/222/231 238/223/232
f 229/214/223 238/223/232 230/215/224
f 235/220/229 145/135/139 239/224/233
f 240/46/234 235/220/229 239/224/233
f 241/225/235 235/220/229 240/46/234
f 235/220/229 241/225/235 236/221/230
f 242/226/236 236/221/230 241/225/235
f 236/221/230 242/226/236 237/222/231
f 237/222/231 242/226/236 243/227/237
f 237/222/231 243/227/237 244/228/238
f 237/222/231 244/228/238 238/223/232
f 150/140/144 239/224/233 145/135/139
f 150/140/144 245/229/239 239/224/233
f 245/229/239 246/44/240 239/224/233
f 240/46/234 239/224/233 246/44/240
f 150/140/144 247/230/241 245/229/239
f 248/40/242 245/229/239 247/230/241
f 245/229/239 248/40/242 246/44/240
f 150/140/144 149/139/143 247/230/241
f 249/231/243 247/230/241 149/139/143
f 249/231/243 149/139/143 250/232/244
f 250/232/244 251/233/245 249/231/243
f 252/230/246 249/231/243 251/233/245
f 252/230/246 251/233/245 253/234/247
f 252/230/246 253/234/247 254/235/248
f 252/230/246 254/235/248 255/41/249
f 149/139/143 148/138/142 250/232/244
f 256/236/250 250/232/244 148/138/142
f 250/232/244 256/236/250 251/233/245
f 257/237/251 251/233/245 256/236/250
f 257/237/251 258/238/252 251/233/245
f 253/234/247 251/233/245 258/238/252
f 253/234/247 258/238/252 259/239/253
f 259/239/253 254/235/248 253/234/247
f 259/239/253 260/240/254 254/235/248
f 261/241/255 260/240/254 259/239/253
f 261/241/255 262/242/256 260/240/254
f 256/236/250 148/138/142 263/243/257
f 263/243/257 264/244/258 256/236/250
f 256/236/250 264/244/258 265/245/259
f 256/236/250 265/245/259 257/237/251
f 266/246/260 257/237/251 265/245/259
f 266/246/260 258/238/252 257/237/251
f 266/246/260 267/247/261 258/238/252
f 261/241/255 258/238/252 267/247/261
f 261/241/255 259/239/253 258/238/252
f 148/138/142 154/144/148 263/243/257
f 268/248/262 263/243/257 154/144/148
f 263/243/257 268/248/262 269/249/263
f 263/243/257 269/249/263 264/244/258
f 270/250/264 264/244/258 269/249/263
f 270/250/264 265/245/259 264/244/258
f 271/251/265 265/245/259 270/250/264
f 266/246/260 265/245/259 271/251/265
f 154/144/148 159/149/153 268/248/262
f 272/252/266 268/248/262 159/149/153
f 272/252/266 269/249/263 268/248/262
f 269/249/263 272/252/266 273/253/267
f 269/249/263 273/253/267 270/250/264
f 274/254/268 270/250/264 273/253/267
f 271/251/265 270/250/264 274/254/268
f 275/255/269 271/251/265 274/254/268
f 275/255/269 266/246/260 271/251/265
f 276/256/270 272/252/266 159/149/153
f 272/252/266 276/256/270 277/257/271
f 272/252/266 277/257/271 273/253/267
f 278/258/272 273/253/267 277/257/271
f 274/254/268 273/253/267 278/258/272
f 278/258/272 279/259/273 274/254/268
f 275/255/269 274/254/268 279/259/273
f 279/259/273 280/260/274 275/255/269
f 281/261/275 275/255/269 280/260/274
f 266/246/260 275/255/269 281/261/275
f 276/256/270 159/149/153 158/148/152
f 276/256/270 158/148/152 282/262/276
f 277/257/271 276/256/270 282/262/276
f 277/257/271 282/262/276 283/263/277
f 277/257/271 283/263/277 284/264/278
f 277/257/271 284/264/278 285/265/279
f 278/258/272 277/257/271 285/265/279
f 285/265/279 286/266/280 278/258/272
f 278/258/272 286/266/280 279/259/273
f 280/260/274 279/259/273 286/266/280
f 168/158/162 282/262/276 158/148/152
f 168/158/162 287/267/281 282/262/276
f 288/268/282 282/262/276 287/267/281
f 288/268/282 289/263/283 282/262/276
f 168/158/162 290/269/284 287/267/281
f 291/270/285 287/267/281 290/269/284
f 292/271/286 287/267/281 291/270/285
f 292/271/286 288/268/282 287/267/281
f 293/272/287 288/268/282 292/271/286
f 293/272/287 294/273/288 288/268/282
f 288/268/282 294/273/288 284/264/278
f 288/268/282 284/264/278 295/263/289
f 290/269/284 168/158/162 167/157/161
f 290/269/284 167/157/161 296/274/290
f 297/275/291 290/269/284 296/274/290
f 291/270/285 290/269/284 297/275/291
f 291/270/285 297/275/291 298/276/292
f 291/270/285 298/276/292 299/277/293
f 291/270/285 299/277/293 300/278/294
f 291/270/285 300/278/294 292/271/286
f 300/278/294 293/272/287 292/271/286
f 167/157/161 301/279/295 296/274/290
f 167/157/161 302/280/296 301/279/295
f 303/281/297 301/279/295 302/280/296
f 303/281/297 302/280/296 304/282/298
f 167/157/161 166/156/160 302/280/296
f 248/40/242 247/230/241 305/41/299
f 300/278/294 306/283/300 293/272/287
f 293/272/287 306/283/300 307/284/301
f 293/272/287 307/284/301 308/285/302
f 308/285/302 294/273/288 293/272/287
f 308/285/302 309/286/303 294/273/288
f 310/287/304 294/273/288 309/286/303
f 310/287/304 284/264/278 294/273/288
f 308/285/302 307/284/301 311/288/305
f 308/285/302 311/288/305 312/289/306
f 309/286/303 308/285/302 312/289/306
f 309/286/303 312/289/306 313/290/307
f 313/290/307 310/287/304 309/286/303
f 313/290/307 314/291/308 310/287/304
f 310/287/304 314/291/308 315/292/309
f 310/287/304 315/292/309 316/293/310
f 310/287/304 316/293/310 284/264/278
f 286/266/280 284/264/278 316/293/310
f 286/266/280 285/265/279 284/264/278
f 313/290/307 317/35/311 314/291/308
f 314/291/308 317/35/311 318/34/312
f 314/291/308 318/34/312 319/294/313
f 315/292/309 314/291/308 319/294/313
f 315/292/309 319/294/313 320/295/308
f 316/293/310 315/292/309 320/295/308
f 316/293/310 320/295/308 321/296/314
f 321/296/314 286/266/280 316/293/310
f 321/296/314 280/260/274 286/266/280
f 313/290/307 322/297/315 317/35/311
f 323/36/316 317/35/311 322/297/315
f 323/36/316 322/297/315 324/39/317
f 297/275/291 325/298/318 298/276/292
f 297/275/291 326/299/319 325/298/318
f 297/275/291 296/274/290 326/299/319
f 241/225/235 240/46/234 327/47/320
f 328/300/321 241/225/235 327/47/320
f 242/226/236 241/225/235 328/300/321
f 242/226/236 328/300/321 329/301/322
f 242/226/236 329/301/322 243/227/237
f 328/300/321 327/47/320 330/51/323
f 330/51/323 329/301/322 328/300/321
f 330/51/323 331/52/324 329/301/322
f 332/302/325 243/227/237 329/301/322
f 332/302/325 333/303/326 243/227/237
f 243/227/237 333/303/326 281/261/275
f 243/227/237 281/261/275 244/228/238
f 334/304/327 244/228/238 281/261/275
f 334/304/327 335/305/328 244/228/238
f 244/228/238 335/305/328 336/306/329
f 244/228/238 336/306/329 238/223/232
f 333/303/326 332/302/325 267/247/261
f 333/303/326 267/247/261 266/246/260
f 266/246/260 281/261/275 333/303/326
f 337/301/330 267/247/261 332/302/325
f 337/301/330 261/241/255 267/247/261
f 337/301/330 262/242/256 261/241/255
f 337/301/330 338/52/331 262/242/256
f 230/215/224 238/223/232 336/306/329
f 230/215/224 336/306/329 339/307/332
f 339/307/332 340/308/333 230/215/224
f 230/215/224 340/308/333 231/216/225
f 340/308/333 341/309/334 231/216/225
f 342/310/335 231/216/225 341/309/334
f 342/310/335 232/217/226 231/216/225
f 343/311/336 339/307/332 336/306/329
f 339/307/332 343/311/336 344/312/337
f 339/307/332 344/312/337 345/313/338
f 339/307/332 345/313/338 346/314/339
f 339/307/332 346/314/339 340/308/333
f 346/314/339 341/309/334 340/308/333
f 346/314/339 201/190/195 341/309/334
f 347/315/340 341/309/334 201/190/195
f 347/315/340 342/310/335 341/309/334
f 343/311/336 336/306/329 348/316/341
f 348/316/341 349/317/342 343/311/336
f 344/312/337 343/311/336 349/317/342
f 350/318/343 348/316/341 336/306/329
f 351/319/344 348/316/341 350/318/343
f 351/319/344 352/320/345 348/316/341
f 348/316/341 352/320/345 349/317/342
f 353/6/346 349/317/342 352/320/345
f 353/6/346 7/5/4 349/317/342
f 7/5/4 344/312/337 349/317/342
f 350/318/343 336/306/329 354/321/347
f 350/318/343 354/321/347 355/322/348
f 356/323/349 350/318/343 355/322/348
f 356/323/349 357/324/350 350/318/343
f 350/318/343 357/324/350 351/319/344
f 351/319/344 357/324/350 358/325/351
f 351/319/344 358/325/351 359/326/352
f 352/320/345 351/319/344 359/326/352
f 352/320/345 359/326/352 353/6/346
f 354/321/347 336/306/329 335/305/328
f 360/327/353 354/321/347 335/305/328
f 355/322/348 354/321/347 360/327/353
f 355/322/348 360/327/353 361/328/354
f 356/323/349 355/322/348 361/328/354
f 356/323/349 361/328/354 362/329/355
f 363/4/356 356/323/349 362/329/355
f 363/4/356 364/330/357 356/323/349
f 357/324/350 356/323/349 364/330/357
f 357/324/350 364/330/357 358/325/351
f 365/331/358 358/325/351 364/330/357
f 365/331/358 359/326/352 358/325/351
f 360/327/353 335/305/328 334/304/327
f 334/304/327 321/296/314 360/327/353
f 361/328/354 360/327/353 321/296/314
f 361/328/354 321/296/314 320/295/308
f 320/295/308 362/329/355 361/328/354
f 320/295/308 319/294/313 362/329/355
f 362/329/355 319/294/313 318/34/312
f 362/329/355 318/34/312 366/1/359
f 363/4/356 362/329/355 366/1/359
f 334/304/327 280/260/274 321/296/314
f 281/261/275 280/260/274 334/304/327
f 200/189/194 347/315/340 201/190/195
f 364/330/357 363/4/356 184/174/178
f 364/330/357 184/174/178 183/173/177
f 365/331/358 364/330/357 183/173/177
f 181/171/175 365/331/358 183/173/177
f 181/171/175 367/332/360 365/331/358
f 368/333/361 365/331/358 367/332/360
f 368/333/361 369/334/362 365/331/358
f 359/326/352 365/331/358 369/334/362
f 369/334/362 353/6/346 359/326/352
f 369/334/362 370/7/363 353/6/346
f 182/172/176 181/171/175 183/173/177
f 181/171/175 188/178/182 367/332/360
f 188/178/182 368/333/361 367/332/360
f 188/178/182 371/335/364 368/333/361
f 368/333/361 371/335/364 372/336/365
f 368/333/361 372/336/365 373/337/366
f 369/334/362 368/333/361 373/337/366
f 369/334/362 373/337/366 374/338/367
f 369/334/362 374/338/367 370/7/363
f 370/7/363 374/338/367 375/339/368
f 370/7/363 375/339/368 7/5/4
f 371/335/364 188/178/182 193/177/187
f 371/335/364 193/177/187 376/340/369
f 372/336/365 371/335/364 376/340/369
f 372/336/365 376/340/369 377/341/370
f 377/341/370 378/342/371 372/336/365
f 378/342/371 373/337/366 372/336/365
f 378/342/371 379/343/372 373/337/366
f 379/343/372 378/342/371 380/344/373
f 192/182/186 376/340/369 193/177/187
f 381/345/374 376/340/369 192/182/186
f 381/345/374 377/341/370 376/340/369
f 378/342/371 377/341/370 381/345/374
f 378/342/371 381/345/374 382/346/375
f 378/342/371 382/346/375 380/344/373
f 382/346/375 383/347/376 380/344/373
f 383/347/376 384/348/377 380/344/373
f 384/348/377 385/349/378 380/344/373
f 385/349/378 386/343/379 380/344/373
f 386/343/379 385/349/378 374/338/367
f 386/343/379 374/338/367 373/337/366
f 385/349/378 384/348/377 375/339/368
f 385/349/378 375/339/368 374/338/367
f 387/347/380 375/339/368 384/348/377
f 387/347/380 388/347/381 375/339/368
f 388/347/381 7/5/4 375/339/368
f 388/347/381 389/350/382 7/5/4
f 7/5/4 389/350/382 344/312/337
f 388/347/381 387/347/380 390/346/383
f 388/347/381 390/346/383 391/345/384
f 388/347/381 391/345/384 389/350/382
f 392/182/385 389/350/382 391/345/384
f 392/182/385 344/312/337 389/350/382
f 392/182/385 197/186/191 344/312/337
f 196/185/190 344/312/337 197/186/191
f 196/185/190 393/351/386 344/312/337
f 345/313/338 344/312/337 393/351/386
f 393/351/386 196/185/190 345/313/338
f 345/313/338 196/185/190 201/190/195
f 345/313/338 201/190/195 346/314/339
f 394/352/387 232/217/226 342/310/335
f 394/352/387 233/218/227 232/217/226
f 394/352/387 395/353/388 233/218/227
f 396/192/389 233/218/227 395/353/388
f 396/192/389 234/219/228 233/218/227
f 234/219/228 396/192/389 397/192/390
f 234/219/228 397/192/390 398/194/391
f 394/352/387 399/354/392 395/353/388
f 400/355/393 395/353/388 399/354/392
f 400/355/393 401/356/394 395/353/388
f 401/356/394 396/192/389 395/353/388
f 401/356/394 402/357/395 396/192/389
f 396/192/389 402/357/395 403/187/396
f 396/192/389 403/187/396 397/192/390
f 401/356/394 400/355/393 404/189/397
f 401/356/394 404/189/397 405/188/398
f 400/355/393 406/315/399 404/189/397
f 400/355/393 407/354/400 406/315/399
f 407/354/400 408/310/401 406/315/399
f 407/354/400 409/352/402 408/310/401
f 402/357/395 410/188/403 403/187/396
f 402/357/395 401/356/394 410/188/403
f 411/358/404 412/359/405 413/360/406
f 413/361/406 412/362/405 414/363/407
f 413/361/406 414/363/407 415/155/408
f 413/361/406 415/155/408 416/154/409
f 414/363/407 417/156/410 415/155/408
f 414/363/407 418/280/411 417/156/410
f 414/363/407 419/282/412 418/280/411
f 420/207/413 220/120/214 421/119/414
f 420/207/413 421/119/414 422/209/415
f 422/209/415 423/204/416 420/207/413
f 422/209/415 221/208/215 423/204/416
f 424/282/417 425/363/418 426/362/419
f 424/282/417 426/362/419 427/364/420
f 427/364/420 428/281/421 424/282/417
f 427/365/420 429/366/422 428/367/421
f 427/365/420 430/358/423 429/366/422
f 426/359/419 430/358/423 427/365/420
f 431/235/424 432/42/425 433/41/426
f 431/235/424 434/368/427 432/42/425
f 432/42/425 434/368/427 435/369/428
f 432/42/425 435/369/428 436/48/429
f 435/369/428 437/50/430 436/48/429
f 435/369/428 438/370/431 437/50/430
f 437/50/430 438/370/431 439/242/432
f 437/50/430 439/242/432 440/52/433
f 441/240/434 434/368/427 431/235/424
f 441/240/434 435/369/428 434/368/427
f 438/370/431 435/369/428 441/240/434
f 438/370/431 441/240/434 439/242/432
f 442/371/435 443/367/436 444/366/437
f 445/372/438 443/367/436 442/371/435
f 445/372/438 442/371/435 446/373/439
f 447/374/440 445/372/438 446/373/439
f 447/374/440 446/373/439 448/375/441
f 447/374/440 448/375/441 449/376/442
f 447/374/440 449/376/442 450/377/443
f 449/376/442 451/378/444 450/377/443
f 449/376/442 452/379/445 451/378/444
f 453/380/446 446/373/439 442/371/435
f 453/380/446 454/381/447 446/373/439
f 454/381/447 448/375/441 446/373/439
f 454/381/447 455/382/448 448/375/441
f 456/383/449 448/375/441 455/382/448
f 456/383/449 449/376/442 448/375/441
f 456/383/449 452/379/445 449/376/442
f 456/383/449 457/384/450 452/379/445
f 458/24/451 457/384/450 456/383/449
f 458/24/451 456/383/449 455/382/448
f 458/24/451 455/382/448 459/22/452
f 460/21/453 454/381/447 453/380/446
f 460/21/453 459/22/452 454/381/447
f 459/22/452 455/382/448 454/381/447
f 461/385/454 462/386/455 463/387/456
f 461/385/454 463/387/456 464/388/457
f 465/389/458 461/385/454 464/388/457
f 465/389/458 464/388/457 466/390/459
f 466/390/459 464/388/457 467/391/460
f 466/390/459 467/391/460 468/392/461
f 468/392/461 467/391/460 469/393/462
f 464/388/457 463/387/456 470/394/463
f 464/388/457 470/394/463 467/391/460
f 467/391/460 470/394/463 471/395/464
f 467/391/460 471/395/464 472/396/465
f 472/396/465 469/393/462 467/391/460
f 473/397/466 469/393/462 472/396/465
f 473/397/466 474/398/467 469/393/462
f 473/397/466 475/399/468 474/398/467
f 476/400/469 474/398/467 475/399/468
f 476/400/469 477/401/470 474/398/467
f 470/394/463 478/402/471 471/395/464
f 473/397/466 471/395/464 478/402/471
f 473/397/466 472/396/465 471/395/464
f 470/394/463 479/403/472 478/402/471
f 479/403/472 480/404/473 478/402/471
f 473/397/466 478/402/471 480/404/473
f 473/397/466 480/404/473 481/405/474
f 473/397/466 481/405/474 475/399/468
f 482/406/475 475/399/468 481/405/474
f 482/406/475 476/400/469 475/399/468
f 483/407/476 476/400/469 482/406/475
f 483/407/476 484/408/477 476/400/469
f 479/403/472 485/409/478 480/404/473
f 481/405/474 480/404/473 485/409/478
f 481/405/474 485/409/478 482/406/475
f 486/410/479 482/406/475 485/409/478
f 486/410/479 483/407/476 482/406/475
f 487/411/480 488/412/481 489/413/482
f 487/411/480 490/414/483 488/412/481
f 490/414/483 491/415/484 488/412/481
f 490/414/483 492/416/485 491/415/484
f 493/417/486 492/416/485 490/414/483
f 493/417/486 494/418/487 492/416/485
f 494/418/487 495/419/488 492/416/485
f 496/420/489 490/414/483 487/411/480
f 496/420/489 493/417/486 490/414/483
f 497/421/490 493/417/486 496/420/489
f 493/417/486 497/421/490 498/422/491
f 498/422/491 494/418/487 493/417/486
f 498/422/491 499/423/492 494/418/487
f 499/423/492 500/424/493 494/418/487
f 494/418/487 500/424/493 495/419/488
f 500/424/493 501/425/494 495/419/488
f 502/426/495 496/420/489 487/411/480
f 503/68/496 496/420/489 502/426/495
f 503/68/496 497/421/490 496/420/489
f 497/421/490 503/68/496 504/427/497
f 498/422/491 497/421/490 504/427/497
f 499/423/492 498/422/491 504/427/497
f 505/428/498 499/423/492 504/427/497
f 499/423/492 505/428/498 500/424/493
f 505/428/498 506/429/499 500/424/493
f 500/424/493 506/429/499 501/425/494
f 506/429/499 507/430/500 501/425/494
f 502/426/495 487/411/480 508/431/501
f 509/432/502 502/426/495 508/431/501
f 510/433/503 502/426/495 509/432/502
f 510/433/503 503/68/496 502/426/495
f 503/68/496 510/433/503 504/427/497
f 510/433/503 511/434/504 504/427/497
f 511/434/504 512/435/505 504/427/497
f 512/435/505 505/428/498 504/427/497
f 505/428/498 512/435/505 506/429/499
f 513/436/506 506/429/499 512/435/505
f 506/429/499 513/436/506 507/430/500
f 509/432/502 508/431/501 514/437/507
f 513/436/506 509/432/502 514/437/507
f 511/434/504 509/432/502 513/436/506
f 511/434/504 510/433/503 509/432/502
f 513/436/506 514/437/507 507/430/500
f 507/430/500 514/437/507 515/438/508
f 507/430/500 515/438/508 516/439/508
f 513/436/506 512/435/505 511/434/504
f 517/440/509 518/368/510 519/441/511
f 519/441/511 520/442/512 517/440/509
f 517/440/509 520/442/512 521/41/513
f 521/41/513 520/442/512 522/443/514
f 522/443/514 523/444/515 521/41/513
f 521/41/513 523/444/515 524/445/516
f 521/41/513 524/445/516 525/446/517
f 526/440/518 521/41/513 525/446/517
f 526/440/518 525/446/517 527/447/519
f 527/447/519 528/448/520 526/440/518
f 526/440/518 528/448/520 518/368/510
f 522/443/514 529/449/521 523/444/515
f 527/447/519 530/450/522 528/448/520
f 530/450/522 531/451/523 528/448/520
f 531/451/523 532/452/524 528/448/520
f 532/452/524 533/453/525 528/448/520
f 533/453/525 518/368/510 528/448/520
f 530/450/522 534/454/526 531/451/523
f 535/441/527 536/10/528 537/9/529
f 535/441/527 537/9/529 538/442/530
f 539/455/531 538/442/530 537/9/529
f 539/455/531 540/443/532 538/442/530
f 541/10/533 542/441/534 518/368/510
f 541/10/533 518/368/510 543/8/535
f 518/368/510 544/456/536 543/8/535
f 518/368/510 533/453/525 544/456/536
f 532/452/524 544/456/536 533/453/525
f 532/452/524 545/457/537 544/456/536
f 546/458/538 545/457/537 532/452/524
f 546/458/538 547/459/539 545/457/537
f 548/460/540 547/459/539 546/458/538
f 548/460/540 549/461/541 547/459/539
f 548/460/540 550/462/542 549/461/541
f 531/451/523 546/458/538 532/452/524
f 546/458/538 531/451/523 551/463/543
f 546/458/538 551/463/543 548/460/540
f 552/464/544 548/460/540 551/463/543
f 548/460/540 552/464/544 550/462/542
f 553/465/545 550/462/542 552/464/544
f 553/465/545 554/466/546 550/462/542
f 553/465/545 555/467/547 554/466/546
f 553/465/545 556/468/548 555/467/547
f 556/468/548 557/469/549 555/467/547
f 531/451/523 558/470/550 551/463/543
f 559/471/551 551/463/543 558/470/550
f 559/471/551 560/472/552 551/463/543
f 560/472/552 553/465/545 551/463/543
f 553/465/545 552/464/544 551/463/543
f 531/451/523 561/454/553 558/470/550
f 560/472/552 556/468/548 553/465/545
f 562/473/554 556/468/548 560/472/552
f 556/468/548 562/473/554 557/469/549
f 563/474/555 562/473/554 560/472/552
f 563/474/555 564/475/556 562/473/554
f 559/471/551 563/474/555 560/472/552
# 838 triangles in group

g Regroup02
f 565/476/557 566/477/557 567/478/557
f 568/476/558 569/478/558 570/477/558
f 571/479/559 572/480/559 573/481/559
f 574/479/560 575/481/560 576/480/560
f 577/482/561 578/483/561 579/484/562
f 577/482/561 579/484/562 580/485/562
f 581/486/563 580/485/562 579/484/562
f 581/486/563 579/484/562 582/487/563
f 581/486/563 582/487/563 583/488/564
f 581/486/563 583/488/564 584/489/564
f 585/490/565 584/489/564 583/488/564
f 585/490/565 583/488/564 586/491/565
f 587/492/566 588/493/567 589/494/568
f 587/492/566 590/495/569 588/493/567
f 590/495/569 591/496/570 588/493/567
f 592/497/571 588/493/567 591/496/570
f 593/498/572 588/493/567 592/497/571
f 593/498/572 594/494/573 588/493/567
f 587/492/566 595/499/574 590/495/569
f 590/495/569 595/499/574 596/500/575
f 590/495/569 596/500/575 597/501/576
f 590/495/569 597/501/576 591/496/570
f 597/501/576 598/502/577 591/496/570
f 599/503/578 591/496/570 598/502/577
f 592/497/571 591/496/570 599/503/578
f 587/492/566 600/504/579 595/499/574
f 601/505/580 596/500/575 595/499/574
f 601/505/580 602/506/581 596/500/575
f 602/506/581 603/507/582 596/500/575
f 597/501/576 596/500/575 603/507/582
f 597/501/576 603/507/582 604/508/583
f 597/501/576 604/508/583 598/502/577
f 602/506/581 601/505/580 605/509/584
f 602/506/581 605/509/584 606/510/585
f 602/506/581 606/510/585 607/511/586
f 602/506/581 607/511/586 608/512/587
f 602/506/581 608/512/587 603/507/582
f 601/505/580 609/513/588 605/509/584
f 609/513/588 601/505/580 610/499/589
f 609/513/588 610/499/589 611/504/590
f 612/514/591 608/512/587 607/511/586
f 612/514/591 613/515/592 608/512/587
f 613/515/592 603/507/582 608/512/587
f 613/515/592 614/516/593 603/507/582
f 615/517/594 603/507/582 614/516/593
f 615/517/594 604/508/583 603/507/582
f 615/517/594 598/502/577 604/508/583
f 613/515/592 612/514/591 616/518/595
f 613/515/592 616/518/595 617/519/596
f 613/515/592 617/519/596 618/520/597
f 613/515/592 618/520/597 614/516/593
f 615/517/594 614/516/593 618/520/597
f 615/517/594 618/520/597 619/521/598
f 615/517/594 619/521/598 620/522/599
f 615/517/594 620/522/599 621/523/600
f 615/517/594 621/523/600 598/502/577
f 622/524/601 617/519/596 616/518/595
f 622/524/601 623/525/602 617/519/596
f 623/525/602 618/520/597 617/519/596
f 623/525/602 624/526/603 618/520/597
f 625/527/604 618/520/597 624/526/603
f 625/527/604 619/521/598 618/520/597
f 625/527/604 620/522/599 619/521/598
f 626/528/605 623/525/602 622/524/601
f 626/528/605 624/526/603 623/525/602
f 626/528/605 627/529/606 624/526/603
f 628/530/607 624/526/603 627/529/606
f 628/530/607 625/527/604 624/526/603
f 628/530/607 629/531/608 625/527/604
f 625/527/604 629/531/608 620/522/599
f 626/528/605 622/524/601 630/532/609
f 626/528/605 630/532/609 631/533/610
f 626/528/605 631/533/610 632/534/611
f 626/528/605 632/534/611 633/535/612
f 626/528/605 633/535/612 627/529/606
f 628/530/607 627/529/606 633/535/612
f 628/530/607 633/535/612 634/536/613
f 628/530/607 634/536/613 635/537/614
f 628/530/607 635/537/614 636/538/615
f 628/530/607 636/538/615 629/531/608
f 637/539/616 632/534/611 631/533/610
f 637/539/616 638/540/617 632/534/611
f 638/540/617 633/535/612 632/534/611
f 638/540/617 639/541/618 633/535/612
f 640/542/619 633/535/612 639/541/618
f 640/542/619 634/536/613 633/535/612
f 640/542/619 635/537/614 634/536/613
f 640/542/619 641/543/620 635/537/614
f 642/544/621 635/537/614 641/543/620
f 642/544/621 643/545/622 635/537/614
f 644/546/623 635/537/614 643/545/622
f 644/546/623 636/538/615 635/537/614
f 644/546/623 629/531/608 636/538/615
f 644/546/623 645/547/624 629/531/608
f 645/547/624 620/522/599 629/531/608
f 642/544/621 646/548/625 643/545/622
f 647/549/626 643/545/622 646/548/625
f 647/549/626 644/546/623 643/545/622
f 647/549/626 645/547/624 644/546/623
f 647/549/626 648/550/627 645/547/624
f 645/547/624 648/550/627 649/551/628
f 645/547/624 649/551/628 650/552/629
f 645/547/624 650/552/629 620/522/599
f 651/553/630 620/522/599 650/552/629
f 651/553/630 621/523/600 620/522/599
f 642/544/621 652/554/631 646/548/625
f 652/554/631 653/555/632 646/548/625
f 647/549/626 646/548/625 653/555/632
f 647/549/626 653/555/632 654/556/633
f 647/549/626 654/556/633 655/557/634
f 647/549/626 655/557/634 648/550/627
f 648/550/627 655/557/634 656/558/635
f 648/550/627 656/558/635 649/551/628
f 657/559/636 649/551/628 656/558/635
f 657/559/636 650/552/629 649/551/628
f 657/559/636 651/553/630 650/552/629
f 652/554/631 658/560/637 653/555/632
f 659/561/638 653/555/632 658/560/637
f 659/561/638 660/562/639 653/555/632
f 661/563/640 653/555/632 660/562/639
f 661/563/640 654/556/633 653/555/632
f 661/563/640 655/557/634 654/556/633
f 661/563/640 662/564/641 655/557/634
f 662/564/641 656/558/635 655/557/634
f 662/564/641 663/565/642 656/558/635
f 664/566/643 656/558/635 663/565/642
f 664/566/643 665/567/644 656/558/635
f 657/559/636 656/558/635 665/567/644
f 659/561/638 666/568/645 660/562/639
f 661/563/640 660/562/639 666/568/645
f 661/563/640 666/568/645 667/569/646
f 661/563/640 667/569/646 668/570/647
f 661/563/640 668/570/647 662/564/641
f 662/564/641 668/570/647 669/571/648
f 662/564/641 669/571/648 663/565/642
f 664/566/643 663/565/642 669/571/648
f 659/561/638 670/572/649 666/568/645
f 671/573/650 666/568/645 670/572/649
f 671/573/650 672/574/651 666/568/645
f 673/575/652 666/568/645 672/574/651
f 673/575/652 667/569/646 666/568/645
f 673/575/652 668/570/647 667/569/646
f 673/575/652 674/576/653 668/570/647
f 674/576/653 669/571/648 668/570/647
f 674/576/653 675/577/654 669/571/648
f 676/578/655 669/571/648 675/577/654
f 676/578/655 677/579/656 669/571/648
f 664/566/643 669/571/648 677/579/656
f 664/566/643 677/579/656 678/580/657
f 664/566/643 678/580/657 679/581/658
f 664/566/643 679/581/658 680/582/659
f 664/566/643 680/582/659 665/567/644
f 657/559/636 665/567/644 680/582/659
f 676/578/655 678/580/657 677/579/656
f 676/578/655 681/583/660 678/580/657
f 682/584/661 678/580/657 681/583/660
f 682/584/661 683/585/662 678/580/657
f 684/586/663 678/580/657 683/585/662
f 684/586/663 679/581/658 678/580/657
f 684/586/663 680/582/659 679/581/658
f 684/586/663 685/587/664 680/582/659
f 686/588/665 680/582/659 685/587/664
f 686/588/665 687/589/666 680/582/659
f 657/559/636 680/582/659 687/589/666
f 651/553/630 657/559/636 687/589/666
f 688/590/667 683/585/662 682/584/661
f 688/590/667 689/591/668 683/585/662
f 690/592/669 683/585/662 689/591/668
f 690/592/669 684/586/663 683/585/662
f 690/592/669 685/587/664 684/586/663
f 690/592/669 691/593/670 685/587/664
f 692/594/671 685/587/664 691/593/670
f 692/594/671 686/588/665 685/587/664
f 686/588/665 692/594/671 592/497/571
f 686/588/665 592/497/571 599/503/578
f 686/588/665 599/503/578 693/595/672
f 686/588/665 693/595/672 687/589/666
f 651/553/630 687/589/666 693/595/672
f 694/596/673 690/592/669 689/591/668
f 694/596/673 691/593/670 690/592/669
f 694/596/673 695/597/674 691/593/670
f 694/596/673 689/591/668 696/598/675
f 692/594/671 697/498/676 592/497/571
f 599/503/578 598/502/577 693/595/672
f 651/553/630 693/595/672 598/502/577
f 651/553/630 598/502/577 621/523/600
f 698/498/677 692/594/671 691/593/670
f 698/498/677 691/593/670 699/597/678
f 700/599/679 701/600/680 702/601/681
f 703/602/682 702/601/681 701/600/680
f 703/602/682 704/603/683 702/601/681
f 703/602/682 705/604/684 704/603/683
f 704/603/683 705/604/684 706/605/685
f 704/603/683 706/605/685 707/606/686
f 708/607/687 707/606/686 706/605/685
f 708/607/687 709/608/688 707/606/686
f 709/608/688 708/607/687 710/609/689
f 709/608/688 710/609/689 711/610/690
f 712/611/691 711/610/690 710/609/689
f 712/611/691 713/612/692 711/610/690
f 714/613/693 713/612/692 712/611/691
f 714/613/693 715/614/694 713/612/692
f 715/614/694 714/613/693 716/615/695
f 715/614/694 716/615/695 717/616/696
f 716/615/695 718/617/697 717/616/696
f 719/618/698 717/616/696 718/617/697
f 719/618/698 720/619/699 717/616/696
f 719/618/698 721/620/700 720/619/699
f 722/621/701 720/619/699 721/620/700
f 722/621/701 723/622/702 720/619/699
f 724/623/703 723/622/702 722/621/701
f 722/621/701 725/624/704 724/623/703
f 722/621/701 726/625/705 725/624/704
f 726/625/705 727/626/706 725/624/704
f 726/625/705 728/627/707 727/626/706
f 728/627/707 729/628/708 727/626/706
f 728/627/707 730/629/709 729/628/708
f 731/630/710 729/628/708 730/629/709
f 732/631/711 731/630/710 730/629/709
f 732/631/711 733/480/712 731/630/710
f 733/480/712 734/632/713 731/630/710
f 735/633/714 731/630/710 734/632/713
f 735/633/714 736/634/715 731/630/710
f 735/633/714 737/635/716 736/634/715
f 738/636/717 736/634/715 737/635/716
f 738/636/717 739/637/718 736/634/715
f 732/631/711 740/481/719 733/480/712
f 741/479/720 734/632/713 733/480/712
f 742/638/721 739/637/718 738/636/717
f 742/638/721 743/639/722 739/637/718
f 743/639/722 742/638/721 744/640/723
f 743/639/722 744/640/723 745/641/724
f 745/641/724 744/640/723 746/642/725
f 745/641/724 746/642/725 747/643/726
f 748/644/727 747/643/726 746/642/725
f 748/644/727 749/645/728 747/643/726
f 748/644/727 750/646/729 749/645/728
f 748/644/727 751/647/730 750/646/729
f 752/648/731 750/646/729 751/647/730
f 752/648/731 753/649/732 750/646/729
f 752/648/731 754/650/733 753/649/732
f 755/651/734 753/649/732 754/650/733
f 755/651/734 756/652/735 753/649/732
f 755/651/734 757/653/736 756/652/735
f 758/654/737 757/653/736 755/651/734
f 759/476/738 757/653/736 758/654/737
f 759/476/738 760/478/738 757/653/736
f 761/477/739 762/655/740 763/478/741
f 762/655/740 764/656/742 763/478/741
f 765/599/743 763/478/741 764/656/742
f 766/601/744 763/478/741 765/599/743
f 766/601/744 767/653/745 763/478/741
f 768/603/746 767/653/745 766/601/744
f 768/603/746 769/652/747 767/653/745
f 768/603/746 770/649/748 769/652/747
f 770/649/748 768/603/746 771/606/749
f 770/649/748 771/606/749 772/646/749
f 773/608/750 772/646/749 771/606/749
f 773/608/750 774/645/750 772/646/749
f 773/608/750 775/643/751 774/645/750
f 773/608/750 776/610/751 775/643/751
f 777/612/751 775/643/751 776/610/751
f 777/612/751 778/641/751 775/643/751
f 779/614/748 778/641/751 777/612/751
f 779/614/748 780/639/748 778/641/751
f 779/614/748 781/637/747 780/639/748
f 779/614/748 782/616/747 781/637/747
f 782/616/747 783/634/747 781/637/747
f 784/630/747 783/634/747 782/616/747
f 782/616/747 785/628/747 784/630/747
f 782/616/747 786/626/747 785/628/747
f 782/616/747 787/624/747 786/626/747
f 782/616/747 788/623/747 787/624/747
f 782/616/747 789/622/747 788/623/747
f 790/619/747 789/622/747 782/616/747
f 791/477/752 792/478/753 793/655/754
f 793/655/754 792/478/753 794/656/755
f 795/599/756 794/656/755 792/478/753
f 796/601/757 795/599/756 792/478/753
f 796/601/757 792/478/753 797/653/758
f 796/601/757 797/653/758 798/652/759
f 796/601/757 798/652/759 799/603/760
f 799/603/760 798/652/759 800/649/761
f 799/603/760 800/649/761 801/646/762
f 799/603/760 801/646/762 802/606/762
f 803/608/763 802/606/762 801/646/762
f 803/608/763 801/646/762 804/645/763
f 803/608/763 804/645/763 805/643/764
f 803/608/763 805/643/764 806/610/764
f 807/641/764 806/610/764 805/643/764
f 807/641/764 808/612/764 806/610/764
f 809/639/762 808/612/764 807/641/764
f 809/639/762 810/614/761 808/612/764
f 810/614/761 809/639/762 811/637/765
f 810/614/761 811/637/765 812/616/765
f 812/616/765 811/637/765 813/634/765
f 812/616/765 813/634/765 814/630/765
f 812/616/765 814/630/765 815/628/765
f 812/616/765 815/628/765 816/626/765
f 812/616/765 816/626/765 817/624/765
f 812/616/765 817/624/765 818/623/765
f 818/623/765 819/622/765 812/616/765
f 812/616/765 819/622/765 820/619/765
f 821/601/766 822/600/767 823/599/768
f 824/602/769 822/600/767 821/601/766
f 824/602/769 821/601/766 825/603/770
f 824/602/769 825/603/770 826/604/771
f 826/604/771 825/603/770 827/606/772
f 826/604/771 827/606/772 828/605/773
f 829/608/774 828/605/773 827/606/772
f 829/608/774 830/607/775 828/605/773
f 830/607/775 829/608/774 831/610/776
f 830/607/775 831/610/776 832/609/777
f 833/612/778 832/609/777 831/610/776
f 833/612/778 834/611/779 832/609/777
f 835/614/780 834/611/779 833/612/778
f 835/614/780 836/613/781 834/611/779
f 836/613/781 835/614/780 837/616/782
f 836/613/781 837/616/782 838/615/783
f 838/615/783 837/616/782 839/617/784
f 840/619/785 839/617/784 837/616/782
f 840/619/785 841/618/786 839/617/784
f 841/618/786 840/619/785 842/620/787
f 843/621/788 842/620/787 840/619/785
f 840/619/785 844/622/789 843/621/788
f 843/621/788 844/622/789 845/623/790
f 843/621/788 845/623/790 846/624/791
f 843/621/788 846/624/791 847/625/792
f 847/625/792 846/624/791 848/626/793
f 847/625/792 848/626/793 849/627/794
f 850/629/795 849/627/794 848/626/793
f 850/629/795 848/626/793 851/628/796
f 850/629/795 851/628/796 852/630/797
f 853/480/798 850/629/795 852/630/797
f 853/480/798 854/631/799 850/629/795
f 854/631/799 853/480/798 855/481/800
f 852/630/797 856/632/801 853/480/798
f 857/479/802 853/480/798 856/632/801
f 858/633/803 856/632/801 852/630/797
f 858/633/803 852/630/797 859/634/804
f 858/633/803 859/634/804 860/635/805
f 861/636/806 860/635/805 859/634/804
f 861/636/806 859/634/804 862/637/807
f 863/638/808 861/636/806 862/637/807
f 863/638/808 862/637/807 864/639/809
f 863/638/808 864/639/809 865/641/810
f 863/638/808 865/641/810 866/640/811
f 866/640/811 865/641/810 867/643/812
f 866/640/811 867/643/812 868/642/813
f 869/644/814 868/642/813 867/643/812
f 869/644/814 867/643/812 870/645/815
f 869/644/814 870/645/815 871/646/816
f 869/644/814 871/646/816 872/647/817
f 873/649/818 872/647/817 871/646/816
f 873/649/818 874/648/819 872/647/817
f 874/648/819 873/649/818 875/650/820
f 876/652/821 875/650/820 873/649/818
f 876/652/821 877/651/822 875/650/820
f 876/652/821 878/653/823 877/651/822
f 879/654/824 877/651/822 878/653/823
f 880/476/825 879/654/824 878/653/823
f 880/476/825 878/653/823 881/478/825
f 882/657/826 883/591/826 688/590/667
# 363 triangles in group

g Regroup03
f 884/658/827 885/659/827 886/660/827
f 887/661/828 888/662/828 889/663/828
f 890/664/829 891/665/829 892/666/829
f 893/667/830 894/668/830 895/669/830
f 896/670/831 897/671/831 898/672/831
f 899/659/832 900/673/832 901/674/833
f 899/659/832 902/658/834 900/673/832
f 903/658/835 904/673/835 905/673/836
f 903/658/835 906/675/837 904/673/835
f 907/676/838 908/658/839 909/660/840
f 907/676/838 910/675/841 908/658/839
f 911/677/842 912/678/843 913/679/844
f 911/677/842 914/680/845 912/678/843
f 915/681/846 914/680/845 911/677/842
f 915/681/846 916/682/847 914/680/845
f 917/683/848 914/680/845 916/682/847
f 914/680/845 917/683/848 918/684/849
f 914/680/845 918/684/849 919/678/850
f 915/681/846 911/677/842 920/685/851
f 921/686/852 915/681/846 920/685/851
f 916/682/847 915/681/846 921/686/852
f 916/682/847 921/686/852 922/687/853
f 916/682/847 922/687/853 923/688/854
f 916/682/847 923/688/854 924/689/855
f 916/682/847 924/689/855 925/660/856
f 926/659/857 916/682/847 925/660/856
f 926/659/857 917/683/848 916/682/847
f 921/686/852 920/685/851 927/690/858
f 924/689/855 923/688/854 928/691/859
f 924/689/855 928/691/859 929/692/860
f 930/660/861 924/689/855 929/692/860
f 930/660/861 929/692/860 907/676/838
f 919/678/850 918/684/849 931/693/862
f 919/678/850 931/693/862 932/694/863
f 933/695/864 919/678/850 932/694/863
f 933/695/864 932/694/863 934/696/865
f 933/695/864 934/696/865 935/697/866
f 933/695/864 935/697/866 936/698/867
f 933/695/864 936/698/867 937/699/868
f 933/695/864 937/699/868 938/700/869
f 933/695/864 938/700/869 939/701/870
f 935/697/866 940/702/871 936/698/867
f 936/698/867 940/702/871 941/703/872
f 936/698/867 941/703/872 942/704/873
f 937/699/868 936/698/867 942/704/873
f 937/699/868 942/704/873 943/705/874
f 937/699/868 943/705/874 944/706/875
f 937/699/868 944/706/875 938/700/869
f 935/697/866 945/707/876 940/702/871
f 945/707/876 935/697/866 946/696/877
f 945/707/876 946/696/877 947/708/878
f 945/707/876 947/708/878 948/709/879
f 943/705/874 949/690/880 944/706/875
f 943/705/874 921/686/852 949/690/880
f 950/710/881 921/686/852 943/705/874
f 950/710/881 951/687/882 921/686/852
f 950/710/881 943/705/874 942/704/873
f 941/703/872 950/710/881 942/704/873
f 941/703/872 952/711/883 950/710/881
f 951/687/882 950/710/881 952/711/883
f 953/712/884 951/687/882 952/711/883
f 953/712/884 954/713/885 951/687/882
f 954/713/885 955/714/886 951/687/882
f 951/687/882 955/714/886 956/715/887
f 951/687/882 956/715/887 923/688/854
f 952/711/883 941/703/872 957/716/888
f 952/711/883 957/716/888 958/717/889
f 941/703/872 959/718/890 957/716/888
f 941/703/872 960/702/891 959/718/890
f 960/702/891 961/719/892 959/718/890
f 960/702/891 962/707/893 961/719/892
f 953/712/884 952/711/883 963/717/894
f 953/712/884 963/717/894 964/720/895
f 965/721/896 966/674/897 967/673/898
f 965/721/896 967/673/898 968/722/899
f 969/723/900 968/722/899 967/673/898
f 969/723/900 967/673/898 970/724/901
f 971/725/902 969/723/900 970/724/901
f 971/725/902 970/724/901 972/726/903
f 973/727/904 971/725/902 972/726/903
f 973/727/904 972/726/903 974/728/905
f 975/663/906 973/727/904 974/728/905
f 975/663/906 974/728/905 976/661/907
f 972/726/903 970/724/901 977/729/908
f 972/726/903 977/729/908 978/730/909
f 974/728/905 972/726/903 978/730/909
f 974/728/905 978/730/909 979/731/910
f 974/728/905 979/731/910 980/732/911
f 974/728/905 980/732/911 981/733/912
f 976/661/907 974/728/905 981/733/912
f 977/729/908 970/724/901 982/734/913
f 977/729/908 982/734/913 983/735/914
f 923/688/854 977/729/908 983/735/914
f 977/729/908 923/688/854 956/715/887
f 977/729/908 956/715/887 978/730/909
f 979/731/910 978/730/909 956/715/887
f 979/731/910 956/715/887 955/714/886
f 979/731/910 955/714/886 984/736/915
f 979/731/910 984/736/915 980/732/911
f 970/724/901 985/673/916 982/734/913
f 970/724/901 986/673/917 985/673/916
f 923/688/854 983/735/914 987/691/918
f 955/714/886 988/737/919 984/736/915
f 955/714/886 989/738/920 988/737/919
f 954/713/885 989/738/920 955/714/886
f 990/739/921 989/738/920 954/713/885
f 991/740/922 989/738/920 990/739/921
f 992/737/923 989/738/920 991/740/922
f 992/737/923 991/740/922 993/741/924
f 993/741/924 991/740/922 994/742/925
f 993/741/924 994/742/925 995/743/926
f 996/664/927 990/739/921 954/713/885
f 997/744/928 990/739/921 996/664/927
f 991/740/922 990/739/921 997/744/928
f 998/745/929 991/740/922 997/744/928
f 991/740/922 998/745/929 999/742/930
f 1000/743/931 999/742/930 998/745/929
f 1000/743/931 998/745/929 1001/746/932
f 996/664/927 954/713/885 1002/747/933
f 954/713/885 1003/669/934 1002/747/933
f 954/713/885 1004/748/935 1003/669/934
f 1005/749/936 1003/669/934 1004/748/935
f 1005/749/936 1006/667/937 1003/669/934
f 1007/750/938 1006/667/937 1005/749/936
f 1007/750/938 1005/749/936 1008/751/939
f 1009/752/940 1007/750/938 1008/751/939
f 954/713/885 953/712/884 1004/748/935
f 1004/748/935 953/712/884 1010/671/941
f 1004/748/935 1010/671/941 1005/749/936
f 1011/670/942 1005/749/936 1010/671/941
f 1005/749/936 1011/670/942 1012/753/943
f 1005/749/936 1012/753/943 1013/751/944
f 1012/753/943 1014/754/945 1013/751/944
f 1010/671/941 953/712/884 1015/720/946
f 1010/671/941 1015/720/946 1016/755/947
f 1017/672/948 1010/671/941 1016/755/947
f 1017/672/948 1016/755/947 1018/756/949
f 1011/670/942 1017/672/948 1018/756/949
f 1011/670/942 1018/756/949 1019/757/950
f 1012/753/943 1011/670/942 1019/757/950
f 1012/753/943 1019/757/950 1020/758/951
f 948/709/879 1012/753/943 1020/758/951
f 1012/753/943 948/709/879 1014/754/945
f 1014/754/945 948/709/879 1021/708/952
f 1014/754/945 1021/708/952 1022/759/953
f 1014/754/945 1022/759/953 1009/752/940
f 1009/752/940 1008/751/939 1014/754/945
f 948/709/879 1020/758/951 1023/760/954
f 1024/707/955 948/709/879 1023/760/954
f 1024/707/955 1023/760/954 1025/719/956
f 1026/761/957 998/745/929 997/744/928
f 1026/761/957 1027/762/958 998/745/929
f 998/745/929 1027/762/958 1028/763/959
f 998/745/929 1028/763/959 1029/746/960
f 1030/662/961 1027/762/958 1026/761/957
f 1030/662/961 976/661/907 1027/762/958
f 1027/762/958 976/661/907 1031/764/962
f 1027/762/958 1031/764/962 1028/763/959
f 976/661/907 981/733/912 1031/764/962
f 997/744/928 996/664/927 1032/666/963
f 1033/761/964 997/744/928 1032/666/963
f 1033/761/964 1032/666/963 1034/765/965
f 1035/662/966 1033/761/964 1034/765/965
f 1035/662/966 1034/765/965 1036/766/967
f 1037/663/968 1035/662/966 1036/766/967
f 1038/665/969 996/664/927 1039/747/970
f 1038/665/969 1039/747/970 1040/767/971
f 1039/747/970 1041/768/972 1040/767/971
f 1041/768/972 1039/747/970 1003/669/934
f 1041/768/972 1003/669/934 1042/668/973
f 1043/678/974 1044/701/974 1045/679/975
f 1043/678/974 1046/695/976 1044/701/974
f 1047/769/977 1048/770/978 1049/771/979
f 1047/769/977 1049/771/979 1050/772/980
f 1051/773/981 1050/772/980 1049/771/979
f 1051/773/981 1052/774/982 1050/772/980
f 1052/774/982 1053/775/983 1050/772/980
f 1053/775/983 1054/769/984 1050/772/980
f 1055/776/985 1054/769/984 1053/775/983
f 1055/776/985 1056/770/986 1054/769/984
f 1055/776/985 1057/777/987 1056/770/986
f 1058/778/988 1057/777/987 1055/776/985
f 1059/779/989 1052/774/982 1051/773/981
f 1059/779/989 1060/780/990 1052/774/982
f 1061/780/991 1062/779/992 1063/781/993
f 1061/780/991 1063/781/993 1064/782/994
f 1065/783/995 1064/782/994 1063/781/993
f 1065/783/995 1066/784/996 1064/782/994
f 1064/782/994 1066/784/996 1067/785/997
f 1064/782/994 1067/785/997 1068/786/998
f 1052/774/982 1064/782/994 1068/786/998
f 1052/774/982 1069/780/999 1064/782/994
f 1070/787/1000 1066/784/996 1065/783/995
f 1070/787/1000 1071/788/1001 1066/784/996
f 1072/789/1002 1066/784/996 1071/788/1001
f 1072/789/1002 1067/785/997 1066/784/996
f 1073/790/1003 1067/785/997 1072/789/1002
f 1067/785/997 1073/790/1003 1074/791/1004
f 1067/785/997 1074/791/1004 1068/786/998
f 1074/791/1004 1053/775/983 1068/786/998
f 1068/786/998 1053/775/983 1052/774/982
f 1073/790/1003 1072/789/1002 1075/792/1005
f 1073/790/1003 1075/792/1005 1076/793/1006
f 1073/790/1003 1076/793/1006 1077/794/1007
f 1058/778/988 1073/790/1003 1077/794/1007
f 1058/778/988 1074/791/1004 1073/790/1003
f 1058/778/988 1055/776/985 1074/791/1004
f 1074/791/1004 1055/776/985 1053/775/983
f 1078/769/1008 1079/770/1009 1080/777/1010
f 1078/769/1008 1080/777/1010 1081/776/1011
f 1081/776/1011 1082/775/1012 1078/769/1008
f 1082/775/1012 1083/772/1013 1078/769/1008
f 1084/778/1014 1081/776/1011 1080/777/1010
f 1084/778/1014 1085/791/1015 1081/776/1011
f 1085/791/1015 1082/775/1012 1081/776/1011
f 1085/791/1015 1086/786/1016 1082/775/1012
f 1082/775/1012 1086/786/1016 1087/774/1017
f 1082/775/1012 1087/774/1017 1083/772/1013
f 1088/773/1018 1083/772/1013 1087/774/1017
f 1088/773/1018 1089/771/1019 1083/772/1013
f 1083/772/1013 1089/771/1019 1090/770/1020
f 1083/772/1013 1090/770/1020 1091/769/1021
f 1084/778/1014 1092/790/1022 1085/791/1015
f 1093/785/1023 1085/791/1015 1092/790/1022
f 1093/785/1023 1086/786/1016 1085/791/1015
f 1093/785/1023 1094/782/1024 1086/786/1016
f 1094/782/1024 1087/774/1017 1086/786/1016
f 1094/782/1024 1095/780/1025 1087/774/1017
f 1084/778/1014 1096/794/1026 1092/790/1022
f 1092/790/1022 1096/794/1026 1097/793/1027
f 1092/790/1022 1097/793/1027 1098/792/1028
f 1092/790/1022 1098/792/1028 1099/789/1029
f 1092/790/1022 1099/789/1029 1093/785/1023
f 1100/788/1030 1093/785/1023 1099/789/1029
f 1100/788/1030 1101/784/1031 1093/785/1023
f 1093/785/1023 1101/784/1031 1094/782/1024
f 1102/787/1032 1101/784/1031 1100/788/1030
f 1102/787/1032 1103/783/1033 1101/784/1031
f 1103/783/1033 1104/782/1034 1101/784/1031
f 1103/783/1033 1105/781/1035 1104/782/1034
f 1106/780/1036 1104/782/1034 1105/781/1035
f 1106/780/1036 1105/781/1035 1107/779/1037
f 1108/779/1038 1088/773/1018 1087/774/1017
f 1108/779/1038 1087/774/1017 1109/780/1039
f 1110/795/1040 1111/796/1041 1112/797/1042
f 1110/795/1040 1112/797/1042 1113/798/1043
f 1113/798/1043 1114/799/1044 1110/795/1040
f 1113/798/1043 1115/800/1045 1114/799/1044
f 1116/801/1046 1113/798/1043 1112/797/1042
f 1117/800/1047 1113/798/1043 1116/801/1046
f 1117/800/1047 1116/801/1046 1118/802/1048
f 1116/801/1046 1112/797/1042 1119/803/1049
f 1120/804/1050 1121/805/1051 1122/806/1052
f 1120/804/1050 1122/806/1052 1123/807/1053
f 1124/808/1054 1123/807/1053 1122/806/1052
f 1124/808/1054 1125/809/1055 1123/807/1053
f 1126/802/1056 1127/807/1057 1128/809/1058
f 1126/802/1056 1129/801/1059 1127/807/1057
f 1129/801/1059 1130/804/1060 1127/807/1057
f 1129/801/1059 1131/803/1061 1130/804/1060
f 1132/810/1062 1133/811/1063 1134/812/1064
f 1132/810/1062 1135/813/1065 1133/811/1063
f 1132/810/1062 1136/814/1066 1135/813/1065
f 1132/810/1062 1137/815/1067 1136/814/1066
f 1137/815/1067 1138/816/1068 1136/814/1066
f 1137/815/1067 1139/817/1069 1138/816/1068
f 1140/818/1070 1141/819/1071 1142/820/1072
f 1140/818/1070 1143/821/1073 1141/819/1071
f 1144/822/1074 1141/819/1071 1143/821/1073
f 1144/822/1074 1143/821/1073 1145/823/1075
f 1146/824/1076 1144/822/1074 1145/823/1075
f 1147/817/1077 1144/822/1074 1146/824/1076
f 1147/817/1077 1148/815/1078 1144/822/1074
f 1149/810/1079 1144/822/1074 1148/815/1078
f 1149/810/1079 1150/819/1080 1144/822/1074
f 1150/819/1080 1149/810/1079 1151/812/1081
f 1150/819/1080 1151/812/1081 1152/820/1082
f 1146/824/1076 1145/823/1075 1153/825/1083
f 1154/826/1084 1155/821/1085 1156/818/1086
f 1154/826/1084 1157/827/1087 1155/821/1085
f 1158/828/1088 1155/821/1085 1157/827/1087
f 1158/828/1088 1159/823/1089 1155/821/1085
f 1160/829/1090 1159/823/1089 1158/828/1088
f 1160/829/1090 1161/825/1091 1159/823/1089
f 1162/795/1092 1163/796/1093 1164/797/1094
f 1162/795/1092 1164/797/1094 1165/798/1095
f 1165/798/1095 1166/799/1096 1162/795/1092
f 1165/798/1095 1167/800/1097 1166/799/1096
f 1168/801/1098 1165/798/1095 1164/797/1094
f 1169/800/1099 1165/798/1095 1168/801/1098
f 1169/800/1099 1168/801/1098 1170/802/1100
f 1168/801/1098 1164/797/1094 1171/803/1101
f 1172/804/1102 1173/805/1103 1174/806/1104
f 1172/804/1102 1174/806/1104 1175/807/1105
f 1176/808/1106 1175/807/1105 1174/806/1104
f 1176/808/1106 1177/809/1107 1175/807/1105
f 1178/802/1108 1179/807/1109 1180/809/1110
f 1178/802/1108 1181/801/1111 1179/807/1109
f 1181/801/1111 1182/804/1112 1179/807/1109
f 1181/801/1111 1183/803/1113 1182/804/1112
f 1184/830/1114 1185/831/1115 1186/832/1116
f 1184/830/1114 1186/832/1116 1187/833/1117
f 1188/834/1118 1187/833/1117 1186/832/1116
f 1188/834/1118 1186/832/1116 1189/835/1118
f 1190/836/1119 1191/837/1119 1192/838/1120
f 1190/836/1119 1193/839/1121 1191/837/1119
f 1194/834/1122 1195/836/1122 1196/838/1123
f 1194/834/1122 1197/835/1124 1195/836/1122
f 1198/832/1125 1199/830/1126 1200/831/1127
f 1198/832/1125 1201/833/1128 1199/830/1126
f 1202/835/1129 1201/833/1128 1198/832/1125
f 1202/835/1129 1203/834/1130 1201/833/1128
f 1204/836/1131 1205/837/1131 1206/838/1132
f 1204/836/1131 1207/839/1133 1205/837/1131
f 1208/836/1134 1209/834/1134 1210/835/1135
f 1208/836/1134 1211/838/1136 1209/834/1134
f 1212/812/1137 1213/811/1138 1214/813/1139
f 1212/812/1137 1214/813/1139 1215/810/1140
f 1216/819/1141 1212/812/1137 1215/810/1140
f 1216/819/1141 1217/820/1142 1212/812/1137
f 1214/813/1139 1218/815/1143 1215/810/1140
f 1214/813/1139 1219/814/1144 1218/815/1143
f 1219/814/1144 1220/817/1145 1218/815/1143
f 1219/814/1144 1221/816/1146 1220/817/1145
f 1215/810/1140 1222/822/1147 1216/819/1141
f 1215/810/1140 1223/815/1148 1222/822/1147
f 1224/817/1149 1222/822/1147 1223/815/1148
f 1224/817/1149 1225/824/1150 1222/822/1147
f 1225/824/1150 1226/823/1151 1222/822/1147
f 1222/822/1147 1226/823/1151 1227/821/1152
f 1222/822/1147 1227/821/1152 1228/819/1153
f 1229/818/1154 1228/819/1153 1227/821/1152
f 1229/818/1154 1230/820/1155 1228/819/1153
f 1225/824/1150 1231/825/1156 1226/823/1151
f 1232/818/1157 1233/827/1158 1234/826/1159
f 1232/818/1157 1235/821/1160 1233/827/1158
f 1236/823/1161 1233/827/1158 1235/821/1160
f 1236/823/1161 1237/828/1162 1233/827/1158
f 1238/825/1163 1237/828/1162 1236/823/1161
f 1238/825/1163 1239/829/1164 1237/828/1162
f 1240/840/1165 1241/841/1166 1242/842/1167
f 1240/840/1165 1243/843/1168 1241/841/1166
f 1244/844/1169 1241/841/1166 1243/843/1168
f 1244/844/1169 1245/845/1170 1241/841/1166
f 1245/845/1170 1246/846/1171 1241/841/1166
f 1245/845/1170 1247/847/1172 1246/846/1171
f 1247/847/1172 1248/848/1173 1246/846/1171
f 1243/843/1168 1240/840/1165 1249/849/1174
f 1243/843/1168 1249/849/1174 1250/850/1175
f 1250/850/1175 1244/844/1169 1243/843/1168
f 1250/850/1175 1251/851/1176 1244/844/1169
f 1244/844/1169 1251/851/1176 1252/852/1177
f 1244/844/1169 1252/852/1177 1253/853/1178
f 1245/845/1170 1244/844/1169 1253/853/1178
f 1254/854/1179 1245/845/1170 1253/853/1178
f 1254/854/1179 1247/847/1172 1245/845/1170
f 1240/840/1165 1255/855/1180 1249/849/1174
f 1240/840/1165 1256/856/1181 1255/855/1180
f 1257/857/1182 1255/855/1180 1256/856/1181
f 1257/857/1182 1256/856/1181 1258/858/1183
f 1258/858/1183 1259/859/1184 1257/857/1182
f 1258/858/1183 1260/860/1185 1259/859/1184
f 1240/840/1165 1261/861/1186 1256/856/1181
f 1256/856/1181 1261/861/1186 1258/858/1183
f 1258/858/1183 1261/861/1186 1262/862/1187
f 1258/858/1183 1262/862/1187 1260/860/1185
f 1260/860/1185 1262/862/1187 1263/863/1188
f 1264/859/1189 1260/860/1185 1263/863/1188
f 1264/859/1189 1263/863/1188 1265/864/1190
f 1266/865/1191 1265/864/1190 1263/863/1188
f 1266/865/1191 1267/866/1192 1265/864/1190
f 1266/865/1191 1263/863/1188 1262/862/1187
f 1252/852/1177 1251/851/1176 1268/867/1193
f 1268/867/1193 1269/868/1194 1252/852/1177
f 1268/867/1193 1270/869/1195 1269/868/1194
f 1269/868/1194 1270/869/1195 1271/870/1196
f 1269/868/1194 1271/870/1196 1272/871/1197
f 1271/870/1196 1273/872/1198 1272/871/1197
f 1271/870/1196 1274/873/1199 1273/872/1198
f 1273/872/1198 1274/873/1199 1275/874/1200
f 1271/870/1196 1276/875/1201 1274/873/1199
f 1276/875/1201 1271/870/1196 1277/869/1202
f 1276/875/1201 1277/869/1202 1278/876/1203
f 1276/875/1201 1278/876/1203 1279/877/1204
f 1276/875/1201 1279/877/1204 1280/878/1205
f 1280/878/1205 1281/873/1206 1276/875/1201
f 1282/879/1207 1281/873/1206 1280/878/1205
f 1278/876/1203 1277/869/1202 1283/867/1208
f 1278/876/1203 1283/867/1208 1284/880/1209
f 1278/876/1203 1284/880/1209 1285/881/1210
f 1278/876/1203 1285/881/1210 1279/877/1204
f 1285/881/1210 1286/882/1211 1279/877/1204
f 1282/879/1207 1279/877/1204 1286/882/1211
f 1282/879/1207 1280/878/1205 1279/877/1204
f 1250/850/1175 1284/880/1209 1283/867/1208
f 1284/880/1209 1250/850/1175 1249/849/1174
f 1284/880/1209 1249/849/1174 1285/881/1210
f 1287/883/1212 1285/881/1210 1249/849/1174
f 1287/883/1212 1288/884/1213 1285/881/1210
f 1289/885/1214 1285/881/1210 1288/884/1213
f 1285/881/1210 1289/885/1214 1286/882/1211
f 1250/850/1175 1283/867/1208 1251/851/1176
f 1290/886/1215 1288/884/1213 1287/883/1212
f 1290/886/1215 1287/883/1212 1291/887/1216
f 1292/888/1217 1290/886/1215 1291/887/1216
f 1292/888/1217 1291/887/1216 1293/889/1218
f 1293/889/1218 1294/890/1219 1292/888/1217
f 1293/889/1218 1295/891/1220 1294/890/1219
f 1293/889/1218 1296/892/1221 1295/891/1220
f 1293/889/1218 1297/893/1222 1296/892/1221
f 1291/887/1216 1287/883/1212 1298/894/1223
f 1291/887/1216 1298/894/1223 1299/895/1224
f 1299/895/1224 1293/889/1218 1291/887/1216
f 1299/895/1224 1300/896/1225 1293/889/1218
f 1293/889/1218 1300/896/1225 1297/893/1222
f 1287/883/1212 1249/849/1174 1298/894/1223
f 1301/897/1226 1282/879/1207 1286/882/1211
f 1301/897/1226 1286/882/1211 1302/898/1227
f 1303/899/1228 1301/897/1226 1302/898/1227
f 1303/899/1228 1304/900/1229 1301/897/1226
f 1305/901/1230 1304/900/1229 1303/899/1228
f 1305/901/1230 1306/902/1231 1304/900/1229
f 1289/885/1214 1302/898/1227 1286/882/1211
f 1289/885/1214 1307/903/1232 1302/898/1227
f 1303/899/1228 1302/898/1227 1307/903/1232
f 1303/899/1228 1307/903/1232 1308/904/1233
f 1308/904/1233 1305/901/1230 1303/899/1228
f 1308/904/1233 1309/905/1234 1305/901/1230
f 1310/906/1235 1311/907/1236 1312/908/1237
f 1310/906/1235 1312/908/1237 1313/909/1238
f 1314/910/1239 1310/906/1235 1313/909/1238
f 1314/910/1239 1313/909/1238 1315/911/1240
f 1315/911/1240 1313/909/1238 1316/912/1241
f 1315/911/1240 1316/912/1241 1317/913/1242
f 1317/913/1242 1316/912/1241 1318/914/1243
f 1317/913/1242 1318/914/1243 1319/915/1244
f 1313/909/1238 1312/908/1237 1316/912/1241
f 1316/912/1241 1312/908/1237 1318/914/1243
f 1318/914/1243 1312/908/1237 1320/907/1245
f 1318/914/1243 1320/907/1245 1321/916/1246
f 1319/915/1244 1318/914/1243 1321/916/1246
f 1319/915/1244 1321/916/1246 1322/917/1247
f 1323/840/1248 1324/842/1249 1325/841/1250
f 1323/840/1248 1325/841/1250 1326/843/1251
f 1326/843/1251 1327/849/1252 1323/840/1248
f 1328/856/1253 1323/840/1248 1327/849/1252
f 1328/856/1253 1329/861/1254 1323/840/1248
f 1328/856/1253 1330/858/1255 1329/861/1254
f 1330/858/1255 1331/862/1256 1329/861/1254
f 1325/841/1250 1332/844/1257 1326/843/1251
f 1326/843/1251 1332/844/1257 1333/851/1258
f 1326/843/1251 1333/851/1258 1334/850/1259
f 1326/843/1251 1334/850/1259 1327/849/1252
f 1335/880/1260 1327/849/1252 1334/850/1259
f 1335/880/1260 1336/881/1261 1327/849/1252
f 1337/883/1262 1327/849/1252 1336/881/1261
f 1337/883/1262 1338/894/1263 1327/849/1252
f 1325/841/1250 1339/845/1264 1332/844/1257
f 1340/846/1265 1339/845/1264 1325/841/1250
f 1340/846/1265 1341/847/1266 1339/845/1264
f 1342/854/1267 1339/845/1264 1341/847/1266
f 1342/854/1267 1343/853/1268 1339/845/1264
f 1343/853/1268 1344/844/1269 1339/845/1264
f 1344/844/1269 1343/853/1268 1345/852/1270
f 1344/844/1269 1345/852/1270 1346/851/1271
f 1347/867/1272 1346/851/1271 1345/852/1270
f 1348/848/903 1341/847/1266 1340/846/1265
f 1348/848/903 1349/918/1273 1341/847/1266
f 1349/918/1273 1342/854/1267 1341/847/1266
f 1349/918/1273 1350/919/1274 1342/854/1267
f 1350/919/1274 1349/918/1273 1351/920/1275
f 1350/919/1274 1351/920/1275 1352/921/1276
f 1350/919/1274 1352/921/1276 1353/922/1277
f 1350/919/1274 1353/922/1277 1354/923/1278
f 1355/924/1279 1349/918/1273 1348/848/903
f 1355/924/1279 1351/920/1275 1349/918/1273
f 1355/924/1279 1356/925/1280 1351/920/1275
f 1356/925/1280 1352/921/1276 1351/920/1275
f 1356/925/1280 1357/926/1281 1352/921/1276
f 1358/927/1282 1352/921/1276 1357/926/1281
f 1358/927/1282 1353/922/1277 1352/921/1276
f 1353/922/1277 1358/927/1282 1359/928/1283
f 1354/923/1278 1353/922/1277 1359/928/1283
f 1354/923/1278 1359/928/1283 1360/929/1284
f 1359/928/1283 1361/930/1285 1360/929/1284
f 1348/848/903 1362/931/1286 1355/924/1279
f 1363/932/1287 1355/924/1279 1362/931/1286
f 1363/932/1287 1364/933/1288 1355/924/1279
f 1355/924/1279 1364/933/1288 1356/925/1280
f 1356/925/1280 1364/933/1288 1365/934/1289
f 1356/925/1280 1365/934/1289 1357/926/1281
f 1365/934/1289 1366/935/1290 1357/926/1281
f 1358/927/1282 1357/926/1281 1366/935/1290
f 1367/936/1291 1362/931/1286 1348/848/903
f 1362/931/1286 1367/936/1291 1368/937/1292
f 1362/931/1286 1368/937/1292 1369/932/1293
f 1365/934/1289 1369/932/1293 1368/937/1292
f 1365/934/1289 1364/933/1288 1369/932/1293
f 1367/936/1291 1348/848/903 1370/938/1294
f 1371/939/1295 1367/936/1291 1370/938/1294
f 1371/939/1295 1372/940/1296 1367/936/1291
f 1372/940/1296 1368/937/1292 1367/936/1291
f 1372/940/1296 1373/941/1297 1368/937/1292
f 1373/941/1297 1374/942/1298 1368/937/1292
f 1365/934/1289 1368/937/1292 1374/942/1298
f 1365/934/1289 1374/942/1298 1375/943/1299
f 1365/934/1289 1375/943/1299 1366/935/1290
f 1371/939/1295 1370/938/1294 1376/944/1300
f 1376/944/1300 1377/945/1301 1371/939/1295
f 1377/945/1301 1378/946/1302 1371/939/1295
f 1378/946/1302 1372/940/1296 1371/939/1295
f 1378/946/1302 1379/947/1303 1372/940/1296
f 1373/941/1297 1372/940/1296 1379/947/1303
f 1373/941/1297 1379/947/1303 1380/948/1304
f 1381/840/1305 1377/945/1301 1376/944/1300
f 1359/928/1283 1382/949/1306 1361/930/1285
f 1347/867/1272 1345/852/1270 1383/868/1307
f 1347/867/1272 1383/868/1307 1384/869/1308
f 1383/868/1307 1385/870/1309 1384/869/1308
f 1383/868/1307 1386/871/1310 1385/870/1309
f 1387/872/1311 1385/870/1309 1386/871/1310
f 1387/872/1311 1388/873/1312 1385/870/1309
f 1387/872/1311 1389/874/1313 1388/873/1312
f 1336/881/1261 1390/884/1314 1337/883/1262
f 1391/886/1315 1337/883/1262 1390/884/1314
f 1391/886/1315 1392/887/1316 1337/883/1262
f 1392/887/1316 1338/894/1263 1337/883/1262
f 1392/887/1316 1393/895/1317 1338/894/1263
f 1394/896/1318 1393/895/1317 1392/887/1316
f 1394/896/1318 1392/887/1316 1395/889/1319
f 1395/889/1319 1396/893/1320 1394/896/1318
f 1395/889/1319 1397/892/1321 1396/893/1320
f 1392/887/1316 1391/886/1315 1398/888/1322
f 1392/887/1316 1398/888/1322 1395/889/1319
f 1395/889/1319 1398/888/1322 1399/890/1323
f 1395/889/1319 1399/890/1323 1400/891/1324
f 1395/889/1319 1400/891/1324 1397/892/1321
f 1401/867/1325 1334/850/1259 1333/851/1258
f 1401/867/1325 1335/880/1260 1334/850/1259
f 1402/876/1326 1335/880/1260 1401/867/1325
f 1402/876/1326 1336/881/1261 1335/880/1260
f 1402/876/1326 1403/877/1327 1336/881/1261
f 1404/882/1328 1336/881/1261 1403/877/1327
f 1404/882/1328 1405/885/1329 1336/881/1261
f 1406/898/1330 1405/885/1329 1404/882/1328
f 1406/898/1330 1407/903/1331 1405/885/1329
f 1402/876/1326 1401/867/1325 1408/869/1332
f 1409/870/1333 1402/876/1326 1408/869/1332
f 1409/870/1333 1410/875/1334 1402/876/1326
f 1410/875/1334 1403/877/1327 1402/876/1326
f 1410/875/1334 1411/878/1335 1403/877/1327
f 1412/879/1336 1403/877/1327 1411/878/1335
f 1412/879/1336 1404/882/1328 1403/877/1327
f 1413/897/1337 1404/882/1328 1412/879/1336
f 1413/897/1337 1406/898/1330 1404/882/1328
f 1413/897/1337 1414/899/1338 1406/898/1330
f 1406/898/1330 1414/899/1338 1415/904/1339
f 1406/898/1330 1415/904/1339 1407/903/1331
f 1410/875/1334 1409/870/1333 1416/873/1340
f 1416/873/1340 1411/878/1335 1410/875/1334
f 1412/879/1336 1411/878/1335 1416/873/1340
f 1413/897/1337 1417/900/1341 1414/899/1338
f 1418/901/1342 1414/899/1338 1417/900/1341
f 1418/901/1342 1415/904/1339 1414/899/1338
f 1418/901/1342 1419/905/1343 1415/904/1339
f 1418/901/1342 1417/900/1341 1420/902/1344
f 1328/856/1253 1327/849/1252 1421/855/1345
f 1422/857/1346 1328/856/1253 1421/855/1345
f 1422/857/1346 1330/858/1255 1328/856/1253
f 1423/859/1347 1330/858/1255 1422/857/1346
f 1423/859/1347 1424/860/1348 1330/858/1255
f 1330/858/1255 1424/860/1348 1331/862/1256
f 1424/860/1348 1425/863/1349 1331/862/1256
f 1331/862/1256 1425/863/1349 1426/865/1350
f 1426/865/1350 1425/863/1349 1427/864/1351
f 1426/865/1350 1427/864/1351 1428/866/1352
f 1423/859/1347 1425/863/1349 1424/860/1348
f 1423/859/1347 1427/864/1351 1425/863/1349
f 1429/906/1353 1430/908/1354 1431/907/1355
f 1429/906/1353 1432/909/1356 1430/908/1354
f 1432/909/1356 1433/912/1357 1430/908/1354
f 1434/911/1358 1433/912/1357 1432/909/1356
f 1434/911/1358 1435/913/1359 1433/912/1357
f 1435/913/1359 1436/914/1360 1433/912/1357
f 1433/912/1357 1436/914/1360 1437/908/1361
f 1436/914/1360 1438/907/1362 1437/908/1361
f 1439/910/1363 1432/909/1356 1429/906/1353
f 1439/910/1363 1434/911/1358 1432/909/1356
f 1436/914/1360 1440/916/1364 1438/907/1362
f 1441/915/1365 1440/916/1364 1436/914/1360
f 1441/915/1365 1442/917/1366 1440/916/1364
f 1435/913/1359 1441/915/1365 1436/914/1360
f 1443/950/1367 1444/951/1368 1445/952/1369
f 1443/950/1367 1445/952/1369 1446/950/1370
f 1447/953/1371 1443/950/1367 1446/950/1370
f 1447/953/1371 1446/950/1370 1448/954/1372
f 1449/955/1373 1447/953/1371 1448/954/1372
f 1449/955/1373 1448/954/1372 1450/956/1373
f 1451/951/1374 1452/950/1375 1453/952/1376
f 1451/951/1374 1454/950/1377 1452/950/1375
f 1454/950/1377 1455/954/1378 1452/950/1375
f 1454/950/1377 1456/953/1379 1455/954/1378
f 1456/953/1379 1457/956/1380 1455/954/1378
f 1456/953/1379 1458/955/1380 1457/956/1380
f 1459/957/1381 1460/873/1382 1461/879/1383
f 1461/879/1383 1462/958/1384 1459/957/1381
f 1461/879/1383 1463/897/1385 1462/958/1384
f 1463/897/1385 1464/959/1386 1462/958/1384
f 1463/897/1385 1465/900/1387 1464/959/1386
f 1466/960/1388 1464/959/1386 1465/900/1387
f 1466/960/1388 1465/900/1387 1467/902/1389
f 1468/840/1390 1469/944/1391 1470/945/1392
f 1471/939/1393 1470/945/1392 1469/944/1391
f 1471/939/1393 1472/946/1394 1470/945/1392
f 1472/946/1394 1471/939/1393 1473/940/1395
f 1472/946/1394 1473/940/1395 1474/947/1396
f 1475/941/1397 1474/947/1396 1473/940/1395
f 1475/941/1397 1476/948/1398 1474/947/1396
f 1469/944/1391 1477/938/1399 1471/939/1393
f 1471/939/1393 1477/938/1399 1478/936/1400
f 1471/939/1393 1478/936/1400 1473/940/1395
f 1473/940/1395 1478/936/1400 1479/937/1401
f 1473/940/1395 1479/937/1401 1475/941/1397
f 1479/937/1401 1480/942/1402 1475/941/1397
f 1480/942/1402 1479/937/1401 1481/934/1403
f 1480/942/1402 1481/934/1403 1482/943/1404
f 1483/935/1405 1482/943/1404 1481/934/1403
f 1477/938/1399 1484/931/1406 1478/936/1400
f 1484/931/1406 1479/937/1401 1478/936/1400
f 1484/931/1406 1485/932/1407 1479/937/1401
f 1481/934/1403 1479/937/1401 1485/932/1407
f 1481/934/1403 1485/932/1407 1486/933/1408
f 1487/925/1409 1481/934/1403 1486/933/1408
f 1487/925/1409 1488/926/1410 1481/934/1403
f 1483/935/1405 1481/934/1403 1488/926/1410
f 1489/927/1411 1483/935/1405 1488/926/1410
f 1477/938/1399 1248/848/1173 1484/931/1406
f 1490/924/1412 1484/931/1406 1248/848/1173
f 1485/932/1407 1484/931/1406 1490/924/1412
f 1485/932/1407 1490/924/1412 1486/933/1408
f 1487/925/1409 1486/933/1408 1490/924/1412
f 1487/925/1409 1490/924/1412 1491/920/1413
f 1487/925/1409 1491/920/1413 1492/921/1414
f 1487/925/1409 1492/921/1414 1488/926/1410
f 1489/927/1411 1488/926/1410 1492/921/1414
f 1489/927/1411 1492/921/1414 1493/922/1415
f 1493/922/1415 1494/928/1416 1489/927/1411
f 1248/848/1173 1491/920/1413 1490/924/1412
f 1248/848/1173 1495/918/1417 1491/920/1413
f 1491/920/1413 1495/918/1417 1496/919/1418
f 1491/920/1413 1496/919/1418 1492/921/1414
f 1496/919/1418 1493/922/1415 1492/921/1414
f 1496/919/1418 1497/923/1419 1493/922/1415
f 1497/923/1419 1498/928/1420 1493/922/1415
f 1497/923/1419 1499/929/1421 1498/928/1420
f 1498/928/1420 1499/929/1421 1500/930/1422
f 1498/928/1420 1500/930/1422 1501/949/1423
f 1247/847/1172 1495/918/1417 1248/848/1173
f 1495/918/1417 1247/847/1172 1254/854/1179
f 1495/918/1417 1254/854/1179 1496/919/1418
f 1500/930/1422 1502/961/1424 1501/949/1423
f 1500/930/1422 1503/962/1425 1502/961/1424
f 1504/950/1426 1502/961/1424 1503/962/1425
f 1505/949/1427 1502/961/1424 1504/950/1426
f 1505/949/1427 1504/950/1426 1506/953/1428
f 1507/963/1429 1505/949/1427 1506/953/1428
f 1508/927/1430 1505/949/1427 1507/963/1429
f 1508/927/1430 1494/928/1416 1505/949/1427
f 1504/950/1426 1503/962/1425 1509/951/1431
f 1507/963/1429 1506/953/1428 1510/955/1432
f 1511/957/1433 1512/879/1434 1513/873/1435
f 1511/957/1433 1514/897/1436 1512/879/1434
f 1511/957/1433 1515/958/1437 1514/897/1436
f 1514/897/1436 1515/958/1437 1516/959/1438
f 1514/897/1436 1516/959/1438 1517/900/1439
f 1518/960/1440 1517/900/1439 1516/959/1438
f 1518/960/1440 1519/902/1441 1517/900/1439
f 1520/951/1442 1521/962/1443 1522/961/1444
f 1520/951/1442 1522/961/1444 1523/950/1445
f 1524/953/1446 1523/950/1445 1522/961/1444
f 1524/953/1446 1522/961/1444 1525/949/1447
f 1526/963/1448 1524/953/1446 1525/949/1447
f 1526/963/1448 1527/955/1449 1524/953/1446
f 1528/927/1450 1526/963/1448 1525/949/1447
f 1528/927/1450 1525/949/1447 1359/928/1283
f 1529/959/1451 1530/960/1452 1531/964/1453
f 1529/959/1451 1531/964/1453 1532/965/1454
f 1533/966/1455 1529/959/1451 1532/965/1454
f 1533/966/1455 1534/958/1456 1529/959/1451
f 1535/957/1457 1534/958/1456 1533/966/1455
f 1535/957/1457 1533/966/1455 1536/967/1458
f 1535/957/1457 1536/967/1458 1537/968/1459
f 1535/957/1457 1537/968/1459 1538/873/1460
f 1531/964/1453 1539/969/1461 1532/965/1454
f 1532/965/1454 1539/969/1461 1536/967/1458
f 1532/965/1454 1536/967/1458 1533/966/1455
f 1531/964/1453 1540/970/1462 1539/969/1461
f 1541/971/1463 1539/969/1461 1540/970/1462
f 1536/967/1458 1539/969/1461 1541/971/1463
f 1536/967/1458 1541/971/1463 1537/968/1459
f 1541/971/1463 1542/972/1464 1537/968/1459
f 1537/968/1459 1542/972/1464 1543/874/1465
f 1537/968/1459 1543/874/1465 1538/873/1460
f 1541/971/1463 1540/970/1462 1544/973/1466
f 1544/973/1466 1545/974/1467 1541/971/1463
f 1541/971/1463 1545/974/1467 1542/972/1464
f 1544/973/1466 1546/975/1468 1545/974/1467
f 1547/894/1469 1548/849/1470 1549/855/1471
f 1547/894/1469 1549/855/1471 1550/857/1472
f 1547/894/1469 1550/857/1472 1551/895/1473
f 1552/859/1474 1551/895/1473 1550/857/1472
f 1552/859/1474 1553/896/1475 1551/895/1473
f 1553/896/1475 1552/859/1474 1554/864/1476
f 1554/864/1476 1555/893/1477 1553/896/1475
f 1554/864/1476 1556/866/1478 1555/893/1477
f 1557/840/1479 1558/945/1480 1559/861/1481
f 1560/862/1482 1559/861/1481 1558/945/1480
f 1560/862/1482 1558/945/1480 1561/946/1483
f 1562/947/1484 1560/862/1482 1561/946/1483
f 1562/947/1484 1563/865/1485 1560/862/1482
f 1562/947/1484 1564/948/1486 1563/865/1485
f 1565/904/1487 1566/891/1488 1567/905/1489
f 1565/904/1487 1568/890/1490 1566/891/1488
f 1569/888/1491 1568/890/1490 1565/904/1487
f 1570/903/1492 1569/888/1491 1565/904/1487
f 1570/903/1492 1571/886/1493 1569/888/1491
f 1570/903/1492 1572/884/1494 1571/886/1493
f 1570/903/1492 1573/885/1495 1572/884/1494
f 1574/930/1496 1575/961/1496 1576/962/1497
f 1574/930/1496 1577/949/1498 1575/961/1496
f 1578/964/1499 1579/960/1500 1580/959/1501
f 1578/964/1499 1580/959/1501 1581/965/1502
f 1578/964/1499 1581/965/1502 1582/969/1503
f 1578/964/1499 1582/969/1503 1583/970/1504
f 1584/971/1505 1583/970/1504 1582/969/1503
f 1584/971/1505 1585/973/1506 1583/970/1504
f 1586/974/1507 1585/973/1506 1584/971/1505
f 1586/974/1507 1587/975/1508 1585/973/1506
f 1580/959/1501 1588/966/1509 1581/965/1502
f 1588/966/1509 1582/969/1503 1581/965/1502
f 1588/966/1509 1589/967/1510 1582/969/1503
f 1582/969/1503 1589/967/1510 1590/968/1511
f 1582/969/1503 1590/968/1511 1584/971/1505
f 1584/971/1505 1590/968/1511 1591/972/1512
f 1584/971/1505 1591/972/1512 1586/974/1507
f 1580/959/1501 1592/958/1513 1588/966/1509
f 1593/957/1514 1588/966/1509 1592/958/1513
f 1593/957/1514 1589/967/1510 1588/966/1509
f 1593/957/1514 1590/968/1511 1589/967/1510
f 1593/957/1514 1594/873/1515 1590/968/1511
f 1595/874/1516 1590/968/1511 1594/873/1515
f 1595/874/1516 1591/972/1512 1590/968/1511
f 1596/855/1517 1597/849/1518 1598/894/1519
f 1598/894/1519 1599/857/1520 1596/855/1517
f 1598/894/1519 1600/895/1521 1599/857/1520
f 1599/857/1520 1600/895/1521 1601/896/1522
f 1599/857/1520 1601/896/1522 1602/859/1523
f 1603/864/1524 1602/859/1523 1601/896/1522
f 1601/896/1522 1604/866/1525 1603/864/1524
f 1601/896/1522 1605/893/1526 1604/866/1525
f 1606/884/1527 1607/881/1528 1608/885/1529
f 1606/884/1527 1608/885/1529 1609/903/1530
f 1606/884/1527 1609/903/1530 1610/886/1531
f 1610/886/1531 1609/903/1530 1611/904/1532
f 1610/886/1531 1611/904/1532 1612/888/1533
f 1611/904/1532 1613/890/1534 1612/888/1533
f 1611/904/1532 1614/891/1535 1613/890/1534
f 1611/904/1532 1615/905/1536 1614/891/1535
f 1616/861/1537 1617/945/1538 1618/840/1539
f 1616/861/1537 1619/946/1540 1617/945/1538
f 1616/861/1537 1331/862/1256 1619/946/1540
f 1620/947/1541 1619/946/1540 1331/862/1256
f 1331/862/1256 1621/948/1542 1620/947/1541
f 1331/862/1256 1622/865/1543 1621/948/1542
f 1623/976/1544 1624/977/1545 1625/978/1546
f 1624/977/1545 1626/979/1547 1625/978/1546
f 1624/977/1545 1627/980/1548 1626/979/1547
f 1628/981/1549 1626/979/1547 1627/980/1548
f 1628/981/1549 1627/980/1548 1629/982/1550
f 1629/982/1550 1630/983/1551 1628/981/1549
f 1629/982/1550 1631/984/1552 1630/983/1551
f 1632/985/1553 1630/983/1551 1631/984/1552
f 1632/985/1553 1631/984/1552 1633/986/1554
f 1632/985/1553 1633/986/1554 1634/987/1555
f 1635/988/1556 1634/987/1555 1633/986/1554
f 1636/989/1557 1629/982/1550 1627/980/1548
f 1636/989/1557 1637/990/1558 1629/982/1550
f 1637/990/1558 1638/984/1559 1629/982/1550
f 1637/990/1558 1639/991/1560 1638/984/1559
f 1640/992/1561 1639/991/1560 1637/990/1558
f 1640/992/1561 1641/993/1562 1639/991/1560
f 1641/993/1562 1642/994/1563 1639/991/1560
f 1643/995/1564 1637/990/1558 1636/989/1557
f 1643/995/1564 1640/992/1561 1637/990/1558
f 1636/989/1557 1644/996/1565 1643/995/1564
f 1636/989/1557 1645/997/1566 1644/996/1565
f 1644/996/1565 1645/997/1566 1646/998/1567
f 1647/976/1568 1646/998/1567 1645/997/1566
f 1647/976/1568 1645/997/1566 1648/977/1569
f 1641/993/1562 1649/999/1570 1642/994/1563
f 1650/1000/1571 1642/994/1563 1649/999/1570
f 1650/1000/1571 1651/1001/1572 1642/994/1563
f 1650/1000/1571 1635/988/1556 1651/1001/1572
f 1635/988/1556 1633/986/1554 1651/1001/1572
f 1652/976/1573 1653/1002/1574 1654/1003/1575
f 1655/1004/1576 1652/976/1573 1654/1003/1575
f 1655/1004/1576 1656/998/1577 1652/976/1573
f 1657/978/1578 1653/1002/1574 1658/976/1579
f 1657/978/1578 1659/1005/1580 1653/1002/1574
f 1659/1005/1580 1657/978/1578 1660/979/1581
f 1659/1005/1580 1660/979/1581 1661/1006/1582
f 1661/1006/1582 1660/979/1581 1662/981/1583
f 1661/1006/1582 1662/981/1583 1663/1007/1584
f 1662/981/1583 1664/1008/1585 1663/1007/1584
f 1662/981/1583 1665/983/1586 1664/1008/1585
f 1666/985/1587 1664/1008/1585 1665/983/1586
f 1666/985/1587 1667/1009/1588 1664/1008/1585
f 1666/985/1587 1668/1010/1589 1667/1009/1588
f 1666/985/1587 1669/987/1590 1668/1010/1589
f 1668/1010/1589 1669/987/1590 1670/988/1591
f 1668/1010/1589 1670/988/1591 1671/1011/1592
f 1670/988/1591 1672/1012/1593 1671/1011/1592
f 1670/988/1591 1673/1000/1594 1672/1012/1593
f 1674/999/1595 1672/1012/1593 1673/1000/1594
f 1674/999/1595 1675/1013/1596 1672/1012/1593
f 1675/1013/1596 1674/999/1595 1676/993/1597
f 1675/1013/1596 1676/993/1597 1677/1014/1598
f 1676/993/1597 1678/1015/1599 1677/1014/1598
f 1676/993/1597 1679/992/1600 1678/1015/1599
f 1678/1015/1599 1679/992/1600 1680/995/1601
f 1678/1015/1599 1680/995/1601 1681/1016/1602
f 1682/996/1603 1681/1016/1602 1680/995/1601
f 1682/996/1603 1683/1017/1604 1681/1016/1602
f 1682/996/1603 1684/1004/1605 1683/1017/1604
# 834 triangles in group

g Regroup04
f 1685/1018/1606 1686/1019/1606 1687/1020/1606
f 1688/1021/1607 1689/1022/1607 1690/1023/1607
f 1691/1024/1608 1692/1025/1609 1693/1026/1610
f 1691/1024/1608 1693/1026/1610 1694/1027/1611
f 1695/1028/1612 1694/1027/1611 1693/1026/1610
f 1696/1029/1613 1694/1027/1611 1695/1028/1612
f 1697/1030/1614 1698/1031/1615 1699/1032/1616
f 1697/1030/1614 1699/1032/1616 1700/1033/1617
f 1701/1034/1618 1697/1030/1614 1700/1033/1617
f 1701/1034/1618 1702/1035/1619 1697/1030/1614
f 1703/1036/1620 1704/1037/1621 1705/1038/1622
f 1706/1039/1623 1704/1037/1621 1703/1036/1620
f 1706/1039/1623 1707/1040/1624 1704/1037/1621
f 1708/1041/1625 1704/1037/1621 1707/1040/1624
f 1709/1042/1626 1706/1039/1623 1703/1036/1620
f 1706/1039/1623 1709/1042/1626 1710/1043/1627
f 1706/1039/1623 1710/1043/1627 1711/1044/1628
f 1711/1044/1628 1712/1045/1629 1706/1039/1623
f 1706/1039/1623 1712/1045/1629 1707/1040/1624
f 1713/1046/1630 1710/1043/1627 1709/1042/1626
f 1713/1046/1630 1709/1042/1626 1714/1047/1631
f 1713/1046/1630 1714/1047/1631 1715/1048/1632
f 1715/1048/1632 1714/1047/1631 1716/1049/1633
f 1714/1047/1631 1717/1050/1634 1716/1049/1633
f 1718/1051/1635 1716/1049/1633 1717/1050/1634
f 1719/1052/1636 1714/1047/1631 1709/1042/1626
f 1714/1047/1631 1719/1052/1636 1717/1050/1634
f 1720/1053/1637 1717/1050/1634 1719/1052/1636
f 1721/1054/1638 1722/1055/1639 1723/1056/1640
f 1721/1054/1638 1724/1057/1641 1722/1055/1639
f 1725/1058/1642 1722/1055/1639 1724/1057/1641
f 1726/1059/1643 1725/1058/1642 1724/1057/1641
f 1726/1059/1643 1727/1060/1644 1725/1058/1642
f 1728/1061/1645 1727/1060/1644 1726/1059/1643
f 1728/1061/1645 1726/1059/1643 1729/1062/1646
f 1728/1061/1645 1729/1062/1646 1730/1063/1647
f 1724/1057/1641 1721/1054/1638 1729/1062/1646
f 1724/1057/1641 1729/1062/1646 1726/1059/1643
f 1731/1064/1648 1729/1062/1646 1721/1054/1638
f 1729/1062/1646 1731/1064/1648 1732/1065/1649
f 1733/1066/1650 1729/1062/1646 1732/1065/1649
f 1733/1066/1650 1734/1067/1651 1729/1062/1646
f 1733/1066/1650 1735/1068/1652 1734/1067/1651
f 1733/1066/1650 1736/1069/1653 1735/1068/1652
f 1731/1064/1648 1737/1070/1654 1732/1065/1649
f 1738/1071/1655 1737/1070/1654 1731/1064/1648
f 1731/1064/1648 1723/1056/1640 1738/1071/1655
f 1731/1064/1648 1739/1054/1656 1723/1056/1640
f 1729/1062/1646 1740/1072/1657 1730/1063/1647
f 1729/1062/1646 1741/1073/1658 1740/1072/1657
f 1742/1074/1659 1741/1073/1658 1729/1062/1646
f 1729/1062/1646 1743/1075/1660 1742/1074/1659
f 1729/1062/1646 1744/1076/1661 1743/1075/1660
f 1744/1076/1661 1735/1068/1652 1743/1075/1660
f 1745/1077/1662 1746/594/1663 1747/1078/1664
f 1748/1079/1665 1746/594/1663 1745/1077/1662
f 1749/1080/1666 1748/1079/1665 1745/1077/1662
f 1750/1081/1667 1751/1082/1668 1752/1083/1669
f 1750/1081/1667 1753/1084/1670 1751/1082/1668
f 1754/1085/1671 1753/1084/1670 1750/1081/1667
f 1754/1085/1671 1755/1086/1672 1753/1084/1670
f 1756/1083/1673 1757/1082/1674 1758/1084/1675
f 1756/1083/1673 1758/1084/1675 1759/1087/1676
f 1760/1086/1677 1759/1087/1676 1758/1084/1675
f 1760/1086/1677 1761/1088/1678 1759/1087/1676
f 1762/1089/1679 1763/1090/1680 1764/1091/1681
f 1762/1089/1679 1764/1091/1681 1765/1092/1682
f 1766/1093/1683 1762/1089/1679 1765/1092/1682
f 1767/1094/1684 1762/1089/1679 1766/1093/1683
f 1767/1094/1684 1768/1090/1685 1762/1089/1679
f 1765/1092/1682 1769/1095/1686 1766/1093/1683
f 1766/1093/1683 1769/1095/1686 1770/1096/1687
f 1770/1096/1687 1767/1094/1684 1766/1093/1683
f 1770/1096/1687 1771/1097/1688 1767/1094/1684
f 1771/1097/1688 1772/1019/1689 1767/1094/1684
f 1767/1094/1684 1772/1019/1689 1773/1098/1690
f 1767/1094/1684 1773/1098/1690 1763/1090/1680
f 1765/1092/1682 1774/1099/1691 1769/1095/1686
f 1775/1100/1692 1769/1095/1686 1774/1099/1691
f 1775/1100/1692 1776/1101/1693 1769/1095/1686
f 1769/1095/1686 1776/1101/1693 1777/1102/1694
f 1769/1095/1686 1777/1102/1694 1770/1096/1687
f 1778/1103/1695 1770/1096/1687 1777/1102/1694
f 1778/1103/1695 1779/1104/1696 1770/1096/1687
f 1770/1096/1687 1779/1104/1696 1771/1097/1688
f 1774/1099/1691 1765/1092/1682 1780/1105/1697
f 1781/1106/1698 1774/1099/1691 1780/1105/1697
f 1781/1106/1698 1775/1100/1692 1774/1099/1691
f 1782/1107/1699 1773/1098/1690 1772/1019/1689
f 1783/1108/1700 1782/1107/1699 1772/1019/1689
f 1783/1108/1700 1772/1019/1689 1784/1109/1701
f 1772/1019/1689 1785/1110/1702 1784/1109/1701
f 1786/1111/1703 1787/1092/1704 1788/1112/1705
f 1787/1092/1704 1789/1113/1706 1788/1112/1705
f 1788/1112/1705 1789/1113/1706 1790/1102/1707
f 1788/1112/1705 1790/1102/1707 1791/1114/1708
f 1792/1115/1709 1788/1112/1705 1791/1114/1708
f 1787/1092/1704 1793/1116/1710 1789/1113/1706
f 1794/1117/1711 1789/1113/1706 1793/1116/1710
f 1795/1118/1712 1789/1113/1706 1794/1117/1711
f 1795/1118/1712 1796/1119/1713 1789/1113/1706
f 1797/1120/1714 1789/1113/1706 1796/1119/1713
f 1797/1120/1714 1790/1102/1707 1789/1113/1706
f 1793/1116/1710 1798/1121/1715 1794/1117/1711
f 1798/1121/1715 1799/1122/1716 1794/1117/1711
f 1794/1117/1711 1799/1122/1716 1800/1123/1717
f 1794/1117/1711 1800/1123/1717 1795/1118/1712
f 1800/1123/1717 1796/1119/1713 1795/1118/1712
f 1800/1123/1717 1797/1120/1714 1796/1119/1713
f 1800/1123/1717 1801/1124/1718 1797/1120/1714
f 1800/1123/1717 1799/1122/1716 1801/1124/1718
f 1798/1121/1715 1793/1116/1710 1802/1125/1719
f 1798/1121/1715 1802/1125/1719 1803/1098/1720
f 1804/1023/1721 1798/1121/1715 1803/1098/1720
f 1805/1126/1722 1798/1121/1715 1804/1023/1721
f 1805/1126/1722 1799/1122/1716 1798/1121/1715
f 1804/1023/1721 1803/1098/1720 1806/1107/1723
f 1807/1127/1724 1804/1023/1721 1806/1107/1723
f 1804/1023/1721 1807/1127/1724 1808/1128/1725
f 1808/1128/1725 1807/1127/1724 1809/1129/1726
f 1808/1128/1725 1809/1129/1726 1810/1130/1726
f 1807/1127/1724 1806/1107/1723 1811/1108/1727
f 1805/1126/1722 1804/1023/1721 1812/1022/1728
f 1813/1131/1729 1814/1132/1729 1815/1133/1730
f 1813/1131/1729 1816/1134/1731 1814/1132/1729
f 1817/1135/1732 1818/1136/1733 1819/1079/1734
f 1819/1079/1734 1818/1136/1733 1820/1137/1735
f 1821/1138/1736 1820/1137/1735 1818/1136/1733
f 1822/1139/1737 1823/1140/1738 1824/1141/1739
f 1822/1139/1737 1824/1141/1739 1825/1142/1740
f 1822/1139/1737 1825/1142/1740 1826/1143/1741
f 1822/1139/1737 1826/1143/1741 1827/1144/1742
f 1828/1091/1743 1829/1105/1743 1830/1092/1744
f 1828/1091/1743 1831/1145/1745 1829/1105/1743
f 1832/1146/1746 1833/1147/1747 1834/1148/1748
f 1832/1146/1746 1835/1149/1749 1833/1147/1747
f 1836/1150/1750 1835/1149/1749 1832/1146/1746
f 1836/1150/1750 1837/1151/1751 1835/1149/1749
f 1838/1152/1752 1839/1153/1753 1840/1154/1754
f 1838/1152/1752 1840/1154/1754 1841/1155/1755
f 1842/1156/1756 1838/1152/1752 1841/1155/1755
f 1842/1156/1756 1843/1157/1757 1838/1152/1752
f 1844/1158/1758 1845/1159/1759 1846/1160/1760
f 1845/1159/1759 1847/1161/1761 1846/1160/1760
f 1848/1162/1762 1846/1160/1760 1847/1161/1761
f 1847/1161/1761 1849/1025/1763 1848/1162/1762
f 1850/1163/1764 1851/1164/1765 1852/1165/1766
f 1850/1163/1764 1853/1166/1767 1851/1164/1765
f 1851/1164/1765 1853/1166/1767 1854/1167/1768
f 1855/1168/1769 1851/1164/1765 1854/1167/1768
f 1855/1168/1769 1854/1167/1768 1856/1169/1770
f 1855/1168/1769 1856/1169/1770 1857/1170/1771
f 1853/1166/1767 1850/1163/1764 1858/1171/1772
f 1853/1166/1767 1858/1171/1772 1859/1172/1773
f 1860/1173/1774 1853/1166/1767 1859/1172/1773
f 1860/1173/1774 1861/1174/1775 1853/1166/1767
f 1862/1175/1776 1853/1166/1767 1861/1174/1775
f 1862/1175/1776 1854/1167/1768 1853/1166/1767
f 1862/1175/1776 1856/1169/1770 1854/1167/1768
f 1862/1175/1776 1863/1176/1777 1856/1169/1770
f 1864/1177/1778 1863/1176/1777 1862/1175/1776
f 1864/1177/1778 1862/1175/1776 1865/1178/1779
f 1866/1179/1780 1859/1172/1773 1858/1171/1772
f 1859/1172/1773 1866/1179/1780 1860/1173/1774
f 1865/1178/1779 1862/1175/1776 1861/1174/1775
f 1865/1178/1779 1861/1174/1775 1867/1180/1781
f 1867/1180/1781 1861/1174/1775 1860/1173/1774
f 1868/1181/1782 1869/1182/1783 1870/1183/1784
f 1868/1181/1782 1870/1183/1784 1871/1184/1785
f 1868/1181/1782 1871/1184/1785 1872/1185/1786
f 1868/1181/1782 1872/1185/1786 1873/1186/1787
f 1874/1187/1788 1875/1188/1789 1876/1189/1790
f 1877/1190/1791 1875/1188/1789 1874/1187/1788
f 1875/1188/1789 1877/1190/1791 1878/1191/1792
f 1879/1192/1793 1878/1191/1792 1877/1190/1791
f 1880/1193/1794 1879/1192/1793 1877/1190/1791
f 1880/1193/1794 1877/1190/1791 1881/1194/1795
f 1881/1194/1795 1877/1190/1791 1874/1187/1788
f 1882/1195/1796 1883/1196/1797 1884/1139/1798
f 1882/1195/1796 1884/1139/1798 1885/1142/1799
f 1886/1143/1800 1885/1142/1799 1884/1139/1798
f 1886/1143/1800 1884/1139/1798 1887/1144/1801
f 1888/1197/1802 1889/1198/1802 1890/1199/1803
f 1888/1197/1802 1891/1200/1804 1889/1198/1802
f 1892/1201/1805 1893/1132/1805 1894/1202/1806
f 1892/1201/1805 1895/1203/1807 1893/1132/1805
f 1896/1204/1808 1897/1205/1808 1898/1206/1809
f 1896/1204/1808 1899/1207/1810 1897/1205/1808
f 1900/1208/1811 1901/1209/1812 1902/1210/1813
f 1900/1208/1811 1902/1210/1813 1903/1211/1814
f 1904/1181/1815 1900/1208/1811 1903/1211/1814
f 1904/1181/1815 1905/1212/1816 1900/1208/1811
f 1906/1213/1817 1905/1212/1816 1904/1181/1815
f 1906/1213/1817 1907/1214/1818 1905/1212/1816
f 1908/1163/1819 1909/1165/1820 1910/1164/1821
f 1908/1163/1819 1910/1164/1821 1911/1166/1822
f 1911/1166/1822 1912/1171/1823 1908/1163/1819
f 1911/1166/1822 1913/1215/1824 1912/1171/1823
f 1914/1179/1825 1912/1171/1823 1913/1215/1824
f 1914/1179/1825 1913/1215/1824 1915/1173/1826
f 1913/1215/1824 1916/1216/1827 1915/1173/1826
f 1917/1180/1828 1915/1173/1826 1916/1216/1827
f 1911/1166/1822 1910/1164/1821 1918/1217/1829
f 1918/1217/1829 1919/1218/1830 1911/1166/1822
f 1916/1216/1827 1911/1166/1822 1919/1218/1830
f 1913/1215/1824 1911/1166/1822 1916/1216/1827
f 1920/1219/1831 1919/1218/1830 1918/1217/1829
f 1921/1176/1832 1919/1218/1830 1920/1219/1831
f 1921/1176/1832 1922/1220/1833 1919/1218/1830
f 1916/1216/1827 1919/1218/1830 1922/1220/1833
f 1917/1180/1828 1916/1216/1827 1922/1220/1833
f 1917/1180/1828 1922/1220/1833 1923/1178/1834
f 1923/1178/1834 1922/1220/1833 1921/1176/1832
f 1923/1178/1834 1921/1176/1832 1924/1177/1835
f 1925/1170/1836 1920/1219/1831 1918/1217/1829
f 1926/1221/1837 1927/1032/1838 1928/1222/1839
f 1926/1221/1837 1928/1222/1839 1929/1223/1840
f 1930/1224/1841 1926/1221/1837 1929/1223/1840
f 1930/1224/1841 1929/1223/1840 1931/1225/1842
f 1932/1091/1843 1933/1116/1843 1934/1092/1844
f 1932/1091/1843 1802/1125/1719 1933/1116/1843
f 1935/1226/1845 1936/1198/1845 1937/1200/1846
f 1935/1226/1845 1938/1227/1847 1936/1198/1845
f 1939/1198/1848 1940/1197/1848 1941/1199/1849
f 1939/1198/1848 1942/1200/1850 1940/1197/1848
f 1943/1145/1851 1934/1092/1844 1944/1111/1852
f 1943/1145/1851 1945/1091/1853 1934/1092/1844
f 1771/1097/1688 1779/1104/1696 1946/1228/1854
f 1946/1228/1854 1779/1104/1696 1778/1103/1695
f 1946/1228/1854 1778/1103/1695 1947/1124/1855
f 1946/1228/1854 1947/1124/1855 1948/1122/1856
f 1949/1229/1857 1946/1228/1854 1948/1122/1856
f 1771/1097/1688 1946/1228/1854 1949/1229/1857
f 1771/1097/1688 1949/1229/1857 1772/1019/1689
f 1950/1022/1858 1772/1019/1689 1949/1229/1857
f 1951/1230/1859 1952/1231/1859 1953/1232/1859
f 1954/1233/1860 1955/1234/1861 1956/1235/1862
f 1957/1236/1863 1958/1237/1864 1959/1238/1863
f 1960/1239/1865 1961/1240/1865 1956/1235/1862
f 1962/1241/1866 1963/1242/1867 1964/1243/1867
f 1965/1244/1868 1966/1245/1869 1967/1246/1869
f 1968/1247/1870 1969/1248/1870 1970/1249/1870
f 1971/1249/1871 1972/1248/1872 1973/1250/1873
f 1974/1251/1874 1975/1252/1875 1976/1235/1874
f 1977/1253/1876 1978/1254/1877 1979/1255/1878
f 1980/1256/1879 1981/1257/1879 1982/1234/1880
f 1983/1258/1881 1984/1259/1881 1985/1260/1881
f 1982/1234/1880 1986/1233/1882 1987/1235/1882
f 1988/1255/1883 1989/1254/1883 1990/1261/1883
f 1991/1262/1884 1992/1263/1884 1993/1264/1884
f 1994/1261/1885 1995/1252/1885 1996/1251/1885
f 1997/1231/1886 1998/1265/1887 1999/1232/1888
f 1999/1232/1888 1998/1265/1887 2000/1266/1889
f 2000/1266/1889 1998/1265/1887 2001/1267/1890
f 2002/1268/1891 2000/1266/1889 2001/1267/1890
f 2003/1264/1892 2004/1269/1893 2005/1260/1894
f 2004/1269/1893 2006/1270/1895 2005/1260/1894
f 2007/1240/1896 2005/1260/1894 2006/1270/1895
f 2008/1239/1897 2005/1260/1894 2007/1240/1896
f 2009/1259/1898 2005/1260/1894 2008/1239/1897
f 2005/1260/1894 2009/1259/1898 2010/1258/1899
f 2011/1255/1900 2006/1270/1895 2004/1269/1893
f 2012/1271/1901 2006/1270/1895 2011/1255/1900
f 2012/1271/1901 2011/1255/1900 2013/1253/1902
f 2012/1271/1901 2013/1253/1902 2014/1272/1903
f 2015/1273/1904 2012/1271/1901 2014/1272/1903
f 2015/1273/1904 2016/1274/1905 2012/1271/1901
f 2004/1269/1893 2017/1275/1906 2011/1255/1900
f 2017/1275/1906 2018/1254/1907 2011/1255/1900
f 2011/1255/1900 2018/1254/1907 2019/1253/1908
f 2004/1269/1893 2020/1264/1909 2017/1275/1906
f 2016/1274/1905 2015/1273/1904 2021/1276/1910
f 2016/1274/1905 2021/1276/1910 2022/1277/1911
f 2023/1278/1912 2022/1277/1911 2021/1276/1910
f 2023/1278/1912 2024/1279/1913 2022/1277/1911
f 2007/1240/1896 2006/1270/1895 2025/1271/1914
f 2025/1271/1914 2026/1280/1915 2007/1240/1896
f 2026/1280/1915 2027/1281/1916 2007/1240/1896
f 2027/1281/1916 2028/1282/1917 2007/1240/1896
f 2007/1240/1896 2028/1282/1917 2029/1283/1918
f 2030/1235/1919 2007/1240/1896 2029/1283/1918
f 2031/1284/1920 2032/1285/1920 2033/1286/1921
f 2031/1284/1920 2034/1287/1922 2032/1285/1920
f 2035/1286/1923 2036/1285/1924 2037/1288/1925
f 2035/1286/1923 2037/1288/1925 2038/1289/1926
f 2035/1286/1923 2038/1289/1926 2039/1290/1927
f 2035/1286/1923 2039/1290/1927 2040/1291/1928
f 2039/1290/1927 2041/1292/1929 2040/1291/1928
f 2039/1290/1927 2042/1293/1930 2041/1292/1929
f 2041/1292/1929 2042/1293/1930 2043/1294/1931
f 2044/1257/1932 2045/1250/1933 2046/1295/1934
f 2044/1257/1932 2047/1296/1935 2045/1250/1933
f 2048/1268/1936 2049/1267/1937 2050/1266/1938
f 2050/1266/1938 2049/1267/1937 2051/1265/1939
f 2051/1265/1939 2052/1297/1940 2050/1266/1938
f 2051/1265/1939 2053/1298/1941 2052/1297/1940
f 2054/1299/1942 2053/1298/1941 2051/1265/1939
f 2045/1250/1933 2055/1248/1943 2056/1249/1944
f 2056/1249/1944 2055/1248/1943 2057/1247/1945
f 2057/1247/1945 2058/1300/1946 2056/1249/1944
f 2058/1300/1946 2057/1247/1945 2059/228/1947
f 2060/1301/1948 2058/1300/1946 2059/228/1947
f 2061/1302/1949 2058/1300/1946 2060/1301/1948
f 2061/1302/1949 2062/1303/1950 2058/1300/1946
f 2062/1303/1950 2063/1249/1951 2058/1300/1946
f 2062/1303/1950 2064/1250/1952 2063/1249/1951
f 2018/1254/1907 2061/1302/1949 2060/1301/1948
f 2018/1254/1907 2065/1252/1953 2061/1302/1949
f 2065/1252/1953 2066/1304/1954 2061/1302/1949
f 2066/1304/1954 2065/1252/1953 2067/1235/1955
f 2067/1235/1955 2068/1256/1956 2066/1304/1954
f 2067/1235/1955 2069/1234/1957 2068/1256/1956
f 2065/1252/1953 2018/1254/1907 2017/1275/1906
f 2070/1251/1958 2065/1252/1953 2017/1275/1906
f 2071/1235/1959 2065/1252/1953 2070/1251/1958
f 2070/1251/1958 2017/1275/1906 2072/1263/1960
f 2073/1264/1961 2072/1263/1960 2017/1275/1906
f 2074/1305/1962 2075/1306/1963 2076/1307/1964
f 2074/1305/1962 2076/1307/1964 2077/1308/1965
f 2078/1309/1966 2077/1308/1965 2076/1307/1964
f 2078/1309/1966 2076/1307/1964 2079/1310/1967
f 2080/1289/1968 2081/1311/1969 2082/1285/1970
f 2080/1289/1968 2082/1285/1970 2083/1286/1971
f 2083/1286/1971 2084/1290/1972 2080/1289/1968
f 2083/1286/1971 2085/1312/1973 2084/1290/1972
f 2084/1290/1972 2085/1312/1973 2086/1313/1974
f 2084/1290/1972 2086/1313/1974 2087/1314/1975
f 2086/1313/1974 2088/228/1976 2087/1314/1975
f 2089/1267/1977 2090/1265/1978 2091/1315/1979
f 2091/1315/1979 2090/1265/1978 2092/1231/1980
f 2091/1315/1979 2092/1231/1980 2093/1316/1981
f 2093/1316/1981 2094/1317/1982 2091/1315/1979
f 2094/1317/1982 2093/1316/1981 2095/1318/1983
f 2096/1319/1984 2094/1317/1982 2095/1318/1983
f 2097/1320/1985 2094/1317/1982 2096/1319/1984
f 2097/1320/1985 2098/1315/1986 2094/1317/1982
f 2097/1320/1985 2099/1321/1987 2098/1315/1986
f 2092/1231/1980 2100/1322/1988 2093/1316/1981
f 2095/1318/1983 2093/1316/1981 2100/1322/1988
f 2101/1323/1989 2095/1318/1983 2100/1322/1988
f 2102/1324/1990 2095/1318/1983 2101/1323/1989
f 2096/1319/1984 2095/1318/1983 2102/1324/1990
f 2096/1319/1984 2102/1324/1990 2103/1325/1991
f 2096/1319/1984 2103/1325/1991 2104/1326/1992
f 2104/1326/1992 2097/1320/1985 2096/1319/1984
f 2105/1327/1993 2097/1320/1985 2104/1326/1992
f 2097/1320/1985 2105/1327/1993 2106/1328/1994
f 2097/1320/1985 2106/1328/1994 2107/1321/1995
f 2108/1329/1996 2104/1326/1992 2103/1325/1991
f 2104/1326/1992 2108/1329/1996 2109/1330/1997
f 2104/1326/1992 2109/1330/1997 2110/1331/1998
f 2111/1332/1999 2104/1326/1992 2110/1331/1998
f 2103/1325/1991 2112/1333/2000 2108/1329/1996
f 2112/1333/2000 2109/1330/1997 2108/1329/1996
f 2103/1325/1991 2113/1334/2001 2112/1333/2000
f 2106/1328/1994 2105/1327/1993 2114/1335/2002
f 2115/1332/2003 2114/1335/2002 2105/1327/1993
f 2115/1332/2003 2105/1327/1993 2104/1326/1992
f 2116/1336/2004 2117/1337/2005 2079/1310/1967
f 2116/1336/2004 2079/1310/1967 2118/1338/2006
f 2116/1336/2004 2118/1338/2006 2119/1339/2007
f 2119/1339/2007 2120/1340/2008 2116/1336/2004
f 2120/1340/2008 2119/1339/2007 2121/1341/2009
f 2122/1342/2010 2121/1341/2009 2119/1339/2007
f 2121/1341/2009 2122/1342/2010 2123/1343/2011
f 2124/1324/2012 2125/1319/2013 2126/1325/2014
f 2125/1319/2013 2124/1324/2012 2127/1318/2015
f 2125/1319/2013 2127/1318/2015 2128/1317/2016
f 2125/1319/2013 2128/1317/2016 2129/1315/2017
f 2125/1319/2013 2129/1315/2017 2130/1321/2018
f 2124/1324/2012 2131/1323/2019 2127/1318/2015
f 2132/1322/2020 2127/1318/2015 2131/1323/2019
f 2132/1322/2020 2133/1316/2021 2127/1318/2015
f 2128/1317/2016 2127/1318/2015 2133/1316/2021
f 2128/1317/2016 2133/1316/2021 2129/1315/2017
f 2129/1315/2017 2133/1316/2021 2134/1299/2022
f 2129/1315/2017 2134/1299/2022 2135/1265/2023
f 2136/1267/2024 2129/1315/2017 2135/1265/2023
f 2134/1299/2022 2133/1316/2021 2132/1322/2020
f 2137/1344/2025 1965/1244/1868 2138/1345/2026
f 2137/1344/2025 2139/1346/2027 1965/1244/1868
f 2140/1347/2028 2141/1348/2029 2142/1349/2030
f 2143/1350/2031 2140/1347/2028 2142/1349/2030
f 2144/1351/2032 2140/1347/2028 2143/1350/2031
f 2144/1351/2032 2143/1350/2031 2145/1352/2033
f 2146/950/2034 2144/1351/2032 2145/1352/2033
f 2146/950/2034 2145/1352/2033 2147/1353/2035
f 2147/1353/2035 2148/1354/2036 2146/950/2034
f 2148/1354/2036 2149/1355/2037 2146/950/2034
f 2143/1350/2031 2142/1349/2030 2150/1356/2038
f 2147/1353/2035 2151/1357/2039 2148/1354/2036
f 2152/1358/2040 2153/1359/2041 2154/1360/2042
f 2153/1359/2041 2155/1361/2043 2154/1360/2042
f 2153/1359/2041 2156/1362/2044 2155/1361/2043
f 2153/1359/2041 2157/1363/2045 2156/1362/2044
f 2153/1359/2041 2158/1364/2046 2157/1363/2045
f 2159/1365/2047 2157/1363/2045 2158/1364/2046
f 2159/1365/2047 2158/1364/2046 2160/1366/2048
f 2161/1367/2049 2159/1365/2047 2160/1366/2048
f 2162/1368/2050 2159/1365/2047 2161/1367/2049
f 2162/1368/2050 2163/1369/2051 2159/1365/2047
f 2164/1370/2052 2158/1364/2046 2153/1359/2041
f 2165/1371/2053 2158/1364/2046 2164/1370/2052
f 2165/1371/2053 2160/1366/2048 2158/1364/2046
f 2166/1372/2054 2163/1369/2051 2162/1368/2050
f 2166/1372/2054 2167/1373/2055 2163/1369/2051
f 2168/1360/2056 2167/1373/2055 2166/1372/2054
f 2168/1360/2056 2169/1361/2057 2167/1373/2055
f 2166/1372/2054 2170/1358/2058 2168/1360/2056
f 2166/1372/2054 2171/1374/2059 2170/1358/2058
f 2172/1287/2060 2173/1286/2060 2174/1285/2061
f 2172/1287/2060 2175/1375/2062 2173/1286/2060
f 2176/1278/2063 2177/1375/2063 2178/1287/2064
f 2176/1278/2063 2179/1276/2065 2177/1375/2063
f 2180/1376/2066 2181/1377/2067 2182/1378/2068
f 2180/1376/2066 2182/1378/2068 2183/1379/2069
f 2182/1378/2068 2184/1380/2070 2183/1379/2069
f 2183/1379/2069 2184/1380/2070 2185/1381/2071
f 2186/1382/2072 2183/1379/2069 2185/1381/2071
f 2187/1383/2073 2183/1379/2069 2186/1382/2072
f 2185/1381/2071 2184/1380/2070 2188/1384/2074
f 2185/1381/2071 2188/1384/2074 2189/1385/2075
f 2190/1386/2076 2189/1385/2075 2188/1384/2074
f 2190/1386/2076 2191/1387/2077 2189/1385/2075
f 2190/1386/2076 2192/1388/2078 2191/1387/2077
f 2191/1387/2077 2192/1388/2078 2193/1389/2079
f 2191/1387/2077 2193/1389/2079 2194/1390/2080
f 2191/1387/2077 2194/1390/2080 2195/1391/2081
f 2191/1387/2077 2195/1391/2081 2196/1392/2082
f 2191/1387/2077 2196/1392/2082 2197/1385/2083
f 2198/1381/2084 2197/1385/2083 2196/1392/2082
f 2199/1393/2085 2193/1389/2079 2192/1388/2078
f 2199/1393/2085 2192/1388/2078 2200/1394/2086
f 2187/1383/2073 2186/1382/2072 2201/1395/2087
f 2187/1383/2073 2201/1395/2087 2202/1396/2088
f 2203/1397/2089 2187/1383/2073 2202/1396/2088
f 2203/1397/2089 2204/1398/2090 2187/1383/2073
f 2187/1383/2073 2204/1398/2090 2205/1399/2091
f 2187/1383/2073 2205/1399/2091 2206/1400/2092
f 2205/1399/2091 2207/1401/2093 2206/1400/2092
f 2206/1400/2092 2207/1401/2093 2208/1402/2094
f 2207/1401/2093 2205/1399/2091 2209/1403/2095
f 2207/1401/2093 2209/1403/2095 2210/1404/2096
f 2211/1405/2097 2210/1404/2096 2209/1403/2095
f 2212/1406/2098 2211/1405/2097 2209/1403/2095
f 2212/1406/2098 2209/1403/2095 2213/1407/2099
f 2213/1407/2099 2214/1408/2100 2212/1406/2098
f 2213/1407/2099 2215/1409/2101 2214/1408/2100
f 2216/1410/2102 2214/1408/2100 2215/1409/2101
f 2216/1410/2102 2217/1411/2103 2214/1408/2100
f 2218/1412/2104 2219/1413/2105 2220/1414/2106
f 2218/1412/2104 2220/1414/2106 2221/1415/2107
f 2222/1416/2108 2218/1412/2104 2221/1415/2107
f 2222/1416/2108 2223/1417/2109 2218/1412/2104
f 2223/1417/2109 2224/1418/2110 2218/1412/2104
f 2220/1414/2106 2225/1419/2111 2221/1415/2107
f 2226/1420/2112 2221/1415/2107 2225/1419/2111
f 2226/1420/2112 2222/1416/2108 2221/1415/2107
f 2220/1414/2106 2227/1421/2113 2225/1419/2111
f 2225/1419/2111 2227/1421/2113 2228/1422/2114
f 2225/1419/2111 2228/1422/2114 2229/1423/2115
f 2226/1420/2112 2225/1419/2111 2229/1423/2115
f 2226/1420/2112 2229/1423/2115 2230/1424/2116
f 2231/1425/2117 2230/1424/2116 2229/1423/2115
f 2228/1422/2114 2231/1425/2117 2229/1423/2115
f 2228/1422/2114 2232/1426/2118 2231/1425/2117
f 2233/1426/2119 2234/1427/2120 2231/1425/2117
f 2234/1427/2120 2235/1428/2121 2231/1425/2117
f 2236/1399/2122 2231/1425/2117 2235/1428/2121
f 2236/1399/2122 2237/1424/2123 2231/1425/2117
f 2236/1399/2122 2238/1398/2124 2237/1424/2123
f 2239/1429/2125 2237/1424/2123 2238/1398/2124
f 2234/1427/2120 2240/1430/2126 2235/1428/2121
f 2241/1431/2127 2235/1428/2121 2240/1430/2126
f 2241/1431/2127 2242/1432/2128 2235/1428/2121
f 2243/1407/2129 2235/1428/2121 2242/1432/2128
f 2243/1407/2129 2244/1403/2130 2235/1428/2121
f 2236/1399/2122 2235/1428/2121 2244/1403/2130
f 2241/1431/2127 2245/1433/2131 2242/1432/2128
f 2245/1433/2131 2246/1434/2132 2242/1432/2128
f 2243/1407/2129 2242/1432/2128 2246/1434/2132
f 2243/1407/2129 2246/1434/2132 2247/1409/2133
f 2248/1435/2134 2246/1434/2132 2245/1433/2131
f 2248/1435/2134 2245/1433/2131 2249/1436/2135
f 2248/1435/2134 2249/1436/2135 2250/1437/2136
f 2249/1436/2135 2251/1438/2137 2250/1437/2136
f 2252/1439/2138 2250/1437/2136 2251/1438/2137
f 2252/1439/2138 2251/1438/2137 2253/1440/2139
f 2252/1439/2138 2253/1440/2139 2254/1441/2140
f 2239/1429/2125 2238/1398/2124 2255/1397/2141
f 2256/1442/2142 2239/1429/2125 2255/1397/2141
f 2256/1442/2142 2138/1345/2026 2239/1429/2125
f 2257/1443/2143 2258/1444/2144 2259/1445/2145
f 2260/1446/2146 2258/1444/2144 2257/1443/2143
f 2261/1447/2147 2260/1446/2146 2257/1443/2143
f 2261/1447/2147 2257/1443/2143 2262/1448/2148
f 2263/1449/2149 2264/1450/2150 2260/1446/2146
f 2265/1451/2151 2260/1446/2146 2264/1450/2150
f 2265/1451/2151 2266/1444/2152 2260/1446/2146
f 2265/1451/2151 2267/1445/2153 2266/1444/2152
f 2265/1451/2151 2268/1452/2154 2267/1445/2153
f 2269/1344/2155 2270/1345/2156 2271/1453/2156
f 2272/1442/2157 2271/1453/2156 2270/1345/2156
f 2273/1448/2158 2274/1454/2158 2261/1447/2147
f 2273/1448/2158 2275/1455/2159 2274/1454/2158
f 2276/1456/2160 2277/1457/2161 2278/1458/2162
f 2276/1456/2160 2278/1458/2162 2279/1459/2163
f 2279/1459/2163 2278/1458/2162 2280/1460/2164
f 2279/1459/2163 2280/1460/2164 2281/1450/2165
f 2281/1450/2165 2280/1460/2164 2282/1451/2166
f 2283/1452/2167 2282/1451/2166 2280/1460/2164
f 2075/1306/1963 2284/1461/2168 2285/1462/2169
f 2075/1306/1963 2285/1462/2169 2286/1463/2170
f 2286/1463/2170 2285/1462/2169 2287/1464/2171
f 2288/1465/2172 2287/1464/2171 2285/1462/2169
f 2288/1465/2172 2289/1466/2173 2287/1464/2171
f 2289/1466/2173 2290/1467/2174 2287/1464/2171
f 2287/1464/2171 2290/1467/2174 2291/1468/2175
f 2292/1469/2176 2291/1468/2175 2290/1467/2174
f 2292/1469/2176 2293/1470/2177 2291/1468/2175
f 2294/1471/2178 2295/1472/2179 2296/1473/2180
f 2294/1471/2178 2297/1474/2181 2295/1472/2179
f 2294/1471/2178 2298/1475/2182 2297/1474/2181
f 2299/1476/2183 2298/1475/2182 2294/1471/2178
f 2300/1477/2184 2298/1475/2182 2299/1476/2183
f 2301/1478/2185 2298/1475/2182 2300/1477/2184
f 2301/1478/2185 2302/1479/2186 2298/1475/2182
f 2301/1478/2185 2194/1390/2080 2302/1479/2186
f 2301/1478/2185 2195/1391/2081 2194/1390/2080
f 2301/1478/2185 2196/1392/2082 2195/1391/2081
f 2301/1478/2185 2303/1480/2187 2196/1392/2082
f 2196/1392/2082 2303/1480/2187 2304/1481/2188
f 2196/1392/2082 2304/1481/2188 2305/1482/2189
f 2198/1381/2084 2196/1392/2082 2305/1482/2189
f 2198/1381/2084 2305/1482/2189 2306/1382/2190
f 2306/1382/2190 2305/1482/2189 2307/1483/2191
f 2308/1484/2192 2306/1382/2190 2307/1483/2191
f 2308/1484/2192 2309/1395/2193 2306/1382/2190
f 2310/1485/2194 2309/1395/2193 2308/1484/2192
f 2305/1482/2189 2304/1481/2188 2311/1486/2195
f 2311/1486/2195 2307/1483/2191 2305/1482/2189
f 2312/1487/2196 2307/1483/2191 2311/1486/2195
f 2312/1487/2196 2313/1488/2197 2307/1483/2191
f 2312/1487/2196 2314/1489/2198 2313/1488/2197
f 2314/1489/2198 2312/1487/2196 2315/1490/2199
f 2316/1491/2200 2311/1486/2195 2304/1481/2188
f 2311/1486/2195 2316/1491/2200 2317/1492/2201
f 2311/1486/2195 2317/1492/2201 2312/1487/2196
f 2317/1492/2201 2315/1490/2199 2312/1487/2196
f 2317/1492/2201 2318/1493/2202 2315/1490/2199
f 2315/1490/2199 2318/1493/2202 2319/1494/2203
f 2315/1490/2199 2319/1494/2203 2320/1495/2204
f 2321/1489/2205 2315/1490/2199 2320/1495/2204
f 2321/1489/2205 2320/1495/2204 2322/1496/2206
f 2322/1496/2206 2320/1495/2204 2323/1497/2207
f 2322/1496/2206 2323/1497/2207 2324/1498/2208
f 2310/1485/2194 2308/1484/2192 2325/1499/2209
f 2310/1485/2194 2325/1499/2209 2326/1500/2210
f 2326/1500/2210 2325/1499/2209 2327/1501/2211
f 1962/1241/1866 2327/1501/2211 2325/1499/2209
f 1962/1241/1866 2328/1502/2212 2327/1501/2211
f 2064/1250/1952 2329/1503/2213 2330/1295/2214
f 2331/1504/2215 2330/1295/2214 2329/1503/2213
f 2061/1302/1949 2331/1504/2215 2329/1503/2213
f 2332/1505/2216 2333/1506/2217 2334/1507/2218
f 2333/1506/2217 2332/1505/2216 2335/1508/2219
f 2336/1509/2220 2335/1508/2219 2332/1505/2216
f 2337/1510/2221 2335/1508/2219 2336/1509/2220
f 2337/1510/2221 2338/1511/2222 2335/1508/2219
f 2338/1511/2222 2337/1510/2221 2339/1512/2223
f 2338/1511/2222 2339/1512/2223 2340/1513/2224
f 2341/1238/2225 2342/1331/2226 2343/1236/2227
f 2343/1236/2227 2342/1331/2226 2344/1330/2228
f 2344/1330/2228 2345/1329/2229 2343/1236/2227
f 2346/1319/2230 2343/1236/2227 2345/1329/2229
f 2346/1319/2230 1958/1237/1864 2343/1236/2227
f 2347/1321/2231 1958/1237/1864 2346/1319/2230
f 2347/1321/2231 2348/1327/2232 1958/1237/1864
f 2348/1327/2232 2349/1335/2233 1958/1237/1864
f 2349/1335/2233 2348/1327/2232 2350/1328/2234
f 2351/1333/2235 2345/1329/2229 2344/1330/2228
f 2351/1333/2235 2352/1325/2236 2345/1329/2229
f 2346/1319/2230 2345/1329/2229 2352/1325/2236
f 2347/1321/2231 2350/1328/2234 2348/1327/2232
f 2353/1514/2237 2336/1509/2220 2354/1515/2238
f 2354/1515/2238 2336/1509/2220 2355/1505/2239
f 2354/1515/2238 2355/1505/2239 2356/1516/2240
f 2355/1505/2239 2357/1517/2241 2356/1516/2240
f 2355/1505/2239 2358/1507/2242 2357/1517/2241
f 2359/1518/2243 2360/1519/2244 2061/1302/1949
f 2360/1519/2244 2359/1518/2243 2330/1295/2214
f 2361/1520/2245 2330/1295/2214 2359/1518/2243
f 2362/1521/2246 2363/1522/2247 2364/1523/2248
f 2362/1521/2246 2365/1524/2249 2363/1522/2247
f 2365/1524/2249 2366/1525/2250 2363/1522/2247
f 2365/1524/2249 2367/1515/2251 2366/1525/2250
f 2367/1515/2251 2368/1516/2252 2366/1525/2250
f 2366/1525/2250 2368/1516/2252 2369/1517/2253
f 2370/1278/2254 2371/1277/2255 2372/1526/2256
f 2370/1278/2254 2373/1276/2257 2371/1277/2255
f 2371/1277/2255 2373/1276/2257 2374/1527/2258
f 2371/1277/2255 2374/1527/2258 2375/1274/2259
f 2376/1528/2260 2375/1274/2259 2374/1527/2258
f 2376/1528/2260 2377/1529/2261 2375/1274/2259
f 2377/1529/2261 2376/1528/2260 2378/1530/2262
f 2379/1256/2263 2380/1234/2264 2381/1304/2265
f 2381/1304/2265 2380/1234/2264 2382/1235/2266
f 2382/1235/2266 1975/1252/1875 2381/1304/2265
f 2383/1302/2267 2381/1304/2265 1975/1252/1875
f 2383/1302/2267 1975/1252/1875 1978/1254/1877
f 2384/1301/2268 2383/1302/2267 1978/1254/1877
f 2384/1301/2268 2385/1300/2269 2383/1302/2267
f 2385/1300/2269 2386/1303/2270 2383/1302/2267
f 2385/1300/2269 2387/1249/2271 2386/1303/2270
f 2387/1249/2271 2388/1250/2272 2386/1303/2270
f 2389/1261/2273 1978/1254/1877 1975/1252/1875
f 2390/228/2274 2385/1300/2269 2384/1301/2268
f 2390/228/2274 2391/1247/2275 2385/1300/2269
f 1971/1249/1871 2385/1300/2269 2391/1247/2275
f 2392/1257/2276 2393/1256/2277 2394/1295/2278
f 2394/1295/2278 2395/1296/2279 2392/1257/2276
f 2394/1295/2278 1973/1250/1873 2395/1296/2279
f 2396/1263/2280 2397/1261/2280 2398/1251/2281
f 2396/1263/2280 2399/1262/2282 2397/1261/2280
f 2400/1257/2283 2401/1256/2283 1955/1234/1861
f 2400/1257/2283 2046/1295/1934 2401/1256/2283
f 1979/1255/1878 2389/1261/2273 2402/1262/2284
f 1979/1255/1878 2402/1262/2284 2403/1269/2285
f 2403/1269/2285 2404/1270/2286 1979/1255/1878
f 2405/1253/2287 1979/1255/1878 2404/1270/2286
f 2405/1253/2287 2404/1270/2286 2406/1531/2287
f 2402/1262/2284 2407/1264/2288 2403/1269/2285
f 2408/1260/2289 2403/1269/2285 2409/1264/2290
f 2408/1260/2289 2404/1270/2286 2403/1269/2285
f 2404/1270/2286 2408/1260/2289 2410/1240/2291
f 2411/1531/2292 2404/1270/2286 2410/1240/2291
f 2410/1240/2291 2412/1280/2293 2411/1531/2292
f 2410/1240/2291 2413/1281/2294 2412/1280/2293
f 2410/1240/2291 2414/1282/2295 2413/1281/2294
f 2415/1283/2296 2414/1282/2295 2410/1240/2291
f 2410/1240/2291 2408/1260/2289 2416/1239/2297
f 2416/1239/2297 2408/1260/2289 2417/1259/2298
f 2410/1240/2291 2418/1251/2299 2415/1283/2296
f 2415/1283/2296 2418/1251/2299 2419/1235/2300
f 2420/1503/2301 2421/1504/2302 2383/1302/2267
f 2420/1503/2301 2422/1295/2303 2421/1504/2302
f 2422/1295/2303 2420/1503/2301 2388/1250/2272
f 2034/1287/1922 2423/1276/2304 2424/1278/2305
f 2034/1287/1922 2425/1284/2306 2423/1276/2304
f 2383/1302/2267 2426/1519/2307 2427/1518/2307
f 2422/1295/2303 2427/1518/2307 2426/1519/2307
f 2428/1532/2308 2429/1533/2308 2430/1534/2308
f 2431/1535/2309 2432/1536/2310 2433/1537/2311
f 2434/1538/2312 2435/1539/2312 2436/1540/2312
f 2437/1541/2313 2438/1542/2313 2439/1543/2314
f 2440/1542/2315 2441/1541/2316 2442/1544/2317
f 2443/1545/2318 2444/1546/2319 2445/1547/2318
f 2446/1548/2320 2447/1549/2321 2448/1550/2322
f 2446/1548/2320 2448/1550/2322 2449/1551/2323
f 2446/1548/2320 2449/1551/2323 2450/1552/2324
f 2446/1548/2320 2450/1552/2324 2451/1553/2325
f 2452/1554/2326 2449/1551/2323 2448/1550/2322
f 2452/1554/2326 2453/1555/2327 2449/1551/2323
f 2454/1539/2328 2449/1551/2323 2453/1555/2327
f 2454/1539/2328 2450/1552/2324 2449/1551/2323
f 2450/1552/2324 2454/1539/2328 2455/1540/2329
f 2450/1552/2324 2455/1540/2329 2456/1556/2330
f 2452/1554/2326 2457/1557/2331 2453/1555/2327
f 2454/1539/2328 2453/1555/2327 2457/1557/2331
f 2454/1539/2328 2457/1557/2331 2458/1538/2332
f 2457/1557/2331 2459/1542/2333 2458/1538/2332
f 2458/1538/2332 2459/1542/2333 2460/1558/2334
f 2458/1538/2332 2460/1558/2334 2461/1559/2335
f 2461/1559/2335 2455/1540/2329 2458/1538/2332
f 2452/1554/2326 2462/1560/2336 2457/1557/2331
f 2462/1560/2336 2463/1561/2337 2457/1557/2331
f 2457/1557/2331 2463/1561/2337 2459/1542/2333
f 2462/1560/2336 2464/1562/2338 2463/1561/2337
f 2465/1563/2339 2466/1564/2340 2467/1565/2341
f 2465/1563/2339 2467/1565/2341 2468/1566/2342
f 2469/1567/2343 2465/1563/2339 2468/1566/2342
f 2470/1568/2344 2469/1567/2343 2468/1566/2342
f 2470/1568/2344 2468/1566/2342 2471/1569/2345
f 2472/1570/2346 2471/1569/2345 2468/1566/2342
f 2472/1570/2346 2473/1571/2347 2471/1569/2345
f 2474/1572/2348 2468/1566/2342 2467/1565/2341
f 2474/1572/2348 2472/1570/2346 2468/1566/2342
f 2474/1572/2348 2467/1565/2341 2475/1573/2349
f 2476/1574/2350 2477/1575/2351 2478/1576/2352
f 2476/1574/2350 2478/1576/2352 2479/1577/2353
f 2479/1577/2353 2478/1576/2352 2480/1578/2354
f 2479/1577/2353 2480/1578/2354 2481/1579/2355
f 2482/1580/2356 2481/1579/2355 2480/1578/2354
f 2482/1580/2356 2480/1578/2354 2483/1581/2357
f 2482/1580/2356 2483/1581/2357 2484/1582/2358
f 2485/1583/2359 2486/1584/2360 2487/1585/2361
f 2485/1583/2359 2487/1585/2361 2488/1586/2362
f 2488/1586/2362 2489/1587/2363 2485/1583/2359
f 2488/1586/2362 2490/1588/2364 2489/1587/2363
f 2491/1589/2365 2492/1590/2366 2493/1591/2367
f 2491/1589/2365 2494/1592/2368 2492/1590/2366
f 2494/1592/2368 2495/1593/2369 2492/1590/2366
f 2494/1592/2368 2491/1589/2365 2496/1594/2370
f 2494/1592/2368 2496/1594/2370 2497/1595/2371
f 2494/1592/2368 2497/1595/2371 2498/1596/2372
f 2499/1597/2373 2500/1598/2374 2501/1553/2375
f 2499/1597/2373 2502/1599/2376 2500/1598/2374
f 2500/1598/2374 2502/1599/2376 2503/1600/2377
f 2502/1599/2376 2504/1601/2378 2503/1600/2377
f 2502/1599/2376 2505/1602/2379 2504/1601/2378
f 2506/1603/2380 2504/1601/2378 2505/1602/2379
f 2506/1603/2380 2507/1604/2381 2504/1601/2378
f 2508/1605/2382 2502/1599/2376 2499/1597/2373
f 2508/1605/2382 2505/1602/2379 2502/1599/2376
f 2509/1606/2383 2505/1602/2379 2508/1605/2382
f 2509/1606/2383 2506/1603/2380 2505/1602/2379
f 2506/1603/2380 2509/1606/2383 2510/1543/2384
f 2511/1607/2385 2506/1603/2380 2510/1543/2384
f 2507/1604/2381 2506/1603/2380 2511/1607/2385
f 2507/1604/2381 2511/1607/2385 2512/1562/2386
f 2513/1608/2387 2508/1605/2382 2499/1597/2373
f 2514/1609/2388 2508/1605/2382 2513/1608/2387
f 2514/1609/2388 2509/1606/2383 2508/1605/2382
f 2441/1541/2316 2509/1606/2383 2514/1609/2388
f 2441/1541/2316 2439/1543/2314 2509/1606/2383
f 2513/1608/2387 2499/1597/2373 2515/1610/2389
f 2511/1607/2385 2510/1543/2384 2440/1542/2315
f 2516/1611/2390 2517/1612/2391 2518/1613/2392
f 2516/1611/2390 2518/1613/2392 2519/1614/2393
f 2520/1615/2394 2516/1611/2390 2519/1614/2393
f 2520/1615/2394 2519/1614/2393 2521/1616/2395
f 2522/1617/2396 2520/1615/2394 2521/1616/2395
f 2522/1617/2396 2523/1618/2397 2520/1615/2394
f 2522/1617/2396 2524/1619/2398 2523/1618/2397
f 2522/1617/2396 2525/1620/2399 2524/1619/2398
f 2525/1620/2399 2526/1621/2400 2524/1619/2398
f 2527/1622/2401 2524/1619/2398 2526/1621/2400
f 2528/1623/2402 2529/1624/2403 2530/1625/2404
f 2528/1623/2402 2531/1626/2405 2529/1624/2403
f 2532/1627/2406 2531/1626/2405 2528/1623/2402
f 2532/1627/2406 2528/1623/2402 2533/1628/2407
f 2533/1628/2407 2528/1623/2402 2534/1629/2408
f 2533/1628/2407 2534/1629/2408 2535/1630/2409
f 2533/1628/2407 2535/1630/2409 2536/1631/2410
f 2533/1628/2407 2536/1631/2410 2537/1632/2411
f 2537/1632/2411 2536/1631/2410 2538/1633/2412
f 2539/1634/2413 2537/1632/2411 2538/1633/2412
f 2539/1634/2413 2538/1633/2412 2540/1635/2414
f 2538/1633/2412 2541/1533/2415 2540/1635/2414
f 2535/1630/2409 2542/1636/2416 2536/1631/2410
f 2536/1631/2410 2542/1636/2416 2543/1637/2417
f 2543/1637/2417 2538/1633/2412 2536/1631/2410
f 2544/1638/2418 2538/1633/2412 2543/1637/2417
f 2544/1638/2418 2541/1533/2415 2538/1633/2412
f 2545/1639/2419 2541/1533/2415 2544/1638/2418
f 2545/1639/2419 2546/1534/2420 2541/1533/2415
f 2547/1640/2421 2548/1641/2422 2549/1642/2423
f 2547/1640/2421 2550/1643/2424 2548/1641/2422
f 2532/1627/2406 2550/1643/2424 2547/1640/2421
f 2551/1644/2425 2552/1645/2426 2553/1544/2427
f 2552/1645/2426 2551/1644/2425 2554/1646/2428
f 2555/1647/2428 2554/1646/2428 2551/1644/2425
f 2556/1648/2429 2557/1649/2430 2558/1650/2431
f 2556/1648/2429 2559/1651/2432 2557/1649/2430
f 2559/1651/2432 2560/1652/2433 2557/1649/2430
f 2559/1651/2432 2561/1653/2434 2560/1652/2433
f 2560/1652/2433 2561/1653/2434 2562/1654/2435
f 2560/1652/2433 2562/1654/2435 2563/1655/2436
f 2563/1655/2436 2564/1656/2437 2560/1652/2433
f 2560/1652/2433 2564/1656/2437 2565/1657/2438
f 2559/1651/2432 2556/1648/2429 2566/1658/2439
f 2566/1658/2439 2567/1659/2440 2559/1651/2432
f 2567/1659/2440 2568/1660/2441 2559/1651/2432
f 2559/1651/2432 2568/1660/2441 2561/1653/2434
f 2569/1661/2442 2561/1653/2434 2568/1660/2441
f 2561/1653/2434 2569/1661/2442 2570/1662/2443
f 2561/1653/2434 2570/1662/2443 2562/1654/2435
f 2567/1659/2440 2571/1663/2444 2568/1660/2441
f 2572/1664/2445 2568/1660/2441 2571/1663/2444
f 2572/1664/2445 2573/1665/2446 2568/1660/2441
f 2569/1661/2442 2568/1660/2441 2573/1665/2446
f 2567/1659/2440 2574/1666/2447 2571/1663/2444
f 2574/1666/2447 2575/1667/2448 2571/1663/2444
f 2572/1664/2445 2571/1663/2444 2575/1667/2448
f 2572/1664/2445 2575/1667/2448 2576/1668/2449
f 2577/1669/2450 2572/1664/2445 2576/1668/2449
f 2577/1669/2450 2578/1670/2451 2572/1664/2445
f 2579/1671/2452 2572/1664/2445 2578/1670/2451
f 2579/1671/2452 2573/1665/2446 2572/1664/2445
f 2580/1672/2453 2575/1667/2448 2574/1666/2447
f 2580/1672/2453 2581/1673/2454 2575/1667/2448
f 2581/1673/2454 2582/1674/2455 2575/1667/2448
f 2582/1674/2455 2583/1675/2456 2575/1667/2448
f 2575/1667/2448 2583/1675/2456 2584/1676/2457
f 2575/1667/2448 2584/1676/2457 2576/1668/2449
f 2581/1673/2454 2585/1677/2458 2582/1674/2455
f 2585/1677/2458 2586/1678/2459 2582/1674/2455
f 2583/1675/2456 2582/1674/2455 2586/1678/2459
f 2587/1679/2460 2585/1677/2458 2581/1673/2454
f 2585/1677/2458 2587/1679/2460 2588/1680/2461
f 2585/1677/2458 2588/1680/2461 2589/1681/2462
f 2590/1682/2463 2585/1677/2458 2589/1681/2462
f 2591/1683/2464 2585/1677/2458 2590/1682/2463
f 2585/1677/2458 2591/1683/2464 2586/1678/2459
f 2590/1682/2463 2589/1681/2462 2592/1684/2465
f 2579/1671/2452 2578/1670/2451 2593/1685/2466
f 2593/1685/2466 2594/1686/2467 2579/1671/2452
f 2577/1669/2450 2595/1687/2468 2578/1670/2451
f 2577/1669/2450 2596/1688/2469 2595/1687/2468
f 2444/1546/2319 2565/1657/2438 2564/1656/2437
f 2444/1546/2319 2597/1689/2470 2565/1657/2438
f 2598/1690/2471 2599/1691/2472 2600/1692/2473
f 2598/1690/2471 2600/1692/2473 2601/1693/2474
f 2602/1694/2475 2598/1690/2471 2601/1693/2474
f 2602/1694/2475 2601/1693/2474 2603/1695/2476
f 2553/1544/2427 2604/1627/2477 2605/1696/2478
f 2553/1544/2427 2605/1696/2478 2606/1697/2479
f 2607/1698/2480 2606/1697/2479 2605/1696/2478
f 2608/1696/2481 2609/1699/2482 2610/1700/2483
f 2608/1696/2481 2611/1697/2484 2609/1699/2482
f 2611/1697/2484 2608/1696/2481 2532/1627/2406
f 2611/1697/2484 2532/1627/2406 2442/1544/2317
f 2612/1643/2485 2604/1627/2477 2613/1640/2486
f 2614/1642/2487 2612/1643/2485 2613/1640/2486
f 2614/1642/2487 2615/1641/2488 2612/1643/2485
f 2616/1701/2489 2617/1702/2490 2618/1703/2491
f 2617/1702/2490 2619/1704/2492 2618/1703/2491
f 2617/1702/2490 2620/1705/2493 2619/1704/2492
f 2620/1705/2493 2617/1702/2490 2621/1706/2494
f 2622/1707/2495 2623/1708/2496 2624/1709/2497
f 2622/1707/2495 2624/1709/2497 2625/1710/2498
f 2626/1711/2499 2625/1710/2498 2624/1709/2497
f 2626/1711/2499 2627/1712/2500 2625/1710/2498
f 2628/1713/2501 2629/1714/2502 2630/1715/2503
f 2628/1713/2501 2630/1715/2503 2631/1716/2504
f 2628/1713/2501 2631/1716/2504 2632/1717/2505
f 2633/1718/2506 2632/1717/2505 2631/1716/2504
f 2633/1718/2506 2634/1719/2507 2632/1717/2505
f 2635/1720/2508 2631/1716/2504 2630/1715/2503
f 2635/1720/2508 2630/1715/2503 2636/1591/2509
f 2637/1721/2510 2635/1720/2508 2636/1591/2509
f 2637/1721/2510 2636/1591/2509 2638/1722/2511
f 2637/1721/2510 2638/1722/2511 2639/1723/2512
f 2637/1721/2510 2639/1723/2512 2640/1724/2513
f 2641/1725/2514 2640/1724/2513 2639/1723/2512
f 2641/1725/2514 2642/1726/2515 2640/1724/2513
f 2636/1591/2509 2643/1590/2516 2638/1722/2511
f 2643/1590/2516 2639/1723/2512 2638/1722/2511
f 2643/1590/2516 2644/1727/2517 2639/1723/2512
f 2645/1728/2518 2639/1723/2512 2644/1727/2517
f 2645/1728/2518 2641/1725/2514 2639/1723/2512
f 2646/1536/2519 2431/1535/2309 2647/1729/2520
f 2646/1536/2519 2647/1729/2520 2648/1532/2521
f 2648/1532/2521 2647/1729/2520 2649/1730/2522
f 2650/1731/2523 2651/1732/2524 2652/1733/2525
f 2652/1733/2525 2651/1732/2524 2604/1627/2477
f 2653/1629/2526 2604/1627/2477 2651/1732/2524
f 2654/1626/2527 2604/1627/2477 2653/1629/2526
f 2654/1626/2527 2653/1629/2526 2655/1623/2528
f 2656/1624/2529 2654/1626/2527 2655/1623/2528
f 2652/1733/2525 2657/1734/2530 2658/1731/2531
f 2652/1733/2525 2646/1536/2519 2657/1734/2530
f 2659/1735/2532 2660/1736/2533 2661/1737/2534
f 2659/1735/2532 2661/1737/2534 2662/1738/2535
f 2662/1738/2535 2661/1737/2534 2663/1739/2536
f 2662/1738/2535 2663/1739/2536 2664/1740/2537
f 2665/1741/2538 2666/1742/2539 2667/1743/2540
f 2665/1741/2538 2667/1743/2540 2668/1744/2541
f 2669/1745/2542 2665/1741/2538 2668/1744/2541
f 2669/1745/2542 2670/1746/2543 2665/1741/2538
f 2669/1745/2542 2671/1747/2544 2670/1746/2543
f 2669/1745/2542 2672/1748/2545 2671/1747/2544
f 2673/1749/2546 2672/1748/2545 2669/1745/2542
f 2673/1749/2546 2674/1750/2547 2672/1748/2545
f 2668/1744/2541 2667/1743/2540 2675/1751/2548
f 2673/1749/2546 2668/1744/2541 2675/1751/2548
f 2669/1745/2542 2668/1744/2541 2673/1749/2546
f 2675/1751/2548 2667/1743/2540 2676/1752/2549
f 2677/1753/2550 2675/1751/2548 2676/1752/2549
f 2678/1754/2551 2675/1751/2548 2677/1753/2550
f 2673/1749/2546 2675/1751/2548 2678/1754/2551
f 2678/1754/2551 2674/1750/2547 2673/1749/2546
f 2678/1754/2551 2679/1755/2552 2674/1750/2547
f 2679/1755/2552 2678/1754/2551 2680/1756/2553
f 2681/1757/2554 2680/1756/2553 2678/1754/2551
f 2681/1757/2554 2682/1758/2555 2680/1756/2553
f 2683/1759/2556 2680/1756/2553 2682/1758/2555
f 2682/1758/2555 2684/1760/2557 2683/1759/2556
f 2681/1757/2554 2678/1754/2551 2677/1753/2550
f 2681/1757/2554 2677/1753/2550 2685/1761/2558
f 2681/1757/2554 2685/1761/2558 2686/1762/2559
f 2681/1757/2554 2686/1762/2559 2687/1763/2560
f 2682/1758/2555 2681/1757/2554 2687/1763/2560
f 2682/1758/2555 2687/1763/2560 2688/1764/2561
f 2682/1758/2555 2688/1764/2561 2689/1765/2562
f 2682/1758/2555 2689/1765/2562 2690/1766/2563
f 2682/1758/2555 2690/1766/2563 2684/1760/2557
f 2690/1766/2563 2691/1767/2564 2684/1760/2557
f 2685/1761/2558 2677/1753/2550 2692/1768/2565
f 2693/1769/2566 2685/1761/2558 2692/1768/2565
f 2686/1762/2559 2685/1761/2558 2693/1769/2566
f 2694/1770/2567 2686/1762/2559 2693/1769/2566
f 2694/1770/2567 2695/1771/2568 2686/1762/2559
f 2688/1764/2561 2686/1762/2559 2695/1771/2568
f 2688/1764/2561 2687/1763/2560 2686/1762/2559
f 2696/1772/2569 2693/1769/2566 2692/1768/2565
f 2693/1769/2566 2696/1772/2569 2697/1773/2570
f 2693/1769/2566 2697/1773/2570 2698/1774/2571
f 2693/1769/2566 2698/1774/2571 2699/1775/2572
f 2693/1769/2566 2699/1775/2572 2694/1770/2567
f 2697/1773/2570 2696/1772/2569 2700/1776/2573
f 2697/1773/2570 2700/1776/2573 2701/1777/2574
f 2697/1773/2570 2701/1777/2574 2698/1774/2571
f 2698/1774/2571 2701/1777/2574 2699/1775/2572
f 2690/1766/2563 2689/1765/2562 2702/1778/2575
f 2703/1779/2576 2690/1766/2563 2702/1778/2575
f 2690/1766/2563 2703/1779/2576 2691/1767/2564
f 2703/1779/2576 2704/1780/2577 2691/1767/2564
f 2705/1781/2578 2704/1780/2577 2703/1779/2576
f 2705/1781/2578 2703/1779/2576 2706/1782/2579
f 2707/1783/2580 2705/1781/2578 2706/1782/2579
f 2703/1779/2576 2702/1778/2575 2708/1784/2581
f 2708/1784/2581 2706/1782/2579 2703/1779/2576
f 2708/1784/2581 2707/1783/2580 2706/1782/2579
f 2709/1785/2582 2707/1783/2580 2708/1784/2581
f 2709/1785/2582 2708/1784/2581 2702/1778/2575
f 2710/1734/2583 2711/1786/2584 2650/1731/2523
f 2710/1734/2583 2712/1787/2585 2711/1786/2584
f 2712/1787/2585 2713/1534/2586 2711/1786/2584
f 2712/1787/2585 2714/1532/2587 2713/1534/2586
f 2713/1534/2586 2714/1532/2587 2715/1788/2588
f 2715/1788/2588 2714/1532/2587 2716/1789/2589
f 2716/1789/2589 2714/1532/2587 2717/1790/2590
f 2712/1787/2585 2710/1734/2583 2432/1536/2310
f 2714/1532/2587 2712/1787/2585 2432/1536/2310
f 2442/1544/2317 2718/1791/2591 2719/1644/2591
f 2719/1644/2591 2718/1791/2591 2720/1647/2592
f 2721/1792/2593 2722/1793/2594 2723/1714/2595
f 2721/1792/2593 2724/1794/2596 2722/1793/2594
f 2725/1795/2597 2722/1793/2594 2724/1794/2596
f 2724/1794/2596 2726/1796/2598 2725/1795/2597
f 2724/1794/2596 2727/1797/2599 2726/1796/2598
f 2724/1794/2596 2728/1798/2600 2727/1797/2599
f 2724/1794/2596 2721/1792/2593 2728/1798/2600
f 2729/1532/2601 2546/1534/2420 2730/1788/2602
f 2729/1532/2601 2730/1788/2602 2731/1799/2603
f 2729/1532/2601 2731/1799/2603 2732/1789/2604
f 2732/1789/2604 2733/1800/2605 2729/1532/2601
f 2729/1532/2601 2733/1800/2605 2734/1801/2606
f 2729/1532/2601 2734/1801/2606 2735/1802/2607
f 2736/1803/2608 2729/1532/2601 2735/1802/2607
f 2541/1533/2415 2729/1532/2601 2736/1803/2608
f 2541/1533/2415 2736/1803/2608 2737/1804/2609
f 2737/1804/2609 2736/1803/2608 2738/1537/2610
# 954 triangles in group

# 2989 triangles total

