version 1
nodes
  0 "Chaurus" -1
  1 "NPC Root [Root]" 0
  2 "Pelvis [Pelv]" 1
  3 "Spine[Spn0]" 2
  4 "Spine[Spn1]" 3
  5 "Spine[Spn2]" 4
  6 "Ribcage[Spn3]" 5
  7 "[Neck0]" 6
  8 "[Neck1]" 7
  9 "[Neck2]" 8
 10 "[Neck3]" 9
 11 "NPC Head [Head]" 10
 12 "Head[LeftPincher]" 11
 13 "Head[RightPincher]" 11
 14 "R UpperArm[RClv]" 6
 15 "R UpperArm[RUar]" 14
 16 "R UpperArm[RLar]" 15
 17 "R UpperArm[RHnd]" 16
 18 "L UpperArm[RClv]" 6
 19 "L UpperArm[LUar]" 18
 20 "L UpperArm[LLar]" 19
 21 "L UpperArm[LHnd]" 20
 22 "Tail[Tal0]" 2
 23 "Tail[Tal1]" 22
 24 "Tail[Tal2]" 23
 25 "Tail[Tal3]" 24
 26 "[TalRightPincher]" 25
 27 "[TalLeftPincher]" 25
 28 "R Leg[RThg0]" 2
 29 "R Leg[RThg1]" 28
 30 "R Leg[RClf]" 29
 31 "R Leg[RAnkle]" 30
 32 "LLeg[RThg0]" 2
 33 "LLeg[LThg1]" 32
 34 "LLeg[LClf]" 33
 35 "LLeg[LAnkle]" 34
end
skeleton
time 0
  0 0.000000 0.000000 0.000000 0.000000 -0.000000 -1.570796
  1 0.000000 0.000000 0.000000 0.000000 -0.000000 0.000000
  2 -2.363353 -12.959703 31.785618 -1.570988 -0.244686 1.570988
  3 4.222169 -0.467508 0.000000 -0.002069 0.000018 0.022093
  4 4.476987 -0.000002 -0.000000 0.015327 -0.013331 0.198502
  5 4.477083 0.000000 0.000002 -0.004349 0.026123 -0.067772
  6 4.477077 -0.000004 -0.000002 -0.006321 -0.017097 -0.152773
  7 5.413502 -7.700466 -0.000000 0.007297 0.008547 -0.244474
  8 6.890240 0.000002 -0.000000 0.001953 0.017148 -0.340157
  9 8.011925 0.000004 0.000005 -0.006810 -0.024538 0.104449
 10 7.210720 -0.000002 -0.000000 0.000000 0.000000 0.130654
 11 8.581028 -0.304903 -0.000000 0.007192 -0.002445 0.657761
 12 22.523008 2.194031 6.355708 -0.003943 -0.059118 0.005022
 13 22.523005 2.194038 -6.355709 0.002732 0.048792 0.004291
 14 -3.006533 7.804720 -11.355459 0.417062 0.139568 1.305664
 15 10.384675 0.000008 0.000005 0.030464 0.191255 -1.678201
 16 22.550743 -0.000006 -0.000004 0.121603 0.013421 1.761793
 17 30.814247 -0.000015 -0.000004 2.465533 0.223170 0.409113
 18 -3.013796 7.815494 11.355459 -0.021830 -0.276927 1.183800
 19 10.374533 -0.000002 0.000007 -0.057193 -0.178445 -1.528708
 20 22.550726 -0.000027 -0.000013 -0.123967 0.036847 1.875024
 21 30.814270 -0.000023 0.000002 -2.745536 0.021901 0.340015
 22 -4.250660 -0.770624 0.000001 0.016515 -0.162675 -2.777702
 23 10.363422 0.000000 0.000000 0.002661 0.066003 -0.470131
 24 10.363076 0.000000 -0.000000 -0.026810 0.095059 -0.325023
 25 10.363081 -0.000004 -0.000002 -0.034384 0.127470 0.014423
 26 9.253358 -0.000006 -3.973408 0.000000 0.000000 0.177086
 27 8.210346 -0.000002 7.704017 0.000000 0.000000 0.169444
 28 1.854841 1.227791 -13.762345 2.614544 0.166567 2.068388
 29 10.456543 -0.000004 0.000004 0.051033 0.091640 -1.369420
 30 24.248093 0.000001 0.000007 0.029835 0.033116 1.029271
 31 26.336971 0.000019 0.000002 0.386223 0.069828 0.616594
 32 1.854847 1.227798 13.762341 -2.675642 -0.086465 2.016859
 33 10.456542 -0.000008 0.000004 -0.038783 -0.093415 -1.495575
 34 24.248116 0.000002 -0.000004 -0.032583 -0.035020 1.121144
 35 26.336975 0.000000 0.000004 -0.306530 -0.028256 0.579265
time 1
  0 0.000000 0.000000 0.000000 0.000000 -0.000000 -1.570796
  1 0.000000 0.000000 0.000000 0.000000 -0.000000 0.000000
  2 -2.363353 -12.959703 31.785618 -1.570988 -0.244686 1.570988
  3 4.222169 -0.467508 0.000000 -0.002069 0.000018 0.022093
  4 4.476987 -0.000002 -0.000000 0.015327 -0.013331 0.198502
  5 4.477083 0.000000 0.000002 -0.004349 0.026123 -0.067772
  6 4.477077 -0.000004 -0.000002 -0.006321 -0.017097 -0.152773
  7 5.413502 -7.700466 -0.000000 0.007297 0.008547 -0.244474
  8 6.890240 0.000002 -0.000000 0.001953 0.017148 -0.340157
  9 8.011925 0.000004 0.000005 -0.006810 -0.024538 0.104449
 10 7.210720 -0.000002 -0.000000 0.000000 0.000000 0.130654
 11 8.581028 -0.304903 -0.000000 0.007192 -0.002445 0.657761
 12 22.523008 2.194031 6.355708 -0.003943 -0.059118 0.005022
 13 22.523005 2.194038 -6.355709 0.002732 0.048792 0.004291
 14 -3.006533 7.804720 -11.355459 0.417062 0.139568 1.305664
 15 10.384675 0.000008 0.000005 0.030464 0.191255 -1.678201
 16 22.550743 -0.000006 -0.000004 0.121603 0.013421 1.761793
 17 30.814247 -0.000015 -0.000004 2.465533 0.223170 0.409113
 18 -3.013796 7.815494 11.355459 -0.021830 -0.276927 1.183800
 19 10.374533 -0.000002 0.000007 -0.057193 -0.178445 -1.528708
 20 22.550726 -0.000027 -0.000013 -0.123967 0.036847 1.875024
 21 30.814270 -0.000023 0.000002 -2.745536 0.021901 0.340015
 22 -4.250660 -0.770624 0.000001 0.016515 -0.162675 -2.777702
 23 10.363422 0.000000 0.000000 0.002661 0.066003 -0.470131
 24 10.363076 0.000000 -0.000000 -0.026810 0.095059 -0.325023
 25 10.363081 -0.000004 -0.000002 -0.034384 0.127470 0.014423
 26 9.253358 -0.000006 -3.973408 0.000000 0.000000 0.177086
 27 8.210346 -0.000002 7.704017 0.000000 0.000000 0.169444
 28 1.854841 1.227791 -13.762345 2.614544 0.166567 2.068388
 29 10.456543 -0.000004 0.000004 0.051033 0.091640 -1.369420
 30 24.248093 0.000001 0.000007 0.029835 0.033116 1.029271
 31 26.336971 0.000019 0.000002 0.386223 0.069828 0.616594
 32 1.854847 1.227798 13.762341 -2.675642 -0.086465 2.016859
 33 10.456542 -0.000008 0.000004 -0.038783 -0.093415 -1.495575
 34 24.248116 0.000002 -0.000004 -0.032583 -0.035020 1.121144
 35 26.336975 0.000000 0.000004 -0.306530 -0.028256 0.579265
time 2
  0 0.000000 0.000000 0.000000 0.000000 -0.000000 -1.570796
  1 0.000000 0.000000 0.000000 0.000000 -0.000000 0.000000
  2 -2.363353 -13.346436 31.785618 -1.570701 -0.271652 1.570701
  3 4.222169 -0.467508 0.000000 -0.001877 -0.000000 0.014979
  4 4.476987 -0.000002 -0.000000 0.015135 -0.013417 0.182142
  5 4.477083 0.000000 0.000002 -0.004373 0.026172 -0.065682
  6 4.477077 -0.000004 -0.000002 -0.006597 -0.016552 -0.146279
  7 5.413502 -7.700466 -0.000000 0.005250 0.015717 -0.265322
  8 6.890240 0.000002 -0.000000 0.002433 0.017030 -0.295942
  9 8.011925 0.000004 0.000005 -0.007387 -0.024474 0.125967
 10 7.210720 -0.000002 -0.000000 0.000000 0.000000 0.137707
 11 8.581028 -0.304903 -0.000000 0.001589 -0.000943 0.694494
 12 22.523008 2.194031 6.355708 -0.003943 -0.059118 0.005022
 13 22.523005 2.194038 -6.355709 0.002732 0.048792 0.004291
 14 -3.006533 7.804720 -11.355459 0.425743 0.133703 1.335331
 15 10.384675 0.000008 0.000005 0.037859 0.191233 -1.636880
 16 22.550743 -0.000006 -0.000004 0.120691 0.013880 1.722749
 17 30.814247 -0.000015 -0.000004 2.451381 0.238844 0.398692
 18 -3.013796 7.815494 11.355459 -0.030230 -0.270874 1.222560
 19 10.374533 -0.000002 0.000007 -0.062113 -0.175921 -1.495076
 20 22.550726 -0.000027 -0.000013 -0.125152 0.037358 1.834451
 21 30.814270 -0.000023 0.000002 -2.735538 0.003917 0.328022
 22 -4.250660 -0.770624 0.000001 0.016359 -0.157299 -2.776857
 23 10.363422 0.000000 0.000000 0.002157 0.059520 -0.439917
 24 10.363076 0.000000 -0.000000 -0.026726 0.088347 -0.292735
 25 10.363081 -0.000004 -0.000002 -0.027686 0.115129 0.015255
 26 9.253358 -0.000006 -3.973408 0.000000 0.000000 0.177324
 27 8.210346 -0.000002 7.704017 0.000000 0.000000 0.169715
 28 1.854841 1.227791 -13.762345 2.617579 0.168640 2.079214
 29 10.456543 -0.000004 0.000004 0.049426 0.092210 -1.386570
 30 24.248093 0.000001 0.000007 0.030243 0.033540 1.041763
 31 26.336971 0.000019 0.000002 0.379089 0.086646 0.603119
 32 1.854847 1.227798 13.762341 -2.679119 -0.089146 2.029223
 33 10.456542 -0.000008 0.000004 -0.037189 -0.093332 -1.512483
 34 24.248116 0.000002 -0.000004 -0.033179 -0.035451 1.132720
 35 26.336975 0.000000 0.000004 -0.300184 -0.042712 0.566153
time 3
  0 0.000000 0.000000 0.000000 0.000000 -0.000000 -1.570796
  1 0.000000 0.000000 0.000000 0.000000 -0.000000 0.000000
  2 -2.363353 -14.045675 31.785618 -1.570701 -0.344730 1.570701
  3 4.222169 -0.467508 0.000000 -0.001349 -0.000019 -0.001505
  4 4.476987 -0.000002 -0.000000 0.014884 -0.013481 0.163141
  5 4.477083 0.000000 0.000002 -0.004397 0.026269 -0.057767
  6 4.477077 -0.000004 -0.000002 -0.007172 -0.016571 -0.135518
  7 5.413502 -7.700466 -0.000000 0.002406 0.023431 -0.296935
  8 6.890240 0.000002 -0.000000 0.003476 0.016468 -0.251656
  9 8.011925 0.000004 0.000005 -0.007937 -0.024459 0.147252
 10 7.210720 -0.000002 -0.000000 0.000000 0.000000 0.145215
 11 8.581028 -0.304903 -0.000000 -0.004979 0.001260 0.762561
 12 22.523008 2.194031 6.355708 -0.003943 -0.059118 0.005022
 13 22.523005 2.194038 -6.355709 0.002732 0.048792 0.004291
 14 -3.006533 7.804720 -11.355459 0.457539 0.117805 1.437105
 15 10.384675 0.000008 0.000005 0.045329 0.190936 -1.595503
 16 22.550743 -0.000006 -0.000004 0.119763 0.014282 1.683040
 17 30.814247 -0.000015 -0.000004 2.427533 0.262480 0.381287
 18 -3.013796 7.815494 11.355459 -0.056552 -0.255142 1.339810
 19 10.374533 -0.000002 0.000007 -0.067102 -0.173229 -1.460285
 20 22.550726 -0.000027 -0.000013 -0.125683 0.037790 1.793321
 21 30.814270 -0.000023 0.000002 -2.723716 -0.016415 0.315973
 22 -4.250660 -0.770624 0.000001 0.016263 -0.144044 -2.776268
 23 10.363422 0.000000 0.000000 0.001426 0.050999 -0.387740
 24 10.363076 0.000000 -0.000000 -0.026138 0.079790 -0.236908
 25 10.363081 -0.000004 -0.000002 -0.021050 0.102882 0.015980
 26 9.253358 -0.000006 -3.973408 0.000000 0.000000 0.177901
 27 8.210346 -0.000002 7.704017 0.000000 0.000000 0.170292
 28 1.854841 1.227791 -13.762345 2.629451 0.177867 2.120450
 29 10.456543 -0.000004 0.000004 0.046526 0.092654 -1.417354
 30 24.248093 0.000001 0.000007 0.030836 0.033984 1.064259
 31 26.336971 0.000019 0.000002 0.370866 0.103333 0.589864
 32 1.854847 1.227798 13.762341 -2.691611 -0.099708 2.078594
 33 10.456542 -0.000008 0.000004 -0.034476 -0.093387 -1.542277
 34 24.248116 0.000002 -0.000004 -0.034085 -0.035907 1.154654
 35 26.336975 0.000000 0.000004 -0.293365 -0.057385 0.552928
time 4
  0 0.000000 0.000000 0.000000 0.000000 -0.000000 -1.570796
  1 0.000000 0.000000 0.000000 0.000000 -0.000000 0.000000
  2 -2.363353 -14.889450 31.785618 -1.572043 -0.451036 1.572235
  3 4.222169 -0.467508 0.000000 -0.000570 -0.000019 -0.025073
  4 4.476987 -0.000002 -0.000000 0.014584 -0.013524 0.141765
  5 4.477083 0.000000 0.000002 -0.004433 0.026414 -0.045421
  6 4.477077 -0.000004 -0.000002 -0.008047 -0.016552 -0.116160
  7 5.413502 -7.700466 -0.000000 -0.001170 0.031671 -0.341585
  8 6.890240 0.000002 -0.000000 0.004938 0.016207 -0.152055
  9 8.011925 0.000004 0.000005 -0.008474 -0.024474 0.168458
 10 7.210720 -0.000002 -0.000000 0.000000 0.000000 0.153609
 11 8.581028 -0.304903 -0.000000 -0.012029 0.004555 0.852849
 12 22.523008 2.194031 6.355708 -0.003943 -0.059118 0.005022
 13 22.523005 2.194038 -6.355709 0.002732 0.048792 0.004291
 14 -3.006533 7.804720 -11.355459 0.488576 0.099574 1.539085
 15 10.384675 0.000008 0.000005 0.064304 0.188178 -1.485924
 16 22.550743 -0.000006 -0.000004 0.117349 0.013880 1.577047
 17 30.814247 -0.000015 -0.000004 2.400233 0.288593 0.364133
 18 -3.013796 7.815494 11.355459 -0.080940 -0.236795 1.457630
 19 10.374533 -0.000002 0.000007 -0.079842 -0.166386 -1.360956
 20 22.550726 -0.000027 -0.000013 -0.127419 0.038437 1.684880
 21 30.814270 -0.000023 0.000002 -2.709790 -0.039316 0.308693
 22 -4.250660 -0.770624 0.000001 0.016203 -0.124802 -2.775833
 23 10.363422 0.000000 0.000000 0.000683 0.041003 -0.319169
 24 10.363076 0.000000 -0.000000 -0.025359 0.069867 -0.163015
 25 10.363081 -0.000004 -0.000002 -0.014427 0.090618 0.016625
 26 9.253358 -0.000006 -3.973408 0.000000 0.000000 0.178818
 27 8.210346 -0.000002 7.704017 0.000000 0.000000 0.171207
 28 1.854841 1.227791 -13.762345 2.647700 0.194027 2.187171
 29 10.456543 -0.000004 0.000004 0.043294 0.092957 -1.451439
 30 24.248093 0.000001 0.000007 0.031466 0.034387 1.089183
 31 26.336971 0.000019 0.000002 0.342807 0.147980 0.564184
 32 1.854847 1.227798 13.762341 -2.707142 -0.115550 2.145672
 33 10.456542 -0.000008 0.000004 -0.031390 -0.093415 -1.575461
 34 24.248116 0.000002 -0.000004 -0.035018 -0.036302 1.179025
 35 26.336975 0.000000 0.000004 -0.269050 -0.095604 0.530265
time 5
  0 0.000000 0.000000 0.000000 0.000000 -0.000000 -1.570796
  1 0.000000 0.000000 0.000000 0.000000 -0.000000 0.000000
  2 -2.363353 -15.705881 31.785618 -1.570701 -0.580877 1.570509
  3 4.222169 -0.467508 0.000000 0.000376 -0.000000 -0.053440
  4 4.476987 -0.000002 -0.000000 0.014248 -0.013546 0.118347
  5 4.477083 0.000000 0.000002 -0.004457 0.026592 -0.030036
  6 4.477077 -0.000004 -0.000002 -0.009149 -0.016402 -0.089718
  7 5.413502 -7.700466 -0.000000 -0.005423 0.040184 -0.399335
  8 6.890240 0.000002 -0.000000 0.006508 0.015658 -0.051825
  9 8.011925 0.000004 0.000005 -0.008998 -0.024522 0.189613
 10 7.210720 -0.000002 -0.000000 0.000000 0.000000 0.163344
 11 8.581028 -0.304903 -0.000000 -0.018918 0.008379 0.945872
 12 22.523008 2.194031 6.355708 -0.003943 -0.059118 0.005022
 13 22.523005 2.194038 -6.355709 0.002732 0.048792 0.004291
 14 -3.006533 7.804720 -11.355459 0.538224 0.089223 1.676637
 15 10.384675 0.000008 0.000005 0.083353 0.183680 -1.374401
 16 22.550743 -0.000006 -0.000004 0.114790 0.013651 1.468451
 17 30.814247 -0.000015 -0.000004 2.367124 0.319941 0.352387
 18 -3.013796 7.815494 11.355459 -0.116578 -0.217663 1.615407
 19 10.374533 -0.000002 0.000007 -0.093864 -0.157349 -1.246725
 20 22.550726 -0.000027 -0.000013 -0.129523 0.039007 1.574144
 21 30.814270 -0.000023 0.000002 -2.693723 -0.065031 0.311036
 22 -4.250660 -0.770624 0.000001 0.016167 -0.101485 -2.775525
 23 10.363422 0.000000 0.000000 -0.000204 0.030325 -0.241642
 24 10.363076 0.000000 -0.000000 -0.024832 0.058973 -0.077171
 25 10.363081 -0.000004 -0.000002 -0.007827 0.078355 0.017161
 26 9.253358 -0.000006 -3.973408 0.000000 0.000000 0.180041
 27 8.210346 -0.000002 7.704017 0.000000 0.000000 0.172462
 28 1.854841 1.227791 -13.762345 2.670346 0.216800 2.274752
 29 10.456543 -0.000004 0.000004 0.040691 0.093135 -1.478836
 30 24.248093 0.000001 0.000007 0.032060 0.034730 1.109015
 31 26.336971 0.000019 0.000002 0.314486 0.189947 0.539222
 32 1.854847 1.227798 13.762341 -2.727535 -0.139766 2.240709
 33 10.456542 -0.000008 0.000004 -0.028744 -0.093415 -1.602655
 34 24.248116 0.000002 -0.000004 -0.035666 -0.036542 1.198217
 35 26.336975 0.000000 0.000004 -0.244478 -0.131620 0.508280
time 6
  0 0.000000 0.000000 0.000000 0.000000 -0.000000 -1.570796
  1 0.000000 0.000000 0.000000 0.000000 -0.000000 0.000000
  2 -2.363353 -16.338713 31.785618 -1.569838 -0.724440 1.569550
  3 4.222169 -0.467508 0.000000 0.001431 0.000055 -0.084337
  4 4.476987 -0.000002 -0.000000 0.013889 -0.013588 0.093220
  5 4.477083 0.000000 0.000002 -0.004457 0.026786 -0.013050
  6 4.477077 -0.000004 -0.000002 -0.010372 -0.016139 -0.059272
  7 5.413502 -7.700466 -0.000000 -0.009942 0.048102 -0.461503
  8 6.890240 0.000002 -0.000000 0.008030 0.014834 0.048334
  9 8.011925 0.000004 0.000005 -0.009521 -0.024602 0.210663
 10 7.210720 -0.000002 -0.000000 0.000000 0.000000 0.174795
 11 8.581028 -0.304903 -0.000000 -0.025393 0.012595 1.038859
 12 22.523008 2.194031 6.355708 -0.003943 -0.059118 0.005022
 13 22.523005 2.194038 -6.355709 0.002732 0.048792 0.004291
 14 -3.006533 7.804720 -11.355459 0.589065 0.081167 1.809451
 15 10.384675 0.000008 0.000005 0.110844 0.173199 -1.205783
 16 22.550743 -0.000006 -0.000004 0.111191 0.013651 1.299685
 17 30.814247 -0.000015 -0.000004 2.327464 0.358248 0.351384
 18 -3.013796 7.815494 11.355459 -0.148704 -0.194122 1.771987
 19 10.374533 -0.000002 0.000007 -0.109570 -0.144658 -1.108662
 20 22.550726 -0.000027 -0.000013 -0.133221 0.038025 1.403542
 21 30.814270 -0.000023 0.000002 -2.675902 -0.093976 0.327966
 22 -4.250660 -0.770624 0.000001 0.016131 -0.076018 -2.775269
 23 10.363422 0.000000 0.000000 -0.001582 0.019683 -0.161078
 24 10.363076 0.000000 -0.000000 -0.024928 0.047671 0.014092
 25 10.363081 -0.000004 -0.000002 -0.001253 0.066092 0.017591
 26 9.253358 -0.000006 -3.973408 0.000000 0.000000 0.181570
 27 8.210346 -0.000002 7.704017 0.000000 0.000000 0.173988
 28 1.854841 1.227791 -13.762345 2.695895 0.245419 2.377903
 29 10.456543 -0.000004 0.000004 0.038926 0.093259 -1.497463
 30 24.248093 0.000001 0.000007 0.032579 0.034993 1.122217
 31 26.336971 0.000019 0.000002 0.286165 0.228892 0.515365
 32 1.854847 1.227798 13.762341 -2.751912 -0.168003 2.352289
 33 10.456542 -0.000008 0.000004 -0.026879 -0.093387 -1.620942
 34 24.248116 0.000002 -0.000004 -0.036016 -0.036662 1.210708
 35 26.336975 0.000000 0.000004 -0.220035 -0.165185 0.487030
time 7
  0 0.000000 0.000000 0.000000 0.000000 -0.000000 -1.570796
  1 0.000000 0.000000 0.000000 0.000000 -0.000000 0.000000
  2 -2.363353 -16.795759 31.785618 -1.570317 -0.870356 1.570317
  3 4.222169 -0.467508 0.000000 0.002486 0.000129 -0.115465
  4 4.476987 -0.000002 -0.000000 0.013529 -0.013610 0.066760
  5 4.477083 0.000000 0.000002 -0.004457 0.026980 0.004158
  6 4.477077 -0.000004 -0.000002 -0.011594 -0.015782 -0.027877
  7 5.413502 -7.700466 -0.000000 -0.013996 0.054542 -0.517292
  8 6.890240 0.000002 -0.000000 0.009336 0.013880 0.146400
  9 8.011925 0.000004 0.000005 -0.010032 -0.024730 0.231662
 10 7.210720 -0.000002 -0.000000 0.000000 0.000000 0.188445
 11 8.581028 -0.304903 -0.000000 -0.031203 0.017000 1.128167
 12 22.523008 2.194031 6.355708 -0.003943 -0.059118 0.005022
 13 22.523005 2.194038 -6.355709 0.002732 0.048792 0.004291
 14 -3.006533 7.804720 -11.355459 0.642348 0.081485 1.933132
 15 10.384675 0.000008 0.000005 0.138409 0.157138 -1.024724
 16 22.550743 -0.000006 -0.000004 0.107801 0.012675 1.126925
 17 30.814247 -0.000015 -0.000004 2.285881 0.400630 0.368073
 18 -3.013796 7.815494 11.355459 -0.180270 -0.181641 1.902517
 19 10.374533 -0.000002 0.000007 -0.125209 -0.128678 -0.955871
 20 22.550726 -0.000027 -0.000013 -0.136836 0.036631 1.230458
 21 30.814270 -0.000023 0.000002 -2.657800 -0.126150 0.366289
 22 -4.250660 -0.770624 0.000001 0.016083 -0.050309 -2.775039
 23 10.363422 0.000000 0.000000 -0.003368 0.009388 -0.080359
 24 10.363076 0.000000 -0.000000 -0.025551 0.036778 0.104581
 25 10.363081 -0.000004 -0.000002 0.005334 0.053829 0.017913
 26 9.253358 -0.000006 -3.973408 0.000000 0.000000 0.183370
 27 8.210346 -0.000002 7.704017 0.000000 0.000000 0.175819
 28 1.854841 1.227791 -13.762345 2.723818 0.276383 2.488353
 29 10.456543 -0.000004 0.000004 0.037424 0.093331 -1.513051
 30 24.248093 0.000001 0.000007 0.033023 0.035194 1.132933
 31 26.336971 0.000019 0.000002 0.258062 0.264894 0.492667
 32 1.854847 1.227798 13.762341 -2.778416 -0.196597 2.468393
 33 10.456542 -0.000008 0.000004 -0.025455 -0.093359 -1.634893
 34 24.248116 0.000002 -0.000004 -0.036314 -0.036757 1.221014
 35 26.336975 0.000000 0.000004 -0.195720 -0.196424 0.466684
time 8
  0 0.000000 0.000000 0.000000 0.000000 -0.000000 -1.570796
  1 0.000000 0.000000 0.000000 0.000000 -0.000000 0.000000
  2 -2.363353 -17.178583 31.785618 -1.572043 -1.006021 1.572331
  3 4.222169 -0.467508 0.000000 0.003492 0.000241 -0.144522
  4 4.476987 -0.000002 -0.000000 0.013170 -0.013631 0.039258
  5 4.477083 0.000000 0.000002 -0.004421 0.027157 0.020165
  6 4.477077 -0.000004 -0.000002 -0.012709 -0.015406 0.001400
  7 5.413502 -7.700466 -0.000000 -0.016907 0.059044 -0.559329
  8 6.890240 0.000002 -0.000000 0.010427 0.013501 0.204997
  9 8.011925 0.000004 0.000005 -0.010556 -0.024874 0.252583
 10 7.210720 -0.000002 -0.000000 0.000000 0.000000 0.204669
 11 8.581028 -0.304903 -0.000000 -0.035497 0.020414 1.197110
 12 22.523008 2.194031 6.355708 -0.003943 -0.059118 0.005022
 13 22.523005 2.194038 -6.355709 0.002732 0.048792 0.004291
 14 -3.006533 7.804720 -11.355459 0.692484 0.090848 2.035043
 15 10.384675 0.000008 0.000005 0.164368 0.135031 -0.832558
 16 22.550743 -0.000006 -0.000004 0.104331 0.010838 0.913304
 17 30.814247 -0.000015 -0.000004 2.248011 0.443263 0.401378
 18 -3.013796 7.815494 11.355459 -0.209138 -0.168637 2.022047
 19 10.374533 -0.000002 0.000007 -0.139028 -0.110904 -0.801456
 20 22.550726 -0.000027 -0.000013 -0.141657 0.033078 1.024495
 21 30.814270 -0.000023 0.000002 -2.642295 -0.159034 0.423187
 22 -4.250660 -0.770624 0.000001 0.016011 -0.026286 -2.774783
 23 10.363422 0.000000 0.000000 -0.005381 -0.000260 -0.002612
 24 10.363076 0.000000 -0.000000 -0.026330 0.027034 0.187999
 25 10.363081 -0.000004 -0.000002 0.011896 0.041566 0.018128
 26 9.253358 -0.000006 -3.973408 0.000000 0.000000 0.185442
 27 8.210346 -0.000002 7.704017 0.000000 0.000000 0.177921
 28 1.854841 1.227791 -13.762345 2.752357 0.305965 2.596614
 29 10.456543 -0.000004 0.000004 0.036201 0.093384 -1.525685
 30 24.248093 0.000001 0.000007 0.033357 0.035356 1.141398
 31 26.336971 0.000019 0.000002 0.230350 0.298031 0.471239
 32 1.854847 1.227798 13.762341 -2.803604 -0.223056 2.576441
 33 10.456542 -0.000008 0.000004 -0.024437 -0.093304 -1.645258
 34 24.248116 0.000002 -0.000004 -0.036534 -0.036829 1.229239
 35 26.336975 0.000000 0.000004 -0.171749 -0.225398 0.447355
time 9
  0 0.000000 0.000000 0.000000 0.000000 -0.000000 -1.570796
  1 0.000000 0.000000 0.000000 0.000000 -0.000000 0.000000
  2 -2.363353 -17.475468 31.785618 -1.574535 -1.119029 1.575206
  3 4.222169 -0.467508 0.000000 0.004343 0.000352 -0.169271
  4 4.476987 -0.000002 -0.000000 0.012834 -0.013674 0.010978
  5 4.477083 0.000000 0.000002 -0.004361 0.027303 0.033549
  6 4.477077 -0.000004 -0.000002 -0.013620 -0.015049 0.025476
  7 5.413502 -7.700466 -0.000000 -0.018701 0.061984 -0.587861
  8 6.890240 0.000002 -0.000000 0.011385 0.013109 0.258591
  9 8.011925 0.000004 0.000005 -0.011080 -0.025066 0.273452
 10 7.210720 -0.000002 -0.000000 0.000000 0.000000 0.223763
 11 8.581028 -0.304903 -0.000000 -0.038368 0.022019 1.229952
 12 22.523008 2.194031 6.355708 -0.003943 -0.059118 0.005022
 13 22.523005 2.194038 -6.355709 0.002732 0.048792 0.004291
 14 -3.006533 7.804720 -11.355459 0.731605 0.110703 2.101313
 15 10.384675 0.000008 0.000005 0.186106 0.108807 -0.640780
 16 22.550743 -0.000006 -0.000004 0.101164 0.008715 0.702953
 17 30.814247 -0.000015 -0.000004 2.214772 0.484611 0.440699
 18 -3.013796 7.815494 11.355459 -0.233881 -0.158922 2.118890
 19 10.374533 -0.000002 0.000007 -0.150151 -0.092565 -0.654289
 20 22.550726 -0.000027 -0.000013 -0.145845 0.028563 0.828954
 21 30.814270 -0.000023 0.000002 -2.629350 -0.190499 0.479109
 22 -4.250660 -0.770624 0.000001 0.015892 -0.005857 -2.774450
 23 10.363422 0.000000 0.000000 -0.007335 -0.008793 0.067499
 24 10.363076 0.000000 -0.000000 -0.026774 0.018825 0.260550
 25 10.363081 -0.000004 -0.000002 0.018495 0.029241 0.018235
 26 9.253358 -0.000006 -3.973408 0.000000 0.000000 0.187752
 27 8.210346 -0.000002 7.704017 0.000000 0.000000 0.180261
 28 1.854841 1.227791 -13.762345 2.778521 0.331574 2.692467
 29 10.456543 -0.000004 0.000004 0.035240 0.093420 -1.535585
 30 24.248093 0.000001 0.000007 0.033617 0.035477 1.147674
 31 26.336971 0.000019 0.000002 0.203116 0.328567 0.451136
 32 1.854847 1.227798 13.762341 -2.823794 -0.245903 2.664886
 33 10.456542 -0.000008 0.000004 -0.023691 -0.093248 -1.652707
 34 24.248116 0.000002 -0.000004 -0.036689 -0.036877 1.235383
 35 26.336975 0.000000 0.000004 -0.148120 -0.252294 0.429044
time 10
  0 0.000000 0.000000 0.000000 0.000000 -0.000000 -1.570796
  1 0.000000 0.000000 0.000000 0.000000 -0.000000 0.000000
  2 -2.363353 -17.666880 31.785618 -1.575973 -1.197292 1.576740
  3 4.222169 -0.467508 0.000000 0.004978 0.000463 -0.187027
  4 4.476987 -0.000002 -0.000000 0.012559 -0.013717 -0.015370
  5 4.477083 0.000000 0.000002 -0.004265 0.027400 0.042917
  6 4.477077 -0.000004 -0.000002 -0.014243 -0.014786 0.041267
  7 5.413502 -7.700466 -0.000000 -0.016269 0.061933 -0.549403
  8 6.890240 0.000002 -0.000000 0.011469 0.012416 0.269854
  9 8.011925 0.000004 0.000005 -0.011604 -0.025273 0.294244
 10 7.210720 -0.000002 -0.000000 0.000000 0.000000 0.248730
 11 8.581028 -0.304903 -0.000000 -0.039195 0.020295 1.190731
 12 22.523008 2.194031 6.355708 -0.004123 -0.062051 0.005261
 13 22.523005 2.194038 -6.355709 0.002876 0.050758 0.004506
 14 -3.006533 7.804720 -11.355459 0.759115 0.137802 2.137091
 15 10.384675 0.000008 0.000005 0.202392 0.080334 -0.457445
 16 22.550743 -0.000006 -0.000004 0.098653 0.006362 0.503800
 17 30.814247 -0.000015 -0.000004 2.186074 0.523827 0.482026
 18 -3.013796 7.815494 11.355459 -0.245439 -0.158137 2.155029
 19 10.374533 -0.000002 0.000007 -0.158173 -0.075157 -0.522952
 20 22.550726 -0.000027 -0.000013 -0.148827 0.023773 0.651465
 21 30.814270 -0.000023 0.000002 -2.619913 -0.218025 0.531405
 22 -4.250660 -0.770624 0.000001 0.015736 0.008457 -2.774040
 23 10.363422 0.000000 0.000000 -0.008893 -0.014965 0.118950
 24 10.363076 0.000000 -0.000000 -0.026845 0.011886 0.322339
 25 10.363081 -0.000004 -0.000002 0.024614 0.017810 0.018235
 26 9.253358 -0.000006 -3.973408 0.000000 0.000000 0.190334
 27 8.210346 -0.000002 7.704017 0.000000 0.000000 0.182872
 28 1.854841 1.227791 -13.762345 2.797914 0.350868 2.763566
 29 10.456543 -0.000004 0.000004 0.034541 0.093437 -1.542836
 30 24.248093 0.000001 0.000007 0.033802 0.035558 1.152055
 31 26.336971 0.000019 0.000002 0.178319 0.354688 0.433906
 32 1.854847 1.227798 13.762341 -2.837603 -0.262785 2.726492
 33 10.456542 -0.000008 0.000004 -0.023149 -0.093220 -1.658146
 34 24.248116 0.000002 -0.000004 -0.036780 -0.036913 1.239648
 35 26.336975 0.000000 0.000004 -0.126507 -0.275529 0.413219
time 11
  0 0.000000 0.000000 0.000000 0.000000 -0.000000 -1.570796
  1 0.000000 0.000000 0.000000 0.000000 -0.000000 0.000000
  2 -2.363353 -17.741100 31.785618 -1.573289 -1.231239 1.573673
  3 4.222169 -0.467508 0.000000 0.005086 0.000482 -0.190308
  4 4.476987 -0.000002 -0.000000 0.012523 -0.013738 -0.014771
  5 4.477083 0.000000 0.000002 -0.004145 0.027432 0.046830
  6 4.477077 -0.000004 -0.000002 -0.014447 -0.014692 0.045689
  7 5.413502 -7.700466 -0.000000 -0.012986 0.061882 -0.495294
  8 6.890240 0.000002 -0.000000 0.011385 0.010835 0.280722
  9 8.011925 0.000004 0.000005 -0.012154 -0.025513 0.315087
 10 7.210720 -0.000002 -0.000000 0.000082 -0.000335 0.306146
 11 8.581028 -0.304903 -0.000000 -0.039654 0.017905 1.135667
 12 22.523008 2.194031 6.355708 -0.012284 -0.200451 0.016287
 13 22.523005 2.194038 -6.355709 0.009192 0.151397 0.013878
 14 -3.006533 7.804720 -11.355459 0.781795 0.161261 2.164011
 15 10.384675 0.000008 0.000005 0.209339 0.063319 -0.357141
 16 22.550743 -0.000006 -0.000004 0.097630 0.005185 0.394235
 17 30.814247 -0.000015 -0.000004 2.168515 0.548435 0.510174
 18 -3.013796 7.815494 11.355459 -0.251955 -0.157577 2.175207
 19 10.374533 -0.000002 0.000007 -0.162285 -0.063728 -0.440265
 20 22.550726 -0.000027 -0.000013 -0.150012 0.020868 0.564365
 21 30.814270 -0.000023 0.000002 -2.614862 -0.234320 0.564233
 22 -4.250660 -0.770624 0.000001 0.015736 0.009420 -2.774194
 23 10.363422 0.000000 0.000000 -0.009552 -0.017505 0.140405
 24 10.363076 0.000000 -0.000000 -0.026798 0.011394 0.331914
 25 10.363081 -0.000004 -0.000002 0.025070 0.016901 0.018558
 26 9.253358 -0.000006 -3.973408 0.000000 0.000000 0.193154
 27 8.210346 -0.000002 7.704017 0.000000 0.000000 0.185721
 28 1.854841 1.227791 -13.762345 2.803190 0.356000 2.782299
 29 10.456543 -0.000004 0.000004 0.034052 0.093473 -1.547699
 30 24.248093 0.000001 0.000007 0.033913 0.035618 1.154719
 31 26.336971 0.000019 0.000002 0.174796 0.357631 0.434237
 32 1.854847 1.227798 13.762341 -2.844356 -0.271131 2.756434
 33 10.456542 -0.000008 0.000004 -0.022776 -0.093165 -1.662244
 34 24.248116 0.000002 -0.000004 -0.036832 -0.036925 1.242187
 35 26.336975 0.000000 0.000004 -0.123119 -0.278476 0.413502
time 12
  0 0.000000 0.000000 0.000000 0.000000 -0.000000 -1.570796
  1 0.000000 0.000000 0.000000 0.000000 -0.000000 0.000000
  2 -2.363353 -17.737194 31.785618 -1.567537 -1.235467 1.567441
  3 4.222169 -0.467508 0.000000 0.004451 0.000370 -0.173947
  4 4.476987 -0.000002 -0.000000 0.012583 -0.013760 -0.007334
  5 4.477083 0.000000 0.000002 -0.003989 0.027383 0.043880
  6 4.477077 -0.000004 -0.000002 -0.014159 -0.014824 0.035614
  7 5.413502 -7.700466 -0.000000 -0.009078 0.061865 -0.430356
  8 6.890240 0.000002 -0.000000 0.011254 0.009097 0.292241
  9 8.011925 0.000004 0.000005 -0.012717 -0.025769 0.335748
 10 7.210720 -0.000002 -0.000000 0.000220 -0.001042 0.366270
 11 8.581028 -0.304903 -0.000000 -0.040205 0.015156 1.066794
 12 22.523008 2.194031 6.355708 -0.022627 -0.384832 0.030537
 13 22.523005 2.194038 -6.355709 0.016467 0.304245 0.025551
 14 -3.006533 7.804720 -11.355459 0.780059 0.151757 2.166071
 15 10.384675 0.000008 0.000005 0.207957 0.066544 -0.375080
 16 22.550743 -0.000006 -0.000004 0.097822 0.005214 0.416572
 17 30.814247 -0.000015 -0.000004 2.166681 0.547338 0.505196
 18 -3.013796 7.815494 11.355459 -0.253279 -0.157278 2.179596
 19 10.374533 -0.000002 0.000007 -0.161408 -0.066452 -0.462010
 20 22.550726 -0.000027 -0.000013 -0.149767 0.021574 0.583100
 21 30.814270 -0.000023 0.000002 -2.614090 -0.233390 0.560161
 22 -4.250660 -0.770624 0.000001 0.015736 0.009661 -2.774476
 23 10.363422 0.000000 0.000000 -0.009528 -0.017457 0.139943
 24 10.363076 0.000000 -0.000000 -0.026774 0.011454 0.336741
 25 10.363081 -0.000004 -0.000002 0.025033 0.016916 0.018960
 26 9.253358 -0.000006 -3.973408 0.000000 0.000000 0.196177
 27 8.210346 -0.000002 7.704017 0.000000 0.000000 0.188806
 28 1.854841 1.227791 -13.762345 2.806621 0.359602 2.794584
 29 10.456543 -0.000004 0.000004 0.033773 0.093473 -1.550304
 30 24.248093 0.000001 0.000007 0.033950 0.035638 1.155784
 31 26.336971 0.000019 0.000002 0.173055 0.358787 0.435839
 32 1.854847 1.227798 13.762341 -2.846719 -0.272882 2.765136
 33 10.456542 -0.000008 0.000004 -0.022437 -0.093137 -1.665555
 34 24.248116 0.000002 -0.000004 -0.036819 -0.036913 1.243050
 35 26.336975 0.000000 0.000004 -0.121275 -0.279779 0.414914
time 13
  0 0.000000 0.000000 0.000000 0.000000 -0.000000 -1.570796
  1 0.000000 0.000000 0.000000 0.000000 -0.000000 0.000000
  2 -2.363353 -17.709848 31.785618 -1.562648 -1.240373 1.562169
  3 4.222169 -0.467508 0.000000 0.003241 0.000185 -0.142897
  4 4.476987 -0.000002 -0.000000 0.013409 -0.013674 0.038858
  5 4.477083 0.000000 0.000002 -0.003797 0.027238 0.033371
  6 4.477077 -0.000004 -0.000002 -0.013332 -0.015181 0.009576
  7 5.413502 -7.700466 -0.000000 -0.004532 0.061746 -0.356613
  8 6.890240 0.000002 -0.000000 0.011158 0.007907 0.302039
  9 8.011925 0.000004 0.000005 -0.013306 -0.026072 0.356384
 10 7.210720 -0.000002 -0.000000 0.000302 -0.001607 0.421809
 11 8.581028 -0.304903 -0.000000 -0.040572 0.012049 0.993259
 12 22.523008 2.194031 6.355708 -0.034564 -0.572757 0.046177
 13 22.523005 2.194038 -6.355709 0.025395 0.457638 0.038447
 14 -3.006533 7.804720 -11.355459 0.776641 0.138897 2.166415
 15 10.384675 0.000008 0.000005 0.203400 0.078085 -0.444004
 16 22.550743 -0.000006 -0.000004 0.098605 0.005988 0.489514
 17 30.814247 -0.000015 -0.000004 2.171355 0.535426 0.479125
 18 -3.013796 7.815494 11.355459 -0.252414 -0.157240 2.177088
 19 10.374533 -0.000002 0.000007 -0.159858 -0.070804 -0.494713
 20 22.550726 -0.000027 -0.000013 -0.148847 0.023263 0.645696
 21 30.814270 -0.000023 0.000002 -2.615914 -0.222991 0.534808
 22 -4.250660 -0.770624 0.000001 0.015748 0.009933 -2.774808
 23 10.363422 0.000000 0.000000 -0.009540 -0.017505 0.140339
 24 10.363076 0.000000 -0.000000 -0.026750 0.011466 0.341670
 25 10.363081 -0.000004 -0.000002 0.025045 0.016854 0.019336
 26 9.253358 -0.000006 -3.973408 0.000000 0.000000 0.199404
 27 8.210346 -0.000002 7.704017 0.000000 0.000000 0.192062
 28 1.854841 1.227791 -13.762345 2.809039 0.362735 2.804011
 29 10.456543 -0.000004 0.000004 0.033685 0.093491 -1.550825
 30 24.248093 0.000001 0.000007 0.033950 0.035658 1.155488
 31 26.336971 0.000019 0.000002 0.171141 0.360101 0.437220
 32 1.854847 1.227798 13.762341 -2.849049 -0.274059 2.772848
 33 10.456542 -0.000008 0.000004 -0.022199 -0.093081 -1.668077
 34 24.248116 0.000002 -0.000004 -0.036767 -0.036901 1.242440
 35 26.336975 0.000000 0.000004 -0.119346 -0.281268 0.416158
time 14
  0 0.000000 0.000000 0.000000 0.000000 -0.000000 -1.570796
  1 0.000000 0.000000 0.000000 0.000000 -0.000000 0.000000
  2 -2.363353 -17.659067 31.785618 -1.558622 -1.244921 1.557759
  3 4.222169 -0.467508 0.000000 0.001611 -0.000037 -0.101603
  4 4.476987 -0.000002 -0.000000 0.014332 -0.013653 0.088603
  5 4.477083 0.000000 0.000002 -0.003570 0.027044 0.017142
  6 4.477077 -0.000004 -0.000002 -0.012074 -0.015688 -0.028469
  7 5.413502 -7.700466 -0.000000 0.000106 0.061287 -0.282559
  8 6.890240 0.000002 -0.000000 0.011158 0.007973 0.307833
  9 8.011925 0.000004 0.000005 -0.013870 -0.026264 0.376500
 10 7.210720 -0.000002 -0.000000 0.000247 -0.001518 0.468042
 11 8.581028 -0.304903 -0.000000 -0.040779 0.008618 0.915764
 12 22.523008 2.194031 6.355708 -0.047531 -0.743787 0.062356
 13 22.523005 2.194038 -6.355709 0.035726 0.603076 0.052085
 14 -3.006533 7.804720 -11.355459 0.772137 0.126072 2.164355
 15 10.384675 0.000008 0.000005 0.195967 0.092895 -0.536144
 16 22.550743 -0.000006 -0.000004 0.099693 0.007366 0.589696
 17 30.814247 -0.000015 -0.000004 2.176814 0.523608 0.455024
 18 -3.013796 7.815494 11.355459 -0.249359 -0.157651 2.167455
 19 10.374533 -0.000002 0.000007 -0.156487 -0.079675 -0.559309
 20 22.550726 -0.000027 -0.000013 -0.147581 0.025854 0.732734
 21 30.814270 -0.000023 0.000002 -2.618580 -0.211541 0.508228
 22 -4.250660 -0.770624 0.000001 0.015748 0.010174 -2.775192
 23 10.363422 0.000000 0.000000 -0.009540 -0.017541 0.140758
 24 10.363076 0.000000 -0.000000 -0.026726 0.011466 0.346290
 25 10.363081 -0.000004 -0.000002 0.025058 0.016777 0.019685
 26 9.253358 -0.000006 -3.973408 0.000000 0.000000 0.202835
 27 8.210346 -0.000002 7.704017 0.000000 0.000000 0.195520
 28 1.854841 1.227791 -13.762345 2.810710 0.365375 2.811127
 29 10.456543 -0.000004 0.000004 0.033790 0.093491 -1.549436
 30 24.248093 0.000001 0.000007 0.033913 0.035638 1.154068
 31 26.336971 0.000019 0.000002 0.169271 0.361441 0.438600
 32 1.854847 1.227798 13.762341 -2.851244 -0.274606 2.779310
 33 10.456542 -0.000008 0.000004 -0.022063 -0.093053 -1.669457
 34 24.248116 0.000002 -0.000004 -0.036676 -0.036865 1.240460
 35 26.336975 0.000000 0.000004 -0.117373 -0.282726 0.417401
time 15
  0 0.000000 0.000000 0.000000 0.000000 -0.000000 -1.570796
  1 0.000000 0.000000 0.000000 0.000000 -0.000000 0.000000
  2 -2.363353 -17.588751 31.785618 -1.555267 -1.249069 1.554212
  3 4.222169 -0.467508 0.000000 -0.000271 -0.000223 -0.054590
  4 4.476987 -0.000002 -0.000000 0.015243 -0.013653 0.137215
  5 4.477083 0.000000 0.000002 -0.003306 0.026834 -0.002215
  6 4.477077 -0.000004 -0.000002 -0.010576 -0.016252 -0.072852
  7 5.413502 -7.700466 -0.000000 0.002180 0.059656 -0.238345
  8 6.890240 0.000002 -0.000000 0.011337 0.009985 0.307484
  9 8.011925 0.000004 0.000005 -0.014000 -0.024794 0.389997
 10 7.210720 -0.000002 -0.000000 0.000000 -0.000318 0.500303
 11 8.581028 -0.304903 -0.000000 -0.040664 0.006210 0.844017
 12 22.523008 2.194031 6.355708 -0.058557 -0.876199 0.075934
 13 22.523005 2.194038 -6.355709 0.045014 0.723709 0.063842
 14 -3.006533 7.804720 -11.355459 0.756836 0.112576 2.143066
 15 10.384675 0.000008 0.000005 0.187563 0.106749 -0.626451
 16 22.550743 -0.000006 -0.000004 0.100860 0.008657 0.687456
 17 30.814247 -0.000015 -0.000004 2.183235 0.511570 0.432140
 18 -3.013796 7.815494 11.355459 -0.244420 -0.158585 2.150925
 19 10.374533 -0.000002 0.000007 -0.152241 -0.088944 -0.628080
 20 22.550726 -0.000027 -0.000013 -0.146110 0.028229 0.816981
 21 30.814270 -0.000023 0.000002 -2.621773 -0.199552 0.480783
 22 -4.250660 -0.770624 0.000001 0.015748 0.010399 -2.775628
 23 10.363422 0.000000 0.000000 -0.009552 -0.017589 0.141132
 24 10.363076 0.000000 -0.000000 -0.026702 0.011466 0.350652
 25 10.363081 -0.000004 -0.000002 0.025070 0.016716 0.020061
 26 9.253358 -0.000006 -3.973408 0.000000 0.000000 0.206436
 27 8.210346 -0.000002 7.704017 0.000000 0.000000 0.199149
 28 1.854841 1.227791 -13.762345 2.811897 0.367670 2.816662
 29 10.456543 -0.000004 0.000004 0.034070 0.093509 -1.546310
 30 24.248093 0.000001 0.000007 0.033802 0.035618 1.151640
 31 26.336971 0.000019 0.000002 0.167356 0.362755 0.440146
 32 1.854847 1.227798 13.762341 -2.853404 -0.274715 2.785083
 33 10.456542 -0.000008 0.000004 -0.022063 -0.093025 -1.669338
 34 24.248116 0.000002 -0.000004 -0.036560 -0.036829 1.237211
 35 26.336975 0.000000 0.000004 -0.115443 -0.284122 0.418814
time 16
  0 0.000000 0.000000 0.000000 0.000000 -0.000000 -1.570796
  1 0.000000 0.000000 0.000000 0.000000 -0.000000 0.000000
  2 -2.363353 -17.494999 31.785618 -1.552775 -1.252859 1.551432
  3 4.222169 -0.467508 0.000000 -0.002236 -0.000353 -0.006427
  4 4.476987 -0.000002 -0.000000 0.016142 -0.013695 0.185117
  5 4.477083 0.000000 0.000002 -0.003006 0.026640 -0.022106
  6 4.477077 -0.000004 -0.000002 -0.009054 -0.016778 -0.117905
  7 5.413502 -7.700466 -0.000000 0.003762 0.061338 -0.213826
  8 6.890240 0.000002 -0.000000 0.011637 0.014442 0.299339
  9 8.011925 0.000004 0.000005 -0.013306 -0.019826 0.389141
 10 7.210720 -0.000002 -0.000000 -0.000247 0.002913 0.512290
 11 8.581028 -0.304903 -0.000000 -0.039539 0.012647 0.820358
 12 22.523008 2.194031 6.355708 -0.062380 -0.942497 0.081064
 13 22.523005 2.194038 -6.355709 0.049269 0.798455 0.069067
 14 -3.006533 7.804720 -11.355459 0.742240 0.100387 2.121914
 15 10.384675 0.000008 0.000005 0.178188 0.119479 -0.715370
 16 22.550743 -0.000006 -0.000004 0.102220 0.009748 0.783280
 17 30.814247 -0.000015 -0.000004 2.190486 0.499438 0.410653
 18 -3.013796 7.815494 11.355459 -0.238514 -0.159893 2.130746
 19 10.374533 -0.000002 0.000007 -0.147320 -0.097881 -0.696676
 20 22.550726 -0.000027 -0.000013 -0.144517 0.030291 0.897877
 21 30.814270 -0.000023 0.000002 -2.625035 -0.187808 0.453700
 22 -4.250660 -0.770624 0.000001 0.015760 0.010591 -2.776114
 23 10.363422 0.000000 0.000000 -0.009552 -0.017625 0.141506
 24 10.363076 0.000000 -0.000000 -0.026678 0.011466 0.354704
 25 10.363081 -0.000004 -0.000002 0.025082 0.016639 0.020437
 26 9.253358 -0.000006 -3.973408 0.000000 0.000000 0.210207
 27 8.210346 -0.000002 7.704017 0.000000 0.000000 0.202946
 28 1.854841 1.227791 -13.762345 2.812908 0.369668 2.821406
 29 10.456543 -0.000004 0.000004 0.034489 0.093491 -1.541664
 30 24.248093 0.000001 0.000007 0.033691 0.035578 1.148443
 31 26.336971 0.000019 0.000002 0.165529 0.364017 0.441969
 32 1.854847 1.227798 13.762341 -2.855599 -0.274578 2.790683
 33 10.456542 -0.000008 0.000004 -0.022233 -0.093025 -1.667525
 34 24.248116 0.000002 -0.000004 -0.036404 -0.036769 1.232895
 35 26.336975 0.000000 0.000004 -0.113556 -0.285487 0.420453
time 17
  0 0.000000 0.000000 0.000000 0.000000 -0.000000 -1.570796
  1 0.000000 0.000000 0.000000 0.000000 -0.000000 0.000000
  2 -2.363353 -17.377808 31.785618 -1.550954 -1.256289 1.549515
  3 4.222169 -0.467508 0.000000 -0.004142 -0.000464 0.038393
  4 4.476987 -0.000002 -0.000000 0.017029 -0.013760 0.232042
  5 4.477083 0.000000 0.000002 -0.002683 0.026495 -0.039996
  6 4.477077 -0.000004 -0.000002 -0.007723 -0.017210 -0.158083
  7 5.413502 -7.700466 -0.000000 0.005955 0.075305 -0.233149
  8 6.890240 0.000002 -0.000000 0.012895 0.024794 0.273927
  9 8.011925 0.000004 0.000005 -0.011119 -0.009346 0.366896
 10 7.210720 -0.000002 -0.000000 0.001016 0.012959 0.486787
 11 8.581028 -0.304903 -0.000000 -0.037312 0.026407 0.810018
 12 22.523008 2.194031 6.355708 -0.057083 -0.932017 0.074317
 13 22.523005 2.194038 -6.355709 0.045230 0.817905 0.063339
 14 -3.006533 7.804720 -11.355459 0.729923 0.089752 2.103853
 15 10.384675 0.000008 0.000005 0.168626 0.130299 -0.796791
 16 22.550743 -0.000006 -0.000004 0.103691 0.010580 0.870084
 17 30.814247 -0.000015 -0.000004 2.198436 0.487338 0.390741
 18 -3.013796 7.815494 11.355459 -0.232965 -0.161126 2.111879
 19 10.374533 -0.000002 0.000007 -0.141657 -0.106519 -0.765795
 20 22.550726 -0.000027 -0.000013 -0.142883 0.032018 0.974059
 21 30.814270 -0.000023 0.000002 -2.627842 -0.177091 0.428235
 22 -4.250660 -0.770624 0.000001 0.015760 0.010768 -2.776626
 23 10.363422 0.000000 0.000000 -0.009564 -0.017661 0.141858
 24 10.363076 0.000000 -0.000000 -0.026654 0.011454 0.358472
 25 10.363081 -0.000004 -0.000002 0.025107 0.016562 0.020786
 26 9.253358 -0.000006 -3.973408 0.000000 0.000000 0.214113
 27 8.210346 -0.000002 7.704017 0.000000 0.000000 0.206914
 28 1.854841 1.227791 -13.762345 2.814008 0.371444 2.826089
 29 10.456543 -0.000004 0.000004 0.035031 0.093473 -1.535629
 30 24.248093 0.000001 0.000007 0.033580 0.035517 1.144714
 31 26.336971 0.000019 0.000002 0.163659 0.365199 0.444068
 32 1.854847 1.227798 13.762341 -2.857963 -0.274387 2.796586
 33 10.456542 -0.000008 0.000004 -0.022572 -0.093025 -1.663663
 34 24.248116 0.000002 -0.000004 -0.036223 -0.036710 1.227564
 35 26.336975 0.000000 0.000004 -0.111670 -0.286759 0.422488
time 18
  0 0.000000 0.000000 0.000000 0.000000 -0.000000 -1.570796
  1 0.000000 0.000000 0.000000 0.000000 -0.000000 0.000000
  2 -2.363353 -17.237179 31.785618 -1.549803 -1.259401 1.548269
  3 4.222169 -0.467508 0.000000 -0.005820 -0.000594 0.075945
  4 4.476987 -0.000002 -0.000000 0.017772 -0.013888 0.274750
  5 4.477083 0.000000 0.000002 -0.002347 0.026430 -0.053261
  6 4.477077 -0.000004 -0.000002 -0.006717 -0.017548 -0.189089
  7 5.413502 -7.700466 -0.000000 0.007895 0.102457 -0.293636
  8 6.890240 0.000002 -0.000000 0.017414 0.051874 0.203205
  9 8.011925 0.000004 0.000005 -0.004270 0.015544 0.296502
 10 7.210720 -0.000002 -0.000000 0.005490 0.034727 0.411806
 11 8.581028 -0.304903 -0.000000 -0.034349 0.043752 0.802693
 12 22.523008 2.194031 6.355708 -0.051006 -0.912586 0.066515
 13 22.523005 2.194038 -6.355709 0.040160 0.831336 0.056196
 14 -3.006533 7.804720 -11.355459 0.719668 0.080743 2.088471
 15 10.384675 0.000008 0.000005 0.160222 0.138680 -0.863549
 16 22.550743 -0.000006 -0.000004 0.105002 0.011240 0.940544
 17 30.814247 -0.000015 -0.000004 2.206997 0.475363 0.372621
 18 -3.013796 7.815494 11.355459 -0.227976 -0.162360 2.094551
 19 10.374533 -0.000002 0.000007 -0.135995 -0.114226 -0.830101
 20 22.550726 -0.000027 -0.000013 -0.141310 0.033333 1.043354
 21 30.814270 -0.000023 0.000002 -2.629596 -0.168136 0.405560
 22 -4.250660 -0.770624 0.000001 0.015772 0.010912 -2.777164
 23 10.363422 0.000000 0.000000 -0.009564 -0.017697 0.142188
 24 10.363076 0.000000 -0.000000 -0.026630 0.011454 0.361983
 25 10.363081 -0.000004 -0.000002 0.025131 0.016485 0.021162
 26 9.253358 -0.000006 -3.973408 0.000000 0.000000 0.218190
 27 8.210346 -0.000002 7.704017 0.000000 0.000000 0.210983
 28 1.854841 1.227791 -13.762345 2.815591 0.373073 2.831502
 29 10.456543 -0.000004 0.000004 0.035694 0.093455 -1.528421
 30 24.248093 0.000001 0.000007 0.033394 0.035457 1.140569
 31 26.336971 0.000019 0.000002 0.161875 0.366276 0.446663
 32 1.854847 1.227798 13.762341 -2.860596 -0.274277 2.803392
 33 10.456542 -0.000008 0.000004 -0.023183 -0.093053 -1.657436
 34 24.248116 0.000002 -0.000004 -0.036029 -0.036638 1.221370
 35 26.336975 0.000000 0.000004 -0.109911 -0.287938 0.425031
time 19
  0 0.000000 0.000000 0.000000 0.000000 -0.000000 -1.570796
  1 0.000000 0.000000 0.000000 0.000000 -0.000000 0.000000
  2 -2.363353 -17.069204 31.785618 -1.549323 -1.262193 1.547693
  3 4.222169 -0.467508 0.000000 -0.007162 -0.000705 0.104374
  4 4.476987 -0.000002 -0.000000 0.018239 -0.014102 0.307780
  5 4.477083 0.000000 0.000002 -0.002024 0.026495 -0.059813
  6 4.477077 -0.000004 -0.000002 -0.006057 -0.017793 -0.210626
  7 5.413502 -7.700466 -0.000000 0.008480 0.132225 -0.357485
  8 6.890240 0.000002 -0.000000 0.020446 0.080798 0.127248
  9 8.011925 0.000004 0.000005 0.001545 0.043374 0.219099
 10 7.210720 -0.000002 -0.000000 0.009910 0.062958 0.312529
 11 8.581028 -0.304903 -0.000000 -0.031341 0.062224 0.796139
 12 22.523008 2.194031 6.355708 -0.044822 -0.890772 0.058665
 13 22.523005 2.194038 -6.355709 0.035079 0.844706 0.049029
 14 -3.006533 7.804720 -11.355459 0.711421 0.073501 2.075766
 15 10.384675 0.000008 0.000005 0.152864 0.145278 -0.919311
 16 22.550743 -0.000006 -0.000004 0.106010 0.011728 0.997082
 17 30.814247 -0.000015 -0.000004 2.216213 0.463451 0.356362
 18 -3.013796 7.815494 11.355459 -0.223750 -0.163555 2.079332
 19 10.374533 -0.000002 0.000007 -0.132692 -0.118745 -0.867907
 20 22.550726 -0.000027 -0.000013 -0.140043 0.034433 1.098257
 21 30.814270 -0.000023 0.000002 -2.629701 -0.161652 0.386956
 22 -4.250660 -0.770624 0.000001 0.015772 0.011025 -2.777727
 23 10.363422 0.000000 0.000000 -0.009576 -0.017733 0.142496
 24 10.363076 0.000000 -0.000000 -0.026606 0.011430 0.365183
 25 10.363081 -0.000004 -0.000002 0.025156 0.016408 0.021538
 26 9.253358 -0.000006 -3.973408 0.000000 0.000000 0.222368
 27 8.210346 -0.000002 7.704017 0.000000 0.000000 0.215222
 28 1.854841 1.227791 -13.762345 2.817921 0.374652 2.838497
 29 10.456543 -0.000004 0.000004 0.036463 0.093402 -1.520128
 30 24.248093 0.000001 0.000007 0.033246 0.035396 1.136070
 31 26.336971 0.000019 0.000002 0.160091 0.367222 0.449866
 32 1.854847 1.227798 13.762341 -2.863601 -0.274442 2.811578
 33 10.456542 -0.000008 0.000004 -0.024030 -0.093109 -1.648530
 34 24.248116 0.000002 -0.000004 -0.035808 -0.036554 1.214414
 35 26.336975 0.000000 0.000004 -0.108196 -0.288961 0.428139
time 20
  0 0.000000 0.000000 0.000000 0.000000 -0.000000 -1.570796
  1 0.000000 0.000000 0.000000 0.000000 -0.000000 0.000000
  2 -2.363353 -16.869980 31.785618 -1.549324 -1.264746 1.547789
  3 4.222169 -0.467508 0.000000 -0.008037 -0.000798 0.122360
  4 4.476987 -0.000002 -0.000000 0.018491 -0.014295 0.329578
  5 4.477083 0.000000 0.000002 -0.001772 0.026608 -0.061443
  6 4.477077 -0.000004 -0.000002 -0.005662 -0.017962 -0.223754
  7 5.413502 -7.700466 -0.000000 0.007297 0.159394 -0.419559
  8 6.890240 0.000002 -0.000000 0.021428 0.108742 0.053361
  9 8.011925 0.000004 0.000005 0.005068 0.072002 0.141541
 10 7.210720 -0.000002 -0.000000 0.011694 0.091064 0.213814
 11 8.581028 -0.304903 -0.000000 -0.028241 0.081976 0.790601
 12 22.523008 2.194031 6.355708 -0.038231 -0.864162 0.050335
 13 22.523005 2.194038 -6.355709 0.029890 0.857138 0.041742
 14 -3.006533 7.804720 -11.355459 0.704855 0.068060 2.065190
 15 10.384675 0.000008 0.000005 0.147074 0.150073 -0.961798
 16 22.550743 -0.000006 -0.000004 0.106586 0.012015 1.033159
 17 30.814247 -0.000015 -0.000004 2.222852 0.453545 0.342825
 18 -3.013796 7.815494 11.355459 -0.220288 -0.164714 2.066336
 19 10.374533 -0.000002 0.000007 -0.130669 -0.121469 -0.891623
 20 22.550726 -0.000027 -0.000013 -0.139287 0.035238 1.129896
 21 30.814270 -0.000023 0.000002 -2.627631 -0.158227 0.373373
 22 -4.250660 -0.770624 0.000001 0.015772 0.011137 -2.778291
 23 10.363422 0.000000 0.000000 -0.009576 -0.017757 0.142782
 24 10.363076 0.000000 -0.000000 -0.026582 0.011418 0.368100
 25 10.363081 -0.000004 -0.000002 0.025181 0.016331 0.021887
 26 9.253358 -0.000006 -3.973408 0.000000 0.000000 0.226682
 27 8.210346 -0.000002 7.704017 0.000000 0.000000 0.219562
 28 1.854841 1.227791 -13.762345 2.821308 0.376231 2.847863
 29 10.456543 -0.000004 0.000004 0.037354 0.093331 -1.510662
 30 24.248093 0.000001 0.000007 0.033061 0.035315 1.130505
 31 26.336971 0.000019 0.000002 0.158351 0.368011 0.453677
 32 1.854847 1.227798 13.762341 -2.867078 -0.275071 2.821831
 33 10.456542 -0.000008 0.000004 -0.025184 -0.093192 -1.636627
 34 24.248116 0.000002 -0.000004 -0.035588 -0.036458 1.206899
 35 26.336975 0.000000 0.000004 -0.106567 -0.289861 0.431982
time 21
  0 0.000000 0.000000 0.000000 0.000000 -0.000000 -1.570796
  1 0.000000 0.000000 0.000000 0.000000 -0.000000 0.000000
  2 -2.363353 -16.635597 31.785618 -1.549899 -1.266980 1.548365
  3 4.222169 -0.467508 0.000000 -0.008372 -0.000835 0.129061
  4 4.476987 -0.000002 -0.000000 0.018563 -0.014402 0.338945
  5 4.477083 0.000000 0.000002 -0.001688 0.026705 -0.063177
  6 4.477077 -0.000004 -0.000002 -0.005482 -0.018018 -0.229563
  7 5.413502 -7.700466 -0.000000 0.004944 0.178237 -0.472735
  8 6.890240 0.000002 -0.000000 0.020482 0.133927 -0.016081
  9 8.011925 0.000004 0.000005 0.006142 0.095566 0.070628
 10 7.210720 -0.000002 -0.000000 0.011557 0.114899 0.121938
 11 8.581028 -0.304903 -0.000000 -0.024957 0.103879 0.786325
 12 22.523008 2.194031 6.355708 -0.031531 -0.833426 0.041874
 13 22.523005 2.194038 -6.355709 0.024652 0.868361 0.034432
 14 -3.006533 7.804720 -11.355459 0.702196 0.064491 2.060658
 15 10.384675 0.000008 0.000005 0.144534 0.152089 -0.979738
 16 22.550743 -0.000006 -0.000004 0.106841 0.012216 1.051682
 17 30.814247 -0.000015 -0.000004 2.217305 0.450943 0.333514
 18 -3.013796 7.815494 11.355459 -0.219015 -0.165611 2.060408
 19 10.374533 -0.000002 0.000007 -0.129254 -0.122997 -0.905771
 20 22.550726 -0.000027 -0.000013 -0.138940 0.035473 1.146708
 21 30.814270 -0.000023 0.000002 -2.623983 -0.156906 0.363193
 22 -4.250660 -0.770624 0.000001 0.015772 0.011217 -2.778880
 23 10.363422 0.000000 0.000000 -0.009576 -0.017793 0.143024
 24 10.363076 0.000000 -0.000000 -0.026558 0.011394 0.370732
 25 10.363081 -0.000004 -0.000002 0.025205 0.016254 0.022236
 26 9.253358 -0.000006 -3.973408 0.000000 0.000000 0.231064
 27 8.210346 -0.000002 7.704017 0.000000 0.000000 0.223970
 28 1.854841 1.227791 -13.762345 2.826101 0.377810 2.860271
 29 10.456543 -0.000004 0.000004 0.038472 0.093259 -1.498896
 30 24.248093 0.000001 0.000007 0.032764 0.035214 1.122987
 31 26.336971 0.000019 0.000002 0.156655 0.368615 0.458316
 32 1.854847 1.227798 13.762341 -2.871130 -0.276275 2.834497
 33 10.456542 -0.000008 0.000004 -0.026676 -0.093276 -1.621533
 34 24.248116 0.000002 -0.000004 -0.035368 -0.036362 1.198928
 35 26.336975 0.000000 0.000004 -0.105023 -0.290606 0.436617
time 22
  0 0.000000 0.000000 0.000000 0.000000 -0.000000 -1.570796
  1 0.000000 0.000000 0.000000 0.000000 -0.000000 0.000000
  2 -2.363353 -16.334806 31.785618 -1.550857 -1.269014 1.549419
  3 4.222169 -0.467508 0.000000 -0.008324 -0.000835 0.128417
  4 4.476987 -0.000002 -0.000000 0.018551 -0.014402 0.339722
  5 4.477083 0.000000 0.000002 -0.001724 0.026770 -0.064704
  6 4.477077 -0.000004 -0.000002 -0.005434 -0.017999 -0.230871
  7 5.413502 -7.700466 -0.000000 0.002751 0.182128 -0.509078
  8 6.890240 0.000002 -0.000000 0.018660 0.144030 -0.064508
  9 8.011925 0.000004 0.000005 0.006221 0.096652 0.026579
 10 7.210720 -0.000002 -0.000000 0.010871 0.118182 0.058542
 11 8.581028 -0.304903 -0.000000 -0.022454 0.117742 0.781488
 12 22.523008 2.194031 6.355708 -0.025299 -0.800674 0.033916
 13 22.523005 2.194038 -6.355709 0.019379 0.878222 0.027121
 14 -3.006533 7.804720 -11.355459 0.708545 0.062301 2.071920
 15 10.384675 0.000008 0.000005 0.142816 0.153468 -0.991901
 16 22.550743 -0.000006 -0.000004 0.107065 0.012388 1.068510
 17 30.814247 -0.000015 -0.000004 2.209006 0.449940 0.324812
 18 -3.013796 7.815494 11.355459 -0.222884 -0.165461 2.072321
 19 10.374533 -0.000002 0.000007 -0.128040 -0.124459 -0.919050
 20 22.550726 -0.000027 -0.000013 -0.138634 0.035669 1.162403
 21 30.814270 -0.000023 0.000002 -2.620264 -0.155633 0.352957
 22 -4.250660 -0.770624 0.000001 0.015784 0.011281 -2.779443
 23 10.363422 0.000000 0.000000 -0.009588 -0.017817 0.143266
 24 10.363076 0.000000 -0.000000 -0.026534 0.011358 0.373081
 25 10.363081 -0.000004 -0.000002 0.025230 0.016161 0.022611
 26 9.253358 -0.000006 -3.973408 0.000000 0.000000 0.235548
 27 8.210346 -0.000002 7.704017 0.000000 0.000000 0.228480
 28 1.854841 1.227791 -13.762345 2.832477 0.379413 2.876205
 29 10.456543 -0.000004 0.000004 0.039975 0.093153 -1.483178
 30 24.248093 0.000001 0.000007 0.032430 0.035033 1.112627
 31 26.336971 0.000019 0.000002 0.155001 0.369036 0.463783
 32 1.854847 1.227798 13.762341 -2.875857 -0.278163 2.849963
 33 10.456542 -0.000008 0.000004 -0.028473 -0.093359 -1.602891
 34 24.248116 0.000002 -0.000004 -0.035135 -0.036254 1.190398
 35 26.336975 0.000000 0.000004 -0.103650 -0.291133 0.442212
time 23
  0 0.000000 0.000000 0.000000 0.000000 -0.000000 -1.570796
  1 0.000000 0.000000 0.000000 0.000000 -0.000000 0.000000
  2 -2.363353 -15.948076 31.785618 -1.552295 -1.270809 1.550952
  3 4.222169 -0.467508 0.000000 -0.008241 -0.000798 0.126945
  4 4.476987 -0.000002 -0.000000 0.018539 -0.014402 0.338812
  5 4.477083 0.000000 0.000002 -0.001844 0.026802 -0.065904
  6 4.477077 -0.000004 -0.000002 -0.005422 -0.017981 -0.230669
  7 5.413502 -7.700466 -0.000000 0.001329 0.170115 -0.527965
  8 6.890240 0.000002 -0.000000 0.018277 0.131980 -0.083730
  9 8.011925 0.000004 0.000005 0.005867 0.084718 -0.005269
 10 7.210720 -0.000002 -0.000000 0.010157 0.095796 0.025905
 11 8.581028 -0.304903 -0.000000 -0.023419 0.095053 0.770657
 12 22.523008 2.194031 6.355708 -0.019631 -0.765815 0.026570
 13 22.523005 2.194038 -6.355709 0.014178 0.886298 0.019954
 14 -3.006533 7.804720 -11.355459 0.716684 0.060322 2.086342
 15 10.384675 0.000008 0.000005 0.141210 0.154677 -1.003064
 16 22.550743 -0.000006 -0.000004 0.107273 0.012503 1.083220
 17 30.814247 -0.000015 -0.000004 2.200969 0.448718 0.316002
 18 -3.013796 7.815494 11.355459 -0.227670 -0.165013 2.087768
 19 10.374533 -0.000002 0.000007 -0.126894 -0.125788 -0.931401
 20 22.550726 -0.000027 -0.000013 -0.138368 0.035866 1.176672
 21 30.814270 -0.000023 0.000002 -2.616405 -0.154483 0.342776
 22 -4.250660 -0.770624 0.000001 0.015784 0.011330 -2.780006
 23 10.363422 0.000000 0.000000 -0.009588 -0.017841 0.143464
 24 10.363076 0.000000 -0.000000 -0.026510 0.011334 0.375146
 25 10.363081 -0.000004 -0.000002 0.025267 0.016084 0.022960
 26 9.253358 -0.000006 -3.973408 0.000000 0.000000 0.240100
 27 8.210346 -0.000002 7.704017 0.000000 0.000000 0.233058
 28 1.854841 1.227791 -13.762345 2.840128 0.380968 2.895060
 29 10.456543 -0.000004 0.000004 0.041966 0.093010 -1.462641
 30 24.248093 0.000001 0.000007 0.031985 0.034791 1.098596
 31 26.336971 0.000019 0.000002 0.153435 0.369220 0.470245
 32 1.854847 1.227798 13.762341 -2.881124 -0.280598 2.867756
 33 10.456542 -0.000008 0.000004 -0.030678 -0.093415 -1.580703
 34 24.248116 0.000002 -0.000004 -0.034785 -0.036110 1.179330
 35 26.336975 0.000000 0.000004 -0.102364 -0.291474 0.448768
time 24
  0 0.000000 0.000000 0.000000 0.000000 -0.000000 -1.570796
  1 0.000000 0.000000 0.000000 0.000000 -0.000000 0.000000
  2 -2.363353 -15.494938 31.785618 -1.553925 -1.272405 1.552678
  3 4.222169 -0.467508 0.000000 -0.008109 -0.000760 0.124415
  4 4.476987 -0.000002 -0.000000 0.018527 -0.014359 0.336348
  5 4.477083 0.000000 0.000002 -0.002024 0.026834 -0.066630
  6 4.477077 -0.000004 -0.000002 -0.005470 -0.017943 -0.228940
  7 5.413502 -7.700466 -0.000000 -0.000306 0.152869 -0.544020
  8 6.890240 0.000002 -0.000000 0.017414 0.114911 -0.100486
  9 8.011925 0.000004 0.000005 0.005055 0.064014 -0.029798
 10 7.210720 -0.000002 -0.000000 0.009224 0.059939 0.000241
 11 8.581028 -0.304903 -0.000000 -0.025922 0.055685 0.757233
 12 22.523008 2.194031 6.355708 -0.014597 -0.728847 0.019978
 13 22.523005 2.194038 -6.355709 0.009276 0.891380 0.013219
 14 -3.006533 7.804720 -11.355459 0.724443 0.058520 2.100145
 15 10.384675 0.000008 0.000005 0.139866 0.155717 -1.012728
 16 22.550743 -0.000006 -0.000004 0.107465 0.012618 1.095871
 17 30.814247 -0.000015 -0.000004 2.192932 0.447401 0.307157
 18 -3.013796 7.815494 11.355459 -0.232252 -0.164527 2.102474
 19 10.374533 -0.000002 0.000007 -0.125816 -0.127050 -0.942998
 20 22.550726 -0.000027 -0.000013 -0.138123 0.036042 1.189575
 21 30.814270 -0.000023 0.000002 -2.612371 -0.153456 0.332624
 22 -4.250660 -0.770624 0.000001 0.015784 0.011362 -2.780570
 23 10.363422 0.000000 0.000000 -0.009588 -0.017865 0.143618
 24 10.363076 0.000000 -0.000000 -0.026498 0.011298 0.376901
 25 10.363081 -0.000004 -0.000002 0.025304 0.015992 0.023310
 26 9.253358 -0.000006 -3.973408 0.000000 0.000000 0.244686
 27 8.210346 -0.000002 7.704017 0.000000 0.000000 0.237669
 28 1.854841 1.227791 -13.762345 2.848615 0.382349 2.915617
 29 10.456543 -0.000004 0.000004 0.044342 0.092815 -1.438152
 30 24.248093 0.000001 0.000007 0.031392 0.034468 1.080480
 31 26.336971 0.000019 0.000002 0.151913 0.369193 0.477590
 32 1.854847 1.227798 13.762341 -2.886796 -0.283362 2.887099
 33 10.456542 -0.000008 0.000004 -0.033085 -0.093443 -1.556150
 34 24.248116 0.000002 -0.000004 -0.034241 -0.035883 1.163641
 35 26.336975 0.000000 0.000004 -0.101249 -0.291598 0.456002
time 25
  0 0.000000 0.000000 0.000000 0.000000 -0.000000 -1.570796
  1 0.000000 0.000000 0.000000 0.000000 -0.000000 0.000000
  2 -2.363353 -15.006641 31.785618 -1.555842 -1.273841 1.554787
  3 4.222169 -0.467508 0.000000 -0.007917 -0.000723 0.120781
  4 4.476987 -0.000002 -0.000000 0.018479 -0.014317 0.332596
  5 4.477083 0.000000 0.000002 -0.002203 0.026834 -0.066779
  6 4.477077 -0.000004 -0.000002 -0.005554 -0.017905 -0.225779
  7 5.413502 -7.700466 -0.000000 -0.002220 0.127094 -0.555937
  8 6.890240 0.000002 -0.000000 0.015904 0.089385 -0.112633
  9 8.011925 0.000004 0.000005 0.003798 0.033533 -0.044931
 10 7.210720 -0.000002 -0.000000 0.006671 -0.004573 -0.012256
 11 8.581028 -0.304903 -0.000000 -0.028517 0.012493 0.743704
 12 22.523008 2.194031 6.355708 -0.010259 -0.689710 0.014202
 13 22.523005 2.194038 -6.355709 0.005010 0.892681 0.007287
 14 -3.006533 7.804720 -11.355459 0.731985 0.056895 2.113536
 15 10.384675 0.000008 0.000005 0.138745 0.156544 -1.020670
 16 22.550743 -0.000006 -0.000004 0.107625 0.012704 1.106646
 17 30.814247 -0.000015 -0.000004 2.184895 0.446053 0.298311
 18 -3.013796 7.815494 11.355459 -0.236682 -0.164004 2.116724
 19 10.374533 -0.000002 0.000007 -0.124805 -0.128213 -0.953957
 20 22.550726 -0.000027 -0.000013 -0.137898 0.036199 1.201362
 21 30.814270 -0.000023 0.000002 -2.608197 -0.152550 0.322555
 22 -4.250660 -0.770624 0.000001 0.015784 0.011378 -2.781082
 23 10.363422 0.000000 0.000000 -0.009588 -0.017877 0.143750
 24 10.363076 0.000000 -0.000000 -0.026474 0.011262 0.378398
 25 10.363081 -0.000004 -0.000002 0.025341 0.015915 0.023659
 26 9.253358 -0.000006 -3.973408 0.000000 0.000000 0.249340
 27 8.210346 -0.000002 7.704017 0.000000 0.000000 0.242349
 28 1.854841 1.227791 -13.762345 2.857454 0.383509 2.936904
 29 10.456543 -0.000004 0.000004 0.046928 0.092548 -1.411406
 30 24.248093 0.000001 0.000007 0.030725 0.034064 1.059641
 31 26.336971 0.000019 0.000002 0.150433 0.368983 0.485653
 32 1.854847 1.227798 13.762341 -2.892671 -0.286235 2.907261
 33 10.456542 -0.000008 0.000004 -0.035561 -0.093415 -1.530770
 34 24.248116 0.000002 -0.000004 -0.033580 -0.035607 1.145312
 35 26.336975 0.000000 0.000004 -0.100263 -0.291536 0.463575
time 26
  0 0.000000 0.000000 0.000000 0.000000 -0.000000 -1.570796
  1 0.000000 0.000000 0.000000 0.000000 -0.000000 0.000000
  2 -2.363353 -14.510532 31.785618 -1.557855 -1.275117 1.556896
  3 4.222169 -0.467508 0.000000 -0.007677 -0.000668 0.116027
  4 4.476987 -0.000002 -0.000000 0.018395 -0.014252 0.327913
  5 4.477083 0.000000 0.000002 -0.002371 0.026818 -0.066186
  6 4.477077 -0.000004 -0.000002 -0.005698 -0.017849 -0.221262
  7 5.413502 -7.700466 -0.000000 -0.004227 0.094658 -0.564525
  8 6.890240 0.000002 -0.000000 0.014022 0.057063 -0.121197
  9 8.011925 0.000004 0.000005 0.002266 -0.003195 -0.053600
 10 7.210720 -0.000002 -0.000000 0.004365 -0.075140 -0.021481
 11 8.581028 -0.304903 -0.000000 -0.031111 -0.033414 0.730105
 12 22.523008 2.194031 6.355708 -0.006651 -0.648373 0.009324
 13 22.523005 2.194038 -6.355709 0.001786 0.884695 0.002685
 14 -3.006533 7.804720 -11.355459 0.739419 0.055482 2.126653
 15 10.384675 0.000008 0.000005 0.137886 0.157181 -1.026946
 16 22.550743 -0.000006 -0.000004 0.107769 0.012761 1.115605
 17 30.814247 -0.000015 -0.000004 2.176858 0.444642 0.289466
 18 -3.013796 7.815494 11.355459 -0.240958 -0.163406 2.130632
 19 10.374533 -0.000002 0.000007 -0.123861 -0.129343 -0.964395
 20 22.550726 -0.000027 -0.000013 -0.137694 0.036317 1.212219
 21 30.814270 -0.000023 0.000002 -2.603882 -0.151767 0.312514
 22 -4.250660 -0.770624 0.000001 0.015784 0.011378 -2.781568
 23 10.363422 0.000000 0.000000 -0.009600 -0.017901 0.143860
 24 10.363076 0.000000 -0.000000 -0.026462 0.011214 0.379585
 25 10.363081 -0.000004 -0.000002 0.025378 0.015822 0.024034
 26 9.253358 -0.000006 -3.973408 0.000000 0.000000 0.254028
 27 8.210346 -0.000002 7.704017 0.000000 0.000000 0.247062
 28 1.854841 1.227791 -13.762345 2.866161 0.384447 2.957826
 29 10.456543 -0.000004 0.000004 0.049601 0.092227 -1.383878
 30 24.248093 0.000001 0.000007 0.030021 0.033641 1.038033
 31 26.336971 0.000019 0.000002 0.149041 0.368615 0.494323
 32 1.854847 1.227798 13.762341 -2.898579 -0.289080 2.927509
 33 10.456542 -0.000008 0.000004 -0.038003 -0.093304 -1.506019
 34 24.248116 0.000002 -0.000004 -0.032868 -0.035295 1.126069
 35 26.336975 0.000000 0.000004 -0.099405 -0.291257 0.471149
time 27
  0 0.000000 0.000000 0.000000 0.000000 -0.000000 -1.570796
  1 0.000000 0.000000 0.000000 0.000000 -0.000000 0.000000
  2 -2.363353 -14.041769 31.785618 -1.559964 -1.276234 1.559197
  3 4.222169 -0.467508 0.000000 -0.007378 -0.000612 0.110109
  4 4.476987 -0.000002 -0.000000 0.018251 -0.014188 0.322852
  5 4.477083 0.000000 0.000002 -0.002467 0.026802 -0.064748
  6 4.477077 -0.000004 -0.000002 -0.005866 -0.017774 -0.215485
  7 5.413502 -7.700466 -0.000000 -0.006034 0.061321 -0.572241
  8 6.890240 0.000002 -0.000000 0.012344 0.023513 -0.129086
  9 8.011925 0.000004 0.000005 0.000982 -0.040514 -0.061465
 10 7.210720 -0.000002 -0.000000 0.002855 -0.141999 -0.030277
 11 8.581028 -0.304903 -0.000000 -0.033683 -0.080464 0.716435
 12 22.523008 2.194031 6.355708 -0.003799 -0.604837 0.005417
 13 22.523005 2.194038 -6.355709 0.000180 0.839775 0.000288
 14 -3.006533 7.804720 -11.355459 0.746635 0.054281 2.139426
 15 10.384675 0.000008 0.000005 0.137251 0.157605 -1.031389
 16 22.550743 -0.000006 -0.000004 0.107897 0.012819 1.122808
 17 30.814247 -0.000015 -0.000004 2.168821 0.443169 0.280620
 18 -3.013796 7.815494 11.355459 -0.245082 -0.162733 2.144141
 19 10.374533 -0.000002 0.000007 -0.122917 -0.130472 -0.975064
 20 22.550726 -0.000027 -0.000013 -0.137449 0.036415 1.222331
 21 30.814270 -0.000023 0.000002 -2.599356 -0.151107 0.302557
 22 -4.250660 -0.770624 0.000001 0.015772 0.011362 -2.782029
 23 10.363422 0.000000 0.000000 -0.009600 -0.017913 0.143926
 24 10.363076 0.000000 -0.000000 -0.026450 0.011166 0.380514
 25 10.363081 -0.000004 -0.000002 0.025415 0.015745 0.024383
 26 9.253358 -0.000006 -3.973408 0.000000 0.000000 0.258750
 27 8.210346 -0.000002 7.704017 0.000000 0.000000 0.251776
 28 1.854841 1.227791 -13.762345 2.874295 0.385113 2.977289
 29 10.456543 -0.000004 0.000004 0.052186 0.091836 -1.357219
 30 24.248093 0.000001 0.000007 0.029390 0.033217 1.017490
 31 26.336971 0.000019 0.000002 0.147693 0.368142 0.503491
 32 1.854847 1.227798 13.762341 -2.904285 -0.291707 2.947068
 33 10.456542 -0.000008 0.000004 -0.040207 -0.093192 -1.483516
 34 24.248116 0.000002 -0.000004 -0.032181 -0.034996 1.107689
 35 26.336975 0.000000 0.000004 -0.098762 -0.290792 0.478383
time 28
  0 0.000000 0.000000 0.000000 0.000000 -0.000000 -1.570796
  1 0.000000 0.000000 0.000000 0.000000 -0.000000 0.000000
  2 -2.363353 -13.623787 31.785618 -1.562074 -1.277271 1.561402
  3 4.222169 -0.467508 0.000000 -0.007042 -0.000538 0.103025
  4 4.476987 -0.000002 -0.000000 0.018036 -0.014081 0.315149
  5 4.477083 0.000000 0.000002 -0.002467 0.026753 -0.062317
  6 4.477077 -0.000004 -0.000002 -0.006081 -0.017699 -0.208555
  7 5.413502 -7.700466 -0.000000 -0.007656 0.027254 -0.579242
  8 6.890240 0.000002 -0.000000 0.010870 -0.010835 -0.136324
  9 8.011925 0.000004 0.000005 -0.000105 -0.078424 -0.068448
 10 7.210720 -0.000002 -0.000000 0.002031 -0.203403 -0.037812
 11 8.581028 -0.304903 -0.000000 -0.036163 -0.126695 0.702871
 12 22.523008 2.194031 6.355708 -0.001834 -0.559681 0.002673
 13 22.523005 2.194038 -6.355709 -0.000024 0.742524 -0.000036
 14 -3.006533 7.804720 -11.355459 0.753743 0.053256 2.151856
 15 10.384675 0.000008 0.000005 0.136915 0.157839 -1.033888
 16 22.550743 -0.000006 -0.000004 0.108025 0.012876 1.128378
 17 30.814247 -0.000015 -0.000004 2.160784 0.441602 0.271775
 18 -3.013796 7.815494 11.355459 -0.249053 -0.162061 2.157195
 19 10.374533 -0.000002 0.000007 -0.122311 -0.131170 -0.981442
 20 22.550726 -0.000027 -0.000013 -0.137204 0.036474 1.231202
 21 30.814270 -0.000023 0.000002 -2.594585 -0.150495 0.292265
 22 -4.250660 -0.770624 0.000001 0.015772 0.011346 -2.782465
 23 10.363422 0.000000 0.000000 -0.009600 -0.017925 0.143948
 24 10.363076 0.000000 -0.000000 -0.026450 0.011118 0.381133
 25 10.363081 -0.000004 -0.000002 0.025452 0.015653 0.024732
 26 9.253358 -0.000006 -3.973408 0.000000 0.000000 0.263505
 27 8.210346 -0.000002 7.704017 0.000000 0.000000 0.256523
 28 1.854841 1.227791 -13.762345 2.881331 0.385606 2.994197
 29 10.456543 -0.000004 0.000004 0.054527 0.091427 -1.332947
 30 24.248093 0.000001 0.000007 0.028871 0.032854 0.999967
 31 26.336971 0.000019 0.000002 0.146388 0.367538 0.513100
 32 1.854847 1.227798 13.762341 -2.909586 -0.294005 2.965205
 33 10.456542 -0.000008 0.000004 -0.042039 -0.093025 -1.464677
 34 24.248116 0.000002 -0.000004 -0.031598 -0.034708 1.091848
 35 26.336975 0.000000 0.000004 -0.098290 -0.290140 0.484939
time 29
  0 0.000000 0.000000 0.000000 0.000000 -0.000000 -1.570796
  1 0.000000 0.000000 0.000000 0.000000 -0.000000 0.000000
  2 -2.363353 -13.291746 31.785618 -1.564086 -1.278189 1.563511
  3 4.222169 -0.467508 0.000000 -0.006647 -0.000482 0.094729
  4 4.476987 -0.000002 -0.000000 0.017796 -0.013995 0.300677
  5 4.477083 0.000000 0.000002 -0.002335 0.026721 -0.058790
  6 4.477077 -0.000004 -0.000002 -0.006333 -0.017605 -0.200519
  7 5.413502 -7.700466 -0.000000 -0.009105 -0.007408 -0.585590
  8 6.890240 0.000002 -0.000000 0.009588 -0.045588 -0.142909
  9 8.011925 0.000004 0.000005 -0.001153 -0.117612 -0.074625
 10 7.210720 -0.000002 -0.000000 0.001675 -0.248988 -0.042398
 11 8.581028 -0.304903 -0.000000 -0.038483 -0.165209 0.690814
 12 22.523008 2.194031 6.355708 -0.000731 -0.514678 0.001079
 13 22.523005 2.194038 -6.355709 0.000000 0.627638 0.000000
 14 -3.006533 7.804720 -11.355459 0.760743 0.052444 2.163943
 15 10.384675 0.000008 0.000005 0.136765 0.157860 -1.034499
 16 22.550743 -0.000006 -0.000004 0.108169 0.012933 1.133039
 17 30.814247 -0.000015 -0.000004 2.152703 0.439752 0.262571
 18 -3.013796 7.815494 11.355459 -0.252872 -0.161313 2.169849
 19 10.374533 -0.000002 0.000007 -0.122917 -0.130505 -0.975180
 20 22.550726 -0.000027 -0.000013 -0.137102 0.036514 1.233436
 21 30.814270 -0.000023 0.000002 -2.590306 -0.150666 0.285292
 22 -4.250660 -0.770624 0.000001 0.015772 0.011314 -2.782823
 23 10.363422 0.000000 0.000000 -0.009600 -0.017949 0.143926
 24 10.363076 0.000000 -0.000000 -0.026438 0.011071 0.381469
 25 10.363081 -0.000004 -0.000002 0.025501 0.015560 0.025081
 26 9.253358 -0.000006 -3.973408 0.000000 0.000000 0.268091
 27 8.210346 -0.000002 7.704017 0.000000 0.000000 0.261101
 28 1.854841 1.227791 -13.762345 2.886916 0.385952 3.007577
 29 10.456543 -0.000004 0.000004 0.056484 0.091053 -1.312410
 30 24.248093 0.000001 0.000007 0.028501 0.032591 0.987298
 31 26.336971 0.000019 0.000002 0.145126 0.366855 0.523207
 32 1.854847 1.227798 13.762341 -2.914347 -0.295811 2.981404
 33 10.456542 -0.000008 0.000004 -0.043395 -0.092914 -1.451041
 34 24.248116 0.000002 -0.000004 -0.031171 -0.034504 1.080424
 35 26.336975 0.000000 0.000004 -0.098033 -0.289303 0.490477
time 30
  0 0.000000 0.000000 0.000000 0.000000 -0.000000 -1.570796
  1 0.000000 0.000000 0.000000 0.000000 -0.000000 0.000000
  2 -2.363353 -13.072989 31.785618 -1.565908 -1.279066 1.565524
  3 4.222169 -0.467508 0.000000 -0.006203 -0.000427 0.085176
  4 4.476987 -0.000002 -0.000000 0.017556 -0.013931 0.283873
  5 4.477083 0.000000 0.000002 -0.002156 0.026689 -0.054417
  6 4.477077 -0.000004 -0.000002 -0.006609 -0.017511 -0.191487
  7 5.413502 -7.700466 -0.000000 -0.010367 -0.042427 -0.591408
  8 6.890240 0.000002 -0.000000 0.008473 -0.080210 -0.148890
  9 8.011925 0.000004 0.000005 -0.001899 -0.151863 -0.078752
 10 7.210720 -0.000002 -0.000000 0.001592 -0.267120 -0.043149
 11 8.581028 -0.304903 -0.000000 -0.041032 -0.184245 0.682892
 12 22.523008 2.194031 6.355708 -0.000204 -0.472241 0.000300
 13 22.523005 2.194038 -6.355709 0.000000 0.511361 0.000000
 14 -3.006533 7.804720 -11.355459 0.767579 0.051808 2.175754
 15 10.384675 0.000008 0.000005 0.136990 0.157626 -1.032611
 16 22.550743 -0.000006 -0.000004 0.108169 0.012933 1.131404
 17 30.814247 -0.000015 -0.000004 2.144754 0.439407 0.256734
 18 -3.013796 7.815494 11.355459 -0.256589 -0.160566 2.182047
 19 10.374533 -0.000002 0.000007 -0.123996 -0.129210 -0.963119
 20 22.550726 -0.000027 -0.000013 -0.137265 0.036474 1.224751
 21 30.814270 -0.000023 0.000002 -2.587815 -0.152868 0.287301
 22 -4.250660 -0.770624 0.000001 0.015760 0.011281 -2.783130
 23 10.363422 0.000000 0.000000 -0.009600 -0.017961 0.143904
 24 10.363076 0.000000 -0.000000 -0.026438 0.011011 0.381521
 25 10.363081 -0.000004 -0.000002 0.025538 0.015483 0.025430
 26 9.253358 -0.000006 -3.973408 0.000000 0.000000 0.270707
 27 8.210346 -0.000002 7.704017 0.000000 0.000000 0.263746
 28 1.854841 1.227791 -13.762345 2.891049 0.386124 3.017552
 29 10.456543 -0.000004 0.000004 0.057707 0.090786 -1.299601
 30 24.248093 0.000001 0.000007 0.028278 0.032470 0.981141
 31 26.336971 0.000019 0.000002 0.143995 0.366198 0.531049
 32 1.854847 1.227798 13.762341 -2.917554 -0.296878 2.992174
 33 10.456542 -0.000008 0.000004 -0.044074 -0.092831 -1.443829
 34 24.248116 0.000002 -0.000004 -0.030950 -0.034397 1.074788
 35 26.336975 0.000000 0.000004 -0.097990 -0.288248 0.494659
time 31
  0 0.000000 0.000000 0.000000 0.000000 -0.000000 -1.570796
  1 0.000000 0.000000 0.000000 0.000000 -0.000000 0.000000
  2 -2.363353 -12.979237 31.789526 -1.567442 -1.279864 1.567154
  3 4.222169 -0.467508 0.000000 -0.005712 -0.000390 0.074412
  4 4.476987 -0.000002 -0.000000 0.017316 -0.013845 0.267425
  5 4.477083 0.000000 0.000002 -0.002072 0.026657 -0.049734
  6 4.477077 -0.000004 -0.000002 -0.006920 -0.017398 -0.181614
  7 5.413502 -7.700466 -0.000000 -0.011471 -0.077531 -0.596854
  8 6.890240 0.000002 -0.000000 0.007550 -0.114087 -0.154289
  9 8.011925 0.000004 0.000005 -0.001951 -0.171513 -0.079427
 10 7.210720 -0.000002 -0.000000 0.001620 -0.268885 -0.042505
 11 8.581028 -0.304903 -0.000000 -0.044040 -0.188496 0.678090
 12 22.523008 2.194031 6.355708 -0.000012 -0.433165 0.000036
 13 22.523005 2.194038 -6.355709 0.000000 0.411660 0.000000
 14 -3.006533 7.804720 -11.355459 0.774145 0.051560 2.186879
 15 10.384675 0.000008 0.000005 0.138185 0.156735 -1.024058
 16 22.550743 -0.000006 -0.000004 0.107833 0.012790 1.115726
 17 30.814247 -0.000015 -0.000004 2.137328 0.443012 0.259563
 18 -3.013796 7.815494 11.355459 -0.260101 -0.159819 2.193675
 19 10.374533 -0.000002 0.000007 -0.125209 -0.127814 -0.950130
 20 22.550726 -0.000027 -0.000013 -0.137572 0.036376 1.210420
 21 30.814270 -0.000023 0.000002 -2.586096 -0.155731 0.292684
 22 -4.250660 -0.770624 0.000001 0.015760 0.011233 -2.783361
 23 10.363422 0.000000 0.000000 -0.009600 -0.017961 0.143794
 24 10.363076 0.000000 -0.000000 -0.026438 0.010951 0.381288
 25 10.363081 -0.000004 -0.000002 0.025587 0.015391 0.025806
 26 9.253358 -0.000006 -3.973408 0.000000 0.000000 0.269756
 27 8.210346 -0.000002 7.704017 0.000000 0.000000 0.262796
 28 1.854841 1.227791 -13.762345 2.894347 0.386050 3.025276
 29 10.456543 -0.000004 0.000004 0.058039 0.090715 -1.295867
 30 24.248093 0.000001 0.000007 0.028204 0.032430 0.978891
 31 26.336971 0.000019 0.000002 0.143255 0.365698 0.532540
 32 1.854847 1.227798 13.762341 -2.918230 -0.297125 2.994328
 33 10.456542 -0.000008 0.000004 -0.044447 -0.092803 -1.439966
 34 24.248116 0.000002 -0.000004 -0.030886 -0.034361 1.072758
 35 26.336975 0.000000 0.000004 -0.098033 -0.287100 0.497768
time 32
  0 0.000000 0.000000 0.000000 0.000000 -0.000000 -1.570796
  1 0.000000 0.000000 0.000000 0.000000 -0.000000 0.000000
  2 -2.363353 -12.959703 31.812963 -1.568783 -1.280502 1.568591
  3 4.222169 -0.467508 0.000000 -0.005173 -0.000334 0.062375
  4 4.476987 -0.000002 -0.000000 0.017065 -0.013781 0.251021
  5 4.477083 0.000000 0.000002 -0.002048 0.026657 -0.044739
  6 4.477077 -0.000004 -0.000002 -0.007256 -0.017285 -0.170931
  7 5.413502 -7.700466 -0.000000 -0.012374 -0.111785 -0.601863
  8 6.890240 0.000002 -0.000000 0.006759 -0.146501 -0.159083
  9 8.011925 0.000004 0.000005 -0.001768 -0.184581 -0.078908
 10 7.210720 -0.000002 -0.000000 0.001702 -0.269009 -0.041755
 11 8.581028 -0.304903 -0.000000 -0.047002 -0.191893 0.673499
 12 22.523008 2.194031 6.355708 0.000000 -0.415415 0.000000
 13 22.523005 2.194038 -6.355709 0.000000 0.367859 0.000000
 14 -3.006533 7.804720 -11.355459 0.780385 0.051737 2.197249
 15 10.384675 0.000008 0.000005 0.140837 0.154911 -1.005730
 16 22.550743 -0.000006 -0.000004 0.107369 0.012589 1.093874
 17 30.814247 -0.000015 -0.000004 2.130471 0.448028 0.265472
 18 -3.013796 7.815494 11.355459 -0.263411 -0.158997 2.204847
 19 10.374533 -0.000002 0.000007 -0.126625 -0.126220 -0.935808
 20 22.550726 -0.000027 -0.000013 -0.138001 0.036180 1.192181
 21 30.814270 -0.000023 0.000002 -2.584377 -0.158496 0.297843
 22 -4.250660 -0.770624 0.000001 0.015748 0.011169 -2.783540
 23 10.363422 0.000000 0.000000 -0.009600 -0.017973 0.143662
 24 10.363076 0.000000 -0.000000 -0.026450 0.010891 0.380772
 25 10.363081 -0.000004 -0.000002 0.025624 0.015298 0.026155
 26 9.253358 -0.000006 -3.973408 0.000000 0.000000 0.266325
 27 8.210346 -0.000002 7.704017 0.000000 0.000000 0.259371
 28 1.854841 1.227791 -13.762345 2.896942 0.385779 3.031054
 29 10.456543 -0.000004 0.000004 0.058301 0.090626 -1.292828
 30 24.248093 0.000001 0.000007 0.028130 0.032369 0.976049
 31 26.336971 0.000019 0.000002 0.142820 0.365094 0.531711
 32 1.854847 1.227798 13.762341 -2.918297 -0.297043 2.994156
 33 10.456542 -0.000008 0.000004 -0.044955 -0.092747 -1.434606
 34 24.248116 0.000002 -0.000004 -0.030795 -0.034301 1.070117
 35 26.336975 0.000000 0.000004 -0.098161 -0.285921 0.500424
time 33
  0 0.000000 0.000000 0.000000 0.000000 -0.000000 -1.570796
  1 0.000000 0.000000 0.000000 0.000000 -0.000000 0.000000
  2 -2.363353 -12.959703 31.859840 -1.569934 -1.280941 1.569742
  3 4.222169 -0.467508 0.000000 -0.004585 -0.000297 0.049081
  4 4.476987 -0.000002 -0.000000 0.016825 -0.013717 0.234661
  5 4.477083 0.000000 0.000002 -0.002096 0.026673 -0.039462
  6 4.477077 -0.000004 -0.000002 -0.007615 -0.017154 -0.159547
  7 5.413502 -7.700466 -0.000000 -0.013172 -0.138138 -0.605441
  8 6.890240 0.000002 -0.000000 0.006124 -0.173595 -0.162504
  9 8.011925 0.000004 0.000005 -0.001637 -0.196962 -0.078337
 10 7.210720 -0.000002 -0.000000 0.001812 -0.267597 -0.040896
 11 8.581028 -0.304903 -0.000000 -0.049919 -0.194744 0.669048
 12 22.523008 2.194031 6.355708 0.000000 -0.448105 0.000000
 13 22.523005 2.194038 -6.355709 0.000000 0.400226 0.000000
 14 -3.006533 7.804720 -11.355459 0.786190 0.052408 2.206795
 15 10.384675 0.000008 0.000005 0.144310 0.152471 -0.981793
 16 22.550743 -0.000006 -0.000004 0.106921 0.012359 1.071295
 17 30.814247 -0.000015 -0.000004 2.124181 0.452667 0.270772
 18 -3.013796 7.815494 11.355459 -0.266618 -0.158212 2.215506
 19 10.374533 -0.000002 0.000007 -0.128040 -0.124459 -0.920268
 20 22.550726 -0.000027 -0.000013 -0.138491 0.035905 1.170654
 21 30.814270 -0.000023 0.000002 -2.582763 -0.161261 0.303143
 22 -4.250660 -0.770624 0.000001 0.015748 0.011121 -2.783642
 23 10.363422 0.000000 0.000000 -0.009600 -0.017985 0.143486
 24 10.363076 0.000000 -0.000000 -0.026450 0.010819 0.379972
 25 10.363081 -0.000004 -0.000002 0.025673 0.015221 0.026504
 26 9.253358 -0.000006 -3.973408 0.000000 0.000000 0.261569
 27 8.210346 -0.000002 7.704017 0.000000 0.000000 0.254624
 28 1.854841 1.227791 -13.762345 2.898877 0.385335 3.035251
 29 10.456543 -0.000004 0.000004 0.058737 0.090501 -1.287921
 30 24.248093 0.000001 0.000007 0.028019 0.032289 0.972616
 31 26.336971 0.000019 0.000002 0.142603 0.364279 0.531325
 32 1.854847 1.227798 13.762341 -2.918534 -0.296824 2.994501
 33 10.456542 -0.000008 0.000004 -0.045600 -0.092692 -1.427986
 34 24.248116 0.000002 -0.000004 -0.030704 -0.034229 1.067020
 35 26.336975 0.000000 0.000004 -0.098333 -0.284742 0.502741
time 34
  0 0.000000 0.000000 0.000000 0.000000 -0.000000 -1.570796
  1 0.000000 0.000000 0.000000 0.000000 -0.000000 0.000000
  2 -2.363353 -12.959703 31.937967 -1.570797 -1.281061 1.570701
  3 4.222169 -0.467508 0.000000 -0.003962 -0.000297 0.034667
  4 4.476987 -0.000002 -0.000000 0.016585 -0.013674 0.218369
  5 4.477083 0.000000 0.000002 -0.002179 0.026689 -0.033934
  6 4.477077 -0.000004 -0.000002 -0.007999 -0.017022 -0.147556
  7 5.413502 -7.700466 -0.000000 -0.013956 -0.152360 -0.607028
  8 6.890240 0.000002 -0.000000 0.005585 -0.191814 -0.163807
  9 8.011925 0.000004 0.000005 -0.001532 -0.207937 -0.077610
 10 7.210720 -0.000002 -0.000000 0.001976 -0.264578 -0.039877
 11 8.581028 -0.304903 -0.000000 -0.052789 -0.196997 0.664771
 12 22.523008 2.194031 6.355708 0.000000 -0.510003 0.000000
 13 22.523005 2.194038 -6.355709 0.000000 0.463749 0.000000
 14 -3.006533 7.804720 -11.355459 0.791671 0.053433 2.215516
 15 10.384675 0.000008 0.000005 0.148045 0.149670 -0.955467
 16 22.550743 -0.000006 -0.000004 0.106490 0.012130 1.047627
 17 30.814247 -0.000015 -0.000004 2.118372 0.457119 0.275893
 18 -3.013796 7.815494 11.355459 -0.269622 -0.157427 2.225595
 19 10.374533 -0.000002 0.000007 -0.129591 -0.122565 -0.903684
 20 22.550726 -0.000027 -0.000013 -0.139063 0.035552 1.146460
 21 30.814270 -0.000023 0.000002 -2.581255 -0.164001 0.308610
 22 -4.250660 -0.770624 0.000001 0.015736 0.011057 -2.783642
 23 10.363422 0.000000 0.000000 -0.009600 -0.017997 0.143244
 24 10.363076 0.000000 -0.000000 -0.026474 0.010747 0.378888
 25 10.363081 -0.000004 -0.000002 0.025722 0.015129 0.026853
 26 9.253358 -0.000006 -3.973408 0.000000 0.000000 0.256338
 27 8.210346 -0.000002 7.704017 0.000000 0.000000 0.249368
 28 1.854841 1.227791 -13.762345 2.900372 0.384767 3.038231
 29 10.456543 -0.000004 0.000004 0.059297 0.090323 -1.281756
 30 24.248093 0.000001 0.000007 0.027871 0.032208 0.968768
 31 26.336971 0.000019 0.000002 0.142646 0.363281 0.531104
 32 1.854847 1.227798 13.762341 -2.918837 -0.296441 2.994845
 33 10.456542 -0.000008 0.000004 -0.046312 -0.092608 -1.420419
 34 24.248116 0.000002 -0.000004 -0.030601 -0.034145 1.063568
 35 26.336975 0.000000 0.000004 -0.098504 -0.283533 0.504719
time 35
  0 0.000000 0.000000 0.000000 0.000000 -0.000000 -1.570796
  1 0.000000 0.000000 0.000000 0.000000 -0.000000 0.000000
  2 -2.363353 -12.959703 32.035625 -1.571372 -1.280742 1.571276
  3 4.222169 -0.467508 0.000000 -0.003303 -0.000260 0.019364
  4 4.476987 -0.000002 -0.000000 0.016334 -0.013631 0.202142
  5 4.477083 0.000000 0.000002 -0.002323 0.026721 -0.028198
  6 4.477077 -0.000004 -0.000002 -0.008394 -0.016872 -0.135050
  7 5.413502 -7.700466 -0.000000 -0.014687 -0.159734 -0.607806
  8 6.890240 0.000002 -0.000000 0.005201 -0.202963 -0.164086
  9 8.011925 0.000004 0.000005 -0.001454 -0.217427 -0.076728
 10 7.210720 -0.000002 -0.000000 0.002141 -0.260005 -0.038724
 11 8.581028 -0.304903 -0.000000 -0.055659 -0.198722 0.660671
 12 22.523008 2.194031 6.355708 0.000000 -0.569946 0.000000
 13 22.523005 2.194038 -6.355709 0.000000 0.526183 0.000000
 14 -3.006533 7.804720 -11.355459 0.796717 0.054846 2.223551
 15 10.384675 0.000008 0.000005 0.151818 0.146657 -0.928086
 16 22.550743 -0.000006 -0.000004 0.106074 0.011872 1.022929
 17 30.814247 -0.000015 -0.000004 2.113130 0.461382 0.280799
 18 -3.013796 7.815494 11.355459 -0.272422 -0.156605 2.235171
 19 10.374533 -0.000002 0.000007 -0.131209 -0.120539 -0.886056
 20 22.550726 -0.000027 -0.000013 -0.139655 0.035159 1.120342
 21 30.814270 -0.000023 0.000002 -2.579817 -0.166717 0.314244
 22 -4.250660 -0.770624 0.000001 0.015724 0.010993 -2.783566
 23 10.363422 0.000000 0.000000 -0.009600 -0.017997 0.142980
 24 10.363076 0.000000 -0.000000 -0.026486 0.010675 0.377520
 25 10.363081 -0.000004 -0.000002 0.025772 0.015052 0.027229
 26 9.253358 -0.000006 -3.973408 0.000000 0.000000 0.250835
 27 8.210346 -0.000002 7.704017 0.000000 0.000000 0.243875
 28 1.854841 1.227791 -13.762345 2.901515 0.384077 3.040177
 29 10.456543 -0.000004 0.000004 0.059960 0.090128 -1.274592
 30 24.248093 0.000001 0.000007 0.027722 0.032107 0.964564
 31 26.336971 0.000019 0.000002 0.142907 0.362072 0.530993
 32 1.854847 1.227798 13.762341 -2.919175 -0.295893 2.995147
 33 10.456542 -0.000008 0.000004 -0.047092 -0.092525 -1.412063
 34 24.248116 0.000002 -0.000004 -0.030484 -0.034061 1.059811
 35 26.336975 0.000000 0.000004 -0.098762 -0.282292 0.506358
time 36
  0 0.000000 0.000000 0.000000 0.000000 -0.000000 -1.570796
  1 0.000000 0.000000 0.000000 0.000000 -0.000000 0.000000
  2 -2.363353 -12.959703 32.148911 -1.571851 -1.279944 1.571851
  3 4.222169 -0.467508 0.000000 -0.002620 -0.000241 0.003340
  4 4.476987 -0.000002 -0.000000 0.016094 -0.013588 0.186049
  5 4.477083 0.000000 0.000002 -0.002491 0.026770 -0.022284
  6 4.477077 -0.000004 -0.000002 -0.008802 -0.016703 -0.122125
  7 5.413502 -7.700466 -0.000000 -0.015325 -0.160074 -0.608086
  8 6.890240 0.000002 -0.000000 0.004998 -0.204583 -0.157826
  9 8.011925 0.000004 0.000005 -0.001388 -0.225383 -0.075663
 10 7.210720 -0.000002 -0.000000 0.002361 -0.254002 -0.037410
 11 8.581028 -0.304903 -0.000000 -0.058507 -0.200053 0.656675
 12 22.523008 2.194031 6.355708 0.000000 -0.624115 0.000000
 13 22.523005 2.194038 -6.355709 0.000000 0.587558 0.000000
 14 -3.006533 7.804720 -11.355459 0.801437 0.056577 2.230762
 15 10.384675 0.000008 0.000005 0.155628 0.143454 -0.900094
 16 22.550743 -0.000006 -0.000004 0.105658 0.011585 0.997384
 17 30.814247 -0.000015 -0.000004 2.108369 0.465489 0.285491
 18 -3.013796 7.815494 11.355459 -0.275070 -0.155820 2.244120
 19 10.374533 -0.000002 0.000007 -0.132894 -0.118412 -0.867617
 20 22.550726 -0.000027 -0.000013 -0.140288 0.034688 1.092860
 21 30.814270 -0.000023 0.000002 -2.578484 -0.169408 0.320017
 22 -4.250660 -0.770624 0.000001 0.015712 0.010928 -2.783361
 23 10.363422 0.000000 0.000000 -0.009588 -0.018009 0.142650
 24 10.363076 0.000000 -0.000000 -0.026510 0.010603 0.375843
 25 10.363081 -0.000004 -0.000002 0.025821 0.014959 0.027578
 26 9.253358 -0.000006 -3.973408 0.000000 0.000000 0.245094
 27 8.210346 -0.000002 7.704017 0.000000 0.000000 0.238144
 28 1.854841 1.227791 -13.762345 2.902438 0.383287 3.041515
 29 10.456543 -0.000004 0.000004 0.060694 0.089896 -1.266646
 30 24.248093 0.000001 0.000007 0.027574 0.032006 0.960183
 31 26.336971 0.000019 0.000002 0.143429 0.360679 0.531049
 32 1.854847 1.227798 13.762341 -2.919445 -0.295182 2.995190
 33 10.456542 -0.000008 0.000004 -0.047906 -0.092413 -1.403196
 34 24.248116 0.000002 -0.000004 -0.030381 -0.033965 1.055850
 35 26.336975 0.000000 0.000004 -0.099019 -0.281051 0.507715
time 37
  0 0.000000 0.000000 0.000000 0.000000 -0.000000 -1.570796
  1 0.000000 0.000000 0.000000 0.000000 -0.000000 0.000000
  2 -2.363353 -12.959703 32.277821 -1.572139 -1.278588 1.572139
  3 4.222169 -0.467508 0.000000 -0.001925 -0.000204 -0.013220
  4 4.476987 -0.000002 -0.000000 0.015842 -0.013546 0.170045
  5 4.477083 0.000000 0.000002 -0.002683 0.026818 -0.016222
  6 4.477077 -0.000004 -0.000002 -0.009221 -0.016552 -0.108872
  7 5.413502 -7.700466 -0.000000 -0.015857 -0.151034 -0.607682
  8 6.890240 0.000002 -0.000000 0.004734 -0.194676 -0.137580
  9 8.011925 0.000004 0.000005 -0.001349 -0.231725 -0.074469
 10 7.210720 -0.000002 -0.000000 0.002553 -0.246622 -0.035989
 11 8.581028 -0.304903 -0.000000 -0.061331 -0.201061 0.652784
 12 22.523008 2.194031 6.355708 0.000000 -0.646479 0.000000
 13 22.523005 2.194038 -6.355709 0.000000 0.617717 0.000000
 14 -3.006533 7.804720 -11.355459 0.805832 0.058626 2.237354
 15 10.384675 0.000008 0.000005 0.159326 0.140123 -0.872102
 16 22.550743 -0.000006 -0.000004 0.105242 0.011326 0.971174
 17 30.814247 -0.000015 -0.000004 2.104176 0.469376 0.290039
 18 -3.013796 7.815494 11.355459 -0.277565 -0.155073 2.252556
 19 10.374533 -0.000002 0.000007 -0.134579 -0.116153 -0.848482
 20 22.550726 -0.000027 -0.000013 -0.140942 0.034177 1.064695
 21 30.814270 -0.000023 0.000002 -2.577221 -0.172075 0.325930
 22 -4.250660 -0.770624 0.000001 0.015700 0.010864 -2.783079
 23 10.363422 0.000000 0.000000 -0.009588 -0.018009 0.142254
 24 10.363076 0.000000 -0.000000 -0.026534 0.010519 0.373907
 25 10.363081 -0.000004 -0.000002 0.025870 0.014882 0.027927
 26 9.253358 -0.000006 -3.973408 0.000000 0.000000 0.239115
 27 8.210346 -0.000002 7.704017 0.000000 0.000000 0.232142
 28 1.854841 1.227791 -13.762345 2.903230 0.382423 3.042549
 29 10.456543 -0.000004 0.000004 0.061463 0.089665 -1.258223
 30 24.248093 0.000001 0.000007 0.027389 0.031905 0.955625
 31 26.336971 0.000019 0.000002 0.144169 0.359102 0.531214
 32 1.854847 1.227798 13.762341 -2.919681 -0.294306 2.994931
 33 10.456542 -0.000008 0.000004 -0.048754 -0.092302 -1.394013
 34 24.248116 0.000002 -0.000004 -0.030264 -0.033869 1.051788
 35 26.336975 0.000000 0.000004 -0.099362 -0.279779 0.508789
time 38
  0 0.000000 0.000000 0.000000 0.000000 -0.000000 -1.570796
  1 0.000000 0.000000 0.000000 0.000000 -0.000000 0.000000
  2 -2.363353 -12.959703 32.410637 -1.572235 -1.276513 1.572235
  3 4.222169 -0.467508 0.000000 -0.001218 -0.000167 -0.030133
  4 4.476987 -0.000002 -0.000000 0.015591 -0.013524 0.154107
  5 4.477083 0.000000 0.000002 -0.002899 0.026883 -0.010026
  6 4.477077 -0.000004 -0.000002 -0.009653 -0.016383 -0.095339
  7 5.413502 -7.700466 -0.000000 -0.016282 -0.136150 -0.606873
  8 6.890240 0.000002 -0.000000 0.004314 -0.180090 -0.109887
  9 8.011925 0.000004 0.000005 -0.001336 -0.236406 -0.073120
 10 7.210720 -0.000002 -0.000000 0.002773 -0.237919 -0.034407
 11 8.581028 -0.304903 -0.000000 -0.064179 -0.201829 0.649034
 12 22.523008 2.194031 6.355708 0.000000 -0.621121 0.000000
 13 22.523005 2.194038 -6.355709 0.000000 0.588708 0.000000
 14 -3.006533 7.804720 -11.355459 0.809793 0.060888 2.243123
 15 10.384675 0.000008 0.000005 0.162837 0.136749 -0.844444
 16 22.550743 -0.000006 -0.000004 0.104842 0.011039 0.944358
 17 30.814247 -0.000015 -0.000004 2.100463 0.473075 0.294408
 18 -3.013796 7.815494 11.355459 -0.279856 -0.154288 2.260365
 19 10.374533 -0.000002 0.000007 -0.136264 -0.113794 -0.828709
 20 22.550726 -0.000027 -0.000013 -0.141575 0.033628 1.036468
 21 30.814270 -0.000023 0.000002 -2.576098 -0.174718 0.332010
 22 -4.250660 -0.770624 0.000001 0.015688 0.010800 -2.782669
 23 10.363422 0.000000 0.000000 -0.009588 -0.018021 0.141836
 24 10.363076 0.000000 -0.000000 -0.026570 0.010435 0.371661
 25 10.363081 -0.000004 -0.000002 0.025932 0.014805 0.028303
 26 9.253358 -0.000006 -3.973408 0.000000 0.000000 0.232933
 27 8.210346 -0.000002 7.704017 0.000000 0.000000 0.225937
 28 1.854841 1.227791 -13.762345 2.904066 0.381511 3.043644
 29 10.456543 -0.000004 0.000004 0.062266 0.089398 -1.249539
 30 24.248093 0.000001 0.000007 0.027240 0.031784 0.951066
 31 26.336971 0.000019 0.000002 0.145170 0.357342 0.531546
 32 1.854847 1.227798 13.762341 -2.919783 -0.293294 2.994242
 33 10.456542 -0.000008 0.000004 -0.049635 -0.092163 -1.384752
 34 24.248116 0.000002 -0.000004 -0.030160 -0.033761 1.047625
 35 26.336975 0.000000 0.000004 -0.099705 -0.278507 0.509636
time 39
  0 0.000000 0.000000 0.000000 0.000000 -0.000000 -1.570796
  1 0.000000 0.000000 0.000000 0.000000 -0.000000 0.000000
  2 -2.363353 -12.959703 32.547363 -1.572235 -1.273681 1.572235
  3 4.222169 -0.467508 0.000000 -0.000499 -0.000130 -0.047199
  4 4.476987 -0.000002 -0.000000 0.015351 -0.013524 0.138325
  5 4.477083 0.000000 0.000002 -0.003114 0.026947 -0.003757
  6 4.477077 -0.000004 -0.000002 -0.010084 -0.016195 -0.081666
  7 5.413502 -7.700466 -0.000000 -0.016694 -0.120569 -0.605970
  8 6.890240 0.000002 -0.000000 0.003859 -0.164929 -0.080845
  9 8.011925 0.000004 0.000005 -0.001349 -0.239745 -0.071640
 10 7.210720 -0.000002 -0.000000 0.002992 -0.228579 -0.032717
 11 8.581028 -0.304903 -0.000000 -0.066567 -0.203058 0.645038
 12 22.523008 2.194031 6.355708 0.000000 -0.568266 0.000000
 13 22.523005 2.194038 -6.355709 0.000000 0.508457 0.000000
 14 -3.006533 7.804720 -11.355459 0.813429 0.063396 2.248273
 15 10.384675 0.000008 0.000005 0.166161 0.133397 -0.817840
 16 22.550743 -0.000006 -0.000004 0.104459 0.010752 0.917118
 17 30.814247 -0.000015 -0.000004 2.097319 0.476554 0.298562
 18 -3.013796 7.815494 11.355459 -0.281943 -0.153578 2.267547
 19 10.374533 -0.000002 0.000007 -0.137950 -0.111369 -0.808414
 20 22.550726 -0.000027 -0.000013 -0.142168 0.033078 1.008923
 21 30.814270 -0.000023 0.000002 -2.575011 -0.177336 0.338258
 22 -4.250660 -0.770624 0.000001 0.015664 0.010736 -2.782132
 23 10.363422 0.000000 0.000000 -0.009576 -0.018021 0.141330
 24 10.363076 0.000000 -0.000000 -0.026606 0.010351 0.369132
 25 10.363081 -0.000004 -0.000002 0.025981 0.014713 0.028652
 26 9.253358 -0.000006 -3.973408 0.000000 0.000000 0.226512
 27 8.210346 -0.000002 7.704017 0.000000 0.000000 0.219494
 28 1.854841 1.227791 -13.762345 2.905033 0.380524 3.045043
 29 10.456543 -0.000004 0.000004 0.063070 0.089131 -1.240898
 30 24.248093 0.000001 0.000007 0.027092 0.031663 0.946567
 31 26.336971 0.000019 0.000002 0.146388 0.355371 0.531988
 32 1.854847 1.227798 13.762341 -2.919715 -0.292145 2.992907
 33 10.456542 -0.000008 0.000004 -0.050483 -0.092024 -1.375608
 34 24.248116 0.000002 -0.000004 -0.030044 -0.033653 1.043512
 35 26.336975 0.000000 0.000004 -0.100091 -0.277204 0.510258
time 40
  0 0.000000 0.000000 0.000000 0.000000 -0.000000 -1.570796
  1 0.000000 0.000000 0.000000 0.000000 -0.000000 0.000000
  2 -2.363353 -12.959703 32.684082 -1.572043 -1.269971 1.572139
  3 4.222169 -0.467508 0.000000 0.000209 -0.000075 -0.064128
  4 4.476987 -0.000002 -0.000000 0.015099 -0.013503 0.122742
  5 4.477083 0.000000 0.000002 -0.003318 0.027028 0.002542
  6 4.477077 -0.000004 -0.000002 -0.010528 -0.016007 -0.067993
  7 5.413502 -7.700466 -0.000000 -0.017066 -0.104716 -0.605037
  8 6.890240 0.000002 -0.000000 0.003500 -0.148879 -0.050127
  9 8.011925 0.000004 0.000005 -0.001257 -0.241071 -0.070109
 10 7.210720 -0.000002 -0.000000 0.003102 -0.215126 -0.030760
 11 8.581028 -0.304903 -0.000000 -0.072744 -0.199370 0.643636
 12 22.523008 2.194031 6.355708 0.000000 -0.493169 0.000000
 13 22.523005 2.194038 -6.355709 0.000000 0.403704 0.000000
 14 -3.006533 7.804720 -11.355459 0.816684 0.066081 2.252737
 15 10.384675 0.000008 0.000005 0.169224 0.130151 -0.792847
 16 22.550743 -0.000006 -0.000004 0.104059 0.010494 0.889757
 17 30.814247 -0.000015 -0.000004 2.094697 0.479846 0.302573
 18 -3.013796 7.815494 11.355459 -0.283725 -0.152943 2.273703
 19 10.374533 -0.000002 0.000007 -0.139635 -0.108911 -0.787887
 20 22.550726 -0.000027 -0.000013 -0.142740 0.032509 0.982868
 21 30.814270 -0.000023 0.000002 -2.574063 -0.179929 0.344645
 22 -4.250660 -0.770624 0.000001 0.015652 0.010672 -2.781492
 23 10.363422 0.000000 0.000000 -0.009576 -0.018033 0.140802
 24 10.363076 0.000000 -0.000000 -0.026642 0.010256 0.366319
 25 10.363081 -0.000004 -0.000002 0.026030 0.014636 0.029028
 26 9.253358 -0.000006 -3.973408 0.000000 0.000000 0.219922
 27 8.210346 -0.000002 7.704017 0.000000 0.000000 0.212848
 28 1.854841 1.227791 -13.762345 2.906176 0.379512 3.046868
 29 10.456543 -0.000004 0.000004 0.063839 0.088846 -1.232475
 30 24.248093 0.000001 0.000007 0.026944 0.031562 0.942245
 31 26.336971 0.000019 0.000002 0.147823 0.353242 0.532595
 32 1.854847 1.227798 13.762341 -2.919445 -0.290859 2.990925
 33 10.456542 -0.000008 0.000004 -0.051263 -0.091884 -1.366938
 34 24.248116 0.000002 -0.000004 -0.029953 -0.033558 1.039552
 35 26.336975 0.000000 0.000004 -0.100477 -0.275901 0.510710
time 41
  0 0.000000 0.000000 0.000000 0.000000 -0.000000 -1.570796
  1 0.000000 0.000000 0.000000 0.000000 -0.000000 0.000000
  2 -2.363353 -12.959703 32.809090 -1.571755 -1.265344 1.571851
  3 4.222169 -0.467508 0.000000 0.000904 -0.000019 -0.080811
  4 4.476987 -0.000002 -0.000000 0.014848 -0.013524 0.107315
  5 4.477083 0.000000 0.000002 -0.003510 0.027125 0.008842
  6 4.477077 -0.000004 -0.000002 -0.010971 -0.015820 -0.054367
  7 5.413502 -7.700466 -0.000000 -0.017399 -0.088558 -0.604041
  8 6.890240 0.000002 -0.000000 0.003356 -0.131967 -0.017826
  9 8.011925 0.000004 0.000005 -0.001297 -0.205381 -0.067254
 10 7.210720 -0.000002 -0.000000 0.002690 -0.173337 -0.027515
 11 8.581028 -0.304903 -0.000000 -0.088153 -0.184484 0.646160
 12 22.523008 2.194031 6.355708 0.000000 -0.406341 0.000000
 13 22.523005 2.194038 -6.355709 0.000000 0.298680 0.000000
 14 -3.006533 7.804720 -11.355459 0.819506 0.068908 2.256445
 15 10.384675 0.000008 0.000005 0.171913 0.127096 -0.769910
 16 22.550743 -0.000006 -0.000004 0.103675 0.010207 0.862275
 17 30.814247 -0.000015 -0.000004 2.092645 0.482887 0.306405
 18 -3.013796 7.815494 11.355459 -0.285049 -0.152420 2.278605
 19 10.374533 -0.000002 0.000007 -0.141253 -0.106386 -0.767128
 20 22.550726 -0.000027 -0.000013 -0.143250 0.031979 0.958797
 21 30.814270 -0.000023 0.000002 -2.573186 -0.182474 0.351172
 22 -4.250660 -0.770624 0.000001 0.015628 0.010624 -2.780698
 23 10.363422 0.000000 0.000000 -0.009576 -0.018033 0.140185
 24 10.363076 0.000000 -0.000000 -0.026690 0.010172 0.363222
 25 10.363081 -0.000004 -0.000002 0.026092 0.014559 0.029377
 26 9.253358 -0.000006 -3.973408 0.000000 0.000000 0.213162
 27 8.210346 -0.000002 7.704017 0.000000 0.000000 0.206032
 28 1.854841 1.227791 -13.762345 2.907320 0.378402 3.048571
 29 10.456543 -0.000004 0.000004 0.064572 0.088597 -1.224573
 30 24.248093 0.000001 0.000007 0.026795 0.031441 0.938161
 31 26.336971 0.000019 0.000002 0.149520 0.350903 0.533313
 32 1.854847 1.227798 13.762341 -2.918938 -0.289463 2.988125
 33 10.456542 -0.000008 0.000004 -0.052009 -0.091773 -1.358859
 34 24.248116 0.000002 -0.000004 -0.029849 -0.033450 1.035795
 35 26.336975 0.000000 0.000004 -0.100949 -0.274567 0.510993
time 42
  0 0.000000 0.000000 0.000000 0.000000 -0.000000 -1.570796
  1 0.000000 0.000000 0.000000 0.000000 -0.000000 0.000000
  2 -2.363353 -12.959703 32.922371 -1.571467 -1.259680 1.571467
  3 4.222169 -0.467508 0.000000 0.001575 0.000037 -0.097018
  4 4.476987 -0.000002 -0.000000 0.014596 -0.013546 0.092088
  5 4.477083 0.000000 0.000002 -0.003690 0.027206 0.015126
  6 4.477077 -0.000004 -0.000002 -0.011403 -0.015632 -0.040881
  7 5.413502 -7.700466 -0.000000 -0.017691 -0.072178 -0.602952
  8 6.890240 0.000002 -0.000000 0.003523 -0.114283 0.015871
  9 8.011925 0.000004 0.000005 -0.001820 -0.116222 -0.060661
 10 7.210720 -0.000002 -0.000000 0.002141 -0.109373 -0.023251
 11 8.581028 -0.304903 -0.000000 -0.107419 -0.164578 0.649770
 12 22.523008 2.194031 6.355708 0.000000 -0.329686 0.000000
 13 22.523005 2.194038 -6.355709 0.000000 0.200158 0.000000
 14 -3.006533 7.804720 -11.355459 0.821948 0.071805 2.259536
 15 10.384675 0.000008 0.000005 0.174266 0.124338 -0.749638
 16 22.550743 -0.000006 -0.000004 0.103291 0.009949 0.834854
 17 30.814247 -0.000015 -0.000004 2.091072 0.485739 0.310093
 18 -3.013796 7.815494 11.355459 -0.286067 -0.152009 2.282481
 19 10.374533 -0.000002 0.000007 -0.142871 -0.103861 -0.746312
 20 22.550726 -0.000027 -0.000013 -0.143679 0.031468 0.937457
 21 30.814270 -0.000023 0.000002 -2.572415 -0.184994 0.357866
 22 -4.250660 -0.770624 0.000001 0.015604 0.010575 -2.779776
 23 10.363422 0.000000 0.000000 -0.009564 -0.018033 0.139525
 24 10.363076 0.000000 -0.000000 -0.026750 0.010076 0.359840
 25 10.363081 -0.000004 -0.000002 0.026141 0.014482 0.029753
 26 9.253358 -0.000006 -3.973408 0.000000 0.000000 0.206198
 27 8.210346 -0.000002 7.704017 0.000000 0.000000 0.199047
 28 1.854841 1.227791 -13.762345 2.908155 0.377119 3.049361
 29 10.456543 -0.000004 0.000004 0.065219 0.088348 -1.217452
 30 24.248093 0.000001 0.000007 0.026684 0.031340 0.934490
 31 26.336971 0.000019 0.000002 0.151434 0.348407 0.534197
 32 1.854847 1.227798 13.762341 -2.918162 -0.287904 2.984376
 33 10.456542 -0.000008 0.000004 -0.052654 -0.091662 -1.351607
 34 24.248116 0.000002 -0.000004 -0.029772 -0.033354 1.032342
 35 26.336975 0.000000 0.000004 -0.101421 -0.273233 0.511162
time 43
  0 0.000000 0.000000 0.000000 0.000000 -0.000000 -1.570796
  1 0.000000 0.000000 0.000000 0.000000 -0.000000 0.000000
  2 -2.363353 -12.959703 33.020031 -1.570988 -1.252899 1.571084
  3 4.222169 -0.467508 0.000000 0.002222 0.000092 -0.112582
  4 4.476987 -0.000002 -0.000000 0.014344 -0.013567 0.077038
  5 4.477083 0.000000 0.000002 -0.003821 0.027303 0.021336
  6 4.477077 -0.000004 -0.000002 -0.011834 -0.015444 -0.027628
  7 5.413502 -7.700466 -0.000000 -0.017957 -0.055663 -0.601770
  8 6.890240 0.000002 -0.000000 0.004135 -0.095959 0.050871
  9 8.011925 0.000004 0.000005 -0.002135 -0.012908 -0.051835
 10 7.210720 -0.000002 -0.000000 0.001922 -0.043855 -0.018826
 11 8.581028 -0.304903 -0.000000 -0.124918 -0.144347 0.656885
 12 22.523008 2.194031 6.355708 0.000000 -0.274020 0.000000
 13 22.523005 2.194038 -6.355709 0.000000 0.133852 0.000000
 14 -3.006533 7.804720 -11.355459 0.824009 0.074737 2.262008
 15 10.384675 0.000008 0.000005 0.176246 0.121940 -0.732476
 16 22.550743 -0.000006 -0.000004 0.102939 0.009777 0.810520
 17 30.814247 -0.000015 -0.000004 2.090068 0.488341 0.313603
 18 -3.013796 7.815494 11.355459 -0.286831 -0.151673 2.285445
 19 10.374533 -0.000002 0.000007 -0.144286 -0.101568 -0.727699
 20 22.550726 -0.000027 -0.000013 -0.144067 0.031017 0.919342
 21 30.814270 -0.000023 0.000002 -2.571748 -0.187465 0.364699
 22 -4.250660 -0.770624 0.000001 0.015580 0.010527 -2.778700
 23 10.363422 0.000000 0.000000 -0.009564 -0.018045 0.138799
 24 10.363076 0.000000 -0.000000 -0.026810 0.009980 0.356175
 25 10.363081 -0.000004 -0.000002 0.026203 0.014420 0.030102
 26 9.253358 -0.000006 -3.973408 0.000000 0.000000 0.199132
 27 8.210346 -0.000002 7.704017 0.000000 0.000000 0.191858
 28 1.854841 1.227791 -13.762345 2.908375 0.375589 3.048388
 29 10.456543 -0.000004 0.000004 0.065778 0.088135 -1.211330
 30 24.248093 0.000001 0.000007 0.026573 0.031260 0.931234
 31 26.336971 0.000019 0.000002 0.153566 0.345700 0.535191
 32 1.854847 1.227798 13.762341 -2.917048 -0.286235 2.979594
 33 10.456542 -0.000008 0.000004 -0.053196 -0.091551 -1.345419
 34 24.248116 0.000002 -0.000004 -0.029694 -0.033270 1.029194
 35 26.336975 0.000000 0.000004 -0.101892 -0.271899 0.511275
time 44
  0 0.000000 0.000000 0.000000 0.000000 -0.000000 -1.570796
  1 0.000000 0.000000 0.000000 0.000000 -0.000000 0.000000
  2 -2.363353 -12.959703 33.098160 -1.570605 -1.244881 1.570701
  3 4.222169 -0.467508 0.000000 0.002833 0.000166 -0.127287
  4 4.476987 -0.000002 -0.000000 0.014093 -0.013610 0.062210
  5 4.477083 0.000000 0.000002 -0.003929 0.027383 0.027472
  6 4.477077 -0.000004 -0.000002 -0.012253 -0.015256 -0.014703
  7 5.413502 -7.700466 -0.000000 -0.018169 -0.039131 -0.600463
  8 6.890240 0.000002 -0.000000 0.005261 -0.077086 0.086942
  9 8.011925 0.000004 0.000005 -0.002371 0.083840 -0.044542
 10 7.210720 -0.000002 -0.000000 0.002031 0.025441 -0.014696
 11 8.581028 -0.304903 -0.000000 -0.139224 -0.122325 0.673569
 12 22.523008 2.194031 6.355708 0.000000 -0.227093 0.000000
 13 22.523005 2.194038 -6.355709 0.000000 0.097947 0.000000
 14 -3.006533 7.804720 -11.355459 0.825691 0.077705 2.263793
 15 10.384675 0.000008 0.000005 0.177740 0.119988 -0.718813
 16 22.550743 -0.000006 -0.000004 0.102667 0.009690 0.791815
 17 30.814247 -0.000015 -0.000004 2.089587 0.490724 0.316969
 18 -3.013796 7.815494 11.355459 -0.287340 -0.151411 2.287668
 19 10.374533 -0.000002 0.000007 -0.145297 -0.099708 -0.713260
 20 22.550726 -0.000027 -0.000013 -0.144333 0.030624 0.904949
 21 30.814270 -0.000023 0.000002 -2.571152 -0.189887 0.371672
 22 -4.250660 -0.770624 0.000001 0.015556 0.010495 -2.777471
 23 10.363422 0.000000 0.000000 -0.009552 -0.018045 0.138007
 24 10.363076 0.000000 -0.000000 -0.026869 0.009872 0.352227
 25 10.363081 -0.000004 -0.000002 0.026252 0.014343 0.030478
 26 9.253358 -0.000006 -3.973408 0.000000 0.000000 0.191897
 27 8.210346 -0.000002 7.704017 0.000000 0.000000 0.184534
 28 1.854841 1.227791 -13.762345 2.907715 0.373764 3.044921
 29 10.456543 -0.000004 0.000004 0.066215 0.087957 -1.206510
 30 24.248093 0.000001 0.000007 0.026462 0.031179 0.928570
 31 26.336971 0.000019 0.000002 0.155958 0.342810 0.536350
 32 1.854847 1.227798 13.762341 -2.915596 -0.284456 2.973606
 33 10.456542 -0.000008 0.000004 -0.053637 -0.091467 -1.340572
 34 24.248116 0.000002 -0.000004 -0.029642 -0.033186 1.026554
 35 26.336975 0.000000 0.000004 -0.102407 -0.270535 0.511275
time 45
  0 0.000000 0.000000 0.000000 0.000000 -0.000000 -1.570796
  1 0.000000 0.000000 0.000000 0.000000 -0.000000 0.000000
  2 -2.363353 -12.959703 33.145035 -1.570125 -1.235587 1.570221
  3 4.222169 -0.467508 0.000000 0.003396 0.000222 -0.140965
  4 4.476987 -0.000002 -0.000000 0.013841 -0.013653 0.047582
  5 4.477083 0.000000 0.000002 -0.003977 0.027480 0.033460
  6 4.477077 -0.000004 -0.000002 -0.012673 -0.015068 -0.002213
  7 5.413502 -7.700466 -0.000000 -0.018342 -0.022666 -0.599094
  8 6.890240 0.000002 -0.000000 0.007059 -0.057560 0.124339
  9 8.011925 0.000004 0.000005 -0.003104 0.164995 -0.036132
 10 7.210720 -0.000002 -0.000000 0.002196 0.081213 -0.006892
 11 8.581028 -0.304903 -0.000000 -0.148869 -0.098219 0.702906
 12 22.523008 2.194031 6.355708 0.000000 -0.179157 0.000000
 13 22.523005 2.194038 -6.355709 0.000000 0.069452 0.000000
 14 -3.006533 7.804720 -11.355459 0.826994 0.080637 2.265029
 15 10.384675 0.000008 0.000005 0.178823 0.118545 -0.708983
 16 22.550743 -0.000006 -0.000004 0.102475 0.009690 0.778800
 17 30.814247 -0.000015 -0.000004 2.089674 0.492887 0.320156
 18 -3.013796 7.815494 11.355459 -0.287747 -0.151262 2.289378
 19 10.374533 -0.000002 0.000007 -0.146039 -0.098346 -0.703171
 20 22.550726 -0.000027 -0.000013 -0.144517 0.030310 0.894527
 21 30.814270 -0.000023 0.000002 -2.570661 -0.192285 0.378812
 22 -4.250660 -0.770624 0.000001 0.015532 0.010495 -2.776063
 23 10.363422 0.000000 0.000000 -0.009552 -0.018045 0.137237
 24 10.363076 0.000000 -0.000000 -0.026941 0.009764 0.347994
 25 10.363081 -0.000004 -0.000002 0.026313 0.014266 0.030854
 26 9.253358 -0.000006 -3.973408 0.000000 0.000000 0.184118
 27 8.210346 -0.000002 7.704017 0.000000 0.000000 0.176633
 28 1.854841 1.227791 -13.762345 2.905912 0.371518 3.038049
 29 10.456543 -0.000004 0.000004 0.066512 0.087832 -1.203210
 30 24.248093 0.000001 0.000007 0.026388 0.031139 0.926557
 31 26.336971 0.000019 0.000002 0.158569 0.339735 0.537565
 32 1.854847 1.227798 13.762341 -2.913773 -0.282541 2.966325
 33 10.456542 -0.000008 0.000004 -0.053943 -0.091411 -1.337222
 34 24.248116 0.000002 -0.000004 -0.029590 -0.033114 1.024473
 35 26.336975 0.000000 0.000004 -0.102750 -0.269387 0.511162
time 46
  0 0.000000 0.000000 0.000000 0.000000 -0.000000 -1.570796
  1 0.000000 0.000000 0.000000 0.000000 -0.000000 0.000000
  2 -2.363353 -12.959703 33.164566 -1.569646 -1.224896 1.569646
  3 4.222169 -0.467508 0.000000 0.003924 0.000296 -0.153416
  4 4.476987 -0.000002 -0.000000 0.013589 -0.013717 0.033198
  5 4.477083 0.000000 0.000002 -0.003953 0.027545 0.039300
  6 4.477077 -0.000004 -0.000002 -0.013068 -0.014880 0.009778
  7 5.413502 -7.700466 -0.000000 -0.018462 -0.006355 -0.597569
  8 6.890240 0.000002 -0.000000 0.008905 -0.039458 0.159246
  9 8.011925 0.000004 0.000005 -0.003078 0.199518 -0.011317
 10 7.210720 -0.000002 -0.000000 0.002086 0.100916 0.009118
 11 8.581028 -0.304903 -0.000000 -0.153714 -0.073174 0.742372
 12 22.523008 2.194031 6.355708 0.000000 -0.130610 0.000000
 13 22.523005 2.194038 -6.355709 0.000000 0.044738 0.000000
 14 -3.006533 7.804720 -11.355459 0.827862 0.083499 2.265647
 15 10.384675 0.000008 0.000005 0.179383 0.117676 -0.703429
 16 22.550743 -0.000006 -0.000004 0.102379 0.009719 0.771476
 17 30.814247 -0.000015 -0.000004 2.089980 0.495144 0.323379
 18 -3.013796 7.815494 11.355459 -0.288205 -0.151112 2.291373
 19 10.374533 -0.000002 0.000007 -0.146511 -0.097549 -0.697372
 20 22.550726 -0.000027 -0.000013 -0.144598 0.030094 0.888571
 21 30.814270 -0.000023 0.000002 -2.570099 -0.194879 0.386566
 22 -4.250660 -0.770624 0.000001 0.015496 0.010495 -2.774501
 23 10.363422 0.000000 0.000000 -0.009528 -0.018057 0.136290
 24 10.363076 0.000000 -0.000000 -0.027013 0.009680 0.344045
 25 10.363081 -0.000004 -0.000002 0.026363 0.014205 0.031229
 26 9.253358 -0.000006 -3.973408 0.000000 0.000000 0.179634
 27 8.210346 -0.000002 7.704017 0.000000 0.000000 0.172089
 28 1.854841 1.227791 -13.762345 2.902702 0.368804 3.027162
 29 10.456543 -0.000004 0.000004 0.066651 0.087761 -1.201647
 30 24.248093 0.000001 0.000007 0.026313 0.031078 0.925373
 31 26.336971 0.000019 0.000002 0.161396 0.336503 0.538946
 32 1.854847 1.227798 13.762341 -2.911477 -0.280489 2.957666
 33 10.456542 -0.000008 0.000004 -0.054044 -0.091384 -1.335645
 34 24.248116 0.000002 -0.000004 -0.029564 -0.033066 1.022950
 35 26.336975 0.000000 0.000004 -0.104894 -0.266688 0.512010
time 47
  0 0.000000 0.000000 0.000000 0.000000 -0.000000 -1.570796
  1 0.000000 0.000000 0.000000 0.000000 -0.000000 0.000000
  2 -2.363353 -12.959703 33.164566 -1.569167 -1.212849 1.569167
  3 4.222169 -0.467508 0.000000 0.004391 0.000352 -0.164425
  4 4.476987 -0.000002 -0.000000 0.013385 -0.013760 0.020634
  5 4.477083 0.000000 0.000002 -0.003869 0.027626 0.044947
  6 4.477077 -0.000004 -0.000002 -0.013464 -0.014711 0.021162
  7 5.413502 -7.700466 -0.000000 -0.018528 0.009702 -0.595951
  8 6.890240 0.000002 -0.000000 0.009624 -0.025669 0.185938
  9 8.011925 0.000004 0.000005 -0.001297 0.172376 0.041764
 10 7.210720 -0.000002 -0.000000 0.002031 0.097473 0.034996
 11 8.581028 -0.304903 -0.000000 -0.142875 -0.047686 0.820709
 12 22.523008 2.194031 6.355708 0.000000 -0.088142 0.000000
 13 22.523005 2.194038 -6.355709 0.000000 0.025076 0.000000
 14 -3.006533 7.804720 -11.355459 0.825583 0.084948 2.261871
 15 10.384675 0.000008 0.000005 0.179533 0.117294 -0.701652
 16 22.550743 -0.000006 -0.000004 0.102379 0.009748 0.768873
 17 30.814247 -0.000015 -0.000004 2.093213 0.494485 0.324991
 18 -3.013796 7.815494 11.355459 -0.287187 -0.151299 2.288067
 19 10.374533 -0.000002 0.000007 -0.146646 -0.097216 -0.695285
 20 22.550726 -0.000027 -0.000013 -0.144558 0.029918 0.886462
 21 30.814270 -0.000023 0.000002 -2.570766 -0.195343 0.390415
 22 -4.250660 -0.770624 0.000001 0.015436 0.009356 -2.772145
 23 10.363422 0.000000 0.000000 -0.009120 -0.018105 0.128962
 24 10.363076 0.000000 -0.000000 -0.027121 0.009453 0.334986
 25 10.363081 -0.000004 -0.000002 0.026412 0.014158 0.031256
 26 9.253358 -0.000006 -3.973408 0.000000 0.000000 0.183710
 27 8.210346 -0.000002 7.704017 0.000000 0.000000 0.176226
 28 1.854841 1.227791 -13.762345 2.897821 0.365474 3.011348
 29 10.456543 -0.000004 0.000004 0.066599 0.087761 -1.202168
 30 24.248093 0.000001 0.000007 0.026313 0.031058 0.924959
 31 26.336971 0.000019 0.000002 0.164442 0.333060 0.540437
 32 1.854847 1.227798 13.762341 -2.908776 -0.278327 2.947499
 33 10.456542 -0.000008 0.000004 -0.053976 -0.091411 -1.336040
 34 24.248116 0.000002 -0.000004 -0.029564 -0.033030 1.022137
 35 26.336975 0.000000 0.000004 -0.111412 -0.260359 0.513875
time 48
  0 0.000000 0.000000 0.000000 0.000000 -0.000000 -1.570796
  1 0.000000 0.000000 0.000000 0.000000 -0.000000 0.000000
  2 -2.363353 -12.959703 33.148941 -1.568879 -1.197771 1.568879
  3 4.222169 -0.467508 0.000000 0.004787 0.000407 -0.173809
  4 4.476987 -0.000002 -0.000000 0.013254 -0.013803 0.010912
  5 4.477083 0.000000 0.000002 -0.003714 0.027707 0.050387
  6 4.477077 -0.000004 -0.000002 -0.013835 -0.014560 0.031954
  7 5.413502 -7.700466 -0.000000 -0.018542 0.025521 -0.594178
  8 6.890240 0.000002 -0.000000 0.009935 -0.013580 0.209326
  9 8.011925 0.000004 0.000005 -0.000773 0.119753 0.107642
 10 7.210720 -0.000002 -0.000000 0.002745 0.073833 0.076349
 11 8.581028 -0.304903 -0.000000 -0.117018 -0.023153 0.935883
 12 22.523008 2.194031 6.355708 0.000000 -0.061715 0.000000
 13 22.523005 2.194038 -6.355709 0.000000 0.011071 0.000000
 14 -3.006533 7.804720 -11.355459 0.818529 0.084241 2.251089
 15 10.384675 0.000008 0.000005 0.178337 0.118694 -0.712038
 16 22.550743 -0.000006 -0.000004 0.102507 0.009891 0.779708
 17 30.814247 -0.000015 -0.000004 2.103171 0.486586 0.322627
 18 -3.013796 7.815494 11.355459 -0.282147 -0.152383 2.271252
 19 10.374533 -0.000002 0.000007 -0.146106 -0.098313 -0.703519
 20 22.550726 -0.000027 -0.000013 -0.144272 0.030075 0.896760
 21 30.814270 -0.000023 0.000002 -2.574449 -0.190254 0.383581
 22 -4.250660 -0.770624 0.000001 0.015304 0.006275 -2.768509
 23 10.363422 0.000000 0.000000 -0.008545 -0.018296 0.105284
 24 10.363076 0.000000 -0.000000 -0.027277 0.008865 0.313047
 25 10.363081 -0.000004 -0.000002 0.026523 0.014020 0.034236
 26 9.253358 -0.000006 -3.973408 0.000000 0.000000 0.190979
 27 8.210346 -0.000002 7.704017 0.000000 0.000000 0.183652
 28 1.854841 1.227791 -13.762345 2.891006 0.361353 2.989696
 29 10.456543 -0.000004 0.000004 0.066337 0.087832 -1.204991
 30 24.248093 0.000001 0.000007 0.026313 0.031058 0.925492
 31 26.336971 0.000019 0.000002 0.167748 0.329434 0.542094
 32 1.854847 1.227798 13.762341 -2.904994 -0.275153 2.933067
 33 10.456542 -0.000008 0.000004 -0.053705 -0.091467 -1.338680
 34 24.248116 0.000002 -0.000004 -0.029577 -0.033006 1.022137
 35 26.336975 0.000000 0.000004 -0.119474 -0.252790 0.514384
time 49
  0 0.000000 0.000000 0.000000 0.000000 -0.000000 -1.570796
  1 0.000000 0.000000 0.000000 0.000000 -0.000000 0.000000
  2 -2.363353 -12.959703 33.117691 -1.569359 -1.174316 1.569359
  3 4.222169 -0.467508 0.000000 0.005122 0.000445 -0.181492
  4 4.476987 -0.000002 -0.000000 0.013182 -0.013803 0.003831
  5 4.477083 0.000000 0.000002 -0.003462 0.027755 0.055545
  6 4.477077 -0.000004 -0.000002 -0.014171 -0.014410 0.041469
  7 5.413502 -7.700466 -0.000000 -0.018488 0.040881 -0.592280
  8 6.890240 0.000002 -0.000000 0.010487 -0.001163 0.233551
  9 8.011925 0.000004 0.000005 -0.002777 0.066682 0.173104
 10 7.210720 -0.000002 -0.000000 0.002306 0.041366 0.123413
 11 8.581028 -0.304903 -0.000000 -0.084961 -0.001438 1.062799
 12 22.523008 2.194031 6.355708 0.000000 -0.041428 0.000000
 13 22.523005 2.194038 -6.355709 0.000000 0.003479 0.000000
 14 -3.006533 7.804720 -11.355459 0.807352 0.081662 2.234401
 15 10.384675 0.000008 0.000005 0.174826 0.123234 -0.744306
 16 22.550743 -0.000006 -0.000004 0.102843 0.010293 0.814151
 17 30.814247 -0.000015 -0.000004 2.115576 0.476178 0.318831
 18 -3.013796 7.815494 11.355459 -0.275477 -0.153690 2.249649
 19 10.374533 -0.000002 0.000007 -0.144219 -0.101768 -0.729844
 20 22.550726 -0.000027 -0.000013 -0.143557 0.030840 0.929392
 21 30.814270 -0.000023 0.000002 -2.579220 -0.183183 0.372704
 22 -4.250660 -0.770624 0.000001 0.015101 0.001476 -2.763721
 23 10.363422 0.000000 0.000000 -0.007742 -0.018740 0.058081
 24 10.363076 0.000000 -0.000000 -0.027457 0.008122 0.286334
 25 10.363081 -0.000004 -0.000002 0.026757 0.013696 0.045217
 26 9.253358 -0.000006 -3.973408 0.000000 0.000000 0.197672
 27 8.210346 -0.000002 7.704017 0.000000 0.000000 0.190434
 28 1.854841 1.227791 -13.762345 2.882167 0.356345 2.962023
 29 10.456543 -0.000004 0.000004 0.065830 0.087992 -1.210331
 30 24.248093 0.000001 0.000007 0.026351 0.031078 0.927031
 31 26.336971 0.000019 0.000002 0.171054 0.325807 0.543695
 32 1.854847 1.227798 13.762341 -2.899592 -0.270501 2.912043
 33 10.456542 -0.000008 0.000004 -0.053196 -0.091578 -1.343764
 34 24.248116 0.000002 -0.000004 -0.029616 -0.033006 1.022949
 35 26.336975 0.000000 0.000004 -0.127150 -0.245531 0.513310
time 50
  0 0.000000 0.000000 0.000000 0.000000 -0.000000 -1.570796
  1 0.000000 0.000000 0.000000 0.000000 -0.000000 0.000000
  2 -2.363353 -12.959703 33.059097 -1.570030 -1.142843 1.570030
  3 4.222169 -0.467508 0.000000 0.005626 0.000723 -0.191121
  4 4.476987 -0.000002 -0.000000 0.013158 -0.013803 -0.001075
  5 4.477083 0.000000 0.000002 -0.003114 0.027803 0.060391
  6 4.477077 -0.000004 -0.000002 -0.014447 -0.014297 0.047885
  7 5.413502 -7.700466 -0.000000 -0.018435 0.052146 -0.589137
  8 6.890240 0.000002 -0.000000 0.010990 0.008587 0.252564
  9 8.011925 0.000004 0.000005 -0.007439 0.013611 0.238489
 10 7.210720 -0.000002 -0.000000 0.000824 0.016296 0.167581
 11 8.581028 -0.304903 -0.000000 -0.054626 0.014371 1.176921
 12 22.523008 2.194031 6.355708 0.000000 -0.019156 0.000000
 13 22.523005 2.194038 -6.355709 0.000000 0.002843 0.000000
 14 -3.006533 7.804720 -11.355459 0.793081 0.077705 2.213113
 15 10.384675 0.000008 0.000005 0.170307 0.128666 -0.783628
 16 22.550743 -0.000006 -0.000004 0.103355 0.010638 0.856222
 17 30.814247 -0.000015 -0.000004 2.127632 0.466084 0.315214
 18 -3.013796 7.815494 11.355459 -0.268960 -0.154923 2.228730
 19 10.374533 -0.000002 0.000007 -0.141792 -0.105788 -0.761968
 20 22.550726 -0.000027 -0.000013 -0.142740 0.031802 0.969282
 21 30.814270 -0.000023 0.000002 -2.583851 -0.176455 0.362328
 22 -4.250660 -0.770624 0.000001 0.014813 -0.004718 -2.757985
 23 10.363422 0.000000 0.000000 -0.006759 -0.019171 0.003946
 24 10.363076 0.000000 -0.000000 -0.027612 0.007379 0.259724
 25 10.363081 -0.000004 -0.000002 0.027003 0.013296 0.059016
 26 9.253358 -0.000006 -3.973408 0.000000 0.000000 0.204194
 27 8.210346 -0.000002 7.704017 0.000000 0.000000 0.196978
 28 1.854841 1.227791 -13.762345 2.871657 0.350424 2.929058
 29 10.456543 -0.000004 0.000004 0.065062 0.088224 -1.218537
 30 24.248093 0.000001 0.000007 0.026462 0.031118 0.929813
 31 26.336971 0.000019 0.000002 0.176449 0.320342 0.546733
 32 1.854847 1.227798 13.762341 -2.892232 -0.264619 2.883696
 33 10.456542 -0.000008 0.000004 -0.052450 -0.091717 -1.351528
 34 24.248116 0.000002 -0.000004 -0.029668 -0.033018 1.024727
 35 26.336975 0.000000 0.000004 -0.134784 -0.238334 0.511954
time 51
  0 0.000000 0.000000 0.000000 0.000000 -0.000000 -1.570796
  1 0.000000 0.000000 0.000000 0.000000 -0.000000 0.000000
  2 -2.363353 -12.959703 32.969250 -1.570605 -1.106503 1.570605
  3 4.222169 -0.467508 0.000000 0.006105 0.001186 -0.199340
  4 4.476987 -0.000002 -0.000000 0.013158 -0.013803 -0.004360
  5 4.477083 0.000000 0.000002 -0.002659 0.027852 0.064912
  6 4.477077 -0.000004 -0.000002 -0.014578 -0.014316 0.048882
  7 5.413502 -7.700466 -0.000000 -0.018502 0.058501 -0.585372
  8 6.890240 0.000002 -0.000000 0.011158 0.011070 0.256497
  9 8.011925 0.000004 0.000005 -0.010700 -0.018308 0.282174
 10 7.210720 -0.000002 -0.000000 0.000494 0.009287 0.206332
 11 8.581028 -0.304903 -0.000000 -0.041055 0.020670 1.222031
 12 22.523008 2.194031 6.355708 0.000000 -0.007882 0.000000
 13 22.523005 2.194038 -6.355709 0.000000 0.007865 0.000000
 14 -3.006533 7.804720 -11.355459 0.776749 0.072653 2.188459
 15 10.384675 0.000008 0.000005 0.165825 0.133588 -0.820561
 16 22.550743 -0.000006 -0.000004 0.104011 0.010867 0.895992
 17 30.814247 -0.000015 -0.000004 2.138639 0.456649 0.311347
 18 -3.013796 7.815494 11.355459 -0.262545 -0.155858 2.208951
 19 10.374533 -0.000002 0.000007 -0.139298 -0.109409 -0.791946
 20 22.550726 -0.000027 -0.000013 -0.141943 0.032705 1.006938
 21 30.814270 -0.000023 0.000002 -2.587991 -0.170338 0.352231
 22 -4.250660 -0.770624 0.000001 0.014453 -0.012068 -2.751430
 23 10.363422 0.000000 0.000000 -0.005729 -0.019483 -0.048649
 24 10.363076 0.000000 -0.000000 -0.027768 0.006600 0.232082
 25 10.363081 -0.000004 -0.000002 0.027212 0.012910 0.072467
 26 9.253358 -0.000006 -3.973408 0.000000 0.000000 0.210512
 27 8.210346 -0.000002 7.704017 0.000000 0.000000 0.203319
 28 1.854841 1.227791 -13.762345 2.859828 0.343688 2.891775
 29 10.456543 -0.000004 0.000004 0.064031 0.088562 -1.229522
 30 24.248093 0.000001 0.000007 0.026573 0.031179 0.933780
 31 26.336971 0.000019 0.000002 0.187281 0.310040 0.551041
 32 1.854847 1.227798 13.762341 -2.882846 -0.257751 2.848068
 33 10.456542 -0.000008 0.000004 -0.051433 -0.091912 -1.361972
 34 24.248116 0.000002 -0.000004 -0.029798 -0.033114 1.029042
 35 26.336975 0.000000 0.000004 -0.142503 -0.231044 0.511445
time 52
  0 0.000000 0.000000 0.000000 0.000000 -0.000000 -1.570796
  1 0.000000 0.000000 0.000000 0.000000 -0.000000 0.000000
  2 -2.363353 -12.959703 32.836433 -1.570797 -1.066255 1.570797
  3 4.222169 -0.467508 0.000000 0.005949 0.001501 -0.196457
  4 4.476987 -0.000002 -0.000000 0.013086 -0.013803 -0.008422
  5 4.477083 0.000000 0.000002 -0.002084 0.027868 0.069077
  6 4.477077 -0.000004 -0.000002 -0.014542 -0.014448 0.042232
  7 5.413502 -7.700466 -0.000000 -0.018143 0.061763 -0.572428
  8 6.890240 0.000002 -0.000000 0.011170 0.011162 0.255426
  9 8.011925 0.000004 0.000005 -0.011329 -0.023516 0.294841
 10 7.210720 -0.000002 -0.000000 0.000741 0.008192 0.243125
 11 8.581028 -0.304903 -0.000000 -0.038758 0.021131 1.207379
 12 22.523008 2.194031 6.355708 0.000000 -0.051572 0.000000
 13 22.523005 2.194038 -6.355709 0.000000 0.046130 0.000000
 14 -3.006533 7.804720 -11.355459 0.759983 0.066823 2.163324
 15 10.384675 0.000008 0.000005 0.159475 0.139698 -0.869214
 16 22.550743 -0.000006 -0.000004 0.104970 0.011298 0.947869
 17 30.814247 -0.000015 -0.000004 2.157465 0.441319 0.308052
 18 -3.013796 7.815494 11.355459 -0.253839 -0.157726 2.180052
 19 10.374533 -0.000002 0.000007 -0.135658 -0.114592 -0.834275
 20 22.550726 -0.000027 -0.000013 -0.141044 0.033844 1.056196
 21 30.814270 -0.000023 0.000002 -2.595673 -0.159524 0.339513
 22 -4.250660 -0.770624 0.000001 0.013998 -0.020284 -2.744209
 23 10.363422 0.000000 0.000000 -0.004674 -0.019735 -0.100627
 24 10.363076 0.000000 -0.000000 -0.027900 0.005761 0.202943
 25 10.363081 -0.000004 -0.000002 0.027397 0.012510 0.085944
 26 9.253358 -0.000006 -3.973408 0.000000 0.000000 0.216661
 27 8.210346 -0.000002 7.704017 0.000000 0.000000 0.209457
 28 1.854841 1.227791 -13.762345 2.847076 0.336213 2.851208
 29 10.456543 -0.000004 0.000004 0.062808 0.088935 -1.242549
 30 24.248093 0.000001 0.000007 0.026758 0.031300 0.939108
 31 26.336971 0.000019 0.000002 0.199897 0.298320 0.553305
 32 1.854847 1.227798 13.762341 -2.871907 -0.249980 2.806580
 33 10.456542 -0.000008 0.000004 -0.050246 -0.092135 -1.374386
 34 24.248116 0.000002 -0.000004 -0.029992 -0.033294 1.036404
 35 26.336975 0.000000 0.000004 -0.150350 -0.223444 0.512858
time 53
  0 0.000000 0.000000 0.000000 0.000000 -0.000000 -1.570796
  1 0.000000 0.000000 0.000000 0.000000 -0.000000 0.000000
  2 -2.363353 -12.959703 32.660645 -1.570988 -1.022575 1.570988
  3 4.222169 -0.467508 0.000000 0.004523 0.001334 -0.171709
  4 4.476987 -0.000002 -0.000000 0.013913 -0.013717 0.029780
  5 4.477083 0.000000 0.000002 -0.001388 0.027868 0.072827
  6 4.477077 -0.000004 -0.000002 -0.014255 -0.014748 0.025429
  7 5.413502 -7.700466 -0.000000 -0.016069 0.062442 -0.532507
  8 6.890240 0.000002 -0.000000 0.011206 0.011475 0.254728
  9 8.011925 0.000004 0.000005 -0.011486 -0.022717 0.299980
 10 7.210720 -0.000002 -0.000000 0.000769 0.006515 0.279651
 11 8.581028 -0.304903 -0.000000 -0.039126 0.019510 1.163532
 12 22.523008 2.194031 6.355708 0.000000 -0.139134 0.000000
 13 22.523005 2.194038 -6.355709 0.000000 0.122206 0.000000
 14 -3.006533 7.804720 -11.355459 0.725528 0.061665 2.103716
 15 10.384675 0.000008 0.000005 0.145319 0.151792 -0.974795
 16 22.550743 -0.000006 -0.000004 0.106905 0.012216 1.058644
 17 30.814247 -0.000015 -0.000004 2.201013 0.407526 0.306082
 18 -3.013796 7.815494 11.355459 -0.233576 -0.164676 2.105666
 19 10.374533 -0.000002 0.000007 -0.128040 -0.124990 -0.922123
 20 22.550726 -0.000027 -0.000013 -0.138797 0.035748 1.164575
 21 30.814270 -0.000023 0.000002 -2.615178 -0.133833 0.318399
 22 -4.250660 -0.770624 0.000001 0.013459 -0.029094 -2.736476
 23 10.363422 0.000000 0.000000 -0.003643 -0.019938 -0.152055
 24 10.363076 0.000000 -0.000000 -0.028032 0.004863 0.171790
 25 10.363081 -0.000004 -0.000002 0.027581 0.012109 0.099395
 26 9.253358 -0.000006 -3.973408 0.000000 0.000000 0.222606
 27 8.210346 -0.000002 7.704017 0.000000 0.000000 0.215357
 28 1.854841 1.227791 -13.762345 2.833752 0.328170 2.808512
 29 10.456543 -0.000004 0.000004 0.061480 0.089327 -1.256703
 30 24.248093 0.000001 0.000007 0.026981 0.031441 0.945857
 31 26.336971 0.000019 0.000002 0.212296 0.286889 0.554409
 32 1.854847 1.227798 13.762341 -2.860022 -0.241525 2.761173
 33 10.456542 -0.000008 0.000004 -0.048957 -0.092358 -1.387826
 34 24.248116 0.000002 -0.000004 -0.030251 -0.033534 1.045899
 35 26.336975 0.000000 0.000004 -0.158455 -0.215440 0.517323
time 54
  0 0.000000 0.000000 0.000000 0.000000 -0.000000 -1.570796
  1 0.000000 0.000000 0.000000 0.000000 -0.000000 0.000000
  2 -2.363353 -12.959703 32.426262 -1.570988 -0.976024 1.570988
  3 4.222169 -0.467508 0.000000 0.001515 0.000593 -0.120832
  4 4.476987 -0.000002 -0.000000 0.015914 -0.013524 0.114107
  5 4.477083 0.000000 0.000002 -0.000562 0.027836 0.076147
  6 4.477077 -0.000004 -0.000002 -0.013656 -0.015556 -0.013270
  7 5.413502 -7.700466 -0.000000 -0.013424 0.062425 -0.484652
  8 6.890240 0.000002 -0.000000 0.011206 0.011776 0.253774
  9 8.011925 0.000004 0.000005 -0.011669 -0.022653 0.305898
 10 7.210720 -0.000002 -0.000000 0.000714 0.004943 0.315478
 11 8.581028 -0.304903 -0.000000 -0.039906 0.017239 1.106961
 12 22.523008 2.194031 6.355708 0.000000 -0.264946 0.000000
 13 22.523005 2.194038 -6.355709 0.000000 0.220365 0.000000
 14 -3.006533 7.804720 -11.355459 0.672137 0.064209 1.995212
 15 10.384675 0.000008 0.000005 0.126083 0.164989 -1.107756
 16 22.550743 -0.000006 -0.000004 0.109512 0.013077 1.197264
 17 30.814247 -0.000015 -0.000004 2.251069 0.368342 0.302143
 18 -3.013796 7.815494 11.355459 -0.201450 -0.176783 1.981748
 19 10.374533 -0.000002 0.000007 -0.117390 -0.136851 -1.032527
 20 22.550726 -0.000027 -0.000013 -0.135692 0.037456 1.301676
 21 30.814270 -0.000023 0.000002 -2.638506 -0.104179 0.293632
 22 -4.250660 -0.770624 0.000001 0.012847 -0.038209 -2.728385
 23 10.363422 0.000000 0.000000 -0.002673 -0.020154 -0.203087
 24 10.363076 0.000000 -0.000000 -0.028140 0.003904 0.138341
 25 10.363081 -0.000004 -0.000002 0.027754 0.011709 0.112872
 26 9.253358 -0.000006 -3.973408 0.000000 0.000000 0.228414
 27 8.210346 -0.000002 7.704017 0.000000 0.000000 0.221054
 28 1.854841 1.227791 -13.762345 2.820164 0.319732 2.764539
 29 10.456543 -0.000004 0.000004 0.060153 0.089701 -1.270988
 30 24.248093 0.000001 0.000007 0.027314 0.031663 0.956513
 31 26.336971 0.000019 0.000002 0.224564 0.275300 0.557005
 32 1.854847 1.227798 13.762341 -2.847732 -0.232605 2.713697
 33 10.456542 -0.000008 0.000004 -0.047668 -0.092552 -1.401383
 34 24.248116 0.000002 -0.000004 -0.030523 -0.033809 1.056358
 35 26.336975 0.000000 0.000004 -0.166774 -0.206754 0.525800
time 55
  0 0.000000 0.000000 0.000000 0.000000 -0.000000 -1.570796
  1 0.000000 0.000000 0.000000 0.000000 -0.000000 0.000000
  2 -2.363353 -12.959703 32.133286 -1.570988 -0.927159 1.570988
  3 4.222169 -0.467508 0.000000 -0.002452 -0.000297 -0.055311
  4 4.476987 -0.000002 -0.000000 0.018179 -0.013481 0.209024
  5 4.477083 0.000000 0.000002 0.000409 0.027803 0.079007
  6 4.477077 -0.000004 -0.000002 -0.013008 -0.016684 -0.066202
  7 5.413502 -7.700466 -0.000000 -0.010766 0.062391 -0.438291
  8 6.890240 0.000002 -0.000000 0.011206 0.012050 0.252447
  9 8.011925 0.000004 0.000005 -0.011826 -0.022605 0.311635
 10 7.210720 -0.000002 -0.000000 0.000604 0.003513 0.350314
 11 8.581028 -0.304903 -0.000000 -0.040572 0.014729 1.045729
 12 22.523008 2.194031 6.355708 0.000000 -0.412604 0.000000
 13 22.523005 2.194038 -6.355709 0.000000 0.346806 0.000000
 14 -3.006533 7.804720 -11.355459 0.610443 0.075974 1.852715
 15 10.384675 0.000008 0.000005 0.105876 0.175427 -1.237329
 16 22.550743 -0.000006 -0.000004 0.112199 0.013622 1.330133
 17 30.814247 -0.000015 -0.000004 2.301169 0.331006 0.302322
 18 -3.013796 7.815494 11.355459 -0.161025 -0.195953 1.810063
 19 10.374533 -0.000002 0.000007 -0.105391 -0.147615 -1.144787
 20 22.550726 -0.000027 -0.000013 -0.132669 0.038418 1.434002
 21 30.814270 -0.000023 0.000002 -2.663027 -0.075626 0.275252
 22 -4.250660 -0.770624 0.000001 0.012164 -0.047357 -2.720114
 23 10.363422 0.000000 0.000000 -0.001750 -0.020310 -0.249388
 24 10.363076 0.000000 -0.000000 -0.028236 0.002897 0.102981
 25 10.363081 -0.000004 -0.000002 0.027926 0.011308 0.126376
 26 9.253358 -0.000006 -3.973408 0.000000 0.000000 0.234020
 27 8.210346 -0.000002 7.704017 0.000000 0.000000 0.226513
 28 1.854841 1.227791 -13.762345 2.806576 0.311121 2.720444
 29 10.456543 -0.000004 0.000004 0.058930 0.090056 -1.284448
 30 24.248093 0.000001 0.000007 0.027759 0.031926 0.970366
 31 26.336971 0.000019 0.000002 0.236614 0.263343 0.563577
 32 1.854847 1.227798 13.762341 -2.835510 -0.223548 2.666049
 33 10.456542 -0.000008 0.000004 -0.046481 -0.092719 -1.414113
 34 24.248116 0.000002 -0.000004 -0.030821 -0.034097 1.066767
 35 26.336975 0.000000 0.000004 -0.175394 -0.197231 0.539477
time 56
  0 0.000000 0.000000 0.000000 0.000000 -0.000000 -1.570796
  1 0.000000 0.000000 0.000000 0.000000 -0.000000 0.000000
  2 -2.363353 -12.905014 31.738743 -1.570988 -0.876539 1.570988
  3 4.222169 -0.467508 0.000000 -0.006371 -0.000964 0.007649
  4 4.476987 -0.000002 -0.000000 0.020145 -0.013588 0.291642
  5 4.477083 0.000000 0.000002 0.001536 0.027723 0.081364
  6 4.477077 -0.000004 -0.000002 -0.012853 -0.017661 -0.109962
  7 5.413502 -7.700466 -0.000000 -0.008068 0.062256 -0.392925
  8 6.890240 0.000002 -0.000000 0.011170 0.012299 0.250679
  9 8.011925 0.000004 0.000005 -0.011944 -0.022573 0.317111
 10 7.210720 -0.000002 -0.000000 0.000412 0.002260 0.383970
 11 8.581028 -0.304903 -0.000000 -0.041101 0.012049 0.981553
 12 22.523008 2.194031 6.355708 0.000000 -0.563531 0.000000
 13 22.523005 2.194038 -6.355709 0.000000 0.481233 0.000000
 14 -3.006533 7.804720 -11.355459 0.546471 0.089046 1.695179
 15 10.384675 0.000008 0.000005 0.087910 0.182322 -1.347186
 16 22.550743 -0.000006 -0.000004 0.114422 0.013966 1.437882
 17 30.814247 -0.000015 -0.000004 2.356074 0.295803 0.324096
 18 -3.013796 7.815494 11.355459 -0.120295 -0.214561 1.634559
 19 10.374533 -0.000002 0.000007 -0.095144 -0.156253 -1.234200
 20 22.550726 -0.000027 -0.000013 -0.130402 0.038634 1.542815
 21 30.814270 -0.000023 0.000002 -2.687864 -0.049250 0.279826
 22 -4.250660 -0.770624 0.000001 0.011445 -0.056247 -2.711792
 23 10.363422 0.000000 0.000000 -0.000935 -0.020430 -0.287899
 24 10.363076 0.000000 -0.000000 -0.028296 0.001866 0.066280
 25 10.363081 -0.000004 -0.000002 0.028123 0.010908 0.139854
 26 9.253358 -0.000006 -3.973408 0.000000 0.000000 0.239455
 27 8.210346 -0.000002 7.704017 0.000000 0.000000 0.231735
 28 1.854841 1.227791 -13.762345 2.793252 0.302634 2.676958
 29 10.456543 -0.000004 0.000004 0.057881 0.090341 -1.296128
 30 24.248093 0.000001 0.000007 0.028241 0.032208 0.983923
 31 26.336971 0.000019 0.000002 0.248230 0.250703 0.576610
 32 1.854847 1.227798 13.762341 -2.823794 -0.214738 2.619953
 33 10.456542 -0.000008 0.000004 -0.045498 -0.092858 -1.425069
 34 24.248116 0.000002 -0.000004 -0.031093 -0.034361 1.076007
 35 26.336975 0.000000 0.000004 -0.184271 -0.186559 0.559484
time 57
  0 0.000000 0.000000 0.000000 0.000000 -0.000000 -1.570796
  1 0.000000 0.000000 0.000000 0.000000 -0.000000 0.000000
  2 -2.363353 -12.592505 31.109818 -1.570988 -0.824523 1.570988
  3 4.222169 -0.467508 0.000000 -0.009163 -0.001280 0.051043
  4 4.476987 -0.000002 -0.000000 0.021439 -0.013803 0.344561
  5 4.477083 0.000000 0.000002 0.002830 0.027642 0.083143
  6 4.477077 -0.000004 -0.000002 -0.013464 -0.018187 -0.128167
  7 5.413502 -7.700466 -0.000000 -0.005330 0.062035 -0.348866
  8 6.890240 0.000002 -0.000000 0.011110 0.012547 0.248352
  9 8.011925 0.000004 0.000005 -0.012036 -0.022541 0.322251
 10 7.210720 -0.000002 -0.000000 0.000247 0.001218 0.416446
 11 8.581028 -0.304903 -0.000000 -0.041491 0.009301 0.914012
 12 22.523008 2.194031 6.355708 0.000000 -0.711616 0.000000
 13 22.523005 2.194038 -6.355709 0.000000 0.609096 0.000000
 14 -3.006533 7.804720 -11.355459 0.488033 0.100564 1.542862
 15 10.384675 0.000008 0.000005 0.071625 0.186884 -1.443436
 16 22.550743 -0.000006 -0.000004 0.116405 0.014167 1.531466
 17 30.814247 -0.000015 -0.000004 2.401238 0.264800 0.345941
 18 -3.013796 7.815494 11.355459 -0.082569 -0.231788 1.470113
 19 10.374533 -0.000002 0.000007 -0.084763 -0.163960 -1.316597
 20 22.550726 -0.000027 -0.000013 -0.128625 0.038379 1.638352
 21 30.814270 -0.000023 0.000002 -2.707474 -0.026031 0.287496
 22 -4.250660 -0.770624 0.000001 0.010702 -0.064640 -2.703547
 23 10.363422 0.000000 0.000000 -0.000276 -0.020669 -0.319676
 24 10.363076 0.000000 -0.000000 -0.028320 0.000872 0.029552
 25 10.363081 -0.000004 -0.000002 0.028369 0.010445 0.154512
 26 9.253358 -0.000006 -3.973408 0.000000 0.000000 0.244890
 27 8.210346 -0.000002 7.704017 0.000000 0.000000 0.236822
 28 1.854841 1.227791 -13.762345 2.780148 0.294492 2.634626
 29 10.456543 -0.000004 0.000004 0.057130 0.090555 -1.305116
 30 24.248093 0.000001 0.000007 0.028575 0.032410 0.993454
 31 26.336971 0.000019 0.000002 0.259193 0.236960 0.598645
 32 1.854847 1.227798 13.762341 -2.812787 -0.206611 2.576785
 33 10.456542 -0.000008 0.000004 -0.044786 -0.092970 -1.433424
 34 24.248116 0.000002 -0.000004 -0.031313 -0.034576 1.083115
 35 26.336975 0.000000 0.000004 -0.193233 -0.174647 0.586160
time 58
  0 0.000000 0.000000 0.000000 0.000000 -0.000000 -1.570796
  1 0.000000 0.000000 0.000000 0.000000 -0.000000 0.000000
  2 -2.363353 -11.865921 30.168383 -1.570892 -0.772108 1.570892
  3 4.222169 -0.467508 0.000000 -0.009679 -0.001242 0.056226
  4 4.476987 -0.000002 -0.000000 0.021823 -0.013867 0.359056
  5 4.477083 0.000000 0.000002 0.004352 0.027529 0.084491
  6 4.477077 -0.000004 -0.000002 -0.014291 -0.018263 -0.125753
  7 5.413502 -7.700466 -0.000000 -0.002565 0.061831 -0.306331
  8 6.890240 0.000002 -0.000000 0.011014 0.012769 0.245419
  9 8.011925 0.000004 0.000005 -0.012101 -0.022510 0.326923
 10 7.210720 -0.000002 -0.000000 0.000110 0.000512 0.442271
 11 8.581028 -0.304903 -0.000000 -0.041652 0.006706 0.848924
 12 22.523008 2.194031 6.355708 0.000000 -0.836207 0.000000
 13 22.523005 2.194038 -6.355709 0.000000 0.712185 0.000000
 14 -3.006533 7.804720 -11.355459 0.461283 0.108866 1.462514
 15 10.384675 0.000008 0.000005 0.055676 0.189897 -1.534743
 16 22.550743 -0.000006 -0.000004 0.118436 0.014225 1.623778
 17 30.814247 -0.000015 -0.000004 2.418098 0.246963 0.353712
 18 -3.013796 7.815494 11.355459 -0.062051 -0.246398 1.373497
 19 10.374533 -0.000002 0.000007 -0.073506 -0.170970 -1.398241
 20 22.550726 -0.000027 -0.000013 -0.126909 0.037829 1.732835
 21 30.814270 -0.000023 0.000002 -2.720980 -0.006359 0.291428
 22 -4.250660 -0.770624 0.000001 0.009983 -0.072198 -2.695584
 23 10.363422 0.000000 0.000000 -0.000000 -0.020657 -0.330965
 24 10.363076 0.000000 -0.000000 -0.028320 -0.000267 -0.017060
 25 10.363081 -0.000004 -0.000002 0.028259 0.010476 0.160177
 26 9.253358 -0.000006 -3.973408 0.000000 0.000000 0.251005
 27 8.210346 -0.000002 7.704017 0.000000 0.000000 0.243298
 28 1.854841 1.227791 -13.762345 2.771089 0.288053 2.604095
 29 10.456543 -0.000004 0.000004 0.056746 0.090697 -1.310543
 30 24.248093 0.000001 0.000007 0.028612 0.032470 0.994934
 31 26.336971 0.000019 0.000002 0.269024 0.221771 0.632333
 32 1.854847 1.227798 13.762341 -2.805393 -0.200455 2.546715
 33 10.456542 -0.000008 0.000004 -0.044413 -0.093053 -1.438351
 34 24.248116 0.000002 -0.000004 -0.031482 -0.034732 1.086974
 35 26.336975 0.000000 0.000004 -0.201724 -0.161897 0.617188
time 59
  0 0.000000 0.000000 0.000000 0.000000 -0.000000 -1.570796
  1 0.000000 0.000000 0.000000 0.000000 -0.000000 0.000000
  2 -2.363353 -10.807295 28.992565 -1.570892 -0.719773 1.570892
  3 4.222169 -0.467508 0.000000 -0.008600 -0.001020 0.040555
  4 4.476987 -0.000002 -0.000000 0.020996 -0.013610 0.335149
  5 4.477083 0.000000 0.000002 0.004136 0.027820 0.094318
  6 4.477077 -0.000004 -0.000002 -0.014471 -0.018056 -0.115039
  7 5.413502 -7.700466 -0.000000 -0.000093 0.060607 -0.271794
  8 6.890240 0.000002 -0.000000 0.010894 0.012991 0.241812
  9 8.011925 0.000004 0.000005 -0.012154 -0.022478 0.331128
 10 7.210720 -0.000002 -0.000000 0.000027 0.000141 0.458897
 11 8.581028 -0.304903 -0.000000 -0.041169 0.004811 0.806794
 12 22.523008 2.194031 6.355708 0.000000 -0.926426 0.000000
 13 22.523005 2.194038 -6.355709 0.000000 0.790288 0.000000
 14 -3.006533 7.804720 -11.355459 0.461826 0.115544 1.445002
 15 10.384675 0.000008 0.000005 0.040063 0.191530 -1.622384
 16 22.550743 -0.000006 -0.000004 0.120515 0.014110 1.716757
 17 30.814247 -0.000015 -0.000004 2.411459 0.241508 0.350202
 18 -3.013796 7.815494 11.355459 -0.060014 -0.258916 1.348474
 19 10.374533 -0.000002 0.000007 -0.061709 -0.177150 -1.478608
 20 22.550726 -0.000027 -0.000013 -0.125213 0.036985 1.827999
 21 30.814270 -0.000023 0.000002 -2.723962 0.007147 0.289281
 22 -4.250660 -0.770624 0.000001 0.009324 -0.078666 -2.688107
 23 10.363422 0.000000 0.000000 -0.001390 -0.020442 -0.257200
 24 10.363076 0.000000 -0.000000 -0.028260 -0.002256 -0.097639
 25 10.363081 -0.000004 -0.000002 0.027495 0.012202 0.100254
 26 9.253358 -0.000006 -3.973408 0.000000 0.000000 0.222436
 27 8.210346 -0.000002 7.704017 0.000000 0.000000 0.222275
 28 1.854841 1.227791 -13.762345 2.767308 0.283957 2.588950
 29 10.456543 -0.000004 0.000004 0.057445 0.090555 -1.303726
 30 24.248093 0.000001 0.000007 0.028352 0.032349 0.986173
 31 26.336971 0.000019 0.000002 0.277986 0.205714 0.671047
 32 1.854847 1.227798 13.762341 -2.802253 -0.196679 2.532498
 33 10.456542 -0.000008 0.000004 -0.045193 -0.092998 -1.431493
 34 24.248116 0.000002 -0.000004 -0.031352 -0.034660 1.081491
 35 26.336975 0.000000 0.000004 -0.209400 -0.148806 0.650193
time 60
  0 0.000000 0.000000 0.000000 0.000000 -0.000000 -1.570796
  1 0.000000 0.000000 0.000000 0.000000 -0.000000 0.000000
  2 -2.363353 -9.549444 27.691744 -1.570892 -0.668076 1.570892
  3 4.222169 -0.467508 0.000000 -0.006898 -0.000742 0.022538
  4 4.476987 -0.000002 -0.000000 0.019593 -0.013331 0.295194
  5 4.477083 0.000000 0.000002 0.002734 0.027997 0.083958
  6 4.477077 -0.000004 -0.000002 -0.013068 -0.017718 -0.108670
  7 5.413502 -7.700466 -0.000000 0.000944 0.054983 -0.265135
  8 6.890240 0.000002 -0.000000 0.010726 0.013214 0.237740
  9 8.011925 0.000004 0.000005 -0.012206 -0.022446 0.335073
 10 7.210720 -0.000002 -0.000000 0.000000 0.000018 0.467827
 11 8.581028 -0.304903 -0.000000 -0.040067 0.003240 0.773041
 12 22.523008 2.194031 6.355708 0.000000 -0.967824 0.000000
 13 22.523005 2.194038 -6.355709 0.000000 0.811976 0.000000
 14 -3.006533 7.804720 -11.355459 0.485700 0.123776 1.476729
 15 10.384675 0.000008 0.000005 0.024936 0.191955 -1.705971
 16 22.550743 -0.000006 -0.000004 0.122562 0.013823 1.809796
 17 30.814247 -0.000015 -0.000004 2.389707 0.243953 0.338886
 18 -3.013796 7.815494 11.355459 -0.072335 -0.270500 1.376119
 19 10.374533 -0.000002 0.000007 -0.049373 -0.182532 -1.557642
 20 22.550726 -0.000027 -0.000013 -0.123579 0.035866 1.923351
 21 30.814270 -0.000023 0.000002 -2.704492 0.008395 0.273243
 22 -4.250660 -0.770624 0.000001 0.008749 -0.083785 -2.680963
 23 10.363422 0.000000 0.000000 -0.003571 -0.020310 -0.152165
 24 10.363076 0.000000 -0.000000 -0.028068 -0.004330 -0.172332
 25 10.363081 -0.000004 -0.000002 0.026326 0.014759 0.007255
 26 9.253358 -0.000006 -3.973408 0.000000 0.000000 0.158606
 27 8.210346 -0.000002 7.704017 0.000000 0.000000 0.141401
 28 1.854841 1.227791 -13.762345 2.767396 0.281737 2.585362
 29 10.456543 -0.000004 0.000004 0.059384 0.090056 -1.282581
 30 24.248093 0.000001 0.000007 0.027796 0.032067 0.968590
 31 26.336971 0.000019 0.000002 0.286252 0.189343 0.709374
 32 1.854847 1.227798 13.762341 -2.802253 -0.194791 2.530085
 33 10.456542 -0.000008 0.000004 -0.047228 -0.092775 -1.410724
 34 24.248116 0.000002 -0.000004 -0.030873 -0.034325 1.065243
 35 26.336975 0.000000 0.000004 -0.216133 -0.135529 0.684160
time 61
  0 0.000000 0.000000 0.000000 0.000000 -0.000000 -1.570796
  1 0.000000 0.000000 0.000000 0.000000 -0.000000 0.000000
  2 -2.363353 -8.217372 26.379204 -1.570892 -0.617535 1.570892
  3 4.222169 -0.467508 0.000000 -0.004933 -0.000445 0.005564
  4 4.476987 -0.000002 -0.000000 0.018167 -0.013181 0.254062
  5 4.477083 0.000000 0.000002 0.000721 0.027674 0.046029
  6 4.477077 -0.000004 -0.000002 -0.010983 -0.017342 -0.107876
  7 5.413502 -7.700466 -0.000000 0.001675 0.048935 -0.263735
  8 6.890240 0.000002 -0.000000 0.010558 0.013384 0.223009
  9 8.011925 0.000004 0.000005 -0.012115 -0.022510 0.328299
 10 7.210720 -0.000002 -0.000000 0.000000 0.000000 0.465575
 11 8.581028 -0.304903 -0.000000 -0.038414 0.001891 0.743143
 12 22.523008 2.194031 6.355708 0.000000 -0.935989 0.000000
 13 22.523005 2.194038 -6.355709 0.000000 0.791135 0.000000
 14 -3.006533 7.804720 -11.355459 0.518907 0.132785 1.525899
 15 10.384675 0.000008 0.000005 0.010481 0.191318 -1.785226
 16 22.550743 -0.000006 -0.000004 0.124513 0.013364 1.902774
 17 30.814247 -0.000015 -0.000004 2.361839 0.249502 0.325421
 18 -3.013796 7.815494 11.355459 -0.092191 -0.281374 1.427762
 19 10.374533 -0.000002 0.000007 -0.036700 -0.186984 -1.635285
 20 22.550726 -0.000027 -0.000013 -0.122047 0.034492 2.018454
 21 30.814270 -0.000023 0.000002 -2.682006 0.007905 0.256425
 22 -4.250660 -0.770624 0.000001 0.008677 -0.086994 -2.677250
 23 10.363422 0.000000 0.000000 -0.005537 -0.019687 -0.047878
 24 10.363076 0.000000 -0.000000 -0.027876 -0.005756 -0.218377
 25 10.363081 -0.000004 -0.000002 0.024774 0.017332 -0.090201
 26 9.253358 -0.000006 -3.973408 0.000000 0.000000 0.053061
 27 8.210346 -0.000002 7.704017 0.000000 0.000000 0.036283
 28 1.854841 1.227791 -13.762345 2.769770 0.280651 2.588646
 29 10.456543 -0.000004 0.000004 0.062144 0.089256 -1.251797
 30 24.248093 0.000001 0.000007 0.027092 0.031623 0.945028
 31 26.336971 0.000019 0.000002 0.293735 0.172787 0.746596
 32 1.854847 1.227798 13.762341 -2.804076 -0.194052 2.534609
 33 10.456542 -0.000008 0.000004 -0.050178 -0.092330 -1.380259
 34 24.248116 0.000002 -0.000004 -0.030160 -0.033821 1.041634
 35 26.336975 0.000000 0.000004 -0.222008 -0.122127 0.718183
time 62
  0 0.000000 0.000000 0.000000 0.000000 -0.000000 -1.570796
  1 0.000000 0.000000 0.000000 0.000000 -0.000000 0.000000
  2 -2.363353 -6.955615 25.164324 -1.570988 -0.568710 1.570988
  3 4.222169 -0.467508 0.000000 -0.002931 -0.000167 -0.009387
  4 4.476987 -0.000002 -0.000000 0.016729 -0.013203 0.213174
  5 4.477083 0.000000 0.000002 -0.001868 0.027060 -0.001074
  6 4.477077 -0.000004 -0.000002 -0.009161 -0.016928 -0.109012
  7 5.413502 -7.700466 -0.000000 0.002392 0.043412 -0.261930
  8 6.890240 0.000002 -0.000000 0.010247 0.013619 0.192756
  9 8.011925 0.000004 0.000005 -0.011774 -0.022797 0.308520
 10 7.210720 -0.000002 -0.000000 0.000000 0.000000 0.434359
 11 8.581028 -0.304903 -0.000000 -0.036163 0.000662 0.717276
 12 22.523008 2.194031 6.355708 0.000000 -0.885945 0.000000
 13 22.523005 2.194038 -6.355709 0.000000 0.751297 0.000000
 14 -3.006533 7.804720 -11.355459 0.552982 0.141617 1.574863
 15 10.384675 0.000008 0.000005 -0.003190 0.189833 -1.859926
 16 22.550743 -0.000006 -0.000004 0.126320 0.012761 1.995753
 17 30.814247 -0.000015 -0.000004 2.333098 0.255834 0.313209
 18 -3.013796 7.815494 11.355459 -0.114033 -0.291463 1.484021
 19 10.374533 -0.000002 0.000007 -0.023757 -0.190505 -1.711419
 20 22.550726 -0.000027 -0.000013 -0.120576 0.032862 2.113432
 21 30.814270 -0.000023 0.000002 -2.661028 0.008052 0.241866
 22 -4.250660 -0.770624 0.000001 0.010259 -0.090444 -2.689541
 23 10.363422 0.000000 0.000000 -0.007023 -0.019339 0.006917
 24 10.363076 0.000000 -0.000000 -0.027792 -0.005840 -0.163118
 25 10.363081 -0.000004 -0.000002 0.022915 0.019643 -0.187039
 26 9.253358 -0.000006 -3.973408 0.000000 0.000000 -0.149570
 27 8.210346 -0.000002 7.704017 0.000000 0.000000 -0.164019
 28 1.854841 1.227791 -13.762345 2.772980 0.279985 2.594424
 29 10.456543 -0.000004 0.000004 0.065236 0.088259 -1.216844
 30 24.248093 0.000001 0.000007 0.026313 0.031098 0.918328
 31 26.336971 0.000019 0.000002 0.300217 0.156206 0.782714
 32 1.854847 1.227798 13.762341 -2.806406 -0.193751 2.541459
 33 10.456542 -0.000008 0.000004 -0.053502 -0.091717 -1.345104
 34 24.248116 0.000002 -0.000004 -0.029318 -0.033222 1.014420
 35 26.336975 0.000000 0.000004 -0.227111 -0.108695 0.751528
time 63
  0 0.000000 0.000000 0.000000 0.000000 -0.000000 -1.570796
  1 0.000000 0.000000 0.000000 0.000000 -0.000000 0.000000
  2 -2.363353 -5.889176 24.160387 -1.571084 -0.522159 1.571084
  3 4.222169 -0.467508 0.000000 -0.001146 0.000111 -0.021086
  4 4.476987 -0.000002 -0.000000 0.015243 -0.013353 0.172065
  5 4.477083 0.000000 0.000002 -0.004421 0.026350 -0.045450
  6 4.477077 -0.000004 -0.000002 -0.007711 -0.016515 -0.111302
  7 5.413502 -7.700466 -0.000000 0.003070 0.038366 -0.260219
  8 6.890240 0.000002 -0.000000 0.009156 0.014312 0.125363
  9 8.011925 0.000004 0.000005 -0.011289 -0.023165 0.284536
 10 7.210720 -0.000002 -0.000000 0.000000 0.000000 0.398022
 11 8.581028 -0.304903 -0.000000 -0.033086 -0.000396 0.697403
 12 22.523008 2.194031 6.355708 0.000000 -0.786865 0.000000
 13 22.523005 2.194038 -6.355709 0.000000 0.664966 0.000000
 14 -3.006533 7.804720 -11.355459 0.587763 0.150167 1.622591
 15 10.384675 0.000008 0.000005 -0.016039 0.187627 -1.930184
 16 22.550743 -0.000006 -0.000004 0.127888 0.012474 2.073174
 17 30.814247 -0.000015 -0.000004 2.303833 0.262919 0.302250
 18 -3.013796 7.815494 11.355459 -0.136384 -0.300581 1.540451
 19 10.374533 -0.000002 0.000007 -0.010612 -0.193130 -1.786337
 20 22.550726 -0.000027 -0.000013 -0.119269 0.031154 2.192778
 21 30.814270 -0.000023 0.000002 -2.641032 0.008639 0.229036
 22 -4.250660 -0.770624 0.000001 0.011721 -0.096398 -2.704341
 23 10.363422 0.000000 0.000000 -0.007682 -0.019207 0.037945
 24 10.363076 0.000000 -0.000000 -0.027660 -0.004653 -0.064266
 25 10.363081 -0.000004 -0.000002 0.020921 0.021584 -0.282642
 26 9.253358 -0.000006 -3.973408 0.000000 0.000000 -0.373331
 27 8.210346 -0.000002 7.704017 0.000000 0.000000 -0.385988
 28 1.854841 1.227791 -13.762345 2.775575 0.279047 2.598377
 29 10.456543 -0.000004 0.000004 0.068206 0.087192 -1.182977
 30 24.248093 0.000001 0.000007 0.025535 0.030493 0.891096
 31 26.336971 0.000019 0.000002 0.305437 0.139703 0.817727
 32 1.854847 1.227798 13.762341 -2.808094 -0.193231 2.546068
 33 10.456542 -0.000008 0.000004 -0.056757 -0.091022 -1.310028
 34 24.248116 0.000002 -0.000004 -0.028476 -0.032611 0.987510
 35 26.336975 0.000000 0.000004 -0.231485 -0.095325 0.783290
time 64
  0 0.000000 0.000000 0.000000 0.000000 -0.000000 -1.570796
  1 0.000000 0.000000 0.000000 0.000000 -0.000000 0.000000
  2 -2.363353 -5.158685 23.476772 -1.571180 -0.478520 1.571180
  3 4.222169 -0.467508 0.000000 0.000209 0.000333 -0.028308
  4 4.476987 -0.000002 -0.000000 0.014021 -0.013460 0.135639
  5 4.477083 0.000000 0.000002 -0.006242 0.025800 -0.077109
  6 4.477077 -0.000004 -0.000002 -0.006561 -0.016101 -0.114572
  7 5.413502 -7.700466 -0.000000 0.003695 0.033795 -0.258570
  8 6.890240 0.000002 -0.000000 0.008006 0.014887 0.053338
  9 8.011925 0.000004 0.000005 -0.010766 -0.023468 0.260344
 10 7.210720 -0.000002 -0.000000 0.000000 0.000000 0.361443
 11 8.581028 -0.304903 -0.000000 -0.028448 -0.000618 0.691445
 12 22.523008 2.194031 6.355708 0.000000 -0.673242 0.000000
 13 22.523005 2.194038 -6.355709 0.000000 0.567080 0.000000
 14 -3.006533 7.804720 -11.355459 0.613156 0.159318 1.651983
 15 10.384675 0.000008 0.000005 -0.025377 0.185675 -1.981335
 16 22.550743 -0.000006 -0.000004 0.129199 0.012158 2.132314
 17 30.814247 -0.000015 -0.000004 2.278019 0.269345 0.295733
 18 -3.013796 7.815494 11.355459 -0.152116 -0.309063 1.575734
 19 10.374533 -0.000002 0.000007 0.001454 -0.194758 -1.854006
 20 22.550726 -0.000027 -0.000013 -0.118697 0.029682 2.253698
 21 30.814270 -0.000023 0.000002 -2.623632 0.009178 0.221867
 22 -4.250660 -0.770624 0.000001 0.012835 -0.104550 -2.718527
 23 10.363422 0.000000 0.000000 -0.008150 -0.019051 0.066597
 24 10.363076 0.000000 -0.000000 -0.027481 -0.002784 0.043748
 25 10.363081 -0.000004 -0.000002 0.020059 0.022662 -0.327316
 26 9.253358 -0.000006 -3.973408 0.000000 0.000000 -0.476464
 27 8.210346 -0.000002 7.704017 0.000000 0.000000 -0.487580
 28 1.854841 1.227791 -13.762345 2.775267 0.276802 2.593694
 29 10.456543 -0.000004 0.000004 0.070635 0.086284 -1.155362
 30 24.248093 0.000001 0.000007 0.024868 0.029807 0.865462
 31 26.336971 0.000019 0.000002 0.309787 0.123673 0.848323
 32 1.854847 1.227798 13.762341 -2.807284 -0.191453 2.541588
 33 10.456542 -0.000008 0.000004 -0.059572 -0.090382 -1.279288
 34 24.248116 0.000002 -0.000004 -0.027725 -0.032119 0.964104
 35 26.336975 0.000000 0.000004 -0.235216 -0.082109 0.813074
time 65
  0 0.000000 0.000000 0.000000 0.000000 -0.000000 -1.570796
  1 0.000000 0.000000 0.000000 0.000000 -0.000000 0.000000
  2 -2.363353 -4.928209 23.273640 -1.571372 -0.435199 1.571372
  3 4.222169 -0.467508 0.000000 0.000880 0.000426 -0.029857
  4 4.476987 -0.000002 -0.000000 0.013170 -0.013803 0.112309
  5 4.477083 0.000000 0.000002 -0.006638 0.025752 -0.085158
  6 4.477077 -0.000004 -0.000002 -0.005710 -0.015744 -0.118605
  7 5.413502 -7.700466 -0.000000 0.004267 0.029667 -0.257014
  8 6.890240 0.000002 -0.000000 0.006927 0.015318 -0.017151
  9 8.011925 0.000004 0.000005 -0.010202 -0.023740 0.236153
 10 7.210720 -0.000002 -0.000000 0.000000 0.000000 0.324435
 11 8.581028 -0.304903 -0.000000 -0.023327 -0.000396 0.687309
 12 22.523008 2.194031 6.355708 0.000000 -0.552960 0.000000
 13 22.523005 2.194038 -6.355709 0.000000 0.465564 0.000000
 14 -3.006533 7.804720 -11.355459 0.617226 0.169422 1.644224
 15 10.384675 0.000008 0.000005 -0.031315 0.184147 -2.013104
 16 22.550743 -0.000006 -0.000004 0.129903 0.011986 2.164700
 17 30.814247 -0.000015 -0.000004 2.265177 0.272355 0.296950
 18 -3.013796 7.815494 11.355459 -0.153083 -0.316686 1.566272
 19 10.374533 -0.000002 0.000007 0.007723 -0.195256 -1.889434
 20 22.550726 -0.000027 -0.000013 -0.118738 0.028897 2.289060
 21 30.814270 -0.000023 0.000002 -2.613880 0.010010 0.223959
 22 -4.250660 -0.770624 0.000001 0.013710 -0.114147 -2.731995
 23 10.363422 0.000000 0.000000 -0.008605 -0.018824 0.094523
 24 10.363076 0.000000 -0.000000 -0.027205 -0.000267 0.156201
 25 10.363081 -0.000004 -0.000002 0.021352 0.020613 -0.239606
 26 9.253358 -0.000006 -3.973408 0.000000 0.000000 -0.312762
 27 8.210346 -0.000002 7.704017 0.000000 0.000000 -0.322917
 28 1.854841 1.227791 -13.762345 2.767352 0.271251 2.566021
 29 10.456543 -0.000004 0.000004 0.071735 0.085893 -1.143292
 30 24.248093 0.000001 0.000007 0.024794 0.029645 0.862324
 31 26.336971 0.000019 0.000002 0.315399 0.109298 0.860362
 32 1.854847 1.227798 13.762341 -2.800362 -0.186227 2.514102
 33 10.456542 -0.000008 0.000004 -0.059742 -0.090354 -1.276647
 34 24.248116 0.000002 -0.000004 -0.027595 -0.032119 0.962276
 35 26.336975 0.000000 0.000004 -0.238861 -0.069298 0.836190
time 66
  0 0.000000 0.000000 0.000000 0.000000 -0.000000 -1.570796
  1 0.000000 0.000000 0.000000 0.000000 -0.000000 0.000000
  2 -2.363353 -5.525884 23.914286 -1.571468 -0.391759 1.571468
  3 4.222169 -0.467508 0.000000 0.000580 0.000370 -0.024306
  4 4.476987 -0.000002 -0.000000 0.013421 -0.013674 0.124696
  5 4.477083 0.000000 0.000002 -0.006254 0.026059 -0.080830
  6 4.477077 -0.000004 -0.000002 -0.005111 -0.015481 -0.123199
  7 5.413502 -7.700466 -0.000000 0.004812 0.026013 -0.255551
  8 6.890240 0.000002 -0.000000 0.005884 0.015697 -0.086104
  9 8.011925 0.000004 0.000005 -0.009613 -0.023947 0.211987
 10 7.210720 -0.000002 -0.000000 0.000000 0.000000 0.287133
 11 8.581028 -0.304903 -0.000000 -0.018068 -0.000004 0.683033
 12 22.523008 2.194031 6.355708 0.000000 -0.429316 0.000000
 13 22.523005 2.194038 -6.355709 0.000000 0.361356 0.000000
 14 -3.006533 7.804720 -11.355459 0.579787 0.168786 1.580769
 15 10.384675 0.000008 0.000005 -0.028066 0.185038 -1.995665
 16 22.550743 -0.000006 -0.000004 0.129327 0.012015 2.154711
 17 30.814247 -0.000015 -0.000004 2.301038 0.262135 0.311741
 18 -3.013796 7.815494 11.355459 -0.124063 -0.312613 1.484819
 19 10.374533 -0.000002 0.000007 0.002263 -0.194691 -1.860500
 20 22.550726 -0.000027 -0.000013 -0.118656 0.029015 2.284283
 21 30.814270 -0.000023 0.000002 -2.636226 0.013044 0.239662
 22 -4.250660 -0.770624 0.000001 0.014417 -0.124498 -2.744337
 23 10.363422 0.000000 0.000000 -0.009108 -0.018548 0.122206
 24 10.363076 0.000000 -0.000000 -0.026786 0.002765 0.272268
 25 10.363081 -0.000004 -0.000002 0.024467 0.016947 -0.093530
 26 9.253358 -0.000006 -3.973408 0.000000 0.000000 -0.008866
 27 8.210346 -0.000002 7.704017 0.000000 0.000000 -0.016819
 28 1.854841 1.227791 -13.762345 2.746508 0.258940 2.498328
 29 10.456543 -0.000004 0.000004 0.069324 0.086925 -1.170516
 30 24.248093 0.000001 0.000007 0.025461 0.030130 0.886596
 31 26.336971 0.000019 0.000002 0.325318 0.098288 0.835621
 32 1.854847 1.227798 13.762341 -2.783481 -0.174050 2.446982
 33 10.456542 -0.000008 0.000004 -0.056859 -0.091077 -1.307348
 34 24.248116 0.000002 -0.000004 -0.028256 -0.032683 0.985479
 35 26.336975 0.000000 0.000004 -0.248424 -0.058843 0.804484
time 67
  0 0.000000 0.000000 0.000000 0.000000 -0.000000 -1.570796
  1 0.000000 0.000000 0.000000 0.000000 -0.000000 0.000000
  2 -2.363353 -6.982959 25.457302 -1.571564 -0.349915 1.571564
  3 4.222169 -0.467508 0.000000 -0.000127 0.000259 -0.015259
  4 4.476987 -0.000002 -0.000000 0.013817 -0.013610 0.139945
  5 4.477083 0.000000 0.000002 -0.005823 0.026382 -0.076487
  6 4.477077 -0.000004 -0.000002 -0.004763 -0.015331 -0.128183
  7 5.413502 -7.700466 -0.000000 0.005303 0.022819 -0.254182
  8 6.890240 0.000002 -0.000000 0.004830 0.016063 -0.153451
  9 8.011925 0.000004 0.000005 -0.008958 -0.024123 0.187666
 10 7.210720 -0.000002 -0.000000 0.000000 0.000000 0.249535
 11 8.581028 -0.304903 -0.000000 -0.012901 0.000321 0.678756
 12 22.523008 2.194031 6.355708 0.000000 -0.302922 0.000000
 13 22.523005 2.194038 -6.355709 0.000000 0.255121 0.000000
 14 -3.006533 7.804720 -11.355459 0.539037 0.164476 1.513470
 15 10.384675 0.000008 0.000005 -0.016487 0.187754 -1.932905
 16 22.550743 -0.000006 -0.000004 0.128048 0.012445 2.082193
 17 30.814247 -0.000015 -0.000004 2.341266 0.251383 0.330148
 18 -3.013796 7.815494 11.355459 -0.094991 -0.305401 1.402795
 19 10.374533 -0.000002 0.000007 -0.010477 -0.192930 -1.791381
 20 22.550726 -0.000027 -0.000013 -0.119044 0.030840 2.207605
 21 30.814270 -0.000023 0.000002 -2.660958 0.015882 0.257736
 22 -4.250660 -0.770624 0.000001 0.014993 -0.134945 -2.755245
 23 10.363422 0.000000 0.000000 -0.009372 -0.017362 0.140163
 24 10.363076 0.000000 -0.000000 -0.027001 0.010591 0.337334
 25 10.363081 -0.000004 -0.000002 0.025168 0.016423 0.012463
 26 9.253358 -0.000006 -3.973408 0.000000 0.000000 0.167438
 27 8.210346 -0.000002 7.704017 0.000000 0.000000 0.159814
 28 1.854841 1.227791 -13.762345 2.713968 0.239350 2.394264
 29 10.456543 -0.000004 0.000004 0.064066 0.088757 -1.227829
 30 24.248093 0.000001 0.000007 0.026573 0.030977 0.926972
 31 26.336971 0.000019 0.000002 0.338369 0.089695 0.788734
 32 1.854847 1.227798 13.762341 -2.756605 -0.155991 2.344104
 33 10.456542 -0.000008 0.000004 -0.052009 -0.092051 -1.358741
 34 24.248116 0.000002 -0.000004 -0.029409 -0.033534 1.023305
 35 26.336975 0.000000 0.000004 -0.260474 -0.050405 0.756614
time 68
  0 0.000000 0.000000 0.000000 0.000000 -0.000000 -1.570796
  1 0.000000 0.000000 0.000000 0.000000 -0.000000 0.000000
  2 -2.363353 -8.900987 27.488613 -1.571564 -0.312419 1.571564
  3 4.222169 -0.467508 0.000000 -0.000774 0.000148 -0.006289
  4 4.476987 -0.000002 -0.000000 0.014212 -0.013653 0.153530
  5 4.477083 0.000000 0.000002 -0.005439 0.026576 -0.073108
  6 4.477077 -0.000004 -0.000002 -0.004643 -0.015331 -0.133260
  7 5.413502 -7.700466 -0.000000 0.005755 0.020101 -0.252876
  8 6.890240 0.000002 -0.000000 0.003739 0.016494 -0.215446
  9 8.011925 0.000004 0.000005 -0.008277 -0.024267 0.163422
 10 7.210720 -0.000002 -0.000000 0.000000 0.000000 0.212205
 11 8.581028 -0.304903 -0.000000 -0.008079 0.000287 0.674445
 12 22.523008 2.194031 6.355708 0.000000 -0.179981 0.000000
 13 22.523005 2.194038 -6.355709 0.000000 0.159019 0.000000
 14 -3.006533 7.804720 -11.355459 0.500784 0.158223 1.450084
 15 10.384675 0.000008 0.000005 -0.003862 0.189897 -1.864925
 16 22.550743 -0.000006 -0.000004 0.126288 0.012991 1.990849
 17 30.814247 -0.000015 -0.000004 2.379966 0.241759 0.350955
 18 -3.013796 7.815494 11.355459 -0.069586 -0.297105 1.329265
 19 10.374533 -0.000002 0.000007 -0.024296 -0.190073 -1.715478
 20 22.550726 -0.000027 -0.000013 -0.120066 0.032803 2.113929
 21 30.814270 -0.000023 0.000002 -2.684041 0.018182 0.276730
 22 -4.250660 -0.770624 0.000001 0.015460 -0.144669 -2.764233
 23 10.363422 0.000000 0.000000 -0.007167 -0.003867 0.044459
 24 10.363076 0.000000 -0.000000 -0.026414 0.031444 0.235566
 25 10.363081 -0.000004 -0.000002 0.008264 0.048283 0.019551
 26 9.253358 -0.000006 -3.973408 0.000000 0.000000 0.179667
 27 8.210346 -0.000002 7.704017 0.000000 0.000000 0.172225
 28 1.854841 1.227791 -13.762345 2.678482 0.215443 2.278948
 29 10.456543 -0.000004 0.000004 0.058440 0.090341 -1.287574
 30 24.248093 0.000001 0.000007 0.027796 0.031885 0.970011
 31 26.336971 0.000019 0.000002 0.352029 0.082205 0.738754
 32 1.854847 1.227798 13.762341 -2.726489 -0.134950 2.230111
 33 10.456542 -0.000008 0.000004 -0.046617 -0.092831 -1.415571
 34 24.248116 0.000002 -0.000004 -0.030717 -0.034349 1.063517
 35 26.336975 0.000000 0.000004 -0.272910 -0.042898 0.708236
time 69
  0 0.000000 0.000000 0.000000 0.000000 -0.000000 -1.570796
  1 0.000000 0.000000 0.000000 0.000000 -0.000000 0.000000
  2 -2.363353 -10.819014 29.519924 -1.571468 -0.281385 1.571468
  3 4.222169 -0.467508 0.000000 -0.001314 0.000129 0.002160
  4 4.476987 -0.000002 -0.000000 0.014596 -0.013781 0.165406
  5 4.477083 0.000000 0.000002 -0.005080 0.026576 -0.070529
  6 4.477077 -0.000004 -0.000002 -0.004715 -0.015519 -0.138243
  7 5.413502 -7.700466 -0.000000 0.006167 0.017875 -0.251662
  8 6.890240 0.000002 -0.000000 0.002756 0.016926 -0.272531
  9 8.011925 0.000004 0.000005 -0.007531 -0.024411 0.138919
 10 7.210720 -0.000002 -0.000000 0.000000 0.000000 0.174688
 11 8.581028 -0.304903 -0.000000 -0.003831 -0.000328 0.670029
 12 22.523008 2.194031 6.355708 0.000000 -0.099660 0.000000
 13 22.523005 2.194038 -6.355709 0.000000 0.079948 0.000000
 14 -3.006533 7.804720 -11.355459 0.465299 0.150556 1.390682
 15 10.384675 0.000008 0.000005 0.008949 0.191191 -1.796167
 16 22.550743 -0.000006 -0.000004 0.124289 0.013450 1.899202
 17 30.814247 -0.000015 -0.000004 2.417705 0.232982 0.374483
 18 -3.013796 7.815494 11.355459 -0.047337 -0.288212 1.263259
 19 10.374533 -0.000002 0.000007 -0.038385 -0.186020 -1.636270
 20 22.550726 -0.000027 -0.000013 -0.121516 0.034727 2.013304
 21 30.814270 -0.000023 0.000002 -2.705825 0.019968 0.296756
 22 -4.250660 -0.770624 0.000001 0.015820 -0.153030 -2.770967
 23 10.363422 0.000000 0.000000 -0.000527 0.023710 -0.161936
 24 10.363076 0.000000 -0.000000 -0.023933 0.058038 0.010453
 25 10.363081 -0.000004 -0.000002 -0.009342 0.081899 0.018880
 26 9.253358 -0.000006 -3.973408 0.000000 0.000000 0.180890
 27 8.210346 -0.000002 7.704017 0.000000 0.000000 0.173615
 28 1.854841 1.227791 -13.762345 2.646952 0.191017 2.173243
 29 10.456543 -0.000004 0.000004 0.053846 0.091391 -1.336117
 30 24.248093 0.000001 0.000007 0.028909 0.032612 1.002631
 31 26.336971 0.000019 0.000002 0.366429 0.075714 0.686897
 32 1.854847 1.227798 13.762341 -2.699681 -0.113252 2.124820
 33 10.456542 -0.000008 0.000004 -0.042005 -0.093192 -1.463534
 34 24.248116 0.000002 -0.000004 -0.031793 -0.034912 1.094285
 35 26.336975 0.000000 0.000004 -0.285432 -0.036353 0.659914
time 70
  0 0.000000 0.000000 0.000000 0.000000 -0.000000 -1.570796
  1 0.000000 0.000000 0.000000 0.000000 -0.000000 0.000000
  2 -2.363353 -12.295622 31.086380 -1.571468 -0.259086 1.571468
  3 4.222169 -0.467508 0.000000 -0.001769 0.000185 0.009781
  4 4.476987 -0.000002 -0.000000 0.014943 -0.013952 0.175261
  5 4.477083 0.000000 0.000002 -0.004756 0.026285 -0.068661
  6 4.477077 -0.000004 -0.000002 -0.004955 -0.015932 -0.142930
  7 5.413502 -7.700466 -0.000000 0.006526 0.016108 -0.250573
  8 6.890240 0.000002 -0.000000 0.002085 0.017239 -0.324868
  9 8.011925 0.000004 0.000005 -0.007072 -0.024091 0.123527
 10 7.210720 -0.000002 -0.000000 0.000000 0.000124 0.152993
 11 8.581028 -0.304903 -0.000000 -0.000340 -0.001779 0.665508
 12 22.523008 2.194031 6.355708 0.000000 -0.025022 0.000000
 13 22.523005 2.194038 -6.355709 0.000000 0.020872 0.000000
 14 -3.006533 7.804720 -11.355459 0.439145 0.144514 1.345495
 15 10.384675 0.000008 0.000005 0.021910 0.191594 -1.726854
 16 22.550743 -0.000006 -0.000004 0.122466 0.013880 1.810582
 17 30.814247 -0.000015 -0.000004 2.452823 0.225239 0.399515
 18 -3.013796 7.815494 11.355459 -0.029212 -0.279468 1.207113
 19 10.374533 -0.000002 0.000007 -0.051800 -0.180904 -1.559092
 20 22.550726 -0.000027 -0.000013 -0.123232 0.036494 1.913735
 21 30.814270 -0.000023 0.000002 -2.726383 0.021240 0.317953
 22 -4.250660 -0.770624 0.000001 0.016035 -0.159305 -2.775064
 23 10.363422 0.000000 0.000000 0.000791 0.052329 -0.369343
 24 10.363076 0.000000 -0.000000 -0.027133 0.083985 -0.215176
 25 10.363081 -0.000004 -0.000002 -0.023414 0.108089 0.016571
 26 9.253358 -0.000006 -3.973408 0.000000 0.000000 0.182827
 27 8.210346 -0.000002 7.704017 0.000000 0.000000 0.175683
 28 1.854841 1.227791 -13.762345 2.624438 0.172316 2.096791
 29 10.456543 -0.000004 0.000004 0.051627 0.091907 -1.360301
 30 24.248093 0.000001 0.000007 0.029576 0.033035 1.020628
 31 26.336971 0.000019 0.000002 0.380872 0.070564 0.635868
 32 1.854847 1.227798 13.762341 -2.681516 -0.095193 2.047318
 33 10.456542 -0.000008 0.000004 -0.039665 -0.093248 -1.487614
 34 24.248116 0.000002 -0.000004 -0.032466 -0.035199 1.112564
 35 26.336975 0.000000 0.000004 -0.298125 -0.030831 0.611084
time 71
  0 0.000000 0.000000 0.000000 0.000000 -0.000000 -1.570796
  1 0.000000 0.000000 0.000000 0.000000 -0.000000 0.000000
  2 -2.371166 -12.928453 31.750462 -1.571276 -0.246840 1.571276
  3 4.222169 -0.467508 0.000000 -0.002164 0.000407 0.016297
  4 4.476987 -0.000002 -0.000000 0.015231 -0.014145 0.182853
  5 4.477083 0.000000 0.000002 -0.004481 0.025607 -0.067416
  6 4.477077 -0.000004 -0.000002 -0.005326 -0.016609 -0.147104
  7 5.413502 -7.700466 -0.000000 0.006858 0.014816 -0.249546
  8 6.890240 0.000002 -0.000000 0.001977 0.019592 -0.330802
  9 8.011925 0.000004 0.000005 -0.006967 -0.023244 0.118336
 10 7.210720 -0.000002 -0.000000 0.000027 0.000494 0.148353
 11 8.581028 -0.304903 -0.000000 0.002094 -0.004340 0.660811
 12 22.523008 2.194031 6.355708 0.000000 -0.018148 0.000000
 13 22.523005 2.194038 -6.355709 0.000000 0.015427 0.000000
 14 -3.006533 7.804720 -11.355459 0.427154 0.142147 1.323725
 15 10.384675 0.000008 0.000005 0.028110 0.191446 -1.693641
 16 22.550743 -0.000006 -0.000004 0.122242 0.013880 1.777168
 17 30.814247 -0.000015 -0.000004 2.457759 0.223483 0.401915
 18 -3.013796 7.815494 11.355459 -0.033234 -0.273826 1.195827
 19 10.374533 -0.000002 0.000007 -0.053957 -0.180206 -1.546335
 20 22.550726 -0.000027 -0.000013 -0.123783 0.037004 1.893325
 21 30.814270 -0.000023 0.000002 -2.744730 0.021411 0.339150
 22 -4.250660 -0.770624 0.000001 0.016131 -0.163140 -2.776166
 23 10.363422 0.000000 0.000000 0.002637 0.065596 -0.467270
 24 10.363076 0.000000 -0.000000 -0.026845 0.094723 -0.322158
 25 10.363081 -0.000004 -0.000002 -0.030924 0.119767 0.010745
 26 9.253358 -0.000006 -3.973408 0.000000 0.000000 0.184831
 27 8.210346 -0.000002 7.704017 0.000000 0.000000 0.177718
 28 1.854841 1.227791 -13.762345 2.614720 0.166839 2.069240
 29 10.456543 -0.000004 0.000004 0.051121 0.092085 -1.366945
 30 24.248093 0.000001 0.000007 0.029909 0.033237 1.029034
 31 26.336971 0.000019 0.000002 0.381873 0.070196 0.630124
 32 1.854847 1.227798 13.762341 -2.676350 -0.086328 2.016988
 33 10.456542 -0.000008 0.000004 -0.038851 -0.093220 -1.495457
 34 24.248116 0.000002 -0.000004 -0.032829 -0.035319 1.122870
 35 26.336975 0.000000 0.000004 -0.304815 -0.029094 0.587573
time 72
  0 0.000000 0.000000 0.000000 0.000000 -0.000000 -1.570796
  1 0.000000 0.000000 0.000000 0.000000 -0.000000 0.000000
  2 -2.500076 -12.987049 31.777805 -1.571084 -0.242532 1.571084
  3 4.222169 -0.467508 0.000000 -0.002488 0.000797 0.021419
  4 4.476987 -0.000002 -0.000000 0.015471 -0.014359 0.188402
  5 4.477083 0.000000 0.000002 -0.004253 0.024444 -0.066719
  6 4.477077 -0.000004 -0.000002 -0.005818 -0.017548 -0.150546
  7 5.413502 -7.700466 -0.000000 0.007138 0.014018 -0.248613
  8 6.890240 0.000002 -0.000000 0.001906 0.022049 -0.334549
  9 8.011925 0.000004 0.000005 -0.007007 -0.022238 0.116389
 10 7.210720 -0.000002 -0.000000 0.000055 0.001042 0.148165
 11 8.581028 -0.304903 -0.000000 0.003357 -0.008267 0.655869
 12 22.523008 2.194031 6.355708 0.000000 -0.014512 0.000000
 13 22.523005 2.194038 -6.355709 0.000000 0.012402 0.000000
 14 -3.006533 7.804720 -11.355459 0.423085 0.141723 1.315759
 15 10.384675 0.000008 0.000005 0.029007 0.191403 -1.689143
 16 22.550743 -0.000006 -0.000004 0.122002 0.013938 1.772568
 17 30.814247 -0.000015 -0.000004 2.461297 0.222010 0.403276
 18 -3.013796 7.815494 11.355459 -0.042297 -0.267884 1.186650
 19 10.374533 -0.000002 0.000007 -0.055710 -0.179808 -1.536594
 20 22.550726 -0.000027 -0.000013 -0.123804 0.037868 1.884888
 21 30.814270 -0.000023 0.000002 -2.738064 0.006853 0.336529
 22 -4.250660 -0.770624 0.000001 0.016191 -0.165467 -2.773810
 23 10.363422 0.000000 0.000000 0.003404 0.065800 -0.473124
 24 10.363076 0.000000 -0.000000 -0.027229 0.094519 -0.335683
 25 10.363081 -0.000004 -0.000002 -0.034335 0.122370 0.002906
 26 9.253358 -0.000006 -3.973408 0.000000 0.000000 0.186869
 27 8.210346 -0.000002 7.704017 0.000000 0.000000 0.179753
 28 1.854841 1.227791 -13.762345 2.612609 0.168664 2.069057
 29 10.456543 -0.000004 0.000004 0.050981 0.092138 -1.369420
 30 24.248093 0.000001 0.000007 0.029984 0.033298 1.031343
 31 26.336971 0.000019 0.000002 0.382308 0.069959 0.626535
 32 1.854847 1.227798 13.762341 -2.677633 -0.083947 2.014145
 33 10.456542 -0.000008 0.000004 -0.038308 -0.093192 -1.500699
 34 24.248116 0.000002 -0.000004 -0.032971 -0.035355 1.127491
 35 26.336975 0.000000 0.000004 -0.306530 -0.029125 0.584069
time 73
  0 0.000000 0.000000 0.000000 0.000000 -0.000000 -1.570796
  1 0.000000 0.000000 0.000000 0.000000 -0.000000 0.000000
  2 -2.543046 -13.018299 31.758274 -1.570988 -0.243130 1.570988
  3 4.222169 -0.467508 0.000000 -0.002752 0.001390 0.024854
  4 4.476987 -0.000002 -0.000000 0.015651 -0.014595 0.192375
  5 4.477083 0.000000 0.000002 -0.004073 0.022683 -0.066482
  6 4.477077 -0.000004 -0.000002 -0.006405 -0.018826 -0.153037
  7 5.413502 -7.700466 -0.000000 0.007364 0.013678 -0.247773
  8 6.890240 0.000002 -0.000000 0.001858 0.024493 -0.338412
  9 8.011925 0.000004 0.000005 -0.007098 -0.021104 0.116000
 10 7.210720 -0.000002 -0.000000 0.000110 0.001713 0.149667
 11 8.581028 -0.304903 -0.000000 0.003265 -0.013713 0.650716
 12 22.523008 2.194031 6.355708 0.000000 -0.010785 0.000000
 13 22.523005 2.194038 -6.355709 0.000000 0.009317 0.000000
 14 -3.006533 7.804720 -11.355459 0.421240 0.141794 1.311502
 15 10.384675 0.000008 0.000005 0.029455 0.191382 -1.686754
 16 22.550743 -0.000006 -0.000004 0.121859 0.013966 1.770086
 17 30.814247 -0.000015 -0.000004 2.464922 0.220568 0.404672
 18 -3.013796 7.815494 11.355459 -0.059098 -0.261083 1.177587
 19 10.374533 -0.000002 0.000007 -0.057395 -0.179376 -1.526736
 20 22.550726 -0.000027 -0.000013 -0.123845 0.038791 1.878436
 21 30.814270 -0.000023 0.000002 -2.723716 -0.015094 0.333795
 22 -4.250660 -0.770624 0.000001 0.016311 -0.167553 -2.767587
 23 10.363422 0.000000 0.000000 0.004039 0.065584 -0.475809
 24 10.363076 0.000000 -0.000000 -0.027624 0.093968 -0.346058
 25 10.363081 -0.000004 -0.000002 -0.037327 0.124049 -0.005175
 26 9.253358 -0.000006 -3.973408 0.000000 0.000000 0.188907
 27 8.210346 -0.000002 7.704017 0.000000 0.000000 0.181719
 28 1.854841 1.227791 -13.762345 2.611774 0.169133 2.068388
 29 10.456543 -0.000004 0.000004 0.050911 0.092121 -1.370592
 30 24.248093 0.000001 0.000007 0.029947 0.033277 1.030751
 31 26.336971 0.000019 0.000002 0.382830 0.069644 0.622945
 32 1.854847 1.227798 13.762341 -2.677937 -0.083126 2.012766
 33 10.456542 -0.000008 0.000004 -0.038003 -0.093165 -1.504128
 34 24.248116 0.000002 -0.000004 -0.032984 -0.035331 1.128303
 35 26.336975 0.000000 0.000004 -0.307902 -0.029311 0.581808
time 74
  0 0.000000 0.000000 0.000000 0.000000 -0.000000 -1.570796
  1 0.000000 0.000000 0.000000 0.000000 -0.000000 0.000000
  2 -2.496170 -13.045645 31.727024 -1.570892 -0.245723 1.570892
  3 4.222169 -0.467508 0.000000 -0.002991 0.002243 0.026310
  4 4.476987 -0.000002 -0.000000 0.015770 -0.014831 0.195106
  5 4.477083 0.000000 0.000002 -0.003953 0.020260 -0.066630
  6 4.477077 -0.000004 -0.000002 -0.007064 -0.020461 -0.154377
  7 5.413502 -7.700466 -0.000000 0.007563 0.013831 -0.247026
  8 6.890240 0.000002 -0.000000 0.001858 0.026963 -0.342275
  9 8.011925 0.000004 0.000005 -0.007203 -0.019842 0.116960
 10 7.210720 -0.000002 -0.000000 0.000165 0.002472 0.152724
 11 8.581028 -0.304903 -0.000000 0.002117 -0.020456 0.645319
 12 22.523008 2.194031 6.355708 0.000000 -0.007088 0.000000
 13 22.523005 2.194038 -6.355709 0.000000 0.006201 0.000000
 14 -3.006533 7.804720 -11.355459 0.420914 0.142253 1.309853
 15 10.384675 0.000008 0.000005 0.029717 0.191361 -1.685588
 16 22.550743 -0.000006 -0.000004 0.121779 0.013995 1.768875
 17 30.814247 -0.000015 -0.000004 2.468504 0.219063 0.406069
 18 -3.013796 7.815494 11.355459 -0.086234 -0.253274 1.168809
 19 10.374533 -0.000002 0.000007 -0.059147 -0.178944 -1.516879
 20 22.550726 -0.000027 -0.000013 -0.123885 0.039753 1.873597
 21 30.814270 -0.000023 0.000002 -2.701826 -0.045433 0.331564
 22 -4.250660 -0.770624 0.000001 0.016611 -0.170651 -2.757012
 23 10.363422 0.000000 0.000000 0.004626 0.065428 -0.478559
 24 10.363076 0.000000 -0.000000 -0.027936 0.093429 -0.356485
 25 10.363081 -0.000004 -0.000002 -0.040060 0.125097 -0.013498
 26 9.253358 -0.000006 -3.973408 0.000000 0.000000 0.190979
 27 8.210346 -0.000002 7.704017 0.000000 0.000000 0.183686
 28 1.854841 1.227791 -13.762345 2.611862 0.168023 2.066563
 29 10.456543 -0.000004 0.000004 0.050736 0.092103 -1.372850
 30 24.248093 0.000001 0.000007 0.029947 0.033257 1.030514
 31 26.336971 0.000019 0.000002 0.383395 0.069250 0.619355
 32 1.854847 1.227798 13.762341 -2.677059 -0.083646 2.012120
 33 10.456542 -0.000008 0.000004 -0.037833 -0.093165 -1.505980
 34 24.248116 0.000002 -0.000004 -0.032945 -0.035319 1.127440
 35 26.336975 0.000000 0.000004 -0.309103 -0.029621 0.580169
time 75
  0 0.000000 0.000000 0.000000 0.000000 -0.000000 -1.570796
  1 0.000000 0.000000 0.000000 0.000000 -0.000000 0.000000
  2 -2.367260 -13.072989 31.680147 -1.570797 -0.247239 1.570797
  3 4.222169 -0.467508 0.000000 -0.003195 0.003411 0.025452
  4 4.476987 -0.000002 -0.000000 0.015818 -0.015130 0.197037
  5 4.477083 0.000000 0.000002 -0.003893 0.017029 -0.067090
  6 4.477077 -0.000004 -0.000002 -0.007771 -0.022491 -0.154345
  7 5.413502 -7.700466 -0.000000 0.007709 0.014476 -0.246372
  8 6.890240 0.000002 -0.000000 0.001918 0.029473 -0.346185
  9 8.011925 0.000004 0.000005 -0.007269 -0.018404 0.119192
 10 7.210720 -0.000002 -0.000000 0.000247 0.003301 0.157310
 11 8.581028 -0.304903 -0.000000 0.000303 -0.028258 0.639606
 12 22.523008 2.194031 6.355708 0.000000 -0.003452 0.000000
 13 22.523005 2.194038 -6.355709 0.000000 0.003055 0.000000
 14 -3.006533 7.804720 -11.355459 0.421457 0.142960 1.309853
 15 10.384675 0.000008 0.000005 0.029754 0.191382 -1.685532
 16 22.550743 -0.000006 -0.000004 0.121747 0.013966 1.768815
 17 30.814247 -0.000015 -0.000004 2.472129 0.217590 0.407430
 18 -3.013796 7.815494 11.355459 -0.121415 -0.244791 1.159746
 19 10.374533 -0.000002 0.000007 -0.060900 -0.178479 -1.506731
 20 22.550726 -0.000027 -0.000013 -0.123865 0.040793 1.870371
 21 30.814270 -0.000023 0.000002 -2.675726 -0.080348 0.328998
 22 -4.250660 -0.770624 0.000001 0.017150 -0.176091 -2.741418
 23 10.363422 0.000000 0.000000 0.005225 0.065392 -0.481376
 24 10.363076 0.000000 -0.000000 -0.028140 0.092913 -0.366938
 25 10.363081 -0.000004 -0.000002 -0.042584 0.125467 -0.022250
 26 9.253358 -0.000006 -3.973408 0.000000 0.000000 0.193052
 27 8.210346 -0.000002 7.704017 0.000000 0.000000 0.185619
 28 1.854841 1.227791 -13.762345 2.612917 0.165408 2.063705
 29 10.456543 -0.000004 0.000004 0.050195 0.092138 -1.378668
 30 24.248093 0.000001 0.000007 0.030058 0.033298 1.034126
 31 26.336971 0.000019 0.000002 0.383961 0.068751 0.615766
 32 1.854847 1.227798 13.762341 -2.675033 -0.085452 2.012206
 33 10.456542 -0.000008 0.000004 -0.037766 -0.093165 -1.506532
 34 24.248116 0.000002 -0.000004 -0.032958 -0.035355 1.126831
 35 26.336975 0.000000 0.000004 -0.310132 -0.030117 0.579039
end
