version 1
nodes
  0 "Chaurus" -1
  1 "NPC Root [Root]" 0
  2 "Pelvis [Pelv]" 1
  3 "Spine[Spn0]" 2
  4 "Spine[Spn1]" 3
  5 "Spine[Spn2]" 4
  6 "Ribcage[Spn3]" 5
  7 "[Neck0]" 6
  8 "[Neck1]" 7
  9 "[Neck2]" 8
 10 "[Neck3]" 9
 11 "NPC Head [Head]" 10
 12 "Head[LeftPincher]" 11
 13 "Head[RightPincher]" 11
 14 "R UpperArm[RClv]" 6
 15 "R UpperArm[RUar]" 14
 16 "R UpperArm[RLar]" 15
 17 "R UpperArm[RHnd]" 16
 18 "L UpperArm[RClv]" 6
 19 "L UpperArm[LUar]" 18
 20 "L UpperArm[LLar]" 19
 21 "L UpperArm[LHnd]" 20
 22 "Tail[Tal0]" 2
 23 "Tail[Tal1]" 22
 24 "Tail[Tal2]" 23
 25 "Tail[Tal3]" 24
 26 "[TalRightPincher]" 25
 27 "[TalLeftPincher]" 25
 28 "R Leg[RThg0]" 2
 29 "R Leg[RThg1]" 28
 30 "R Leg[RClf]" 29
 31 "R Leg[RAnkle]" 30
 32 "LLeg[RThg0]" 2
 33 "LLeg[LThg1]" 32
 34 "LLeg[LClf]" 33
 35 "LLeg[LAnkle]" 34
end
skeleton
time 0
  0 0.000000 0.000000 0.000000 0.000000 -0.000000 -1.570796
  1 0.000000 0.000000 0.000000 0.000000 -0.000000 0.000000
  2 -2.363353 -12.959703 31.785618 -1.570988 -0.244686 1.570988
  3 4.222169 -0.467508 0.000000 -0.002069 0.000018 0.022093
  4 4.476987 -0.000002 -0.000000 0.015327 -0.013331 0.198502
  5 4.477083 0.000000 0.000002 -0.004349 0.026123 -0.067772
  6 4.477077 -0.000004 -0.000002 -0.006321 -0.017097 -0.152773
  7 5.413502 -7.700466 -0.000000 0.007297 0.008547 -0.244474
  8 6.890240 0.000002 -0.000000 0.001953 0.017148 -0.340157
  9 8.011925 0.000004 0.000005 -0.006810 -0.024538 0.104449
 10 7.210720 -0.000002 -0.000000 0.000000 0.000000 0.130654
 11 8.581028 -0.304903 -0.000000 0.007192 -0.002445 0.657761
 12 22.523008 2.194031 6.355708 0.000000 -0.215574 0.000000
 13 22.523005 2.194038 -6.355709 0.000000 0.261624 0.000000
 14 -3.006533 7.804720 -11.355459 0.417062 0.139533 1.305664
 15 10.384675 0.000008 0.000005 0.030464 0.191255 -1.678201
 16 22.550743 -0.000006 -0.000004 0.121603 0.013421 1.761793
 17 30.814247 -0.000015 -0.000004 2.465533 0.223170 0.409113
 18 -3.013796 7.815494 11.355459 0.129381 -0.291650 1.369678
 19 10.374533 -0.000002 0.000007 -0.019780 -0.191668 -1.738151
 20 22.550726 -0.000027 -0.000013 -0.123048 -0.013506 1.830791
 21 30.814270 -0.000023 0.000002 -2.870353 0.196523 0.398977
 22 -4.250660 -0.770624 0.000001 0.016515 -0.162675 -2.777702
 23 10.363422 0.000000 0.000000 0.002661 0.066003 -0.470131
 24 10.363076 0.000000 -0.000000 -0.026810 0.095059 -0.325023
 25 10.363081 -0.000004 -0.000002 -0.034384 0.127470 0.014423
 26 9.253358 -0.000006 -3.973408 0.000000 0.000000 0.177086
 27 8.210346 -0.000002 7.704017 0.000000 0.000000 0.169444
 28 1.854841 1.227791 -13.762345 2.614544 0.166567 2.068388
 29 10.456543 -0.000004 0.000004 0.051033 0.091640 -1.369420
 30 24.248093 0.000001 0.000007 0.029835 0.033116 1.029271
 31 26.336971 0.000019 0.000002 0.386223 0.069828 0.616594
 32 1.854847 1.227798 13.762341 -2.675642 -0.086465 2.016859
 33 10.456542 -0.000008 0.000004 -0.038783 -0.093415 -1.495575
 34 24.248116 0.000002 -0.000004 -0.032583 -0.035020 1.121144
 35 26.336975 0.000000 0.000004 -0.306530 -0.028256 0.579265
time 1
  0 0.000000 0.000000 0.000000 0.000000 -0.000000 -1.570796
  1 0.000000 0.000000 0.000000 0.000000 -0.000000 0.000000
  2 -2.363353 -12.959703 31.785618 -1.570988 -0.244686 1.570988
  3 4.222169 -0.467508 0.000000 -0.002069 0.000018 0.022093
  4 4.476987 -0.000002 -0.000000 0.015327 -0.013331 0.198502
  5 4.477083 0.000000 0.000002 -0.004349 0.026123 -0.067772
  6 4.477077 -0.000004 -0.000002 -0.006321 -0.017097 -0.152773
  7 5.413502 -7.700466 -0.000000 0.007297 0.008547 -0.244474
  8 6.890240 0.000002 -0.000000 0.001953 0.017148 -0.340157
  9 8.011925 0.000004 0.000005 -0.006810 -0.024538 0.104449
 10 7.210720 -0.000002 -0.000000 0.000000 0.000000 0.130654
 11 8.581028 -0.304903 -0.000000 0.007192 -0.002445 0.657761
 12 22.523008 2.194031 6.355708 0.000000 -0.215574 0.000000
 13 22.523005 2.194038 -6.355709 0.000000 0.261624 0.000000
 14 -3.006533 7.804720 -11.355459 0.417062 0.139533 1.305664
 15 10.384675 0.000008 0.000005 0.030464 0.191255 -1.678201
 16 22.550743 -0.000006 -0.000004 0.121603 0.013421 1.761793
 17 30.814247 -0.000015 -0.000004 2.465533 0.223170 0.409113
 18 -3.013796 7.815494 11.355459 0.129381 -0.291650 1.369678
 19 10.374533 -0.000002 0.000007 -0.019780 -0.191668 -1.738151
 20 22.550726 -0.000027 -0.000013 -0.123048 -0.013506 1.830791
 21 30.814270 -0.000023 0.000002 -2.870353 0.196523 0.398977
 22 -4.250660 -0.770624 0.000001 0.016515 -0.162675 -2.777702
 23 10.363422 0.000000 0.000000 0.002661 0.066003 -0.470131
 24 10.363076 0.000000 -0.000000 -0.026810 0.095059 -0.325023
 25 10.363081 -0.000004 -0.000002 -0.034384 0.127470 0.014423
 26 9.253358 -0.000006 -3.973408 0.000000 0.000000 0.177086
 27 8.210346 -0.000002 7.704017 0.000000 0.000000 0.169444
 28 1.854841 1.227791 -13.762345 2.614544 0.166567 2.068388
 29 10.456543 -0.000004 0.000004 0.051033 0.091640 -1.369420
 30 24.248093 0.000001 0.000007 0.029835 0.033116 1.029271
 31 26.336971 0.000019 0.000002 0.386223 0.069828 0.616594
 32 1.854847 1.227798 13.762341 -2.675642 -0.086465 2.016859
 33 10.456542 -0.000008 0.000004 -0.038783 -0.093415 -1.495575
 34 24.248116 0.000002 -0.000004 -0.032583 -0.035020 1.121144
 35 26.336975 0.000000 0.000004 -0.306530 -0.028256 0.579265
time 2
  0 0.000000 0.000000 0.000000 0.000000 -0.000000 -1.570796
  1 0.000000 0.000000 0.000000 0.000000 -0.000000 0.000000
  2 -2.363353 -11.740917 30.414484 -1.571468 -0.166343 1.571468
  3 4.222169 -0.467508 0.000000 -0.001913 -0.000000 0.000688
  4 4.476987 -0.000002 -0.000000 0.015986 -0.013353 0.192065
  5 4.477083 0.000000 0.000002 -0.003378 0.026883 -0.045139
  6 4.477077 -0.000004 -0.000002 -0.008490 -0.016797 -0.124399
  7 5.413502 -7.700466 -0.000000 0.008188 0.012828 -0.241736
  8 6.890240 0.000002 -0.000000 0.000635 0.017161 -0.412205
  9 8.011925 0.000004 0.000005 -0.003785 -0.024922 -0.021129
 10 7.210720 -0.000002 -0.000000 0.000000 0.000000 -0.093887
 11 8.581028 -0.304903 -0.000000 0.007123 -0.002599 0.700312
 12 22.523008 2.194031 6.355708 0.000000 -0.215574 0.000000
 13 22.523005 2.194038 -6.355709 0.000000 0.261624 0.000000
 14 -3.006533 7.804720 -11.355459 0.393784 0.191398 1.188645
 15 10.384675 0.000008 0.000005 0.040138 0.187223 -1.729686
 16 22.550743 -0.000006 -0.000004 0.080102 0.010781 1.848718
 17 30.814247 -0.000015 -0.000004 2.527296 0.187402 0.436939
 18 -3.013796 7.815494 11.355459 0.476199 -0.593837 1.055037
 19 10.374533 -0.000002 0.000007 -0.107413 -0.052299 -1.709738
 20 22.550726 -0.000027 -0.000013 -0.059479 0.084080 1.931788
 21 30.814270 -0.000023 0.000002 3.078095 0.563066 0.269394
 22 -4.250660 -0.770624 0.000001 0.014897 -0.138459 -2.721369
 23 10.363422 0.000000 0.000000 0.003607 0.062072 -0.410538
 24 10.363076 0.000000 -0.000000 -0.032574 0.086777 -0.419719
 25 10.363081 -0.000004 -0.000002 -0.039062 0.118873 -0.022197
 26 9.253358 -0.000006 -3.973408 0.000000 0.000000 0.209629
 27 8.210346 -0.000002 7.704017 0.000132 -0.003837 0.188196
 28 1.854841 1.227791 -13.762345 2.609179 0.162225 2.050507
 29 10.456543 -0.000004 0.000004 0.051749 0.091925 -1.363775
 30 24.248093 0.000001 0.000007 0.029761 0.033217 1.024831
 31 26.336971 0.000019 0.000002 0.402320 0.034037 0.655197
 32 1.854847 1.227798 13.762341 -2.671016 -0.082306 1.998032
 33 10.456542 -0.000008 0.000004 -0.039495 -0.093749 -1.489506
 34 24.248116 0.000002 -0.000004 -0.032531 -0.035104 1.117285
 35 26.336975 0.000000 0.000004 -0.324498 0.004627 0.612553
time 3
  0 0.000000 0.000000 0.000000 0.000000 -0.000000 -1.570796
  1 0.000000 0.000000 0.000000 0.000000 -0.000000 0.000000
  2 -2.363353 -11.338560 27.664400 -1.571372 -0.047033 1.571276
  3 4.222169 -0.467508 0.000000 -0.001445 -0.000037 -0.030624
  4 4.476987 -0.000002 -0.000000 0.016741 -0.013353 0.184229
  5 4.477083 0.000000 0.000002 -0.001700 0.027448 0.010635
  6 4.477077 -0.000004 -0.000002 -0.010612 -0.016195 -0.088705
  7 5.413502 -7.700466 -0.000000 0.009145 0.017025 -0.233335
  8 6.890240 0.000002 -0.000000 -0.000695 0.017566 -0.480274
  9 8.011925 0.000004 0.000005 -0.000026 -0.024970 -0.165421
 10 7.210720 -0.000002 -0.000000 0.000000 0.000000 -0.396333
 11 8.581028 -0.304903 -0.000000 0.007146 -0.002599 0.791442
 12 22.523008 2.194031 6.355708 0.000000 -0.215574 0.000000
 13 22.523005 2.194038 -6.355709 0.000000 0.261624 0.000000
 14 -3.006533 7.804720 -11.355459 0.315813 0.300886 0.885178
 15 10.384675 0.000008 0.000005 0.087536 0.184656 -1.733796
 16 22.550743 -0.000006 -0.000004 -0.016798 0.003779 1.921115
 17 30.814247 -0.000015 -0.000004 2.692447 0.106901 0.544231
 18 -3.013796 7.815494 11.355459 0.354568 -0.677652 0.629415
 19 10.374533 -0.000002 0.000007 -0.224100 0.034146 -1.650941
 20 22.550726 -0.000027 -0.000013 0.012445 0.159267 1.997485
 21 30.814270 -0.000023 0.000002 3.132295 0.471852 0.353905
 22 -4.250660 -0.770624 0.000001 0.010415 -0.085823 -2.638098
 23 10.363422 0.000000 0.000000 0.004818 0.058057 -0.334948
 24 10.363076 0.000000 -0.000000 -0.038626 0.076135 -0.529024
 25 10.363081 -0.000004 -0.000002 -0.043409 0.110153 -0.058548
 26 9.253358 -0.000006 -3.973408 0.000000 0.000000 0.242036
 27 8.210346 -0.000002 7.704017 0.000312 -0.007768 0.206676
 28 1.854841 1.227791 -13.762345 2.567405 0.129312 1.928075
 29 10.456543 -0.000004 0.000004 0.040935 0.093117 -1.475883
 30 24.248093 0.000001 0.000007 0.032319 0.034811 1.105641
 31 26.336971 0.000019 0.000002 0.426421 -0.010006 0.686676
 32 1.854847 1.227798 13.762341 -2.638705 -0.052153 1.874993
 33 10.456542 -0.000008 0.000004 -0.028778 -0.093554 -1.599148
 34 24.248116 0.000002 -0.000004 -0.035277 -0.036254 1.195222
 35 26.336975 0.000000 0.000004 -0.340880 0.038006 0.645333
time 4
  0 0.000000 0.000000 0.000000 0.000000 -0.000000 -1.570796
  1 0.000000 0.000000 0.000000 0.000000 -0.000000 0.000000
  2 -2.363353 -11.799513 24.988537 -1.571180 0.072477 1.570797
  3 4.222169 -0.467508 0.000000 -0.000954 -0.000037 -0.062334
  4 4.476987 -0.000002 -0.000000 0.017436 -0.013310 0.173153
  5 4.477083 0.000000 0.000002 0.000014 0.027900 0.067150
  6 4.477077 -0.000004 -0.000002 -0.012721 -0.015556 -0.052467
  7 5.413502 -7.700466 -0.000000 0.012959 0.018045 0.008305
  8 6.890240 0.000002 -0.000000 0.000587 0.017239 -0.408808
  9 8.011925 0.000004 0.000005 0.001310 -0.025577 -0.209548
 10 7.210720 -0.000002 -0.000000 0.000000 0.000000 -0.500035
 11 8.581028 -0.304903 -0.000000 0.007146 -0.002616 0.881976
 12 22.523008 2.194031 6.355708 0.000000 -0.215574 0.000000
 13 22.523005 2.194038 -6.355709 0.000000 0.261624 0.000000
 14 -3.006533 7.804720 -11.355459 0.224114 0.406701 0.558912
 15 10.384675 0.000008 0.000005 0.171390 0.185675 -1.658651
 16 22.550743 -0.000006 -0.000004 -0.135095 -0.003424 1.916939
 17 30.814247 -0.000015 -0.000004 2.848075 0.010788 0.636518
 18 -3.013796 7.815494 11.355459 0.081269 -0.744091 0.306167
 19 10.374533 -0.000002 0.000007 -0.320428 0.106106 -1.528128
 20 22.550726 -0.000027 -0.000013 0.070601 0.221733 1.972856
 21 30.814270 -0.000023 0.000002 -3.064242 0.232343 0.499247
 22 -4.250660 -0.770624 0.000001 0.010187 -0.033427 -2.555827
 23 10.363422 0.000000 0.000000 0.005705 0.053479 -0.261645
 24 10.363076 0.000000 -0.000000 -0.043780 0.064414 -0.635438
 25 10.363081 -0.000004 -0.000002 -0.047471 0.101218 -0.095302
 26 9.253358 -0.000006 -3.973408 -0.000012 0.000272 0.273697
 27 8.210346 -0.000002 7.704017 0.000515 -0.011791 0.225191
 28 1.854841 1.227791 -13.762345 2.529895 0.091589 1.807407
 29 10.456543 -0.000004 0.000004 0.029807 0.093099 -1.590380
 30 24.248093 0.000001 0.000007 0.035025 0.036203 1.187990
 31 26.336971 0.000019 0.000002 0.449391 -0.045666 0.702912
 32 1.854847 1.227798 13.762341 -2.610107 -0.018224 1.752987
 33 10.456542 -0.000008 0.000004 -0.017926 -0.092135 -1.711035
 34 24.248116 0.000002 -0.000004 -0.038166 -0.037201 1.274681
 35 26.336975 0.000000 0.000004 -0.356146 0.071106 0.676247
time 5
  0 0.000000 0.000000 0.000000 0.000000 -0.000000 -1.570796
  1 0.000000 0.000000 0.000000 0.000000 -0.000000 0.000000
  2 -2.363353 -13.026112 23.890846 -1.570797 0.138255 1.570701
  3 4.222169 -0.467508 0.000000 -0.000439 -0.000037 -0.094228
  4 4.476987 -0.000002 -0.000000 0.017904 -0.013203 0.157370
  5 4.477083 0.000000 0.000002 0.001704 0.028288 0.122391
  6 4.477077 -0.000004 -0.000002 -0.014794 -0.014861 -0.016275
  7 5.413502 -7.700466 -0.000000 0.016734 0.018079 0.243069
  8 6.890240 0.000002 -0.000000 0.002181 0.016821 -0.321168
  9 8.011925 0.000004 0.000005 0.001729 -0.025353 -0.231766
 10 7.210720 -0.000002 -0.000000 0.000000 0.000000 -0.547609
 11 8.581028 -0.304903 -0.000000 0.007100 -0.002752 0.917481
 12 22.523008 2.194031 6.355708 0.000000 -0.215574 0.000000
 13 22.523005 2.194038 -6.355709 0.000000 0.261624 0.000000
 14 -3.006533 7.804720 -11.355459 0.180218 0.474782 0.389838
 15 10.384675 0.000008 0.000005 0.255057 0.180052 -1.579619
 16 22.550743 -0.000006 -0.000004 -0.232874 -0.009767 1.850655
 17 30.814247 -0.000015 -0.000004 2.962078 -0.050936 0.682858
 18 -3.013796 7.815494 11.355459 -0.165200 -0.796180 0.205732
 19 10.374533 -0.000002 0.000007 -0.404893 0.187567 -1.410476
 20 22.550726 -0.000027 -0.000013 0.097483 0.269692 1.882034
 21 30.814270 -0.000023 0.000002 -3.041790 0.017546 0.585933
 22 -4.250660 -0.770624 0.000001 0.009096 -0.008971 -2.532577
 23 10.363422 0.000000 0.000000 0.005884 0.048518 -0.209051
 24 10.363076 0.000000 -0.000000 -0.046500 0.053628 -0.699472
 25 10.363081 -0.000004 -0.000002 -0.050586 0.092405 -0.125290
 26 9.253358 -0.000006 -3.973408 -0.000574 0.007981 0.282223
 27 8.210346 -0.000002 7.704017 0.000695 -0.015567 0.243604
 28 1.854841 1.227791 -13.762345 2.501796 0.064598 1.728949
 29 10.456543 -0.000004 0.000004 0.019220 0.091925 -1.700101
 30 24.248093 0.000001 0.000007 0.037732 0.037333 1.267023
 31 26.336971 0.000019 0.000002 0.472230 -0.070657 0.700759
 32 1.854847 1.227798 13.762341 -2.588330 0.006375 1.671951
 33 10.456542 -0.000008 0.000004 -0.007752 -0.089658 -1.818351
 34 24.248116 0.000002 -0.000004 -0.040990 -0.037908 1.350993
 35 26.336975 0.000000 0.000004 -0.375186 0.083453 0.656693
time 6
  0 0.000000 0.000000 0.000000 0.000000 -0.000000 -1.570796
  1 0.000000 0.000000 0.000000 0.000000 -0.000000 0.000000
  2 -2.363353 -15.119926 25.625275 -1.570317 0.140609 1.571276
  3 4.222169 -0.467508 0.000000 0.000113 -0.000000 -0.126628
  4 4.476987 -0.000002 -0.000000 0.018083 -0.013096 0.137215
  5 4.477083 0.000000 0.000002 0.002686 0.028902 0.161401
  6 4.477077 -0.000004 -0.000002 -0.016820 -0.014147 0.019932
  7 5.413502 -7.700466 -0.000000 0.016840 0.018622 0.270201
  8 6.890240 0.000002 -0.000000 0.003751 0.016259 -0.229269
  9 8.011925 0.000004 0.000005 0.002292 -0.024954 -0.252194
 10 7.210720 -0.000002 -0.000000 0.000000 0.000000 -0.594244
 11 8.581028 -0.304903 -0.000000 0.007123 -0.002667 0.809843
 12 22.523008 2.194031 6.355708 0.000000 -0.215574 0.000000
 13 22.523005 2.194038 -6.355709 0.000000 0.261624 0.000000
 14 -3.006533 7.804720 -11.355459 0.181683 0.491458 0.383932
 15 10.384675 0.000008 0.000005 0.326099 0.156608 -1.447435
 16 22.550743 -0.000006 -0.000004 -0.279829 -0.012694 1.719965
 17 30.814247 -0.000015 -0.000004 3.014449 -0.051343 0.674335
 18 -3.013796 7.815494 11.355459 -0.289325 -0.806307 0.263473
 19 10.374533 -0.000002 0.000007 -0.423431 0.261986 -1.293287
 20 22.550726 -0.000027 -0.000013 0.085206 0.294407 1.729050
 21 30.814270 -0.000023 0.000002 -3.037932 -0.082256 0.603755
 22 -4.250660 -0.770624 0.000001 0.009192 -0.007286 -2.782669
 23 10.363422 0.000000 0.000000 0.002289 0.042825 -0.225578
 24 10.363076 0.000000 -0.000000 -0.040100 0.048367 -0.616184
 25 10.363081 -0.000004 -0.000002 -0.042485 0.087260 -0.027593
 26 9.253358 -0.000006 -3.973408 -0.001344 0.018645 0.289119
 27 8.210346 -0.000002 7.704017 0.001258 -0.022901 0.261304
 28 1.854841 1.227791 -13.762345 2.475060 0.035682 1.650977
 29 10.456543 -0.000004 0.000004 0.015447 0.091355 -1.742608
 30 24.248093 0.000001 0.000007 0.038955 0.037676 1.297275
 31 26.336971 0.000019 0.000002 0.498593 -0.057965 0.627750
 32 1.854847 1.227798 13.762341 -2.567734 0.032697 1.590958
 33 10.456542 -0.000008 0.000004 -0.003852 -0.088489 -1.861506
 34 24.248116 0.000002 -0.000004 -0.042013 -0.038351 1.381558
 35 26.336975 0.000000 0.000004 -0.400144 0.078675 0.590116
time 7
  0 0.000000 0.000000 0.000000 0.000000 -0.000000 -1.570796
  1 0.000000 0.000000 0.000000 0.000000 -0.000000 0.000000
  2 -2.363353 -18.608315 29.344139 -1.570317 0.116675 1.571276
  3 4.222169 -0.467508 0.000000 0.000700 0.000037 -0.159196
  4 4.476987 -0.000002 -0.000000 0.018036 -0.013053 0.115084
  5 4.477083 0.000000 0.000002 0.003645 0.029516 0.199285
  6 4.477077 -0.000004 -0.000002 -0.018785 -0.013395 0.055532
  7 5.413502 -7.700466 -0.000000 0.016322 0.019523 0.265814
  8 6.890240 0.000002 -0.000000 0.005357 0.015501 -0.126759
  9 8.011925 0.000004 0.000005 0.002344 -0.024762 -0.255854
 10 7.210720 -0.000002 -0.000000 0.000000 0.000000 -0.632620
 11 8.581028 -0.304903 -0.000000 0.007123 -0.002599 0.705079
 12 22.523008 2.194031 6.355708 0.000000 -0.215574 0.000000
 13 22.523005 2.194038 -6.355709 0.000000 0.261624 0.000000
 14 -3.006533 7.804720 -11.355459 0.177342 0.466550 0.411745
 15 10.384675 0.000008 0.000005 0.362143 0.108722 -1.240884
 16 22.550743 -0.000006 -0.000004 -0.288161 -0.012493 1.478197
 17 30.814247 -0.000015 -0.000004 3.023185 -0.032190 0.672580
 18 -3.013796 7.815494 11.355459 -0.261527 -0.727799 0.287983
 19 10.374533 -0.000002 0.000007 -0.322046 0.309693 -1.113707
 20 22.550726 -0.000027 -0.000013 0.048008 0.285102 1.487540
 21 30.814270 -0.000023 0.000002 -3.038914 -0.078782 0.603142
 22 -4.250660 -0.770624 0.000001 0.009947 -0.007205 3.067546
 23 10.363422 0.000000 0.000000 -0.001091 0.037240 -0.244987
 24 10.363076 0.000000 -0.000000 -0.030093 0.044855 -0.482695
 25 10.363081 -0.000004 -0.000002 -0.028364 0.084148 0.156526
 26 9.253358 -0.000006 -3.973408 -0.005387 0.064087 0.285824
 27 8.210346 -0.000002 7.704017 0.007083 -0.078421 0.268018
 28 1.854841 1.227791 -13.762345 2.439222 0.000598 1.555307
 29 10.456543 -0.000004 0.000004 0.011725 0.090644 -1.784160
 30 24.248093 0.000001 0.000007 0.040215 0.037959 1.328297
 31 26.336971 0.000019 0.000002 0.531047 -0.025169 0.517629
 32 1.854847 1.227798 13.762341 -2.538630 0.066215 1.489804
 33 10.456542 -0.000008 0.000004 -0.000053 -0.087154 -1.903952
 34 24.248116 0.000002 -0.000004 -0.043089 -0.038771 1.413139
 35 26.336975 0.000000 0.000004 -0.432306 0.052865 0.476292
time 8
  0 0.000000 0.000000 0.000000 0.000000 -0.000000 -1.570796
  1 0.000000 0.000000 0.000000 0.000000 -0.000000 0.000000
  2 -2.363353 -24.249111 32.812996 -1.570317 0.026245 1.571659
  3 4.222169 -0.467508 0.000000 0.001335 0.000111 -0.192118
  4 4.476987 -0.000002 -0.000000 0.017760 -0.013074 0.090956
  5 4.477083 0.000000 0.000002 0.004640 0.030081 0.237659
  6 4.477077 -0.000004 -0.000002 -0.020691 -0.012644 0.090540
  7 5.413502 -7.700466 -0.000000 0.010886 0.023397 0.044523
  8 6.890240 0.000002 -0.000000 0.009084 0.013331 0.113518
  9 8.011925 0.000004 0.000005 -0.001336 -0.024890 -0.114313
 10 7.210720 -0.000002 -0.000000 0.000000 0.000000 -0.573675
 11 8.581028 -0.304903 -0.000000 0.007123 -0.002633 0.716575
 12 22.523008 2.194031 6.355708 0.000000 -0.215574 0.000000
 13 22.523005 2.194038 -6.355709 0.000000 0.261624 0.000000
 14 -3.006533 7.804720 -11.355459 0.167142 0.400659 0.453910
 15 10.384675 0.000008 0.000005 0.363488 0.043609 -0.874324
 16 22.550743 -0.000006 -0.000004 -0.288817 -0.008274 1.034491
 17 30.814247 -0.000015 -0.000004 2.991387 -0.012315 0.765190
 18 -3.013796 7.815494 11.355459 -0.205268 -0.569026 0.347207
 19 10.374533 -0.000002 0.000007 -0.131546 0.307534 -0.797513
 20 22.550726 -0.000027 -0.000013 -0.012783 0.225541 1.078653
 21 30.814270 -0.000023 0.000002 -3.035511 -0.038778 0.693984
 22 -4.250660 -0.770624 0.000001 0.010355 -0.007286 2.826825
 23 10.363422 0.000000 0.000000 -0.004087 0.031595 -0.258609
 24 10.363076 0.000000 -0.000000 -0.019655 0.040169 -0.345826
 25 10.363081 -0.000004 -0.000002 -0.020422 0.080281 0.294709
 26 9.253358 -0.000006 -3.973408 -0.010113 0.114317 0.279913
 27 8.210346 -0.000002 7.704017 0.013914 -0.144865 0.267204
 28 1.854841 1.227791 -13.762345 2.406945 -0.036879 1.464563
 29 10.456543 -0.000004 0.000004 0.003375 0.088295 -1.868307
 30 24.248093 0.000001 0.000007 0.042848 0.038503 1.400463
 31 26.336971 0.000019 0.000002 0.559933 0.042945 0.376305
 32 1.854847 1.227798 13.762341 -2.513105 0.101677 1.393000
 33 10.456542 -0.000008 0.000004 0.007543 -0.083703 -1.989474
 34 24.248116 0.000002 -0.000004 -0.045809 -0.039154 1.485795
 35 26.336975 0.000000 0.000004 -0.461595 -0.004959 0.325618
time 9
  0 0.000000 0.000000 0.000000 0.000000 -0.000000 -1.570796
  1 0.000000 0.000000 0.000000 0.000000 -0.000000 0.000000
  2 -2.363353 -30.585241 34.699768 -1.571276 -0.181341 1.571180
  3 4.222169 -0.467508 0.000000 0.002018 0.000222 -0.225898
  4 4.476987 -0.000002 -0.000000 0.017268 -0.013139 0.064896
  5 4.477083 0.000000 0.000002 0.005467 0.030566 0.271067
  6 4.477077 -0.000004 -0.000002 -0.022440 -0.011929 0.124068
  7 5.413502 -7.700466 -0.000000 0.004293 0.027373 -0.212052
  8 6.890240 0.000002 -0.000000 0.011937 0.011462 0.297640
  9 8.011925 0.000004 0.000005 -0.005042 -0.024283 0.028630
 10 7.210720 -0.000002 -0.000000 0.000000 0.000000 -0.447983
 11 8.581028 -0.304903 -0.000000 0.007146 -0.002565 0.778754
 12 22.523008 2.194031 6.355708 0.000000 -0.215574 0.000000
 13 22.523005 2.194038 -6.355709 0.000000 0.261624 0.000000
 14 -3.006533 7.804720 -11.355459 0.155693 0.281631 0.478770
 15 10.384675 0.000008 0.000005 0.329087 0.002067 -0.198520
 16 22.550743 -0.000006 -0.000004 -0.293183 -0.001875 0.232976
 17 30.814247 -0.000015 -0.000004 2.883674 0.001823 0.978449
 18 -3.013796 7.815494 11.355459 -0.156698 -0.315751 0.477053
 19 10.374533 -0.000002 0.000007 0.068123 0.145408 -0.295824
 20 22.550726 -0.000027 -0.000013 -0.048285 0.086808 0.413925
 21 30.814270 -0.000023 0.000002 -3.005307 0.019136 0.855196
 22 -4.250660 -0.770624 0.000001 0.010882 -0.006724 2.834916
 23 10.363422 0.000000 0.000000 -0.006244 0.026646 -0.223443
 24 10.363076 0.000000 -0.000000 -0.009743 0.033973 -0.215589
 25 10.363081 -0.000004 -0.000002 -0.019179 0.072855 0.356565
 26 9.253358 -0.000006 -3.973408 -0.017760 0.183124 0.259667
 27 8.210346 -0.000002 7.704017 0.022004 -0.225823 0.251843
 28 1.854841 1.227791 -13.762345 2.397095 -0.048647 1.454892
 29 10.456543 -0.000004 0.000004 -0.006933 0.083846 -1.983846
 30 24.248093 0.000001 0.000007 0.045331 0.038846 1.468603
 31 26.336971 0.000019 0.000002 0.557628 0.145642 0.230950
 32 1.854847 1.227798 13.762341 -2.507298 0.111992 1.380550
 33 10.456542 -0.000008 0.000004 0.017243 -0.078276 -2.106249
 34 24.248116 0.000002 -0.000004 -0.048426 -0.039334 1.554389
 35 26.336975 0.000000 0.000004 -0.462410 -0.093463 0.169463
time 10
  0 0.000000 0.000000 0.000000 0.000000 -0.000000 -1.570796
  1 0.000000 0.000000 0.000000 0.000000 -0.000000 0.000000
  2 -2.363353 -32.831406 35.465420 -1.571851 -0.455543 1.571851
  3 4.222169 -0.467508 0.000000 0.002761 0.000352 -0.255737
  4 4.476987 -0.000002 -0.000000 0.016561 -0.013267 0.037349
  5 4.477083 0.000000 0.000002 0.004843 0.030727 0.267539
  6 4.477077 -0.000004 -0.000002 -0.023052 -0.011516 0.146727
  7 5.413502 -7.700466 -0.000000 0.002034 0.029021 -0.304309
  8 6.890240 0.000002 -0.000000 0.011649 0.011645 0.298362
  9 8.011925 0.000004 0.000005 -0.006457 -0.024714 0.082230
 10 7.210720 -0.000002 -0.000000 0.000000 0.000000 -0.312046
 11 8.581028 -0.304903 -0.000000 0.007215 -0.002479 0.848784
 12 22.523008 2.194031 6.355708 0.000000 -0.215574 0.000000
 13 22.523005 2.194038 -6.355709 0.000000 0.261624 0.000000
 14 -3.006533 7.804720 -11.355459 0.235672 0.261069 0.788898
 15 10.384675 0.000008 0.000005 0.325763 -0.004511 -0.072890
 16 22.550743 -0.000006 -0.000004 -0.268474 0.001483 0.080796
 17 30.814247 -0.000015 -0.000004 2.791948 0.077496 0.813536
 18 -3.013796 7.815494 11.355459 -0.151861 -0.174915 0.779611
 19 10.374533 -0.000002 0.000007 0.076953 0.011222 -0.022365
 20 22.550726 -0.000027 -0.000013 -0.006981 0.006223 0.031590
 21 30.814270 -0.000023 0.000002 -2.995028 0.029583 0.497768
 22 -4.250660 -0.770624 0.000001 0.011841 -0.006210 2.906715
 23 10.363422 0.000000 0.000000 -0.008653 0.021421 -0.176262
 24 10.363076 0.000000 -0.000000 -0.000467 0.027070 -0.089276
 25 10.363081 -0.000004 -0.000002 -0.018982 0.065060 0.410179
 26 9.253358 -0.000006 -3.973408 -0.026652 0.254988 0.235208
 27 8.210346 -0.000002 7.704017 0.032143 -0.317613 0.223631
 28 1.854841 1.227791 -13.762345 2.450259 0.018313 1.625554
 29 10.456543 -0.000004 0.000004 -0.006810 0.084095 -1.983064
 30 24.248093 0.000001 0.000007 0.045294 0.038947 1.466413
 31 26.336971 0.000019 0.000002 0.466444 0.234936 0.162083
 32 1.854847 1.227798 13.762341 -2.551359 0.048840 1.560629
 33 10.456542 -0.000008 0.000004 0.017175 -0.078527 -2.106249
 34 24.248116 0.000002 -0.000004 -0.048426 -0.039370 1.552054
 35 26.336975 0.000000 0.000004 -0.384406 -0.167946 0.105881
time 11
  0 0.000000 0.000000 0.000000 0.000000 -0.000000 -1.570796
  1 0.000000 0.000000 0.000000 0.000000 -0.000000 0.000000
  2 -2.363353 -31.667305 35.856056 -1.571468 -0.762016 1.571468
  3 4.222169 -0.467508 0.000000 0.003624 0.000463 -0.259571
  4 4.476987 -0.000002 -0.000000 0.015627 -0.013417 0.008248
  5 4.477083 0.000000 0.000002 0.003801 0.030760 0.252718
  6 4.477077 -0.000004 -0.000002 -0.021673 -0.011742 0.145979
  7 5.413502 -7.700466 -0.000000 0.000346 0.030346 -0.374069
  8 6.890240 0.000002 -0.000000 0.011517 0.012064 0.276836
  9 8.011925 0.000004 0.000005 -0.007871 -0.025784 0.123968
 10 7.210720 -0.000002 -0.000000 0.000000 0.000000 -0.147173
 11 8.581028 -0.304903 -0.000000 0.007307 -0.002428 0.945767
 12 22.523008 2.194031 6.355708 0.000000 -0.215574 0.000000
 13 22.523005 2.194038 -6.355709 0.000000 0.261624 0.000000
 14 -3.006533 7.804720 -11.355459 0.412829 0.322367 1.419113
 15 10.384675 0.000008 0.000005 0.357474 -0.037248 -0.587740
 16 22.550743 -0.000006 -0.000004 -0.205911 0.004898 0.637032
 17 30.814247 -0.000015 -0.000004 2.768842 0.233797 0.771492
 18 -3.013796 7.815494 11.355459 -0.173601 -0.168189 1.230541
 19 10.374533 -0.000002 0.000007 0.039406 0.007501 -0.018016
 20 22.550726 -0.000027 -0.000013 0.032157 0.002041 0.024456
 21 30.814270 -0.000023 0.000002 -2.979944 0.018989 0.374015
 22 -4.250660 -0.770624 0.000001 0.012728 -0.005745 3.008550
 23 10.363422 0.000000 0.000000 -0.010307 0.016459 -0.091583
 24 10.363076 0.000000 -0.000000 0.008269 0.019508 0.034740
 25 10.363081 -0.000004 -0.000002 -0.019154 0.057234 0.465162
 26 9.253358 -0.000006 -3.973408 -0.033883 0.334969 0.198928
 27 8.210346 -0.000002 7.704017 0.044079 -0.412467 0.188467
 28 1.854841 1.227791 -13.762345 2.540053 0.126056 1.924609
 29 10.456543 -0.000004 0.000004 0.000807 0.087476 -1.898049
 30 24.248093 0.000001 0.000007 0.042848 0.038625 1.407093
 31 26.336971 0.000019 0.000002 0.347636 0.294667 0.156229
 32 1.854847 1.227798 13.762341 -2.624828 -0.053493 1.875854
 33 10.456542 -0.000008 0.000004 0.009985 -0.082673 -2.020215
 34 24.248116 0.000002 -0.000004 -0.046275 -0.038915 1.492598
 35 26.336975 0.000000 0.000004 -0.281873 -0.216495 0.112833
time 12
  0 0.000000 0.000000 0.000000 0.000000 -0.000000 -1.570796
  1 0.000000 0.000000 0.000000 0.000000 -0.000000 0.000000
  2 -2.363353 -28.245327 35.965435 -1.571468 -1.048424 1.571468
  3 4.222169 -0.467508 0.000000 0.004475 0.000574 -0.258052
  4 4.476987 -0.000002 -0.000000 0.014476 -0.013610 -0.022007
  5 4.477083 0.000000 0.000002 0.001560 0.030259 0.205777
  6 4.477077 -0.000004 -0.000002 -0.019708 -0.012268 0.131107
  7 5.413502 -7.700466 -0.000000 -0.001316 0.031485 -0.440655
  8 6.890240 0.000002 -0.000000 0.011529 0.012482 0.257637
  9 8.011925 0.000004 0.000005 -0.009233 -0.026487 0.163371
 10 7.210720 -0.000002 -0.000000 0.000000 0.000000 0.019121
 11 8.581028 -0.304903 -0.000000 0.007398 -0.002394 1.047341
 12 22.523008 2.194031 6.355708 0.000000 -0.215574 0.000000
 13 22.523005 2.194038 -6.355709 0.000000 0.261624 0.000000
 14 -3.006533 7.804720 -11.355459 0.606971 0.338407 2.047541
 15 10.384675 0.000008 0.000005 0.444577 -0.052290 -1.063158
 16 22.550743 -0.000006 -0.000004 -0.132632 0.005644 1.114213
 17 30.814247 -0.000015 -0.000004 2.702493 0.369502 0.646975
 18 -3.013796 7.815494 11.355459 -0.224921 -0.266801 1.784584
 19 10.374533 -0.000002 0.000007 -0.038992 0.109527 -0.311596
 20 22.550726 -0.000027 -0.000013 0.049009 0.013192 0.402262
 21 30.814270 -0.000023 0.000002 -2.938233 -0.002762 0.644030
 22 -4.250660 -0.770624 0.000001 0.013614 -0.005360 3.114430
 23 10.363422 0.000000 0.000000 -0.012116 0.011737 -0.001094
 24 10.363076 0.000000 -0.000000 0.016479 0.011382 0.156820
 25 10.363081 -0.000004 -0.000002 -0.019634 0.049777 0.515501
 26 9.253358 -0.000006 -3.973408 -0.044130 0.416207 0.158980
 27 8.210346 -0.000002 7.704017 0.056891 -0.503266 0.150896
 28 1.854841 1.227791 -13.762345 2.647040 0.238709 2.289774
 29 10.456543 -0.000004 0.000004 0.014119 0.091355 -1.755591
 30 24.248093 0.000001 0.000007 0.039177 0.037575 1.305859
 31 26.336971 0.000019 0.000002 0.236571 0.337764 0.193893
 32 1.854847 1.227798 13.762341 -2.713051 -0.158892 2.252642
 33 10.456542 -0.000008 0.000004 -0.002699 -0.088155 -1.877586
 34 24.248116 0.000002 -0.000004 -0.042519 -0.038447 1.392627
 35 26.336975 0.000000 0.000004 -0.186072 -0.253411 0.162963
time 13
  0 0.000000 0.000000 0.000000 0.000000 -0.000000 -1.570796
  1 0.000000 0.000000 0.000000 0.000000 -0.000000 0.000000
  2 -2.363353 -23.549871 35.785744 -1.572330 -1.283215 1.572330
  3 4.222169 -0.467508 0.000000 0.005278 0.000667 -0.255844
  4 4.476987 -0.000002 -0.000000 0.013134 -0.013803 -0.053216
  5 4.477083 0.000000 0.000002 -0.000873 0.029548 0.152597
  6 4.477077 -0.000004 -0.000002 -0.018234 -0.012719 0.117668
  7 5.413502 -7.700466 -0.000000 -0.002246 0.032198 -0.483657
  8 6.890240 0.000002 -0.000000 0.011194 0.012822 0.238648
  9 8.011925 0.000004 0.000005 -0.010058 -0.026232 0.196309
 10 7.210720 -0.000002 -0.000000 0.000000 0.000000 0.173213
 11 8.581028 -0.304903 -0.000000 0.007467 -0.002411 1.143624
 12 22.523008 2.194031 6.355708 0.000000 -0.215574 0.000000
 13 22.523005 2.194038 -6.355709 0.000000 0.261624 0.000000
 14 -3.006533 7.804720 -11.355459 0.761448 0.325723 2.533817
 15 10.384675 0.000008 0.000005 0.544903 -0.039836 -1.395783
 16 22.550743 -0.000006 -0.000004 -0.059082 0.008944 1.417240
 17 30.814247 -0.000015 -0.000004 2.636581 0.468279 0.582263
 18 -3.013796 7.815494 11.355459 -0.331481 -0.414961 2.367640
 19 10.374533 -0.000002 0.000007 -0.271893 0.206072 -0.950768
 20 22.550726 -0.000027 -0.000013 0.020861 0.004063 1.149251
 21 30.814270 -0.000023 0.000002 -2.886139 -0.069264 0.452529
 22 -4.250660 -0.770624 0.000001 0.014561 -0.005087 -3.062567
 23 10.363422 0.000000 0.000000 -0.014429 0.007147 0.089902
 24 10.363076 0.000000 -0.000000 0.023885 0.003532 0.270100
 25 10.363081 -0.000004 -0.000002 -0.019819 0.043753 0.545489
 26 9.253358 -0.000006 -3.973408 -0.056626 0.492248 0.119167
 27 8.210346 -0.000002 7.704017 0.071200 -0.591900 0.109561
 28 1.854841 1.227791 -13.762345 2.763482 0.333770 2.666131
 29 10.456543 -0.000004 0.000004 0.029458 0.093331 -1.596242
 30 24.248093 0.000001 0.000007 0.035211 0.035981 1.192074
 31 26.336971 0.000019 0.000002 0.149955 0.373188 0.260772
 32 1.854847 1.227798 13.762341 -2.809175 -0.247682 2.632705
 33 10.456542 -0.000008 0.000004 -0.017451 -0.092079 -1.719351
 34 24.248116 0.000002 -0.000004 -0.038373 -0.037524 1.281079
 35 26.336975 0.000000 0.000004 -0.111970 -0.285952 0.241126
time 14
  0 0.000000 0.000000 0.000000 0.000000 -0.000000 -1.570796
  1 0.000000 0.000000 0.000000 0.000000 -0.000000 0.000000
  2 -2.363353 -18.569250 35.375572 -1.573001 -1.454182 1.573001
  3 4.222169 -0.467508 0.000000 0.006021 0.000760 -0.252471
  4 4.476987 -0.000002 -0.000000 0.011768 -0.014124 -0.082428
  5 4.477083 0.000000 0.000002 -0.003282 0.028692 0.099195
  6 4.477077 -0.000004 -0.000002 -0.017227 -0.013113 0.105381
  7 5.413502 -7.700466 -0.000000 -0.002937 0.032759 -0.517136
  8 6.890240 0.000002 -0.000000 0.010007 0.012991 0.220147
  9 8.011925 0.000004 0.000005 -0.009862 -0.024331 0.219385
 10 7.210720 -0.000002 -0.000000 0.000000 0.000000 0.316524
 11 8.581028 -0.304903 -0.000000 0.007421 -0.002650 1.220663
 12 22.523008 2.194031 6.355708 0.000000 -0.215574 0.000000
 13 22.523005 2.194038 -6.355709 0.000000 0.261624 0.000000
 14 -3.006533 7.804720 -11.355459 0.867743 0.330811 2.840305
 15 10.384675 0.000008 0.000005 0.637572 -0.000182 -1.652653
 16 22.550743 -0.000006 -0.000004 0.010726 0.012015 1.656042
 17 30.814247 -0.000015 -0.000004 2.632432 0.543482 0.626204
 18 -3.013796 7.815494 11.355459 -0.414520 -0.471124 2.734323
 19 10.374533 -0.000002 0.000007 -0.452080 0.125840 -1.382469
 20 22.550726 -0.000027 -0.000013 -0.041891 -0.013094 1.602495
 21 30.814270 -0.000023 0.000002 -2.814224 -0.142127 0.372006
 22 -4.250660 -0.770624 0.000001 0.015472 -0.004782 -2.961987
 23 10.363422 0.000000 0.000000 -0.016730 0.003288 0.172446
 24 10.363076 0.000000 -0.000000 0.029542 -0.001429 0.348587
 25 10.363081 -0.000004 -0.000002 -0.020041 0.037914 0.571746
 26 9.253358 -0.000006 -3.973408 -0.064321 0.549440 0.087371
 27 8.210346 -0.000002 7.704017 0.085246 -0.669021 0.069310
 28 1.854841 1.227791 -13.762345 2.883618 0.399990 3.016336
 29 10.456543 -0.000004 0.000004 0.048046 0.092334 -1.402245
 30 24.248093 0.000001 0.000007 0.030317 0.033620 1.051590
 31 26.336971 0.000019 0.000002 0.090920 0.402304 0.349962
 32 1.854847 1.227798 13.762341 -2.907560 -0.310943 2.979120
 33 10.456542 -0.000008 0.000004 -0.035358 -0.093610 -1.530612
 34 24.248116 0.000002 -0.000004 -0.033645 -0.035535 1.145617
 35 26.336975 0.000000 0.000004 -0.055321 -0.317408 0.337995
time 15
  0 0.000000 0.000000 0.000000 0.000000 -0.000000 -1.570796
  1 0.000000 0.000000 0.000000 0.000000 -0.000000 0.000000
  2 -2.363353 -14.334745 34.867744 -1.375069 -1.568905 1.375063
  3 4.222169 -0.467508 0.000000 0.006656 0.000815 -0.247963
  4 4.476987 -0.000002 -0.000000 0.010665 -0.014488 -0.104026
  5 4.477083 0.000000 0.000002 -0.005451 0.027900 0.051409
  6 4.477077 -0.000004 -0.000002 -0.016724 -0.013433 0.094589
  7 5.413502 -7.700466 -0.000000 -0.003376 0.033116 -0.535961
  8 6.890240 0.000002 -0.000000 0.007538 0.012874 0.202577
  9 8.011925 0.000004 0.000005 -0.008264 -0.020273 0.229897
 10 7.210720 -0.000002 -0.000000 0.000000 0.000053 0.412852
 11 8.581028 -0.304903 -0.000000 0.007307 -0.002889 1.285576
 12 22.523008 2.194031 6.355708 0.000000 -0.215574 0.000000
 13 22.523005 2.194038 -6.355709 0.000000 0.261624 0.000000
 14 -3.006533 7.804720 -11.355459 0.928676 0.362467 2.972364
 15 10.384675 0.000008 0.000005 0.685232 0.038983 -1.791280
 16 22.550743 -0.000006 -0.000004 0.060319 0.012819 1.828379
 17 30.814247 -0.000015 -0.000004 2.652961 0.604485 0.690952
 18 -3.013796 7.815494 11.355459 -0.450872 -0.465444 2.919460
 19 10.374533 -0.000002 0.000007 -0.509581 -0.037748 -1.642649
 20 22.550726 -0.000027 -0.000013 -0.128665 -0.011347 1.865594
 21 30.814270 -0.000023 0.000002 -2.718069 -0.258444 0.405671
 22 -4.250660 -0.770624 0.000001 0.016071 -0.004301 -2.893569
 23 10.363422 0.000000 0.000000 -0.017593 0.001478 0.221938
 24 10.363076 0.000000 -0.000000 0.033761 -0.005456 0.408595
 25 10.363081 -0.000004 -0.000002 -0.020361 0.033108 0.593224
 26 9.253358 -0.000006 -3.973408 -0.070501 0.592165 0.062505
 27 8.210346 -0.000002 7.704017 0.091778 -0.711883 0.045811
 28 1.854841 1.227791 -13.762345 2.989946 0.433964 -2.983791
 29 10.456543 -0.000004 0.000004 0.065848 0.087850 -1.210288
 30 24.248093 0.000001 0.000007 0.025906 0.030614 0.911994
 31 26.336971 0.000019 0.000002 0.050897 0.427926 0.436446
 32 1.854847 1.227798 13.762341 -2.993690 -0.345911 -3.030284
 33 10.456542 -0.000008 0.000004 -0.052959 -0.091801 -1.345577
 34 24.248116 0.000002 -0.000004 -0.029266 -0.033042 1.012135
 35 26.336975 0.000000 0.000004 -0.015997 -0.345669 0.425596
time 16
  0 0.000000 0.000000 0.000000 0.000000 -0.000000 -1.570796
  1 0.000000 0.000000 0.000000 0.000000 -0.000000 0.000000
  2 -2.363353 -11.533880 34.387260 1.557746 -1.526223 -1.557746
  3 4.222169 -0.467508 0.000000 0.007327 0.000889 -0.243532
  4 4.476987 -0.000002 -0.000000 0.010102 -0.014681 -0.110730
  5 4.477083 0.000000 0.000002 -0.006027 0.027836 0.037729
  6 4.477077 -0.000004 -0.000002 -0.016748 -0.013658 0.085541
  7 5.413502 -7.700466 -0.000000 -0.003270 0.033456 -0.529956
  8 6.890240 0.000002 -0.000000 0.003296 0.012351 0.186101
  9 8.011925 0.000004 0.000005 -0.005645 -0.014490 0.231429
 10 7.210720 -0.000002 -0.000000 0.000000 -0.000300 0.438436
 11 8.581028 -0.304903 -0.000000 0.007307 -0.002940 1.299386
 12 22.523008 2.194031 6.355708 0.000000 -0.215574 0.000000
 13 22.523005 2.194038 -6.355709 0.000000 0.261624 0.000000
 14 -3.006533 7.804720 -11.355459 0.944737 0.402956 2.980261
 15 10.384675 0.000008 0.000005 0.715449 0.038729 -1.795556
 16 22.550743 -0.000006 -0.000004 0.079590 0.011556 1.865728
 17 30.814247 -0.000015 -0.000004 2.693233 0.633513 0.747463
 18 -3.013796 7.815494 11.355459 -0.428725 -0.426470 2.951209
 19 10.374533 -0.000002 0.000007 -0.488414 -0.222166 -1.765114
 20 22.550726 -0.000027 -0.000013 -0.216665 0.012819 1.975772
 21 30.814270 -0.000023 0.000002 -2.608582 -0.425433 0.434873
 22 -4.250660 -0.770624 0.000001 0.016155 -0.004285 -2.866324
 23 10.363422 0.000000 0.000000 -0.018025 0.000591 0.257720
 24 10.363076 0.000000 -0.000000 0.036014 -0.007518 0.441322
 25 10.363081 -0.000004 -0.000002 -0.020521 0.031921 0.596472
 26 9.253358 -0.000006 -3.973408 -0.072138 0.602150 0.056492
 27 8.210346 -0.000002 7.704017 0.098358 -0.739085 0.026992
 28 1.854841 1.227791 -13.762345 3.055290 0.442599 -2.818968
 29 10.456543 -0.000004 0.000004 0.077553 0.082725 -1.074559
 30 24.248093 0.000001 0.000007 0.023199 0.027991 0.812003
 31 26.336971 0.000019 0.000002 0.031364 0.443693 0.502883
 32 1.854847 1.227798 13.762341 -3.046327 -0.357075 -2.873856
 33 10.456542 -0.000008 0.000004 -0.065066 -0.088629 -1.217215
 34 24.248116 0.000002 -0.000004 -0.026222 -0.031173 0.918205
 35 26.336975 0.000000 0.000004 0.000084 -0.361056 0.487143
time 17
  0 0.000000 0.000000 0.000000 0.000000 -0.000000 -1.570796
  1 0.000000 0.000000 0.000000 0.000000 -0.000000 0.000000
  2 -2.363353 -9.932268 34.008343 1.562634 -1.525266 -1.562634
  3 4.222169 -0.467508 0.000000 0.006524 0.000741 -0.226802
  4 4.476987 -0.000002 -0.000000 0.011588 -0.014381 -0.065580
  5 4.477083 0.000000 0.000002 -0.003462 0.028466 0.077436
  6 4.477077 -0.000004 -0.000002 -0.017311 -0.013790 0.079716
  7 5.413502 -7.700466 -0.000000 -0.000558 0.033456 -0.419373
  8 6.890240 0.000002 -0.000000 -0.003152 0.011279 0.171161
  9 8.011925 0.000004 0.000005 -0.002907 -0.008243 0.231766
 10 7.210720 -0.000002 -0.000000 0.000165 -0.003761 0.349965
 11 8.581028 -0.304903 -0.000000 0.007330 -0.002547 1.212672
 12 22.523008 2.194031 6.355708 0.000000 -0.288471 0.000000
 13 22.523005 2.194038 -6.355709 0.000000 0.350103 0.000000
 14 -3.006533 7.804720 -11.355459 0.895090 0.478880 2.821901
 15 10.384675 0.000008 0.000005 0.748057 0.056105 -1.708415
 16 22.550743 -0.000006 -0.000004 0.079574 -0.001272 1.836370
 17 30.814247 -0.000015 -0.000004 2.738703 0.652949 0.795236
 18 -3.013796 7.815494 11.355459 -0.347926 -0.410589 2.811216
 19 10.374533 -0.000002 0.000007 -0.464281 -0.411601 -1.799441
 20 22.550726 -0.000027 -0.000013 -0.300457 0.048803 1.998726
 21 30.814270 -0.000023 0.000002 -2.498641 -0.598269 0.437607
 22 -4.250660 -0.770624 0.000001 0.016143 -0.004237 -2.867348
 23 10.363422 0.000000 0.000000 -0.018085 0.000232 0.259832
 24 10.363076 0.000000 -0.000000 0.036098 -0.007673 0.442587
 25 10.363081 -0.000004 -0.000002 -0.020607 0.031798 0.594486
 26 9.253358 -0.000006 -3.973408 -0.072150 0.602591 0.056186
 27 8.210346 -0.000002 7.704017 0.095613 -0.744996 0.029264
 28 1.854841 1.227791 -13.762345 3.083257 0.441414 -2.750727
 29 10.456543 -0.000004 0.000004 0.083772 0.079309 -0.998836
 30 24.248093 0.000001 0.000007 0.021717 0.026538 0.755702
 31 26.336971 0.000019 0.000002 0.031321 0.446084 0.542757
 32 1.854847 1.227798 13.762341 -3.068104 -0.357431 -2.811001
 33 10.456542 -0.000008 0.000004 -0.071849 -0.086068 -1.143280
 34 24.248116 0.000002 -0.000004 -0.024383 -0.029794 0.863320
 35 26.336975 0.000000 0.000004 0.000555 -0.364530 0.525574
time 18
  0 0.000000 0.000000 0.000000 0.000000 -0.000000 -1.570796
  1 0.000000 0.000000 0.000000 0.000000 -0.000000 0.000000
  2 -2.363353 -8.842391 33.727085 1.566659 -1.526343 -1.566659
  3 4.222169 -0.467508 0.000000 0.001755 0.000055 -0.173487
  4 4.476987 -0.000002 -0.000000 0.016070 -0.013310 0.063098
  5 4.477083 0.000000 0.000002 0.001524 0.029015 0.156036
  6 4.477077 -0.000004 -0.000002 -0.018653 -0.014015 0.066822
  7 5.413502 -7.700466 -0.000000 0.005503 0.031994 -0.181155
  8 6.890240 0.000002 -0.000000 -0.012068 0.009580 0.157803
  9 8.011925 0.000004 0.000005 -0.000039 -0.001582 0.231039
 10 7.210720 -0.000002 -0.000000 0.000796 -0.011988 0.151920
 11 8.581028 -0.304903 -0.000000 0.006985 -0.001677 1.024033
 12 22.523008 2.194031 6.355708 0.000000 -0.617149 0.000000
 13 22.523005 2.194038 -6.355709 0.000000 0.748060 0.000000
 14 -3.006533 7.804720 -11.355459 0.782012 0.595223 2.513077
 15 10.384675 0.000008 0.000005 0.786304 0.139168 -1.595448
 16 22.550743 -0.000006 -0.000004 0.078327 -0.028793 1.835825
 17 30.814247 -0.000015 -0.000004 2.781770 0.676679 0.823563
 18 -3.013796 7.815494 11.355459 -0.238922 -0.441380 2.543087
 19 10.374533 -0.000002 0.000007 -0.448642 -0.601335 -1.817069
 20 22.550726 -0.000027 -0.000013 -0.380797 0.092698 2.029310
 21 30.814270 -0.000023 0.000002 -2.395890 -0.739812 0.396802
 22 -4.250660 -0.770624 0.000001 0.016167 -0.004108 -2.873929
 23 10.363422 0.000000 0.000000 -0.018097 0.000112 0.254969
 24 10.363076 0.000000 -0.000000 0.036253 -0.007889 0.444342
 25 10.363081 -0.000004 -0.000002 -0.020693 0.031536 0.593090
 26 9.253358 -0.000006 -3.973408 -0.072358 0.604153 0.055201
 27 8.210346 -0.000002 7.704017 0.091418 -0.745832 0.035266
 28 1.854841 1.227791 -13.762345 3.103837 0.438281 -2.701037
 29 10.456543 -0.000004 0.000004 0.088769 0.076141 -0.935791
 30 24.248093 0.000001 0.000007 0.020456 0.025348 0.708756
 31 26.336971 0.000019 0.000002 0.031756 0.448003 0.580697
 32 1.854847 1.227798 13.762341 -3.083703 -0.355734 -2.766110
 33 10.456542 -0.000008 0.000004 -0.076868 -0.083758 -1.086528
 34 24.248116 0.000002 -0.000004 -0.023048 -0.028608 0.822143
 35 26.336975 0.000000 0.000004 0.000212 -0.367384 0.562479
time 19
  0 0.000000 0.000000 0.000000 0.000000 -0.000000 -1.570796
  1 0.000000 0.000000 0.000000 0.000000 -0.000000 0.000000
  2 -2.363353 -8.018147 33.527859 1.571194 -1.531808 -1.571194
  3 4.222169 -0.467508 0.000000 -0.004130 -0.000909 -0.098000
  4 4.476987 -0.000002 -0.000000 0.021056 -0.012774 0.227869
  5 4.477083 0.000000 0.000002 0.006989 0.029015 0.234620
  6 4.477077 -0.000004 -0.000002 -0.020535 -0.014955 0.026332
  7 5.413502 -7.700466 -0.000000 0.012800 0.028970 0.108278
  8 6.890240 0.000002 -0.000000 -0.023034 0.007371 0.145841
  9 8.011925 0.000004 0.000005 0.002934 0.005384 0.229508
 10 7.210720 -0.000002 -0.000000 0.002361 -0.021963 -0.087612
 11 8.581028 -0.304903 -0.000000 0.006273 -0.001130 0.794702
 12 22.523008 2.194031 6.355708 0.000000 -0.606150 0.000000
 13 22.523005 2.194038 -6.355709 0.000000 0.738622 0.000000
 14 -3.006533 7.804720 -11.355459 0.631225 0.711212 2.138671
 15 10.384675 0.000008 0.000005 0.827503 0.258193 -1.484535
 16 22.550743 -0.000006 -0.000004 0.080454 -0.059500 1.863428
 17 30.814247 -0.000015 -0.000004 2.815360 0.699814 0.838711
 18 -3.013796 7.815494 11.355459 -0.130376 -0.502288 2.228787
 19 10.374533 -0.000002 0.000007 -0.457068 -0.768710 -1.811792
 20 22.550726 -0.000027 -0.000013 -0.448860 0.135199 2.063369
 21 30.814270 -0.000023 0.000002 -2.295770 -0.834622 0.321579
 22 -4.250660 -0.770624 0.000001 0.016191 -0.003980 -2.879741
 23 10.363422 0.000000 0.000000 -0.018109 -0.000032 0.248873
 24 10.363076 0.000000 -0.000000 0.036421 -0.008069 0.446019
 25 10.363081 -0.000004 -0.000002 -0.020792 0.031290 0.591720
 26 9.253358 -0.000006 -3.973408 -0.072565 0.605716 0.054216
 27 8.210346 -0.000002 7.704017 0.086409 -0.746513 0.042590
 28 1.854841 1.227791 -13.762345 3.122174 0.434210 -2.656456
 29 10.456543 -0.000004 0.000004 0.093154 0.072956 -0.878347
 30 24.248093 0.000001 0.000007 0.019344 0.024157 0.665361
 31 26.336971 0.000019 0.000002 0.034409 0.447188 0.611845
 32 1.854847 1.227798 13.762341 -3.097613 -0.353244 -2.725958
 33 10.456542 -0.000008 0.000004 -0.080395 -0.081866 -1.043492
 34 24.248116 0.000002 -0.000004 -0.022258 -0.027829 0.794218
 35 26.336975 0.000000 0.000004 -0.002103 -0.367260 0.592320
time 20
  0 0.000000 0.000000 0.000000 0.000000 -0.000000 -1.570796
  1 0.000000 0.000000 0.000000 0.000000 -0.000000 0.000000
  2 -2.363353 -7.424379 33.406761 1.577619 -1.541979 -1.577619
  3 4.222169 -0.467508 0.000000 -0.009954 -0.002132 -0.010506
  4 4.476987 -0.000002 -0.000000 0.024567 -0.013867 0.390043
  5 4.477083 0.000000 0.000002 0.011195 0.028207 0.272816
  6 4.477077 -0.000004 -0.000002 -0.021589 -0.016590 -0.029606
  7 5.413502 -7.700466 -0.000000 0.019725 0.024127 0.346464
  8 6.890240 0.000002 -0.000000 -0.036445 0.003071 0.126014
  9 8.011925 0.000004 0.000005 0.008316 0.012349 0.222785
 10 7.210720 -0.000002 -0.000000 0.004255 -0.031108 -0.285175
 11 8.581028 -0.304903 -0.000000 0.007444 0.002523 0.604836
 12 22.523008 2.194031 6.355708 0.000000 -0.377866 0.000000
 13 22.523005 2.194038 -6.355709 0.000000 0.474064 0.000000
 14 -3.006533 7.804720 -11.355459 0.490475 0.787137 1.816044
 15 10.384675 0.000008 0.000005 0.871055 0.363448 -1.383120
 16 22.550743 -0.000006 -0.000004 0.082485 -0.091068 1.892241
 17 30.814247 -0.000015 -0.000004 2.825188 0.720253 0.835667
 18 -3.013796 7.815494 11.355459 -0.043468 -0.559983 1.964134
 19 10.374533 -0.000002 0.000007 -0.497514 -0.882497 -1.768883
 20 22.550726 -0.000027 -0.000013 -0.492431 0.165784 2.081732
 21 30.814270 -0.000023 0.000002 -2.216313 -0.884878 0.249285
 22 -4.250660 -0.770624 0.000001 0.016215 -0.003867 -2.885528
 23 10.363422 0.000000 0.000000 -0.018121 -0.000176 0.241545
 24 10.363076 0.000000 -0.000000 0.036577 -0.008213 0.447465
 25 10.363081 -0.000004 -0.000002 -0.020890 0.031028 0.590351
 26 9.253358 -0.000006 -3.973408 -0.072773 0.607278 0.053265
 27 8.210346 -0.000002 7.704017 0.080560 -0.747070 0.051169
 28 1.854841 1.227791 -13.762345 3.132640 0.429843 -2.631397
 29 10.456543 -0.000004 0.000004 0.095949 0.070643 -0.840659
 30 24.248093 0.000001 0.000007 0.018640 0.023168 0.635169
 31 26.336971 0.000019 0.000002 0.040848 0.440513 0.629683
 32 1.854847 1.227798 13.762341 -3.105041 -0.350015 -2.704504
 33 10.456542 -0.000008 0.000004 -0.083346 -0.080085 -1.005657
 34 24.248116 0.000002 -0.000004 -0.021688 -0.027206 0.771421
 35 26.336975 0.000000 0.000004 -0.007550 -0.361149 0.607862
time 21
  0 0.000000 0.000000 0.000000 0.000000 -0.000000 -1.570796
  1 0.000000 0.000000 0.000000 0.000000 -0.000000 0.000000
  2 -2.363353 -7.018116 33.355980 1.595255 -1.557137 -1.595256
  3 4.222169 -0.467508 0.000000 -0.016102 -0.003875 0.130196
  4 4.476987 -0.000002 -0.000000 0.025945 -0.016437 0.550996
  5 4.477083 0.000000 0.000002 0.010920 0.027480 0.189014
  6 4.477077 -0.000004 -0.000002 -0.017023 -0.019766 -0.154548
  7 5.413502 -7.700466 -0.000000 0.014913 0.012370 0.444570
  8 6.890240 0.000002 -0.000000 -0.040556 0.014024 0.181586
  9 8.011925 0.000004 0.000005 -0.005579 0.021359 0.255127
 10 7.210720 -0.000002 -0.000000 0.013835 -0.026430 -0.364849
 11 8.581028 -0.304903 -0.000000 -0.009135 -0.022283 0.537996
 12 22.523008 2.194031 6.355708 0.000000 -0.102868 0.000000
 13 22.523005 2.194038 -6.355709 0.000000 0.153181 0.000000
 14 -3.006533 7.804720 -11.355459 0.438440 0.818510 1.690234
 15 10.384675 0.000008 0.000005 0.880841 0.424658 -1.369902
 16 22.550743 -0.000006 -0.000004 0.086067 -0.109778 1.948355
 17 30.814247 -0.000015 -0.000004 2.819946 0.726961 0.826392
 18 -3.013796 7.815494 11.355459 -0.018673 -0.584159 1.854637
 19 10.374533 -0.000002 0.000007 -0.463270 -0.919474 -1.807965
 20 22.550726 -0.000027 -0.000013 -0.512735 0.177013 2.130431
 21 30.814270 -0.000023 0.000002 -2.192564 -0.882651 0.236092
 22 -4.250660 -0.770624 0.000001 0.016239 -0.003739 -2.891341
 23 10.363422 0.000000 0.000000 -0.018145 -0.000343 0.233029
 24 10.363076 0.000000 -0.000000 0.036721 -0.008321 0.448626
 25 10.363081 -0.000004 -0.000002 -0.020989 0.030781 0.588955
 26 9.253358 -0.000006 -3.973408 -0.072981 0.608840 0.052280
 27 8.210346 -0.000002 7.704017 0.073837 -0.747534 0.061037
 28 1.854841 1.227791 -13.762345 3.136773 0.424588 -2.621849
 29 10.456543 -0.000004 0.000004 0.098133 0.068632 -0.810309
 30 24.248093 0.000001 0.000007 0.018121 0.022281 0.609771
 31 26.336971 0.000019 0.000002 0.048374 0.431710 0.642937
 32 1.854847 1.227798 13.762341 -3.107202 -0.345638 -2.698300
 33 10.456542 -0.000008 0.000004 -0.086161 -0.078276 -0.969754
 34 24.248116 0.000002 -0.000004 -0.021105 -0.026547 0.748014
 35 26.336975 0.000000 0.000004 -0.013896 -0.353052 0.618657
time 22
  0 0.000000 0.000000 0.000000 0.000000 -0.000000 -1.570796
  1 0.000000 0.000000 0.000000 0.000000 -0.000000 0.000000
  2 -2.363353 -6.764203 33.391136 -1.631763 -1.564158 1.631765
  3 4.222169 -0.467508 0.000000 -0.019626 -0.004431 0.296275
  4 4.476987 -0.000002 -0.000000 0.024615 -0.018557 0.639431
  5 4.477083 0.000000 0.000002 0.004700 0.027173 -0.027664
  6 4.477077 -0.000004 -0.000002 -0.004943 -0.020969 -0.343308
  7 5.413502 -7.700466 -0.000000 -0.015152 -0.010585 0.375495
  8 6.890240 0.000002 -0.000000 -0.016047 0.065323 0.437455
  9 8.011925 0.000004 0.000005 -0.069845 0.042159 0.392126
 10 7.210720 -0.000002 -0.000000 0.041424 0.007115 -0.300220
 11 8.581028 -0.304903 -0.000000 -0.068818 -0.126012 0.636206
 12 22.523008 2.194031 6.355708 0.000000 0.051205 0.000000
 13 22.523005 2.194038 -6.355709 0.000000 -0.032427 0.000000
 14 -3.006533 7.804720 -11.355459 0.542022 0.802153 1.896392
 15 10.384675 0.000008 0.000005 0.835944 0.417487 -1.495310
 16 22.550743 -0.000006 -0.000004 0.093903 -0.093019 2.030922
 17 30.814247 -0.000015 -0.000004 2.782600 0.697431 0.793839
 18 -3.013796 7.815494 11.355459 -0.111793 -0.547839 1.986593
 19 10.374533 -0.000002 0.000007 -0.304452 -0.800737 -1.971310
 20 22.550726 -0.000027 -0.000013 -0.480910 0.149608 2.221253
 21 30.814270 -0.000023 0.000002 -2.244518 -0.784440 0.300605
 22 -4.250660 -0.770624 0.000001 0.016251 -0.003611 -2.897128
 23 10.363422 0.000000 0.000000 -0.018145 -0.000523 0.223368
 24 10.363076 0.000000 -0.000000 0.036853 -0.008392 0.449530
 25 10.363081 -0.000004 -0.000002 -0.021075 0.030520 0.587586
 26 9.253358 -0.000006 -3.973408 -0.073201 0.610368 0.051295
 27 8.210346 -0.000002 7.704017 0.066239 -0.747937 0.072260
 28 1.854841 1.227791 -13.762345 3.133519 0.417409 -2.630911
 29 10.456543 -0.000004 0.000004 0.100334 0.066514 -0.779134
 30 24.248093 0.000001 0.000007 0.017565 0.021352 0.583841
 31 26.336971 0.000019 0.000002 0.055552 0.423012 0.656467
 32 1.854847 1.227798 13.762341 -3.102880 -0.339043 -2.710622
 33 10.456542 -0.000008 0.000004 -0.088467 -0.076662 -0.940353
 34 24.248116 0.000002 -0.000004 -0.020535 -0.025875 0.724659
 35 26.336975 0.000000 0.000004 -0.020071 -0.345234 0.629904
time 23
  0 0.000000 0.000000 0.000000 0.000000 -0.000000 -1.570796
  1 0.000000 0.000000 0.000000 0.000000 -0.000000 0.000000
  2 -2.363353 -6.627480 33.527859 -1.582490 -1.538669 1.582491
  3 4.222169 -0.467508 0.000000 -0.013813 -0.003152 0.263047
  4 4.476987 -0.000002 -0.000000 0.020073 -0.016780 0.489931
  5 4.477083 0.000000 0.000002 -0.002096 0.026414 -0.153812
  6 4.477077 -0.000004 -0.000002 0.000342 -0.018450 -0.359099
  7 5.413502 -7.700466 -0.000000 -0.037841 -0.024059 0.137091
  8 6.890240 0.000002 -0.000000 0.016826 0.099371 0.630211
  9 8.011925 0.000004 0.000005 -0.117164 0.056314 0.491384
 10 7.210720 -0.000002 -0.000000 0.060722 0.032821 -0.096757
 11 8.581028 -0.304903 -0.000000 -0.119246 -0.194949 0.860035
 12 22.523008 2.194031 6.355708 0.000000 0.020684 0.000000
 13 22.523005 2.194038 -6.355709 0.000000 -0.006201 0.000000
 14 -3.006533 7.804720 -11.355459 0.730466 0.688106 2.357944
 15 10.384675 0.000008 0.000005 0.787612 0.282995 -1.631437
 16 22.550743 -0.000006 -0.000004 0.093999 -0.054650 1.994784
 17 30.814247 -0.000015 -0.000004 2.723677 0.643231 0.728912
 18 -3.013796 7.815494 11.355459 -0.283878 -0.448367 2.302260
 19 10.374533 -0.000002 0.000007 -0.259018 -0.487880 -1.958843
 20 22.550726 -0.000027 -0.000013 -0.383432 0.090126 2.196252
 21 30.814270 -0.000023 0.000002 -2.366843 -0.579650 0.371337
 22 -4.250660 -0.770624 0.000001 0.016275 -0.003482 -2.902940
 23 10.363422 0.000000 0.000000 -0.018157 -0.000727 0.212563
 24 10.363076 0.000000 -0.000000 0.036948 -0.008452 0.450201
 25 10.363081 -0.000004 -0.000002 -0.021173 0.030258 0.586217
 26 9.253358 -0.000006 -3.973408 -0.073408 0.611931 0.050310
 27 8.210346 -0.000002 7.704017 0.057742 -0.748308 0.084807
 28 1.854841 1.227791 -13.762345 3.127231 0.409341 -2.647637
 29 10.456543 -0.000004 0.000004 0.102430 0.064361 -0.748263
 30 24.248093 0.000001 0.000007 0.017046 0.020404 0.557852
 31 26.336971 0.000019 0.000002 0.062513 0.414182 0.669998
 32 1.854847 1.227798 13.762341 -3.096026 -0.331382 -2.730654
 33 10.456542 -0.000008 0.000004 -0.090637 -0.075104 -0.913435
 34 24.248116 0.000002 -0.000004 -0.019991 -0.025192 0.701253
 35 26.336975 0.000000 0.000004 -0.026204 -0.337386 0.641151
time 24
  0 0.000000 0.000000 0.000000 0.000000 -0.000000 -1.570796
  1 0.000000 0.000000 0.000000 0.000000 -0.000000 0.000000
  2 -2.363353 -6.568884 33.848183 -1.574535 -1.507355 1.574535
  3 4.222169 -0.467508 0.000000 -0.000930 -0.000983 0.004368
  4 4.476987 -0.000002 -0.000000 0.013901 -0.014295 0.151554
  5 4.477083 0.000000 0.000002 -0.005044 0.026479 -0.084743
  6 4.477077 -0.000004 -0.000002 -0.005698 -0.016628 -0.148864
  7 5.413502 -7.700466 -0.000000 -0.024270 -0.002905 -0.230970
  8 6.890240 0.000002 -0.000000 0.015256 0.069192 0.469941
  9 8.011925 0.000004 0.000005 -0.081488 0.020257 0.401782
 10 7.210720 -0.000002 -0.000000 0.038706 0.020444 0.202336
 11 8.581028 -0.304903 -0.000000 -0.077888 -0.119371 1.117722
 12 22.523008 2.194031 6.355708 0.000000 0.016681 0.000000
 13 22.523005 2.194038 -6.355709 0.000000 -0.012100 0.000000
 14 -3.006533 7.804720 -11.355459 0.834970 0.510501 2.734892
 15 10.384675 0.000008 0.000005 0.754631 0.088439 -1.685255
 16 22.550743 -0.000006 -0.000004 0.077447 -0.016826 1.831769
 17 30.814247 -0.000015 -0.000004 2.709438 0.602071 0.701122
 18 -3.013796 7.815494 11.355459 -0.407443 -0.398557 2.581733
 19 10.374533 -0.000002 0.000007 -0.337888 -0.139675 -1.782510
 20 22.550726 -0.000027 -0.000013 -0.235908 0.029780 2.034397
 21 30.814270 -0.000023 0.000002 -2.583745 -0.346379 0.428431
 22 -4.250660 -0.770624 0.000001 0.016275 -0.003402 -2.906602
 23 10.363422 0.000000 0.000000 -0.018157 -0.000955 0.200658
 24 10.363076 0.000000 -0.000000 0.037008 -0.008644 0.451439
 25 10.363081 -0.000004 -0.000002 -0.021260 0.030011 0.584821
 26 9.253358 -0.000006 -3.973408 -0.076682 0.613221 0.043991
 27 8.210346 -0.000002 7.704017 0.048310 -0.748679 0.098710
 28 1.854841 1.227791 -13.762345 3.122086 0.401396 -2.661808
 29 10.456543 -0.000004 0.000004 0.104649 0.061923 -0.714657
 30 24.248093 0.000001 0.000007 0.016564 0.019456 0.531922
 31 26.336971 0.000019 0.000002 0.068995 0.405773 0.684135
 32 1.854847 1.227798 13.762341 -3.090219 -0.323857 -2.748145
 33 10.456542 -0.000008 0.000004 -0.092740 -0.073462 -0.886163
 34 24.248116 0.000002 -0.000004 -0.019447 -0.024497 0.677795
 35 26.336975 0.000000 0.000004 -0.031993 -0.330034 0.653019
time 25
  0 0.000000 0.000000 0.000000 0.000000 -0.000000 -1.570796
  1 0.000000 0.000000 0.000000 0.000000 -0.000000 0.000000
  2 -2.363353 -6.705607 34.496639 -1.571947 -1.461841 1.571947
  3 4.222169 -0.467508 0.000000 0.007196 -0.000316 -0.191627
  4 4.476987 -0.000002 -0.000000 0.009718 -0.014038 -0.074371
  5 4.477083 0.000000 0.000002 -0.006877 0.029128 -0.001875
  6 4.477077 -0.000004 -0.000002 -0.011127 -0.013621 0.022984
  7 5.413502 -7.700466 -0.000000 -0.008254 0.026455 -0.479612
  8 6.890240 0.000002 -0.000000 0.010942 0.023591 0.231736
  9 8.011925 0.000004 0.000005 -0.022474 -0.014793 0.271220
 10 7.210720 -0.000002 -0.000000 0.007659 0.003637 0.400757
 11 8.581028 -0.304903 -0.000000 -0.007505 -0.023785 1.269838
 12 22.523008 2.194031 6.355708 0.000000 -0.039901 0.000000
 13 22.523005 2.194038 -6.355709 0.000000 0.056747 0.000000
 14 -3.006533 7.804720 -11.355459 0.835730 0.383029 2.843739
 15 10.384675 0.000008 0.000005 0.713171 0.004761 -1.731519
 16 22.550743 -0.000006 -0.000004 0.070122 0.011384 1.770570
 17 30.814247 -0.000015 -0.000004 2.735078 0.590128 0.699833
 18 -3.013796 7.815494 11.355459 -0.406628 -0.542831 2.734209
 19 10.374533 -0.000002 0.000007 -0.569508 -0.017814 -1.636677
 20 22.550726 -0.000027 -0.000013 -0.095247 -0.008029 1.936565
 21 30.814270 -0.000023 0.000002 -2.815838 -0.210538 0.429546
 22 -4.250660 -0.770624 0.000001 0.016419 -0.003033 -2.928009
 23 10.363422 0.000000 0.000000 -0.018157 -0.001194 0.187675
 24 10.363076 0.000000 -0.000000 0.037080 -0.007446 0.445426
 25 10.363081 -0.000004 -0.000002 -0.021309 0.029765 0.585599
 26 9.253358 -0.000006 -3.973408 -0.054586 0.616550 0.081902
 27 8.210346 -0.000002 7.704017 0.037931 -0.749051 0.114003
 28 1.854841 1.227791 -13.762345 3.112984 0.392046 -2.686927
 29 10.456543 -0.000004 0.000004 0.107322 0.058809 -0.673235
 30 24.248093 0.000001 0.000007 0.016119 0.018447 0.505104
 31 26.336971 0.000019 0.000002 0.078522 0.392844 0.692806
 32 1.854847 1.227798 13.762341 -3.080597 -0.314801 -2.776881
 33 10.456542 -0.000008 0.000004 -0.094877 -0.071709 -0.858063
 34 24.248116 0.000002 -0.000004 -0.018916 -0.023766 0.653678
 35 26.336975 0.000000 0.000004 -0.040569 -0.318277 0.659123
time 26
  0 0.000000 0.000000 0.000000 0.000000 -0.000000 -1.570796
  1 0.000000 0.000000 0.000000 0.000000 -0.000000 0.000000
  2 -2.363353 -7.303281 35.551361 -1.571563 -1.393071 1.571563
  3 4.222169 -0.467508 0.000000 0.006644 -0.004227 -0.154274
  4 4.476987 -0.000002 -0.000000 0.007573 -0.013074 -0.040608
  5 4.477083 0.000000 0.000002 -0.010928 0.039644 -0.051438
  6 4.477077 -0.000004 -0.000002 -0.007436 -0.006329 -0.026133
  7 5.413502 -7.700466 -0.000000 -0.009995 0.027509 -0.425222
  8 6.890240 0.000002 -0.000000 0.012452 0.010221 0.163318
  9 8.011925 0.000004 0.000005 -0.004008 -0.015384 0.235815
 10 7.210720 -0.000002 -0.000000 0.006396 -0.001095 0.353210
 11 8.581028 -0.304903 -0.000000 0.007261 0.001447 1.216037
 12 22.523008 2.194031 6.355708 0.000000 -0.235739 0.000000
 13 22.523005 2.194038 -6.355709 0.000000 0.321457 0.000000
 14 -3.006533 7.804720 -11.355459 0.723629 0.346674 2.747597
 15 10.384675 0.000008 0.000005 0.653745 0.058800 -1.820827
 16 22.550743 -0.000006 -0.000004 0.089250 0.027770 1.886430
 17 30.814247 -0.000015 -0.000004 2.773209 0.550692 0.662589
 18 -3.013796 7.815494 11.355459 -0.270590 -0.761653 2.860065
 19 10.374533 -0.000002 0.000007 -1.032210 -0.310538 -1.467127
 20 22.550726 -0.000027 -0.000013 -0.008922 -0.030644 1.967087
 21 30.814270 -0.000023 0.000002 -2.883788 -0.363898 0.343390
 22 -4.250660 -0.770624 0.000001 0.016790 -0.001813 -2.995506
 23 10.363422 0.000000 0.000000 -0.018085 -0.003136 0.088185
 24 10.363076 0.000000 -0.000000 0.037092 -0.002939 0.422584
 25 10.363081 -0.000004 -0.000002 -0.021814 0.029441 0.570753
 26 9.253358 -0.000006 -3.973408 0.033858 0.619674 0.233578
 27 8.210346 -0.000002 7.704017 -0.043624 -0.750350 0.232854
 28 1.854841 1.227791 -13.762345 3.088446 0.381757 -2.754742
 29 10.456543 -0.000004 0.000004 0.109383 0.056300 -0.639932
 30 24.248093 0.000001 0.000007 0.015785 0.017741 0.485094
 31 26.336971 0.000019 0.000002 0.096141 0.369561 0.689216
 32 1.854847 1.227798 13.762341 -3.057705 -0.303527 -2.846973
 33 10.456542 -0.000008 0.000004 -0.096470 -0.070373 -0.837057
 34 24.248116 0.000002 -0.000004 -0.018527 -0.023191 0.635552
 35 26.336975 0.000000 0.000004 -0.056479 -0.296407 0.650985
time 27
  0 0.000000 0.000000 0.000000 0.000000 -0.000000 -1.570796
  1 0.000000 0.000000 0.000000 0.000000 -0.000000 0.000000
  2 -2.363353 -8.186121 36.684204 -1.571563 -1.306311 1.571563
  3 4.222169 -0.467508 0.000000 0.002977 -0.010993 0.003325
  4 4.476987 -0.000002 -0.000000 0.006950 -0.011618 0.104008
  5 4.477083 0.000000 0.000002 -0.017819 0.056637 -0.175511
  6 4.477077 -0.000004 -0.000002 0.000726 0.006468 -0.180524
  7 5.413502 -7.700466 -0.000000 -0.024470 0.012726 -0.181560
  8 6.890240 0.000002 -0.000000 0.014489 0.009136 0.159385
  9 8.011925 0.000004 0.000005 -0.002305 -0.005304 0.236283
 10 7.210720 -0.000002 -0.000000 0.021412 -0.000742 0.150418
 11 8.581028 -0.304903 -0.000000 0.000624 -0.000499 1.024349
 12 22.523008 2.194031 6.355708 0.000000 -0.364546 0.000000
 13 22.523005 2.194038 -6.355709 0.000000 0.496085 0.000000
 14 -3.006533 7.804720 -11.355459 0.468391 0.350066 2.530589
 15 10.384675 0.000008 0.000005 0.571572 0.111247 -1.843764
 16 22.550743 -0.000006 -0.000004 0.103051 0.038015 1.936309
 17 30.814247 -0.000015 -0.000004 2.877734 0.438624 0.660476
 18 -3.013796 7.815494 11.355459 0.053114 -0.773312 2.798106
 19 10.374533 -0.000002 0.000007 -1.617329 -0.814458 -0.974716
 20 22.550726 -0.000027 -0.000013 0.066924 -0.045427 2.044757
 21 30.814270 -0.000023 0.000002 -2.758446 -0.706145 0.237403
 22 -4.250660 -0.770624 0.000001 0.017414 -0.001396 -3.048433
 23 10.363422 0.000000 0.000000 -0.016958 -0.004802 -0.038570
 24 10.363076 0.000000 -0.000000 0.036769 0.002993 0.392567
 25 10.363081 -0.000004 -0.000002 -0.022835 0.028840 0.496681
 26 9.253358 -0.000006 -3.973408 0.104054 0.603134 0.364464
 27 8.210346 -0.000002 7.704017 -0.140543 -0.730420 0.381377
 28 1.854841 1.227791 -13.762345 3.048826 0.372505 -2.865739
 29 10.456543 -0.000004 0.000004 0.109872 0.055838 -0.631161
 30 24.248093 0.000001 0.000007 0.015748 0.017761 0.479825
 31 26.336971 0.000019 0.000002 0.118415 0.342389 0.682810
 32 1.854847 1.227798 13.762341 -3.023537 -0.291762 -2.956400
 33 10.456542 -0.000008 0.000004 -0.096911 -0.069983 -0.831539
 34 24.248116 0.000002 -0.000004 -0.018411 -0.022999 0.630831
 35 26.336975 0.000000 0.000004 -0.076720 -0.270907 0.639003
time 28
  0 0.000000 0.000000 0.000000 0.000000 -0.000000 -1.570796
  1 0.000000 0.000000 0.000000 0.000000 -0.000000 0.000000
  2 -2.363353 -8.725201 37.137344 -1.571563 -1.207544 1.571563
  3 4.222169 -0.467508 0.000000 -0.001206 -0.015016 0.136391
  4 4.476987 -0.000002 -0.000000 0.008016 -0.011489 0.243674
  5 4.477083 0.000000 0.000002 -0.020492 0.064811 -0.231759
  6 4.477077 -0.000004 -0.000002 0.005364 0.013929 -0.288818
  7 5.413502 -7.700466 -0.000000 -0.042068 -0.003806 0.107002
  8 6.890240 0.000002 -0.000000 0.016539 0.006666 0.147726
  9 8.011925 0.000004 0.000005 -0.000445 0.001502 0.232155
 10 7.210720 -0.000002 -0.000000 0.038953 -0.000230 -0.089838
 11 8.581028 -0.304903 -0.000000 -0.004726 0.000030 0.795648
 12 22.523008 2.194031 6.355708 0.000000 -0.188597 0.000000
 13 22.523005 2.194038 -6.355709 0.000000 0.252035 0.000000
 14 -3.006533 7.804720 -11.355459 0.170017 0.274777 2.141761
 15 10.384675 0.000008 0.000005 0.439423 0.041784 -1.593892
 16 22.550743 -0.000006 -0.000004 0.096782 0.015430 1.655437
 17 30.814247 -0.000015 -0.000004 3.032270 0.313044 0.764402
 18 -3.013796 7.815494 11.355459 0.489996 -0.608859 2.344042
 19 10.374533 -0.000002 0.000007 -2.194964 -1.078643 -0.185942
 20 22.550726 -0.000027 -0.000013 0.191897 -0.042129 2.074908
 21 30.814270 -0.000023 0.000002 -2.824292 -0.821385 0.311733
 22 -4.250660 -0.770624 0.000001 0.019691 -0.005745 -2.998527
 23 10.363422 0.000000 0.000000 -0.014777 -0.001350 -0.008686
 24 10.363076 0.000000 -0.000000 0.036050 0.008841 0.362809
 25 10.363081 -0.000004 -0.000002 -0.022946 0.028070 0.356619
 26 9.253358 -0.000006 -3.973408 0.033809 0.568187 0.297170
 27 8.210346 -0.000002 7.704017 -0.072914 -0.696595 0.320137
 28 1.854841 1.227791 -13.762345 3.006480 0.360046 -2.987319
 29 10.456543 -0.000004 0.000004 0.109139 0.056923 -0.643666
 30 24.248093 0.000001 0.000007 0.016007 0.018306 0.489297
 31 26.336971 0.000019 0.000002 0.142994 0.316006 0.682644
 32 1.854847 1.227798 13.762341 -2.988018 -0.276959 -3.075045
 33 10.456542 -0.000008 0.000004 -0.096301 -0.070568 -0.841234
 34 24.248116 0.000002 -0.000004 -0.018566 -0.023131 0.638294
 35 26.336975 0.000000 0.000004 -0.098547 -0.246617 0.635273
time 29
  0 0.000000 0.000000 0.000000 0.000000 -0.000000 -1.570796
  1 0.000000 0.000000 0.000000 0.000000 -0.000000 0.000000
  2 -2.363353 -8.647072 36.156845 -1.571564 -1.098805 1.571564
  3 4.222169 -0.467508 0.000000 -0.005712 -0.011123 0.169021
  4 4.476987 -0.000002 -0.000000 0.011300 -0.012882 0.352108
  5 4.477083 0.000000 0.000002 -0.012726 0.054247 -0.148268
  6 4.477077 -0.000004 -0.000002 0.001960 0.004627 -0.286716
  7 5.413502 -7.700466 -0.000000 -0.057233 -0.017994 0.345282
  8 6.890240 0.000002 -0.000000 0.018732 0.004771 0.137464
  9 8.011925 0.000004 0.000005 -0.001087 0.005352 0.227613
 10 7.210720 -0.000002 -0.000000 0.053447 0.000477 -0.289841
 11 8.581028 -0.304903 -0.000000 -0.009595 0.000065 0.608586
 12 22.523008 2.194031 6.355708 0.000000 0.039076 0.000000
 13 22.523005 2.194038 -6.355709 0.000000 -0.071600 0.000000
 14 -3.006533 7.804720 -11.355459 0.052491 0.167903 1.621012
 15 10.384675 0.000008 0.000005 0.248259 -0.114306 -1.120030
 16 22.550743 -0.000006 -0.000004 0.100796 -0.093392 1.145690
 17 30.814247 -0.000015 -0.000004 -3.091923 0.232574 0.931392
 18 -3.013796 7.815494 11.355459 0.797407 -0.578218 1.723821
 19 10.374533 -0.000002 0.000007 -2.083536 -0.972796 -0.146222
 20 22.550726 -0.000027 -0.000013 0.346387 0.000785 1.897295
 21 30.814270 -0.000023 0.000002 3.133382 -0.622076 0.544291
 22 -4.250660 -0.770624 0.000001 0.023562 -0.015711 -2.868372
 23 10.363422 0.000000 0.000000 -0.011697 0.004978 0.100310
 24 10.363076 0.000000 -0.000000 0.034911 0.014762 0.332611
 25 10.363081 -0.000004 -0.000002 -0.022109 0.027485 0.185226
 26 9.253358 -0.000006 -3.973408 -0.142822 0.512489 0.093350
 27 8.210346 -0.000002 7.704017 0.110402 -0.640889 0.121157
 28 1.854841 1.227791 -13.762345 2.964265 0.346871 -3.111393
 29 10.456543 -0.000004 0.000004 0.104719 0.062190 -0.717566
 30 24.248093 0.000001 0.000007 0.017083 0.020222 0.545124
 31 26.336971 0.000019 0.000002 0.171098 0.289964 0.690873
 32 1.854847 1.227798 13.762341 -2.954086 -0.261828 3.089409
 33 10.456542 -0.000008 0.000004 -0.091689 -0.074325 -0.903504
 34 24.248116 0.000002 -0.000004 -0.019732 -0.024461 0.684955
 35 26.336975 0.000000 0.000004 -0.122090 -0.223227 0.645446
time 30
  0 0.000000 0.000000 0.000000 0.000000 -0.000000 -1.570796
  1 0.000000 0.000000 0.000000 0.000000 -0.000000 0.000000
  2 -2.363353 -8.041586 33.207539 -1.571372 -0.980891 1.571372
  3 4.222169 -0.467508 0.000000 -0.009044 -0.005654 0.164635
  4 4.476987 -0.000002 -0.000000 0.014548 -0.014317 0.403761
  5 4.477083 0.000000 0.000002 -0.005523 0.039644 -0.070291
  6 4.477077 -0.000004 -0.000002 -0.002666 -0.008021 -0.261783
  7 5.413502 -7.700466 -0.000000 -0.061407 -0.026251 0.446126
  8 6.890240 0.000002 -0.000000 0.020398 -0.000601 0.115356
  9 8.011925 0.000004 0.000005 -0.003890 0.006758 0.222759
 10 7.210720 -0.000002 -0.000000 0.058142 0.000636 -0.364930
 11 8.581028 -0.304903 -0.000000 -0.011638 -0.000294 0.521032
 12 22.523008 2.194031 6.355708 0.000000 0.090648 0.000000
 13 22.523005 2.194038 -6.355709 0.000000 -0.161016 0.000000
 14 -3.006533 7.804720 -11.355459 0.059327 0.222524 1.273869
 15 10.384675 0.000008 0.000005 0.203363 -0.273834 -0.851053
 16 22.550743 -0.000006 -0.000004 0.094351 -0.197135 0.835217
 17 30.814247 -0.000015 -0.000004 -2.927995 0.195552 1.031594
 18 -3.013796 7.815494 11.355459 0.912521 -0.737738 1.269928
 19 10.374533 -0.000002 0.000007 -1.797111 -0.598345 -0.533158
 20 22.550726 -0.000027 -0.000013 0.465211 0.083569 1.551872
 21 30.814270 -0.000023 0.000002 2.892415 -0.398421 0.722712
 22 -4.250660 -0.770624 0.000001 0.027169 -0.027377 -2.738858
 23 10.363422 0.000000 0.000000 -0.007766 0.012013 0.207106
 24 10.363076 0.000000 -0.000000 0.033365 0.020742 0.301897
 25 10.363081 -0.000004 -0.000002 -0.021346 0.026899 0.029994
 26 9.253358 -0.000006 -3.973408 -0.314703 0.453463 -0.105681
 27 8.210346 -0.000002 7.704017 0.277048 -0.563583 -0.061172
 28 1.854841 1.227791 -13.762345 2.915279 0.338557 3.030263
 29 10.456543 -0.000004 0.000004 0.093503 0.072867 -0.880518
 30 24.248093 0.000001 0.000007 0.019715 0.023976 0.667256
 31 26.336971 0.000019 0.000002 0.203551 0.263790 0.711914
 32 1.854847 1.227798 13.762341 -2.917959 -0.251950 2.960983
 33 10.456542 -0.000008 0.000004 -0.080158 -0.081838 -1.045186
 34 24.248116 0.000002 -0.000004 -0.022789 -0.027625 0.790105
 35 26.336975 0.000000 0.000004 -0.147091 -0.200395 0.675739
time 31
  0 0.000000 0.000000 0.000000 0.000000 -0.000000 -1.570796
  1 0.000000 0.000000 0.000000 0.000000 -0.000000 0.000000
  2 -2.363353 -6.807173 28.402702 -1.571276 -0.858788 1.571276
  3 4.222169 -0.467508 0.000000 -0.008612 -0.005469 0.202571
  4 4.476987 -0.000002 -0.000000 0.011624 -0.014060 0.397457
  5 4.477083 0.000000 0.000002 -0.005271 0.033522 -0.152315
  6 4.477077 -0.000004 -0.000002 0.000894 -0.008735 -0.318033
  7 5.413502 -7.700466 -0.000000 -0.042745 -0.030040 0.384985
  8 6.890240 0.000002 -0.000000 0.020805 -0.016154 0.061529
  9 8.011925 0.000004 0.000005 -0.008081 0.006726 0.217750
 10 7.210720 -0.000002 -0.000000 0.046640 -0.001924 -0.254174
 11 8.581028 -0.304903 -0.000000 -0.010467 -0.000601 0.513461
 12 22.523008 2.194031 6.355708 0.000000 0.037732 0.000000
 13 22.523005 2.194038 -6.355709 0.000000 -0.130313 0.000000
 14 -3.006533 7.804720 -11.355459 0.015486 0.278416 1.270572
 15 10.384675 0.000008 0.000005 0.353141 -0.334386 -0.973406
 16 22.550743 -0.000006 -0.000004 0.084180 -0.137271 0.924321
 17 30.814247 -0.000015 -0.000004 -2.877284 0.176556 1.001655
 18 -3.013796 7.815494 11.355459 0.909466 -0.873381 1.146522
 19 10.374533 -0.000002 0.000007 -1.680492 -0.298711 -0.752980
 20 22.550726 -0.000027 -0.000013 0.535092 0.158855 1.324754
 21 30.814270 -0.000023 0.000002 2.749427 -0.248682 0.824459
 22 -4.250660 -0.770624 0.000001 0.031364 -0.037664 -2.679247
 23 10.363422 0.000000 0.000000 -0.004338 0.017969 0.261835
 24 10.363076 0.000000 -0.000000 0.031388 0.026746 0.270771
 25 10.363081 -0.000004 -0.000002 -0.021358 0.028578 -0.027942
 26 9.253358 -0.000006 -3.973408 -0.400240 0.423678 -0.188126
 27 8.210346 -0.000002 7.704017 0.356542 -0.504535 -0.133670
 28 1.854841 1.227791 -13.762345 2.872624 0.329107 2.906312
 29 10.456543 -0.000004 0.000004 0.080034 0.081871 -1.049463
 30 24.248093 0.000001 0.000007 0.022718 0.027628 0.793414
 31 26.336971 0.000019 0.000002 0.235744 0.235304 0.766367
 32 1.854847 1.227798 13.762341 -2.887201 -0.242647 2.849834
 33 10.456542 -0.000008 0.000004 -0.067135 -0.087794 -1.193924
 34 24.248116 0.000002 -0.000004 -0.026196 -0.030669 0.900333
 35 26.336975 0.000000 0.000004 -0.172821 -0.177563 0.732538
time 32
  0 0.000000 0.000000 0.000000 0.000000 -0.000000 -1.570796
  1 0.000000 0.000000 0.000000 0.000000 -0.000000 0.000000
  2 -2.363353 -5.061026 23.519741 -1.571180 -0.735888 1.571180
  3 4.222169 -0.467508 0.000000 -0.006826 -0.009232 0.253279
  4 4.476987 -0.000002 -0.000000 0.004265 -0.013010 0.376347
  5 4.477083 0.000000 0.000002 -0.013385 0.038578 -0.302918
  6 4.477077 -0.000004 -0.000002 0.006455 0.005266 -0.396863
  7 5.413502 -7.700466 -0.000000 -0.001037 -0.032164 0.219079
  8 6.890240 0.000002 -0.000000 0.021788 -0.035315 -0.001536
  9 8.011925 0.000004 0.000005 -0.013333 0.005623 0.212688
 10 7.210720 -0.000002 -0.000000 0.019902 -0.007786 0.010432
 11 8.581028 -0.304903 -0.000000 -0.008561 -0.000806 0.521733
 12 22.523008 2.194031 6.355708 0.000000 -0.190400 0.000000
 13 22.523005 2.194038 -6.355709 0.000000 0.059137 0.000000
 14 -3.006533 7.804720 -11.355459 -0.070625 0.204859 1.411421
 15 10.384675 0.000008 0.000005 0.429973 -0.223678 -1.209671
 16 22.550743 -0.000006 -0.000004 0.116901 -0.012407 1.172324
 17 30.814247 -0.000015 -0.000004 -2.920569 0.144643 0.913594
 18 -3.013796 7.815494 11.355459 0.885690 -0.899911 1.195884
 19 10.374533 -0.000002 0.000007 -1.608565 -0.230040 -0.843437
 20 22.550726 -0.000027 -0.000013 0.541404 0.181882 1.301429
 21 30.814270 -0.000023 0.000002 2.678740 -0.176235 0.839158
 22 -4.250660 -0.770624 0.000001 0.036721 -0.045800 -2.713713
 23 10.363422 0.000000 0.000000 -0.001930 0.021672 0.246651
 24 10.363076 0.000000 -0.000000 0.028979 0.032751 0.239205
 25 10.363081 -0.000004 -0.000002 -0.023993 0.039440 0.060896
 26 9.253358 -0.000006 -3.973408 -0.400167 0.430675 -0.090598
 27 8.210346 -0.000002 7.704017 0.345468 -0.478508 -0.036283
 28 1.854841 1.227791 -13.762345 2.853892 0.322273 2.850113
 29 10.456543 -0.000004 0.000004 0.072941 0.085092 -1.128877
 30 24.248093 0.000001 0.000007 0.024237 0.029403 0.852200
 31 26.336971 0.000019 0.000002 0.263935 0.203428 0.842745
 32 1.854847 1.227798 13.762341 -2.873122 -0.236080 2.797533
 33 10.456542 -0.000008 0.000004 -0.060895 -0.089769 -1.264903
 34 24.248116 0.000002 -0.000004 -0.027505 -0.031964 0.952781
 35 26.336975 0.000000 0.000004 -0.195678 -0.152280 0.810814
time 33
  0 0.000000 0.000000 0.000000 0.000000 -0.000000 -1.570796
  1 0.000000 0.000000 0.000000 0.000000 -0.000000 0.000000
  2 -2.363353 -3.451602 20.851692 -1.571084 -0.612230 1.571084
  3 4.222169 -0.467508 0.000000 -0.005304 -0.015795 0.298559
  4 4.476987 -0.000002 -0.000000 -0.005742 -0.011768 0.357413
  5 4.477083 0.000000 0.000002 -0.039008 0.068930 -0.420543
  6 4.477077 -0.000004 -0.000002 0.008396 0.035728 -0.457707
  7 5.413502 -7.700466 -0.000000 0.049989 -0.032742 0.018915
  8 6.890240 0.000002 -0.000000 0.023933 -0.054188 -0.061879
  9 8.011925 0.000004 0.000005 -0.019396 0.003690 0.207549
 10 7.210720 -0.000002 -0.000000 -0.012243 -0.015413 0.333044
 11 8.581028 -0.304903 -0.000000 -0.006632 -0.001011 0.530355
 12 22.523008 2.194031 6.355708 0.000000 -0.560628 0.000000
 13 22.523005 2.194038 -6.355709 0.000000 0.404854 0.000000
 14 -3.006533 7.804720 -11.355459 -0.162052 -0.064464 1.528852
 15 10.384675 0.000008 0.000005 0.252368 -0.001455 -1.297534
 16 22.550743 -0.000006 -0.000004 0.122434 0.013938 1.339455
 17 30.814247 -0.000015 -0.000004 -2.983249 0.168593 0.827789
 18 -3.013796 7.815494 11.355459 0.787021 -0.955252 1.304242
 19 10.374533 -0.000002 0.000007 -1.547492 -0.224658 -0.923341
 20 22.550726 -0.000027 -0.000013 0.520405 0.187496 1.338651
 21 30.814270 -0.000023 0.000002 2.652640 -0.168136 0.819774
 22 -4.250660 -0.770624 0.000001 0.042617 -0.053439 -2.814344
 23 10.363422 0.000000 0.000000 0.000156 0.024405 0.203739
 24 10.363076 0.000000 -0.000000 0.026102 0.038791 0.207021
 25 10.363081 -0.000004 -0.000002 -0.029693 0.061439 0.259056
 26 9.253358 -0.000006 -3.973408 -0.367322 0.452784 0.135914
 27 8.210346 -0.000002 7.704017 0.291861 -0.468389 0.188060
 28 1.854841 1.227791 -13.762345 2.840787 0.315858 2.808755
 29 10.456543 -0.000004 0.000004 0.075404 0.083971 -1.098310
 30 24.248093 0.000001 0.000007 0.023793 0.028616 0.829645
 31 26.336971 0.000019 0.000002 0.286078 0.166770 0.917024
 32 1.854847 1.227798 13.762341 -2.861643 -0.229458 2.755572
 33 10.456542 -0.000008 0.000004 -0.063438 -0.089018 -1.236448
 34 24.248116 0.000002 -0.000004 -0.026624 -0.031340 0.931508
 35 26.336975 0.000000 0.000004 -0.213431 -0.121631 0.887846
time 34
  0 0.000000 0.000000 0.000000 0.000000 -0.000000 -1.570796
  1 0.000000 0.000000 0.000000 0.000000 -0.000000 0.000000
  2 -2.363353 -2.107810 20.238392 -1.571276 -0.483905 1.571276
  3 4.222169 -0.467508 0.000000 -0.004334 -0.023488 0.329932
  4 4.476987 -0.000002 -0.000000 -0.018997 -0.010397 0.338745
  5 4.477083 0.000000 0.000002 -0.070623 0.103709 -0.513593
  6 4.477077 -0.000004 -0.000002 0.007054 0.075098 -0.505204
  7 5.413502 -7.700466 -0.000000 0.091858 -0.032946 -0.146960
  8 6.890240 0.000002 -0.000000 0.027229 -0.072956 -0.121523
  9 8.011925 0.000004 0.000005 -0.026207 0.001246 0.204148
 10 7.210720 -0.000002 -0.000000 -0.039557 -0.024117 0.602289
 11 8.581028 -0.304903 -0.000000 -0.004382 -0.001148 0.547494
 12 22.523008 2.194031 6.355708 0.000000 -0.813384 0.000000
 13 22.523005 2.194038 -6.355709 0.000000 0.708615 0.000000
 14 -3.006533 7.804720 -11.355459 -0.210832 -0.304428 1.559755
 15 10.384675 0.000008 0.000005 0.111628 0.153489 -1.330802
 16 22.550743 -0.000006 -0.000004 0.110504 -0.000870 1.416090
 17 30.814247 -0.000015 -0.000004 -3.031165 0.253232 0.783919
 18 -3.013796 7.815494 11.355459 0.517387 -1.057227 1.493939
 19 10.374533 -0.000002 0.000007 -1.494440 -0.225854 -1.037572
 20 22.550726 -0.000027 -0.000013 0.481124 0.194426 1.412723
 21 30.814270 -0.000023 0.000002 2.655657 -0.209216 0.817933
 22 -4.250660 -0.770624 0.000001 0.048070 -0.060740 -2.945933
 23 10.363422 0.000000 0.000000 0.002037 0.027089 0.158274
 24 10.363076 0.000000 -0.000000 0.022771 0.044795 0.174423
 25 10.363081 -0.000004 -0.000002 -0.032870 0.084394 0.461967
 26 9.253358 -0.000006 -3.973408 -0.327516 0.470274 0.363309
 27 8.210346 -0.000002 7.704017 0.236971 -0.449758 0.411013
 28 1.854841 1.227791 -13.762345 2.821440 0.304435 2.743495
 29 10.456543 -0.000004 0.000004 0.083248 0.079860 -1.005870
 30 24.248093 0.000001 0.000007 0.021865 0.026699 0.761149
 31 26.336971 0.000019 0.000002 0.301609 0.119521 0.964408
 32 1.854847 1.227798 13.762341 -2.841486 -0.216845 2.683756
 33 10.456542 -0.000008 0.000004 -0.071069 -0.086207 -1.151202
 34 24.248116 0.000002 -0.000004 -0.024836 -0.029687 0.868854
 35 26.336975 0.000000 0.000004 -0.225696 -0.082234 0.930855
time 35
  0 0.000000 0.000000 0.000000 0.000000 -0.000000 -1.570796
  1 0.000000 0.000000 0.000000 0.000000 -0.000000 0.000000
  2 -2.363353 -0.744488 20.394646 -1.571659 -0.340501 1.571659
  3 4.222169 -0.467508 0.000000 -0.004094 -0.026435 0.325332
  4 4.476987 -0.000002 -0.000000 -0.031677 -0.009390 0.321697
  5 4.477083 0.000000 0.000002 -0.089739 0.126663 -0.549269
  6 4.477077 -0.000004 -0.000002 0.005628 0.096183 -0.518161
  7 5.413502 -7.700466 -0.000000 0.111768 -0.028868 -0.214884
  8 6.890240 0.000002 -0.000000 0.028523 -0.092221 -0.141234
  9 8.011925 0.000004 0.000005 -0.031210 -0.001981 0.186290
 10 7.210720 -0.000002 -0.000000 -0.051636 -0.034639 0.702076
 11 8.581028 -0.304903 -0.000000 -0.002040 -0.001318 0.567017
 12 22.523008 2.194031 6.355708 0.000000 -0.874274 0.000000
 13 22.523005 2.194038 -6.355709 0.000000 0.848457 0.000000
 14 -3.006533 7.804720 -11.355459 -0.151580 -0.409429 1.453518
 15 10.384675 0.000008 0.000005 0.081859 0.197429 -1.378177
 16 22.550743 -0.000006 -0.000004 0.101532 -0.024976 1.473051
 17 30.814247 -0.000015 -0.000004 -3.045142 0.365646 0.787930
 18 -3.013796 7.815494 11.355459 0.096899 -1.069072 1.693668
 19 10.374533 -0.000002 0.000007 -1.436400 -0.226618 -1.154181
 20 22.550726 -0.000027 -0.000013 0.434754 0.202907 1.491386
 21 30.814270 -0.000023 0.000002 2.680319 -0.308675 0.883003
 22 -4.250660 -0.770624 0.000001 0.053715 -0.067561 -3.077931
 23 10.363422 0.000000 0.000000 0.003715 0.029834 0.111930
 24 10.363076 0.000000 -0.000000 0.018948 0.050787 0.141231
 25 10.363081 -0.000004 -0.000002 -0.037597 0.094624 0.518105
 26 9.253358 -0.000006 -3.973408 -0.283410 0.474112 0.472387
 27 8.210346 -0.000002 7.704017 0.188458 -0.412312 0.517183
 28 1.854841 1.227791 -13.762345 2.801300 0.290175 2.671788
 29 10.456543 -0.000004 0.000004 0.092053 0.073935 -0.895498
 30 24.248093 0.000001 0.000007 0.019641 0.024339 0.678859
 31 26.336971 0.000019 0.000002 0.314225 0.068356 1.003784
 32 1.854847 1.227798 13.762341 -2.820080 -0.200893 2.604099
 33 10.456542 -0.000008 0.000004 -0.079683 -0.082089 -1.051610
 34 24.248116 0.000002 -0.000004 -0.022841 -0.027697 0.795487
 35 26.336975 0.000000 0.000004 -0.235516 -0.042650 0.961544
time 36
  0 0.000000 0.000000 0.000000 0.000000 -0.000000 -1.570796
  1 0.000000 0.000000 0.000000 0.000000 -0.000000 0.000000
  2 -2.363353 0.525082 21.179827 -1.571468 -0.198175 1.571468
  3 4.222169 -0.467508 0.000000 -0.003746 -0.027084 0.309017
  4 4.476987 -0.000002 -0.000000 -0.030514 -0.009755 0.310288
  5 4.477083 0.000000 0.000002 -0.089044 0.127083 -0.531528
  6 4.477077 -0.000004 -0.000002 0.005196 0.098100 -0.502526
  7 5.413502 -7.700466 -0.000000 0.111994 0.000340 -0.147302
  8 6.890240 0.000002 -0.000000 0.026762 -0.111147 -0.090851
  9 8.011925 0.000004 0.000005 -0.026181 -0.008227 0.088174
 10 7.210720 -0.000002 -0.000000 -0.045185 -0.050723 0.524519
 11 8.581028 -0.304903 -0.000000 0.000280 -0.001523 0.586260
 12 22.523008 2.194031 6.355708 0.000000 -0.899327 0.000000
 13 22.523005 2.194038 -6.355709 0.000000 0.914793 0.000000
 14 -3.006533 7.804720 -11.355459 -0.010233 -0.439036 1.278607
 15 10.384675 0.000008 0.000005 0.076219 0.209225 -1.397838
 16 22.550743 -0.000006 -0.000004 0.103115 -0.093335 1.501502
 17 30.814247 -0.000015 -0.000004 -3.066021 0.516209 0.786426
 18 -3.013796 7.815494 11.355459 -0.160618 -0.967359 1.676055
 19 10.374533 -0.000002 0.000007 -1.348093 -0.222399 -1.236520
 20 22.550726 -0.000027 -0.000013 0.379131 0.207245 1.529849
 21 30.814270 -0.000023 0.000002 2.704243 -0.416796 0.957640
 22 -4.250660 -0.770624 0.000001 0.057945 -0.074959 3.105161
 23 10.363422 0.000000 0.000000 0.005177 0.032518 0.063956
 24 10.363076 0.000000 -0.000000 0.014609 0.056732 0.107291
 25 10.363081 -0.000004 -0.000002 -0.044837 0.086905 0.275781
 26 9.253358 -0.000006 -3.973408 -0.233392 0.437603 0.440014
 27 8.210346 -0.000002 7.704017 0.148489 -0.344352 0.470320
 28 1.854841 1.227791 -13.762345 2.783974 0.277518 2.608230
 29 10.456543 -0.000004 0.000004 0.102500 0.064486 -0.748350
 30 24.248093 0.000001 0.000007 0.017305 0.020888 0.568330
 31 26.336971 0.000019 0.000002 0.323839 0.022474 1.039571
 32 1.854847 1.227798 13.762341 -2.800227 -0.185926 2.529137
 33 10.456542 -0.000008 0.000004 -0.089620 -0.075772 -0.926874
 34 24.248116 0.000002 -0.000004 -0.020198 -0.024977 0.702471
 35 26.336975 0.000000 0.000004 -0.243749 -0.007037 0.989124
time 37
  0 0.000000 0.000000 0.000000 0.000000 -0.000000 -1.570796
  1 0.000000 0.000000 0.000000 0.000000 -0.000000 0.000000
  2 -2.363353 1.462611 22.203297 -1.571564 -0.092347 1.571564
  3 4.222169 -0.467508 0.000000 -0.003279 -0.026194 0.286538
  4 4.476987 -0.000002 -0.000000 -0.026068 -0.010333 0.300144
  5 4.477083 0.000000 0.000002 -0.083699 0.121962 -0.501973
  6 4.477077 -0.000004 -0.000002 0.005484 0.089888 -0.472439
  7 5.413502 -7.700466 -0.000000 0.106890 0.060302 0.022742
  8 6.890240 0.000002 -0.000000 0.022207 -0.128595 0.005096
  9 8.011925 0.000004 0.000005 -0.014171 -0.016535 -0.096948
 10 7.210720 -0.000002 -0.000000 -0.027726 -0.070761 0.135454
 11 8.581028 -0.304903 -0.000000 0.002576 -0.001762 0.605467
 12 22.523008 2.194031 6.355708 0.000000 -0.855485 0.000000
 13 22.523005 2.194038 -6.355709 0.000000 0.879281 0.000000
 14 -3.006533 7.804720 -11.355459 0.117982 -0.420488 1.150119
 15 10.384675 0.000008 0.000005 0.062959 0.196538 -1.394562
 16 22.550743 -0.000006 -0.000004 0.136748 -0.197393 1.493935
 17 30.814247 -0.000015 -0.000004 -3.097339 0.668497 0.775217
 18 -3.013796 7.815494 11.355459 -0.262036 -0.859368 1.558577
 19 10.374533 -0.000002 0.000007 -1.240237 -0.214259 -1.300246
 20 22.550726 -0.000027 -0.000013 0.312498 0.208502 1.532827
 21 30.814270 -0.000023 0.000002 2.739745 -0.494039 0.993146
 22 -4.250660 -0.770624 0.000001 0.059228 -0.083432 3.064089
 23 10.363422 0.000000 0.000000 0.006687 0.035359 0.020230
 24 10.363076 0.000000 -0.000000 0.010319 0.062496 0.075984
 25 10.363081 -0.000004 -0.000002 -0.049318 0.078771 0.011711
 26 9.253358 -0.000006 -3.973408 -0.176424 0.351169 0.333280
 27 8.210346 -0.000002 7.704017 0.114237 -0.259494 0.353164
 28 1.854841 1.227791 -13.762345 2.773728 0.276975 2.576543
 29 10.456543 -0.000004 0.000004 0.111322 0.053773 -0.604068
 30 24.248093 0.000001 0.000007 0.015377 0.017236 0.459578
 31 26.336971 0.000019 0.000002 0.330321 -0.011005 1.067681
 32 1.854847 1.227798 13.762341 -2.783278 -0.180207 2.475071
 33 10.456542 -0.000008 0.000004 -0.098404 -0.068536 -0.806434
 34 24.248116 0.000002 -0.000004 -0.017970 -0.022112 0.612451
 35 26.336975 0.000000 0.000004 -0.250739 0.024388 1.012804
time 38
  0 0.000000 0.000000 0.000000 0.000000 -0.000000 -1.570796
  1 0.000000 0.000000 0.000000 0.000000 -0.000000 0.000000
  2 -2.363353 1.712618 22.539244 -1.571659 -0.042924 1.571659
  3 4.222169 -0.467508 0.000000 -0.002871 -0.024211 0.259305
  4 4.476987 -0.000002 -0.000000 -0.021921 -0.010847 0.289889
  5 4.477083 0.000000 0.000002 -0.073260 0.113045 -0.452721
  6 4.477077 -0.000004 -0.000002 0.005771 0.077767 -0.436668
  7 5.413502 -7.700466 -0.000000 0.110479 0.121555 0.205419
  8 6.890240 0.000002 -0.000000 0.016191 -0.143272 0.104046
  9 8.011925 0.000004 0.000005 -0.001323 -0.022110 -0.283602
 10 7.210720 -0.000002 -0.000000 -0.009333 -0.087516 -0.258116
 11 8.581028 -0.304903 -0.000000 0.004918 -0.002052 0.624429
 12 22.523008 2.194031 6.355708 0.000000 -0.452444 0.000000
 13 22.523005 2.194038 -6.355709 0.000000 0.465261 0.000000
 14 -3.006533 7.804720 -11.355459 0.183582 -0.358907 1.136316
 15 10.384675 0.000008 0.000005 0.033825 0.144621 -1.417999
 16 22.550743 -0.000006 -0.000004 0.223828 -0.330637 1.453015
 17 30.814247 -0.000015 -0.000004 3.133868 0.782478 0.755019
 18 -3.013796 7.815494 11.355459 -0.282147 -0.766287 1.451075
 19 10.374533 -0.000002 0.000007 -1.127258 -0.200771 -1.356665
 20 22.550726 -0.000027 -0.000013 0.243761 0.209267 1.531586
 21 30.814270 -0.000023 0.000002 2.790647 -0.532330 0.987401
 22 -4.250660 -0.770624 0.000001 0.057346 -0.093108 3.084113
 23 10.363422 0.000000 0.000000 0.009408 0.039242 0.004738
 24 10.363076 0.000000 -0.000000 0.008581 0.067866 0.060937
 25 10.363081 -0.000004 -0.000002 -0.049244 0.083686 -0.029956
 26 9.253358 -0.000006 -3.973408 -0.121337 0.234815 0.194071
 27 8.210346 -0.000002 7.704017 0.075515 -0.168323 0.205998
 28 1.854841 1.227791 -13.762345 2.764054 0.277271 2.548930
 29 10.456543 -0.000004 0.000004 0.114065 0.049859 -0.556741
 30 24.248093 0.000001 0.000007 0.014747 0.015844 0.423880
 31 26.336971 0.000019 0.000002 0.334280 -0.017128 1.063815
 32 1.854847 1.227798 13.762341 -2.777100 -0.175528 2.447025
 33 10.456542 -0.000008 0.000004 -0.101151 -0.066032 -0.768600
 34 24.248116 0.000002 -0.000004 -0.017750 -0.021154 0.584170
 35 26.336975 0.000000 0.000004 -0.256228 0.044521 1.023429
time 39
  0 0.000000 0.000000 0.000000 0.000000 -0.000000 -1.570796
  1 0.000000 0.000000 0.000000 0.000000 -0.000000 0.000000
  2 -2.363353 0.657899 22.117355 -1.571468 -0.100804 1.571468
  3 4.222169 -0.467508 0.000000 -0.002548 -0.021856 0.230800
  4 4.476987 -0.000002 -0.000000 -0.017798 -0.011275 0.279656
  5 4.477083 0.000000 0.000002 -0.062342 0.102853 -0.400030
  6 4.477077 -0.000004 -0.000002 0.005652 0.065195 -0.400305
  7 5.413502 -7.700466 -0.000000 0.107940 0.147347 0.360840
  8 6.890240 0.000002 -0.000000 0.010618 -0.147298 0.160037
  9 8.011925 0.000004 0.000005 0.004414 -0.024858 -0.370816
 10 7.210720 -0.000002 -0.000000 -0.000631 -0.092989 -0.444470
 11 8.581028 -0.304903 -0.000000 0.006985 -0.002377 0.646581
 12 22.523008 2.194031 6.355708 0.000000 -0.018851 0.000000
 13 22.523005 2.194038 -6.355709 0.000000 0.019359 0.000000
 14 -3.006533 7.804720 -11.355459 0.214836 -0.264469 1.199976
 15 10.384675 0.000008 0.000005 -0.022501 0.054090 -1.415056
 16 22.550743 -0.000006 -0.000004 0.373343 -0.470366 1.353378
 17 30.814247 -0.000015 -0.000004 3.060924 0.849312 0.721249
 18 -3.013796 7.815494 11.355459 -0.243860 -0.668646 1.393220
 19 10.374533 -0.000002 0.000007 -0.993719 -0.185821 -1.375742
 20 22.550726 -0.000027 -0.000013 0.175535 0.210111 1.521971
 21 30.814270 -0.000023 0.000002 2.861404 -0.543463 0.950389
 22 -4.250660 -0.770624 0.000001 0.053499 -0.103218 3.136784
 23 10.363422 0.000000 0.000000 0.012236 0.043221 -0.005627
 24 10.363076 0.000000 -0.000000 0.007239 0.073187 0.048987
 25 10.363081 -0.000004 -0.000002 -0.048518 0.090834 -0.032640
 26 9.253358 -0.000006 -3.973408 -0.058214 0.124607 0.053367
 27 8.210346 -0.000002 7.704017 0.036373 -0.086838 0.060664
 28 1.854841 1.227791 -13.762345 2.750950 0.267896 2.508911
 29 10.456543 -0.000004 0.000004 0.105400 0.061247 -0.704887
 30 24.248093 0.000001 0.000007 0.016786 0.019496 0.535770
 31 26.336971 0.000019 0.000002 0.337369 -0.002412 1.026869
 32 1.854847 1.227798 13.762341 -2.772980 -0.170439 2.422942
 33 10.456542 -0.000008 0.000004 -0.092570 -0.073545 -0.888054
 34 24.248116 0.000002 -0.000004 -0.019486 -0.024258 0.673226
 35 26.336975 0.000000 0.000004 -0.259016 0.030592 0.985846
time 40
  0 0.000000 0.000000 0.000000 0.000000 -0.000000 -1.570796
  1 0.000000 0.000000 0.000000 0.000000 -0.000000 0.000000
  2 -2.363353 -1.514042 20.754032 -1.571563 -0.172565 1.571563
  3 4.222169 -0.467508 0.000000 -0.002284 -0.019224 0.201467
  4 4.476987 -0.000002 -0.000000 -0.013676 -0.011661 0.269445
  5 4.477083 0.000000 0.000002 -0.052011 0.092111 -0.347502
  6 4.477077 -0.000004 -0.000002 0.005088 0.052566 -0.363786
  7 5.413502 -7.700466 -0.000000 0.080573 0.111309 0.468000
  8 6.890240 0.000002 -0.000000 0.007802 -0.104899 0.069046
  9 8.011925 0.000004 0.000005 0.003929 -0.025289 -0.326819
 10 7.210720 -0.000002 -0.000000 -0.000357 -0.069825 -0.392498
 11 8.581028 -0.304903 -0.000000 0.007169 -0.002565 0.691865
 12 22.523008 2.194031 6.355708 0.000000 -0.000000 0.000000
 13 22.523005 2.194038 -6.355709 0.000000 -0.000000 0.000000
 14 -3.006533 7.804720 -11.355459 0.247988 -0.173211 1.263224
 15 10.384675 0.000008 0.000005 -0.105047 -0.047474 -1.361793
 16 22.550743 -0.000006 -0.000004 0.554444 -0.585416 1.210036
 17 30.814247 -0.000015 -0.000004 3.016240 0.870816 0.727265
 18 -3.013796 7.815494 11.355459 -0.202723 -0.566858 1.344142
 19 10.374533 -0.000002 0.000007 -0.847237 -0.162731 -1.343503
 20 22.550726 -0.000027 -0.000013 0.106818 0.208816 1.447960
 21 30.814270 -0.000023 0.000002 2.935073 -0.542606 0.932650
 22 -4.250660 -0.770624 0.000001 0.048921 -0.113232 -3.090145
 23 10.363422 0.000000 0.000000 0.014909 0.047223 -0.015882
 24 10.363076 0.000000 -0.000000 0.005669 0.078664 0.037192
 25 10.363081 -0.000004 -0.000002 -0.047829 0.097844 -0.037983
 26 9.253358 -0.000006 -3.973408 -0.016721 0.038853 -0.053503
 27 8.210346 -0.000002 7.704017 0.011254 -0.029121 -0.050525
 28 1.854841 1.227791 -13.762345 2.737890 0.256571 2.467370
 29 10.456543 -0.000004 0.000004 0.085589 0.078241 -0.978603
 30 24.248093 0.000001 0.000007 0.021346 0.026256 0.740428
 31 26.336971 0.000019 0.000002 0.341066 0.015379 0.981086
 32 1.854847 1.227798 13.762341 -2.768963 -0.165295 2.398817
 33 10.456542 -0.000008 0.000004 -0.073172 -0.085233 -1.125900
 34 24.248116 0.000002 -0.000004 -0.023929 -0.029231 0.850626
 35 26.336975 0.000000 0.000004 -0.262232 0.014182 0.940406
time 41
  0 0.000000 0.000000 0.000000 0.000000 -0.000000 -1.570796
  1 0.000000 0.000000 0.000000 0.000000 -0.000000 0.000000
  2 -2.363353 -3.689890 20.308706 -1.571851 -0.228491 1.571851
  3 4.222169 -0.467508 0.000000 -0.002104 -0.016388 0.171796
  4 4.476987 -0.000002 -0.000000 -0.009553 -0.012003 0.259278
  5 4.477083 0.000000 0.000002 -0.042304 0.080884 -0.295314
  6 4.477077 -0.000004 -0.000002 0.004094 0.040107 -0.327641
  7 5.413502 -7.700466 -0.000000 0.033654 0.044636 0.541370
  8 6.890240 0.000002 -0.000000 0.007766 -0.036517 -0.099532
  9 8.011925 0.000004 0.000005 0.002331 -0.025417 -0.257282
 10 7.210720 -0.000002 -0.000000 -0.002251 -0.034992 -0.264579
 11 8.581028 -0.304903 -0.000000 0.007077 -0.002735 0.740374
 12 22.523008 2.194031 6.355708 0.000000 -0.000000 0.000000
 13 22.523005 2.194038 -6.355709 0.000000 -0.000000 0.000000
 14 -3.006533 7.804720 -11.355459 0.270072 -0.120816 1.253404
 15 10.384675 0.000008 0.000005 -0.155060 -0.094320 -1.318361
 16 22.550743 -0.000006 -0.000004 0.655773 -0.619308 1.119237
 17 30.814247 -0.000015 -0.000004 2.990076 0.881882 0.743201
 18 -3.013796 7.815494 11.355459 -0.141577 -0.461595 1.250548
 19 10.374533 -0.000002 0.000007 -0.704665 -0.143628 -1.270673
 20 22.550726 -0.000027 -0.000013 0.038939 0.202671 1.373205
 21 30.814270 -0.000023 0.000002 3.006812 -0.537713 0.919150
 22 -4.250660 -0.770624 0.000001 0.043816 -0.122941 -3.034273
 23 10.363422 0.000000 0.000000 0.017006 0.051382 -0.033024
 24 10.363076 0.000000 -0.000000 0.003440 0.084213 0.019073
 25 10.363081 -0.000004 -0.000002 -0.048075 0.104407 -0.051756
 26 9.253358 -0.000006 -3.973408 -0.000831 0.002038 -0.097800
 27 8.210346 -0.000002 7.704017 0.001882 -0.005725 -0.092809
 28 1.854841 1.227791 -13.762345 2.724170 0.244827 2.423519
 29 10.456543 -0.000004 0.000004 0.069691 0.086604 -1.168128
 30 24.248093 0.000001 0.000007 0.024942 0.030150 0.880735
 31 26.336971 0.000019 0.000002 0.347549 0.029727 0.934310
 32 1.854847 1.227798 13.762341 -2.763662 -0.159521 2.370642
 33 10.456542 -0.000008 0.000004 -0.057334 -0.090465 -1.301319
 34 24.248116 0.000002 -0.000004 -0.028269 -0.032515 0.979386
 35 26.336975 0.000000 0.000004 -0.266692 0.001152 0.895023
time 42
  0 0.000000 0.000000 0.000000 0.000000 -0.000000 -1.570796
  1 0.000000 0.000000 0.000000 0.000000 -0.000000 0.000000
  2 -2.363353 -5.580573 20.429804 -1.571659 -0.234474 1.571659
  3 4.222169 -0.467508 0.000000 -0.002009 -0.013403 0.142018
  4 4.476987 -0.000002 -0.000000 -0.005442 -0.012303 0.249134
  5 4.477083 0.000000 0.000002 -0.033220 0.069189 -0.243364
  6 4.477077 -0.000004 -0.000002 0.002691 0.027929 -0.291995
  7 5.413502 -7.700466 -0.000000 0.006951 0.006151 0.565764
  8 6.890240 0.000002 -0.000000 0.003955 0.013005 -0.239485
  9 8.011925 0.000004 0.000005 0.000655 -0.025401 -0.187458
 10 7.210720 -0.000002 -0.000000 -0.000247 -0.001960 -0.137573
 11 8.581028 -0.304903 -0.000000 0.007008 -0.002889 0.783591
 12 22.523008 2.194031 6.355708 0.000000 -0.000000 0.000000
 13 22.523005 2.194038 -6.355709 0.000000 -0.000000 0.000000
 14 -3.006533 7.804720 -11.355459 0.275010 -0.024082 1.258348
 15 10.384675 0.000008 0.000005 -0.011743 0.067520 -1.797500
 16 22.550743 -0.000006 -0.000004 0.322710 -0.601515 1.719481
 17 30.814247 -0.000015 -0.000004 3.056687 0.824641 0.775324
 18 -3.013796 7.815494 11.355459 -0.080634 -0.409543 1.124292
 19 10.374533 -0.000002 0.000007 -0.592967 -0.163794 -1.272471
 20 22.550726 -0.000027 -0.000013 -0.024549 0.197803 1.384682
 21 30.814270 -0.000023 0.000002 3.066168 -0.501917 0.910393
 22 -4.250660 -0.770624 0.000001 0.038171 -0.132345 -2.978350
 23 10.363422 0.000000 0.000000 0.015412 0.055361 -0.118320
 24 10.363076 0.000000 -0.000000 -0.002768 0.087976 -0.056007
 25 10.363081 -0.000004 -0.000002 -0.057826 0.106009 -0.153077
 26 9.253358 -0.000006 -3.973408 0.000061 -0.000136 -0.078946
 27 8.210346 -0.000002 7.704017 0.000048 -0.000186 -0.071514
 28 1.854841 1.227791 -13.762345 2.698358 0.231233 2.349622
 29 10.456543 -0.000004 0.000004 0.057969 0.090412 -1.296475
 30 24.248093 0.000001 0.000007 0.027537 0.032168 0.966518
 31 26.336971 0.000019 0.000002 0.355945 0.040186 0.885379
 32 1.854847 1.227798 13.762341 -2.744484 -0.147372 2.299730
 33 10.456542 -0.000008 0.000004 -0.045871 -0.092608 -1.424084
 34 24.248116 0.000002 -0.000004 -0.030925 -0.034013 1.061181
 35 26.336975 0.000000 0.000004 -0.272567 -0.009209 0.849019
time 43
  0 0.000000 0.000000 0.000000 0.000000 -0.000000 -1.570796
  1 0.000000 0.000000 0.000000 0.000000 -0.000000 0.000000
  2 -2.363353 -7.596259 20.976696 -1.571468 -0.236309 1.571468
  3 4.222169 -0.467508 0.000000 -0.001973 -0.010307 0.112225
  4 4.476987 -0.000002 -0.000000 -0.001308 -0.012560 0.238946
  5 4.477083 0.000000 0.000002 -0.024722 0.056993 -0.191325
  6 4.477077 -0.000004 -0.000002 0.000906 0.016109 -0.256893
  7 5.413502 -7.700466 -0.000000 0.005928 0.004129 0.466569
  8 6.890240 0.000002 -0.000000 0.002984 0.016311 -0.273555
  9 8.011925 0.000004 0.000005 -0.001035 -0.025241 -0.117947
 10 7.210720 -0.000002 -0.000000 0.000000 0.000088 -0.064817
 11 8.581028 -0.304903 -0.000000 0.007054 -0.002821 0.761895
 12 22.523008 2.194031 6.355708 0.000000 -0.000000 0.000000
 13 22.523005 2.194038 -6.355709 0.000000 -0.000000 0.000000
 14 -3.006533 7.804720 -11.355459 0.360469 0.083216 1.211376
 15 10.384675 0.000008 0.000005 -0.014283 0.203348 -1.970561
 16 22.550743 -0.000006 -0.000004 0.133341 -0.409039 2.043089
 17 30.814247 -0.000015 -0.000004 2.828900 0.696836 0.662088
 18 -3.013796 7.815494 11.355459 -0.022288 -0.409991 1.026878
 19 10.374533 -0.000002 0.000007 -0.493672 -0.216651 -1.387223
 20 22.550726 -0.000027 -0.000013 -0.067323 0.180998 1.513720
 21 30.814270 -0.000023 0.000002 3.132786 -0.418753 0.890283
 22 -4.250660 -0.770624 0.000001 0.031963 -0.141460 -2.921991
 23 10.363422 0.000000 0.000000 0.012991 0.058824 -0.206586
 24 10.363076 0.000000 -0.000000 -0.009048 0.090648 -0.127939
 25 10.363081 -0.000004 -0.000002 -0.067688 0.106332 -0.254614
 26 9.253358 -0.000006 -3.973408 0.000000 0.000000 -0.021503
 27 8.210346 -0.000002 7.704017 0.000000 0.000000 -0.017599
 28 1.854841 1.227791 -13.762345 2.672457 0.215492 2.273110
 29 10.456543 -0.000004 0.000004 0.046299 0.092583 -1.420003
 30 24.248093 0.000001 0.000007 0.030280 0.033923 1.049518
 31 26.336971 0.000019 0.000002 0.364341 0.048621 0.831921
 32 1.854847 1.227798 13.762341 -2.724969 -0.133144 2.224855
 33 10.456542 -0.000008 0.000004 -0.034646 -0.093359 -1.542553
 34 24.248116 0.000002 -0.000004 -0.033554 -0.035223 1.140489
 35 26.336975 0.000000 0.000004 -0.280071 -0.017150 0.802110
time 44
  0 0.000000 0.000000 0.000000 0.000000 -0.000000 -1.570796
  1 0.000000 0.000000 0.000000 0.000000 -0.000000 0.000000
  2 -2.363353 -9.572882 22.215015 -1.571372 -0.238463 1.571372
  3 4.222169 -0.467508 0.000000 -0.001985 -0.007193 0.083029
  4 4.476987 -0.000002 -0.000000 0.002827 -0.012796 0.228824
  5 4.477083 0.000000 0.000002 -0.017064 0.044732 -0.140932
  6 4.477077 -0.000004 -0.000002 -0.001192 0.004890 -0.222851
  7 5.413502 -7.700466 -0.000000 0.006460 0.004537 0.220915
  8 6.890240 0.000002 -0.000000 0.002553 0.016547 -0.297361
  9 8.011925 0.000004 0.000005 -0.002737 -0.025034 -0.050434
 10 7.210720 -0.000002 -0.000000 0.000000 0.000000 0.003835
 11 8.581028 -0.304903 -0.000000 0.007077 -0.002718 0.735748
 12 22.523008 2.194031 6.355708 0.000000 -0.000000 0.000000
 13 22.523005 2.194038 -6.355709 0.000000 -0.000000 0.000000
 14 -3.006533 7.804720 -11.355459 0.452222 0.216235 1.249970
 15 10.384675 0.000008 0.000005 -0.022463 0.236531 -1.995054
 16 22.550743 -0.000006 -0.000004 0.092800 -0.240612 2.101140
 17 30.814247 -0.000015 -0.000004 2.555513 0.504705 0.552002
 18 -3.013796 7.815494 11.355459 0.036414 -0.416045 0.986408
 19 10.374533 -0.000002 0.000007 -0.387838 -0.258877 -1.515197
 20 22.550726 -0.000027 -0.000013 -0.084543 0.134669 1.645176
 21 30.814270 -0.000023 0.000002 -3.054034 -0.292331 0.842170
 22 -4.250660 -0.770624 0.000001 0.025443 -0.149981 -2.866990
 23 10.363422 0.000000 0.000000 0.010187 0.061653 -0.290077
 24 10.363076 0.000000 -0.000000 -0.014933 0.092626 -0.193238
 25 10.363081 -0.000004 -0.000002 -0.062750 0.110816 -0.216249
 26 9.253358 -0.000006 -3.973408 0.000000 0.000000 0.037809
 27 8.210346 -0.000002 7.704017 0.000000 0.000000 0.039979
 28 1.854841 1.227791 -13.762345 2.648096 0.197975 2.197814
 29 10.456543 -0.000004 0.000004 0.037738 0.093259 -1.508839
 30 24.248093 0.000001 0.000007 0.033061 0.035396 1.129736
 31 26.336971 0.000019 0.000002 0.372085 0.055532 0.774872
 32 1.854847 1.227798 13.762341 -2.706737 -0.117603 2.150971
 33 10.456542 -0.000008 0.000004 -0.026201 -0.093192 -1.629927
 34 24.248116 0.000002 -0.000004 -0.036158 -0.036206 1.217156
 35 26.336975 0.000000 0.000004 -0.289334 -0.022579 0.753619
time 45
  0 0.000000 0.000000 0.000000 0.000000 -0.000000 -1.570796
  1 0.000000 0.000000 0.000000 0.000000 -0.000000 0.000000
  2 -2.363353 -11.287779 24.886971 -1.571276 -0.240657 1.571276
  3 4.222169 -0.467508 0.000000 -0.002045 -0.004060 0.054340
  4 4.476987 -0.000002 -0.000000 0.006998 -0.012989 0.218679
  5 4.477083 0.000000 0.000002 -0.012594 0.038449 -0.115809
  6 4.477077 -0.000004 -0.000002 -0.003301 -0.004412 -0.193994
  7 5.413502 -7.700466 -0.000000 0.006832 0.004944 -0.030247
  8 6.890240 0.000002 -0.000000 0.002241 0.016860 -0.317375
  9 8.011925 0.000004 0.000005 -0.004427 -0.024842 0.014925
 10 7.210720 -0.000002 -0.000000 0.000000 0.000000 0.071924
 11 8.581028 -0.304903 -0.000000 0.007123 -0.002633 0.709635
 12 22.523008 2.194031 6.355708 0.000000 -0.000000 0.000000
 13 22.523005 2.194038 -6.355709 0.000000 -0.000000 0.000000
 14 -3.006533 7.804720 -11.355459 0.465136 0.235737 1.277027
 15 10.384675 0.000008 0.000005 -0.005692 0.218115 -1.885419
 16 22.550743 -0.000006 -0.000004 0.102779 -0.116149 1.990910
 17 30.814247 -0.000015 -0.000004 2.451687 0.346022 0.486180
 18 -3.013796 7.815494 11.355459 0.085902 -0.413392 1.078122
 19 10.374533 -0.000002 0.000007 -0.258276 -0.275090 -1.663350
 20 22.550726 -0.000027 -0.000013 -0.106093 0.088713 1.774586
 21 30.814270 -0.000023 0.000002 -2.939356 -0.122456 0.703802
 22 -4.250660 -0.770624 0.000001 0.022495 -0.154410 -2.836544
 23 10.363422 0.000000 0.000000 0.007011 0.063834 -0.370025
 24 10.363076 0.000000 -0.000000 -0.020242 0.093956 -0.251723
 25 10.363081 -0.000004 -0.000002 -0.051313 0.118241 -0.122552
 26 9.253358 -0.000006 -3.973408 0.000000 0.000000 0.097358
 27 8.210346 -0.000002 7.704017 0.000000 0.000000 0.094573
 28 1.854841 1.227791 -13.762345 2.625581 0.179051 2.124282
 29 10.456543 -0.000004 0.000004 0.035799 0.093669 -1.530462
 30 24.248093 0.000001 0.000007 0.033691 0.035679 1.145838
 31 26.336971 0.000019 0.000002 0.378871 0.061445 0.714123
 32 1.854847 1.227798 13.762341 -2.689957 -0.101021 2.078422
 33 10.456542 -0.000008 0.000004 -0.023861 -0.092970 -1.651367
 34 24.248116 0.000002 -0.000004 -0.036301 -0.036841 1.232844
 35 26.336975 0.000000 0.000004 -0.296924 -0.024720 0.680373
time 46
  0 0.000000 0.000000 0.000000 0.000000 -0.000000 -1.570796
  1 0.000000 0.000000 0.000000 0.000000 -0.000000 0.000000
  2 -2.363353 -12.494846 30.012127 -1.571180 -0.242771 1.571180
  3 4.222169 -0.467508 0.000000 -0.002081 -0.001724 0.033640
  4 4.476987 -0.000002 -0.000000 0.011216 -0.013181 0.208402
  5 4.477083 0.000000 0.000002 -0.008328 0.032213 -0.091353
  6 4.477077 -0.000004 -0.000002 -0.005039 -0.011478 -0.171476
  7 5.413502 -7.700466 -0.000000 0.007084 0.005607 -0.196775
  8 6.890240 0.000002 -0.000000 0.002037 0.017069 -0.332175
  9 8.011925 0.000004 0.000005 -0.005946 -0.024682 0.067357
 10 7.210720 -0.000002 -0.000000 0.000000 0.000000 0.102201
 11 8.581028 -0.304903 -0.000000 0.007146 -0.002530 0.683243
 12 22.523008 2.194031 6.355708 0.000000 -0.000000 0.000000
 13 22.523005 2.194038 -6.355709 0.000000 -0.000000 0.000000
 14 -3.006533 7.804720 -11.355459 0.431712 0.161685 1.303055
 15 10.384675 0.000008 0.000005 0.021387 0.197980 -1.732685
 16 22.550743 -0.000006 -0.000004 0.117333 -0.023054 1.822326
 17 30.814247 -0.000015 -0.000004 2.457191 0.253985 0.423187
 18 -3.013796 7.815494 11.355459 0.155550 -0.388767 1.278421
 19 10.374533 -0.000002 0.000007 -0.130602 -0.245455 -1.726090
 20 22.550726 -0.000027 -0.000013 -0.114898 0.034452 1.826387
 21 30.814270 -0.000023 0.000002 -2.892664 0.107952 0.483098
 22 -4.250660 -0.770624 0.000001 0.019511 -0.158647 -2.806611
 23 10.363422 0.000000 0.000000 0.003619 0.065296 -0.445726
 24 10.363076 0.000000 -0.000000 -0.024437 0.094723 -0.298026
 25 10.363081 -0.000004 -0.000002 -0.039038 0.124666 -0.027217
 26 9.253358 -0.000006 -3.973408 0.000000 0.000000 0.156670
 27 8.210346 -0.000002 7.704017 0.000000 0.000000 0.140248
 28 1.854841 1.227791 -13.762345 2.619733 0.172661 2.095331
 29 10.456543 -0.000004 0.000004 0.046578 0.092441 -1.413794
 30 24.248093 0.000001 0.000007 0.030466 0.034145 1.061417
 31 26.336971 0.000019 0.000002 0.384179 0.066806 0.649730
 32 1.854847 1.227798 13.762341 -2.682462 -0.093606 2.046628
 33 10.456542 -0.000008 0.000004 -0.034849 -0.093276 -1.537785
 34 24.248116 0.000002 -0.000004 -0.033852 -0.035655 1.151760
 35 26.336975 0.000000 0.000004 -0.303185 -0.026829 0.617414
end
