version 1
nodes
  0 "Chaurus" -1
  1 "NPC Root [Root]" 0
  2 "Pelvis [Pelv]" 1
  3 "Spine[Spn0]" 2
  4 "Spine[Spn1]" 3
  5 "Spine[Spn2]" 4
  6 "Ribcage[Spn3]" 5
  7 "[Neck0]" 6
  8 "[Neck1]" 7
  9 "[Neck2]" 8
 10 "[Neck3]" 9
 11 "NPC Head [Head]" 10
 12 "Head[LeftPincher]" 11
 13 "Head[RightPincher]" 11
 14 "R UpperArm[RClv]" 6
 15 "R UpperArm[RUar]" 14
 16 "R UpperArm[RLar]" 15
 17 "R UpperArm[RHnd]" 16
 18 "L UpperArm[RClv]" 6
 19 "L UpperArm[LUar]" 18
 20 "L UpperArm[LLar]" 19
 21 "L UpperArm[LHnd]" 20
 22 "Tail[Tal0]" 2
 23 "Tail[Tal1]" 22
 24 "Tail[Tal2]" 23
 25 "Tail[Tal3]" 24
 26 "[TalRightPincher]" 25
 27 "[TalLeftPincher]" 25
 28 "R Leg[RThg0]" 2
 29 "R Leg[RThg1]" 28
 30 "R Leg[RClf]" 29
 31 "R Leg[RAnkle]" 30
 32 "LLeg[RThg0]" 2
 33 "LLeg[LThg1]" 32
 34 "LLeg[LClf]" 33
 35 "LLeg[LAnkle]" 34
end
skeleton
time 0
  0 0.000000 0.000000 0.000000 0.000000 -0.000000 -1.570796
  1 0.000000 0.000000 0.000000 0.000000 -0.000000 0.000000
  2 0.000000 -2.951586 24.457272 -1.571372 -0.052457 1.571372
  3 4.222169 -0.467508 0.000000 0.002773 0.000037 -0.039394
  4 4.476987 -0.000002 -0.000000 0.012007 -0.013524 0.063475
  5 4.477083 0.000000 0.000002 -0.007860 0.025817 -0.125932
  6 4.477077 -0.000004 -0.000002 -0.004571 -0.015500 -0.125084
  7 5.413502 -7.700466 -0.000000 0.000000 0.000000 -0.549185
  8 6.890240 0.000002 -0.000000 0.000000 0.000000 -0.435919
  9 8.011925 0.000004 0.000005 0.000000 0.000000 -0.313555
 10 7.210720 -0.000002 -0.000000 0.000000 0.000000 0.514838
 11 8.581028 -0.304903 -0.000000 0.001175 0.001738 1.181127
 12 22.523008 2.194031 6.355708 0.000000 -0.060676 0.000000
 13 22.523005 2.194038 -6.355709 0.000000 0.000060 0.000000
 14 -3.006533 7.804720 -11.355459 0.069474 0.340845 1.277371
 15 10.384675 0.000008 0.000005 -0.033482 0.183107 -2.026322
 16 22.550743 -0.000006 -0.000004 0.130287 0.011958 2.178380
 17 30.814247 -0.000015 -0.000004 2.662789 -0.084509 0.500719
 18 -3.009890 7.807681 11.355459 -0.067448 -0.337013 1.277224
 19 10.382345 -0.000002 0.000007 0.033339 -0.183163 -2.024714
 20 22.550726 -0.000027 -0.000013 -0.130279 -0.011995 2.177641
 21 30.814270 -0.000023 0.000002 -2.664185 0.085026 0.499944
 22 -4.250660 -0.770624 0.000001 0.000000 0.000000 -2.766333
 23 10.363422 0.000000 0.000000 0.000000 -0.000008 -0.349274
 24 10.363076 0.000000 -0.000000 0.000000 0.000009 -0.200671
 25 10.363081 -0.000004 -0.000002 -0.000009 -0.000015 -0.235418
 26 8.210358 -0.000006 -7.786025 -0.000171 0.245071 0.015049
 27 8.210346 -0.000002 7.704017 -0.000012 -0.223224 0.015056
 28 1.292324 3.337230 -13.762345 2.483811 0.025665 1.677677
 29 8.952591 -0.000004 0.000004 -0.015895 0.078704 -2.091222
 30 24.248093 0.000001 0.000007 0.052412 0.038968 1.651298
 31 26.336971 0.000019 0.000002 0.486934 0.015536 0.476706
 32 0.882161 0.524652 14.051412 -2.488999 0.000848 1.613964
 33 8.952590 -0.000008 0.000004 0.013682 -0.080725 -2.062227
 34 24.248116 0.000002 -0.000004 -0.050511 -0.039214 1.604705
 35 26.336975 0.000000 0.000004 -0.480936 -0.020997 0.433113
time 1
  0 0.000000 0.000000 0.000000 0.000000 -0.000000 -1.570796
  1 0.000000 0.000000 0.000000 0.000000 -0.000000 0.000000
  2 0.000000 -2.951586 24.457272 -1.571372 -0.052457 1.571372
  3 4.222169 -0.467508 0.000000 0.002773 0.000037 -0.039394
  4 4.476987 -0.000002 -0.000000 0.012007 -0.013524 0.063475
  5 4.477083 0.000000 0.000002 -0.007860 0.025817 -0.125932
  6 4.477077 -0.000004 -0.000002 -0.004571 -0.015500 -0.125084
  7 5.413502 -7.700466 -0.000000 0.000000 0.000000 -0.549185
  8 6.890240 0.000002 -0.000000 0.000000 0.000000 -0.435919
  9 8.011925 0.000004 0.000005 0.000000 0.000000 -0.313555
 10 7.210720 -0.000002 -0.000000 0.000000 0.000000 0.514838
 11 8.581028 -0.304903 -0.000000 0.001175 0.001738 1.181127
 12 22.523008 2.194031 6.355708 0.000000 -0.060676 0.000000
 13 22.523005 2.194038 -6.355709 0.000000 0.000060 0.000000
 14 -3.006533 7.804720 -11.355459 0.069474 0.340845 1.277371
 15 10.384675 0.000008 0.000005 -0.033482 0.183107 -2.026322
 16 22.550743 -0.000006 -0.000004 0.130287 0.011958 2.178380
 17 30.814247 -0.000015 -0.000004 2.662789 -0.084509 0.500719
 18 -3.009890 7.807681 11.355459 -0.067448 -0.337013 1.277224
 19 10.382345 -0.000002 0.000007 0.033339 -0.183163 -2.024714
 20 22.550726 -0.000027 -0.000013 -0.130279 -0.011995 2.177641
 21 30.814270 -0.000023 0.000002 -2.664185 0.085026 0.499944
 22 -4.250660 -0.770624 0.000001 0.000000 0.000000 -2.766333
 23 10.363422 0.000000 0.000000 0.000000 -0.000008 -0.349274
 24 10.363076 0.000000 -0.000000 0.000000 0.000009 -0.200671
 25 10.363081 -0.000004 -0.000002 -0.000009 -0.000015 -0.235418
 26 8.210358 -0.000006 -7.786025 -0.000171 0.245071 0.015049
 27 8.210346 -0.000002 7.704017 -0.000012 -0.223224 0.015056
 28 1.292324 3.337230 -13.762345 2.483811 0.025665 1.677677
 29 8.952591 -0.000004 0.000004 -0.015895 0.078704 -2.091222
 30 24.248093 0.000001 0.000007 0.052412 0.038968 1.651298
 31 26.336971 0.000019 0.000002 0.486934 0.015536 0.476706
 32 0.882161 0.524652 14.051412 -2.488999 0.000848 1.613964
 33 8.952590 -0.000008 0.000004 0.013682 -0.080725 -2.062227
 34 24.248116 0.000002 -0.000004 -0.050511 -0.039214 1.604705
 35 26.336975 0.000000 0.000004 -0.480936 -0.020997 0.433113
time 2
  0 0.000000 0.000000 0.000000 0.000000 -0.000000 -1.570796
  1 0.000000 0.000000 0.000000 0.000000 -0.000000 0.000000
  2 0.000000 -2.951586 24.508053 -1.571276 -0.068533 1.571276
  3 4.222169 -0.467508 0.000000 0.003301 -0.000557 -0.064266
  4 4.476987 -0.000002 -0.000000 0.011468 -0.013674 0.040656
  5 4.477083 0.000000 0.000002 -0.008208 0.026188 -0.110088
  6 4.477077 -0.000004 -0.000002 -0.005410 -0.015011 -0.101117
  7 5.413502 -7.700466 -0.000000 0.000000 0.000000 -0.533690
  8 6.890240 0.000002 -0.000000 0.000000 0.000000 -0.417046
  9 8.011925 0.000004 0.000005 0.000000 0.000000 -0.289987
 10 7.210720 -0.000002 -0.000000 0.000000 0.000000 0.475658
 11 8.581028 -0.304903 -0.000000 0.001152 0.001738 1.171804
 12 22.523008 2.194031 6.355708 0.000000 -0.060676 0.000000
 13 22.523005 2.194038 -6.355709 0.000000 0.000060 0.000000
 14 -3.006533 7.804720 -11.355459 0.078698 0.333920 1.306283
 15 10.384675 0.000008 0.000005 -0.030643 0.183956 -2.010660
 16 22.550743 -0.000006 -0.000004 0.130111 0.011986 2.170934
 17 30.814247 -0.000015 -0.000004 2.658901 -0.078114 0.483100
 18 -3.009890 7.807681 11.355459 -0.076357 -0.330362 1.306066
 19 10.382345 -0.000002 0.000007 0.030777 -0.183894 -2.010740
 20 22.550726 -0.000027 -0.000013 -0.129911 -0.012093 2.161821
 21 30.814270 -0.000023 0.000002 -2.660607 0.079741 0.486277
 22 -4.250660 -0.770624 0.000001 0.000000 0.000000 -2.796676
 23 10.363422 0.000000 0.000000 -0.000000 -0.000008 -0.309685
 24 10.363076 0.000000 -0.000000 0.000000 0.000009 -0.171893
 25 10.363081 -0.000004 -0.000002 -0.000009 -0.000015 -0.198342
 26 8.210358 -0.000006 -7.786025 -0.000171 0.245071 0.015049
 27 8.210346 -0.000002 7.704017 -0.000012 -0.223224 0.015056
 28 1.292324 3.337230 -13.762345 2.488912 0.031167 1.693977
 29 8.952591 -0.000004 0.000004 -0.015668 0.078935 -2.088530
 30 24.248093 0.000001 0.000007 0.052264 0.038988 1.646977
 31 26.336971 0.000019 0.000002 0.479930 0.025023 0.477093
 32 0.882161 0.524652 14.051412 -2.492949 -0.004488 1.628525
 33 8.952590 -0.000008 0.000004 0.013478 -0.080753 -2.060493
 34 24.248116 0.000002 -0.000004 -0.050382 -0.039226 1.601760
 35 26.336975 0.000000 0.000004 -0.474718 -0.029466 0.432774
time 3
  0 0.000000 0.000000 0.000000 0.000000 -0.000000 -1.570796
  1 0.000000 0.000000 0.000000 0.000000 -0.000000 0.000000
  2 0.000000 -2.951586 24.558836 -1.571468 -0.091908 1.571468
  3 4.222169 -0.467508 0.000000 0.003708 -0.001891 -0.092066
  4 4.476987 -0.000002 -0.000000 0.010929 -0.013760 0.018037
  5 4.477083 0.000000 0.000002 -0.008723 0.026963 -0.091116
  6 4.477077 -0.000004 -0.000002 -0.006609 -0.013978 -0.073444
  7 5.413502 -7.700466 -0.000000 0.000000 0.000000 -0.518972
  8 6.890240 0.000002 -0.000000 0.000000 0.000000 -0.355377
  9 8.011925 0.000004 0.000005 0.000000 0.000000 -0.223564
 10 7.210720 -0.000002 -0.000000 0.000000 0.000000 0.380349
 11 8.581028 -0.304903 -0.000000 0.001152 0.001738 1.162550
 12 22.523008 2.194031 6.355708 0.000000 -0.060676 0.000000
 13 22.523005 2.194038 -6.355709 0.000000 0.000060 0.000000
 14 -3.006533 7.804720 -11.355459 0.087868 0.326677 1.335537
 15 10.384675 0.000008 0.000005 -0.027842 0.184762 -1.995109
 16 22.550743 -0.000006 -0.000004 0.129919 0.011986 2.163307
 17 30.814247 -0.000015 -0.000004 2.654883 -0.071845 0.465624
 18 -3.009890 7.807681 11.355459 -0.085216 -0.323374 1.335307
 19 10.382345 -0.000002 0.000007 0.028216 -0.184625 -1.996881
 20 22.550726 -0.000027 -0.000013 -0.129544 -0.012172 2.146126
 21 30.814270 -0.000023 0.000002 -2.653731 0.069269 0.468232
 22 -4.250660 -0.770624 0.000001 0.000000 0.000000 -2.836467
 23 10.363422 0.000000 0.000000 0.000000 -0.000008 -0.241356
 24 10.363076 0.000000 -0.000000 0.000000 0.000009 -0.135424
 25 10.363081 -0.000004 -0.000002 -0.000009 -0.000015 -0.135090
 26 8.210358 -0.000006 -7.786025 -0.000171 0.245071 0.015049
 27 8.210346 -0.000002 7.704017 -0.000012 -0.223224 0.015056
 28 1.292324 3.337230 -13.762345 2.494584 0.037063 1.711555
 29 8.952591 -0.000004 0.000004 -0.015458 0.079148 -2.085881
 30 24.248093 0.000001 0.000007 0.052078 0.039028 1.642773
 31 26.336971 0.000019 0.000002 0.472926 0.034510 0.477479
 32 0.882161 0.524652 14.051412 -2.497676 -0.011055 1.646792
 33 8.952590 -0.000008 0.000004 0.013275 -0.080809 -2.058759
 34 24.248116 0.000002 -0.000004 -0.050252 -0.039226 1.598866
 35 26.336975 0.000000 0.000004 -0.468285 -0.038152 0.431813
time 4
  0 0.000000 0.000000 0.000000 0.000000 -0.000000 -1.570796
  1 0.000000 0.000000 0.000000 0.000000 -0.000000 0.000000
  2 0.000000 -2.951586 24.605713 -1.571564 -0.120430 1.571564
  3 4.222169 -0.467508 0.000000 0.004259 -0.003115 -0.118685
  4 4.476987 -0.000002 -0.000000 0.010389 -0.013803 -0.004671
  5 4.477083 0.000000 0.000002 -0.009166 0.027739 -0.073997
  6 4.477077 -0.000004 -0.000002 -0.007735 -0.012982 -0.047484
  7 5.413502 -7.700466 -0.000000 0.000000 0.000000 -0.504908
  8 6.890240 0.000002 -0.000000 0.000000 0.000000 -0.292079
  9 8.011925 0.000004 0.000005 0.000000 0.000000 -0.156337
 10 7.210720 -0.000002 -0.000000 0.000000 0.000000 0.256615
 11 8.581028 -0.304903 -0.000000 0.001152 0.001755 1.153227
 12 22.523008 2.194031 6.355708 0.000000 -0.060676 0.000000
 13 22.523005 2.194038 -6.355709 0.000000 0.000212 0.000000
 14 -3.006533 7.804720 -11.355459 0.109572 0.310496 1.406271
 15 10.384675 0.000008 0.000005 -0.025003 0.185526 -1.979447
 16 22.550743 -0.000006 -0.000004 0.129455 0.012101 2.142302
 17 30.814247 -0.000015 -0.000004 2.650471 -0.065262 0.447754
 18 -3.009890 7.807681 11.355459 -0.107414 -0.308091 1.405417
 19 10.382345 -0.000002 0.000007 0.025722 -0.185289 -1.982907
 20 22.550726 -0.000027 -0.000013 -0.129196 -0.012250 2.130306
 21 30.814270 -0.000023 0.000002 -2.643137 0.054393 0.445110
 22 -4.250660 -0.770624 0.000001 0.000000 0.000000 -2.878640
 23 10.363422 0.000000 0.000000 0.000000 -0.000008 -0.170210
 24 10.363076 0.000000 -0.000000 0.000000 0.000009 -0.096632
 25 10.363081 -0.000004 -0.000002 -0.000009 -0.000015 -0.069206
 26 8.210358 -0.000006 -7.786025 -0.000171 0.245071 0.015049
 27 8.210346 -0.000002 7.704017 -0.000012 -0.223224 0.015056
 28 1.292324 3.337230 -13.762345 2.501004 0.043305 1.730591
 29 8.952591 -0.000004 0.000004 -0.015231 0.079362 -2.083189
 30 24.248093 0.000001 0.000007 0.051893 0.039068 1.638511
 31 26.336971 0.000019 0.000002 0.465704 0.044233 0.477424
 32 0.882161 0.524652 14.051412 -2.503280 -0.018963 1.668936
 33 8.952590 -0.000008 0.000004 0.013071 -0.080864 -2.056985
 34 24.248116 0.000002 -0.000004 -0.050123 -0.039226 1.595972
 35 26.336975 0.000000 0.000004 -0.461424 -0.047303 0.430117
time 5
  0 0.000000 0.000000 0.000000 0.000000 -0.000000 -1.570796
  1 0.000000 0.000000 0.000000 0.000000 -0.000000 0.000000
  2 0.000000 -2.951586 24.656494 -1.571659 -0.151424 1.571659
  3 4.222169 -0.467508 0.000000 0.005170 -0.003319 -0.139385
  4 4.476987 -0.000002 -0.000000 0.009850 -0.013888 -0.027268
  5 4.477083 0.000000 0.000002 -0.009346 0.028094 -0.064066
  6 4.477077 -0.000004 -0.000002 -0.008370 -0.012681 -0.029217
  7 5.413502 -7.700466 -0.000000 0.000000 0.000000 -0.491715
  8 6.890240 0.000002 -0.000000 0.000000 0.000000 -0.195433
  9 8.011925 0.000004 0.000005 0.000000 0.000000 -0.089420
 10 7.210720 -0.000002 -0.000000 0.000000 0.000000 0.133979
 11 8.581028 -0.304903 -0.000000 0.001129 0.001755 1.142817
 12 22.523008 2.194031 6.355708 0.000000 -0.060676 0.000000
 13 22.523005 2.194038 -6.355709 0.000000 0.000544 0.000000
 14 -3.006533 7.804720 -11.355459 0.130408 0.292831 1.477485
 15 10.384675 0.000008 0.000005 -0.022164 0.186247 -1.963840
 16 22.550743 -0.000006 -0.000004 0.128975 0.012216 2.121237
 17 30.814247 -0.000015 -0.000004 2.636101 -0.047299 0.421002
 18 -3.009890 7.807681 11.355459 -0.128798 -0.291388 1.475927
 19 10.382345 -0.000002 0.000007 0.023160 -0.185921 -1.969048
 20 22.550726 -0.000027 -0.000013 -0.128829 -0.012329 2.114611
 21 30.814270 -0.000023 0.000002 -2.630964 0.040202 0.420091
 22 -4.250660 -0.770624 0.000001 0.000000 0.000000 -2.922554
 23 10.363422 0.000000 0.000000 0.000000 -0.000008 -0.099351
 24 10.363076 0.000000 -0.000000 0.000000 0.000009 -0.056214
 25 10.363081 -0.000004 -0.000002 -0.000009 -0.000015 -0.003699
 26 8.210358 -0.000006 -7.786025 -0.000171 0.245071 0.015049
 27 8.210346 -0.000002 7.704017 -0.000012 -0.223224 0.015056
 28 1.292324 3.337230 -13.762345 2.508128 0.049646 1.750601
 29 8.952591 -0.000004 0.000004 -0.015004 0.079593 -2.080497
 30 24.248093 0.000001 0.000007 0.051745 0.039089 1.634248
 31 26.336971 0.000019 0.000002 0.458178 0.054166 0.476706
 32 0.882161 0.524652 14.051412 -2.509763 -0.027062 1.692415
 33 8.952590 -0.000008 0.000004 0.012868 -0.080892 -2.055251
 34 24.248116 0.000002 -0.000004 -0.049993 -0.039238 1.593078
 35 26.336975 0.000000 0.000004 -0.454134 -0.056858 0.427518
time 6
  0 0.000000 0.000000 0.000000 0.000000 -0.000000 -1.570796
  1 0.000000 0.000000 0.000000 0.000000 -0.000000 0.000000
  2 0.000000 -2.951586 24.707279 -1.571755 -0.185210 1.571755
  3 4.222169 -0.467508 0.000000 0.006620 -0.001632 -0.149920
  4 4.476987 -0.000002 -0.000000 0.009323 -0.014038 -0.050064
  5 4.477083 0.000000 0.000002 -0.009071 0.027593 -0.066438
  6 4.477077 -0.000004 -0.000002 -0.008131 -0.013734 -0.024202
  7 5.413502 -7.700466 -0.000000 0.000000 0.000000 -0.479238
  8 6.890240 0.000002 -0.000000 0.000000 0.000000 -0.097251
  9 8.011925 0.000004 0.000005 0.000000 0.000000 -0.024218
 10 7.210720 -0.000002 -0.000000 0.000000 0.000000 0.039609
 11 8.581028 -0.304903 -0.000000 0.001106 0.001772 1.101388
 12 22.523008 2.194031 6.355708 0.000000 -0.060676 0.000000
 13 22.523005 2.194038 -6.355709 0.000000 0.001089 0.000000
 14 -3.006533 7.804720 -11.355459 0.159111 0.274530 1.570400
 15 10.384675 0.000008 0.000005 -0.019288 0.186926 -1.948123
 16 22.550743 -0.000006 -0.000004 0.128511 0.012331 2.099990
 17 30.814247 -0.000015 -0.000004 2.620987 -0.029368 0.393606
 18 -3.009890 7.807681 11.355459 -0.158531 -0.273601 1.569635
 19 10.382345 -0.000002 0.000007 0.020599 -0.186552 -1.955074
 20 22.550726 -0.000027 -0.000013 -0.128461 -0.012407 2.098854
 21 30.814270 -0.000023 0.000002 -2.617247 0.026721 0.393037
 22 -4.250660 -0.770624 0.000001 0.000000 0.000000 -2.966289
 23 10.363422 0.000000 0.000000 0.000000 -0.000008 -0.032276
 24 10.363076 0.000000 -0.000000 0.000000 0.000009 -0.016028
 25 10.363081 -0.000004 -0.000002 -0.000009 -0.000015 0.058104
 26 8.210358 -0.000006 -7.786025 -0.000171 0.245071 0.015049
 27 8.210346 -0.000002 7.704017 -0.000012 -0.223224 0.015056
 28 1.292324 3.337230 -13.762345 2.516131 0.056061 1.771645
 29 8.952591 -0.000004 0.000004 -0.014794 0.079807 -2.077849
 30 24.248093 0.000001 0.000007 0.051597 0.039129 1.630045
 31 26.336971 0.000019 0.000002 0.450087 0.064572 0.474994
 32 0.882161 0.524652 14.051412 -2.517191 -0.034285 1.715032
 33 8.952590 -0.000008 0.000004 0.012664 -0.080948 -2.053517
 34 24.248116 0.000002 -0.000004 -0.049877 -0.039238 1.590184
 35 26.336975 0.000000 0.000004 -0.446157 -0.067033 0.423731
time 7
  0 0.000000 0.000000 0.000000 0.000000 -0.000000 -1.570796
  1 0.000000 0.000000 0.000000 0.000000 -0.000000 0.000000
  2 0.000000 -2.951586 24.758060 -1.571755 -0.221390 1.571755
  3 4.222169 -0.467508 0.000000 0.008790 0.002669 -0.146193
  4 4.476987 -0.000002 -0.000000 0.008963 -0.013695 -0.071529
  5 4.477083 0.000000 0.000002 -0.008112 0.025897 -0.085736
  6 4.477077 -0.000004 -0.000002 -0.006621 -0.016684 -0.037564
  7 5.413502 -7.700466 -0.000000 0.000000 0.000000 -0.468939
  8 6.890240 0.000002 -0.000000 0.000000 0.000000 0.001582
  9 8.011925 0.000004 0.000005 0.000000 0.000000 -0.001713
 10 7.210720 -0.000002 -0.000000 0.000000 0.000000 0.004559
 11 8.581028 -0.304903 -0.000000 0.001061 0.001806 1.056139
 12 22.523008 2.194031 6.355708 0.000000 -0.060676 0.000000
 13 22.523005 2.194038 -6.355709 0.000000 0.001906 0.000000
 14 -3.006533 7.804720 -11.355459 0.186621 0.254074 1.664070
 15 10.384675 0.000008 0.000005 -0.016412 0.187542 -1.932572
 16 22.550743 -0.000006 -0.000004 0.128032 0.012417 2.078924
 17 30.814247 -0.000015 -0.000004 2.605482 -0.011970 0.366175
 18 -3.009890 7.807681 11.355459 -0.187093 -0.253498 1.664085
 19 10.382345 -0.000002 0.000007 0.018037 -0.187117 -1.941273
 20 22.550726 -0.000027 -0.000013 -0.128093 -0.012466 2.083282
 21 30.814270 -0.000023 0.000002 -2.602163 0.014316 0.364364
 22 -4.250660 -0.770624 0.000001 0.000000 0.000000 -2.970104
 23 10.363422 0.000000 0.000000 0.000000 -0.000008 -0.004637
 24 10.363076 0.000000 -0.000000 0.000000 0.000009 -0.012285
 25 10.363081 -0.000004 -0.000002 -0.000009 -0.000015 0.083582
 26 8.210358 -0.000006 -7.786025 -0.000171 0.245071 0.015049
 27 8.210346 -0.000002 7.704017 -0.000012 -0.223224 0.015056
 28 1.292324 3.337230 -13.762345 2.524926 0.062303 1.793358
 29 8.952591 -0.000004 0.000004 -0.014515 0.080038 -2.074462
 30 24.248093 0.000001 0.000007 0.051337 0.039149 1.624539
 31 26.336971 0.000019 0.000002 0.441342 0.075425 0.471902
 32 0.882161 0.524652 14.051412 -2.525463 -0.040688 1.736788
 33 8.952590 -0.000008 0.000004 0.012461 -0.080976 -2.051901
 34 24.248116 0.000002 -0.000004 -0.049747 -0.039238 1.587391
 35 26.336975 0.000000 0.000004 -0.437409 -0.077766 0.418701
time 8
  0 0.000000 0.000000 0.000000 0.000000 -0.000000 -1.570796
  1 0.000000 0.000000 0.000000 0.000000 -0.000000 0.000000
  2 0.000000 -2.951586 24.902596 -1.571851 -0.260123 1.571851
  3 4.222169 -0.467508 0.000000 0.011534 0.008842 -0.132776
  4 4.476987 -0.000002 -0.000000 0.011192 -0.004143 -0.071995
  5 4.477083 0.000000 0.000002 -0.006614 0.023329 -0.116417
  6 4.477077 -0.000004 -0.000002 -0.003996 -0.021288 -0.061967
  7 5.413502 -7.700466 -0.000000 0.000000 0.000000 -0.482754
  8 6.890240 0.000002 -0.000000 0.000000 0.000000 0.128458
  9 8.011925 0.000004 0.000005 0.000000 0.000000 -0.015730
 10 7.210720 -0.000002 -0.000000 0.000000 0.000000 0.071414
 11 8.581028 -0.304903 -0.000000 0.000969 0.001840 0.956457
 12 22.523008 2.194031 6.355708 0.000000 -0.060676 0.000000
 13 22.523005 2.194038 -6.355709 0.000000 0.003025 0.000000
 14 -3.006533 7.804720 -11.355459 0.222432 0.232593 1.778548
 15 10.384675 0.000008 0.000005 -0.013574 0.188136 -1.917076
 16 22.550743 -0.000006 -0.000004 0.127568 0.012503 2.058041
 17 30.814247 -0.000015 -0.000004 2.588927 0.005396 0.337812
 18 -3.009890 7.807681 11.355459 -0.224055 -0.231825 1.779910
 19 10.382345 -0.000002 0.000007 0.015138 -0.187715 -1.925849
 20 22.550726 -0.000027 -0.000013 -0.127726 -0.012505 2.065664
 21 30.814270 -0.000023 0.000002 -2.585815 0.003061 0.334130
 22 -4.250660 -0.770624 0.000001 0.000000 0.000000 -2.971180
 23 10.363422 0.000000 0.000000 0.000000 -0.000008 -0.001248
 24 10.363076 0.000000 -0.000000 0.000000 0.000009 -0.010350
 25 10.363081 -0.000004 -0.000002 -0.000009 -0.000015 0.086803
 26 8.210358 -0.000006 -7.786025 -0.000171 0.245071 0.015049
 27 8.210346 -0.000002 7.704017 -0.000012 -0.223224 0.015056
 28 1.292324 3.337230 -13.762345 2.534688 0.068175 1.815497
 29 8.952591 -0.000004 0.000004 -0.013292 0.080554 -2.059482
 30 24.248093 0.000001 0.000007 0.050151 0.039129 1.598432
 31 26.336971 0.000019 0.000002 0.431685 0.086883 0.467152
 32 0.882161 0.524652 14.051412 -2.534612 -0.046434 1.758200
 33 8.952590 -0.000008 0.000004 0.012088 -0.081115 -2.048315
 34 24.248116 0.000002 -0.000004 -0.049553 -0.039250 1.582466
 35 26.336975 0.000000 0.000004 -0.427761 -0.089182 0.412258
time 9
  0 0.000000 0.000000 0.000000 0.000000 -0.000000 -1.570796
  1 0.000000 0.000000 0.000000 0.000000 -0.000000 0.000000
  2 0.000000 -2.943774 25.898720 -1.571851 -0.300532 1.571851
  3 4.222169 -0.467508 0.000000 0.014350 0.015145 -0.119022
  4 4.476987 -0.000002 -0.000000 0.013613 0.006073 -0.071152
  5 4.477083 0.000000 0.000002 -0.004828 0.020744 -0.146831
  6 4.477077 -0.000004 -0.000002 -0.000868 -0.026776 -0.083302
  7 5.413502 -7.700466 -0.000000 0.000000 0.000000 -0.528431
  8 6.890240 0.000002 -0.000000 0.000000 0.000000 0.288797
  9 8.011925 0.000004 0.000005 0.000000 0.000000 -0.031823
 10 7.210720 -0.000002 -0.000000 0.000000 0.000000 0.236072
 11 8.581028 -0.304903 -0.000000 0.001038 0.001840 0.792704
 12 22.523008 2.194031 6.355708 0.000000 -0.060676 0.000000
 13 22.523005 2.194038 -6.355709 0.000000 0.004537 0.000000
 14 -3.006533 7.804720 -11.355459 0.256127 0.207014 1.893988
 15 10.384675 0.000008 0.000005 -0.010324 0.188730 -1.899526
 16 22.550743 -0.000006 -0.000004 0.127056 0.012618 2.034735
 17 30.814247 -0.000015 -0.000004 2.563331 0.028312 0.299565
 18 -3.009890 7.807681 11.355459 -0.259083 -0.205818 1.896931
 19 10.382345 -0.000002 0.000007 0.008330 -0.189210 -1.888623
 20 22.550726 -0.000027 -0.000013 -0.126807 -0.012643 2.020687
 21 30.814270 -0.000023 0.000002 -2.568275 -0.006824 0.302362
 22 -4.250660 -0.770624 0.000001 0.000000 0.000000 -2.971615
 23 10.363422 0.000000 0.000000 0.000000 -0.000008 0.002141
 24 10.363076 0.000000 -0.000000 0.000000 0.000009 -0.008259
 25 10.363081 -0.000004 -0.000002 -0.000009 -0.000015 0.090052
 26 8.210358 -0.000006 -7.786025 -0.000171 0.245071 0.015049
 27 8.210346 -0.000002 7.704017 -0.000012 -0.223224 0.015056
 28 1.292324 3.337230 -13.762345 2.545506 0.071777 1.834534
 29 8.952591 -0.000004 0.000004 -0.011859 0.081141 -2.042158
 30 24.248093 0.000001 0.000007 0.048816 0.039089 1.569068
 31 26.336971 0.000019 0.000002 0.420939 0.099050 0.460470
 32 0.882161 0.524652 14.051412 -2.544606 -0.051660 1.779482
 33 8.952590 -0.000008 0.000004 0.009612 -0.082562 -2.017771
 34 24.248116 0.000002 -0.000004 -0.048244 -0.039286 1.547738
 35 26.336975 0.000000 0.000004 -0.417169 -0.101188 0.404402
time 10
  0 0.000000 0.000000 0.000000 0.000000 -0.000000 -1.570796
  1 0.000000 0.000000 0.000000 0.000000 -0.000000 0.000000
  2 0.000000 -2.935961 27.219074 -1.571755 -0.341100 1.571755
  3 4.222169 -0.467508 0.000000 0.017287 0.021578 -0.104793
  4 4.476987 -0.000002 -0.000000 0.016022 0.016204 -0.070375
  5 4.477083 0.000000 0.000002 -0.002491 0.018273 -0.176237
  6 4.477077 -0.000004 -0.000002 0.002835 -0.033240 -0.101319
  7 5.413502 -7.700466 -0.000000 0.000000 0.000000 -0.574513
  8 6.890240 0.000002 -0.000000 0.000000 0.000000 0.452022
  9 8.011925 0.000004 0.000005 0.000000 0.000000 -0.047708
 10 7.210720 -0.000002 -0.000000 0.000000 0.000000 0.449511
 11 8.581028 -0.304903 -0.000000 0.001106 0.001857 0.623938
 12 22.523008 2.194031 6.355708 0.000000 -0.060676 0.000000
 13 22.523005 2.194038 -6.355709 0.000000 0.006443 0.000000
 14 -3.006533 7.804720 -11.355459 0.287055 0.179279 2.006544
 15 10.384675 0.000008 0.000005 -0.002966 0.189854 -1.859426
 16 22.550743 -0.000006 -0.000004 0.126065 0.012905 1.986491
 17 30.814247 -0.000015 -0.000004 2.536337 0.050443 0.259921
 18 -3.009890 7.807681 11.355459 -0.292482 -0.174018 2.020109
 19 10.382345 -0.000002 0.000007 0.000713 -0.190572 -1.847569
 20 22.550726 -0.000027 -0.000013 -0.125785 -0.012780 1.971243
 21 30.814270 -0.000023 0.000002 -2.549858 -0.015094 0.269534
 22 -4.250660 -0.770624 0.000001 0.000000 0.000000 -2.971205
 23 10.363422 0.000000 0.000000 0.000000 -0.000008 0.004628
 24 10.363076 0.000000 -0.000000 0.000000 0.000009 -0.006194
 25 10.363081 -0.000004 -0.000002 -0.000009 -0.000015 0.092468
 26 8.210358 -0.000006 -7.786025 -0.000171 0.245071 0.015049
 27 8.210346 -0.000002 7.704017 -0.000012 -0.223224 0.015056
 28 1.292324 3.337230 -13.762345 2.557115 0.073430 1.850833
 29 8.952591 -0.000004 0.000004 -0.008977 0.082778 -2.007379
 30 24.248093 0.000001 0.000007 0.047148 0.039109 1.519102
 31 26.336971 0.000019 0.000002 0.409237 0.111663 0.452075
 32 0.882161 0.524652 14.051412 -2.555444 -0.056394 1.800721
 33 8.952590 -0.000008 0.000004 0.006967 -0.084009 -1.985297
 34 24.248116 0.000002 -0.000004 -0.046871 -0.039274 1.510826
 35 26.336975 0.000000 0.000004 -0.405890 -0.113627 0.395416
time 11
  0 0.000000 0.000000 0.000000 0.000000 -0.000000 -1.570796
  1 0.000000 0.000000 0.000000 0.000000 -0.000000 0.000000
  2 0.000000 -2.932055 28.558958 -1.571659 -0.381986 1.571659
  3 4.222169 -0.467508 0.000000 0.020391 0.028177 -0.089965
  4 4.476987 -0.000002 -0.000000 0.018443 0.026463 -0.069576
  5 4.477083 0.000000 0.000002 0.000625 0.015995 -0.204131
  6 4.477077 -0.000004 -0.000002 0.007222 -0.040926 -0.115756
  7 5.413502 -7.700466 -0.000000 -0.000013 -0.000034 -0.622772
  8 6.890240 0.000002 -0.000000 0.000000 0.000000 0.610570
  9 8.011925 0.000004 0.000005 0.000000 0.000000 -0.063646
 10 7.210720 -0.000002 -0.000000 0.000000 0.000000 0.663567
 11 8.581028 -0.304903 -0.000000 0.001129 0.001874 0.459169
 12 22.523008 2.194031 6.355708 0.000000 -0.060676 0.000000
 13 22.523005 2.194038 -6.355709 0.000000 0.008863 0.000000
 14 -3.006533 7.804720 -11.355459 0.323192 0.159283 2.115597
 15 10.384675 0.000008 0.000005 0.004878 0.190724 -1.816994
 16 22.550743 -0.000006 -0.000004 0.125025 0.013163 1.935643
 17 30.814247 -0.000015 -0.000004 2.508077 0.072700 0.222068
 18 -3.009890 7.807681 11.355459 -0.322113 -0.137884 2.143685
 19 10.382345 -0.000002 0.000007 -0.010747 -0.191635 -1.784655
 20 22.550726 -0.000027 -0.000013 -0.124131 -0.013290 1.896489
 21 30.814270 -0.000023 0.000002 -2.530915 -0.021529 0.236092
 22 -4.250660 -0.770624 0.000001 0.000000 0.000000 -2.970002
 23 10.363422 0.000000 0.000000 0.000000 -0.000008 0.006344
 24 10.363076 0.000000 -0.000000 0.000000 0.000009 -0.004130
 25 10.363081 -0.000004 -0.000002 -0.000009 -0.000015 0.094133
 26 8.210358 -0.000006 -7.786025 -0.000171 0.245071 0.015049
 27 8.210346 -0.000002 7.704017 -0.000012 -0.223224 0.015056
 28 1.292324 3.337230 -13.762345 2.569471 0.077698 1.873215
 29 8.952591 -0.000004 0.000004 -0.005867 0.084398 -1.970907
 30 24.248093 0.000001 0.000007 0.045443 0.039028 1.469254
 31 26.336971 0.000019 0.000002 0.396708 0.124724 0.442135
 32 0.882161 0.524652 14.051412 -2.567093 -0.061045 1.822951
 33 8.952590 -0.000008 0.000004 0.004220 -0.085373 -1.952822
 34 24.248116 0.000002 -0.000004 -0.045498 -0.039214 1.473965
 35 26.336975 0.000000 0.000004 -0.393926 -0.126408 0.385413
time 12
  0 0.000000 0.000000 0.000000 0.000000 -0.000000 -1.570796
  1 0.000000 0.000000 0.000000 0.000000 -0.000000 0.000000
  2 0.000000 -2.924242 29.648834 -1.571564 -0.422754 1.571564
  3 4.222169 -0.467508 0.000000 0.023590 0.034721 -0.074386
  4 4.476987 -0.000002 -0.000000 0.020804 0.036551 -0.068555
  5 4.477083 0.000000 0.000002 0.004784 0.014073 -0.229165
  6 4.477077 -0.000004 -0.000002 0.012279 -0.049928 -0.126034
  7 5.413502 -7.700466 -0.000000 0.000173 0.000425 -0.668232
  8 6.890240 0.000002 -0.000000 0.000000 0.000170 0.720993
  9 8.011925 0.000004 0.000005 0.000000 0.000016 -0.080647
 10 7.210720 -0.000002 -0.000000 0.000000 0.000000 0.826133
 11 8.581028 -0.304903 -0.000000 0.001038 0.001942 0.335162
 12 22.523008 2.194031 6.355708 0.000000 -0.060676 0.000000
 13 22.523005 2.194038 -6.355709 0.000000 0.011374 0.000000
 14 -3.006533 7.804720 -11.355459 0.357810 0.139250 2.218538
 15 10.384675 0.000008 0.000005 0.012722 0.191255 -1.774840
 16 22.550743 -0.000006 -0.000004 0.123986 0.013392 1.885159
 17 30.814247 -0.000015 -0.000004 2.476584 0.103954 0.204556
 18 -3.009890 7.807681 11.355459 -0.345024 -0.099844 2.259681
 19 10.382345 -0.000002 0.000007 -0.022611 -0.191934 -1.719596
 20 22.550726 -0.000027 -0.000013 -0.122353 -0.013722 1.819128
 21 30.814270 -0.000023 0.000002 -2.516040 -0.025223 0.209567
 22 -4.250660 -0.770624 0.000001 0.000000 0.000000 -2.967979
 23 10.363422 0.000000 0.000000 0.000000 -0.000008 0.006234
 24 10.363076 0.000000 -0.000000 0.000000 0.000009 -0.002942
 25 10.363081 -0.000004 -0.000002 -0.000009 -0.000015 0.094240
 26 8.210358 -0.000006 -7.786025 -0.000171 0.245071 0.015049
 27 8.210346 -0.000002 7.704017 -0.000012 -0.223224 0.015056
 28 1.292324 3.337230 -13.762345 2.581344 0.086975 1.905511
 29 8.952591 -0.000004 0.000004 -0.002687 0.085893 -1.934131
 30 24.248093 0.000001 0.000007 0.044145 0.038927 1.437108
 31 26.336971 0.000019 0.000002 0.383526 0.137889 0.431089
 32 0.882161 0.524652 14.051412 -2.578099 -0.068433 1.850523
 33 8.952590 -0.000008 0.000004 0.001439 -0.086653 -1.919953
 34 24.248116 0.000002 -0.000004 -0.044112 -0.039106 1.436748
 35 26.336975 0.000000 0.000004 -0.381447 -0.139344 0.374731
time 13
  0 0.000000 0.000000 0.000000 0.000000 -0.000000 -1.570796
  1 0.000000 0.000000 0.000000 0.000000 -0.000000 0.000000
  2 0.000000 -3.010182 30.273853 -1.571564 -0.463601 1.571564
  3 4.222169 -0.467508 0.000000 0.027737 0.042785 -0.061690
  4 4.476987 -0.000002 -0.000000 0.023944 0.049081 -0.069798
  5 4.477083 0.000000 0.000002 0.010956 0.012458 -0.247677
  6 4.477077 -0.000004 -0.000002 0.018104 -0.060564 -0.131562
  7 5.413502 -7.700466 -0.000000 0.001475 0.006610 -0.682358
  8 6.890240 0.000002 -0.000000 0.000000 -0.001581 0.751641
  9 8.011925 0.000004 0.000005 0.000000 -0.000080 -0.085060
 10 7.210720 -0.000002 -0.000000 0.000000 0.000000 0.878722
 11 8.581028 -0.304903 -0.000000 0.001015 0.001942 0.306807
 12 22.523008 2.194031 6.355708 0.000000 -0.060676 0.000000
 13 22.523005 2.194038 -6.355709 0.000000 0.018724 0.000000
 14 -3.006533 7.804720 -11.355459 0.392428 0.134481 2.289615
 15 10.384675 0.000008 0.000005 0.020603 0.191467 -1.732574
 16 22.550743 -0.000006 -0.000004 0.122914 0.013536 1.834493
 17 30.814247 -0.000015 -0.000004 2.443737 0.135647 0.187868
 18 -3.009890 7.807681 11.355459 -0.352508 -0.068157 2.338455
 19 10.382345 -0.000002 0.000007 -0.034475 -0.191502 -1.654826
 20 22.550726 -0.000027 -0.000013 -0.120556 -0.014017 1.741520
 21 30.814270 -0.000023 0.000002 -2.511796 -0.026789 0.200837
 22 -4.250660 -0.770624 0.000001 0.000000 0.000000 -2.964958
 23 10.363422 0.000000 0.000000 0.000000 -0.000008 0.017964
 24 10.363076 0.000000 -0.000000 0.000000 0.000009 0.008543
 25 10.363081 -0.000004 -0.000002 -0.000009 -0.000015 0.103771
 26 8.210358 -0.000006 -7.786025 -0.000171 0.245071 0.015049
 27 8.210346 -0.000002 7.704017 -0.000012 -0.223224 0.015056
 28 1.292324 3.337230 -13.762345 2.588512 0.097781 1.936104
 29 8.952591 -0.000004 0.000004 0.000073 0.087103 -1.903477
 30 24.248093 0.000001 0.000007 0.043070 0.038826 1.411593
 31 26.336971 0.000019 0.000002 0.369561 0.151108 0.419437
 32 0.882161 0.524652 14.051412 -2.583569 -0.078831 1.878913
 33 8.952590 -0.000008 0.000004 -0.000901 -0.087627 -1.893350
 34 24.248116 0.000002 -0.000004 -0.042959 -0.038975 1.405421
 35 26.336975 0.000000 0.000004 -0.368282 -0.152342 0.363710
time 14
  0 0.000000 0.000000 0.000000 0.000000 -0.000000 -1.570796
  1 0.000000 0.000000 0.000000 0.000000 -0.000000 0.000000
  2 0.019532 -3.662545 30.191820 -1.571564 -0.504009 1.571564
  3 4.222169 -0.467508 0.000000 0.036702 0.060173 -0.071197
  4 4.476987 -0.000002 -0.000000 0.031938 0.076795 -0.085758
  5 4.477083 0.000000 0.000002 0.019872 0.010858 -0.255770
  6 4.477077 -0.000004 -0.000002 0.024647 -0.073644 -0.129974
  7 5.413502 -7.700466 -0.000000 0.001170 0.021307 -0.686559
  8 6.890240 0.000002 -0.000000 -0.000695 -0.020128 0.609639
  9 8.011925 0.000004 0.000005 0.000000 -0.002844 0.011888
 10 7.210720 -0.000002 -0.000000 0.000000 0.000000 0.731307
 11 8.581028 -0.304903 -0.000000 0.001152 0.001857 0.534561
 12 22.523008 2.194031 6.355708 0.000000 -0.070086 0.000000
 13 22.523005 2.194038 -6.355709 0.000000 0.069966 0.000000
 14 -3.006533 7.804720 -11.355459 0.424170 0.133032 2.346819
 15 10.384675 0.000008 0.000005 0.028372 0.191339 -1.691031
 16 22.550743 -0.000006 -0.000004 0.121875 0.013651 1.784372
 17 30.814247 -0.000015 -0.000004 2.413381 0.170913 0.175298
 18 -3.009890 7.807681 11.355459 -0.352814 -0.038488 2.403379
 19 10.382345 -0.000002 0.000007 -0.046677 -0.190339 -1.587099
 20 22.550726 -0.000027 -0.000013 -0.118779 -0.014154 1.665214
 21 30.814270 -0.000023 0.000002 -2.517900 -0.028502 0.209205
 22 -4.250660 -0.770624 0.000001 0.000000 0.000000 -2.959580
 23 10.363422 0.000000 0.000000 0.000000 -0.000008 0.120776
 24 10.363076 0.000000 -0.000000 0.000000 0.000009 0.095703
 25 10.363081 -0.000004 -0.000002 -0.000009 -0.000015 0.184393
 26 8.210358 -0.000006 -7.786025 -0.000757 0.284875 0.017325
 27 8.210346 -0.000002 7.704017 0.000503 -0.259556 0.017361
 28 1.292324 3.337230 -13.762345 2.588688 0.106318 1.954350
 29 8.952591 -0.000004 0.000004 -0.001430 0.086480 -1.925013
 30 24.248093 0.000001 0.000007 0.043811 0.039008 1.427636
 31 26.336971 0.000019 0.000002 0.357989 0.164746 0.403145
 32 0.882161 0.524652 14.051412 -2.581341 -0.087504 1.895758
 33 8.952590 -0.000008 0.000004 0.001168 -0.086569 -1.919835
 34 24.248116 0.000002 -0.000004 -0.043762 -0.039071 1.424766
 35 26.336975 0.000000 0.000004 -0.357690 -0.166209 0.348112
time 15
  0 0.000000 0.000000 0.000000 0.000000 -0.000000 -1.570796
  1 0.000000 0.000000 0.000000 0.000000 -0.000000 0.000000
  2 0.066408 -5.096183 29.621490 -1.571659 -0.544258 1.571659
  3 4.222169 -0.467508 0.000000 0.046253 0.078711 -0.083448
  4 4.476987 -0.000002 -0.000000 0.040183 0.106588 -0.103360
  5 4.477083 0.000000 0.000002 0.030910 0.009098 -0.255829
  6 4.477077 -0.000004 -0.000002 0.031610 -0.089110 -0.121222
  7 5.413502 -7.700466 -0.000000 -0.000864 0.044041 -0.685625
  8 6.890240 0.000002 -0.000000 -0.001115 -0.055325 0.337807
  9 8.011925 0.000004 0.000005 -0.000275 -0.015097 0.180035
 10 7.210720 -0.000002 -0.000000 0.000000 0.000777 0.502824
 11 8.581028 -0.304903 -0.000000 0.000992 0.001908 0.927085
 12 22.523008 2.194031 6.355708 0.000000 -0.241513 0.000000
 13 22.523005 2.194038 -6.355709 0.000000 0.191870 0.000000
 14 -3.006533 7.804720 -11.355459 0.440773 0.148401 2.350940
 15 10.384675 0.000008 0.000005 0.037000 0.190958 -1.643767
 16 22.550743 -0.000006 -0.000004 0.120723 0.013737 1.731103
 17 30.814247 -0.000015 -0.000004 2.400888 0.232668 0.193812
 18 -3.009890 7.807681 11.355459 -0.333263 -0.015432 2.420821
 19 10.382345 -0.000002 0.000007 -0.063327 -0.188113 -1.490843
 20 22.550726 -0.000027 -0.000013 -0.116859 -0.014194 1.581588
 21 30.814270 -0.000023 0.000002 -2.533686 -0.028649 0.235925
 22 -4.250660 -0.770624 0.000001 0.000000 0.000000 -2.948416
 23 10.363422 0.000000 0.000000 -0.000000 -0.000008 0.263948
 24 10.363076 0.000000 -0.000000 0.000000 0.000009 0.220080
 25 10.363081 -0.000004 -0.000002 -0.000009 -0.000015 0.293608
 26 8.210358 -0.000006 -7.786025 -0.001930 0.848613 0.051227
 27 8.210346 -0.000002 7.704017 0.001450 -0.773437 0.051576
 28 1.292324 3.337230 -13.762345 2.585346 0.112387 1.963473
 29 8.952591 -0.000004 0.000004 -0.007072 0.084006 -1.988579
 30 24.248093 0.000001 0.000007 0.046258 0.039210 1.489916
 31 26.336971 0.000019 0.000002 0.361383 0.181932 0.362222
 32 0.882161 0.524652 14.051412 -2.575365 -0.095002 1.906787
 33 8.952590 -0.000008 0.000004 0.006967 -0.084037 -1.986242
 34 24.248116 0.000002 -0.000004 -0.046262 -0.039190 1.491583
 35 26.336975 0.000000 0.000004 -0.363265 -0.185846 0.306798
time 16
  0 0.000000 0.000000 0.000000 0.000000 -0.000000 -1.570796
  1 0.000000 0.000000 0.000000 0.000000 -0.000000 0.000000
  2 0.132817 -6.975147 29.125381 -1.571851 -0.583031 1.571851
  3 4.222169 -0.467508 0.000000 0.056105 0.103033 -0.100852
  4 4.476987 -0.000002 -0.000000 0.047661 0.142291 -0.125225
  5 4.477083 0.000000 0.000002 0.044560 0.004268 -0.243453
  6 4.477077 -0.000004 -0.000002 0.038010 -0.110233 -0.101428
  7 5.413502 -7.700466 -0.000000 -0.005051 0.074948 -0.677909
  8 6.890240 0.000002 -0.000000 -0.001330 -0.085281 0.112331
  9 8.011925 0.000004 0.000005 0.001244 -0.047927 0.262914
 10 7.210720 -0.000002 -0.000000 0.000000 -0.006038 0.428191
 11 8.581028 -0.304903 -0.000000 0.001244 0.001106 1.165425
 12 22.523008 2.194031 6.355708 0.000000 -0.452505 0.000000
 13 22.523005 2.194038 -6.355709 0.000000 0.352523 0.000000
 14 -3.006533 7.804720 -11.355459 0.452168 0.167762 2.340776
 15 10.384675 0.000008 0.000005 0.050671 0.190045 -1.564901
 16 22.550743 -0.000006 -0.000004 0.119044 0.013880 1.659492
 17 30.814247 -0.000015 -0.000004 2.392808 0.299533 0.217627
 18 -3.009890 7.807681 11.355459 -0.309181 0.005045 2.423842
 19 10.382345 -0.000002 0.000007 -0.086583 -0.182698 -1.353360
 20 22.550726 -0.000027 -0.000013 -0.114142 -0.014115 1.447774
 21 30.814270 -0.000023 0.000002 -2.569152 -0.020061 0.309000
 22 -4.250660 -0.770624 0.000001 0.000000 0.000000 -2.948339
 23 10.363422 0.000000 0.000000 0.000000 -0.000008 0.353886
 24 10.363076 0.000000 -0.000000 0.000000 0.000009 0.306053
 25 10.363081 -0.000004 -0.000002 -0.000009 -0.000015 0.376486
 26 8.210358 -0.000006 -7.786025 0.000061 1.112839 0.069197
 27 8.210346 -0.000002 7.704017 -0.000240 -1.014084 0.069243
 28 1.292324 3.337230 -13.762345 2.579277 0.116335 1.964932
 29 8.952591 -0.000004 0.000004 -0.010986 0.081782 -2.034907
 30 24.248093 0.000001 0.000007 0.048964 0.039230 1.559003
 31 26.336971 0.000019 0.000002 0.366560 0.200091 0.316827
 32 0.882161 0.524652 14.051412 -2.566856 -0.100994 1.911310
 33 8.952590 -0.000008 0.000004 0.010663 -0.082005 -2.030422
 34 24.248116 0.000002 -0.000004 -0.048996 -0.039118 1.565407
 35 26.336975 0.000000 0.000004 -0.370898 -0.207002 0.261133
time 17
  0 0.000000 0.000000 0.000000 0.000000 -0.000000 -1.570796
  1 0.000000 0.000000 0.000000 0.000000 -0.000000 0.000000
  2 0.214850 -8.842391 28.902718 -1.571659 -0.610395 1.571659
  3 4.222169 -0.467508 0.000000 0.067586 0.156440 -0.145381
  4 4.476987 -0.000002 -0.000000 0.052048 0.207423 -0.169375
  5 4.477083 0.000000 0.000002 0.063089 -0.013291 -0.200204
  6 4.477077 -0.000004 -0.000002 0.040754 -0.153061 -0.045366
  7 5.413502 -7.700466 -0.000000 -0.015219 0.113382 -0.653857
  8 6.890240 0.000002 -0.000000 -0.008569 -0.099253 0.015033
  9 8.011925 0.000004 0.000005 0.012416 -0.117692 0.152858
 10 7.210720 -0.000002 -0.000000 0.000933 -0.062534 0.516581
 11 8.581028 -0.304903 -0.000000 0.001979 -0.003521 1.201071
 12 22.523008 2.194031 6.355708 0.000000 -0.659708 0.000000
 13 22.523005 2.194038 -6.355709 0.000000 0.510968 0.000000
 14 -3.006533 7.804720 -11.355459 0.450594 0.190656 2.305135
 15 10.384675 0.000008 0.000005 0.065200 0.187966 -1.479870
 16 22.550743 -0.000006 -0.000004 0.117253 0.013909 1.584553
 17 30.814247 -0.000015 -0.000004 2.386168 0.366022 0.241156
 18 -3.009890 7.807681 11.355459 -0.280721 0.019618 2.395114
 19 10.382345 -0.000002 0.000007 -0.115300 -0.171502 -1.179578
 20 22.550726 -0.000027 -0.000013 -0.110628 -0.013546 1.274256
 21 30.814270 -0.000023 0.000002 -2.607285 -0.005919 0.389885
 22 -4.250660 -0.770624 0.000001 0.000000 0.000000 -3.029152
 23 10.363422 0.000000 0.000000 0.000000 -0.000008 0.357539
 24 10.363076 0.000000 -0.000000 0.000000 0.000009 0.302620
 25 10.363081 -0.000004 -0.000002 -0.000009 -0.000015 0.379868
 26 8.210358 -0.000006 -7.786025 -0.002418 0.843451 0.050615
 27 8.210346 -0.000002 7.704017 0.001702 -0.768609 0.051101
 28 1.292324 3.337230 -13.762345 2.571406 0.118383 1.960249
 29 8.952591 -0.000004 0.000004 -0.014392 0.079558 -2.077024
 30 24.248093 0.000001 0.000007 0.051708 0.039068 1.628387
 31 26.336971 0.000019 0.000002 0.370866 0.218722 0.271155
 32 0.882161 0.524652 14.051412 -2.555411 -0.101568 1.898731
 33 8.952590 -0.000008 0.000004 0.013851 -0.080029 -2.069400
 34 24.248116 0.000002 -0.000004 -0.051600 -0.038891 1.634661
 35 26.336975 0.000000 0.000004 -0.377373 -0.228593 0.215298
time 18
  0 0.000000 0.000000 0.000000 0.000000 -0.000000 -1.570796
  1 0.000000 0.000000 0.000000 0.000000 -0.000000 0.000000
  2 0.324229 -10.252590 29.019909 -1.571372 -0.619131 1.571372
  3 4.222169 -0.467508 0.000000 0.076958 0.217355 -0.195997
  4 4.476987 -0.000002 -0.000000 0.052575 0.279666 -0.219275
  5 4.477083 0.000000 0.000002 0.081797 -0.035034 -0.151129
  6 4.477077 -0.000004 -0.000002 0.039856 -0.201057 0.019169
  7 5.413502 -7.700466 -0.000000 -0.033681 0.157899 -0.606779
  8 6.890240 0.000002 -0.000000 -0.021033 -0.104219 -0.021596
  9 8.011925 0.000004 0.000005 0.034759 -0.199199 -0.049889
 10 7.210720 -0.000002 -0.000000 0.001126 -0.155523 0.649166
 11 8.581028 -0.304903 -0.000000 0.002829 -0.009188 1.204330
 12 22.523008 2.194031 6.355708 0.000000 -0.838070 0.000000
 13 22.523005 2.194038 -6.355709 0.000000 0.644911 0.000000
 14 -3.006533 7.804720 -11.355459 0.445060 0.214398 2.263038
 15 10.384675 0.000008 0.000005 0.078946 0.184868 -1.399060
 16 22.550743 -0.000006 -0.000004 0.115445 0.013823 1.508281
 17 30.814247 -0.000015 -0.000004 2.378438 0.431790 0.261353
 18 -3.009890 7.807681 11.355459 -0.251497 0.033855 2.359546
 19 10.382345 -0.000002 0.000007 -0.143005 -0.154592 -0.997098
 20 22.550726 -0.000027 -0.000013 -0.106870 -0.012466 1.084671
 21 30.814270 -0.000023 0.000002 -2.642751 0.019943 0.458358
 22 -4.250660 -0.770624 0.000001 0.000000 0.000000 3.126952
 23 10.363422 0.000000 0.000000 0.000000 -0.000008 0.347153
 24 10.363076 0.000000 -0.000000 0.000000 0.000009 0.287779
 25 10.363081 -0.000004 -0.000002 -0.000009 -0.000015 0.372781
 26 8.210358 -0.000006 -7.786025 -0.001612 0.336633 0.020212
 27 8.210346 -0.000002 7.704017 0.001115 -0.306627 0.020278
 28 1.292324 3.337230 -13.762345 2.562084 0.118925 1.950640
 29 8.952591 -0.000004 0.000004 -0.017065 0.077689 -2.110240
 30 24.248093 0.000001 0.000007 0.053895 0.038725 1.686405
 31 26.336971 0.000019 0.000002 0.372476 0.233701 0.230674
 32 0.882161 0.524652 14.051412 -2.545754 -0.099954 1.883868
 33 8.952590 -0.000008 0.000004 0.016395 -0.078332 -2.101362
 34 24.248116 0.000002 -0.000004 -0.053051 -0.038771 1.668831
 35 26.336975 0.000000 0.000004 -0.381747 -0.246958 0.175905
time 19
  0 0.000000 0.000000 0.000000 0.000000 -0.000000 -1.570796
  1 0.000000 0.000000 0.000000 0.000000 -0.000000 0.000000
  2 0.480483 -10.822920 29.695711 -1.571563 -0.620766 1.571563
  3 4.222169 -0.467508 0.000000 0.082219 0.271282 -0.239943
  4 4.476987 -0.000002 -0.000000 0.049986 0.343684 -0.262893
  5 4.477083 0.000000 0.000002 0.096610 -0.053529 -0.108131
  6 4.477077 -0.000004 -0.000002 0.035793 -0.242795 0.077085
  7 5.413502 -7.700466 -0.000000 -0.048461 0.197896 -0.554319
  8 6.890240 0.000002 -0.000000 -0.030177 -0.107212 -0.060226
  9 8.011925 0.000004 0.000005 0.048249 -0.242285 -0.164902
 10 7.210720 -0.000002 -0.000000 0.000165 -0.210995 0.743134
 11 8.581028 -0.304903 -0.000000 0.003426 -0.012330 1.211025
 12 22.523008 2.194031 6.355708 0.000000 -0.925021 0.000000
 13 22.523005 2.194038 -6.355709 0.000000 0.716450 0.000000
 14 -3.006533 7.804720 -11.355459 0.441967 0.236585 2.227534
 15 10.384675 0.000008 0.000005 0.087760 0.182386 -1.348853
 16 22.550743 -0.000006 -0.000004 0.113990 0.013679 1.446235
 17 30.814247 -0.000015 -0.000004 2.357515 0.484485 0.259097
 18 -3.009890 7.807681 11.355459 -0.224004 0.050371 2.329392
 19 10.382345 -0.000002 0.000007 -0.164711 -0.135555 -0.834913
 20 22.550726 -0.000027 -0.000013 -0.103581 -0.010994 0.907865
 21 30.814270 -0.000023 0.000002 -2.672534 0.058039 0.504016
 22 -4.250660 -0.770624 0.000001 0.000000 0.000000 3.001380
 23 10.363422 0.000000 0.000000 0.000000 -0.000008 0.338394
 24 10.363076 0.000000 -0.000000 0.000000 0.000009 0.277481
 25 10.363081 -0.000004 -0.000002 -0.000009 -0.000015 0.366982
 26 8.210358 -0.000006 -7.786025 0.000147 0.034472 0.002140
 27 8.210346 -0.000002 7.704017 -0.000072 -0.031443 0.002136
 28 1.292324 3.337230 -13.762345 2.557598 0.115915 1.939449
 29 8.952591 -0.000004 0.000004 -0.016856 0.077921 -2.104899
 30 24.248093 0.000001 0.000007 0.053524 0.038544 1.683741
 31 26.336971 0.000019 0.000002 0.365472 0.231704 0.215708
 32 0.882161 0.524652 14.051412 -2.540082 -0.097683 1.872623
 33 8.952590 -0.000008 0.000004 0.015852 -0.078833 -2.093441
 34 24.248116 0.000002 -0.000004 -0.052131 -0.038939 1.645983
 35 26.336975 0.000000 0.000004 -0.380804 -0.250091 0.167993
time 20
  0 0.000000 0.000000 0.000000 0.000000 -0.000000 -1.570796
  1 0.000000 0.000000 0.000000 0.000000 -0.000000 0.000000
  2 0.687521 -10.490879 30.664492 -1.571564 -0.620088 1.571564
  3 4.222169 -0.467508 0.000000 0.081140 0.298403 -0.260383
  4 4.476987 -0.000002 -0.000000 0.048081 0.379174 -0.281783
  5 4.477083 0.000000 0.000002 0.101200 -0.057503 -0.083735
  6 4.477077 -0.000004 -0.000002 0.029920 -0.261794 0.109616
  7 5.413502 -7.700466 -0.000000 -0.044965 0.215312 -0.511038
  8 6.890240 0.000002 -0.000000 -0.024772 -0.106075 -0.132112
  9 8.011925 0.000004 0.000005 0.042997 -0.246055 -0.151327
 10 7.210720 -0.000002 -0.000000 0.001098 -0.217898 0.784406
 11 8.581028 -0.304903 -0.000000 0.003334 -0.006081 1.216563
 12 22.523008 2.194031 6.355708 0.000000 -0.953801 0.000000
 13 22.523005 2.194038 -6.355709 0.000000 0.741798 0.000000
 14 -3.006533 7.804720 -11.355459 0.450757 0.254957 2.216065
 15 10.384675 0.000008 0.000005 0.088545 0.182131 -1.344132
 16 22.550743 -0.000006 -0.000004 0.113814 0.013766 1.437942
 17 30.814247 -0.000015 -0.000004 2.324231 0.512040 0.231952
 18 -3.009890 7.807681 11.355459 -0.205116 0.067897 2.318391
 19 10.382345 -0.000002 0.000007 -0.176104 -0.122798 -0.738832
 20 22.550726 -0.000027 -0.000013 -0.101702 -0.009934 0.794895
 21 30.814270 -0.000023 0.000002 -2.696038 0.097064 0.528923
 22 -4.250660 -0.770624 0.000001 0.000000 0.000000 2.929095
 23 10.363422 0.000000 0.000000 0.000000 -0.000008 0.329636
 24 10.363076 0.000000 -0.000000 0.000000 0.000009 0.268990
 25 10.363081 -0.000004 -0.000002 -0.000009 -0.000015 0.361183
 26 8.210358 -0.000006 -7.786025 0.000000 0.000000 -0.000000
 27 8.210346 -0.000002 7.704017 0.000000 0.000000 -0.000000
 28 1.292324 3.337230 -13.762345 2.572066 0.104196 1.932637
 29 8.952591 -0.000004 0.000004 -0.015336 0.079042 -2.083537
 30 24.248093 0.000001 0.000007 0.051634 0.038968 1.634781
 31 26.336971 0.000019 0.000002 0.353291 0.220877 0.216923
 32 0.882161 0.524652 14.051412 -2.539744 -0.094974 1.866161
 33 8.952590 -0.000008 0.000004 0.013071 -0.080836 -2.057419
 34 24.248116 0.000002 -0.000004 -0.050265 -0.039118 1.599171
 35 26.336975 0.000000 0.000004 -0.377244 -0.246307 0.178844
time 21
  0 0.000000 0.000000 0.000000 0.000000 -0.000000 -1.570796
  1 0.000000 0.000000 0.000000 0.000000 -0.000000 0.000000
  2 0.957060 -9.502567 31.832497 -1.571372 -0.616777 1.571372
  3 4.222169 -0.467508 0.000000 0.077905 0.315049 -0.273892
  4 4.476987 -0.000002 -0.000000 0.046535 0.408045 -0.294502
  5 4.477083 0.000000 0.000002 0.103069 -0.057536 -0.064185
  6 4.477077 -0.000004 -0.000002 0.023533 -0.269893 0.131247
  7 5.413502 -7.700466 -0.000000 -0.036831 0.230961 -0.469841
  8 6.890240 0.000002 -0.000000 -0.015868 -0.103122 -0.212118
  9 8.011925 0.000004 0.000005 0.034170 -0.242093 -0.111717
 10 7.210720 -0.000002 -0.000000 0.003377 -0.214084 0.788669
 11 8.581028 -0.304903 -0.000000 0.003104 0.002540 1.221785
 12 22.523008 2.194031 6.355708 0.000000 -0.964769 0.000000
 13 22.523005 2.194038 -6.355709 0.000000 0.753414 0.000000
 14 -3.006533 7.804720 -11.355459 0.460307 0.267994 2.213593
 15 10.384675 0.000008 0.000005 0.087462 0.182429 -1.349352
 16 22.550743 -0.000006 -0.000004 0.113974 0.013909 1.443390
 17 30.814247 -0.000015 -0.000004 2.291909 0.524297 0.198325
 18 -3.009890 7.807681 11.355459 -0.198955 0.075706 2.317650
 19 10.382345 -0.000002 0.000007 -0.183519 -0.113030 -0.669771
 20 22.550726 -0.000027 -0.000013 -0.101007 -0.009089 0.730625
 21 30.814270 -0.000023 0.000002 -2.712105 0.129728 0.539271
 22 -4.250660 -0.770624 0.000001 0.000000 0.000000 2.873530
 23 10.363422 0.000000 0.000000 0.000000 -0.000008 0.320899
 24 10.363076 0.000000 -0.000000 0.000000 0.000009 0.260808
 25 10.363081 -0.000004 -0.000002 -0.000009 -0.000015 0.355410
 26 8.210358 -0.000006 -7.786025 0.000000 0.000000 -0.000000
 27 8.210346 -0.000002 7.704017 0.000000 0.000000 -0.000000
 28 1.292324 3.337230 -13.762345 2.591238 0.090331 1.926007
 29 8.952591 -0.000004 0.000004 -0.011824 0.081302 -2.041333
 30 24.248093 0.000001 0.000007 0.049187 0.039351 1.569601
 31 26.336971 0.000019 0.000002 0.337456 0.204164 0.230066
 32 0.882161 0.524652 14.051412 -2.546126 -0.094017 1.869694
 33 8.952590 -0.000008 0.000004 0.009171 -0.083202 -2.008234
 34 24.248116 0.000002 -0.000004 -0.047053 -0.039130 1.512248
 35 26.336975 0.000000 0.000004 -0.371927 -0.238706 0.202977
time 22
  0 0.000000 0.000000 0.000000 0.000000 -0.000000 -1.570796
  1 0.000000 0.000000 0.000000 0.000000 -0.000000 0.000000
  2 1.316446 -8.104088 33.285664 -1.571276 -0.610914 1.571276
  3 4.222169 -0.467508 0.000000 0.073506 0.327414 -0.286788
  4 4.476987 -0.000002 -0.000000 0.044821 0.429977 -0.304402
  5 4.477083 0.000000 0.000002 0.104304 -0.057342 -0.043938
  6 4.477077 -0.000004 -0.000002 0.016785 -0.272318 0.148533
  7 5.413502 -7.700466 -0.000000 -0.028524 0.244622 -0.428334
  8 6.890240 0.000002 -0.000000 -0.007514 -0.099763 -0.292521
  9 8.011925 0.000004 0.000005 0.025892 -0.239185 -0.074651
 10 7.210720 -0.000002 -0.000000 0.005765 -0.209459 0.778345
 11 8.581028 -0.304903 -0.000000 0.002944 0.010939 1.227077
 12 22.523008 2.194031 6.355708 0.000000 -0.969260 0.000000
 13 22.523005 2.194038 -6.355709 0.000000 0.756802 0.000000
 14 -3.006533 7.804720 -11.355459 0.461446 0.266828 2.218881
 15 10.384675 0.000008 0.000005 0.086453 0.182704 -1.354240
 16 22.550743 -0.000006 -0.000004 0.114118 0.014053 1.448172
 17 30.814247 -0.000015 -0.000004 2.271860 0.509752 0.162155
 18 -3.009890 7.807681 11.355459 -0.195391 0.081124 2.319075
 19 10.382345 -0.000002 0.000007 -0.187294 -0.107382 -0.632197
 20 22.550726 -0.000027 -0.000013 -0.100619 -0.008815 0.694395
 21 30.814270 -0.000023 0.000002 -2.711123 0.146952 0.525297
 22 -4.250660 -0.770624 0.000001 0.000000 0.000000 2.818144
 23 10.363422 0.000000 0.000000 0.000000 -0.000008 0.312163
 24 10.363076 0.000000 -0.000000 0.000000 0.000009 0.252910
 25 10.363081 -0.000004 -0.000002 -0.000009 -0.000015 0.349638
 26 8.210358 -0.000006 -7.786025 0.000000 0.000000 -0.000000
 27 8.210346 -0.000002 7.704017 0.000000 0.000000 -0.000000
 28 1.292324 3.337230 -13.762345 2.612170 0.080610 1.929231
 29 8.952591 -0.000004 0.000004 -0.006426 0.084309 -1.978983
 30 24.248093 0.000001 0.000007 0.045554 0.039149 1.475411
 31 26.336971 0.000019 0.000002 0.319576 0.184639 0.248843
 32 0.882161 0.524652 14.051412 -2.559192 -0.103238 1.898429
 33 8.952590 -0.000008 0.000004 0.001032 -0.086875 -1.914278
 34 24.248116 0.000002 -0.000004 -0.043490 -0.038807 1.414459
 35 26.336975 0.000000 0.000004 -0.365837 -0.229617 0.231970
time 23
  0 0.000000 0.000000 0.000000 0.000000 -0.000000 -1.570796
  1 0.000000 0.000000 0.000000 0.000000 -0.000000 0.000000
  2 1.781304 -6.522008 35.176346 -1.571276 -0.601978 1.571276
  3 4.222169 -0.467508 0.000000 0.067454 0.330807 -0.296816
  4 4.476987 -0.000002 -0.000000 0.044593 0.424023 -0.301073
  5 4.477083 0.000000 0.000002 0.103968 -0.055823 -0.023292
  6 4.477077 -0.000004 -0.000002 0.009870 -0.267657 0.160088
  7 5.413502 -7.700466 -0.000000 -0.019924 0.248054 -0.387511
  8 6.890240 0.000002 -0.000000 -0.000204 -0.094914 -0.363056
  9 8.011925 0.000004 0.000005 0.017995 -0.232172 -0.043322
 10 7.210720 -0.000002 -0.000000 0.007879 -0.200808 0.745279
 11 8.581028 -0.304903 -0.000000 0.002829 0.019629 1.233211
 12 22.523008 2.194031 6.355708 0.000000 -0.973721 0.000000
 13 22.523005 2.194038 -6.355709 0.000000 0.760190 0.000000
 14 -3.006533 7.804720 -11.355459 0.460144 0.261458 2.226573
 15 10.384675 0.000008 0.000005 0.086715 0.182619 -1.352518
 16 22.550743 -0.000006 -0.000004 0.114134 0.014253 1.446356
 17 30.814247 -0.000015 -0.000004 2.261858 0.478561 0.127525
 18 -3.009890 7.807681 11.355459 -0.194373 0.080938 2.311380
 19 10.382345 -0.000002 0.000007 -0.190395 -0.102632 -0.600305
 20 22.550726 -0.000027 -0.000013 -0.100149 -0.008599 0.659220
 21 30.814270 -0.000023 0.000002 -2.704247 0.158868 0.506722
 22 -4.250660 -0.770624 0.000001 0.000000 0.000000 2.764602
 23 10.363422 0.000000 0.000000 0.000000 -0.000008 0.303404
 24 10.363076 0.000000 -0.000000 0.000000 0.000009 0.245322
 25 10.363081 -0.000004 -0.000002 -0.000009 -0.000015 0.343839
 26 8.210358 -0.000006 -7.786025 0.000000 0.000000 -0.000000
 27 8.210346 -0.000002 7.704017 0.000000 0.000000 -0.000000
 28 1.292324 3.337230 -13.762345 2.640620 0.082509 1.968460
 29 8.952591 -0.000004 0.000004 0.003864 0.088491 -1.864660
 30 24.248093 0.000001 0.000007 0.041698 0.038443 1.374000
 31 26.336971 0.000019 0.000002 0.299695 0.162092 0.272811
 32 0.882161 0.524652 14.051412 -2.576175 -0.124115 1.952065
 33 8.952590 -0.000008 0.000004 -0.013212 -0.091133 -1.764240
 34 24.248116 0.000002 -0.000004 -0.039695 -0.037956 1.310679
 35 26.336975 0.000000 0.000004 -0.358762 -0.219566 0.263111
time 24
  0 0.000000 0.000000 0.000000 0.000000 -0.000000 -1.570796
  1 0.000000 0.000000 0.000000 0.000000 -0.000000 0.000000
  2 2.437574 -4.822737 37.809242 -1.571468 -0.585344 1.571468
  3 4.222169 -0.467508 0.000000 0.059520 0.316273 -0.299990
  4 4.476987 -0.000002 -0.000000 0.045876 0.400935 -0.288820
  5 4.477083 0.000000 0.000002 0.101403 -0.052366 -0.002156
  6 4.477077 -0.000004 -0.000002 0.002943 -0.255122 0.165181
  7 5.413502 -7.700466 -0.000000 -0.012069 0.233696 -0.348741
  8 6.890240 0.000002 -0.000000 0.003535 -0.086131 -0.389423
  9 8.011925 0.000004 0.000005 0.011093 -0.214503 -0.029435
 10 7.210720 -0.000002 -0.000000 0.009004 -0.184812 0.699019
 11 8.581028 -0.304903 -0.000000 0.002760 0.025894 1.233001
 12 22.523008 2.194031 6.355708 0.000000 -0.977784 0.000000
 13 22.523005 2.194038 -6.355709 0.000000 0.763305 0.000000
 14 -3.006533 7.804720 -11.355459 0.460198 0.257253 2.234882
 15 10.384675 0.000008 0.000005 0.092131 0.180965 -1.321749
 16 22.550743 -0.000006 -0.000004 0.113494 0.014368 1.415606
 17 30.814247 -0.000015 -0.000004 2.267099 0.424862 0.098231
 18 -3.009890 7.807681 11.355459 -0.201450 0.063039 2.277636
 19 10.382345 -0.000002 0.000007 -0.197473 -0.091436 -0.526026
 20 22.550726 -0.000027 -0.000013 -0.099087 -0.007617 0.578262
 21 30.814270 -0.000023 0.000002 -2.693863 0.168655 0.491381
 22 -4.250660 -0.770624 0.000001 0.000000 0.000000 2.712188
 23 10.363422 0.000000 0.000000 -0.000000 -0.000008 0.294690
 24 10.363076 0.000000 -0.000000 0.000000 0.000009 0.238044
 25 10.363081 -0.000004 -0.000002 -0.000009 -0.000015 0.338040
 26 8.210358 -0.000006 -7.786025 0.000000 0.000000 -0.000000
 27 8.210346 -0.000002 7.704017 0.000000 0.000000 -0.000000
 28 1.292324 3.337230 -13.762345 2.673689 0.087469 2.030193
 29 8.952591 -0.000004 0.000004 0.020268 0.092210 -1.689593
 30 24.248093 0.000001 0.000007 0.037287 0.037152 1.255598
 31 26.336971 0.000019 0.000002 0.278030 0.136576 0.301860
 32 0.882161 0.524652 14.051412 -2.596062 -0.154541 2.025346
 33 8.952590 -0.000008 0.000004 -0.033865 -0.093359 -1.547125
 34 24.248116 0.000002 -0.000004 -0.034163 -0.035823 1.158411
 35 26.336975 0.000000 0.000004 -0.353101 -0.209174 0.303577
time 25
  0 0.000000 0.000000 0.000000 0.000000 -0.000000 -1.570796
  1 0.000000 0.000000 0.000000 0.000000 -0.000000 0.000000
  2 3.492294 -2.834395 41.137466 -1.571564 -0.555028 1.571564
  3 4.222169 -0.467508 0.000000 0.050064 0.283813 -0.295528
  4 4.476987 -0.000002 -0.000000 0.048896 0.363689 -0.267377
  5 4.477083 0.000000 0.000002 0.096334 -0.046535 0.019647
  6 4.477077 -0.000004 -0.000002 -0.003708 -0.234075 0.163468
  7 5.413502 -7.700466 -0.000000 -0.006313 0.194651 -0.312834
  8 6.890240 0.000002 -0.000000 0.003296 -0.073257 -0.358844
  9 8.011925 0.000004 0.000005 0.005540 -0.183687 -0.023595
 10 7.210720 -0.000002 -0.000000 0.009635 -0.144347 0.627792
 11 8.581028 -0.304903 -0.000000 0.002255 0.023760 1.197320
 12 22.523008 2.194031 6.355708 0.000000 -0.981450 0.000000
 13 22.523005 2.194038 -6.355709 0.000000 0.766149 0.000000
 14 -3.006533 7.804720 -11.355459 0.451245 0.246725 2.237492
 15 10.384675 0.000008 0.000005 0.102029 0.177315 -1.262211
 16 22.550743 -0.000006 -0.000004 0.112087 0.014024 1.355436
 17 30.814247 -0.000015 -0.000004 2.289856 0.358498 0.071372
 18 -3.009890 7.807681 11.355459 -0.212091 0.032846 2.227761
 19 10.382345 -0.000002 0.000007 -0.207315 -0.070672 -0.399154
 20 22.550726 -0.000027 -0.000013 -0.097616 -0.005733 0.439671
 21 30.814270 -0.000023 0.000002 -2.676779 0.174160 0.483153
 22 -4.250660 -0.770624 0.000001 0.000000 0.000000 2.670014
 23 10.363422 0.000000 0.000000 0.000000 -0.000008 0.285932
 24 10.363076 0.000000 -0.000000 0.000000 0.000009 0.231049
 25 10.363081 -0.000004 -0.000002 -0.000009 -0.000015 0.332268
 26 8.210358 -0.000006 -7.786025 0.000000 0.000000 -0.000000
 27 8.210346 -0.000002 7.704017 0.000000 0.000000 -0.000000
 28 1.292324 3.337230 -13.762345 2.707504 0.090824 2.102630
 29 8.952591 -0.000004 0.000004 0.043661 0.092797 -1.444795
 30 24.248093 0.000001 0.000007 0.031133 0.034327 1.082375
 31 26.336971 0.000019 0.000002 0.256147 0.108957 0.337426
 32 0.882161 0.524652 14.051412 -2.623848 -0.209895 2.150281
 33 8.952590 -0.000008 0.000004 -0.064354 -0.088517 -1.221354
 34 24.248116 0.000002 -0.000004 -0.026313 -0.031257 0.920134
 35 26.336975 0.000000 0.000004 -0.355160 -0.200395 0.378857
time 26
  0 0.000000 0.000000 0.000000 0.000000 -0.000000 -1.570796
  1 0.000000 0.000000 0.000000 0.000000 -0.000000 0.000000
  2 4.906400 -0.654641 44.086777 -1.571468 -0.515777 1.571468
  3 4.222169 -0.467508 0.000000 0.039614 0.246386 -0.288490
  4 4.476987 -0.000002 -0.000000 0.056830 0.306032 -0.226556
  5 4.477083 0.000000 0.000002 0.089203 -0.038636 0.041909
  6 4.477077 -0.000004 -0.000002 -0.010228 -0.207277 0.157176
  7 5.413502 -7.700466 -0.000000 -0.002991 0.135267 -0.278297
  8 6.890240 0.000002 -0.000000 0.000887 -0.057468 -0.283515
  9 8.011925 0.000004 0.000005 0.002541 -0.127708 -0.023231
 10 7.210720 -0.000002 -0.000000 0.009553 -0.080295 0.531411
 11 8.581028 -0.304903 -0.000000 0.001359 0.016129 1.118493
 12 22.523008 2.194031 6.355708 0.000000 -0.984750 0.000000
 13 22.523005 2.194038 -6.355709 0.000000 0.768720 0.000000
 14 -3.006533 7.804720 -11.355459 0.412070 0.220757 2.209198
 15 10.384675 0.000008 0.000005 0.109611 0.173984 -1.215058
 16 22.550743 -0.000006 -0.000004 0.110936 0.013536 1.307555
 17 30.814247 -0.000015 -0.000004 2.352623 0.277151 0.045337
 18 -3.009890 7.807681 11.355459 -0.225583 -0.014311 2.159304
 19 10.382345 -0.000002 0.000007 -0.209472 -0.064293 -0.361463
 20 22.550726 -0.000027 -0.000013 -0.097208 -0.005085 0.398912
 21 30.814270 -0.000023 0.000002 -2.648223 0.176484 0.456852
 22 -4.250660 -0.770624 0.000001 0.000000 0.000000 2.652141
 23 10.363422 0.000000 0.000000 0.000000 -0.000008 0.277217
 24 10.363076 0.000000 -0.000000 0.000000 0.000009 0.224339
 25 10.363081 -0.000004 -0.000002 -0.000009 -0.000015 0.326469
 26 8.210358 -0.000006 -7.786025 0.000000 0.000000 -0.000000
 27 8.210346 -0.000002 7.704017 0.000000 0.000000 -0.000000
 28 1.292324 3.337230 -13.762345 2.737802 0.092280 2.174459
 29 8.952591 -0.000004 0.000004 0.067403 0.087565 -1.190619
 30 24.248093 0.000001 0.000007 0.025350 0.030190 0.897548
 31 26.336971 0.000019 0.000002 0.236092 0.081259 0.380944
 32 0.882161 0.524652 14.051412 -2.669902 -0.289792 2.336048
 33 8.952590 -0.000008 0.000004 -0.100947 -0.066059 -0.770413
 34 24.248116 0.000002 -0.000004 -0.017400 -0.021645 0.583967
 35 26.336975 0.000000 0.000004 -0.366952 -0.197200 0.503928
time 27
  0 0.000000 0.000000 0.000000 0.000000 -0.000000 -1.570796
  1 0.000000 0.000000 0.000000 0.000000 -0.000000 0.000000
  2 6.199408 1.513394 45.778236 -1.571468 -0.473813 1.571468
  3 4.222169 -0.467508 0.000000 0.030589 0.194331 -0.272052
  4 4.476987 -0.000002 -0.000000 0.069294 0.226314 -0.162450
  5 4.477083 0.000000 0.000002 0.080538 -0.030236 0.064808
  6 4.477077 -0.000004 -0.000002 -0.013104 -0.167719 0.140934
  7 5.413502 -7.700466 -0.000000 -0.001449 0.073793 -0.244412
  8 6.890240 0.000002 -0.000000 -0.000839 -0.040765 -0.196852
  9 8.011925 0.000004 0.000005 0.000275 -0.060899 -0.024711
 10 7.210720 -0.000002 -0.000000 0.006451 -0.019403 0.428862
 11 8.581028 -0.304903 -0.000000 0.000923 0.007508 1.027012
 12 22.523008 2.194031 6.355708 0.000000 -0.987714 0.000000
 13 22.523005 2.194038 -6.355709 0.000000 0.771049 0.000000
 14 -3.006533 7.804720 -11.355459 0.352710 0.188925 2.144096
 15 10.384675 0.000008 0.000005 0.105913 0.175554 -1.237996
 16 22.550743 -0.000006 -0.000004 0.111399 0.013479 1.331102
 17 30.814247 -0.000015 -0.000004 2.448542 0.185835 0.013822
 18 -3.009890 7.807681 11.355459 -0.229910 -0.060721 2.080130
 19 10.382345 -0.000002 0.000007 -0.198012 -0.090372 -0.520575
 20 22.550726 -0.000027 -0.000013 -0.098903 -0.007460 0.572864
 21 30.814270 -0.000023 0.000002 -2.612126 0.182724 0.371198
 22 -4.250660 -0.770624 0.000001 0.000000 0.000000 2.634857
 23 10.363422 0.000000 0.000000 -0.000000 -0.000008 0.277657
 24 10.363076 0.000000 -0.000000 0.000000 0.000009 0.215280
 25 10.363081 -0.000004 -0.000002 -0.000009 -0.000015 0.323731
 26 8.210358 -0.000006 -7.786025 0.000000 0.000000 -0.000000
 27 8.210346 -0.000002 7.704017 0.000000 0.000000 -0.000000
 28 1.292324 3.337230 -13.762345 2.764669 0.092329 2.246713
 29 8.952591 -0.000004 0.000004 0.085572 0.078686 -0.980643
 30 24.248093 0.000001 0.000007 0.021160 0.026054 0.742323
 31 26.336971 0.000019 0.000002 0.217429 0.054166 0.432194
 32 0.882161 0.524652 14.051412 -2.735672 -0.368457 2.545853
 33 8.952590 -0.000008 0.000004 -0.124653 -0.027016 -0.289795
 34 24.248116 0.000002 -0.000004 -0.012115 -0.008306 0.220586
 35 26.336975 0.000000 0.000004 -0.371069 -0.178028 0.574574
time 28
  0 0.000000 0.000000 0.000000 0.000000 -0.000000 -1.570796
  1 0.000000 0.000000 0.000000 0.000000 -0.000000 0.000000
  2 6.968963 3.603302 45.750889 -1.571564 -0.429575 1.571660
  3 4.222169 -0.467508 0.000000 0.024825 0.110596 -0.236263
  4 4.476987 -0.000002 -0.000000 0.080559 0.129312 -0.085270
  5 4.477083 0.000000 0.000002 0.073503 -0.011756 0.085707
  6 4.477077 -0.000004 -0.000002 -0.008730 -0.101532 0.106175
  7 5.413502 -7.700466 -0.000000 -0.001382 0.026047 -0.216377
  8 6.890240 0.000002 -0.000000 -0.001031 -0.023709 -0.110911
  9 8.011925 0.000004 0.000005 -0.001978 -0.008036 -0.029642
 10 7.210720 -0.000002 -0.000000 0.004392 0.010469 0.324623
 11 8.581028 -0.304903 -0.000000 0.001129 0.000167 0.942332
 12 22.523008 2.194031 6.355708 0.000000 -0.990310 0.000000
 13 22.523005 2.194038 -6.355709 0.000000 0.773106 0.000000
 14 -3.006533 7.804720 -11.355459 0.300132 0.166031 2.066701
 15 10.384675 0.000008 0.000005 0.087648 0.182386 -1.350296
 16 22.550743 -0.000006 -0.000004 0.113846 0.013823 1.441816
 17 30.814247 -0.000015 -0.000004 2.544025 0.094612 -0.022527
 18 -3.009890 7.807681 11.355459 -0.213007 -0.084038 1.993832
 19 10.382345 -0.000002 0.000007 -0.168419 -0.131635 -0.804471
 20 22.550726 -0.000027 -0.000013 -0.103356 -0.010680 0.878273
 21 30.814270 -0.000023 0.000002 -2.589990 0.194321 0.257959
 22 -4.250660 -0.770624 0.000001 0.000000 0.000000 2.679924
 23 10.363422 0.000000 0.000000 -0.000000 -0.000008 0.201054
 24 10.363076 0.000000 -0.000000 0.000000 0.000009 0.228520
 25 10.363081 -0.000004 -0.000002 -0.000009 -0.000015 0.299273
 26 8.210358 -0.000006 -7.786025 0.000000 0.000000 -0.000000
 27 8.210346 -0.000002 7.704017 0.000000 0.000000 -0.000000
 28 1.292324 3.337230 -13.762345 2.782303 0.089763 2.294701
 29 8.952591 -0.000004 0.000004 0.095093 0.071675 -0.858418
 30 24.248093 0.000001 0.000007 0.018936 0.023451 0.651094
 31 26.336971 0.000019 0.000002 0.203595 0.031934 0.481124
 32 0.882161 0.524652 14.051412 -2.785675 -0.410923 2.679448
 33 8.952590 -0.000008 0.000004 -0.128689 -0.000217 -0.003199
 34 24.248116 0.000002 -0.000004 -0.011636 0.000011 0.002618
 35 26.336975 0.000000 0.000004 -0.364723 -0.136490 0.529248
time 29
  0 0.000000 0.000000 0.000000 0.000000 -0.000000 -1.570796
  1 0.000000 0.000000 0.000000 0.000000 -0.000000 0.000000
  2 7.097873 5.408044 41.961708 -1.571659 -0.383024 1.571851
  3 4.222169 -0.467508 0.000000 0.018401 0.033738 -0.190170
  4 4.476987 -0.000002 -0.000000 0.084610 0.041584 -0.005248
  5 4.477083 0.000000 0.000002 0.069776 0.020082 0.098083
  6 4.477077 -0.000004 -0.000002 -0.004895 -0.040851 0.064237
  7 5.413502 -7.700466 -0.000000 -0.001342 0.005250 -0.198020
  8 6.890240 0.000002 -0.000000 -0.000252 -0.010234 -0.034977
  9 8.011925 0.000004 0.000005 -0.004099 0.014027 -0.042205
 10 7.210720 -0.000002 -0.000000 0.004008 0.014230 0.214511
 11 8.581028 -0.304903 -0.000000 0.001336 -0.002957 0.884955
 12 22.523008 2.194031 6.355708 0.000000 -1.001126 0.000000
 13 22.523005 2.194038 -6.355709 0.000000 0.781818 0.000000
 14 -3.006533 7.804720 -11.355459 0.259546 0.190232 1.930247
 15 10.384675 0.000008 0.000005 0.042155 0.191594 -1.610554
 16 22.550743 -0.000006 -0.000004 0.119955 0.014253 1.715364
 17 30.814247 -0.000015 -0.000004 2.613518 0.016556 -0.028865
 18 -3.009890 7.807681 11.355459 -0.194169 -0.113110 1.893397
 19 10.382345 -0.000002 0.000007 -0.110177 -0.174160 -1.211876
 20 22.550726 -0.000027 -0.000013 -0.111384 -0.013565 1.300870
 21 30.814270 -0.000023 0.000002 -2.584552 0.220868 0.168930
 22 -4.250660 -0.770624 0.000001 -0.000000 -0.000000 2.910275
 23 10.363422 0.000000 0.000000 0.000000 -0.000008 -0.078203
 24 10.363076 0.000000 -0.000000 0.000000 0.000009 0.303110
 25 10.363081 -0.000004 -0.000002 -0.000009 -0.000015 0.181172
 26 8.210358 -0.000006 -7.786025 0.000000 0.000000 -0.000000
 27 8.210346 -0.000002 7.704017 0.000000 0.000000 -0.000000
 28 1.292324 3.337230 -13.762345 2.780940 0.075971 2.247687
 29 8.952591 -0.000004 0.000004 0.083772 0.079700 -1.003308
 30 24.248093 0.000001 0.000007 0.021494 0.026578 0.758130
 31 26.336971 0.000019 0.000002 0.202855 0.019583 0.520114
 32 0.882161 0.524652 14.051412 -2.748131 -0.396558 2.594707
 33 8.952590 -0.000008 0.000004 -0.126247 -0.019502 -0.205377
 34 24.248116 0.000002 -0.000004 -0.012141 -0.006065 0.155597
 35 26.336975 0.000000 0.000004 -0.384063 -0.121507 0.567396
time 30
  0 0.000000 0.000000 0.000000 0.000000 -0.000000 -1.570796
  1 0.000000 0.000000 0.000000 0.000000 -0.000000 0.000000
  2 6.554888 6.638550 34.422417 -1.571755 -0.334558 1.572235
  3 4.222169 -0.467508 0.000000 0.012073 0.005394 -0.136564
  4 4.476987 -0.000002 -0.000000 0.075502 0.001340 0.071333
  5 4.477083 0.000000 0.000002 0.060488 0.036639 0.095504
  6 4.477077 -0.000004 -0.000002 -0.004811 -0.019991 0.021396
  7 5.413502 -7.700466 -0.000000 -0.000625 0.004859 -0.184236
  8 6.890240 0.000002 -0.000000 0.000024 -0.005437 0.016429
  9 8.011925 0.000004 0.000005 -0.006142 0.019586 -0.069045
 10 7.210720 -0.000002 -0.000000 0.003816 0.012076 0.101530
 11 8.581028 -0.304903 -0.000000 0.001382 -0.002087 0.862383
 12 22.523008 2.194031 6.355708 0.000000 -0.948027 0.000000
 13 22.523005 2.194038 -6.355709 0.000000 0.738955 0.000000
 14 -3.006533 7.804720 -11.355459 0.197473 0.259373 1.682406
 15 10.384675 0.000008 0.000005 -0.026759 0.185165 -1.989222
 16 22.550743 -0.000006 -0.000004 0.129439 0.012503 2.127048
 17 30.814247 -0.000015 -0.000004 2.654184 -0.031845 0.055686
 18 -3.009890 7.807681 11.355459 -0.190606 -0.202865 1.742574
 19 10.382345 -0.000002 0.000007 -0.027397 -0.192532 -1.691357
 20 22.550726 -0.000027 -0.000013 -0.122210 -0.013958 1.799276
 21 30.814270 -0.000023 0.000002 -2.581781 0.270096 0.165304
 22 -4.250660 -0.770624 0.000001 0.000000 0.000000 -3.091348
 23 10.363422 0.000000 0.000000 0.000000 -0.000008 -0.327202
 24 10.363076 0.000000 -0.000000 0.000000 0.000009 0.349233
 25 10.363081 -0.000004 -0.000002 -0.000009 -0.000015 -0.041285
 26 8.210358 -0.000006 -7.786025 0.000000 0.000000 -0.000000
 27 8.210346 -0.000002 7.704017 0.000000 0.000000 -0.000000
 28 1.292324 3.337230 -13.762345 2.762911 0.058923 2.135655
 29 8.952591 -0.000004 0.000004 0.048849 0.092370 -1.392388
 30 24.248093 0.000001 0.000007 0.030058 0.033600 1.044249
 31 26.336971 0.000019 0.000002 0.214732 0.013487 0.568050
 32 0.882161 0.524652 14.051412 -2.640831 -0.309930 2.315369
 33 8.952590 -0.000008 0.000004 -0.092469 -0.073378 -0.886123
 34 24.248116 0.000002 -0.000004 -0.019758 -0.024270 0.669367
 35 26.336975 0.000000 0.000004 -0.419398 -0.118126 0.656806
time 31
  0 0.000000 0.000000 0.000000 0.000000 -0.000000 -1.570796
  1 0.000000 0.000000 0.000000 0.000000 -0.000000 0.000000
  2 5.277505 7.283102 28.906624 -1.571851 -0.284536 1.572618
  3 4.222169 -0.467508 0.000000 0.006261 0.001167 -0.080903
  4 4.476987 -0.000002 -0.000000 0.055284 -0.007998 0.140411
  5 4.477083 0.000000 0.000002 0.043230 0.036542 0.079363
  6 4.477077 -0.000004 -0.000002 -0.006417 -0.017774 -0.022956
  7 5.413502 -7.700466 -0.000000 0.000239 0.006474 -0.167402
  8 6.890240 0.000002 -0.000000 -0.000120 -0.004143 0.058039
  9 8.011925 0.000004 0.000005 -0.008002 0.016806 -0.122567
 10 7.210720 -0.000002 -0.000000 0.003706 0.010752 -0.011505
 11 8.581028 -0.304903 -0.000000 0.001405 -0.000243 0.850711
 12 22.523008 2.194031 6.355708 0.000000 -0.656500 0.000000
 13 22.523005 2.194038 -6.355709 0.000000 0.503829 0.000000
 14 -3.006533 7.804720 -11.355459 0.121726 0.305974 1.441843
 15 10.384675 0.000008 0.000005 -0.069451 0.167662 -2.237983
 16 22.550743 -0.000006 -0.000004 0.135244 0.009863 2.386552
 17 30.814247 -0.000015 -0.000004 2.676373 -0.076233 0.187868
 18 -3.009890 7.807681 11.355459 -0.180932 -0.333052 1.554758
 19 10.382345 -0.000002 0.000007 0.026935 -0.185057 -1.992126
 20 22.550726 -0.000027 -0.000013 -0.129278 -0.012211 2.131795
 21 30.814270 -0.000023 0.000002 -2.574379 0.305255 0.230932
 22 -4.250660 -0.770624 0.000001 0.000000 0.000000 -2.947699
 23 10.363422 0.000000 0.000000 0.000000 -0.000008 -0.295777
 24 10.363076 0.000000 -0.000000 0.000000 0.000009 0.240935
 25 10.363081 -0.000004 -0.000002 -0.000009 -0.000015 -0.305248
 26 8.210358 -0.000006 -7.786025 0.000000 0.000000 -0.000000
 27 8.210346 -0.000002 7.704017 0.000000 0.000000 -0.000000
 28 1.292324 3.337230 -13.762345 2.731777 0.064894 2.074470
 29 8.952591 -0.000004 0.000004 0.027483 0.093153 -1.616606
 30 24.248093 0.000001 0.000007 0.035915 0.036365 1.208059
 31 26.336971 0.000019 0.000002 0.242835 0.013014 0.619631
 32 0.882161 0.524652 14.051412 -2.598492 -0.228145 2.143518
 33 8.952590 -0.000008 0.000004 -0.056316 -0.091022 -1.313536
 34 24.248116 0.000002 -0.000004 -0.028632 -0.032695 0.988830
 35 26.336975 0.000000 0.000004 -0.425659 -0.095821 0.686194
time 32
  0 0.000000 0.000000 0.000000 0.000000 -0.000000 -1.570796
  1 0.000000 0.000000 0.000000 0.000000 -0.000000 0.000000
  2 3.070406 7.540922 27.672213 -1.571851 -0.232161 1.573097
  3 4.222169 -0.467508 0.000000 0.001059 -0.001261 -0.037861
  4 4.476987 -0.000002 -0.000000 0.034754 -0.011832 0.191576
  5 4.477083 0.000000 0.000002 0.024978 0.034539 0.059813
  6 4.477077 -0.000004 -0.000002 -0.008694 -0.017003 -0.065252
  7 5.413502 -7.700466 -0.000000 0.001023 0.007544 -0.150351
  8 6.890240 0.000002 -0.000000 -0.000120 -0.002405 0.100928
  9 8.011925 0.000004 0.000005 -0.009037 0.011119 -0.174039
 10 7.210720 -0.000002 -0.000000 0.003733 0.009357 -0.123172
 11 8.581028 -0.304903 -0.000000 0.001405 0.001516 0.838935
 12 22.523008 2.194031 6.355708 0.000000 -0.203170 0.000000
 13 22.523005 2.194038 -6.355709 0.000000 0.138662 0.000000
 14 -3.006533 7.804720 -11.355459 0.089170 0.332189 1.334370
 15 10.384675 0.000008 0.000005 -0.074942 0.164628 -2.271085
 16 22.550743 -0.000006 -0.000004 0.135900 0.009576 2.418635
 17 30.814247 -0.000015 -0.000004 2.674888 -0.149211 0.259169
 18 -3.009890 7.807681 11.355459 -0.146872 -0.406815 1.404562
 19 10.382345 -0.000002 0.000007 0.049383 -0.177582 -2.118303
 20 22.550726 -0.000027 -0.000013 -0.132179 -0.011131 2.271813
 21 30.814270 -0.000023 0.000002 -2.589218 0.295003 0.276172
 22 -4.250660 -0.770624 0.000001 0.000000 0.000000 -2.904272
 23 10.363422 0.000000 0.000000 0.000000 -0.000008 -0.134428
 24 10.363076 0.000000 -0.000000 0.000000 0.000009 0.045090
 25 10.363081 -0.000004 -0.000002 -0.000009 -0.000015 -0.526791
 26 8.210358 -0.000006 -7.786025 0.000000 0.000000 -0.000000
 27 8.210346 -0.000002 7.704017 0.000000 0.000000 -0.000000
 28 1.292324 3.337230 -13.762345 2.692509 0.089640 2.056771
 29 8.952591 -0.000004 0.000004 0.029265 0.093313 -1.598196
 30 24.248093 0.000001 0.000007 0.035359 0.036022 1.193022
 31 26.336971 0.000019 0.000002 0.291516 0.019846 0.650171
 32 0.882161 0.524652 14.051412 -2.612133 -0.172682 2.075622
 33 8.952590 -0.000008 0.000004 -0.047499 -0.092664 -1.407570
 34 24.248116 0.000002 -0.000004 -0.030627 -0.033989 1.057373
 35 26.336975 0.000000 0.000004 -0.392897 -0.063279 0.664944
time 33
  0 0.000000 0.000000 0.000000 0.000000 -0.000000 -1.570796
  1 0.000000 0.000000 0.000000 0.000000 -0.000000 0.000000
  2 0.238289 7.611236 28.164415 -1.571755 -0.187763 1.573577
  3 4.222169 -0.467508 0.000000 -0.001925 -0.002781 -0.018617
  4 4.476987 -0.000002 -0.000000 0.022877 -0.014981 0.212309
  5 4.477083 0.000000 0.000002 0.010560 0.032569 0.044325
  6 4.477077 -0.000004 -0.000002 -0.010312 -0.015801 -0.088503
  7 5.413502 -7.700466 -0.000000 0.001435 0.006406 -0.136194
  8 6.890240 0.000002 -0.000000 -0.000048 -0.000680 0.143817
  9 8.011925 0.000004 0.000005 -0.009194 0.008627 -0.196284
 10 7.210720 -0.000002 -0.000000 0.003871 0.008439 -0.244198
 11 8.581028 -0.304903 -0.000000 0.001382 0.002847 0.816397
 12 22.523008 2.194031 6.355708 0.000000 0.081054 0.000000
 13 22.523005 2.194038 -6.355709 0.000000 -0.092290 0.000000
 14 -3.006533 7.804720 -11.355459 0.098340 0.385962 1.309853
 15 10.384675 0.000008 0.000005 -0.064409 0.170590 -2.206103
 16 22.550743 -0.000006 -0.000004 0.134637 0.010064 2.364397
 17 30.814247 -0.000015 -0.000004 2.642565 -0.233129 0.284237
 18 -3.009890 7.807681 11.355459 -0.097944 -0.387422 1.309714
 19 10.382345 -0.000002 0.000007 0.063269 -0.171136 -2.200989
 20 22.550726 -0.000027 -0.000013 -0.134017 -0.010189 2.352958
 21 30.814270 -0.000023 0.000002 -2.641558 0.248173 0.274749
 22 -4.250660 -0.770624 0.000001 0.000000 0.000000 -2.887986
 23 10.363422 0.000000 0.000000 0.000000 -0.000008 -0.033993
 24 10.363076 0.000000 -0.000000 0.000000 0.000009 -0.079443
 25 10.363081 -0.000004 -0.000002 -0.000009 -0.000015 -0.631174
 26 8.210358 -0.000006 -7.786025 0.000000 0.000000 -0.000000
 27 8.210346 -0.000002 7.704017 0.000000 0.000000 -0.000000
 28 1.292324 3.337230 -13.762345 2.650119 0.122651 2.049230
 29 8.952591 -0.000004 0.000004 0.037826 0.093544 -1.509056
 30 24.248093 0.000001 0.000007 0.032838 0.034952 1.122099
 31 26.336971 0.000019 0.000002 0.348027 0.028308 0.669942
 32 0.882161 0.524652 14.051412 -2.637759 -0.116426 2.011732
 33 8.952590 -0.000008 0.000004 -0.041835 -0.093304 -1.465820
 34 24.248116 0.000002 -0.000004 -0.031831 -0.034660 1.099921
 35 26.336975 0.000000 0.000004 -0.353530 -0.033344 0.633012
time 34
  0 0.000000 0.000000 0.000000 0.000000 -0.000000 -1.570796
  1 0.000000 0.000000 0.000000 0.000000 -0.000000 0.000000
  2 -2.043031 7.619049 29.324608 -1.571659 -0.166024 1.573864
  3 4.222169 -0.467508 0.000000 -0.003423 -0.005784 -0.016455
  4 4.476987 -0.000002 -0.000000 0.018371 -0.020014 0.212642
  5 4.477083 0.000000 0.000002 0.001224 0.031616 0.035313
  6 4.477077 -0.000004 -0.000002 -0.010947 -0.012869 -0.093549
  7 5.413502 -7.700466 -0.000000 0.001170 0.001257 -0.127948
  8 6.890240 0.000002 -0.000000 -0.000048 0.000758 0.188265
  9 8.011925 0.000004 0.000005 -0.008971 0.006997 -0.195271
 10 7.210720 -0.000002 -0.000000 0.004063 0.007786 -0.374718
 11 8.581028 -0.304903 -0.000000 0.001290 0.003206 0.766136
 12 22.523008 2.194031 6.355708 0.000000 0.116464 0.000000
 13 22.523005 2.194038 -6.355709 0.000000 -0.126804 0.000000
 14 -3.006533 7.804720 -11.355459 0.118254 0.436201 1.314592
 15 10.384675 0.000008 0.000005 -0.051149 0.176806 -2.128015
 16 22.550743 -0.000006 -0.000004 0.133053 0.010551 2.294240
 17 30.814247 -0.000015 -0.000004 2.610068 -0.285480 0.288320
 18 -3.009890 7.807681 11.355459 -0.065462 -0.325318 1.283209
 19 10.382345 -0.000002 0.000007 0.067179 -0.168977 -2.224937
 20 22.550726 -0.000027 -0.000013 -0.134753 -0.009816 2.375787
 21 30.814270 -0.000023 0.000002 -2.696529 0.198823 0.246105
 22 -4.250660 -0.770624 0.000001 0.000000 0.000000 -2.883992
 23 10.363422 0.000000 0.000000 0.000000 -0.000008 -0.009720
 24 10.363076 0.000000 -0.000000 0.000000 0.000009 -0.099394
 25 10.363081 -0.000004 -0.000002 -0.000009 -0.000015 -0.643040
 26 8.210358 -0.000006 -7.786025 0.000000 0.000000 -0.000000
 27 8.210346 -0.000002 7.704017 0.000000 0.000000 -0.000000
 28 1.292324 3.337230 -13.762345 2.615555 0.155810 2.053365
 29 8.952591 -0.000004 0.000004 0.047923 0.092548 -1.403373
 30 24.248093 0.000001 0.000007 0.030243 0.033620 1.043124
 31 26.336971 0.000019 0.000002 0.393619 0.035981 0.683583
 32 0.882161 0.524652 14.051412 -2.661461 -0.077107 1.969298
 33 8.952590 -0.000008 0.000004 -0.040648 -0.093304 -1.477801
 34 24.248116 0.000002 -0.000004 -0.032194 -0.034684 1.108705
 35 26.336975 0.000000 0.000004 -0.323083 -0.011008 0.603793
time 35
  0 0.000000 0.000000 0.000000 0.000000 -0.000000 -1.570796
  1 0.000000 0.000000 0.000000 0.000000 -0.000000 0.000000
  2 -3.281350 7.447169 31.090286 -1.571468 -0.164468 1.574056
  3 4.222169 -0.467508 0.000000 -0.004897 -0.012291 -0.019338
  4 4.476987 -0.000002 -0.000000 0.015687 -0.023869 0.210555
  5 4.477083 0.000000 0.000002 -0.004696 0.031713 0.030807
  6 4.477077 -0.000004 -0.000002 -0.011438 -0.011309 -0.096445
  7 5.413502 -7.700466 -0.000000 0.000000 -0.009583 -0.128384
  8 6.890240 0.000002 -0.000000 0.001294 0.004470 0.219239
  9 8.011925 0.000004 0.000005 -0.010006 0.011023 -0.145694
 10 7.210720 -0.000002 -0.000000 0.004337 0.010664 -0.449324
 11 8.581028 -0.304903 -0.000000 0.001382 0.003359 0.726740
 12 22.523008 2.194031 6.355708 0.000000 0.068834 0.000000
 13 22.523005 2.194038 -6.355709 0.000000 -0.094075 0.000000
 14 -3.006533 7.804720 -11.355459 0.144678 0.440264 1.368844
 15 10.384675 0.000008 0.000005 -0.038151 0.181728 -2.053870
 16 22.550743 -0.000006 -0.000004 0.131102 0.011125 2.214397
 17 30.814247 -0.000015 -0.000004 2.604040 -0.301656 0.259993
 18 -3.009890 7.807681 11.355459 -0.060625 -0.265979 1.325218
 19 10.382345 -0.000002 0.000007 0.059696 -0.172864 -2.179477
 20 22.550726 -0.000027 -0.000013 -0.133772 -0.010483 2.332424
 21 30.814270 -0.000023 0.000002 -2.722804 0.161608 0.190071
 22 -4.250660 -0.770624 0.000001 0.000000 0.000000 -2.892007
 23 10.363422 0.000000 0.000000 0.000000 -0.000008 -0.008246
 24 10.363076 0.000000 -0.000000 0.000000 0.000009 -0.090954
 25 10.363081 -0.000004 -0.000002 -0.000009 -0.000015 -0.626529
 26 8.210358 -0.000006 -7.786025 0.000000 0.000000 -0.000000
 27 8.210346 -0.000002 7.704017 0.000000 0.000000 -0.000000
 28 1.292324 3.337230 -13.762345 2.598802 0.178607 2.065530
 29 8.952591 -0.000004 0.000004 0.057567 0.090448 -1.299862
 30 24.248093 0.000001 0.000007 0.027982 0.032289 0.974214
 31 26.336971 0.000019 0.000002 0.415458 0.044837 0.680490
 32 0.882161 0.524652 14.051412 -2.675540 -0.061647 1.959130
 33 8.952590 -0.000008 0.000004 -0.044955 -0.092858 -1.433700
 34 24.248116 0.000002 -0.000004 -0.031417 -0.034025 1.076566
 35 26.336975 0.000000 0.000004 -0.302285 0.001183 0.576100
time 36
  0 0.000000 0.000000 0.000000 0.000000 -0.000000 -1.570796
  1 0.000000 0.000000 0.000000 0.000000 -0.000000 0.000000
  2 -3.961058 6.654175 32.684082 -1.571468 -0.195223 1.573864
  3 4.222169 -0.467508 0.000000 -0.006527 -0.025935 -0.029382
  4 4.476987 -0.000002 -0.000000 0.011720 -0.039975 0.198391
  5 4.477083 0.000000 0.000002 -0.008172 0.031470 0.028377
  6 4.477077 -0.000004 -0.000002 -0.012205 0.001394 -0.088752
  7 5.413502 -7.700466 -0.000000 -0.002898 -0.032674 -0.147177
  8 6.890240 0.000002 -0.000000 0.005717 0.013527 0.219309
  9 8.011925 0.000004 0.000005 -0.020392 0.034859 -0.022245
 10 7.210720 -0.000002 -0.000000 0.004584 0.028813 -0.414032
 11 8.581028 -0.304903 -0.000000 0.001474 0.005118 0.756707
 12 22.523008 2.194031 6.355708 0.000000 -0.026397 0.000000
 13 22.523005 2.194038 -6.355709 0.000000 -0.030158 0.000000
 14 -3.006533 7.804720 -11.355459 0.188628 0.411470 1.489777
 15 10.384675 0.000008 0.000005 -0.023023 0.186099 -1.969117
 16 22.550743 -0.000006 -0.000004 0.128767 0.011785 2.115426
 17 30.814247 -0.000015 -0.000004 2.607709 -0.308145 0.219060
 18 -3.009890 7.807681 11.355459 -0.064597 -0.207947 1.398521
 19 10.382345 -0.000002 0.000007 0.046484 -0.178811 -2.101661
 20 22.550726 -0.000027 -0.000013 -0.131934 -0.011445 2.256304
 21 30.814270 -0.000023 0.000002 -2.715016 0.104062 0.142126
 22 -4.250660 -0.770624 0.000001 0.000000 0.000000 -2.934615
 23 10.363422 0.000000 0.000000 0.000000 -0.000008 0.009007
 24 10.363076 0.000000 -0.000000 0.000000 0.000009 -0.073403
 25 10.363081 -0.000004 -0.000002 -0.000009 -0.000015 -0.569854
 26 8.210358 -0.000006 -7.786025 0.000000 0.000000 -0.000000
 27 8.210346 -0.000002 7.704017 0.000000 0.000000 -0.000000
 28 1.292324 3.337230 -13.762345 2.595240 0.192325 2.083046
 29 8.952591 -0.000004 0.000004 0.062266 0.089185 -1.248714
 30 24.248093 0.000001 0.000007 0.027055 0.031663 0.945324
 31 26.336971 0.000019 0.000002 0.423245 0.062391 0.658566
 32 0.882161 0.524652 14.051412 -2.684960 -0.055381 1.961586
 33 8.952590 -0.000008 0.000004 -0.046007 -0.092886 -1.422862
 34 24.248116 0.000002 -0.000004 -0.031287 -0.033977 1.068290
 35 26.336975 0.000000 0.000004 -0.288562 -0.000026 0.539364
time 37
  0 0.000000 0.000000 0.000000 0.000000 -0.000000 -1.570796
  1 0.000000 0.000000 0.000000 0.000000 -0.000000 0.000000
  2 -4.429823 4.962718 33.914589 -1.571468 -0.267623 1.573481
  3 4.222169 -0.467508 0.000000 -0.009080 -0.065216 -0.058454
  4 4.476987 -0.000002 -0.000000 0.002096 -0.095833 0.158058
  5 4.477083 0.000000 0.000002 -0.013421 0.041082 0.033297
  6 4.477077 -0.000004 -0.000002 -0.012565 0.038960 -0.062683
  7 5.413502 -7.700466 -0.000000 -0.006367 -0.064430 -0.180035
  8 6.890240 0.000002 -0.000000 0.011278 0.024911 0.206393
  9 8.011925 0.000004 0.000005 -0.041268 0.082370 0.151638
 10 7.210720 -0.000002 -0.000000 0.005957 0.065270 -0.293730
 11 8.581028 -0.304903 -0.000000 0.001198 0.009249 0.843947
 12 22.523008 2.194031 6.355708 0.000000 -0.194035 0.000000
 13 22.523005 2.194038 -6.355709 0.000000 0.091050 0.000000
 14 -3.006533 7.804720 -11.355459 0.246089 0.356037 1.670594
 15 10.384675 0.000008 0.000005 -0.000015 0.190109 -1.843709
 16 22.550743 -0.000006 -0.000004 0.125617 0.012819 1.964154
 17 30.814247 -0.000015 -0.000004 2.614916 -0.314383 0.187438
 18 -3.009890 7.807681 11.355459 -0.072488 -0.145843 1.503857
 19 10.382345 -0.000002 0.000007 0.026800 -0.185389 -1.989285
 20 22.550726 -0.000027 -0.000013 -0.129258 -0.012368 2.137999
 21 30.814270 -0.000023 0.000002 -2.677445 0.005165 0.122742
 22 -4.250660 -0.770624 0.000001 0.000000 0.000000 -3.031738
 23 10.363422 0.000000 0.000000 0.000000 -0.000008 0.055594
 24 10.363076 0.000000 -0.000000 0.000000 0.000009 -0.025681
 25 10.363081 -0.000004 -0.000002 -0.000009 -0.000015 -0.432370
 26 8.210358 -0.000006 -7.786025 0.000000 0.000000 -0.000000
 27 8.210346 -0.000002 7.704017 0.000000 0.000000 -0.000000
 28 1.292324 3.337230 -13.762345 2.595504 0.203082 2.102569
 29 8.952591 -0.000004 0.000004 0.061061 0.089523 -1.263260
 30 24.248093 0.000001 0.000007 0.027537 0.032107 0.964860
 31 26.336971 0.000019 0.000002 0.422288 0.097053 0.612341
 32 0.882161 0.524652 14.051412 -2.694717 -0.049362 1.964817
 33 8.952590 -0.000008 0.000004 -0.040886 -0.093415 -1.475279
 34 24.248116 0.000002 -0.000004 -0.032440 -0.034768 1.105862
 35 26.336975 0.000000 0.000004 -0.277756 -0.018515 0.481378
time 38
  0 0.000000 0.000000 0.000000 0.000000 -0.000000 -1.570796
  1 0.000000 0.000000 0.000000 0.000000 -0.000000 0.000000
  2 -4.757957 2.614990 35.008373 -1.571755 -0.357773 1.573001
  3 4.222169 -0.467508 0.000000 -0.010649 -0.139238 -0.111125
  4 4.476987 -0.000002 -0.000000 -0.008894 -0.190136 0.088137
  5 4.477083 0.000000 0.000002 -0.024711 0.073760 0.052921
  6 4.477077 -0.000004 -0.000002 -0.010564 0.097029 -0.019452
  7 5.413502 -7.700466 -0.000000 -0.008879 -0.095558 -0.214137
  8 6.890240 0.000002 -0.000000 0.016754 0.036047 0.199179
  9 8.011925 0.000004 0.000005 -0.062288 0.133172 0.315061
 10 7.210720 -0.000002 -0.000000 0.010486 0.108490 -0.134596
 11 8.581028 -0.304903 -0.000000 0.001061 0.014286 0.943769
 12 22.523008 2.194031 6.355708 0.000000 -0.393662 0.000000
 13 22.523005 2.194038 -6.355709 0.000000 0.256724 0.000000
 14 -3.006533 7.804720 -11.355459 0.287869 0.282939 1.852372
 15 10.384675 0.000008 0.000005 0.037000 0.191361 -1.640768
 16 22.550743 -0.000006 -0.000004 0.120707 0.013938 1.735158
 17 30.814247 -0.000015 -0.000004 2.632475 -0.314571 0.190124
 18 -3.009890 7.807681 11.355459 -0.090104 -0.093044 1.646073
 19 10.382345 -0.000002 0.000007 0.000443 -0.190306 -1.845424
 20 22.550726 -0.000027 -0.000013 -0.125540 -0.013232 1.972360
 21 30.814270 -0.000023 0.000002 -2.624579 -0.111519 0.115462
 22 -4.250660 -0.770624 0.000001 0.000000 0.000000 3.123060
 23 10.363422 0.000000 0.000000 0.000000 -0.000008 0.112920
 24 10.363076 0.000000 -0.000000 0.000000 0.000009 0.032830
 25 10.363081 -0.000004 -0.000002 -0.000009 -0.000015 -0.240922
 26 8.210358 -0.000006 -7.786025 0.000000 0.000000 -0.000000
 27 8.210346 -0.000002 7.704017 0.000000 0.000000 -0.000000
 28 1.292324 3.337230 -13.762345 2.596251 0.213543 2.122336
 29 8.952591 -0.000004 0.000004 0.056641 0.090626 -1.310673
 30 24.248093 0.000001 0.000007 0.028538 0.032854 0.999138
 31 26.336971 0.000019 0.000002 0.415023 0.137863 0.556232
 32 0.882161 0.524652 14.051412 -2.703935 -0.045257 1.971495
 33 8.952590 -0.000008 0.000004 -0.034103 -0.093582 -1.543893
 34 24.248116 0.000002 -0.000004 -0.033969 -0.035655 1.155264
 35 26.336975 0.000000 0.000004 -0.266392 -0.042557 0.415310
time 39
  0 0.000000 0.000000 0.000000 0.000000 -0.000000 -1.570796
  1 0.000000 0.000000 0.000000 0.000000 -0.000000 0.000000
  2 -4.988433 0.048505 36.000591 -1.572043 -0.448722 1.572714
  3 4.222169 -0.467508 0.000000 -0.008289 -0.227570 -0.174683
  4 4.476987 -0.000002 -0.000000 -0.013999 -0.298854 0.001744
  5 4.477083 0.000000 0.000002 -0.038661 0.114693 0.075465
  6 4.477077 -0.000004 -0.000002 -0.004847 0.172612 0.044459
  7 5.413502 -7.700466 -0.000000 -0.010434 -0.124698 -0.247742
  8 6.890240 0.000002 -0.000000 0.020374 0.047535 0.161363
  9 8.011925 0.000004 0.000005 -0.091874 0.163701 0.374839
 10 7.210720 -0.000002 -0.000000 0.023059 0.147843 0.051033
 11 8.581028 -0.304903 -0.000000 0.001290 0.018895 1.035670
 12 22.523008 2.194031 6.355708 0.000000 -0.597932 0.000000
 13 22.523005 2.194038 -6.355709 0.000000 0.435133 0.000000
 14 -3.006533 7.804720 -11.355459 0.295303 0.209699 1.981272
 15 10.384675 0.000008 0.000005 0.088956 0.182068 -1.341077
 16 22.550743 -0.000006 -0.000004 0.114118 0.014024 1.430860
 17 30.814247 -0.000015 -0.000004 2.650078 -0.301436 0.252221
 18 -3.009890 7.807681 11.355459 -0.124826 -0.070250 1.794730
 19 10.382345 -0.000002 0.000007 -0.029757 -0.191701 -1.681441
 20 22.550726 -0.000027 -0.000013 -0.121455 -0.013860 1.779238
 21 30.814270 -0.000023 0.000002 -2.560207 -0.230087 0.119199
 22 -4.250660 -0.770624 0.000001 0.000000 0.000000 2.989525
 23 10.363422 0.000000 0.000000 -0.000000 -0.000008 0.166637
 24 10.363076 0.000000 -0.000000 0.000000 0.000009 0.087418
 25 10.363081 -0.000004 -0.000002 -0.000009 -0.000015 -0.042681
 26 8.210358 -0.000006 -7.786025 0.000000 0.000000 -0.000000
 27 8.210346 -0.000002 7.704017 0.000000 0.000000 -0.000000
 28 1.292324 3.337230 -13.762345 2.597526 0.223609 2.142346
 29 8.952591 -0.000004 0.000004 0.051330 0.091747 -1.365772
 30 24.248093 0.000001 0.000007 0.029539 0.033540 1.032409
 31 26.336971 0.000019 0.000002 0.405843 0.175573 0.502994
 32 0.882161 0.524652 14.051412 -2.712477 -0.043287 1.982308
 33 8.952590 -0.000008 0.000004 -0.027388 -0.093304 -1.611877
 34 24.248116 0.000002 -0.000004 -0.035523 -0.036458 1.204107
 35 26.336975 0.000000 0.000004 -0.253870 -0.063900 0.352577
time 40
  0 0.000000 0.000000 0.000000 0.000000 -0.000000 -1.570796
  1 0.000000 0.000000 0.000000 0.000000 -0.000000 0.000000
  2 -5.172033 -2.295316 37.012341 -1.572043 -0.539232 1.572235
  3 4.222169 -0.467508 0.000000 -0.001194 -0.317275 -0.243194
  4 4.476987 -0.000002 -0.000000 -0.011530 -0.403138 -0.092484
  5 4.477083 0.000000 0.000002 -0.054672 0.150328 0.090198
  6 4.477077 -0.000004 -0.000002 0.004369 0.249191 0.114958
  7 5.413502 -7.700466 -0.000000 -0.011125 -0.151935 -0.281159
  8 6.890240 0.000002 -0.000000 0.018073 0.060161 0.012194
  9 8.011925 0.000004 0.000005 -0.140044 0.174165 0.277476
 10 7.210720 -0.000002 -0.000000 0.049522 0.176991 0.293005
 11 8.581028 -0.304903 -0.000000 0.001474 0.022856 1.113340
 12 22.523008 2.194031 6.355708 0.000000 -0.782191 0.000000
 13 22.523005 2.194038 -6.355709 0.000000 0.599023 0.000000
 14 -3.006533 7.804720 -11.355459 0.277723 0.140063 2.063954
 15 10.384675 0.000008 0.000005 0.146514 0.151728 -0.970462
 16 22.550743 -0.000006 -0.000004 0.106522 0.012359 1.052711
 17 30.814247 -0.000015 -0.000004 2.663488 -0.272314 0.369505
 18 -3.009890 7.807681 11.355459 -0.186838 -0.090054 1.925944
 19 10.382345 -0.000002 0.000007 -0.062113 -0.188711 -1.498613
 20 22.550726 -0.000027 -0.000013 -0.117430 -0.014056 1.589467
 21 30.814270 -0.000023 0.000002 -2.488292 -0.341926 0.122798
 22 -4.250660 -0.770624 0.000001 0.000000 0.000000 2.860548
 23 10.363422 0.000000 0.000000 0.000000 -0.000008 0.218043
 24 10.363076 0.000000 -0.000000 0.000000 0.000009 0.139631
 25 10.363081 -0.000004 -0.000002 -0.000009 -0.000015 0.134430
 26 8.210358 -0.000006 -7.786025 0.000000 0.000000 -0.000000
 27 8.210346 -0.000002 7.704017 0.000000 0.000000 -0.000000
 28 1.292324 3.337230 -13.762345 2.599373 0.233207 2.162659
 29 8.952591 -0.000004 0.000004 0.047033 0.092405 -1.409409
 30 24.248093 0.000001 0.000007 0.030503 0.034004 1.059582
 31 26.336971 0.000019 0.000002 0.394576 0.210024 0.452683
 32 0.882161 0.524652 14.051412 -2.720377 -0.043041 1.996568
 33 8.952590 -0.000008 0.000004 -0.021860 -0.092747 -1.669181
 34 24.248116 0.000002 -0.000004 -0.036948 -0.037165 1.245436
 35 26.336975 0.000000 0.000004 -0.240705 -0.082761 0.293630
time 41
  0 0.000000 0.000000 0.000000 0.000000 -0.000000 -1.570796
  1 0.000000 0.000000 0.000000 0.000000 -0.000000 0.000000
  2 -5.320475 -3.982868 38.395195 -1.571755 -0.614544 1.571755
  3 4.222169 -0.467508 0.000000 -0.005412 -0.377504 -0.285837
  4 4.476987 -0.000002 -0.000000 -0.011387 -0.475445 -0.178499
  5 4.477083 0.000000 0.000002 -0.079636 0.172749 0.074739
  6 4.477077 -0.000004 -0.000002 0.001145 0.296755 0.155930
  7 5.413502 -7.700466 -0.000000 -0.011351 -0.178492 -0.314577
  8 6.890240 0.000002 -0.000000 0.010858 0.071780 -0.216866
  9 8.011925 0.000004 0.000005 -0.192602 0.175970 0.101594
 10 7.210720 -0.000002 -0.000000 0.082738 0.194876 0.547341
 11 8.581028 -0.304903 -0.000000 0.001795 0.025365 1.178709
 12 22.523008 2.194031 6.355708 0.000000 -0.921324 0.000000
 13 22.523005 2.194038 -6.355709 0.000000 0.712820 0.000000
 14 -3.006533 7.804720 -11.355459 0.257050 0.075868 2.140113
 15 10.384675 0.000008 0.000005 0.190775 0.102697 -0.598626
 16 22.550743 -0.000006 -0.000004 0.099901 0.008456 0.657008
 17 30.814247 -0.000015 -0.000004 2.668074 -0.234759 0.497711
 18 -3.009890 7.807681 11.355459 -0.285354 -0.141808 2.071523
 19 10.382345 -0.000002 0.000007 -0.089077 -0.182000 -1.339154
 20 22.550726 -0.000027 -0.000013 -0.113897 -0.014017 1.432265
 21 30.814270 -0.000023 0.000002 -2.407993 -0.418680 0.109995
 22 -4.250660 -0.770624 0.000001 0.000000 0.000000 2.759840
 23 10.363422 0.000000 0.000000 0.000000 -0.000008 0.265158
 24 10.363076 0.000000 -0.000000 0.000000 0.000009 0.187689
 25 10.363081 -0.000004 -0.000002 -0.000009 -0.000015 0.272426
 26 8.210358 -0.000006 -7.786025 0.000000 0.000000 -0.000000
 27 8.210346 -0.000002 7.704017 0.000000 0.000000 -0.000000
 28 1.292324 3.337230 -13.762345 2.600912 0.241990 2.181818
 29 8.952591 -0.000004 0.000004 0.047871 0.092281 -1.400638
 30 24.248093 0.000001 0.000007 0.030577 0.033762 1.052123
 31 26.336971 0.000019 0.000002 0.381394 0.235514 0.412810
 32 0.882161 0.524652 14.051412 -2.727839 -0.043342 2.011775
 33 8.952590 -0.000008 0.000004 -0.021826 -0.092858 -1.672570
 34 24.248116 0.000002 -0.000004 -0.037207 -0.037309 1.247823
 35 26.336975 0.000000 0.000004 -0.228869 -0.095914 0.246890
time 42
  0 0.000000 0.000000 0.000000 0.000000 -0.000000 -1.570796
  1 0.000000 0.000000 0.000000 0.000000 -0.000000 0.000000
  2 -5.410321 -4.600074 40.559326 -1.571851 -0.648689 1.571851
  3 4.222169 -0.467508 0.000000 -0.037890 -0.390907 -0.273417
  4 4.476987 -0.000002 -0.000000 -0.024773 -0.496070 -0.228199
  5 4.477083 0.000000 0.000002 -0.112725 0.179033 0.000334
  6 4.477077 -0.000004 -0.000002 -0.020163 0.311451 0.140404
  7 5.413502 -7.700466 -0.000000 -0.008852 -0.193274 -0.348337
  8 6.890240 0.000002 -0.000000 0.003715 0.075910 -0.373784
  9 8.011925 0.000004 0.000005 -0.218638 0.175204 0.000882
 10 7.210720 -0.000002 -0.000000 0.102036 0.200243 0.674830
 11 8.581028 -0.304903 -0.000000 0.002140 0.024802 1.226341
 12 22.523008 2.194031 6.355708 0.000000 -0.973446 0.000000
 13 22.523005 2.194038 -6.355709 0.000000 0.766542 0.000000
 14 -3.006533 7.804720 -11.355459 0.264049 0.029903 2.262145
 15 10.384675 0.000008 0.000005 0.203400 0.079295 -0.450947
 16 22.550743 -0.000006 -0.000004 0.097997 0.006247 0.496959
 17 30.814247 -0.000015 -0.000004 2.631252 -0.185261 0.561385
 18 -3.009890 7.807681 11.355459 -0.411618 -0.188068 2.257059
 19 10.382345 -0.000002 0.000007 -0.109705 -0.173927 -1.213964
 20 22.550726 -0.000027 -0.000013 -0.111241 -0.013742 1.305647
 21 30.814270 -0.000023 0.000002 -2.324571 -0.434755 0.072984
 22 -4.250660 -0.770624 0.000001 0.000000 0.000000 2.718026
 23 10.363422 0.000000 0.000000 0.000000 -0.000008 0.289012
 24 10.363076 0.000000 -0.000000 0.000000 0.000009 0.212079
 25 10.363081 -0.000004 -0.000002 -0.000009 -0.000015 0.327060
 26 8.210358 -0.000006 -7.786025 0.000000 0.000000 -0.000000
 27 8.210346 -0.000002 7.704017 0.000000 0.000000 -0.000000
 28 1.292324 3.337230 -13.762345 2.609399 0.252994 2.212289
 29 8.952591 -0.000004 0.000004 0.058074 0.090306 -1.294217
 30 24.248093 0.000001 0.000007 0.028130 0.032127 0.974273
 31 26.336971 0.000019 0.000002 0.367560 0.248312 0.391989
 32 0.882161 0.524652 14.051412 -2.735470 -0.047310 2.039778
 33 8.952590 -0.000008 0.000004 -0.031356 -0.093721 -1.575737
 34 24.248116 0.000002 -0.000004 -0.034940 -0.036122 1.178213
 35 26.336975 0.000000 0.000004 -0.220121 -0.101653 0.222193
time 43
  0 0.000000 0.000000 0.000000 0.000000 -0.000000 -1.570796
  1 0.000000 0.000000 0.000000 0.000000 -0.000000 0.000000
  2 -5.394696 -3.959430 43.293785 -1.571755 -0.636124 1.572235
  3 4.222169 -0.467508 0.000000 -0.069362 -0.382732 -0.241983
  4 4.476987 -0.000002 -0.000000 -0.029795 -0.486111 -0.246667
  5 4.477083 0.000000 0.000002 -0.131230 0.179517 -0.093517
  6 4.477077 -0.000004 -0.000002 -0.046901 0.312165 0.087394
  7 5.413502 -7.700466 -0.000000 -0.000917 -0.179953 -0.383030
  8 6.890240 0.000002 -0.000000 -0.001151 0.069728 -0.415231
  9 8.011925 0.000004 0.000005 -0.204494 0.170858 0.022868
 10 7.210720 -0.000002 -0.000000 0.102338 0.188696 0.632137
 11 8.581028 -0.304903 -0.000000 0.002392 0.023180 1.267981
 12 22.523008 2.194031 6.355708 0.000000 -0.946530 0.000000
 13 22.523005 2.194038 -6.355709 0.000000 0.772864 0.000000
 14 -3.006533 7.804720 -11.355459 0.323735 0.020682 2.432317
 15 10.384675 0.000008 0.000005 0.183380 0.114196 -0.675715
 16 22.550743 -0.000006 -0.000004 0.101260 0.009317 0.740241
 17 30.814247 -0.000015 -0.000004 2.555032 -0.143255 0.502080
 18 -3.009890 7.807681 11.355459 -0.495777 -0.183061 2.420821
 19 10.382345 -0.000002 0.000007 -0.127299 -0.164691 -1.101762
 20 22.550726 -0.000027 -0.000013 -0.108994 -0.013075 1.191002
 21 30.814270 -0.000023 0.000002 -2.269320 -0.405296 0.035944
 22 -4.250660 -0.770624 0.000001 0.000000 0.000000 2.759968
 23 10.363422 0.000000 0.000000 0.000000 -0.000008 0.264388
 24 10.363076 0.000000 -0.000000 0.000000 0.000009 0.186915
 25 10.363081 -0.000004 -0.000002 -0.000009 -0.000015 0.270036
 26 8.210358 -0.000006 -7.786025 0.000000 0.000000 -0.000000
 27 8.210346 -0.000002 7.704017 0.000000 0.000000 -0.000000
 28 1.292324 3.337230 -13.762345 2.641192 0.277074 2.295492
 29 8.952591 -0.000004 0.000004 0.077396 0.083028 -1.078033
 30 24.248093 0.000001 0.000007 0.023311 0.028172 0.814548
 31 26.336971 0.000019 0.000002 0.357337 0.239745 0.424462
 32 0.882161 0.524652 14.051412 -2.743978 -0.064356 2.110001
 33 8.952590 -0.000008 0.000004 -0.050721 -0.092274 -1.374071
 34 24.248116 0.000002 -0.000004 -0.030018 -0.033450 1.030464
 35 26.336975 0.000000 0.000004 -0.217762 -0.097744 0.250960
time 44
  0 0.000000 0.000000 0.000000 0.000000 -0.000000 -1.570796
  1 0.000000 0.000000 0.000000 0.000000 -0.000000 0.000000
  2 -5.207190 -2.408601 45.809486 -1.571564 -0.606526 1.572331
  3 4.222169 -0.467508 0.000000 -0.076577 -0.338927 -0.198711
  4 4.476987 -0.000002 -0.000000 -0.021154 -0.440277 -0.219830
  5 4.477083 0.000000 0.000002 -0.113552 0.162136 -0.154731
  6 4.477077 -0.000004 -0.000002 -0.067634 0.291531 0.017502
  7 5.413502 -7.700466 -0.000000 0.008267 -0.156862 -0.419528
  8 6.890240 0.000002 -0.000000 -0.005549 0.060671 -0.429263
  9 8.011925 0.000004 0.000005 -0.167770 0.159228 0.090095
 10 7.210720 -0.000002 -0.000000 0.096875 0.161137 0.524761
 11 8.581028 -0.304903 -0.000000 0.002484 0.020995 1.304573
 12 22.523008 2.194031 6.355708 0.000000 -0.864100 0.000000
 13 22.523005 2.194038 -6.355709 0.000000 0.766845 0.000000
 14 -3.006533 7.804720 -11.355459 0.418689 0.051207 2.540753
 15 10.384675 0.000008 0.000005 0.136093 0.159345 -1.043719
 16 22.550743 -0.000006 -0.000004 0.107689 0.013019 1.129891
 17 30.814247 -0.000015 -0.000004 2.486630 -0.135387 0.391673
 18 -3.009890 7.807681 11.355459 -0.481419 -0.138370 2.479360
 19 10.382345 -0.000002 0.000007 -0.138489 -0.157416 -1.025685
 20 22.550726 -0.000027 -0.000013 -0.107421 -0.012230 1.112153
 21 30.814270 -0.000023 0.000002 -2.270863 -0.344887 0.021078
 22 -4.250660 -0.770624 0.000001 0.000000 0.000000 2.862571
 23 10.363422 0.000000 0.000000 -0.000000 -0.000008 0.216216
 24 10.363076 0.000000 -0.000000 0.000000 0.000009 0.137953
 25 10.363081 -0.000004 -0.000002 -0.000009 -0.000015 0.133625
 26 8.210358 -0.000006 -7.786025 0.000000 0.000000 -0.000000
 27 8.210346 -0.000002 7.704017 0.000000 0.000000 -0.000000
 28 1.292324 3.337230 -13.762345 2.689651 0.308580 2.421451
 29 8.952591 -0.000004 0.000004 0.100316 0.066799 -0.784214
 30 24.248093 0.000001 0.000007 0.017676 0.021736 0.595089
 31 26.336971 0.000019 0.000002 0.349811 0.221613 0.494379
 32 0.882161 0.524652 14.051412 -2.753330 -0.091609 2.208786
 33 8.952590 -0.000008 0.000004 -0.074291 -0.084788 -1.116717
 34 24.248116 0.000002 -0.000004 -0.023916 -0.028956 0.837984
 35 26.336975 0.000000 0.000004 -0.219864 -0.090485 0.313467
time 45
  0 0.000000 0.000000 0.000000 0.000000 -0.000000 -1.570796
  1 0.000000 0.000000 0.000000 0.000000 -0.000000 0.000000
  2 -4.754051 -0.435884 47.653290 -1.571468 -0.572580 1.572714
  3 4.222169 -0.467508 0.000000 -0.065155 -0.257361 -0.141011
  4 4.476987 -0.000002 -0.000000 -0.016216 -0.346873 -0.134459
  5 4.477083 0.000000 0.000002 -0.080631 0.118376 -0.199077
  6 4.477077 -0.000004 -0.000002 -0.064051 0.217000 -0.061359
  7 5.413502 -7.700466 -0.000000 0.014155 -0.132225 -0.439878
  8 6.890240 0.000002 -0.000000 -0.008533 0.050907 -0.431334
  9 8.011925 0.000004 0.000005 -0.128912 0.139898 0.139724
 10 7.210720 -0.000002 -0.000000 0.093005 0.115587 0.476892
 11 8.581028 -0.304903 -0.000000 0.002094 0.016778 1.326689
 12 22.523008 2.194031 6.355708 0.000000 -0.749133 0.000000
 13 22.523005 2.194038 -6.355709 0.000000 0.767177 0.000000
 14 -3.006533 7.804720 -11.355459 0.476259 0.080849 2.561973
 15 10.384675 0.000008 0.000005 0.100647 0.177761 -1.268543
 16 22.550743 -0.000006 -0.000004 0.112247 0.014024 1.361792
 17 30.814247 -0.000015 -0.000004 2.449154 -0.146296 0.279582
 18 -3.009890 7.807681 11.355459 -0.431219 -0.097490 2.466193
 19 10.382345 -0.000002 0.000007 -0.138489 -0.157349 -1.024989
 20 22.550726 -0.000027 -0.000013 -0.107340 -0.012289 1.111781
 21 30.814270 -0.000023 0.000002 -2.298647 -0.268378 0.013073
 22 -4.250660 -0.770624 0.000001 0.000000 0.000000 2.990728
 23 10.363422 0.000000 0.000000 -0.000000 -0.000008 0.165316
 24 10.363076 0.000000 -0.000000 0.000000 0.000009 0.086231
 25 10.363081 -0.000004 -0.000002 -0.000009 -0.000015 -0.048722
 26 8.210358 -0.000006 -7.786025 0.000000 0.000000 -0.000000
 27 8.210346 -0.000002 7.704017 0.000000 0.000000 -0.000000
 28 1.292324 3.337230 -13.762345 2.750158 0.340284 2.577394
 29 8.952591 -0.000004 0.000004 0.120302 0.038061 -0.413804
 30 24.248093 0.000001 0.000007 0.013153 0.011909 0.315009
 31 26.336971 0.000019 0.000002 0.337934 0.194362 0.555956
 32 0.882161 0.524652 14.051412 -2.764810 -0.127179 2.326699
 33 8.952590 -0.000008 0.000004 -0.097691 -0.069399 -0.823342
 34 24.248116 0.000002 -0.000004 -0.018294 -0.022676 0.623062
 35 26.336975 0.000000 0.000004 -0.226253 -0.085336 0.389651
time 46
  0 0.000000 0.000000 0.000000 0.000000 -0.000000 -1.570796
  1 0.000000 0.000000 0.000000 0.000000 -0.000000 0.000000
  2 -3.937620 1.857154 48.235340 -1.571659 -0.527145 1.573289
  3 4.222169 -0.467508 0.000000 -0.041929 -0.165858 -0.088938
  4 4.476987 -0.000002 -0.000000 -0.007480 -0.238305 -0.029155
  5 4.477083 0.000000 0.000002 -0.042999 0.073712 -0.173495
  6 4.477077 -0.000004 -0.000002 -0.039890 0.127191 -0.103687
  7 5.413502 -7.700466 -0.000000 0.010593 -0.098871 -0.388849
  8 6.890240 0.000002 -0.000000 -0.006627 0.038086 -0.353864
  9 8.011925 0.000004 0.000005 -0.093420 0.106716 0.124773
 10 7.210720 -0.000002 -0.000000 0.082958 0.054978 0.462169
 11 8.581028 -0.304903 -0.000000 0.001612 0.012100 1.321397
 12 22.523008 2.194031 6.355708 0.000000 -0.598238 0.000000
 13 22.523005 2.194038 -6.355709 0.000000 0.729275 0.000000
 14 -3.006533 7.804720 -11.355459 0.436107 0.115756 2.432524
 15 10.384675 0.000008 0.000005 0.109872 0.173857 -1.212003
 16 22.550743 -0.000006 -0.000004 0.110936 0.013622 1.304588
 17 30.814247 -0.000015 -0.000004 2.494711 -0.170622 0.173221
 18 -3.009890 7.807681 11.355459 -0.344769 -0.075967 2.334807
 19 10.382345 -0.000002 0.000007 -0.123996 -0.166419 -1.121883
 20 22.550726 -0.000027 -0.000013 -0.109158 -0.013428 1.211475
 21 30.814270 -0.000023 0.000002 -2.384875 -0.161579 0.010284
 22 -4.250660 -0.770624 0.000001 -0.000000 -0.000000 3.124032
 23 10.363422 0.000000 0.000000 0.000000 -0.000008 0.114284
 24 10.363076 0.000000 -0.000000 0.000000 0.000009 0.034327
 25 10.363081 -0.000004 -0.000002 -0.000009 -0.000015 -0.245888
 26 8.210358 -0.000006 -7.786025 0.000000 0.000000 -0.000000
 27 8.210346 -0.000002 7.704017 0.000000 0.000000 -0.000000
 28 1.292324 3.337230 -13.762345 2.814755 0.362316 2.743252
 29 8.952591 -0.000004 0.000004 0.128426 0.004411 -0.046564
 30 24.248093 0.000001 0.000007 0.011707 0.001356 0.035520
 31 26.336971 0.000019 0.000002 0.320881 0.153551 0.594172
 32 0.882161 0.524652 14.051412 -2.777741 -0.168687 2.447671
 33 8.952590 -0.000008 0.000004 -0.115327 -0.048054 -0.531818
 34 24.248116 0.000002 -0.000004 -0.014369 -0.015413 0.405095
 35 26.336975 0.000000 0.000004 -0.238260 -0.082606 0.480474
time 47
  0 0.000000 0.000000 0.000000 0.000000 -0.000000 -1.570796
  1 0.000000 0.000000 0.000000 0.000000 -0.000000 0.000000
  2 -2.804773 4.361137 45.696198 -1.571659 -0.463800 1.573673
  3 4.222169 -0.467508 0.000000 -0.021436 -0.090502 -0.058577
  4 4.476987 -0.000002 -0.000000 0.004733 -0.135649 0.075884
  5 4.477083 0.000000 0.000002 -0.009874 0.049336 -0.052550
  6 4.477077 -0.000004 -0.000002 -0.016256 0.058880 -0.082492
  7 5.413502 -7.700466 -0.000000 0.005529 -0.063938 -0.308354
  8 6.890240 0.000002 -0.000000 -0.002577 0.023617 -0.184193
  9 8.011925 0.000004 0.000005 -0.059093 0.065148 0.071666
 10 7.210720 -0.000002 -0.000000 0.056522 0.026553 0.221269
 11 8.581028 -0.304903 -0.000000 0.001474 0.008140 1.213128
 12 22.523008 2.194031 6.355708 0.000000 -0.350095 0.000000
 13 22.523005 2.194038 -6.355709 0.000000 0.512722 0.000000
 14 -3.006533 7.804720 -11.355459 0.337246 0.175287 2.135100
 15 10.384675 0.000008 0.000005 0.102253 0.177528 -1.261211
 16 22.550743 -0.000006 -0.000004 0.112103 0.013909 1.352107
 17 30.814247 -0.000015 -0.000004 2.576173 -0.191092 0.095115
 18 -3.009890 7.807681 11.355459 -0.230929 -0.077088 2.064341
 19 10.382345 -0.000002 0.000007 -0.084628 -0.183528 -1.365247
 20 22.550726 -0.000027 -0.000013 -0.114530 -0.014370 1.459437
 21 30.814270 -0.000023 0.000002 -2.516742 -0.032857 0.008610
 22 -4.250660 -0.770624 0.000001 0.000000 0.000000 -3.029945
 23 10.363422 0.000000 0.000000 0.000000 -0.000008 0.062966
 24 10.363076 0.000000 -0.000000 0.000000 0.000009 -0.017577
 25 10.363081 -0.000004 -0.000002 -0.000009 -0.000015 -0.435564
 26 8.210358 -0.000006 -7.786025 0.000000 0.000000 -0.000000
 27 8.210346 -0.000002 7.704017 0.000000 0.000000 -0.000000
 28 1.292324 3.337230 -13.762345 2.805961 0.336015 2.703718
 29 8.952591 -0.000004 0.000004 0.127640 0.012703 -0.133620
 30 24.248093 0.000001 0.000007 0.011855 0.003899 0.102299
 31 26.336971 0.000019 0.000002 0.320533 0.130164 0.657517
 32 0.882161 0.524652 14.051412 -2.770280 -0.188908 2.457364
 33 8.952590 -0.000008 0.000004 -0.115293 -0.047525 -0.525237
 34 24.248116 0.000002 -0.000004 -0.014291 -0.015137 0.399713
 35 26.336975 0.000000 0.000004 -0.255328 -0.079783 0.556602
time 48
  0 0.000000 0.000000 0.000000 0.000000 -0.000000 -1.570796
  1 0.000000 0.000000 0.000000 0.000000 -0.000000 0.000000
  2 -1.460982 6.435419 38.953804 -1.571564 -0.398261 1.573768
  3 4.222169 -0.467508 0.000000 -0.010242 -0.040172 -0.033966
  4 4.476987 -0.000002 -0.000000 0.013805 -0.057645 0.163696
  5 4.477083 0.000000 0.000002 -0.001460 0.038174 -0.000185
  6 4.477077 -0.000004 -0.000002 -0.011391 0.017481 -0.086837
  7 5.413502 -7.700466 -0.000000 0.002087 -0.031043 -0.225121
  8 6.890240 0.000002 -0.000000 -0.000527 0.010051 0.000582
  9 8.011925 0.000004 0.000005 -0.026717 0.027670 0.018144
 10 7.210720 -0.000002 -0.000000 0.024569 0.015060 -0.195686
 11 8.581028 -0.304903 -0.000000 0.001566 0.004845 1.010329
 12 22.523008 2.194031 6.355708 0.000000 -0.077785 0.000000
 13 22.523005 2.194038 -6.355709 0.000000 0.158203 0.000000
 14 -3.006533 7.804720 -11.355459 0.263995 0.225668 1.884305
 15 10.384675 0.000008 0.000005 0.026841 0.192188 -1.696474
 16 22.550743 -0.000006 -0.000004 0.122322 0.014167 1.798355
 17 30.814247 -0.000015 -0.000004 2.600109 -0.195919 0.066609
 18 -3.009890 7.807681 11.355459 -0.195290 -0.149169 1.840387
 19 10.382345 -0.000002 0.000007 -0.015938 -0.191901 -1.755662
 20 22.550726 -0.000027 -0.000013 -0.123906 -0.013801 1.867827
 21 30.814270 -0.000023 0.000002 -2.600900 0.093492 0.028692
 22 -4.250660 -0.770624 0.000001 0.000000 0.000000 -2.931030
 23 10.363422 0.000000 0.000000 0.000000 -0.000008 0.016599
 24 10.363076 0.000000 -0.000000 0.000000 0.000009 -0.065170
 25 10.363081 -0.000004 -0.000002 -0.000009 -0.000015 -0.571546
 26 8.210358 -0.000006 -7.786025 0.000000 0.000000 -0.000000
 27 8.210346 -0.000002 7.704017 0.000000 0.000000 -0.000000
 28 1.292324 3.337230 -13.762345 2.722587 0.237771 2.396818
 29 8.952591 -0.000004 0.000004 0.095687 0.070945 -0.847607
 30 24.248093 0.000001 0.000007 0.018825 0.023047 0.641562
 31 26.336971 0.000019 0.000002 0.323404 0.104962 0.650669
 32 0.882161 0.524652 14.051412 -2.725509 -0.167730 2.295896
 33 8.952590 -0.000008 0.000004 -0.086602 -0.077553 -0.963290
 34 24.248116 0.000002 -0.000004 -0.021079 -0.026031 0.728822
 35 26.336975 0.000000 0.000004 -0.283716 -0.074912 0.578813
time 49
  0 0.000000 0.000000 0.000000 0.000000 -0.000000 -1.570796
  1 0.000000 0.000000 0.000000 0.000000 -0.000000 0.000000
  2 -0.121097 7.400292 32.289543 -1.571468 -0.336831 1.573673
  3 4.222169 -0.467508 0.000000 -0.005065 -0.012736 -0.017667
  4 4.476987 -0.000002 -0.000000 0.017101 -0.017722 0.217814
  5 4.477083 0.000000 0.000002 -0.000693 0.032020 0.015422
  6 4.477077 -0.000004 -0.000002 -0.010887 -0.011272 -0.101086
  7 5.413502 -7.700466 -0.000000 0.000425 -0.012132 -0.185169
  8 6.890240 0.000002 -0.000000 0.000144 0.003320 0.154033
  9 8.011925 0.000004 0.000005 -0.010202 0.009074 -0.004335
 10 7.210720 -0.000002 -0.000000 0.006341 0.008351 -0.447071
 11 8.581028 -0.304903 -0.000000 0.001405 0.003257 0.833887
 12 22.523008 2.194031 6.355708 0.000000 0.070361 0.000000
 13 22.523005 2.194038 -6.355709 0.000000 -0.070934 0.000000
 14 -3.006533 7.804720 -11.355459 0.190962 0.290676 1.626575
 15 10.384675 0.000008 0.000005 -0.035312 0.182810 -2.037430
 16 22.550743 -0.000006 -0.000004 0.130527 0.011757 2.182738
 17 30.814247 -0.000015 -0.000004 2.618279 -0.195888 0.132216
 18 -3.009890 7.807681 11.355459 -0.182358 -0.280851 1.618656
 19 10.382345 -0.000002 0.000007 0.035227 -0.182964 -2.036601
 20 22.550726 -0.000027 -0.000013 -0.130626 -0.011759 2.184589
 21 30.814270 -0.000023 0.000002 -2.614406 0.175016 0.132030
 22 -4.250660 -0.770624 0.000001 0.000000 0.000000 -2.882071
 23 10.363422 0.000000 0.000000 0.000000 -0.000008 -0.014055
 24 10.363076 0.000000 -0.000000 0.000000 0.000009 -0.095884
 25 10.363081 -0.000004 -0.000002 -0.000009 -0.000015 -0.632865
 26 8.210358 -0.000006 -7.786025 0.000000 0.000000 -0.000000
 27 8.210346 -0.000002 7.704017 0.000000 0.000000 -0.000000
 28 1.292324 3.337230 -13.762345 2.689695 0.173352 2.224879
 29 8.952591 -0.000004 0.000004 0.056100 0.090697 -1.315189
 30 24.248093 0.000001 0.000007 0.028464 0.032490 0.989251
 31 26.336971 0.000019 0.000002 0.324840 0.077055 0.642882
 32 0.882161 0.524652 14.051412 -2.685264 -0.154076 2.180740
 33 8.952590 -0.000008 0.000004 -0.057402 -0.090660 -1.301555
 34 24.248116 0.000002 -0.000004 -0.028373 -0.032551 0.979792
 35 26.336975 0.000000 0.000004 -0.315707 -0.068429 0.594863
time 50
  0 0.000000 0.000000 0.000000 0.000000 -0.000000 -1.570796
  1 0.000000 0.000000 0.000000 0.000000 -0.000000 0.000000
  2 0.660176 7.283102 29.160538 -1.571276 -0.278712 1.573577
  3 4.222169 -0.467508 0.000000 -0.002536 -0.002318 -0.019537
  4 4.476987 -0.000002 -0.000000 0.016933 -0.012475 0.210622
  5 4.477083 0.000000 0.000002 -0.000789 0.029176 0.018446
  6 4.477077 -0.000004 -0.000002 -0.009833 -0.016214 -0.095729
  7 5.413502 -7.700466 -0.000000 -0.000013 -0.005981 -0.213079
  8 6.890240 0.000002 -0.000000 0.000276 0.001960 0.272391
  9 8.011925 0.000004 0.000005 -0.006011 0.004729 0.026735
 10 7.210720 -0.000002 -0.000000 0.002800 0.005632 -0.440769
 11 8.581028 -0.304903 -0.000000 0.001267 0.002830 0.721587
 12 22.523008 2.194031 6.355708 0.000000 0.088937 0.000000
 13 22.523005 2.194038 -6.355709 0.000000 -0.119575 0.000000
 14 -3.006533 7.804720 -11.355459 0.138167 0.326571 1.461484
 15 10.384675 0.000008 0.000005 -0.057723 0.174027 -2.164615
 16 22.550743 -0.000006 -0.000004 0.133293 0.010264 2.320451
 17 30.814247 -0.000015 -0.000004 2.637149 -0.196202 0.213294
 18 -3.009890 7.807681 11.355459 -0.154814 -0.359546 1.467434
 19 10.382345 -0.000002 0.000007 0.052955 -0.176386 -2.136104
 20 22.550726 -0.000027 -0.000013 -0.133037 -0.010797 2.292596
 21 30.814270 -0.000023 0.000002 -2.608618 0.212647 0.227306
 22 -4.250660 -0.770624 0.000001 0.000000 0.000000 -2.883813
 23 10.363422 0.000000 0.000000 0.000000 -0.000008 -0.015882
 24 10.363076 0.000000 -0.000000 0.000000 0.000009 -0.093122
 25 10.363081 -0.000004 -0.000002 -0.000009 -0.000015 -0.613105
 26 8.210358 -0.000006 -7.786025 0.000000 0.000000 -0.000000
 27 8.210346 -0.000002 7.704017 0.000000 0.000000 -0.000000
 28 1.292324 3.337230 -13.762345 2.668983 0.142019 2.127810
 29 8.952591 -0.000004 0.000004 0.039852 0.092886 -1.486391
 30 24.248093 0.000001 0.000007 0.032467 0.034993 1.114225
 31 26.336971 0.000019 0.000002 0.330887 0.053483 0.644980
 32 0.882161 0.524652 14.051412 -2.652682 -0.141845 2.094534
 33 8.952590 -0.000008 0.000004 -0.045837 -0.092747 -1.424951
 34 24.248116 0.000002 -0.000004 -0.031171 -0.034325 1.069864
 35 26.336975 0.000000 0.000004 -0.343495 -0.058657 0.609671
time 51
  0 0.000000 0.000000 0.000000 0.000000 -0.000000 -1.570796
  1 0.000000 0.000000 0.000000 0.000000 -0.000000 0.000000
  2 0.648457 6.556516 28.273792 -1.571084 -0.223904 1.573193
  3 4.222169 -0.467508 0.000000 -0.000690 -0.000649 -0.034472
  4 4.476987 -0.000002 -0.000000 0.015579 -0.013331 0.164629
  5 4.477083 0.000000 0.000002 -0.003522 0.028304 -0.008856
  6 4.477077 -0.000004 -0.000002 -0.009018 -0.015444 -0.082227
  7 5.413502 -7.700466 -0.000000 0.000186 -0.004027 -0.288907
  8 6.890240 0.000002 -0.000000 0.000264 0.001359 0.384373
  9 8.011925 0.000004 0.000005 -0.004047 0.003099 0.109121
 10 7.210720 -0.000002 -0.000000 0.002114 0.003831 -0.337147
 11 8.581028 -0.304903 -0.000000 0.001198 0.002523 0.621134
 12 22.523008 2.194031 6.355708 0.000000 0.086034 0.000000
 13 22.523005 2.194038 -6.355709 0.000000 -0.136817 0.000000
 14 -3.006533 7.804720 -11.355459 0.136919 0.335439 1.449054
 15 10.384675 0.000008 0.000005 -0.060786 0.172436 -2.183166
 16 22.550743 -0.000006 -0.000004 0.133789 0.010064 2.337884
 17 30.814247 -0.000015 -0.000004 2.630029 -0.186829 0.250144
 18 -3.009890 7.807681 11.355459 -0.152319 -0.366384 1.454210
 19 10.382345 -0.000002 0.000007 0.056056 -0.174957 -2.156283
 20 22.550726 -0.000027 -0.000013 -0.133282 -0.010876 2.311703
 21 30.814270 -0.000023 0.000002 -2.599251 0.202933 0.255393
 22 -4.250660 -0.770624 0.000001 0.000000 0.000000 -2.894516
 23 10.363422 0.000000 0.000000 0.000000 -0.000008 -0.010600
 24 10.363076 0.000000 -0.000000 0.000000 0.000009 -0.083417
 25 10.363081 -0.000004 -0.000002 -0.000009 -0.000015 -0.565210
 26 8.210358 -0.000006 -7.786025 0.000000 0.000000 -0.000000
 27 8.210346 -0.000002 7.704017 0.000000 0.000000 -0.000000
 28 1.292324 3.337230 -13.762345 2.646425 0.117840 2.039073
 29 8.952591 -0.000004 0.000004 0.032131 0.093366 -1.569365
 30 24.248093 0.000001 0.000007 0.034543 0.035779 1.173545
 31 26.336971 0.000019 0.000002 0.344329 0.039555 0.631008
 32 0.882161 0.524652 14.051412 -2.626280 -0.122227 2.008587
 33 8.952590 -0.000008 0.000004 -0.037766 -0.093276 -1.509290
 34 24.248116 0.000002 -0.000004 -0.033114 -0.035331 1.131045
 35 26.336975 0.000000 0.000004 -0.362192 -0.048885 0.601024
time 52
  0 0.000000 0.000000 0.000000 0.000000 -0.000000 -1.570796
  1 0.000000 0.000000 0.000000 0.000000 -0.000000 0.000000
  2 0.332041 5.552579 28.683962 -1.570988 -0.177153 1.572906
  3 4.222169 -0.467508 0.000000 0.002977 -0.000316 -0.084399
  4 4.476987 -0.000002 -0.000000 0.013050 -0.013610 0.075972
  5 4.477083 0.000000 0.000002 -0.006578 0.027707 -0.038810
  6 4.477077 -0.000004 -0.000002 -0.008358 -0.015030 -0.061188
  7 5.413502 -7.700466 -0.000000 0.000385 -0.002702 -0.381288
  8 6.890240 0.000002 -0.000000 0.000168 0.000653 0.498030
  9 8.011925 0.000004 0.000005 -0.002528 0.002125 0.223642
 10 7.210720 -0.000002 -0.000000 0.001235 0.002295 -0.220545
 11 8.581028 -0.304903 -0.000000 0.001129 0.002216 0.518543
 12 22.523008 2.194031 6.355708 0.000000 0.085484 0.000000
 13 22.523005 2.194038 -6.355709 0.000000 -0.157537 0.000000
 14 -3.006533 7.804720 -11.355459 0.184993 0.310178 1.590178
 15 10.384675 0.000008 0.000005 -0.052680 0.176467 -2.134624
 16 22.550743 -0.000006 -0.000004 0.132973 0.010638 2.290789
 17 30.814247 -0.000015 -0.000004 2.597313 -0.156421 0.226795
 18 -3.009890 7.807681 11.355459 -0.192591 -0.322739 1.591352
 19 10.382345 -0.000002 0.000007 0.050192 -0.177615 -2.122303
 20 22.550726 -0.000027 -0.000013 -0.132363 -0.011131 2.278575
 21 30.814270 -0.000023 0.000002 -2.581185 0.162342 0.227334
 22 -4.250660 -0.770624 0.000001 0.000000 0.000000 -2.903990
 23 10.363422 0.000000 0.000000 0.000000 -0.000008 -0.005099
 24 10.363076 0.000000 -0.000000 0.000000 0.000009 -0.074590
 25 10.363081 -0.000004 -0.000002 -0.000009 -0.000015 -0.494414
 26 8.210358 -0.000006 -7.786025 0.000000 0.000000 -0.000000
 27 8.210346 -0.000002 7.704017 0.000000 0.000000 -0.000000
 28 1.292324 3.337230 -13.762345 2.623075 0.097436 1.956296
 29 8.952591 -0.000004 0.000004 0.029143 0.093313 -1.600584
 30 24.248093 0.000001 0.000007 0.035285 0.036183 1.195745
 31 26.336971 0.000019 0.000002 0.361818 0.033537 0.602401
 32 0.882161 0.524652 14.051412 -2.606123 -0.098230 1.927940
 33 8.952590 -0.000008 0.000004 -0.032543 -0.093248 -1.560525
 34 24.248116 0.000002 -0.000004 -0.034474 -0.035883 1.168058
 35 26.336975 0.000000 0.000004 -0.375272 -0.041750 0.572709
time 53
  0 0.000000 0.000000 0.000000 0.000000 -0.000000 -1.570796
  1 0.000000 0.000000 0.000000 0.000000 -0.000000 0.000000
  2 0.109378 4.474422 29.848061 -1.571180 -0.156291 1.572618
  3 4.222169 -0.467508 0.000000 0.008106 -0.000427 -0.170574
  4 4.476987 -0.000002 -0.000000 0.009311 -0.014252 -0.073971
  5 4.477083 0.000000 0.000002 -0.009166 0.027400 -0.060331
  6 4.477077 -0.000004 -0.000002 -0.008382 -0.014560 -0.013971
  7 5.413502 -7.700466 -0.000000 0.000332 -0.001495 -0.474509
  8 6.890240 0.000002 -0.000000 0.000012 0.000065 0.604962
  9 8.011925 0.000004 0.000005 -0.001179 0.001118 0.342419
 10 7.210720 -0.000002 -0.000000 0.000851 0.001395 -0.073774
 11 8.581028 -0.304903 -0.000000 0.001106 0.001925 0.422296
 12 22.523008 2.194031 6.355708 0.000000 0.084965 0.000000
 13 22.523005 2.194038 -6.355709 0.000000 -0.178167 0.000000
 14 -3.006533 7.804720 -11.355459 0.252601 0.247962 1.824422
 15 10.384675 0.000008 0.000005 -0.033781 0.183511 -2.027988
 16 22.550743 -0.000006 -0.000004 0.130287 0.011642 2.178804
 17 30.814247 -0.000015 -0.000004 2.556037 -0.109964 0.164912
 18 -3.009890 7.807681 11.355459 -0.255112 -0.250210 1.823743
 19 10.382345 -0.000002 0.000007 0.032867 -0.183396 -2.024308
 20 22.550726 -0.000027 -0.000013 -0.130157 -0.011838 2.175221
 21 30.814270 -0.000023 0.000002 -2.556032 0.112429 0.172109
 22 -4.250660 -0.770624 0.000001 0.000000 0.000000 -2.913234
 23 10.363422 0.000000 0.000000 0.000000 -0.000008 0.000623
 24 10.363076 0.000000 -0.000000 0.000000 0.000009 -0.065996
 25 10.363081 -0.000004 -0.000002 -0.000009 -0.000015 -0.404556
 26 8.210358 -0.000006 -7.786025 0.000000 0.000000 -0.000000
 27 8.210346 -0.000002 7.704017 0.000000 0.000000 -0.000000
 28 1.292324 3.337230 -13.762345 2.600472 0.077945 1.879845
 29 8.952591 -0.000004 0.000004 0.026907 0.093135 -1.623683
 30 24.248093 0.000001 0.000007 0.035841 0.036526 1.212203
 31 26.336971 0.000019 0.000002 0.379654 0.031015 0.568271
 32 0.882161 0.524652 14.051412 -2.586979 -0.079022 1.864653
 33 8.952590 -0.000008 0.000004 -0.030983 -0.093276 -1.577393
 34 24.248116 0.000002 -0.000004 -0.034889 -0.035966 1.179787
 35 26.336975 0.000000 0.000004 -0.387665 -0.037314 0.537895
time 54
  0 0.000000 0.000000 0.000000 0.000000 -0.000000 -1.570796
  1 0.000000 0.000000 0.000000 0.000000 -0.000000 0.000000
  2 0.015625 3.267354 31.258259 -1.571372 -0.139816 1.572330
  3 4.222169 -0.467508 0.000000 0.013679 -0.000798 -0.276407
  4 4.476987 -0.000002 -0.000000 0.006351 -0.015495 -0.221539
  5 4.477083 0.000000 0.000002 -0.010617 0.027351 -0.057159
  6 4.477077 -0.000004 -0.000002 -0.009701 -0.013715 0.064221
  7 5.413502 -7.700466 -0.000000 0.000146 -0.000510 -0.568259
  8 6.890240 0.000002 -0.000000 0.000000 0.000000 0.679314
  9 8.011925 0.000004 0.000005 -0.000105 0.000112 0.456706
 10 7.210720 -0.000002 -0.000000 0.000467 0.000653 0.079433
 11 8.581028 -0.304903 -0.000000 0.001061 0.001925 0.357979
 12 22.523008 2.194031 6.355708 0.000000 0.084415 0.000000
 13 22.523005 2.194038 -6.355709 0.000000 -0.198797 0.000000
 14 -3.006533 7.804720 -11.355459 0.285428 0.188147 1.988276
 15 10.384675 0.000008 0.000005 -0.007635 0.189027 -1.885141
 16 22.550743 -0.000006 -0.000004 0.126784 0.013077 2.016394
 17 30.814247 -0.000015 -0.000004 2.539613 -0.067519 0.131894
 18 -3.009890 7.807681 11.355459 -0.286271 -0.187358 1.987334
 19 10.382345 -0.000002 0.000007 0.007588 -0.188977 -1.884912
 20 22.550726 -0.000027 -0.000013 -0.126786 -0.013114 2.015538
 21 30.814270 -0.000023 0.000002 -2.540035 0.068242 0.137998
 22 -4.250660 -0.770624 0.000001 0.000000 0.000000 -2.922247
 23 10.363422 0.000000 0.000000 0.000000 -0.000008 0.005970
 24 10.363076 0.000000 -0.000000 0.000000 0.000009 -0.057556
 25 10.363081 -0.000004 -0.000002 -0.000009 -0.000015 -0.310939
 26 8.210358 -0.000006 -7.786025 0.000000 0.000000 -0.000000
 27 8.210346 -0.000002 7.704017 0.000000 0.000000 -0.000000
 28 1.292324 3.337230 -13.762345 2.579145 0.058331 1.810570
 29 8.952591 -0.000004 0.000004 0.024618 0.092904 -1.647173
 30 24.248093 0.000001 0.000007 0.036360 0.036889 1.228898
 31 26.336971 0.000019 0.000002 0.397099 0.030804 0.530883
 32 0.882161 0.524652 14.051412 -2.568612 -0.059924 1.804641
 33 8.952590 -0.000008 0.000004 -0.029999 -0.093304 -1.589452
 34 24.248116 0.000002 -0.000004 -0.035148 -0.035990 1.187961
 35 26.336975 0.000000 0.000004 -0.400444 -0.035484 0.500029
time 55
  0 0.000000 0.000000 0.000000 0.000000 -0.000000 -1.570796
  1 0.000000 0.000000 0.000000 0.000000 -0.000000 0.000000
  2 -0.003906 1.806371 32.441887 -1.571372 -0.122265 1.571851
  3 4.222169 -0.467508 0.000000 0.016364 -0.001168 -0.325781
  4 4.476987 -0.000002 -0.000000 0.004373 -0.017336 -0.315656
  5 4.477083 0.000000 0.000002 -0.011312 0.027319 -0.051735
  6 4.477077 -0.000004 -0.000002 -0.010647 -0.013264 0.113027
  7 5.413502 -7.700466 -0.000000 0.000013 -0.000068 -0.644646
  8 6.890240 0.000002 -0.000000 0.000000 0.000000 0.744008
  9 8.011925 0.000004 0.000005 0.000000 0.000000 0.540260
 10 7.210720 -0.000002 -0.000000 0.000027 0.000053 0.226686
 11 8.581028 -0.304903 -0.000000 0.001015 0.001960 0.302320
 12 22.523008 2.194031 6.355708 0.000000 0.083865 0.000000
 13 22.523005 2.194038 -6.355709 0.000000 -0.219760 0.000000
 14 -3.006533 7.804720 -11.355459 0.294652 0.152888 2.067731
 15 10.384675 0.000008 0.000005 0.012684 0.191149 -1.775895
 16 22.550743 -0.000006 -0.000004 0.123874 0.013450 1.882556
 17 30.814247 -0.000015 -0.000004 2.540443 -0.036704 0.145646
 18 -3.009890 7.807681 11.355459 -0.295842 -0.152046 2.066906
 19 10.382345 -0.000002 0.000007 -0.012635 -0.191170 -1.775957
 20 22.550726 -0.000027 -0.000013 -0.123865 -0.013408 1.882530
 21 30.814270 -0.000023 0.000002 -2.539123 0.033009 0.146477
 22 -4.250660 -0.770624 0.000001 0.000000 0.000000 -2.931107
 23 10.363422 0.000000 0.000000 0.000000 -0.000008 0.010416
 24 10.363076 0.000000 -0.000000 0.000000 0.000009 -0.049271
 25 10.363081 -0.000004 -0.000002 -0.000009 -0.000015 -0.219954
 26 8.210358 -0.000006 -7.786025 0.000000 0.000000 -0.000000
 27 8.210346 -0.000002 7.704017 0.000000 0.000000 -0.000000
 28 1.292324 3.337230 -13.762345 2.558874 0.038741 1.748229
 29 8.952591 -0.000004 0.000004 0.021945 0.092583 -1.674961
 30 24.248093 0.000001 0.000007 0.037064 0.037212 1.248671
 31 26.336971 0.000019 0.000002 0.414066 0.033012 0.490181
 32 0.882161 0.524652 14.051412 -2.551427 -0.039484 1.744414
 33 8.952590 -0.000008 0.000004 -0.028439 -0.093276 -1.606793
 34 24.248116 0.000002 -0.000004 -0.035536 -0.036146 1.200147
 35 26.336975 0.000000 0.000004 -0.413609 -0.036353 0.458941
time 56
  0 0.000000 0.000000 0.000000 0.000000 -0.000000 -1.570796
  1 0.000000 0.000000 0.000000 0.000000 -0.000000 0.000000
  2 0.000000 -0.072592 32.980968 -1.571372 -0.108742 1.571468
  3 4.222169 -0.467508 0.000000 0.018317 -0.001428 -0.361984
  4 4.476987 -0.000002 -0.000000 0.003954 -0.017765 -0.338275
  5 4.477083 0.000000 0.000002 -0.011863 0.027238 -0.047688
  6 4.477077 -0.000004 -0.000002 -0.011199 -0.013151 0.124566
  7 5.413502 -7.700466 -0.000000 0.000000 0.000000 -0.683976
  8 6.890240 0.000002 -0.000000 0.000000 0.000000 0.762532
  9 8.011925 0.000004 0.000005 0.000000 0.000000 0.568994
 10 7.210720 -0.000002 -0.000000 0.000000 0.000000 0.334411
 11 8.581028 -0.304903 -0.000000 0.000992 0.001960 0.288651
 12 22.523008 2.194031 6.355708 0.000000 0.083285 0.000000
 13 22.523005 2.194038 -6.355709 0.000000 -0.238665 0.000000
 14 -3.006533 7.804720 -11.355459 0.291993 0.137130 2.090806
 15 10.384675 0.000008 0.000005 0.028447 0.191530 -1.689142
 16 22.550743 -0.000006 -0.000004 0.121827 0.013766 1.784977
 17 30.814247 -0.000015 -0.000004 2.544244 -0.006641 0.169639
 18 -3.009890 7.807681 11.355459 -0.293602 -0.135792 2.090504
 19 10.382345 -0.000002 0.000007 -0.028408 -0.191502 -1.689153
 20 22.550726 -0.000027 -0.000013 -0.121822 -0.013722 1.785008
 21 30.814270 -0.000023 0.000002 -2.545753 0.000003 0.181732
 22 -4.250660 -0.770624 0.000001 0.000000 0.000000 -2.939710
 23 10.363422 0.000000 0.000000 0.000000 -0.000008 0.013386
 24 10.363076 0.000000 -0.000000 0.000000 0.000009 -0.041192
 25 10.363081 -0.000004 -0.000002 -0.000009 -0.000015 -0.132888
 26 8.210358 -0.000006 -7.786025 0.000000 0.000000 -0.000000
 27 8.210346 -0.000002 7.704017 0.000000 0.000000 -0.000000
 28 1.292324 3.337230 -13.762345 2.539525 0.019596 1.693308
 29 8.952591 -0.000004 0.000004 0.015447 0.091498 -1.742695
 30 24.248093 0.000001 0.000007 0.038807 0.037515 1.297867
 31 26.336971 0.000019 0.000002 0.430379 0.037216 0.447160
 32 0.882161 0.524652 14.051412 -2.535625 -0.018087 1.684832
 33 8.952590 -0.000008 0.000004 -0.022063 -0.092525 -1.670521
 34 24.248116 0.000002 -0.000004 -0.037052 -0.037285 1.246604
 35 26.336975 0.000000 0.000004 -0.426731 -0.039486 0.415649
time 57
  0 0.000000 0.000000 0.000000 0.000000 -0.000000 -1.570796
  1 0.000000 0.000000 0.000000 0.000000 -0.000000 0.000000
  2 0.000000 -2.799238 32.953625 -1.571372 -0.155054 1.571372
  3 4.222169 -0.467508 0.000000 0.018078 -0.001261 -0.363180
  4 4.476987 -0.000002 -0.000000 0.003870 -0.017851 -0.345445
  5 4.477083 0.000000 0.000002 -0.012247 0.027173 -0.042945
  6 4.477077 -0.000004 -0.000002 -0.011594 -0.013095 0.130266
  7 5.413502 -7.700466 -0.000000 0.000000 0.000000 -0.663813
  8 6.890240 0.000002 -0.000000 0.000000 0.000000 0.706052
  9 8.011925 0.000004 0.000005 0.000000 0.000000 0.503090
 10 7.210720 -0.000002 -0.000000 0.000000 0.000000 0.438087
 11 8.581028 -0.304903 -0.000000 0.001084 0.001925 0.367863
 12 22.523008 2.194031 6.355708 0.000000 0.082704 0.000000
 13 22.523005 2.194038 -6.355709 0.000000 -0.240843 0.000000
 14 -3.006533 7.804720 -11.355459 0.281195 0.135293 2.072195
 15 10.384675 0.000008 0.000005 0.045105 0.190576 -1.596614
 16 22.550743 -0.000006 -0.000004 0.119700 0.013966 1.684553
 17 30.814247 -0.000015 -0.000004 2.556255 0.031446 0.231092
 18 -3.009890 7.807681 11.355459 -0.282910 -0.134147 2.071865
 19 10.382345 -0.000002 0.000007 -0.045059 -0.190572 -1.596609
 20 22.550726 -0.000027 -0.000013 -0.119698 -0.013958 1.684570
 21 30.814270 -0.000023 0.000002 -2.556172 -0.034447 0.230709
 22 -4.250660 -0.770624 0.000001 0.000000 0.000000 -2.948160
 23 10.363422 0.000000 0.000000 0.000000 -0.000008 0.014289
 24 10.363076 0.000000 -0.000000 0.000000 0.000009 -0.033269
 25 10.363081 -0.000004 -0.000002 -0.000009 -0.000015 -0.048614
 26 8.210358 -0.000006 -7.786025 0.000000 0.000000 -0.000000
 27 8.210346 -0.000002 7.704017 0.000000 0.000000 -0.000000
 28 1.292324 3.337230 -13.762345 2.520617 0.000746 1.644713
 29 8.952591 -0.000004 0.000004 0.003969 0.088437 -1.864790
 30 24.248093 0.000001 0.000007 0.042143 0.038241 1.387498
 31 26.336971 0.000019 0.000002 0.446171 0.062312 0.384644
 32 0.882161 0.524652 14.051412 -2.521175 0.004596 1.624906
 33 8.952590 -0.000008 0.000004 -0.009854 -0.090326 -1.799158
 34 24.248116 0.000002 -0.000004 -0.040329 -0.038220 1.337284
 35 26.336975 0.000000 0.000004 -0.441011 -0.064861 0.350825
time 58
  0 0.000000 0.000000 0.000000 0.000000 -0.000000 -1.570796
  1 0.000000 0.000000 0.000000 0.000000 -0.000000 0.000000
  2 0.000000 -6.279813 32.680176 -1.571563 -0.222109 1.571563
  3 4.222169 -0.467508 0.000000 0.017622 -0.001150 -0.360374
  4 4.476987 -0.000002 -0.000000 0.003966 -0.017765 -0.344491
  5 4.477083 0.000000 0.000002 -0.012330 0.027206 -0.035801
  6 4.477077 -0.000004 -0.000002 -0.011870 -0.013057 0.133739
  7 5.413502 -7.700466 -0.000000 0.000000 0.000000 -0.638672
  8 6.890240 0.000002 -0.000000 0.000000 0.000000 0.565214
  9 8.011925 0.000004 0.000005 0.000000 0.000000 0.342056
 10 7.210720 -0.000002 -0.000000 0.000000 0.000000 0.541870
 11 8.581028 -0.304903 -0.000000 0.001221 0.001823 0.557028
 12 22.523008 2.194031 6.355708 0.000000 0.082093 0.000000
 13 22.523005 2.194038 -6.355709 0.000000 -0.241146 0.000000
 14 -3.006533 7.804720 -11.355459 0.269801 0.134445 2.050014
 15 10.384675 0.000008 0.000005 0.072708 0.186629 -1.437494
 16 22.550743 -0.000006 -0.000004 0.116197 0.014024 1.528015
 17 30.814247 -0.000015 -0.000004 2.571543 0.069503 0.297273
 18 -3.009890 7.807681 11.355459 -0.271557 -0.133587 2.049521
 19 10.382345 -0.000002 0.000007 -0.072697 -0.186651 -1.437497
 20 22.550726 -0.000027 -0.000013 -0.115960 -0.014233 1.528050
 21 30.814270 -0.000023 0.000002 -2.570240 -0.068873 0.288611
 22 -4.250660 -0.770624 0.000001 0.000000 0.000000 -2.956380
 23 10.363422 0.000000 0.000000 0.000000 -0.000008 0.012550
 24 10.363076 0.000000 -0.000000 0.000000 0.000009 -0.025552
 25 10.363081 -0.000004 -0.000002 -0.000009 -0.000015 0.028384
 26 8.210358 -0.000006 -7.786025 0.000000 0.000000 -0.000000
 27 8.210346 -0.000002 7.704017 0.000000 0.000000 -0.000000
 28 1.292324 3.337230 -13.762345 2.502236 -0.014254 1.608768
 29 8.952591 -0.000004 0.000004 -0.007002 0.084024 -1.986408
 30 24.248093 0.000001 0.000007 0.045776 0.038766 1.483404
 31 26.336971 0.000019 0.000002 0.459440 0.098288 0.313789
 32 0.882161 0.524652 14.051412 -2.507602 0.025884 1.570107
 33 8.952590 -0.000008 0.000004 0.002253 -0.086514 -1.930830
 34 24.248116 0.000002 -0.000004 -0.043866 -0.038819 1.432737
 35 26.336975 0.000000 0.000004 -0.453362 -0.101529 0.276166
time 59
  0 0.000000 0.000000 0.000000 0.000000 -0.000000 -1.570796
  1 0.000000 0.000000 0.000000 0.000000 -0.000000 0.000000
  2 0.000000 -9.803358 32.145004 -1.571564 -0.289602 1.571564
  3 4.222169 -0.467508 0.000000 0.017191 -0.001131 -0.357844
  4 4.476987 -0.000002 -0.000000 0.004301 -0.017572 -0.334835
  5 4.477083 0.000000 0.000002 -0.011959 0.027400 -0.024344
  6 4.477077 -0.000004 -0.000002 -0.012062 -0.013038 0.134611
  7 5.413502 -7.700466 -0.000000 0.000000 0.000000 -0.615772
  8 6.890240 0.000002 -0.000000 0.000000 0.000000 0.369502
  9 8.011925 0.000004 0.000005 0.000000 0.000000 0.129783
 10 7.210720 -0.000002 -0.000000 0.000000 0.000000 0.642971
 11 8.581028 -0.304903 -0.000000 0.001152 0.001789 0.807355
 12 22.523008 2.194031 6.355708 0.000000 0.081482 0.000000
 13 22.523005 2.194038 -6.355709 0.000000 -0.241539 0.000000
 14 -3.006533 7.804720 -11.355459 0.258515 0.133173 2.028313
 15 10.384675 0.000008 0.000005 0.100124 0.178185 -1.273263
 16 22.550743 -0.000006 -0.000004 0.112599 0.013565 1.366695
 17 30.814247 -0.000015 -0.000004 2.589364 0.106681 0.364348
 18 -3.009890 7.807681 11.355459 -0.260305 -0.132615 2.027576
 19 10.382345 -0.000002 0.000007 -0.100133 -0.178180 -1.273282
 20 22.550726 -0.000027 -0.000013 -0.112119 -0.013958 1.366691
 21 30.814270 -0.000023 0.000002 -2.588025 -0.101928 0.352371
 22 -4.250660 -0.770624 0.000001 0.000000 0.000000 -2.964471
 23 10.363422 0.000000 0.000000 0.000000 -0.000008 0.007621
 24 10.363076 0.000000 -0.000000 0.000000 0.000009 -0.017989
 25 10.363081 -0.000004 -0.000002 -0.000009 -0.000015 0.058855
 26 8.210358 -0.000006 -7.786025 0.000000 0.000000 -0.000000
 27 8.210346 -0.000002 7.704017 0.000000 0.000000 -0.000000
 28 1.292324 3.337230 -13.762345 2.487021 0.003263 1.634617
 29 8.952591 -0.000004 0.000004 -0.012575 0.080857 -2.054055
 30 24.248093 0.000001 0.000007 0.050521 0.039129 1.606187
 31 26.336971 0.000019 0.000002 0.469924 0.137338 0.243486
 32 0.882161 0.524652 14.051412 -2.490079 0.018332 1.576268
 33 8.952590 -0.000008 0.000004 0.011003 -0.081838 -2.030580
 34 24.248116 0.000002 -0.000004 -0.047921 -0.039142 1.539919
 35 26.336975 0.000000 0.000004 -0.462753 -0.141113 0.200773
time 60
  0 0.000000 0.000000 0.000000 0.000000 -0.000000 -1.570796
  1 0.000000 0.000000 0.000000 0.000000 -0.000000 0.000000
  2 0.000000 -12.506565 31.219196 -1.571372 -0.353146 1.571372
  3 4.222169 -0.467508 0.000000 0.016783 -0.001205 -0.355437
  4 4.476987 -0.000002 -0.000000 0.004888 -0.017272 -0.316588
  5 4.477083 0.000000 0.000002 -0.011120 0.027723 -0.008974
  6 4.477077 -0.000004 -0.000002 -0.012229 -0.013038 0.132727
  7 5.413502 -7.700466 -0.000000 0.000000 0.000000 -0.595827
  8 6.890240 0.000002 -0.000000 0.000000 0.000000 0.159339
  9 8.011925 0.000004 0.000005 0.000000 0.000000 -0.081530
 10 7.210720 -0.000002 -0.000000 0.000000 0.000000 0.709961
 11 8.581028 -0.304903 -0.000000 0.001061 0.001789 1.056349
 12 22.523008 2.194031 6.355708 0.000000 0.080871 0.000000
 13 22.523005 2.194038 -6.355709 0.000000 -0.242114 0.000000
 14 -3.006533 7.804720 -11.355459 0.246523 0.132502 2.003110
 15 10.384675 0.000008 0.000005 0.120406 0.168553 -1.144690
 16 22.550743 -0.000006 -0.000004 0.109432 0.013421 1.235157
 17 30.814247 -0.000015 -0.000004 2.609675 0.140537 0.430349
 18 -3.009890 7.807681 11.355459 -0.248341 -0.132204 2.002211
 19 10.382345 -0.000002 0.000007 -0.120356 -0.168578 -1.144671
 20 22.550726 -0.000027 -0.000013 -0.109403 -0.013408 1.235173
 21 30.814270 -0.000023 0.000002 -2.608793 -0.132781 0.418613
 22 -4.250660 -0.770624 0.000001 0.000000 0.000000 -2.973433
 23 10.363422 0.000000 0.000000 0.000000 -0.000008 -0.000345
 24 10.363076 0.000000 -0.000000 0.000000 0.000009 -0.009653
 25 10.363081 -0.000004 -0.000002 -0.000009 -0.000015 0.077541
 26 8.210358 -0.000006 -7.786025 0.000000 0.000000 -0.000000
 27 8.210346 -0.000002 7.704017 0.000000 0.000000 -0.000000
 28 1.292324 3.337230 -13.762345 2.473829 0.022902 1.663871
 29 8.952591 -0.000004 0.000004 -0.017502 0.077547 -2.117056
 30 24.248093 0.000001 0.000007 0.054266 0.038846 1.702034
 31 26.336971 0.000019 0.000002 0.477798 0.177045 0.177436
 32 0.882161 0.524652 14.051412 -2.475291 0.003638 1.596817
 33 8.952590 -0.000008 0.000004 0.015988 -0.078721 -2.093519
 34 24.248116 0.000002 -0.000004 -0.052027 -0.039035 1.647963
 35 26.336975 0.000000 0.000004 -0.469229 -0.181192 0.128149
time 61
  0 0.000000 0.000000 0.000000 0.000000 -0.000000 -1.570796
  1 0.000000 0.000000 0.000000 0.000000 -0.000000 0.000000
  2 0.000000 -13.588629 29.605865 -1.571084 -0.382625 1.571084
  3 4.222169 -0.467508 0.000000 0.016304 -0.001280 -0.351204
  4 4.476987 -0.000002 -0.000000 0.005775 -0.016908 -0.289863
  5 4.477083 0.000000 0.000002 -0.010041 0.028030 0.002839
  6 4.477077 -0.000004 -0.000002 -0.012433 -0.013057 0.128257
  7 5.413502 -7.700466 -0.000000 0.000000 0.000000 -0.579678
  8 6.890240 0.000002 -0.000000 0.000000 0.000000 -0.048544
  9 8.011925 0.000004 0.000005 0.000000 0.000000 -0.244355
 10 7.210720 -0.000002 -0.000000 0.000000 0.000000 0.772659
 11 8.581028 -0.304903 -0.000000 0.001221 0.001686 1.247722
 12 22.523008 2.194031 6.355708 0.000000 0.079527 0.000000
 13 22.523005 2.194038 -6.355709 0.000000 -0.240178 0.000000
 14 -3.006533 7.804720 -11.355459 0.222215 0.143773 1.921457
 15 10.384675 0.000008 0.000005 0.119995 0.168808 -1.148300
 16 22.550743 -0.000006 -0.000004 0.109480 0.013306 1.238789
 17 30.814247 -0.000015 -0.000004 2.632301 0.142418 0.468453
 18 -3.009890 7.807681 11.355459 -0.223495 -0.143153 1.920586
 19 10.382345 -0.000002 0.000007 -0.120019 -0.168778 -1.147512
 20 22.550726 -0.000027 -0.000013 -0.109464 -0.013310 1.238771
 21 30.814270 -0.000023 0.000002 -2.629350 -0.134910 0.454370
 22 -4.250660 -0.770624 0.000001 0.000000 0.000000 -2.946598
 23 10.363422 0.000000 0.000000 0.000000 -0.000008 -0.032386
 24 10.363076 0.000000 -0.000000 0.000000 0.000009 -0.034275
 25 10.363081 -0.000004 -0.000002 -0.000009 -0.000015 0.057808
 26 8.210358 -0.000006 -7.786025 0.000000 0.000000 -0.000000
 27 8.210346 -0.000002 7.704017 0.000000 0.000000 -0.000000
 28 1.292324 3.337230 -13.762345 2.462352 0.041677 1.691362
 29 8.952591 -0.000004 0.000004 -0.022149 0.074024 -2.178625
 30 24.248093 0.000001 0.000007 0.057825 0.038221 1.793440
 31 26.336971 0.000019 0.000002 0.488283 0.193626 0.165783
 32 0.882161 0.524652 14.051412 -2.463642 -0.013353 1.622063
 33 8.952590 -0.000008 0.000004 0.020532 -0.075521 -2.152951
 34 24.248116 0.000002 -0.000004 -0.055991 -0.038507 1.752962
 35 26.336975 0.000000 0.000004 -0.478148 -0.199464 0.105938
time 62
  0 0.000000 0.000000 0.000000 0.000000 -0.000000 -1.570796
  1 0.000000 0.000000 0.000000 0.000000 -0.000000 0.000000
  2 0.000000 -12.526096 27.625336 -1.571276 -0.363358 1.571276
  3 4.222169 -0.467508 0.000000 0.013655 -0.000686 -0.306292
  4 4.476987 -0.000002 -0.000000 0.006998 -0.016480 -0.252238
  5 4.477083 0.000000 0.000002 -0.009083 0.028062 0.001712
  6 4.477077 -0.000004 -0.000002 -0.012385 -0.013170 0.110426
  7 5.413502 -7.700466 -0.000000 0.000000 0.000000 -0.567885
  8 6.890240 0.000002 -0.000000 0.000000 0.000000 -0.204648
  9 8.011925 0.000004 0.000005 0.000000 0.000000 -0.313296
 10 7.210720 -0.000002 -0.000000 0.000000 0.000000 0.791834
 11 8.581028 -0.304903 -0.000000 0.001290 0.001635 1.326795
 12 22.523008 2.194031 6.355708 0.000000 0.063945 0.000000
 13 22.523005 2.194038 -6.355709 0.000000 -0.184308 0.000000
 14 -3.006533 7.804720 -11.355459 0.196116 0.154548 1.834654
 15 10.384675 0.000008 0.000005 0.091197 0.181283 -1.327359
 16 22.550743 -0.000006 -0.000004 0.113718 0.013679 1.420872
 17 30.814247 -0.000015 -0.000004 2.650252 0.111446 0.458856
 18 -3.009890 7.807681 11.355459 -0.196868 -0.153504 1.833718
 19 10.382345 -0.000002 0.000007 -0.091167 -0.181303 -1.327325
 20 22.550726 -0.000027 -0.000013 -0.113223 -0.014076 1.420850
 21 30.814270 -0.000023 0.000002 -2.644891 -0.097352 0.448233
 22 -4.250660 -0.770624 0.000001 0.000000 0.000000 -2.895284
 23 10.363422 0.000000 0.000000 0.000000 -0.000008 -0.099813
 24 10.363076 0.000000 -0.000000 0.000000 0.000009 -0.081507
 25 10.363081 -0.000004 -0.000002 -0.000009 -0.000015 -0.009471
 26 8.210358 -0.000006 -7.786025 0.000000 0.000000 -0.000000
 27 8.210346 -0.000002 7.704017 0.000000 0.000000 -0.000000
 28 1.292324 3.337230 -13.762345 2.452062 0.060083 1.718184
 29 8.952591 -0.000004 0.000004 -0.024630 0.072226 -2.205458
 30 24.248093 0.000001 0.000007 0.059233 0.037414 1.837249
 31 26.336971 0.000019 0.000002 0.496462 0.172130 0.213775
 32 0.882161 0.524652 14.051412 -2.454425 -0.029962 1.647050
 33 8.952590 -0.000008 0.000004 0.023212 -0.073684 -2.183337
 34 24.248116 0.000002 -0.000004 -0.057973 -0.038016 1.801247
 35 26.336975 0.000000 0.000004 -0.487840 -0.177377 0.156181
time 63
  0 0.000000 0.000000 0.000000 0.000000 -0.000000 -1.570796
  1 0.000000 0.000000 0.000000 0.000000 -0.000000 0.000000
  2 0.000000 -9.916643 26.148727 -1.571755 -0.274404 1.571755
  3 4.222169 -0.467508 0.000000 0.010599 -0.000241 -0.245540
  4 4.476987 -0.000002 -0.000000 0.008208 -0.015302 -0.164647
  5 4.477083 0.000000 0.000002 -0.008471 0.027739 -0.017689
  6 4.477077 -0.000004 -0.000002 -0.011522 -0.013395 0.078408
  7 5.413502 -7.700466 -0.000000 0.000000 0.000000 -0.559920
  8 6.890240 0.000002 -0.000000 0.000000 0.000000 -0.293824
  9 8.011925 0.000004 0.000005 0.000000 0.000000 -0.313555
 10 7.210720 -0.000002 -0.000000 0.000000 0.000000 0.748470
 11 8.581028 -0.304903 -0.000000 0.001267 0.001652 1.305730
 12 22.523008 2.194031 6.355708 0.000000 0.047814 0.000000
 13 22.523005 2.194038 -6.355709 0.000000 -0.125897 0.000000
 14 -3.006533 7.804720 -11.355459 0.168227 0.185568 1.715781
 15 10.384675 0.000008 0.000005 0.047048 0.190767 -1.586506
 16 22.550743 -0.000006 -0.000004 0.119188 0.014139 1.674263
 17 30.814247 -0.000015 -0.000004 2.656848 0.053045 0.448148
 18 -3.009890 7.807681 11.355459 -0.168000 -0.183696 1.714815
 19 10.382345 -0.000002 0.000007 -0.047148 -0.190738 -1.585591
 20 22.550726 -0.000027 -0.000013 -0.118942 -0.014390 1.673837
 21 30.814270 -0.000023 0.000002 -2.657204 -0.050963 0.440452
 22 -4.250660 -0.770624 0.000001 0.000000 0.000000 -2.850960
 23 10.363422 0.000000 0.000000 -0.000000 -0.000008 -0.170650
 24 10.363076 0.000000 -0.000000 0.000000 0.000009 -0.122339
 25 10.363081 -0.000004 -0.000002 -0.000009 -0.000015 -0.084321
 26 8.210358 -0.000006 -7.786025 0.000000 0.000000 -0.000000
 27 8.210346 -0.000002 7.704017 0.000000 0.000000 -0.000000
 28 1.292324 3.337230 -13.762345 2.454437 0.060157 1.720556
 29 8.952591 -0.000004 0.000004 -0.022638 0.073846 -2.178234
 30 24.248093 0.000001 0.000007 0.058826 0.037979 1.817062
 31 26.336971 0.000019 0.000002 0.499420 0.129244 0.288717
 32 0.882161 0.524652 14.051412 -2.457936 -0.029935 1.649764
 33 8.952590 -0.000008 0.000004 0.021855 -0.074102 -2.170765
 34 24.248116 0.000002 -0.000004 -0.057092 -0.038160 1.781648
 35 26.336975 0.000000 0.000004 -0.491785 -0.134505 0.234683
time 64
  0 0.000000 0.000000 0.000000 0.000000 -0.000000 -1.570796
  1 0.000000 0.000000 0.000000 0.000000 -0.000000 0.000000
  2 0.000000 -6.748577 25.164324 -1.571755 -0.185689 1.571755
  3 4.222169 -0.467508 0.000000 0.007543 -0.000130 -0.169439
  4 4.476987 -0.000002 -0.000000 0.009574 -0.014402 -0.079010
  5 4.477083 0.000000 0.000002 -0.008160 0.027238 -0.047926
  6 4.477077 -0.000004 -0.000002 -0.008646 -0.014542 -0.007010
  7 5.413502 -7.700466 -0.000000 0.000000 0.000000 -0.554755
  8 6.890240 0.000002 -0.000000 0.000000 0.000000 -0.380277
  9 8.011925 0.000004 0.000005 0.000000 0.000000 -0.313555
 10 7.210720 -0.000002 -0.000000 0.000000 0.000000 0.653269
 11 8.581028 -0.304903 -0.000000 0.001244 0.001686 1.264231
 12 22.523008 2.194031 6.355708 0.000000 0.031682 0.000000
 13 22.523005 2.194038 -6.355709 0.000000 -0.071963 0.000000
 14 -3.006533 7.804720 -11.355459 0.135671 0.251318 1.540939
 15 10.384675 0.000008 0.000005 0.005812 0.190491 -1.813773
 16 22.550743 -0.000006 -0.000004 0.124625 0.013249 1.929348
 17 30.814247 -0.000015 -0.000004 2.663575 -0.006046 0.437977
 18 -3.009890 7.807681 11.355459 -0.134449 -0.248528 1.540394
 19 10.382345 -0.000002 0.000007 -0.005894 -0.190472 -1.812894
 20 22.550726 -0.000027 -0.000013 -0.124621 -0.013271 1.928500
 21 30.814270 -0.000023 0.000002 -2.663518 -0.002126 0.448373
 22 -4.250660 -0.770624 0.000001 0.000000 0.000000 -2.814523
 23 10.363422 0.000000 0.000000 0.000000 -0.000008 -0.241796
 24 10.363076 0.000000 -0.000000 0.000000 0.000009 -0.155969
 25 10.363081 -0.000004 -0.000002 -0.000009 -0.000015 -0.154071
 26 8.210358 -0.000006 -7.786025 0.000000 0.000000 -0.000000
 27 8.210346 -0.000002 7.704017 0.000000 0.000000 -0.000000
 28 1.292324 3.337230 -13.762345 2.463055 0.050584 1.709669
 29 8.952591 -0.000004 0.000004 -0.020420 0.075536 -2.149056
 30 24.248093 0.000001 0.000007 0.056231 0.038342 1.751171
 31 26.336971 0.000019 0.000002 0.498028 0.084754 0.363990
 32 0.882161 0.524652 14.051412 -2.467289 -0.021452 1.640933
 33 8.952590 -0.000008 0.000004 0.019210 -0.076384 -2.134783
 34 24.248116 0.000002 -0.000004 -0.054683 -0.038783 1.711531
 35 26.336975 0.000000 0.000004 -0.491013 -0.089865 0.313467
time 65
  0 0.000000 0.000000 0.000000 0.000000 -0.000000 -1.570796
  1 0.000000 0.000000 0.000000 0.000000 -0.000000 0.000000
  2 0.000000 -4.088340 24.625244 -1.571851 -0.102759 1.571851
  3 4.222169 -0.467508 0.000000 0.004715 0.000018 -0.095209
  4 4.476987 -0.000002 -0.000000 0.011060 -0.014017 0.002987
  5 4.477083 0.000000 0.000002 -0.008004 0.026576 -0.085158
  6 4.477077 -0.000004 -0.000002 -0.006369 -0.015256 -0.075935
  7 5.413502 -7.700466 -0.000000 0.000000 0.000000 -0.551457
  8 6.890240 0.000002 -0.000000 0.000000 0.000000 -0.408808
  9 8.011925 0.000004 0.000005 0.000000 0.000000 -0.313555
 10 7.210720 -0.000002 -0.000000 0.000000 0.000000 0.557183
 11 8.581028 -0.304903 -0.000000 0.001198 0.001703 1.222171
 12 22.523008 2.194031 6.355708 0.000000 0.015581 0.000000
 13 22.523005 2.194038 -6.355709 0.000000 -0.027920 0.000000
 14 -3.006533 7.804720 -11.355459 0.091178 0.311132 1.360122
 15 10.384675 0.000008 0.000005 -0.022575 0.186078 -1.967450
 16 22.550743 -0.000006 -0.000004 0.128799 0.012417 2.113973
 17 30.814247 -0.000015 -0.000004 2.663837 -0.045889 0.469420
 18 -3.009890 7.807681 11.355459 -0.089035 -0.307419 1.359931
 19 10.382345 -0.000002 0.000007 0.022486 -0.186120 -1.966613
 20 22.550726 -0.000027 -0.000013 -0.128788 -0.012505 2.112440
 21 30.814270 -0.000023 0.000002 -2.664781 0.044043 0.471579
 22 -4.250660 -0.770624 0.000001 0.000000 0.000000 -2.786075
 23 10.363422 0.000000 0.000000 0.000000 -0.000008 -0.310675
 24 10.363076 0.000000 -0.000000 0.000000 0.000009 -0.182295
 25 10.363081 -0.000004 -0.000002 -0.000009 -0.000015 -0.206369
 26 8.210358 -0.000006 -7.786025 0.000000 0.000000 -0.000000
 27 8.210346 -0.000002 7.704017 0.000000 0.000000 -0.000000
 28 1.292324 3.337230 -13.762345 2.473081 0.038692 1.694890
 29 8.952591 -0.000004 0.000004 -0.018148 0.077173 -2.119792
 30 24.248093 0.000001 0.000007 0.053561 0.038544 1.684392
 31 26.336971 0.000019 0.000002 0.492459 0.040974 0.436060
 32 0.882161 0.524652 14.051412 -2.477823 -0.010863 1.628655
 33 8.952590 -0.000008 0.000004 0.016463 -0.078638 -2.098052
 34 24.248116 0.000002 -0.000004 -0.052196 -0.039238 1.640398
 35 26.336975 0.000000 0.000004 -0.485953 -0.046155 0.389199
end
