version 1
nodes
  0 "Chaurus" -1
  1 "NPC Root [Root]" 0
  2 "Pelvis [Pelv]" 1
  3 "Spine[Spn0]" 2
  4 "Spine[Spn1]" 3
  5 "Spine[Spn2]" 4
  6 "Ribcage[Spn3]" 5
  7 "[Neck0]" 6
  8 "[Neck1]" 7
  9 "[Neck2]" 8
 10 "[Neck3]" 9
 11 "NPC Head [Head]" 10
 12 "Head[LeftPincher]" 11
 13 "Head[RightPincher]" 11
 14 "R UpperArm[RClv]" 6
 15 "R UpperArm[RUar]" 14
 16 "R UpperArm[RLar]" 15
 17 "R UpperArm[RHnd]" 16
 18 "L UpperArm[RClv]" 6
 19 "L UpperArm[LUar]" 18
 20 "L UpperArm[LLar]" 19
 21 "L UpperArm[LHnd]" 20
 22 "Tail[Tal0]" 2
 23 "Tail[Tal1]" 22
 24 "Tail[Tal2]" 23
 25 "Tail[Tal3]" 24
 26 "[TalRightPincher]" 25
 27 "[TalLeftPincher]" 25
 28 "R Leg[RThg0]" 2
 29 "R Leg[RThg1]" 28
 30 "R Leg[RClf]" 29
 31 "R Leg[RAnkle]" 30
 32 "LLeg[RThg0]" 2
 33 "LLeg[LThg1]" 32
 34 "LLeg[LClf]" 33
 35 "LLeg[LAnkle]" 34
end
skeleton
time 0
  0 0.000000 0.000000 0.000000 0.000000 -0.000000 -1.570796
  1 0.000000 0.000000 0.000000 0.000000 -0.000000 0.000000
  2 0.000000 -2.951586 28.070662 -1.570317 0.018466 1.571276
  3 4.222169 -0.467508 0.000000 -0.002069 -0.000668 0.022109
  4 4.476987 -0.000002 -0.000000 0.015327 -0.013331 0.198502
  5 4.477083 0.000000 0.000002 -0.004421 0.028191 -0.067787
  6 4.477077 -0.000004 -0.000002 -0.006429 -0.015726 -0.152773
  7 5.413502 -7.700466 -0.000000 -0.000239 -0.086655 0.165468
  8 6.890240 0.000002 -0.000000 0.000324 -0.121838 -0.244256
  9 8.011925 0.000004 0.000005 0.000039 -0.104065 -0.173857
 10 7.210720 -0.000002 -0.000000 0.000357 -0.043272 -0.305234
 11 8.581028 -0.304903 -0.000000 0.001910 0.159107 0.588012
 12 22.523008 2.194031 6.355708 0.000000 -0.000000 0.000000
 13 22.523005 2.194038 -6.355709 0.000000 -0.000000 0.000000
 14 -3.006533 7.804720 -11.355459 0.266220 0.173203 0.883530
 15 10.384675 0.000008 0.000005 0.007194 0.190979 -1.803998
 16 22.550743 -0.000006 -0.000004 0.124929 0.013450 1.916636
 17 30.814247 -0.000015 -0.000004 2.610679 0.205584 0.551823
 18 -3.013796 7.815494 11.355459 -0.229758 -0.191207 0.890306
 19 10.374533 -0.000002 0.000007 -0.007242 -0.190970 -1.803152
 20 22.550726 -0.000027 -0.000013 -0.124927 -0.013467 1.915782
 21 30.814270 -0.000023 0.000002 -2.628227 -0.168650 0.558069
 22 -4.250660 -0.770624 0.000001 0.000000 0.000000 2.933269
 23 10.363422 0.000000 0.000000 0.000000 -0.000008 -0.331735
 24 10.363076 0.000000 -0.000000 0.000000 0.000009 0.182630
 25 10.363081 -0.000004 -0.000002 -0.000009 -0.000015 0.462128
 26 8.210358 -0.000006 -7.786025 0.000000 0.000000 0.000408
 27 8.210346 -0.000002 7.704017 0.000000 0.000000 0.000407
 28 1.854841 1.227791 -13.762345 2.679713 0.172883 2.188569
 29 10.456543 -0.000004 0.000004 0.088524 0.076123 -0.941436
 30 24.248093 0.000001 0.000007 0.020567 0.025529 0.713137
 31 26.336971 0.000019 0.000002 0.333323 -0.046402 0.860141
 32 1.854847 1.227798 13.762341 -2.680368 -0.173230 2.188581
 33 10.456542 -0.000008 0.000004 -0.088026 -0.076940 -0.946107
 34 24.248116 0.000002 -0.000004 -0.020613 -0.025492 0.716129
 35 26.336975 0.000000 0.000004 -0.331874 0.048957 0.869704
time 1
  0 0.000000 0.000000 0.000000 0.000000 -0.000000 -1.570796
  1 0.000000 0.000000 0.000000 0.000000 -0.000000 0.000000
  2 0.000000 -2.951586 28.070662 -1.570317 0.018466 1.571276
  3 4.222169 -0.467508 0.000000 -0.002069 -0.000668 0.022109
  4 4.476987 -0.000002 -0.000000 0.015327 -0.013331 0.198502
  5 4.477083 0.000000 0.000002 -0.004421 0.028191 -0.067787
  6 4.477077 -0.000004 -0.000002 -0.006429 -0.015726 -0.152773
  7 5.413502 -7.700466 -0.000000 -0.000239 -0.086655 0.165468
  8 6.890240 0.000002 -0.000000 0.000324 -0.121838 -0.244256
  9 8.011925 0.000004 0.000005 0.000039 -0.104065 -0.173857
 10 7.210720 -0.000002 -0.000000 0.000357 -0.043272 -0.305234
 11 8.581028 -0.304903 -0.000000 0.001910 0.159107 0.588012
 12 22.523008 2.194031 6.355708 0.000000 -0.000000 0.000000
 13 22.523005 2.194038 -6.355709 0.000000 -0.000000 0.000000
 14 -3.006533 7.804720 -11.355459 0.266220 0.173203 0.883530
 15 10.384675 0.000008 0.000005 0.007194 0.190979 -1.803998
 16 22.550743 -0.000006 -0.000004 0.124929 0.013450 1.916636
 17 30.814247 -0.000015 -0.000004 2.610679 0.205584 0.551823
 18 -3.013796 7.815494 11.355459 -0.229758 -0.191207 0.890306
 19 10.374533 -0.000002 0.000007 -0.007242 -0.190970 -1.803152
 20 22.550726 -0.000027 -0.000013 -0.124927 -0.013467 1.915782
 21 30.814270 -0.000023 0.000002 -2.628227 -0.168650 0.558069
 22 -4.250660 -0.770624 0.000001 0.000000 0.000000 2.933269
 23 10.363422 0.000000 0.000000 0.000000 -0.000008 -0.331735
 24 10.363076 0.000000 -0.000000 0.000000 0.000009 0.182630
 25 10.363081 -0.000004 -0.000002 -0.000009 -0.000015 0.462128
 26 8.210358 -0.000006 -7.786025 0.000000 0.000000 0.000408
 27 8.210346 -0.000002 7.704017 0.000000 0.000000 0.000407
 28 1.854841 1.227791 -13.762345 2.679713 0.172883 2.188569
 29 10.456543 -0.000004 0.000004 0.088524 0.076123 -0.941436
 30 24.248093 0.000001 0.000007 0.020567 0.025529 0.713137
 31 26.336971 0.000019 0.000002 0.333323 -0.046402 0.860141
 32 1.854847 1.227798 13.762341 -2.680368 -0.173230 2.188581
 33 10.456542 -0.000008 0.000004 -0.088026 -0.076940 -0.946107
 34 24.248116 0.000002 -0.000004 -0.020613 -0.025492 0.716129
 35 26.336975 0.000000 0.000004 -0.331874 0.048957 0.869704
time 2
  0 0.000000 0.000000 0.000000 0.000000 -0.000000 -1.570796
  1 0.000000 0.000000 0.000000 0.000000 -0.000000 0.000000
  2 0.003906 -2.947680 28.051130 -1.570317 0.018307 1.571468
  3 4.222169 -0.467508 0.000000 -0.001853 -0.000575 0.020989
  4 4.476987 -0.000002 -0.000000 0.016046 -0.014188 0.196992
  5 4.477083 0.000000 0.000002 -0.004528 0.028692 -0.067609
  6 4.477077 -0.000004 -0.000002 -0.006153 -0.016195 -0.152570
  7 5.413502 -7.700466 -0.000000 -0.000412 -0.086536 0.137526
  8 6.890240 0.000002 -0.000000 0.000587 -0.118557 -0.155872
  9 8.011925 0.000004 0.000005 0.000157 -0.103154 -0.146188
 10 7.210720 -0.000002 -0.000000 0.000302 -0.043096 -0.317275
 11 8.581028 -0.304903 -0.000000 0.001497 0.157434 0.567052
 12 22.523008 2.194031 6.355708 0.000000 -0.000000 0.000000
 13 22.523005 2.194038 -6.355709 0.000000 -0.000000 0.000000
 14 -3.006533 7.804720 -11.355459 0.267413 0.173238 0.885796
 15 10.384675 0.000008 0.000005 0.006559 0.188348 -1.804553
 16 22.550743 -0.000006 -0.000004 0.125089 0.013421 1.918270
 17 30.814247 -0.000015 -0.000004 2.611422 0.204455 0.552396
 18 -3.013796 7.815494 11.355459 -0.229197 -0.191356 0.892415
 19 10.374533 -0.000002 0.000007 -0.007848 -0.191236 -1.803442
 20 22.550726 -0.000027 -0.000013 -0.124927 -0.013722 1.917519
 21 30.814270 -0.000023 0.000002 -2.629069 -0.166595 0.558488
 22 -4.250660 -0.770624 0.000001 0.000000 0.000000 2.932961
 23 10.363422 0.000000 0.000000 0.000000 -0.000008 -0.326937
 24 10.363076 0.000000 -0.000000 0.000000 0.000009 0.173829
 25 10.363081 -0.000004 -0.000002 -0.000009 -0.000015 0.457564
 26 8.210358 -0.000006 -7.786025 0.000000 0.000000 0.000408
 27 8.210346 -0.000002 7.704017 0.000000 0.000000 0.000407
 28 1.854841 1.227791 -13.762345 2.679845 0.173155 2.189238
 29 10.456543 -0.000004 0.000004 0.088454 0.076230 -0.942608
 30 24.248093 0.000001 0.000007 0.020604 0.025529 0.714380
 31 26.336971 0.000019 0.000002 0.332714 -0.046323 0.860362
 32 1.854847 1.227798 13.762341 -2.680537 -0.173366 2.189270
 33 10.456542 -0.000008 0.000004 -0.087856 -0.077080 -0.948393
 34 24.248116 0.000002 -0.000004 -0.020639 -0.025540 0.717043
 35 26.336975 0.000000 0.000004 -0.331788 0.048491 0.870156
time 3
  0 0.000000 0.000000 0.000000 0.000000 -0.000000 -1.570796
  1 0.000000 0.000000 0.000000 0.000000 -0.000000 0.000000
  2 0.015625 -2.928148 27.992535 -1.570413 0.017350 1.571755
  3 4.222169 -0.467508 0.000000 -0.001661 -0.000760 0.019226
  4 4.476987 -0.000002 -0.000000 0.016489 -0.015002 0.193774
  5 4.477083 0.000000 0.000002 -0.004684 0.029273 -0.068409
  6 4.477077 -0.000004 -0.000002 -0.005962 -0.016233 -0.151963
  7 5.413502 -7.700466 -0.000000 -0.000053 -0.083308 0.050715
  8 6.890240 0.000002 -0.000000 0.001079 -0.111839 0.001443
  9 8.011925 0.000004 0.000005 0.000183 -0.101636 -0.108057
 10 7.210720 -0.000002 -0.000000 0.000137 -0.042531 -0.346050
 11 8.581028 -0.304903 -0.000000 0.001152 0.155317 0.549843
 12 22.523008 2.194031 6.355708 0.000000 -0.000000 0.000000
 13 22.523005 2.194038 -6.355709 0.000000 -0.000000 0.000000
 14 -3.006533 7.804720 -11.355459 0.271103 0.174298 0.893007
 15 10.384675 0.000008 0.000005 0.006409 0.181283 -1.807108
 16 22.550743 -0.000006 -0.000004 0.125249 0.013421 1.921781
 17 30.814247 -0.000015 -0.000004 2.612601 0.200537 0.552360
 18 -3.013796 7.815494 11.355459 -0.222528 -0.195803 0.899711
 19 10.374533 -0.000002 0.000007 -0.008860 -0.192399 -1.804660
 20 22.550726 -0.000027 -0.000013 -0.125070 -0.014292 1.921676
 21 30.814270 -0.000023 0.000002 -2.631701 -0.159597 0.558488
 22 -4.250660 -0.770624 0.000001 0.000000 0.000000 2.935061
 23 10.363422 0.000000 0.000000 0.000000 -0.000008 -0.313888
 24 10.363076 0.000000 -0.000000 0.000000 0.000009 0.161286
 25 10.363081 -0.000004 -0.000002 -0.000009 -0.000015 0.447738
 26 8.210358 -0.000006 -7.786025 0.000000 0.000000 0.000645
 27 8.210346 -0.000002 7.704017 0.000000 0.000000 0.000644
 28 1.854841 1.227791 -13.762345 2.680460 0.173476 2.191367
 29 10.456543 -0.000004 0.000004 0.088332 0.076355 -0.944258
 30 24.248093 0.000001 0.000007 0.020641 0.025590 0.716689
 31 26.336971 0.000019 0.000002 0.331844 -0.046034 0.861025
 32 1.854847 1.227798 13.762341 -2.681043 -0.173804 2.191252
 33 10.456542 -0.000008 0.000004 -0.087687 -0.077191 -0.950679
 34 24.248116 0.000002 -0.000004 -0.020678 -0.025588 0.717855
 35 26.336975 0.000000 0.000004 -0.331617 0.047871 0.871287
time 4
  0 0.000000 0.000000 0.000000 0.000000 -0.000000 -1.570796
  1 0.000000 0.000000 0.000000 0.000000 -0.000000 0.000000
  2 0.035157 -2.900804 27.894875 -1.570605 0.015554 1.572331
  3 4.222169 -0.467508 0.000000 -0.001493 -0.001205 0.016865
  4 4.476987 -0.000002 -0.000000 0.016669 -0.015816 0.189001
  5 4.477083 0.000000 0.000002 -0.004900 0.029887 -0.070128
  6 4.477077 -0.000004 -0.000002 -0.005806 -0.015857 -0.151013
  7 5.413502 -7.700466 -0.000000 0.000146 -0.079570 -0.035879
  8 6.890240 0.000002 -0.000000 0.001642 -0.102899 0.185240
  9 8.011925 0.000004 0.000005 0.000000 -0.098904 -0.055936
 10 7.210720 -0.000002 -0.000000 -0.000055 -0.041595 -0.380403
 11 8.581028 -0.304903 -0.000000 0.000831 0.152705 0.536384
 12 22.523008 2.194031 6.355708 0.000000 -0.000000 0.000000
 13 22.523005 2.194038 -6.355709 0.000000 -0.000000 0.000000
 14 -3.006533 7.804720 -11.355459 0.277180 0.176276 0.904750
 15 10.384675 0.000008 0.000005 0.006708 0.170123 -1.811496
 16 22.550743 -0.000006 -0.000004 0.125393 0.013364 1.927048
 17 30.814247 -0.000015 -0.000004 2.614217 0.194079 0.551751
 18 -3.013796 7.815494 11.355459 -0.210920 -0.203725 0.911681
 19 10.374533 -0.000002 0.000007 -0.010208 -0.194459 -1.806689
 20 22.550726 -0.000027 -0.000013 -0.125356 -0.015136 1.927879
 21 30.814270 -0.000023 0.000002 -2.635700 -0.148464 0.558014
 22 -4.250660 -0.770624 0.000001 0.000000 0.000000 2.939235
 23 10.363422 0.000000 0.000000 0.000000 -0.000008 -0.293554
 24 10.363076 0.000000 -0.000000 0.000000 0.000009 0.144922
 25 10.363081 -0.000004 -0.000002 -0.000009 -0.000015 0.432838
 26 8.210358 -0.000006 -7.786025 0.000000 0.000000 0.000747
 27 8.210346 -0.000002 7.704017 0.000000 0.000000 0.000746
 28 1.854841 1.227791 -13.762345 2.681647 0.173870 2.194834
 29 10.456543 -0.000004 0.000004 0.088175 0.076515 -0.946429
 30 24.248093 0.000001 0.000007 0.020716 0.025650 0.720004
 31 26.336971 0.000019 0.000002 0.330756 -0.045561 0.862184
 32 1.854847 1.227798 13.762341 -2.681854 -0.174516 2.194569
 33 10.456542 -0.000008 0.000004 -0.087517 -0.077330 -0.952925
 34 24.248116 0.000002 -0.000004 -0.020704 -0.025636 0.718718
 35 26.336975 0.000000 0.000004 -0.331360 0.047095 0.872925
time 5
  0 0.000000 0.000000 0.000000 0.000000 -0.000000 -1.570796
  1 0.000000 0.000000 0.000000 0.000000 -0.000000 0.000000
  2 0.058596 -2.861740 27.769871 -1.570797 0.012842 1.572906
  3 4.222169 -0.467508 0.000000 -0.001349 -0.001836 0.013967
  4 4.476987 -0.000002 -0.000000 0.016609 -0.016608 0.182786
  5 4.477083 0.000000 0.000002 -0.005152 0.030533 -0.072707
  6 4.477077 -0.000004 -0.000002 -0.005710 -0.015162 -0.149751
  7 5.413502 -7.700466 -0.000000 0.000133 -0.075373 -0.122036
  8 6.890240 0.000002 -0.000000 0.004087 -0.094260 0.370363
  9 8.011925 0.000004 0.000005 -0.000039 -0.094974 0.009240
 10 7.210720 -0.000002 -0.000000 -0.000329 -0.040289 -0.409125
 11 8.581028 -0.304903 -0.000000 0.000509 0.149598 0.526640
 12 22.523008 2.194031 6.355708 0.000000 -0.000000 0.000000
 13 22.523005 2.194038 -6.355709 0.000000 -0.000000 0.000000
 14 -3.006533 7.804720 -11.355459 0.285428 0.179067 0.920957
 15 10.384675 0.000008 0.000005 0.007530 0.155123 -1.817439
 16 22.550743 -0.000006 -0.000004 0.125505 0.013335 1.933827
 17 30.814247 -0.000015 -0.000004 2.616183 0.185270 0.550605
 18 -3.013796 7.815494 11.355459 -0.195391 -0.214337 0.927926
 19 10.374533 -0.000002 0.000007 -0.011960 -0.197349 -1.809473
 20 22.550726 -0.000027 -0.000013 -0.125744 -0.016255 1.935882
 21 30.814270 -0.000023 0.000002 -2.640751 -0.134004 0.556954
 22 -4.250660 -0.770624 0.000001 0.000000 0.000000 2.945227
 23 10.363422 0.000000 0.000000 0.000000 -0.000008 -0.266949
 24 10.363076 0.000000 -0.000000 0.000000 0.000009 0.126520
 25 10.363081 -0.000004 -0.000002 -0.000009 -0.000015 0.413105
 26 8.210358 -0.000006 -7.786025 0.000000 0.000000 0.000713
 27 8.210346 -0.000002 7.704017 0.000000 0.000000 0.000712
 28 1.854841 1.227791 -13.762345 2.683319 0.174388 2.199578
 29 10.456543 -0.000004 0.000004 0.087982 0.076693 -0.949034
 30 24.248093 0.000001 0.000007 0.020827 0.025751 0.724267
 31 26.336971 0.000019 0.000002 0.329407 -0.044878 0.863731
 32 1.854847 1.227798 13.762341 -2.683035 -0.175473 2.199136
 33 10.456542 -0.000008 0.000004 -0.087348 -0.077441 -0.955250
 34 24.248116 0.000002 -0.000004 -0.020730 -0.025672 0.719531
 35 26.336975 0.000000 0.000004 -0.330974 0.046165 0.875073
time 6
  0 0.000000 0.000000 0.000000 0.000000 -0.000000 -1.570796
  1 0.000000 0.000000 0.000000 0.000000 -0.000000 0.000000
  2 0.089846 -2.818770 27.613617 -1.570988 0.009292 1.573577
  3 4.222169 -0.467508 0.000000 -0.001206 -0.002670 0.010578
  4 4.476987 -0.000002 -0.000000 0.016370 -0.017358 0.175261
  5 4.477083 0.000000 0.000002 -0.005463 0.031212 -0.076042
  6 4.477077 -0.000004 -0.000002 -0.005650 -0.014185 -0.148241
  7 5.413502 -7.700466 -0.000000 -0.000159 -0.070802 -0.207727
  8 6.890240 0.000002 -0.000000 0.006723 -0.086549 0.442248
  9 8.011925 0.000004 0.000005 0.000301 -0.090389 0.081789
 10 7.210720 -0.000002 -0.000000 -0.000576 -0.038611 -0.420602
 11 8.581028 -0.304903 -0.000000 0.000119 0.145928 0.520611
 12 22.523008 2.194031 6.355708 0.000000 -0.000000 0.000000
 13 22.523005 2.194038 -6.355709 0.000000 -0.000000 0.000000
 14 -3.006533 7.804720 -11.355459 0.295846 0.182565 0.941147
 15 10.384675 0.000008 0.000005 0.008875 0.136664 -1.824714
 16 22.550743 -0.000006 -0.000004 0.125601 0.013278 1.941878
 17 30.814247 -0.000015 -0.000004 2.618498 0.174393 0.548851
 18 -3.013796 7.815494 11.355459 -0.177114 -0.226893 0.947990
 19 10.374533 -0.000002 0.000007 -0.014050 -0.201103 -1.812778
 20 22.550726 -0.000027 -0.000013 -0.126235 -0.017609 1.945436
 21 30.814270 -0.000023 0.000002 -2.646610 -0.117049 0.555225
 22 -4.250660 -0.770624 0.000001 0.000000 0.000000 2.952703
 23 10.363422 0.000000 0.000000 -0.000000 -0.000008 -0.234996
 24 10.363076 0.000000 -0.000000 0.000000 0.000009 0.107962
 25 10.363081 -0.000004 -0.000002 -0.000009 -0.000015 0.388701
 26 8.210358 -0.000006 -7.786025 0.000000 0.000000 0.000611
 27 8.210346 -0.000002 7.704017 0.000000 0.000000 0.000610
 28 1.854841 1.227791 -13.762345 2.685473 0.174956 2.205660
 29 10.456543 -0.000004 0.000004 0.087738 0.076888 -0.952117
 30 24.248093 0.000001 0.000007 0.020938 0.025892 0.729358
 31 26.336971 0.000019 0.000002 0.327841 -0.043958 0.865608
 32 1.854847 1.227798 13.762341 -2.684521 -0.176705 2.204908
 33 10.456542 -0.000008 0.000004 -0.087178 -0.077581 -0.957615
 34 24.248116 0.000002 -0.000004 -0.020755 -0.025708 0.720394
 35 26.336975 0.000000 0.000004 -0.330459 0.045017 0.877616
time 7
  0 0.000000 0.000000 0.000000 0.000000 -0.000000 -1.570796
  1 0.000000 0.000000 0.000000 0.000000 -0.000000 0.000000
  2 0.125004 -2.767987 27.430017 -1.571276 0.004784 1.574439
  3 4.222169 -0.467508 0.000000 -0.001074 -0.003634 0.006760
  4 4.476987 -0.000002 -0.000000 0.015938 -0.018108 0.166560
  5 4.477083 0.000000 0.000002 -0.005811 0.031890 -0.080118
  6 4.477077 -0.000004 -0.000002 -0.005614 -0.012963 -0.146497
  7 5.413502 -7.700466 -0.000000 -0.000811 -0.065909 -0.292859
  8 6.890240 0.000002 -0.000000 0.010127 -0.080275 0.442039
  9 8.011925 0.000004 0.000005 0.000851 -0.085229 0.158984
 10 7.210720 -0.000002 -0.000000 -0.000961 -0.036281 -0.373270
 11 8.581028 -0.304903 -0.000000 -0.000317 0.141694 0.518859
 12 22.523008 2.194031 6.355708 0.000000 -0.000000 0.000000
 13 22.523005 2.194038 -6.355709 0.000000 -0.000000 0.000000
 14 -3.006533 7.804720 -11.355459 0.308162 0.186663 0.965320
 15 10.384675 0.000008 0.000005 0.010817 0.115024 -1.833101
 16 22.550743 -0.000006 -0.000004 0.125697 0.013220 1.951019
 17 30.814247 -0.000015 -0.000004 2.621075 0.161665 0.546559
 18 -3.013796 7.815494 11.355459 -0.157054 -0.240681 0.971417
 19 10.374533 -0.000002 0.000007 -0.016477 -0.205655 -1.816605
 20 22.550726 -0.000027 -0.000013 -0.126807 -0.019160 1.956292
 21 30.814270 -0.000023 0.000002 -2.652889 -0.098380 0.552770
 22 -4.250660 -0.770624 0.000001 0.000000 0.000000 2.961384
 23 10.363422 0.000000 0.000000 0.000000 -0.000008 -0.198708
 24 10.363076 0.000000 -0.000000 0.000000 0.000009 0.089276
 25 10.363081 -0.000004 -0.000002 -0.000009 -0.000015 0.359787
 26 8.210358 -0.000006 -7.786025 0.000000 0.000000 0.000408
 27 8.210346 -0.000002 7.704017 0.000000 0.000000 0.000407
 28 1.854841 1.227791 -13.762345 2.688024 0.175647 2.212898
 29 10.456543 -0.000004 0.000004 0.087476 0.077102 -0.955634
 30 24.248093 0.000001 0.000007 0.021086 0.026034 0.735219
 31 26.336971 0.000019 0.000002 0.326101 -0.042802 0.867817
 32 1.854847 1.227798 13.762341 -2.686310 -0.178155 2.211931
 33 10.456542 -0.000008 0.000004 -0.086975 -0.077720 -0.960098
 34 24.248116 0.000002 -0.000004 -0.020781 -0.025744 0.721359
 35 26.336975 0.000000 0.000004 -0.329816 0.043683 0.880612
time 8
  0 0.000000 0.000000 0.000000 0.000000 -0.000000 -1.570796
  1 0.000000 0.000000 0.000000 0.000000 -0.000000 0.000000
  2 0.164068 -2.713298 27.219074 -1.571563 -0.000681 1.575302
  3 4.222169 -0.467508 0.000000 -0.000930 -0.004728 0.002574
  4 4.476987 -0.000002 -0.000000 0.015375 -0.018814 0.156815
  5 4.477083 0.000000 0.000002 -0.006206 0.032585 -0.084817
  6 4.477077 -0.000004 -0.000002 -0.005602 -0.011554 -0.144581
  7 5.413502 -7.700466 -0.000000 -0.001848 -0.060743 -0.377429
  8 6.890240 0.000002 -0.000000 0.013818 -0.075021 0.436198
  9 8.011925 0.000004 0.000005 0.000707 -0.075420 0.280539
 10 7.210720 -0.000002 -0.000000 -0.001482 -0.033227 -0.253638
 11 8.581028 -0.304903 -0.000000 -0.000845 0.136436 0.548721
 12 22.523008 2.194031 6.355708 0.000000 -0.000000 0.000000
 13 22.523005 2.194038 -6.355709 0.000000 -0.000000 0.000000
 14 -3.006533 7.804720 -11.355459 0.322433 0.191186 0.993064
 15 10.384675 0.000008 0.000005 0.013431 0.090561 -1.842376
 16 22.550743 -0.000006 -0.000004 0.125761 0.013163 1.961007
 17 30.814247 -0.000015 -0.000004 2.623914 0.147402 0.543765
 18 -3.013796 7.815494 11.355459 -0.136333 -0.254768 0.997865
 19 10.374533 -0.000002 0.000007 -0.019106 -0.211004 -1.820780
 20 22.550726 -0.000027 -0.000013 -0.127460 -0.020888 1.968142
 21 30.814270 -0.000023 0.000002 -2.659379 -0.078855 0.549507
 22 -4.250660 -0.770624 0.000001 0.000000 0.000000 2.970935
 23 10.363422 0.000000 0.000000 0.000000 -0.000008 -0.159053
 24 10.363076 0.000000 -0.000000 0.000000 0.000009 0.070487
 25 10.363081 -0.000004 -0.000002 -0.000009 -0.000015 0.326576
 26 8.210358 -0.000006 -7.786025 0.000000 0.000000 0.000102
 27 8.210346 -0.000002 7.704017 0.000000 0.000000 0.000102
 28 1.854841 1.227791 -13.762345 2.690970 0.176461 2.221291
 29 10.456543 -0.000004 0.000004 0.087179 0.077333 -0.959585
 30 24.248093 0.000001 0.000007 0.021272 0.026215 0.741790
 31 26.336971 0.000019 0.000002 0.324187 -0.041383 0.870303
 32 1.854847 1.227798 13.762341 -2.688404 -0.179851 2.220073
 33 10.456542 -0.000008 0.000004 -0.086771 -0.077859 -0.962699
 34 24.248116 0.000002 -0.000004 -0.020807 -0.025768 0.722374
 35 26.336975 0.000000 0.000004 -0.329087 0.042070 0.883890
time 9
  0 0.000000 0.000000 0.000000 0.000000 -0.000000 -1.570796
  1 0.000000 0.000000 0.000000 0.000000 -0.000000 0.000000
  2 0.203131 -2.650796 26.988598 -1.571947 -0.007103 1.576165
  3 4.222169 -0.467508 0.000000 -0.000798 -0.005895 -0.001950
  4 4.476987 -0.000002 -0.000000 0.014692 -0.019500 0.146183
  5 4.477083 0.000000 0.000002 -0.006638 0.033263 -0.090108
  6 4.477077 -0.000004 -0.000002 -0.005614 -0.010031 -0.142541
  7 5.413502 -7.700466 -0.000000 -0.003283 -0.055374 -0.460227
  8 6.890240 0.000002 -0.000000 0.017785 -0.070721 0.425726
  9 8.011925 0.000004 0.000005 0.000904 -0.065404 0.398381
 10 7.210720 -0.000002 -0.000000 -0.001839 -0.029855 -0.098956
 11 8.581028 -0.304903 -0.000000 -0.001557 0.131143 0.578408
 12 22.523008 2.194031 6.355708 0.000000 -0.000000 0.000000
 13 22.523005 2.194038 -6.355709 0.000000 -0.000000 0.000000
 14 -3.006533 7.804720 -11.355459 0.338385 0.196026 1.024173
 15 10.384675 0.000008 0.000005 0.016681 0.063616 -1.852373
 16 22.550743 -0.000006 -0.000004 0.125809 0.013077 1.971660
 17 30.814247 -0.000015 -0.000004 2.627015 0.131759 0.540399
 18 -3.013796 7.815494 11.355459 -0.115815 -0.268594 1.027049
 19 10.374533 -0.000002 0.000007 -0.022072 -0.217083 -1.825187
 20 22.550726 -0.000027 -0.000013 -0.128134 -0.022753 1.980611
 21 30.814270 -0.000023 0.000002 -2.665729 -0.059233 0.545435
 22 -4.250660 -0.770624 0.000001 0.000000 0.000000 2.981075
 23 10.363422 0.000000 0.000000 0.000000 -0.000008 -0.117088
 24 10.363076 0.000000 -0.000000 0.000000 0.000009 0.051645
 25 10.363081 -0.000004 -0.000002 -0.000009 -0.000015 0.289232
 26 8.210358 -0.000006 -7.786025 0.000000 0.000000 -0.000204
 27 8.210346 -0.000002 7.704017 0.000000 0.000000 -0.000203
 28 1.854841 1.227791 -13.762345 2.694268 0.177374 2.230779
 29 10.456543 -0.000004 0.000004 0.086847 0.077582 -0.963927
 30 24.248093 0.000001 0.000007 0.021457 0.026397 0.749013
 31 26.336971 0.000019 0.000002 0.322055 -0.039675 0.873064
 32 1.854847 1.227798 13.762341 -2.690835 -0.181766 2.229336
 33 10.456542 -0.000008 0.000004 -0.086568 -0.077998 -0.965537
 34 24.248116 0.000002 -0.000004 -0.020846 -0.025816 0.723593
 35 26.336975 0.000000 0.000004 -0.328229 0.040240 0.887450
time 10
  0 0.000000 0.000000 0.000000 0.000000 -0.000000 -1.570796
  1 0.000000 0.000000 0.000000 0.000000 -0.000000 0.000000
  2 0.246101 -2.592200 26.738590 -1.572235 -0.014482 1.577028
  3 4.222169 -0.467508 0.000000 -0.000642 -0.007119 -0.006703
  4 4.476987 -0.000002 -0.000000 0.013925 -0.020185 0.134818
  5 4.477083 0.000000 0.000002 -0.007093 0.033909 -0.095859
  6 4.477077 -0.000004 -0.000002 -0.005626 -0.008434 -0.140408
  7 5.413502 -7.700466 -0.000000 -0.003761 -0.049478 -0.504068
  8 6.890240 0.000002 -0.000000 0.021968 -0.067375 0.410716
  9 8.011925 0.000004 0.000005 0.001729 -0.056426 0.488373
 10 7.210720 -0.000002 -0.000000 -0.001976 -0.026694 0.052160
 11 8.581028 -0.304903 -0.000000 -0.002407 0.125885 0.608026
 12 22.523008 2.194031 6.355708 0.000000 -0.000000 0.000000
 13 22.523005 2.194038 -6.355709 0.000000 -0.000000 0.000000
 14 -3.006533 7.804720 -11.355459 0.355857 0.200972 1.058234
 15 10.384675 0.000008 0.000005 0.020603 0.034676 -1.862870
 16 22.550743 -0.000006 -0.000004 0.125857 0.013019 1.982677
 17 30.814247 -0.000015 -0.000004 2.630204 0.115145 0.536567
 18 -3.013796 7.815494 11.355459 -0.095908 -0.281860 1.058628
 19 10.374533 -0.000002 0.000007 -0.025308 -0.223861 -1.829710
 20 22.550726 -0.000027 -0.000013 -0.128890 -0.024716 1.993515
 21 30.814270 -0.000023 0.000002 -2.671622 -0.040466 0.540582
 22 -4.250660 -0.770624 0.000001 0.000000 0.000000 2.991420
 23 10.363422 0.000000 0.000000 0.000000 -0.000008 -0.074154
 24 10.363076 0.000000 -0.000000 0.000000 0.000009 0.032882
 25 10.363081 -0.000004 -0.000002 -0.000009 -0.000015 0.248236
 26 8.210358 -0.000006 -7.786025 0.000000 0.000000 -0.000578
 27 8.210346 -0.000002 7.704017 0.000000 0.000000 -0.000576
 28 1.854841 1.227791 -13.762345 2.697918 0.178410 2.241301
 29 10.456543 -0.000004 0.000004 0.086480 0.077867 -0.968659
 30 24.248093 0.000001 0.000007 0.021642 0.026599 0.756650
 31 26.336971 0.000019 0.000002 0.319793 -0.037730 0.875936
 32 1.854847 1.227798 13.762341 -2.693569 -0.183846 2.239675
 33 10.456542 -0.000008 0.000004 -0.086364 -0.078165 -0.968532
 34 24.248116 0.000002 -0.000004 -0.020872 -0.025852 0.725014
 35 26.336975 0.000000 0.000004 -0.327200 0.038130 0.891180
time 11
  0 0.000000 0.000000 0.000000 0.000000 -0.000000 -1.570796
  1 0.000000 0.000000 0.000000 0.000000 -0.000000 0.000000
  2 0.289071 -2.529698 26.472958 -1.572618 -0.022939 1.577987
  3 4.222169 -0.467508 0.000000 -0.000487 -0.008379 -0.011702
  4 4.476987 -0.000002 -0.000000 0.013086 -0.020828 0.122742
  5 4.477083 0.000000 0.000002 -0.007585 0.034539 -0.102099
  6 4.477077 -0.000004 -0.000002 -0.005638 -0.006799 -0.138227
  7 5.413502 -7.700466 -0.000000 -0.004905 -0.043803 -0.546540
  8 6.890240 0.000002 -0.000000 0.026426 -0.064931 0.391052
  9 8.011925 0.000004 0.000005 0.002711 -0.049716 0.526140
 10 7.210720 -0.000002 -0.000000 -0.002278 -0.024099 0.165543
 11 8.581028 -0.304903 -0.000000 -0.003394 0.120695 0.638729
 12 22.523008 2.194031 6.355708 0.000000 -0.000000 0.000000
 13 22.523005 2.194038 -6.355709 0.000000 -0.000000 0.000000
 14 -3.006533 7.804720 -11.355459 0.374956 0.205954 1.095318
 15 10.384675 0.000008 0.000005 0.025272 0.003743 -1.873644
 16 22.550743 -0.000006 -0.000004 0.125873 0.012962 1.993997
 17 30.814247 -0.000015 -0.000004 2.633611 0.097622 0.532234
 18 -3.013796 7.815494 11.355459 -0.076561 -0.294677 1.092828
 19 10.374533 -0.000002 0.000007 -0.028678 -0.231402 -1.834290
 20 22.550726 -0.000027 -0.000013 -0.129666 -0.026777 2.006604
 21 30.814270 -0.000023 0.000002 -2.676884 -0.023021 0.534836
 22 -4.250660 -0.770624 0.000001 0.000000 0.000000 3.001867
 23 10.363422 0.000000 0.000000 0.000000 -0.000008 -0.030890
 24 10.363076 0.000000 -0.000000 0.000000 0.000009 0.014015
 25 10.363081 -0.000004 -0.000002 -0.000009 -0.000015 0.205495
 26 8.210358 -0.000006 -7.786025 0.000000 0.000000 -0.000951
 27 8.210346 -0.000002 7.704017 0.000000 0.000000 -0.000949
 28 1.854841 1.227791 -13.762345 2.701919 0.179570 2.252857
 29 10.456543 -0.000004 0.000004 0.086096 0.078152 -0.973783
 30 24.248093 0.000001 0.000007 0.021828 0.026821 0.764879
 31 26.336971 0.000019 0.000002 0.317400 -0.035444 0.879084
 32 1.854847 1.227798 13.762341 -2.696608 -0.186117 2.251135
 33 10.456542 -0.000008 0.000004 -0.086093 -0.078332 -0.971803
 34 24.248116 0.000002 -0.000004 -0.020911 -0.025899 0.726639
 35 26.336975 0.000000 0.000004 -0.326085 0.035710 0.895137
time 12
  0 0.000000 0.000000 0.000000 0.000000 -0.000000 -1.570796
  1 0.000000 0.000000 0.000000 0.000000 -0.000000 0.000000
  2 0.332041 -2.467196 26.187792 -1.573002 -0.032473 1.578849
  3 4.222169 -0.467508 0.000000 -0.000307 -0.009640 -0.016854
  4 4.476987 -0.000002 -0.000000 0.012211 -0.021470 0.110156
  5 4.477083 0.000000 0.000002 -0.008100 0.035121 -0.108694
  6 4.477077 -0.000004 -0.000002 -0.005638 -0.005183 -0.136047
  7 5.413502 -7.700466 -0.000000 -0.005968 -0.041271 -0.547567
  8 6.890240 0.000002 -0.000000 0.031148 -0.063441 0.365849
  9 8.011925 0.000004 0.000005 0.003248 -0.044811 0.529514
 10 7.210720 -0.000002 -0.000000 -0.002965 -0.022069 0.237494
 11 8.581028 -0.304903 -0.000000 -0.004451 0.115625 0.671151
 12 22.523008 2.194031 6.355708 0.000000 -0.000000 0.000000
 13 22.523005 2.194038 -6.355709 0.000000 -0.000000 0.000000
 14 -3.006533 7.804720 -11.355459 0.395412 0.210794 1.135080
 15 10.384675 0.000008 0.000005 0.030613 -0.028676 -1.884641
 16 22.550743 -0.000006 -0.000004 0.125889 0.012876 2.005316
 17 30.814247 -0.000015 -0.000004 2.637062 0.079503 0.527471
 18 -3.013796 7.815494 11.355459 -0.058029 -0.306970 1.129194
 19 10.374533 -0.000002 0.000007 -0.032386 -0.239575 -1.838813
 20 22.550726 -0.000027 -0.000013 -0.130463 -0.028897 2.019508
 21 30.814270 -0.000023 0.000002 -2.681444 -0.007215 0.528365
 22 -4.250660 -0.770624 0.000001 0.000000 0.000000 3.012288
 23 10.363422 0.000000 0.000000 0.000000 -0.000008 0.011340
 24 10.363076 0.000000 -0.000000 0.000000 0.000009 -0.004801
 25 10.363081 -0.000004 -0.000002 -0.000009 -0.000015 0.163721
 26 8.210358 -0.000006 -7.786025 0.000000 0.000000 -0.001359
 27 8.210346 -0.000002 7.704017 0.000000 0.000000 -0.001356
 28 1.854841 1.227791 -13.762345 2.706185 0.180877 2.265385
 29 10.456543 -0.000004 0.000004 0.085676 0.078437 -0.979210
 30 24.248093 0.000001 0.000007 0.022050 0.027043 0.773404
 31 26.336971 0.000019 0.000002 0.314877 -0.032869 0.882287
 32 1.854847 1.227798 13.762341 -2.699985 -0.188552 2.263628
 33 10.456542 -0.000008 0.000004 -0.085822 -0.078527 -0.975389
 34 24.248116 0.000002 -0.000004 -0.020950 -0.025947 0.728518
 35 26.336975 0.000000 0.000004 -0.324798 0.032981 0.899206
time 13
  0 0.000000 0.000000 0.000000 0.000000 -0.000000 -1.570796
  1 0.000000 0.000000 0.000000 0.000000 -0.000000 0.000000
  2 0.371105 -2.404695 25.894814 -1.573385 -0.043083 1.579712
  3 4.222169 -0.467508 0.000000 -0.000103 -0.010864 -0.022098
  4 4.476987 -0.000002 -0.000000 0.011324 -0.022070 0.097171
  5 4.477083 0.000000 0.000002 -0.008639 0.035654 -0.115616
  6 4.477077 -0.000004 -0.000002 -0.005626 -0.003661 -0.133898
  7 5.413502 -7.700466 -0.000000 -0.007058 -0.038927 -0.547287
  8 6.890240 0.000002 -0.000000 0.036889 -0.063794 0.311277
  9 8.011925 0.000004 0.000005 0.003693 -0.041425 0.520403
 10 7.210720 -0.000002 -0.000000 -0.003816 -0.020303 0.294373
 11 8.581028 -0.304903 -0.000000 -0.005553 0.110725 0.706095
 12 22.523008 2.194031 6.355708 0.000000 -0.000000 0.000000
 13 22.523005 2.194038 -6.355709 0.000000 -0.000000 0.000000
 14 -3.006533 7.804720 -11.355459 0.417116 0.215387 1.177177
 15 10.384675 0.000008 0.000005 0.036627 -0.062220 -1.895416
 16 22.550743 -0.000006 -0.000004 0.125889 0.012819 2.016455
 17 30.814247 -0.000015 -0.000004 2.640643 0.061039 0.522207
 18 -3.013796 7.815494 11.355459 -0.040464 -0.318666 1.167669
 19 10.374533 -0.000002 0.000007 -0.036228 -0.248445 -1.843046
 20 22.550726 -0.000027 -0.000013 -0.131239 -0.031057 2.032040
 21 30.814270 -0.000023 0.000002 -2.685303 0.006829 0.521169
 22 -4.250660 -0.770624 0.000001 0.000000 0.000000 3.022736
 23 10.363422 0.000000 0.000000 0.000000 -0.000008 0.051413
 24 10.363076 0.000000 -0.000000 0.000000 0.000009 -0.023539
 25 10.363081 -0.000004 -0.000002 -0.000009 -0.000015 0.122725
 26 8.210358 -0.000006 -7.786025 0.000000 0.000000 -0.001699
 27 8.210346 -0.000002 7.704017 0.000000 0.000000 -0.001695
 28 1.854841 1.227791 -13.762345 2.710714 0.182283 2.278827
 29 10.456543 -0.000004 0.000004 0.085222 0.078757 -0.985029
 30 24.248093 0.000001 0.000007 0.022310 0.027264 0.782284
 31 26.336971 0.000019 0.000002 0.312224 -0.029952 0.885600
 32 1.854847 1.227798 13.762341 -2.703631 -0.191124 2.277112
 33 10.456542 -0.000008 0.000004 -0.085550 -0.078721 -0.979291
 34 24.248116 0.000002 -0.000004 -0.021002 -0.026007 0.730752
 35 26.336975 0.000000 0.000004 -0.323383 0.029940 0.903331
time 14
  0 0.000000 0.000000 0.000000 0.000000 -0.000000 -1.570796
  1 0.000000 0.000000 0.000000 0.000000 -0.000000 0.000000
  2 0.410169 -2.350005 25.594025 -1.573672 -0.054811 1.580479
  3 4.222169 -0.467508 0.000000 0.000125 -0.012013 -0.027404
  4 4.476987 -0.000002 -0.000000 0.010461 -0.022648 0.083963
  5 4.477083 0.000000 0.000002 -0.009190 0.036139 -0.122775
  6 4.477077 -0.000004 -0.000002 -0.005602 -0.002270 -0.131842
  7 5.413502 -7.700466 -0.000000 -0.008188 -0.036650 -0.547131
  8 6.890240 0.000002 -0.000000 0.042677 -0.064043 0.255705
  9 8.011925 0.000004 0.000005 0.004283 -0.039268 0.502597
 10 7.210720 -0.000002 -0.000000 -0.004694 -0.018891 0.338944
 11 8.581028 -0.304903 -0.000000 -0.006678 0.106065 0.744335
 12 22.523008 2.194031 6.355708 0.000000 -0.000000 0.000000
 13 22.523005 2.194038 -6.355709 0.000000 -0.000000 0.000000
 14 -3.006533 7.804720 -11.355459 0.439796 0.219591 1.221402
 15 10.384675 0.000008 0.000005 0.043275 -0.096569 -1.906024
 16 22.550743 -0.000006 -0.000004 0.125873 0.012761 2.027169
 17 30.814247 -0.000015 -0.000004 2.644181 0.042512 0.516513
 18 -3.013796 7.815494 11.355459 -0.023917 -0.329689 1.208025
 19 10.374533 -0.000002 0.000007 -0.040205 -0.257914 -1.846989
 20 22.550726 -0.000027 -0.000013 -0.131975 -0.033196 2.043889
 21 30.814270 -0.000023 0.000002 -2.688461 0.019014 0.513276
 22 -4.250660 -0.770624 0.000001 0.000000 0.000000 3.033208
 23 10.363422 0.000000 0.000000 0.000000 -0.000008 0.088185
 24 10.363076 0.000000 -0.000000 0.000000 0.000009 -0.042147
 25 10.363081 -0.000004 -0.000002 -0.000009 -0.000015 0.082427
 26 8.210358 -0.000006 -7.786025 0.000000 0.000000 -0.002038
 27 8.210346 -0.000002 7.704017 0.000000 0.000000 -0.002035
 28 1.854841 1.227791 -13.762345 2.715463 0.183838 2.293120
 29 10.456543 -0.000004 0.000004 0.084733 0.079077 -0.991151
 30 24.248093 0.000001 0.000007 0.022532 0.027507 0.791342
 31 26.336971 0.000019 0.000002 0.309483 -0.026693 0.888969
 32 1.854847 1.227798 13.762341 -2.707615 -0.193806 2.291588
 33 10.456542 -0.000008 0.000004 -0.085211 -0.078944 -0.983587
 34 24.248116 0.000002 -0.000004 -0.021066 -0.026079 0.733240
 35 26.336975 0.000000 0.000004 -0.321839 0.026528 0.907401
time 15
  0 0.000000 0.000000 0.000000 0.000000 -0.000000 -1.570796
  1 0.000000 0.000000 0.000000 0.000000 -0.000000 0.000000
  2 0.445326 -2.295316 25.285421 -1.574056 -0.067656 1.581054
  3 4.222169 -0.467508 0.000000 0.000376 -0.013088 -0.032694
  4 4.476987 -0.000002 -0.000000 0.009634 -0.023184 0.070623
  5 4.477083 0.000000 0.000002 -0.009742 0.036542 -0.130097
  6 4.477077 -0.000004 -0.000002 -0.005542 -0.001067 -0.129911
  7 5.413502 -7.700466 -0.000000 -0.009357 -0.034441 -0.547038
  8 6.890240 0.000002 -0.000000 0.048490 -0.063990 0.200296
  9 8.011925 0.000004 0.000005 0.004872 -0.037750 0.478094
 10 7.210720 -0.000002 -0.000000 -0.005490 -0.017867 0.372626
 11 8.581028 -0.304903 -0.000000 -0.007803 0.101694 0.786535
 12 22.523008 2.194031 6.355708 0.000000 -0.000000 0.000000
 13 22.523005 2.194038 -6.355709 0.000000 -0.000000 0.000000
 14 -3.006533 7.804720 -11.355459 0.463399 0.223336 1.267345
 15 10.384675 0.000008 0.000005 0.050447 -0.131386 -1.916076
 16 22.550743 -0.000006 -0.000004 0.125841 0.012704 2.037218
 17 30.814247 -0.000015 -0.000004 2.647719 0.024142 0.510424
 18 -3.013796 7.815494 11.355459 -0.008542 -0.339928 1.250149
 19 10.374533 -0.000002 0.000007 -0.044452 -0.267980 -1.850468
 20 22.550726 -0.000027 -0.000013 -0.132649 -0.035336 2.054683
 21 30.814270 -0.000023 0.000002 -2.690881 0.029216 0.504769
 22 -4.250660 -0.770624 0.000001 0.000000 0.000000 3.043732
 23 10.363422 0.000000 0.000000 0.000000 -0.000008 0.120512
 24 10.363076 0.000000 -0.000000 0.000000 0.000009 -0.060601
 25 10.363081 -0.000004 -0.000002 -0.000009 -0.000015 0.042640
 26 8.210358 -0.000006 -7.786025 0.000000 0.000000 -0.002310
 27 8.210346 -0.000002 7.704017 0.000000 0.000000 -0.002306
 28 1.854841 1.227791 -13.762345 2.720388 0.185540 2.308203
 29 10.456543 -0.000004 0.000004 0.084226 0.079415 -0.997533
 30 24.248093 0.000001 0.000007 0.022792 0.027749 0.800577
 31 26.336971 0.000019 0.000002 0.306655 -0.023093 0.892338
 32 1.854847 1.227798 13.762341 -2.711903 -0.196597 2.307011
 33 10.456542 -0.000008 0.000004 -0.084838 -0.079167 -0.988237
 34 24.248116 0.000002 -0.000004 -0.021131 -0.026163 0.736134
 35 26.336975 0.000000 0.000004 -0.320124 0.022743 0.911470
time 16
  0 0.000000 0.000000 0.000000 0.000000 -0.000000 -1.570796
  1 0.000000 0.000000 0.000000 0.000000 -0.000000 0.000000
  2 0.476577 -2.248440 24.972912 -1.574344 -0.081737 1.581629
  3 4.222169 -0.467508 0.000000 0.000652 -0.014015 -0.037938
  4 4.476987 -0.000002 -0.000000 0.008879 -0.023698 0.057304
  5 4.477083 0.000000 0.000002 -0.010305 0.036849 -0.137523
  6 4.477077 -0.000004 -0.000002 -0.005458 -0.000090 -0.128152
  7 5.413502 -7.700466 -0.000000 -0.010540 -0.032266 -0.546976
  8 6.890240 0.000002 -0.000000 0.054326 -0.063716 0.142723
  9 8.011925 0.000004 0.000005 0.005357 -0.036840 0.441599
 10 7.210720 -0.000002 -0.000000 -0.006369 -0.016154 0.369837
 11 8.581028 -0.304903 -0.000000 -0.008883 0.097563 0.835500
 12 22.523008 2.194031 6.355708 0.000000 -0.000000 0.000000
 13 22.523005 2.194038 -6.355709 0.000000 -0.000000 0.000000
 14 -3.006533 7.804720 -11.355459 0.487654 0.226587 1.314798
 15 10.384675 0.000008 0.000005 0.058104 -0.166308 -1.925518
 16 22.550743 -0.000006 -0.000004 0.125809 0.012646 2.046418
 17 30.814247 -0.000015 -0.000004 2.651170 0.006243 0.504014
 18 -3.013796 7.815494 11.355459 0.005612 -0.349307 1.293868
 19 10.374533 -0.000002 0.000007 -0.048834 -0.278578 -1.853368
 20 22.550726 -0.000027 -0.000013 -0.133221 -0.037437 2.064175
 21 30.814270 -0.000023 0.000002 -2.692635 0.037388 0.495705
 22 -4.250660 -0.770624 0.000001 0.000000 0.000000 3.054333
 23 10.363422 0.000000 0.000000 0.000000 -0.000008 0.147337
 24 10.363076 0.000000 -0.000000 0.000000 0.000009 -0.078952
 25 10.363081 -0.000004 -0.000002 -0.000009 -0.000015 0.003281
 26 8.210358 -0.000006 -7.786025 0.000000 0.000000 -0.002514
 27 8.210346 -0.000002 7.704017 0.000000 0.000000 -0.002509
 28 1.854841 1.227791 -13.762345 2.725533 0.187391 2.324077
 29 10.456543 -0.000004 0.000004 0.083702 0.079753 -1.004263
 30 24.248093 0.000001 0.000007 0.023014 0.027991 0.809871
 31 26.336971 0.000019 0.000002 0.303740 -0.019125 0.895707
 32 1.854847 1.227798 13.762341 -2.716495 -0.199470 2.323339
 33 10.456542 -0.000008 0.000004 -0.084431 -0.079445 -0.993400
 34 24.248116 0.000002 -0.000004 -0.021209 -0.026259 0.739485
 35 26.336975 0.000000 0.000004 -0.318280 0.018587 0.915370
time 17
  0 0.000000 0.000000 0.000000 0.000000 -0.000000 -1.570796
  1 0.000000 0.000000 0.000000 0.000000 -0.000000 0.000000
  2 0.503922 -2.205470 24.660402 -1.574631 -0.097014 1.582013
  3 4.222169 -0.467508 0.000000 0.000964 -0.014794 -0.043044
  4 4.476987 -0.000002 -0.000000 0.008220 -0.024147 0.044141
  5 4.477083 0.000000 0.000002 -0.010868 0.037076 -0.144993
  6 4.477077 -0.000004 -0.000002 -0.005326 0.000567 -0.126610
  7 5.413502 -7.700466 -0.000000 -0.011736 -0.030142 -0.547069
  8 6.890240 0.000002 -0.000000 0.060522 -0.066199 0.045984
  9 8.011925 0.000004 0.000005 0.005776 -0.037686 0.360822
 10 7.210720 -0.000002 -0.000000 -0.007357 -0.014724 0.367263
 11 8.581028 -0.304903 -0.000000 -0.009227 0.092100 0.922739
 12 22.523008 2.194031 6.355708 0.000000 -0.000000 0.000000
 13 22.523005 2.194038 -6.355709 0.000000 -0.000000 0.000000
 14 -3.006533 7.804720 -11.355459 0.512450 0.229272 1.363487
 15 10.384675 0.000008 0.000005 0.066097 -0.201082 -1.933960
 16 22.550743 -0.000006 -0.000004 0.125761 0.012618 2.054590
 17 30.814247 -0.000015 -0.000004 2.654490 -0.010967 0.497246
 18 -3.013796 7.815494 11.355459 0.018391 -0.357603 1.338898
 19 10.374533 -0.000002 0.000007 -0.053350 -0.289708 -1.855571
 20 22.550726 -0.000027 -0.000013 -0.133690 -0.039459 2.072178
 21 30.814270 -0.000023 0.000002 -2.693617 0.043383 0.486082
 22 -4.250660 -0.770624 0.000001 0.000000 0.000000 3.065011
 23 10.363422 0.000000 0.000000 0.000000 -0.000008 0.167517
 24 10.363076 0.000000 -0.000000 0.000000 0.000009 -0.097974
 25 10.363081 -0.000004 -0.000002 -0.000009 -0.000015 -0.035808
 26 8.210358 -0.000006 -7.786025 0.000000 0.000000 -0.002616
 27 8.210346 -0.000002 7.704017 0.000000 0.000000 -0.002611
 28 1.854841 1.227791 -13.762345 2.730766 0.189389 2.340681
 29 10.456543 -0.000004 0.000004 0.083143 0.080109 -1.011210
 30 24.248093 0.000001 0.000007 0.023274 0.028233 0.819166
 31 26.336971 0.000019 0.000002 0.300782 -0.014789 0.898965
 32 1.854847 1.227798 13.762341 -2.721390 -0.202425 2.340571
 33 10.456542 -0.000008 0.000004 -0.083990 -0.079723 -0.998997
 34 24.248116 0.000002 -0.000004 -0.021287 -0.026367 0.743242
 35 26.336975 0.000000 0.000004 -0.316265 0.013995 0.919100
time 18
  0 0.000000 0.000000 0.000000 0.000000 -0.000000 -1.570796
  1 0.000000 0.000000 0.000000 0.000000 -0.000000 0.000000
  2 0.527360 -2.174219 24.351799 -1.574823 -0.113489 1.582300
  3 4.222169 -0.467508 0.000000 0.001311 -0.015387 -0.047981
  4 4.476987 -0.000002 -0.000000 0.007669 -0.024576 0.031267
  5 4.477083 0.000000 0.000002 -0.011432 0.037205 -0.152418
  6 4.477077 -0.000004 -0.000002 -0.005159 0.000906 -0.125317
  7 5.413502 -7.700466 -0.000000 -0.012946 -0.027967 -0.545016
  8 6.890240 0.000002 -0.000000 0.067054 -0.068434 -0.055828
  9 8.011925 0.000004 0.000005 0.006339 -0.041616 0.184032
 10 7.210720 -0.000002 -0.000000 -0.008428 -0.013577 0.366378
 11 8.581028 -0.304903 -0.000000 -0.010054 0.086517 1.010364
 12 22.523008 2.194031 6.355708 0.000000 -0.000000 0.000000
 13 22.523005 2.194038 -6.355709 0.000000 -0.000000 0.000000
 14 -3.006533 7.804720 -11.355459 0.537518 0.231356 1.413001
 15 10.384675 0.000008 0.000005 0.074314 -0.235325 -1.941236
 16 22.550743 -0.000006 -0.000004 0.125697 0.012589 2.061430
 17 30.814247 -0.000015 -0.000004 2.657591 -0.027268 0.490227
 18 -3.013796 7.815494 11.355459 0.029796 -0.364740 1.385125
 19 10.374533 -0.000002 0.000007 -0.058069 -0.301336 -1.856963
 20 22.550726 -0.000027 -0.000013 -0.134017 -0.041383 2.078382
 21 30.814270 -0.000023 0.000002 -2.693898 0.047224 0.476013
 22 -4.250660 -0.770624 0.000001 0.000000 0.000000 3.075817
 23 10.363422 0.000000 0.000000 0.000000 -0.000008 0.179972
 24 10.363076 0.000000 -0.000000 0.000000 0.000009 -0.111679
 25 10.363081 -0.000004 -0.000002 -0.000009 -0.000015 -0.074683
 26 8.210358 -0.000006 -7.786025 0.000000 0.000000 -0.002582
 27 8.210346 -0.000002 7.704017 0.000000 0.000000 -0.002577
 28 1.854841 1.227791 -13.762345 2.736131 0.191535 2.357954
 29 10.456543 -0.000004 0.000004 0.082567 0.080447 -1.018418
 30 24.248093 0.000001 0.000007 0.023533 0.028455 0.828342
 31 26.336971 0.000019 0.000002 0.297780 -0.010085 0.902113
 32 1.854847 1.227798 13.762341 -2.726590 -0.205435 2.358622
 33 10.456542 -0.000008 0.000004 -0.083481 -0.080029 -1.005105
 34 24.248116 0.000002 -0.000004 -0.021390 -0.026487 0.747456
 35 26.336975 0.000000 0.000004 -0.314121 0.009001 0.922660
time 19
  0 0.000000 0.000000 0.000000 0.000000 -0.000000 -1.570796
  1 0.000000 0.000000 0.000000 0.000000 -0.000000 0.000000
  2 0.542985 -2.150781 24.047102 -1.574919 -0.131200 1.582396
  3 4.222169 -0.467508 0.000000 0.001695 -0.015758 -0.052673
  4 4.476987 -0.000002 -0.000000 0.007261 -0.024918 0.018858
  5 4.477083 0.000000 0.000002 -0.011983 0.037205 -0.159711
  6 4.477077 -0.000004 -0.000002 -0.004943 0.000849 -0.124321
  7 5.413502 -7.700466 -0.000000 -0.014209 -0.025164 -0.509700
  8 6.890240 0.000002 -0.000000 0.073849 -0.069950 -0.150286
  9 8.011925 0.000004 0.000005 0.007059 -0.045562 0.013835
 10 7.210720 -0.000002 -0.000000 -0.009580 -0.012606 0.366941
 11 8.581028 -0.304903 -0.000000 -0.011271 0.080969 1.094484
 12 22.523008 2.194031 6.355708 0.000000 -0.000000 0.000000
 13 22.523005 2.194038 -6.355709 0.000000 -0.000000 0.000000
 14 -3.006533 7.804720 -11.355459 0.562640 0.232875 1.462926
 15 10.384675 0.000008 0.000005 0.082457 -0.268572 -1.947234
 16 22.550743 -0.000006 -0.000004 0.125633 0.012560 2.066697
 17 30.814247 -0.000015 -0.000004 2.660430 -0.042284 0.482957
 18 -3.013796 7.815494 11.355459 0.039775 -0.370532 1.432151
 19 10.374533 -0.000002 0.000007 -0.062922 -0.313329 -1.857427
 20 22.550726 -0.000027 -0.000013 -0.134160 -0.043189 2.082414
 21 30.814270 -0.000023 0.000002 -2.693652 0.049231 0.465638
 22 -4.250660 -0.770624 0.000001 0.000000 0.000000 3.086673
 23 10.363422 0.000000 0.000000 -0.000000 -0.000008 0.183669
 24 10.363076 0.000000 -0.000000 0.000000 0.000009 -0.108401
 25 10.363081 -0.000004 -0.000002 -0.000009 -0.000015 -0.113343
 26 8.210358 -0.000006 -7.786025 0.000000 0.000000 -0.002514
 27 8.210346 -0.000002 7.704017 0.000000 0.000000 -0.002509
 28 1.854841 1.227791 -13.762345 2.741583 0.193879 2.375714
 29 10.456543 -0.000004 0.000004 0.081973 0.080821 -1.025843
 30 24.248093 0.000001 0.000007 0.023756 0.028697 0.837282
 31 26.336971 0.000019 0.000002 0.294779 -0.004987 0.905095
 32 1.854847 1.227798 13.762341 -2.732059 -0.208444 2.377362
 33 10.456542 -0.000008 0.000004 -0.082939 -0.080363 -1.011766
 34 24.248116 0.000002 -0.000004 -0.021507 -0.026619 0.752178
 35 26.336975 0.000000 0.000004 -0.311805 0.003572 0.925825
time 20
  0 0.000000 0.000000 0.000000 0.000000 -0.000000 -1.570796
  1 0.000000 0.000000 0.000000 0.000000 -0.000000 0.000000
  2 0.546892 -2.139061 23.746311 -1.575014 -0.150267 1.582204
  3 4.222169 -0.467508 0.000000 0.002102 -0.015869 -0.057105
  4 4.476987 -0.000002 -0.000000 0.007010 -0.025218 0.006938
  5 4.477083 0.000000 0.000002 -0.012522 0.037092 -0.166870
  6 4.477077 -0.000004 -0.000002 -0.004691 0.000455 -0.123589
  7 5.413502 -7.700466 -0.000000 -0.015737 -0.022564 -0.462280
  8 6.890240 0.000002 -0.000000 0.080908 -0.070695 -0.228594
  9 8.011925 0.000004 0.000005 0.007740 -0.049109 -0.141282
 10 7.210720 -0.000002 -0.000000 -0.010843 -0.011741 0.368925
 11 8.581028 -0.304903 -0.000000 -0.012741 0.075403 1.173241
 12 22.523008 2.194031 6.355708 0.000000 -0.000000 0.000000
 13 22.523005 2.194038 -6.355709 0.000000 -0.000000 0.000000
 14 -3.006533 7.804720 -11.355459 0.587925 0.233688 1.513401
 15 10.384675 0.000008 0.000005 0.090338 -0.300885 -1.951844
 16 22.550743 -0.000006 -0.000004 0.125553 0.012560 2.070389
 17 30.814247 -0.000015 -0.000004 2.662876 -0.056014 0.475508
 18 -3.013796 7.815494 11.355459 0.048532 -0.374904 1.480202
 19 10.374533 -0.000002 0.000007 -0.067978 -0.325787 -1.856847
 20 22.550726 -0.000027 -0.000013 -0.134140 -0.044897 2.084461
 21 30.814270 -0.000023 0.000002 -2.693091 0.049867 0.454983
 22 -4.250660 -0.770624 0.000001 0.000000 0.000000 3.097787
 23 10.363422 0.000000 0.000000 0.000000 -0.000008 0.177486
 24 10.363076 0.000000 -0.000000 0.000000 0.000009 -0.077610
 25 10.363081 -0.000004 -0.000002 -0.000009 -0.000015 -0.152299
 26 8.210358 -0.000006 -7.786025 0.000000 0.000000 -0.002242
 27 8.210346 -0.000002 7.704017 0.000000 0.000000 -0.002238
 28 1.854841 1.227791 -13.762345 2.747124 0.196396 2.394142
 29 10.456543 -0.000004 0.000004 0.081344 0.081177 -1.033485
 30 24.248093 0.000001 0.000007 0.024015 0.028919 0.846043
 31 26.336971 0.000019 0.000002 0.291733 0.000531 0.907912
 32 1.854847 1.227798 13.762341 -2.737833 -0.211482 2.397051
 33 10.456542 -0.000008 0.000004 -0.082362 -0.080697 -1.019017
 34 24.248116 0.000002 -0.000004 -0.021623 -0.026774 0.757509
 35 26.336975 0.000000 0.000004 -0.309275 -0.002291 0.928707
time 21
  0 0.000000 0.000000 0.000000 0.000000 -0.000000 -1.570796
  1 0.000000 0.000000 0.000000 0.000000 -0.000000 0.000000
  2 0.546892 -2.142968 23.457241 -1.575014 -0.170651 1.581821
  3 4.222169 -0.467508 0.000000 0.002558 -0.015720 -0.061199
  4 4.476987 -0.000002 -0.000000 0.006962 -0.025432 -0.004293
  5 4.477083 0.000000 0.000002 -0.013038 0.036849 -0.173791
  6 4.477077 -0.000004 -0.000002 -0.004392 -0.000241 -0.123090
  7 5.413502 -7.700466 -0.000000 -0.017585 -0.019778 -0.404624
  8 6.890240 0.000002 -0.000000 0.088063 -0.070695 -0.281537
  9 8.011925 0.000004 0.000005 0.008068 -0.048677 -0.202643
 10 7.210720 -0.000002 -0.000000 -0.012188 -0.010875 0.372143
 11 8.581028 -0.304903 -0.000000 -0.014233 0.069735 1.218245
 12 22.523008 2.194031 6.355708 0.000000 -0.000000 0.000000
 13 22.523005 2.194038 -6.355709 0.000000 -0.000000 0.000000
 14 -3.006533 7.804720 -11.355459 0.613048 0.233617 1.564150
 15 10.384675 0.000008 0.000005 0.097696 -0.331712 -1.954954
 16 22.550743 -0.000006 -0.000004 0.125473 0.012560 2.072084
 17 30.814247 -0.000015 -0.000004 2.664973 -0.068052 0.467880
 18 -3.013796 7.815494 11.355459 0.056525 -0.377893 1.528766
 19 10.374533 -0.000002 0.000007 -0.073303 -0.338644 -1.855107
 20 22.550726 -0.000027 -0.000013 -0.133936 -0.046526 2.084399
 21 30.814270 -0.000023 0.000002 -2.692565 0.049500 0.444273
 22 -4.250660 -0.770624 0.000001 0.000000 0.000000 3.109053
 23 10.363422 0.000000 0.000000 0.000000 -0.000008 0.160629
 24 10.363076 0.000000 -0.000000 0.000000 0.000009 -0.025319
 25 10.363081 -0.000004 -0.000002 -0.000009 -0.000015 -0.191442
 26 8.210358 -0.000006 -7.786025 0.000000 0.000000 -0.001800
 27 8.210346 -0.000002 7.704017 0.000000 0.000000 -0.001797
 28 1.854841 1.227791 -13.762345 2.752708 0.199110 2.413118
 29 10.456543 -0.000004 0.000004 0.080697 0.081551 -1.041343
 30 24.248093 0.000001 0.000007 0.024237 0.029121 0.854450
 31 26.336971 0.000019 0.000002 0.288645 0.006470 0.910507
 32 1.854847 1.227798 13.762341 -2.743910 -0.214491 2.417385
 33 10.456542 -0.000008 0.000004 -0.081684 -0.081087 -1.026939
 34 24.248116 0.000002 -0.000004 -0.021766 -0.026942 0.763399
 35 26.336975 0.000000 0.000004 -0.306616 -0.008681 0.931194
time 22
  0 0.000000 0.000000 0.000000 0.000000 -0.000000 -1.570796
  1 0.000000 0.000000 0.000000 0.000000 -0.000000 0.000000
  2 0.535173 -2.154687 23.183794 -1.574823 -0.192431 1.581150
  3 4.222169 -0.467508 0.000000 0.003037 -0.015257 -0.064894
  4 4.476987 -0.000002 -0.000000 0.007130 -0.025582 -0.014726
  5 4.477083 0.000000 0.000002 -0.013517 0.036462 -0.180402
  6 4.477077 -0.000004 -0.000002 -0.004056 -0.001218 -0.122795
  7 5.413502 -7.700466 -0.000000 -0.019233 -0.016957 -0.345910
  8 6.890240 0.000002 -0.000000 0.095182 -0.070016 -0.315024
  9 8.011925 0.000004 0.000005 0.009390 -0.044140 -0.216763
 10 7.210720 -0.000002 -0.000000 -0.013671 -0.009957 0.376541
 11 8.581028 -0.304903 -0.000000 -0.015175 0.062599 1.191502
 12 22.523008 2.194031 6.355708 0.000000 -0.000000 0.000000
 13 22.523005 2.194038 -6.355709 0.000000 -0.000000 0.000000
 14 -3.006533 7.804720 -11.355459 0.637953 0.232522 1.614831
 15 10.384675 0.000008 0.000005 0.104232 -0.360779 -1.956343
 16 22.550743 -0.000006 -0.000004 0.125377 0.012589 2.071661
 17 30.814247 -0.000015 -0.000004 2.666589 -0.078177 0.460145
 18 -3.013796 7.815494 11.355459 0.064416 -0.379687 1.577445
 19 10.374533 -0.000002 0.000007 -0.078764 -0.351801 -1.852034
 20 22.550726 -0.000027 -0.000013 -0.133568 -0.048057 2.082228
 21 30.814270 -0.000023 0.000002 -2.692249 0.048594 0.433646
 22 -4.250660 -0.770624 0.000001 0.000000 0.000000 3.120499
 23 10.363422 0.000000 0.000000 0.000000 -0.000008 0.137127
 24 10.363076 0.000000 -0.000000 0.000000 0.000009 0.028029
 25 10.363081 -0.000004 -0.000002 -0.000009 -0.000015 -0.230961
 26 8.210358 -0.000006 -7.786025 0.000000 0.000000 -0.001189
 27 8.210346 -0.000002 7.704017 0.000000 0.000000 -0.001187
 28 1.854841 1.227791 -13.762345 2.758337 0.202046 2.432520
 29 10.456543 -0.000004 0.000004 0.080051 0.081924 -1.049376
 30 24.248093 0.000001 0.000007 0.024460 0.029323 0.862442
 31 26.336971 0.000019 0.000002 0.285643 0.012856 0.912827
 32 1.854847 1.227798 13.762341 -2.750224 -0.217474 2.438279
 33 10.456542 -0.000008 0.000004 -0.080972 -0.081504 -1.035491
 34 24.248116 0.000002 -0.000004 -0.021934 -0.027134 0.769948
 35 26.336975 0.000000 0.000004 -0.303743 -0.015568 0.933229
time 23
  0 0.000000 0.000000 0.000000 0.000000 -0.000000 -1.570796
  1 0.000000 0.000000 0.000000 0.000000 -0.000000 0.000000
  2 0.511734 -2.185938 22.922068 -1.574535 -0.215607 1.580191
  3 4.222169 -0.467508 0.000000 0.003552 -0.014441 -0.068160
  4 4.476987 -0.000002 -0.000000 0.007525 -0.025647 -0.024205
  5 4.477083 0.000000 0.000002 -0.013972 0.035929 -0.186657
  6 4.477077 -0.000004 -0.000002 -0.003696 -0.002402 -0.122670
  7 5.413502 -7.700466 -0.000000 -0.020721 -0.014086 -0.286418
  8 6.890240 0.000002 -0.000000 0.102193 -0.068382 -0.343811
  9 8.011925 0.000004 0.000005 0.010700 -0.039156 -0.230624
 10 7.210720 -0.000002 -0.000000 -0.015235 -0.008880 0.381985
 11 8.581028 -0.304903 -0.000000 -0.015932 0.055019 1.161709
 12 22.523008 2.194031 6.355708 0.000000 -0.000000 0.000000
 13 22.523005 2.194038 -6.355709 0.000000 -0.000000 0.000000
 14 -3.006533 7.804720 -11.355459 0.662370 0.230296 1.665237
 15 10.384675 0.000008 0.000005 0.109648 -0.387745 -1.955898
 16 22.550743 -0.000006 -0.000004 0.125281 0.012618 2.068876
 17 30.814247 -0.000015 -0.000004 2.667550 -0.086171 0.452374
 18 -3.013796 7.815494 11.355459 0.072817 -0.380509 1.626066
 19 10.374533 -0.000002 0.000007 -0.084494 -0.365256 -1.847511
 20 22.550726 -0.000027 -0.000013 -0.133037 -0.049490 2.078071
 21 30.814270 -0.000023 0.000002 -2.692425 0.047542 0.423215
 22 -4.250660 -0.770624 0.000001 -0.000000 -0.000000 3.132175
 23 10.363422 0.000000 0.000000 0.000000 -0.000008 0.113360
 24 10.363076 0.000000 -0.000000 0.000000 0.000009 0.079030
 25 10.363081 -0.000004 -0.000002 -0.000009 -0.000015 -0.270373
 26 8.210358 -0.000006 -7.786025 0.000000 0.000000 -0.000374
 27 8.210346 -0.000002 7.704017 0.000000 0.000000 -0.000373
 28 1.854841 1.227791 -13.762345 2.763922 0.205228 2.452348
 29 10.456543 -0.000004 0.000004 0.079370 0.082280 -1.057582
 30 24.248093 0.000001 0.000007 0.024682 0.029504 0.869961
 31 26.336971 0.000019 0.000002 0.282728 0.019688 0.914705
 32 1.854847 1.227798 13.762341 -2.756673 -0.220347 2.459475
 33 10.456542 -0.000008 0.000004 -0.080192 -0.081922 -1.044792
 34 24.248116 0.000002 -0.000004 -0.022116 -0.027350 0.777158
 35 26.336975 0.000000 0.000004 -0.300741 -0.022982 0.934698
time 24
  0 0.000000 0.000000 0.000000 0.000000 -0.000000 -1.570796
  1 0.000000 0.000000 0.000000 0.000000 -0.000000 0.000000
  2 0.480483 -2.232814 22.675966 -1.574056 -0.240178 1.578945
  3 4.222169 -0.467508 0.000000 0.004116 -0.013255 -0.070905
  4 4.476987 -0.000002 -0.000000 0.008196 -0.025604 -0.032617
  5 4.477083 0.000000 0.000002 -0.014380 0.035234 -0.192452
  6 4.477077 -0.000004 -0.000002 -0.003313 -0.003774 -0.122701
  7 5.413502 -7.700466 -0.000000 -0.022037 -0.011214 -0.226645
  8 6.890240 0.000002 -0.000000 0.109275 -0.065389 -0.364918
  9 8.011925 0.000004 0.000005 0.011840 -0.033597 -0.242590
 10 7.210720 -0.000002 -0.000000 -0.016937 -0.007556 0.388395
 11 8.581028 -0.304903 -0.000000 -0.016598 0.047422 1.130655
 12 22.523008 2.194031 6.355708 0.000000 -0.000000 0.000000
 13 22.523005 2.194038 -6.355709 0.000000 -0.000000 0.000000
 14 -3.006533 7.804720 -11.355459 0.686136 0.226869 1.715026
 15 10.384675 0.000008 0.000005 0.113645 -0.412293 -1.953288
 16 22.550743 -0.000006 -0.000004 0.125185 0.012646 2.063549
 17 30.814247 -0.000015 -0.000004 2.667899 -0.091782 0.444602
 18 -3.013796 7.815494 11.355459 0.082338 -0.380696 1.674231
 19 10.374533 -0.000002 0.000007 -0.090560 -0.378943 -1.841365
 20 22.550726 -0.000027 -0.000013 -0.132322 -0.050845 2.071805
 21 30.814270 -0.000023 0.000002 -2.693407 0.046735 0.413118
 22 -4.250660 -0.770624 0.000001 0.000000 0.000000 -3.139078
 23 10.363422 0.000000 0.000000 0.000000 -0.000008 0.089307
 24 10.363076 0.000000 -0.000000 0.000000 0.000009 0.122777
 25 10.363081 -0.000004 -0.000002 -0.000009 -0.000015 -0.300872
 26 8.210358 -0.000006 -7.786025 0.000000 0.000000 0.000645
 27 8.210346 -0.000002 7.704017 0.000000 0.000000 0.000644
 28 1.854841 1.227791 -13.762345 2.769507 0.208633 2.472601
 29 10.456543 -0.000004 0.000004 0.078671 0.082654 -1.065919
 30 24.248093 0.000001 0.000007 0.024868 0.029686 0.876887
 31 26.336971 0.000019 0.000002 0.279987 0.026968 0.916030
 32 1.854847 1.227798 13.762341 -2.763189 -0.223110 2.480671
 33 10.456542 -0.000008 0.000004 -0.079344 -0.082395 -1.054803
 34 24.248116 0.000002 -0.000004 -0.022310 -0.027577 0.785028
 35 26.336975 0.000000 0.000004 -0.297439 -0.030862 0.935602
time 25
  0 0.000000 0.000000 0.000000 0.000000 -0.000000 -1.570796
  1 0.000000 0.000000 0.000000 0.000000 -0.000000 0.000000
  2 0.437513 -2.299222 22.453304 -1.573385 -0.266187 1.577315
  3 4.222169 -0.467508 0.000000 0.004715 -0.011679 -0.073098
  4 4.476987 -0.000002 -0.000000 0.009143 -0.025454 -0.039831
  5 4.477083 0.000000 0.000002 -0.014739 0.034378 -0.197758
  6 4.477077 -0.000004 -0.000002 -0.002917 -0.005258 -0.122826
  7 5.413502 -7.700466 -0.000000 -0.023194 -0.008343 -0.167122
  8 6.890240 0.000002 -0.000000 0.116418 -0.060671 -0.379463
  9 8.011925 0.000004 0.000005 0.012612 -0.027494 -0.252583
 10 7.210720 -0.000002 -0.000000 -0.018749 -0.005914 0.395635
 11 8.581028 -0.304903 -0.000000 -0.017517 0.040901 1.079552
 12 22.523008 2.194031 6.355708 0.000000 -0.000000 0.000000
 13 22.523005 2.194038 -6.355709 0.000000 -0.000000 0.000000
 14 -3.006533 7.804720 -11.355459 0.709087 0.222170 1.764058
 15 10.384675 0.000008 0.000005 0.115923 -0.434103 -1.948400
 16 22.550743 -0.000006 -0.000004 0.125073 0.012732 2.055377
 17 30.814247 -0.000015 -0.000004 2.667419 -0.094791 0.436903
 18 -3.013796 7.815494 11.355459 0.093640 -0.380471 1.721655
 19 10.374533 -0.000002 0.000007 -0.096897 -0.392830 -1.833595
 20 22.550726 -0.000027 -0.000013 -0.131464 -0.052121 2.063555
 21 30.814270 -0.000023 0.000002 -2.695441 0.046588 0.403524
 22 -4.250660 -0.770624 0.000001 0.000000 0.000000 -3.126915
 23 10.363422 0.000000 0.000000 0.000000 -0.000008 0.065145
 24 10.363076 0.000000 -0.000000 0.000000 0.000009 0.144148
 25 10.363081 -0.000004 -0.000002 -0.000009 -0.000015 -0.305409
 26 8.210358 -0.000006 -7.786025 0.000000 0.000000 0.001631
 27 8.210346 -0.000002 7.704017 0.000000 0.000000 0.001628
 28 1.854841 1.227791 -13.762345 2.775047 0.212309 2.493098
 29 10.456543 -0.000004 0.000004 0.077972 0.083028 -1.074385
 30 24.248093 0.000001 0.000007 0.025016 0.029847 0.883163
 31 26.336971 0.000019 0.000002 0.277508 0.034720 0.916693
 32 1.854847 1.227798 13.762341 -2.769672 -0.225765 2.501738
 33 10.456542 -0.000008 0.000004 -0.078394 -0.082896 -1.065601
 34 24.248116 0.000002 -0.000004 -0.022530 -0.027829 0.793710
 35 26.336975 0.000000 0.000004 -0.293965 -0.039083 0.935659
time 26
  0 0.000000 0.000000 0.000000 0.000000 -0.000000 -1.570796
  1 0.000000 0.000000 0.000000 0.000000 -0.000000 0.000000
  2 0.378918 -2.385163 22.254078 -1.572522 -0.293631 1.575206
  3 4.222169 -0.467508 0.000000 0.005362 -0.009677 -0.074677
  4 4.476987 -0.000002 -0.000000 0.010341 -0.025133 -0.045714
  5 4.477083 0.000000 0.000002 -0.015051 0.033328 -0.202456
  6 4.477077 -0.000004 -0.000002 -0.002498 -0.006856 -0.123013
  7 5.413502 -7.700466 -0.000000 -0.024191 -0.005488 -0.108439
  8 6.890240 0.000002 -0.000000 0.123465 -0.054136 -0.391308
  9 8.011925 0.000004 0.000005 0.012861 -0.020880 -0.260604
 10 7.210720 -0.000002 -0.000000 -0.020671 -0.003849 0.403600
 11 8.581028 -0.304903 -0.000000 -0.018160 0.034448 1.026802
 12 22.523008 2.194031 6.355708 0.000000 -0.000000 0.000000
 13 22.523005 2.194038 -6.355709 0.000000 -0.000000 0.000000
 14 -3.006533 7.804720 -11.355459 0.731063 0.216200 1.812061
 15 10.384675 0.000008 0.000005 0.116222 -0.452838 -1.941014
 16 22.550743 -0.000006 -0.000004 0.124961 0.012819 2.044179
 17 30.814247 -0.000015 -0.000004 2.666065 -0.094948 0.429275
 18 -3.013796 7.815494 11.355459 0.107132 -0.380285 1.768053
 19 10.374533 -0.000002 0.000007 -0.103571 -0.406817 -1.823911
 20 22.550726 -0.000027 -0.000013 -0.130463 -0.053318 2.053380
 21 30.814270 -0.000023 0.000002 -2.698844 0.047493 0.394543
 22 -4.250660 -0.770624 0.000001 0.000000 0.000000 -3.114394
 23 10.363422 0.000000 0.000000 0.000000 -0.000008 0.041026
 24 10.363076 0.000000 -0.000000 0.000000 0.000009 0.127242
 25 10.363081 -0.000004 -0.000002 -0.000009 -0.000015 -0.275581
 26 8.210358 -0.000006 -7.786025 0.000000 0.000000 0.006556
 27 8.210346 -0.000002 7.704017 0.000000 0.000000 0.006544
 28 1.854841 1.227791 -13.762345 2.780500 0.216257 2.513898
 29 10.456543 -0.000004 0.000004 0.077238 0.083384 -1.082939
 30 24.248093 0.000001 0.000007 0.025201 0.029988 0.888728
 31 26.336971 0.000019 0.000002 0.275419 0.042971 0.916472
 32 1.854847 1.227798 13.762341 -2.776087 -0.228282 2.522374
 33 10.456542 -0.000008 0.000004 -0.077411 -0.083397 -1.077227
 34 24.248116 0.000002 -0.000004 -0.022776 -0.028105 0.803103
 35 26.336975 0.000000 0.000004 -0.290278 -0.047396 0.934698
time 27
  0 0.000000 0.000000 0.000000 0.000000 -0.000000 -1.570796
  1 0.000000 0.000000 0.000000 0.000000 -0.000000 0.000000
  2 0.304697 -2.490635 22.082199 -1.571468 -0.322351 1.572906
  3 4.222169 -0.467508 0.000000 0.006045 -0.007212 -0.075567
  4 4.476987 -0.000002 -0.000000 0.011480 -0.024383 -0.050286
  5 4.477083 0.000000 0.000002 -0.015303 0.032116 -0.206518
  6 4.477077 -0.000004 -0.000002 -0.002067 -0.008453 -0.123262
  7 5.413502 -7.700466 -0.000000 -0.025081 -0.002770 -0.051965
  8 6.890240 0.000002 -0.000000 0.130392 -0.045902 -0.400523
  9 8.011925 0.000004 0.000005 0.012429 -0.013803 -0.266600
 10 7.210720 -0.000002 -0.000000 -0.022675 -0.001324 0.412128
 11 8.581028 -0.304903 -0.000000 -0.018504 0.027943 0.974543
 12 22.523008 2.194031 6.355708 0.000000 -0.000000 0.000000
 13 22.523005 2.194038 -6.355709 0.000000 -0.000000 0.000000
 14 -3.006533 7.804720 -11.355459 0.751627 0.208957 1.858415
 15 10.384675 0.000008 0.000005 0.114280 -0.468071 -1.930961
 16 22.550743 -0.000006 -0.000004 0.124849 0.012905 2.029832
 17 30.814247 -0.000015 -0.000004 2.663749 -0.092095 0.421790
 18 -3.013796 7.815494 11.355459 0.123322 -0.380509 1.812913
 19 10.374533 -0.000002 0.000007 -0.110581 -0.420837 -1.812372
 20 22.550726 -0.000027 -0.000013 -0.129299 -0.054437 2.041221
 21 30.814270 -0.000023 0.000002 -2.703931 0.049818 0.386343
 22 -4.250660 -0.770624 0.000001 0.000000 0.000000 -3.100541
 23 10.363422 0.000000 0.000000 0.000000 -0.000008 0.017259
 24 10.363076 0.000000 -0.000000 0.000000 0.000009 0.111085
 25 10.363081 -0.000004 -0.000002 -0.000009 -0.000015 -0.208436
 26 8.210358 -0.000006 -7.786025 0.000000 0.000000 0.045282
 27 8.210346 -0.000002 7.704017 0.000000 0.000000 0.045269
 28 1.854841 1.227791 -13.762345 2.785865 0.220500 2.534820
 29 10.456543 -0.000004 0.000004 0.076505 0.083739 -1.091536
 30 24.248093 0.000001 0.000007 0.025313 0.030089 0.893404
 31 26.336971 0.000019 0.000002 0.273766 0.051670 0.915312
 32 1.854847 1.227798 13.762341 -2.782265 -0.230608 2.542277
 33 10.456542 -0.000008 0.000004 -0.076326 -0.083925 -1.089602
 34 24.248116 0.000002 -0.000004 -0.023035 -0.028404 0.813308
 35 26.336975 0.000000 0.000004 -0.286332 -0.055617 0.932437
time 28
  0 0.000000 0.000000 0.000000 0.000000 -0.000000 -1.570796
  1 0.000000 0.000000 0.000000 0.000000 -0.000000 0.000000
  2 0.218757 -2.619545 21.937662 -1.570605 -0.352069 1.570797
  3 4.222169 -0.467508 0.000000 0.006788 -0.004246 -0.075781
  4 4.476987 -0.000002 -0.000000 0.012211 -0.022905 -0.053594
  5 4.477083 0.000000 0.000002 -0.015506 0.030695 -0.209882
  6 4.477077 -0.000004 -0.000002 -0.001635 -0.010069 -0.123511
  7 5.413502 -7.700466 -0.000000 -0.026251 -0.001070 -0.006101
  8 6.890240 0.000002 -0.000000 0.137272 -0.035995 -0.407342
  9 8.011925 0.000004 0.000005 0.011145 -0.006214 -0.270597
 10 7.210720 -0.000002 -0.000000 -0.024816 0.001801 0.421246
 11 8.581028 -0.304903 -0.000000 -0.018573 0.021268 0.921863
 12 22.523008 2.194031 6.355708 0.000000 -0.000000 0.000000
 13 22.523005 2.194038 -6.355709 0.000000 -0.000000 0.000000
 14 -3.006533 7.804720 -11.355459 0.770455 0.200548 1.902778
 15 10.384675 0.000008 0.000005 0.109835 -0.479592 -1.918021
 16 22.550743 -0.000006 -0.000004 0.124737 0.013019 2.011975
 17 30.814247 -0.000015 -0.000004 2.660474 -0.086139 0.414556
 18 -3.013796 7.815494 11.355459 0.142517 -0.381293 1.856347
 19 10.374533 -0.000002 0.000007 -0.118131 -0.434957 -1.798630
 20 22.550726 -0.000027 -0.000013 -0.128012 -0.055478 2.027015
 21 30.814270 -0.000023 0.000002 -2.710772 0.053635 0.378951
 22 -4.250660 -0.770624 0.000001 0.000000 0.000000 -3.084051
 23 10.363422 0.000000 0.000000 0.000000 -0.000008 -0.006243
 24 10.363076 0.000000 -0.000000 0.000000 0.000009 0.094696
 25 10.363081 -0.000004 -0.000002 -0.000009 -0.000015 -0.120914
 26 8.210358 -0.000006 -7.786025 0.000000 0.000000 0.087065
 27 8.210346 -0.000002 7.704017 0.000000 0.000000 0.087079
 28 1.854841 1.227791 -13.762345 2.791142 0.225114 2.556046
 29 10.456543 -0.000004 0.000004 0.075771 0.084095 -1.100263
 30 24.248093 0.000001 0.000007 0.025424 0.030190 0.897252
 31 26.336971 0.000019 0.000002 0.272635 0.060972 0.913048
 32 1.854847 1.227798 13.762341 -2.788241 -0.232824 2.561362
 33 10.456542 -0.000008 0.000004 -0.075139 -0.084510 -1.102963
 34 24.248116 0.000002 -0.000004 -0.023333 -0.028728 0.824377
 35 26.336975 0.000000 0.000004 -0.282173 -0.063590 0.928651
time 29
  0 0.000000 0.000000 0.000000 0.000000 -0.000000 -1.570796
  1 0.000000 0.000000 0.000000 0.000000 -0.000000 0.000000
  2 0.117191 -2.775800 21.824377 -1.570317 -0.382026 1.569838
  3 4.222169 -0.467508 0.000000 0.007543 -0.000872 -0.075643
  4 4.476987 -0.000002 -0.000000 0.012151 -0.020335 -0.055658
  5 4.477083 0.000000 0.000002 -0.015626 0.029063 -0.212461
  6 4.477077 -0.000004 -0.000002 -0.001192 -0.011648 -0.123745
  7 5.413502 -7.700466 -0.000000 -0.027660 -0.001614 0.017671
  8 6.890240 0.000002 -0.000000 0.144115 -0.024506 -0.411926
  9 8.011925 0.000004 0.000005 0.008853 0.001805 -0.272544
 10 7.210720 -0.000002 -0.000000 -0.026985 0.005544 0.430873
 11 8.581028 -0.304903 -0.000000 -0.018160 0.015173 0.873038
 12 22.523008 2.194031 6.355708 0.000000 -0.000000 0.000000
 13 22.523005 2.194038 -6.355709 0.000000 -0.000000 0.000000
 14 -3.006533 7.804720 -11.355459 0.786625 0.191221 1.943776
 15 10.384675 0.000008 0.000005 0.102776 -0.487018 -1.901914
 16 22.550743 -0.000006 -0.000004 0.124625 0.013163 1.990365
 17 30.814247 -0.000015 -0.000004 2.656411 -0.078020 0.408325
 18 -3.013796 7.815494 11.355459 0.163289 -0.382041 1.897330
 19 10.374533 -0.000002 0.000007 -0.126153 -0.449043 -1.782568
 20 22.550726 -0.000027 -0.000013 -0.126582 -0.056459 2.010885
 21 30.814270 -0.000023 0.000002 -2.718805 0.057672 0.372481
 22 -4.250660 -0.770624 0.000001 0.000000 0.000000 -3.065486
 23 10.363422 0.000000 0.000000 0.000000 -0.000008 -0.029173
 24 10.363076 0.000000 -0.000000 0.000000 0.000009 0.078462
 25 10.363081 -0.000004 -0.000002 -0.000009 -0.000015 -0.037875
 26 8.210358 -0.000006 -7.786025 0.000000 0.000000 0.123549
 27 8.210346 -0.000002 7.704017 0.000000 0.000000 0.123565
 28 1.854841 1.227791 -13.762345 2.796287 0.230073 2.577455
 29 10.456543 -0.000004 0.000004 0.075020 0.084451 -1.109077
 30 24.248093 0.000001 0.000007 0.025498 0.030271 0.900153
 31 26.336971 0.000019 0.000002 0.272070 0.070800 0.909568
 32 1.854847 1.227798 13.762341 -2.793880 -0.234903 2.579370
 33 10.456542 -0.000008 0.000004 -0.073850 -0.085094 -1.117269
 34 24.248116 0.000002 -0.000004 -0.023657 -0.029075 0.836308
 35 26.336975 0.000000 0.000004 -0.277713 -0.071097 0.923169
time 30
  0 0.000000 0.000000 0.000000 0.000000 -0.000000 -1.570796
  1 0.000000 0.000000 0.000000 0.000000 -0.000000 0.000000
  2 -0.007813 -2.959399 21.742344 -1.571084 -0.411585 1.570605
  3 4.222169 -0.467508 0.000000 0.008274 0.002780 -0.075659
  4 4.476987 -0.000002 -0.000000 0.010941 -0.016394 -0.056524
  5 4.477083 0.000000 0.000002 -0.015686 0.027222 -0.214210
  6 4.477077 -0.000004 -0.000002 -0.000760 -0.013132 -0.123916
  7 5.413502 -7.700466 -0.000000 -0.028750 -0.004588 0.026134
  8 6.890240 0.000002 -0.000000 0.150946 -0.011619 -0.414556
  9 8.011925 0.000004 0.000005 0.005383 0.010304 -0.272440
 10 7.210720 -0.000002 -0.000000 -0.029812 0.010505 0.439347
 11 8.581028 -0.304903 -0.000000 -0.015703 0.014678 0.855303
 12 22.523008 2.194031 6.355708 0.000000 -0.000000 0.000000
 13 22.523005 2.194038 -6.355709 0.000000 -0.000000 0.000000
 14 -3.006533 7.804720 -11.355459 0.799538 0.181329 1.980379
 15 10.384675 0.000008 0.000005 0.092915 -0.491622 -1.881475
 16 22.550743 -0.000006 -0.000004 0.124513 0.013278 1.964638
 17 30.814247 -0.000015 -0.000004 2.652000 -0.068867 0.403992
 18 -3.013796 7.815494 11.355459 0.183909 -0.381779 1.935007
 19 10.374533 -0.000002 0.000007 -0.134714 -0.462996 -1.764128
 20 22.550726 -0.000027 -0.000013 -0.125009 -0.057362 1.992708
 21 30.814270 -0.000023 0.000002 -2.727189 0.060241 0.367014
 22 -4.250660 -0.770624 0.000001 0.000000 0.000000 -3.045335
 23 10.363422 0.000000 0.000000 0.000000 -0.000008 -0.051355
 24 10.363076 0.000000 -0.000000 0.000000 0.000009 0.062718
 25 10.363081 -0.000004 -0.000002 -0.000009 -0.000015 0.018933
 26 8.210358 -0.000006 -7.786025 0.000000 0.000000 0.134521
 27 8.210346 -0.000002 7.704017 0.000000 0.000000 0.134518
 28 1.854841 1.227791 -13.762345 2.801343 0.235427 2.598925
 29 10.456543 -0.000004 0.000004 0.074251 0.084789 -1.117892
 30 24.248093 0.000001 0.000007 0.025535 0.030311 0.901989
 31 26.336971 0.000019 0.000002 0.272157 0.081180 0.904709
 32 1.854847 1.227798 13.762341 -2.799046 -0.236846 2.596043
 33 10.456542 -0.000008 0.000004 -0.072493 -0.085679 -1.132206
 34 24.248116 0.000002 -0.000004 -0.024007 -0.029447 0.849052
 35 26.336975 0.000000 0.000004 -0.272996 -0.077860 0.915709
time 31
  0 0.000000 0.000000 0.000000 0.000000 -0.000000 -1.570796
  1 0.000000 0.000000 0.000000 0.000000 -0.000000 0.000000
  2 -0.203131 -3.213313 21.703279 -1.573672 -0.440106 1.573960
  3 4.222169 -0.467508 0.000000 0.008969 0.006729 -0.075797
  4 4.476987 -0.000002 -0.000000 0.008232 -0.010761 -0.056213
  5 4.477083 0.000000 0.000002 -0.015758 0.025267 -0.215010
  6 4.477077 -0.000004 -0.000002 -0.000341 -0.014485 -0.124009
  7 5.413502 -7.700466 -0.000000 -0.029906 -0.010008 0.028934
  8 6.890240 0.000002 -0.000000 0.157513 0.003803 -0.413858
  9 8.011925 0.000004 0.000005 -0.000760 0.019330 -0.268910
 10 7.210720 -0.000002 -0.000000 -0.039804 0.021786 0.433850
 11 8.581028 -0.304903 -0.000000 -0.011179 0.014951 0.842650
 12 22.523008 2.194031 6.355708 0.000000 -0.000000 0.000000
 13 22.523005 2.194038 -6.355709 0.000000 -0.000000 0.000000
 14 -3.006533 7.804720 -11.355459 0.808545 0.171189 2.011694
 15 10.384675 0.000008 0.000005 0.080216 -0.495525 -1.854594
 16 22.550743 -0.000006 -0.000004 0.124433 0.013421 1.934554
 17 30.814247 -0.000015 -0.000004 2.647719 -0.059744 0.402488
 18 -3.013796 7.815494 11.355459 0.202848 -0.379313 1.968524
 19 10.374533 -0.000002 0.000007 -0.143679 -0.476917 -1.743311
 20 22.550726 -0.000027 -0.000013 -0.123313 -0.058187 1.972670
 21 30.814270 -0.000023 0.000002 -2.735048 0.059776 0.362663
 22 -4.250660 -0.770624 0.000001 0.000000 0.000000 -3.023979
 23 10.363422 0.000000 0.000000 0.000000 -0.000008 -0.072591
 24 10.363076 0.000000 -0.000000 0.000000 0.000009 0.047774
 25 10.363081 -0.000004 -0.000002 -0.000009 -0.000015 0.050560
 26 8.210358 -0.000006 -7.786025 0.000000 0.000000 0.141010
 27 8.210346 -0.000002 7.704017 0.000000 0.000000 0.140994
 28 1.854841 1.227791 -13.762345 2.806180 0.241077 2.620273
 29 10.456543 -0.000004 0.000004 0.073482 0.085145 -1.126749
 30 24.248093 0.000001 0.000007 0.025535 0.030352 0.902699
 31 26.336971 0.000019 0.000002 0.272983 0.092165 0.898302
 32 1.854847 1.227798 13.762341 -2.803806 -0.238652 2.611293
 33 10.456542 -0.000008 0.000004 -0.070730 -0.086430 -1.151754
 34 24.248116 0.000002 -0.000004 -0.024447 -0.029878 0.864386
 35 26.336975 0.000000 0.000004 -0.267935 -0.083723 0.906101
time 32
  0 0.000000 0.000000 0.000000 0.000000 -0.000000 -1.570796
  1 0.000000 0.000000 0.000000 0.000000 -0.000000 0.000000
  2 0.000000 7.064344 18.843819 -0.897272 -0.261599 1.570796
  3 4.222169 -0.467508 0.000000 0.008166 0.234985 -0.169409
  4 4.476987 -0.000002 -0.000000 0.009802 0.261761 -0.083427
  5 4.477083 0.000000 0.000002 -0.009071 0.022974 -0.060598
  6 4.477077 -0.000004 -0.000002 -0.009413 -0.189462 -0.004720
  7 5.413502 -7.700466 -0.000000 -0.067787 0.338158 -0.447501
  8 6.890240 0.000002 -0.000000 -0.111720 -0.137182 0.004701
  9 8.011925 0.000004 0.000005 -0.085313 -0.107004 0.005243
 10 7.210720 -0.000002 -0.000000 -0.067283 -0.200949 0.005417
 11 8.581028 -0.304903 -0.000000 0.212325 -0.222998 1.057646
 12 22.523008 2.194031 6.355708 0.000000 -0.000000 0.000000
 13 22.523005 2.194038 -6.355709 0.000000 -0.000000 0.000000
 14 -3.006533 7.804720 -11.355459 -0.040890 -0.052381 1.524732
 15 10.384675 0.000008 0.000005 0.009024 0.215102 -1.881642
 16 22.550743 -0.000006 -0.000004 0.118836 -0.033414 2.076564
 17 30.814247 -0.000015 -0.000004 2.949193 0.017152 0.539217
 18 -3.013796 7.815494 11.355459 -0.104970 -0.667114 1.540679
 19 10.374533 -0.000002 0.000007 0.009274 -0.122864 -1.906308
 20 22.550726 -0.000027 -0.000013 -0.128972 -0.057244 2.069820
 21 30.814270 -0.000023 0.000002 -2.751044 -0.061165 0.535087
 22 -4.250660 -0.770624 0.000001 0.000000 0.000000 -2.981960
 23 10.363422 0.000000 0.000000 0.000000 -0.205256 0.009887
 24 10.363076 0.000000 -0.000000 0.000000 0.125080 0.002116
 25 10.363081 -0.000004 -0.000002 0.014075 0.190049 0.098267
 26 8.210358 -0.000006 -7.414920 0.000000 0.000000 -0.000713
 27 8.210346 -0.000002 7.704017 0.000000 0.000000 0.006850
 28 1.854841 1.227791 -13.762345 2.690310 0.058084 2.487684
 29 10.456543 -0.000004 0.000004 0.030908 0.216291 -1.235384
 30 24.248093 0.000001 0.000007 0.016712 -0.041259 0.937628
 31 26.336971 0.000019 0.000002 0.330756 -0.105949 0.979209
 32 1.854847 1.227798 13.762341 -2.706670 -0.380825 2.487952
 33 10.456542 -0.000008 0.000004 -0.047872 0.117666 -1.231561
 34 24.248116 0.000002 -0.000004 -0.020730 -0.083114 0.934097
 35 26.336975 0.000000 0.000004 -0.236331 -0.051553 1.427524
time 33
  0 0.000000 0.000000 0.000000 0.000000 -0.000000 -1.570796
  1 0.000000 0.000000 0.000000 0.000000 -0.000000 0.000000
  2 0.003906 7.044813 18.078169 -0.897656 -0.261520 1.570892
  3 4.222169 -0.467508 0.000000 0.008226 0.233631 -0.172414
  4 4.476987 -0.000002 -0.000000 0.009323 0.260304 -0.087778
  5 4.477083 0.000000 0.000002 -0.008699 0.023167 -0.063503
  6 4.477077 -0.000004 -0.000002 -0.009713 -0.189217 -0.007773
  7 5.413502 -7.700466 -0.000000 -0.067694 0.322900 -0.453599
  8 6.890240 0.000002 -0.000000 -0.108712 -0.087542 0.000140
  9 8.011925 0.000004 0.000005 -0.084566 -0.089974 0.000156
 10 7.210720 -0.000002 -0.000000 -0.067008 -0.208876 0.000161
 11 8.581028 -0.304903 -0.000000 0.210075 -0.233207 1.050776
 12 22.523008 2.194031 6.355708 0.000000 -0.000000 0.000000
 13 22.523005 2.194038 -6.355709 0.000000 -0.000000 0.000000
 14 -3.006533 7.804720 -11.355459 -0.040836 -0.051215 1.511272
 15 10.384675 0.000008 0.000005 0.004392 0.214890 -1.892417
 16 22.550743 -0.000006 -0.000004 0.118820 -0.032639 2.064699
 17 30.814247 -0.000015 -0.000004 2.947620 0.017653 0.532198
 18 -3.013796 7.815494 11.355459 -0.105174 -0.665732 1.529507
 19 10.374533 -0.000002 0.000007 0.008734 -0.123030 -1.917673
 20 22.550726 -0.000027 -0.000013 -0.129237 -0.056695 2.057661
 21 30.814270 -0.000023 0.000002 -2.748097 -0.060798 0.533023
 22 -4.250660 -0.770624 0.000001 0.000000 0.000000 -2.983957
 23 10.363422 0.000000 0.000000 -0.000000 -0.202643 0.008171
 24 10.363076 0.000000 -0.000000 0.000000 0.120993 0.000155
 25 10.363081 -0.000004 -0.000002 0.014075 0.187430 0.096012
 26 8.210358 -0.000006 -7.703991 0.000000 0.000000 -0.000713
 27 8.210346 -0.000002 7.704017 0.000000 0.000000 0.000203
 28 1.854841 1.227791 -13.762345 2.690794 0.058355 2.475764
 29 10.456543 -0.000004 0.000004 0.031012 0.215811 -1.243808
 30 24.248093 0.000001 0.000007 0.016712 -0.040835 0.926024
 31 26.336971 0.000019 0.000002 0.330887 -0.105844 0.968384
 32 1.854847 1.227798 13.762341 -2.706839 -0.380387 2.479508
 33 10.456542 -0.000008 0.000004 -0.048041 0.116052 -1.239285
 34 24.248116 0.000002 -0.000004 -0.020781 -0.082898 0.934402
 35 26.336975 0.000000 0.000004 -0.236974 -0.051305 1.427523
time 34
  0 0.000000 0.000000 0.000000 0.000000 -0.000000 -1.570796
  1 0.000000 0.000000 0.000000 0.000000 -0.000000 0.000000
  2 0.023438 6.986217 18.328176 -0.899957 -0.261400 1.571180
  3 4.222169 -0.467508 0.000000 0.008106 0.231500 -0.171433
  4 4.476987 -0.000002 -0.000000 0.008867 0.257199 -0.086357
  5 4.477083 0.000000 0.000002 -0.008268 0.022295 -0.062555
  6 4.477077 -0.000004 -0.000002 -0.009737 -0.188484 -0.006776
  7 5.413502 -7.700466 -0.000000 -0.065168 0.275494 -0.451608
  8 6.890240 0.000002 -0.000000 -0.102552 0.000810 0.001629
  9 8.011925 0.000004 0.000005 -0.083322 -0.066506 0.001817
 10 7.210720 -0.000002 -0.000000 -0.066130 -0.227820 0.001877
 11 8.581028 -0.304903 -0.000000 0.207227 -0.241589 1.053020
 12 22.523008 2.194031 6.355708 0.000000 -0.000000 0.000000
 13 22.523005 2.194038 -6.355709 0.000000 -0.000000 0.000000
 14 -3.006533 7.804720 -11.355459 -0.039208 -0.047506 1.515667
 15 10.384675 0.000008 0.000005 -0.008046 0.213914 -1.888862
 16 22.550743 -0.000006 -0.000004 0.118820 -0.030974 2.068573
 17 30.814247 -0.000015 -0.000004 2.942160 0.017622 0.534490
 18 -3.013796 7.815494 11.355459 -0.111233 -0.660949 1.533155
 19 10.374533 -0.000002 0.000007 0.006375 -0.123728 -1.913962
 20 22.550726 -0.000027 -0.000013 -0.129830 -0.055380 2.061631
 21 30.814270 -0.000023 0.000002 -2.738064 -0.060798 0.533023
 22 -4.250660 -0.770624 0.000001 0.000000 0.000000 -2.983804
 23 10.363422 0.000000 0.000000 -0.000000 -0.195536 0.008303
 24 10.363076 0.000000 -0.000000 0.000000 0.115169 0.000258
 25 10.363081 -0.000004 -0.000002 0.014075 0.181791 0.096012
 26 8.210358 -0.000006 -7.703991 0.000000 0.000000 -0.000713
 27 8.210346 -0.000002 7.704017 0.000000 0.000000 0.002374
 28 1.854841 1.227791 -13.762345 2.691366 0.059219 2.479656
 29 10.456543 -0.000004 0.000004 0.031135 0.215134 -1.241115
 30 24.248093 0.000001 0.000007 0.016823 -0.040048 0.929813
 31 26.336971 0.000019 0.000002 0.331365 -0.105529 0.971919
 32 1.854847 1.227798 13.762341 -2.707379 -0.379129 2.482265
 33 10.456542 -0.000008 0.000004 -0.048177 0.114438 -1.236763
 34 24.248116 0.000002 -0.000004 -0.020833 -0.082706 0.937651
 35 26.336975 0.000000 0.000004 -0.237832 -0.050685 1.427524
time 35
  0 0.000000 0.000000 0.000000 0.000000 -0.000000 -1.570796
  1 0.000000 0.000000 0.000000 0.000000 -0.000000 0.000000
  2 0.050783 6.888558 18.328176 -0.904270 -0.261161 1.571659
  3 4.222169 -0.467508 0.000000 0.007819 0.228645 -0.170451
  4 4.476987 -0.000002 -0.000000 0.008412 0.252594 -0.084937
  5 4.477083 0.000000 0.000002 -0.007812 0.020421 -0.061606
  6 4.477077 -0.000004 -0.000002 -0.009497 -0.187338 -0.005779
  7 5.413502 -7.700466 -0.000000 -0.062244 0.228208 -0.449617
  8 6.890240 0.000002 -0.000000 -0.094355 0.104036 0.003118
  9 8.011925 0.000004 0.000005 -0.081082 -0.034427 0.003478
 10 7.210720 -0.000002 -0.000000 -0.064675 -0.250436 0.003593
 11 8.581028 -0.304903 -0.000000 0.203714 -0.248145 1.055263
 12 22.523008 2.194031 6.355708 0.000000 -0.000000 0.000000
 13 22.523005 2.194038 -6.355709 0.000000 -0.000000 0.000000
 14 -3.006533 7.804720 -11.355459 -0.036170 -0.041464 1.520062
 15 10.384675 0.000008 0.000005 -0.027692 0.212238 -1.885419
 16 22.550743 -0.000006 -0.000004 0.118788 -0.028478 2.072448
 17 30.814247 -0.000015 -0.000004 2.933162 0.017089 0.536782
 18 -3.013796 7.815494 11.355459 -0.122026 -0.653102 1.536803
 19 10.374533 -0.000002 0.000007 0.002196 -0.124891 -1.910251
 20 22.550726 -0.000027 -0.000013 -0.130708 -0.053416 2.065602
 21 30.814270 -0.000023 0.000002 -2.722103 -0.061214 0.533190
 22 -4.250660 -0.770624 0.000001 0.000000 0.000000 -2.983701
 23 10.363422 0.000000 0.000000 -0.000000 -0.184463 0.008391
 24 10.363076 0.000000 -0.000000 0.000000 0.107570 0.000361
 25 10.363081 -0.000004 -0.000002 0.014075 0.173241 0.096334
 26 8.210358 -0.000006 -7.680552 0.000000 0.000000 -0.000713
 27 8.210346 -0.000002 7.704017 0.000000 0.000000 0.004544
 28 1.854841 1.227791 -13.762345 2.692070 0.060625 2.483548
 29 10.456543 -0.000004 0.000004 0.031292 0.214245 -1.238337
 30 24.248093 0.000001 0.000007 0.016934 -0.038918 0.933602
 31 26.336971 0.000019 0.000002 0.332148 -0.104977 0.975453
 32 1.854847 1.227798 13.762341 -2.708257 -0.377022 2.485023
 33 10.456542 -0.000008 0.000004 -0.048347 0.112851 -1.234241
 34 24.248116 0.000002 -0.000004 -0.020885 -0.082503 0.940900
 35 26.336975 0.000000 0.000004 -0.238904 -0.049785 1.427523
time 36
  0 0.000000 0.000000 0.000000 0.000000 -0.000000 -1.570796
  1 0.000000 0.000000 0.000000 0.000000 -0.000000 0.000000
  2 0.089846 6.763554 18.328176 -0.910789 -0.260921 1.572235
  3 4.222169 -0.467508 0.000000 0.007411 0.225141 -0.170451
  4 4.476987 -0.000002 -0.000000 0.007968 0.246597 0.088936
  5 4.477083 0.000000 0.000002 -0.007333 0.017611 0.054492
  6 4.477077 -0.000004 -0.000002 -0.009054 -0.185816 0.116204
  7 5.413502 -7.700466 -0.000000 -0.058961 0.181160 -0.205892
  8 6.890240 0.000002 -0.000000 -0.086433 0.208008 0.185403
  9 8.011925 0.000004 0.000005 -0.077861 0.005687 0.206796
 10 7.210720 -0.000002 -0.000000 -0.062644 -0.269344 0.213653
 11 8.581028 -0.304903 -0.000000 0.199535 -0.252891 1.329809
 12 22.523008 2.194031 6.355708 0.000000 -0.000000 0.000000
 13 22.523005 2.194038 -6.355709 0.000000 -0.000000 0.000000
 14 -3.006533 7.804720 -11.355459 -0.031883 -0.033126 2.057980
 15 10.384675 0.000008 0.000005 -0.054100 0.209968 -1.450268
 16 22.550743 -0.000006 -0.000004 0.118772 -0.025263 2.546601
 17 30.814247 -0.000015 -0.000004 2.920889 0.016086 0.817296
 18 -3.013796 7.815494 11.355459 -0.136485 -0.642452 1.983286
 19 10.374533 -0.000002 0.000007 -0.003669 -0.126485 -1.456052
 20 22.550726 -0.000027 -0.000013 -0.131872 -0.050884 2.551539
 21 30.814270 -0.000023 0.000002 -2.701370 -0.062144 0.755233
 22 -4.250660 -0.770624 0.000001 0.000000 0.000000 -2.780723
 23 10.363422 0.000000 0.000000 0.000000 -0.169973 0.182833
 24 10.363076 0.000000 -0.000000 0.000000 0.099025 0.204852
 25 10.363081 -0.000004 -0.000002 0.014075 0.161917 0.096012
 26 8.210358 -0.000006 23.418053 0.000000 0.000000 -0.000713
 27 8.210346 -0.000002 7.704017 0.000000 0.000000 0.270154
 28 1.854841 1.227791 -13.762345 2.692993 0.062550 2.959955
 29 10.456543 -0.000004 0.000004 0.031467 0.213177 -0.898190
 30 24.248093 0.000001 0.000007 0.017120 -0.037466 1.397325
 31 26.336971 0.000019 0.000002 0.333279 -0.104241 1.408039
 32 1.854847 1.227798 13.762341 -2.709438 -0.374121 2.822477
 33 10.456542 -0.000008 0.000004 -0.048482 0.111210 -0.925534
 34 24.248116 0.000002 -0.000004 -0.020924 -0.082311 1.338604
 35 26.336975 0.000000 0.000004 -0.240190 -0.048606 1.427524
time 37
  0 0.000000 0.000000 0.000000 0.000000 -0.000000 -1.570796
  1 0.000000 0.000000 0.000000 0.000000 -0.000000 0.000000
  2 0.132817 6.607299 18.328176 -0.919321 -0.260642 1.573002
  3 4.222169 -0.467508 0.000000 0.006872 0.221044 -0.170451
  4 4.476987 -0.000002 -0.000000 0.007549 0.239336 0.088936
  5 4.477083 0.000000 0.000002 -0.006829 0.013976 -0.060791
  6 4.477077 -0.000004 -0.000002 -0.008430 -0.183993 -0.008146
  7 5.413502 -7.700466 -0.000000 -0.055386 0.134366 -0.452946
  8 6.890240 0.000002 -0.000000 -0.079362 0.248381 0.000070
  9 8.011925 0.000004 0.000005 -0.074102 0.050339 0.000337
 10 7.210720 -0.000002 -0.000000 -0.060036 -0.276901 0.000590
 11 8.581028 -0.304903 -0.000000 0.194597 -0.255827 1.152561
 12 22.523008 2.194031 6.355708 0.000000 -0.000000 0.000000
 13 22.523005 2.194038 -6.355709 0.000000 -0.000000 0.000000
 14 -3.006533 7.804720 -11.355459 -0.026511 -0.022739 1.539153
 15 10.384675 0.000008 0.000005 -0.086595 0.207188 -1.916410
 16 22.550743 -0.000006 -0.000004 0.118740 -0.021447 1.992604
 17 30.814247 -0.000015 -0.000004 2.905732 0.014550 0.498929
 18 -3.013796 7.815494 11.355459 -0.153592 -0.629299 1.511267
 19 10.374533 -0.000002 0.000007 -0.011286 -0.128379 -1.909497
 20 22.550726 -0.000027 -0.000013 -0.133282 -0.047861 2.057661
 21 30.814270 -0.000023 0.000002 -2.677059 -0.063661 0.134400
 22 -4.250660 -0.770624 0.000001 0.000000 0.000000 -2.940939
 23 10.363422 0.000000 0.000000 -0.000000 -0.152572 -0.065769
 24 10.363076 0.000000 -0.000000 0.000000 0.090409 0.004026
 25 10.363081 -0.000004 -0.000002 0.014075 0.147913 0.096012
 26 8.210358 -0.000006 -7.657115 0.000000 0.000000 -0.000713
 27 8.210346 -0.000002 7.704017 0.000000 0.000000 -0.010308
 28 1.854841 1.227791 -13.762345 2.694004 0.065017 2.620820
 29 10.456543 -0.000004 0.000004 0.031659 0.211914 -1.251710
 30 24.248093 0.000001 0.000007 0.017379 -0.035730 0.947633
 31 26.336971 0.000019 0.000002 0.334802 -0.103348 1.057464
 32 1.854847 1.227798 13.762341 -2.710958 -0.370455 2.447714
 33 10.456542 -0.000008 0.000004 -0.048652 0.109540 -1.218871
 34 24.248116 0.000002 -0.000004 -0.020963 -0.082107 0.900282
 35 26.336975 0.000000 0.000004 -0.241777 -0.047210 1.427523
time 38
  0 0.000000 0.000000 0.000000 0.000000 -0.000000 -1.570796
  1 0.000000 0.000000 0.000000 0.000000 -0.000000 0.000000
  2 0.183599 6.423700 18.328176 -0.930153 -0.260283 1.573864
  3 4.222169 -0.467508 0.000000 0.006249 0.216428 -0.170451
  4 4.476987 -0.000002 -0.000000 0.007130 0.230940 0.088936
  5 4.477083 0.000000 0.000002 -0.006326 0.009534 -0.060791
  6 4.477077 -0.000004 -0.000002 -0.007651 -0.181888 -0.008349
  7 5.413502 -7.700466 -0.000000 -0.051558 0.087878 -0.452261
  8 6.890240 0.000002 -0.000000 -0.073609 0.248263 0.000279
  9 8.011925 0.000004 0.000005 -0.069871 0.097850 0.000285
 10 7.210720 -0.000002 -0.000000 -0.056412 -0.245740 0.000107
 11 8.581028 -0.304903 -0.000000 0.188902 -0.256681 1.153333
 12 22.523008 2.194031 6.355708 0.000000 -0.000000 0.000000
 13 22.523005 2.194038 -6.355709 0.000000 -0.000000 0.000000
 14 -3.006533 7.804720 -11.355459 -0.020217 -0.010303 1.537986
 15 10.384675 0.000008 0.000005 -0.124694 0.203985 -1.915854
 16 22.550743 -0.000006 -0.000004 0.118708 -0.017113 1.993634
 17 30.814247 -0.000015 -0.000004 2.887998 0.012544 0.499323
 18 -3.013796 7.815494 11.355459 -0.172379 -0.613941 1.510754
 19 10.374533 -0.000002 0.000007 -0.020522 -0.130572 -1.909497
 20 22.550726 -0.000027 -0.000013 -0.134896 -0.044425 2.056172
 21 30.814270 -0.000023 0.000002 -2.650293 -0.065814 0.134066
 22 -4.250660 -0.770624 0.000001 0.000000 0.000000 -2.779955
 23 10.363422 0.000000 0.000000 -0.000000 -0.132809 0.183493
 24 10.363076 0.000000 -0.000000 0.000000 0.081732 0.204853
 25 10.363081 -0.000004 -0.000002 0.014075 0.131321 0.097891
 26 8.210358 -0.000006 -7.657115 0.000000 0.000000 -0.000713
 27 8.210346 -0.000002 7.704017 0.000000 0.000000 -0.010207
 28 1.854841 1.227791 -13.762345 2.695235 0.067953 2.620577
 29 10.456543 -0.000004 0.000004 0.031868 0.210472 -1.251666
 30 24.248093 0.000001 0.000007 0.017639 -0.033733 0.946804
 31 26.336971 0.000019 0.000002 0.336716 -0.102297 1.057188
 32 1.854847 1.227798 13.762341 -2.712747 -0.365995 2.447929
 33 10.456542 -0.000008 0.000004 -0.048822 0.107787 -1.218949
 34 24.248116 0.000002 -0.000004 -0.021002 -0.081879 0.900384
 35 26.336975 0.000000 0.000004 -0.243621 -0.045566 1.427523
time 39
  0 0.000000 0.000000 0.000000 0.000000 -0.000000 -1.570796
  1 0.000000 0.000000 0.000000 0.000000 -0.000000 0.000000
  2 0.238289 6.212756 18.328176 -0.943286 -0.259924 1.574823
  3 4.222169 -0.467508 0.000000 0.005542 0.211368 -0.170451
  4 4.476987 -0.000002 -0.000000 0.006734 0.221538 0.088936
  5 4.477083 0.000000 0.000002 -0.005811 0.004413 -0.060791
  6 4.477077 -0.000004 -0.000002 -0.006752 -0.179577 -0.008349
  7 5.413502 -7.700466 -0.000000 -0.047517 0.041696 -0.450986
  8 6.890240 0.000002 -0.000000 -0.068792 0.244982 0.000326
  9 8.011925 0.000004 0.000005 -0.061830 0.172663 0.000130
 10 7.210720 -0.000002 -0.000000 -0.051663 -0.166981 -0.000295
 11 8.581028 -0.304903 -0.000000 0.181830 -0.242136 1.155716
 12 22.523008 2.194031 6.355708 0.000000 -0.000000 0.000000
 13 22.523005 2.194038 -6.355709 0.000000 -0.000000 0.000000
 14 -3.006533 7.804720 -11.355459 -0.013272 0.003971 1.537711
 15 10.384675 0.000008 0.000005 -0.167760 0.200441 -1.915299
 16 22.550743 -0.000006 -0.000004 0.118676 -0.012378 1.995268
 17 30.814247 -0.000015 -0.000004 2.868124 0.010099 0.504014
 18 -3.013796 7.815494 11.355459 -0.191573 -0.596603 1.509899
 19 10.374533 -0.000002 0.000007 -0.031375 -0.132964 -1.909903
 20 22.550726 -0.000027 -0.000013 -0.136693 -0.040676 2.051520
 21 30.814270 -0.000023 0.000002 -2.622299 -0.068677 0.136353
 22 -4.250660 -0.770624 0.000001 0.000000 0.000000 2.903719
 23 10.363422 0.000000 0.000000 0.000000 -0.111213 0.163886
 24 10.363076 0.000000 -0.000000 -0.000000 0.073007 0.033553
 25 10.363081 -0.000004 -0.000002 0.014075 0.112264 0.309904
 26 8.210358 -0.000006 -7.629770 0.000000 0.000000 -0.000713
 27 8.210346 -0.000002 7.704017 0.000000 0.000000 -0.009732
 28 1.854841 1.227791 -13.762345 2.696687 0.071358 2.620151
 29 10.456543 -0.000004 0.000004 0.032096 0.208853 -1.251623
 30 24.248093 0.000001 0.000007 0.017972 -0.031493 0.945620
 31 26.336971 0.000019 0.000002 0.339065 -0.101114 1.056359
 32 1.854847 1.227798 13.762341 -2.714840 -0.360823 2.448145
 33 10.456542 -0.000008 0.000004 -0.048991 0.105950 -1.219068
 34 24.248116 0.000002 -0.000004 -0.021028 -0.081640 0.900587
 35 26.336975 0.000000 0.000004 -0.245851 -0.043767 1.427523
time 40
  0 0.000000 0.000000 0.000000 0.000000 -0.000000 -1.570796
  1 0.000000 0.000000 0.000000 0.000000 -0.000000 0.000000
  2 0.300790 5.982280 23.578339 -0.958720 -0.259565 1.575781
  3 4.222169 -0.467508 0.000000 0.004787 0.205899 -0.164532
  4 4.476987 -0.000002 -0.000000 0.006351 0.211279 -0.078610
  5 4.477083 0.000000 0.000002 -0.005307 -0.001354 -0.010812
  6 4.477077 -0.000004 -0.000002 -0.005782 -0.177115 -0.007695
  7 5.413502 -7.700466 -0.000000 -0.043317 -0.003517 -0.563685
  8 6.890240 0.000002 -0.000000 -0.064849 0.239101 0.000535
  9 8.011925 0.000004 0.000005 -0.053618 0.245192 -0.000909
 10 7.210720 -0.000002 -0.000000 -0.046420 -0.065147 -0.002628
 11 8.581028 -0.304903 -0.000000 0.174711 -0.227676 1.222801
 12 22.523008 2.194031 6.355708 0.000000 -0.000000 0.000000
 13 22.523005 2.194038 -6.355709 0.000000 -0.000000 0.000000
 14 -3.006533 7.804720 -11.355459 -0.005838 0.019975 1.582211
 15 10.384675 0.000008 0.000005 -0.215196 0.196622 -1.913077
 16 22.550743 -0.000006 -0.000004 0.118628 -0.007327 2.039033
 17 30.814247 -0.000015 -0.000004 2.846328 0.007152 0.654531
 18 -3.013796 7.815494 11.355459 -0.210411 -0.577471 1.476098
 19 10.374533 -0.000002 0.000007 -0.043711 -0.135489 -1.934373
 20 22.550726 -0.000027 -0.000013 -0.138634 -0.036730 1.941528
 21 30.814270 -0.000023 0.000002 -2.594164 -0.072249 0.301497
 22 -4.250660 -0.770624 0.000001 0.000000 0.000000 -2.784052
 23 10.363422 0.000000 0.000000 -0.000000 -0.088358 -0.084255
 24 10.363076 0.000000 -0.000000 -0.000000 0.064258 -0.164099
 25 10.363081 -0.000004 -0.000002 0.014075 0.090834 0.096334
 26 8.210358 -0.000006 -7.629770 0.000000 0.000000 -0.000713
 27 8.210346 -0.000002 7.704017 0.000000 0.000000 0.063207
 28 1.854841 1.227791 -13.762345 2.698313 0.075207 2.581530
 29 10.456543 -0.000004 0.000004 0.032340 0.207074 -1.246152
 30 24.248093 0.000001 0.000007 0.018306 -0.029031 0.865047
 31 26.336971 0.000019 0.000002 0.341893 -0.099800 0.871794
 32 1.854847 1.227798 13.762341 -2.717204 -0.354941 2.467445
 33 10.456542 -0.000008 0.000004 -0.049161 0.103946 -1.230536
 34 24.248116 0.000002 -0.000004 -0.021079 -0.081352 1.338604
 35 26.336975 0.000000 0.000004 -0.248381 -0.041812 1.427523
time 41
  0 0.000000 0.000000 0.000000 0.000000 -0.000000 -1.570796
  1 0.000000 0.000000 0.000000 0.000000 -0.000000 0.000000
  2 0.359386 5.732273 23.633026 -0.976454 -0.259206 1.576836
  3 4.222169 -0.467508 0.000000 0.003996 0.200152 -0.163612
  4 4.476987 -0.000002 -0.000000 0.005967 0.200313 -0.276833
  5 4.477083 0.000000 0.000002 -0.004828 -0.007621 -0.003623
  6 4.477077 -0.000004 -0.000002 -0.004763 -0.174540 -0.007710
  7 5.413502 -7.700466 -0.000000 -0.038705 -0.027458 -0.550616
  8 6.890240 0.000002 -0.000000 -0.061781 0.230671 0.001513
  9 8.011925 0.000004 0.000005 -0.046258 0.300579 -0.001402
 10 7.210720 -0.000002 -0.000000 -0.041506 0.034339 -0.003460
 11 8.581028 -0.304903 -0.000000 0.167638 -0.213250 1.236015
 12 22.523008 2.194031 6.355708 0.000000 -0.000000 0.000000
 13 22.523005 2.194038 -6.355709 0.000000 -0.000000 0.000000
 14 -3.006533 7.804720 -11.355459 0.001758 0.037499 1.593268
 15 10.384675 0.000008 0.000005 -0.266143 0.192612 -1.913133
 16 22.550743 -0.000006 -0.000004 0.118596 -0.002104 2.043936
 17 30.814247 -0.000015 -0.000004 2.823178 0.003798 0.664487
 18 -3.013796 7.815494 11.355459 -0.228485 -0.556769 1.472279
 19 10.374533 -0.000002 0.000007 -0.057462 -0.138080 -1.935301
 20 22.550726 -0.000027 -0.000013 -0.140677 -0.032647 1.941962
 21 30.814270 -0.000023 0.000002 -2.567258 -0.076506 0.313602
 22 -4.250660 -0.770624 0.000001 0.000000 0.000000 -2.779750
 23 10.363422 0.000000 0.000000 -0.000000 -0.064976 -0.058001
 24 10.363076 0.000000 -0.000000 0.000000 0.055545 -0.201265
 25 10.363081 -0.000004 -0.000002 0.014075 0.067309 0.096334
 26 8.210358 -0.000006 -7.516485 0.000000 0.000000 -0.000713
 27 8.210346 -0.000002 7.704017 0.000000 0.000000 0.067411
 28 1.854841 1.227791 -13.762345 2.700161 0.079475 2.578976
 29 10.456543 -0.000004 0.000004 0.032620 0.205134 -1.246022
 30 24.248093 0.000001 0.000007 0.018677 -0.026428 0.864277
 31 26.336971 0.000019 0.000002 0.345112 -0.098434 0.863344
 32 1.854847 1.227798 13.762341 -2.719770 -0.348374 2.469686
 33 10.456542 -0.000008 0.000004 -0.049364 0.101831 -1.219935
 34 24.248116 0.000002 -0.000004 -0.021118 -0.081017 1.013404
 35 26.336975 0.000000 0.000004 -0.251297 -0.039765 1.427524
time 42
  0 0.000000 0.000000 0.000000 0.000000 -0.000000 -1.570796
  1 0.000000 0.000000 0.000000 0.000000 -0.000000 0.000000
  2 0.421888 5.466639 26.074509 -0.996777 -0.258807 1.577891
  3 4.222169 -0.467508 0.000000 0.003181 0.194109 -0.163045
  4 4.476987 -0.000002 -0.000000 0.005607 0.188661 -0.273725
  5 4.477083 0.000000 0.000002 -0.004361 -0.014422 0.003595
  6 4.477077 -0.000004 -0.000002 -0.003720 -0.171909 -0.008053
  7 5.413502 -7.700466 -0.000000 -0.034266 -0.050651 -0.550616
  8 6.890240 0.000002 -0.000000 -0.059539 0.219627 0.001257
  9 8.011925 0.000004 0.000005 -0.040757 0.323824 -0.001739
 10 7.210720 -0.000002 -0.000000 -0.037471 0.108984 -0.004452
 11 8.581028 -0.304903 -0.000000 0.160657 -0.198295 1.250035
 12 22.523008 2.194031 6.355708 0.000000 -0.000000 0.000000
 13 22.523005 2.194038 -6.355709 0.000000 -0.000000 0.000000
 14 -3.006533 7.804720 -11.355459 0.009409 0.056577 1.605492
 15 10.384675 0.000008 0.000005 -0.320601 0.188497 -1.913244
 16 22.550743 -0.000006 -0.000004 0.118564 0.003262 2.048719
 17 30.814247 -0.000015 -0.000004 2.798762 0.000005 0.673476
 18 -3.013796 7.815494 11.355459 -0.245948 -0.534349 1.468289
 19 10.374533 -0.000002 0.000007 -0.072764 -0.140705 -1.935707
 20 22.550726 -0.000027 -0.000013 -0.142821 -0.028505 1.942954
 21 30.814270 -0.000023 0.000002 -2.542245 -0.081547 0.325874
 22 -4.250660 -0.770624 0.000001 0.000000 0.000000 -2.786946
 23 10.363422 0.000000 0.000000 0.000000 -0.041415 -0.013417
 24 10.363076 0.000000 -0.000000 0.000000 0.046785 -0.238715
 25 10.363081 -0.000004 -0.000002 0.014075 0.042783 0.096522
 26 8.210358 -0.000006 -6.950062 0.000000 0.000000 -0.000713
 27 8.210346 -0.000002 7.704017 0.000000 0.000000 0.071548
 28 1.854841 1.227791 -13.762345 2.702227 0.084163 2.576421
 29 10.456543 -0.000004 0.000004 0.032899 0.203034 -1.245935
 30 24.248093 0.000001 0.000007 0.019084 -0.023624 0.864396
 31 26.336971 0.000019 0.000002 0.348897 -0.096936 0.855557
 32 1.854847 1.227798 13.762341 -2.722572 -0.341095 2.822477
 33 10.456542 -0.000008 0.000004 -0.049568 0.099521 -1.219344
 34 24.248116 0.000002 -0.000004 -0.021170 -0.080633 1.012643
 35 26.336975 0.000000 0.000004 -0.254642 -0.037594 1.427523
time 43
  0 0.000000 0.000000 0.000000 0.000000 -0.000000 -1.570796
  1 0.000000 0.000000 0.000000 0.000000 -0.000000 0.000000
  2 0.484390 5.181474 18.843819 -1.019688 -0.258448 1.578945
  3 4.222169 -0.467508 0.000000 0.002366 0.187880 -0.162815
  4 4.476987 -0.000002 -0.000000 0.005248 0.176517 -0.270618
  5 4.477083 0.000000 0.000002 -0.003929 -0.021610 0.011258
  6 4.477077 -0.000004 -0.000002 -0.002690 -0.169279 -0.008816
  7 5.413502 -7.700466 -0.000000 -0.032285 -0.051211 -0.550617
  8 6.890240 0.000002 -0.000000 -0.058173 0.205472 0.001606
  9 8.011925 0.000004 0.000005 -0.036737 0.325901 -0.001869
 10 7.210720 -0.000002 -0.000000 -0.034314 0.156353 -0.005605
 11 8.581028 -0.304903 -0.000000 0.153837 -0.182503 1.264686
 12 22.523008 2.194031 6.355708 0.000000 -0.000000 0.000000
 13 22.523005 2.194038 -6.355709 0.000000 -0.000000 0.000000
 14 -3.006533 7.804720 -11.355459 0.016842 0.077034 1.454754
 15 10.384675 0.000008 0.000005 -0.377674 0.184296 -1.913355
 16 22.550743 -0.000006 -0.000004 0.118516 0.008629 2.053319
 17 30.814247 -0.000015 -0.000004 2.773515 -0.004165 0.681497
 18 -3.013796 7.815494 11.355459 -0.262698 -0.510509 1.464185
 19 10.374533 -0.000002 0.000007 -0.089347 -0.143296 -1.935649
 20 22.550726 -0.000027 -0.000013 -0.145027 -0.024421 1.943885
 21 30.814270 -0.000023 0.000002 -2.519583 -0.087223 0.338342
 22 -4.250660 -0.770624 0.000001 0.000000 0.000000 -2.806560
 23 10.363422 0.000000 0.000000 -0.000000 -0.018416 0.032070
 24 10.363076 0.000000 -0.000000 0.000000 0.038048 -0.276346
 25 10.363081 -0.000004 -0.000002 0.014075 0.018811 0.096603
 26 8.210358 -0.000006 -2.488988 0.000000 0.000000 -0.000713
 27 8.210346 -0.000002 7.704017 0.000000 0.000000 0.075617
 28 1.854841 1.227791 -13.762345 2.704558 0.089245 2.573806
 29 10.456543 -0.000004 0.000004 0.033179 0.200810 -1.245892
 30 24.248093 0.000001 0.000007 0.019492 -0.020718 0.865521
 31 26.336971 0.000019 0.000002 0.353161 -0.095412 1.408039
 32 1.854847 1.227798 13.762341 -2.725577 -0.333160 2.498722
 33 10.456542 -0.000008 0.000004 -0.049805 0.096989 -1.219344
 34 24.248116 0.000002 -0.000004 -0.021222 -0.080190 0.907289
 35 26.336975 0.000000 0.000004 -0.258415 -0.035360 1.427524
time 44
  0 0.000000 0.000000 0.000000 0.000000 -0.000000 -1.570796
  1 0.000000 0.000000 0.000000 0.000000 -0.000000 0.000000
  2 0.546892 4.888497 18.078169 -1.045187 -0.258089 1.579904
  3 4.222169 -0.467508 0.000000 0.001575 0.181540 -0.162892
  4 4.476987 -0.000002 -0.000000 0.004912 0.163988 -0.267554
  5 4.477083 0.000000 0.000002 -0.003534 -0.029154 0.019335
  6 4.477077 -0.000004 -0.000002 -0.001719 -0.166685 -0.010031
  7 5.413502 -7.700466 -0.000000 -0.030451 -0.051058 -0.550617
  8 6.890240 0.000002 -0.000000 -0.058497 0.174823 0.003072
  9 8.011925 0.000004 0.000005 -0.033960 0.320293 -0.002154
 10 7.210720 -0.000002 -0.000000 -0.031569 0.193799 -0.006838
 11 8.581028 -0.304903 -0.000000 0.147247 -0.165483 1.279933
 12 22.523008 2.194031 6.355708 0.000000 -0.000000 0.000000
 13 22.523005 2.194038 -6.355709 0.000000 -0.000000 0.000000
 14 -3.006533 7.804720 -11.355459 0.023896 0.098691 1.454548
 15 10.384675 0.000008 0.000005 -0.436726 0.180180 -1.913522
 16 22.550743 -0.000006 -0.000004 0.118484 0.013909 2.057617
 17 30.814247 -0.000015 -0.000004 2.747788 -0.008773 0.688517
 18 -3.013796 7.815494 11.355459 -0.278634 -0.485286 1.459910
 19 10.374533 -0.000002 0.000007 -0.107346 -0.145721 -1.935069
 20 22.550726 -0.000027 -0.000013 -0.147274 -0.020456 1.944443
 21 30.814270 -0.000023 0.000002 -2.499448 -0.093535 0.351060
 22 -4.250660 -0.770624 0.000001 0.000000 0.000000 -2.833907
 23 10.363422 0.000000 0.000000 0.000000 0.003408 0.075554
 24 10.363076 0.000000 -0.000000 0.000000 0.029347 -0.314338
 25 10.363081 -0.000004 -0.000002 0.014075 -0.004714 0.094240
 26 8.210358 -0.000006 2.327565 0.000000 0.000000 -0.000713
 27 8.210346 -0.000002 7.704017 0.000000 0.000000 0.079585
 28 1.854841 1.227791 -13.762345 2.707064 0.094697 2.571130
 29 10.456543 -0.000004 0.000004 0.033493 0.198425 -0.898147
 30 24.248093 0.000001 0.000007 0.019900 -0.017691 1.397325
 31 26.336971 0.000019 0.000002 0.357989 -0.093835 1.014443
 32 1.854847 1.227798 13.762341 -2.728751 -0.324596 2.498507
 33 10.456542 -0.000008 0.000004 -0.050042 0.094234 -1.204288
 34 24.248116 0.000002 -0.000004 -0.021287 -0.079662 0.907289
 35 26.336975 0.000000 0.000004 -0.262618 -0.033095 1.427523
time 45
  0 0.000000 0.000000 0.000000 0.000000 -0.000000 -1.570796
  1 0.000000 0.000000 0.000000 0.000000 -0.000000 0.000000
  2 0.601581 4.587706 -18.243250 -1.073370 -0.257770 1.580862
  3 4.222169 -0.467508 0.000000 0.000832 0.175126 -0.163198
  4 4.476987 -0.000002 -0.000000 0.004589 0.151244 -0.264624
  5 4.477083 0.000000 0.000002 -0.003174 -0.036956 0.027739
  6 4.477077 -0.000004 -0.000002 -0.000832 -0.164205 -0.011713
  7 5.413502 -7.700466 -0.000000 -0.028670 -0.050973 -0.550616
  8 6.890240 0.000002 -0.000000 -0.058724 0.143612 0.004817
  9 8.011925 0.000004 0.000005 -0.032192 0.309334 -0.002803
 10 7.210720 -0.000002 -0.000000 -0.029373 0.223141 -0.008126
 11 8.581028 -0.304903 -0.000000 0.140978 -0.146857 1.295600
 12 22.523008 2.194031 6.355708 0.000000 -0.000000 0.000000
 13 22.523005 2.194038 -6.355709 0.000000 -0.000000 0.000000
 14 -3.006533 7.804720 -11.355459 0.030353 0.121444 1.454411
 15 10.384675 0.000008 0.000005 -0.497198 0.176127 -1.913744
 16 22.550743 -0.000006 -0.000004 0.118452 0.018989 2.061552
 17 30.814247 -0.000015 -0.000004 2.721974 -0.013757 0.694676
 18 -3.013796 7.815494 11.355459 -0.293653 -0.458830 1.455407
 19 10.374533 -0.000002 0.000007 -0.126557 -0.147980 -1.934025
 20 22.550726 -0.000027 -0.000013 -0.149501 -0.016706 1.944133
 21 30.814270 -0.000023 0.000002 -2.481977 -0.100460 0.364057
 22 -4.250660 -0.770624 0.000001 0.000000 0.000000 -2.861561
 23 10.363422 0.000000 0.000000 -0.000000 0.023434 0.112854
 24 10.363076 0.000000 -0.000000 -0.000000 0.020706 -0.352227
 25 10.363081 -0.000004 -0.000002 0.014075 -0.027838 0.094589
 26 8.210358 -0.000006 6.530819 0.000000 0.000000 -0.000713
 27 8.210346 -0.000002 7.704017 0.000000 0.000000 0.083484
 28 1.854841 1.227791 -13.762345 2.709835 0.100495 2.568454
 29 10.456543 -0.000004 0.000004 0.033808 0.195916 -1.256225
 30 24.248093 0.000001 0.000007 0.020345 -0.014604 0.944140
 31 26.336971 0.000019 0.000002 0.363384 -0.092232 1.014167
 32 1.854847 1.227798 13.762341 -2.732059 -0.315403 2.498334
 33 10.456542 -0.000008 0.000004 -0.050314 0.091201 -1.196052
 34 24.248116 0.000002 -0.000004 -0.021364 -0.079075 0.907289
 35 26.336975 0.000000 0.000004 -0.267335 -0.030862 1.427523
time 46
  0 0.000000 0.000000 0.000000 0.000000 -0.000000 -1.570796
  1 0.000000 0.000000 0.000000 0.000000 -0.000000 0.000000
  2 0.656270 4.279103 -18.090902 -1.104238 -0.257531 1.581725
  3 4.222169 -0.467508 0.000000 0.000137 0.168731 -0.163750
  4 4.476987 -0.000002 -0.000000 0.004289 0.138372 -0.261872
  5 4.477083 0.000000 0.000002 -0.002875 -0.044936 0.027739
  6 4.477077 -0.000004 -0.000002 -0.000065 -0.161874 -0.012273
  7 5.413502 -7.700466 -0.000000 -0.026942 -0.050922 -0.550616
  8 6.890240 0.000002 -0.000000 -0.058677 0.112493 0.005771
  9 8.011925 0.000004 0.000005 -0.030948 0.294253 -0.003608
 10 7.210720 -0.000002 -0.000000 -0.027781 0.245316 -0.009440
 11 8.581028 -0.304903 -0.000000 0.135099 -0.126302 1.311618
 12 22.523008 2.194031 6.355708 0.000000 -0.000000 0.000000
 13 22.523005 2.194038 -6.355709 0.000000 -0.000000 0.000000
 14 -3.006533 7.804720 -11.355459 0.036104 0.145080 1.454273
 15 10.384675 0.000008 0.000005 -0.558492 0.172287 -1.913966
 16 22.550743 -0.000006 -0.000004 0.118420 0.023752 2.064941
 17 30.814247 -0.000015 -0.000004 2.696378 -0.019086 0.700299
 18 -3.013796 7.815494 11.355459 -0.307603 -0.431216 1.450790
 19 10.374533 -0.000002 0.000007 -0.146983 -0.149974 -1.932518
 20 22.550726 -0.000027 -0.000013 -0.151728 -0.013290 1.942396
 21 30.814270 -0.000023 0.000002 -2.467349 -0.107922 0.377306
 22 -4.250660 -0.770624 0.000001 0.000000 0.000000 -2.889548
 23 10.363422 0.000000 0.000000 -0.000000 0.041039 0.131075
 24 10.363076 0.000000 -0.000000 0.000000 0.012137 -0.381547
 25 10.363081 -0.000004 -0.000002 0.014075 -0.050670 0.095072
 26 8.210358 -0.000006 7.792576 0.000000 0.000000 -0.000713
 27 8.210346 -0.000002 7.704017 0.000000 0.000000 -0.001729
 28 1.854841 1.227791 -13.762345 2.712869 0.106614 2.384594
 29 10.456543 -0.000004 0.000004 0.034140 0.193301 -1.256226
 30 24.248093 0.000001 0.000007 0.020790 -0.011457 0.944317
 31 26.336971 0.000019 0.000002 0.369344 -0.090629 1.013283
 32 1.854847 1.227798 13.762341 -2.735503 -0.305607 2.498119
 33 10.456542 -0.000008 0.000004 -0.050585 0.087917 -1.027215
 34 24.248116 0.000002 -0.000004 -0.021455 -0.078392 0.907289
 35 26.336975 0.000000 0.000004 -0.272567 -0.028628 1.427523
time 47
  0 0.000000 0.000000 0.000000 0.000000 -0.000000 -1.570796
  1 0.000000 0.000000 0.000000 0.000000 -0.000000 0.000000
  2 0.703146 3.966594 -17.852613 -1.138077 -0.257291 1.582492
  3 4.222169 -0.467508 0.000000 -0.000463 0.162391 -0.164471
  4 4.476987 -0.000002 -0.000000 0.004002 0.125521 -0.259364
  5 4.477083 0.000000 0.000002 -0.002647 -0.053029 0.027739
  6 4.477077 -0.000004 -0.000002 0.000558 -0.159751 -0.013612
  7 5.413502 -7.700466 -0.000000 -0.025241 -0.050888 -0.550616
  8 6.890240 0.000002 -0.000000 -0.058425 0.080158 0.006562
  9 8.011925 0.000004 0.000005 -0.030201 0.271792 -0.004439
 10 7.210720 -0.000002 -0.000000 -0.025118 0.243480 -0.010754
 11 8.581028 -0.304903 -0.000000 0.129542 -0.102453 1.327811
 12 22.523008 2.194031 6.355708 0.000000 -0.000000 0.000000
 13 22.523005 2.194038 -6.355709 0.000000 -0.000000 0.000000
 14 -3.006533 7.804720 -11.355459 0.041096 0.169493 1.454067
 15 10.384675 0.000008 0.000005 -0.619972 0.168680 -1.914244
 16 22.550743 -0.000006 -0.000004 0.118388 0.028114 2.067847
 17 30.814247 -0.000015 -0.000004 2.671437 -0.024698 0.705849
 18 -3.013796 7.815494 11.355459 -0.320382 -0.402555 1.445945
 19 10.374533 -0.000002 0.000007 -0.168486 -0.151635 -1.930488
 20 22.550726 -0.000027 -0.000013 -0.153913 -0.010287 1.938798
 21 30.814270 -0.000023 0.000002 -2.455632 -0.115874 0.390945
 22 -4.250660 -0.770624 0.000001 0.000000 0.000000 -2.917664
 23 10.363422 0.000000 0.000000 -0.000000 0.055649 0.116661
 24 10.363076 0.000000 -0.000000 0.000000 0.003616 -0.385908
 25 10.363081 -0.000004 -0.000002 0.014075 -0.073255 0.095717
 26 8.210358 -0.000006 8.538692 0.000000 0.000000 -0.000713
 27 8.210346 -0.000002 7.704017 0.000000 0.000000 -0.001628
 28 1.854841 1.227791 -13.762345 2.716167 0.113054 2.388304
 29 10.456543 -0.000004 0.000004 0.034472 0.190542 -1.256095
 30 24.248093 0.000001 0.000007 0.021235 -0.008289 0.944969
 31 26.336971 0.000019 0.000002 0.375913 -0.089026 1.011847
 32 1.854847 1.227798 13.762341 -2.739048 -0.295237 2.497947
 33 10.456542 -0.000008 0.000004 -0.050924 0.084271 -1.026742
 34 24.248116 0.000002 -0.000004 -0.021559 -0.077601 0.907289
 35 26.336975 0.000000 0.000004 -0.278313 -0.026488 1.427523
time 48
  0 0.000000 0.000000 0.000000 0.000000 -0.000000 -1.570796
  1 0.000000 0.000000 0.000000 0.000000 -0.000000 0.000000
  2 0.746117 3.654084 -17.536200 -1.174792 -0.257132 1.583163
  3 4.222169 -0.467508 0.000000 -0.000966 0.156218 -0.165345
  4 4.476987 -0.000002 -0.000000 0.003750 0.112820 -0.257166
  5 4.477083 0.000000 0.000002 -0.002479 -0.061170 0.027739
  6 4.477077 -0.000004 -0.000002 0.000978 -0.157890 -0.014858
  7 5.413502 -7.700466 -0.000000 -0.023579 -0.050939 -0.550616
  8 6.890240 0.000002 -0.000000 -0.060702 0.025826 0.007610
  9 8.011925 0.000004 0.000005 -0.030895 0.222076 -0.005191
 10 7.210720 -0.000002 -0.000000 -0.022894 0.241785 -0.012014
 11 8.581028 -0.304903 -0.000000 0.122193 -0.059961 1.344039
 12 22.523008 2.194031 6.355708 0.000000 -0.000000 0.000000
 13 22.523005 2.194038 -6.355709 0.000000 -0.000000 0.000000
 14 -3.006533 7.804720 -11.355459 0.045220 0.194542 1.453930
 15 10.384675 0.000008 0.000005 -0.681191 0.165455 -1.914521
 16 22.550743 -0.000006 -0.000004 0.118372 0.031989 2.070087
 17 30.814247 -0.000015 -0.000004 2.647457 -0.030622 0.711758
 18 -3.013796 7.815494 11.355459 -0.331685 -0.373035 1.440815
 19 10.374533 -0.000002 0.000007 -0.191069 -0.152897 -1.928053
 20 22.550726 -0.000027 -0.000013 -0.156017 -0.007755 1.932780
 21 30.814270 -0.000023 0.000002 -2.447037 -0.124315 0.406034
 22 -4.250660 -0.770624 0.000001 0.000000 0.000000 -2.945728
 23 10.363422 0.000000 0.000000 -0.000000 0.066638 0.102885
 24 10.363076 0.000000 -0.000000 0.000000 -0.005217 -0.357234
 25 10.363081 -0.000004 -0.000002 0.014075 -0.095687 0.096522
 26 8.210358 -0.000006 0.405632 0.000000 0.000000 -0.000713
 27 8.210346 -0.000002 7.704017 0.000000 0.000000 -0.001526
 28 1.854841 1.227791 -13.762345 2.719729 0.119789 2.392014
 29 10.456543 -0.000004 0.000004 0.034821 0.187695 -1.255965
 30 24.248093 0.000001 0.000007 0.021679 -0.005121 0.946034
 31 26.336971 0.000019 0.000002 0.383091 -0.087475 1.009914
 32 1.854847 1.227798 13.762341 -2.742695 -0.284292 2.497731
 33 10.456542 -0.000008 0.000004 -0.051263 0.080320 -1.026269
 34 24.248116 0.000002 -0.000004 -0.021675 -0.076714 0.907289
 35 26.336975 0.000000 0.000004 -0.284660 -0.024440 1.427524
time 49
  0 0.000000 0.000000 0.000000 0.000000 -0.000000 -1.570796
  1 0.000000 0.000000 0.000000 0.000000 -0.000000 0.000000
  2 0.777367 3.345481 -17.157282 -1.214383 -0.257012 1.583738
  3 4.222169 -0.467508 0.000000 -0.001349 0.150248 -0.166327
  4 4.476987 -0.000002 -0.000000 0.003510 0.100398 -0.255324
  5 4.477083 0.000000 0.000002 -0.002383 -0.069263 0.027739
  6 4.477077 -0.000004 -0.000002 0.001193 -0.156331 -0.016135
  7 5.413502 -7.700466 -0.000000 -0.021878 -0.049818 -0.550616
  8 6.890240 0.000002 -0.000000 -0.062751 -0.031355 0.008657
  9 8.011925 0.000004 0.000005 -0.034117 0.113266 -0.006022
 10 7.210720 -0.000002 -0.000000 -0.021110 0.241202 -0.012416
 11 8.581028 -0.304903 -0.000000 0.114684 -0.017281 1.360373
 12 22.523008 2.194031 6.355708 0.000000 -0.000000 0.000000
 13 22.523005 2.194038 -6.355709 0.000000 -0.000000 0.000000
 14 -3.006533 7.804720 -11.355459 0.048421 0.220015 1.453793
 15 10.384675 0.000008 0.000005 -0.741476 0.162676 -1.914855
 16 22.550743 -0.000006 -0.000004 0.118356 0.035232 2.071418
 17 30.814247 -0.000015 -0.000004 2.624744 -0.036767 0.718455
 18 -3.013796 7.815494 11.355459 -0.341409 -0.342731 1.435457
 19 10.374533 -0.000002 0.000007 -0.214662 -0.153695 -1.925212
 20 22.550726 -0.000027 -0.000013 -0.158019 -0.005791 1.923785
 21 30.814270 -0.000023 0.000002 -2.441530 -0.133148 0.423996
 22 -4.250660 -0.770624 0.000001 0.000000 0.000000 -2.973382
 23 10.363422 0.000000 0.000000 -0.000000 0.073422 0.088911
 24 10.363076 0.000000 -0.000000 0.000000 -0.011580 -0.292683
 25 10.363081 -0.000004 -0.000002 0.014075 -0.117994 0.097301
 26 8.210358 -0.000006 -6.914905 0.000000 0.000000 -0.000713
 27 8.210346 -0.000002 7.704017 0.000000 0.000000 -0.001458
 28 1.854841 1.227791 -13.762345 2.723554 0.126796 2.395724
 29 10.456543 -0.000004 0.000004 0.035153 0.184741 -1.255748
 30 24.248093 0.000001 0.000007 0.022087 -0.001993 0.947574
 31 26.336971 0.000019 0.000002 0.390878 -0.085978 1.007429
 32 1.854847 1.227798 13.762341 -2.746409 -0.272827 2.497516
 33 10.456542 -0.000008 0.000004 -0.051636 0.076006 -1.158651
 34 24.248116 0.000002 -0.000004 -0.021805 -0.075719 0.907289
 35 26.336975 0.000000 0.000004 -0.291564 -0.022486 1.427523
time 50
  0 0.000000 0.000000 0.000000 0.000000 -0.000000 -1.570796
  1 0.000000 0.000000 0.000000 0.000000 -0.000000 0.000000
  2 0.800806 3.040784 -16.719767 -1.256945 -0.256972 1.584122
  3 4.222169 -0.467508 0.000000 -0.001589 0.144576 -0.167400
  4 4.476987 -0.000002 -0.000000 0.003318 0.088425 -0.253903
  5 4.477083 0.000000 0.000002 -0.002383 -0.077210 0.027739
  6 4.477077 -0.000004 -0.000002 0.001157 -0.155128 -0.017459
  7 5.413502 -7.700466 -0.000000 -0.019685 -0.030533 -0.550616
  8 6.890240 0.000002 -0.000000 -0.064142 -0.084405 0.009518
  9 8.011925 0.000004 0.000005 -0.037352 0.008515 -0.006956
 10 7.210720 -0.000002 -0.000000 -0.019600 0.241573 -0.013382
 11 8.581028 -0.304903 -0.000000 0.107221 0.023692 1.376601
 12 22.523008 2.194031 6.355708 0.000000 -0.000000 0.000000
 13 22.523005 2.194038 -6.355709 0.000000 -0.000000 0.000000
 14 -3.006533 7.804720 -11.355459 0.050754 0.245700 1.453655
 15 10.384675 0.000008 0.000005 -0.800005 0.160385 -1.915188
 16 22.550743 -0.000006 -0.000004 0.118340 0.037728 2.071903
 17 30.814247 -0.000015 -0.000004 2.603822 -0.043130 0.726406
 18 -3.013796 7.815494 11.355459 -0.349301 -0.311903 1.429814
 19 10.374533 -0.000002 0.000007 -0.238997 -0.153960 -1.921906
 20 22.550726 -0.000027 -0.000013 -0.159898 -0.004515 1.911688
 21 30.814270 -0.000023 0.000002 -2.438653 -0.142250 0.444217
 22 -4.250660 -0.770624 0.000001 0.000000 0.000000 -3.000729
 23 10.363422 0.000000 0.000000 -0.000000 0.075435 0.075069
 24 10.363076 0.000000 -0.000000 0.000000 -0.010058 -0.208543
 25 10.363081 -0.000004 -0.000002 0.014075 -0.140179 0.101194
 26 8.210358 -0.000006 -7.680552 0.000000 0.000000 -0.000713
 27 8.210346 -0.000002 7.704017 0.000000 0.000000 -0.001424
 28 1.854841 1.227791 -13.762345 2.727732 0.134000 2.399312
 29 10.456543 -0.000004 0.000004 0.035520 0.181698 -1.255444
 30 24.248093 0.000001 0.000007 0.022532 0.001054 0.949646
 31 26.336971 0.000019 0.000002 0.399318 -0.084559 1.004502
 32 1.854847 1.227798 13.762341 -2.750123 -0.260925 2.497300
 33 10.456542 -0.000008 0.000004 -0.052043 0.071303 -1.231561
 34 24.248116 0.000002 -0.000004 -0.021947 -0.074605 0.907289
 35 26.336975 0.000000 0.000004 -0.299069 -0.020749 1.427524
time 51
  0 0.000000 0.000000 0.000000 0.000000 -0.000000 -1.570796
  1 0.000000 0.000000 0.000000 0.000000 -0.000000 0.000000
  2 0.812525 2.739994 -16.239283 -1.302767 -0.257052 1.584218
  3 4.222169 -0.467508 0.000000 -0.001661 0.139218 -0.168519
  4 4.476987 -0.000002 -0.000000 0.003151 0.076924 -0.252860
  5 4.477083 0.000000 0.000002 -0.002467 -0.085013 0.027739
  6 4.477077 -0.000004 -0.000002 0.000906 -0.154245 -0.018829
  7 5.413502 -7.700466 -0.000000 -0.017651 -0.004639 -0.550616
  8 6.890240 0.000002 -0.000000 -0.064825 -0.128386 0.010263
  9 8.011925 0.000004 0.000005 -0.040260 -0.086955 -0.007969
 10 7.210720 -0.000002 -0.000000 -0.018255 0.242880 -0.014803
 11 8.581028 -0.304903 -0.000000 0.099735 0.062053 1.392689
 12 22.523008 2.194031 6.355708 0.000000 -0.000000 0.000000
 13 22.523005 2.194038 -6.355709 0.000000 -0.000000 0.000000
 14 -3.006533 7.804720 -11.355459 0.052002 0.271668 1.453518
 15 10.384675 0.000008 0.000005 -0.856891 0.158624 -1.915521
 16 22.550743 -0.000006 -0.000004 0.118340 0.039479 2.071237
 17 30.814247 -0.000015 -0.000004 2.584691 -0.049650 0.735896
 18 -3.013796 7.815494 11.355459 -0.355257 -0.280402 1.423886
 19 10.374533 -0.000002 0.000007 -0.264276 -0.153628 -1.918253
 20 22.550726 -0.000027 -0.000013 -0.161676 -0.003868 1.897481
 21 30.814270 -0.000023 0.000002 -2.437741 -0.151596 0.466168
 22 -4.250660 -0.770624 0.000001 0.000000 0.000000 -3.027411
 23 10.363422 0.000000 0.000000 0.000000 0.072067 0.061646
 24 10.363076 0.000000 -0.000000 0.000000 0.004239 -0.128714
 25 10.363081 -0.000004 -0.000002 0.014075 -0.162533 0.131799
 26 8.210358 -0.000006 -7.430545 0.000000 0.000000 -0.000713
 27 8.210346 -0.000002 7.704017 0.000000 0.000000 0.270154
 28 1.854841 1.227791 -13.762345 2.732217 0.141476 2.402779
 29 10.456543 -0.000004 0.000004 0.035869 0.178567 -1.255140
 30 24.248093 0.000001 0.000007 0.022940 0.004040 0.952250
 31 26.336971 0.000019 0.000002 0.408454 -0.083218 1.001078
 32 1.854847 1.227798 13.762341 -2.753870 -0.248420 2.497085
 33 10.456542 -0.000008 0.000004 -0.052450 0.066183 -1.239285
 34 24.248116 0.000002 -0.000004 -0.022116 -0.073346 0.907289
 35 26.336975 0.000000 0.000004 -0.307173 -0.019167 1.427523
time 52
  0 0.000000 0.000000 0.000000 0.000000 -0.000000 -1.570796
  1 0.000000 0.000000 0.000000 0.000000 -0.000000 0.000000
  2 0.808618 2.450922 -15.727549 -1.351753 -0.257211 1.584218
  3 4.222169 -0.467508 0.000000 -0.001565 0.134269 -0.169654
  4 4.476987 -0.000002 -0.000000 0.003031 0.066086 -0.252150
  5 4.477083 0.000000 0.000002 -0.002647 -0.092556 0.045318
  6 4.477077 -0.000004 -0.000002 0.000462 -0.153643 -0.020215
  7 5.413502 -7.700466 -0.000000 -0.015471 0.026846 -0.550616
  8 6.890240 0.000002 -0.000000 -0.064825 -0.158120 0.011263
  9 8.011925 0.000004 0.000005 -0.039906 -0.124721 -0.009059
 10 7.210720 -0.000002 -0.000000 -0.016910 0.244998 -0.016520
 11 8.581028 -0.304903 -0.000000 0.092111 0.083973 1.408461
 12 22.523008 2.194031 6.355708 0.000000 -0.000000 0.000000
 13 22.523005 2.194038 -6.355709 0.000000 -0.000000 0.000000
 14 -3.006533 7.804720 -11.355459 0.051894 0.297777 1.453449
 15 10.384675 0.000008 0.000005 -0.911163 0.157435 -1.915910
 16 22.550743 -0.000006 -0.000004 0.118340 0.040282 2.069360
 17 30.814247 -0.000015 -0.000004 2.567917 -0.056328 0.817296
 18 -3.013796 7.815494 11.355459 -0.359330 -0.248565 1.417502
 19 10.374533 -0.000002 0.000007 -0.290364 -0.152632 -1.914194
 20 22.550726 -0.000027 -0.000013 -0.163371 -0.003887 1.882654
 21 30.814270 -0.000023 0.000002 -2.438267 -0.160992 0.489429
 22 -4.250660 -0.770624 0.000001 0.000000 0.000000 -3.053221
 23 10.363422 0.000000 0.000000 0.000000 0.062887 0.048904
 24 10.363076 0.000000 -0.000000 0.000000 0.028520 -0.074100
 25 10.363081 -0.000004 -0.000002 0.014075 -0.184995 0.164822
 26 8.210358 -0.000006 -7.180537 0.000000 0.000000 -0.000713
 27 8.210346 -0.000002 7.704017 0.000000 0.000000 -0.009495
 28 1.854841 1.227791 -13.762345 2.737054 0.149173 2.406063
 29 10.456543 -0.000004 0.000004 0.036236 0.175346 -1.254749
 30 24.248093 0.000001 0.000007 0.023311 0.006905 0.955447
 31 26.336971 0.000019 0.000002 0.418285 -0.081983 0.997212
 32 1.854847 1.227798 13.762341 -2.757584 -0.235505 2.496827
 33 10.456542 -0.000008 0.000004 -0.052925 0.060589 -1.236763
 34 24.248116 0.000002 -0.000004 -0.022297 -0.071956 0.907289
 35 26.336975 0.000000 0.000004 -0.316007 -0.017802 1.427524
time 53
  0 0.000000 0.000000 0.000000 0.000000 -0.000000 -1.570796
  1 0.000000 0.000000 0.000000 0.000000 -0.000000 0.000000
  2 0.796899 2.177476 -15.192377 -1.404093 -0.257491 1.583930
  3 4.222169 -0.467508 0.000000 -0.001266 0.129801 -0.170758
  4 4.476987 -0.000002 -0.000000 0.002947 0.056020 -0.251728
  5 4.477083 0.000000 0.000002 -0.002935 -0.099761 0.054122
  6 4.477077 -0.000004 -0.000002 -0.000161 -0.153286 -0.021617
  7 5.413502 -7.700466 -0.000000 -0.013265 0.058908 -0.550616
  8 6.890240 0.000002 -0.000000 -0.064201 -0.176927 0.012543
  9 8.011925 0.000004 0.000005 -0.036186 -0.133412 -0.010253
 10 7.210720 -0.000002 -0.000000 -0.015482 0.247894 -0.018263
 11 8.581028 -0.304903 -0.000000 0.082512 0.070947 1.423813
 12 22.523008 2.194031 6.355708 0.000000 -0.000000 0.000000
 13 22.523005 2.194038 -6.355709 0.000000 -0.000000 0.000000
 14 -3.006533 7.804720 -11.355459 0.050212 0.323851 1.453380
 15 10.384675 0.000008 0.000005 -0.962334 0.156905 -1.916299
 16 22.550743 -0.000006 -0.000004 0.118356 0.040081 2.069360
 17 30.814247 -0.000015 -0.000004 2.553809 -0.063099 0.130605
 18 -3.013796 7.815494 11.355459 -0.361774 -0.216654 1.410719
 19 10.374533 -0.000002 0.000007 -0.317058 -0.150871 -1.909729
 20 22.550726 -0.000027 -0.000013 -0.164964 -0.004574 1.868758
 21 30.814270 -0.000023 0.000002 -2.439565 -0.170314 0.590786
 22 -4.250660 -0.770624 0.000001 0.000000 0.000000 -3.077931
 23 10.363422 0.000000 0.000000 -0.000000 0.050088 0.053790
 24 10.363076 0.000000 -0.000000 0.000000 0.053292 -0.043696
 25 10.363081 -0.000004 -0.000002 0.014075 -0.207673 0.193656
 26 8.210358 -0.000006 23.418053 0.000000 0.000000 -0.000713
 27 8.210346 -0.000002 7.704017 0.000000 0.000000 -0.009495
 28 1.854841 1.227791 -13.762345 2.742287 0.157044 2.409165
 29 10.456543 -0.000004 0.000004 0.036603 0.172054 -1.254359
 30 24.248093 0.000001 0.000007 0.023681 0.009629 0.959295
 31 26.336971 0.000019 0.000002 0.428857 -0.080880 0.993015
 32 1.854847 1.227798 13.762341 -2.761265 -0.222235 2.496568
 33 10.456542 -0.000008 0.000004 -0.053434 0.054550 -1.234241
 34 24.248116 0.000002 -0.000004 -0.022504 -0.070410 0.907289
 35 26.336975 0.000000 0.000004 -0.325527 -0.016685 1.427524
time 54
  0 0.000000 0.000000 0.000000 0.000000 -0.000000 -1.570796
  1 0.000000 0.000000 0.000000 0.000000 -0.000000 0.000000
  2 0.765648 1.915750 -14.645487 -1.459789 -0.257890 1.583355
  3 4.222169 -0.467508 0.000000 -0.000738 0.125853 -0.171816
  4 4.476987 -0.000002 -0.000000 0.002911 0.046875 -0.251550
  5 4.477083 0.000000 0.000002 -0.003330 -0.106578 0.062793
  6 4.477077 -0.000004 -0.000002 -0.000916 -0.153136 -0.023034
  7 5.413502 -7.700466 -0.000000 -0.011019 0.091395 -0.550616
  8 6.890240 0.000002 -0.000000 -0.062703 -0.193095 0.013753
  9 8.011925 0.000004 0.000005 -0.032100 -0.141942 -0.011525
 10 7.210720 -0.000002 -0.000000 -0.013808 0.251478 -0.019362
 11 8.581028 -0.304903 -0.000000 0.072316 0.056436 1.438639
 12 22.523008 2.194031 6.355708 0.000000 -0.000000 0.000000
 13 22.523005 2.194038 -6.355709 0.000000 -0.000000 0.000000
 14 -3.006533 7.804720 -11.355459 0.046793 0.349783 1.453312
 15 10.384675 0.000008 0.000005 -1.009807 0.157075 -1.916687
 16 22.550743 -0.000006 -0.000004 0.118372 0.038761 2.069360
 17 30.814247 -0.000015 -0.000004 2.542671 -0.069901 0.131930
 18 -3.013796 7.815494 11.355459 -0.362894 -0.184780 1.403479
 19 10.374533 -0.000002 0.000007 -0.344359 -0.148279 -1.904917
 20 22.550726 -0.000027 -0.000013 -0.166455 -0.005890 2.551539
 21 30.814270 -0.000023 0.000002 -2.441073 -0.179464 0.535199
 22 -4.250660 -0.770624 0.000001 0.000000 0.000000 -2.930902
 23 10.363422 0.000000 0.000000 -0.000000 0.037144 0.009975
 24 10.363076 0.000000 -0.000000 0.000000 0.076974 0.079959
 25 10.363081 -0.000004 -0.000002 0.014075 -0.230289 0.202327
 26 8.210358 -0.000006 -8.891527 0.000000 0.000000 -0.000713
 27 8.210346 -0.000002 7.704017 0.000000 0.000000 -0.009393
 28 1.854841 1.227791 -13.762345 2.747960 0.165087 2.412024
 29 10.456543 -0.000004 0.000004 0.036952 0.168691 -1.253924
 30 24.248093 0.000001 0.000007 0.024015 0.012192 0.963676
 31 26.336971 0.000019 0.000002 0.440168 -0.079986 0.988431
 32 1.854847 1.227798 13.762341 -2.764810 -0.208773 2.496267
 33 10.456542 -0.000008 0.000004 -0.053942 0.047983 -0.925534
 34 24.248116 0.000002 -0.000004 -0.022737 -0.068708 0.907289
 35 26.336975 0.000000 0.000004 -0.335776 -0.015878 1.427523
time 55
  0 0.000000 0.000000 0.000000 0.000000 -0.000000 -1.570796
  1 0.000000 0.000000 0.000000 0.000000 -0.000000 0.000000
  2 0.718772 1.669649 -14.098593 -1.518840 -0.258408 1.582588
  3 4.222169 -0.467508 0.000000 0.000029 0.122534 -0.172782
  4 4.476987 -0.000002 -0.000000 0.002935 0.038757 -0.251595
  5 4.477083 0.000000 0.000002 -0.003845 -0.112894 0.071552
  6 4.477077 -0.000004 -0.000002 -0.001791 -0.153173 -0.024514
  7 5.413502 -7.700466 -0.000000 -0.008772 0.124035 -0.550616
  8 6.890240 0.000002 -0.000000 -0.059959 -0.204949 0.014335
  9 8.011925 0.000004 0.000005 -0.027543 -0.149307 -0.012926
 10 7.210720 -0.000002 -0.000000 -0.011749 0.255697 -0.020247
 11 8.581028 -0.304903 -0.000000 0.062098 0.041310 1.452834
 12 22.523008 2.194031 6.355708 0.000000 -0.000000 0.000000
 13 22.523005 2.194038 -6.355709 0.000000 -0.000000 0.000000
 14 -3.006533 7.804720 -11.355459 0.041530 0.375398 1.687350
 15 10.384675 0.000008 0.000005 -1.053023 0.158072 -1.917076
 16 22.550743 -0.000006 -0.000004 0.118388 0.036236 2.069360
 17 30.814247 -0.000015 -0.000004 2.534852 -0.076704 0.136514
 18 -3.013796 7.815494 11.355459 -0.363149 -0.153205 1.395898
 19 10.374533 -0.000002 0.000007 -0.372132 -0.144758 -1.456052
 20 22.550726 -0.000027 -0.000013 -0.167865 -0.007872 1.840469
 21 30.814270 -0.000023 0.000002 -2.442231 -0.188321 0.533023
 22 -4.250660 -0.770624 0.000001 0.000000 0.000000 -2.981960
 23 10.363422 0.000000 0.000000 -0.000000 0.024045 0.008303
 24 10.363076 0.000000 -0.000000 0.000000 0.097288 0.002168
 25 10.363081 -0.000004 -0.000002 0.014075 -0.247790 0.207455
 26 8.210358 -0.000006 -8.879808 0.000000 0.000000 -0.000713
 27 8.210346 -0.000002 7.704017 0.000000 0.000000 -0.009291
 28 1.854841 1.227791 -13.762345 2.754028 0.173303 2.414578
 29 10.456543 -0.000004 0.000004 0.037319 0.165274 -1.253446
 30 24.248093 0.000001 0.000007 0.024349 0.014553 0.968827
 31 26.336971 0.000019 0.000002 0.452218 -0.079355 0.983516
 32 1.854847 1.227798 13.762341 -2.768220 -0.195311 2.495965
 33 10.456542 -0.000008 0.000004 -0.054519 0.040914 -1.242359
 34 24.248116 0.000002 -0.000004 -0.022984 -0.066851 0.907289
 35 26.336975 0.000000 0.000004 -0.346669 -0.015382 1.427524
time 56
  0 0.000000 0.000000 0.000000 0.000000 -0.000000 -1.570796
  1 0.000000 0.000000 0.000000 0.000000 -0.000000 0.000000
  2 0.652364 1.446986 -13.559515 -1.581341 -0.259086 1.581533
  3 4.222169 -0.467508 0.000000 0.001047 0.119884 -0.173625
  4 4.476987 -0.000002 -0.000000 0.003019 0.031796 -0.251772
  5 4.477083 0.000000 0.000002 -0.004481 -0.118677 0.080386
  6 4.477077 -0.000004 -0.000002 -0.002738 -0.153324 -0.026304
  7 5.413502 -7.700466 -0.000000 -0.006526 0.156539 -0.550616
  8 6.890240 0.000002 -0.000000 -0.055632 -0.213118 0.016685
  9 8.011925 0.000004 0.000005 -0.022540 -0.155458 -0.014406
 10 7.210720 -0.000002 -0.000000 -0.009196 0.260464 -0.021025
 11 8.581028 -0.304903 -0.000000 0.053326 0.016420 1.466118
 12 22.523008 2.194031 6.355708 0.000000 -0.000000 0.000000
 13 22.523005 2.194038 -6.355709 0.000000 -0.000000 0.000000
 14 -3.006533 7.804720 -11.355459 0.034314 0.400624 1.453380
 15 10.384675 0.000008 0.000005 -1.091420 0.159939 -1.917465
 16 22.550743 -0.000006 -0.000004 0.118436 0.032362 2.069360
 17 30.814247 -0.000015 -0.000004 2.530659 -0.083443 0.144034
 18 -3.013796 7.815494 11.355459 -0.362843 -0.122115 1.983286
 19 10.374533 -0.000002 0.000007 -0.400309 -0.140306 -1.920978
 20 22.550726 -0.000027 -0.000013 -0.169193 -0.010483 1.845680
 21 30.814270 -0.000023 0.000002 -2.442442 -0.196738 0.533190
 22 -4.250660 -0.770624 0.000001 0.000000 0.000000 -2.983957
 23 10.363422 0.000000 0.000000 -0.000000 0.010886 0.008391
 24 10.363076 0.000000 -0.000000 0.000000 0.107211 -0.000000
 25 10.363081 -0.000004 -0.000002 0.014075 -0.250394 0.309099
 26 8.210358 -0.000006 -8.825119 0.000000 0.000000 -0.000713
 27 8.210346 -0.000002 7.704017 0.000000 0.000000 -0.009122
 28 1.854841 1.227791 -13.762345 2.760580 0.181617 2.416646
 29 10.456543 -0.000004 0.000004 0.037686 0.161804 -1.252969
 30 24.248093 0.000001 0.000007 0.024645 0.016691 0.974628
 31 26.336971 0.000019 0.000002 0.465052 -0.079040 0.978325
 32 1.854847 1.227798 13.762341 -2.771495 -0.181931 2.495620
 33 10.456542 -0.000008 0.000004 -0.055129 0.033289 -1.257099
 34 24.248116 0.000002 -0.000004 -0.023256 -0.064801 0.907289
 35 26.336975 0.000000 0.000004 -0.358033 -0.015351 1.427523
time 57
  0 0.000000 0.000000 0.000000 0.000000 -0.000000 -1.570796
  1 0.000000 0.000000 0.000000 0.000000 -0.000000 0.000000
  2 0.566424 1.247761 -13.043875 -1.647294 -0.259964 1.580095
  3 4.222169 -0.467508 0.000000 0.002342 0.117974 -0.174331
  4 4.476987 -0.000002 -0.000000 0.003199 0.026121 -0.252039
  5 4.477083 0.000000 0.000002 -0.005260 -0.123797 0.089101
  6 4.477077 -0.000004 -0.000002 -0.003756 -0.153549 -0.028469
  7 5.413502 -7.700466 -0.000000 -0.004293 0.188585 -0.550617
  8 6.890240 0.000002 -0.000000 -0.049640 -0.219771 0.019013
  9 8.011925 0.000004 0.000005 -0.017118 -0.160394 -0.016015
 10 7.210720 -0.000002 -0.000000 -0.005984 0.265708 -0.022098
 11 8.581028 -0.304903 -0.000000 0.044645 -0.009274 1.037002
 12 22.523008 2.194031 6.355708 0.000000 -0.000000 0.000000
 13 22.523005 2.194038 -6.355709 0.000000 -0.000000 0.000000
 14 -3.006533 7.804720 -11.355459 0.025144 0.425320 1.453449
 15 10.384675 0.000008 0.000005 -1.124401 0.162761 -1.917854
 16 22.550743 -0.000006 -0.000004 0.118484 0.027053 2.069360
 17 30.814247 -0.000015 -0.000004 2.530441 -0.090121 0.154240
 18 -3.013796 7.815494 11.355459 -0.362589 -0.091698 1.525232
 19 10.374533 -0.000002 0.000007 -0.428689 -0.134758 -1.921732
 20 22.550726 -0.000027 -0.000013 -0.170439 -0.013703 1.863423
 21 30.814270 -0.000023 0.000002 -2.441144 -0.204617 0.533302
 22 -4.250660 -0.770624 0.000001 0.000000 0.000000 -2.983804
 23 10.363422 0.000000 0.000000 0.000000 -0.002249 0.008479
 24 10.363076 0.000000 -0.000000 0.000000 0.099361 -0.000000
 25 10.363081 -0.000004 -0.000002 0.014075 -0.233278 0.095448
 26 8.210358 -0.000006 -8.719646 0.000000 0.000000 -0.000713
 27 8.210346 -0.000002 7.704017 0.000000 0.000000 -0.008884
 28 1.854841 1.227791 -13.762345 2.767616 0.190055 2.418106
 29 10.456543 -0.000004 0.000004 0.038035 0.158299 -1.252491
 30 24.248093 0.000001 0.000007 0.024905 0.018588 0.981200
 31 26.336971 0.000019 0.000002 0.478712 -0.079145 0.972913
 32 1.854847 1.227798 13.762341 -2.774601 -0.168824 2.495276
 33 10.456542 -0.000008 0.000004 -0.055740 0.025080 -1.277041
 34 24.248116 0.000002 -0.000004 -0.023554 -0.062584 0.907289
 35 26.336975 0.000000 0.000004 -0.369525 -0.015878 1.427523
time 58
  0 0.000000 0.000000 0.000000 0.000000 -0.000000 -1.570796
  1 0.000000 0.000000 0.000000 0.000000 -0.000000 0.000000
  2 0.460952 1.075881 -12.559484 -1.716315 -0.260921 1.578274
  3 4.222169 -0.467508 0.000000 0.003936 0.116899 -0.174852
  4 4.476987 -0.000002 -0.000000 0.003618 0.021708 -0.252394
  5 4.477083 0.000000 0.000002 -0.006158 -0.128223 0.097668
  6 4.477077 -0.000004 -0.000002 -0.004775 -0.153850 -0.030400
  7 5.413502 -7.700466 -0.000000 -0.002167 0.219424 -0.550616
  8 6.890240 0.000002 -0.000000 -0.042090 -0.224946 0.021037
  9 8.011925 0.000004 0.000005 -0.011316 -0.164085 -0.017728
 10 7.210720 -0.000002 -0.000000 -0.002059 0.271322 -0.022848
 11 8.581028 -0.304903 -0.000000 0.035896 -0.034728 1.036827
 12 22.523008 2.194031 6.355708 0.000000 -0.000000 0.000000
 13 22.523005 2.194038 -6.355709 0.000000 -0.000000 0.000000
 14 -3.006533 7.804720 -11.355459 0.014021 0.449168 1.453518
 15 10.384675 0.000008 0.000005 -1.151219 0.166601 -1.918132
 16 22.550743 -0.000006 -0.000004 0.118532 0.020251 2.069360
 17 30.814247 -0.000015 -0.000004 2.534415 -0.096672 0.166846
 18 -3.013796 7.815494 11.355459 -0.362894 -0.062290 1.524776
 19 10.374533 -0.000002 0.000007 -0.457136 -0.128147 -1.923414
 20 22.550726 -0.000027 -0.000013 -0.171603 -0.017550 1.891650
 21 30.814270 -0.000023 0.000002 -2.437811 -0.211810 0.754396
 22 -4.250660 -0.770624 0.000001 0.000000 0.000000 -2.983701
 23 10.363422 0.000000 0.000000 -0.000000 -0.015192 0.182833
 24 10.363076 0.000000 -0.000000 0.000000 0.091859 0.000310
 25 10.363081 -0.000004 -0.000002 0.014075 -0.194747 0.151720
 26 8.210358 -0.000006 -8.571205 0.000000 0.000000 -0.000713
 27 8.210346 -0.000002 7.704017 0.000000 0.000000 -0.008647
 28 1.854841 1.227791 -13.762345 2.775179 0.198542 2.418835
 29 10.456543 -0.000004 0.000004 0.038385 0.154775 -1.251970
 30 24.248093 0.000001 0.000007 0.025090 0.020182 0.988541
 31 26.336971 0.000019 0.000002 0.493112 -0.079697 0.967280
 32 1.854847 1.227798 13.762341 -2.777471 -0.156183 2.494845
 33 10.456542 -0.000008 0.000004 -0.056384 0.016341 -1.301239
 34 24.248116 0.000002 -0.000004 -0.023877 -0.060175 0.907289
 35 26.336975 0.000000 0.000004 -0.380889 -0.017119 1.427523
time 59
  0 0.000000 0.000000 0.000000 0.000000 -0.000000 -1.570796
  1 0.000000 0.000000 0.000000 0.000000 -0.000000 0.000000
  2 0.332041 0.931345 -12.118065 -1.787732 -0.261799 1.576165
  3 4.222169 -0.467508 0.000000 0.005853 0.116639 -0.175174
  4 4.476987 -0.000002 -0.000000 0.004445 0.018517 -0.252749
  5 4.477083 0.000000 0.000002 -0.007213 -0.131890 0.106176
  6 4.477077 -0.000004 -0.000002 -0.005806 -0.154151 -0.032144
  7 5.413502 -7.700466 -0.000000 -0.000837 0.244469 -0.550616
  8 6.890240 0.000002 -0.000000 -0.033006 -0.228776 0.022410
  9 8.011925 0.000004 0.000005 -0.005095 -0.166545 -0.019545
 10 7.210720 -0.000002 -0.000000 0.002800 0.277324 -0.023251
 11 8.581028 -0.304903 -0.000000 0.026918 -0.060387 1.036616
 12 22.523008 2.194031 6.355708 0.000000 -0.000000 0.000000
 13 22.523005 2.194038 -6.355709 0.000000 -0.000000 0.000000
 14 -3.006533 7.804720 -11.355459 0.001107 0.471991 1.453724
 15 10.384675 0.000008 0.000005 -1.171501 0.171544 -1.593115
 16 22.550743 -0.000006 -0.000004 0.118596 0.011785 2.069360
 17 30.814247 -0.000015 -0.000004 2.542715 -0.103004 0.181565
 18 -3.013796 7.815494 11.355459 -0.363964 -0.033817 1.522781
 19 10.374533 -0.000002 0.000007 -0.485785 -0.120273 -1.925907
 20 22.550726 -0.000027 -0.000013 -0.172686 -0.022046 1.928314
 21 30.814270 -0.000023 0.000002 -2.432338 -0.218294 0.579880
 22 -4.250660 -0.770624 0.000001 0.000000 0.000000 -2.780723
 23 10.363422 0.000000 0.000000 -0.000000 -0.027992 0.011604
 24 10.363076 0.000000 -0.000000 0.000000 0.084248 -0.000000
 25 10.363081 -0.000004 -0.000002 0.014075 -0.144524 0.097999
 26 8.210358 -0.000006 -8.379793 0.000000 0.000000 -0.000713
 27 8.210346 -0.000002 7.704017 0.000000 0.000000 -0.008342
 28 1.854841 1.227791 -13.762345 2.783402 0.207153 2.418592
 29 10.456543 -0.000004 0.000004 0.038734 0.151199 -1.251449
 30 24.248093 0.000001 0.000007 0.025275 0.021494 0.996651
 31 26.336971 0.000019 0.000002 0.508512 -0.080774 0.961481
 32 1.854847 1.227798 13.762341 -2.780206 -0.144062 2.494414
 33 10.456542 -0.000008 0.000004 -0.057096 0.006908 -1.328670
 34 24.248116 0.000002 -0.000004 -0.024227 -0.057563 0.907289
 35 26.336975 0.000000 0.000004 -0.391910 -0.019198 1.427524
time 60
  0 0.000000 0.000000 0.000000 0.000000 -0.000000 -1.570796
  1 0.000000 0.000000 0.000000 0.000000 -0.000000 0.000000
  2 0.175787 0.818060 -11.731335 -1.859724 -0.262198 1.573673
  3 4.222169 -0.467508 0.000000 0.008034 0.116806 -0.175235
  4 4.476987 -0.000002 -0.000000 0.005883 0.016525 -0.253082
  5 4.477083 0.000000 0.000002 -0.008423 -0.134701 0.114639
  6 4.477077 -0.000004 -0.000002 -0.006812 -0.154433 -0.033686
  7 5.413502 -7.700466 -0.000000 -0.001263 0.257450 -0.550616
  8 6.890240 0.000002 -0.000000 -0.022471 -0.231351 0.022852
  9 8.011925 0.000004 0.000005 0.001480 -0.167743 -0.021440
 10 7.210720 -0.000002 -0.000000 0.008620 0.283663 -0.023331
 11 8.581028 -0.304903 -0.000000 0.018720 -0.084169 1.036406
 12 22.523008 2.194031 6.355708 0.000000 -0.000000 0.000000
 13 22.523005 2.194038 -6.355709 0.000000 -0.000000 0.000000
 14 -3.006533 7.804720 -11.355459 -0.013218 0.493083 1.453930
 15 10.384675 0.000008 0.000005 -1.184574 0.177697 -1.937570
 16 22.550743 -0.000006 -0.000004 0.118676 0.001540 2.069360
 17 30.814247 -0.000015 -0.000004 2.554028 -0.108459 0.198181
 18 -3.013796 7.815494 11.355459 -0.364982 -0.006950 1.519247
 19 10.374533 -0.000002 0.000007 -0.514367 -0.111070 -1.929212
 20 22.550726 -0.000027 -0.000013 -0.173707 -0.027150 1.971305
 21 30.814270 -0.000023 0.000002 -2.426550 -0.223970 0.755233
 22 -4.250660 -0.770624 0.000001 0.000000 0.000000 -3.069993
 23 10.363422 0.000000 0.000000 -0.000000 -0.040480 0.182833
 24 10.363076 0.000000 -0.000000 0.000000 0.076710 -0.000000
 25 10.363081 -0.000004 -0.000002 0.014075 -0.096873 0.096012
 26 8.210358 -0.000006 -8.153223 0.000000 0.000000 -0.000713
 27 8.210346 -0.000002 7.704017 0.000000 0.000000 -0.008036
 28 1.854841 1.227791 -13.762345 2.792241 0.215838 2.417315
 29 10.456543 -0.000004 0.000004 0.039084 0.147586 -1.250928
 30 24.248093 0.000001 0.000007 0.025424 0.022482 1.005591
 31 26.336971 0.000019 0.000002 0.524782 -0.082430 0.955517
 32 1.854847 1.227798 13.762341 -2.782772 -0.132624 2.493940
 33 10.456542 -0.000008 0.000004 -0.057809 -0.003194 -1.358307
 34 24.248116 0.000002 -0.000004 -0.024603 -0.054746 0.907289
 35 26.336975 0.000000 0.000004 -0.402288 -0.022207 1.427523
time 61
  0 0.000000 0.000000 0.000000 0.000000 -0.000000 -1.570796
  1 0.000000 0.000000 0.000000 0.000000 -0.000000 0.000000
  2 -0.007813 0.736026 -11.407104 -1.930757 -0.261878 1.570605
  3 4.222169 -0.467508 0.000000 0.010395 0.116788 -0.175021
  4 4.476987 -0.000002 -0.000000 0.008088 0.015690 -0.253326
  5 4.477083 0.000000 0.000002 -0.009790 -0.136607 0.123087
  6 4.477077 -0.000004 -0.000002 -0.007759 -0.154639 -0.035041
  7 5.413502 -7.700466 -0.000000 -0.003589 0.262071 -0.550617
  8 6.890240 0.000002 -0.000000 -0.010654 -0.232827 0.022084
  9 8.011925 0.000004 0.000005 0.008447 -0.167679 -0.023465
 10 7.210720 -0.000002 -0.000000 0.016333 0.289242 -0.022848
 11 8.581028 -0.304903 -0.000000 0.018054 -0.092807 1.036196
 12 22.523008 2.194031 6.355708 0.000000 -0.000000 0.000000
 13 22.523005 2.194038 -6.355709 0.000000 -0.000000 0.000000
 14 -3.006533 7.804720 -11.355459 -0.028410 0.511914 1.454136
 15 10.384675 0.000008 0.000005 -1.192679 0.185505 -1.937626
 16 22.550743 -0.000006 -0.000004 0.118740 -0.010656 2.069360
 17 30.814247 -0.000015 -0.000004 2.566782 -0.112252 0.216517
 18 -3.013796 7.815494 11.355459 -0.364625 0.017750 1.514288
 19 10.374533 -0.000002 0.000007 -0.542679 -0.100505 -1.933213
 20 22.550726 -0.000027 -0.000013 -0.174647 -0.032902 2.018640
 21 30.814270 -0.000023 0.000002 -2.422867 -0.228766 0.102214
 22 -4.250660 -0.770624 0.000001 0.000000 0.000000 -2.779955
 23 10.363422 0.000000 0.000000 0.000000 -0.052560 0.036779
 24 10.363076 0.000000 -0.000000 0.000000 0.069400 0.001807
 25 10.363081 -0.000004 -0.000002 0.014075 -0.064274 0.096012
 26 8.210358 -0.000006 -7.891497 0.000000 0.000000 -0.000713
 27 8.210346 -0.000002 7.704017 0.000000 0.000000 -0.007697
 28 1.854841 1.227791 -13.762345 2.801783 0.224547 2.414821
 29 10.456543 -0.000004 0.000004 0.039416 0.143974 -1.250407
 30 24.248093 0.000001 0.000007 0.025498 0.023108 1.015359
 31 26.336971 0.000019 0.000002 0.541966 -0.084743 0.949442
 32 1.854847 1.227798 13.762341 -2.785169 -0.122035 2.493423
 33 10.456542 -0.000008 0.000004 -0.058521 -0.013741 -1.389520
 34 24.248116 0.000002 -0.000004 -0.025004 -0.051738 0.907289
 35 26.336975 0.000000 0.000004 -0.411637 -0.026302 1.427523
time 62
  0 0.000000 0.000000 0.000000 0.000000 -0.000000 -1.570796
  1 0.000000 0.000000 0.000000 0.000000 -0.000000 0.000000
  2 -0.261727 0.696963 -11.157097 -1.999298 -0.260482 1.565812
  3 4.222169 -0.467508 0.000000 0.012948 0.116621 -0.174515
  4 4.476987 -0.000002 -0.000000 0.011240 0.015990 -0.253459
  5 4.477083 0.000000 0.000002 -0.011240 -0.137479 0.131209
  6 4.477077 -0.000004 -0.000002 -0.008622 -0.154752 -0.036209
  7 5.413502 -7.700466 -0.000000 -0.007829 0.263601 -0.550617
  8 6.890240 0.000002 -0.000000 0.003488 -0.232435 0.019804
  9 8.011925 0.000004 0.000005 0.015847 -0.165506 -0.025515
 10 7.210720 -0.000002 -0.000000 0.033875 0.285622 -0.019979
 11 8.581028 -0.304903 -0.000000 0.018421 -0.098970 1.035950
 12 22.523008 2.194031 6.355708 0.000000 -0.000000 0.000000
 13 22.523005 2.194038 -6.355709 0.000000 -0.000000 0.000000
 14 -3.006533 7.804720 -11.355459 -0.043983 0.528025 1.454410
 15 10.384675 0.000008 0.000005 -1.199552 0.195774 -1.937626
 16 22.550743 -0.000006 -0.000004 0.118820 -0.024919 2.069360
 17 30.814247 -0.000015 -0.000004 2.579493 -0.113569 0.236357
 18 -3.013796 7.815494 11.355459 -0.361265 0.039722 1.507847
 19 10.374533 -0.000002 0.000007 -0.570924 -0.088578 -1.937794
 20 22.550726 -0.000027 -0.000013 -0.175505 -0.039243 2.068145
 21 30.814270 -0.000023 0.000002 -2.423533 -0.232583 0.108294
 22 -4.250660 -0.770624 0.000001 0.000000 0.000000 -2.802770
 23 10.363422 0.000000 0.000000 -0.000000 -0.064125 0.183493
 24 10.363076 0.000000 -0.000000 -0.000000 0.062460 0.205627
 25 10.363081 -0.000004 -0.000002 0.014075 -0.046125 0.096173
 26 8.210358 -0.000006 -7.598519 0.000000 0.000000 -0.000713
 27 8.210346 -0.000002 7.704017 0.000000 0.000000 -0.007324
 28 1.854841 1.227791 -13.762345 2.811853 0.233207 2.410990
 29 10.456543 -0.000004 0.000004 0.039765 0.140344 -1.249930
 30 24.248093 0.000001 0.000007 0.025572 0.023350 1.025956
 31 26.336971 0.000019 0.000002 0.560151 -0.087791 0.943367
 32 1.854847 1.227798 13.762341 -2.787397 -0.112349 2.492906
 33 10.456542 -0.000008 0.000004 -0.059437 -0.027544 -1.421246
 34 24.248116 0.000002 -0.000004 -0.025471 -0.048119 0.907289
 35 26.336975 0.000000 0.000004 -0.419742 -0.031575 1.427524
time 63
  0 0.000000 0.000000 0.000000 0.000000 -0.000000 -1.570796
  1 0.000000 0.000000 0.000000 0.000000 -0.000000 0.000000
  2 10.015930 -2.162500 -10.973497 -1.570317 -0.261799 1.570797
  3 4.222169 -0.467508 0.000000 0.160514 0.003448 -0.173656
  4 4.476987 -0.000002 -0.000000 0.163732 -0.010269 -0.042295
  5 4.477083 0.000000 0.000002 -0.012942 0.030808 0.054492
  6 4.477077 -0.000004 -0.000002 -0.120211 -0.010802 -0.037252
  7 5.413502 -7.700466 -0.000000 0.264528 0.003432 -0.550616
  8 6.890240 0.000002 -0.000000 -0.125790 0.002640 0.015731
  9 8.011925 0.000004 0.000005 -0.087722 0.003227 -0.028189
 10 7.210720 -0.000002 -0.000000 -0.312450 0.003566 -0.014696
 11 8.581028 -0.304903 -0.000000 -0.301645 0.005750 1.035705
 12 22.523008 2.194031 6.355708 0.000000 -0.000000 0.000000
 13 22.523005 2.194038 -6.355709 0.000000 -0.000000 0.000000
 14 -3.006533 7.804720 -11.355459 -0.387338 0.277498 1.454754
 15 10.384675 0.000008 0.000005 0.051492 0.185441 -1.937737
 16 22.550743 -0.000006 -0.000004 0.092720 0.042406 2.069360
 17 30.814247 -0.000015 -0.000004 2.686637 0.006117 0.257844
 18 -3.013796 7.815494 11.355459 -0.753395 -0.240756 1.500038
 19 10.374533 -0.000002 0.000007 0.147464 -0.181967 -1.942897
 20 22.550726 -0.000027 -0.000013 -0.174524 -0.008501 2.117899
 21 30.814270 -0.000023 0.000002 -2.596936 -0.081326 0.124834
 22 -4.250660 -0.770624 0.000001 0.000000 0.000000 -2.811502
 23 10.363422 0.000000 0.000000 0.000000 -0.019207 0.308268
 24 10.363076 0.000000 -0.000000 0.000000 0.041260 0.000310
 25 10.363081 -0.000004 -0.000002 0.165966 -0.018749 0.309904
 26 8.210358 -0.000006 -7.274290 0.000000 0.000000 0.002514
 27 8.210346 -0.000002 7.704017 0.000000 0.000000 -0.006951
 28 1.854841 1.227791 -13.762345 2.485702 0.179421 2.405638
 29 10.456543 -0.000004 0.000004 0.168520 0.095822 -1.249409
 30 24.248093 0.000001 0.000007 -0.105996 0.035255 1.037441
 31 26.336971 0.000019 0.000002 0.232177 -0.049293 0.937237
 32 1.854847 1.227798 13.762341 -2.962831 -0.190687 2.492303
 33 10.456542 -0.000008 0.000004 0.189288 -0.083898 -1.452538
 34 24.248116 0.000002 -0.000004 -0.083014 -0.031664 0.907289
 35 26.336975 0.000000 0.000004 -0.375272 0.254630 1.427524
time 64
  0 0.000000 0.000000 0.000000 0.000000 -0.000000 -1.570796
  1 0.000000 0.000000 0.000000 0.000000 -0.000000 0.000000
  2 9.996399 -2.928148 -10.848494 -1.570126 -0.261759 1.570892
  3 4.222169 -0.467508 0.000000 0.159640 -0.000186 -0.172445
  4 4.476987 -0.000002 -0.000000 0.162917 -0.014466 -0.083427
  5 4.477083 0.000000 0.000002 -0.012798 0.027642 -0.201760
  6 4.477077 -0.000004 -0.000002 -0.120055 -0.014485 -0.038623
  7 5.413502 -7.700466 -0.000000 0.252592 0.000102 -0.550617
  8 6.890240 0.000002 -0.000000 -0.080273 0.000078 0.009564
  9 8.011925 0.000004 0.000005 -0.073761 0.000096 -0.037637
 10 7.210720 -0.000002 -0.000000 -0.324775 0.000106 0.213653
 11 8.581028 -0.304903 -0.000000 -0.315377 0.002403 1.035460
 12 22.523008 2.194031 6.355708 0.000000 -0.000000 0.000000
 13 22.523005 2.194038 -6.355709 0.000000 -0.000000 0.000000
 14 -3.006533 7.804720 -11.355459 -0.385548 0.270573 1.455029
 15 10.384675 0.000008 0.000005 0.051119 0.181325 -1.937793
 16 22.550743 -0.000006 -0.000004 0.093152 0.036781 2.069360
 17 30.814247 -0.000015 -0.000004 2.687336 -0.000027 0.280692
 18 -3.013796 7.815494 11.355459 -0.751511 -0.248080 1.490861
 19 10.374533 -0.000002 0.000007 0.147127 -0.188479 -1.948406
 20 22.550726 -0.000027 -0.000013 -0.173952 -0.012348 2.165482
 21 30.814270 -0.000023 0.000002 -2.596410 -0.083137 0.150605
 22 -4.250660 -0.770624 0.000001 0.000000 0.000000 -2.823946
 23 10.363422 0.000000 0.000000 -0.000000 -0.020142 0.304527
 24 10.363076 0.000000 -0.000000 0.000000 0.040349 0.000310
 25 10.363081 -0.000004 -0.000002 0.163873 -0.020043 0.096334
 26 8.210358 -0.000006 -6.918811 0.000000 0.000000 -0.000000
 27 8.210346 -0.000002 7.704017 0.000000 0.000000 -0.006578
 28 1.854841 1.227791 -13.762345 2.486185 0.174586 2.398582
 29 10.456543 -0.000004 0.000004 0.168048 0.092370 -1.248931
 30 24.248093 0.000001 0.000007 -0.105218 0.031300 1.049873
 31 26.336971 0.000019 0.000002 0.232351 -0.054443 0.931162
 32 1.854847 1.227798 13.762341 -2.962291 -0.196049 2.491657
 33 10.456542 -0.000008 0.000004 0.187321 -0.089352 -1.482609
 34 24.248116 0.000002 -0.000004 -0.082781 -0.031592 0.907289
 35 26.336975 0.000000 0.000004 -0.374929 0.254630 0.962844
time 65
  0 0.000000 0.000000 0.000000 0.000000 -0.000000 -1.570796
  1 0.000000 0.000000 0.000000 0.000000 -0.000000 0.000000
  2 9.937803 -2.678140 -10.774273 -1.569838 -0.261639 1.571372
  3 4.222169 -0.467508 0.000000 0.158261 0.001001 -0.170911
  4 4.476987 -0.000002 -0.000000 0.161179 -0.013096 -0.087778
  5 4.477083 0.000000 0.000002 -0.013445 0.028676 -0.198040
  6 4.477077 -0.000004 -0.000002 -0.119587 -0.013283 -0.040273
  7 5.413502 -7.700466 -0.000000 0.215509 0.001189 -0.550616
  8 6.890240 0.000002 -0.000000 0.000743 0.000915 -0.001350
  9 8.011925 0.000004 0.000005 -0.054522 0.001118 0.206796
 10 7.210720 -0.000002 -0.000000 -0.354230 0.001236 0.246317
 11 8.581028 -0.304903 -0.000000 -0.326652 0.003496 1.035214
 12 22.523008 2.194031 6.355708 0.000000 -0.000000 0.000000
 13 22.523005 2.194038 -6.355709 0.000000 -0.000000 0.000000
 14 -3.006533 7.804720 -11.355459 -0.379851 0.272834 1.455372
 15 10.384675 0.000008 0.000005 0.049401 0.182683 -1.937904
 16 22.550743 -0.000006 -0.000004 0.094079 0.038618 2.069360
 17 30.814247 -0.000015 -0.000004 2.687293 0.001979 0.304865
 18 -3.013796 7.815494 11.355459 -0.744995 -0.245688 1.480430
 19 10.374533 -0.000002 0.000007 0.145711 -0.186352 -1.954204
 20 22.550726 -0.000027 -0.000013 -0.172584 -0.011092 2.209714
 21 30.814270 -0.000023 0.000002 -2.596410 -0.083137 0.184326
 22 -4.250660 -0.770624 0.000001 0.000000 0.000000 -2.840180
 23 10.363422 0.000000 0.000000 0.000000 -0.020070 0.304527
 24 10.363076 0.000000 -0.000000 0.000000 0.040397 0.000490
 25 10.363081 -0.000004 -0.000002 0.159367 -0.020043 0.096334
 26 8.210358 -0.000006 -6.539893 0.000000 0.000000 -0.000000
 27 8.210346 -0.000002 7.704017 0.000000 0.000000 -0.006171
 28 1.854841 1.227791 -13.762345 2.487724 0.176165 2.601905
 29 10.456543 -0.000004 0.000004 0.167384 0.093473 -1.248497
 30 24.248093 0.000001 0.000007 -0.103772 0.032591 1.063253
 31 26.336971 0.000019 0.000002 0.232873 -0.052761 0.925142
 32 1.854847 1.227798 13.762341 -2.960737 -0.194298 2.491011
 33 10.456542 -0.000008 0.000004 0.185354 -0.087571 -1.510512
 34 24.248116 0.000002 -0.000004 -0.082573 -0.030825 0.907289
 35 26.336975 0.000000 0.000004 -0.374071 0.254630 0.960018
time 66
  0 0.000000 0.000000 0.000000 0.000000 -0.000000 -1.570796
  1 0.000000 0.000000 0.000000 0.000000 -0.000000 0.000000
  2 9.840144 -2.678140 -10.743023 -1.569263 -0.261440 1.572043
  3 4.222169 -0.467508 0.000000 0.156416 0.002187 -0.169455
  4 4.476987 -0.000002 -0.000000 0.158603 -0.011725 -0.086357
  5 4.477083 0.000000 0.000002 -0.014835 0.029710 -0.190421
  6 4.477077 -0.000004 -0.000002 -0.118856 -0.012080 -0.041550
  7 5.413502 -7.700466 -0.000000 0.178518 0.002277 -0.550616
  8 6.890240 0.000002 -0.000000 0.095397 0.001751 0.185403
  9 8.011925 0.000004 0.000005 -0.028224 0.002141 -0.063620
 10 7.210720 -0.000002 -0.000000 -0.389395 0.002366 0.243689
 11 8.581028 -0.304903 -0.000000 -0.335470 0.004589 1.034969
 12 22.523008 2.194031 6.355708 0.000000 -0.000000 0.000000
 13 22.523005 2.194038 -6.355709 0.000000 -0.000000 0.000000
 14 -3.006533 7.804720 -11.355459 -0.370572 0.275095 2.057980
 15 10.384675 0.000008 0.000005 0.046450 0.183999 -1.938015
 16 22.550743 -0.000006 -0.000004 0.095471 0.040455 2.069360
 17 30.814247 -0.000015 -0.000004 2.686550 0.003986 0.330220
 18 -3.013796 7.815494 11.355459 -0.734303 -0.243297 1.468802
 19 10.374533 -0.000002 0.000007 0.143352 -0.184226 -1.960292
 20 22.550726 -0.000027 -0.000013 -0.170541 -0.009835 2.249790
 21 30.814270 -0.000023 0.000002 -2.597006 -0.082990 0.224824
 22 -4.250660 -0.770624 0.000001 0.000000 0.000000 -2.858437
 23 10.363422 0.000000 0.000000 -0.000000 -0.020022 0.304527
 24 10.363076 0.000000 -0.000000 0.000000 0.040445 0.000568
 25 10.363081 -0.000004 -0.000002 0.152534 -0.019858 0.096522
 26 8.210358 -0.000006 -6.137537 0.000000 0.000000 0.000204
 27 8.210346 -0.000002 7.704017 0.000000 0.000000 -0.005765
 28 1.854841 1.227791 -13.762345 2.490231 0.177744 2.487684
 29 10.456543 -0.000004 0.000004 0.166510 0.094612 -1.248063
 30 24.248093 0.000001 0.000007 -0.101696 0.033883 1.063253
 31 26.336971 0.000019 0.000002 0.233786 -0.051080 0.919344
 32 1.854847 1.227798 13.762341 -2.958138 -0.192547 2.490278
 33 10.456542 -0.000008 0.000004 0.183421 -0.085790 -1.219541
 34 24.248116 0.000002 -0.000004 -0.082353 -0.030058 0.907289
 35 26.336975 0.000000 0.000004 -0.372827 0.254630 0.955835
time 67
  0 0.000000 0.000000 0.000000 0.000000 -0.000000 -1.570796
  1 0.000000 0.000000 0.000000 0.000000 -0.000000 0.000000
  2 9.715140 -2.678140 -10.750835 -1.568688 -0.261200 1.573002
  3 4.222169 -0.467508 0.000000 0.154151 0.002187 -0.168519
  4 4.476987 -0.000002 -0.000000 0.155247 0.156042 -0.084937
  5 4.477083 0.000000 0.000002 -0.016921 0.156240 -0.180283
  6 4.477077 -0.000004 -0.000002 -0.117886 0.135121 -0.042905
  7 5.413502 -7.700466 -0.000000 0.141714 0.135368 -0.550616
  8 6.890240 0.000002 -0.000000 0.190735 0.104128 -0.151590
  9 8.011925 0.000004 0.000005 0.004662 0.127277 -0.063360
 10 7.210720 -0.000002 -0.000000 -0.418796 0.140657 0.240363
 11 8.581028 -0.304903 -0.000000 -0.341854 0.138314 1.034724
 12 22.523008 2.194031 6.355708 0.000000 -0.000000 0.000000
 13 22.523005 2.194038 -6.355709 0.000000 -0.000000 0.000000
 14 -3.006533 7.804720 -11.355459 -0.357767 0.551837 1.343297
 15 10.384675 0.000008 0.000005 0.042453 0.350230 -1.938126
 16 22.550743 -0.000006 -0.000004 0.097262 0.265244 2.069360
 17 30.814247 -0.000015 -0.000004 2.685152 0.249533 0.356684
 18 -3.013796 7.815494 11.355459 -0.719793 0.049400 1.455863
 19 10.374533 -0.000002 0.000007 0.140116 0.076006 -1.966555
 20 22.550726 -0.000027 -0.000013 -0.167906 0.143935 2.285399
 21 30.814270 -0.000023 0.000002 -2.598339 0.111793 0.270817
 22 -4.250660 -0.770624 0.000001 0.000000 0.000000 -2.876848
 23 10.363422 0.000000 0.000000 0.000000 0.074980 0.304527
 24 10.363076 0.000000 -0.000000 0.000000 0.135399 0.000542
 25 10.363081 -0.000004 -0.000002 0.143485 -0.020043 0.096603
 26 8.210358 -0.000006 -5.715649 0.000000 0.000000 0.270639
 27 8.210346 -0.000002 7.704017 0.000000 0.000000 -0.005358
 28 1.854841 1.227791 -13.762345 2.493661 0.371000 2.475764
 29 10.456543 -0.000004 0.000004 0.165462 0.234014 -1.247672
 30 24.248093 0.000001 0.000007 -0.099027 0.191935 1.063253
 31 26.336971 0.000019 0.000002 0.235005 0.154760 0.913766
 32 1.854847 1.227798 13.762341 -2.954559 0.021779 2.489503
 33 10.456542 -0.000008 0.000004 0.181420 0.132192 -1.575698
 34 24.248116 0.000002 -0.000004 -0.082146 0.063817 0.907289
 35 26.336975 0.000000 0.000004 -0.371198 0.254630 0.950523
time 68
  0 0.000000 0.000000 0.000000 0.000000 -0.000000 -1.570796
  1 0.000000 0.000000 0.000000 0.000000 -0.000000 0.000000
  2 9.558886 -2.678140 -10.782085 -1.568017 -0.260881 1.574056
  3 4.222169 -0.467508 0.000000 0.151502 0.002187 -0.168596
  4 4.476987 -0.000002 -0.000000 0.151184 0.156042 0.088936
  5 4.477083 0.000000 0.000002 -0.019617 0.030598 -0.170486
  6 4.477077 -0.000004 -0.000002 -0.116723 -0.014936 0.116204
  7 5.413502 -7.700466 -0.000000 0.105109 0.000459 -0.550616
  8 6.890240 0.000002 -0.000000 0.227755 0.000039 -0.150263
  9 8.011925 0.000004 0.000005 0.041268 0.000208 -0.062529
 10 7.210720 -0.000002 -0.000000 -0.430545 0.000388 0.236260
 11 8.581028 -0.304903 -0.000000 -0.345804 0.051980 1.034548
 12 22.523008 2.194031 6.355708 0.000000 -0.000000 0.000000
 13 22.523005 2.194038 -6.355709 0.000000 -0.000000 0.000000
 14 -3.006533 7.804720 -11.355459 -0.341814 0.284917 1.345151
 15 10.384675 0.000008 0.000005 0.037560 0.172160 -1.938292
 16 22.550743 -0.000006 -0.000004 0.099389 0.002602 2.069360
 17 30.814247 -0.000015 -0.000004 2.683012 -0.029149 0.384152
 18 -3.013796 7.815494 11.355459 -0.701871 -0.260037 1.441841
 19 10.374533 -0.000002 0.000007 0.136274 -0.183794 -1.972933
 20 22.550726 -0.000027 -0.000013 -0.164760 -0.012348 2.316294
 21 30.814270 -0.000023 0.000002 -2.600514 -0.432822 0.321077
 22 -4.250660 -0.770624 0.000001 0.000000 0.000000 -2.919379
 23 10.363422 0.000000 0.000000 0.000000 -0.060410 0.304527
 24 10.363076 0.000000 -0.000000 0.000000 0.042147 0.000465
 25 10.363081 -0.000004 -0.000002 0.132294 -0.020043 0.096576
 26 8.210358 -0.000006 -5.278136 0.000000 0.000000 0.000408
 27 8.210346 -0.000002 7.704017 0.000000 0.000000 -0.004951
 28 1.854841 1.227791 -13.762345 2.498058 0.233429 2.479656
 29 10.456543 -0.000004 0.000004 0.164222 0.089131 -1.247281
 30 24.248093 0.000001 0.000007 -0.095838 0.038665 1.063253
 31 26.336971 0.000019 0.000002 0.236484 -0.012056 0.908409
 32 1.854847 1.227798 13.762341 -2.950035 -0.216243 2.488727
 33 10.456542 -0.000008 0.000004 0.179385 -0.074937 -1.574634
 34 24.248116 0.000002 -0.000004 -0.081926 -0.039646 0.907289
 35 26.336975 0.000000 0.000004 -0.369268 0.254630 0.944193
time 69
  0 0.000000 0.000000 0.000000 0.000000 -0.000000 -1.570796
  1 0.000000 0.000000 0.000000 0.000000 -0.000000 0.000000
  2 9.375286 -2.678140 -10.828962 -1.567154 -0.260522 1.575302
  3 4.222169 -0.467508 0.000000 0.148518 0.002187 -0.170145
  4 4.476987 -0.000002 -0.000000 0.146486 0.156042 -0.088311
  5 4.477083 0.000000 0.000002 -0.022913 0.030598 -0.161741
  6 4.477077 -0.000004 -0.000002 -0.115381 -0.015181 -0.087288
  7 5.413502 -7.700466 -0.000000 0.068744 0.000833 -0.550616
  8 6.890240 0.000002 -0.000000 0.227647 0.000157 -0.148052
  9 8.011925 0.000004 0.000005 0.080218 0.000176 -0.061154
 10 7.210720 -0.000002 -0.000000 -0.382093 0.000071 0.231379
 11 8.581028 -0.304903 -0.000000 -0.346952 0.052356 1.239661
 12 22.523008 2.194031 6.355708 0.000000 -0.000000 0.000000
 13 22.523005 2.194038 -6.355709 0.000000 -0.000000 0.000000
 14 -3.006533 7.804720 -11.355459 -0.322715 0.284316 1.349134
 15 10.384675 0.000008 0.000005 0.031920 0.172372 -1.938403
 16 22.550743 -0.000006 -0.000004 0.101804 0.003090 2.069360
 17 30.814247 -0.000015 -0.000004 2.680217 -0.028804 0.412443
 18 -3.013796 7.815494 11.355459 -0.680946 -0.260373 1.426622
 19 10.374533 -0.000002 0.000007 0.131825 -0.183794 -1.979254
 20 22.550726 -0.000027 -0.000013 -0.161185 -0.012819 2.342163
 21 30.814270 -0.000023 0.000002 -2.603601 -0.433116 0.374266
 22 -4.250660 -0.770624 0.000001 0.000000 0.000000 -2.958480
 23 10.363422 0.000000 0.000000 0.000000 0.075339 0.304527
 24 10.363076 0.000000 -0.000000 0.000000 0.135399 0.000310
 25 10.363081 -0.000004 -0.000002 0.119034 -0.018965 0.096495
 26 8.210358 -0.000006 -4.821091 0.000000 0.000000 0.000408
 27 8.210346 -0.000002 7.704017 0.000000 0.000000 -0.004578
 28 1.854841 1.227791 -13.762345 2.503291 0.233330 2.483548
 29 10.456543 -0.000004 0.000004 0.162807 0.089149 -1.246934
 30 24.248093 0.000001 0.000007 -0.092168 0.038382 1.063253
 31 26.336971 0.000019 0.000002 0.238224 -0.012187 0.903328
 32 1.854847 1.227798 13.762341 -2.944531 -0.216106 2.487909
 33 10.456542 -0.000008 0.000004 0.177248 -0.074992 -1.573570
 34 24.248116 0.000002 -0.000004 -0.081680 -0.039622 0.907289
 35 26.336975 0.000000 0.000004 -0.366995 0.254630 0.937072
time 70
  0 0.000000 0.000000 0.000000 0.000000 -0.000000 -1.570796
  1 0.000000 0.000000 0.000000 0.000000 -0.000000 0.000000
  2 9.164342 -2.678140 -10.891464 -1.566291 -0.260123 1.576645
  3 4.222169 -0.467508 0.000000 0.145246 0.002187 -0.173610
  4 4.476987 -0.000002 -0.000000 0.141225 0.156042 -0.088599
  5 4.477083 0.000000 0.000002 -0.026712 0.030598 -0.154627
  6 4.477077 -0.000004 -0.000002 -0.113907 -0.015181 -0.087179
  7 5.413502 -7.700466 -0.000000 0.032617 0.001529 -0.550616
  8 6.890240 0.000002 -0.000000 0.224639 0.000183 -0.144073
  9 8.011925 0.000004 0.000005 0.141550 0.000080 -0.059233
 10 7.210720 -0.000002 -0.000000 -0.259634 -0.000194 0.225614
 11 8.581028 -0.304903 -0.000000 -0.327387 0.053517 1.022281
 12 22.523008 2.194031 6.355708 0.000000 -0.000000 0.000000
 13 22.523005 2.194038 -6.355709 0.000000 -0.000000 0.000000
 14 -3.006533 7.804720 -11.355459 -0.300794 0.284175 1.355109
 15 10.384675 0.000008 0.000005 0.025683 0.172584 -1.938514
 16 22.550743 -0.000006 -0.000004 0.104443 0.003865 2.069360
 17 30.814247 -0.000015 -0.000004 2.676810 -0.024698 0.441487
 18 -3.013796 7.815494 11.355459 -0.657323 -0.260934 1.410377
 19 10.374533 -0.000002 0.000007 0.126971 -0.184027 -1.985574
 20 22.550726 -0.000027 -0.000013 -0.157284 -0.014292 2.362884
 21 30.814270 -0.000023 0.000002 -2.607705 -0.431109 0.428682
 22 -4.250660 -0.770624 0.000001 0.000000 0.000000 -2.996914
 23 10.363422 0.000000 0.000000 -0.000000 0.064661 0.304527
 24 10.363076 0.000000 -0.000000 0.000000 0.055857 0.000077
 25 10.363081 -0.000004 -0.000002 0.103804 0.102697 0.096334
 26 8.210358 -0.000006 -4.356233 0.000000 0.000000 0.000645
 27 8.210346 -0.000002 7.704017 0.000000 0.000000 -0.004171
 28 1.854841 1.227791 -13.762345 2.509359 0.233157 2.959955
 29 10.456543 -0.000004 0.000004 0.161217 0.089167 -1.246630
 30 24.248093 0.000001 0.000007 -0.088053 0.037979 1.063253
 31 26.336971 0.000019 0.000002 0.240181 -0.012582 0.898634
 32 1.854847 1.227798 13.762341 -2.938150 -0.215969 2.487004
 33 10.456542 -0.000008 0.000004 0.175010 -0.075076 -0.925534
 34 24.248116 0.000002 -0.000004 -0.081420 -0.039574 0.907289
 35 26.336975 0.000000 0.000004 -0.364508 0.254630 0.929329
time 71
  0 0.000000 0.000000 0.000000 0.000000 -0.000000 -1.570796
  1 0.000000 0.000000 0.000000 0.000000 -0.000000 0.000000
  2 8.933867 2.572020 -10.953966 -1.565428 -0.259724 1.578178
  3 4.222169 -0.467508 0.000000 0.141711 0.009343 -0.171601
  4 4.476987 -0.000002 -0.000000 0.135484 -0.005621 -0.088000
  5 4.477083 0.000000 0.000002 -0.030990 0.085068 -0.148669
  6 4.477077 -0.000004 -0.000002 -0.112337 -0.014391 -0.084220
  7 5.413502 -7.700466 -0.000000 -0.002751 -0.060013 -0.550616
  8 6.890240 0.000002 -0.000000 0.219246 0.000301 -0.138348
  9 8.011925 0.000004 0.000005 0.201010 -0.000559 -0.056767
 10 7.210720 -0.000002 -0.000000 -0.101295 -0.001730 0.218963
 11 8.581028 -0.304903 -0.000000 -0.307937 0.086193 1.022246
 12 22.523008 2.194031 6.355708 0.000000 -0.000000 0.000000
 13 22.523005 2.194038 -6.355709 0.000000 -0.000000 0.000000
 14 -3.006533 7.804720 -11.355459 -0.276214 0.307069 1.362800
 15 10.384675 0.000008 0.000005 0.018959 0.173433 -1.938681
 16 22.550743 -0.000006 -0.000004 0.107257 0.024613 2.069360
 17 30.814247 -0.000015 -0.000004 2.672704 0.107057 0.471032
 18 -3.013796 7.815494 11.355459 -0.631256 -0.283093 1.393106
 19 10.374533 -0.000002 0.000007 0.121848 -0.198047 -1.991779
 20 22.550726 -0.000027 -0.000013 -0.153178 -0.049098 2.378083
 21 30.814270 -0.000023 0.000002 -2.612827 -0.286239 0.483516
 22 -4.250660 -0.770624 0.000001 0.000000 0.000000 -3.034862
 23 10.363422 0.000000 0.000000 -0.000000 -0.070477 0.304527
 24 10.363076 0.000000 -0.000000 0.000000 -0.035921 -0.000155
 25 10.363081 -0.000004 -0.000002 0.086678 -0.019858 0.096093
 26 8.210358 -0.000006 -3.879655 0.000000 0.000000 0.000645
 27 8.210346 -0.000002 7.704017 0.000000 0.000000 -0.003798
 28 1.854841 1.227791 -13.762345 2.516219 0.217491 2.573867
 29 10.456543 -0.000004 0.000004 0.159470 0.091409 -1.246413
 30 24.248093 0.000001 0.000007 -0.083531 0.010517 1.063253
 31 26.336971 0.000019 0.000002 0.242357 -0.100405 0.894160
 32 1.854847 1.227798 13.762341 -2.930891 -0.203711 2.486099
 33 10.456542 -0.000008 0.000004 0.172568 -0.083174 -0.628100
 34 24.248116 0.000002 -0.000004 -0.081110 0.063817 0.907289
 35 26.336975 0.000000 0.000004 -0.361807 0.254630 0.921247
time 72
  0 0.000000 0.000000 0.000000 0.000000 -0.000000 -1.570796
  1 0.000000 0.000000 0.000000 0.000000 -0.000000 0.000000
  2 8.683859 2.626709 -11.012562 -1.564566 -0.259286 1.579616
  3 4.222169 -0.467508 0.000000 0.137995 0.010455 -0.172215
  4 4.476987 -0.000002 -0.000000 0.129348 -0.196883 -0.087667
  5 4.477083 0.000000 0.000002 -0.035640 0.092902 -0.143792
  6 4.477077 -0.000004 -0.000002 -0.110695 -0.014410 -0.080794
  7 5.413502 -7.700466 -0.000000 -0.021479 -0.052876 -0.550616
  8 6.890240 0.000002 -0.000000 0.211516 0.000850 -0.131669
  9 8.011925 0.000004 0.000005 0.246416 -0.000863 -0.053341
 10 7.210720 -0.000002 -0.000000 0.053393 -0.002277 0.210703
 11 8.581028 -0.304903 -0.000000 -0.288533 0.092629 1.022246
 12 22.523008 2.194031 6.355708 0.000000 -0.000000 0.000000
 13 22.523005 2.194038 -6.355709 0.000000 -0.000000 0.000000
 14 -3.006533 7.804720 -11.355459 -0.249302 0.312757 1.371934
 15 10.384675 0.000008 0.000005 0.011900 0.173412 -1.938792
 16 22.550743 -0.000006 -0.000004 0.110168 0.026938 2.069360
 17 30.814247 -0.000015 -0.000004 2.668030 0.115772 0.501221
 18 -3.013796 7.815494 11.355459 -0.603050 -0.285596 1.374922
 19 10.374533 -0.000002 0.000007 0.116590 -0.198578 -1.997751
 20 22.550726 -0.000027 -0.000013 -0.148929 -0.048960 2.387823
 21 30.814270 -0.000023 0.000002 -2.618931 -0.275620 0.537039
 22 -4.250660 -0.770624 0.000001 0.000000 0.000000 -3.072400
 23 10.363422 0.000000 0.000000 0.000000 -0.056180 0.304527
 24 10.363076 0.000000 -0.000000 0.000000 -0.053179 -0.000439
 25 10.363081 -0.000004 -0.000002 0.067878 -0.019858 0.095851
 26 8.210358 -0.000006 -3.395266 0.000000 0.000000 0.001631
 27 8.210346 -0.000002 7.704017 0.000000 0.000000 -0.003459
 28 1.854841 1.227791 -13.762345 2.523827 0.216454 2.573563
 29 10.456543 -0.000004 0.000004 0.157566 0.091462 -1.246196
 30 24.248093 0.000001 0.000007 -0.078748 0.010255 1.063253
 31 26.336971 0.000019 0.000002 0.244619 -0.104425 0.889963
 32 1.854847 1.227798 13.762341 -2.922788 -0.202288 2.485195
 33 10.456542 -0.000008 0.000004 0.169991 -0.075688 -0.629637
 34 24.248116 0.000002 -0.000004 -0.080747 -0.012944 0.907289
 35 26.336975 0.000000 0.000004 -0.358976 0.254630 0.913109
time 73
  0 0.000000 0.000000 0.000000 0.000000 -0.000000 -1.570796
  1 0.000000 0.000000 0.000000 0.000000 -0.000000 0.000000
  2 8.418225 5.068190 -11.055532 -1.563607 -0.258847 1.581150
  3 4.222169 -0.467508 0.000000 0.134088 0.011141 -0.172797
  4 4.476987 -0.000002 -0.000000 0.122829 -0.193885 -0.087689
  5 4.477083 0.000000 0.000002 -0.040686 0.100769 -0.139998
  6 4.477077 -0.000004 -0.000002 -0.109017 -0.014824 -0.076948
  7 5.413502 -7.700466 -0.000000 -0.039622 -0.052876 -0.550616
  8 6.890240 0.000002 -0.000000 0.201389 0.000706 -0.124153
  9 8.011925 0.000004 0.000005 0.265472 -0.001070 -0.048850
 10 7.210720 -0.000002 -0.000000 0.169456 -0.002931 0.202390
 11 8.581028 -0.304903 -0.000000 -0.268417 0.099458 1.022176
 12 22.523008 2.194031 6.355708 0.000000 -0.000000 0.000000
 13 22.523005 2.194038 -6.355709 0.000000 -0.000000 0.000000
 14 -3.006533 7.804720 -11.355459 -0.220001 0.319046 1.382304
 15 10.384675 0.000008 0.000005 0.004654 0.173369 -1.938903
 16 22.550743 -0.000006 -0.000004 0.113159 0.029205 2.069360
 17 30.814247 -0.000015 -0.000004 2.662745 0.123640 0.531732
 18 -3.013796 7.815494 11.355459 -0.572502 -0.288212 1.355827
 19 10.374533 -0.000002 0.000007 0.111265 -0.198811 -2.003434
 20 22.550726 -0.000027 -0.000013 -0.144619 -0.048646 2.392910
 21 30.814270 -0.000023 0.000002 -2.626158 -0.264855 0.587829
 22 -4.250660 -0.770624 0.000001 0.000000 0.000000 -3.109682
 23 10.363422 0.000000 0.000000 0.000000 -0.031899 0.304527
 24 10.363076 0.000000 -0.000000 0.000000 -0.070568 -0.000723
 25 10.363081 -0.000004 -0.000002 0.048278 -0.019750 0.095556
 26 8.210358 -0.000006 -2.903063 0.000000 0.000000 0.006556
 27 8.210346 -0.000002 7.704017 0.000000 0.000000 -0.003120
 28 1.854841 1.227791 -13.762345 2.532182 0.215418 2.572650
 29 10.456543 -0.000004 0.000004 0.155504 0.091498 -1.246022
 30 24.248093 0.000001 0.000007 -0.073595 0.010295 1.063253
 31 26.336971 0.000019 0.000002 0.247099 -0.108130 0.886042
 32 1.854847 1.227798 13.762341 -2.913807 0.021779 2.484031
 33 10.456542 -0.000008 0.000004 0.167176 -0.075271 -0.633854
 34 24.248116 0.000002 -0.000004 -0.080332 -0.013124 0.907289
 35 26.336975 0.000000 0.000004 -0.355974 0.254630 0.905196
time 74
  0 0.000000 0.000000 0.000000 0.000000 -0.000000 -1.570796
  1 0.000000 0.000000 0.000000 0.000000 -0.000000 0.000000
  2 8.133060 -2.162500 -11.078970 -1.562744 -0.258408 1.582684
  3 4.222169 -0.467508 0.000000 0.130062 0.011419 -0.173380
  4 4.476987 -0.000002 -0.000000 0.116033 -0.190886 -0.088177
  5 4.477083 0.000000 0.000002 -0.046019 0.109120 -0.137226
  6 4.477077 -0.000004 -0.000002 -0.107339 -0.015744 -0.072759
  7 5.413502 -7.700466 -0.000000 -0.040061 -0.052876 -0.550616
  8 6.890240 0.000002 -0.000000 0.188410 0.000902 -0.109864
  9 8.011925 0.000004 0.000005 0.267175 -0.001150 -0.043893
 10 7.210720 -0.000002 -0.000000 0.243108 -0.003690 0.194130
 11 8.581028 -0.304903 -0.000000 -0.247176 0.106594 1.022141
 12 22.523008 2.194031 6.355708 0.000000 -0.000000 0.000000
 13 22.523005 2.194038 -6.355709 0.000000 -0.000000 0.000000
 14 -3.006533 7.804720 -11.355459 -0.188585 0.241496 1.393635
 15 10.384675 0.000008 0.000005 -0.002742 0.173327 -1.939014
 16 22.550743 -0.000006 -0.000004 0.116149 0.031386 2.069360
 17 30.814247 -0.000015 -0.000004 2.656935 0.130662 0.562316
 18 -3.013796 7.815494 11.355459 -0.540020 -0.290902 1.335877
 19 10.374533 -0.000002 0.000007 0.106007 -0.198778 -2.008768
 20 22.550726 -0.000027 -0.000013 -0.140370 -0.048352 2.394523
 21 30.814270 -0.000023 0.000002 -2.634296 -0.253918 0.634436
 22 -4.250660 -0.770624 0.000001 0.000000 0.000000 3.136426
 23 10.363422 0.000000 0.000000 0.000000 -0.007127 0.304527
 24 10.363076 0.000000 -0.000000 0.000000 -0.088042 -0.001032
 25 10.363081 -0.000004 -0.000002 0.029120 -0.019704 0.095260
 26 8.210358 -0.000006 -2.406954 0.000000 0.000000 0.045350
 27 8.210346 -0.000002 7.704017 0.000000 0.000000 -0.002814
 28 1.854841 1.227791 -13.762345 2.541240 0.214357 2.571191
 29 10.456543 -0.000004 0.000004 0.153321 0.091516 -1.245935
 30 24.248093 0.000001 0.000007 -0.068257 0.010678 1.063253
 31 26.336971 0.000019 0.000002 0.249622 0.154760 0.882397
 32 1.854847 1.227798 13.762341 -2.904015 -0.183846 2.822477
 33 10.456542 -0.000008 0.000004 0.164090 -0.075271 -0.638741
 34 24.248116 0.000002 -0.000004 -0.079853 -0.037992 0.907289
 35 26.336975 0.000000 0.000004 -0.352887 0.254630 0.897793
time 75
  0 0.000000 0.000000 0.000000 0.000000 -0.000000 -1.570796
  1 0.000000 0.000000 0.000000 0.000000 -0.000000 0.000000
  2 7.840083 -2.928148 26.082321 -1.561882 -0.258009 1.584218
  3 4.222169 -0.467508 0.000000 0.125963 0.011326 -0.173947
  4 4.476987 -0.000002 -0.000000 0.109023 -0.187930 -0.089265
  5 4.477083 0.000000 0.000002 -0.051616 0.117924 -0.135537
  6 4.477077 -0.000004 -0.000002 -0.105685 -0.017210 -0.068274
  7 5.413502 -7.700466 -0.000000 -0.039941 -0.052876 -0.550616
  8 6.890240 0.000002 -0.000000 0.160306 0.001725 -0.095273
  9 8.011925 0.000004 0.000005 0.262578 -0.001326 -0.039246
 10 7.210720 -0.000002 -0.000000 0.301332 -0.004502 0.185978
 11 8.581028 -0.304903 -0.000000 -0.224281 0.114020 1.022071
 12 22.523008 2.194031 6.355708 0.000000 -0.000000 0.000000
 13 22.523005 2.194038 -6.355709 0.000000 -0.000000 0.000000
 14 -3.006533 7.804720 -11.355459 -0.155324 0.241390 1.405721
 15 10.384675 0.000008 0.000005 -0.009988 0.173263 -1.939125
 16 22.550743 -0.000006 -0.000004 0.119092 0.033424 2.069360
 17 30.814247 -0.000015 -0.000004 2.650515 0.136807 0.592863
 18 -3.013796 7.815494 11.355459 -0.505654 -0.293705 1.315300
 19 10.374533 -0.000002 0.000007 0.101086 -0.198445 -2.013813
 20 22.550726 -0.000027 -0.000013 -0.136244 -0.048175 2.393592
 21 30.814270 -0.000023 0.000002 -2.643348 -0.242761 0.675408
 22 -4.250660 -0.770624 0.000001 0.000000 0.000000 3.099553
 23 10.363422 0.000000 0.000000 -0.000000 0.016555 0.304527
 24 10.363076 0.000000 -0.000000 0.000000 -0.105683 -0.001291
 25 10.363081 -0.000004 -0.000002 0.010320 -0.021060 0.094938
 26 8.210358 -0.000006 -1.906939 0.000000 0.000000 0.087235
 27 8.210346 -0.000002 7.704017 0.000000 0.000000 -0.002509
 28 1.854841 1.227791 -13.762345 2.550958 0.213272 2.569062
 29 10.456543 -0.000004 0.000004 0.150980 0.234032 -1.245848
 30 24.248093 0.000001 0.000007 -0.062696 0.191935 1.063253
 31 26.336971 0.000019 0.000002 0.252232 -0.032527 1.408039
 32 1.854847 1.227798 13.762341 -2.893447 -0.183983 2.799989
 33 10.456542 -0.000008 0.000004 0.160732 -0.064640 -0.643785
 34 24.248116 0.000002 -0.000004 -0.079283 -0.037992 0.907289
 35 26.336975 0.000000 0.000004 -0.349756 0.254630 0.891293
time 76
  0 0.000000 0.000000 0.000000 0.000000 -0.000000 -1.570796
  1 0.000000 0.000000 0.000000 0.000000 -0.000000 0.000000
  2 7.539292 -39.249569 18.843819 -1.561115 -0.257610 1.585560
  3 4.222169 -0.467508 0.000000 0.121816 0.010955 -0.174484
  4 4.476987 -0.000002 -0.000000 0.101892 -0.185103 -0.090996
  5 4.477083 0.000000 0.000002 -0.057404 0.127083 -0.135937
  6 4.477077 -0.000004 -0.000002 -0.104103 -0.019240 -0.063539
  7 5.413502 -7.700466 -0.000000 -0.039875 -0.052876 -0.550616
  8 6.890240 0.000002 -0.000000 0.131687 0.002705 -0.082194
  9 8.011925 0.000004 0.000005 0.253593 -0.001725 -0.035431
 10 7.210720 -0.000002 -0.000000 0.346956 -0.005349 0.178013
 11 8.581028 -0.304903 -0.000000 -0.199228 0.121651 1.022000
 12 22.523008 2.194031 6.355708 0.000000 -0.000000 0.000000
 13 22.523005 2.194038 -6.355709 0.000000 -0.000000 0.000000
 14 -3.006533 7.804720 -11.355459 -0.120381 0.241319 1.418220
 15 10.384675 0.000008 0.000005 -0.017122 0.173178 -1.939181
 16 22.550743 -0.000006 -0.000004 0.121922 0.035289 2.069360
 17 30.814247 -0.000015 -0.000004 2.643570 0.142198 0.623124
 18 -3.013796 7.815494 11.355459 -0.469608 -0.296657 1.293925
 19 10.374533 -0.000002 0.000007 0.096502 -0.197847 -2.018626
 20 22.550726 -0.000027 -0.000013 -0.132342 -0.048273 2.391297
 21 30.814270 -0.000023 0.000002 -2.653275 -0.231359 0.709408
 22 -4.250660 -0.770624 0.000001 0.000000 0.000000 3.062399
 23 10.363422 0.000000 0.000000 -0.000000 0.036869 0.304527
 24 10.363076 0.000000 -0.000000 0.000000 -0.123277 -0.001549
 25 10.363081 -0.000004 -0.000002 -0.008160 -0.020860 0.094670
 26 8.210358 -0.000006 -1.410830 0.000000 0.000000 0.123787
 27 8.210346 -0.000002 7.704017 0.000000 0.000000 -0.002238
 28 1.854841 1.227791 -13.762345 2.561292 0.212186 2.566386
 29 10.456543 -0.000004 0.000004 0.148516 0.087281 -0.898146
 30 24.248093 0.000001 0.000007 -0.057024 0.037474 1.063253
 31 26.336971 0.000019 0.000002 0.254886 -0.032658 0.595442
 32 1.854847 1.227798 13.762341 -2.882103 -0.184092 2.797490
 33 10.456542 -0.000008 0.000004 0.157036 -0.058824 -0.648987
 34 24.248116 0.000002 -0.000004 -0.078648 -0.037992 0.907289
 35 26.336975 0.000000 0.000004 -0.346669 0.254630 0.885924
time 77
  0 0.000000 0.000000 0.000000 0.000000 -0.000000 -1.570796
  1 0.000000 0.000000 0.000000 0.000000 -0.000000 0.000000
  2 7.230690 -39.097221 18.078169 -1.560539 -0.257251 1.586902
  3 4.222169 -0.467508 0.000000 0.117681 0.010288 -0.175021
  4 4.476987 -0.000002 -0.000000 0.094689 -0.182447 -0.093394
  5 4.477083 0.000000 0.000002 -0.063325 0.127083 -0.136218
  6 4.477077 -0.000004 -0.000002 -0.102617 -0.019916 -0.058618
  7 5.413502 -7.700466 -0.000000 -0.039835 -0.052876 -0.550616
  8 6.890240 0.000002 -0.000000 0.103151 0.003241 -0.072421
  9 8.011925 0.000004 0.000005 0.241230 -0.002221 -0.032446
 10 7.210720 -0.000002 -0.000000 0.381435 -0.006215 0.170316
 11 8.581028 -0.304903 -0.000000 -0.171580 0.129453 1.021930
 12 22.523008 2.194031 6.355708 0.000000 -0.000000 0.000000
 13 22.523005 2.194038 -6.355709 0.000000 -0.000000 0.000000
 14 -3.006533 7.804720 -11.355459 -0.084081 0.241249 1.431062
 15 10.384675 0.000008 0.000005 -0.023883 0.173093 -1.939236
 16 22.550743 -0.000006 -0.000004 0.124577 0.036896 2.069360
 17 30.814247 -0.000015 -0.000004 2.636144 0.147120 0.652920
 18 -3.013796 7.815494 11.355459 -0.431983 -0.299684 1.271866
 19 10.374533 -0.000002 0.000007 0.092458 -0.196984 -2.023149
 20 22.550726 -0.000027 -0.000013 -0.128788 -0.048823 2.388629
 21 30.814270 -0.000023 0.000002 -2.663974 -0.219737 0.734984
 22 -4.250660 -0.770624 0.000001 0.000000 0.000000 3.025066
 23 10.363422 0.000000 0.000000 0.000000 0.046792 0.304527
 24 10.363076 0.000000 -0.000000 0.000000 -0.136891 -0.001755
 25 10.363081 -0.000004 -0.000002 -0.026406 -0.020582 0.094401
 26 8.210358 -0.000006 -0.914721 0.000000 0.000000 0.134759
 27 8.210346 -0.000002 7.704017 0.000000 0.000000 -0.002001
 28 1.854841 1.227791 -13.762345 2.572197 0.137602 2.563163
 29 10.456543 -0.000004 0.000004 0.145948 0.087281 -1.399943
 30 24.248093 0.000001 0.000007 -0.051241 0.037535 1.063253
 31 26.336971 0.000019 0.000002 0.257539 -0.033079 0.596326
 32 1.854847 1.227798 13.762341 -2.870016 -0.184229 2.794991
 33 10.456542 -0.000008 0.000004 0.153034 0.060394 -0.654387
 34 24.248116 0.000002 -0.000004 -0.077910 -0.037992 0.907289
 35 26.336975 0.000000 0.000004 -0.343581 0.254630 0.882081
time 78
  0 0.000000 0.000000 0.000000 0.000000 -0.000000 -1.570796
  1 0.000000 0.000000 0.000000 0.000000 -0.000000 0.000000
  2 6.918180 -38.858932 18.328176 -1.559964 -0.256932 1.588052
  3 4.222169 -0.467508 0.000000 0.113583 0.009417 -0.175527
  4 4.476987 -0.000002 -0.000000 0.087498 -0.180027 -0.094193
  5 4.477083 0.000000 0.000002 -0.069329 0.127083 -0.057530
  6 4.477077 -0.000004 -0.000002 -0.101263 -0.021532 -0.053215
  7 5.413502 -7.700466 -0.000000 -0.039808 -0.052876 -0.550617
  8 6.890240 0.000002 -0.000000 0.073501 0.003686 -0.065276
  9 8.011925 0.000004 0.000005 0.222816 -0.002732 -0.029850
 10 7.210720 -0.000002 -0.000000 0.378580 -0.007080 0.162995
 11 8.581028 -0.304903 -0.000000 -0.139499 0.137340 1.021825
 12 22.523008 2.194031 6.355708 0.000000 -0.000000 0.000000
 13 22.523005 2.194038 -6.355709 0.000000 -0.000000 0.000000
 14 -3.006533 7.804720 -11.355459 -0.046587 0.241143 1.443904
 15 10.384675 0.000008 0.000005 -0.030232 0.172987 -1.939292
 16 22.550743 -0.000006 -0.000004 0.127008 0.038273 2.069360
 17 30.814247 -0.000015 -0.000004 2.628326 0.151979 0.682070
 18 -3.013796 7.815494 11.355459 -0.392933 -0.302860 1.249294
 19 10.374533 -0.000002 0.000007 0.089087 -0.195821 -2.027381
 20 22.550726 -0.000027 -0.000013 -0.125663 -0.049961 2.386582
 21 30.814270 -0.000023 0.000002 -2.675376 -0.207773 0.750771
 22 -4.250660 -0.770624 0.000001 0.000000 0.000000 2.987374
 23 10.363422 0.000000 0.000000 0.000000 0.038942 0.304527
 24 10.363076 0.000000 -0.000000 0.000000 -0.138917 -0.001910
 25 10.363081 -0.000004 -0.000002 -0.044455 -0.020212 0.094186
 26 8.210358 -0.000006 -0.422519 0.000000 0.000000 0.141247
 27 8.210346 -0.000002 7.704017 0.000000 0.000000 -0.001831
 28 1.854841 1.227791 -13.762345 2.583674 0.139107 2.559391
 29 10.456543 -0.000004 0.000004 0.143240 0.087334 -1.399032
 30 24.248093 0.000001 0.000007 -0.045421 0.037757 1.063253
 31 26.336971 0.000019 0.000002 0.260193 -0.033762 0.598866
 32 1.854847 1.227798 13.762341 -2.857219 -0.184339 2.792536
 33 10.456542 -0.000008 0.000004 0.148591 0.060728 -0.660022
 34 24.248116 0.000002 -0.000004 -0.077055 -0.037992 0.907289
 35 26.336975 0.000000 0.000004 -0.340622 0.254630 0.880046
time 79
  0 0.000000 0.000000 0.000000 0.000000 -0.000000 -1.570796
  1 0.000000 0.000000 0.000000 0.000000 -0.000000 0.000000
  2 6.605670 -38.542519 18.578184 -1.559581 -0.256653 1.589107
  3 4.222169 -0.467508 0.000000 0.109592 0.008360 -0.176017
  4 4.476987 -0.000002 -0.000000 0.080391 -0.177907 -0.096102
  5 4.477083 0.000000 0.000002 -0.075369 0.127083 0.054492
  6 4.477077 -0.000004 -0.000002 -0.100076 -0.023036 -0.048013
  7 5.413502 -7.700466 -0.000000 -0.039848 -0.052876 -0.550616
  8 6.890240 0.000002 -0.000000 0.023682 0.004274 -0.060343
  9 8.011925 0.000004 0.000005 0.182059 -0.003195 -0.027774
 10 7.210720 -0.000002 -0.000000 0.375944 -0.007909 0.156130
 11 8.581028 -0.304903 -0.000000 -0.082343 0.145245 1.021755
 12 22.523008 2.194031 6.355708 0.000000 -0.000000 0.000000
 13 22.523005 2.194038 -6.355709 0.000000 -0.000000 0.000000
 14 -3.006533 7.804720 -11.355459 -0.008117 0.241072 1.456540
 15 10.384675 0.000008 0.000005 -0.035910 0.172881 -1.750014
 16 22.550743 -0.000006 -0.000004 0.129167 0.039335 2.069360
 17 30.814247 -0.000015 -0.000004 2.620071 0.157151 0.710254
 18 -3.013796 7.815494 11.355459 -0.352712 -0.306223 1.226208
 19 10.374533 -0.000002 0.000007 0.086525 -0.194425 -2.031383
 20 22.550726 -0.000027 -0.000013 -0.123028 -0.051866 2.386210
 21 30.814270 -0.000023 0.000002 -2.687478 -0.194536 0.755456
 22 -4.250660 -0.770624 0.000001 0.000000 0.000000 2.949784
 23 10.363422 0.000000 0.000000 -0.000000 0.031440 0.304527
 24 10.363076 0.000000 -0.000000 0.000000 -0.125602 -0.001987
 25 10.363081 -0.000004 -0.000002 -0.062381 -0.019750 0.094025
 26 8.210358 -0.000006 0.061871 0.000000 0.000000 0.070522
 27 8.210346 -0.000002 7.704017 0.000000 0.000000 -0.001662
 28 1.854841 1.227791 -13.762345 2.595679 0.140612 2.555012
 29 10.456543 -0.000004 0.000004 0.140445 0.087387 -1.397338
 30 24.248093 0.000001 0.000007 -0.039600 0.038120 1.063253
 31 26.336971 0.000019 0.000002 0.262760 -0.034682 0.603119
 32 1.854847 1.227798 13.762341 -2.843714 -0.184475 2.789994
 33 10.456542 -0.000008 0.000004 0.143775 0.061062 -0.665816
 34 24.248116 0.000002 -0.000004 -0.076096 -0.037992 0.907289
 35 26.336975 0.000000 0.000004 -0.337792 0.254630 0.880047
time 80
  0 0.000000 0.000000 0.000000 0.000000 -0.000000 -1.570796
  1 0.000000 0.000000 0.000000 0.000000 -0.000000 0.000000
  2 6.297067 -38.163601 49.176773 -1.559293 -0.256414 1.589874
  3 4.222169 -0.467508 0.000000 0.105733 0.007174 -0.176508
  4 4.476987 -0.000002 -0.000000 0.073440 -0.176129 -0.097878
  5 4.477083 0.000000 0.000002 -0.081374 0.127083 -0.099920
  6 4.477077 -0.000004 -0.000002 -0.099082 -0.024577 -0.045693
  7 5.413502 -7.700466 -0.000000 -0.038971 -0.052876 -0.550616
  8 6.890240 0.000002 -0.000000 -0.028751 0.004862 -0.057201
  9 8.011925 0.000004 0.000005 0.092856 -0.003706 -0.026268
 10 7.210720 -0.000002 -0.000000 0.375038 -0.008174 0.149640
 11 8.581028 -0.304903 -0.000000 -0.024934 0.153200 1.021685
 12 22.523008 2.194031 6.355708 0.000000 -0.000000 0.000000
 13 22.523005 2.194038 -6.355709 0.000000 -0.000000 0.000000
 14 -3.006533 7.804720 -11.355459 0.031004 0.241001 1.468695
 15 10.384675 0.000008 0.000005 -0.040803 0.172754 -1.939237
 16 22.550743 -0.000006 -0.000004 0.130974 0.039967 2.069360
 17 30.814247 -0.000015 -0.000004 2.611509 0.163013 0.737543
 18 -3.013796 7.815494 11.355459 -0.311422 -0.309735 1.202725
 19 10.374533 -0.000002 0.000007 0.084908 -0.192798 -2.035151
 20 22.550726 -0.000027 -0.000013 -0.120985 -0.054712 2.388505
 21 30.814270 -0.000023 0.000002 -2.700143 -0.178779 0.747619
 22 -4.250660 -0.770624 0.000001 0.000000 0.000000 2.920696
 23 10.363422 0.000000 0.000000 -0.000000 0.023829 0.304527
 24 10.363076 0.000000 -0.000000 0.000000 -0.095628 -0.001962
 25 10.363081 -0.000004 -0.000002 -0.080209 -0.019304 0.093945
 26 8.210358 -0.000006 0.538448 0.000000 0.000000 0.006862
 27 8.210346 -0.000002 7.704017 0.000000 0.000000 -0.001526
 28 1.854841 1.227791 -13.762345 2.608168 0.142117 2.550086
 29 10.456543 -0.000004 0.000004 0.137545 0.087476 -1.394907
 30 24.248093 0.000001 0.000007 -0.033854 0.038645 1.063253
 31 26.336971 0.000019 0.000002 0.265240 -0.035864 0.608973
 32 1.854847 1.227798 13.762341 -2.829567 -0.184612 2.787409
 33 10.456542 -0.000008 0.000004 0.138519 -0.032414 -0.671806
 34 24.248116 0.000002 -0.000004 -0.075021 -0.037992 0.907289
 35 26.336975 0.000000 0.000004 -0.335090 0.254630 0.882420
time 81
  0 0.000000 0.000000 0.000000 0.000000 -0.000000 -1.570796
  1 0.000000 0.000000 0.000000 0.000000 -0.000000 0.000000
  2 5.992371 -37.726086 17.984417 -1.559197 -0.256254 1.590449
  3 4.222169 -0.467508 0.000000 0.102066 0.005876 -0.176968
  4 4.476987 -0.000002 -0.000000 0.066741 -0.174758 -0.099698
  5 4.477083 0.000000 0.000002 -0.087270 0.127083 -0.099772
  6 4.477077 -0.000004 -0.000002 -0.098315 -0.026174 -0.043544
  7 5.413502 -7.700466 -0.000000 -0.023885 -0.052876 -0.550616
  8 6.890240 0.000002 -0.000000 -0.077396 0.005346 -0.054990
  9 8.011925 0.000004 0.000005 0.006981 -0.004281 -0.023750
 10 7.210720 -0.000002 -0.000000 0.375615 -0.008810 0.141059
 11 8.581028 -0.304903 -0.000000 0.030178 0.161105 1.021580
 12 22.523008 2.194031 6.355708 0.000000 -0.000000 0.000000
 13 22.523005 2.194038 -6.355709 0.000000 -0.000000 0.000000
 14 -3.006533 7.804720 -11.355459 0.070451 0.240931 1.480094
 15 10.384675 0.000008 0.000005 -0.044837 0.172626 -1.939181
 16 22.550743 -0.000006 -0.000004 0.132366 0.040196 2.069360
 17 30.814247 -0.000015 -0.000004 2.602642 0.169973 0.763292
 18 -3.013796 7.815494 11.355459 -0.269419 -0.313435 1.178898
 19 10.374533 -0.000002 0.000007 0.084368 -0.190904 -2.038689
 20 22.550726 -0.000027 -0.000013 -0.119657 -0.058540 2.394399
 21 30.814270 -0.000023 0.000002 -2.713192 -0.161040 0.726254
 22 -4.250660 -0.770624 0.000001 0.000000 0.000000 2.916369
 23 10.363422 0.000000 0.000000 -0.000000 0.016291 0.304527
 24 10.363076 0.000000 -0.000000 0.000000 -0.056558 -0.001910
 25 10.363081 -0.000004 -0.000002 -0.097938 -0.017070 0.093972
 26 8.210358 -0.000006 1.007213 0.000000 0.000000 0.000204
 27 8.210346 -0.000002 7.704017 0.000000 0.000000 -0.001458
 28 1.854841 1.227791 -13.762345 2.621008 0.143573 2.544612
 29 10.456543 -0.000004 0.000004 0.134558 0.087601 -1.391780
 30 24.248093 0.000001 0.000007 -0.028256 0.039351 1.063253
 31 26.336971 0.000019 0.000002 0.267589 -0.037257 0.616373
 32 1.854847 1.227798 13.762341 -2.814881 -0.184749 2.784695
 33 10.456542 -0.000008 0.000004 0.132787 -0.083898 -0.678033
 34 24.248116 0.000002 -0.000004 -0.073816 -0.037992 0.907289
 35 26.336975 0.000000 0.000004 -0.332689 0.254630 0.886320
time 82
  0 0.000000 0.000000 0.000000 0.000000 -0.000000 -1.570796
  1 0.000000 0.000000 0.000000 0.000000 -0.000000 0.000000
  2 5.691580 -37.245602 17.933634 -1.559389 -0.256214 1.590737
  3 4.222169 -0.467508 0.000000 0.098602 0.004523 -0.177428
  4 4.476987 -0.000002 -0.000000 0.060305 -0.173752 -0.101585
  5 4.477083 0.000000 0.000002 -0.093059 0.127083 -0.099297
  6 4.477077 -0.000004 -0.000002 -0.097751 -0.027828 -0.041457
  7 5.413502 -7.700466 -0.000000 -0.003629 -0.052876 -0.550616
  8 6.890240 0.000002 -0.000000 -0.117725 0.005764 -0.053664
  9 8.011925 0.000004 0.000005 -0.071286 -0.004904 -0.021648
 10 7.210720 -0.000002 -0.000000 0.377646 -0.009746 0.132290
 11 8.581028 -0.304903 -0.000000 0.081777 0.168941 1.021510
 12 22.523008 2.194031 6.355708 0.000000 -0.000000 0.000000
 13 22.523005 2.194038 -6.355709 0.000000 -0.000000 0.000000
 14 -3.006533 7.804720 -11.355459 0.110332 0.240860 1.490533
 15 10.384675 0.000008 0.000005 -0.047937 0.172499 -1.939125
 16 22.550743 -0.000006 -0.000004 0.133341 0.039881 2.069360
 17 30.814247 -0.000015 -0.000004 2.593557 0.178280 0.786963
 18 -3.013796 7.815494 11.355459 -0.226499 -0.317321 1.154901
 19 10.374533 -0.000002 0.000007 0.085042 -0.188811 -2.041994
 20 22.550726 -0.000027 -0.000013 -0.118983 -0.063036 2.404077
 21 30.814270 -0.000023 0.000002 -2.726593 -0.141785 0.696466
 22 -4.250660 -0.770624 0.000001 0.000000 0.000000 2.944817
 23 10.363422 0.000000 0.000000 -0.000000 0.008981 0.304527
 24 10.363076 0.000000 -0.000000 0.000000 -0.019490 -0.001703
 25 10.363081 -0.000004 -0.000002 -0.115802 0.000493 0.094025
 26 8.210358 -0.000006 1.464257 0.000000 0.000000 0.002378
 27 8.210346 -0.000002 7.704017 0.000000 0.000000 -0.001390
 28 1.854841 1.227791 -13.762345 2.634332 0.144979 2.538530
 29 10.456543 -0.000004 0.000004 0.131483 0.087725 -1.388046
 30 24.248093 0.000001 0.000007 -0.022770 0.040239 1.063253
 31 26.336971 0.000019 0.000002 0.269807 -0.038886 0.625375
 32 1.854847 1.227798 13.762341 -2.799451 -0.184886 2.781852
 33 10.456542 -0.000008 0.000004 0.126547 -0.089352 -0.684379
 34 24.248116 0.000002 -0.000004 -0.072456 -0.037992 0.907289
 35 26.336975 0.000000 0.000004 -0.330502 0.254630 0.890615
time 83
  0 0.000000 0.000000 0.000000 0.000000 -0.000000 -1.570796
  1 0.000000 0.000000 0.000000 0.000000 -0.000000 0.000000
  2 5.402509 -36.733868 18.039106 -1.559772 -0.256214 1.590641
  3 4.222169 -0.467508 0.000000 0.095402 0.003151 -0.177857
  4 4.476987 -0.000002 -0.000000 0.054241 -0.173066 -0.103538
  5 4.477083 0.000000 0.000002 -0.098655 0.146241 -0.098512
  6 4.477077 -0.000004 -0.000002 -0.097368 -0.029500 -0.039432
  7 5.413502 -7.700466 -0.000000 0.021001 -0.052876 -0.550616
  8 6.890240 0.000002 -0.000000 -0.144990 0.006326 -0.054897
  9 8.011925 0.000004 0.000005 -0.102247 -0.005575 -0.019961
 10 7.210720 -0.000002 -0.000000 0.380940 -0.010875 0.123574
 11 8.581028 -0.304903 -0.000000 0.111263 0.176623 1.021440
 12 22.523008 2.194031 6.355708 0.000000 -0.000000 0.000000
 13 22.523005 2.194038 -6.355709 0.000000 -0.000000 0.000000
 14 -3.006533 7.804720 -11.355459 0.150430 0.240825 1.499804
 15 10.384675 0.000008 0.000005 -0.050028 0.172351 -1.938959
 16 22.550743 -0.000006 -0.000004 0.133789 0.038991 2.069360
 17 30.814247 -0.000015 -0.000004 2.584254 0.249533 0.808021
 18 -3.013796 7.815494 11.355459 -0.183121 -0.321506 1.130847
 19 10.374533 -0.000002 0.000007 0.087065 -0.186485 -2.045067
 20 22.550726 -0.000027 -0.000013 -0.119003 -0.067728 2.414313
 21 30.814270 -0.000023 0.000002 -2.740064 -0.121379 0.666344
 22 -4.250660 -0.770624 0.000001 0.000000 0.000000 -3.007028
 23 10.363422 0.000000 0.000000 0.000000 0.002041 0.304527
 24 10.363076 0.000000 -0.000000 0.000000 0.005869 -0.001368
 25 10.363081 -0.000004 -0.000002 -0.133753 0.019443 0.094240
 26 8.210358 -0.000006 1.913490 0.000000 0.000000 0.004552
 27 8.210346 -0.000002 7.704017 0.000000 0.000000 0.270154
 28 1.854841 1.227791 -13.762345 2.648052 0.146312 2.531962
 29 10.456543 -0.000004 0.000004 0.128321 0.087886 -1.383748
 30 24.248093 0.000001 0.000007 -0.017506 0.041328 1.063253
 31 26.336971 0.000019 0.000002 0.271852 -0.040726 0.635813
 32 1.854847 1.227798 13.762341 -2.783514 -0.185050 2.778750
 33 10.456542 -0.000008 0.000004 0.119730 -0.087571 -0.690960
 34 24.248116 0.000002 -0.000004 -0.070953 -0.037992 0.907289
 35 26.336975 0.000000 0.000004 -0.328615 0.254630 0.895306
time 84
  0 0.000000 0.000000 0.000000 0.000000 -0.000000 -1.570796
  1 0.000000 0.000000 0.000000 0.000000 -0.000000 0.000000
  2 5.129063 -36.198696 18.097702 -1.560444 -0.256334 1.590353
  3 4.222169 -0.467508 0.000000 0.092514 0.001816 -0.178271
  4 4.476987 -0.000002 -0.000000 0.048608 -0.172659 -0.105514
  5 4.477083 0.000000 0.000002 -0.104001 0.155836 -0.097415
  6 4.477077 -0.000004 -0.000002 -0.097140 -0.031192 -0.037439
  7 5.413502 -7.700466 -0.000000 0.046082 -0.052876 -0.550616
  8 6.890240 0.000002 -0.000000 -0.162235 0.007045 -0.060622
  9 8.011925 0.000004 0.000005 -0.109371 -0.006310 -0.018533
 10 7.210720 -0.000002 -0.000000 0.385442 -0.012023 0.114832
 11 8.581028 -0.304903 -0.000000 0.093741 0.184101 1.021369
 12 22.523008 2.194031 6.355708 0.000000 -0.000000 0.000000
 13 22.523005 2.194038 -6.355709 0.000000 -0.000000 0.000000
 14 -3.006533 7.804720 -11.355459 0.190473 0.240789 1.507564
 15 10.384675 0.000008 0.000005 -0.050962 0.172202 -1.938792
 16 22.550743 -0.000006 -0.000004 0.133677 0.038991 2.069360
 17 30.814247 -0.000015 -0.000004 2.574819 -0.351562 0.606006
 18 -3.013796 7.815494 11.355459 -0.139642 -0.325953 1.106622
 19 10.374533 -0.000002 0.000007 0.090637 -0.183927 -2.047966
 20 22.550726 -0.000027 -0.000013 -0.119718 -0.072125 2.420826
 21 30.814270 -0.000023 0.000002 -2.753429 -0.032465 0.635858
 22 -4.250660 -0.770624 0.000001 0.000000 0.000000 -3.006849
 23 10.363422 0.000000 0.000000 -0.000000 0.004702 0.304527
 24 10.363076 0.000000 -0.000000 0.000000 0.019987 -0.000903
 25 10.363081 -0.000004 -0.000002 -0.151876 0.035989 0.094589
 26 8.210358 -0.000006 2.343191 0.000000 0.000000 0.270639
 27 8.210346 -0.000002 7.704017 0.000000 0.000000 -0.121734
 28 1.854841 1.227791 -13.762345 2.662079 0.147570 2.524785
 29 10.456543 -0.000004 0.000004 0.125089 0.088046 -1.378928
 30 24.248093 0.000001 0.000007 -0.012501 0.042640 1.063253
 31 26.336971 0.000019 0.000002 0.273679 -0.042723 0.647686
 32 1.854847 1.227798 13.762341 -2.767139 -0.185214 2.775476
 33 10.456542 -0.000008 0.000004 0.112371 -0.085790 -0.697699
 34 24.248116 0.000002 -0.000004 -0.069282 -0.037992 0.907289
 35 26.336975 0.000000 0.000004 -0.327071 0.254630 0.900279
time 85
  0 0.000000 0.000000 0.000000 0.000000 -0.000000 -1.570796
  1 0.000000 0.000000 0.000000 0.000000 -0.000000 0.000000
  2 4.867336 -35.651806 18.093796 -1.561402 -0.256573 1.589586
  3 4.222169 -0.467508 0.000000 0.089961 0.000537 -0.178655
  4 4.476987 -0.000002 -0.000000 0.043491 -0.172488 -0.107511
  5 4.477083 0.000000 0.000002 -0.109058 0.165286 -0.096007
  6 4.477077 -0.000004 -0.000002 -0.097044 -0.032902 -0.035492
  7 5.413502 -7.700466 -0.000000 0.071495 -0.052876 -0.550616
  8 6.890240 0.000002 -0.000000 -0.177060 0.007724 -0.066370
  9 8.011925 0.000004 0.000005 -0.116365 -0.007093 -0.017261
 10 7.210720 -0.000002 -0.000000 0.391015 -0.012747 0.105928
 11 8.581028 -0.304903 -0.000000 0.074222 0.191322 1.021299
 12 22.523008 2.194031 6.355708 0.000000 -0.000000 0.000000
 13 22.523005 2.194038 -6.355709 0.000000 -0.000000 0.000000
 14 -3.006533 7.804720 -11.355459 0.230300 0.240754 1.513538
 15 10.384675 0.000008 0.000005 -0.050663 0.172054 -1.938625
 16 22.550743 -0.000006 -0.000004 0.132941 0.038991 2.069360
 17 30.814247 -0.000015 -0.000004 2.565340 -0.350402 0.539217
 18 -3.013796 7.815494 11.355459 -0.096213 -0.330698 1.082454
 19 10.374533 -0.000002 0.000007 0.095895 -0.181170 -2.050634
 20 22.550726 -0.000027 -0.000013 -0.121087 0.143935 2.419648
 21 30.814270 -0.000023 0.000002 -2.766550 -0.081229 0.605234
 22 -4.250660 -0.770624 0.000001 0.000000 0.000000 -3.006618
 23 10.363422 0.000000 0.000000 -0.000000 -0.019159 0.304527
 24 10.363076 0.000000 -0.000000 0.000000 0.077405 -0.000284
 25 10.363081 -0.000004 -0.000002 -0.169950 0.040965 0.095072
 26 8.210358 -0.000006 23.418053 0.000000 0.000000 -0.010327
 27 8.210346 -0.000002 7.704017 0.000000 0.000000 -0.121022
 28 1.854841 1.227791 -13.762345 2.676414 0.148729 2.517061
 29 10.456543 -0.000004 0.000004 0.121787 0.088224 -1.373631
 30 24.248093 0.000001 0.000007 -0.007793 0.044133 1.063253
 31 26.336971 0.000019 0.000002 0.275158 -0.044904 0.660941
 32 1.854847 1.227798 13.762341 -2.750528 -0.185406 2.771900
 33 10.456542 -0.000008 0.000004 0.104367 0.132192 -0.704675
 34 24.248116 0.000002 -0.000004 -0.067443 -0.037992 0.907289
 35 26.336975 0.000000 0.000004 -0.325956 0.254630 0.905592
time 86
  0 0.000000 0.000000 0.000000 0.000000 -0.000000 -1.570796
  1 0.000000 0.000000 0.000000 0.000000 -0.000000 0.000000
  2 4.621235 -35.104912 18.007854 -1.562648 -0.256892 1.588436
  3 4.222169 -0.467508 0.000000 0.087816 -0.000631 -0.179023
  4 4.476987 -0.000002 -0.000000 0.038949 -0.172531 -0.109531
  5 4.477083 0.000000 0.000002 -0.113744 0.174833 -0.094051
  6 4.477077 -0.000004 -0.000002 -0.097068 -0.034687 -0.033499
  7 5.413502 -7.700466 -0.000000 0.097028 -0.052876 -0.550616
  8 6.890240 0.000002 -0.000000 -0.187930 0.008051 -0.071536
  9 8.011925 0.000004 0.000005 -0.122403 -0.007956 -0.015989
 10 7.210720 -0.000002 -0.000000 0.397576 -0.013330 0.094719
 11 8.581028 -0.304903 -0.000000 0.053877 0.198236 1.021264
 12 22.523008 2.194031 6.355708 0.000000 -0.000000 0.000000
 13 22.523005 2.194038 -6.355709 0.000000 -0.000000 0.000000
 14 -3.006533 7.804720 -11.355459 0.269638 0.361160 1.517727
 15 10.384675 0.000008 0.000005 -0.048908 0.171905 -1.938403
 16 22.550743 -0.000006 -0.000004 0.131534 0.038991 2.069360
 17 30.814247 -0.000015 -0.000004 2.555862 -0.346389 0.532198
 18 -3.013796 7.815494 11.355459 -0.053192 -0.335668 1.058514
 19 10.374533 -0.000002 0.000007 0.103041 0.076006 -2.053069
 20 22.550726 -0.000027 -0.000013 -0.123150 -0.081077 2.551539
 21 30.814270 -0.000023 0.000002 -2.779249 -0.083137 0.574665
 22 -4.250660 -0.770624 0.000001 0.000000 0.000000 -3.006362
 23 10.363422 0.000000 0.000000 0.000000 -0.020070 0.304527
 24 10.363076 0.000000 -0.000000 0.000000 0.041284 0.000490
 25 10.363081 -0.000004 -0.000002 -0.183936 0.043907 0.095717
 26 8.210358 -0.000006 -7.950092 0.000000 0.000000 -0.010225
 27 8.210346 -0.000002 7.704017 0.000000 0.000000 -0.119699
 28 1.854841 1.227791 -13.762345 2.691058 0.149766 2.508789
 29 10.456543 -0.000004 0.000004 0.118433 0.088419 -1.368030
 30 24.248093 0.000001 0.000007 -0.003455 0.045889 1.063253
 31 26.336971 0.000019 0.000002 0.276203 -0.047243 0.675631
 32 1.854847 1.227798 13.762341 -2.733917 -0.185597 2.767980
 33 10.456542 -0.000008 0.000004 0.095753 -0.091523 -0.710744
 34 24.248116 0.000002 -0.000004 -0.065435 -0.037992 0.907289
 35 26.336975 0.000000 0.000004 -0.325270 0.254630 0.911131
time 87
  0 0.000000 0.000000 0.000000 0.000000 -0.000000 -1.570796
  1 0.000000 0.000000 0.000000 0.000000 -0.000000 0.000000
  2 4.398572 -34.565834 17.816442 -1.564278 -0.257331 1.586806
  3 4.222169 -0.467508 0.000000 0.086102 -0.001650 -0.179345
  4 4.476987 -0.000002 -0.000000 0.035054 -0.172702 -0.111640
  5 4.477083 0.000000 0.000002 -0.118035 0.184460 -0.091486
  6 4.477077 -0.000004 -0.000002 -0.097164 -0.036848 -0.030930
  7 5.413502 -7.700466 -0.000000 0.122455 -0.052876 -0.550616
  8 6.890240 0.000002 -0.000000 -0.195421 0.009371 -0.070908
  9 8.011925 0.000004 0.000005 -0.127445 -0.008866 -0.014640
 10 7.210720 -0.000002 -0.000000 0.404988 -0.013842 0.082812
 11 8.581028 -0.304903 -0.000000 0.020396 0.204706 1.021229
 12 22.523008 2.194031 6.355708 0.000000 -0.000000 0.000000
 13 22.523005 2.194038 -6.355709 0.000000 -0.000000 0.000000
 14 -3.006533 7.804720 -11.355459 0.308380 0.240789 1.519650
 15 10.384675 0.000008 0.000005 -0.045621 0.171757 -1.938126
 16 22.550743 -0.000006 -0.000004 0.129375 0.038991 2.069360
 17 30.814247 -0.000015 -0.000004 2.546471 -0.339806 0.534490
 18 -3.013796 7.815494 11.355459 -0.010833 0.049400 1.034631
 19 10.374533 -0.000002 0.000007 0.112074 -0.190372 -1.456052
 20 22.550726 -0.000027 -0.000013 -0.125867 -0.079428 2.112998
 21 30.814270 -0.000023 0.000002 -2.791316 -0.082990 0.544542
 22 -4.250660 -0.770624 0.000001 0.000000 0.000000 -3.006081
 23 10.363422 0.000000 0.000000 -0.000000 -0.020022 0.304527
 24 10.363076 0.000000 -0.000000 0.000000 0.040277 0.001239
 25 10.363081 -0.000004 -0.000002 -0.186017 0.102234 0.096522
 26 8.210358 -0.000006 -7.907122 0.000000 0.000000 -0.009749
 27 8.210346 -0.000002 7.704017 0.000000 0.000000 -0.117801
 28 1.854841 1.227791 -13.762345 2.705877 0.150604 2.499970
 29 10.456543 -0.000004 0.000004 0.115026 0.088615 -1.361995
 30 24.248093 0.000001 0.000007 0.000474 0.047866 1.063253
 31 26.336971 0.000019 0.000002 0.276725 -0.049713 0.691646
 32 1.854847 1.227798 13.762341 -2.717406 -0.185816 2.763715
 33 10.456542 -0.000008 0.000004 0.086461 -0.101931 -0.711887
 34 24.248116 0.000002 -0.000004 -0.063220 -0.037992 0.907289
 35 26.336975 0.000000 0.000004 -0.325227 0.254630 0.916952
time 88
  0 0.000000 0.000000 0.000000 0.000000 -0.000000 -1.570796
  1 0.000000 0.000000 0.000000 0.000000 -0.000000 0.000000
  2 4.199347 -34.050194 17.511745 -1.566387 -0.257929 1.584697
  3 4.222169 -0.467508 0.000000 0.084868 -0.002503 -0.179651
  4 4.476987 -0.000002 -0.000000 0.031878 -0.172959 -0.114193
  5 4.477083 0.000000 0.000002 -0.121834 0.193958 -0.088656
  6 4.477077 -0.000004 -0.000002 -0.097308 -0.039460 -0.028547
  7 5.413502 -7.700466 -0.000000 0.147522 -0.052876 -0.550616
  8 6.890240 0.000002 -0.000000 -0.201521 0.010678 -0.064299
  9 8.011925 0.000004 0.000005 -0.131492 -0.009857 -0.013056
 10 7.210720 -0.000002 -0.000000 0.413141 -0.014548 0.070878
 11 8.581028 -0.304903 -0.000000 -0.014164 -0.004306 1.021194
 12 22.523008 2.194031 6.355708 0.000000 -0.000000 0.000000
 13 22.523005 2.194038 -6.355709 0.000000 -0.000000 0.000000
 14 -3.006533 7.804720 -11.355459 0.346307 0.240825 1.519169
 15 10.384675 0.000008 0.000005 -0.040653 0.171608 -1.937904
 16 22.550743 -0.000006 -0.000004 0.126416 0.038991 2.069360
 17 30.814247 -0.000015 -0.000004 2.537168 -0.330872 0.536782
 18 -3.013796 7.815494 11.355459 0.030610 -0.250882 1.983286
 19 10.374533 -0.000002 0.000007 0.123331 -0.190804 -2.050286
 20 22.550726 -0.000027 -0.000013 -0.129217 -0.073813 2.113929
 21 30.814270 -0.000023 0.000002 -2.802612 -0.082892 0.514754
 22 -4.250660 -0.770624 0.000001 0.000000 0.000000 -3.005774
 23 10.363422 0.000000 0.000000 -0.000000 -0.019974 0.304527
 24 10.363076 0.000000 -0.000000 0.000000 0.040277 0.004981
 25 10.363081 -0.000004 -0.000002 -0.172338 -0.020367 0.097301
 26 8.210358 -0.000006 -7.856339 0.000000 0.000000 -0.008832
 27 8.210346 -0.000002 7.704017 0.000000 0.000000 -0.115359
 28 1.854841 1.227791 -13.762345 2.720916 0.151197 2.490604
 29 10.456543 -0.000004 0.000004 0.111584 0.088811 -1.355742
 30 24.248093 0.000001 0.000007 0.003959 0.050106 1.063253
 31 26.336971 0.000019 0.000002 0.276551 -0.052288 0.708932
 32 1.854847 1.227798 13.762341 -2.701234 -0.186035 2.759019
 33 10.456542 -0.000008 0.000004 0.076456 -0.116012 -0.711848
 34 24.248116 0.000002 -0.000004 -0.060823 -0.037992 0.907289
 35 26.336975 0.000000 0.000004 -0.325956 0.254630 0.922999
time 89
  0 0.000000 0.000000 0.000000 0.000000 -0.000000 -1.570796
  1 0.000000 0.000000 0.000000 0.000000 -0.000000 0.000000
  2 4.027467 -33.565804 17.089859 -1.568688 -0.258687 1.582109
  3 4.222169 -0.467508 0.000000 0.084173 -0.003133 -0.179897
  4 4.476987 -0.000002 -0.000000 0.029409 -0.173302 -0.117278
  5 4.477083 0.000000 0.000002 -0.125117 0.203295 -0.086002
  6 4.477077 -0.000004 -0.000002 -0.097500 -0.041791 -0.025993
  7 5.413502 -7.700466 -0.000000 0.171647 -0.052876 -0.550616
  8 6.890240 0.000002 -0.000000 -0.206267 0.011815 -0.057038
  9 8.011925 0.000004 0.000005 -0.134517 -0.010911 -0.011110
 10 7.210720 -0.000002 -0.000000 0.421870 -0.015042 0.060634
 11 8.581028 -0.304903 -0.000000 -0.048403 -0.004391 1.140645
 12 22.523008 2.194031 6.355708 0.000000 -0.000000 0.000000
 13 22.523005 2.194038 -6.355709 0.000000 -0.000000 0.000000
 14 -3.006533 7.804720 -11.355459 0.382932 0.240860 1.516010
 15 10.384675 0.000008 0.000005 -0.033893 0.171502 -1.937626
 16 22.550743 -0.000006 -0.000004 0.122626 0.038991 2.069360
 17 30.814247 -0.000015 -0.000004 2.528039 -0.319838 0.817296
 18 -3.013796 7.815494 11.355459 0.070679 -0.251181 1.642083
 19 10.374533 -0.000002 0.000007 0.136746 -0.191768 -2.048662
 20 22.550726 -0.000027 -0.000013 -0.133221 -0.064881 2.113929
 21 30.814270 -0.000023 0.000002 -2.812926 0.111059 0.485692
 22 -4.250660 -0.770624 0.000001 0.000000 0.000000 -3.005441
 23 10.363422 0.000000 0.000000 0.000000 0.074980 0.304527
 24 10.363076 0.000000 -0.000000 0.000000 0.040421 0.034404
 25 10.363081 -0.000004 -0.000002 -0.141546 0.011924 0.101194
 26 8.210358 -0.000006 -7.793838 0.000000 0.000000 -0.007541
 27 8.210346 -0.000002 7.704017 0.000000 0.000000 -0.112443
 28 1.854841 1.227791 -13.762345 2.736043 0.151493 2.480751
 29 10.456543 -0.000004 0.000004 0.108125 0.089024 -1.349230
 30 24.248093 0.000001 0.000007 0.006888 0.052608 1.063253
 31 26.336971 0.000019 0.000002 0.275637 -0.054969 0.727488
 32 1.854847 1.227798 13.762341 -2.685635 -0.186309 2.753935
 33 10.456542 -0.000008 0.000004 0.065807 -0.133099 -0.711927
 34 24.248116 0.000002 -0.000004 -0.058219 -0.037992 0.907289
 35 26.336975 0.000000 0.000004 -0.327672 0.254630 0.929216
time 90
  0 0.000000 0.000000 0.000000 0.000000 -0.000000 -1.570796
  1 0.000000 0.000000 0.000000 0.000000 -0.000000 0.000000
  2 3.882931 -33.124382 16.949228 -1.570797 -0.259565 1.578945
  3 4.222169 -0.467508 0.000000 0.084005 -0.003523 -0.180111
  4 4.476987 -0.000002 -0.000000 0.027623 -0.173645 -0.120031
  5 4.477083 0.000000 0.000002 -0.127838 0.212567 -0.083824
  6 4.477077 -0.000004 -0.000002 -0.097692 -0.043895 -0.023408
  7 5.413502 -7.700466 -0.000000 0.191238 -0.052876 -0.550617
  8 6.890240 0.000002 -0.000000 -0.209778 0.012586 -0.048940
  9 8.011925 0.000004 0.000005 -0.136534 -0.012030 -0.008696
 10 7.210720 -0.000002 -0.000000 0.431204 -0.015307 0.050497
 11 8.581028 -0.304903 -0.000000 -0.082917 -0.004494 1.021229
 12 22.523008 2.194031 6.355708 0.000000 -0.000000 0.000000
 13 22.523005 2.194038 -6.355709 0.000000 -0.000000 0.000000
 14 -3.006533 7.804720 -11.355459 0.417984 0.240966 1.509967
 15 10.384675 0.000008 0.000005 -0.025190 0.295661 -1.450267
 16 22.550743 -0.000006 -0.000004 0.117908 0.038991 2.069360
 17 30.814247 -0.000015 -0.000004 2.519215 -0.306954 0.520738
 18 -3.013796 7.815494 11.355459 0.109474 -0.252489 1.641798
 19 10.374533 -0.000002 0.000007 0.152722 -0.193196 -2.044777
 20 22.550726 -0.000027 -0.000013 -0.137898 -0.053279 2.112874
 21 30.814270 -0.000023 0.000002 -2.822222 -0.042032 0.457577
 22 -4.250660 -0.770624 0.000001 0.000000 0.000000 -3.005082
 23 10.363422 0.000000 0.000000 -0.000000 -0.018272 0.304527
 24 10.363076 0.000000 -0.000000 0.000000 0.040277 0.066151
 25 10.363081 -0.000004 -0.000002 -0.101410 -0.018903 0.131853
 26 8.210358 -0.000006 -7.711803 0.000000 0.000000 -0.005877
 27 8.210346 -0.000002 7.704017 0.000000 0.000000 -0.109086
 28 1.854841 1.227791 -13.762345 2.751390 0.151394 2.470351
 29 10.456543 -0.000004 0.000004 0.104614 0.089238 -1.342586
 30 24.248093 0.000001 0.000007 0.009297 0.055372 1.063253
 31 26.336971 0.000019 0.000002 0.273853 -0.057728 0.747259
 32 1.854847 1.227798 13.762341 -2.670678 -0.186582 2.748291
 33 10.456542 -0.000008 0.000004 0.054311 -0.152468 -0.712045
 34 24.248116 0.000002 -0.000004 -0.055395 -0.037992 0.907289
 35 26.336975 0.000000 0.000004 -0.330545 0.254630 0.935602
time 91
  0 0.000000 0.000000 0.000000 0.000000 -0.000000 -1.570796
  1 0.000000 0.000000 0.000000 0.000000 -0.000000 0.000000
  2 3.769646 -32.737652 16.613281 -1.571755 -0.260602 1.575111
  3 4.222169 -0.467508 0.000000 0.084113 -0.003597 -0.180265
  4 4.476987 -0.000002 -0.000000 0.026509 -0.173966 -0.122517
  5 4.477083 0.000000 0.000002 -0.129923 0.221791 -0.082119
  6 4.477077 -0.000004 -0.000002 -0.097871 -0.045756 -0.020776
  7 5.413502 -7.700466 -0.000000 0.201393 -0.052876 -0.550616
  8 6.890240 0.000002 -0.000000 -0.212139 0.012835 -0.040050
  9 8.011925 0.000004 0.000005 -0.137516 -0.013196 -0.005659
 10 7.210720 -0.000002 -0.000000 0.441059 -0.015360 0.040279
 11 8.581028 -0.304903 -0.000000 -0.114905 -0.004596 1.021264
 12 22.523008 2.194031 6.355708 0.000000 -0.000000 0.000000
 13 22.523005 2.194038 -6.355709 0.000000 -0.000000 0.000000
 14 -3.006533 7.804720 -11.355459 0.450377 0.241072 1.500696
 15 10.384675 0.000008 0.000005 -0.014358 0.164076 -2.028266
 16 22.550743 -0.000006 -0.000004 0.112199 0.038991 2.069360
 17 30.814247 -0.000015 -0.000004 2.511615 -0.292408 0.520416
 18 -3.013796 7.815494 11.355459 0.146080 -0.254806 1.640601
 19 10.374533 -0.000002 0.000007 0.171395 -0.195090 -2.038978
 20 22.550726 -0.000027 -0.000013 -0.143209 -0.039675 2.110517
 21 30.814270 -0.000023 0.000002 -2.830361 0.111793 0.430662
 22 -4.250660 -0.770624 0.000001 0.000000 0.000000 -3.004673
 23 10.363422 0.000000 0.000000 0.000000 0.074980 0.304527
 24 10.363076 0.000000 -0.000000 -0.000000 0.040277 0.093870
 25 10.363081 -0.000004 -0.000002 -0.063329 -0.020043 0.164956
 26 8.210358 -0.000006 -7.621957 0.000000 0.000000 -0.003907
 27 8.210346 -0.000002 7.704017 0.000000 0.000000 -0.105322
 28 1.854841 1.227791 -13.762345 2.766868 0.150876 2.459403
 29 10.456543 -0.000004 0.000004 0.101067 0.089451 -1.335813
 30 24.248093 0.000001 0.000007 0.011114 0.058419 1.063253
 31 26.336971 0.000019 0.000002 0.271113 -0.060566 0.768190
 32 1.854847 1.227798 13.762341 -2.656565 -0.186883 2.742174
 33 10.456542 -0.000008 0.000004 0.042000 -0.173395 -0.712124
 34 24.248116 0.000002 -0.000004 -0.052351 -0.037992 0.907289
 35 26.336975 0.000000 0.000004 -0.334704 0.254630 0.942102
time 92
  0 0.000000 0.000000 0.000000 0.000000 -0.000000 -1.570796
  1 0.000000 0.000000 0.000000 0.000000 -0.000000 0.000000
  2 3.687613 -32.413422 16.300772 -1.570988 -0.261879 1.570605
  3 4.222169 -0.467508 0.000000 0.084101 -0.003337 -0.180372
  4 4.476987 -0.000002 -0.000000 0.026041 -0.174202 -0.124714
  5 4.477083 0.000000 0.000002 -0.131337 0.230998 -0.080637
  6 4.477077 -0.000004 -0.000002 -0.098003 -0.047391 -0.018144
  7 5.413502 -7.700466 -0.000000 0.205008 -0.052876 -0.550617
  8 6.890240 0.000002 -0.000000 -0.213493 0.012403 -0.030416
  9 8.011925 0.000004 0.000005 -0.137464 -0.014442 -0.001947
 10 7.210720 -0.000002 -0.000000 0.449733 -0.015042 0.029794
 11 8.581028 -0.304903 -0.000000 -0.126525 -0.004699 1.021299
 12 22.523008 2.194031 6.355708 0.000000 -0.000000 0.000000
 13 22.523005 2.194038 -6.355709 0.000000 -0.000000 0.000000
 14 -3.006533 7.804720 -11.355459 0.479298 0.241178 1.487992
 15 10.384675 0.000008 0.000005 -0.000613 0.164055 -2.026767
 16 22.550743 -0.000006 -0.000004 0.105402 0.038991 2.069360
 17 30.814247 -0.000015 -0.000004 2.506330 -0.276358 0.519879
 18 -3.013796 7.815494 11.355459 0.179734 -0.258057 1.638606
 19 10.374533 -0.000002 0.000007 0.192831 -0.197382 -2.031498
 20 22.550726 -0.000027 -0.000013 -0.149195 -0.024696 2.106670
 21 30.814270 -0.000023 0.000002 -2.837237 -0.461057 0.590814
 22 -4.250660 -0.770624 0.000001 0.000000 0.000000 -3.004263
 23 10.363422 0.000000 0.000000 0.000000 -0.004562 0.304527
 24 10.363076 0.000000 -0.000000 0.000000 0.041116 0.102207
 25 10.363081 -0.000004 -0.000002 -0.037277 -0.020043 0.193843
 26 8.210358 -0.000006 -7.512579 0.000000 0.000000 -0.001631
 27 8.210346 -0.000002 7.704017 0.000000 0.000000 -0.101185
 28 1.854841 1.227791 -13.762345 2.782391 0.149864 2.448029
 29 10.456543 -0.000004 0.000004 0.097521 0.089665 -1.328996
 30 24.248093 0.000001 0.000007 0.012263 0.061748 1.063253
 31 26.336971 0.000019 0.000002 0.267284 -0.063457 0.790280
 32 1.854847 1.227798 13.762341 -2.643499 -0.187212 2.735497
 33 10.456542 -0.000008 0.000004 0.029146 -0.195435 -0.712242
 34 24.248116 0.000002 -0.000004 -0.049099 -0.037992 0.907289
 35 26.336975 0.000000 0.000004 -0.340365 0.254630 0.948658
time 93
  0 0.000000 0.000000 0.000000 0.000000 -0.000000 -1.570796
  1 0.000000 0.000000 0.000000 0.000000 -0.000000 0.000000
  2 3.648549 -32.163414 15.980450 -1.567633 -0.263873 1.564374
  3 4.222169 -0.467508 0.000000 0.083993 -0.002725 -0.180418
  4 4.476987 -0.000002 -0.000000 0.026209 -0.174330 -0.126645
  5 4.477083 0.000000 0.000002 -0.131985 0.239850 -0.079451
  6 4.477077 -0.000004 -0.000002 -0.098075 -0.048800 -0.015512
  7 5.413502 -7.700466 -0.000000 0.206205 -0.052876 -0.550617
  8 6.890240 0.000002 -0.000000 -0.213134 0.011122 -0.020107
  9 8.011925 0.000004 0.000005 -0.135683 -0.015704 0.002647
 10 7.210720 -0.000002 -0.000000 0.444106 -0.013153 0.020220
 11 8.581028 -0.304903 -0.000000 -0.134815 -0.004818 1.021405
 12 22.523008 2.194031 6.355708 0.000000 -0.000000 0.000000
 13 22.523005 2.194038 -6.355709 0.000000 -0.000000 0.000000
 14 -3.006533 7.804720 -11.355459 0.504040 0.241319 1.471716
 15 10.384675 0.000008 0.000005 0.017465 0.164055 -2.023545
 16 22.550743 -0.000006 -0.000004 0.097454 0.038991 2.069360
 17 30.814247 -0.000015 -0.000004 2.504496 -0.258991 0.519163
 18 -3.013796 7.815494 11.355459 0.209670 -0.262279 1.635870
 19 10.374533 -0.000002 0.000007 0.217031 -0.200007 -2.022569
 20 22.550726 -0.000027 -0.000013 -0.155793 -0.009031 2.101211
 21 30.814270 -0.000023 0.000002 -2.842709 -0.455723 0.535199
 22 -4.250660 -0.770624 0.000001 0.000000 0.000000 -3.003853
 23 10.363422 0.000000 0.000000 0.000000 0.075339 0.304527
 24 10.363076 0.000000 -0.000000 -0.000000 0.135758 0.107137
 25 10.363081 -0.000004 -0.000002 -0.022774 -0.019951 0.202515
 26 8.210358 -0.000006 -7.383669 0.000000 0.000000 0.000917
 27 8.210346 -0.000002 7.704017 0.000000 0.000000 -0.096811
 28 1.854841 1.227791 -13.762345 2.797826 0.148310 2.436413
 29 10.456543 -0.000004 0.000004 0.093957 0.089861 -1.322179
 30 24.248093 0.000001 0.000007 0.012708 0.065360 1.063253
 31 26.336971 0.000019 0.000002 0.262238 -0.066348 0.813420
 32 1.854847 1.227798 13.762341 -2.631546 -0.187540 2.728216
 33 10.456542 -0.000008 0.000004 0.012325 -0.217837 -0.712360
 34 24.248116 0.000002 -0.000004 -0.045187 -0.037992 0.907289
 35 26.336975 0.000000 0.000004 -0.347655 0.254630 0.955327
time 94
  0 0.000000 0.000000 0.000000 0.000000 -0.000000 -1.570796
  1 0.000000 0.000000 0.000000 0.000000 -0.000000 0.000000
  2 0.789087 -31.979815 15.648408 -1.570797 -0.261799 1.816593
  3 4.222169 -0.467508 0.000000 0.010827 -0.001687 -0.180388
  4 4.476987 -0.000002 -0.000000 0.011516 0.029419 -0.128310
  5 4.477083 0.000000 0.000002 -0.007129 0.156240 -0.078592
  6 4.477077 -0.000004 -0.000002 -0.006273 -0.050059 -0.012896
  7 5.413502 -7.700466 -0.000000 0.002685 -0.052876 -0.550616
  8 6.890240 0.000002 -0.000000 0.002421 0.008835 -0.009053
  9 8.011925 0.000004 0.000005 0.002646 -0.017349 0.008150
 10 7.210720 -0.000002 -0.000000 0.005545 -0.009675 0.019442
 11 8.581028 -0.304903 -0.000000 0.006044 -0.004938 1.021510
 12 22.523008 2.194031 6.355708 0.000000 -0.000000 0.000000
 13 22.523005 2.194038 -6.355709 0.000000 -0.000000 0.000000
 14 -3.006533 7.804720 -11.355459 0.119284 0.241496 1.451458
 15 10.384675 0.000008 0.000005 -0.000725 0.164013 -2.018713
 16 22.550743 -0.000006 -0.000004 0.134972 0.038991 2.069360
 17 30.814247 -0.000015 -0.000004 2.671263 -0.240183 0.518231
 18 -3.013796 7.815494 11.355459 -0.172481 -0.267399 1.632621
 19 10.374533 -0.000002 0.000007 0.027542 -0.202930 -2.012421
 20 22.550726 -0.000027 -0.000013 -0.123804 0.006714 2.093953
 21 30.814270 -0.000023 0.000002 -2.625842 -0.441214 0.533023
 22 -4.250660 -0.770624 0.000001 0.000000 0.000000 -3.003392
 23 10.363422 0.000000 0.000000 0.000000 0.143292 0.304527
 24 10.363076 0.000000 -0.000000 -0.000000 0.040421 0.204853
 25 10.363081 -0.000004 -0.000002 -0.000896 0.102697 0.207643
 26 8.210358 -0.000006 -7.239133 0.000000 0.000000 0.003737
 27 8.210346 -0.000002 7.704017 0.000000 0.000000 -0.092097
 28 1.854841 1.227791 -13.762345 2.701964 0.146139 2.424674
 29 10.456543 -0.000004 0.000004 0.050247 0.090074 -1.315449
 30 24.248093 0.000001 0.000007 0.034581 0.069274 1.063253
 31 26.336971 0.000019 0.000002 0.325971 -0.069264 0.837443
 32 1.854847 1.227798 13.762341 -2.728210 -0.187923 2.720289
 33 10.456542 -0.000008 0.000004 -0.056350 -0.239933 -0.712479
 34 24.248116 0.000002 -0.000004 -0.027401 -0.037992 0.907289
 35 26.336975 0.000000 0.000004 0.047984 0.254630 0.961939
time 95
  0 0.000000 0.000000 0.000000 0.000000 -0.000000 -1.570796
  1 0.000000 0.000000 0.000000 0.000000 -0.000000 0.000000
  2 0.023438 -31.854811 15.304647 -1.570701 -0.261759 1.816114
  3 4.222169 -0.467508 0.000000 0.008478 -0.000223 -0.180280
  4 4.476987 -0.000002 -0.000000 0.009167 -0.010269 -0.129798
  5 4.477083 0.000000 0.000002 -0.009478 -0.123038 -0.077154
  6 4.477077 -0.000004 -0.000002 -0.008622 -0.051713 -0.010404
  7 5.413502 -7.700466 -0.000000 0.000080 -0.052876 -0.550616
  8 6.890240 0.000002 -0.000000 0.000072 0.005372 0.002630
  9 8.011925 0.000004 0.000005 0.000079 -0.023165 0.015444
 10 7.210720 -0.000002 -0.000000 0.000165 0.140657 0.019872
 11 8.581028 -0.304903 -0.000000 0.001543 -0.005057 1.021615
 12 22.523008 2.194031 6.355708 0.000000 -0.000000 0.000000
 13 22.523005 2.194038 -6.355709 0.000000 -0.000000 0.000000
 14 -3.006533 7.804720 -11.355459 0.108650 0.241637 1.426941
 15 10.384675 0.000008 0.000005 -0.007971 0.163991 -2.012493
 16 22.550743 -0.000006 -0.000004 0.131838 0.038991 2.069360
 17 30.814247 -0.000015 -0.000004 2.662701 -0.220183 0.517121
 18 -3.013796 7.815494 11.355459 -0.182460 -0.273415 1.628859
 19 10.374533 -0.000002 0.000007 0.014329 -0.206087 -2.001346
 20 22.550726 -0.000027 -0.000013 -0.127807 0.021771 2.084895
 21 30.814270 -0.000023 0.000002 -2.628438 -0.418607 0.533190
 22 -4.250660 -0.770624 0.000001 0.000000 0.000000 -3.002931
 23 10.363422 0.000000 0.000000 -0.000000 0.141254 0.304527
 24 10.363076 0.000000 -0.000000 0.000000 0.040421 -0.000542
 25 10.363081 -0.000004 -0.000002 -0.001930 -0.019858 0.151747
 26 8.210358 -0.000006 -7.075066 0.000000 0.000000 0.006828
 27 8.210346 -0.000002 7.704017 0.000000 0.000000 -0.087214
 28 1.854841 1.227791 -13.762345 2.693345 0.143277 2.412997
 29 10.456543 -0.000004 0.000004 0.046858 0.090270 -1.308893
 30 24.248093 0.000001 0.000007 0.027314 0.073512 1.063253
 31 26.336971 0.000019 0.000002 0.317444 -0.072155 0.862682
 32 1.854847 1.227798 13.762341 -2.734828 -0.188333 2.711629
 33 10.456542 -0.000008 0.000004 -0.062998 -0.261167 -0.712597
 34 24.248116 0.000002 -0.000004 -0.027323 -0.037992 0.907289
 35 26.336975 0.000000 0.000004 0.047984 -0.000430 0.711909
time 96
  0 0.000000 0.000000 0.000000 0.000000 -0.000000 -1.570796
  1 0.000000 0.000000 0.000000 0.000000 -0.000000 0.000000
  2 0.273446 -31.780590 14.956981 -1.570413 -0.261559 1.814676
  3 4.222169 -0.467508 0.000000 0.009245 0.001631 -0.180050
  4 4.476987 -0.000002 -0.000000 0.009934 -0.014466 -0.131751
  5 4.477083 0.000000 0.000002 -0.008711 -0.118983 -0.075953
  6 4.477077 -0.000004 -0.000002 -0.007855 -0.053705 -0.008847
  7 5.413502 -7.700466 -0.000000 0.000930 -0.052876 -0.550616
  8 6.890240 0.000002 -0.000000 0.000839 -0.000758 0.015010
  9 8.011925 0.000004 0.000005 0.000917 0.127277 0.032030
 10 7.210720 -0.000002 -0.000000 0.001922 0.162161 0.213653
 11 8.581028 -0.304903 -0.000000 0.003012 -0.005177 1.021755
 12 22.523008 2.194031 6.355708 0.000000 -0.000000 0.000000
 13 22.523005 2.194038 -6.355709 0.000000 -0.000000 0.000000
 14 -3.006533 7.804720 -11.355459 0.112122 0.241814 1.397755
 15 10.384675 0.000008 0.000005 -0.005580 0.163949 -2.005106
 16 22.550743 -0.000006 -0.000004 0.132861 0.038991 2.069360
 17 30.814247 -0.000015 -0.000004 2.665497 -0.199023 0.515832
 18 -3.013796 7.815494 11.355459 -0.179201 -0.280253 1.624755
 19 10.374533 -0.000002 0.000007 0.018644 -0.209409 -1.989691
 20 22.550726 -0.000027 -0.000013 -0.126500 0.035768 2.074101
 21 30.814270 -0.000023 0.000002 -2.628438 -0.389026 0.533302
 22 -4.250660 -0.770624 0.000001 0.000000 0.000000 -3.002445
 23 10.363422 0.000000 0.000000 -0.000000 0.141254 0.304527
 24 10.363076 0.000000 -0.000000 0.000000 0.040505 0.053555
 25 10.363081 -0.000004 -0.000002 -0.001930 -0.019858 0.101435
 26 8.210358 -0.000006 -6.891466 0.000000 0.000000 0.010123
 27 8.210346 -0.000002 7.704017 0.000000 0.000000 -0.082128
 28 1.854841 1.227791 -13.762345 2.696159 0.225756 2.401441
 29 10.456543 -0.000004 0.000004 0.047941 0.090448 -1.302467
 30 24.248093 0.000001 0.000007 0.029687 0.078072 1.063253
 31 26.336971 0.000019 0.000002 0.320228 -0.075019 0.888748
 32 1.854847 1.227798 13.762341 -2.732667 -0.188744 2.702281
 33 10.456542 -0.000008 0.000004 -0.060827 -0.280869 -0.712715
 34 24.248116 0.000002 -0.000004 -0.026494 -0.037992 0.907289
 35 26.336975 0.000000 0.000004 0.047984 -0.001981 0.673761
time 97
  0 0.000000 0.000000 0.000000 0.000000 -0.000000 -1.570796
  1 0.000000 0.000000 0.000000 0.000000 -0.000000 0.000000
  2 0.273446 -31.749340 14.605408 -1.569934 -0.261280 1.812279
  3 4.222169 -0.467508 0.000000 0.010012 0.003392 -0.179513
  4 4.476987 -0.000002 -0.000000 0.010701 -0.013096 -0.131751
  5 4.477083 0.000000 0.000002 -0.007944 -0.110681 -0.074990
  6 4.477077 -0.000004 -0.000002 -0.007088 -0.055246 -0.009345
  7 5.413502 -7.700466 -0.000000 0.001781 -0.052876 -0.550616
  8 6.890240 0.000002 -0.000000 0.001606 0.104128 0.028158
  9 8.011925 0.000004 0.000005 0.001755 -0.039156 0.206796
 10 7.210720 -0.000002 -0.000000 0.003678 0.160431 -0.353908
 11 8.581028 -0.304903 -0.000000 0.004482 -0.005296 1.021930
 12 22.523008 2.194031 6.355708 0.000000 -0.000000 0.000000
 13 22.523005 2.194038 -6.355709 0.000000 -0.000000 0.000000
 14 -3.006533 7.804720 -11.355459 0.115595 0.551837 1.363624
 15 10.384675 0.000008 0.000005 -0.003265 0.163906 -1.996720
 16 22.550743 -0.000006 -0.000004 0.133885 0.038991 2.069360
 17 30.814247 -0.000015 -0.000004 2.668292 -0.176829 0.514435
 18 -3.013796 7.815494 11.355459 -0.175943 -0.287876 1.620423
 19 10.374533 -0.000002 0.000007 0.022958 -0.212897 -1.977630
 20 22.550726 -0.000027 -0.000013 -0.125193 0.048449 2.061321
 21 30.814270 -0.000023 0.000002 -2.628227 -0.353499 0.754396
 22 -4.250660 -0.770624 0.000001 0.000000 0.000000 -3.001958
 23 10.363422 0.000000 0.000000 -0.000000 0.141254 0.304527
 24 10.363076 0.000000 -0.000000 0.000000 0.040541 0.001910
 25 10.363081 -0.000004 -0.000002 -0.001782 -0.019750 0.096173
 26 8.210358 -0.000006 -6.684429 0.000000 0.000000 0.013622
 27 8.210346 -0.000002 7.704017 0.000000 0.000000 -0.076940
 28 1.854841 1.227791 -13.762345 2.698973 0.179421 2.390311
 29 10.456543 -0.000004 0.000004 0.049059 0.090626 -1.296301
 30 24.248093 0.000001 0.000007 0.032060 0.078072 1.063253
 31 26.336971 0.000019 0.000002 0.323012 -0.077779 0.915533
 32 1.854847 1.227798 13.762341 -2.730507 -0.189209 2.692114
 33 10.456542 -0.000008 0.000004 -0.058657 -0.075410 -0.712833
 34 24.248116 0.000002 -0.000004 -0.025665 -0.037992 0.907289
 35 26.336975 0.000000 0.000004 0.047984 -0.004276 0.637986
time 98
  0 0.000000 0.000000 0.000000 0.000000 -0.000000 -1.570796
  1 0.000000 0.000000 0.000000 0.000000 -0.000000 0.000000
  2 0.273446 -31.757153 14.249928 -1.569359 -0.260881 1.809212
  3 4.222169 -0.467508 0.000000 0.010012 0.004523 -0.178455
  4 4.476987 -0.000002 -0.000000 0.104576 -0.011725 -0.131751
  5 4.477083 0.000000 0.000002 0.085931 -0.099632 -0.074175
  6 4.477077 -0.000004 -0.000002 0.086787 -0.056881 -0.012071
  7 5.413502 -7.700466 -0.000000 0.105893 -0.052876 -0.550616
  8 6.890240 0.000002 -0.000000 0.095481 -0.085137 0.185403
  9 8.011925 0.000004 0.000005 0.104342 -0.038996 -0.295438
 10 7.210720 -0.000002 -0.000000 0.218704 0.158242 -0.369944
 11 8.581028 -0.304903 -0.000000 0.184356 -0.005416 1.022071
 12 22.523008 2.194031 6.355708 0.000000 -0.000000 0.000000
 13 22.523005 2.194038 -6.355709 0.000000 -0.000000 0.000000
 14 -3.006533 7.804720 -11.355459 0.540611 0.184155 1.652670
 15 10.384675 0.000008 0.000005 0.289383 0.163864 -1.987556
 16 22.550743 -0.000006 -0.000004 0.259155 0.038991 2.069360
 17 30.814247 -0.000015 -0.000004 3.010431 -0.153663 0.512860
 18 -3.013796 7.815494 11.355459 0.222857 -0.296358 1.615977
 19 10.374533 -0.000002 0.000007 0.550980 -0.216485 -1.965395
 20 22.550726 -0.000027 -0.000013 0.034813 0.059718 2.046928
 21 30.814270 -0.000023 0.000002 -2.348952 -0.313153 0.439308
 22 -4.250660 -0.770624 0.000001 0.000000 0.000000 -3.001446
 23 10.363422 0.000000 0.000000 -0.000000 0.141254 0.304527
 24 10.363076 0.000000 -0.000000 0.000000 0.040529 -0.000000
 25 10.363081 -0.000004 -0.000002 -0.001930 -0.019704 0.097891
 26 8.210358 -0.000006 -6.461765 0.000000 0.000000 0.017291
 27 8.210346 -0.000002 7.704017 0.000000 0.000000 -0.071650
 28 1.854841 1.227791 -13.762345 3.043417 0.174586 2.379545
 29 10.456543 -0.000004 0.000004 0.185920 0.090786 -1.290440
 30 24.248093 0.000001 0.000007 0.322444 0.078072 1.063253
 31 26.336971 0.000019 0.000002 0.663776 -0.080433 0.942704
 32 1.854847 1.227798 13.762341 -2.466039 -0.189701 2.681171
 33 10.456542 -0.000008 0.000004 0.206991 -0.326898 -0.712991
 34 24.248116 0.000002 -0.000004 0.075806 -0.037992 0.907289
 35 26.336975 0.000000 0.000004 0.047984 -0.007192 0.604697
time 99
  0 0.000000 0.000000 0.000000 0.000000 -0.000000 -1.570796
  1 0.000000 0.000000 0.000000 0.000000 -0.000000 0.000000
  2 0.273446 -31.788403 13.878822 -1.568592 -0.260443 1.805377
  3 4.222169 -0.467508 0.000000 0.010012 0.004430 -0.176615
  4 4.476987 -0.000002 -0.000000 0.104576 0.156042 -0.131751
  5 4.477083 0.000000 0.000002 -0.007285 -0.088954 -0.073448
  6 4.477077 -0.000004 -0.000002 -0.008910 0.135121 -0.017039
  7 5.413502 -7.700466 -0.000000 0.000359 -0.052876 -0.550616
  8 6.890240 0.000002 -0.000000 0.000036 -0.084392 -0.155872
  9 8.011925 0.000004 0.000005 0.000170 -0.038485 -0.307092
 10 7.210720 -0.000002 -0.000000 0.000604 0.155540 -0.383112
 11 8.581028 -0.304903 -0.000000 0.068229 -0.005501 1.022246
 12 22.523008 2.194031 6.355708 0.000000 -0.000000 0.000000
 13 22.523005 2.194038 -6.355709 0.000000 -0.000000 0.000000
 14 -3.006533 7.804720 -11.355459 0.130679 0.185109 1.524732
 15 10.384675 0.000008 0.000005 -0.024107 0.163800 -1.977781
 16 22.550743 -0.000006 -0.000004 0.112791 0.038991 2.069360
 17 30.814247 -0.000015 -0.000004 2.622123 -0.129619 0.511141
 18 -3.013796 7.815494 11.355459 -0.198752 -0.305550 1.611474
 19 10.374533 -0.000002 0.000007 0.023834 -0.220140 -1.953334
 20 22.550726 -0.000027 -0.000013 -0.127807 0.069494 2.030923
 21 30.814270 -0.000023 0.000002 -3.129807 -0.269063 0.755233
 22 -4.250660 -0.770624 0.000001 0.000000 0.000000 -3.000960
 23 10.363422 0.000000 0.000000 -0.000000 0.141254 0.304527
 24 10.363076 0.000000 -0.000000 0.000000 0.040493 -0.000000
 25 10.363081 -0.000004 -0.000002 -0.001930 -0.019719 0.099610
 26 8.210358 -0.000006 -6.215664 0.000000 0.000000 0.021095
 27 8.210346 -0.000002 7.704017 0.000000 0.000000 -0.066326
 28 1.854841 1.227791 -13.762345 2.798221 0.176165 2.369389
 29 10.456543 -0.000004 0.000004 0.043678 0.090946 -1.284926
 30 24.248093 0.000001 0.000007 0.040846 0.078072 1.063253
 31 26.336971 0.000019 0.000002 0.387615 -0.082982 0.969875
 32 1.854847 1.227798 13.762341 -2.759745 -0.190194 2.669367
 33 10.456542 -0.000008 0.000004 -0.045430 -0.326147 -0.713109
 34 24.248116 0.000002 -0.000004 -0.036029 -0.037992 0.907289
 35 26.336975 0.000000 0.000004 0.047984 -0.010667 0.574009
time 100
  0 0.000000 0.000000 0.000000 0.000000 -0.000000 -1.570796
  1 0.000000 0.000000 0.000000 0.000000 -0.000000 0.000000
  2 0.273446 -31.835279 13.429590 -1.567729 -0.259924 1.800872
  3 4.222169 -0.467508 0.000000 0.010012 0.002558 -0.173794
  4 4.476987 -0.000002 -0.000000 0.104576 -0.014981 -0.131751
  5 4.477083 0.000000 0.000002 -0.007285 -0.079424 -0.072722
  6 4.477077 -0.000004 -0.000002 -0.009066 -0.110439 0.116204
  7 5.413502 -7.700466 -0.000000 0.000651 -0.052876 -0.550616
  8 6.890240 0.000002 -0.000000 0.000144 -0.083151 -0.131064
  9 8.011925 0.000004 0.000005 0.000144 -0.037638 -0.334944
 10 7.210720 -0.000002 -0.000000 0.000110 0.152327 -0.393410
 11 8.581028 -0.304903 -0.000000 0.068734 0.094404 1.329809
 12 22.523008 2.194031 6.355708 0.000000 -0.000000 0.000000
 13 22.523005 2.194038 -6.355709 0.000000 -0.000000 0.000000
 14 -3.006533 7.804720 -11.355459 0.129757 0.187158 1.511272
 15 10.384675 0.000008 0.000005 -0.023733 0.163758 -1.967673
 16 22.550743 -0.000006 -0.000004 0.113063 0.038991 2.069360
 17 30.814247 -0.000015 -0.000004 2.622604 -0.104854 0.509350
 18 -3.013796 7.815494 11.355459 -0.199210 -0.315527 1.607027
 19 10.374533 -0.000002 0.000007 0.023834 -0.223761 -1.941621
 20 22.550726 -0.000027 -0.000013 -0.128298 0.077680 2.013367
 21 30.814270 -0.000023 0.000002 -3.130228 -0.222404 0.730382
 22 -4.250660 -0.770624 0.000001 0.000000 0.000000 -3.000422
 23 10.363422 0.000000 0.000000 -0.000000 0.141254 0.304527
 24 10.363076 0.000000 -0.000000 0.000000 0.040421 0.000155
 25 10.363081 -0.000004 -0.000002 -0.001068 -0.019766 0.309904
 26 8.210358 -0.000006 -5.946125 0.000000 0.000000 0.025070
 27 8.210346 -0.000002 7.704017 0.000000 0.000000 -0.061003
 28 1.854841 1.227791 -13.762345 2.798045 0.177744 2.360083
 29 10.456543 -0.000004 0.000004 0.043696 0.091089 -1.279846
 30 24.248093 0.000001 0.000007 0.040327 0.078072 1.063253
 31 26.336971 0.000019 0.000002 0.387398 -0.085399 0.996881
 32 1.854847 1.227798 13.762341 -2.759577 -0.190714 2.656658
 33 10.456542 -0.000008 0.000004 -0.045498 -0.325395 -0.713267
 34 24.248116 0.000002 -0.000004 -0.036003 -0.037992 0.907289
 35 26.336975 0.000000 0.000004 0.047984 -0.014575 0.546033
time 101
  0 0.000000 0.000000 0.000000 0.000000 -0.000000 -1.570796
  1 0.000000 0.000000 0.000000 0.000000 -0.000000 0.000000
  2 0.273446 -31.897781 12.886604 -1.566770 -0.259366 1.795695
  3 4.222169 -0.467508 0.000000 0.010012 -0.001632 -0.169761
  4 4.476987 -0.000002 -0.000000 0.104576 -0.015259 -0.131751
  5 4.477083 0.000000 0.000002 -0.007285 -0.071670 -0.071951
  6 4.477077 -0.000004 -0.000002 -0.009066 -0.110308 0.302067
  7 5.413502 -7.700466 -0.000000 0.001196 -0.052876 -0.550616
  8 6.890240 0.000002 -0.000000 0.000168 -0.080916 -0.096879
  9 8.011925 0.000004 0.000005 0.000065 -0.036456 -0.368194
 10 7.210720 -0.000002 -0.000000 -0.000302 0.148531 -0.400865
 11 8.581028 -0.304903 -0.000000 0.070296 -0.011476 0.965044
 12 22.523008 2.194031 6.355708 0.000000 -0.000000 0.000000
 13 22.523005 2.194038 -6.355709 0.000000 -0.000000 0.000000
 14 -3.006533 7.804720 -11.355459 0.129540 0.190232 1.515667
 15 10.384675 0.000008 0.000005 -0.023360 0.163716 -1.957287
 16 22.550743 -0.000006 -0.000004 0.113494 0.038991 2.069360
 17 30.814247 -0.000015 -0.000004 2.628326 -0.079431 0.507380
 18 -3.013796 7.815494 11.355459 -0.199974 -0.326177 1.602867
 19 10.374533 -0.000002 0.000007 0.023362 -0.227382 -1.930546
 20 22.550726 -0.000027 -0.000013 -0.129830 0.084237 1.994445
 21 30.814270 -0.000023 0.000002 -3.127352 -0.174669 0.720871
 22 -4.250660 -0.770624 0.000001 0.000000 0.000000 -2.999910
 23 10.363422 0.000000 0.000000 -0.000000 0.141254 0.304527
 24 10.363076 0.000000 -0.000000 0.000000 0.040313 0.205627
 25 10.363081 -0.000004 -0.000002 0.096158 -0.019858 0.087850
 26 8.210358 -0.000006 -5.653147 0.000000 0.000000 0.029112
 27 8.210346 -0.000002 7.704017 0.000000 0.000000 -0.055747
 28 1.854841 1.227791 -13.762345 2.797738 0.371000 2.351507
 29 10.456543 -0.000004 0.000004 0.043713 0.091213 -1.275243
 30 24.248093 0.000001 0.000007 0.039585 0.078072 1.063253
 31 26.336971 0.000019 0.000002 0.386745 -0.087633 1.023334
 32 1.854847 1.227798 13.762341 -2.759408 -0.191289 2.643130
 33 10.456542 -0.000008 0.000004 -0.045600 0.132192 -0.713385
 34 24.248116 0.000002 -0.000004 -0.035951 -0.037992 0.907289
 35 26.336975 0.000000 0.000004 0.047984 -0.018825 0.520544
time 102
  0 0.000000 0.000000 0.000000 0.000000 -0.000000 -1.570796
  1 0.000000 0.000000 0.000000 0.000000 -0.000000 0.000000
  2 5.523606 -31.960283 12.402215 -1.565812 -0.258727 1.790039
  3 4.222169 -0.467508 0.000000 0.014638 0.000797 0.025344
  4 4.476987 -0.000002 -0.000000 0.014117 -0.014681 -0.131751
  5 4.477083 0.000000 0.000002 0.033127 -0.065176 -0.071047
  6 4.477077 -0.000004 -0.000002 -0.008562 -0.106737 0.288083
  7 5.413502 -7.700466 -0.000000 -0.046946 -0.052876 -0.550616
  8 6.890240 0.000002 -0.000000 0.000276 -0.077701 -0.050150
  9 8.011925 0.000004 0.000005 -0.000458 -0.034938 -0.395993
 10 7.210720 -0.000002 -0.000000 -0.002690 0.144153 -0.405477
 11 8.581028 -0.304903 -0.000000 0.114248 -0.011493 0.965991
 12 22.523008 2.194031 6.355708 0.000000 -0.000000 0.000000
 13 22.523005 2.194038 -6.355709 0.000000 -0.000000 0.000000
 14 -3.006533 7.804720 -11.355459 0.164700 0.194189 1.520062
 15 10.384675 0.000008 0.000005 -0.021866 0.163652 -1.946901
 16 22.550743 -0.000006 -0.000004 0.125057 0.038991 2.069360
 17 30.814247 -0.000015 -0.000004 2.811909 -0.053569 0.505339
 18 -3.013796 7.815494 11.355459 -0.230165 -0.337499 1.598991
 19 10.374533 -0.000002 0.000007 -0.005085 -0.230937 -1.920457
 20 22.550726 -0.000027 -0.000013 -0.166047 0.089046 1.974283
 21 30.814270 -0.000023 0.000002 -2.919641 -0.126566 0.707316
 22 -4.250660 -0.770624 0.000001 0.000000 0.000000 -2.999372
 23 10.363422 0.000000 0.000000 -0.000000 0.141254 0.304527
 24 10.363076 0.000000 -0.000000 0.000000 0.040205 0.000310
 25 10.363081 -0.000004 -0.000002 -0.001782 -0.019997 0.087931
 26 8.210358 -0.000006 -5.336731 0.000000 0.000000 0.033257
 27 8.210346 -0.000002 7.704017 0.000000 0.000000 -0.050626
 28 1.854841 1.227791 -13.762345 2.769814 0.214382 2.959955
 29 10.456543 -0.000004 0.000004 0.045914 0.091302 -1.271162
 30 24.248093 0.000001 0.000007 -0.010870 0.078072 1.063253
 31 26.336971 0.000019 0.000002 0.241356 -0.089762 1.048849
 32 1.854847 1.227798 13.762341 -2.744282 -0.191863 2.628526
 33 10.456542 -0.000008 0.000004 -0.055469 0.342216 -1.158493
 34 24.248116 0.000002 -0.000004 0.075806 -0.037992 0.907289
 35 26.336975 0.000000 0.000004 0.047984 -0.023262 0.497711
time 103
  0 0.000000 0.000000 0.000000 0.000000 -0.000000 -1.570796
  1 0.000000 0.000000 0.000000 0.000000 -0.000000 0.000000
  2 5.578295 -32.018879 11.964702 -1.564757 -0.258129 1.783903
  3 4.222169 -0.467508 0.000000 0.015357 0.000055 0.024302
  4 4.476987 -0.000002 -0.000000 -0.092906 -0.014359 -0.131751
  5 4.477083 0.000000 0.000002 0.038940 -0.059862 -0.069936
  6 4.477077 -0.000004 -0.000002 -0.008574 -0.102603 0.244634
  7 5.413502 -7.700466 -0.000000 -0.041363 -0.052876 -0.550616
  8 6.890240 0.000002 -0.000000 0.000779 -0.073950 0.008285
  9 8.011925 0.000004 0.000005 -0.000707 -0.032830 -0.407103
 10 7.210720 -0.000002 -0.000000 -0.003541 0.138715 -0.406818
 11 8.581028 -0.304903 -0.000000 0.122905 -0.011493 0.968023
 12 22.523008 2.194031 6.355708 0.000000 -0.000000 0.000000
 13 22.523005 2.194038 -6.355709 0.000000 -0.000000 0.000000
 14 -3.006533 7.804720 -11.355459 0.173436 0.198888 2.057980
 15 10.384675 0.000008 0.000005 -0.021903 0.163609 -1.936682
 16 22.550743 -0.000006 -0.000004 0.126352 0.038991 2.069360
 17 30.814247 -0.000015 -0.000004 2.824052 -0.027143 0.503226
 18 -3.013796 7.815494 11.355459 -0.233576 -0.349419 1.595570
 19 10.374533 -0.000002 0.000007 -0.006163 -0.234359 -1.911585
 20 22.550726 -0.000027 -0.000013 -0.165904 0.092128 1.952880
 21 30.814270 -0.000023 0.000002 -2.904416 -0.079614 0.689633
 22 -4.250660 -0.770624 0.000001 0.000000 0.000000 -2.998834
 23 10.363422 0.000000 0.000000 -0.000000 0.141254 0.304527
 24 10.363076 0.000000 -0.000000 0.000000 0.040073 0.000310
 25 10.363081 -0.000004 -0.000002 -0.001782 -0.020135 0.088307
 26 8.210358 -0.000006 -4.996877 0.000000 0.000000 0.037469
 27 8.210346 -0.000002 7.704017 0.000000 0.000000 -0.045608
 28 1.854841 1.227791 -13.762345 2.767967 0.214258 2.526488
 29 10.456543 -0.000004 0.000004 0.045967 0.091391 -1.267732
 30 24.248093 0.000001 0.000007 -0.011352 0.078072 1.063253
 31 26.336971 0.000019 0.000002 0.234700 -0.091759 1.073314
 32 1.854847 1.227798 13.762341 -2.742526 -0.192438 2.612888
 33 10.456542 -0.000008 0.000004 -0.046346 0.341130 -1.231561
 34 24.248116 0.000002 -0.000004 -0.007166 -0.037992 0.907289
 35 26.336975 0.000000 0.000004 0.047984 -0.027729 0.477535
time 104
  0 0.000000 0.000000 0.000000 0.000000 -0.000000 -1.570796
  1 0.000000 0.000000 0.000000 0.000000 -0.000000 0.000000
  2 8.019776 -32.061852 11.577971 -1.563703 -0.257491 1.777385
  3 4.222169 -0.467508 0.000000 0.015800 -0.000649 0.022078
  4 4.476987 -0.000002 -0.000000 -0.091228 -0.014381 -0.131751
  5 4.477083 0.000000 0.000002 0.044776 -0.055726 -0.068557
  6 4.477077 -0.000004 -0.000002 -0.008838 -0.097961 0.201295
  7 5.413502 -7.700466 -0.000000 -0.041363 -0.052876 -0.550616
  8 6.890240 0.000002 -0.000000 0.000647 -0.069728 0.073328
  9 8.011925 0.000004 0.000005 -0.000877 -0.030066 -0.361290
 10 7.210720 -0.000002 -0.000000 -0.004557 0.133242 -0.383970
 11 8.581028 -0.304903 -0.000000 0.132091 -0.011527 0.971073
 12 22.523008 2.194031 6.355708 0.000000 -0.000000 0.000000
 13 22.523005 2.194038 -6.355709 0.000000 -0.000000 0.000000
 14 -3.006533 7.804720 -11.355459 0.183094 0.204223 1.429482
 15 10.384675 0.000008 0.000005 -0.021978 0.163567 -1.926851
 16 22.550743 -0.000006 -0.000004 0.127616 0.038991 2.069360
 17 30.814247 -0.000015 -0.000004 2.835015 -0.000434 0.500970
 18 -3.013796 7.815494 11.355459 -0.237140 -0.361937 1.592720
 19 10.374533 -0.000002 0.000007 -0.006635 -0.237615 -1.904105
 20 22.550726 -0.000027 -0.000013 -0.165577 0.093738 1.930485
 21 30.814270 -0.000023 0.000002 -2.888980 -0.035059 0.669746
 22 -4.250660 -0.770624 0.000001 0.000000 0.000000 -2.998322
 23 10.363422 0.000000 0.000000 -0.000000 0.141254 0.304527
 24 10.363076 0.000000 -0.000000 0.000000 0.039941 0.000490
 25 10.363081 -0.000004 -0.000002 -0.001696 -0.020305 0.089032
 26 8.210358 -0.000006 -4.625772 0.000000 0.000000 0.041749
 27 8.210346 -0.000002 7.704017 0.000000 0.000000 -0.040793
 28 1.854841 1.227791 -13.762345 2.766121 0.213888 2.526184
 29 10.456543 -0.000004 0.000004 0.046002 0.091462 -1.264909
 30 24.248093 0.000001 0.000007 -0.011277 0.078072 1.063253
 31 26.336971 0.000019 0.000002 0.228566 -0.093625 1.096398
 32 1.854847 1.227798 13.762341 -2.466039 -0.193176 2.596560
 33 10.456542 -0.000008 0.000004 -0.045837 0.338153 -1.239285
 34 24.248116 0.000002 -0.000004 -0.007361 -0.037992 0.907289
 35 26.336975 0.000000 0.000004 0.047984 -0.032072 0.459902
time 105
  0 0.000000 0.000000 0.000000 0.000000 -0.000000 -1.570796
  1 0.000000 0.000000 0.000000 0.000000 -0.000000 0.000000
  2 0.789087 -32.085289 11.238117 -1.562648 -0.256853 1.770387
  3 4.222169 -0.467508 0.000000 0.015980 -0.001354 0.018781
  4 4.476987 -0.000002 -0.000000 -0.089550 -0.014852 -0.131751
  5 4.477083 0.000000 0.000002 0.050972 -0.052706 -0.066823
  6 4.477077 -0.000004 -0.000002 -0.009425 -0.092906 0.158173
  7 5.413502 -7.700466 -0.000000 -0.041363 -0.052876 -0.550616
  8 6.890240 0.000002 -0.000000 0.000827 -0.061703 0.142537
  9 8.011925 0.000004 0.000005 -0.000943 -0.027015 -0.245497
 10 7.210720 -0.000002 -0.000000 -0.005737 0.127804 -0.361256
 11 8.581028 -0.304903 -0.000000 0.141689 -0.011544 0.974998
 12 22.523008 2.194031 6.355708 0.000000 -0.000000 0.000000
 13 22.523005 2.194038 -6.355709 0.000000 -0.000000 0.000000
 14 -3.006533 7.804720 -11.355459 0.063994 0.210052 1.430650
 15 10.384675 0.000008 0.000005 -0.022052 0.163525 -1.917632
 16 22.550743 -0.000006 -0.000004 0.128831 0.038991 2.069360
 17 30.814247 -0.000015 -0.000004 2.844800 0.026337 0.498642
 18 -3.013796 7.815494 11.355459 -0.240806 -0.375016 1.590555
 19 10.374533 -0.000002 0.000007 -0.006568 -0.240671 -1.898306
 20 22.550726 -0.000027 -0.000013 -0.165271 0.094249 1.907407
 21 30.814270 -0.000023 0.000002 -2.873299 0.005826 0.649692
 22 -4.250660 -0.770624 0.000001 0.000000 0.000000 -2.997784
 23 10.363422 0.000000 0.000000 -0.000000 0.141254 0.304527
 24 10.363076 0.000000 -0.000000 0.000000 0.039798 0.000568
 25 10.363081 -0.000004 -0.000002 -0.001659 -0.020474 0.090052
 26 8.210358 -0.000006 -4.227323 0.000000 0.000000 0.046063
 27 8.210346 -0.000002 7.704017 0.000000 0.000000 -0.036215
 28 1.854841 1.227791 -13.762345 2.764230 0.213296 2.525210
 29 10.456543 -0.000004 0.000004 0.046019 0.091498 -1.262782
 30 24.248093 0.000001 0.000007 -0.010573 0.078072 1.063253
 31 26.336971 0.000019 0.000002 0.663776 -0.095359 1.117771
 32 1.854847 1.227798 13.762341 -2.719770 0.021779 2.575191
 33 10.456542 -0.000008 0.000004 -0.045837 0.334702 -1.236763
 34 24.248116 0.000002 -0.000004 -0.034241 -0.037992 0.907289
 35 26.336975 0.000000 0.000004 0.047984 -0.036135 0.444699
time 106
  0 0.000000 0.000000 0.000000 0.000000 -0.000000 -1.570796
  1 0.000000 0.000000 0.000000 0.000000 -0.000000 0.000000
  2 0.023438 5.076003 10.945139 -1.561690 -0.256214 1.763197
  3 4.222169 -0.467508 0.000000 0.015920 -0.002040 0.014488
  4 4.476987 -0.000002 -0.000000 -0.087896 -0.015901 -0.131751
  5 4.477083 0.000000 0.000002 0.057504 -0.050864 -0.064704
  6 4.477077 -0.000004 -0.000002 -0.010360 -0.087494 0.115285
  7 5.413502 -7.700466 -0.000000 -0.041363 -0.052876 -0.550616
  8 6.890240 0.000002 -0.000000 0.001582 -0.053508 0.251517
  9 8.011925 0.000004 0.000005 -0.001087 -0.024155 -0.095780
 10 7.210720 -0.000002 -0.000000 -0.007000 0.122437 -0.338595
 11 8.581028 -0.304903 -0.000000 0.151679 -0.011579 0.979660
 12 22.523008 2.194031 6.355708 0.000000 -0.000000 0.000000
 13 22.523005 2.194038 -6.355709 0.000000 -0.000000 0.000000
 14 -3.006533 7.804720 -11.355459 0.063831 0.216270 1.432504
 15 10.384675 0.000008 0.000005 -0.022164 0.163482 -1.909190
 16 22.550743 -0.000006 -0.000004 0.129967 0.038991 2.069360
 17 30.814247 -0.000015 -0.000004 2.853361 0.053076 0.496243
 18 -3.013796 7.815494 11.355459 -0.244624 -0.388505 1.589186
 19 10.374533 -0.000002 0.000007 -0.005894 -0.243562 -1.894537
 20 22.550726 -0.000027 -0.000013 -0.165087 0.093954 1.883709
 21 30.814270 -0.000023 0.000002 -2.857303 0.041768 0.629499
 22 -4.250660 -0.770624 0.000001 0.000000 0.000000 -2.997247
 23 10.363422 0.000000 0.000000 -0.000000 0.141254 0.304527
 24 10.363076 0.000000 -0.000000 0.000000 0.039678 0.000542
 25 10.363081 -0.000004 -0.000002 -0.002743 -0.020659 0.091367
 26 8.210358 -0.000006 -3.797622 0.000000 0.000000 0.050412
 27 8.210346 -0.000002 7.704017 0.000000 0.000000 -0.031909
 28 1.854841 1.227791 -13.762345 2.762295 0.212433 2.523629
 29 10.456543 -0.000004 0.000004 0.185937 0.091533 -1.261436
 30 24.248093 0.000001 0.000007 0.322444 0.078072 1.063253
 31 26.336971 0.000019 0.000002 0.353726 0.154760 1.137321
 32 1.854847 1.227798 13.762341 -2.719939 0.007497 2.568944
 33 10.456542 -0.000008 0.000004 -0.032882 0.331140 -1.234241
 34 24.248116 0.000002 -0.000004 -0.034241 -0.037992 0.907289
 35 26.336975 0.000000 0.000004 0.047984 -0.039703 0.431869
time 107
  0 0.000000 0.000000 0.000000 0.000000 -0.000000 -1.570796
  1 0.000000 0.000000 0.000000 0.000000 -0.000000 0.000000
  2 -36.297981 -2.162500 10.683413 -1.560731 -0.255656 1.755815
  3 4.222169 -0.467508 0.000000 0.015681 -0.002688 0.009290
  4 4.476987 -0.000002 -0.000000 -0.086314 -0.017572 -0.131751
  5 4.477083 0.000000 0.000002 0.064299 -0.051300 -0.062080
  6 4.477077 -0.000004 -0.000002 -0.011654 -0.081781 0.072677
  7 5.413502 -7.700466 -0.000000 -0.041363 -0.052876 -0.550616
  8 6.890240 0.000002 -0.000000 0.002481 -0.046163 0.357168
  9 8.011925 0.000004 0.000005 -0.001414 -0.021807 0.050485
 10 7.210720 -0.000002 -0.000000 -0.008318 0.117194 -0.315103
 11 8.581028 -0.304903 -0.000000 0.161943 -0.011613 0.984953
 12 22.523008 2.194031 6.355708 0.000000 -0.000000 0.000000
 13 22.523005 2.194038 -6.355709 0.000000 -0.000000 0.000000
 14 -3.006533 7.804720 -11.355459 0.063723 0.222700 1.435045
 15 10.384675 0.000008 0.000005 -0.022314 0.163461 -1.901692
 16 22.550743 -0.000006 -0.000004 0.131006 0.038991 2.069360
 17 30.814247 -0.000015 -0.000004 2.860874 0.079565 0.493736
 18 -3.013796 7.815494 11.355459 -0.248646 -0.402518 1.588730
 19 10.374533 -0.000002 0.000007 -0.004680 -0.246319 -1.892624
 20 22.550726 -0.000027 -0.000013 -0.165189 0.093228 1.859887
 21 30.814270 -0.000023 0.000002 -2.840955 0.071594 0.609194
 22 -4.250660 -0.770624 0.000001 0.000000 0.000000 -2.996735
 23 10.363422 0.000000 0.000000 -0.000000 0.141254 0.304527
 24 10.363076 0.000000 -0.000000 0.000000 0.039558 0.000465
 25 10.363081 -0.000004 -0.000002 -0.002583 -0.020813 0.092925
 26 8.210358 -0.000006 -3.332764 0.000000 0.000000 0.054726
 27 8.210346 -0.000002 7.704017 0.000000 0.000000 -0.027941
 28 1.854841 1.227791 -13.762345 2.760360 0.211347 2.521500
 29 10.456543 -0.000004 0.000004 0.041861 0.234032 -1.260915
 30 24.248093 0.000001 0.000007 0.038658 0.078072 1.063253
 31 26.336971 0.000019 0.000002 0.353509 -0.231902 1.082978
 32 1.854847 1.227798 13.762341 -2.720074 0.005910 2.487952
 33 10.456542 -0.000008 0.000004 -0.025794 0.327467 -0.925535
 34 24.248116 0.000002 -0.000004 -0.034241 -0.037992 0.907289
 35 26.336975 0.000000 0.000004 0.047984 -0.042650 0.421131
time 108
  0 0.000000 0.000000 0.000000 0.000000 -0.000000 -1.570796
  1 0.000000 0.000000 0.000000 0.000000 -0.000000 0.000000
  2 -36.145634 -2.928148 10.339652 -1.559868 -0.255097 1.748242
  3 4.222169 -0.467508 0.000000 0.015249 -0.003337 0.003279
  4 4.476987 -0.000002 -0.000000 -0.084828 -0.019885 -0.131751
  5 4.477083 0.000000 0.000002 0.064299 -0.051607 -0.058938
  6 4.477077 -0.000004 -0.000002 -0.012086 -0.075843 0.030350
  7 5.413502 -7.700466 -0.000000 -0.041363 -0.052876 -0.550616
  8 6.890240 0.000002 -0.000000 0.002972 -0.040674 0.437850
  9 8.011925 0.000004 0.000005 -0.001820 -0.019969 0.160230
 10 7.210720 -0.000002 -0.000000 -0.009663 0.112127 -0.290297
 11 8.581028 -0.304903 -0.000000 0.172438 -0.011647 0.990736
 12 22.523008 2.194031 6.355708 0.000000 -0.000000 0.000000
 13 22.523005 2.194038 -6.355709 0.000000 -0.000000 0.000000
 14 -3.006533 7.804720 -11.355459 0.063614 0.229307 1.438135
 15 10.384675 0.000008 0.000005 -0.022463 0.163440 -1.895416
 16 22.550743 -0.000006 -0.000004 0.131902 0.038991 2.069360
 17 30.814247 -0.000015 -0.000004 2.867731 0.105647 0.491158
 18 -3.013796 7.815494 11.355459 -0.252770 -0.416979 1.589301
 19 10.374533 -0.000002 0.000007 -0.002928 -0.248910 -1.892682
 20 22.550726 -0.000027 -0.000013 -0.165761 0.092384 1.836251
 21 30.814270 -0.000023 0.000002 -2.824292 0.094030 0.588834
 22 -4.250660 -0.770624 0.000001 0.000000 0.000000 -2.996222
 23 10.363422 0.000000 0.000000 -0.000000 0.141254 0.304527
 24 10.363076 0.000000 -0.000000 0.000000 0.039462 0.000310
 25 10.363081 -0.000004 -0.000002 -0.002361 -0.020967 0.094723
 26 8.210358 -0.000006 -2.828842 0.000000 0.000000 0.059040
 27 8.210346 -0.000002 7.704017 0.000000 0.000000 -0.024347
 28 1.854841 1.227791 -13.762345 2.627428 0.210040 2.518763
 29 10.456543 -0.000004 0.000004 0.041861 0.028381 -1.153799
 30 24.248093 0.000001 0.000007 0.038770 0.078072 1.063253
 31 26.336971 0.000019 0.000002 0.352812 -0.231482 0.979209
 32 1.854847 1.227798 13.762341 -2.720243 0.004323 2.479508
 33 10.456542 -0.000008 0.000004 0.119493 0.323654 -0.721543
 34 24.248116 0.000002 -0.000004 -0.034241 -0.037992 0.907289
 35 26.336975 0.000000 0.000004 0.047984 -0.044759 0.412371
time 109
  0 0.000000 0.000000 0.000000 0.000000 -0.000000 -1.570796
  1 0.000000 0.000000 0.000000 0.000000 -0.000000 0.000000
  2 -35.907345 -2.678140 9.925577 -1.559102 -0.254619 1.740573
  3 4.222169 -0.467508 0.000000 0.014686 -0.003949 -0.003452
  4 4.476987 -0.000002 -0.000000 -0.083474 -0.020656 -0.131751
  5 4.477083 0.000000 0.000002 0.064299 0.034152 -0.054773
  6 4.477077 -0.000004 -0.000002 -0.013116 -0.069322 -0.011090
  7 5.413502 -7.700466 -0.000000 -0.041363 -0.052876 -0.550616
  8 6.890240 0.000002 -0.000000 0.003380 -0.036661 0.471710
  9 8.011925 0.000004 0.000005 -0.002240 -0.018372 0.229871
 10 7.210720 -0.000002 -0.000000 -0.011008 0.107307 -0.263560
 11 8.581028 -0.304903 -0.000000 0.183047 -0.011698 0.996905
 12 22.523008 2.194031 6.355708 0.000000 -0.000000 0.000000
 13 22.523005 2.194038 -6.355709 0.000000 -0.000000 0.000000
 14 -3.006533 7.804720 -11.355459 0.063451 0.235914 1.441775
 15 10.384675 0.000008 0.000005 -0.022650 0.163419 -1.890584
 16 22.550743 -0.000006 -0.000004 0.132670 0.038991 2.069360
 17 30.814247 -0.000015 -0.000004 2.874501 0.131164 0.488472
 18 -3.013796 7.815494 11.355459 -0.257098 -0.431776 1.591010
 19 10.374533 -0.000002 0.000007 -0.000568 -0.251336 -1.894711
 20 22.550726 -0.000027 -0.000013 -0.166946 0.091736 1.813049
 21 30.814270 -0.000023 0.000002 -2.807138 0.107878 0.568557
 22 -4.250660 -0.770624 0.000001 0.000000 0.000000 -2.995711
 23 10.363422 0.000000 0.000000 -0.000000 0.141254 0.304527
 24 10.363076 0.000000 -0.000000 0.000000 0.039390 0.000077
 25 10.363081 -0.000004 -0.000002 -0.002065 -0.021091 0.096737
 26 8.210358 -0.000006 -2.289763 0.000000 0.000000 0.063320
 27 8.210346 -0.000002 7.704017 0.000000 0.000000 -0.021159
 28 1.854841 1.227791 -13.762345 2.630111 0.208510 2.515540
 29 10.456543 -0.000004 0.000004 0.041914 0.028754 -1.235297
 30 24.248093 0.000001 0.000007 0.039177 0.078072 1.063253
 31 26.336971 0.000019 0.000002 0.351681 -0.230273 0.968384
 32 1.854847 1.227798 13.762341 -2.720377 0.002763 2.482265
 33 10.456542 -0.000008 0.000004 0.119900 0.319675 -0.706094
 34 24.248116 0.000002 -0.000004 -0.034241 -0.037992 0.907289
 35 26.336975 0.000000 0.000004 0.047984 -0.045876 0.405476
time 110
  0 0.000000 0.000000 0.000000 0.000000 -0.000000 -1.570796
  1 0.000000 0.000000 0.000000 0.000000 -0.000000 0.000000
  2 -35.590931 -2.428133 9.605255 -1.558430 -0.254180 1.732904
  3 4.222169 -0.467508 0.000000 0.014003 -0.004542 -0.010797
  4 4.476987 -0.000002 -0.000000 -0.082287 -0.022498 -0.131751
  5 4.477083 0.000000 0.000002 0.064299 0.156240 -0.045302
  6 4.477077 -0.000004 -0.000002 -0.014075 -0.063045 -0.033032
  7 5.413502 -7.700466 -0.000000 -0.041363 -0.052876 -0.550616
  8 6.890240 0.000002 -0.000000 0.003919 -0.033890 0.474735
  9 8.011925 0.000004 0.000005 -0.002619 -0.017094 0.284925
 10 7.210720 -0.000002 -0.000000 -0.012298 0.102787 -0.234303
 11 8.581028 -0.304903 -0.000000 0.193679 -0.011732 1.003284
 12 22.523008 2.194031 6.355708 0.000000 -0.000000 0.000000
 13 22.523005 2.194038 -6.355709 0.000000 -0.000000 0.000000
 14 -3.006533 7.804720 -11.355459 0.063343 0.242415 1.445826
 15 10.384675 0.000008 0.000005 -0.022837 0.235725 -1.887196
 16 22.550743 -0.000006 -0.000004 0.133261 0.038991 2.069360
 17 30.814247 -0.000015 -0.000004 2.881708 0.155835 0.485643
 18 -3.013796 7.815494 11.355459 -0.261680 -0.446910 1.594032
 19 10.374533 -0.000002 0.000007 0.002263 -0.253628 -1.898596
 20 22.550726 -0.000027 -0.000013 -0.168927 0.091618 1.790591
 21 30.814270 -0.000023 0.000002 -2.788159 0.111989 0.548168
 22 -4.250660 -0.770624 0.000001 0.000000 0.000000 -2.995198
 23 10.363422 0.000000 0.000000 -0.000000 0.141254 0.304527
 24 10.363076 0.000000 -0.000000 0.000000 0.039354 -0.000155
 25 10.363081 -0.000004 -0.000002 -0.001696 -0.021183 0.098965
 26 8.210358 -0.000006 -1.707714 0.000000 0.000000 0.067532
 27 8.210346 -0.000002 7.704017 0.000000 0.000000 -0.018481
 28 1.854841 1.227791 -13.762345 2.632793 0.206733 2.511769
 29 10.456543 -0.000004 0.000004 0.041966 0.029448 -1.243808
 30 24.248093 0.000001 0.000007 0.039845 0.078072 1.063253
 31 26.336971 0.000019 0.000002 0.350159 -0.228250 0.971919
 32 1.854847 1.227798 13.762341 -2.720546 0.001149 2.485023
 33 10.456542 -0.000008 0.000004 0.120307 0.315584 -0.691197
 34 24.248116 0.000002 -0.000004 -0.034241 -0.037992 0.907289
 35 26.336975 0.000000 0.000004 0.047984 -0.045876 0.400107
time 111
  0 0.000000 0.000000 0.000000 0.000000 -0.000000 -1.570796
  1 0.000000 0.000000 0.000000 0.000000 -0.000000 0.000000
  2 -35.212013 28.170458 9.265401 -1.557855 -0.253861 1.725330
  3 4.222169 -0.467508 0.000000 0.013236 -0.005135 -0.018648
  4 4.476987 -0.000002 -0.000000 -0.081293 -0.024212 -0.131751
  5 4.477083 0.000000 0.000002 0.064299 -0.012047 0.054492
  6 4.477077 -0.000004 -0.000002 -0.015058 -0.060245 -0.054289
  7 5.413502 -7.700466 -0.000000 -0.041363 -0.052876 -0.550616
  8 6.890240 0.000002 -0.000000 0.004458 -0.032126 0.466567
  9 8.011925 0.000004 0.000005 -0.003038 -0.016167 0.328065
 10 7.210720 -0.000002 -0.000000 -0.012710 0.098515 -0.202015
 11 8.581028 -0.304903 -0.000000 0.204380 -0.011766 1.009838
 12 22.523008 2.194031 6.355708 0.000000 -0.000000 0.000000
 13 22.523005 2.194038 -6.355709 0.000000 -0.000000 0.000000
 14 -3.006533 7.804720 -11.355459 0.063234 0.248668 1.450290
 15 10.384675 0.000008 0.000005 -0.023061 0.163440 -1.885641
 16 22.550743 -0.000006 -0.000004 0.133613 0.038991 2.069360
 17 30.814247 -0.000015 -0.000004 2.889877 0.179722 0.482742
 18 -3.013796 7.815494 11.355459 -0.266466 -0.462305 1.598477
 19 10.374533 -0.000002 0.000007 0.005566 -0.255787 -1.904453
 20 22.550726 -0.000027 -0.000013 -0.171889 0.092344 1.769250
 21 30.814270 -0.000023 0.000002 -2.765567 0.105114 0.527835
 22 -4.250660 -0.770624 0.000001 0.000000 0.000000 -2.994712
 23 10.363422 0.000000 0.000000 -0.000000 0.141254 0.304527
 24 10.363076 0.000000 -0.000000 0.000000 0.039366 -0.000439
 25 10.363081 -0.000004 -0.000002 -0.001339 -0.021229 0.101408
 26 8.210358 -0.000006 -1.082695 0.000000 0.000000 0.071677
 27 8.210346 -0.000002 7.704017 0.000000 0.000000 -0.016276
 28 1.854841 1.227791 -13.762345 2.635475 0.204735 2.507512
 29 10.456543 -0.000004 0.000004 0.042054 0.030445 -1.241029
 30 24.248093 0.000001 0.000007 0.040809 0.078072 1.063253
 31 26.336971 0.000019 0.000002 0.348201 -0.225464 0.975453
 32 1.854847 1.227798 13.762341 -2.720715 -0.000493 2.822477
 33 10.456542 -0.000008 0.000004 0.006390 0.311354 -0.675945
 34 24.248116 0.000002 -0.000004 -0.034241 -0.037992 0.907289
 35 26.336975 0.000000 0.000004 0.047984 -0.044573 0.396207
time 112
  0 0.000000 0.000000 0.000000 0.000000 -0.000000 -1.570796
  1 0.000000 0.000000 0.000000 0.000000 -0.000000 0.000000
  2 -34.774498 -3.021901 49.176773 -1.557472 -0.253621 1.717853
  3 4.222169 -0.467508 0.000000 0.012397 -0.005692 -0.026990
  4 4.476987 -0.000002 -0.000000 -0.080526 -0.025968 -0.131751
  5 4.477083 0.000000 0.000002 0.064299 -0.011886 -0.232293
  6 4.477077 -0.000004 -0.000002 -0.016077 -0.057651 -0.054803
  7 5.413502 -7.700466 -0.000000 -0.041363 -0.052876 -0.550616
  8 6.890240 0.000002 -0.000000 0.004902 -0.030884 0.450603
  9 8.011925 0.000004 0.000005 -0.003510 -0.014618 0.360666
 10 7.210720 -0.000002 -0.000000 -0.013698 0.092865 -0.164551
 11 8.581028 -0.304903 -0.000000 0.215012 -0.011818 1.016392
 12 22.523008 2.194031 6.355708 0.000000 -0.000000 0.000000
 13 22.523005 2.194038 -6.355709 0.000000 -0.000000 0.000000
 14 -3.006533 7.804720 -11.355459 0.063126 0.254533 1.455166
 15 10.384675 0.000008 0.000005 -0.023285 0.163461 -1.886030
 16 22.550743 -0.000006 -0.000004 0.133741 0.038991 2.069360
 17 30.814247 -0.000015 -0.000004 2.899573 0.202261 0.479698
 18 -3.013796 7.815494 11.355459 -0.271506 -0.477925 1.604520
 19 10.374533 -0.000002 0.000007 0.009408 -0.257814 -1.912165
 20 22.550726 -0.000027 -0.000013 -0.175872 0.094209 1.749274
 21 30.814270 -0.000023 0.000002 -2.740134 0.086372 0.507586
 22 -4.250660 -0.770624 0.000001 0.000000 0.000000 -2.994200
 23 10.363422 0.000000 0.000000 -0.000000 0.141254 0.304527
 24 10.363076 0.000000 -0.000000 0.000000 0.039390 -0.000723
 25 10.363081 -0.000004 -0.000002 0.000446 -0.021214 0.104012
 26 8.210358 -0.000006 -0.410800 0.000000 0.000000 0.075753
 27 8.210346 -0.000002 7.704017 0.000000 0.000000 -0.014615
 28 1.854841 1.227791 -13.762345 2.638070 0.202515 2.502889
 29 10.456543 -0.000004 0.000004 0.042176 0.031726 -1.238250
 30 24.248093 0.000001 0.000007 0.042106 0.078072 1.063253
 31 26.336971 0.000019 0.000002 0.345895 -0.221943 1.408039
 32 1.854847 1.227798 13.762341 -2.720884 -0.002217 2.501824
 33 10.456542 -0.000008 0.000004 -0.056350 0.306957 -0.660495
 34 24.248116 0.000002 -0.000004 -0.034241 -0.037992 0.907289
 35 26.336975 0.000000 0.000004 0.047984 -0.042433 0.393325
time 113
  0 0.000000 0.000000 0.000000 0.000000 -0.000000 -1.570796
  1 0.000000 0.000000 0.000000 0.000000 -0.000000 0.000000
  2 -34.294014 -3.072684 -1.867752 -1.557376 -0.253502 1.710471
  3 4.222169 -0.467508 0.000000 0.011522 -0.006248 -0.035684
  4 4.476987 -0.000002 -0.000000 -0.079962 -0.027788 -0.131751
  5 4.477083 0.000000 0.000002 0.064299 -0.011369 -0.238947
  6 4.477077 -0.000004 -0.000002 -0.017131 -0.055133 -0.054663
  7 5.413502 -7.700466 -0.000000 -0.041363 -0.052876 -0.550616
  8 6.890240 0.000002 -0.000000 0.005285 -0.030139 0.428635
  9 8.011925 0.000004 0.000005 -0.004021 -0.013324 0.357967
 10 7.210720 -0.000002 -0.000000 -0.015153 0.087092 -0.097803
 11 8.581028 -0.304903 -0.000000 0.225552 -0.011852 1.022842
 12 22.523008 2.194031 6.355708 0.000000 -0.000000 0.000000
 13 22.523005 2.194038 -6.355709 0.000000 -0.000000 0.000000
 14 -3.006533 7.804720 -11.355459 0.063017 0.259903 1.460179
 15 10.384675 0.000008 0.000005 -0.023509 0.163482 -1.888584
 16 22.550743 -0.000006 -0.000004 0.133565 0.038991 2.069360
 17 30.814247 -0.000015 -0.000004 2.911148 0.222982 0.476475
 18 -3.013796 7.815494 11.355459 -0.276801 -0.493656 1.612157
 19 10.374533 -0.000002 0.000007 0.013655 -0.259708 -1.921674
 20 22.550726 -0.000027 -0.000013 -0.180550 0.097272 1.731036
 21 30.814270 -0.000023 0.000002 -2.712526 0.060241 0.487477
 22 -4.250660 -0.770624 0.000001 0.000000 0.000000 -2.779955
 23 10.363422 0.000000 0.000000 -0.000000 0.141254 0.304527
 24 10.363076 0.000000 -0.000000 0.000000 0.039486 -0.001032
 25 10.363081 -0.000004 -0.000002 0.014482 -0.021183 0.106778
 26 8.210358 -0.000006 0.319692 0.000000 0.000000 0.079728
 27 8.210346 -0.000002 7.704017 0.000000 0.000000 -0.013564
 28 1.854841 1.227791 -13.762345 2.640576 0.200047 2.497841
 29 10.456543 -0.000004 0.000004 0.042298 0.033256 -0.898147
 30 24.248093 0.000001 0.000007 0.043737 0.078072 1.063253
 31 26.336971 0.000019 0.000002 0.343198 -0.217659 0.927627
 32 1.854847 1.227798 13.762341 -2.721053 -0.004023 2.501738
 33 10.456542 -0.000008 0.000004 -0.062998 0.302476 -0.644967
 34 24.248116 0.000002 -0.000004 -0.034241 -0.037992 0.907289
 35 26.336975 0.000000 0.000004 0.047984 -0.040075 0.390838
time 114
  0 0.000000 0.000000 0.000000 0.000000 -0.000000 -1.570796
  1 0.000000 0.000000 0.000000 0.000000 -0.000000 0.000000
  2 -33.782280 -2.967212 -1.840406 -1.557376 -0.253542 1.703377
  3 4.222169 -0.467508 0.000000 0.010635 -0.006767 -0.044654
  4 4.476987 -0.000002 -0.000000 -0.079579 -0.029673 -0.131751
  5 4.477083 0.000000 0.000002 0.078513 -0.010513 -0.254851
  6 4.477077 -0.000004 -0.000002 -0.018198 -0.052690 -0.054585
  7 5.413502 -7.700466 -0.000000 -0.041363 -0.052876 -0.550616
  8 6.890240 0.000002 -0.000000 0.005801 -0.030832 0.395915
  9 8.011925 0.000004 0.000005 -0.004571 -0.012285 0.355475
 10 7.210720 -0.000002 -0.000000 -0.016910 0.081354 -0.030760
 11 8.581028 -0.304903 -0.000000 0.235886 -0.011886 1.029045
 12 22.523008 2.194031 6.355708 0.000000 -0.000000 0.000000
 13 22.523005 2.194038 -6.355709 0.000000 -0.000000 0.000000
 14 -3.006533 7.804720 -11.355459 0.062963 0.264673 1.465536
 15 10.384675 0.000008 0.000005 -0.023770 0.163546 -1.893472
 16 22.550743 -0.000006 -0.000004 0.133069 0.038991 2.069360
 17 30.814247 -0.000015 -0.000004 3.010431 0.241414 0.473109
 18 -3.013796 7.815494 11.355459 -0.282503 -0.509425 1.621677
 19 10.374533 -0.000002 0.000007 0.018374 -0.261469 -1.933039
 20 22.550726 -0.000027 -0.000013 -0.185432 0.100511 1.714596
 21 30.814270 -0.000023 0.000002 -2.683269 0.033816 0.467534
 22 -4.250660 -0.770624 0.000001 0.000000 0.000000 -2.805484
 23 10.363422 0.000000 0.000000 -0.000000 0.141254 0.304527
 24 10.363076 0.000000 -0.000000 0.000000 0.039642 -0.001291
 25 10.363081 -0.000004 -0.000002 0.029625 -0.021060 0.109677
 26 8.210358 -0.000006 1.104872 0.000000 0.000000 0.083634
 27 8.210346 -0.000002 7.704017 0.000000 0.000000 -0.013157
 28 1.854841 1.227791 -13.762345 2.642951 0.197383 2.492428
 29 10.456543 -0.000004 0.000004 0.042455 0.035018 -1.227960
 30 24.248093 0.000001 0.000007 0.045739 0.078072 1.063253
 31 26.336971 0.000019 0.000002 0.340153 -0.212693 0.927903
 32 1.854847 1.227798 13.762341 -2.721255 -0.005993 2.501609
 33 10.456542 -0.000008 0.000004 -0.060827 0.297829 -0.629321
 34 24.248116 0.000002 -0.000004 -0.034241 -0.037992 0.907289
 35 26.336975 0.000000 0.000004 0.047984 -0.037500 0.388691
time 115
  0 0.000000 0.000000 0.000000 0.000000 -0.000000 -1.570796
  1 0.000000 0.000000 0.000000 0.000000 -0.000000 0.000000
  2 -33.247108 -2.908616 -1.098196 -1.557663 -0.253661 1.696667
  3 4.222169 -0.467508 0.000000 0.009772 -0.007267 -0.053777
  4 4.476987 -0.000002 -0.000000 -0.079351 -0.031579 -0.131751
  5 4.477083 0.000000 0.000002 0.085632 -0.009317 -0.273838
  6 4.477077 -0.000004 -0.000002 -0.019276 -0.050285 -0.054538
  7 5.413502 -7.700466 -0.000000 -0.041363 -0.052876 -0.550616
  8 6.890240 0.000002 -0.000000 0.006460 -0.034047 0.323495
  9 8.011925 0.000004 0.000005 -0.005173 -0.011407 0.354619
 10 7.210720 -0.000002 -0.000000 -0.018694 0.075599 0.033602
 11 8.581028 -0.304903 -0.000000 0.245944 -0.011920 1.034864
 12 22.523008 2.194031 6.355708 0.000000 -0.000000 0.000000
 13 22.523005 2.194038 -6.355709 0.000000 -0.000000 0.000000
 14 -3.006533 7.804720 -11.355459 0.062909 0.268665 1.470961
 15 10.384675 0.000008 0.000005 -0.024032 0.163609 -1.900970
 16 22.550743 -0.000006 -0.000004 0.133069 0.038991 2.069360
 17 30.814247 -0.000015 -0.000004 2.172883 0.064581 0.469563
 18 -3.013796 7.815494 11.355459 -0.288562 -0.525306 1.633020
 19 10.374533 -0.000002 0.000007 0.023565 -0.263130 -1.946318
 20 22.550726 -0.000027 -0.000013 -0.190008 0.102572 1.700203
 21 30.814270 -0.000023 0.000002 -2.555786 0.007074 0.447704
 22 -4.250660 -0.770624 0.000001 0.000000 0.000000 -2.806175
 23 10.363422 0.000000 0.000000 -0.000000 0.141254 0.304527
 24 10.363076 0.000000 -0.000000 0.000000 0.039858 -0.001549
 25 10.363081 -0.000004 -0.000002 0.042848 -0.020860 0.112684
 26 8.210358 -0.000006 1.952554 0.000000 0.000000 0.087371
 27 8.210346 -0.000002 7.704017 0.000000 0.000000 0.070497
 28 1.854841 1.227791 -13.762345 2.645194 0.194471 2.486711
 29 10.456543 -0.000004 0.000004 0.042613 0.036993 -1.228567
 30 24.248093 0.000001 0.000007 0.048149 0.078072 1.063253
 31 26.336971 0.000019 0.000002 0.336847 -0.207043 0.928180
 32 1.854847 1.227798 13.762341 -2.721458 -0.008072 2.501523
 33 10.456542 -0.000008 0.000004 -0.058657 0.293070 -0.613833
 34 24.248116 0.000002 -0.000004 -0.034241 -0.037992 0.907289
 35 26.336975 0.000000 0.000004 0.047984 -0.034771 0.386995
time 116
  0 0.000000 0.000000 0.000000 0.000000 -0.000000 -1.570796
  1 0.000000 0.000000 0.000000 0.000000 -0.000000 0.000000
  2 -32.700218 -2.912523 -0.238796 -1.558239 -0.253980 1.690244
  3 4.222169 -0.467508 0.000000 0.008945 -0.007731 -0.062993
  4 4.476987 -0.000002 -0.000000 -0.079255 -0.033507 -0.131751
  5 4.477083 0.000000 0.000002 0.092643 -0.007783 -0.289712
  6 4.477077 -0.000004 -0.000002 -0.020367 -0.047936 -0.054507
  7 5.413502 -7.700466 -0.000000 -0.041363 -0.052876 -0.550616
  8 6.890240 0.000002 -0.000000 0.007083 -0.037275 0.164994
  9 8.011925 0.000004 0.000005 -0.005815 -0.010624 0.355164
 10 7.210720 -0.000002 -0.000000 -0.019820 0.069737 0.093860
 11 8.581028 -0.304903 -0.000000 0.255658 -0.011954 1.040191
 12 22.523008 2.194031 6.355708 0.000000 -0.000000 0.000000
 13 22.523005 2.194038 -6.355709 0.000000 -0.000000 0.000000
 14 -3.006533 7.804720 -11.355459 0.062854 0.271739 1.476592
 15 10.384675 0.000008 0.000005 -0.024293 0.163673 -1.911245
 16 22.550743 -0.000006 -0.000004 0.133069 0.038991 2.069360
 17 30.814247 -0.000015 -0.000004 2.174499 0.006117 0.465839
 18 -3.013796 7.815494 11.355459 -0.295028 -0.541150 1.646529
 19 10.374533 -0.000002 0.000007 0.029160 -0.264658 -1.961394
 20 22.550726 -0.000027 -0.000013 0.034813 0.102199 1.688044
 21 30.814270 -0.000023 0.000002 -2.625702 -0.019791 0.427148
 22 -4.250660 -0.770624 0.000001 0.000000 0.000000 -2.807149
 23 10.363422 0.000000 0.000000 -0.000000 0.141254 0.304527
 24 10.363076 0.000000 -0.000000 0.000000 0.040145 -0.001755
 25 10.363081 -0.000004 -0.000002 0.046825 -0.020582 0.115825
 26 8.210358 -0.000006 2.847113 0.000000 0.000000 0.270639
 27 8.210346 -0.000002 7.704017 0.000000 0.000000 0.006850
 28 1.854841 1.227791 -13.762345 2.647260 0.191338 2.480751
 29 10.456543 -0.000004 0.000004 0.042787 0.039164 -1.229436
 30 24.248093 0.000001 0.000007 0.050892 0.078072 1.063253
 31 26.336971 0.000019 0.000002 0.333236 -0.200736 0.928456
 32 1.854847 1.227798 13.762341 -2.721694 -0.010344 2.501436
 33 10.456542 -0.000008 0.000004 0.206991 0.288145 -0.598660
 34 24.248116 0.000002 -0.000004 -0.034241 -0.037992 0.907289
 35 26.336975 0.000000 0.000004 0.047984 -0.031855 0.385639
time 117
  0 0.000000 0.000000 0.000000 0.000000 -0.000000 -1.570796
  1 0.000000 0.000000 0.000000 0.000000 -0.000000 0.000000
  2 -32.153324 -2.998463 0.726078 -1.559006 -0.254459 1.684204
  3 4.222169 -0.467508 0.000000 0.008190 -0.008176 -0.072193
  4 4.476987 -0.000002 -0.000000 -0.079279 -0.035456 -0.131751
  5 4.477083 0.000000 0.000002 0.099725 -0.005650 -0.296055
  6 4.477077 -0.000004 -0.000002 -0.021506 -0.045530 -0.054554
  7 5.413502 -7.700466 -0.000000 -0.041363 -0.052876 -0.550616
  8 6.890240 0.000002 -0.000000 0.007383 -0.040177 0.012404
  9 8.011925 0.000004 0.000005 -0.006522 -0.009841 0.357084
 10 7.210720 -0.000002 -0.000000 -0.020726 0.062357 0.128294
 11 8.581028 -0.304903 -0.000000 0.264958 -0.011971 1.044923
 12 22.523008 2.194031 6.355708 0.000000 -0.000000 0.000000
 13 22.523005 2.194038 -6.355709 0.000000 -0.000000 0.000000
 14 -3.006533 7.804720 -11.355459 0.247771 0.273894 1.482155
 15 10.384675 0.000008 0.000005 -0.024555 0.163758 -1.924407
 16 22.550743 -0.000006 -0.000004 0.133069 0.038991 2.069360
 17 30.814247 -0.000015 -0.000004 2.180090 -0.000027 0.461828
 18 -3.013796 7.815494 11.355459 -0.301799 -0.556844 1.662318
 19 10.374533 -0.000002 0.000007 0.550980 -0.266053 -1.978384
 20 22.550726 -0.000027 -0.000013 -0.199323 0.143935 1.678366
 21 30.814270 -0.000023 0.000002 -2.628438 -0.046607 0.412337
 22 -4.250660 -0.770624 0.000001 0.000000 0.000000 -2.808429
 23 10.363422 0.000000 0.000000 -0.000000 0.141254 0.304527
 24 10.363076 0.000000 -0.000000 0.000000 0.040505 -0.001910
 25 10.363081 -0.000004 -0.000002 0.049176 -0.020212 0.119020
 26 8.210358 -0.000006 23.418053 0.000000 0.000000 -0.002140
 27 8.210346 -0.000002 7.704017 0.000000 0.000000 0.000203
 28 1.854841 1.227791 -13.762345 2.649107 0.187983 2.474547
 29 10.456543 -0.000004 0.000004 0.042979 0.041460 -1.230521
 30 24.248093 0.000001 0.000007 0.054117 0.078072 1.063253
 31 26.336971 0.000019 0.000002 0.329364 -0.193746 0.928732
 32 1.854847 1.227798 13.762341 -2.721930 -0.012833 2.501350
 33 10.456542 -0.000008 0.000004 -0.065643 0.283859 -0.584038
 34 24.248116 0.000002 -0.000004 -0.034241 -0.037992 0.907289
 35 26.336975 0.000000 0.000004 0.047984 -0.028814 0.384735
time 118
  0 0.000000 0.000000 0.000000 0.000000 -0.000000 -1.570796
  1 0.000000 0.000000 0.000000 0.000000 -0.000000 0.000000
  2 -31.614246 -3.189875 1.776892 -1.560060 -0.255137 1.678740
  3 4.222169 -0.467508 0.000000 0.007531 -0.008565 -0.081286
  4 4.476987 -0.000002 -0.000000 -0.079375 -0.037491 -0.131751
  5 4.477083 0.000000 0.000002 0.106868 -0.002856 -0.269895
  6 4.477077 -0.000004 -0.000002 -0.022884 -0.042430 -0.053526
  7 5.413502 -7.700466 -0.000000 -0.041363 -0.052876 -0.550616
  8 6.890240 0.000002 -0.000000 0.008593 -0.039824 -0.126666
  9 8.011925 0.000004 0.000005 -0.007269 -0.009010 0.360199
 10 7.210720 -0.000002 -0.000000 -0.021522 0.054519 0.107832
 11 8.581028 -0.304903 -0.000000 0.273661 -0.011988 1.048884
 12 22.523008 2.194031 6.355708 0.000000 -0.000000 0.000000
 13 22.523005 2.194038 -6.355709 0.000000 -0.000000 0.000000
 14 -3.006533 7.804720 -11.355459 0.062909 0.274883 1.487717
 15 10.384675 0.000008 0.000005 -0.024816 0.163864 -1.940791
 16 22.550743 -0.000006 -0.000004 0.133069 0.038991 2.069360
 17 30.814247 -0.000015 -0.000004 2.189263 0.001979 0.457566
 18 -3.013796 7.815494 11.355459 0.222857 -0.572501 1.680444
 19 10.374533 -0.000002 0.000007 0.010487 0.076006 -1.997113
 20 22.550726 -0.000027 -0.000013 -0.197607 0.005163 2.185706
 21 30.814270 -0.000023 0.000002 -2.628227 -0.073032 0.415879
 22 -4.250660 -0.770624 0.000001 0.000000 0.000000 -2.809965
 23 10.363422 0.000000 0.000000 -0.000000 0.141254 0.304527
 24 10.363076 0.000000 -0.000000 0.000000 0.040852 -0.001987
 25 10.363081 -0.000004 -0.000002 0.095789 -0.019750 0.122295
 26 8.210358 -0.000006 -26.126429 0.000000 0.000000 -0.001766
 27 8.210346 -0.000002 7.704017 0.000000 0.000000 0.002374
 28 1.854841 1.227791 -13.762345 2.650602 0.184405 2.468161
 29 10.456543 -0.000004 0.000004 0.043172 0.043933 -1.231867
 30 24.248093 0.000001 0.000007 0.057750 0.078072 1.063253
 31 26.336971 0.000019 0.000002 0.325275 -0.186125 0.929008
 32 1.854847 1.227798 13.762341 -2.722201 -0.015542 2.501264
 33 10.456542 -0.000008 0.000004 -0.078327 0.283052 -0.570284
 34 24.248116 0.000002 -0.000004 -0.034241 -0.037992 0.907289
 35 26.336975 0.000000 0.000004 0.047984 -0.025619 0.384226
time 119
  0 0.000000 0.000000 0.000000 0.000000 -0.000000 -1.570796
  1 0.000000 0.000000 0.000000 0.000000 -0.000000 0.000000
  2 -31.098606 -3.494572 2.901925 -1.561498 -0.256015 1.673851
  3 4.222169 -0.467508 0.000000 0.006980 -0.008936 -0.090180
  4 4.476987 -0.000002 -0.000000 -0.079519 -0.039954 -0.131751
  5 4.477083 0.000000 0.000002 0.113915 0.000229 -0.203776
  6 4.477077 -0.000004 -0.000002 -0.024550 -0.039554 -0.035851
  7 5.413502 -7.700466 -0.000000 -0.041363 -0.052876 -0.550616
  8 6.890240 0.000002 -0.000000 0.009791 -0.036112 -0.181679
  9 8.011925 0.000004 0.000005 -0.008081 -0.008036 0.364456
 10 7.210720 -0.000002 -0.000000 -0.022620 0.046662 0.085038
 11 8.581028 -0.304903 -0.000000 -0.007482 -0.012005 1.051933
 12 22.523008 2.194031 6.355708 0.000000 -0.000000 0.000000
 13 22.523005 2.194038 -6.355709 0.000000 -0.000000 0.000000
 14 -3.006533 7.804720 -11.355459 0.062963 0.274636 1.493142
 15 10.384675 0.000008 0.000005 -0.025078 0.163949 -1.960619
 16 22.550743 -0.000006 -0.000004 0.133069 0.038991 2.069360
 17 30.814247 -0.000015 -0.000004 2.201711 0.003986 0.453018
 18 -3.013796 7.815494 11.355459 -0.186278 0.049400 1.700907
 19 10.374533 -0.000002 0.000007 0.009611 -0.264459 -1.798050
 20 22.550726 -0.000027 -0.000013 -0.191765 0.005457 2.061879
 21 30.814270 -0.000023 0.000002 -2.628087 -0.099163 0.449154
 22 -4.250660 -0.770624 0.000001 0.000000 0.000000 -2.811783
 23 10.363422 0.000000 0.000000 -0.000000 0.141254 0.304527
 24 10.363076 0.000000 -0.000000 0.000000 0.042590 -0.001962
 25 10.363081 -0.000004 -0.000002 -0.002189 -0.019304 0.125625
 26 8.210358 -0.000006 -26.083458 0.000000 0.000000 -0.001325
 27 8.210346 -0.000002 7.704017 0.000000 0.000000 0.004544
 28 1.854841 1.227791 -13.762345 2.651658 0.180606 2.461592
 29 10.456543 -0.000004 0.000004 0.043364 0.046495 -1.233430
 30 24.248093 0.000001 0.000007 0.061865 0.078072 1.063253
 31 26.336971 0.000019 0.000002 0.321011 -0.177900 0.929339
 32 1.854847 1.227798 13.762341 -2.722471 -0.018525 2.501178
 33 10.456542 -0.000008 0.000004 -0.095487 0.283080 -0.557593
 34 24.248116 0.000002 -0.000004 -0.034241 -0.037992 0.907289
 35 26.336975 0.000000 0.000004 0.047984 -0.022300 0.384056
time 120
  0 0.000000 0.000000 0.000000 0.000000 -0.000000 -1.570796
  1 0.000000 0.000000 0.000000 0.000000 -0.000000 0.000000
  2 -30.614216 -3.916460 4.089461 -1.563319 -0.257092 1.669633
  3 4.222169 -0.467508 0.000000 0.006572 -0.009232 -0.098751
  4 4.476987 -0.000002 -0.000000 -0.079711 -0.042931 -0.131751
  5 4.477083 0.000000 0.000002 0.120842 0.003121 -0.118284
  6 4.477077 -0.000004 -0.000002 -0.026036 -0.036472 -0.012117
  7 5.413502 -7.700466 -0.000000 -0.041363 -0.052876 -0.550616
  8 6.890240 0.000002 -0.000000 0.010834 -0.032034 -0.194339
  9 8.011925 0.000004 0.000005 -0.008945 -0.006838 0.369725
 10 7.210720 -0.000002 -0.000000 -0.023388 0.039918 0.061277
 11 8.581028 -0.304903 -0.000000 -0.007597 0.046176 1.054071
 12 22.523008 2.194031 6.355708 0.000000 -0.000000 0.000000
 13 22.523005 2.194038 -6.355709 0.000000 -0.000000 0.000000
 14 -3.006533 7.804720 -11.355459 0.063017 0.273011 1.498362
 15 10.384675 0.000008 0.000005 -0.025265 0.164055 -1.984223
 16 22.550743 -0.000006 -0.000004 0.133069 0.038991 2.069360
 17 30.814247 -0.000015 -0.000004 2.217087 0.249533 0.448255
 18 -3.013796 7.815494 11.355459 -0.186685 -0.174280 1.647042
 19 10.374533 -0.000002 0.000007 0.007656 -0.263528 -1.906308
 20 22.550726 -0.000027 -0.000013 -0.182470 0.005457 2.057289
 21 30.814270 -0.000023 0.000002 -2.350005 -0.124658 0.505662
 22 -4.250660 -0.770624 0.000001 0.000000 0.000000 -2.813857
 23 10.363422 0.000000 0.000000 -0.000000 0.141254 0.304527
 24 10.363076 0.000000 -0.000000 0.000000 0.056252 -0.001910
 25 10.363081 -0.000004 -0.000002 0.023617 -0.017070 0.129007
 26 8.210358 -0.000006 -25.946735 0.000000 0.000000 -0.000781
 27 8.210346 -0.000002 7.704017 0.000000 0.000000 0.270154
 28 1.854841 1.227791 -13.762345 2.652185 0.176609 2.454902
 29 10.456543 -0.000004 0.000004 0.043573 0.049165 -1.235167
 30 24.248093 0.000001 0.000007 0.066462 0.078072 1.063253
 31 26.336971 0.000019 0.000002 0.316574 -0.169070 0.929671
 32 1.854847 1.227798 13.762341 -2.722808 -0.021753 2.501049
 33 10.456542 -0.000008 0.000004 -0.116310 0.283024 -0.546164
 34 24.248116 0.000002 -0.000004 -0.034241 -0.037992 0.907289
 35 26.336975 0.000000 0.000004 0.047984 -0.018887 0.384339
time 121
  0 0.000000 0.000000 0.000000 0.000000 -0.000000 -1.570796
  1 0.000000 0.000000 0.000000 0.000000 -0.000000 0.000000
  2 -30.172796 -4.057089 5.323874 -1.565428 -0.258408 1.666086
  3 4.222169 -0.467508 0.000000 0.006321 -0.009492 -0.106985
  4 4.476987 -0.000002 -0.000000 -0.079903 -0.045587 -0.131751
  5 4.477083 0.000000 0.000002 0.127722 0.005495 -0.034764
  6 4.477077 -0.000004 -0.000002 -0.027378 -0.033353 0.016739
  7 5.413502 -7.700466 -0.000000 -0.041363 -0.052876 -0.550616
  8 6.890240 0.000002 -0.000000 0.011541 -0.027486 -0.206766
  9 8.011925 0.000004 0.000005 -0.009862 -0.005352 0.375929
 10 7.210720 -0.000002 -0.000000 -0.023800 0.033244 0.022178
 11 8.581028 -0.304903 -0.000000 -0.007734 -0.011988 1.055053
 12 22.523008 2.194031 6.355708 0.000000 -0.000000 0.000000
 13 22.523005 2.194038 -6.355709 0.000000 -0.000000 0.000000
 14 -3.006533 7.804720 -11.355459 0.063180 0.269902 1.503237
 15 10.384675 0.000008 0.000005 0.193315 0.350230 -2.011827
 16 22.550743 -0.000006 -0.000004 0.133069 0.038991 2.069360
 17 30.814247 -0.000015 -0.000004 2.235039 -0.010058 0.817296
 18 -3.013796 7.815494 11.355459 -0.188467 -0.174467 1.540679
 19 10.374533 -0.000002 0.000007 0.004757 -0.261302 -1.917673
 20 22.550726 -0.000027 -0.000013 -0.170398 0.005123 2.057289
 21 30.814270 -0.000023 0.000002 -2.569503 -0.149321 0.563313
 22 -4.250660 -0.770624 0.000001 0.000000 0.000000 -2.816187
 23 10.363422 0.000000 0.000000 -0.000000 0.141254 0.304527
 24 10.363076 0.000000 -0.000000 0.000000 0.070994 -0.001703
 25 10.363081 -0.000004 -0.000002 -0.001019 0.000524 0.132417
 26 8.210358 -0.000006 -25.724072 0.000000 0.000000 -0.000068
 27 8.210346 -0.000002 7.704017 0.000000 0.000000 0.012580
 28 1.854841 1.227791 -13.762345 2.652010 0.172390 2.448212
 29 10.456543 -0.000004 0.000004 0.043783 0.051887 -1.237077
 30 24.248093 0.000001 0.000007 0.071541 0.078072 1.063253
 31 26.336971 0.000019 0.000002 0.312006 -0.159663 0.930002
 32 1.854847 1.227798 13.762341 -2.723146 -0.025338 2.500962
 33 10.456542 -0.000008 0.000004 -0.139914 0.282941 -0.536351
 34 24.248116 0.000002 -0.000004 -0.034241 -0.037992 0.907289
 35 26.336975 0.000000 0.000004 0.047984 -0.015382 0.384961
time 122
  0 0.000000 0.000000 0.000000 0.000000 -0.000000 -1.570796
  1 0.000000 0.000000 0.000000 0.000000 -0.000000 0.000000
  2 -29.786066 -4.393036 6.679384 -1.567921 -0.260004 1.663306
  3 4.222169 -0.467508 0.000000 0.006273 -0.009677 -0.114744
  4 4.476987 -0.000002 -0.000000 -0.080082 -0.047986 -0.131751
  5 4.477083 0.000000 0.000002 0.134565 0.007353 0.027902
  6 4.477077 -0.000004 -0.000002 -0.028564 -0.030177 0.046125
  7 5.413502 -7.700466 -0.000000 -0.041363 -0.052876 -0.550616
  8 6.890240 0.000002 -0.000000 0.011769 -0.022493 -0.217494
  9 8.011925 0.000004 0.000005 -0.010818 -0.003483 0.382937
 10 7.210720 -0.000002 -0.000000 -0.023883 0.026518 -0.018182
 11 8.581028 -0.304903 -0.000000 -0.007872 -0.011971 1.054807
 12 22.523008 2.194031 6.355708 0.000000 -0.000000 0.000000
 13 22.523005 2.194038 -6.355709 0.000000 -0.000000 0.000000
 14 -3.006533 7.804720 -11.355459 0.063343 0.265132 1.507701
 15 10.384675 0.000008 0.000005 -0.038337 0.129430 -1.778061
 16 22.550743 -0.000006 -0.000004 0.133069 0.038991 2.069360
 17 30.814247 -0.000015 -0.000004 2.255306 -0.010340 0.529512
 18 -3.013796 7.815494 11.355459 -0.191624 -0.175251 1.529507
 19 10.374533 -0.000002 0.000007 0.000915 -0.257980 -1.913962
 20 22.550726 -0.000027 -0.000013 -0.156242 0.004378 2.057661
 21 30.814270 -0.000023 0.000002 -2.348952 -0.172932 0.618426
 22 -4.250660 -0.770624 0.000001 0.000000 0.000000 -2.818748
 23 10.363422 0.000000 0.000000 -0.000000 0.141254 0.304527
 24 10.363076 0.000000 -0.000000 0.000000 0.083865 -0.001368
 25 10.363081 -0.000004 -0.000002 -0.001930 0.019520 0.135853
 26 8.210358 -0.000006 -25.419374 0.000000 0.000000 0.000713
 27 8.210346 -0.000002 7.704017 0.000000 0.000000 0.012106
 28 1.854841 1.227791 -13.762345 2.651086 0.167949 2.441461
 29 10.456543 -0.000004 0.000004 0.043993 0.054663 -1.239205
 30 24.248093 0.000001 0.000007 0.077139 0.078072 1.063253
 31 26.336971 0.000019 0.000002 0.307308 -0.149703 0.930333
 32 1.854847 1.227798 13.762341 -2.723517 -0.029223 2.500833
 33 10.456542 -0.000008 0.000004 -0.165417 0.282885 -0.528705
 34 24.248116 0.000002 -0.000004 -0.034241 -0.037992 0.907289
 35 26.336975 0.000000 0.000004 0.047984 -0.011815 0.385921
time 123
  0 0.000000 0.000000 0.000000 0.000000 -0.000000 -1.570796
  1 0.000000 0.000000 0.000000 0.000000 -0.000000 0.000000
  2 -29.461836 -4.705546 7.984112 -1.570988 -0.261878 1.661293
  3 4.222169 -0.467508 0.000000 0.006441 -0.009807 -0.121951
  4 4.476987 -0.000002 -0.000000 -0.080214 -0.050106 -0.131751
  5 4.477083 0.000000 0.000002 0.141396 0.008968 0.067669
  6 4.477077 -0.000004 -0.000002 -0.029607 -0.027001 0.075901
  7 5.413502 -7.700466 -0.000000 -0.041363 -0.052876 -0.550616
  8 6.890240 0.000002 -0.000000 0.011373 -0.017082 -0.226454
  9 8.011925 0.000004 0.000005 -0.011840 -0.001198 0.390646
 10 7.210720 -0.000002 -0.000000 -0.023388 0.019615 -0.058167
 11 8.581028 -0.304903 -0.000000 -0.008010 -0.011954 1.053195
 12 22.523008 2.194031 6.355708 0.000000 -0.000000 0.000000
 13 22.523005 2.194038 -6.355709 0.000000 -0.000000 0.000000
 14 -3.006533 7.804720 -11.355459 0.063505 0.258596 1.511547
 15 10.384675 0.000008 0.000005 -0.038375 0.130002 -1.881531
 16 22.550743 -0.000006 -0.000004 0.133069 0.038991 2.069360
 17 30.814247 -0.000015 -0.000004 2.277670 -0.010810 0.529226
 18 -3.013796 7.815494 11.355459 -0.196053 -0.176559 1.533155
 19 10.374533 -0.000002 0.000007 -0.003736 -0.253694 -1.910251
 20 22.550726 -0.000027 -0.000013 -0.140656 0.003160 2.551539
 21 30.814270 -0.000023 0.000002 3.112895 -0.032441 0.665702
 22 -4.250660 -0.770624 0.000001 0.000000 0.000000 -2.821539
 23 10.363422 0.000000 0.000000 -0.000000 0.141254 0.304527
 24 10.363076 0.000000 -0.000000 0.000000 0.087736 -0.000903
 25 10.363081 -0.000004 -0.000002 -0.001930 0.036096 0.139263
 26 8.210358 -0.000006 -25.028738 0.000000 0.000000 0.001665
 27 8.210346 -0.000002 7.704017 0.000000 0.000000 0.011427
 28 1.854841 1.227791 -13.762345 2.649283 0.163335 2.434771
 29 10.456543 -0.000004 0.000004 0.044202 0.057457 -1.241463
 30 24.248093 0.000001 0.000007 0.083256 0.078072 1.063253
 31 26.336971 0.000019 0.000002 0.302522 -0.139192 0.930775
 32 1.854847 1.227798 13.762341 -2.723922 -0.033464 2.500704
 33 10.456542 -0.000008 0.000004 -0.192277 0.282802 -0.523818
 34 24.248116 0.000002 -0.000004 -0.034241 -0.037992 0.907289
 35 26.336975 0.000000 0.000004 0.047984 -0.008216 0.387221
time 124
  0 0.000000 0.000000 0.000000 0.000000 -0.000000 -1.570796
  1 0.000000 0.000000 0.000000 0.000000 -0.000000 0.000000
  2 -29.211828 -5.025868 8.566160 -1.575781 -0.264471 1.660334
  3 4.222169 -0.467508 0.000000 0.006836 -0.009863 -0.128498
  4 4.476987 -0.000002 -0.000000 -0.080286 -0.051969 -0.131751
  5 4.477083 0.000000 0.000002 0.147963 0.010261 0.099106
  6 4.477077 -0.000004 -0.000002 -0.030506 -0.023825 0.105817
  7 5.413502 -7.700466 -0.000000 -0.041363 -0.052876 -0.550616
  8 6.890240 0.000002 -0.000000 0.010199 -0.011292 -0.233644
  9 8.011925 0.000004 0.000005 -0.012874 0.001630 0.398900
 10 7.210720 -0.000002 -0.000000 -0.020451 0.013312 -0.098473
 11 8.581028 -0.304903 -0.000000 -0.008171 -0.011903 1.050110
 12 22.523008 2.194031 6.355708 0.000000 -0.000000 0.000000
 13 22.523005 2.194038 -6.355709 0.000000 -0.000000 0.000000
 14 -3.006533 7.804720 -11.355459 0.063723 0.250223 1.514843
 15 10.384675 0.000008 0.000005 -0.038375 0.131233 -1.892417
 16 22.550743 -0.000006 -0.000004 0.133069 0.038991 2.069360
 17 30.814247 -0.000015 -0.000004 2.301868 -0.011437 0.527972
 18 -3.013796 7.815494 11.355459 -0.201806 -0.178353 1.536803
 19 10.374533 -0.000002 0.000007 -0.009062 -0.248578 -1.456052
 20 22.550726 -0.000027 -0.000013 -0.124355 0.001433 1.170654
 21 30.814270 -0.000023 0.000002 3.120543 -0.081229 0.688796
 22 -4.250660 -0.770624 0.000001 0.000000 0.000000 -2.824561
 23 10.363422 0.000000 0.000000 -0.000000 0.141254 0.304527
 24 10.363076 0.000000 -0.000000 0.000000 0.090025 -0.000284
 25 10.363081 -0.000004 -0.000002 -0.001856 0.041073 0.142673
 26 8.210358 -0.000006 -24.563881 0.000000 0.000000 0.002786
 27 8.210346 -0.000002 7.704017 0.000000 0.000000 0.010580
 28 1.854841 1.227791 -13.762345 2.646513 0.158623 2.428141
 29 10.456543 -0.000004 0.000004 0.044395 0.060251 -1.243851
 30 24.248093 0.000001 0.000007 0.089892 0.078072 1.063253
 31 26.336971 0.000019 0.000002 0.297737 -0.128181 0.931217
 32 1.854847 1.227798 13.762341 -2.724328 -0.038089 2.500532
 33 10.456542 -0.000008 0.000004 -0.219578 0.282718 -0.522163
 34 24.248116 0.000002 -0.000004 -0.034241 -0.037992 0.907289
 35 26.336975 0.000000 0.000004 0.047984 -0.004556 0.388804
time 125
  0 0.000000 0.000000 0.000000 0.000000 -0.000000 -1.570796
  1 0.000000 0.000000 0.000000 0.000000 -0.000000 0.000000
  2 -29.028229 -5.357910 9.105240 -1.570797 -0.159522 1.590161
  3 4.222169 -0.467508 0.000000 0.007507 -0.009825 -0.134310
  4 4.476987 -0.000002 -0.000000 0.033723 -0.053576 -0.131751
  5 4.477083 0.000000 0.000002 0.085931 0.011198 0.123739
  6 4.477077 -0.000004 -0.000002 -0.031309 -0.020668 0.135608
  7 5.413502 -7.700466 -0.000000 -0.041363 -0.052876 -0.550616
  8 6.890240 0.000002 -0.000000 0.008102 -0.005084 -0.239020
  9 8.011925 0.000004 0.000005 -0.014223 0.005016 0.407726
 10 7.210720 -0.000002 -0.000000 -0.015043 0.012800 -0.135830
 11 8.581028 -0.304903 -0.000000 -0.008332 -0.011852 1.045379
 12 22.523008 2.194031 6.355708 0.000000 -0.000000 0.000000
 13 22.523005 2.194038 -6.355709 0.000000 -0.000000 0.000000
 14 -3.006533 7.804720 -11.355459 0.063994 0.239800 1.517384
 15 10.384675 0.000008 0.000005 -0.038450 0.133079 -1.888862
 16 22.550743 -0.000006 -0.000004 0.133069 0.038991 2.069360
 17 30.814247 -0.000015 -0.000004 2.328075 -0.012252 0.525752
 18 -3.013796 7.815494 11.355459 -0.208781 -0.180483 1.983287
 19 10.374533 -0.000002 0.000007 -0.014994 -0.242764 -1.917673
 20 22.550726 -0.000027 -0.000013 -0.107973 -0.000864 1.169910
 21 30.814270 -0.000023 0.000002 3.141345 -0.083137 0.670527
 22 -4.250660 -0.770624 0.000001 0.000000 0.000000 -2.827761
 23 10.363422 0.000000 0.000000 -0.000000 0.141254 0.304527
 24 10.363076 0.000000 -0.000000 0.000000 0.135399 0.000490
 25 10.363081 -0.000004 -0.000002 0.096158 0.044015 0.146055
 26 8.210358 -0.000006 -24.024801 0.000000 0.000000 0.004042
 27 8.210346 -0.000002 7.704017 0.000000 0.000000 0.009528
 28 1.854841 1.227791 -13.762345 2.642643 0.153861 2.421755
 29 10.456543 -0.000004 0.000004 0.044604 0.063009 -1.246369
 30 24.248093 0.000001 0.000007 0.097084 0.078072 1.063253
 31 26.336971 0.000019 0.000002 0.292908 -0.116750 0.931659
 32 1.854847 1.227798 13.762341 -2.724800 -0.043123 2.500316
 33 10.456542 -0.000008 0.000004 -0.246505 0.282634 -0.522478
 34 24.248116 0.000002 -0.000004 -0.034241 -0.037992 0.907289
 35 26.336975 0.000000 0.000004 0.047984 -0.000926 0.390612
time 126
  0 0.000000 0.000000 0.000000 0.000000 -0.000000 -1.570796
  1 0.000000 0.000000 0.000000 0.000000 -0.000000 0.000000
  2 -28.903225 -5.701670 9.628693 -1.570701 -0.159721 1.571372
  3 4.222169 -0.467508 0.000000 0.008454 -0.009696 -0.139293
  4 4.476987 -0.000002 -0.000000 0.011516 -0.055011 -0.131751
  5 4.477083 0.000000 0.000002 -0.121270 0.012765 0.142355
  6 4.477077 -0.000004 -0.000002 -0.032364 -0.017661 0.164978
  7 5.413502 -7.700466 -0.000000 -0.041363 -0.052876 -0.550616
  8 6.890240 0.000002 -0.000000 0.004926 0.001477 -0.242604
  9 8.011925 0.000004 0.000005 -0.018990 0.009505 0.417044
 10 7.210720 -0.000002 -0.000000 0.218704 0.013082 -0.149399
 11 8.581028 -0.304903 -0.000000 -0.008492 -0.011800 1.038894
 12 22.523008 2.194031 6.355708 0.000000 -0.000000 0.000000
 13 22.523005 2.194038 -6.355709 0.000000 -0.000000 0.000000
 14 -3.006533 7.804720 -11.355459 0.064211 0.227187 1.518895
 15 10.384675 0.000008 0.000005 -0.038487 0.135455 -1.885308
 16 22.550743 -0.000006 -0.000004 0.133069 0.038991 2.069360
 17 30.814247 -0.000015 -0.000004 2.355942 -0.013224 0.522636
 18 -3.013796 7.815494 11.355459 -0.216978 -0.182949 1.537544
 19 10.374533 -0.000002 0.000007 -0.021398 -0.236419 -1.919065
 20 22.550726 -0.000027 -0.000013 -0.092305 -0.003730 1.174997
 21 30.814270 -0.000023 0.000002 -3.109426 -0.082990 0.653067
 22 -4.250660 -0.770624 0.000001 0.000000 0.000000 -2.831192
 23 10.363422 0.000000 0.000000 -0.000000 0.141254 0.304527
 24 10.363076 0.000000 -0.000000 0.000000 0.040025 0.001239
 25 10.363081 -0.000004 -0.000002 -0.001782 0.011940 0.149384
 26 8.210358 -0.000006 -23.415409 0.000000 0.000000 0.005469
 27 8.210346 -0.000002 7.704017 0.000000 0.000000 0.008308
 28 1.854841 1.227791 -13.762345 2.637542 0.149124 2.415612
 29 10.456543 -0.000004 0.000004 0.044796 0.065696 -1.249018
 30 24.248093 0.000001 0.000007 0.104869 0.078072 1.063253
 31 26.336971 0.000019 0.000002 0.288123 -0.104741 0.932211
 32 1.854847 1.227798 13.762341 -2.725307 -0.048623 2.500101
 33 10.456542 -0.000008 0.000004 -0.272382 0.282551 -0.522715
 34 24.248116 0.000002 -0.000004 -0.034241 -0.037992 0.907289
 35 26.336975 0.000000 0.000004 -0.304601 -0.138165 0.966404
time 127
  0 0.000000 0.000000 0.000000 0.000000 -0.000000 -1.570796
  1 0.000000 0.000000 0.000000 0.000000 -0.000000 0.000000
  2 -28.829004 -6.049337 10.136520 -1.570221 -0.160319 1.577507
  3 4.222169 -0.467508 0.000000 0.009652 -0.009418 -0.143357
  4 4.476987 -0.000002 -0.000000 0.009167 -0.056895 -0.131751
  5 4.477083 0.000000 0.000002 -0.118262 0.014073 0.140814
  6 4.477077 -0.000004 -0.000002 -0.033634 -0.015782 0.193243
  7 5.413502 -7.700466 -0.000000 -0.041363 -0.052876 -0.550616
  8 6.890240 0.000002 -0.000000 -0.000695 0.008430 -0.244349
  9 8.011925 0.000004 0.000005 0.104342 0.019714 0.425246
 10 7.210720 -0.000002 -0.000000 0.252139 0.140657 -0.159080
 11 8.581028 -0.304903 -0.000000 -0.008653 -0.011732 1.030588
 12 22.523008 2.194031 6.355708 0.000000 -0.000000 0.000000
 13 22.523005 2.194038 -6.355709 0.000000 -0.000000 0.000000
 14 -3.006533 7.804720 -11.355459 0.064482 0.212172 1.519444
 15 10.384675 0.000008 0.000005 -0.038562 0.138277 -1.450268
 16 22.550743 -0.000006 -0.000004 0.133069 0.038991 2.069360
 17 30.814247 -0.000015 -0.000004 2.385426 -0.014353 0.518590
 18 -3.013796 7.815494 11.355459 -0.226295 -0.185639 1.537544
 19 10.374533 -0.000002 0.000007 -0.028139 -0.229741 -1.923414
 20 22.550726 -0.000027 -0.000013 -0.077741 -0.007146 1.185109
 21 30.814270 -0.000023 0.000002 -3.067013 -0.082892 0.635356
 22 -4.250660 -0.770624 0.000001 0.000000 0.000000 -2.834803
 23 10.363422 0.000000 0.000000 -0.000000 0.141254 0.304527
 24 10.363076 0.000000 -0.000000 0.000000 0.065145 0.004981
 25 10.363081 -0.000004 -0.000002 -0.001782 -0.016931 0.152660
 26 8.210358 -0.000006 -22.739605 0.000000 0.000000 0.007066
 27 8.210346 -0.000002 7.704017 0.000000 0.000000 0.006951
 28 1.854841 1.227791 -13.762345 2.784546 0.144436 2.409713
 29 10.456543 -0.000004 0.000004 0.044971 0.068329 -1.251753
 30 24.248093 0.000001 0.000007 0.113247 0.078072 1.063253
 31 26.336971 0.000019 0.000002 0.283381 -0.092337 0.932819
 32 1.854847 1.227798 13.762341 -2.725814 -0.054561 2.499842
 33 10.456542 -0.000008 0.000004 -0.296393 0.282468 -0.522951
 34 24.248116 0.000002 -0.000004 -0.034241 -0.037992 0.907289
 35 26.336975 0.000000 0.000004 -0.306745 -0.159105 0.970530
time 128
  0 0.000000 0.000000 0.000000 0.000000 -0.000000 -1.570796
  1 0.000000 0.000000 0.000000 0.000000 -0.000000 0.000000
  2 -28.797754 -6.400910 10.636536 -1.569551 -0.161317 1.577507
  3 4.222169 -0.467508 0.000000 0.010791 -0.008769 -0.146515
  4 4.476987 -0.000002 -0.000000 0.009934 -0.056895 -0.131751
  5 4.477083 0.000000 0.000002 -0.112102 0.015123 0.139391
  6 4.477077 -0.000004 -0.000002 -0.034617 -0.016383 0.216198
  7 5.413502 -7.700466 -0.000000 -0.041363 -0.052876 -0.550616
  8 6.890240 0.000002 -0.000000 0.095481 0.015815 -0.244256
  9 8.011925 0.000004 0.000005 -0.032100 0.127277 0.419925
 10 7.210720 -0.000002 -0.000000 0.249449 -0.232993 0.055297
 11 8.581028 -0.304903 -0.000000 -0.008814 -0.011647 1.020248
 12 22.523008 2.194031 6.355708 0.000000 -0.000000 0.000000
 13 22.523005 2.194038 -6.355709 0.000000 -0.000000 0.000000
 14 -3.006533 7.804720 -11.355459 0.540611 0.194613 1.518689
 15 10.384675 0.000008 0.000005 -0.038636 0.141481 -1.958564
 16 22.550743 -0.000006 -0.000004 0.133069 0.038991 2.069360
 17 30.814247 -0.000015 -0.000004 2.416351 -0.015575 0.513683
 18 -3.013796 7.815494 11.355459 -0.236682 -0.188479 1.537145
 19 10.374533 -0.000002 0.000007 -0.035217 -0.222831 -1.930024
 20 22.550726 -0.000027 -0.000013 -0.064545 -0.011190 1.199626
 21 30.814270 -0.000023 0.000002 -3.016077 0.111059 0.617813
 22 -4.250660 -0.770624 0.000001 0.000000 0.000000 -2.838567
 23 10.363422 0.000000 0.000000 -0.000000 0.141254 0.304527
 24 10.363076 0.000000 -0.000000 0.000000 0.041164 0.034456
 25 10.363081 -0.000004 -0.000002 -0.001696 -0.019951 0.155881
 26 8.210358 -0.000006 -21.997395 0.000000 0.000000 0.008866
 27 8.210346 -0.000002 7.704017 0.000000 0.000000 0.005459
 28 1.854841 1.227791 -13.762345 2.701963 0.139921 2.404117
 29 10.456543 -0.000004 0.000004 0.045146 0.070856 -1.254575
 30 24.248093 0.000001 0.000007 0.113247 0.078072 1.063253
 31 26.336971 0.000019 0.000002 0.278813 -0.079592 0.933481
 32 1.854847 1.227798 13.762341 -2.726387 -0.061018 2.499583
 33 10.456542 -0.000008 0.000004 -0.046007 0.282384 -0.523227
 34 24.248116 0.000002 -0.000004 -0.034241 -0.037992 0.907289
 35 26.336975 0.000000 0.000004 -0.309918 -0.178742 0.976521
time 129
  0 0.000000 0.000000 0.000000 0.000000 -0.000000 -1.570796
  1 0.000000 0.000000 0.000000 0.000000 -0.000000 0.000000
  2 -28.805567 -6.756390 11.124832 -1.568592 -0.162593 1.577507
  3 4.222169 -0.467508 0.000000 0.011522 -0.007490 -0.148800
  4 4.476987 -0.000002 -0.000000 0.010701 -0.056895 -0.131751
  5 4.477083 0.000000 0.000002 -0.103905 0.016011 0.138902
  6 4.477077 -0.000004 -0.000002 -0.035659 -0.019672 0.228096
  7 5.413502 -7.700466 -0.000000 -0.041363 -0.052876 -0.550616
  8 6.890240 0.000002 -0.000000 -0.078068 0.104128 -0.241091
  9 8.011925 0.000004 0.000005 -0.031969 -0.181833 0.053444
 10 7.210720 -0.000002 -0.000000 0.246045 -0.243550 0.005417
 11 8.581028 -0.304903 -0.000000 -0.008975 -0.011579 1.007735
 12 22.523008 2.194031 6.355708 0.000000 -0.000000 0.000000
 13 22.523005 2.194038 -6.355709 0.000000 -0.000000 0.000000
 14 -3.006533 7.804720 -11.355459 -0.024070 0.343318 1.516560
 15 10.384675 0.000008 0.000005 -0.038711 0.144981 -1.957620
 16 22.550743 -0.000006 -0.000004 0.133069 0.038991 2.069360
 17 30.814247 -0.000015 -0.000004 2.448630 -0.016955 0.507918
 18 -3.013796 7.815494 11.355459 -0.248239 -0.191394 1.536347
 19 10.374533 -0.000002 0.000007 -0.042497 -0.215821 -1.938374
 20 22.550726 -0.000027 -0.000013 -0.052820 -0.015744 1.217740
 21 30.814270 -0.000023 0.000002 -2.958229 -0.165347 0.600799
 22 -4.250660 -0.770624 0.000001 0.000000 0.000000 -2.842536
 23 10.363422 0.000000 0.000000 -0.000000 0.141254 0.304527
 24 10.363076 0.000000 -0.000000 0.000000 0.040277 0.066280
 25 10.363081 -0.000004 -0.000002 -0.001659 -0.018965 0.159023
 26 8.210358 -0.000006 -21.192684 0.000000 0.000000 0.010802
 27 8.210346 -0.000002 7.704017 0.000000 0.000000 0.003798
 28 1.854841 1.227791 -13.762345 2.693345 0.135554 2.398947
 29 10.456543 -0.000004 0.000004 0.045303 0.073258 -1.257484
 30 24.248093 0.000001 0.000007 0.113247 0.078072 1.063253
 31 26.336971 0.000019 0.000002 0.274419 -0.066663 0.934199
 32 1.854847 1.227798 13.762341 -2.726995 -0.067968 2.499239
 33 10.456542 -0.000008 0.000004 -0.352486 0.282273 -0.523463
 34 24.248116 0.000002 -0.000004 -0.034241 -0.037992 0.907289
 35 26.336975 0.000000 0.000004 -0.313949 -0.197013 0.984263
time 130
  0 0.000000 0.000000 0.000000 0.000000 -0.000000 -1.570796
  1 0.000000 0.000000 0.000000 0.000000 -0.000000 0.000000
  2 -28.836817 -7.127495 11.624847 -1.567537 -0.164189 1.577507
  3 4.222169 -0.467508 0.000000 0.011462 -0.005265 -0.150226
  4 4.476987 -0.000002 -0.000000 0.104576 -0.056895 -0.131751
  5 4.477083 0.000000 0.000002 -0.095983 0.016803 0.139213
  6 4.477077 -0.000004 -0.000002 0.086787 -0.025667 0.232331
  7 5.413502 -7.700466 -0.000000 -0.041363 -0.052876 -0.550616
  8 6.890240 0.000002 -0.000000 -0.077385 -0.087542 0.047892
  9 8.011925 0.000004 0.000005 -0.031550 -0.189006 0.005243
 10 7.210720 -0.000002 -0.000000 0.241845 -0.252219 0.000161
 11 8.581028 -0.304903 -0.000000 -0.009089 -0.011493 0.992839
 12 22.523008 2.194031 6.355708 0.000000 -0.000000 0.000000
 13 22.523005 2.194038 -6.355709 0.000000 -0.000000 0.000000
 14 -3.006533 7.804720 -11.355459 -0.022605 0.277498 1.512920
 15 10.384675 0.000008 0.000005 -0.038823 0.148715 -1.956121
 16 22.550743 -0.000006 -0.000004 0.133069 0.038991 2.069360
 17 30.814247 -0.000015 -0.000004 2.482131 -0.018459 0.507918
 18 -3.013796 7.815494 11.355459 -0.260763 -0.194346 1.535264
 19 10.374533 -0.000002 0.000007 -0.049912 -0.208910 -1.948058
 20 22.550726 -0.000027 -0.000013 -0.042647 -0.020809 1.238771
 21 30.814270 -0.000023 0.000002 -2.895014 0.111793 0.584650
 22 -4.250660 -0.770624 0.000001 0.000000 0.000000 -2.846633
 23 10.363422 0.000000 0.000000 -0.000000 0.141254 0.304527
 24 10.363076 0.000000 -0.000000 0.000000 0.040277 0.094051
 25 10.363081 -0.000004 -0.000002 -0.001671 -0.017979 0.162110
 26 8.210358 -0.000006 -20.329376 0.000000 0.000000 0.012943
 27 8.210346 -0.000002 7.704017 0.000000 0.000000 0.002035
 28 1.854841 1.227791 -13.762345 2.696159 0.131434 2.394021
 29 10.456543 -0.000004 0.000004 0.045460 0.075518 -1.260437
 30 24.248093 0.000001 0.000007 0.113247 0.078072 1.063253
 31 26.336971 0.000019 0.000002 0.270199 -0.053734 0.935028
 32 1.854847 1.227798 13.762341 -2.727603 -0.075465 2.498851
 33 10.456542 -0.000008 0.000004 -0.351571 0.282189 -0.523739
 34 24.248116 0.000002 -0.000004 -0.034241 -0.037992 0.907289
 35 26.336975 0.000000 0.000004 -0.318752 -0.213858 0.993475
time 131
  0 0.000000 0.000000 0.000000 0.000000 -0.000000 -1.570796
  1 0.000000 0.000000 0.000000 0.000000 -0.000000 0.000000
  2 -28.883694 -7.576727 12.269399 -1.566291 -0.166063 1.577507
  3 4.222169 -0.467508 0.000000 0.010252 -0.001854 -0.150824
  4 4.476987 -0.000002 -0.000000 0.008879 -0.056895 -0.131751
  5 4.477083 0.000000 0.000002 -0.088912 0.017594 0.140310
  6 4.477077 -0.000004 -0.000002 -0.069815 0.135121 0.233733
  7 5.413502 -7.700466 -0.000000 -0.041363 -0.052876 -0.550616
  8 6.890240 0.000002 -0.000000 -0.076246 -0.073610 0.004701
  9 8.011925 0.000004 0.000005 -0.030856 -0.206148 0.000156
 10 7.210720 -0.000002 -0.000000 0.236849 -0.258999 0.001877
 11 8.581028 -0.304903 -0.000000 0.125293 0.138314 0.975419
 12 22.523008 2.194031 6.355708 0.000000 -0.000000 0.000000
 13 22.523005 2.194038 -6.355709 0.000000 -0.000000 0.000000
 14 -3.006533 7.804720 -11.355459 -0.019458 0.270573 1.507770
 15 10.384675 0.000008 0.000005 -0.038898 0.152577 -1.954066
 16 22.550743 -0.000006 -0.000004 0.133069 0.038991 2.069360
 17 30.814247 -0.000015 -0.000004 2.516638 -0.020027 0.507918
 18 -3.013796 7.815494 11.355459 -0.274357 -0.197260 1.533896
 19 10.374533 -0.000002 0.000007 -0.057260 -0.202200 -1.958437
 20 22.550726 -0.000027 -0.000013 -0.034129 -0.026365 1.261911
 21 30.814270 -0.000023 0.000002 -2.828116 0.089993 0.590842
 22 -4.250660 -0.770624 0.000001 0.000000 0.000000 -2.850883
 23 10.363422 0.000000 0.000000 -0.000000 0.141254 0.304527
 24 10.363076 0.000000 -0.000000 0.000000 0.040349 0.102388
 25 10.363081 -0.000004 -0.000002 -0.001708 0.102697 0.165063
 26 8.210358 -0.000006 -19.411381 0.000000 0.000000 0.015286
 27 8.210346 -0.000002 7.704017 0.000000 0.000000 0.000170
 28 1.854841 1.227791 -13.762345 2.698973 0.127659 2.389398
 29 10.456543 -0.000004 0.000004 0.045600 0.077600 -1.263433
 30 24.248093 0.000001 0.000007 0.113247 0.078072 1.063253
 31 26.336971 0.000019 0.000002 0.266197 -0.040884 0.935911
 32 1.854847 1.227798 13.762341 -2.728244 -0.083537 2.498464
 33 10.456542 -0.000008 0.000004 -0.350655 0.282078 -0.524015
 34 24.248116 0.000002 -0.000004 -0.034241 -0.037992 0.907289
 35 26.336975 0.000000 0.000004 -0.324155 -0.229214 1.003818
time 132
  0 0.000000 0.000000 0.000000 0.000000 -0.000000 -1.570796
  1 0.000000 0.000000 0.000000 0.000000 -0.000000 0.000000
  2 -28.946196 -8.119713 12.867073 -1.564949 -0.168217 1.577507
  3 4.222169 -0.467508 0.000000 0.007543 0.003021 -0.150610
  4 4.476987 -0.000002 -0.000000 0.008723 -0.056895 -0.131751
  5 4.477083 0.000000 0.000002 -0.083159 0.018434 0.142089
  6 4.477077 -0.000004 -0.000002 -0.069732 0.359409 0.024152
  7 5.413502 -7.700466 -0.000000 -0.041363 -0.052876 -0.550616
  8 6.890240 0.000002 -0.000000 -0.074197 -0.054410 0.000140
  9 8.011925 0.000004 0.000005 -0.029887 -0.226613 0.001817
 10 7.210720 -0.000002 -0.000000 0.230947 -0.263907 0.003593
 11 8.581028 -0.304903 -0.000000 -0.017127 -0.039355 1.122944
 12 22.523008 2.194031 6.355708 0.000000 -0.000000 0.000000
 13 22.523005 2.194038 -6.355709 0.000000 -0.000000 0.000000
 14 -3.006533 7.804720 -11.355459 -0.014737 0.272834 1.501383
 15 10.384675 0.000008 0.000005 -0.038972 0.156544 -1.951566
 16 22.550743 -0.000006 -0.000004 0.133069 0.038991 2.069360
 17 30.814247 -0.000015 -0.000004 2.552062 -0.021751 0.507918
 18 -3.013796 7.815494 11.355459 -0.288867 -0.199988 1.532300
 19 10.374533 -0.000002 0.000007 -0.064608 -0.195854 -1.969164
 20 22.550726 -0.000027 -0.000013 -0.027306 -0.032352 1.286477
 21 30.814270 -0.000023 0.000002 -2.759674 0.081650 0.535310
 22 -4.250660 -0.770624 0.000001 0.000000 0.000000 -2.855262
 23 10.363422 0.000000 0.000000 -0.000000 0.141254 0.304527
 24 10.363076 0.000000 -0.000000 -0.000000 0.135758 0.107317
 25 10.363081 -0.000004 -0.000002 -0.001782 -0.024726 0.309904
 26 8.210358 -0.000006 -18.442600 0.000000 0.000000 0.017834
 27 8.210346 -0.000002 7.704017 0.000000 0.000000 -0.001797
 28 1.854841 1.227791 -13.762345 3.043418 0.124181 2.385080
 29 10.456543 -0.000004 0.000004 0.045722 0.079487 -1.266429
 30 24.248093 0.000001 0.000007 0.113247 0.078072 1.063253
 31 26.336971 0.000019 0.000002 0.262499 -0.028296 0.936850
 32 1.854847 1.227798 13.762341 -2.728953 -0.092129 2.497990
 33 10.456542 -0.000008 0.000004 0.206991 0.281994 -0.524330
 34 24.248116 0.000002 -0.000004 -0.034241 -0.037992 0.907289
 35 26.336975 0.000000 0.000004 -0.330030 -0.243205 1.015065
time 133
  0 0.000000 0.000000 0.000000 0.000000 -0.000000 -1.570796
  1 0.000000 0.000000 0.000000 0.000000 -0.000000 0.000000
  2 -29.008698 -8.604103 13.507717 -1.563415 -0.170571 1.706349
  3 4.222169 -0.467508 0.000000 0.009113 0.238896 -0.169409
  4 4.476987 -0.000002 -0.000000 0.009047 -0.056895 -0.131751
  5 4.477083 0.000000 0.000002 -0.078342 0.019420 0.144519
  6 4.477077 -0.000004 -0.000002 -0.067454 0.342533 -0.004720
  7 5.413502 -7.700466 -0.000000 -0.041363 -0.052876 -0.550616
  8 6.890240 0.000002 -0.000000 -0.071248 -0.028166 0.001629
  9 8.011925 0.000004 0.000005 -0.028643 -0.243723 0.003478
 10 7.210720 -0.000002 -0.000000 0.224139 -0.266943 0.213653
 11 8.581028 -0.304903 -0.000000 -0.017150 -0.038894 1.057646
 12 22.523008 2.194031 6.355708 0.000000 -0.000000 0.000000
 13 22.523005 2.194038 -6.355709 0.000000 -0.000000 0.000000
 14 -3.006533 7.804720 -11.355459 -0.008660 0.275095 1.494447
 15 10.384675 0.000008 0.000005 -0.039085 0.160512 -1.948623
 16 22.550743 -0.000006 -0.000004 0.133069 0.038991 2.069360
 17 30.814247 -0.000015 -0.000004 2.588097 -0.023538 0.507918
 18 -3.013796 7.815494 11.355459 -0.304294 -0.202529 1.530476
 19 10.374533 -0.000002 0.000007 -0.071821 -0.190073 -1.979659
 20 22.550726 -0.000027 -0.000013 -0.022302 -0.038732 1.311540
 21 30.814270 -0.000023 0.000002 -2.690706 0.069759 0.533190
 22 -4.250660 -0.770624 0.000001 0.000000 0.000000 -2.859769
 23 10.363422 0.000000 0.000000 -0.000000 0.141254 0.304527
 24 10.363076 0.000000 -0.000000 0.000000 0.040421 0.053581
 25 10.363081 -0.000004 -0.000002 -0.001893 -0.024680 0.094321
 26 8.210358 -0.000006 -17.423038 0.000000 0.000000 0.020586
 27 8.210346 -0.000002 7.704017 0.000000 0.000000 -0.003866
 28 1.854841 1.227791 -13.762345 2.764274 0.371000 2.381066
 29 10.456543 -0.000004 0.000004 0.045810 0.081159 -1.269468
 30 24.248093 0.000001 0.000007 0.113247 0.078072 1.063253
 31 26.336971 0.000019 0.000002 0.258975 -0.016155 0.937955
 32 1.854847 1.227798 13.762341 -2.729662 -0.101404 2.497430
 33 10.456542 -0.000008 0.000004 0.462939 -0.032303 -0.524606
 34 24.248116 0.000002 -0.000004 -0.034241 -0.037992 0.907289
 35 26.336975 0.000000 0.000004 -0.336162 -0.255737 1.026877
time 134
  0 0.000000 0.000000 0.000000 0.000000 -0.000000 -1.570796
  1 0.000000 0.000000 0.000000 0.000000 -0.000000 0.000000
  2 -29.067293 -9.041616 14.156175 -1.561977 -0.173124 1.707691
  3 4.222169 -0.467508 0.000000 0.008634 0.237636 -0.172414
  4 4.476987 -0.000002 -0.000000 0.009227 -0.056895 -0.131751
  5 4.477083 0.000000 0.000002 -0.074399 0.020631 0.147528
  6 4.477077 -0.000004 -0.000002 -0.064818 0.290103 -0.007773
  7 5.413502 -7.700466 -0.000000 -0.041363 -0.052876 -0.550616
  8 6.890240 0.000002 -0.000000 -0.067809 0.004653 0.003118
  9 8.011925 0.000004 0.000005 -0.026914 -0.250560 0.206796
 10 7.210720 -0.000002 -0.000000 0.215684 -0.267826 0.078038
 11 8.581028 -0.304903 -0.000000 -0.017150 -0.037904 1.050776
 12 22.523008 2.194031 6.355708 0.000000 -0.000000 0.000000
 13 22.523005 2.194038 -6.355709 0.000000 -0.000000 0.000000
 14 -3.006533 7.804720 -11.355459 -0.001443 0.551837 1.487717
 15 10.384675 0.000008 0.000005 -0.039159 0.164416 -1.945346
 16 22.550743 -0.000006 -0.000004 0.133069 0.038991 2.069360
 17 30.814247 -0.000015 -0.000004 2.624919 -0.025387 0.507918
 18 -3.013796 7.815494 11.355459 -0.320535 -0.204771 1.528595
 19 10.374533 -0.000002 0.000007 -0.078764 -0.184990 -1.989401
 20 22.550726 -0.000027 -0.000013 -0.019095 -0.045505 1.336852
 21 30.814270 -0.000023 0.000002 -2.623386 0.054246 0.533302
 22 -4.250660 -0.770624 0.000001 0.000000 0.000000 -2.864404
 23 10.363422 0.000000 0.000000 -0.000000 0.141254 0.304527
 24 10.363076 0.000000 -0.000000 0.000000 0.040421 0.005214
 25 10.363081 -0.000004 -0.000002 -0.002004 -0.024465 0.094616
 26 8.210358 -0.000006 -16.356598 0.000000 0.000000 0.023541
 27 8.210346 -0.000002 7.704017 0.000000 0.000000 -0.006002
 28 1.854841 1.227791 -13.762345 2.764054 0.195162 2.959955
 29 10.456543 -0.000004 0.000004 0.045897 0.082565 -1.272551
 30 24.248093 0.000001 0.000007 0.113247 0.078072 1.063253
 31 26.336971 0.000019 0.000002 0.255669 -0.004514 0.939114
 32 1.854847 1.227798 13.762341 -2.730371 -0.111337 2.496827
 33 10.456542 -0.000008 0.000004 0.461616 -0.083898 -0.524922
 34 24.248116 0.000002 -0.000004 -0.034241 -0.037992 0.907289
 35 26.336975 0.000000 0.000004 -0.342338 -0.266812 1.038858
time 135
  0 0.000000 0.000000 0.000000 0.000000 -0.000000 -1.570796
  1 0.000000 0.000000 0.000000 0.000000 -0.000000 0.000000
  2 -29.110264 -9.428347 14.816351 -1.560443 -0.175836 1.767607
  3 4.222169 -0.467508 0.000000 0.008178 0.234948 -0.171433
  4 4.476987 -0.000002 -0.000000 0.009215 -0.056895 -0.131751
  5 4.477083 0.000000 0.000002 -0.071331 0.022134 0.151071
  6 4.477077 -0.000004 -0.000002 -0.061858 0.237803 -0.006776
  7 5.413502 -7.700466 -0.000000 -0.041363 -0.052876 -0.550616
  8 6.890240 0.000002 -0.000000 -0.063938 0.041183 0.185403
  9 8.011925 0.000004 0.000005 -0.024648 -0.222363 0.000571
 10 7.210720 -0.000002 -0.000000 0.207174 -0.252784 0.078628
 11 8.581028 -0.304903 -0.000000 -0.017195 -0.036418 1.053020
 12 22.523008 2.194031 6.355708 0.000000 -0.000000 0.000000
 13 22.523005 2.194038 -6.355709 0.000000 -0.000000 0.000000
 14 -3.006533 7.804720 -11.355459 0.006750 0.228495 2.057980
 15 10.384675 0.000008 0.000005 -0.039234 0.168171 -1.941736
 16 22.550743 -0.000006 -0.000004 0.133069 0.038991 2.069360
 17 30.814247 -0.000015 -0.000004 2.662133 -0.027362 0.507918
 18 -3.013796 7.815494 11.355459 -0.337591 -0.206640 1.526486
 19 10.374533 -0.000002 0.000007 -0.085370 -0.180705 -1.998099
 20 22.550726 -0.000027 -0.000013 -0.017420 -0.052592 1.362101
 21 30.814270 -0.000023 0.000002 -2.559505 0.036801 0.533414
 22 -4.250660 -0.770624 0.000001 0.000000 0.000000 -2.869140
 23 10.363422 0.000000 0.000000 -0.000000 0.141254 0.304527
 24 10.363076 0.000000 -0.000000 0.000000 0.040505 0.000155
 25 10.363081 -0.000004 -0.000002 -0.002139 -0.024049 0.094965
 26 8.210358 -0.000006 -15.247190 0.000000 0.000000 0.026768
 27 8.210346 -0.000002 7.704017 0.000000 0.000000 -0.008206
 28 1.854841 1.227791 -13.762345 2.763394 0.195039 2.065043
 29 10.456543 -0.000004 0.000004 0.045967 0.083722 -1.275547
 30 24.248093 0.000001 0.000007 0.113247 0.078072 1.063253
 31 26.336971 0.000019 0.000002 0.252580 0.006470 0.940385
 32 1.854847 1.227798 13.762341 -2.731283 -0.121707 2.496180
 33 10.456542 -0.000008 0.000004 0.457987 -0.089352 -0.525237
 34 24.248116 0.000002 -0.000004 -0.034241 -0.037992 0.907289
 35 26.336975 0.000000 0.000004 -0.348341 -0.276491 1.050671
time 136
  0 0.000000 0.000000 0.000000 0.000000 -0.000000 -1.570796
  1 0.000000 0.000000 0.000000 0.000000 -0.000000 0.000000
  2 -29.133701 -9.768200 15.476528 -1.558910 -0.178748 1.590161
  3 4.222169 -0.467508 0.000000 0.007723 0.230962 -0.170451
  4 4.476987 -0.000002 -0.000000 0.008951 -0.056895 -0.131751
  5 4.477083 0.000000 0.000002 -0.069089 0.024024 0.155072
  6 4.477077 -0.000004 -0.000002 -0.058634 0.185767 -0.005779
  7 5.413502 -7.700466 -0.000000 -0.041363 -0.052876 -0.550616
  8 6.890240 0.000002 -0.000000 -0.056579 0.080053 0.000302
  9 8.011925 0.000004 0.000005 -0.022147 -0.151096 0.000104
 10 7.210720 -0.000002 -0.000000 0.198719 -0.237830 0.080452
 11 8.581028 -0.304903 -0.000000 -0.017218 -0.034506 1.055263
 12 22.523008 2.194031 6.355708 0.000000 -0.000000 0.000000
 13 22.523005 2.194038 -6.355709 0.000000 -0.000000 0.000000
 14 -3.006533 7.804720 -11.355459 0.015703 0.229095 1.961700
 15 10.384675 0.000008 0.000005 -0.039309 0.171693 -1.937793
 16 22.550743 -0.000006 -0.000004 0.133069 0.038991 2.069360
 17 30.814247 -0.000015 -0.000004 2.699435 -0.029400 0.507918
 18 -3.013796 7.815494 11.355459 -0.355410 -0.208060 1.524320
 19 10.374533 -0.000002 0.000007 -0.091572 -0.177382 -2.005637
 20 22.550726 -0.000027 -0.000013 -0.016888 -0.059895 1.387412
 21 30.814270 -0.000023 0.000002 -2.500886 0.019209 0.754396
 22 -4.250660 -0.770624 0.000001 0.000000 0.000000 -2.873980
 23 10.363422 0.000000 0.000000 -0.000000 0.141254 0.304527
 24 10.363076 0.000000 -0.000000 0.000000 0.040541 0.001807
 25 10.363081 -0.000004 -0.000002 -0.002275 -0.023463 0.095394
 26 8.210358 -0.000006 -14.106530 0.000000 0.000000 0.030233
 27 8.210346 -0.000002 7.704017 0.000000 0.000000 -0.010478
 28 1.854841 1.227791 -13.762345 2.762339 0.194644 2.066016
 29 10.456543 -0.000004 0.000004 0.046002 0.084594 -1.278456
 30 24.248093 0.000001 0.000007 0.113247 0.078072 1.063253
 31 26.336971 0.000019 0.000002 0.249709 0.016640 0.941765
 32 1.854847 1.227798 13.762341 -2.466039 -0.135278 2.495448
 33 10.456542 -0.000008 0.000004 0.453782 -0.087571 -0.525552
 34 24.248116 0.000002 -0.000004 -0.034241 -0.037992 0.907289
 35 26.336975 0.000000 0.000004 -0.353959 -0.284835 1.061917
time 137
  0 0.000000 0.000000 0.000000 0.000000 -0.000000 -1.570796
  1 0.000000 0.000000 0.000000 0.000000 -0.000000 0.000000
  2 8.027589 -10.061178 16.136703 -1.557376 -0.181740 1.571372
  3 4.222169 -0.467508 0.000000 0.007279 0.225771 -0.050343
  4 4.476987 -0.000002 -0.000000 0.008364 -0.056895 -0.131751
  5 4.477083 0.000000 0.000002 -0.067723 0.026333 0.159474
  6 4.477077 -0.000004 -0.000002 -0.055182 0.134013 0.116204
  7 5.413502 -7.700466 -0.000000 -0.041363 -0.052876 -0.550616
  8 6.890240 0.000002 -0.000000 -0.049065 0.141260 0.000256
  9 8.011925 0.000004 0.000005 -0.019802 -0.058950 -0.000286
 10 7.210720 -0.000002 -0.000000 0.190374 -0.222912 0.083455
 11 8.581028 -0.304903 -0.000000 -0.017264 -0.032236 1.329809
 12 22.523008 2.194031 6.355708 0.000000 -0.000000 0.000000
 13 22.523005 2.194038 -6.355709 0.000000 -0.000000 0.000000
 14 -3.006533 7.804720 -11.355459 0.025252 0.230049 1.959228
 15 10.384675 0.000008 0.000005 -0.039383 0.174918 -1.933738
 16 22.550743 -0.000006 -0.000004 0.133069 0.038991 2.069360
 17 30.814247 -0.000015 -0.000004 2.736694 -0.031500 0.507918
 18 -3.013796 7.815494 11.355459 -0.373790 -0.208956 1.522097
 19 10.374533 -0.000002 0.000007 -0.097436 -0.175223 -2.012015
 20 22.550726 -0.000027 -0.000013 -0.017195 -0.067394 1.412785
 21 30.814270 -0.000023 0.000002 -2.449353 0.001495 0.537374
 22 -4.250660 -0.770624 0.000001 0.000000 0.000000 -2.878896
 23 10.363422 0.000000 0.000000 -0.000000 0.141254 0.304527
 24 10.363076 0.000000 -0.000000 0.000000 0.040529 0.003458
 25 10.363081 -0.000004 -0.000002 -0.002422 -0.022708 0.095958
 26 8.210358 -0.000006 -12.922900 0.000000 0.000000 0.033970
 27 8.210346 -0.000002 7.704017 0.000000 0.000000 -0.012784
 28 1.854841 1.227791 -13.762345 2.760800 0.194003 2.068814
 29 10.456543 -0.000004 0.000004 0.046037 0.085145 -1.281191
 30 24.248093 0.000001 0.000007 0.113247 0.078072 1.063253
 31 26.336971 0.000019 0.000002 0.663777 0.025943 0.943312
 32 1.854847 1.227798 13.762341 -2.483664 -0.139246 2.494629
 33 10.456542 -0.000008 0.000004 0.449441 -0.085790 -0.525867
 34 24.248116 0.000002 -0.000004 -0.034241 -0.037992 0.907289
 35 26.336975 0.000000 0.000004 -0.358890 -0.291877 1.072203
time 138
  0 0.000000 0.000000 0.000000 0.000000 -0.000000 -1.570796
  1 0.000000 0.000000 0.000000 0.000000 -0.000000 0.000000
  2 0.789087 -10.322905 16.792974 -1.556034 -0.184812 0.680023
  3 4.222169 -0.467508 0.000000 0.006860 0.219487 -0.050343
  4 4.476987 -0.000002 -0.000000 0.007429 -0.056895 -0.131751
  5 4.477083 0.000000 0.000002 -0.068047 0.029193 0.164188
  6 4.477077 -0.000004 -0.000002 -0.051539 0.082596 -0.007446
  7 5.413502 -7.700466 -0.000000 -0.041363 -0.052876 -0.550616
  8 6.890240 0.000002 -0.000000 -0.042330 0.200597 0.000116
  9 8.011925 0.000004 0.000005 -0.017877 0.031072 -0.000649
 10 7.210720 -0.000002 -0.000000 0.182221 -0.207446 0.087532
 11 8.581028 -0.304903 -0.000000 -0.017310 -0.029658 1.009032
 12 22.523008 2.194031 6.355708 0.000000 -0.000000 0.000000
 13 22.523005 2.194038 -6.355709 0.000000 -0.000000 0.000000
 14 -3.006533 7.804720 -11.355459 0.035128 0.231356 1.950643
 15 10.384675 0.000008 0.000005 -0.039421 0.177782 -1.929406
 16 22.550743 -0.000006 -0.000004 0.133069 0.038991 2.069360
 17 30.814247 -0.000015 -0.000004 2.773603 -0.033694 0.507918
 18 -3.013796 7.815494 11.355459 -0.392882 -0.209255 1.519931
 19 10.374533 -0.000002 0.000007 -0.103031 -0.174126 -2.017234
 20 22.550726 -0.000027 -0.000013 -0.017951 -0.074932 1.438282
 21 30.814270 -0.000023 0.000002 -2.406590 -0.016317 0.754396
 22 -4.250660 -0.770624 0.000001 0.000000 0.000000 -2.883889
 23 10.363422 0.000000 0.000000 -0.000000 0.141254 0.304527
 24 10.363076 0.000000 -0.000000 -0.000000 0.040493 0.205627
 25 10.363081 -0.000004 -0.000002 -0.002546 -0.021815 0.096576
 26 8.210358 -0.000006 -11.704113 0.000000 0.000000 0.038012
 27 8.210346 -0.000002 7.704017 0.000000 0.000000 -0.015124
 28 1.854841 1.227791 -13.762345 2.758865 0.193139 2.073497
 29 10.456543 -0.000004 0.000004 0.185937 0.085359 -1.283666
 30 24.248093 0.000001 0.000007 0.113247 0.078072 1.063253
 31 26.336971 0.000019 0.000002 0.023664 0.000085 0.944913
 32 1.854847 1.227798 13.762341 -2.485622 -0.190687 2.493768
 33 10.456542 -0.000008 0.000004 0.444965 0.132192 -0.526222
 34 24.248116 0.000002 -0.000004 -0.034241 -0.037992 0.907289
 35 26.336975 0.000000 0.000004 -0.362964 -0.297771 1.081190
time 139
  0 0.000000 0.000000 0.000000 0.000000 -0.000000 -1.570796
  1 0.000000 0.000000 0.000000 0.000000 -0.000000 0.000000
  2 0.023438 -10.666666 17.417994 -1.554692 -0.187963 0.683762
  3 4.222169 -0.467508 0.000000 0.006441 0.212220 -0.050343
  4 4.476987 -0.000002 -0.000000 0.006135 -0.056895 -0.131751
  5 4.477083 0.000000 0.000002 -0.068274 0.032617 0.169227
  6 4.477077 -0.000004 -0.000002 -0.047752 0.031519 -0.007103
  7 5.413502 -7.700466 -0.000000 -0.041363 -0.052876 -0.550616
  8 6.890240 0.000002 -0.000000 -0.037296 0.245910 -0.000047
  9 8.011925 0.000004 0.000005 -0.016371 0.098617 -0.001012
 10 7.210720 -0.000002 -0.000000 0.174343 -0.191115 0.092680
 11 8.581028 -0.304903 -0.000000 -0.017356 -0.026841 1.009628
 12 22.523008 2.194031 6.355708 0.000000 -0.000000 0.000000
 13 22.523005 2.194038 -6.355709 0.000000 -0.000000 0.000000
 14 -3.006533 7.804720 -11.355459 0.045274 0.232946 1.936497
 15 10.384675 0.000008 0.000005 -0.039458 0.180180 -1.925018
 16 22.550743 -0.000006 -0.000004 0.133069 0.038991 2.069360
 17 30.814247 -0.000015 -0.000004 2.809944 -0.035951 0.507918
 18 -3.013796 7.815494 11.355459 -0.412585 -0.208882 1.517879
 19 10.374533 -0.000002 0.000007 -0.108289 -0.174160 -2.021235
 20 22.550726 -0.000027 -0.000013 -0.018829 -0.082412 1.463966
 21 30.814270 -0.000023 0.000002 -2.374421 -0.034178 0.569282
 22 -4.250660 -0.770624 0.000001 0.000000 0.000000 -2.888934
 23 10.363422 0.000000 0.000000 -0.000000 0.141254 0.304527
 24 10.363076 0.000000 -0.000000 0.000000 0.040421 -0.007846
 25 10.363081 -0.000004 -0.000002 -0.002669 -0.020782 0.097328
 26 8.210358 -0.000006 -10.457981 0.000000 0.000000 0.042395
 27 8.210346 -0.000002 7.704017 0.000000 0.000000 -0.017463
 28 1.854841 1.227791 -13.762345 2.756534 0.192029 2.079944
 29 10.456543 -0.000004 0.000004 -0.015965 0.129258 -1.285751
 30 24.248093 0.000001 0.000007 0.113247 0.078072 1.063253
 31 26.336971 0.000019 0.000002 0.024360 -0.049293 0.946680
 32 1.854847 1.227798 13.762341 -2.487581 -0.196049 2.492777
 33 10.456542 -0.000008 0.000004 0.440318 0.276234 -0.925535
 34 24.248116 0.000002 -0.000004 -0.034241 -0.037992 0.907289
 35 26.336975 0.000000 0.000004 -0.365880 -0.302580 1.088423
time 140
  0 0.000000 0.000000 0.000000 0.000000 -0.000000 -1.570796
  1 0.000000 0.000000 0.000000 0.000000 -0.000000 0.000000
  2 0.273446 -11.080740 17.808630 -1.553542 -0.191154 0.689609
  3 4.222169 -0.467508 0.000000 0.006045 0.204082 -0.050343
  4 4.476987 -0.000002 -0.000000 0.005703 -0.056895 -0.131751
  5 4.477083 0.000000 0.000002 -0.004648 0.037156 0.174548
  6 4.477077 -0.000004 -0.000002 -0.043593 -0.018488 -0.006464
  7 5.413502 -7.700466 -0.000000 -0.041363 -0.052876 -0.550616
  8 6.890240 0.000002 -0.000000 -0.033617 0.264927 -0.000279
  9 8.011925 0.000004 0.000005 -0.015061 0.141479 -0.001454
 10 7.210720 -0.000002 -0.000000 0.166848 -0.173513 0.098768
 11 8.581028 -0.304903 -0.000000 -0.017425 -0.023836 1.010574
 12 22.523008 2.194031 6.355708 0.000000 -0.000000 0.000000
 13 22.523005 2.194038 -6.355709 0.000000 -0.000000 0.000000
 14 -3.006533 7.804720 -11.355459 0.055421 0.234819 1.917200
 15 10.384675 0.000008 0.000005 -0.039495 0.182025 -1.920464
 16 22.550743 -0.000006 -0.000004 0.133069 0.038991 2.069360
 17 30.814247 -0.000015 -0.000004 2.845498 -0.038303 0.507918
 18 -3.013796 7.815494 11.355459 -0.432747 -0.207761 1.515998
 19 10.374533 -0.000002 0.000007 -0.113210 -0.175323 -2.024134
 20 22.550726 -0.000027 -0.000013 -0.019503 -0.089754 1.489835
 21 30.814270 -0.000023 0.000002 -2.354565 -0.051966 0.755233
 22 -4.250660 -0.770624 0.000001 0.000000 0.000000 -2.894004
 23 10.363422 0.000000 0.000000 -0.000000 0.141254 0.304527
 24 10.363076 0.000000 -0.000000 0.000000 0.040313 -0.007769
 25 10.363081 -0.000004 -0.000002 -0.002767 -0.019627 0.098213
 26 8.210358 -0.000006 -9.184505 0.000000 0.000000 0.047082
 27 8.210346 -0.000002 7.704017 0.000000 0.000000 -0.019837
 28 1.854841 1.227791 -13.762345 2.753808 0.190721 2.088094
 29 10.456543 -0.000004 0.000004 -0.015598 0.095857 -1.287400
 30 24.248093 0.000001 0.000007 0.113247 0.078072 1.063253
 31 26.336971 0.000019 0.000002 0.026361 -0.054443 0.948613
 32 1.854847 1.227798 13.762341 -2.489505 -0.194298 2.491700
 33 10.456542 -0.000008 0.000004 0.435469 0.287143 -1.228053
 34 24.248116 0.000002 -0.000004 -0.034241 -0.037992 0.907289
 35 26.336975 0.000000 0.000004 -0.367424 -0.306364 1.093567
time 141
  0 0.000000 0.000000 0.000000 0.000000 -0.000000 -1.570796
  1 0.000000 0.000000 0.000000 0.000000 -0.000000 0.000000
  2 0.523453 -11.401062 17.683626 -1.552487 -0.194345 0.697374
  3 4.222169 -0.467508 0.000000 0.005662 0.195203 -0.166081
  4 4.476987 -0.000002 -0.000000 0.004673 -0.056895 -0.131751
  5 4.477083 0.000000 0.000002 0.085931 0.047478 0.179232
  6 4.477077 -0.000004 -0.000002 -0.039590 -0.044967 -0.005733
  7 5.413502 -7.700466 -0.000000 -0.041363 -0.052876 -0.550616
  8 6.890240 0.000002 -0.000000 -0.031076 0.266626 -0.000489
  9 8.011925 0.000004 0.000005 -0.014014 0.175363 -0.001947
 10 7.210720 -0.000002 -0.000000 0.159821 -0.154252 0.105821
 11 8.581028 -0.304903 -0.000000 -0.017471 -0.020729 1.011871
 12 22.523008 2.194031 6.355708 0.000000 -0.000000 0.000000
 13 22.523005 2.194038 -6.355709 0.000000 -0.000000 0.000000
 14 -3.006533 7.804720 -11.355459 0.065405 0.236903 1.893370
 15 10.384675 0.000008 0.000005 0.087798 0.183320 -1.915966
 16 22.550743 -0.000006 -0.000004 0.133069 0.038991 2.069360
 17 30.814247 -0.000015 -0.000004 2.879874 -0.040779 0.507918
 18 -3.013796 7.815494 11.355459 -0.453366 -0.205780 1.514402
 19 10.374533 -0.000002 0.000007 -0.117862 -0.177548 -2.025758
 20 22.550726 -0.000027 -0.000013 -0.019626 -0.096860 1.516015
 21 30.814270 -0.000023 0.000002 -2.348672 -0.069851 0.913377
 22 -4.250660 -0.770624 0.000001 0.000000 0.000000 -2.899151
 23 10.363422 0.000000 0.000000 -0.000000 0.141254 0.304527
 24 10.363076 0.000000 -0.000000 0.000000 0.040205 -0.007407
 25 10.363081 -0.000004 -0.000002 -0.002841 -0.018348 0.099207
 26 8.210358 -0.000006 -7.883684 0.000000 0.000000 0.052144
 27 8.210346 -0.000002 7.704017 0.000000 0.000000 -0.022244
 28 1.854841 1.227791 -13.762345 2.750642 0.189192 2.098008
 29 10.456543 -0.000004 0.000004 -0.014916 0.092370 -1.288529
 30 24.248093 0.000001 0.000007 0.113247 0.078072 1.063253
 31 26.336971 0.000019 0.000002 0.029711 -0.052762 0.950712
 32 1.854847 1.227798 13.762341 -2.491497 -0.192547 2.490537
 33 10.456542 -0.000008 0.000004 0.430483 0.297662 -1.152778
 34 24.248116 0.000002 -0.000004 -0.034241 -0.037992 0.907289
 35 26.336975 0.000000 0.000004 -0.367424 -0.309312 1.096223
time 142
  0 0.000000 0.000000 0.000000 0.000000 -0.000000 -1.570796
  1 0.000000 0.000000 0.000000 0.000000 -0.000000 0.000000
  2 31.122044 -11.740917 17.000011 -1.551720 -0.197497 0.706673
  3 4.222169 -0.467508 0.000000 0.005278 0.185711 -0.303011
  4 4.476987 -0.000002 -0.000000 0.003714 -0.056895 -0.131751
  5 4.477083 0.000000 0.000002 -0.038924 0.156240 0.176193
  6 4.477077 -0.000004 -0.000002 -0.037805 -0.070618 -0.002556
  7 5.413502 -7.700466 -0.000000 -0.041363 -0.052876 -0.550616
  8 6.890240 0.000002 -0.000000 -0.029458 0.262039 -0.000815
  9 8.011925 0.000004 0.000005 -0.013254 0.201915 -0.002544
 10 7.210720 -0.000002 -0.000000 0.153178 -0.132995 0.113705
 11 8.581028 -0.304903 -0.000000 -0.017517 -0.017537 1.013448
 12 22.523008 2.194031 6.355708 0.000000 -0.000000 0.000000
 13 22.523005 2.194038 -6.355709 0.000000 -0.000000 0.000000
 14 -3.006533 7.804720 -11.355459 0.075009 0.239200 1.865489
 15 10.384675 0.000008 0.000005 -0.039458 0.183914 -1.911467
 16 22.550743 -0.000006 -0.000004 0.133069 0.038991 2.069360
 17 30.814247 -0.000015 -0.000004 2.913158 -0.043318 0.507918
 18 -3.013796 7.815494 11.355459 -0.474342 -0.202866 1.513091
 19 10.374533 -0.000002 0.000007 -0.122243 -0.180904 -2.026222
 20 22.550726 -0.000027 -0.000013 -0.018870 -0.103613 1.542318
 21 30.814270 -0.000023 0.000002 -2.358529 -0.087688 0.908635
 22 -4.250660 -0.770624 0.000001 0.000000 0.000000 -2.904349
 23 10.363422 0.000000 0.000000 -0.000000 0.141254 0.304527
 24 10.363076 0.000000 -0.000000 0.000000 0.040073 -0.006711
 25 10.363081 -0.000004 -0.000002 -0.002878 -0.016946 0.100334
 26 8.210358 -0.000006 -6.567237 0.000000 0.000000 0.057579
 27 8.210346 -0.000002 7.704017 0.000000 0.000000 -0.024584
 28 1.854841 1.227791 -13.762345 2.747080 0.187465 2.109503
 29 10.456543 -0.000004 0.000004 -0.013938 0.093509 -1.289094
 30 24.248093 0.000001 0.000007 0.113247 0.078072 1.063253
 31 26.336971 0.000019 0.000002 0.034322 -0.051080 0.952921
 32 1.854847 1.227798 13.762341 -2.493523 0.021779 2.489072
 33 10.456542 -0.000008 0.000004 0.425328 0.308432 -1.073050
 34 24.248116 0.000002 -0.000004 -0.034241 -0.037992 0.907289
 35 26.336975 0.000000 0.000004 -0.365623 -0.311452 1.096053
time 143
  0 0.000000 0.000000 0.000000 0.000000 -0.000000 -1.570796
  1 0.000000 0.000000 0.000000 0.000000 -0.000000 0.000000
  2 -0.070315 28.170458 15.753880 -1.551145 -0.200608 0.717410
  3 4.222169 -0.467508 0.000000 0.004918 0.175627 -0.300864
  4 4.476987 -0.000002 -0.000000 0.002731 -0.056895 -0.131751
  5 4.477083 0.000000 0.000002 -0.038804 -0.156314 -0.033074
  6 4.477077 -0.000004 -0.000002 -0.036151 -0.071238 0.000870
  7 5.413502 -7.700466 -0.000000 -0.041363 -0.052876 -0.550616
  8 6.890240 0.000002 -0.000000 -0.028320 0.253073 -0.001257
  9 8.011925 0.000004 0.000005 -0.011984 0.221980 -0.003348
 10 7.210720 -0.000002 -0.000000 0.144393 -0.108331 0.122340
 11 8.581028 -0.304903 -0.000000 -0.017586 -0.014344 1.015306
 12 22.523008 2.194031 6.355708 0.000000 -0.000000 0.000000
 13 22.523005 2.194038 -6.355709 0.000000 -0.000000 0.000000
 14 -3.006533 7.804720 -11.355459 0.084016 0.241708 1.834242
 15 10.384675 0.000008 0.000005 -0.039421 0.183765 -1.907079
 16 22.550743 -0.000006 -0.000004 0.133069 0.038991 2.069360
 17 30.814247 -0.000015 -0.000004 2.944563 -0.045983 0.507918
 18 -3.013796 7.815494 11.355459 -0.495624 -0.198905 1.512179
 19 10.374533 -0.000002 0.000007 -0.126355 -0.185322 -2.025816
 20 22.550726 -0.000027 -0.000013 -0.016929 -0.109934 1.569243
 21 30.814270 -0.000023 0.000002 -2.385401 -0.105451 0.898427
 22 -4.250660 -0.770624 0.000001 0.000000 0.000000 -2.909547
 23 10.363422 0.000000 0.000000 -0.000000 0.141254 0.304527
 24 10.363076 0.000000 -0.000000 0.000000 0.039941 -0.005730
 25 10.363081 -0.000004 -0.000002 -0.002866 -0.015452 0.101596
 26 8.210358 -0.000006 -5.231259 0.000000 0.000000 0.063422
 27 8.210346 -0.000002 7.704017 0.000000 0.000000 -0.026856
 28 1.854841 1.227791 -13.762345 2.743123 0.185589 2.122579
 29 10.456543 -0.000004 0.000004 -0.012680 0.094647 -1.289007
 30 24.248093 0.000001 0.000007 0.113247 0.078072 1.063253
 31 26.336971 0.000019 0.000002 0.040152 0.154760 0.955793
 32 1.854847 1.227798 13.762341 -2.495650 -0.181876 2.822477
 33 10.456542 -0.000008 0.000004 0.419970 0.319341 -0.992927
 34 24.248116 0.000002 -0.000004 -0.034241 -0.037992 0.907289
 35 26.336975 0.000000 0.000004 -0.362664 -0.313034 1.093623
time 144
  0 0.000000 0.000000 0.000000 0.000000 -0.000000 -1.570796
  1 0.000000 0.000000 0.000000 0.000000 -0.000000 0.000000
  2 -0.121097 -22.874069 49.176773 -1.550857 -0.203679 0.729201
  3 4.222169 -0.467508 0.000000 0.004559 0.165116 -0.298717
  4 4.476987 -0.000002 -0.000000 0.001712 -0.056895 -0.131751
  5 4.477083 0.000000 0.000002 -0.038421 -0.163567 -0.060598
  6 4.477077 -0.000004 -0.000002 -0.034545 -0.071069 0.005293
  7 5.413502 -7.700466 -0.000000 -0.041363 -0.052876 -0.550616
  8 6.890240 0.000002 -0.000000 -0.027636 0.240735 -0.001559
  9 8.011925 0.000004 0.000005 -0.010923 0.220318 -0.004309
 10 7.210720 -0.000002 -0.000000 0.135417 -0.064388 0.131780
 11 8.581028 -0.304903 -0.000000 -0.017632 -0.011203 1.017374
 12 22.523008 2.194031 6.355708 0.000000 -0.000000 0.000000
 13 22.523005 2.194038 -6.355709 0.000000 -0.000000 0.000000
 14 -3.006533 7.804720 -11.355459 0.092263 0.244287 1.799974
 15 10.384675 0.000008 0.000005 -0.039383 0.182789 -1.902858
 16 22.550743 -0.000006 -0.000004 0.133069 0.038991 2.069360
 17 30.814247 -0.000015 -0.000004 2.973435 -0.048804 0.507918
 18 -3.013796 7.815494 11.355459 -0.517058 -0.193897 1.511780
 19 10.374533 -0.000002 0.000007 -0.130198 -0.190771 -2.024888
 20 22.550726 -0.000027 -0.000013 -0.013743 -0.115706 1.596539
 21 30.814270 -0.000023 0.000002 -2.422867 -0.123092 0.882948
 22 -4.250660 -0.770624 0.000001 0.000000 0.000000 -2.914770
 23 10.363422 0.000000 0.000000 -0.000000 0.141254 0.304527
 24 10.363076 0.000000 -0.000000 0.000000 0.039798 -0.004465
 25 10.363081 -0.000004 -0.000002 -0.002841 -0.013865 0.103019
 26 8.210358 -0.000006 -3.887468 0.000000 0.000000 0.069774
 27 8.210346 -0.000002 7.704017 0.000000 0.000000 -0.028992
 28 1.854841 1.227791 -13.762345 2.738725 0.183542 2.137176
 29 10.456543 -0.000004 0.000004 -0.011178 0.234032 -1.288182
 30 24.248093 0.000001 0.000007 0.113247 0.078072 1.063253
 31 26.336971 0.000019 0.000002 0.047243 -0.073837 1.408039
 32 1.854847 1.227798 13.762341 -2.497878 -0.181931 2.501436
 33 10.456542 -0.000008 0.000004 0.414510 0.330305 -0.912686
 34 24.248116 0.000002 -0.000004 -0.034241 -0.037992 0.907289
 35 26.336975 0.000000 0.000004 -0.359405 -0.314399 1.089780
time 145
  0 0.000000 0.000000 0.000000 0.000000 -0.000000 -1.570796
  1 0.000000 0.000000 0.000000 0.000000 -0.000000 0.000000
  2 -0.015625 -22.846724 95.799294 -1.550953 -0.206631 0.741760
  3 4.222169 -0.467508 0.000000 0.004223 0.154271 -0.296601
  4 4.476987 -0.000002 -0.000000 0.000658 -0.056895 -0.131751
  5 4.477083 0.000000 0.000002 -0.037786 -0.180900 -0.063503
  6 4.477077 -0.000004 -0.000002 -0.032987 -0.070975 0.010090
  7 5.413502 -7.700466 -0.000000 -0.041363 -0.052876 -0.550616
  8 6.890240 0.000002 -0.000000 -0.028272 0.222358 -0.001676
  9 8.011925 0.000004 0.000005 -0.010071 0.218785 -0.005425
 10 7.210720 -0.000002 -0.000000 0.126495 -0.020250 0.141890
 11 8.581028 -0.304903 -0.000000 -0.017678 -0.008181 1.019652
 12 22.523008 2.194031 6.355708 0.000000 -0.000000 0.000000
 13 22.523005 2.194038 -6.355709 0.000000 -0.000000 0.000000
 14 -3.006533 7.804720 -11.355459 0.099588 0.247043 1.763578
 15 10.384675 0.000008 0.000005 -0.039271 0.180922 -1.898915
 16 22.550743 -0.000006 -0.000004 0.133069 0.038991 2.069360
 17 30.814247 -0.000015 -0.000004 2.999118 -0.051751 0.507918
 18 -3.013796 7.815494 11.355459 -0.538543 -0.187657 1.511837
 19 10.374533 -0.000002 0.000007 -0.133770 -0.197283 -2.024018
 20 22.550726 -0.000027 -0.000013 -0.010372 -0.120908 1.624270
 21 30.814270 -0.000023 0.000002 -2.460754 -0.140586 0.862447
 22 -4.250660 -0.770624 0.000001 0.000000 0.000000 -2.930748
 23 10.363422 0.000000 0.000000 -0.000000 0.141254 0.304527
 24 10.363076 0.000000 -0.000000 0.000000 0.039678 -0.002968
 25 10.363081 -0.000004 -0.000002 -0.002743 -0.012201 0.104549
 26 8.210358 -0.000006 -2.524145 0.000000 0.000000 0.076602
 27 8.210346 -0.000002 7.704017 0.000000 0.000000 -0.030925
 28 1.854841 1.227791 -13.762345 2.733976 0.181346 2.153354
 29 10.456543 -0.000004 0.000004 -0.009448 0.098865 -0.898147
 30 24.248093 0.000001 0.000007 0.113247 0.078072 1.063253
 31 26.336971 0.000019 0.000002 0.055465 -0.073706 0.993015
 32 1.854847 1.227798 13.762341 -2.500309 -0.182013 2.501264
 33 10.456542 -0.000008 0.000004 0.408846 0.341353 -0.832879
 34 24.248116 0.000002 -0.000004 -0.034241 -0.037992 0.907289
 35 26.336975 0.000000 0.000004 -0.355846 -0.315578 1.084750
time 146
  0 0.000000 0.000000 0.000000 0.000000 -0.000000 -1.570796
  1 0.000000 0.000000 0.000000 0.000000 -0.000000 0.000000
  2 0.042970 -22.104513 92.291374 -1.551241 -0.209424 0.754893
  3 4.222169 -0.467508 0.000000 0.003900 0.143241 -0.294577
  4 4.476987 -0.000002 -0.000000 -0.000409 -0.056895 -0.131751
  5 4.477083 0.000000 0.000002 -0.036899 -0.201592 -0.062555
  6 4.477077 -0.000004 -0.000002 -0.031453 -0.070919 0.015244
  7 5.413502 -7.700466 -0.000000 -0.041363 -0.052876 -0.550616
  8 6.890240 0.000002 -0.000000 -0.031220 0.181685 -0.001932
  9 8.011925 0.000004 0.000005 -0.009351 0.218258 -0.006619
 10 7.210720 -0.000002 -0.000000 0.117546 0.022122 0.152617
 11 8.581028 -0.304903 -0.000000 -0.017724 -0.005347 1.022141
 12 22.523008 2.194031 6.355708 0.000000 -0.000000 0.000000
 13 22.523005 2.194038 -6.355709 0.000000 -0.000000 0.000000
 14 -3.006533 7.804720 -11.355459 0.105720 0.249834 1.725189
 15 10.384675 0.000008 0.000005 -0.039159 0.178058 -1.895305
 16 22.550743 -0.000006 -0.000004 0.133069 0.038991 2.069360
 17 30.814247 -0.000015 -0.000004 2.752724 -0.054854 0.507918
 18 -3.013796 7.815494 11.355459 -0.560181 -0.180221 1.512407
 19 10.374533 -0.000002 0.000007 -0.137141 -0.204891 -2.023496
 20 22.550726 -0.000027 -0.000013 -0.008227 -0.125463 1.652559
 21 30.814270 -0.000023 0.000002 -2.499096 -0.157982 0.837094
 22 -4.250660 -0.770624 0.000001 0.000000 0.000000 -2.978836
 23 10.363422 0.000000 0.000000 -0.000000 0.141254 0.304527
 24 10.363076 0.000000 -0.000000 0.000000 0.039558 -0.001239
 25 10.363081 -0.000004 -0.000002 -0.002583 -0.010476 0.106241
 26 8.210358 -0.000006 -1.149103 0.000000 0.000000 0.083974
 27 8.210346 -0.000002 7.704017 0.000000 0.000000 -0.032553
 28 1.854841 1.227791 -13.762345 2.728787 0.179027 2.170992
 29 10.456543 -0.000004 0.000004 -0.007509 0.098616 -1.230521
 30 24.248093 0.000001 0.000007 0.113247 0.078072 1.063253
 31 26.336971 0.000019 0.000002 0.064818 -0.073574 0.992739
 32 1.854847 1.227798 13.762341 -2.502875 -0.182067 2.501092
 33 10.456542 -0.000008 0.000004 0.403047 0.352290 -0.753269
 34 24.248116 0.000002 -0.000004 -0.034241 -0.037992 0.907289
 35 26.336975 0.000000 0.000004 -0.352072 -0.316509 1.078533
time 147
  0 0.000000 0.000000 0.000000 0.000000 -0.000000 -1.570796
  1 0.000000 0.000000 0.000000 0.000000 -0.000000 0.000000
  2 0.039064 -21.245113 81.392601 -1.552008 -0.212096 0.768314
  3 4.222169 -0.467508 0.000000 0.003600 0.132100 -0.292676
  4 4.476987 -0.000002 -0.000000 -0.001487 -0.056895 -0.131751
  5 4.477083 0.000000 0.000002 -0.035760 -0.218893 -0.061606
  6 4.477077 -0.000004 -0.000002 -0.029955 -0.070881 0.020679
  7 5.413502 -7.700466 -0.000000 -0.041363 -0.052876 -0.550616
  8 6.890240 0.000002 -0.000000 -0.034180 0.092666 -0.002513
  9 8.011925 0.000004 0.000005 -0.008709 0.218593 -0.007865
 10 7.210720 -0.000002 -0.000000 0.108432 0.061792 0.163827
 11 8.581028 -0.304903 -0.000000 -0.017770 -0.002752 1.024699
 12 22.523008 2.194031 6.355708 0.000000 -0.000000 0.000000
 13 22.523005 2.194038 -6.355709 0.000000 -0.000000 0.000000
 14 -3.006533 7.804720 -11.355459 0.110440 0.252731 1.685496
 15 10.384675 0.000008 0.000005 -0.039047 0.174133 -1.892195
 16 22.550743 -0.000006 -0.000004 0.133069 0.038991 2.069360
 17 30.814247 -0.000015 -0.000004 2.671263 -0.058114 0.507918
 18 -3.013796 7.815494 11.355459 -0.581768 -0.171365 1.513433
 19 10.374533 -0.000002 0.000007 -0.140242 -0.213528 -2.023787
 20 22.550726 -0.000027 -0.000013 -0.008615 -0.129310 1.681468
 21 30.814270 -0.000023 0.000002 -2.537615 -0.176014 0.807055
 22 -4.250660 -0.770624 0.000001 0.000000 0.000000 -2.983804
 23 10.363422 0.000000 0.000000 -0.000000 0.141254 0.304527
 24 10.363076 0.000000 -0.000000 0.000000 0.039462 0.000697
 25 10.363081 -0.000004 -0.000002 -0.002361 -0.008673 0.108093
 26 8.210358 -0.000006 0.229845 0.000000 0.000000 0.091753
 27 8.210346 -0.000002 7.704017 0.000000 0.000000 -0.033841
 28 1.854841 1.227791 -13.762345 2.723202 0.176609 2.190029
 29 10.456543 -0.000004 0.000004 -0.005378 0.098260 -1.230391
 30 24.248093 0.000001 0.000007 0.113247 0.078072 1.063253
 31 26.336971 0.000019 0.000002 0.075259 -0.073443 0.992518
 32 1.854847 1.227798 13.762341 -2.505677 -0.182122 2.500919
 33 10.456542 -0.000008 0.000004 0.397044 0.363004 -0.674683
 34 24.248116 0.000002 -0.000004 -0.034241 -0.037992 0.907289
 35 26.336975 0.000000 0.000004 -0.348041 -0.317253 1.071243
time 148
  0 0.000000 0.000000 0.000000 0.000000 -0.000000 -1.570796
  1 0.000000 0.000000 0.000000 0.000000 -0.000000 0.000000
  2 -0.046876 -20.280239 70.521179 -1.553158 -0.214609 0.781735
  3 4.222169 -0.467508 0.000000 0.003313 0.120977 -0.290943
  4 4.476987 -0.000002 -0.000000 -0.002578 -0.056895 -0.131751
  5 4.477083 0.000000 0.000002 -0.034178 -0.225807 0.054492
  6 4.477077 -0.000004 -0.000002 -0.028421 -0.070938 0.026472
  7 5.413502 -7.700466 -0.000000 -0.041363 -0.052876 -0.550616
  8 6.890240 0.000002 -0.000000 -0.036841 0.006966 -0.003235
  9 8.011925 0.000004 0.000005 -0.008068 0.219775 -0.009137
 10 7.210720 -0.000002 -0.000000 0.096958 0.084461 0.175492
 11 8.581028 -0.304903 -0.000000 -0.017793 -0.000448 1.027433
 12 22.523008 2.194031 6.355708 0.000000 -0.000000 0.000000
 13 22.523005 2.194038 -6.355709 0.000000 -0.000000 0.000000
 14 -3.006533 7.804720 -11.355459 0.113750 0.255593 1.645047
 15 10.384675 0.000008 0.000005 -0.038898 0.169105 -1.889529
 16 22.550743 -0.000006 -0.000004 0.133069 0.038991 2.069360
 17 30.814247 -0.000015 -0.000004 2.662701 -0.061625 0.507918
 18 -3.013796 7.815494 11.355459 -0.603152 -0.161014 1.514915
 19 10.374533 -0.000002 0.000007 -0.143073 -0.223263 -2.025410
 20 22.550726 -0.000027 -0.000013 0.034813 -0.132373 1.710936
 21 30.814270 -0.000023 0.000002 -2.576063 -0.189007 0.772554
 22 -4.250660 -0.770624 0.000001 0.000000 0.000000 -2.982216
 23 10.363422 0.000000 0.000000 -0.000000 0.141254 0.304527
 24 10.363076 0.000000 -0.000000 0.000000 0.039390 0.002839
 25 10.363081 -0.000004 -0.000002 -0.002065 -0.006840 0.110107
 26 8.210358 -0.000006 1.600981 0.000000 0.000000 0.270639
 27 8.210346 -0.000002 7.704017 0.000000 0.000000 -0.034723
 28 1.854841 1.227791 -13.762345 2.717222 0.174092 2.210465
 29 10.456543 -0.000004 0.000004 -0.003124 0.097815 -1.229913
 30 24.248093 0.000001 0.000007 0.113247 0.078072 1.063253
 31 26.336971 0.000019 0.000002 0.086831 -0.073311 0.992242
 32 1.854847 1.227798 13.762341 -2.508750 -0.182177 2.500790
 33 10.456542 -0.000008 0.000004 0.391821 0.373328 -0.597477
 34 24.248116 0.000002 -0.000004 -0.034241 -0.037992 0.907289
 35 26.336975 0.000000 0.000004 -0.343839 -0.317749 1.062991
time 149
  0 0.000000 0.000000 0.000000 0.000000 -0.000000 -1.570796
  1 0.000000 0.000000 0.000000 0.000000 -0.000000 0.000000
  2 -0.238289 -19.229425 59.704437 -1.554788 -0.216883 0.794964
  3 4.222169 -0.467508 0.000000 0.003061 0.109984 -0.289425
  4 4.476987 -0.000002 -0.000000 -0.003717 -0.056895 -0.131751
  5 4.477083 0.000000 0.000002 -0.032105 -0.197296 -0.063266
  6 4.477077 -0.000004 -0.000002 -0.026443 -0.069697 0.032608
  7 5.413502 -7.700466 -0.000000 -0.041363 -0.052876 -0.550616
  8 6.890240 0.000002 -0.000000 -0.036517 -0.071140 -0.003979
  9 8.011925 0.000004 0.000005 -0.007387 0.221692 -0.010409
 10 7.210720 -0.000002 -0.000000 0.084769 0.070991 0.187480
 11 8.581028 -0.304903 -0.000000 -0.017815 0.001482 1.030202
 12 22.523008 2.194031 6.355708 0.000000 -0.000000 0.000000
 13 22.523005 2.194038 -6.355709 0.000000 -0.000000 0.000000
 14 -3.006533 7.804720 -11.355459 0.115269 0.258455 1.604462
 15 10.384675 0.000008 0.000005 -0.038711 0.162846 -1.887474
 16 22.550743 -0.000006 -0.000004 0.133069 0.038991 2.069360
 17 30.814247 -0.000015 -0.000004 2.665497 -0.065356 0.507918
 18 -3.013796 7.815494 11.355459 -0.624484 -0.149132 1.516910
 19 10.374533 -0.000002 0.000007 0.550980 -0.233993 -2.028773
 20 22.550726 -0.000027 -0.000013 -0.109586 0.028170 1.741272
 21 30.814270 -0.000023 0.000002 -2.613950 -0.185899 0.733757
 22 -4.250660 -0.770624 0.000001 0.000000 0.000000 -2.980577
 23 10.363422 0.000000 0.000000 -0.000000 0.141254 0.304527
 24 10.363076 0.000000 -0.000000 0.000000 0.039354 0.005188
 25 10.363081 -0.000004 -0.000002 -0.001696 -0.004961 0.112281
 26 8.210358 -0.000006 0.409538 0.000000 0.000000 -0.160203
 27 8.210346 -0.000002 7.704017 0.000000 0.000000 -0.035164
 28 1.854841 1.227791 -13.762345 2.710846 0.171502 2.232239
 29 10.456543 -0.000004 0.000004 -0.000696 0.097263 -1.229132
 30 24.248093 0.000001 0.000007 0.113247 0.078072 1.063253
 31 26.336971 0.000019 0.000002 0.099447 -0.073180 0.992021
 32 1.854847 1.227798 13.762341 -2.512092 -0.182232 2.500661
 33 10.456542 -0.000008 0.000004 0.390838 0.383041 -0.522123
 34 24.248116 0.000002 -0.000004 -0.034241 -0.037992 0.907289
 35 26.336975 0.000000 0.000004 -0.339422 -0.318029 1.053835
time 150
  0 0.000000 0.000000 0.000000 0.000000 -0.000000 -1.570796
  1 0.000000 0.000000 0.000000 0.000000 -0.000000 0.000000
  2 -0.542985 -18.104393 48.946297 -1.556897 -0.218917 0.807619
  3 4.222169 -0.467508 0.000000 0.002821 0.099232 -0.288152
  4 4.476987 -0.000002 -0.000000 -0.005095 -0.056895 -0.131751
  5 4.477083 0.000000 0.000002 -0.029816 -0.125235 -0.063533
  6 4.477077 -0.000004 -0.000002 -0.024610 -0.048368 0.040068
  7 5.413502 -7.700466 -0.000000 -0.041363 -0.052876 -0.550616
  8 6.890240 0.000002 -0.000000 -0.033113 -0.102037 -0.004654
  9 8.011925 0.000004 0.000005 -0.006588 0.224312 -0.011629
 10 7.210720 -0.000002 -0.000000 0.072554 0.055984 0.199735
 11 8.581028 -0.304903 -0.000000 -0.017838 0.002967 1.033076
 12 22.523008 2.194031 6.355708 0.000000 -0.000000 0.000000
 13 22.523005 2.194038 -6.355709 0.000000 -0.000000 0.000000
 14 -3.006533 7.804720 -11.355459 0.114889 0.261246 1.564219
 15 10.384675 0.000008 0.000005 -0.038562 0.155271 -1.886252
 16 22.550743 -0.000006 -0.000004 0.133069 0.038991 2.069360
 17 30.814247 -0.000015 -0.000004 2.668292 -0.069337 0.507918
 18 -3.013796 7.815494 11.355459 0.222857 -0.135717 1.519304
 19 10.374533 -0.000002 0.000007 -0.139837 -0.119941 -2.034398
 20 22.550726 -0.000027 -0.000013 -0.109280 -0.011013 1.774834
 21 30.814270 -0.000023 0.000002 -2.651416 -0.156710 0.691167
 22 -4.250660 -0.770624 0.000001 0.000000 0.000000 -2.779981
 23 10.363422 0.000000 0.000000 -0.000000 0.141254 0.304527
 24 10.363076 0.000000 -0.000000 0.000000 0.039366 0.007691
 25 10.363081 -0.000004 -0.000002 -0.001339 -0.003050 0.114617
 26 8.210358 -0.000006 -6.914905 0.000000 0.000000 -0.159829
 27 8.210346 -0.000002 7.704017 0.000000 0.000000 -0.035096
 28 1.854841 1.227791 -13.762345 2.704074 0.168837 2.255289
 29 10.456543 -0.000004 0.000004 0.001820 0.096623 -1.228003
 30 24.248093 0.000001 0.000007 0.113247 0.078072 1.063253
 31 26.336971 0.000019 0.000002 0.113064 -0.073022 0.991745
 32 1.854847 1.227798 13.762341 -2.515773 -0.182286 2.500532
 33 10.456542 -0.000008 0.000004 0.390872 0.392001 -0.448898
 34 24.248116 0.000002 -0.000004 -0.034241 -0.037992 0.907289
 35 26.336975 0.000000 0.000004 -0.334833 -0.318122 1.043888
time 151
  0 0.000000 0.000000 0.000000 0.000000 -0.000000 -1.570796
  1 0.000000 0.000000 0.000000 0.000000 -0.000000 0.000000
  2 -0.964873 -16.916857 38.258472 -1.559485 -0.220672 0.819506
  3 4.222169 -0.467508 0.000000 0.002629 0.088870 -0.287171
  4 4.476987 -0.000002 -0.000000 -0.006761 -0.056895 -0.131751
  5 4.477083 0.000000 0.000002 -0.027671 -0.032061 -0.063755
  6 4.477077 -0.000004 -0.000002 -0.022644 -0.019728 0.047589
  7 5.413502 -7.700466 -0.000000 -0.041363 -0.052876 -0.550616
  8 6.890240 0.000002 -0.000000 -0.029374 -0.109147 -0.005399
  9 8.011925 0.000004 0.000005 -0.005605 0.227555 -0.012018
 10 7.210720 -0.000002 -0.000000 0.062067 0.040342 0.212125
 11 8.581028 -0.304903 -0.000000 0.060421 0.004008 1.035915
 12 22.523008 2.194031 6.355708 0.000000 -0.000000 0.000000
 13 22.523005 2.194038 -6.355709 0.000000 -0.000000 0.000000
 14 -3.006533 7.804720 -11.355459 0.112393 0.263931 1.525007
 15 10.384675 0.000008 0.000005 -0.038375 0.146254 -1.885808
 16 22.550743 -0.000006 -0.000004 0.133069 0.038991 2.069360
 17 30.814247 -0.000015 -0.000004 3.010431 -0.073506 0.507918
 18 -3.013796 7.815494 11.355459 -0.081907 -0.171029 1.522097
 19 10.374533 -0.000002 0.000007 -0.137950 -0.181967 -2.042806
 20 22.550726 -0.000027 -0.000013 -0.109280 -0.012466 1.814786
 21 30.814270 -0.000023 0.000002 -2.687969 -0.107139 0.646764
 22 -4.250660 -0.770624 0.000001 0.000000 0.000000 -2.988464
 23 10.363422 0.000000 0.000000 -0.000000 0.141254 0.304527
 24 10.363076 0.000000 -0.000000 0.000000 0.039390 0.010350
 25 10.363081 -0.000004 -0.000002 0.000446 -0.001109 0.117168
 26 8.210358 -0.000006 -7.680552 0.000000 0.000000 -0.158640
 27 8.210346 -0.000002 7.704017 0.000000 0.000000 -0.034452
 28 1.854841 1.227791 -13.762345 2.696950 0.166123 2.279617
 29 10.456543 -0.000004 0.000004 0.004440 0.095911 -1.226483
 30 24.248093 0.000001 0.000007 0.113247 0.078072 1.063253
 31 26.336971 0.000019 0.000002 0.127681 -0.072865 0.991469
 32 1.854847 1.227798 13.762341 -2.519757 -0.182368 2.500445
 33 10.456542 -0.000008 0.000004 0.390804 0.400072 -0.378864
 34 24.248116 0.000002 -0.000004 -0.034241 -0.037992 0.907289
 35 26.336975 0.000000 0.000004 -0.330116 -0.317967 1.033263
time 152
  0 0.000000 0.000000 0.000000 0.000000 -0.000000 -1.570796
  1 0.000000 0.000000 0.000000 0.000000 -0.000000 0.000000
  2 -1.105502 -15.682444 27.640961 -1.562648 -0.222148 0.830339
  3 4.222169 -0.467508 0.000000 0.002462 0.078915 -0.286450
  4 4.476987 -0.000002 -0.000000 -0.008247 -0.056895 -0.131751
  5 4.477083 0.000000 0.000002 -0.025909 0.058964 -0.063963
  6 4.477077 -0.000004 -0.000002 -0.020655 0.015094 0.055142
  7 5.413502 -7.700466 -0.000000 -0.041363 -0.052876 -0.550616
  8 6.890240 0.000002 -0.000000 -0.025204 -0.116126 -0.006237
  9 8.011925 0.000004 0.000005 -0.004387 0.231373 -0.012952
 10 7.210720 -0.000002 -0.000000 0.051691 0.014601 0.224541
 11 8.581028 -0.304903 -0.000000 -0.017816 0.004486 1.038754
 12 22.523008 2.194031 6.355708 0.000000 -0.000000 0.000000
 13 22.523005 2.194038 -6.355709 0.000000 -0.000000 0.000000
 14 -3.006533 7.804720 -11.355459 0.107619 0.266439 1.487305
 15 10.384675 0.000008 0.000005 0.289383 0.135710 -1.886419
 16 22.550743 -0.000006 -0.000004 0.133069 0.038991 2.069360
 17 30.814247 -0.000015 -0.000004 2.648724 0.249533 0.507918
 18 -3.013796 7.815494 11.355459 -0.082161 -0.240756 1.525346
 19 10.374533 -0.000002 0.000007 -0.133433 -0.188479 -2.054113
 20 22.550726 -0.000027 -0.000013 -0.109627 -0.012466 1.859763
 21 30.814270 -0.000023 0.000002 -2.723330 -0.056566 0.603365
 22 -4.250660 -0.770624 0.000001 0.000000 0.000000 -2.988439
 23 10.363422 0.000000 0.000000 -0.000000 0.141254 0.304527
 24 10.363076 0.000000 -0.000000 0.000000 0.039486 0.013137
 25 10.363081 -0.000004 -0.000002 0.014506 0.000848 0.119906
 26 8.210358 -0.000006 -7.430545 0.000000 0.000000 -0.156704
 27 8.210346 -0.000002 7.704017 0.000000 0.000000 0.270154
 28 1.854841 1.227791 -13.762345 2.689431 0.163409 2.305101
 29 10.456543 -0.000004 0.000004 0.007113 0.095128 -1.224573
 30 24.248093 0.000001 0.000007 0.113247 0.078072 1.063253
 31 26.336971 0.000019 0.000002 0.143255 -0.072707 0.991193
 32 1.854847 1.227798 13.762341 -2.524180 -0.182423 2.500273
 33 10.456542 -0.000008 0.000004 0.390702 0.407001 -0.314664
 34 24.248116 0.000002 -0.000004 -0.034241 -0.037992 0.907289
 35 26.336975 0.000000 0.000004 -0.325270 -0.317625 1.022073
time 153
  0 0.000000 0.000000 0.000000 0.000000 -0.000000 -1.570796
  1 0.000000 0.000000 0.000000 0.000000 -0.000000 0.000000
  2 -1.441450 -14.326933 17.246113 -1.566483 -0.223305 0.839829
  3 4.222169 -0.467508 0.000000 0.002342 0.069535 -0.285960
  4 4.476987 -0.000002 -0.000000 -0.009589 -0.056895 -0.131751
  5 4.477083 0.000000 0.000002 -0.024531 0.127261 -0.064170
  6 4.477077 -0.000004 -0.000002 -0.018629 0.050555 0.062726
  7 5.413502 -7.700466 -0.000000 -0.041363 -0.052876 -0.550616
  8 6.890240 0.000002 -0.000000 -0.020625 -0.122151 -0.007144
  9 8.011925 0.000004 0.000005 -0.002855 0.235687 -0.014328
 10 7.210720 -0.000002 -0.000000 0.041232 -0.011970 0.237038
 11 8.581028 -0.304903 -0.000000 -0.017793 0.004367 1.041523
 12 22.523008 2.194031 6.355708 0.000000 -0.000000 0.000000
 13 22.523005 2.194038 -6.355709 0.000000 -0.000000 0.000000
 14 -3.006533 7.804720 -11.355459 0.100294 0.268736 1.451595
 15 10.384675 0.000008 0.000005 -0.099332 0.225010 -1.888140
 16 22.550743 -0.000006 -0.000004 0.133069 0.038991 2.069360
 17 30.814247 -0.000015 -0.000004 2.648331 -0.002378 0.507918
 18 -3.013796 7.815494 11.355459 -0.083231 -0.248080 1.528937
 19 10.374533 -0.000002 0.000007 -0.126692 -0.186352 -2.067391
 20 22.550726 -0.000027 -0.000013 -0.110404 -0.012348 1.908586
 21 30.814270 -0.000023 0.000002 -2.757183 -0.008218 0.560775
 22 -4.250660 -0.770624 0.000001 0.000000 0.000000 -2.988413
 23 10.363422 0.000000 0.000000 -0.000000 0.141254 0.304527
 24 10.363076 0.000000 -0.000000 0.000000 0.039642 0.016028
 25 10.363081 -0.000004 -0.000002 0.029687 0.002820 0.122859
 26 8.210358 -0.000006 -7.180537 0.000000 0.000000 -0.154054
 27 8.210346 -0.000002 7.704017 0.000000 0.000000 0.010580
 28 1.854841 1.227791 -13.762345 2.681516 0.160671 2.331558
 29 10.456543 -0.000004 0.000004 0.009839 0.094256 -1.222228
 30 24.248093 0.000001 0.000007 0.113247 0.078072 1.063253
 31 26.336971 0.000019 0.000002 0.159743 -0.072549 0.990916
 32 1.854847 1.227798 13.762341 -2.528974 -0.182505 2.500144
 33 10.456542 -0.000008 0.000004 0.390634 0.412400 -0.259764
 34 24.248116 0.000002 -0.000004 -0.034241 -0.037992 0.907289
 35 26.336975 0.000000 0.000004 -0.320339 -0.317098 1.010374
time 154
  0 0.000000 0.000000 0.000000 0.000000 -0.000000 -1.570796
  1 0.000000 0.000000 0.000000 0.000000 -0.000000 0.000000
  2 -1.753960 -13.022205 11.742039 -1.570988 -0.224143 0.847786
  3 4.222169 -0.467508 0.000000 0.002258 0.060822 -0.285668
  4 4.476987 -0.000002 -0.000000 -0.010775 -0.056895 -0.131751
  5 4.477083 0.000000 0.000002 -0.023332 0.170600 -0.064422
  6 4.477077 -0.000004 -0.000002 -0.016604 0.086487 0.070777
  7 5.413502 -7.700466 -0.000000 -0.041363 -0.052876 -0.550616
  8 6.890240 0.000002 -0.000000 -0.015664 -0.127183 -0.008122
  9 8.011925 0.000004 0.000005 -0.000982 0.240432 -0.015989
 10 7.210720 -0.000002 -0.000000 0.030498 -0.038294 0.249454
 11 8.581028 -0.304903 -0.000000 -0.017770 0.003581 1.044187
 12 22.523008 2.194031 6.355708 0.000000 -0.000000 0.000000
 13 22.523005 2.194038 -6.355709 0.000000 -0.000000 0.000000
 14 -3.006533 7.804720 -11.355459 0.090256 0.270714 1.418701
 15 10.384675 0.000008 0.000005 -0.098324 0.185484 -1.891084
 16 22.550743 -0.000006 -0.000004 0.133069 0.038991 2.069360
 17 30.814247 -0.000015 -0.000004 2.647676 -0.002629 0.507918
 18 -3.013796 7.815494 11.355459 -0.085013 -0.245688 1.532927
 19 10.374533 -0.000002 0.000007 -0.117996 -0.184226 -2.081250
 20 22.550726 -0.000027 -0.000013 -0.111670 0.143935 1.960325
 21 30.814270 -0.000023 0.000002 -2.555751 0.033253 0.518910
 22 -4.250660 -0.770624 0.000001 0.000000 0.000000 -2.988362
 23 10.363422 0.000000 0.000000 -0.000000 0.141254 0.304527
 24 10.363076 0.000000 -0.000000 0.000000 0.039858 0.019048
 25 10.363081 -0.000004 -0.000002 0.042934 0.004776 0.126054
 26 8.210358 -0.000006 23.418053 0.000000 0.000000 -0.150657
 27 8.210346 -0.000002 7.704017 0.000000 0.000000 0.010681
 28 1.854841 1.227791 -13.762345 2.673293 0.157957 2.359353
 29 10.456543 -0.000004 0.000004 0.012581 0.093331 -1.219406
 30 24.248093 0.000001 0.000007 0.113247 0.078072 1.063253
 31 26.336971 0.000019 0.000002 0.177145 -0.072339 0.990585
 32 1.854847 1.227798 13.762341 -2.534207 -0.182587 2.499972
 33 10.456542 -0.000008 0.000004 0.390533 0.415851 -0.217476
 34 24.248116 0.000002 -0.000004 -0.034241 -0.037992 0.907289
 35 26.336975 0.000000 0.000004 -0.315364 -0.316384 0.998336
time 155
  0 0.000000 0.000000 0.000000 0.000000 -0.000000 -1.570796
  1 0.000000 0.000000 0.000000 0.000000 -0.000000 0.000000
  2 -2.074282 -12.440157 6.409844 -1.577219 -0.224542 0.853921
  3 4.222169 -0.467508 0.000000 0.002222 0.052906 -0.285546
  4 4.476987 -0.000002 -0.000000 -0.011818 -0.056895 -0.131751
  5 4.477083 0.000000 0.000002 -0.022374 0.204862 -0.064704
  6 4.477077 -0.000004 -0.000002 -0.014578 0.122587 0.079265
  7 5.413502 -7.700466 -0.000000 -0.041363 -0.052876 -0.550616
  8 6.890240 0.000002 -0.000000 -0.010355 -0.131222 -0.009192
  9 8.011925 0.000004 0.000005 0.001336 0.245512 -0.017677
 10 7.210720 -0.000002 -0.000000 0.020698 -0.064829 0.261763
 11 8.581028 -0.304903 -0.000000 -0.017701 0.002079 1.046676
 12 22.523008 2.194031 6.355708 0.000000 -0.000000 0.000000
 13 22.523005 2.194038 -6.355709 0.000000 -0.000000 0.000000
 14 -3.006533 7.804720 -11.355459 0.077396 0.272410 1.388622
 15 10.384675 0.000008 0.000005 -0.096157 0.181325 -1.895249
 16 22.550743 -0.000006 -0.000004 0.133069 0.038991 2.069360
 17 30.814247 -0.000015 -0.000004 2.646802 -0.003726 0.507918
 18 -3.013796 7.815494 11.355459 -0.087456 -0.243297 1.537316
 19 10.374533 -0.000002 0.000007 -0.107615 0.076006 -2.094238
 20 22.550726 -0.000027 -0.000013 -0.113468 -0.293034 2.185768
 21 30.814270 -0.000023 0.000002 -2.625702 0.053512 0.477575
 22 -4.250660 -0.770624 0.000001 0.000000 0.000000 -2.988285
 23 10.363422 0.000000 0.000000 -0.000000 0.141254 0.304527
 24 10.363076 0.000000 -0.000000 0.000000 0.040145 0.022119
 25 10.363081 -0.000004 -0.000002 0.046911 0.006733 0.129517
 26 8.210358 -0.000006 1.636138 0.000000 0.000000 -0.146615
 27 8.210346 -0.000002 7.704017 0.000000 0.000000 0.011054
 28 1.854841 1.227791 -13.762345 2.664894 0.155267 2.388060
 29 10.456543 -0.000004 0.000004 0.015324 0.092352 -1.216193
 30 24.248093 0.000001 0.000007 0.113247 0.078072 1.063253
 31 26.336971 0.000019 0.000002 0.195373 -0.072129 0.990254
 32 1.854847 1.227798 13.762341 -2.539913 -0.182697 2.499799
 33 10.456542 -0.000008 0.000004 0.390431 0.417019 -0.190913
 34 24.248116 0.000002 -0.000004 -0.034241 -0.037992 0.907289
 35 26.336975 0.000000 0.000004 -0.310304 -0.315516 0.986015
time 156
  0 0.000000 0.000000 0.000000 0.000000 -0.000000 -1.570796
  1 0.000000 0.000000 0.000000 0.000000 -0.000000 0.000000
  2 -2.406323 -11.901077 6.280934 -1.325007 -0.253741 0.858427
  3 4.222169 -0.467508 0.000000 0.002246 0.045881 -0.285576
  4 4.476987 -0.000002 -0.000000 -0.012717 -0.056895 -0.131751
  5 4.477083 0.000000 0.000002 -0.021678 0.231709 -0.065045
  6 4.477077 -0.000004 -0.000002 -0.012565 0.158537 0.088095
  7 5.413502 -7.700466 -0.000000 -0.041363 -0.052876 -0.550616
  8 6.890240 0.000002 -0.000000 -0.004662 -0.134241 -0.010333
  9 8.011925 0.000004 0.000005 0.004112 0.250943 -0.018741
 10 7.210720 -0.000002 -0.000000 0.019902 -0.089422 0.273831
 11 8.581028 -0.304903 -0.000000 -0.017632 -0.000226 1.048954
 12 22.523008 2.194031 6.355708 0.000000 -0.000000 0.000000
 13 22.523005 2.194038 -6.355709 0.000000 -0.000000 0.000000
 14 -3.006533 7.804720 -11.355459 0.061389 0.273717 1.362251
 15 10.384675 0.000008 0.000005 -0.092908 0.182683 -1.900415
 16 22.550743 -0.000006 -0.000004 0.133069 0.038991 2.069360
 17 30.814247 -0.000015 -0.000004 2.645666 -0.005669 0.507918
 18 -3.013796 7.815494 11.355459 -0.090358 0.049400 1.542047
 19 10.374533 -0.000002 0.000007 -0.095818 -0.188479 -1.456052
 20 22.550726 -0.000027 -0.000013 -0.115858 -0.293269 2.062128
 21 30.814270 -0.000023 0.000002 -2.628438 0.037486 0.436686
 22 -4.250660 -0.770624 0.000001 0.000000 0.000000 -2.988208
 23 10.363422 0.000000 0.000000 -0.000000 0.141254 0.304527
 24 10.363076 0.000000 -0.000000 0.000000 0.040505 0.025268
 25 10.363081 -0.000004 -0.000002 0.049263 0.008674 0.133222
 26 8.210358 -0.000006 1.620512 0.000000 0.000000 -0.141927
 27 8.210346 -0.000002 7.704017 0.000000 0.000000 0.011665
 28 1.854841 1.227791 -13.762345 2.656407 0.152677 2.417558
 29 10.456543 -0.000004 0.000004 0.018032 0.091320 -1.212415
 30 24.248093 0.000001 0.000007 0.113247 0.078072 1.063253
 31 26.336971 0.000019 0.000002 0.214297 -0.071919 0.989867
 32 1.854847 1.227798 13.762341 -2.546126 -0.182834 2.499584
 33 10.456542 -0.000008 0.000004 0.390329 0.416797 -0.182598
 34 24.248116 0.000002 -0.000004 -0.034241 -0.037992 0.907289
 35 26.336975 0.000000 0.000004 -0.305287 -0.314523 0.973525
time 157
  0 0.000000 0.000000 0.000000 0.000000 -0.000000 -1.570796
  1 0.000000 0.000000 0.000000 0.000000 -0.000000 0.000000
  2 -2.750084 -11.377625 6.316092 -1.325487 -0.261559 0.861495
  3 4.222169 -0.467508 0.000000 0.002330 0.039856 -0.285699
  4 4.476987 -0.000002 -0.000000 -0.013520 -0.056895 -0.131751
  5 4.477083 0.000000 0.000002 -0.020516 0.251998 -0.065504
  6 4.477077 -0.000004 -0.000002 -0.010647 0.193979 0.097267
  7 5.413502 -7.700466 -0.000000 -0.041363 -0.052876 -0.550616
  8 6.890240 0.000002 -0.000000 0.001354 -0.136254 -0.011589
  9 8.011925 0.000004 0.000005 0.007793 0.256679 -0.019597
 10 7.210720 -0.000002 -0.000000 0.020341 -0.098356 0.285577
 11 8.581028 -0.304903 -0.000000 -0.017563 -0.003384 1.050917
 12 22.523008 2.194031 6.355708 0.000000 -0.000000 0.000000
 13 22.523005 2.194038 -6.355709 0.000000 -0.000000 0.000000
 14 -3.006533 7.804720 -11.355459 0.042019 0.274495 1.340070
 15 10.384675 0.000008 0.000005 -0.088724 0.184041 -1.906024
 16 22.550743 -0.000006 -0.000004 0.133069 0.038991 2.069360
 17 30.814247 -0.000015 -0.000004 2.644312 -0.008397 0.507918
 18 -3.013796 7.815494 11.355459 -0.093719 -0.242811 1.983287
 19 10.374533 -0.000002 0.000007 -0.082943 -0.189276 -2.120680
 20 22.550726 -0.000027 -0.000013 -0.118840 -0.291659 2.057289
 21 30.814270 -0.000023 0.000002 -2.628227 0.022170 0.396077
 22 -4.250660 -0.770624 0.000001 0.000000 0.000000 -2.988106
 23 10.363422 0.000000 0.000000 -0.000000 0.141254 0.304527
 24 10.363076 0.000000 -0.000000 0.000000 0.040852 0.028468
 25 10.363081 -0.000004 -0.000002 0.023629 0.010584 0.137223
 26 8.210358 -0.000006 1.593168 0.000000 0.000000 -0.136627
 27 8.210346 -0.000002 7.704017 0.000000 0.000000 0.012546
 28 1.854841 1.227791 -13.762345 2.647964 0.150185 2.447482
 29 10.456543 -0.000004 0.000004 0.020670 0.090234 -1.208160
 30 24.248093 0.000001 0.000007 0.113247 0.078072 1.063253
 31 26.336971 0.000019 0.000002 0.234178 -0.071656 0.989481
 32 1.854847 1.227798 13.762341 -2.552912 -0.182970 2.499325
 33 10.456542 -0.000008 0.000004 0.390227 0.416630 -0.186144
 34 24.248116 0.000002 -0.000004 -0.034241 -0.037992 0.907289
 35 26.336975 0.000000 0.000004 -0.495001 0.001525 0.961600
time 158
  0 0.000000 0.000000 0.000000 0.000000 -0.000000 -1.570796
  1 0.000000 0.000000 0.000000 0.000000 -0.000000 0.000000
  2 -3.097751 -10.869797 6.335624 -1.326925 -0.259006 0.863316
  3 4.222169 -0.467508 0.000000 0.002510 0.034943 -0.285883
  4 4.476987 -0.000002 -0.000000 -0.014575 -0.056895 -0.131751
  5 4.477083 0.000000 0.000002 -0.019545 0.250318 -0.066052
  6 4.477077 -0.000004 -0.000002 -0.009449 0.228088 0.106564
  7 5.413502 -7.700466 -0.000000 -0.041363 -0.052876 -0.550616
  8 6.890240 0.000002 -0.000000 0.007730 -0.137234 -0.012916
  9 8.011925 0.000004 0.000005 0.016161 0.261727 -0.020350
 10 7.210720 -0.000002 -0.000000 0.218704 -0.104729 0.296921
 11 8.581028 -0.304903 -0.000000 -0.017471 -0.007430 1.052599
 12 22.523008 2.194031 6.355708 0.000000 -0.000000 0.000000
 13 22.523005 2.194038 -6.355709 0.000000 -0.000000 0.000000
 14 -3.006533 7.804720 -11.355459 0.018958 0.274777 1.322558
 15 10.384675 0.000008 0.000005 -0.083757 0.350230 -1.911467
 16 22.550743 -0.000006 -0.000004 0.133069 0.038991 2.069360
 17 30.814247 -0.000015 -0.000004 2.642740 -0.011939 0.507918
 18 -3.013796 7.815494 11.355459 -0.097384 -0.242811 1.526258
 19 10.374533 -0.000002 0.000007 -0.069394 -0.191768 -2.115809
 20 22.550726 -0.000027 -0.000013 -0.122394 -0.288459 2.057661
 21 30.814270 -0.000023 0.000002 -2.628087 0.006633 0.355690
 22 -4.250660 -0.770624 0.000001 0.000000 0.000000 -2.987978
 23 10.363422 0.000000 0.000000 -0.000000 0.141254 0.304527
 24 10.363076 0.000000 -0.000000 -0.000000 0.042590 0.031720
 25 10.363081 -0.000004 -0.000002 0.000557 0.012464 0.141518
 26 8.210358 -0.000006 1.558010 0.000000 0.000000 -0.130751
 27 8.210346 -0.000002 7.704017 0.000000 0.000000 0.013733
 28 1.854841 1.227791 -13.762345 2.639609 0.147792 2.477406
 29 10.456543 -0.000004 0.000004 0.023256 0.089113 -1.203341
 30 24.248093 0.000001 0.000007 0.113247 0.078072 1.063253
 31 26.336971 0.000019 0.000002 0.254712 -0.071367 0.989039
 32 1.854847 1.227798 13.762341 -2.560239 -0.183135 2.499024
 33 10.456542 -0.000008 0.000004 0.390126 0.416463 -0.189416
 34 24.248116 0.000002 -0.000004 -0.034241 -0.037992 0.907289
 35 26.336975 0.000000 0.000004 -0.523947 0.003789 0.957474
time 159
  0 0.000000 0.000000 0.000000 0.000000 -0.000000 -1.570796
  1 0.000000 0.000000 0.000000 0.000000 -0.000000 0.000000
  2 -3.449324 -10.369781 6.347342 -1.329321 -0.259007 0.864083
  3 4.222169 -0.467508 0.000000 0.002929 0.031125 -0.286128
  4 4.476987 -0.000002 -0.000000 -0.014575 -0.056895 -0.131751
  5 4.477083 0.000000 0.000002 -0.018766 0.248767 -0.066690
  6 4.477077 -0.000004 -0.000002 -0.009833 0.255788 0.115814
  7 5.413502 -7.700466 -0.000000 -0.041363 -0.052876 -0.550616
  8 6.890240 0.000002 -0.000000 0.014501 -0.137182 -0.014359
  9 8.011925 0.000004 0.000005 0.104342 0.258452 -0.021388
 10 7.210720 -0.000002 -0.000000 -0.362274 0.036405 0.307782
 11 8.581028 -0.304903 -0.000000 -0.017356 -0.012466 1.053896
 12 22.523008 2.194031 6.355708 0.000000 -0.000000 0.000000
 13 22.523005 2.194038 -6.355709 0.000000 -0.000000 0.000000
 14 -3.006533 7.804720 -11.355459 -0.008009 0.274389 1.310265
 15 10.384675 0.000008 0.000005 -0.078117 0.156056 -1.450268
 16 22.550743 -0.000006 -0.000004 0.133069 0.038991 2.069360
 17 30.814247 -0.000015 -0.000004 2.641036 -0.016234 0.507918
 18 -3.013796 7.815494 11.355459 -0.101254 -0.243073 1.525517
 19 10.374533 -0.000002 0.000007 -0.055372 -0.195555 -2.099225
 20 22.550726 -0.000027 -0.000013 -0.126602 -0.283866 2.057909
 21 30.814270 -0.000023 0.000002 -2.350005 -0.008757 0.315527
 22 -4.250660 -0.770624 0.000001 0.000000 0.000000 -2.987849
 23 10.363422 0.000000 0.000000 -0.000000 0.141254 0.304527
 24 10.363076 0.000000 -0.000000 0.000000 0.056276 0.034998
 25 10.363081 -0.000004 -0.000002 -0.001856 0.014312 0.146136
 26 8.210358 -0.000006 1.515040 0.000000 0.000000 -0.124296
 27 8.210346 -0.000002 7.704017 0.000000 0.000000 0.015225
 28 1.854841 1.227791 -13.762345 2.631562 0.145522 2.507147
 29 10.456543 -0.000004 0.000004 0.025736 0.087957 -1.197957
 30 24.248093 0.000001 0.000007 0.113247 0.078072 1.063253
 31 26.336971 0.000019 0.000002 0.275811 -0.071051 0.988597
 32 1.854847 1.227798 13.762341 -2.568207 -0.183299 2.498679
 33 10.456542 -0.000008 0.000004 0.390024 0.416268 -0.192687
 34 24.248116 0.000002 -0.000004 -0.034241 -0.037992 0.907289
 35 26.336975 0.000000 0.000004 -0.551092 0.007078 0.952275
time 160
  0 0.000000 0.000000 0.000000 0.000000 -0.000000 -1.570796
  1 0.000000 0.000000 0.000000 0.000000 -0.000000 0.000000
  2 -3.804804 -9.881485 6.355156 -1.332389 -0.259006 0.863891
  3 4.222169 -0.467508 0.000000 0.003756 0.028362 -0.286374
  4 4.476987 -0.000002 -0.000000 -0.014575 -0.056895 -0.131751
  5 4.477083 0.000000 0.000002 -0.018107 0.248234 -0.067372
  6 4.477077 -0.000004 -0.000002 -0.011930 0.270145 0.124925
  7 5.413502 -7.700466 -0.000000 -0.041363 -0.052876 -0.550616
  8 6.890240 0.000002 -0.000000 0.095481 -0.135404 -0.015894
  9 8.011925 0.000004 0.000005 -0.149068 0.032894 -0.022115
 10 7.210720 -0.000002 -0.000000 -0.378689 0.003566 0.317946
 11 8.581028 -0.304903 -0.000000 -0.017264 -0.018561 1.054667
 12 22.523008 2.194031 6.355708 0.000000 -0.000000 0.000000
 13 22.523005 2.194038 -6.355709 0.000000 -0.000000 0.000000
 14 -3.006533 7.804720 -11.355459 0.220370 0.273293 1.303673
 15 10.384675 0.000008 0.000005 -0.071954 0.156417 -1.528134
 16 22.550743 -0.000006 -0.000004 0.133069 0.038991 2.069360
 17 30.814247 -0.000015 -0.000004 2.639114 -0.021281 0.507918
 18 -3.013796 7.815494 11.355459 -0.105225 -0.243596 1.523864
 19 10.374533 -0.000002 0.000007 -0.041149 -0.200339 -2.072842
 20 22.550726 -0.000027 -0.000013 -0.131341 -0.278134 2.549678
 21 30.814270 -0.000023 0.000002 -2.746308 -0.023682 0.275056
 22 -4.250660 -0.770624 0.000001 0.000000 0.000000 -2.987722
 23 10.363422 0.000000 0.000000 -0.000000 0.141254 0.304527
 24 10.363076 0.000000 -0.000000 0.000000 0.071053 0.038302
 25 10.363081 -0.000004 -0.000002 -0.001068 0.016115 0.151156
 26 8.210358 -0.000006 1.460351 0.000000 0.000000 -0.117299
 27 8.210346 -0.000002 7.704017 0.000000 0.000000 0.017056
 28 1.854841 1.227791 -13.762345 2.623779 0.143425 2.536280
 29 10.456543 -0.000004 0.000004 0.028095 0.086764 -1.192008
 30 24.248093 0.000001 0.000007 0.113247 0.078072 1.063253
 31 26.336971 0.000019 0.000002 0.297215 -0.070710 0.988045
 32 1.854847 1.227798 13.762341 -2.576783 -0.183518 2.498291
 33 10.456542 -0.000008 0.000004 0.389888 0.416101 -0.196116
 34 24.248116 0.000002 -0.000004 -0.034241 -0.037992 0.907289
 35 26.336975 0.000000 0.000004 -0.576350 0.011328 0.946341
time 161
  0 0.000000 0.000000 0.000000 0.000000 -0.000000 -1.570796
  1 0.000000 0.000000 0.000000 0.000000 -0.000000 0.000000
  2 -4.175909 -9.381470 6.343436 -1.336223 -0.259007 0.863124
  3 4.222169 -0.467508 0.000000 0.005194 0.026638 -0.286604
  4 4.476987 -0.000002 -0.000000 -0.014575 -0.056895 -0.131751
  5 4.477083 0.000000 0.000002 -0.017520 0.248573 -0.068083
  6 4.477077 -0.000004 -0.000002 -0.015753 0.275257 0.134128
  7 5.413502 -7.700466 -0.000000 -0.041363 -0.052876 -0.550616
  8 6.890240 0.000002 -0.000000 -0.080273 0.026898 -0.017523
  9 8.011925 0.000004 0.000005 -0.154948 0.003227 -0.022504
 10 7.210720 -0.000002 -0.000000 -0.392168 0.000106 0.327251
 11 8.581028 -0.304903 -0.000000 -0.017150 -0.025817 1.054947
 12 22.523008 2.194031 6.355708 0.000000 -0.000000 0.000000
 13 22.523005 2.194038 -6.355709 0.000000 -0.000000 0.000000
 14 -3.006533 7.804720 -11.355459 0.119284 0.271421 1.303329
 15 10.384675 0.000008 0.000005 -0.065380 0.156990 -1.530133
 16 22.550743 -0.000006 -0.000004 0.133069 0.038991 2.069360
 17 30.814247 -0.000015 -0.000004 2.637018 -0.021281 0.507918
 18 -3.013796 7.815494 11.355459 -0.109247 -0.244306 1.521413
 19 10.374533 -0.000002 0.000007 -0.027128 -0.205887 -2.038573
 20 22.550726 -0.000027 -0.000013 -0.136612 -0.271479 2.161511
 21 30.814270 -0.000023 0.000002 -2.348952 -0.037848 0.234391
 22 -4.250660 -0.770624 0.000001 0.000000 0.000000 -2.987593
 23 10.363422 0.000000 0.000000 -0.000000 0.141254 0.304527
 24 10.363076 0.000000 -0.000000 0.000000 0.083949 0.041580
 25 10.363081 -0.000004 -0.000002 -0.000280 0.017887 0.156553
 26 8.210358 -0.000006 1.401755 0.000000 0.000000 -0.109791
 27 8.210346 -0.000002 7.704017 0.000000 0.000000 0.019260
 28 1.854841 1.227791 -13.762345 2.616435 0.141426 2.564379
 29 10.456543 -0.000004 0.000004 0.030314 0.085554 -1.185452
 30 24.248093 0.000001 0.000007 0.113247 0.078072 1.063253
 31 26.336971 0.000019 0.000002 0.318619 -0.070316 0.987492
 32 1.854847 1.227798 13.762341 -2.586034 -0.183764 2.497860
 33 10.456542 -0.000008 0.000004 0.389787 0.415906 -0.199623
 34 24.248116 0.000002 -0.000004 -0.034241 -0.037992 0.907289
 35 26.336975 0.000000 0.000004 -0.599636 0.016384 0.939954
time 162
  0 0.000000 0.000000 0.000000 0.000000 -0.000000 -1.570796
  1 0.000000 0.000000 0.000000 0.000000 -0.000000 0.000000
  2 -4.625141 -8.736919 6.601257 -1.340729 -0.259006 0.861974
  3 4.222169 -0.467508 0.000000 0.007399 0.025915 -0.286772
  4 4.476987 -0.000002 -0.000000 -0.014575 -0.056895 -0.131751
  5 4.477083 0.000000 0.000002 -0.016933 0.249769 -0.068809
  6 4.477077 -0.000004 -0.000002 0.086787 0.276948 0.143410
  7 5.413502 -7.700466 -0.000000 -0.041363 -0.052876 -0.550616
  8 6.890240 0.000002 -0.000000 -0.067497 0.002640 -0.019222
  9 8.011925 0.000004 0.000005 -0.169001 0.000096 -0.022582
 10 7.210720 -0.000002 -0.000000 -0.402709 0.001236 0.335243
 11 8.581028 -0.304903 -0.000000 0.184356 -0.034301 1.054562
 12 22.523008 2.194031 6.355708 0.000000 -0.000000 0.000000
 13 22.523005 2.194038 -6.355709 0.000000 -0.000000 0.000000
 14 -3.006533 7.804720 -11.355459 0.108650 0.268771 1.309579
 15 10.384675 0.000008 0.000005 -0.058582 0.157775 -1.537076
 16 22.550743 -0.000006 -0.000004 0.133069 0.038991 2.069360
 17 30.814247 -0.000015 -0.000004 2.634834 -0.021281 0.507918
 18 -3.013796 7.815494 11.355459 -0.113218 -0.245202 1.518164
 19 10.374533 -0.000002 0.000007 -0.013511 -0.211834 -1.998389
 20 22.550726 -0.000027 -0.000013 -0.142392 -0.264156 2.551539
 21 30.814270 -0.000023 0.000002 -2.380209 -0.032416 0.193335
 22 -4.250660 -0.770624 0.000001 0.000000 0.000000 -2.987440
 23 10.363422 0.000000 0.000000 -0.000000 0.141254 0.304527
 24 10.363076 0.000000 -0.000000 0.000000 0.087820 0.044857
 25 10.363081 -0.000004 -0.000002 0.096158 0.019581 0.162378
 26 8.210358 -0.000006 1.335347 0.000000 0.000000 -0.101808
 27 8.210346 -0.000002 7.704017 0.000000 0.000000 0.021770
 28 1.854841 1.227791 -13.762345 2.609707 0.139551 2.591322
 29 10.456543 -0.000004 0.000004 0.032358 0.084327 -1.178288
 30 24.248093 0.000001 0.000007 0.113247 0.078072 1.063253
 31 26.336971 0.000019 0.000002 0.339892 -0.069895 0.986885
 32 1.854847 1.227798 13.762341 -2.595994 -0.184010 2.497387
 33 10.456542 -0.000008 0.000004 0.389651 0.415711 -0.203210
 34 24.248116 0.000002 -0.000004 -0.034241 -0.037992 0.907289
 35 26.336975 0.000000 0.000004 -0.620863 0.022061 0.933229
time 163
  0 0.000000 0.000000 0.000000 0.000000 -0.000000 -1.570796
  1 0.000000 0.000000 0.000000 0.000000 -0.000000 0.000000
  2 -5.168127 -8.139244 11.034986 -1.345905 -0.259007 0.860440
  3 4.222169 -0.467508 0.000000 0.010551 0.026175 -0.286864
  4 4.476987 -0.000002 -0.000000 -0.014575 -0.056895 -0.131751
  5 4.477083 0.000000 0.000002 -0.016309 0.251707 -0.069536
  6 4.477077 -0.000004 -0.000002 0.229823 0.024039 0.152567
  7 5.413502 -7.700466 -0.000000 -0.041363 -0.052876 -0.550616
  8 6.890240 0.000002 -0.000000 -0.049892 0.000078 -0.021037
  9 8.011925 0.000004 0.000005 -0.185778 0.001118 -0.022115
 10 7.210720 -0.000002 -0.000000 -0.410341 0.002366 0.341625
 11 8.581028 -0.304903 -0.000000 -0.054626 0.037555 1.053475
 12 22.523008 2.194031 6.355708 0.000000 -0.000000 0.000000
 13 22.523005 2.194038 -6.355709 0.000000 -0.000000 0.000000
 14 -3.006533 7.804720 -11.355459 0.112122 0.265485 1.322626
 15 10.384675 0.000008 0.000005 -0.051597 0.158730 -1.548517
 16 22.550743 -0.000006 -0.000004 0.133069 0.038991 2.069360
 17 30.814247 -0.000015 -0.000004 2.632432 -0.021281 0.507918
 18 -3.013796 7.815494 11.355459 -0.116935 -0.246249 1.514231
 19 10.374533 -0.000002 0.000007 -0.000636 -0.217980 -1.954146
 20 22.550726 -0.000027 -0.000013 -0.148623 -0.256382 1.099063
 21 30.814270 -0.000023 0.000002 -2.392171 -0.081131 0.152390
 22 -4.250660 -0.770624 0.000001 0.000000 0.000000 -2.987260
 23 10.363422 0.000000 0.000000 -0.000000 0.141254 0.304527
 24 10.363076 0.000000 -0.000000 -0.000000 0.090109 0.048109
 25 10.363081 -0.000004 -0.000002 -0.005673 0.102697 0.168527
 26 8.210358 -0.000006 1.261127 0.000000 0.000000 -0.093384
 27 8.210346 -0.000002 7.704017 0.000000 0.000000 0.024720
 28 1.854841 1.227791 -13.762345 2.603507 0.137800 2.616745
 29 10.456543 -0.000004 0.000004 0.034209 0.083099 -1.170516
 30 24.248093 0.000001 0.000007 0.113247 0.078072 1.063253
 31 26.336971 0.000019 0.000002 0.360730 -0.069448 0.986222
 32 1.854847 1.227798 13.762341 -2.606596 -0.184311 2.496827
 33 10.456542 -0.000008 0.000004 0.389549 0.415489 -0.206954
 34 24.248116 0.000002 -0.000004 -0.034241 -0.037992 0.907289
 35 26.336975 0.000000 0.000004 -0.640203 0.028234 0.926334
time 164
  0 0.000000 0.000000 0.000000 0.000000 -0.000000 -1.570796
  1 0.000000 0.000000 0.000000 0.000000 -0.000000 0.000000
  2 -5.652516 -7.498600 16.988293 -1.351561 -0.205395 0.858906
  3 4.222169 -0.467508 0.000000 0.163043 0.003448 -0.140995
  4 4.476987 -0.000002 -0.000000 -0.014575 -0.056895 -0.131751
  5 4.477083 0.000000 0.000002 -0.015578 0.254356 -0.070232
  6 4.477077 -0.000004 -0.000002 0.219061 -0.010802 0.161568
  7 5.413502 -7.700466 -0.000000 -0.041363 -0.052876 -0.550616
  8 6.890240 0.000002 -0.000000 -0.025827 0.000915 -0.022876
  9 8.011925 0.000004 0.000005 -0.199805 0.002141 -0.019338
 10 7.210720 -0.000002 -0.000000 -0.415062 0.140657 0.346077
 11 8.581028 -0.304903 -0.000000 -0.054006 0.005750 1.051618
 12 22.523008 2.194031 6.355708 0.000000 -0.000000 0.000000
 13 22.523005 2.194038 -6.355709 0.000000 -0.000000 0.000000
 14 -3.006533 7.804720 -11.355459 0.115595 0.261917 1.340413
 15 10.384675 0.000008 0.000005 -0.044612 0.159854 -1.564123
 16 22.550743 -0.000006 -0.000004 0.133069 0.038991 2.069360
 17 30.814247 -0.000015 -0.000004 2.629942 -0.021281 0.507918
 18 -3.013796 7.815494 11.355459 -0.120397 -0.247444 1.509728
 19 10.374533 -0.000002 0.000007 0.011094 -0.223994 -1.907874
 20 22.550726 -0.000027 -0.000013 -0.155261 -0.248451 1.112587
 21 30.814270 -0.000023 0.000002 -2.409220 -0.082990 0.120706
 22 -4.250660 -0.770624 0.000001 0.000000 0.000000 -2.987107
 23 10.363422 0.000000 0.000000 -0.000000 0.141254 0.304527
 24 10.363076 0.000000 -0.000000 0.000000 0.065157 0.051310
 25 10.363081 -0.000004 -0.000002 -0.005636 -0.021014 0.309904
 26 8.210358 -0.000006 1.179092 0.000000 0.000000 -0.084517
 27 8.210346 -0.000002 7.704017 0.000000 0.000000 0.028043
 28 1.854841 1.227791 -13.762345 3.043418 0.136171 2.640283
 29 10.456543 -0.000004 0.000004 0.035852 0.081853 -1.162092
 30 24.248093 0.000001 0.000007 0.113247 0.078072 1.063253
 31 26.336971 0.000019 0.000002 0.380829 -0.068923 0.985560
 32 1.854847 1.227798 13.762341 -2.618041 -0.184667 2.496223
 33 10.456542 -0.000008 0.000004 0.006526 0.415294 -0.210776
 34 24.248116 0.000002 -0.000004 -0.034241 -0.037992 0.907289
 35 26.336975 0.000000 0.000004 -0.657528 0.034718 0.919495
time 165
  0 0.000000 0.000000 0.000000 0.000000 -0.000000 -1.570796
  1 0.000000 0.000000 0.000000 0.000000 -0.000000 0.000000
  2 -6.090030 -6.850142 24.226795 -1.357696 -0.204836 0.857468
  3 4.222169 -0.467508 0.000000 0.162228 -0.000186 -0.169409
  4 4.476987 -0.000002 -0.000000 -0.014575 -0.056895 -0.131751
  5 4.477083 0.000000 0.000002 -0.014679 0.257636 -0.070232
  6 4.477077 -0.000004 -0.000002 0.185624 -0.014485 0.170507
  7 5.413502 -7.700466 -0.000000 -0.041363 -0.052876 -0.550616
  8 6.890240 0.000002 -0.000000 0.004267 0.001751 -0.025273
  9 8.011925 0.000004 0.000005 -0.205410 0.127277 -0.014224
 10 7.210720 -0.000002 -0.000000 -0.416435 0.051376 0.213653
 11 8.581028 -0.304903 -0.000000 -0.052674 0.002403 1.048989
 12 22.523008 2.194031 6.355708 0.000000 -0.000000 0.000000
 13 22.523005 2.194038 -6.355709 0.000000 -0.000000 0.000000
 14 -3.006533 7.804720 -11.355459 0.540611 0.258455 1.360466
 15 10.384675 0.000008 0.000005 -0.037740 0.161106 -1.583396
 16 22.550743 -0.000006 -0.000004 0.133069 0.038991 2.069360
 17 30.814247 -0.000015 -0.000004 2.627365 -0.021281 0.507918
 18 -3.013796 7.815494 11.355459 -0.123452 -0.248678 1.504712
 19 10.374533 -0.000002 0.000007 0.021407 -0.229575 -1.861370
 20 22.550726 -0.000027 -0.000013 -0.162309 -0.240442 1.149375
 21 30.814270 -0.000023 0.000002 -2.431462 -0.082892 0.115992
 22 -4.250660 -0.770624 0.000001 0.000000 0.000000 -2.986928
 23 10.363422 0.000000 0.000000 -0.000000 0.141254 0.304527
 24 10.363076 0.000000 -0.000000 0.000000 0.042698 0.054459
 25 10.363081 -0.000004 -0.000002 -0.005463 -0.020844 -0.030600
 26 8.210358 -0.000006 1.093153 0.000000 0.000000 -0.075244
 27 8.210346 -0.000002 7.704017 0.000000 0.000000 0.031807
 28 1.854841 1.227791 -13.762345 2.730018 0.371000 2.661813
 29 10.456543 -0.000004 0.000004 0.037232 0.080590 -1.152974
 30 24.248093 0.000001 0.000007 0.113247 0.078072 1.063253
 31 26.336971 0.000019 0.000002 0.400101 -0.068371 0.984786
 32 1.854847 1.227798 13.762341 -2.630297 -0.185050 2.495534
 33 10.456542 -0.000008 0.000004 -0.056350 0.415071 -0.214718
 34 24.248116 0.000002 -0.000004 -0.034241 -0.037992 0.907289
 35 26.336975 0.000000 0.000004 -0.672837 0.041294 0.912713
time 166
  0 0.000000 0.000000 0.000000 0.000000 -0.000000 -1.570796
  1 0.000000 0.000000 0.000000 0.000000 -0.000000 0.000000
  2 -6.476760 -6.189966 31.598114 -1.364215 -0.179905 0.856414
  3 4.222169 -0.467508 0.000000 0.160490 0.001001 -0.172414
  4 4.476987 -0.000002 -0.000000 -0.014575 -0.056895 -0.131751
  5 4.477083 0.000000 0.000002 -0.013565 0.261496 -0.070232
  6 4.477077 -0.000004 -0.000002 0.152271 -0.013283 0.179399
  7 5.413502 -7.700466 -0.000000 -0.041363 -0.052876 -0.550616
  8 6.890240 0.000002 -0.000000 0.037763 0.104128 -0.033744
  9 8.011925 0.000004 0.000005 -0.182294 0.000351 0.206796
 10 7.210720 -0.000002 -0.000000 -0.393046 0.051764 -0.073748
 11 8.581028 -0.304903 -0.000000 -0.050676 0.003496 1.045729
 12 22.523008 2.194031 6.355708 0.000000 -0.000000 0.000000
 13 22.523005 2.194038 -6.355709 0.000000 -0.000000 0.000000
 14 -3.006533 7.804720 -11.355459 0.044026 0.551837 1.380450
 15 10.384675 0.000008 0.000005 -0.031129 0.162485 -1.605944
 16 22.550743 -0.000006 -0.000004 0.133069 0.038991 2.069360
 17 30.814247 -0.000015 -0.000004 2.624613 -0.021281 0.507918
 18 -3.013796 7.815494 11.355459 -0.125997 -0.250060 1.499297
 19 10.374533 -0.000002 0.000007 0.030103 -0.234558 -1.816895
 20 22.550726 -0.000027 -0.000013 -0.169683 -0.232452 1.206698
 21 30.814270 -0.000023 0.000002 -2.456474 -0.082794 0.146979
 22 -4.250660 -0.770624 0.000001 0.000000 0.000000 -2.986774
 23 10.363422 0.000000 0.000000 -0.000000 0.141254 0.304527
 24 10.363076 0.000000 -0.000000 0.000000 0.040349 0.057556
 25 10.363081 -0.000004 -0.000002 -0.005131 -0.020644 -0.030305
 26 8.210358 -0.000006 0.999399 0.000000 0.000000 -0.065596
 27 8.210346 -0.000002 7.704017 0.000000 0.000000 0.036012
 28 1.854841 1.227791 -13.762345 2.729798 0.007975 2.601966
 29 10.456543 -0.000004 0.000004 0.038367 0.079362 -1.143162
 30 24.248093 0.000001 0.000007 0.113247 0.078072 1.063253
 31 26.336971 0.000019 0.000002 0.418285 -0.067767 0.983958
 32 1.854847 1.227798 13.762341 -2.643094 -0.185460 2.494759
 33 10.456542 -0.000008 0.000004 -0.062997 0.414849 -0.218777
 34 24.248116 0.000002 -0.000004 -0.034241 -0.037992 0.907289
 35 26.336975 0.000000 0.000004 -0.686217 0.047778 0.906214
time 167
  0 0.000000 0.000000 0.000000 0.000000 -0.000000 -1.570796
  1 0.000000 0.000000 0.000000 0.000000 -0.000000 0.000000
  2 -6.816614 -5.529790 39.067093 -1.371212 -0.253741 0.855838
  3 4.222169 -0.467508 0.000000 0.157914 0.002187 -0.171433
  4 4.476987 -0.000002 -0.000000 -0.014575 -0.056895 -0.131751
  5 4.477083 0.000000 0.000002 -0.012163 0.265858 -0.070232
  6 4.477077 -0.000004 -0.000002 0.119086 -0.012080 0.188276
  7 5.413502 -7.700466 -0.000000 -0.041363 -0.052876 -0.550616
  8 6.890240 0.000002 -0.000000 0.073406 0.000170 0.185403
  9 8.011925 0.000004 0.000005 -0.123870 0.000064 0.238411
 10 7.210720 -0.000002 -0.000000 -0.369795 0.052965 -0.073721
 11 8.581028 -0.304903 -0.000000 -0.048104 0.004589 1.042189
 12 22.523008 2.194031 6.355708 0.000000 -0.000000 0.000000
 13 22.523005 2.194038 -6.355709 0.000000 -0.000000 0.000000
 14 -3.006533 7.804720 -11.355459 0.044949 0.502304 2.057980
 15 10.384675 0.000008 0.000005 -0.024928 0.163991 -1.631215
 16 22.550743 -0.000006 -0.000004 0.133069 0.038991 2.069360
 17 30.814247 -0.000015 -0.000004 2.621774 -0.021281 0.507918
 18 -3.013796 7.815494 11.355459 -0.127932 -0.251480 1.493597
 19 10.374533 -0.000002 0.000007 0.036844 -0.238877 -1.775551
 20 22.550726 -0.000027 -0.000013 -0.177282 -0.224443 1.281701
 21 30.814270 -0.000023 0.000002 -2.481697 0.111059 0.216736
 22 -4.250660 -0.770624 0.000001 0.000000 0.000000 -2.986595
 23 10.363422 0.000000 0.000000 -0.000000 0.141254 0.304527
 24 10.363076 0.000000 -0.000000 0.000000 0.041116 0.060576
 25 10.363081 -0.000004 -0.000002 -0.004663 -0.020397 -0.029365
 26 8.210358 -0.000006 0.897834 0.000000 0.000000 -0.055677
 27 8.210346 -0.000002 7.704017 0.000000 0.000000 0.040657
 28 1.854841 1.227791 -13.762345 2.729095 0.008370 2.487684
 29 10.456543 -0.000004 0.000004 0.039223 0.078170 -1.132611
 30 24.248093 0.000001 0.000007 0.113247 0.078072 1.063253
 31 26.336971 0.000019 0.000002 0.435121 -0.067110 0.983130
 32 1.854847 1.227798 13.762341 -2.659840 -0.185926 2.493940
 33 10.456542 -0.000008 0.000004 -0.060827 0.414626 -0.222954
 34 24.248116 0.000002 -0.000004 -0.034241 -0.037992 0.907289
 35 26.336975 0.000000 0.000004 -0.697752 0.053951 0.900110
time 168
  0 0.000000 0.000000 0.000000 0.000000 -0.000000 -1.570796
  1 0.000000 0.000000 0.000000 0.000000 -0.000000 0.000000
  2 -7.109592 -4.869614 46.571228 -1.378402 -0.261559 1.767798
  3 4.222169 -0.467508 0.000000 0.154558 0.147394 -0.170451
  4 4.476987 -0.000002 -0.000000 -0.014575 -0.056895 -0.131751
  5 4.477083 0.000000 0.000002 -0.010449 0.270655 -0.070232
  6 4.477077 -0.000004 -0.000002 0.086080 0.135121 0.196810
  7 5.413502 -7.700466 -0.000000 -0.041363 -0.052876 -0.550616
  8 6.890240 0.000002 -0.000000 0.129529 0.000144 -0.057038
  9 8.011925 0.000004 0.000005 -0.048327 -0.000176 0.235867
 10 7.210720 -0.000002 -0.000000 -0.346599 0.054942 -0.072916
 11 8.581028 -0.304903 -0.000000 -0.045050 0.138314 1.038754
 12 22.523008 2.194031 6.355708 0.000000 -0.000000 0.000000
 13 22.523005 2.194038 -6.355709 0.000000 -0.000000 0.000000
 14 -3.006533 7.804720 -11.355459 0.046414 0.501032 1.548905
 15 10.384675 0.000008 0.000005 -0.019251 0.165540 -1.658929
 16 22.550743 -0.000006 -0.000004 0.133069 0.038991 2.069360
 17 30.814247 -0.000015 -0.000004 2.618847 -0.021281 0.507918
 18 -3.013796 7.815494 11.355459 -0.129154 -0.252937 1.487612
 19 10.374533 -0.000002 0.000007 0.041226 -0.242532 -1.738093
 20 22.550726 -0.000027 -0.000013 -0.185085 -0.216413 1.371778
 21 30.814270 -0.000023 0.000002 -2.507095 -0.079320 0.307661
 22 -4.250660 -0.770624 0.000001 0.000000 0.000000 -2.986415
 23 10.363422 0.000000 0.000000 -0.000000 0.141254 0.304527
 24 10.363076 0.000000 -0.000000 0.000000 0.041883 0.063544
 25 10.363081 -0.000004 -0.000002 -0.004060 -0.020074 -0.027835
 26 8.210358 -0.000006 0.788456 0.000000 0.000000 -0.045384
 27 8.210346 -0.000002 7.704017 0.000000 0.000000 0.045777
 28 1.854841 1.227791 -13.762345 2.727952 0.009505 2.475764
 29 10.456543 -0.000004 0.000004 0.039765 0.077049 -1.121322
 30 24.248093 0.000001 0.000007 0.113247 0.078072 1.063253
 31 26.336971 0.000019 0.000002 0.450522 -0.066374 0.982191
 32 1.854847 1.227798 13.762341 -2.664736 -0.186445 2.493035
 33 10.456542 -0.000008 0.000004 -0.058657 0.414403 -0.227211
 34 24.248116 0.000002 -0.000004 -0.034241 -0.037992 0.907289
 35 26.336975 0.000000 0.000004 -0.707487 0.059597 0.894571
time 169
  0 0.000000 0.000000 0.000000 0.000000 -0.000000 -1.570796
  1 0.000000 0.000000 0.000000 0.000000 -0.000000 0.000000
  2 -7.371319 -4.213344 54.044113 -1.385784 -0.632454 1.590161
  3 4.222169 -0.467508 0.000000 0.150495 0.147394 -0.050343
  4 4.476987 -0.000002 -0.000000 -0.014575 -0.056895 -0.131751
  5 4.477083 0.000000 0.000002 -0.008328 0.275792 -0.070232
  6 4.477077 -0.000004 -0.000002 0.053290 -0.014091 0.116204
  7 5.413502 -7.700466 -0.000000 -0.041363 -0.052876 -0.550616
  8 6.890240 0.000002 -0.000000 0.183940 0.000065 -0.056805
  9 8.011925 0.000004 0.000005 0.025473 -0.000399 0.232649
 10 7.210720 -0.000002 -0.000000 -0.322552 0.057626 -0.071415
 11 8.581028 -0.304903 -0.000000 -0.041583 -0.017929 1.329809
 12 22.523008 2.194031 6.355708 0.000000 -0.000000 0.000000
 13 22.523005 2.194038 -6.355709 0.000000 -0.000000 0.000000
 14 -3.006533 7.804720 -11.355459 0.048421 0.496616 1.550004
 15 10.384675 0.000008 0.000005 -0.014209 0.167195 -1.688365
 16 22.550743 -0.000006 -0.000004 0.133069 0.038991 2.069360
 17 30.814247 -0.000015 -0.000004 2.615790 -0.021281 0.507918
 18 -3.013796 7.815494 11.355459 -0.129561 -0.254357 1.481456
 19 10.374533 -0.000002 0.000007 0.043451 -0.245522 -1.704809
 20 22.550726 -0.000027 -0.000013 -0.192929 -0.208345 1.474078
 21 30.814270 -0.000023 0.000002 -2.532633 0.111059 0.393929
 22 -4.250660 -0.770624 0.000001 0.000000 0.000000 -2.986262
 23 10.363422 0.000000 0.000000 -0.000000 0.141254 0.304527
 24 10.363076 0.000000 -0.000000 0.000000 0.135758 0.066383
 25 10.363081 -0.000004 -0.000002 -0.003346 -0.019719 -0.025740
 26 8.210358 -0.000006 0.675171 0.000000 0.000000 -0.034785
 27 8.210346 -0.000002 7.704017 0.000000 0.000000 0.051372
 28 1.854841 1.227791 -13.762345 2.726413 0.011404 2.479656
 29 10.456543 -0.000004 0.000004 0.039975 0.076034 -1.109294
 30 24.248093 0.000001 0.000007 0.113247 0.078072 1.063253
 31 26.336971 0.000019 0.000002 0.407714 -0.065612 0.981197
 32 1.854847 1.227798 13.762341 -2.728210 -0.186993 2.492045
 33 10.456542 -0.000008 0.000004 0.206991 0.414153 -0.231585
 34 24.248116 0.000002 -0.000004 -0.034241 -0.037992 0.907289
 35 26.336975 0.000000 0.000004 -0.715635 0.064530 0.889598
time 170
  0 0.000000 0.000000 0.000000 0.000000 -0.000000 -1.570796
  1 0.000000 0.000000 0.000000 0.000000 -0.000000 0.000000
  2 -7.715079 -3.588325 61.411522 -1.393357 -0.630898 1.571372
  3 4.222169 -0.467508 0.000000 0.145797 0.147394 -0.172782
  4 4.476987 -0.000002 -0.000000 -0.014575 -0.056895 -0.131751
  5 4.477083 0.000000 0.000002 -0.005787 0.281284 -0.070232
  6 4.477077 -0.000004 -0.000002 0.020716 -0.013677 -0.153037
  7 5.413502 -7.700466 -0.000000 -0.041363 -0.052876 -0.550616
  8 6.890240 0.000002 -0.000000 0.225490 -0.000026 -0.056061
  9 8.011925 0.000004 0.000005 0.080847 -0.000623 0.228677
 10 7.210720 -0.000002 -0.000000 -0.297159 0.061016 -0.069296
 11 8.581028 -0.304903 -0.000000 -0.037794 -0.017639 1.280669
 12 22.523008 2.194031 6.355708 0.000000 -0.000000 0.000000
 13 22.523005 2.194038 -6.355709 0.000000 -0.000000 0.000000
 14 -3.006533 7.804720 -11.355459 0.050863 0.489338 1.549935
 15 10.384675 0.000008 0.000005 -0.009988 0.168871 -1.719412
 16 22.550743 -0.000006 -0.000004 0.133069 0.038991 2.069360
 17 30.814247 -0.000015 -0.000004 2.612645 -0.021281 0.507918
 18 -3.013796 7.815494 11.355459 -0.129052 -0.255703 1.475186
 19 10.374533 -0.000002 0.000007 0.043383 -0.247814 -1.675933
 20 22.550726 -0.000027 -0.000013 -0.200712 -0.200218 1.585869
 21 30.814270 -0.000023 0.000002 -2.558242 -0.051330 0.452947
 22 -4.250660 -0.770624 0.000001 0.000000 0.000000 -2.986083
 23 10.363422 0.000000 0.000000 -0.000000 0.141254 0.304527
 24 10.363076 0.000000 -0.000000 0.000000 0.036634 0.205627
 25 10.363081 -0.000004 -0.000002 -0.002521 -0.019288 -0.023056
 26 8.210358 -0.000006 0.557980 0.000000 0.000000 -0.023949
 27 8.210346 -0.000002 7.704017 0.000000 0.000000 0.057442
 28 1.854841 1.227791 -13.762345 2.724434 0.014020 2.483548
 29 10.456543 -0.000004 0.000004 0.083073 0.075180 -1.096486
 30 24.248093 0.000001 0.000007 0.113247 0.078072 1.063253
 31 26.336971 0.000019 0.000002 0.325971 -0.064771 0.980203
 32 1.854847 1.227798 13.762341 -2.734828 -0.187622 2.490968
 33 10.456542 -0.000008 0.000004 0.382529 0.132192 -0.236078
 34 24.248116 0.000002 -0.000004 -0.034241 -0.037992 0.907289
 35 26.336975 0.000000 0.000004 -0.722282 0.068500 0.885472
time 171
  0 0.000000 0.000000 0.000000 0.000000 -0.000000 -1.570796
  1 0.000000 0.000000 0.000000 0.000000 -0.000000 0.000000
  2 -8.129154 -3.197688 68.501587 -1.401026 -0.628465 1.577507
  3 4.222169 -0.467508 0.000000 0.140536 0.147394 -0.172981
  4 4.476987 -0.000002 -0.000000 -0.014575 -0.056895 -0.131751
  5 4.477083 0.000000 0.000002 -0.002419 0.287083 -0.070232
  6 4.477077 -0.000004 -0.000002 -0.011175 -0.012907 -0.149128
  7 5.413502 -7.700466 -0.000000 -0.041363 -0.052876 -0.550616
  8 6.890240 0.000002 -0.000000 0.242928 -0.000157 -0.054827
  9 8.011925 0.000004 0.000005 0.115985 -0.000895 0.223953
 10 7.210720 -0.000002 -0.000000 -0.269790 0.065023 -0.066641
 11 8.581028 -0.304903 -0.000000 -0.033752 -0.017178 1.279407
 12 22.523008 2.194031 6.355708 0.000000 -0.000000 0.000000
 13 22.523005 2.194038 -6.355709 0.000000 -0.000000 0.000000
 14 -3.006533 7.804720 -11.355459 0.053739 0.479410 1.548768
 15 10.384675 0.000008 0.000005 -0.006738 0.170611 -1.751513
 16 22.550743 -0.000006 -0.000004 0.133069 0.038991 2.069360
 17 30.814247 -0.000015 -0.000004 2.609369 -0.021281 0.507918
 18 -3.013796 7.815494 11.355459 -0.127525 -0.256936 1.468973
 19 10.374533 -0.000002 0.000007 0.041024 -0.249475 -1.651753
 20 22.550726 -0.000027 -0.000013 -0.208351 -0.192032 1.704174
 21 30.814270 -0.000023 0.000002 -2.583745 0.111793 0.485803
 22 -4.250660 -0.770624 0.000001 0.000000 0.000000 -2.985929
 23 10.363422 0.000000 0.000000 -0.000000 0.141254 0.304527
 24 10.363076 0.000000 -0.000000 0.000000 0.036670 -0.001626
 25 10.363081 -0.000004 -0.000002 -0.001598 -0.018780 -0.019861
 26 8.210358 -0.000006 0.432976 0.000000 0.000000 -0.012875
 27 8.210346 -0.000002 7.704017 0.000000 0.000000 0.064021
 28 1.854841 1.227791 -13.762345 2.722103 0.017326 2.959955
 29 10.456543 -0.000004 0.000004 0.050282 0.074504 -1.082852
 30 24.248093 0.000001 0.000007 0.113247 0.078072 1.063253
 31 26.336971 0.000019 0.000002 0.317444 -0.063851 0.979153
 32 1.854847 1.227798 13.762341 -2.732667 -0.188306 2.489805
 33 10.456542 -0.000008 0.000004 0.395823 -0.081421 -0.925534
 34 24.248116 0.000002 -0.000004 -0.034241 -0.037992 0.907289
 35 26.336975 0.000000 0.000004 -0.727513 0.071323 0.882307
time 172
  0 0.000000 0.000000 0.000000 0.000000 -0.000000 -1.570796
  1 0.000000 0.000000 0.000000 0.000000 -0.000000 0.000000
  2 -8.449476 -3.322691 74.259575 -1.408695 -0.625234 1.583643
  3 4.222169 -0.467508 0.000000 0.134795 0.007470 -0.172567
  4 4.476987 -0.000002 -0.000000 -0.014575 -0.056895 -0.131751
  5 4.477083 0.000000 0.000002 0.005239 0.292188 -0.070232
  6 4.477077 -0.000004 -0.000002 -0.028061 -0.012023 -0.141124
  7 5.413502 -7.700466 -0.000000 -0.041363 -0.052876 -0.550616
  8 6.890240 0.000002 -0.000000 0.244486 -0.000274 -0.053105
  9 8.011925 0.000004 0.000005 0.143764 -0.001198 0.218373
 10 7.210720 -0.000002 -0.000000 -0.239841 0.069667 -0.063530
 11 8.581028 -0.304903 -0.000000 -0.029573 -0.016546 1.275026
 12 22.523008 2.194031 6.355708 0.000000 -0.000000 0.000000
 13 22.523005 2.194038 -6.355709 0.000000 -0.000000 0.000000
 14 -3.006533 7.804720 -11.355459 0.056940 0.467151 1.546570
 15 10.384675 0.000008 0.000005 -0.004460 0.172329 -1.784226
 16 22.550743 -0.000006 -0.000004 0.133069 0.038991 2.069360
 17 30.814247 -0.000015 -0.000004 2.605918 -0.021281 0.507918
 18 -3.013796 7.815494 11.355459 -0.124826 -0.257982 1.462760
 19 10.374533 -0.000002 0.000007 0.036507 -0.250405 -1.632385
 20 22.550726 -0.000027 -0.000013 -0.215746 -0.183747 1.825208
 21 30.814270 -0.000023 0.000002 -2.609389 0.250522 0.619430
 22 -4.250660 -0.770624 0.000001 0.000000 0.000000 -2.985775
 23 10.363422 0.000000 0.000000 -0.000000 0.141254 0.304527
 24 10.363076 0.000000 -0.000000 0.000000 0.036837 -0.001342
 25 10.363081 -0.000004 -0.000002 -0.000576 -0.018210 -0.016156
 26 8.210358 -0.000006 0.304066 0.000000 0.000000 -0.001563
 27 8.210346 -0.000002 7.704017 0.000000 0.000000 0.071141
 28 1.854841 1.227791 -13.762345 2.719377 0.021347 2.430878
 29 10.456543 -0.000004 0.000004 0.046858 0.074041 -1.068480
 30 24.248093 0.000001 0.000007 0.113247 0.078072 1.063253
 31 26.336971 0.000019 0.000002 0.320228 -0.062852 0.977994
 32 1.854847 1.227798 13.762341 -2.730506 -0.189045 2.488555
 33 10.456542 -0.000008 0.000004 0.408643 -0.028268 -1.940407
 34 24.248116 0.000002 -0.000004 -0.034241 -0.037992 0.907289
 35 26.336975 0.000000 0.000004 -0.731587 0.072781 0.880273
time 173
  0 0.000000 0.000000 0.000000 0.000000 -0.000000 -1.570796
  1 0.000000 0.000000 0.000000 0.000000 -0.000000 0.000000
  2 -8.789330 -4.006306 77.244041 -1.416268 -0.621365 2.334550
  3 4.222169 -0.467508 0.000000 0.128659 -0.158072 -0.172337
  4 4.476987 -0.000002 -0.000000 -0.014575 -0.056895 -0.131751
  5 4.477083 0.000000 0.000002 0.085931 0.288876 -0.070232
  6 4.477077 -0.000004 -0.000002 -0.044420 -0.008190 -0.130472
  7 5.413502 -7.700466 -0.000000 -0.041363 -0.052876 -0.550616
  8 6.890240 0.000002 -0.000000 0.240279 -0.000457 -0.050895
  9 8.011925 0.000004 0.000005 0.165531 -0.001566 0.211935
 10 7.210720 -0.000002 -0.000000 -0.206790 0.074857 -0.060098
 11 8.581028 -0.304903 -0.000000 -0.025279 -0.015778 1.267805
 12 22.523008 2.194031 6.355708 0.000000 -0.000000 0.000000
 13 22.523005 2.194038 -6.355709 0.000000 -0.000000 0.000000
 14 -3.006533 7.804720 -11.355459 0.060467 0.452807 1.543205
 15 10.384675 0.000008 0.000005 -0.003414 0.174048 -1.817050
 16 22.550743 -0.000006 -0.000004 0.133069 0.038991 2.069360
 17 30.814247 -0.000015 -0.000004 2.602380 -0.021281 0.507918
 18 -3.013796 7.815494 11.355459 -0.120855 -0.258841 1.456661
 19 10.374533 -0.000002 0.000007 0.029699 -0.250671 -1.618179
 20 22.550726 -0.000027 -0.000013 -0.222773 -0.175424 1.947173
 21 30.814270 -0.000023 0.000002 -2.634963 0.246363 0.535366
 22 -4.250660 -0.770624 0.000001 0.000000 0.000000 -2.985622
 23 10.363422 0.000000 0.000000 -0.000000 0.141254 0.304527
 24 10.363076 0.000000 -0.000000 0.000000 0.037161 -0.001007
 25 10.363081 -0.000004 -0.000002 0.000545 -0.017563 -0.011968
 26 8.210358 -0.000006 0.171249 0.000000 0.000000 0.009885
 27 8.210346 -0.000002 7.704017 0.000000 0.000000 0.078805
 28 1.854841 1.227791 -13.762345 2.716299 0.026010 2.431182
 29 10.456543 -0.000004 0.000004 0.047976 0.073810 -1.053110
 30 24.248093 0.000001 0.000007 0.113247 0.078072 1.063253
 31 26.336971 0.000019 0.000002 0.323012 -0.061801 0.976834
 32 1.854847 1.227798 13.762341 -2.466039 -0.189975 2.487220
 33 10.456542 -0.000008 0.000004 0.421767 0.028030 -1.917904
 34 24.248116 0.000002 -0.000004 -0.034241 -0.037992 0.907289
 35 26.336975 0.000000 0.000004 -0.734546 0.072688 0.879368
time 174
  0 0.000000 0.000000 0.000000 0.000000 -0.000000 -1.570796
  1 0.000000 0.000000 0.000000 0.000000 -0.000000 0.000000
  2 31.122044 -5.252438 78.306572 -1.423745 -0.616897 1.569071
  3 4.222169 -0.467508 0.000000 0.122140 -0.155477 -0.172353
  4 4.476987 -0.000002 -0.000000 -0.014575 -0.056895 -0.131751
  5 4.477083 0.000000 0.000002 -0.145959 0.060805 -0.070232
  6 4.477077 -0.000004 -0.000002 -0.044816 -0.004055 -0.120178
  7 5.413502 -7.700466 -0.000000 -0.041363 -0.052876 -0.550616
  8 6.890240 0.000002 -0.000000 0.232058 -0.000706 -0.047823
  9 8.011925 0.000004 0.000005 0.181980 -0.002061 0.203941
 10 7.210720 -0.000002 -0.000000 -0.168441 0.080542 -0.056424
 11 8.581028 -0.304903 -0.000000 -0.020984 -0.014873 1.257956
 12 22.523008 2.194031 6.355708 0.000000 -0.000000 0.000000
 13 22.523005 2.194038 -6.355709 0.000000 -0.000000 0.000000
 14 -3.006533 7.804720 -11.355459 0.064319 0.436731 1.538810
 15 10.384675 0.000008 0.000005 -0.003675 0.175724 -1.849596
 16 22.550743 -0.000006 -0.000004 0.133069 0.038991 2.069360
 17 30.814247 -0.000015 -0.000004 2.598668 -0.021281 0.507918
 18 -3.013796 7.815494 11.355459 -0.115458 -0.259439 1.450790
 19 10.374533 -0.000002 0.000007 0.020733 -0.250439 -1.609076
 20 22.550726 -0.000027 -0.000013 -0.229350 -0.166904 2.066222
 21 30.814270 -0.000023 0.000002 -2.660431 0.237408 0.533023
 22 -4.250660 -0.770624 0.000001 0.000000 0.000000 -2.985494
 23 10.363422 0.000000 0.000000 -0.000000 0.141254 0.304527
 24 10.363076 0.000000 -0.000000 0.000000 0.037616 -0.000594
 25 10.363081 -0.000004 -0.000002 0.001739 -0.016839 -0.007323
 26 8.210358 -0.000006 0.030620 0.000000 0.000000 0.021503
 27 8.210346 -0.000002 7.704017 0.000000 0.000000 0.087045
 28 1.854841 1.227791 -13.762345 2.712957 0.031315 2.431486
 29 10.456543 -0.000004 0.000004 0.049094 0.073846 -1.036871
 30 24.248093 0.000001 0.000007 0.113247 0.078072 1.063253
 31 26.336971 0.000019 0.000002 0.663776 -0.060435 0.975674
 32 1.854847 1.227798 13.762341 -2.717339 0.021779 2.485669
 33 10.456542 -0.000008 0.000004 0.435062 0.084605 -1.891420
 34 24.248116 0.000002 -0.000004 -0.034241 -0.037992 0.907289
 35 26.336975 0.000000 0.000004 -0.736733 0.071354 0.879255
time 175
  0 0.000000 0.000000 0.000000 0.000000 -0.000000 -1.570796
  1 0.000000 0.000000 0.000000 0.000000 -0.000000 0.000000
  2 -19.922483 28.170458 78.658142 -1.431126 -0.611991 1.567825
  3 4.222169 -0.467508 0.000000 0.115345 -0.152882 -0.172690
  4 4.476987 -0.000002 -0.000000 -0.014575 -0.056895 -0.131751
  5 4.477083 0.000000 0.000002 -0.151340 0.030808 -0.070232
  6 4.477077 -0.000004 -0.000002 -0.044708 0.001282 -0.110990
  7 5.413502 -7.700466 -0.000000 -0.041363 -0.052876 -0.550616
  8 6.890240 0.000002 -0.000000 0.220744 -0.000876 -0.043797
  9 8.011925 0.000004 0.000005 0.180618 -0.002652 0.195894
 10 7.210720 -0.000002 -0.000000 -0.100115 0.086757 -0.052669
 11 8.581028 -0.304903 -0.000000 -0.016759 -0.013866 1.245794
 12 22.523008 2.194031 6.355708 0.000000 -0.000000 0.000000
 13 22.523005 2.194038 -6.355709 0.000000 -0.000000 0.000000
 14 -3.006533 7.804720 -11.355459 0.068280 0.419101 1.533454
 15 10.384675 0.000008 0.000005 -0.005394 0.177337 -1.881309
 16 22.550743 -0.000006 -0.000004 0.133069 0.038991 2.069360
 17 30.814247 -0.000015 -0.000004 2.594736 -0.021281 0.507918
 18 -3.013796 7.815494 11.355459 -0.108636 -0.259701 1.445204
 19 10.374533 -0.000002 0.000007 0.009678 -0.249907 -1.604321
 20 22.550726 -0.000027 -0.000013 -0.235356 -0.158266 2.179192
 21 30.814270 -0.000023 0.000002 -2.685724 0.223828 0.533023
 22 -4.250660 -0.770624 0.000001 0.000000 0.000000 -2.985391
 23 10.363422 0.000000 0.000000 -0.000000 0.141254 0.304527
 24 10.363076 0.000000 -0.000000 0.000000 0.038204 -0.000052
 25 10.363081 -0.000004 -0.000002 0.003007 -0.016022 -0.002222
 26 8.210358 -0.000006 -0.113915 0.000000 0.000000 0.033189
 27 8.210346 -0.000002 7.704017 0.000000 0.000000 0.095861
 28 1.854841 1.227791 -13.762345 2.709307 0.037236 2.431790
 29 10.456543 -0.000004 0.000004 0.185937 0.074184 -1.019721
 30 24.248093 0.000001 0.000007 0.113247 0.078072 1.063253
 31 26.336971 0.000019 0.000002 0.285338 0.154760 0.974183
 32 1.854847 1.227798 13.762341 -2.717406 -0.182122 2.822477
 33 10.456542 -0.000008 0.000004 0.448424 0.141265 -1.863832
 34 24.248116 0.000002 -0.000004 -0.034241 -0.037992 0.907289
 35 26.336975 0.000000 0.000004 -0.738620 0.069245 0.879255
time 176
  0 0.000000 0.000000 0.000000 0.000000 -0.000000 -1.570796
  1 0.000000 0.000000 0.000000 0.000000 -0.000000 0.000000
  2 -19.895138 74.792976 26.086227 -1.438220 -0.606765 1.570413
  3 4.222169 -0.467508 0.000000 0.108334 -0.150323 -0.173441
  4 4.476987 -0.000002 -0.000000 -0.014575 -0.056895 -0.131751
  5 4.477083 0.000000 0.000002 -0.164199 0.027642 -0.070232
  6 4.477077 -0.000004 -0.000002 -0.044648 0.007070 -0.103515
  7 5.413502 -7.700466 -0.000000 -0.041363 -0.052876 -0.550616
  8 6.890240 0.000002 -0.000000 0.203894 -0.000941 -0.039352
  9 8.011925 0.000004 0.000005 0.179361 -0.003339 0.187900
 10 7.210720 -0.000002 -0.000000 -0.031487 0.093413 -0.048888
 11 8.581028 -0.304903 -0.000000 -0.012695 -0.012756 1.231564
 12 22.523008 2.194031 6.355708 0.000000 -0.000000 0.000000
 13 22.523005 2.194038 -6.355709 0.000000 -0.000000 0.000000
 14 -3.006533 7.804720 -11.355459 0.072513 0.400376 1.526998
 15 10.384675 0.000008 0.000005 -0.008681 0.178843 -1.911800
 16 22.550743 -0.000006 -0.000004 0.133069 0.038991 2.069360
 17 30.814247 -0.000015 -0.000004 2.590631 -0.021281 0.507918
 18 -3.013796 7.815494 11.355459 -0.100134 -0.259663 1.439960
 19 10.374533 -0.000002 0.000007 -0.003534 -0.249409 -1.602813
 20 22.550726 -0.000027 -0.000013 -0.240769 -0.149491 2.282856
 21 30.814270 -0.000023 0.000002 -2.710807 0.205845 0.533358
 22 -4.250660 -0.770624 0.000001 0.000000 0.000000 -2.985263
 23 10.363422 0.000000 0.000000 -0.000000 0.141254 0.304527
 24 10.363076 0.000000 -0.000000 0.000000 0.038899 0.000542
 25 10.363081 -0.000004 -0.000002 0.004337 -0.015144 0.003308
 26 8.210358 -0.000006 -0.258451 0.000000 0.000000 0.045044
 27 8.210346 -0.000002 7.704017 0.000000 0.000000 0.105254
 28 1.854841 1.227791 -13.762345 2.705393 0.043799 2.432094
 29 10.456543 -0.000004 0.000004 0.053234 0.234032 -1.001571
 30 24.248093 0.000001 0.000007 0.113247 0.078072 1.063253
 31 26.336971 0.000019 0.000002 0.285556 -0.042723 1.408039
 32 1.854847 1.227798 13.762341 -2.717508 -0.182232 2.294302
 33 10.456542 -0.000008 0.000004 0.461888 0.197618 -1.835062
 34 24.248116 0.000002 -0.000004 -0.034241 -0.037992 0.907289
 35 26.336975 0.000000 0.000004 -0.740250 0.066484 0.879255
time 177
  0 0.000000 0.000000 0.000000 0.000000 -0.000000 -1.570796
  1 0.000000 0.000000 0.000000 0.000000 -0.000000 0.000000
  2 -19.152927 71.285057 18.843819 -1.444930 -0.601300 1.571851
  3 4.222169 -0.467508 0.000000 0.101203 -0.147876 -0.174637
  4 4.476987 -0.000002 -0.000000 -0.014575 -0.056895 -0.131751
  5 4.477083 0.000000 0.000002 -0.179551 0.028676 -0.070232
  6 4.477077 -0.000004 -0.000002 -0.044612 0.013290 -0.097255
  7 5.413502 -7.700466 -0.000000 -0.041363 -0.052876 -0.550616
  8 6.890240 0.000002 -0.000000 0.166598 -0.001085 -0.035186
  9 8.011925 0.000004 0.000005 0.178929 -0.004074 0.180009
 10 7.210720 -0.000002 -0.000000 0.034396 0.100474 -0.045214
 11 8.581028 -0.304903 -0.000000 -0.008883 -0.011544 1.215616
 12 22.523008 2.194031 6.355708 0.000000 -0.000000 0.000000
 13 22.523005 2.194038 -6.355709 0.000000 -0.000000 0.000000
 14 -3.006533 7.804720 -11.355459 0.076799 0.380627 1.519650
 15 10.384675 0.000008 0.000005 -0.013723 0.180222 -1.940681
 16 22.550743 -0.000006 -0.000004 0.133069 0.038991 2.069360
 17 30.814247 -0.000015 -0.000004 2.586306 -0.021281 0.507918
 18 -3.013796 7.815494 11.355459 -0.090002 -0.259290 1.435001
 19 10.374533 -0.000002 0.000007 -0.018971 -0.249110 -1.603683
 20 22.550726 -0.000027 -0.000013 -0.245508 -0.140539 2.373988
 21 30.814270 -0.000023 0.000002 -2.735749 0.183604 0.533023
 22 -4.250660 -0.770624 0.000001 0.000000 0.000000 -2.985186
 23 10.363422 0.000000 0.000000 -0.000000 0.141254 0.304527
 24 10.363076 0.000000 -0.000000 0.000000 0.039702 0.001265
 25 10.363081 -0.000004 -0.000002 0.005716 -0.014173 0.009242
 26 8.210358 -0.000006 -0.410800 0.000000 0.000000 0.057002
 27 8.210346 -0.000002 7.704017 0.000000 0.000000 0.115257
 28 1.854841 1.227791 -13.762345 2.701260 0.050954 2.432398
 29 10.456543 -0.000004 0.000004 0.052990 0.097815 -0.898147
 30 24.248093 0.000001 0.000007 0.113247 0.078072 1.063253
 31 26.336971 0.000019 0.000002 0.285773 -0.042854 1.379211
 32 1.854847 1.227798 13.762341 -2.717575 -0.182341 2.295077
 33 10.456542 -0.000008 0.000004 0.475216 0.253832 -1.805385
 34 24.248116 0.000002 -0.000004 -0.034241 -0.037992 0.907289
 35 26.336975 0.000000 0.000004 -0.741536 0.063072 0.879255
time 178
  0 0.000000 0.000000 0.000000 0.000000 -0.000000 -1.570796
  1 0.000000 0.000000 0.000000 0.000000 -0.000000 0.000000
  2 -18.293528 60.386284 18.078169 -1.451353 -0.595716 1.571755
  3 4.222169 -0.467508 0.000000 0.094000 -0.145578 -0.176293
  4 4.476987 -0.000002 -0.000000 -0.014575 -0.056895 -0.131751
  5 4.477083 0.000000 0.000002 -0.192387 0.029710 -0.070232
  6 4.477077 -0.000004 -0.000002 -0.044588 0.019849 -0.092131
  7 5.413502 -7.700466 -0.000000 -0.041363 -0.052876 -0.550616
  8 6.890240 0.000002 -0.000000 0.084971 -0.001412 -0.031765
  9 8.011925 0.000004 0.000005 0.179204 -0.004841 0.172300
 10 7.210720 -0.000002 -0.000000 0.096079 0.107854 -0.041728
 11 8.581028 -0.304903 -0.000000 -0.005392 -0.010298 1.198126
 12 22.523008 2.194031 6.355708 0.000000 -0.000000 0.000000
 13 22.523005 2.194038 -6.355709 0.000000 -0.000000 0.000000
 14 -3.006533 7.804720 -11.355459 0.081248 0.360206 1.511341
 15 10.384675 0.000008 0.000005 -0.020633 0.181410 -1.967284
 16 22.550743 -0.000006 -0.000004 0.133069 0.038991 2.069360
 17 30.814247 -0.000015 -0.000004 2.581764 -0.021281 0.507918
 18 -3.013796 7.815494 11.355459 -0.077936 -0.258617 1.430270
 19 10.374533 -0.000002 0.000007 -0.036498 -0.249276 -1.605828
 20 22.550726 -0.000027 -0.000013 -0.249512 -0.131391 2.449612
 21 30.814270 -0.000023 0.000002 -2.761604 0.157253 0.533023
 22 -4.250660 -0.770624 0.000001 0.000000 0.000000 -2.985110
 23 10.363422 0.000000 0.000000 -0.000000 0.141254 0.304527
 24 10.363076 0.000000 -0.000000 0.000000 0.040601 0.002116
 25 10.363081 -0.000004 -0.000002 0.007156 -0.013110 0.015551
 26 8.210358 -0.000006 -0.567054 0.000000 0.000000 0.068993
 27 8.210346 -0.000002 7.704017 0.000000 0.000000 0.125905
 28 1.854841 1.227791 -13.762345 2.696950 0.058676 2.432763
 29 10.456543 -0.000004 0.000004 0.052640 0.097868 -1.328909
 30 24.248093 0.000001 0.000007 0.113247 0.078072 1.063253
 31 26.336971 0.000019 0.000002 0.285991 -0.042960 1.376008
 32 1.854847 1.227798 13.762341 -2.717643 -0.182451 2.295767
 33 10.456542 -0.000008 0.000004 0.488273 0.309322 -1.774724
 34 24.248116 0.000002 -0.000004 -0.034241 -0.037992 0.907289
 35 26.336975 0.000000 0.000004 -0.742565 0.059070 0.879255
time 179
  0 0.000000 0.000000 0.000000 0.000000 -0.000000 -1.570796
  1 0.000000 0.000000 0.000000 0.000000 -0.000000 0.000000
  2 -17.328653 49.514858 18.328176 -1.457392 -0.590131 1.569646
  3 4.222169 -0.467508 0.000000 0.086809 -0.143483 -0.176845
  4 4.476987 -0.000002 -0.000000 -0.014575 -0.056895 -0.131751
  5 4.477083 0.000000 0.000002 -0.197516 0.156240 -0.070232
  6 4.477077 -0.000004 -0.000002 -0.044624 0.026839 -0.088145
  7 5.413502 -7.700466 -0.000000 -0.041363 -0.052876 -0.550616
  8 6.890240 0.000002 -0.000000 0.006388 -0.001817 -0.029089
  9 8.011925 0.000004 0.000005 0.180173 -0.005623 0.164850
 10 7.210720 -0.000002 -0.000000 0.131327 0.115534 -0.038537
 11 8.581028 -0.304903 -0.000000 -0.002292 -0.008967 1.179550
 12 22.523008 2.194031 6.355708 0.000000 -0.000000 0.000000
 13 22.523005 2.194038 -6.355709 0.000000 -0.000000 0.000000
 14 -3.006533 7.804720 -11.355459 0.085643 0.339396 1.502207
 15 10.384675 0.000008 0.000005 -0.029485 0.182429 -1.991610
 16 22.550743 -0.000006 -0.000004 0.133069 0.038991 2.069360
 17 30.814247 -0.000015 -0.000004 2.576872 -0.021281 0.507918
 18 -3.013796 7.815494 11.355459 -0.063833 -0.257646 1.425823
 19 10.374533 -0.000002 0.000007 -0.056249 -0.250206 -1.608322
 20 22.550726 -0.000027 -0.000013 -0.252699 -0.122066 2.506500
 21 30.814270 -0.000023 0.000002 -2.780231 0.126987 0.534975
 22 -4.250660 -0.770624 0.000001 0.000000 0.000000 -2.985058
 23 10.363422 0.000000 0.000000 -0.000000 0.141254 0.304527
 24 10.363076 0.000000 -0.000000 0.000000 0.041595 0.003071
 25 10.363081 -0.000004 -0.000002 0.008621 -0.011955 0.022209
 26 8.210358 -0.000006 -0.723309 0.000000 0.000000 0.080917
 27 8.210346 -0.000002 7.704017 0.000000 0.000000 0.137129
 28 1.854841 1.227791 -13.762345 2.692465 0.066966 2.433128
 29 10.456543 -0.000004 0.000004 0.052204 0.098064 -1.328736
 30 24.248093 0.000001 0.000007 0.113247 0.078072 1.063253
 31 26.336971 0.000019 0.000002 0.286208 -0.043091 1.372805
 32 1.854847 1.227798 13.762341 -2.717710 -0.182533 2.296499
 33 10.456542 -0.000008 0.000004 0.500854 0.363839 -1.743392
 34 24.248116 0.000002 -0.000004 -0.034241 -0.037992 0.907289
 35 26.336975 0.000000 0.000004 -0.743251 0.054541 0.879255
time 180
  0 0.000000 0.000000 0.000000 0.000000 -0.000000 -1.570796
  1 0.000000 0.000000 0.000000 0.000000 -0.000000 0.000000
  2 -16.277840 38.698120 18.578184 -1.462856 -0.584626 1.564949
  3 4.222169 -0.467508 0.000000 0.079702 -0.141648 -0.178164
  4 4.476987 -0.000002 -0.000000 -0.014575 -0.056895 -0.131751
  5 4.477083 0.000000 0.000002 -0.176364 0.027900 -0.070232
  6 4.477077 -0.000004 -0.000002 -0.043833 0.034244 -0.085233
  7 5.413502 -7.700466 -0.000000 -0.041363 -0.052876 -0.550616
  8 6.890240 0.000002 -0.000000 -0.065232 -0.002235 -0.026762
  9 8.011925 0.000004 0.000005 0.181744 -0.006406 0.157764
 10 7.210720 -0.000002 -0.000000 0.110381 0.123426 -0.035694
 11 8.581028 -0.304903 -0.000000 0.000303 -0.007618 1.159957
 12 22.523008 2.194031 6.355708 0.000000 -0.000000 0.000000
 13 22.523005 2.194038 -6.355709 0.000000 -0.000000 0.000000
 14 -3.006533 7.804720 -11.355459 0.090038 0.318516 1.492112
 15 10.384675 0.000008 0.000005 -0.040504 0.183214 -2.012937
 16 22.550743 -0.000006 -0.000004 0.133069 0.038991 2.069360
 17 30.814247 -0.000015 -0.000004 2.571674 -0.021281 0.507918
 18 -3.013796 7.815494 11.355459 -0.047643 -0.256338 1.421663
 19 10.374533 -0.000002 0.000007 -0.078022 -0.252133 -1.610235
 20 22.550726 -0.000027 -0.000013 -0.085646 -0.112467 2.541613
 21 30.814270 -0.000023 0.000002 -2.775776 0.092953 0.755233
 22 -4.250660 -0.770624 0.000001 0.000000 0.000000 -2.985033
 23 10.363422 0.000000 0.000000 -0.000000 0.141254 0.304527
 24 10.363076 0.000000 -0.000000 0.000000 0.042686 0.004155
 25 10.363081 -0.000004 -0.000002 0.010123 -0.010707 0.029216
 26 8.210358 -0.000006 -0.887377 0.000000 0.000000 0.070556
 27 8.210346 -0.000002 7.704017 0.000000 0.000000 0.149133
 28 1.854841 1.227791 -13.762345 2.687848 0.075799 2.433493
 29 10.456543 -0.000004 0.000004 0.051662 0.098384 -1.328215
 30 24.248093 0.000001 0.000007 0.113247 0.078072 1.063253
 31 26.336971 0.000019 0.000002 0.286426 -0.043196 1.369657
 32 1.854847 1.227798 13.762341 -2.717778 -0.182615 2.297189
 33 10.456542 -0.000008 0.000004 0.512690 0.417047 -1.711548
 34 24.248116 0.000002 -0.000004 -0.034241 -0.037992 0.907289
 35 26.336975 0.000000 0.000004 -0.743637 0.049515 0.879255
end
