version 1
nodes
  0 "Chaurus" -1
  1 "NPC Root [Root]" 0
  2 "Pelvis [Pelv]" 1
  3 "Spine[Spn0]" 2
  4 "Spine[Spn1]" 3
  5 "Spine[Spn2]" 4
  6 "Ribcage[Spn3]" 5
  7 "[Neck0]" 6
  8 "[Neck1]" 7
  9 "[Neck2]" 8
 10 "[Neck3]" 9
 11 "NPC Head [Head]" 10
 12 "Head[LeftPincher]" 11
 13 "Head[RightPincher]" 11
 14 "R UpperArm[RClv]" 6
 15 "R UpperArm[RUar]" 14
 16 "R UpperArm[RLar]" 15
 17 "R UpperArm[RHnd]" 16
 18 "L UpperArm[RClv]" 6
 19 "L UpperArm[LUar]" 18
 20 "L UpperArm[LLar]" 19
 21 "L UpperArm[LHnd]" 20
 22 "Tail[Tal0]" 2
 23 "Tail[Tal1]" 22
 24 "Tail[Tal2]" 23
 25 "Tail[Tal3]" 24
 26 "[TalRightPincher]" 25
 27 "[TalLeftPincher]" 25
 28 "R Leg[RThg0]" 2
 29 "R Leg[RThg1]" 28
 30 "R Leg[RClf]" 29
 31 "R Leg[RAnkle]" 30
 32 "LLeg[RThg0]" 2
 33 "LLeg[LThg1]" 32
 34 "LLeg[LClf]" 33
 35 "LLeg[LAnkle]" 34
end
skeleton
time 0
  0 0.000000 0.000000 0.000000 0.000000 -0.000000 -1.570796
  1 0.000000 0.000000 0.000000 0.000000 -0.000000 0.000000
  2 0.000000 -2.951586 28.070662 -1.570317 0.018466 1.571276
  3 4.222169 -0.467508 0.000000 -0.002069 -0.000668 0.022109
  4 4.476987 -0.000002 -0.000000 0.015327 -0.013331 0.198502
  5 4.477083 0.000000 0.000002 -0.004421 0.028191 -0.067787
  6 4.477077 -0.000004 -0.000002 -0.006429 -0.015726 -0.152773
  7 5.413502 -7.700466 -0.000000 -0.000239 -0.086655 0.165468
  8 6.890240 0.000002 -0.000000 0.000324 -0.121838 -0.244256
  9 8.011925 0.000004 0.000005 0.000039 -0.104065 -0.173857
 10 7.210720 -0.000002 -0.000000 0.000357 -0.043272 -0.305234
 11 8.581028 -0.304903 -0.000000 0.001910 0.159107 0.588012
 12 22.523008 2.194031 6.355708 0.000000 -0.000000 0.000000
 13 22.523005 2.194038 -6.355709 0.000000 -0.000000 0.000000
 14 -3.006533 7.804720 -11.355459 0.266220 0.173203 0.883530
 15 10.384675 0.000008 0.000005 0.007194 0.190979 -1.803998
 16 22.550743 -0.000006 -0.000004 0.124929 0.013450 1.916636
 17 30.814247 -0.000015 -0.000004 2.610679 0.205584 0.551823
 18 -3.013796 7.815494 11.355459 -0.229758 -0.191207 0.890306
 19 10.374533 -0.000002 0.000007 -0.007242 -0.190970 -1.803152
 20 22.550726 -0.000027 -0.000013 -0.124927 -0.013467 1.915782
 21 30.814270 -0.000023 0.000002 -2.628227 -0.168650 0.558069
 22 -4.250660 -0.770624 0.000001 0.000000 0.000000 2.933269
 23 10.363422 0.000000 0.000000 0.000000 -0.000008 -0.331735
 24 10.363076 0.000000 -0.000000 0.000000 0.000009 0.182630
 25 10.363081 -0.000004 -0.000002 -0.000009 -0.000015 0.462128
 26 8.210358 -0.000006 -7.786025 0.000000 0.000000 -0.001291
 27 8.210346 -0.000002 7.704017 0.000000 0.000000 -0.001289
 28 1.854841 1.227791 -13.762345 2.679713 0.172883 2.188569
 29 10.456543 -0.000004 0.000004 0.088524 0.076123 -0.941436
 30 24.248093 0.000001 0.000007 0.020567 0.025529 0.713137
 31 26.336971 0.000019 0.000002 0.333323 -0.046402 0.860141
 32 1.854847 1.227798 13.762341 -2.680368 -0.173230 2.188581
 33 10.456542 -0.000008 0.000004 -0.088026 -0.076940 -0.946107
 34 24.248116 0.000002 -0.000004 -0.020613 -0.025492 0.716129
 35 26.336975 0.000000 0.000004 -0.331874 0.048957 0.869704
time 1
  0 0.000000 0.000000 0.000000 0.000000 -0.000000 -1.570796
  1 0.000000 0.000000 0.000000 0.000000 -0.000000 0.000000
  2 0.000000 -2.951586 28.070662 -1.570317 0.018466 1.571276
  3 4.222169 -0.467508 0.000000 -0.002069 -0.000668 0.022109
  4 4.476987 -0.000002 -0.000000 0.015327 -0.013331 0.198502
  5 4.477083 0.000000 0.000002 -0.004421 0.028191 -0.067787
  6 4.477077 -0.000004 -0.000002 -0.006429 -0.015726 -0.152773
  7 5.413502 -7.700466 -0.000000 -0.000239 -0.086655 0.165468
  8 6.890240 0.000002 -0.000000 0.000324 -0.121838 -0.244256
  9 8.011925 0.000004 0.000005 0.000039 -0.104065 -0.173857
 10 7.210720 -0.000002 -0.000000 0.000357 -0.043272 -0.305234
 11 8.581028 -0.304903 -0.000000 0.001910 0.159107 0.588012
 12 22.523008 2.194031 6.355708 0.000000 -0.000000 0.000000
 13 22.523005 2.194038 -6.355709 0.000000 -0.000000 0.000000
 14 -3.006533 7.804720 -11.355459 0.266220 0.173203 0.883530
 15 10.384675 0.000008 0.000005 0.007194 0.190979 -1.803998
 16 22.550743 -0.000006 -0.000004 0.124929 0.013450 1.916636
 17 30.814247 -0.000015 -0.000004 2.610679 0.205584 0.551823
 18 -3.013796 7.815494 11.355459 -0.229758 -0.191207 0.890306
 19 10.374533 -0.000002 0.000007 -0.007242 -0.190970 -1.803152
 20 22.550726 -0.000027 -0.000013 -0.124927 -0.013467 1.915782
 21 30.814270 -0.000023 0.000002 -2.628227 -0.168650 0.558069
 22 -4.250660 -0.770624 0.000001 0.000000 0.000000 2.933269
 23 10.363422 0.000000 0.000000 0.000000 -0.000008 -0.331735
 24 10.363076 0.000000 -0.000000 0.000000 0.000009 0.182630
 25 10.363081 -0.000004 -0.000002 -0.000009 -0.000015 0.462128
 26 8.210358 -0.000006 -7.786025 0.000000 0.000000 -0.001291
 27 8.210346 -0.000002 7.704017 0.000000 0.000000 -0.001289
 28 1.854841 1.227791 -13.762345 2.679713 0.172883 2.188569
 29 10.456543 -0.000004 0.000004 0.088524 0.076123 -0.941436
 30 24.248093 0.000001 0.000007 0.020567 0.025529 0.713137
 31 26.336971 0.000019 0.000002 0.333323 -0.046402 0.860141
 32 1.854847 1.227798 13.762341 -2.680368 -0.173230 2.188581
 33 10.456542 -0.000008 0.000004 -0.088026 -0.076940 -0.946107
 34 24.248116 0.000002 -0.000004 -0.020613 -0.025492 0.716129
 35 26.336975 0.000000 0.000004 -0.331874 0.048957 0.869704
time 2
  0 0.000000 0.000000 0.000000 0.000000 -0.000000 -1.570796
  1 0.000000 0.000000 0.000000 0.000000 -0.000000 0.000000
  2 0.007813 -3.244564 28.051130 -1.570509 0.017788 1.570701
  3 4.222169 -0.467508 0.000000 -0.002069 -0.001317 0.021265
  4 4.476987 -0.000002 -0.000000 0.015267 -0.013695 0.197015
  5 4.477083 0.000000 0.000002 -0.004301 0.027529 -0.067624
  6 4.477077 -0.000004 -0.000002 -0.006237 -0.015650 -0.151791
  7 5.413502 -7.700466 -0.000000 -0.000359 -0.085839 0.137495
  8 6.890240 0.000002 -0.000000 0.001198 -0.117629 -0.208697
  9 8.011925 0.000004 0.000005 0.000393 -0.103042 -0.145902
 10 7.210720 -0.000002 -0.000000 0.000165 -0.043149 -0.294078
 11 8.581028 -0.304903 -0.000000 0.001451 0.157963 0.579565
 12 22.523008 2.194031 6.355708 0.000000 -0.000000 0.000000
 13 22.523005 2.194038 -6.355709 0.000000 -0.000000 0.000000
 14 -3.006533 7.804720 -11.355459 0.266817 0.171083 0.886002
 15 10.384675 0.000008 0.000005 0.008688 0.188624 -1.797056
 16 22.550743 -0.000006 -0.000004 0.124689 0.013507 1.905195
 17 30.814247 -0.000015 -0.000004 2.615440 0.207182 0.557445
 18 -3.013796 7.815494 11.355459 -0.229096 -0.189488 0.889679
 19 10.374533 -0.000002 0.000007 -0.012028 -0.192997 -1.784829
 20 22.550726 -0.000027 -0.000013 -0.124580 -0.013683 1.904988
 21 30.814270 -0.000023 0.000002 -2.630543 -0.171708 0.564763
 22 -4.250660 -0.770624 0.000001 0.000000 0.000000 2.937058
 23 10.363422 0.000000 0.000000 0.000000 -0.000008 -0.327092
 24 10.363076 0.000000 -0.000000 0.000000 0.000009 0.179920
 25 10.363081 -0.000004 -0.000002 -0.000009 -0.000015 0.448785
 26 8.210358 -0.000006 -7.786025 0.000000 0.000000 -0.001291
 27 8.210346 -0.000002 7.704017 0.000000 0.000000 -0.001289
 28 1.854841 1.227791 -13.762345 2.676679 0.168245 2.172817
 29 10.456543 -0.000004 0.000004 0.085414 0.078294 -0.980817
 30 24.248093 0.000001 0.000007 0.021605 0.026538 0.751026
 31 26.336971 0.000019 0.000002 0.334802 -0.045903 0.852133
 32 1.854847 1.227798 13.762341 -2.678308 -0.169153 2.175441
 33 10.456542 -0.000008 0.000004 -0.085075 -0.078833 -0.984296
 34 24.248116 0.000002 -0.000004 -0.021701 -0.026750 0.753498
 35 26.336975 0.000000 0.000004 -0.333161 0.048212 0.859192
time 3
  0 0.000000 0.000000 0.000000 0.000000 -0.000000 -1.570796
  1 0.000000 0.000000 0.000000 0.000000 -0.000000 0.000000
  2 0.027345 -4.041463 27.996441 -1.570797 0.015195 1.570317
  3 4.222169 -0.467508 0.000000 -0.002021 -0.002021 0.019717
  4 4.476987 -0.000002 -0.000000 0.015147 -0.014188 0.193818
  5 4.477083 0.000000 0.000002 -0.004313 0.027238 -0.068439
  6 4.477077 -0.000004 -0.000002 -0.006069 -0.015312 -0.150655
  7 5.413502 -7.700466 -0.000000 0.001143 -0.081439 0.050528
  8 6.890240 0.000002 -0.000000 0.002337 -0.111408 -0.153568
  9 8.011925 0.000004 0.000005 0.000445 -0.101924 -0.117791
 10 7.210720 -0.000002 -0.000000 0.000000 -0.042707 -0.278095
 11 8.581028 -0.304903 -0.000000 0.000211 0.156512 0.560918
 12 22.523008 2.194031 6.355708 0.000000 -0.000000 0.000000
 13 22.523005 2.194038 -6.355709 0.000000 -0.000000 0.000000
 14 -3.006533 7.804720 -11.355459 0.267413 0.168822 0.888543
 15 10.384675 0.000008 0.000005 0.013992 0.181813 -1.773840
 16 22.550743 -0.000006 -0.000004 0.124066 0.013679 1.874626
 17 30.814247 -0.000015 -0.000004 2.624656 0.208154 0.570123
 18 -3.013796 7.815494 11.355459 -0.226346 -0.184518 0.891959
 19 10.374533 -0.000002 0.000007 -0.019510 -0.196718 -1.756126
 20 22.550726 -0.000027 -0.000013 -0.123599 -0.014292 1.874652
 21 30.814270 -0.000023 0.000002 -2.636541 -0.175819 0.577649
 22 -4.250660 -0.770624 0.000001 0.000000 0.000000 2.947787
 23 10.363422 0.000000 0.000000 -0.000000 -0.000008 -0.313998
 24 10.363076 0.000000 -0.000000 0.000000 0.000009 0.172410
 25 10.363081 -0.000004 -0.000002 -0.000009 -0.000015 0.427871
 26 8.210358 -0.000006 -7.786025 0.000000 0.000000 -0.005333
 27 8.210346 -0.000002 7.704017 0.000000 0.000000 -0.005324
 28 1.854841 1.227791 -13.762345 2.668016 0.158623 2.138088
 29 10.456543 -0.000004 0.000004 0.079719 0.081764 -1.052198
 30 24.248093 0.000001 0.000007 0.022940 0.028092 0.802235
 31 26.336971 0.000019 0.000002 0.339500 -0.044063 0.832804
 32 1.854847 1.227798 13.762341 -2.669260 -0.160424 2.141321
 33 10.456542 -0.000008 0.000004 -0.079276 -0.082451 -1.054211
 34 24.248116 0.000002 -0.000004 -0.022945 -0.028069 0.803712
 35 26.336975 0.000000 0.000004 -0.337792 0.046537 0.838846
time 4
  0 0.000000 0.000000 0.000000 0.000000 -0.000000 -1.570796
  1 0.000000 0.000000 0.000000 0.000000 -0.000000 0.000000
  2 0.062502 -5.209468 27.906593 -1.570797 0.010608 1.570317
  3 4.222169 -0.467508 0.000000 -0.001937 -0.002763 0.017493
  4 4.476987 -0.000002 -0.000000 0.014967 -0.014745 0.189068
  5 4.477083 0.000000 0.000002 -0.004421 0.027270 -0.070158
  6 4.477077 -0.000004 -0.000002 -0.005938 -0.014767 -0.149393
  7 5.413502 -7.700466 -0.000000 0.002392 -0.076953 -0.036252
  8 6.890240 0.000002 -0.000000 0.004099 -0.103553 -0.077819
  9 8.011925 0.000004 0.000005 0.000380 -0.100949 -0.089395
 10 7.210720 -0.000002 -0.000000 -0.000302 -0.041895 -0.255274
 11 8.581028 -0.304903 -0.000000 -0.001741 0.154412 0.538767
 12 22.523008 2.194031 6.355708 0.000000 -0.000000 0.000000
 13 22.523005 2.194038 -6.355709 0.000000 -0.000000 0.000000
 14 -3.006533 7.804720 -11.355459 0.268065 0.166490 0.891084
 15 10.384675 0.000008 0.000005 0.021350 0.170675 -1.737129
 16 22.550743 -0.000006 -0.000004 0.123138 0.013852 1.829771
 17 30.814247 -0.000015 -0.000004 2.637280 0.207997 0.587957
 18 -3.013796 7.815494 11.355459 -0.220135 -0.179025 0.895037
 19 10.374533 -0.000002 0.000007 -0.030161 -0.202166 -1.716290
 20 22.550726 -0.000027 -0.000013 -0.122088 -0.015254 1.829799
 21 30.814270 -0.000023 0.000002 -2.645522 -0.180272 0.594942
 22 -4.250660 -0.770624 0.000001 0.000000 0.000000 2.964636
 23 10.363422 0.000000 0.000000 -0.000000 -0.000008 -0.293532
 24 10.363076 0.000000 -0.000000 0.000000 0.000009 0.160718
 25 10.363081 -0.000004 -0.000002 -0.000009 -0.000015 0.401105
 26 8.210358 -0.000006 -7.786025 0.000000 0.000000 -0.011890
 27 8.210346 -0.000002 7.704017 0.000000 0.000000 -0.011868
 28 1.854841 1.227791 -13.762345 2.655703 0.145201 2.090527
 29 10.456543 -0.000004 0.000004 0.071700 0.085590 -1.145159
 30 24.248093 0.000001 0.000007 0.024608 0.029686 0.866645
 31 26.336971 0.000019 0.000002 0.342894 -0.041830 0.801325
 32 1.854847 1.227798 13.762341 -2.655788 -0.148139 2.093199
 33 10.456542 -0.000008 0.000004 -0.071306 -0.086180 -1.145369
 34 24.248116 0.000002 -0.000004 -0.024668 -0.029770 0.867788
 35 26.336975 0.000000 0.000004 -0.344953 0.043838 0.811379
time 5
  0 0.000000 0.000000 0.000000 0.000000 -0.000000 -1.570796
  1 0.000000 0.000000 0.000000 0.000000 -0.000000 0.000000
  2 0.101566 -6.631386 27.781590 -1.570988 0.004146 1.570413
  3 4.222169 -0.467508 0.000000 -0.001829 -0.003541 0.014672
  4 4.476987 -0.000002 -0.000000 0.014728 -0.015430 0.182853
  5 4.477083 0.000000 0.000002 -0.004612 0.027561 -0.072737
  6 4.477077 -0.000004 -0.000002 -0.005818 -0.014034 -0.147992
  7 5.413502 -7.700466 -0.000000 0.003389 -0.072416 -0.122596
  8 6.890240 0.000002 -0.000000 0.006508 -0.094874 0.114239
  9 8.011925 0.000004 0.000005 -0.000013 -0.096764 -0.013472
 10 7.210720 -0.000002 -0.000000 -0.000741 -0.040659 -0.223469
 11 8.581028 -0.304903 -0.000000 -0.004290 0.151322 0.519805
 12 22.523008 2.194031 6.355708 0.000000 -0.000000 0.000000
 13 22.523005 2.194038 -6.355709 0.000000 -0.000000 0.000000
 14 -3.006533 7.804720 -11.355459 0.268716 0.164052 0.893625
 15 10.384675 0.000008 0.000005 0.028932 0.155356 -1.689698
 16 22.550743 -0.000006 -0.000004 0.122050 0.013995 1.775594
 17 30.814247 -0.000015 -0.000004 2.652131 0.206305 0.609014
 18 -3.013796 7.815494 11.355459 -0.209342 -0.175774 0.896747
 19 10.374533 -0.000002 0.000007 -0.042430 -0.208146 -1.671990
 20 22.550726 -0.000027 -0.000013 -0.120106 -0.016471 1.775454
 21 30.814270 -0.000023 0.000002 -2.656853 -0.184431 0.614856
 22 -4.250660 -0.770624 0.000001 0.000000 0.000000 2.986734
 23 10.363422 0.000000 0.000000 -0.000000 -0.000008 -0.266707
 24 10.363076 0.000000 -0.000000 0.000000 0.000009 0.145413
 25 10.363081 -0.000004 -0.000002 -0.000009 -0.000015 0.370391
 26 8.210358 -0.000006 -7.786025 0.000000 0.000000 -0.020722
 27 8.210346 -0.000002 7.704017 0.000000 0.000000 -0.020719
 28 1.854841 1.227791 -13.762345 2.641851 0.129263 2.036336
 29 10.456543 -0.000004 0.000004 0.063070 0.088775 -1.241116
 30 24.248093 0.000001 0.000007 0.026610 0.031179 0.933780
 31 26.336971 0.000019 0.000002 0.350072 -0.038413 0.766698
 32 1.854847 1.227798 13.762341 -2.640257 -0.133500 2.038098
 33 10.456542 -0.000008 0.000004 -0.062828 -0.089269 -1.239325
 34 24.248116 0.000002 -0.000004 -0.026740 -0.031448 0.935417
 35 26.336975 0.000000 0.000004 -0.353787 0.040022 0.779447
time 6
  0 0.000000 0.000000 0.000000 0.000000 -0.000000 -1.570796
  1 0.000000 0.000000 0.000000 0.000000 -0.000000 0.000000
  2 0.144536 -8.162683 27.629242 -1.571084 -0.004191 1.570701
  3 4.222169 -0.467508 0.000000 -0.001685 -0.004338 0.011329
  4 4.476987 -0.000002 -0.000000 0.014452 -0.016180 0.175394
  5 4.477083 0.000000 0.000002 -0.004912 0.028143 -0.076072
  6 4.477077 -0.000004 -0.000002 -0.005722 -0.013151 -0.146512
  7 5.413502 -7.700466 -0.000000 0.004160 -0.067829 -0.207976
  8 6.890240 0.000002 -0.000000 0.011062 -0.087019 0.304063
  9 8.011925 0.000004 0.000005 -0.000144 -0.092594 0.063334
 10 7.210720 -0.000002 -0.000000 -0.001345 -0.038947 -0.180883
 11 8.581028 -0.304903 -0.000000 -0.007390 0.146986 0.510692
 12 22.523008 2.194031 6.355708 0.000000 -0.000000 0.000000
 13 22.523005 2.194038 -6.355709 0.000000 -0.000000 0.000000
 14 -3.006533 7.804720 -11.355459 0.269421 0.161579 0.896166
 15 10.384675 0.000008 0.000005 0.034983 0.136240 -1.635269
 16 22.550743 -0.000006 -0.000004 0.120915 0.014081 1.717422
 17 30.814247 -0.000015 -0.000004 2.667899 0.202794 0.631254
 18 -3.013796 7.815494 11.355459 -0.193151 -0.176746 0.896120
 19 10.374533 -0.000002 0.000007 -0.056249 -0.214425 -1.623978
 20 22.550726 -0.000027 -0.000013 -0.117819 -0.017845 1.717015
 21 30.814270 -0.000023 0.000002 -2.669657 -0.187636 0.635440
 22 -4.250660 -0.770624 0.000001 0.000000 0.000000 3.013082
 23 10.363422 0.000000 0.000000 0.000000 -0.000008 -0.234710
 24 10.363076 0.000000 -0.000000 0.000000 0.000009 0.127191
 25 10.363081 -0.000004 -0.000002 -0.000009 -0.000015 0.335973
 26 8.210358 -0.000006 -7.786025 0.000000 0.000000 -0.031592
 27 8.210346 -0.000002 7.704017 0.000000 0.000000 -0.031603
 28 1.854841 1.227791 -13.762345 2.628264 0.112511 1.981962
 29 10.456543 -0.000004 0.000004 0.053968 0.091142 -1.338722
 30 24.248093 0.000001 0.000007 0.028686 0.032571 1.001802
 31 26.336971 0.000019 0.000002 0.359207 -0.033867 0.731630
 32 1.854847 1.227798 13.762341 -2.624963 -0.118177 1.983256
 33 10.456542 -0.000008 0.000004 -0.053942 -0.091523 -1.334818
 34 24.248116 0.000002 -0.000004 -0.028930 -0.032958 1.003250
 35 26.336975 0.000000 0.000004 -0.363350 0.035090 0.746046
time 7
  0 0.000000 0.000000 0.000000 0.000000 -0.000000 -1.570796
  1 0.000000 0.000000 0.000000 0.000000 -0.000000 0.000000
  2 0.187506 -9.705698 27.449551 -1.571180 -0.014443 1.570988
  3 4.222169 -0.467508 0.000000 -0.001517 -0.005135 0.007496
  4 4.476987 -0.000002 -0.000000 0.014141 -0.016994 0.166715
  5 4.477083 0.000000 0.000002 -0.005283 0.028918 -0.080133
  6 4.477077 -0.000004 -0.000002 -0.005638 -0.012099 -0.144924
  7 5.413502 -7.700466 -0.000000 0.004745 -0.063122 -0.293325
  8 6.890240 0.000002 -0.000000 0.015844 -0.080746 0.367734
  9 8.011925 0.000004 0.000005 -0.000747 -0.084399 0.223460
 10 7.210720 -0.000002 -0.000000 -0.002114 -0.036599 -0.124888
 11 8.581028 -0.304903 -0.000000 -0.011110 0.141130 0.517807
 12 22.523008 2.194031 6.355708 0.000000 -0.000000 0.000000
 13 22.523005 2.194038 -6.355709 0.000000 -0.000000 0.000000
 14 -3.006533 7.804720 -11.355459 0.270235 0.159141 0.898913
 15 10.384675 0.000008 0.000005 0.038606 0.113560 -1.578564
 16 22.550743 -0.000006 -0.000004 0.119827 0.014081 1.659492
 17 30.814247 -0.000015 -0.000004 2.683711 0.197120 0.652955
 18 -3.013796 7.815494 11.355459 -0.172175 -0.181379 0.896063
 19 10.374533 -0.000002 0.000007 -0.071821 -0.220871 -1.572139
 20 22.550726 -0.000027 -0.000013 -0.115306 -0.019376 1.659010
 21 30.814270 -0.000023 0.000002 -2.683409 -0.189398 0.655048
 22 -4.250660 -0.770624 0.000001 0.000000 0.000000 3.043118
 23 10.363422 0.000000 0.000000 0.000000 -0.000008 -0.198202
 24 10.363076 0.000000 -0.000000 0.000000 0.000009 0.106440
 25 10.363081 -0.000004 -0.000002 -0.000009 -0.000015 0.297474
 26 8.210358 -0.000006 -7.786025 0.000000 0.000000 -0.044433
 27 8.210346 -0.000002 7.704017 0.000000 0.000000 -0.044455
 28 1.854841 1.227791 -13.762345 2.616039 0.096696 1.932758
 29 10.456543 -0.000004 0.000004 0.044482 0.092672 -1.438500
 30 24.248093 0.000001 0.000007 0.030947 0.033903 1.069646
 31 26.336971 0.000019 0.000002 0.368778 -0.028322 0.698439
 32 1.854847 1.227798 13.762341 -2.611424 -0.103949 1.934833
 33 10.456542 -0.000008 0.000004 -0.044820 -0.092998 -1.432242
 34 24.248116 0.000002 -0.000004 -0.031080 -0.034277 1.069102
 35 26.336975 0.000000 0.000004 -0.372956 0.029072 0.713492
time 8
  0 0.000000 0.000000 0.000000 0.000000 -0.000000 -1.570796
  1 0.000000 0.000000 0.000000 0.000000 -0.000000 0.000000
  2 0.226569 -11.119804 27.238605 -1.571276 -0.026609 1.571276
  3 4.222169 -0.467508 0.000000 -0.001325 -0.005951 0.003248
  4 4.476987 -0.000002 -0.000000 0.013805 -0.017851 0.156993
  5 4.477083 0.000000 0.000002 -0.005727 0.029887 -0.084832
  6 4.477077 -0.000004 -0.000002 -0.005554 -0.010952 -0.143273
  7 5.413502 -7.700466 -0.000000 0.005170 -0.058314 -0.378083
  8 6.890240 0.000002 -0.000000 0.021428 -0.075204 0.400663
  9 8.011925 0.000004 0.000005 -0.000039 -0.075980 0.382366
 10 7.210720 -0.000002 -0.000000 -0.003047 -0.033650 -0.055324
 11 8.581028 -0.304903 -0.000000 -0.015450 0.134677 0.537400
 12 22.523008 2.194031 6.355708 0.000000 -0.000000 0.000000
 13 22.523005 2.194038 -6.355709 0.000000 -0.000000 0.000000
 14 -3.006533 7.804720 -11.355459 0.280436 0.160943 0.920407
 15 10.384675 0.000008 0.000005 0.039279 0.087994 -1.525912
 16 22.550743 -0.000006 -0.000004 0.118932 0.014053 1.607192
 17 30.814247 -0.000015 -0.000004 2.698213 0.189189 0.672043
 18 -3.013796 7.815494 11.355459 -0.147482 -0.188629 0.900737
 19 10.374533 -0.000002 0.000007 -0.088875 -0.227283 -1.517227
 20 22.550726 -0.000027 -0.000013 -0.112691 -0.021025 1.606775
 21 30.814270 -0.000023 0.000002 -2.697196 -0.189178 0.671699
 22 -4.250660 -0.770624 0.000001 0.000000 0.000000 3.075842
 23 10.363422 0.000000 0.000000 0.000000 -0.000008 -0.158437
 24 10.363076 0.000000 -0.000000 0.000000 0.000009 0.083856
 25 10.363081 -0.000004 -0.000002 -0.000009 -0.000015 0.257042
 26 8.210358 -0.000006 -7.786025 0.000000 0.000000 -0.058972
 27 8.210346 -0.000002 7.704017 0.000000 0.000000 -0.058968
 28 1.854841 1.227791 -13.762345 2.606233 0.083792 1.894198
 29 10.456543 -0.000004 0.000004 0.034821 0.093277 -1.538103
 30 24.248093 0.000001 0.000007 0.033098 0.035114 1.131512
 31 26.336971 0.000019 0.000002 0.377000 -0.022147 0.669887
 32 1.854847 1.227798 13.762341 -2.600923 -0.092949 1.898730
 33 10.456542 -0.000008 0.000004 -0.035731 -0.093610 -1.529469
 34 24.248116 0.000002 -0.000004 -0.033088 -0.035367 1.128405
 35 26.336975 0.000000 0.000004 -0.381661 0.022216 0.684668
time 9
  0 0.000000 0.000000 0.000000 0.000000 -0.000000 -1.570796
  1 0.000000 0.000000 0.000000 0.000000 -0.000000 0.000000
  2 0.257820 -12.279995 27.004223 -1.571276 -0.040610 1.571564
  3 4.222169 -0.467508 0.000000 -0.001098 -0.006767 -0.001352
  4 4.476987 -0.000002 -0.000000 0.013433 -0.018750 0.146360
  5 4.477083 0.000000 0.000002 -0.006230 0.030986 -0.090123
  6 4.477077 -0.000004 -0.000002 -0.005482 -0.009731 -0.141576
  7 5.413502 -7.700466 -0.000000 0.005463 -0.053352 -0.461160
  8 6.890240 0.000002 -0.000000 0.027409 -0.070342 0.412601
  9 8.011925 0.000004 0.000005 -0.000380 -0.066858 0.438510
 10 7.210720 -0.000002 -0.000000 -0.004008 -0.030384 0.020756
 11 8.581028 -0.304903 -0.000000 -0.020364 0.128719 0.560393
 12 22.523008 2.194031 6.355708 0.000000 -0.000000 0.000000
 13 22.523005 2.194038 -6.355709 0.000000 -0.000000 0.000000
 14 -3.006533 7.804720 -11.355459 0.292210 0.163063 0.946023
 15 10.384675 0.000008 0.000005 0.036888 0.060158 -1.483202
 16 22.550743 -0.000006 -0.000004 0.118340 0.013995 1.565424
 17 30.814247 -0.000015 -0.000004 2.710312 0.178938 0.686547
 18 -3.013796 7.815494 11.355459 -0.120397 -0.197709 0.914303
 19 10.374533 -0.000002 0.000007 -0.106739 -0.233661 -1.463126
 20 22.550726 -0.000027 -0.000013 -0.110158 -0.022831 1.565459
 21 30.814270 -0.000023 0.000002 -2.710246 -0.186340 0.683580
 22 -4.250660 -0.770624 0.000001 -0.000000 -0.000000 3.110308
 23 10.363422 0.000000 0.000000 0.000000 -0.000008 -0.116471
 24 10.363076 0.000000 -0.000000 0.000000 0.000009 0.060059
 25 10.363081 -0.000004 -0.000002 -0.000009 -0.000015 0.216825
 26 8.210358 -0.000006 -7.786025 0.000000 0.000000 -0.074972
 27 8.210346 -0.000002 7.704017 0.000000 0.000000 -0.074973
 28 1.854841 1.227791 -13.762345 2.599329 0.074812 1.868593
 29 10.456543 -0.000004 0.000004 0.029021 0.092975 -1.598369
 30 24.248093 0.000001 0.000007 0.034951 0.036042 1.182839
 31 26.336971 0.000019 0.000002 0.382351 -0.015761 0.648570
 32 1.854847 1.227798 13.762341 -2.593765 -0.085863 1.876371
 33 10.456542 -0.000008 0.000004 -0.029965 -0.093332 -1.589058
 34 24.248116 0.000002 -0.000004 -0.034889 -0.036254 1.181310
 35 26.336975 0.000000 0.000004 -0.388823 0.014771 0.662401
time 10
  0 0.000000 0.000000 0.000000 0.000000 -0.000000 -1.570796
  1 0.000000 0.000000 0.000000 0.000000 -0.000000 0.000000
  2 0.277352 -13.065176 26.746403 -1.571276 -0.056446 1.571755
  3 4.222169 -0.467508 0.000000 -0.000858 -0.007582 -0.006243
  4 4.476987 -0.000002 -0.000000 0.013050 -0.019671 0.134951
  5 4.477083 0.000000 0.000002 -0.006806 0.032181 -0.095903
  6 4.477077 -0.000004 -0.000002 -0.005422 -0.008472 -0.139847
  7 5.413502 -7.700466 -0.000000 0.006819 -0.048238 -0.504784
  8 6.890240 0.000002 -0.000000 0.034132 -0.067428 0.405992
  9 8.011925 0.000004 0.000005 -0.000406 -0.058662 0.483104
 10 7.210720 -0.000002 -0.000000 -0.004941 -0.027189 0.094584
 11 8.581028 -0.304903 -0.000000 -0.025761 0.123239 0.586856
 12 22.523008 2.194031 6.355708 0.000000 -0.000000 0.000000
 13 22.523005 2.194038 -6.355709 0.000000 -0.000000 0.000000
 14 -3.006533 7.804720 -11.355459 0.305884 0.165289 0.976925
 15 10.384675 0.000008 0.000005 0.031696 0.030582 -1.456266
 16 22.550743 -0.000006 -0.000004 0.118164 0.013966 1.539153
 17 30.814247 -0.000015 -0.000004 2.718916 0.166368 0.694640
 18 -3.013796 7.815494 11.355459 -0.092191 -0.208022 0.941150
 19 10.374533 -0.000002 0.000007 -0.122041 -0.241269 -1.426480
 20 22.550726 -0.000027 -0.000013 -0.107871 -0.024892 1.540085
 21 30.814270 -0.000023 0.000002 -2.721822 -0.179195 0.689438
 22 -4.250660 -0.770624 0.000001 0.000000 0.000000 -3.137516
 23 10.363422 0.000000 0.000000 0.000000 -0.000008 -0.073450
 24 10.363076 0.000000 -0.000000 0.000000 0.000009 0.035643
 25 10.363081 -0.000004 -0.000002 -0.000009 -0.000015 0.176634
 26 8.210358 -0.000006 -7.786025 0.000000 0.000000 -0.092263
 27 8.210346 -0.000002 7.704017 0.000000 0.000000 -0.092267
 28 1.854841 1.227791 -13.762345 2.595855 0.070494 1.857828
 29 10.456543 -0.000004 0.000004 0.024566 0.092672 -1.644133
 30 24.248093 0.000001 0.000007 0.036360 0.036708 1.223925
 31 26.336971 0.000019 0.000002 0.383613 -0.009665 0.636531
 32 1.854847 1.227798 13.762341 -2.590085 -0.083017 1.868057
 33 10.456542 -0.000008 0.000004 -0.025523 -0.093025 -1.633790
 34 24.248116 0.000002 -0.000004 -0.036275 -0.036949 1.230001
 35 26.336975 0.000000 0.000004 -0.392382 0.007574 0.650193
time 11
  0 0.000000 0.000000 0.000000 0.000000 -0.000000 -1.570796
  1 0.000000 0.000000 0.000000 0.000000 -0.000000 0.000000
  2 0.289071 -13.350342 26.469051 -1.571180 -0.074038 1.571660
  3 4.222169 -0.467508 0.000000 -0.000594 -0.008361 -0.011349
  4 4.476987 -0.000002 -0.000000 0.012654 -0.020571 0.122942
  5 4.477083 0.000000 0.000002 -0.007417 0.033425 -0.102114
  6 4.477077 -0.000004 -0.000002 -0.005350 -0.007175 -0.138103
  7 5.413502 -7.700466 -0.000000 0.008653 -0.043514 -0.546291
  8 6.890240 0.000002 -0.000000 0.041503 -0.066225 0.383162
  9 8.011925 0.000004 0.000005 -0.000157 -0.051042 0.524452
 10 7.210720 -0.000002 -0.000000 -0.005957 -0.024417 0.158785
 11 8.581028 -0.304903 -0.000000 -0.031502 0.118220 0.616543
 12 22.523008 2.194031 6.355708 0.000000 -0.000000 0.000000
 13 22.523005 2.194038 -6.355709 0.000000 -0.000000 0.000000
 14 -3.006533 7.804720 -11.355459 0.322107 0.167479 1.014284
 15 10.384675 0.000008 0.000005 0.024562 -0.000288 -1.450878
 16 22.550743 -0.000006 -0.000004 0.118436 0.013938 1.535158
 17 30.814247 -0.000015 -0.000004 2.723110 0.151603 0.694533
 18 -3.013796 7.815494 11.355459 -0.064138 -0.219344 0.983957
 19 10.374533 -0.000002 0.000007 -0.131546 -0.251734 -1.422247
 20 22.550726 -0.000027 -0.000013 -0.106339 -0.027150 1.536983
 21 30.814270 -0.000023 0.000002 -2.731259 -0.165934 0.688182
 22 -4.250660 -0.770624 0.000001 0.000000 0.000000 -3.102385
 23 10.363422 0.000000 0.000000 0.000000 -0.000008 -0.030670
 24 10.363076 0.000000 -0.000000 0.000000 0.000009 0.011330
 25 10.363081 -0.000004 -0.000002 -0.000009 -0.000015 0.136632
 26 8.210358 -0.000006 -7.786025 0.000000 0.000000 -0.110539
 27 8.210346 -0.000002 7.704017 0.000000 0.000000 -0.110544
 28 1.854841 1.227791 -13.762345 2.596559 0.071382 1.863362
 29 10.456543 -0.000004 0.000004 0.022627 0.092441 -1.664367
 30 24.248093 0.000001 0.000007 0.037101 0.037071 1.253821
 31 26.336971 0.000019 0.000002 0.381090 -0.004015 0.633824
 32 1.854847 1.227798 13.762341 -2.590356 -0.084604 1.874217
 33 10.456542 -0.000008 0.000004 -0.023623 -0.092803 -1.652983
 34 24.248116 0.000002 -0.000004 -0.036599 -0.037069 1.234317
 35 26.336975 0.000000 0.000004 -0.391396 0.001308 0.649176
time 12
  0 0.000000 0.000000 0.000000 0.000000 -0.000000 -1.570796
  1 0.000000 0.000000 0.000000 0.000000 -0.000000 0.000000
  2 0.292978 -13.135490 26.137009 -1.571084 -0.093504 1.571372
  3 4.222169 -0.467508 0.000000 -0.000307 -0.009121 -0.016639
  4 4.476987 -0.000002 -0.000000 0.012259 -0.021492 0.110356
  5 4.477083 0.000000 0.000002 -0.008076 0.034701 -0.108724
  6 4.477077 -0.000004 -0.000002 -0.005290 -0.005897 -0.136343
  7 5.413502 -7.700466 -0.000000 0.011657 -0.039504 -0.548594
  8 6.890240 0.000002 -0.000000 0.049185 -0.065336 0.355004
  9 8.011925 0.000004 0.000005 0.000236 -0.044029 0.561700
 10 7.210720 -0.000002 -0.000000 -0.007055 -0.022069 0.213680
 11 8.581028 -0.304903 -0.000000 -0.037610 0.113559 0.649805
 12 22.523008 2.194031 6.355708 0.000000 -0.000000 0.000000
 13 22.523005 2.194038 -6.355709 0.000000 -0.000000 0.000000
 14 -3.006533 7.804720 -11.355459 0.341858 0.169564 1.060638
 15 10.384675 0.000008 0.000005 0.016532 -0.032707 -1.472317
 16 22.550743 -0.000006 -0.000004 0.119044 0.013909 1.554287
 17 30.814247 -0.000015 -0.000004 2.722148 0.134361 0.684613
 18 -3.013796 7.815494 11.355459 -0.036442 -0.232124 1.040957
 19 10.374533 -0.000002 0.000007 -0.135793 -0.265023 -1.444977
 20 22.550726 -0.000027 -0.000013 -0.105930 -0.029506 1.556897
 21 30.814270 -0.000023 0.000002 -2.738169 -0.144574 0.678644
 22 -4.250660 -0.770624 0.000001 0.000000 0.000000 -3.067945
 23 10.363422 0.000000 0.000000 0.000000 -0.000008 0.011230
 24 10.363076 0.000000 -0.000000 0.000000 0.000009 -0.012492
 25 10.363081 -0.000004 -0.000002 -0.000009 -0.000015 0.096254
 26 8.210358 -0.000006 -7.786025 0.000000 0.000000 -0.129766
 27 8.210346 -0.000002 7.704017 0.000000 0.000000 -0.129770
 28 1.854841 1.227791 -13.762345 2.602407 0.077920 1.887325
 29 10.456543 -0.000004 0.000004 0.023046 0.092459 -1.660372
 30 24.248093 0.000001 0.000007 0.036879 0.037091 1.240087
 31 26.336971 0.000019 0.000002 0.375391 0.001294 0.640120
 32 1.854847 1.227798 13.762341 -2.595116 -0.090678 1.895456
 33 10.456542 -0.000008 0.000004 -0.024132 -0.092803 -1.648057
 34 24.248116 0.000002 -0.000004 -0.036663 -0.036913 1.230407
 35 26.336975 0.000000 0.000004 -0.386550 -0.004214 0.657654
time 13
  0 0.000000 0.000000 0.000000 0.000000 -0.000000 -1.570796
  1 0.000000 0.000000 0.000000 0.000000 -0.000000 0.000000
  2 0.300790 -12.537817 25.734653 -1.570892 -0.114805 1.570797
  3 4.222169 -0.467508 0.000000 -0.000007 -0.009844 -0.022052
  4 4.476987 -0.000002 -0.000000 0.011851 -0.022348 0.097371
  5 4.477083 0.000000 0.000002 -0.008759 0.035945 -0.115646
  6 4.477077 -0.000004 -0.000002 -0.005206 -0.004638 -0.134599
  7 5.413502 -7.700466 -0.000000 0.014780 -0.035444 -0.549527
  8 6.890240 0.000002 -0.000000 0.057107 -0.064657 0.322680
  9 8.011925 0.000004 0.000005 0.000642 -0.041025 0.552615
 10 7.210720 -0.000002 -0.000000 -0.008263 -0.020091 0.260154
 11 8.581028 -0.304903 -0.000000 -0.043971 0.109291 0.686397
 12 22.523008 2.194031 6.355708 0.000000 -0.000000 0.000000
 13 22.523005 2.194038 -6.355709 0.000000 -0.000000 0.000000
 14 -3.006533 7.804720 -11.355459 0.374088 0.175923 1.135835
 15 10.384675 0.000008 0.000005 0.010257 -0.066802 -1.512860
 16 22.550743 -0.000006 -0.000004 0.119907 0.013880 1.591817
 17 30.814247 -0.000015 -0.000004 2.717606 0.115459 0.666994
 18 -3.013796 7.815494 11.355459 -0.009305 -0.246622 1.108218
 19 10.374533 -0.000002 0.000007 -0.136062 -0.280040 -1.484001
 20 22.550726 -0.000027 -0.000013 -0.106543 -0.031960 1.595050
 21 30.814270 -0.000023 0.000002 -2.742028 -0.117367 0.661128
 22 -4.250660 -0.770624 0.000001 0.000000 0.000000 -3.035348
 23 10.363422 0.000000 0.000000 0.000000 -0.000008 0.050929
 24 10.363076 0.000000 -0.000000 0.000000 0.000009 -0.035153
 25 10.363081 -0.000004 -0.000002 -0.000009 -0.000015 0.055714
 26 8.210358 -0.000006 -7.786025 0.000000 0.000000 -0.149638
 27 8.210346 -0.000002 7.704017 0.000000 0.000000 -0.149641
 28 1.854841 1.227791 -13.762345 2.614632 0.090133 1.931238
 29 10.456543 -0.000004 0.000004 0.025352 0.092743 -1.636274
 30 24.248093 0.000001 0.000007 0.036582 0.036748 1.225050
 31 26.336971 0.000019 0.000002 0.367082 0.006339 0.655142
 32 1.854847 1.227798 13.762341 -2.605245 -0.101049 1.932506
 33 10.456542 -0.000008 0.000004 -0.026540 -0.092970 -1.623346
 34 24.248116 0.000002 -0.000004 -0.036443 -0.036674 1.219441
 35 26.336975 0.000000 0.000004 -0.378617 -0.009333 0.674100
time 14
  0 0.000000 0.000000 0.000000 0.000000 -0.000000 -1.570796
  1 0.000000 0.000000 0.000000 0.000000 -0.000000 0.000000
  2 0.316416 -11.639351 25.277607 -1.570701 -0.137861 1.569742
  3 4.222169 -0.467508 0.000000 0.000304 -0.010530 -0.027496
  4 4.476987 -0.000002 -0.000000 0.011456 -0.023184 0.084141
  5 4.477083 0.000000 0.000002 -0.009466 0.037140 -0.122805
  6 4.477077 -0.000004 -0.000002 -0.005123 -0.003454 -0.132901
  7 5.413502 -7.700466 -0.000000 0.018010 -0.031315 -0.550212
  8 6.890240 0.000002 -0.000000 0.065232 -0.064069 0.286586
  9 8.011925 0.000004 0.000005 0.000917 -0.038645 0.532136
 10 7.210720 -0.000002 -0.000000 -0.009553 -0.018467 0.299334
 11 8.581028 -0.304903 -0.000000 -0.050493 0.105348 0.726319
 12 22.523008 2.194031 6.355708 0.000000 -0.000000 0.000000
 13 22.523005 2.194038 -6.355709 0.000000 -0.000000 0.000000
 14 -3.006533 7.804720 -11.355459 0.407675 0.180799 1.212200
 15 10.384675 0.000008 0.000005 0.007530 -0.102425 -1.557792
 16 22.550743 -0.000006 -0.000004 0.120931 0.013794 1.642785
 17 30.814247 -0.000015 -0.000004 2.711797 0.096211 0.645865
 18 -3.013796 7.815494 11.355459 0.017118 -0.262952 1.182147
 19 10.374533 -0.000002 0.000007 -0.133905 -0.295721 -1.529810
 20 22.550726 -0.000027 -0.000013 -0.108054 -0.034374 1.646789
 21 30.814270 -0.000023 0.000002 -2.743186 -0.088862 0.637643
 22 -4.250660 -0.770624 0.000001 0.000000 0.000000 -3.005466
 23 10.363422 0.000000 0.000000 -0.000000 -0.000008 0.087349
 24 10.363076 0.000000 -0.000000 0.000000 0.000009 -0.056033
 25 10.363081 -0.000004 -0.000002 -0.000009 -0.000015 0.015282
 26 8.210358 -0.000006 -7.786025 0.000000 0.000000 -0.169986
 27 8.210346 -0.000002 7.704017 0.000000 0.000000 -0.169987
 28 1.854841 1.227791 -13.762345 2.631474 0.104912 1.986767
 29 10.456543 -0.000004 0.000004 0.029143 0.093099 -1.596546
 30 24.248093 0.000001 0.000007 0.036026 0.036365 1.208355
 31 26.336971 0.000019 0.000002 0.356728 0.011279 0.678116
 32 1.854847 1.227798 13.762341 -2.621114 -0.115195 1.985453
 33 10.456542 -0.000008 0.000004 -0.030474 -0.093192 -1.583147
 34 24.248116 0.000002 -0.000004 -0.035873 -0.036494 1.200197
 35 26.336975 0.000000 0.000004 -0.368282 -0.014296 0.696989
time 15
  0 0.000000 0.000000 0.000000 0.000000 -0.000000 -1.570796
  1 0.000000 0.000000 0.000000 0.000000 -0.000000 0.000000
  2 0.328135 -10.518223 24.785406 -1.570413 -0.163112 1.568783
  3 4.222169 -0.467508 0.000000 0.000628 -0.011179 -0.032939
  4 4.476987 -0.000002 -0.000000 0.011048 -0.023933 0.070778
  5 4.477083 0.000000 0.000002 -0.010173 0.038255 -0.130141
  6 4.477077 -0.000004 -0.000002 -0.005039 -0.002345 -0.131251
  7 5.413502 -7.700466 -0.000000 0.021373 -0.027135 -0.550430
  8 6.890240 0.000002 -0.000000 0.073657 -0.063873 0.227547
  9 8.011925 0.000004 0.000005 0.001179 -0.036872 0.501792
 10 7.210720 -0.000002 -0.000000 -0.010926 -0.017143 0.332347
 11 8.581028 -0.304903 -0.000000 -0.057083 0.101711 0.769466
 12 22.523008 2.194031 6.355708 0.000000 -0.000000 0.000000
 13 22.523005 2.194038 -6.355709 0.000000 -0.000000 0.000000
 14 -3.006533 7.804720 -11.355459 0.442510 0.184932 1.288839
 15 10.384675 0.000008 0.000005 0.008538 -0.138833 -1.606278
 16 22.550743 -0.000006 -0.000004 0.121986 0.013679 1.702471
 17 30.814247 -0.000015 -0.000004 2.704415 0.077120 0.621656
 18 -3.013796 7.815494 11.355459 0.042778 -0.280963 1.259383
 19 10.374533 -0.000002 0.000007 -0.130063 -0.311568 -1.578227
 20 22.550726 -0.000027 -0.000013 -0.110281 -0.036691 1.707399
 21 30.814270 -0.000023 0.000002 -2.742660 -0.059697 0.609724
 22 -4.250660 -0.770624 0.000001 0.000000 0.000000 -2.979220
 23 10.363422 0.000000 0.000000 0.000000 -0.000008 0.119390
 24 10.363076 0.000000 -0.000000 0.000000 0.000009 -0.074487
 25 10.363081 -0.000004 -0.000002 -0.000009 -0.000015 -0.022841
 26 8.210358 -0.000006 -7.786025 0.000000 0.000000 -0.190572
 27 8.210346 -0.000002 7.704017 0.000000 0.000000 -0.190570
 28 1.854841 1.227791 -13.762345 2.649767 0.120258 2.047101
 29 10.456543 -0.000004 0.000004 0.034000 0.093313 -1.545485
 30 24.248093 0.000001 0.000007 0.033987 0.035638 1.155547
 31 26.336971 0.000019 0.000002 0.344982 0.016456 0.707386
 32 1.854847 1.227798 13.762341 -2.641000 -0.132077 2.051712
 33 10.456542 -0.000008 0.000004 -0.035426 -0.093248 -1.531912
 34 24.248116 0.000002 -0.000004 -0.034034 -0.035679 1.146074
 35 26.336975 0.000000 0.000004 -0.356275 -0.019384 0.724795
time 16
  0 0.000000 0.000000 0.000000 0.000000 -0.000000 -1.570796
  1 0.000000 0.000000 0.000000 0.000000 -0.000000 0.000000
  2 0.335948 -9.260372 24.277576 -1.570317 -0.190556 1.568783
  3 4.222169 -0.467508 0.000000 0.000952 -0.011735 -0.038260
  4 4.476987 -0.000002 -0.000000 0.010653 -0.024619 0.057526
  5 4.477083 0.000000 0.000002 -0.010892 0.039224 -0.137537
  6 4.477077 -0.000004 -0.000002 -0.004931 -0.001368 -0.129662
  7 5.413502 -7.700466 -0.000000 0.024868 -0.022921 -0.550087
  8 6.890240 0.000002 -0.000000 0.083029 -0.064853 0.141909
  9 8.011925 0.000004 0.000005 0.001493 -0.035897 0.459691
 10 7.210720 -0.000002 -0.000000 -0.012298 -0.016101 0.360076
 11 8.581028 -0.304903 -0.000000 -0.063651 0.098331 0.815591
 12 22.523008 2.194031 6.355708 0.000000 -0.000000 0.000000
 13 22.523005 2.194038 -6.355709 0.000000 -0.000000 0.000000
 14 -3.006533 7.804720 -11.355459 0.479135 0.189172 1.365547
 15 10.384675 0.000008 0.000005 0.013170 -0.175070 -1.656819
 16 22.550743 -0.000006 -0.000004 0.122978 0.013507 1.765425
 17 30.814247 -0.000015 -0.000004 2.695329 0.058719 0.594905
 18 -3.013796 7.815494 11.355459 0.067166 -0.299945 1.338157
 19 10.374533 -0.000002 0.000007 -0.124940 -0.327150 -1.626239
 20 22.550726 -0.000027 -0.000013 -0.113018 -0.038811 1.771732
 21 30.814270 -0.000023 0.000002 -2.741362 -0.030581 0.578876
 22 -4.250660 -0.770624 0.000001 0.000000 0.000000 -2.957481
 23 10.363422 0.000000 0.000000 0.000000 -0.000008 0.145907
 24 10.363076 0.000000 -0.000000 0.000000 0.000009 -0.089896
 25 10.363081 -0.000004 -0.000002 -0.000009 -0.000015 -0.055917
 26 8.210358 -0.000006 -7.786025 0.000000 0.000000 -0.211056
 27 8.210346 -0.000002 7.704017 0.000000 0.000000 -0.211051
 28 1.854841 1.227791 -13.762345 2.669775 0.137627 2.118018
 29 10.456543 -0.000004 0.000004 0.039503 0.093259 -1.487824
 30 24.248093 0.000001 0.000007 0.032134 0.034791 1.104279
 31 26.336971 0.000019 0.000002 0.332540 0.022080 0.740466
 32 1.854847 1.227798 13.762341 -2.662744 -0.150656 2.127664
 33 10.456542 -0.000008 0.000004 -0.041021 -0.093025 -1.474333
 34 24.248116 0.000002 -0.000004 -0.032285 -0.034768 1.094133
 35 26.336975 0.000000 0.000004 -0.343324 -0.024844 0.755710
time 17
  0 0.000000 0.000000 0.000000 0.000000 -0.000000 -1.570796
  1 0.000000 0.000000 0.000000 0.000000 -0.000000 0.000000
  2 0.335948 -7.932207 23.769749 -1.570413 -0.219994 1.569359
  3 4.222169 -0.467508 0.000000 0.001287 -0.012254 -0.043473
  4 4.476987 -0.000002 -0.000000 0.010269 -0.025197 0.044319
  5 4.477083 0.000000 0.000002 -0.011587 0.040015 -0.145008
  6 4.477077 -0.000004 -0.000002 -0.004799 -0.000541 -0.128167
  7 5.413502 -7.700466 -0.000000 0.028537 -0.018656 -0.549030
  8 6.890240 0.000002 -0.000000 0.092821 -0.065219 0.057946
  9 8.011925 0.000004 0.000005 0.001624 -0.036967 0.367779
 10 7.210720 -0.000002 -0.000000 -0.013726 -0.015272 0.383299
 11 8.581028 -0.304903 -0.000000 -0.070172 0.095138 0.865082
 12 22.523008 2.194031 6.355708 0.000000 -0.000000 0.000000
 13 22.523005 2.194038 -6.355709 0.000000 -0.000000 0.000000
 14 -3.006533 7.804720 -11.355459 0.517388 0.193200 1.442667
 15 10.384675 0.000008 0.000005 0.021387 -0.210778 -1.708748
 16 22.550743 -0.000006 -0.000004 0.123826 0.013335 1.827471
 17 30.814247 -0.000015 -0.000004 2.684017 0.041290 0.565825
 18 -3.013796 7.815494 11.355459 0.090331 -0.319376 1.418243
 19 10.374533 -0.000002 0.000007 -0.119277 -0.342432 -1.671526
 20 22.550726 -0.000027 -0.000013 -0.116103 -0.040695 1.835630
 21 30.814270 -0.000023 0.000002 -2.740064 -0.001955 0.546188
 22 -4.250660 -0.770624 0.000001 0.000000 0.000000 -2.940914
 23 10.363422 0.000000 0.000000 0.000000 -0.000008 0.166197
 24 10.363076 0.000000 -0.000000 0.000000 0.000009 -0.101820
 25 10.363081 -0.000004 -0.000002 -0.000009 -0.000015 -0.081771
 26 8.210358 -0.000006 -7.786025 0.000000 0.000000 -0.231472
 27 8.210346 -0.000002 7.704017 0.000000 0.000000 -0.231498
 28 1.854841 1.227791 -13.762345 2.691630 0.156279 2.198118
 29 10.456543 -0.000004 0.000004 0.045338 0.092797 -1.426733
 30 24.248093 0.000001 0.000007 0.030428 0.033883 1.055438
 31 26.336971 0.000019 0.000002 0.319837 0.028439 0.775590
 32 1.854847 1.227798 13.762341 -2.685939 -0.169700 2.210251
 33 10.456542 -0.000008 0.000004 -0.046888 -0.092469 -1.413561
 34 24.248116 0.000002 -0.000004 -0.030666 -0.033809 1.045137
 35 26.336975 0.000000 0.000004 -0.329987 -0.030862 0.788603
time 18
  0 0.000000 0.000000 0.000000 0.000000 -0.000000 -1.570796
  1 0.000000 0.000000 0.000000 0.000000 -0.000000 0.000000
  2 0.324229 -6.611854 23.277546 -1.570509 -0.250829 1.570221
  3 4.222169 -0.467508 0.000000 0.001623 -0.012699 -0.048503
  4 4.476987 -0.000002 -0.000000 0.009898 -0.025668 0.031400
  5 4.477083 0.000000 0.000002 -0.012271 0.040613 -0.152463
  6 4.477077 -0.000004 -0.000002 -0.004655 0.000116 -0.126750
  7 5.413502 -7.700466 -0.000000 0.032378 -0.014375 -0.547132
  8 6.890240 0.000002 -0.000000 0.102672 -0.065219 -0.024226
  9 8.011925 0.000004 0.000005 0.001834 -0.038277 0.278151
 10 7.210720 -0.000002 -0.000000 -0.015153 -0.014636 0.402232
 11 8.581028 -0.304903 -0.000000 -0.076579 0.092083 0.917411
 12 22.523008 2.194031 6.355708 0.000000 -0.000000 0.000000
 13 22.523005 2.194038 -6.355709 0.000000 -0.000000 0.000000
 14 -3.006533 7.804720 -11.355459 0.555912 0.195743 1.518826
 15 10.384675 0.000008 0.000005 0.032779 -0.244979 -1.760344
 16 22.550743 -0.000006 -0.000004 0.124433 0.013249 1.883343
 17 30.814247 -0.000015 -0.000004 2.670607 0.025365 0.535278
 18 -3.013796 7.815494 11.355459 0.111969 -0.338284 1.498157
 19 10.374533 -0.000002 0.000007 -0.113817 -0.357183 -1.710955
 20 22.550726 -0.000027 -0.000013 -0.119248 -0.042384 1.894007
 21 30.814270 -0.000023 0.000002 -2.739397 0.025204 0.513109
 22 -4.250660 -0.770624 0.000001 0.000000 0.000000 -2.930518
 23 10.363422 0.000000 0.000000 0.000000 -0.000008 0.179048
 24 10.363076 0.000000 -0.000000 0.000000 0.000009 -0.109614
 25 10.363081 -0.000004 -0.000002 -0.000009 -0.000015 -0.097584
 26 8.210358 -0.000006 -7.786025 0.000000 0.000000 -0.251514
 27 8.210346 -0.000002 7.704017 0.000000 0.000000 -0.251538
 28 1.854841 1.227791 -13.762345 2.714584 0.174610 2.282476
 29 10.456543 -0.000004 0.000004 0.051313 0.091943 -1.363949
 30 24.248093 0.000001 0.000007 0.028946 0.032894 1.009261
 31 26.336971 0.000019 0.000002 0.307612 0.035587 0.810438
 32 1.854847 1.227798 13.762341 -2.709843 -0.187677 2.294775
 33 10.456542 -0.000008 0.000004 -0.052789 -0.091523 -1.351489
 34 24.248116 0.000002 -0.000004 -0.029163 -0.032839 0.999289
 35 26.336975 0.000000 0.000004 -0.317037 -0.037594 0.821721
time 19
  0 0.000000 0.000000 0.000000 0.000000 -0.000000 -1.570796
  1 0.000000 0.000000 0.000000 0.000000 -0.000000 0.000000
  2 0.300790 -5.381348 22.824408 -1.570797 -0.282581 1.571180
  3 4.222169 -0.467508 0.000000 0.001946 -0.013051 -0.053256
  4 4.476987 -0.000002 -0.000000 0.009526 -0.026011 0.018903
  5 4.477083 0.000000 0.000002 -0.012906 0.040969 -0.159800
  6 4.477077 -0.000004 -0.000002 -0.004499 0.000567 -0.125473
  7 5.413502 -7.700466 -0.000000 0.036445 -0.010076 -0.544269
  8 6.890240 0.000002 -0.000000 0.112427 -0.065010 -0.101230
  9 8.011925 0.000004 0.000005 0.002135 -0.039795 0.193013
 10 7.210720 -0.000002 -0.000000 -0.016581 -0.014142 0.417250
 11 8.581028 -0.304903 -0.000000 -0.082917 0.089163 0.971073
 12 22.523008 2.194031 6.355708 0.000000 -0.000000 0.000000
 13 22.523005 2.194038 -6.355709 0.000000 -0.000000 0.000000
 14 -3.006533 7.804720 -11.355459 0.594491 0.196662 1.594161
 15 10.384675 0.000008 0.000005 0.046898 -0.276995 -1.810218
 16 22.550743 -0.000006 -0.000004 0.124753 0.013220 1.928924
 17 30.814247 -0.000015 -0.000004 2.656455 0.011164 0.505017
 18 -3.013796 7.815494 11.355459 0.132028 -0.355660 1.576703
 19 10.374533 -0.000002 0.000007 -0.109435 -0.371369 -1.741630
 20 22.550726 -0.000027 -0.000013 -0.122231 -0.043935 1.942768
 21 30.814270 -0.000023 0.000002 -2.739888 0.050087 0.480978
 22 -4.250660 -0.770624 0.000001 0.000000 0.000000 -2.927061
 23 10.363422 0.000000 0.000000 0.000000 -0.000008 0.183691
 24 10.363076 0.000000 -0.000000 0.000000 0.000009 -0.112169
 25 10.363081 -0.000004 -0.000002 -0.000009 -0.000015 -0.100993
 26 8.210358 -0.000006 -7.786025 0.000000 0.000000 -0.270979
 27 8.210346 -0.000002 7.704017 0.000000 0.000000 -0.270968
 28 1.854841 1.227791 -13.762345 2.737626 0.191560 2.366409
 29 10.456543 -0.000004 0.000004 0.057375 0.090626 -1.300296
 30 24.248093 0.000001 0.000007 0.027611 0.031905 0.965689
 31 26.336971 0.000019 0.000002 0.296388 0.043523 0.842745
 32 1.854847 1.227798 13.762341 -2.733478 -0.203382 2.376716
 33 10.456542 -0.000008 0.000004 -0.058623 -0.090215 -1.288904
 34 24.248116 0.000002 -0.000004 -0.027738 -0.031892 0.956589
 35 26.336975 0.000000 0.000004 -0.305158 -0.044977 0.853540
time 20
  0 0.000000 0.000000 0.000000 0.000000 -0.000000 -1.570796
  1 0.000000 0.000000 0.000000 0.000000 -0.000000 0.000000
  2 0.257820 -4.318815 22.425959 -1.570892 -0.314812 1.572043
  3 4.222169 -0.467508 0.000000 0.002270 -0.013329 -0.057672
  4 4.476987 -0.000002 -0.000000 0.009167 -0.026204 0.006938
  5 4.477083 0.000000 0.000002 -0.013481 0.041033 -0.166988
  6 4.477077 -0.000004 -0.000002 -0.004308 0.000774 -0.124321
  7 5.413502 -7.700466 -0.000000 0.040738 -0.005794 -0.540224
  8 6.890240 0.000002 -0.000000 0.122159 -0.064814 -0.166925
  9 8.011925 0.000004 0.000005 0.002541 -0.041488 0.112236
 10 7.210720 -0.000002 -0.000000 -0.018035 -0.013736 0.428728
 11 8.581028 -0.304903 -0.000000 -0.089255 0.086346 1.024279
 12 22.523008 2.194031 6.355708 0.000000 -0.000000 0.000000
 13 22.523005 2.194038 -6.355709 0.000000 -0.000000 0.000000
 14 -3.006533 7.804720 -11.355459 0.632961 0.195885 1.668396
 15 10.384675 0.000008 0.000005 0.062399 -0.306571 -1.855039
 16 22.550743 -0.000006 -0.000004 0.124865 0.013278 1.963065
 17 30.814247 -0.000015 -0.000004 2.643220 -0.000936 0.477084
 18 -3.013796 7.815494 11.355459 0.150714 -0.370644 1.652742
 19 10.374533 -0.000002 0.000007 -0.106267 -0.384923 -1.765056
 20 22.550726 -0.000027 -0.000013 -0.124743 -0.045407 1.979991
 21 30.814270 -0.000023 0.000002 -2.741923 0.071838 0.451050
 22 -4.250660 -0.770624 0.000001 0.000000 0.000000 -2.929955
 23 10.363422 0.000000 0.000000 0.000000 -0.000008 0.183691
 24 10.363076 0.000000 -0.000000 0.000000 0.000009 -0.099807
 25 10.363081 -0.000004 -0.000002 -0.000009 -0.000015 -0.087113
 26 8.210358 -0.000006 -7.786025 0.000000 0.000000 -0.289628
 27 8.210346 -0.000002 7.704017 0.000000 0.000000 -0.289618
 28 1.854841 1.227791 -13.762345 2.759437 0.206363 2.444806
 29 10.456543 -0.000004 0.000004 0.063419 0.088918 -1.236774
 30 24.248093 0.000001 0.000007 0.026462 0.030957 0.924781
 31 26.336971 0.000019 0.000002 0.286730 0.052195 0.870358
 32 1.854847 1.227798 13.762341 -2.755457 -0.216215 2.451376
 33 10.456542 -0.000008 0.000004 -0.064218 -0.088656 -1.226989
 34 24.248116 0.000002 -0.000004 -0.026416 -0.031005 0.917139
 35 26.336975 0.000000 0.000004 -0.294995 -0.053011 0.882477
time 21
  0 0.000000 0.000000 0.000000 0.000000 -0.000000 -1.570796
  1 0.000000 0.000000 0.000000 0.000000 -0.000000 0.000000
  2 0.195318 -3.514103 22.105637 -1.570988 -0.346844 1.572618
  3 4.222169 -0.467508 0.000000 0.002581 -0.013496 -0.061705
  4 4.476987 -0.000002 -0.000000 0.008831 -0.026225 -0.004271
  5 4.477083 0.000000 0.000002 -0.013972 0.040791 -0.173895
  6 4.477077 -0.000004 -0.000002 -0.004104 0.000737 -0.123324
  7 5.413502 -7.700466 -0.000000 0.045563 -0.001580 -0.532787
  8 6.890240 0.000002 -0.000000 0.132681 -0.066108 -0.196992
  9 8.011925 0.000004 0.000005 0.003012 -0.043405 0.036054
 10 7.210720 -0.000002 -0.000000 -0.019408 -0.013382 0.437041
 11 8.581028 -0.304903 -0.000000 -0.095685 0.083615 1.075101
 12 22.523008 2.194031 6.355708 0.000000 -0.000000 0.000000
 13 22.523005 2.194038 -6.355709 0.000000 -0.000000 0.000000
 14 -3.006533 7.804720 -11.355459 0.670943 0.193306 1.741053
 15 10.384675 0.000008 0.000005 0.075098 -0.334937 -1.884641
 16 22.550743 -0.000006 -0.000004 0.124865 0.013249 1.985583
 17 30.814247 -0.000015 -0.000004 2.632606 -0.010403 0.453484
 18 -3.013796 7.815494 11.355459 0.168380 -0.382116 1.724847
 19 10.374533 -0.000002 0.000007 -0.103638 -0.397980 -1.785525
 20 22.550726 -0.000027 -0.000013 -0.126521 -0.046899 2.004495
 21 30.814270 -0.000023 0.000002 -2.745782 0.089528 0.424777
 22 -4.250660 -0.770624 0.000001 0.000000 0.000000 -2.937150
 23 10.363422 0.000000 0.000000 0.000000 -0.000008 0.183801
 24 10.363076 0.000000 -0.000000 0.000000 0.000009 -0.066434
 25 10.363081 -0.000004 -0.000002 -0.000009 -0.000015 -0.026600
 26 8.210358 -0.000006 -7.786025 0.000000 0.000000 -0.307191
 27 8.210346 -0.000002 7.704017 0.000000 0.000000 -0.307183
 28 1.854841 1.227791 -13.762345 2.778301 0.218650 2.512438
 29 10.456543 -0.000004 0.000004 0.068835 0.086996 -1.178244
 30 24.248093 0.000001 0.000007 0.025461 0.029988 0.886419
 31 26.336971 0.000019 0.000002 0.279161 0.061445 0.891123
 32 1.854847 1.227798 13.762341 -2.774297 -0.225682 2.513887
 33 10.456542 -0.000008 0.000004 -0.069305 -0.086987 -1.169922
 34 24.248116 0.000002 -0.000004 -0.025134 -0.030154 0.880785
 35 26.336975 0.000000 0.000004 -0.286761 -0.061511 0.905649
time 22
  0 0.000000 0.000000 0.000000 0.000000 -0.000000 -1.570796
  1 0.000000 0.000000 0.000000 0.000000 -0.000000 0.000000
  2 0.109378 -3.041433 21.871254 -1.570892 -0.378516 1.572522
  3 4.222169 -0.467508 0.000000 0.002881 -0.013570 -0.065293
  4 4.476987 -0.000002 -0.000000 0.008484 -0.026075 -0.014748
  5 4.477083 0.000000 0.000002 -0.014404 0.040193 -0.180535
  6 4.477077 -0.000004 -0.000002 -0.003864 0.000398 -0.122499
  7 5.413502 -7.700466 -0.000000 0.051212 0.002515 -0.519159
  8 6.890240 0.000002 -0.000000 0.143300 -0.067088 -0.225383
  9 8.011925 0.000004 0.000005 0.003575 -0.045482 -0.034834
 10 7.210720 -0.000002 -0.000000 -0.020781 -0.013047 0.442646
 11 8.581028 -0.304903 -0.000000 -0.102344 0.080866 1.122489
 12 22.523008 2.194031 6.355708 0.000000 -0.000000 0.000000
 13 22.523005 2.194038 -6.355709 0.000000 -0.000000 0.000000
 14 -3.006533 7.804720 -11.355459 0.708599 0.188889 1.812954
 15 10.384675 0.000008 0.000005 0.080141 -0.364301 -1.888085
 16 22.550743 -0.000006 -0.000004 0.124849 0.013134 1.994481
 17 30.814247 -0.000015 -0.000004 2.625749 -0.016829 0.435435
 18 -3.013796 7.815494 11.355459 0.185640 -0.389327 1.792621
 19 10.374533 -0.000002 0.000007 -0.102559 -0.410571 -1.800369
 20 22.550726 -0.000027 -0.000013 -0.127195 -0.048568 2.014173
 21 30.814270 -0.000023 0.000002 -2.751781 0.102545 0.403161
 22 -4.250660 -0.770624 0.000001 0.000000 0.000000 -2.947776
 23 10.363422 0.000000 0.000000 0.000000 -0.000008 0.183031
 24 10.363076 0.000000 -0.000000 0.000000 0.000009 -0.020932
 25 10.363081 -0.000004 -0.000002 -0.000009 -0.000015 0.038505
 26 8.210358 -0.000006 -7.786025 0.000000 0.000000 -0.323225
 27 8.210346 -0.000002 7.704017 0.000000 0.000000 -0.323222
 28 1.854841 1.227791 -13.762345 2.792768 0.228568 2.565291
 29 10.456543 -0.000004 0.000004 0.072382 0.085519 -1.138082
 30 24.248093 0.000001 0.000007 0.024608 0.029141 0.853088
 31 26.336971 0.000019 0.000002 0.274027 0.071221 0.903107
 32 1.854847 1.227798 13.762341 -2.788646 -0.231839 2.560759
 33 10.456542 -0.000008 0.000004 -0.073409 -0.085623 -1.125151
 34 24.248116 0.000002 -0.000004 -0.023968 -0.029447 0.849763
 35 26.336975 0.000000 0.000004 -0.279471 -0.070445 0.916161
time 23
  0 0.000000 0.000000 0.000000 0.000000 -0.000000 -1.570796
  1 0.000000 0.000000 0.000000 0.000000 -0.000000 0.000000
  2 0.000000 -2.975024 21.746250 -1.570509 -0.409231 1.571563
  3 4.222169 -0.467508 0.000000 0.003157 -0.013533 -0.068390
  4 4.476987 -0.000002 -0.000000 0.008148 -0.025732 -0.024293
  5 4.477083 0.000000 0.000002 -0.014715 0.039208 -0.186805
  6 4.477077 -0.000004 -0.000002 -0.003601 -0.000241 -0.121845
  7 5.413502 -7.700466 -0.000000 0.057499 0.006525 -0.499494
  8 6.890240 0.000002 -0.000000 0.153822 -0.067781 -0.254077
  9 8.011925 0.000004 0.000005 0.004152 -0.046904 -0.081530
 10 7.210720 -0.000002 -0.000000 -0.022071 -0.012641 0.445864
 11 8.581028 -0.304903 -0.000000 -0.109256 0.078135 1.164338
 12 22.523008 2.194031 6.355708 0.000000 -0.000000 0.000000
 13 22.523005 2.194038 -6.355709 0.000000 -0.000000 0.000000
 14 -3.006533 7.804720 -11.355459 0.743976 0.182389 1.881696
 15 10.384675 0.000008 0.000005 0.077862 -0.392667 -1.872145
 16 22.550743 -0.000006 -0.000004 0.124721 0.013249 1.970147
 17 30.814247 -0.000015 -0.000004 2.622604 -0.020246 0.422542
 18 -3.013796 7.815494 11.355459 0.202746 -0.391943 1.854694
 19 10.374533 -0.000002 0.000007 -0.114895 -0.417515 -1.777407
 20 22.550726 -0.000027 -0.000013 -0.125744 -0.050982 1.997051
 21 30.814270 -0.000023 0.000002 -2.759814 0.110545 0.387263
 22 -4.250660 -0.770624 0.000001 0.000000 0.000000 -2.960912
 23 10.363422 0.000000 0.000000 0.000000 -0.000008 0.180501
 24 10.363076 0.000000 -0.000000 0.000000 0.000009 0.027771
 25 10.363081 -0.000004 -0.000002 -0.000009 -0.000015 0.096925
 26 8.210358 -0.000006 -7.786025 0.000000 0.000000 -0.335590
 27 8.210346 -0.000002 7.704017 0.000000 0.000000 -0.335565
 28 1.854841 1.227791 -13.762345 2.801212 0.236192 2.598499
 29 10.456543 -0.000004 0.000004 0.072993 0.085145 -1.129919
 30 24.248093 0.000001 0.000007 0.024608 0.029262 0.858239
 31 26.336971 0.000019 0.000002 0.271678 0.081338 0.904432
 32 1.854847 1.227798 13.762341 -2.798944 -0.235560 2.593759
 33 10.456542 -0.000008 0.000004 -0.072731 -0.085873 -1.132758
 34 24.248116 0.000002 -0.000004 -0.024059 -0.029555 0.852962
 35 26.336975 0.000000 0.000004 -0.273124 -0.079535 0.915426
time 24
  0 0.000000 0.000000 0.000000 0.000000 -0.000000 -1.570796
  1 0.000000 0.000000 0.000000 0.000000 -0.000000 0.000000
  2 -0.066408 -3.166437 21.687654 -1.569455 -0.438390 1.569455
  3 4.222169 -0.467508 0.000000 0.003408 -0.013366 -0.070905
  4 4.476987 -0.000002 -0.000000 0.007825 -0.025154 -0.032773
  5 4.477083 0.000000 0.000002 -0.014919 0.037802 -0.192644
  6 4.477077 -0.000004 -0.000002 -0.003301 -0.001237 -0.121409
  7 5.413502 -7.700466 -0.000000 0.064278 0.010433 -0.473949
  8 6.890240 0.000002 -0.000000 0.164225 -0.068421 -0.280955
  9 8.011925 0.000004 0.000005 0.004741 -0.047990 -0.124929
 10 7.210720 -0.000002 -0.000000 -0.023306 -0.012164 0.447071
 11 8.581028 -0.304903 -0.000000 -0.116467 0.076001 1.196514
 12 22.523008 2.194031 6.355708 0.000000 -0.000000 0.000000
 13 22.523005 2.194038 -6.355709 0.000000 -0.000000 0.000000
 14 -3.006533 7.804720 -11.355459 0.760363 0.172849 1.927706
 15 10.384675 0.000008 0.000005 0.074426 -0.416112 -1.856760
 16 22.550743 -0.000006 -0.000004 0.124609 0.013364 1.945147
 17 30.814247 -0.000015 -0.000004 2.622822 -0.020842 0.413840
 18 -3.013796 7.815494 11.355459 0.219242 -0.392279 1.910953
 19 10.374533 -0.000002 0.000007 -0.128310 -0.423727 -1.751777
 20 22.550726 -0.000027 -0.000013 -0.123926 -0.053200 1.975214
 21 30.814270 -0.000023 0.000002 -2.768619 0.115806 0.376497
 22 -4.250660 -0.770624 0.000001 0.000000 0.000000 -2.975559
 23 10.363422 0.000000 0.000000 0.000000 -0.000008 0.175417
 24 10.363076 0.000000 -0.000000 0.000000 0.000009 0.071442
 25 10.363081 -0.000004 -0.000002 -0.000009 -0.000015 0.140176
 26 8.210358 -0.000006 -7.786025 0.000000 0.000000 -0.341705
 27 8.210346 -0.000002 7.704017 0.000000 0.000000 -0.341703
 28 1.854841 1.227791 -13.762345 2.804773 0.242237 2.616380
 29 10.456543 -0.000004 0.000004 0.071351 0.085786 -1.147677
 30 24.248093 0.000001 0.000007 0.024682 0.029746 0.869369
 31 26.336971 0.000019 0.000002 0.270547 0.090982 0.898358
 32 1.854847 1.227798 13.762341 -2.807385 -0.238296 2.620340
 33 10.456542 -0.000008 0.000004 -0.071883 -0.086180 -1.142768
 34 24.248116 0.000002 -0.000004 -0.024240 -0.029699 0.858750
 35 26.336975 0.000000 0.000004 -0.268965 -0.088717 0.913787
time 25
  0 0.000000 0.000000 0.000000 0.000000 -0.000000 -1.570796
  1 0.000000 0.000000 0.000000 0.000000 -0.000000 0.000000
  2 -0.054689 -3.412538 21.664217 -1.567825 -0.465555 1.565716
  3 4.222169 -0.467508 0.000000 0.003660 -0.013051 -0.072807
  4 4.476987 -0.000002 -0.000000 0.007513 -0.024362 -0.040031
  5 4.477083 0.000000 0.000002 -0.014991 0.035929 -0.197965
  6 4.477077 -0.000004 -0.000002 -0.002965 -0.002608 -0.121175
  7 5.413502 -7.700466 -0.000000 0.071322 0.014137 -0.444669
  8 6.890240 0.000002 -0.000000 0.174532 -0.070042 -0.284166
  9 8.011925 0.000004 0.000005 0.005330 -0.048789 -0.166693
 10 7.210720 -0.000002 -0.000000 -0.024404 -0.011546 0.446642
 11 8.581028 -0.304903 -0.000000 -0.123769 0.075096 1.215862
 12 22.523008 2.194031 6.355708 0.000000 -0.000000 0.000000
 13 22.523005 2.194038 -6.355709 0.000000 -0.000000 0.000000
 14 -3.006533 7.804720 -11.355459 0.775067 0.162604 1.971863
 15 10.384675 0.000008 0.000005 0.069645 -0.435313 -1.840876
 16 22.550743 -0.000006 -0.000004 0.124529 0.013450 1.921115
 17 30.814247 -0.000015 -0.000004 2.626011 -0.018930 0.408325
 18 -3.013796 7.815494 11.355459 0.233905 -0.393251 1.961398
 19 10.374533 -0.000002 0.000007 -0.141792 -0.429674 -1.726264
 20 22.550726 -0.000027 -0.000013 -0.121802 -0.055183 1.950151
 21 30.814270 -0.000023 0.000002 -2.776723 0.121237 0.369859
 22 -4.250660 -0.770624 0.000001 0.000000 0.000000 -2.990794
 23 10.363422 0.000000 0.000000 0.000000 -0.000008 0.166945
 24 10.363076 0.000000 -0.000000 0.000000 0.000009 0.108246
 25 10.363081 -0.000004 -0.000002 -0.000009 -0.000015 0.160660
 26 8.210358 -0.000006 -7.786025 0.000000 0.000000 -0.339191
 27 8.210346 -0.000002 7.704017 0.000000 0.000000 -0.339194
 28 1.854841 1.227791 -13.762345 2.806664 0.247566 2.628970
 29 10.456543 -0.000004 0.000004 0.069307 0.086658 -1.170776
 30 24.248093 0.000001 0.000007 0.025053 0.030251 0.886182
 31 26.336971 0.000019 0.000002 0.268459 0.099260 0.891178
 32 1.854847 1.227798 13.762341 -2.814172 -0.240157 2.641148
 33 10.456542 -0.000008 0.000004 -0.071103 -0.086430 -1.151399
 34 24.248116 0.000002 -0.000004 -0.024422 -0.029842 0.864386
 35 26.336975 0.000000 0.000004 -0.266649 -0.097868 0.911018
time 26
  0 0.000000 0.000000 0.000000 0.000000 -0.000000 -1.570796
  1 0.000000 0.000000 0.000000 0.000000 -0.000000 0.000000
  2 0.035157 -3.685984 21.664217 -1.565428 -0.490207 1.560347
  3 4.222169 -0.467508 0.000000 0.003936 -0.012328 -0.074141
  4 4.476987 -0.000002 -0.000000 0.007213 -0.023312 -0.045936
  5 4.477083 0.000000 0.000002 -0.014919 0.033586 -0.202694
  6 4.477077 -0.000004 -0.000002 -0.002594 -0.004356 -0.121191
  7 5.413502 -7.700466 -0.000000 0.078447 0.017535 -0.414519
  8 6.890240 0.000002 -0.000000 0.184754 -0.071519 -0.282351
  9 8.011925 0.000004 0.000005 0.005920 -0.049189 -0.204512
 10 7.210720 -0.000002 -0.000000 -0.025392 -0.010734 0.445140
 11 8.581028 -0.304903 -0.000000 -0.130865 0.074908 1.224028
 12 22.523008 2.194031 6.355708 0.000000 -0.000000 0.000000
 13 22.523005 2.194038 -6.355709 0.000000 -0.000000 0.000000
 14 -3.006533 7.804720 -11.355459 0.789500 0.151863 2.015883
 15 10.384675 0.000008 0.000005 0.063669 -0.450737 -1.824326
 16 22.550743 -0.000006 -0.000004 0.124449 0.013536 1.897689
 17 30.814247 -0.000015 -0.000004 2.631776 -0.014854 0.405030
 18 -3.013796 7.815494 11.355459 0.245513 -0.397062 2.005687
 19 10.374533 -0.000002 0.000007 -0.155409 -0.435256 -1.700750
 20 22.550726 -0.000027 -0.000013 -0.119371 -0.056930 1.922234
 21 30.814270 -0.000023 0.000002 -2.783002 0.129189 0.366345
 22 -4.250660 -0.770624 0.000001 0.000000 0.000000 -3.005620
 23 10.363422 0.000000 0.000000 -0.000000 -0.000008 0.153477
 24 10.363076 0.000000 -0.000000 0.000000 0.000009 0.142599
 25 10.363081 -0.000004 -0.000002 -0.000009 -0.000015 0.165117
 26 8.210358 -0.000006 -7.786025 0.000000 0.000000 -0.324380
 27 8.210346 -0.000002 7.704017 0.000000 0.000000 -0.324375
 28 1.854841 1.227791 -13.762345 2.806796 0.252229 2.636269
 29 10.456543 -0.000004 0.000004 0.066756 0.087654 -1.199476
 30 24.248093 0.000001 0.000007 0.025720 0.030654 0.907494
 31 26.336971 0.000019 0.000002 0.265588 0.106250 0.882673
 32 1.854847 1.227798 13.762341 -2.819540 -0.241279 2.657218
 33 10.456542 -0.000008 0.000004 -0.070492 -0.086653 -1.158730
 34 24.248116 0.000002 -0.000004 -0.024590 -0.029962 0.869666
 35 26.336975 0.000000 0.000004 -0.266049 -0.106927 0.907231
time 27
  0 0.000000 0.000000 0.000000 0.000000 -0.000000 -1.570796
  1 0.000000 0.000000 0.000000 0.000000 -0.000000 0.000000
  2 0.195318 -3.990680 21.691561 -1.562073 -0.512585 1.553253
  3 4.222169 -0.467508 0.000000 0.004331 -0.010956 -0.074969
  4 4.476987 -0.000002 -0.000000 0.006914 -0.021984 -0.050420
  5 4.477083 0.000000 0.000002 -0.014691 0.030679 -0.206799
  6 4.477077 -0.000004 -0.000002 -0.002186 -0.006555 -0.121471
  7 5.413502 -7.700466 -0.000000 0.085730 0.020678 -0.383404
  8 6.890240 0.000002 -0.000000 0.194582 -0.073087 -0.274625
  9 8.011925 0.000004 0.000005 0.006444 -0.047815 -0.213908
 10 7.210720 -0.000002 -0.000000 -0.026326 -0.009569 0.440742
 11 8.581028 -0.304903 -0.000000 -0.137616 0.074976 1.222416
 12 22.523008 2.194031 6.355708 0.000000 -0.000000 0.000000
 13 22.523005 2.194038 -6.355709 0.000000 -0.000000 0.000000
 14 -3.006533 7.804720 -11.355459 0.801655 0.140275 2.057842
 15 10.384675 0.000008 0.000005 0.056423 -0.463085 -1.806553
 16 22.550743 -0.000006 -0.000004 0.124417 0.013593 1.874445
 17 30.814247 -0.000015 -0.000004 2.639901 -0.008867 0.403061
 18 -3.013796 7.815494 11.355459 0.254168 -0.403788 2.044676
 19 10.374533 -0.000002 0.000007 -0.169228 -0.440571 -1.674947
 20 22.550726 -0.000027 -0.000013 -0.116654 -0.058462 1.891464
 21 30.814270 -0.000023 0.000002 -2.787773 0.140077 0.365313
 22 -4.250660 -0.770624 0.000001 0.000000 0.000000 -3.019217
 23 10.363422 0.000000 0.000000 0.000000 -0.000008 0.126586
 24 10.363076 0.000000 -0.000000 0.000000 0.000009 0.172719
 25 10.363081 -0.000004 -0.000002 -0.000009 -0.000015 0.170110
 26 8.210358 -0.000006 -7.786025 0.000000 0.000000 -0.281476
 27 8.210346 -0.000002 7.704017 0.000000 0.000000 -0.281480
 28 1.854841 1.227791 -13.762345 2.805301 0.256300 2.638762
 29 10.456543 -0.000004 0.000004 0.063769 0.088651 -1.232215
 30 24.248093 0.000001 0.000007 0.026425 0.031098 0.929103
 31 26.336971 0.000019 0.000002 0.261977 0.112084 0.872733
 32 1.854847 1.227798 13.762341 -2.823862 -0.241799 2.669582
 33 10.456542 -0.000008 0.000004 -0.070018 -0.086820 -1.164562
 34 24.248116 0.000002 -0.000004 -0.024732 -0.030070 0.874337
 35 26.336975 0.000000 0.000004 -0.266906 -0.115861 0.902484
time 28
  0 0.000000 0.000000 0.000000 0.000000 -0.000000 -1.570796
  1 0.000000 0.000000 0.000000 0.000000 -0.000000 0.000000
  2 0.417982 -4.318815 21.757969 -1.557951 -0.532730 1.544626
  3 4.222169 -0.467508 0.000000 0.004883 -0.008639 -0.075367
  4 4.476987 -0.000002 -0.000000 0.006638 -0.020378 -0.053305
  5 4.477083 0.000000 0.000002 -0.014284 0.027238 -0.210208
  6 4.477077 -0.000004 -0.000002 -0.001731 -0.009205 -0.122000
  7 5.413502 -7.700466 -0.000000 0.093134 0.023516 -0.351759
  8 6.890240 0.000002 -0.000000 0.203882 -0.074891 -0.261849
  9 8.011925 0.000004 0.000005 0.007164 -0.042575 -0.183279
 10 7.210720 -0.000002 -0.000000 -0.028110 -0.007256 0.412155
 11 8.581028 -0.304903 -0.000000 -0.143794 0.074908 1.212462
 12 22.523008 2.194031 6.355708 0.000000 -0.000000 0.000000
 13 22.523005 2.194038 -6.355709 0.000000 -0.000000 0.000000
 14 -3.006533 7.804720 -11.355459 0.793678 0.125365 2.078650
 15 10.384675 0.000008 0.000005 0.048019 -0.472760 -1.787281
 16 22.550743 -0.000006 -0.000004 0.124385 0.013622 1.851261
 17 30.814247 -0.000015 -0.000004 2.650078 -0.001375 0.401664
 18 -3.013796 7.815494 11.355459 0.259972 -0.412794 2.078306
 19 10.374533 -0.000002 0.000007 -0.183317 -0.445654 -1.649085
 20 22.550726 -0.000027 -0.000013 -0.113651 -0.059777 1.858336
 21 30.814270 -0.000023 0.000002 -2.791737 0.153510 0.366345
 22 -4.250660 -0.770624 0.000001 0.000000 0.000000 -3.030611
 23 10.363422 0.000000 0.000000 0.000000 -0.000008 0.097758
 24 10.363076 0.000000 -0.000000 0.000000 0.000009 0.196568
 25 10.363081 -0.000004 -0.000002 -0.000009 -0.000015 0.175024
 26 8.210358 -0.000006 -7.786025 0.000000 0.000000 -0.212924
 27 8.210346 -0.000002 7.704017 0.000000 0.000000 -0.212950
 28 1.854841 1.227791 -13.762345 2.802311 0.259828 2.636938
 29 10.456543 -0.000004 0.000004 0.060642 0.089594 -1.266168
 30 24.248093 0.000001 0.000007 0.027092 0.031522 0.951126
 31 26.336971 0.000019 0.000002 0.257713 0.116840 0.861522
 32 1.854847 1.227798 13.762341 -2.827441 -0.241744 2.679147
 33 10.456542 -0.000008 0.000004 -0.069679 -0.086931 -1.168701
 34 24.248116 0.000002 -0.000004 -0.024849 -0.030154 0.878044
 35 26.336975 0.000000 0.000004 -0.269008 -0.124578 0.896945
time 29
  0 0.000000 0.000000 0.000000 0.000000 -0.000000 -1.570796
  1 0.000000 0.000000 0.000000 0.000000 -0.000000 0.000000
  2 0.687521 -4.666482 21.855629 -1.553062 -0.550720 1.534560
  3 4.222169 -0.467508 0.000000 0.005662 -0.005135 -0.075398
  4 4.476987 -0.000002 -0.000000 0.006398 -0.018429 -0.054504
  5 4.477083 0.000000 0.000002 -0.013697 0.023151 -0.212832
  6 4.477077 -0.000004 -0.000002 -0.001216 -0.012362 -0.122841
  7 5.413502 -7.700466 -0.000000 0.100630 0.026047 -0.319866
  8 6.890240 0.000002 -0.000000 0.212978 -0.076681 -0.248422
  9 8.011925 0.000004 0.000005 0.008002 -0.036664 -0.141489
 10 7.210720 -0.000002 -0.000000 -0.028906 -0.005544 0.366083
 11 8.581028 -0.304903 -0.000000 -0.149167 0.074311 1.195498
 12 22.523008 2.194031 6.355708 0.000000 -0.000000 0.000000
 13 22.523005 2.194038 -6.355709 0.000000 -0.000000 0.000000
 14 -3.006533 7.804720 -11.355459 0.782664 0.110279 2.096025
 15 10.384675 0.000008 0.000005 0.038419 -0.480292 -1.766120
 16 22.550743 -0.000006 -0.000004 0.124385 0.013651 1.827895
 17 30.814247 -0.000015 -0.000004 2.662264 0.007058 0.400625
 18 -3.013796 7.815494 11.355459 0.263282 -0.423518 2.107034
 19 10.374533 -0.000002 0.000007 -0.197608 -0.449774 -1.621600
 20 22.550726 -0.000027 -0.000013 -0.110363 -0.060876 1.823223
 21 30.814270 -0.000023 0.000002 -2.795456 0.169267 0.368883
 22 -4.250660 -0.770624 0.000001 0.000000 0.000000 -3.038831
 23 10.363422 0.000000 0.000000 0.000000 -0.000008 0.068270
 24 10.363076 0.000000 -0.000000 0.000000 0.000009 0.212312
 25 10.363081 -0.000004 -0.000002 -0.000009 -0.000015 0.179829
 26 8.210358 -0.000006 -7.786025 0.000000 0.000000 -0.153816
 27 8.210346 -0.000002 7.704017 0.000000 0.000000 -0.153812
 28 1.854841 1.227791 -13.762345 2.798002 0.262788 2.631160
 29 10.456543 -0.000004 0.000004 0.057410 0.090466 -1.300904
 30 24.248093 0.000001 0.000007 0.027833 0.031966 0.973444
 31 26.336971 0.000019 0.000002 0.252928 0.120572 0.848985
 32 1.854847 1.227798 13.762341 -2.830614 -0.241142 2.686901
 33 10.456542 -0.000008 0.000004 -0.069509 -0.086987 -1.170868
 34 24.248116 0.000002 -0.000004 -0.024940 -0.030214 0.880582
 35 26.336975 0.000000 0.000004 -0.272181 -0.133016 0.890728
time 30
  0 0.000000 0.000000 0.000000 0.000000 -0.000000 -1.570796
  1 0.000000 0.000000 0.000000 0.000000 -0.000000 0.000000
  2 0.996124 -5.029775 21.996258 -1.547406 -0.566676 1.523248
  3 4.222169 -0.467508 0.000000 0.006740 -0.000186 -0.075091
  4 4.476987 -0.000002 -0.000000 0.006267 -0.015452 -0.054504
  5 4.477083 0.000000 0.000002 -0.012918 0.018451 -0.214625
  6 4.477077 -0.000004 -0.000002 -0.000652 -0.015970 -0.123978
  7 5.413502 -7.700466 -0.000000 0.108219 0.028256 -0.288036
  8 6.890240 0.000002 -0.000000 0.221859 -0.078472 -0.234482
  9 8.011925 0.000004 0.000005 0.007976 -0.028708 -0.060816
 10 7.210720 -0.000002 -0.000000 -0.029126 -0.004167 0.311536
 11 8.581028 -0.304903 -0.000000 -0.153530 0.072860 1.172995
 12 22.523008 2.194031 6.355708 0.000000 -0.000000 0.000000
 13 22.523005 2.194038 -6.355709 0.000000 -0.000000 0.000000
 14 -3.006533 7.804720 -11.355459 0.769533 0.095405 2.110446
 15 10.384675 0.000008 0.000005 0.027625 -0.486148 -1.742849
 16 22.550743 -0.000006 -0.000004 0.124401 0.013679 1.804105
 17 30.814247 -0.000015 -0.000004 2.676286 0.015835 0.399873
 18 -3.013796 7.815494 11.355459 0.264554 -0.435476 2.131145
 19 10.374533 -0.000002 0.000007 -0.213044 -0.447747 -1.581242
 20 22.550726 -0.000027 -0.000013 -0.106829 -0.061760 1.786373
 21 30.814270 -0.000023 0.000002 -2.799736 0.187030 0.372397
 22 -4.250660 -0.770624 0.000001 0.000000 0.000000 -3.042774
 23 10.363422 0.000000 0.000000 0.000000 -0.000008 0.038451
 24 10.363076 0.000000 -0.000000 0.000000 0.000009 0.218067
 25 10.363081 -0.000004 -0.000002 -0.000009 -0.000015 0.184554
 26 8.210358 -0.000006 -7.786025 0.000000 0.000000 -0.111320
 27 8.210346 -0.000002 7.704017 0.000000 0.000000 -0.111324
 28 1.854841 1.227791 -13.762345 2.792461 0.265206 2.621915
 29 10.456543 -0.000004 0.000004 0.054143 0.091231 -1.335813
 30 24.248093 0.000001 0.000007 0.028575 0.032430 0.995941
 31 26.336971 0.000019 0.000002 0.247621 0.123331 0.835179
 32 1.854847 1.227798 13.762341 -2.833653 -0.240075 2.693665
 33 10.456542 -0.000008 0.000004 -0.069509 -0.086959 -1.170868
 34 24.248116 0.000002 -0.000004 -0.024966 -0.030250 0.881496
 35 26.336975 0.000000 0.000004 -0.276212 -0.141050 0.883833
time 31
  0 0.000000 0.000000 0.000000 0.000000 -0.000000 -1.570796
  1 0.000000 0.000000 0.000000 0.000000 -0.000000 0.000000
  2 1.332072 -5.408692 22.183764 -1.541079 -0.580677 1.510881
  3 4.222169 -0.467508 0.000000 0.008178 0.006469 -0.074555
  4 4.476987 -0.000002 -0.000000 0.006339 -0.010761 -0.054060
  5 4.477083 0.000000 0.000002 -0.011947 0.013088 -0.215514
  6 4.477077 -0.000004 -0.000002 -0.000029 -0.020236 -0.125411
  7 5.413502 -7.700466 -0.000000 0.115809 0.030159 -0.256796
  8 6.890240 0.000002 -0.000000 0.230488 -0.080223 -0.220287
  9 8.011925 0.000004 0.000005 0.008395 -0.020720 0.021388
 10 7.210720 -0.000002 -0.000000 -0.029318 -0.002772 0.255515
 11 8.581028 -0.304903 -0.000000 -0.156607 0.070230 1.146533
 12 22.523008 2.194031 6.355708 0.000000 -0.000000 0.000000
 13 22.523005 2.194038 -6.355709 0.000000 -0.000000 0.000000
 14 -3.006533 7.804720 -11.355459 0.753309 0.080708 2.120198
 15 10.384675 0.000008 0.000005 0.015673 -0.490815 -1.717079
 16 22.550743 -0.000006 -0.000004 0.124433 0.013708 1.779832
 17 30.814247 -0.000015 -0.000004 2.692097 0.024268 0.399336
 18 -3.013796 7.815494 11.355459 0.264198 -0.448293 2.150924
 19 10.374533 -0.000002 0.000007 -0.228481 -0.444458 -1.539377
 20 22.550726 -0.000027 -0.000013 -0.103050 -0.062466 1.748282
 21 30.814270 -0.000023 0.000002 -2.804015 0.205845 0.376413
 22 -4.250660 -0.770624 0.000001 0.000000 0.000000 -3.039906
 23 10.363422 0.000000 0.000000 0.000000 -0.000008 0.008787
 24 10.363076 0.000000 -0.000000 0.000000 0.000009 0.212028
 25 10.363081 -0.000004 -0.000002 -0.000009 -0.000015 0.189172
 26 8.210358 -0.000006 -7.786025 0.000000 0.000000 -0.063150
 27 8.210346 -0.000002 7.704017 0.000000 0.000000 -0.063139
 28 1.854841 1.227791 -13.762345 2.785953 0.267081 2.609690
 29 10.456543 -0.000004 0.000004 0.050876 0.091889 -1.370288
 30 24.248093 0.000001 0.000007 0.029353 0.032894 1.018497
 31 26.336971 0.000019 0.000002 0.241922 0.125223 0.820213
 32 1.854847 1.227798 13.762341 -2.836590 -0.238543 2.699653
 33 10.456542 -0.000008 0.000004 -0.069746 -0.086875 -1.168543
 34 24.248116 0.000002 -0.000004 -0.024940 -0.030238 0.880633
 35 26.336975 0.000000 0.000004 -0.280843 -0.148651 0.876430
time 32
  0 0.000000 0.000000 0.000000 0.000000 -0.000000 -1.570796
  1 0.000000 0.000000 0.000000 0.000000 -0.000000 0.000000
  2 0.000000 7.064344 18.843819 -0.897272 -0.261599 1.570796
  3 4.222169 -0.467508 0.000000 0.008166 0.234985 -0.169409
  4 4.476987 -0.000002 -0.000000 0.009802 0.261761 -0.083427
  5 4.477083 0.000000 0.000002 -0.009071 0.022974 -0.060598
  6 4.477077 -0.000004 -0.000002 -0.009413 -0.189462 -0.004720
  7 5.413502 -7.700466 -0.000000 -0.067787 0.338158 -0.447501
  8 6.890240 0.000002 -0.000000 -0.111720 -0.137182 0.004701
  9 8.011925 0.000004 0.000005 -0.085313 -0.107004 0.005243
 10 7.210720 -0.000002 -0.000000 -0.067283 -0.200949 0.005417
 11 8.581028 -0.304903 -0.000000 0.212325 -0.222998 1.057646
 12 22.523008 2.194031 6.355708 0.000000 -0.000000 0.000000
 13 22.523005 2.194038 -6.355709 0.000000 -0.000000 0.000000
 14 -3.006533 7.804720 -11.355459 -0.040890 -0.052381 1.524732
 15 10.384675 0.000008 0.000005 0.009024 0.215102 -1.881531
 16 22.550743 -0.000006 -0.000004 0.118836 -0.033414 2.076564
 17 30.814247 -0.000015 -0.000004 2.949193 0.017152 0.539217
 18 -3.013796 7.815494 11.355459 -0.104970 -0.667114 1.540679
 19 10.374533 -0.000002 0.000007 0.009274 -0.122864 -1.906308
 20 22.550726 -0.000027 -0.000013 -0.128972 -0.057244 2.069820
 21 30.814270 -0.000023 0.000002 -2.751044 -0.061165 0.535087
 22 -4.250660 -0.770624 0.000001 0.000000 0.000000 -2.981960
 23 10.363422 0.000000 0.000000 0.000000 -0.205256 0.009887
 24 10.363076 0.000000 -0.000000 0.000000 0.125080 0.002116
 25 10.363081 -0.000004 -0.000002 0.014075 0.190049 0.098267
 26 8.210358 -0.000006 -7.414920 0.000000 0.000000 -0.000713
 27 8.210346 -0.000002 7.704017 0.000000 0.000000 0.006850
 28 1.854841 1.227791 -13.762345 2.690310 0.058084 2.487684
 29 10.456543 -0.000004 0.000004 0.030908 0.216291 -1.235297
 30 24.248093 0.000001 0.000007 0.016712 -0.041259 0.937628
 31 26.336971 0.000019 0.000002 0.330756 -0.105949 0.979209
 32 1.854847 1.227798 13.762341 -2.706670 -0.380825 2.487952
 33 10.456542 -0.000008 0.000004 -0.047872 0.117666 -1.231561
 34 24.248116 0.000002 -0.000004 -0.020730 -0.083114 0.934097
 35 26.336975 0.000000 0.000004 -0.236331 -0.051553 1.427524
time 33
  0 0.000000 0.000000 0.000000 0.000000 -0.000000 -1.570796
  1 0.000000 0.000000 0.000000 0.000000 -0.000000 0.000000
  2 -0.292978 7.044813 18.078169 -0.898902 -0.261839 1.570988
  3 4.222169 -0.467508 0.000000 0.007747 0.233965 -0.172414
  4 4.476987 -0.000002 -0.000000 0.009598 0.260326 -0.087778
  5 4.477083 0.000000 0.000002 -0.009562 0.023151 -0.063503
  6 4.477077 -0.000004 -0.000002 -0.009365 -0.188278 -0.007773
  7 5.413502 -7.700466 -0.000000 -0.067149 0.322883 -0.453599
  8 6.890240 0.000002 -0.000000 -0.107861 -0.117211 0.000140
  9 8.011925 0.000004 0.000005 -0.084474 -0.089798 0.000156
 10 7.210720 -0.000002 -0.000000 -0.067091 -0.193605 0.000161
 11 8.581028 -0.304903 -0.000000 0.210787 -0.227112 1.050776
 12 22.523008 2.194031 6.355708 0.000000 -0.000000 0.000000
 13 22.523005 2.194038 -6.355709 0.000000 -0.000000 0.000000
 14 -3.006533 7.804720 -11.355459 -0.044146 -0.051109 1.511272
 15 10.384675 0.000008 0.000005 0.004878 0.217754 -1.892417
 16 22.550743 -0.000006 -0.000004 0.118868 -0.038838 2.064699
 17 30.814247 -0.000015 -0.000004 2.951420 0.022073 0.532198
 18 -3.013796 7.815494 11.355459 -0.102628 -0.667525 1.529507
 19 10.374533 -0.000002 0.000007 0.005162 -0.112366 -1.917673
 20 22.550726 -0.000027 -0.000013 -0.129196 -0.060660 2.057661
 21 30.814270 -0.000023 0.000002 -2.755429 -0.055293 0.533023
 22 -4.250660 -0.770624 0.000001 0.000000 0.000000 -2.983957
 23 10.363422 0.000000 0.000000 0.000000 -0.202727 0.008171
 24 10.363076 0.000000 -0.000000 0.000000 0.123822 0.000155
 25 10.363081 -0.000004 -0.000002 0.014075 0.182392 0.096012
 26 8.210358 -0.000006 -7.703991 0.000000 0.000000 -0.000713
 27 8.210346 -0.000002 7.704017 0.000000 0.000000 0.000203
 28 1.854841 1.227791 -13.762345 2.682043 0.051694 2.475764
 29 10.456543 -0.000004 0.000004 0.033039 0.200151 -1.243807
 30 24.248093 0.000001 0.000007 0.018565 -0.028345 0.926024
 31 26.336971 0.000019 0.000002 0.331583 -0.109760 0.968384
 32 1.854847 1.227798 13.762341 -2.701639 -0.389170 2.479508
 33 10.456542 -0.000008 0.000004 -0.050178 0.090700 -1.239285
 34 24.248116 0.000002 -0.000004 -0.022090 -0.074293 0.934402
 35 26.336975 0.000000 0.000004 -0.237360 -0.057323 1.427523
time 34
  0 0.000000 0.000000 0.000000 0.000000 -0.000000 -1.570796
  1 0.000000 0.000000 0.000000 0.000000 -0.000000 0.000000
  2 -1.089877 6.990123 18.328176 -0.905133 -0.261998 1.571468
  3 4.222169 -0.467508 0.000000 0.007291 0.232093 -0.171433
  4 4.476987 -0.000002 -0.000000 0.009323 0.257242 -0.086357
  5 4.477083 0.000000 0.000002 -0.009778 0.022263 -0.062555
  6 4.477077 -0.000004 -0.000002 -0.009149 -0.186906 -0.006776
  7 5.413502 -7.700466 -0.000000 -0.063706 0.275392 -0.451608
  8 6.890240 0.000002 -0.000000 -0.102157 -0.086248 0.001629
  9 8.011925 0.000004 0.000005 -0.083558 -0.072497 0.001817
 10 7.210720 -0.000002 -0.000000 -0.066404 -0.183082 0.001877
 11 8.581028 -0.304903 -0.000000 0.208835 -0.236195 1.053020
 12 22.523008 2.194031 6.355708 0.000000 -0.000000 0.000000
 13 22.523005 2.194038 -6.355709 0.000000 -0.000000 0.000000
 14 -3.006533 7.804720 -11.355459 -0.047618 -0.049802 1.515667
 15 10.384675 0.000008 0.000005 -0.007112 0.226623 -1.888862
 16 22.550743 -0.000006 -0.000004 0.118964 -0.053330 2.068573
 17 30.814247 -0.000015 -0.000004 2.952774 0.033171 0.534490
 18 -3.013796 7.815494 11.355459 -0.095857 -0.666031 1.533155
 19 10.374533 -0.000002 0.000007 -0.002388 -0.095921 -1.913962
 20 22.550726 -0.000027 -0.000013 -0.129830 -0.070260 2.061631
 21 30.814270 -0.000023 0.000002 -2.761322 -0.043989 0.533023
 22 -4.250660 -0.770624 0.000001 0.000000 0.000000 -2.983804
 23 10.363422 0.000000 0.000000 -0.000000 -0.195596 0.008303
 24 10.363076 0.000000 -0.000000 0.000000 0.120334 0.000258
 25 10.363081 -0.000004 -0.000002 0.014075 0.170391 0.096012
 26 8.210358 -0.000006 -7.703991 0.000000 0.000000 -0.000713
 27 8.210346 -0.000002 7.704017 0.000000 0.000000 0.002374
 28 1.854841 1.227791 -13.762345 2.664894 0.037606 2.479656
 29 10.456543 -0.000004 0.000004 0.036446 0.170897 -1.241029
 30 24.248093 0.000001 0.000007 0.021420 -0.010892 0.929813
 31 26.336971 0.000019 0.000002 0.334628 -0.118957 0.971919
 32 1.854847 1.227798 13.762341 -2.690868 -0.410841 2.482265
 33 10.456542 -0.000008 0.000004 -0.054587 0.041332 -1.236763
 34 24.248116 0.000002 -0.000004 -0.023515 -0.062440 0.937651
 35 26.336975 0.000000 0.000004 -0.239676 -0.068491 1.427523
time 35
  0 0.000000 0.000000 0.000000 0.000000 -0.000000 -1.570796
  1 0.000000 0.000000 0.000000 0.000000 -0.000000 0.000000
  2 -2.257881 6.900277 18.328176 -0.916157 -0.261998 1.572331
  3 4.222169 -0.467508 0.000000 0.006812 0.229405 -0.170451
  4 4.476987 -0.000002 -0.000000 0.009011 0.252658 -0.084937
  5 4.477083 0.000000 0.000002 -0.009754 0.020389 -0.061606
  6 4.477077 -0.000004 -0.000002 -0.008802 -0.185384 -0.005779
  7 5.413502 -7.700466 -0.000000 -0.060197 0.228004 -0.449617
  8 6.890240 0.000002 -0.000000 -0.094954 -0.043706 0.003118
  9 8.011925 0.000004 0.000005 -0.082759 -0.055020 0.003478
 10 7.210720 -0.000002 -0.000000 -0.065142 -0.168058 0.003593
 11 8.581028 -0.304903 -0.000000 0.206010 -0.246984 1.055263
 12 22.523008 2.194031 6.355708 0.000000 -0.000000 0.000000
 13 22.523005 2.194038 -6.355709 0.000000 -0.000000 0.000000
 14 -3.006533 7.804720 -11.355459 -0.051200 -0.048495 1.520062
 15 10.384675 0.000008 0.000005 -0.026721 0.240647 -1.885308
 16 22.550743 -0.000006 -0.000004 0.119060 -0.074595 2.072448
 17 30.814247 -0.000015 -0.000004 2.952556 0.048782 0.536782
 18 -3.013796 7.815494 11.355459 -0.088373 -0.664013 1.536803
 19 10.374533 -0.000002 0.000007 -0.013443 -0.073097 -1.910251
 20 22.550726 -0.000027 -0.000013 -0.130831 -0.084453 2.065602
 21 30.814270 -0.000023 0.000002 -2.767707 -0.028820 0.533190
 22 -4.250660 -0.770624 0.000001 0.000000 0.000000 -2.983701
 23 10.363422 0.000000 0.000000 -0.000000 -0.184451 0.008391
 24 10.363076 0.000000 -0.000000 0.000000 0.114905 0.000361
 25 10.363081 -0.000004 -0.000002 0.014075 0.155031 0.096334
 26 8.210358 -0.000006 -7.680552 0.000000 0.000000 -0.000713
 27 8.210346 -0.000002 7.704017 0.000000 0.000000 0.004544
 28 1.854841 1.227791 -13.762345 2.640972 0.018313 2.483548
 29 10.456543 -0.000004 0.000004 0.040202 0.132799 -1.238250
 30 24.248093 0.000001 0.000007 0.024349 0.011062 0.933602
 31 26.336971 0.000019 0.000002 0.338326 -0.133936 0.975453
 32 1.854847 1.227798 13.762341 -2.675709 -0.441405 2.485023
 33 10.456542 -0.000008 0.000004 -0.059131 -0.023036 -1.234241
 34 24.248116 0.000002 -0.000004 -0.025354 -0.047316 0.940900
 35 26.336975 0.000000 0.000004 -0.243406 -0.083567 1.427523
time 36
  0 0.000000 0.000000 0.000000 0.000000 -0.000000 -1.570796
  1 0.000000 0.000000 0.000000 0.000000 -0.000000 0.000000
  2 -3.679800 6.775273 18.328176 -0.931687 -0.261958 1.573289
  3 4.222169 -0.467508 0.000000 0.006309 0.225994 -0.170451
  4 4.476987 -0.000002 -0.000000 0.008628 0.246661 0.088936
  5 4.477083 0.000000 0.000002 -0.009538 0.017578 0.054492
  6 4.477077 -0.000004 -0.000002 -0.008334 -0.183692 0.116204
  7 5.413502 -7.700466 -0.000000 -0.056648 0.180854 -0.205892
  8 6.890240 0.000002 -0.000000 -0.086996 0.064160 0.185403
  9 8.011925 0.000004 0.000005 -0.079327 -0.008291 0.206796
 10 7.210720 -0.000002 -0.000000 -0.063220 -0.147119 0.213653
 11 8.581028 -0.304903 -0.000000 0.201854 -0.256220 1.329809
 12 22.523008 2.194031 6.355708 0.000000 -0.000000 0.000000
 13 22.523005 2.194038 -6.355709 0.000000 -0.000000 0.000000
 14 -3.006533 7.804720 -11.355459 -0.054943 -0.047188 2.057980
 15 10.384675 0.000008 0.000005 -0.053689 0.258766 -1.450268
 16 22.550743 -0.000006 -0.000004 0.119140 -0.100280 2.546601
 17 30.814247 -0.000015 -0.000004 2.950197 0.067214 0.817296
 18 -3.013796 7.815494 11.355459 -0.083943 -0.662892 1.983286
 19 10.374533 -0.000002 0.000007 -0.025577 -0.047715 -1.456052
 20 22.550726 -0.000027 -0.000013 -0.132097 -0.101650 2.551539
 21 30.814270 -0.000023 0.000002 -2.773671 -0.011350 0.755233
 22 -4.250660 -0.770624 0.000001 0.000000 0.000000 -2.780723
 23 10.363422 0.000000 0.000000 -0.000000 -0.169842 0.182833
 24 10.363076 0.000000 -0.000000 -0.000000 0.107798 0.204853
 25 10.363081 -0.000004 -0.000002 0.014075 0.137406 0.096012
 26 8.210358 -0.000006 23.418053 0.000000 0.000000 -0.000713
 27 8.210346 -0.000002 7.704017 0.000000 0.000000 0.270154
 28 1.854841 1.227791 -13.762345 2.612565 -0.003670 2.959955
 29 10.456543 -0.000004 0.000004 0.043329 0.093473 -0.898146
 30 24.248093 0.000001 0.000007 0.027092 0.033943 1.397325
 31 26.336971 0.000019 0.000002 0.343981 -0.150413 1.408039
 32 1.854847 1.227798 13.762341 -2.657645 -0.476401 2.822477
 33 10.456542 -0.000008 0.000004 -0.062896 -0.089380 -0.925534
 34 24.248116 0.000002 -0.000004 -0.027168 -0.031352 1.338604
 35 26.336975 0.000000 0.000004 -0.248681 -0.101095 1.427523
time 37
  0 0.000000 0.000000 0.000000 0.000000 -0.000000 -1.570796
  1 0.000000 0.000000 0.000000 0.000000 -0.000000 0.000000
  2 -5.211097 6.622924 18.328176 -0.951722 -0.261839 1.574344
  3 4.222169 -0.467508 0.000000 0.005793 0.221953 -0.170451
  4 4.476987 -0.000002 -0.000000 0.008208 0.239465 0.088936
  5 4.477083 0.000000 0.000002 -0.009107 0.013944 -0.060791
  6 4.477077 -0.000004 -0.000002 -0.007771 -0.181907 -0.008146
  7 5.413502 -7.700466 -0.000000 -0.053060 0.134230 -0.452946
  8 6.890240 0.000002 -0.000000 -0.079793 0.170771 0.000070
  9 8.011925 0.000004 0.000005 -0.075909 0.038980 0.000337
 10 7.210720 -0.000002 -0.000000 -0.060557 -0.119083 0.000590
 11 8.581028 -0.304903 -0.000000 0.196021 -0.260659 1.152562
 12 22.523008 2.194031 6.355708 0.000000 -0.000000 0.000000
 13 22.523005 2.194038 -6.355709 0.000000 -0.000000 0.000000
 14 -3.006533 7.804720 -11.355459 -0.058742 -0.045881 1.539153
 15 10.384675 0.000008 0.000005 -0.087342 0.279558 -1.916410
 16 22.550743 -0.000006 -0.000004 0.119188 -0.127858 1.992604
 17 30.814247 -0.000015 -0.000004 2.945305 0.086681 0.498929
 18 -3.013796 7.815494 11.355459 -0.085267 -0.663303 1.511267
 19 10.374533 -0.000002 0.000007 -0.038318 -0.020207 -1.909497
 20 22.550726 -0.000027 -0.000013 -0.133527 -0.120143 2.057661
 21 30.814270 -0.000023 0.000002 -2.778266 0.006707 0.134400
 22 -4.250660 -0.770624 0.000001 0.000000 0.000000 -2.940939
 23 10.363422 0.000000 0.000000 0.000000 -0.152416 -0.065769
 24 10.363076 0.000000 -0.000000 0.000000 0.099337 0.004026
 25 10.363081 -0.000004 -0.000002 0.014075 0.117656 0.096012
 26 8.210358 -0.000006 -7.852433 0.000000 0.000000 -0.000713
 27 8.210346 -0.000002 7.704017 0.000000 0.000000 -0.010308
 28 1.854841 1.227791 -13.762345 2.582707 -0.025727 2.620820
 29 10.456543 -0.000004 0.000004 0.045652 0.053471 -1.251710
 30 24.248093 0.000001 0.000007 0.029650 0.057127 0.947633
 31 26.336971 0.000019 0.000002 0.351507 -0.167100 1.057464
 32 1.854847 1.227798 13.762341 -2.638738 -0.511232 2.447714
 33 10.456542 -0.000008 0.000004 -0.065643 -0.156809 -1.218871
 34 24.248116 0.000002 -0.000004 -0.028800 -0.015341 0.900282
 35 26.336975 0.000000 0.000004 -0.255499 -0.119428 1.427523
time 38
  0 0.000000 0.000000 0.000000 0.000000 -0.000000 -1.570796
  1 0.000000 0.000000 0.000000 0.000000 -0.000000 0.000000
  2 -6.754112 6.443232 18.328176 -0.976358 -0.261719 1.575398
  3 4.222169 -0.467508 0.000000 0.005278 0.217318 -0.170451
  4 4.476987 -0.000002 -0.000000 0.007753 0.231090 0.088936
  5 4.477083 0.000000 0.000002 -0.008531 0.009518 -0.060791
  6 4.477077 -0.000004 -0.000002 -0.007100 -0.179990 -0.008287
  7 5.413502 -7.700466 -0.000000 -0.049378 0.087623 -0.450675
  8 6.890240 0.000002 -0.000000 -0.074041 0.206531 0.000698
  9 8.011925 0.000004 0.000005 -0.069190 0.137533 0.000156
 10 7.210720 -0.000002 -0.000000 -0.056906 -0.082219 0.000054
 11 8.581028 -0.304903 -0.000000 0.188145 -0.257193 1.152947
 12 22.523008 2.194031 6.355708 0.000000 -0.000000 0.000000
 13 22.523005 2.194038 -6.355709 0.000000 -0.000000 0.000000
 14 -3.006533 7.804720 -11.355459 -0.062486 -0.044467 1.541900
 15 10.384675 0.000008 0.000005 -0.127271 0.301220 -1.917243
 16 22.550743 -0.000006 -0.000004 0.119188 -0.155322 1.999203
 17 30.814247 -0.000015 -0.000004 2.937399 0.105678 0.499394
 18 -3.013796 7.815494 11.355459 -0.091580 -0.663340 1.507220
 19 10.374533 -0.000002 0.000007 -0.051395 0.009494 -1.908512
 20 22.550726 -0.000027 -0.000013 -0.135120 -0.138498 2.053567
 21 30.814270 -0.000023 0.000002 -2.780792 0.023907 0.138528
 22 -4.250660 -0.770624 0.000001 0.000000 0.000000 -2.779955
 23 10.363422 0.000000 0.000000 -0.000000 -0.132533 0.183493
 24 10.363076 0.000000 -0.000000 0.000000 0.089701 0.204853
 25 10.363081 -0.000004 -0.000002 0.014075 0.095564 0.097891
 26 8.210358 -0.000006 -7.852433 0.000000 0.000000 -0.000713
 27 8.210346 -0.000002 7.704017 0.000000 0.000000 -0.012648
 28 1.854841 1.227791 -13.762345 2.554520 -0.045687 2.609994
 29 10.456543 -0.000004 0.000004 0.047155 0.012579 -1.250494
 30 24.248093 0.000001 0.000007 0.032097 0.080251 0.949646
 31 26.336971 0.000019 0.000002 0.360687 -0.182893 1.060833
 32 1.854847 1.227798 13.762341 -2.621181 -0.541987 2.451462
 33 10.456542 -0.000008 0.000004 -0.067440 -0.225601 -1.222181
 34 24.248116 0.000002 -0.000004 -0.030225 0.000203 0.898759
 35 26.336975 0.000000 0.000004 -0.263819 -0.137297 1.427523
time 39
  0 0.000000 0.000000 0.000000 0.000000 -0.000000 -1.570796
  1 0.000000 0.000000 0.000000 0.000000 -0.000000 0.000000
  2 -8.168218 6.232288 18.328176 -1.005596 -0.261599 1.576357
  3 4.222169 -0.467508 0.000000 0.004751 0.212183 -0.170451
  4 4.476987 -0.000002 -0.000000 0.007273 0.221709 0.088936
  5 4.477083 0.000000 0.000002 -0.007812 0.004397 -0.060791
  6 4.477077 -0.000004 -0.000002 -0.006369 -0.177998 -0.008287
  7 5.413502 -7.700466 -0.000000 -0.045616 0.041339 -0.447719
  8 6.890240 0.000002 -0.000000 -0.068959 0.225025 0.000791
  9 8.011925 0.000004 0.000005 -0.062288 0.235335 -0.000000
 10 7.210720 -0.000002 -0.000000 -0.052322 -0.036422 -0.001395
 11 8.581028 -0.304903 -0.000000 0.179464 -0.247650 1.153333
 12 22.523008 2.194031 6.355708 0.000000 -0.000000 0.000000
 13 22.523005 2.194038 -6.355709 0.000000 -0.000000 0.000000
 14 -3.006533 7.804720 -11.355459 -0.059718 -0.033409 1.551652
 15 10.384675 0.000008 0.000005 -0.172279 0.321333 -1.919409
 16 22.550743 -0.000006 -0.000004 0.119172 -0.180117 2.011975
 17 30.814247 -0.000015 -0.000004 2.926348 0.122387 0.501328
 18 -3.013796 7.815494 11.355459 -0.101457 -0.660276 1.500893
 19 10.374533 -0.000002 0.000007 -0.064405 0.040956 -1.905728
 20 22.550726 -0.000027 -0.000013 -0.136836 -0.155027 2.042958
 21 30.814270 -0.000023 0.000002 -2.780477 0.038514 0.150215
 22 -4.250660 -0.770624 0.000001 0.000000 0.000000 2.903719
 23 10.363422 0.000000 0.000000 -0.000000 -0.110877 0.163886
 24 10.363076 0.000000 -0.000000 0.000000 0.079215 0.033553
 25 10.363081 -0.000004 -0.000002 0.014075 0.072362 0.309904
 26 8.210358 -0.000006 -8.317291 0.000000 0.000000 -0.000713
 27 8.210346 -0.000002 7.704017 0.000000 0.000000 -0.019328
 28 1.854841 1.227791 -13.762345 2.531522 -0.061329 2.590167
 29 10.456543 -0.000004 0.000004 0.047749 -0.028242 -1.248931
 30 24.248093 0.000001 0.000007 0.034321 0.101337 0.956039
 31 26.336971 0.000019 0.000002 0.370910 -0.196479 1.075633
 32 1.854847 1.227798 13.762341 -2.607609 -0.564917 2.458829
 33 10.456542 -0.000008 0.000004 -0.068186 -0.294255 -1.225965
 34 24.248116 0.000002 -0.000004 -0.031404 0.014201 0.893276
 35 26.336975 0.000000 0.000004 -0.273296 -0.153118 1.427524
time 40
  0 0.000000 0.000000 0.000000 0.000000 -0.000000 -1.570796
  1 0.000000 0.000000 0.000000 0.000000 -0.000000 0.000000
  2 -9.328409 5.997905 23.933817 -1.039244 -0.261480 1.577124
  3 4.222169 -0.467508 0.000000 0.004223 0.206622 -0.164532
  4 4.476987 -0.000002 -0.000000 0.006770 0.211450 -0.078189
  5 4.477083 0.000000 0.000002 -0.006997 -0.001370 -0.043998
  6 4.477077 -0.000004 -0.000002 -0.005590 -0.175950 0.027360
  7 5.413502 -7.700466 -0.000000 -0.041735 -0.004027 -0.436891
  8 6.890240 0.000002 -0.000000 -0.064501 0.231730 -0.000256
  9 8.011925 0.000004 0.000005 -0.054810 0.269890 -0.001999
 10 7.210720 -0.000002 -0.000000 -0.047244 0.013665 -0.019684
 11 8.581028 -0.304903 -0.000000 0.171450 -0.236451 1.188663
 12 22.523008 2.194031 6.355708 0.000000 -0.000000 0.000000
 13 22.523005 2.194038 -6.355709 0.000000 -0.000000 0.000000
 14 -3.006533 7.804720 -11.355459 -0.056463 -0.020231 1.556322
 15 10.384675 0.000008 0.000005 -0.221284 0.337649 -1.933849
 16 22.550743 -0.000006 -0.000004 0.119140 -0.199918 2.132738
 17 30.814247 -0.000015 -0.000004 2.912066 0.135082 0.690630
 18 -3.013796 7.815494 11.355459 -0.113829 -0.651383 1.411744
 19 10.374533 -0.000002 0.000007 -0.077348 0.071953 -1.884448
 20 22.550726 -0.000027 -0.000013 -0.138715 -0.168101 1.861065
 21 30.814270 -0.000023 0.000002 -2.776407 0.048937 0.594998
 22 -4.250660 -0.770624 0.000001 0.000000 0.000000 -2.785128
 23 10.363422 0.000000 0.000000 -0.000000 -0.088023 -0.087467
 24 10.363076 0.000000 -0.000000 -0.000000 0.068165 -0.186115
 25 10.363081 -0.000004 -0.000002 0.014075 0.049284 0.094992
 26 8.210358 -0.000006 -47.068474 0.000000 0.000000 -0.000713
 27 8.210346 -0.000002 7.704017 0.000000 0.000000 0.087587
 28 1.854841 1.227791 -13.762345 2.515515 -0.071716 2.545038
 29 10.456543 -0.000004 0.000004 0.047452 -0.052941 -1.244850
 30 24.248093 0.000001 0.000007 0.036026 0.118831 0.844741
 31 26.336971 0.000019 0.000002 0.381481 -0.206622 0.811708
 32 1.854847 1.227798 13.762341 -2.598864 -0.579117 2.471236
 33 10.456542 -0.000008 0.000004 -0.067847 -0.336332 -1.211225
 34 24.248116 0.000002 -0.000004 -0.032363 0.026689 1.338604
 35 26.336975 0.000000 0.000004 -0.283588 -0.165340 1.427523
time 41
  0 0.000000 0.000000 0.000000 0.000000 -0.000000 -1.570796
  1 0.000000 0.000000 0.000000 0.000000 -0.000000 0.000000
  2 -10.113590 5.740085 24.011944 -1.077301 -0.261400 1.577603
  3 4.222169 -0.467508 0.000000 0.003696 0.200708 -0.164609
  4 4.476987 -0.000002 -0.000000 0.006255 0.200441 -0.276034
  5 4.477083 0.000000 0.000002 -0.006110 -0.007670 -0.037091
  6 4.477077 -0.000004 -0.000002 -0.004787 -0.173864 0.043198
  7 5.413502 -7.700466 -0.000000 -0.037735 -0.027848 -0.803894
  8 6.890240 0.000002 -0.000000 -0.061829 0.228018 -0.001327
  9 8.011925 0.000004 0.000005 -0.048091 0.297336 -0.002881
 10 7.210720 -0.000002 -0.000000 -0.042275 0.062269 -0.025423
 11 8.581028 -0.304903 -0.000000 0.164079 -0.223561 1.201421
 12 22.523008 2.194031 6.355708 0.000000 -0.000000 0.000000
 13 22.523005 2.194038 -6.355709 0.000000 -0.000000 0.000000
 14 -3.006533 7.804720 -11.355459 -0.053044 -0.004332 1.544785
 15 10.384675 0.000008 0.000005 -0.273352 0.347939 -1.930295
 16 22.550743 -0.000006 -0.000004 0.119124 -0.212373 2.122508
 17 30.814247 -0.000015 -0.000004 2.894550 0.142167 0.707783
 18 -3.013796 7.815494 11.355459 -0.127881 -0.633783 1.416533
 19 10.374533 -0.000002 0.000007 -0.092785 0.092949 -1.893377
 20 22.550726 -0.000027 -0.000013 -0.140860 -0.176130 1.860197
 21 30.814270 -0.000023 0.000002 -2.766164 0.054075 0.591846
 22 -4.250660 -0.770624 0.000001 0.000000 0.000000 -2.779725
 23 10.363422 0.000000 0.000000 -0.000000 -0.064593 -0.076926
 24 10.363076 0.000000 -0.000000 -0.000000 0.056828 -0.189392
 25 10.363081 -0.000004 -0.000002 0.014075 0.026221 0.094992
 26 8.210358 -0.000006 -46.779404 0.000000 0.000000 -0.000713
 27 8.210346 -0.000002 7.704017 0.000000 0.000000 0.087689
 28 1.854841 1.227791 -13.762345 2.507820 -0.076083 2.534638
 29 10.456543 -0.000004 0.000004 0.047155 -0.071696 -1.244068
 30 24.248093 0.000001 0.000007 0.037250 0.132834 0.838229
 31 26.336971 0.000019 0.000002 0.391574 -0.212351 0.806737
 32 1.854847 1.227798 13.762341 -2.595352 -0.584398 2.470935
 33 10.456542 -0.000008 0.000004 -0.067474 -0.367918 -1.207717
 34 24.248116 0.000002 -0.000004 -0.033114 0.038182 1.013404
 35 26.336975 0.000000 0.000004 -0.293537 -0.172041 1.427523
time 42
  0 0.000000 0.000000 0.000000 0.000000 -0.000000 -1.570796
  1 0.000000 0.000000 0.000000 0.000000 -0.000000 0.000000
  2 -10.398755 5.462733 26.074509 -1.119576 -0.261440 1.577891
  3 4.222169 -0.467508 0.000000 0.003193 0.194535 -0.164763
  4 4.476987 -0.000002 -0.000000 0.005751 0.188854 -0.273548
  5 4.477083 0.000000 0.000002 -0.005188 -0.014438 -0.029695
  6 4.477077 -0.000004 -0.000002 -0.003960 -0.171759 0.059160
  7 5.413502 -7.700466 -0.000000 -0.034040 -0.050515 -0.785940
  8 6.890240 0.000002 -0.000000 -0.060726 0.215196 -0.000070
  9 8.011925 0.000004 0.000005 -0.041844 0.322785 -0.003790
 10 7.210720 -0.000002 -0.000000 -0.037965 0.104535 -0.031725
 11 8.581028 -0.304903 -0.000000 0.157328 -0.209101 1.222241
 12 22.523008 2.194031 6.355708 0.000000 -0.000000 0.000000
 13 22.523005 2.194038 -6.355709 0.000000 -0.000000 0.000000
 14 -3.006533 7.804720 -11.355459 -0.049680 0.014888 1.539771
 15 10.384675 0.000008 0.000005 -0.327698 0.349997 -1.926629
 16 22.550743 -0.000006 -0.000004 0.119108 -0.214267 2.109917
 17 30.814247 -0.000015 -0.000004 2.873977 0.142073 0.724078
 18 -3.013796 7.815494 11.355459 -0.143308 -0.605720 1.421150
 19 10.374533 -0.000002 0.000007 -0.114019 0.095375 -1.127275
 20 22.550726 -0.000027 -0.000013 -0.143209 -0.177112 1.856599
 21 30.814270 -0.000023 0.000002 -2.747150 0.052974 0.584008
 22 -4.250660 -0.770624 0.000001 0.000000 0.000000 -2.779725
 23 10.363422 0.000000 0.000000 -0.000000 -0.041295 -0.048473
 24 10.363076 0.000000 -0.000000 0.000000 0.045538 -0.176049
 25 10.363081 -0.000004 -0.000002 0.014075 0.003266 0.091797
 26 8.210358 -0.000006 -45.072319 0.000000 0.000000 -0.000713
 27 8.210346 -0.000002 7.704017 0.000000 0.000000 0.086536
 28 1.854841 1.227791 -13.762345 2.509403 -0.073838 2.523751
 29 10.456543 -0.000004 0.000004 0.046928 -0.079988 -1.243200
 30 24.248093 0.000001 0.000007 0.037917 0.143024 0.831006
 31 26.336971 0.000019 0.000002 0.400928 -0.213639 0.801933
 32 1.854847 1.227798 13.762341 -2.597311 -0.580486 2.822477
 33 10.456542 -0.000008 0.000004 -0.067203 -0.381470 -1.167163
 34 24.248116 0.000002 -0.000004 -0.033243 0.039201 0.918002
 35 26.336975 0.000000 0.000004 -0.302199 -0.172599 1.427523
time 43
  0 0.000000 0.000000 0.000000 0.000000 -0.000000 -1.570796
  1 0.000000 0.000000 0.000000 0.000000 -0.000000 0.000000
  2 -10.183905 5.130692 18.843819 -1.166356 -0.261559 1.577986
  3 4.222169 -0.467508 0.000000 0.002701 0.188140 -0.164992
  4 4.476987 -0.000002 -0.000000 0.005236 0.176710 -0.271040
  5 4.477083 0.000000 0.000002 -0.004241 -0.021642 -0.090227
  6 4.477077 -0.000004 -0.000002 -0.003145 -0.169636 0.075091
  7 5.413502 -7.700466 -0.000000 -0.030903 -0.051772 -0.767302
  8 6.890240 0.000002 -0.000000 -0.059911 0.199381 -0.000675
  9 8.011925 0.000004 0.000005 -0.036095 0.345710 -0.004672
 10 7.210720 -0.000002 -0.000000 -0.034314 0.140675 -0.038429
 11 8.581028 -0.304903 -0.000000 0.151059 -0.192900 1.243937
 12 22.523008 2.194031 6.355708 0.000000 -0.000000 0.000000
 13 22.523005 2.194038 -6.355709 0.000000 -0.000000 0.000000
 14 -3.006533 7.804720 -11.355459 -0.046479 0.038736 1.481331
 15 10.384675 0.000008 0.000005 -0.384771 0.341807 -1.923185
 16 22.550743 -0.000006 -0.000004 0.119092 -0.205199 2.094239
 17 30.814247 -0.000015 -0.000004 2.849954 0.133390 0.739298
 18 -3.013796 7.815494 11.355459 -0.160720 -0.568353 1.424855
 19 10.374533 -0.000002 0.000007 -0.140983 0.082351 -1.156094
 20 22.550726 -0.000027 -0.000013 -0.145661 -0.170810 1.849775
 21 30.814270 -0.000023 0.000002 -2.716525 0.044606 0.572434
 22 -4.250660 -0.770624 0.000001 0.000000 0.000000 -2.779597
 23 10.363422 0.000000 0.000000 0.000000 -0.018476 -0.009676
 24 10.363076 0.000000 -0.000000 -0.000000 0.034476 -0.117873
 25 10.363081 -0.000004 -0.000002 0.014075 -0.019904 0.086615
 26 8.210358 -0.000006 -40.130760 0.000000 0.000000 -0.000713
 27 8.210346 -0.000002 7.704017 0.000000 0.000000 0.084230
 28 1.854841 1.227791 -13.762345 2.521056 -0.064117 2.512499
 29 10.456543 -0.000004 0.000004 0.046945 -0.078351 -1.242331
 30 24.248093 0.000001 0.000007 0.037954 0.138343 0.823251
 31 26.336971 0.000019 0.000002 0.409715 -0.210643 1.408039
 32 1.854847 1.227798 13.762341 -2.604806 -0.566996 2.498722
 33 10.456542 -0.000008 0.000004 -0.067203 -0.377992 -1.166414
 34 24.248116 0.000002 -0.000004 -0.033075 0.038278 0.909878
 35 26.336975 0.000000 0.000004 -0.309832 -0.167946 1.427524
time 44
  0 0.000000 0.000000 0.000000 0.000000 -0.000000 -1.570796
  1 0.000000 0.000000 0.000000 0.000000 -0.000000 0.000000
  2 -9.586230 4.728336 18.078169 -1.217546 -0.261799 1.578178
  3 4.222169 -0.467508 0.000000 0.002234 0.181596 -0.165299
  4 4.476987 -0.000002 -0.000000 0.004757 0.164181 -0.268553
  5 4.477083 0.000000 0.000002 -0.003318 -0.029186 -0.082816
  6 4.477077 -0.000004 -0.000002 -0.002342 -0.167531 -0.022801
  7 5.413502 -7.700466 -0.000000 -0.027726 -0.052282 -0.748322
  8 6.890240 0.000002 -0.000000 -0.059288 0.181227 -0.000722
  9 8.011925 0.000004 0.000005 -0.033633 0.340119 -0.005633
 10 7.210720 -0.000002 -0.000000 -0.031239 0.171271 -0.045563
 11 8.581028 -0.304903 -0.000000 0.145318 -0.175077 1.266439
 12 22.523008 2.194031 6.355708 0.000000 -0.000000 0.000000
 13 22.523005 2.194038 -6.355709 0.000000 -0.000000 0.000000
 14 -3.006533 7.804720 -11.355459 -0.036712 0.077422 1.481262
 15 10.384675 0.000008 0.000005 -0.444794 0.326319 -1.920242
 16 22.550743 -0.000006 -0.000004 0.119076 -0.187406 1.706769
 17 30.814247 -0.000015 -0.000004 2.823615 0.117966 0.753408
 18 -3.013796 7.815494 11.355459 -0.180474 -0.524260 1.427534
 19 10.374533 -0.000002 0.000007 -0.171452 0.059993 -1.201265
 20 22.550726 -0.000027 -0.000013 -0.148214 -0.158737 1.839166
 21 30.814270 -0.000023 0.000002 -2.677516 0.029241 0.558125
 22 -4.250660 -0.770624 0.000001 0.000000 0.000000 -2.780493
 23 10.363422 0.000000 0.000000 -0.000000 0.003144 0.031850
 24 10.363076 0.000000 -0.000000 0.000000 0.023954 -0.055285
 25 10.363081 -0.000004 -0.000002 0.014075 -0.043167 -0.132888
 26 8.210358 -0.000006 -32.235989 0.000000 0.000000 -0.000713
 27 8.210346 -0.000002 7.704017 0.000000 0.000000 0.080907
 28 1.854841 1.227791 -13.762345 2.542824 -0.046304 2.501126
 29 10.456543 -0.000004 0.000004 0.047225 -0.068475 -1.241419
 30 24.248093 0.000001 0.000007 0.037324 0.133218 1.397325
 31 26.336971 0.000019 0.000002 0.418068 -0.203495 1.014443
 32 1.854847 1.227798 13.762341 -2.617602 -0.543465 2.495793
 33 10.456542 -0.000008 0.000004 -0.067406 -0.360543 -1.165705
 34 24.248116 0.000002 -0.000004 -0.032816 0.035689 0.901552
 35 26.336975 0.000000 0.000004 -0.316908 -0.158919 1.427523
time 45
  0 0.000000 0.000000 0.000000 0.000000 -0.000000 -1.570796
  1 0.000000 0.000000 0.000000 0.000000 -0.000000 0.000000
  2 -8.687765 4.271290 26.441706 -1.272954 -0.262238 1.578562
  3 4.222169 -0.467508 0.000000 0.001791 0.175015 -0.165652
  4 4.476987 -0.000002 -0.000000 0.004289 0.151415 -0.266134
  5 4.477083 0.000000 0.000002 -0.002431 -0.036988 0.054492
  6 4.477077 -0.000004 -0.000002 -0.001587 -0.165482 -0.023813
  7 5.413502 -7.700466 -0.000000 -0.024496 -0.052656 -0.389782
  8 6.890240 0.000002 -0.000000 -0.058748 0.160956 -0.000279
  9 8.011925 0.000004 0.000005 -0.031681 0.327514 -0.006671
 10 7.210720 -0.000002 -0.000000 -0.028714 0.197065 -0.052991
 11 8.581028 -0.304903 -0.000000 0.140013 -0.155632 1.290097
 12 22.523008 2.194031 6.355708 0.000000 -0.000000 0.000000
 13 22.523005 2.194038 -6.355709 0.000000 -0.000000 0.000000
 14 -3.006533 7.804720 -11.355459 -0.029224 0.116709 1.480712
 15 10.384675 0.000008 0.000005 -0.507507 0.309155 -1.918132
 16 22.550743 -0.000006 -0.000004 0.119028 -0.163242 1.682979
 17 30.814247 -0.000015 -0.000004 2.796796 0.099471 0.766550
 18 -3.013796 7.815494 11.355459 -0.202723 -0.475795 1.429757
 19 10.374533 -0.000002 0.000007 -0.203270 0.033747 -1.259076
 20 22.550726 -0.000027 -0.000013 -0.150727 -0.142365 1.824960
 21 30.814270 -0.000023 0.000002 -2.636647 0.008639 0.542171
 22 -4.250660 -0.770624 0.000001 0.000000 0.000000 -2.783437
 23 10.363422 0.000000 0.000000 -0.000000 0.022979 0.069084
 24 10.363076 0.000000 -0.000000 0.000000 0.014258 0.000878
 25 10.363081 -0.000004 -0.000002 0.014075 -0.066369 -0.146768
 26 8.210358 -0.000006 -25.423283 0.000000 0.000000 -0.000713
 27 8.210346 -0.000002 7.704017 0.000000 0.000000 0.076635
 28 1.854841 1.227791 -13.762345 2.569164 -0.023778 2.471567
 29 10.456543 -0.000004 0.000004 0.047574 -0.052193 -0.898147
 30 24.248093 0.000001 0.000007 0.036619 0.127528 0.944140
 31 26.336971 0.000019 0.000002 0.426247 -0.192563 1.022671
 32 1.854847 1.227798 13.762341 -2.635058 -0.509837 2.490192
 33 10.456542 -0.000008 0.000004 -0.067678 -0.332158 -0.925534
 34 24.248116 0.000002 -0.000004 -0.032622 0.031147 0.892615
 35 26.336975 0.000000 0.000004 -0.323769 -0.146355 1.427523
time 46
  0 0.000000 0.000000 0.000000 0.000000 -0.000000 -1.570796
  1 0.000000 0.000000 0.000000 0.000000 -0.000000 0.000000
  2 -7.566637 3.779088 27.570646 -1.333635 -0.262637 1.578849
  3 4.222169 -0.467508 0.000000 0.001371 0.168434 -0.166051
  4 4.476987 -0.000002 -0.000000 0.003870 0.138522 -0.263781
  5 4.477083 0.000000 0.000002 -0.001604 -0.044984 -0.162868
  6 4.477077 -0.000004 -0.000002 -0.000880 -0.163490 -0.024264
  7 5.413502 -7.700466 -0.000000 -0.021227 -0.052775 -0.447501
  8 6.890240 0.000002 -0.000000 -0.058569 0.127798 0.000419
  9 8.011925 0.000004 0.000005 -0.030227 0.308839 -0.007813
 10 7.210720 -0.000002 -0.000000 -0.026655 0.218798 -0.060607
 11 8.581028 -0.304903 -0.000000 0.135122 -0.134616 1.314808
 12 22.523008 2.194031 6.355708 0.000000 -0.000000 0.000000
 13 22.523005 2.194038 -6.355709 0.000000 -0.000000 0.000000
 14 -3.006533 7.804720 -11.355459 -0.022876 0.156138 1.480232
 15 10.384675 0.000008 0.000005 -0.571602 0.290633 -1.917021
 16 22.550743 -0.000006 -0.000004 0.118964 -0.134946 1.660037
 17 30.814247 -0.000015 -0.000004 2.770196 0.078280 0.778977
 18 -3.013796 7.815494 11.355459 -0.227263 -0.425162 1.430669
 19 10.374533 -0.000002 0.000007 -0.235424 0.006006 -1.325411
 20 22.550726 -0.000027 -0.000013 -0.153137 -0.123185 1.809388
 21 30.814270 -0.000023 0.000002 -2.594831 -0.015852 0.525576
 22 -4.250660 -0.770624 0.000001 0.000000 0.000000 -2.789353
 23 10.363422 0.000000 0.000000 0.000000 0.040428 0.100464
 24 10.363076 0.000000 -0.000000 0.000000 0.005689 0.042457
 25 10.363081 -0.000004 -0.000002 0.014075 -0.088245 -0.159440
 26 8.210358 -0.000006 -20.528601 0.000000 0.000000 -0.000713
 27 8.210346 -0.000002 7.704017 0.000000 0.000000 0.071616
 28 1.854841 1.227791 -13.762345 2.596515 0.000697 2.476797
 29 10.456543 -0.000004 0.000004 0.047784 -0.031267 -1.256225
 30 24.248093 0.000001 0.000007 0.035285 0.109529 0.945265
 31 26.336971 0.000019 0.000002 0.434817 -0.178636 1.040289
 32 1.854847 1.227798 13.762341 -2.655890 -0.467754 2.484419
 33 10.456542 -0.000008 0.000004 -0.067745 -0.295980 -1.264312
 34 24.248116 0.000002 -0.000004 -0.031741 0.018372 0.882766
 35 26.336975 0.000000 0.000004 -0.330802 -0.131093 1.427523
time 47
  0 0.000000 0.000000 0.000000 0.000000 -0.000000 -1.570796
  1 0.000000 0.000000 0.000000 0.000000 -0.000000 0.000000
  2 -6.308786 3.271260 28.765995 -1.399588 -0.262636 1.579041
  3 4.222169 -0.467508 0.000000 0.001012 0.162001 -0.166480
  4 4.476987 -0.000002 -0.000000 0.003486 0.125735 -0.261517
  5 4.477083 0.000000 0.000002 -0.000885 -0.053045 -0.146905
  6 4.477077 -0.000004 -0.000002 -0.000257 -0.161574 -0.024389
  7 5.413502 -7.700466 -0.000000 -0.017930 -0.052588 -0.453599
  8 6.890240 0.000002 -0.000000 -0.059468 0.079700 0.001140
  9 8.011925 0.000004 0.000005 -0.029429 0.282926 -0.009033
 10 7.210720 -0.000002 -0.000000 -0.025035 0.237053 -0.068304
 11 8.581028 -0.304903 -0.000000 0.130575 -0.112150 1.339693
 12 22.523008 2.194031 6.355708 0.000000 -0.000000 0.000000
 13 22.523005 2.194038 -6.355709 0.000000 -0.000000 0.000000
 14 -3.006533 7.804720 -11.355459 -0.016365 0.195602 1.479888
 15 10.384675 0.000008 0.000005 -0.635398 0.271326 -1.916632
 16 22.550743 -0.000006 -0.000004 0.118868 -0.105101 1.647386
 17 30.814247 -0.000015 -0.000004 2.744556 0.054863 0.791117
 18 -3.013796 7.815494 11.355459 -0.253126 -0.373521 1.420237
 19 10.374533 -0.000002 0.000007 -0.267040 -0.021502 -1.399748
 20 22.550726 -0.000027 -0.000013 -0.155343 -0.102828 1.795058
 21 30.814270 -0.000023 0.000002 -2.553085 -0.042913 0.509427
 22 -4.250660 -0.770624 0.000001 0.000000 0.000000 -2.799211
 23 10.363422 0.000000 0.000000 0.000000 0.054870 0.129755
 24 10.363076 0.000000 -0.000000 0.000000 -0.001465 0.062150
 25 10.363081 -0.000004 -0.000002 0.014075 -0.107226 -0.169212
 26 8.210358 -0.000006 -14.977651 0.000000 0.000000 -0.000713
 27 8.210346 -0.000002 7.704017 0.000000 0.000000 0.270154
 28 1.854841 1.227791 -13.762345 2.627472 0.029464 2.478866
 29 10.456543 -0.000004 0.000004 0.047731 -0.007636 -1.254054
 30 24.248093 0.000001 0.000007 0.033728 0.092055 0.949409
 31 26.336971 0.000019 0.000002 0.444127 -0.162895 1.065085
 32 1.854847 1.227798 13.762341 -2.678815 -0.419515 2.479637
 33 10.456542 -0.000008 0.000004 -0.067474 -0.255323 -1.268253
 34 24.248116 0.000002 -0.000004 -0.030756 0.006111 0.871748
 35 26.336975 0.000000 0.000004 -0.338349 -0.114124 1.427524
time 48
  0 0.000000 0.000000 0.000000 0.000000 -0.000000 -1.570796
  1 0.000000 0.000000 0.000000 0.000000 -0.000000 0.000000
  2 -4.980621 2.763432 30.027752 -1.470333 -0.262397 1.579041
  3 4.222169 -0.467508 0.000000 0.000676 0.155699 -0.166955
  4 4.476987 -0.000002 -0.000000 0.003163 0.112992 -0.259386
  5 4.477083 0.000000 0.000002 -0.000298 -0.061186 -0.130853
  6 4.477077 -0.000004 -0.000002 0.000270 -0.159770 -0.024498
  7 5.413502 -7.700466 -0.000000 -0.014594 -0.052010 -0.451608
  8 6.890240 0.000002 -0.000000 -0.059803 0.032544 0.001629
  9 8.011925 0.000004 0.000005 -0.030306 0.226357 -0.010331
 10 7.210720 -0.000002 -0.000000 -0.023745 0.252343 -0.075973
 11 8.581028 -0.304903 -0.000000 0.126281 -0.088044 1.364614
 12 22.523008 2.194031 6.355708 0.000000 -0.000000 0.000000
 13 22.523005 2.194038 -6.355709 0.000000 -0.000000 0.000000
 14 -3.006533 7.804720 -11.355459 -0.010179 0.235278 1.479545
 15 10.384675 0.000008 0.000005 -0.698260 0.251488 -1.916632
 16 22.550743 -0.000006 -0.000004 0.118772 -0.075686 1.636066
 17 30.814247 -0.000015 -0.000004 2.720270 0.029409 0.803150
 18 -3.013796 7.815494 11.355459 -0.279601 -0.321020 1.408895
 19 10.374533 -0.000002 0.000007 -0.298048 -0.047449 -1.482899
 20 22.550726 -0.000027 -0.000013 -0.157304 -0.082608 1.783953
 21 30.814270 -0.000023 0.000002 -2.512041 -0.071588 0.755484
 22 -4.250660 -0.770624 0.000001 0.000000 0.000000 -2.814882
 23 10.363422 0.000000 0.000000 0.000000 0.065919 0.155436
 24 10.363076 0.000000 -0.000000 0.000000 -0.007002 0.066434
 25 10.363081 -0.000004 -0.000002 0.014075 -0.122062 -0.174045
 26 8.210358 -0.000006 0.405632 0.000000 0.000000 -0.000713
 27 8.210346 -0.000002 7.704017 0.000000 0.000000 -0.002136
 28 1.854841 1.227791 -13.762345 2.660716 0.061958 2.477831
 29 10.456543 -0.000004 0.000004 0.047277 0.017401 -1.250711
 30 24.248093 0.000001 0.000007 0.032060 0.075408 0.954441
 31 26.336971 0.000019 0.000002 0.454654 -0.146182 1.094631
 32 1.854847 1.227798 13.762341 -2.702314 -0.367062 2.476148
 33 10.456542 -0.000008 0.000004 -0.066796 -0.212411 -1.272273
 34 24.248116 0.000002 -0.000004 -0.029720 -0.005454 0.859664
 35 26.336975 0.000000 0.000004 -0.346669 -0.096069 1.427524
time 49
  0 0.000000 0.000000 0.000000 0.000000 -0.000000 -1.570796
  1 0.000000 0.000000 0.000000 0.000000 -0.000000 0.000000
  2 -3.660268 2.271229 31.445765 -1.544435 -0.262038 1.578753
  3 4.222169 -0.467508 0.000000 0.000388 0.149618 -0.167446
  4 4.476987 -0.000002 -0.000000 0.002899 0.100526 -0.257366
  5 4.477083 0.000000 0.000002 0.000146 -0.069311 -0.114638
  6 4.477077 -0.000004 -0.000002 0.000690 -0.158059 0.116204
  7 5.413502 -7.700466 -0.000000 -0.011245 -0.050973 -0.449617
  8 6.890240 0.000002 -0.000000 -0.059803 -0.013606 0.002094
  9 8.011925 0.000004 0.000005 -0.031380 0.171194 -0.011629
 10 7.210720 -0.000002 -0.000000 -0.022757 0.264807 -0.083590
 11 8.581028 -0.304903 -0.000000 0.122170 -0.062555 1.389464
 12 22.523008 2.194031 6.355708 0.000000 -0.000000 0.000000
 13 22.523005 2.194038 -6.355709 0.000000 -0.000000 0.000000
 14 -3.006533 7.804720 -11.355459 -0.006272 0.274459 1.479408
 15 10.384675 0.000008 0.000005 -0.758470 0.231778 -1.916687
 16 22.550743 -0.000006 -0.000004 0.118724 -0.049197 1.625231
 17 30.814247 -0.000015 -0.000004 2.698081 0.002669 0.814753
 18 -3.013796 7.815494 11.355459 -0.305363 -0.268632 1.397494
 19 10.374533 -0.000002 0.000007 -0.327978 -0.070040 -1.570225
 20 22.550726 -0.000027 -0.000013 -0.159061 -0.064135 1.775516
 21 30.814270 -0.000023 0.000002 -2.473102 -0.100607 0.755624
 22 -4.250660 -0.770624 0.000001 0.000000 0.000000 -2.846172
 23 10.363422 0.000000 0.000000 0.000000 0.072918 0.175769
 24 10.363076 0.000000 -0.000000 0.000000 -0.010622 0.071235
 25 10.363081 -0.000004 -0.000002 0.014075 -0.131136 -0.172058
 26 8.210358 -0.000006 -6.914905 0.000000 0.000000 -0.000713
 27 8.210346 -0.000002 7.704017 0.000000 0.000000 0.000576
 28 1.854841 1.227791 -13.762345 2.693388 0.096178 2.476797
 29 10.456543 -0.000004 0.000004 0.046439 0.043132 -1.247281
 30 24.248093 0.000001 0.000007 0.030243 0.059670 0.962137
 31 26.336971 0.000019 0.000002 0.466487 -0.129600 1.125558
 32 1.854847 1.227798 13.762341 -2.724497 -0.313378 2.473864
 33 10.456542 -0.000008 0.000004 -0.065643 -0.168580 -1.327054
 34 24.248116 0.000002 -0.000004 -0.028671 -0.016276 0.846514
 35 26.336975 0.000000 0.000004 -0.355974 -0.077891 1.427523
time 50
  0 0.000000 0.000000 0.000000 0.000000 -0.000000 -1.570796
  1 0.000000 0.000000 0.000000 0.000000 -0.000000 0.000000
  2 -2.429762 1.818090 33.105972 -1.620741 -0.261639 1.578178
  3 4.222169 -0.467508 0.000000 0.000161 0.143871 -0.167952
  4 4.476987 -0.000002 -0.000000 0.002707 0.088468 -0.255546
  5 4.477083 0.000000 0.000002 0.000409 -0.077307 -0.071284
  6 4.477077 -0.000004 -0.000002 0.000978 -0.156518 -0.046035
  7 5.413502 -7.700466 -0.000000 -0.007882 -0.049410 -0.205892
  8 6.890240 0.000002 -0.000000 -0.059611 -0.056854 0.002653
  9 8.011925 0.000004 0.000005 -0.032624 0.118794 -0.012978
 10 7.210720 -0.000002 -0.000000 -0.021988 0.274694 -0.091072
 11 8.581028 -0.304903 -0.000000 0.118244 -0.036418 1.413999
 12 22.523008 2.194031 6.355708 0.000000 -0.000000 0.000000
 13 22.523005 2.194038 -6.355709 0.000000 -0.000000 0.000000
 14 -3.006533 7.804720 -11.355459 -0.004862 0.313217 1.479270
 15 10.384675 0.000008 0.000005 -0.814834 0.212726 -1.917132
 16 22.550743 -0.000006 -0.000004 0.118708 -0.027588 1.615061
 17 30.814247 -0.000015 -0.000004 2.678295 -0.023820 0.825067
 18 -3.013796 7.815494 11.355459 -0.329037 -0.217140 1.385980
 19 10.374533 -0.000002 0.000007 -0.356762 -0.087615 -1.657087
 20 22.550726 -0.000027 -0.000013 -0.160675 -0.048705 1.768506
 21 30.814270 -0.000023 0.000002 -2.437425 -0.128793 0.754647
 22 -4.250660 -0.770624 0.000001 0.000000 0.000000 -2.879716
 23 10.363422 0.000000 0.000000 0.000000 0.075447 0.189193
 24 10.363076 0.000000 -0.000000 0.000000 -0.011808 0.075958
 25 10.363081 -0.000004 -0.000002 0.014075 -0.133092 -0.160353
 26 8.210358 -0.000006 -7.680552 0.000000 0.000000 -0.000713
 27 8.210346 -0.000002 7.704017 0.000000 0.000000 0.001322
 28 1.854841 1.227791 -13.762345 2.723598 0.130225 2.476007
 29 10.456543 -0.000004 0.000004 0.045146 0.069219 -1.244068
 30 24.248093 0.000001 0.000007 0.028427 0.044819 0.972379
 31 26.336971 0.000019 0.000002 0.479626 -0.114227 1.154275
 32 1.854847 1.227798 13.762341 -2.743877 -0.261335 2.472917
 33 10.456542 -0.000008 0.000004 -0.064049 -0.124388 -1.328433
 34 24.248116 0.000002 -0.000004 -0.027647 -0.026355 0.832602
 35 26.336975 0.000000 0.000004 -0.366181 -0.060425 1.427523
time 51
  0 0.000000 0.000000 0.000000 0.000000 -0.000000 -1.570796
  1 0.000000 0.000000 0.000000 0.000000 -0.000000 0.000000
  2 -1.367229 1.419641 34.953682 -1.698197 -0.261280 1.577124
  3 4.222169 -0.467508 0.000000 -0.000019 0.138533 -0.168458
  4 4.476987 -0.000002 -0.000000 0.002599 0.076924 -0.253903
  5 4.477083 0.000000 0.000002 0.000457 -0.085142 -0.027427
  6 4.477077 -0.000004 -0.000002 0.001109 -0.155128 -0.045926
  7 5.413502 -7.700466 -0.000000 -0.004532 -0.047201 -0.453693
  8 6.890240 0.000002 -0.000000 -0.059432 -0.093750 0.002886
  9 8.011925 0.000004 0.000005 -0.034012 0.069078 -0.014328
 10 7.210720 -0.000002 -0.000000 -0.021357 0.282250 -0.098473
 11 8.581028 -0.304903 -0.000000 0.114455 -0.010503 1.438323
 12 22.523008 2.194031 6.355708 0.000000 -0.000000 0.000000
 13 22.523005 2.194038 -6.355709 0.000000 -0.000000 0.000000
 14 -3.006533 7.804720 -11.355459 -0.006055 0.351409 1.479270
 15 10.384675 0.000008 0.000005 -0.866901 0.195604 -1.917521
 16 22.550743 -0.000006 -0.000004 0.118740 -0.011402 1.605376
 17 30.814247 -0.000015 -0.000004 2.661435 -0.048271 0.833232
 18 -3.013796 7.815494 11.355459 -0.349453 -0.167292 1.374295
 19 10.374533 -0.000002 0.000007 -0.384266 -0.101037 -1.743891
 20 22.550726 -0.000027 -0.000013 -0.162207 -0.036926 1.761930
 21 30.814270 -0.000023 0.000002 -2.406239 -0.155046 0.751440
 22 -4.250660 -0.770624 0.000001 0.000000 0.000000 -2.914028
 23 10.363422 0.000000 0.000000 -0.000000 0.075447 0.194100
 24 10.363076 0.000000 -0.000000 0.000000 -0.006067 0.080578
 25 10.363081 -0.000004 -0.000002 0.014075 -0.125127 -0.126445
 26 8.210358 -0.000006 -7.430545 0.000000 0.000000 -0.000713
 27 8.210346 -0.000002 7.704017 0.000000 0.000000 0.002102
 28 1.854841 1.227791 -13.762345 2.749983 0.162028 2.476068
 29 10.456543 -0.000004 0.000004 0.043469 0.095252 -1.241072
 30 24.248093 0.000001 0.000007 0.026684 0.030876 0.972379
 31 26.336971 0.000019 0.000002 0.493982 -0.101088 1.176476
 32 1.854847 1.227798 13.762341 -2.759712 -0.213917 2.473347
 33 10.456542 -0.000008 0.000004 -0.062150 -0.080669 -1.329734
 34 24.248116 0.000002 -0.000004 -0.026689 -0.035667 0.817979
 35 26.336975 0.000000 0.000004 -0.377287 -0.044542 1.427523
time 52
  0 0.000000 0.000000 0.000000 0.000000 -0.000000 -1.570796
  1 0.000000 0.000000 0.000000 0.000000 -0.000000 0.000000
  2 -0.562517 1.099319 18.843819 -1.775174 -0.261041 1.575590
  3 4.222169 -0.467508 0.000000 -0.000127 0.133657 -0.168979
  4 4.476987 -0.000002 -0.000000 0.002587 0.066108 -0.252482
  5 4.477083 0.000000 0.000002 0.000277 -0.092669 -0.027427
  6 4.477077 -0.000004 -0.000002 0.001085 -0.153925 -0.045537
  7 5.413502 -7.700466 -0.000000 -0.001236 -0.043141 -0.452853
  8 6.890240 0.000002 -0.000000 -0.060618 -0.110637 0.003258
  9 8.011925 0.000004 0.000005 -0.035584 0.022190 -0.015678
 10 7.210720 -0.000002 -0.000000 -0.020808 0.287723 -0.105875
 11 8.581028 -0.304903 -0.000000 0.110780 0.014251 1.461176
 12 22.523008 2.194031 6.355708 0.000000 -0.000000 0.000000
 13 22.523005 2.194038 -6.355709 0.000000 -0.000000 0.000000
 14 -3.006533 7.804720 -11.355459 -0.010016 0.388788 1.479339
 15 10.384675 0.000008 0.000005 -0.916840 0.184296 -1.917798
 16 22.550743 -0.000006 -0.000004 0.118724 -0.000727 1.596115
 17 30.814247 -0.000015 -0.000004 2.648243 -0.068929 0.839320
 18 -3.013796 7.815494 11.355459 -0.365084 -0.120023 1.362382
 19 10.374533 -0.000002 0.000007 -0.410758 -0.112765 -1.830289
 20 22.550726 -0.000027 -0.000013 -0.163759 -0.029172 1.754362
 21 30.814270 -0.000023 0.000002 -2.380876 -0.178094 0.744997
 22 -4.250660 -0.770624 0.000001 0.000000 0.000000 -2.948724
 23 10.363422 0.000000 0.000000 -0.000000 0.075507 0.188951
 24 10.363076 0.000000 -0.000000 0.000000 0.009429 0.085121
 25 10.363081 -0.000004 -0.000002 0.014075 -0.090402 -0.072267
 26 8.210358 -0.000006 -7.180537 0.000000 0.000000 -0.000713
 27 8.210346 -0.000002 7.704017 0.000000 0.000000 0.002882
 28 1.854841 1.227791 -13.762345 2.771881 0.189463 2.477041
 29 10.456543 -0.000004 0.000004 0.041582 0.119240 -1.238206
 30 24.248093 0.000001 0.000007 0.024905 0.017801 0.972379
 31 26.336971 0.000019 0.000002 0.509295 -0.091207 1.190780
 32 1.854847 1.227798 13.762341 -2.771394 -0.174215 2.473821
 33 10.456542 -0.000008 0.000004 -0.060115 -0.040373 -1.330956
 34 24.248116 0.000002 -0.000004 -0.025769 -0.044248 0.803103
 35 26.336975 0.000000 0.000004 -0.389037 -0.031823 1.427524
time 53
  0 0.000000 0.000000 0.000000 0.000000 -0.000000 -1.570796
  1 0.000000 0.000000 0.000000 0.000000 -0.000000 0.000000
  2 -0.089846 0.864936 18.078169 -1.851288 -0.261081 1.573481
  3 4.222169 -0.467508 0.000000 -0.000175 0.129319 -0.169485
  4 4.476987 -0.000002 -0.000000 0.002671 0.055999 -0.251306
  5 4.477083 0.000000 0.000002 -0.000166 -0.099906 -0.027427
  6 4.477077 -0.000004 -0.000002 0.000870 -0.152929 -0.044821
  7 5.413502 -7.700466 -0.000000 0.001967 -0.035698 -0.452728
  8 6.890240 0.000002 -0.000000 -0.061517 -0.126582 0.003793
  9 8.011925 0.000004 0.000005 -0.037287 -0.021439 -0.017054
 10 7.210720 -0.000002 -0.000000 -0.020286 0.291413 -0.113384
 11 8.581028 -0.304903 -0.000000 0.107083 0.037333 1.471761
 12 22.523008 2.194031 6.355708 0.000000 -0.000000 0.000000
 13 22.523005 2.194038 -6.355709 0.000000 -0.000000 0.000000
 14 -3.006533 7.804720 -11.355459 -0.016799 0.425779 1.479476
 15 10.384675 0.000008 0.000005 -0.968534 0.182980 -1.918076
 16 22.550743 -0.000006 -0.000004 0.118660 0.003492 1.588608
 17 30.814247 -0.000015 -0.000004 2.639289 -0.084729 0.843403
 18 -3.013796 7.815494 11.355459 -0.374910 -0.075593 1.350298
 19 10.374533 -0.000002 0.000007 -0.436306 -0.121269 -1.917499
 20 22.550726 -0.000027 -0.000013 -0.165495 -0.026110 1.746793
 21 30.814270 -0.000023 0.000002 -2.362213 -0.197056 0.734259
 22 -4.250660 -0.770624 0.000001 0.000000 0.000000 -2.948724
 23 10.363422 0.000000 0.000000 -0.000000 0.075088 0.053790
 24 10.363076 0.000000 -0.000000 0.000000 0.030557 0.089560
 25 10.363081 -0.000004 -0.000002 0.014075 -0.053043 -0.025553
 26 8.210358 -0.000006 23.418053 0.000000 0.000000 -0.000713
 27 8.210346 -0.000002 7.704017 0.000000 0.000000 0.270154
 28 1.854841 1.227791 -13.762345 2.789558 0.210903 2.478257
 29 10.456543 -0.000004 0.000004 0.040132 0.135700 -1.235601
 30 24.248093 0.000001 0.000007 0.023348 0.006441 0.972379
 31 26.336971 0.000019 0.000002 0.525478 -0.085505 1.196523
 32 1.854847 1.227798 13.762341 -2.778990 -0.144445 2.474166
 33 10.456542 -0.000008 0.000004 -0.058453 -0.008760 -1.332138
 34 24.248116 0.000002 -0.000004 -0.025004 -0.051570 0.788074
 35 26.336975 0.000000 0.000004 -0.401388 -0.026053 1.427523
time 54
  0 0.000000 0.000000 0.000000 0.000000 -0.000000 -1.570796
  1 0.000000 0.000000 0.000000 0.000000 -0.000000 0.000000
  2 -0.023438 0.739933 18.328176 -1.925101 -0.261480 1.570797
  3 4.222169 -0.467508 0.000000 -0.000151 0.125575 -0.170007
  4 4.476987 -0.000002 -0.000000 0.002863 0.046789 -0.250374
  5 4.477083 0.000000 0.000002 -0.000897 -0.106739 -0.027427
  6 4.477077 -0.000004 -0.000002 0.000462 -0.152140 -0.043731
  7 5.413502 -7.700466 -0.000000 0.005104 -0.024960 -0.452884
  8 6.890240 0.000002 -0.000000 -0.062152 -0.142697 0.004515
  9 8.011925 0.000004 0.000005 -0.038452 -0.050179 -0.018351
 10 7.210720 -0.000002 -0.000000 -0.019655 0.293532 -0.121161
 11 8.581028 -0.304903 -0.000000 0.103409 0.057717 0.735537
 12 22.523008 2.194031 6.355708 0.000000 -0.000000 0.000000
 13 22.523005 2.194038 -6.355709 0.000000 -0.000000 0.000000
 14 -3.006533 7.804720 -11.355459 -0.026783 0.461145 2.057980
 15 10.384675 0.000008 0.000005 -1.018473 0.189069 -1.918187
 16 22.550743 -0.000006 -0.000004 0.118724 -0.008045 1.592301
 17 30.814247 -0.000015 -0.000004 2.634528 -0.096014 0.845730
 18 -3.013796 7.815494 11.355459 -0.378474 -0.034900 1.337245
 19 10.374533 -0.000002 0.000007 -0.450395 -0.108113 -2.005057
 20 22.550726 -0.000027 -0.000013 -0.168008 -0.031528 2.551539
 21 30.814270 -0.000023 0.000002 -2.350741 -0.211002 0.717189
 22 -4.250660 -0.770624 0.000001 0.000000 0.000000 -2.948724
 23 10.363422 0.000000 0.000000 -0.000000 0.073709 0.009975
 24 10.363076 0.000000 -0.000000 -0.000000 0.053172 0.079959
 25 10.363081 -0.000004 -0.000002 0.014075 -0.019519 0.008033
 26 8.210358 -0.000006 -8.891527 0.000000 0.000000 -0.000713
 27 8.210346 -0.000002 7.704017 0.000000 0.000000 -0.121734
 28 1.854841 1.227791 -13.762345 2.803146 0.224374 2.478987
 29 10.456543 -0.000004 0.000004 0.039765 0.139045 -1.233604
 30 24.248093 0.000001 0.000007 0.023570 0.008197 0.972379
 31 26.336971 0.000019 0.000002 0.542227 -0.084874 1.193320
 32 1.854847 1.227798 13.762341 -2.783582 -0.123485 2.474166
 33 10.456542 -0.000008 0.000004 -0.058758 -0.014131 -1.333281
 34 24.248116 0.000002 -0.000004 -0.025121 -0.050815 0.773096
 35 26.336975 0.000000 0.000004 -0.413952 -0.026457 1.427524
time 55
  0 0.000000 0.000000 0.000000 0.000000 -0.000000 -1.570796
  1 0.000000 0.000000 0.000000 0.000000 -0.000000 0.000000
  2 -0.214850 0.681337 18.578184 -1.995176 -0.262357 1.569167
  3 4.222169 -0.467508 0.000000 -0.000043 0.122534 -0.170513
  4 4.476987 -0.000002 -0.000000 0.003187 0.038607 -0.249752
  5 4.477083 0.000000 0.000002 -0.001940 -0.113104 -0.027427
  6 4.477077 -0.000004 -0.000002 -0.000173 -0.151614 -0.042220
  7 5.413502 -7.700466 -0.000000 0.008161 -0.011010 -0.453817
  8 6.890240 0.000002 -0.000000 -0.062739 -0.157793 0.005352
  9 8.011925 0.000004 0.000005 -0.039343 -0.076890 -0.019649
 10 7.210720 -0.000002 -0.000000 -0.018914 0.294326 -0.129233
 11 8.581028 -0.304903 -0.000000 0.100539 0.073389 0.736834
 12 22.523008 2.194031 6.355708 0.000000 -0.000000 0.000000
 13 22.523005 2.194038 -6.355709 0.000000 -0.000000 0.000000
 14 -3.006533 7.804720 -11.355459 -0.041433 0.484816 1.455441
 15 10.384675 0.000008 0.000005 -1.059746 0.194946 -1.918298
 16 22.550743 -0.000006 -0.000004 0.118788 -0.019897 1.598294
 17 30.814247 -0.000015 -0.000004 2.633698 -0.103631 0.520738
 18 -3.013796 7.815494 11.355459 -0.378932 0.001981 1.324192
 19 10.374533 -0.000002 0.000007 -0.463000 -0.093429 -2.092383
 20 22.550726 -0.000027 -0.000013 -0.170316 -0.038438 1.840469
 21 30.814270 -0.000023 0.000002 -2.343199 -0.220447 0.683106
 22 -4.250660 -0.770624 0.000001 0.000000 0.000000 -2.948724
 23 10.363422 0.000000 0.000000 -0.000000 0.070941 0.008303
 24 10.363076 0.000000 -0.000000 0.000000 0.073450 0.002168
 25 10.363081 -0.000004 -0.000002 0.014075 0.005300 0.046103
 26 8.210358 -0.000006 -9.161067 0.000000 0.000000 -0.000713
 27 8.210346 -0.000002 7.704017 0.000000 0.000000 -0.100032
 28 1.854841 1.227791 -13.762345 2.813920 0.231628 2.478805
 29 10.456543 -0.000004 0.000004 0.040394 0.131767 -1.232171
 30 24.248093 0.000001 0.000007 0.024460 0.011990 0.972379
 31 26.336971 0.000019 0.000002 0.558193 -0.087765 1.181060
 32 1.854847 1.227798 13.762341 -2.786958 -0.106603 2.473907
 33 10.456542 -0.000008 0.000004 -0.059131 -0.021200 -1.334384
 34 24.248116 0.000002 -0.000004 -0.025277 -0.049449 0.758270
 35 26.336975 0.000000 0.000004 -0.426646 -0.027356 1.427524
time 56
  0 0.000000 0.000000 0.000000 0.000000 -0.000000 -1.570796
  1 0.000000 0.000000 0.000000 0.000000 -0.000000 0.000000
  2 -0.460952 0.657899 49.176773 -2.060458 -0.263913 1.569454
  3 4.222169 -0.467508 0.000000 0.000161 0.120236 -0.171003
  4 4.476987 -0.000002 -0.000000 0.003630 0.031604 -0.249419
  5 4.477083 0.000000 0.000002 -0.003330 -0.118903 -0.027427
  6 4.477077 -0.000004 -0.000002 -0.001048 -0.151332 -0.040149
  7 5.413502 -7.700466 -0.000000 0.011059 0.004978 -0.454128
  8 6.890240 0.000002 -0.000000 -0.064225 -0.159597 0.006353
  9 8.011925 0.000004 0.000005 -0.039998 -0.102595 -0.020869
 10 7.210720 -0.000002 -0.000000 -0.017953 0.294044 -0.137653
 11 8.581028 -0.304903 -0.000000 0.099322 0.082812 0.738236
 12 22.523008 2.194031 6.355708 0.000000 -0.000000 0.000000
 13 22.523005 2.194038 -6.355709 0.000000 -0.000000 0.000000
 14 -3.006533 7.804720 -11.355459 -0.057168 0.507533 1.455578
 15 10.384675 0.000008 0.000005 -1.093549 0.201014 -1.918298
 16 22.550743 -0.000006 -0.000004 0.118836 -0.031290 2.546601
 17 30.814247 -0.000015 -0.000004 2.636363 -0.108459 0.518196
 18 -3.013796 7.815494 11.355459 -0.380256 0.035051 1.983286
 19 10.374533 -0.000002 0.000007 -0.475067 -0.078811 -2.174722
 20 22.550726 -0.000027 -0.000013 -0.172379 -0.046369 1.832714
 21 30.814270 -0.000023 0.000002 -2.335411 -0.226270 0.646569
 22 -4.250660 -0.770624 0.000001 0.000000 0.000000 -2.948724
 23 10.363422 0.000000 0.000000 -0.000000 0.066327 0.008391
 24 10.363076 0.000000 -0.000000 0.000000 0.090540 -0.000000
 25 10.363081 -0.000004 -0.000002 0.014075 0.017055 0.309099
 26 8.210358 -0.000006 -9.930621 0.000000 0.000000 -0.000713
 27 8.210346 -0.000002 7.704017 0.000000 0.000000 -0.070701
 28 1.854841 1.227791 -13.762345 2.823418 0.236735 2.477223
 29 10.456543 -0.000004 0.000004 0.041250 0.122300 -1.231390
 30 24.248093 0.000001 0.000007 0.025387 0.017720 0.972379
 31 26.336971 0.000019 0.000002 0.571897 -0.091181 1.160129
 32 1.854847 1.227798 13.762341 -2.789254 -0.093387 2.473563
 33 10.456542 -0.000008 0.000004 -0.059437 -0.027294 -1.335409
 34 24.248116 0.000002 -0.000004 -0.025432 -0.048119 0.743648
 35 26.336975 0.000000 0.000004 -0.439296 -0.028876 1.427524
time 57
  0 0.000000 0.000000 0.000000 0.000000 -0.000000 -1.570796
  1 0.000000 0.000000 0.000000 0.000000 -0.000000 0.000000
  2 -0.734397 0.657899 18.160204 -2.119701 -0.266147 1.571660
  3 4.222169 -0.467508 0.000000 0.000628 0.118623 -0.171479
  4 4.476987 -0.000002 -0.000000 0.004217 0.025906 -0.249441
  5 4.477083 0.000000 0.000002 -0.005068 -0.124056 -0.027427
  6 4.477077 -0.000004 -0.000002 -0.002162 -0.151351 -0.037548
  7 5.413502 -7.700466 -0.000000 0.013717 0.021443 -0.455560
  8 6.890240 0.000002 -0.000000 -0.065580 -0.158577 0.007377
  9 8.011925 0.000004 0.000005 -0.040325 -0.125871 -0.022037
 10 7.210720 -0.000002 -0.000000 -0.016690 0.293055 -0.146181
 11 8.581028 -0.304903 -0.000000 0.099069 0.086790 0.749207
 12 22.523008 2.194031 6.355708 0.000000 -0.000000 0.000000
 13 22.523005 2.194038 -6.355709 0.000000 -0.000000 0.000000
 14 -3.006533 7.804720 -11.355459 -0.073663 0.530180 1.455990
 15 10.384675 0.000008 0.000005 -1.120703 0.207337 -1.918243
 16 22.550743 -0.000006 -0.000004 0.118884 -0.042396 2.184252
 17 30.814247 -0.000015 -0.000004 2.642041 -0.111343 0.514221
 18 -3.013796 7.815494 11.355459 -0.385449 0.064085 1.525232
 19 10.374533 -0.000002 0.000007 -0.486392 -0.064193 -2.246160
 20 22.550726 -0.000027 -0.000013 -0.174197 -0.055203 1.822292
 21 30.814270 -0.000023 0.000002 -2.324010 -0.229353 0.609194
 22 -4.250660 -0.770624 0.000001 0.000000 0.000000 -2.948724
 23 10.363422 0.000000 0.000000 0.000000 0.058992 0.008479
 24 10.363076 0.000000 -0.000000 0.000000 0.106492 -0.000000
 25 10.363081 -0.000004 -0.000002 0.014075 0.019612 0.095448
 26 8.210358 -0.000006 -11.024405 0.000000 0.000000 -0.000713
 27 8.210346 -0.000002 7.704017 0.000000 0.000000 -0.033807
 28 1.854841 1.227791 -13.762345 2.831729 0.239695 2.474304
 29 10.456543 -0.000004 0.000004 0.042228 0.110538 -1.231346
 30 24.248093 0.000001 0.000007 0.026128 0.024984 0.972379
 31 26.336971 0.000019 0.000002 0.583469 -0.095228 1.131577
 32 1.854847 1.227798 13.762341 -2.790639 -0.083181 2.473477
 33 10.456542 -0.000008 0.000004 -0.059708 -0.032470 -1.336394
 34 24.248116 0.000002 -0.000004 -0.025562 -0.046872 0.729381
 35 26.336975 0.000000 0.000004 -0.451818 -0.030955 1.427523
time 58
  0 0.000000 0.000000 0.000000 0.000000 -0.000000 -1.570796
  1 0.000000 0.000000 0.000000 0.000000 -0.000000 0.000000
  2 -1.039094 0.685244 18.445368 -2.173479 -0.269099 1.575590
  3 4.222169 -0.467508 0.000000 0.001515 0.117622 -0.171954
  4 4.476987 -0.000002 -0.000000 0.004960 0.021580 -0.249841
  5 4.477083 0.000000 0.000002 -0.007225 -0.128530 -0.027427
  6 4.477077 -0.000004 -0.000002 -0.003565 -0.151689 -0.034667
  7 5.413502 -7.700466 -0.000000 0.016176 0.038434 -0.453879
  8 6.890240 0.000002 -0.000000 -0.067018 -0.154238 0.008424
  9 8.011925 0.000004 0.000005 -0.039199 -0.131654 -0.023075
 10 7.210720 -0.000002 -0.000000 -0.014879 0.290160 -0.154468
 11 8.581028 -0.304903 -0.000000 0.099161 0.086005 0.762280
 12 22.523008 2.194031 6.355708 0.000000 -0.000000 0.000000
 13 22.523005 2.194038 -6.355709 0.000000 -0.000000 0.000000
 14 -3.006533 7.804720 -11.355459 -0.091460 0.551767 1.456402
 15 10.384675 0.000008 0.000005 -1.142442 0.214126 -1.918131
 16 22.550743 -0.000006 -0.000004 0.118916 -0.053416 2.203380
 17 30.814247 -0.000015 -0.000004 2.650384 -0.113067 0.508562
 18 -3.013796 7.815494 11.355459 -0.394613 0.089644 1.521755
 19 10.374533 -0.000002 0.000007 -0.497177 -0.049409 -2.302000
 20 22.550726 -0.000027 -0.000013 -0.175791 -0.064940 1.811001
 21 30.814270 -0.000023 0.000002 -2.308399 -0.230258 0.571402
 22 -4.250660 -0.770624 0.000001 0.000000 0.000000 -2.948724
 23 10.363422 0.000000 0.000000 -0.000000 0.044347 0.182833
 24 10.363076 0.000000 -0.000000 0.000000 0.120478 0.000310
 25 10.363081 -0.000004 -0.000002 0.014075 0.022478 0.151720
 26 8.210358 -0.000006 -12.254911 0.000000 0.000000 -0.000713
 27 8.210346 -0.000002 7.704017 0.000000 0.000000 0.004646
 28 1.854841 1.227791 -13.762345 2.838985 0.240707 2.469803
 29 10.456543 -0.000004 0.000004 0.043207 0.097121 -1.232084
 30 24.248093 0.000001 0.000007 0.026944 0.032349 0.972379
 31 26.336971 0.000019 0.000002 0.593127 -0.099958 1.097503
 32 1.854847 1.227798 13.762341 -2.791280 -0.075328 2.473821
 33 10.456542 -0.000008 0.000004 -0.059911 -0.036589 -1.337340
 34 24.248116 0.000002 -0.000004 -0.025678 -0.045770 0.715571
 35 26.336975 0.000000 0.000004 -0.464168 -0.033561 1.427523
time 59
  0 0.000000 0.000000 0.000000 0.000000 -0.000000 -1.570796
  1 0.000000 0.000000 0.000000 0.000000 -0.000000 0.000000
  2 -1.367229 0.751652 18.816473 -2.221889 -0.272689 1.581054
  3 4.222169 -0.467508 0.000000 0.003013 0.117140 -0.172414
  4 4.476987 -0.000002 -0.000000 0.005859 0.018796 -0.250596
  5 4.477083 0.000000 0.000002 -0.009778 -0.132245 -0.027427
  6 4.477077 -0.000004 -0.000002 -0.005254 -0.152328 -0.031848
  7 5.413502 -7.700466 -0.000000 0.018395 0.055714 -0.454688
  8 6.890240 0.000002 -0.000000 -0.068672 -0.147063 0.009471
  9 8.011925 0.000004 0.000005 -0.034903 -0.112803 -0.024010
 10 7.210720 -0.000002 -0.000000 -0.011282 0.271339 -0.162352
 11 8.581028 -0.304903 -0.000000 0.099069 0.081157 0.778053
 12 22.523008 2.194031 6.355708 0.000000 -0.000000 0.000000
 13 22.523005 2.194038 -6.355709 0.000000 -0.000000 0.000000
 14 -3.006533 7.804720 -11.355459 -0.114358 0.562472 1.456746
 15 10.384675 0.000008 0.000005 -1.159474 0.221488 -1.450268
 16 22.550743 -0.000006 -0.000004 0.118932 -0.064407 2.233344
 17 30.814247 -0.000015 -0.000004 2.660823 -0.114290 0.502045
 18 -3.013796 7.815494 11.355459 -0.406883 0.111691 1.515371
 19 10.374533 -0.000002 0.000007 -0.507491 -0.034592 -2.336153
 20 22.550726 -0.000027 -0.000013 -0.177159 -0.075423 1.800455
 21 30.814270 -0.000023 0.000002 -2.289140 -0.229353 0.533804
 22 -4.250660 -0.770624 0.000001 0.000000 0.000000 -2.948724
 23 10.363422 0.000000 0.000000 0.000000 0.028647 0.011604
 24 10.363076 0.000000 -0.000000 0.000000 0.131552 -0.000000
 25 10.363081 -0.000004 -0.000002 0.014075 0.025297 0.097999
 26 8.210358 -0.000006 -13.461979 0.000000 0.000000 -0.000713
 27 8.210346 -0.000002 7.704017 0.000000 0.000000 0.043607
 28 1.854841 1.227791 -13.762345 2.845273 0.239967 2.463964
 29 10.456543 -0.000004 0.000004 0.044132 0.083206 -1.232909
 30 24.248093 0.000001 0.000007 0.027722 0.039855 0.972379
 31 26.336971 0.000019 0.000002 0.601001 -0.105292 1.060004
 32 1.854847 1.227798 13.762341 -2.791213 -0.069254 2.474683
 33 10.456542 -0.000008 0.000004 -0.060047 -0.039511 -0.926047
 34 24.248116 0.000002 -0.000004 -0.025769 -0.044895 0.702420
 35 26.336975 0.000000 0.000004 -0.476219 -0.036601 1.427524
time 60
  0 0.000000 0.000000 0.000000 0.000000 -0.000000 -1.570796
  1 0.000000 0.000000 0.000000 0.000000 -0.000000 0.000000
  2 -1.714896 0.849311 20.175890 -2.265123 -0.276877 1.587669
  3 4.222169 -0.467508 0.000000 0.005278 0.117103 -0.172843
  4 4.476987 -0.000002 -0.000000 0.006950 0.017639 -0.251794
  5 4.477083 0.000000 0.000002 -0.012810 -0.135105 -0.027427
  6 4.477077 -0.000004 -0.000002 -0.007268 -0.153343 -0.029403
  7 5.413502 -7.700466 -0.000000 0.020376 0.073130 -0.454751
  8 6.890240 0.000002 -0.000000 -0.070314 -0.139521 0.010519
  9 8.011925 0.000004 0.000005 -0.030057 -0.087083 -0.024892
 10 7.210720 -0.000002 -0.000000 -0.008620 0.241008 -0.169566
 11 8.581028 -0.304903 -0.000000 0.098265 0.072894 0.797120
 12 22.523008 2.194031 6.355708 0.000000 -0.000000 0.000000
 13 22.523005 2.194038 -6.355709 0.000000 -0.000000 0.000000
 14 -3.006533 7.804720 -11.355459 -0.137527 0.571410 1.456951
 15 10.384675 0.000008 0.000005 -1.172734 0.229572 -1.937570
 16 22.550743 -0.000006 -0.000004 0.118948 -0.075485 2.274930
 17 30.814247 -0.000015 -0.000004 2.672573 -0.115199 0.494703
 18 -3.013796 7.815494 11.355459 -0.421495 0.130524 1.506023
 19 10.374533 -0.000002 0.000007 -0.515850 -0.018844 -2.343518
 20 22.550726 -0.000027 -0.000013 -0.178303 -0.086534 1.792328
 21 30.814270 -0.000023 0.000002 -2.266548 -0.227126 0.590814
 22 -4.250660 -0.770624 0.000001 0.000000 0.000000 -2.948724
 23 10.363422 0.000000 0.000000 0.000000 0.012588 0.182833
 24 10.363076 0.000000 -0.000000 0.000000 0.138862 -0.000000
 25 10.363081 -0.000004 -0.000002 0.014075 0.028055 0.096012
 26 8.210358 -0.000006 -14.547950 0.000000 0.000000 -0.000713
 27 8.210346 -0.000002 7.704017 0.000000 0.000000 0.082467
 28 1.854841 1.227791 -13.762345 2.850550 0.237623 2.457396
 29 10.456543 -0.000004 0.000004 0.044989 0.068970 -1.234473
 30 24.248093 0.000001 0.000007 0.028538 0.047462 0.972379
 31 26.336971 0.000019 0.000002 0.607178 -0.111258 1.021567
 32 1.854847 1.227798 13.762341 -2.790470 -0.064329 2.476148
 33 10.456542 -0.000008 0.000004 -0.060115 -0.041041 -1.197865
 34 24.248116 0.000002 -0.000004 -0.025834 -0.044296 0.689981
 35 26.336975 0.000000 0.000004 -0.487883 -0.040013 1.427523
time 61
  0 0.000000 0.000000 0.000000 0.000000 -0.000000 -1.570796
  1 0.000000 0.000000 0.000000 0.000000 -0.000000 0.000000
  2 -2.078188 0.989940 -25.899736 -2.303467 -0.281584 1.595242
  3 4.222169 -0.467508 0.000000 0.008478 0.117474 -0.173288
  4 4.476987 -0.000002 -0.000000 0.008616 0.017639 -0.253415
  5 4.477083 0.000000 0.000002 -0.016297 -0.137059 -0.027427
  6 4.477077 -0.000004 -0.000002 -0.009569 -0.154714 -0.027332
  7 5.413502 -7.700466 -0.000000 0.022104 0.090512 -0.454159
  8 6.890240 0.000002 -0.000000 -0.071955 -0.131692 0.011449
  9 8.011925 0.000004 0.000005 -0.023535 -0.037431 -0.026580
 10 7.210720 -0.000002 -0.000000 -0.006478 0.205098 -0.175841
 11 8.581028 -0.304903 -0.000000 0.096313 0.061933 0.820779
 12 22.523008 2.194031 6.355708 0.000000 -0.000000 0.000000
 13 22.523005 2.194038 -6.355709 0.000000 -0.000000 0.000000
 14 -3.006533 7.804720 -11.355459 -0.160370 0.578830 1.456951
 15 10.384675 0.000008 0.000005 -1.183042 0.238461 -1.937459
 16 22.550743 -0.000006 -0.000004 0.118964 -0.086763 2.321177
 17 30.814247 -0.000015 -0.000004 2.684803 -0.115857 0.486431
 18 -3.013796 7.815494 11.355459 -0.437787 0.146330 1.495763
 19 10.374533 -0.000002 0.000007 -0.511738 0.004278 -2.313539
 20 22.550726 -0.000027 -0.000013 -0.179222 -0.098195 1.787862
 21 30.814270 -0.000023 0.000002 -2.241080 -0.224044 0.535199
 22 -4.250660 -0.770624 0.000001 0.000000 0.000000 -2.948724
 23 10.363422 0.000000 0.000000 -0.000000 -0.003651 0.036779
 24 10.363076 0.000000 -0.000000 0.000000 0.141535 0.001807
 25 10.363081 -0.000004 -0.000002 0.014075 0.030766 0.096012
 26 8.210358 -0.000006 -15.419070 0.000000 0.000000 -0.000713
 27 8.210346 -0.000002 7.704017 0.000000 0.000000 0.117902
 28 1.854841 1.227791 -13.762345 2.854859 0.233873 2.452348
 29 10.456543 -0.000004 0.000004 0.045740 0.054663 -1.236296
 30 24.248093 0.000001 0.000007 0.029390 0.055130 0.972379
 31 26.336971 0.000019 0.000002 0.611746 -0.117827 0.985283
 32 1.854847 1.227798 13.762341 -2.789153 -0.060033 2.478173
 33 10.456542 -0.000008 0.000004 -0.060081 -0.041041 -1.195460
 34 24.248116 0.000002 -0.000004 -0.025872 -0.044080 1.338604
 35 26.336975 0.000000 0.000004 -0.498989 -0.043798 1.427524
time 62
  0 0.000000 0.000000 0.000000 0.000000 -0.000000 -1.570796
  1 0.000000 0.000000 0.000000 0.000000 -0.000000 0.000000
  2 -2.457106 1.177446 -23.645761 -2.337115 -0.286730 1.603486
  3 4.222169 -0.467508 0.000000 0.012780 0.118122 -0.173717
  4 4.476987 -0.000002 -0.000000 0.011240 0.018067 -0.255457
  5 4.477083 0.000000 0.000002 -0.020276 -0.138028 -0.027427
  6 4.477077 -0.000004 -0.000002 -0.012289 -0.156443 -0.025588
  7 5.413502 -7.700466 -0.000000 0.023592 0.107571 -0.453226
  8 6.890240 0.000002 -0.000000 -0.073561 -0.123720 0.012729
  9 8.011925 0.000004 0.000005 -0.016987 0.013164 -0.027332
 10 7.210720 -0.000002 -0.000000 -0.004310 0.168217 -0.180936
 11 8.581028 -0.304903 -0.000000 0.092777 0.049044 0.859158
 12 22.523008 2.194031 6.355708 0.000000 -0.000000 0.000000
 13 22.523005 2.194038 -6.355709 0.000000 -0.000000 0.000000
 14 -3.006533 7.804720 -11.355459 -0.182942 0.583847 1.456883
 15 10.384675 0.000008 0.000005 -1.191260 0.248306 -1.937126
 16 22.550743 -0.000006 -0.000004 0.118980 -0.098271 2.371298
 17 30.814247 -0.000015 -0.000004 2.696553 -0.116327 0.477370
 18 -3.013796 7.815494 11.355459 -0.455250 0.159296 1.484990
 19 10.374533 -0.000002 0.000007 -0.505064 0.028265 -2.182840
 20 22.550726 -0.000027 -0.000013 -0.179958 -0.110248 1.788420
 21 30.814270 -0.000023 0.000002 -2.214103 -0.220520 0.533023
 22 -4.250660 -0.770624 0.000001 0.000000 0.000000 -2.948724
 23 10.363422 0.000000 0.000000 0.000000 -0.019806 0.183493
 24 10.363076 0.000000 -0.000000 0.000000 0.138730 0.205627
 25 10.363081 -0.000004 -0.000002 0.014075 0.033416 0.096173
 26 8.210358 -0.000006 -16.032370 0.000000 0.000000 -0.000713
 27 8.210346 -0.000002 7.704017 0.000000 0.000000 0.147301
 28 1.854841 1.227791 -13.762345 2.858202 0.228914 2.451070
 29 10.456543 -0.000004 0.000004 0.046386 0.040534 -1.238250
 30 24.248093 0.000001 0.000007 0.030243 0.062818 0.972379
 31 26.336971 0.000019 0.000002 0.614878 -0.124949 0.953584
 32 1.854847 1.227798 13.762341 -2.787262 -0.056230 2.480585
 33 10.456542 -0.000008 0.000004 -0.059979 -0.039399 -1.192465
 34 24.248116 0.000002 -0.000004 -0.025859 -0.044284 0.848900
 35 26.336975 0.000000 0.000004 -0.509496 -0.047862 1.427523
time 63
  0 0.000000 0.000000 0.000000 0.000000 -0.000000 -1.570796
  1 0.000000 0.000000 0.000000 0.000000 -0.000000 0.000000
  2 10.015930 -2.162500 -21.305845 -1.570317 -0.261799 1.570797
  3 4.222169 -0.467508 0.000000 0.160514 0.003448 -0.174131
  4 4.476987 -0.000002 -0.000000 0.163732 -0.010269 -0.042295
  5 4.477083 0.000000 0.000002 -0.012942 0.030808 -0.027427
  6 4.477077 -0.000004 -0.000002 -0.120211 -0.010802 -0.024155
  7 5.413502 -7.700466 -0.000000 0.264528 0.003432 -0.452261
  8 6.890240 0.000002 -0.000000 -0.125790 0.002640 0.014219
  9 8.011925 0.000004 0.000005 -0.087722 0.003227 -0.027540
 10 7.210720 -0.000002 -0.000000 -0.312450 0.003566 -0.184530
 11 8.581028 -0.304903 -0.000000 -0.301645 0.005750 0.898134
 12 22.523008 2.194031 6.355708 0.000000 -0.000000 0.000000
 13 22.523005 2.194038 -6.355709 0.000000 -0.000000 0.000000
 14 -3.006533 7.804720 -11.355459 -0.387338 0.277498 1.456746
 15 10.384675 0.000008 0.000005 0.051492 0.185484 -1.936793
 16 22.550743 -0.000006 -0.000004 0.092720 0.042406 2.425414
 17 30.814247 -0.000015 -0.000004 2.686637 0.006117 0.467880
 18 -3.013796 7.815494 11.355459 -0.753395 -0.240756 1.473932
 19 10.374533 -0.000002 0.000007 0.147464 -0.181967 -2.042226
 20 22.550726 -0.000027 -0.000013 -0.174524 -0.008500 1.795616
 21 30.814270 -0.000023 0.000002 -2.596936 -0.081326 0.533190
 22 -4.250660 -0.770624 0.000001 0.000000 0.000000 -2.948724
 23 10.363422 0.000000 0.000000 0.000000 -0.019207 0.308268
 24 10.363076 0.000000 -0.000000 0.000000 0.041260 -0.000981
 25 10.363081 -0.000004 -0.000002 0.165966 -0.018749 0.309904
 26 8.210358 -0.000006 -16.340973 0.000000 0.000000 0.002514
 27 8.210346 -0.000002 7.704017 0.000000 0.000000 0.170834
 28 1.854841 1.227791 -13.762345 2.485702 0.179421 2.453260
 29 10.456543 -0.000004 0.000004 0.168520 0.095857 -1.240377
 30 24.248093 0.000001 0.000007 -0.105996 0.035255 0.972379
 31 26.336971 0.000019 0.000002 0.232177 -0.049293 0.927683
 32 1.854847 1.227798 13.762341 -2.962831 -0.190687 2.483170
 33 10.456542 -0.000008 0.000004 0.189288 -0.083898 -1.188800
 34 24.248116 0.000002 -0.000004 -0.083014 -0.031664 0.839456
 35 26.336975 0.000000 0.000004 -0.375272 0.254630 1.427524
time 64
  0 0.000000 0.000000 0.000000 0.000000 -0.000000 -1.570796
  1 0.000000 0.000000 0.000000 0.000000 -0.000000 0.000000
  2 9.996399 -2.928148 -18.922960 -1.570892 -0.261719 1.563607
  3 4.222169 -0.467508 0.000000 0.159855 -0.000186 -0.174530
  4 4.476987 -0.000002 -0.000000 0.162929 -0.014466 -0.083427
  5 4.477083 0.000000 0.000002 -0.012810 0.027642 -0.027427
  6 4.477077 -0.000004 -0.000002 -0.119456 -0.014485 -0.022987
  7 5.413502 -7.700466 -0.000000 0.252579 0.000102 -0.451608
  8 6.890240 0.000002 -0.000000 -0.107478 0.000078 0.014172
  9 8.011925 0.000004 0.000005 -0.073617 0.000096 -0.027722
 10 7.210720 -0.000002 -0.000000 -0.301030 0.000106 0.213653
 11 8.581028 -0.304903 -0.000000 -0.307179 0.002403 0.937250
 12 22.523008 2.194031 6.355708 0.000000 -0.000000 0.000000
 13 22.523005 2.194038 -6.355709 0.000000 -0.000000 0.000000
 14 -3.006533 7.804720 -11.355459 -0.385385 0.270573 1.456677
 15 10.384675 0.000008 0.000005 0.056161 0.181325 -1.936515
 16 22.550743 -0.000006 -0.000004 0.089697 0.036781 2.482739
 17 30.814247 -0.000015 -0.000004 2.693495 -0.000027 0.459751
 18 -3.013796 7.815494 11.355459 -0.753955 -0.248080 1.462931
 19 10.374533 -0.000002 0.000007 0.168766 -0.188479 -1.916050
 20 22.550726 -0.000027 -0.000013 -0.178078 -0.012348 1.813731
 21 30.814270 -0.000023 0.000002 -2.588516 -0.083137 0.533302
 22 -4.250660 -0.770624 0.000001 0.000000 0.000000 -2.948724
 23 10.363422 0.000000 0.000000 0.000000 -0.020142 0.297331
 24 10.363076 0.000000 -0.000000 0.000000 0.040349 -0.000981
 25 10.363081 -0.000004 -0.000002 0.159847 -0.020043 0.094992
 26 8.210358 -0.000006 -16.278471 0.000000 0.000000 -0.000000
 27 8.210346 -0.000002 7.704017 0.000000 0.000000 0.187959
 28 1.854841 1.227791 -13.762345 2.474313 0.174586 2.456240
 29 10.456543 -0.000004 0.000004 0.152674 0.092370 -1.242505
 30 24.248093 0.000001 0.000007 -0.082270 0.031300 0.972379
 31 26.336971 0.000019 0.000002 0.225869 -0.054443 0.908574
 32 1.854847 1.227798 13.762341 -2.973129 -0.196049 2.485281
 33 10.456542 -0.000008 0.000004 0.156425 -0.089352 -1.184386
 34 24.248116 0.000002 -0.000004 -0.073479 -0.031592 0.821178
 35 26.336975 0.000000 0.000004 -0.383248 0.254630 0.982059
time 65
  0 0.000000 0.000000 0.000000 0.000000 -0.000000 -1.570796
  1 0.000000 0.000000 0.000000 0.000000 -0.000000 0.000000
  2 9.941710 -2.678140 26.090134 -1.571276 -0.261520 1.544050
  3 4.222169 -0.467508 0.000000 0.158645 0.001001 -0.174913
  4 4.476987 -0.000002 -0.000000 0.161203 -0.013096 -0.087778
  5 4.477083 0.000000 0.000002 -0.013469 0.028676 -0.027427
  6 4.477077 -0.000004 -0.000002 -0.118581 -0.013283 -0.022069
  7 5.413502 -7.700466 -0.000000 0.215429 0.001189 -0.450986
  8 6.890240 0.000002 -0.000000 -0.079086 0.000915 0.014917
  9 8.011925 0.000004 0.000005 -0.059433 0.001118 0.206796
 10 7.210720 -0.000002 -0.000000 -0.284669 0.001236 0.246317
 11 8.581028 -0.304903 -0.000000 -0.319396 0.003496 0.976400
 12 22.523008 2.194031 6.355708 0.000000 -0.000000 0.000000
 13 22.523005 2.194038 -6.355709 0.000000 -0.000000 0.000000
 14 -3.006533 7.804720 -11.355459 -0.383377 0.272834 1.456608
 15 10.384675 0.000008 0.000005 0.071774 0.182683 -1.936348
 16 22.550743 -0.000006 -0.000004 0.081621 0.038618 2.539216
 17 30.814247 -0.000015 -0.000004 2.708957 0.001979 0.454701
 18 -3.013796 7.815494 11.355459 -0.751919 -0.245688 1.451987
 19 10.374533 -0.000002 0.000007 0.202134 -0.186352 -1.822635
 20 22.550726 -0.000027 -0.000013 -0.188067 -0.011092 1.847355
 21 30.814270 -0.000023 0.000002 -2.572309 -0.083137 0.754396
 22 -4.250660 -0.770624 0.000001 0.000000 0.000000 -2.948724
 23 10.363422 0.000000 0.000000 -0.000000 -0.020070 0.280188
 24 10.363076 0.000000 -0.000000 0.000000 0.040397 -0.004052
 25 10.363081 -0.000004 -0.000002 0.150257 -0.020043 0.094992
 26 8.210358 -0.000006 -15.758924 0.000000 0.000000 -0.000000
 27 8.210346 -0.000002 7.704017 0.000000 0.000000 0.180092
 28 1.854841 1.227791 -13.762345 2.449204 0.176165 2.459646
 29 10.456543 -0.000004 0.000004 0.123953 0.093509 -1.244546
 30 24.248093 0.000001 0.000007 -0.050203 0.032591 0.972379
 31 26.336971 0.000019 0.000002 0.210643 -0.052762 0.896148
 32 1.854847 1.227798 13.762341 -2.999869 -0.194298 2.484893
 33 10.456542 -0.000008 0.000004 0.096262 -0.087571 -1.179144
 34 24.248116 0.000002 -0.000004 -0.060668 -0.030825 0.796502
 35 26.336975 0.000000 0.000004 -0.398686 0.254630 0.986185
time 66
  0 0.000000 0.000000 0.000000 0.000000 -0.000000 -1.570796
  1 0.000000 0.000000 0.000000 0.000000 -0.000000 0.000000
  2 9.851863 -2.678140 18.843819 -1.571276 -0.261161 1.515387
  3 4.222169 -0.467508 0.000000 0.156907 0.002187 -0.175297
  4 4.476987 -0.000002 -0.000000 0.158639 -0.011725 -0.086357
  5 4.477083 0.000000 0.000002 -0.014859 0.029710 -0.027427
  6 4.477077 -0.000004 -0.000002 -0.117610 -0.012080 -0.021337
  7 5.413502 -7.700466 -0.000000 0.178359 0.002277 -0.450239
  8 6.890240 0.000002 -0.000000 -0.040076 0.001751 0.185403
  9 8.011925 0.000004 0.000005 -0.045105 0.002141 -0.063620
 10 7.210720 -0.000002 -0.000000 -0.261308 0.002366 0.244520
 11 8.581028 -0.304903 -0.000000 -0.333909 0.004589 1.015761
 12 22.523008 2.194031 6.355708 0.000000 -0.000000 0.000000
 13 22.523005 2.194038 -6.355709 0.000000 -0.000000 0.000000
 14 -3.006533 7.804720 -11.355459 -0.381370 0.275095 1.456539
 15 10.384675 0.000008 0.000005 0.096463 0.184041 -1.936348
 16 22.550743 -0.000006 -0.000004 0.069770 0.040455 2.577473
 17 30.814247 -0.000015 -0.000004 2.730710 0.003986 0.452445
 18 -3.013796 7.815494 11.355459 -0.749169 -0.243297 1.438934
 19 10.374533 -0.000002 0.000007 0.248444 -0.184226 -1.778393
 20 22.550726 -0.000027 -0.000013 -0.202836 -0.009835 1.901513
 21 30.814270 -0.000023 0.000002 -2.550560 -0.082990 0.439308
 22 -4.250660 -0.770624 0.000001 0.000000 0.000000 -2.948724
 23 10.363422 0.000000 0.000000 0.000000 -0.020022 0.258248
 24 10.363076 0.000000 -0.000000 0.000000 0.040445 -0.009033
 25 10.363081 -0.000004 -0.000002 0.137982 -0.019858 0.091797
 26 8.210358 -0.000006 -14.672954 0.000000 0.000000 0.000204
 27 8.210346 -0.000002 7.704017 0.000000 0.000000 0.171479
 28 1.854841 1.227791 -13.762345 2.414816 0.177744 2.463052
 29 10.456543 -0.000004 0.000004 0.086550 0.094647 -1.246630
 30 24.248093 0.000001 0.000007 -0.009869 0.033883 0.972379
 31 26.336971 0.000019 0.000002 0.185845 -0.051080 0.888638
 32 1.854847 1.227798 13.762341 -3.037582 -0.192547 2.484419
 33 10.456542 -0.000008 0.000004 0.017819 -0.085790 -1.172957
 34 24.248116 0.000002 -0.000004 -0.044319 -0.030058 0.767816
 35 26.336975 0.000000 0.000004 -0.419527 0.254630 0.990593
time 67
  0 0.000000 0.000000 0.000000 0.000000 -0.000000 -1.570796
  1 0.000000 0.000000 0.000000 0.000000 -0.000000 0.000000
  2 9.726859 -2.678140 18.078169 -1.571180 -0.260762 1.480492
  3 4.222169 -0.467508 0.000000 0.154702 0.002187 -0.175649
  4 4.476987 -0.000002 -0.000000 0.155283 0.156042 -0.084937
  5 4.477083 0.000000 0.000002 -0.016944 0.156240 -0.027427
  6 4.477077 -0.000004 -0.000002 -0.116531 0.135121 -0.020776
  7 5.413502 -7.700466 -0.000000 0.141475 0.135368 -0.449928
  8 6.890240 0.000002 -0.000000 0.058832 0.104128 -0.151590
  9 8.011925 0.000004 0.000005 -0.006797 0.127277 -0.063438
 10 7.210720 -0.000002 -0.000000 -0.228751 0.140657 0.242240
 11 8.581028 -0.304903 -0.000000 -0.346332 0.138314 1.054632
 12 22.523008 2.194031 6.355708 0.000000 -0.000000 0.000000
 13 22.523005 2.194038 -6.355709 0.000000 -0.000000 0.000000
 14 -3.006533 7.804720 -11.355459 -0.379362 0.551837 1.456471
 15 10.384675 0.000008 0.000005 0.128361 0.350230 -1.936404
 16 22.550743 -0.000006 -0.000004 0.055457 0.265244 2.581892
 17 30.814247 -0.000015 -0.000004 2.756393 0.249533 0.452302
 18 -3.013796 7.815494 11.355459 -0.747642 0.049400 1.420978
 19 10.374533 -0.000002 0.000007 0.299945 0.076006 -1.768767
 20 22.550726 -0.000027 -0.000013 -0.220730 0.143935 1.970499
 21 30.814270 -0.000023 0.000002 -2.525512 0.111793 0.755233
 22 -4.250660 -0.770624 0.000001 0.000000 0.000000 -2.948724
 23 10.363422 0.000000 0.000000 -0.000000 0.074980 0.233073
 24 10.363076 0.000000 -0.000000 0.000000 0.135399 -0.015744
 25 10.363081 -0.000004 -0.000002 0.123897 -0.020043 0.086615
 26 8.210358 -0.000006 -13.176814 0.000000 0.000000 0.270639
 27 8.210346 -0.000002 7.704017 0.000000 0.000000 0.161916
 28 1.854841 1.227791 -13.762345 2.375636 0.371000 2.466275
 29 10.456543 -0.000004 0.000004 0.047941 0.234032 -1.248453
 30 24.248093 0.000001 0.000007 0.032171 0.191935 0.972379
 31 26.336971 0.000019 0.000002 0.158569 0.154760 0.883115
 32 1.854847 1.227798 13.762341 -3.080765 0.021779 2.484031
 33 10.456542 -0.000008 0.000004 -0.063031 0.132192 -1.165863
 34 24.248116 0.000002 -0.000004 -0.027064 0.063817 0.737809
 35 26.336975 0.000000 0.000004 -0.443756 0.254630 0.995284
time 68
  0 0.000000 0.000000 0.000000 0.000000 -0.000000 -1.570796
  1 0.000000 0.000000 0.000000 0.000000 -0.000000 0.000000
  2 9.574511 -2.678140 18.328176 -1.570892 -0.260323 1.442913
  3 4.222169 -0.467508 0.000000 0.152089 0.002187 -0.175956
  4 4.476987 -0.000002 -0.000000 0.151256 0.156042 0.088936
  5 4.477083 0.000000 0.000002 -0.019641 0.030598 -0.027427
  6 4.477077 -0.000004 -0.000002 -0.115393 -0.014936 -0.020340
  7 5.413502 -7.700466 -0.000000 0.105003 0.000459 -0.449430
  8 6.890240 0.000002 -0.000000 0.156591 0.000039 -0.150100
  9 8.011925 0.000004 0.000005 0.031956 0.000208 -0.062789
 10 7.210720 -0.000002 -0.000000 -0.185158 0.000388 0.238942
 11 8.581028 -0.304903 -0.000000 -0.352303 0.051980 1.093082
 12 22.523008 2.194031 6.355708 0.000000 -0.000000 0.000000
 13 22.523005 2.194038 -6.355709 0.000000 -0.000000 0.000000
 14 -3.006533 7.804720 -11.355459 -0.377355 0.284917 1.456265
 15 10.384675 0.000008 0.000005 0.164966 0.172160 -1.936515
 16 22.550743 -0.000006 -0.000004 0.040088 0.002602 2.558163
 17 30.814247 -0.000015 -0.000004 2.783518 -0.029149 0.453448
 18 -3.013796 7.815494 11.355459 -0.748202 -0.260037 1.398178
 19 10.374533 -0.000002 0.000007 0.355761 -0.183794 -1.757982
 20 22.550726 -0.000027 -0.000013 -0.239973 -0.012348 2.042772
 21 30.814270 -0.000023 0.000002 -2.499623 -0.432822 0.730382
 22 -4.250660 -0.770624 0.000001 0.000000 0.000000 -3.004724
 23 10.363422 0.000000 0.000000 -0.000000 -0.060410 0.204861
 24 10.363076 0.000000 -0.000000 0.000000 0.042147 -0.024003
 25 10.363081 -0.000004 -0.000002 0.108113 -0.020043 0.079608
 26 8.210358 -0.000006 -11.551764 0.000000 0.000000 -0.001291
 27 8.210346 -0.000002 7.704017 0.000000 0.000000 0.131669
 28 1.854841 1.227791 -13.762345 2.336324 0.233429 2.469256
 29 10.456543 -0.000004 0.000004 0.008668 0.089131 -1.248193
 30 24.248093 0.000001 0.000007 0.074766 0.038665 0.972379
 31 26.336971 0.000019 0.000002 0.130944 -0.012056 0.879360
 32 1.854847 1.227798 13.762341 -3.123746 -0.216243 2.483687
 33 10.456542 -0.000008 0.000004 -0.145205 -0.074937 -1.157981
 34 24.248116 0.000002 -0.000004 -0.009757 -0.039646 0.708564
 35 26.336975 0.000000 0.000004 -0.469100 0.254630 1.000144
time 69
  0 0.000000 0.000000 0.000000 0.000000 -0.000000 -1.570796
  1 0.000000 0.000000 0.000000 0.000000 -0.000000 0.000000
  2 9.394818 -2.678140 18.578184 -1.570605 -0.259884 1.405047
  3 4.222169 -0.467508 0.000000 0.149093 0.002187 -0.176125
  4 4.476987 -0.000002 -0.000000 0.146570 0.156042 -0.088311
  5 4.477083 0.000000 0.000002 -0.022925 0.030598 -0.027427
  6 4.477077 -0.000004 -0.000002 -0.114170 -0.015105 -0.019982
  7 5.413502 -7.700466 -0.000000 0.068544 0.001699 -0.448714
  8 6.890240 0.000002 -0.000000 0.189381 0.000392 -0.148471
  9 8.011925 0.000004 0.000005 0.112750 0.000096 -0.061595
 10 7.210720 -0.000002 -0.000000 -0.127840 0.000035 0.234088
 11 8.581028 -0.304903 -0.000000 -0.347641 0.052168 1.130971
 12 22.523008 2.194031 6.355708 0.000000 -0.000000 0.000000
 13 22.523005 2.194038 -6.355709 0.000000 -0.000000 0.000000
 14 -3.006533 7.804720 -11.355459 -0.375184 0.286330 1.455990
 15 10.384675 0.000008 0.000005 0.203101 0.171841 -1.936571
 16 22.550743 -0.000006 -0.000004 0.024783 0.005730 2.517424
 17 30.814247 -0.000015 -0.000004 2.809987 -0.028741 0.455489
 18 -3.013796 7.815494 11.355459 -0.748253 -0.262690 1.372414
 19 10.374533 -0.000002 0.000007 0.416025 -0.183229 -1.747370
 20 22.550726 -0.000027 -0.000013 -0.259072 -0.013644 2.116720
 21 30.814270 -0.000023 0.000002 -2.474961 -0.429201 0.727453
 22 -4.250660 -0.770624 0.000001 0.000000 0.000000 -2.956405
 23 10.363422 0.000000 0.000000 0.000000 0.075339 0.173305
 24 10.363076 0.000000 -0.000000 -0.000000 0.135399 -0.033759
 25 10.363081 -0.000004 -0.000002 0.090458 -0.018965 0.070990
 26 8.210358 -0.000006 -9.774366 0.000000 0.000000 -0.001291
 27 8.210346 -0.000002 7.704017 0.000000 0.000000 0.102304
 28 1.854841 1.227791 -13.762345 2.300749 0.229037 2.471871
 29 10.456543 -0.000004 0.000004 -0.031478 0.089629 -1.247151
 30 24.248093 0.000001 0.000007 0.117251 0.039351 0.972379
 31 26.336971 0.000019 0.000002 0.104798 -0.010453 0.877095
 32 1.854847 1.227798 13.762341 3.121490 -0.213862 2.483428
 33 10.456542 -0.000008 0.000004 -0.229040 -0.077274 -1.149626
 34 24.248116 0.000002 -0.000004 0.007044 -0.040005 0.682670
 35 26.336975 0.000000 0.000004 -0.493801 0.254630 1.005118
time 70
  0 0.000000 0.000000 0.000000 0.000000 -0.000000 -1.570796
  1 0.000000 0.000000 0.000000 0.000000 -0.000000 0.000000
  2 9.183874 -2.678140 49.176773 -1.570317 -0.259485 1.370344
  3 4.222169 -0.467508 0.000000 0.145773 0.002187 -0.176033
  4 4.476987 -0.000002 -0.000000 0.141321 0.156042 -0.088510
  5 4.477083 0.000000 0.000002 -0.026724 0.030598 -0.027427
  6 4.477077 -0.000004 -0.000002 -0.112900 -0.015105 -0.019670
  7 5.413502 -7.700466 -0.000000 0.032338 0.003313 -0.447750
  8 6.890240 0.000002 -0.000000 0.206339 0.000444 -0.147052
  9 8.011925 0.000004 0.000005 0.192929 0.000000 -0.059778
 10 7.210720 -0.000002 -0.000000 -0.056632 -0.000918 0.227276
 11 8.581028 -0.304903 -0.000000 -0.334804 0.052356 1.168053
 12 22.523008 2.194031 6.355708 0.000000 -0.000000 0.000000
 13 22.523005 2.194038 -6.355709 0.000000 -0.000000 0.000000
 14 -3.006533 7.804720 -11.355459 -0.358201 0.291347 1.455578
 15 10.384675 0.000008 0.000005 0.238510 0.171014 -1.936626
 16 22.550743 -0.000006 -0.000004 0.010966 0.011785 2.469603
 17 30.814247 -0.000015 -0.000004 2.833268 -0.027049 0.458211
 18 -3.013796 7.815494 11.355459 -0.744078 -0.266838 1.345510
 19 10.374533 -0.000002 0.000007 0.479863 -0.181635 -1.736991
 20 22.550726 -0.000027 -0.000013 -0.276271 -0.017001 2.190545
 21 30.814270 -0.000023 0.000002 -2.454018 -0.418949 0.719337
 22 -4.250660 -0.770624 0.000001 0.000000 0.000000 -2.913080
 23 10.363422 0.000000 0.000000 -0.000000 0.064661 0.140163
 24 10.363076 0.000000 -0.000000 0.000000 0.055857 -0.044806
 25 10.363081 -0.000004 -0.000002 0.071916 0.102697 0.060815
 26 8.210358 -0.000006 -7.832901 0.000000 0.000000 -0.005333
 27 8.210346 -0.000002 7.704017 0.000000 0.000000 0.074329
 28 1.854841 1.227791 -13.762345 2.272870 0.220994 2.474121
 29 10.456543 -0.000004 0.000004 -0.071554 0.090270 -1.246065
 30 24.248093 0.000001 0.000007 0.155991 0.041530 0.972379
 31 26.336971 0.000019 0.000002 0.082307 -0.003410 0.876046
 32 1.854847 1.227798 13.762341 3.093196 -0.209183 2.483256
 33 10.456542 -0.000008 0.000004 -0.312705 -0.079946 -1.141428
 34 24.248116 0.000002 -0.000004 0.022175 -0.041300 0.662665
 35 26.336975 0.000000 0.000004 -0.515671 0.254630 1.010148
time 71
  0 0.000000 0.000000 0.000000 0.000000 -0.000000 -1.570796
  1 0.000000 0.000000 0.000000 0.000000 -0.000000 0.000000
  2 8.949492 2.927499 18.066450 -1.570030 -0.259166 1.341872
  3 4.222169 -0.467508 0.000000 0.142178 0.009343 -0.171601
  4 4.476987 -0.000002 -0.000000 0.135580 -0.005214 -0.086002
  5 4.477083 0.000000 0.000002 -0.031002 0.048900 -0.027427
  6 4.477077 -0.000004 -0.000002 -0.111594 0.027910 -0.019374
  7 5.413502 -7.700466 -0.000000 -0.003150 0.009226 -0.446630
  8 6.890240 0.000002 -0.000000 0.212487 -0.000144 -0.140955
  9 8.011925 0.000004 0.000005 0.221257 -0.001230 -0.057260
 10 7.210720 -0.000002 -0.000000 0.021247 -0.012959 0.218078
 11 8.581028 -0.304903 -0.000000 -0.319740 0.069565 1.204751
 12 22.523008 2.194031 6.355708 0.000000 -0.000000 0.000000
 13 22.523005 2.194038 -6.355709 0.000000 -0.000000 0.000000
 14 -3.006533 7.804720 -11.355459 -0.337962 0.293750 1.455166
 15 10.384675 0.000008 0.000005 0.267233 0.165498 -1.936682
 16 22.550743 -0.000006 -0.000004 -0.000069 0.069038 2.419059
 17 30.814247 -0.000015 -0.000004 2.850958 0.138656 0.461219
 18 -3.013796 7.815494 11.355459 -0.731961 -0.325280 1.318321
 19 10.374533 -0.000002 0.000007 0.542756 -0.169442 -1.726786
 20 22.550726 -0.000027 -0.000013 -0.289876 -0.074559 2.263128
 21 30.814270 -0.000023 0.000002 -2.439074 -0.028771 0.706702
 22 -4.250660 -0.770624 0.000001 0.000000 0.000000 -2.876566
 23 10.363422 0.000000 0.000000 0.000000 -0.072227 0.107198
 24 10.363076 0.000000 -0.000000 0.000000 -0.046144 -0.056962
 25 10.363081 -0.000004 -0.000002 0.053473 -0.020628 0.049325
 26 8.210358 -0.000006 -5.793777 0.000000 0.000000 -0.342316
 27 8.210346 -0.000002 7.704017 0.000000 0.000000 0.047880
 28 1.854841 1.227791 -13.762345 2.254357 0.202687 2.959955
 29 10.456543 -0.000004 0.000004 -0.095803 0.091943 -1.245197
 30 24.248093 0.000001 0.000007 0.188132 0.003596 0.972379
 31 26.336971 0.000019 0.000002 0.065514 -0.128996 0.876157
 32 1.854847 1.227798 13.762341 3.075673 -0.201303 2.483170
 33 10.456542 -0.000008 0.000004 -0.363983 -0.069538 -1.133901
 34 24.248116 0.000002 -0.000004 0.035673 0.063817 0.651698
 35 26.336975 0.000000 0.000004 -0.532567 0.254630 1.015234
time 72
  0 0.000000 0.000000 0.000000 0.000000 -0.000000 -1.570796
  1 0.000000 0.000000 0.000000 0.000000 -0.000000 0.000000
  2 8.691671 3.005627 18.171923 -1.569838 -0.258967 1.322603
  3 4.222169 -0.467508 0.000000 0.138355 0.009250 -0.171862
  4 4.476987 -0.000002 -0.000000 0.129420 -0.196112 -0.083915
  5 4.477083 0.000000 0.000002 -0.035676 0.056427 -0.027427
  6 4.477077 -0.000004 -0.000002 -0.110263 0.047022 -0.019016
  7 5.413502 -7.700466 -0.000000 -0.021785 -0.191184 -0.445292
  8 6.890240 0.000002 -0.000000 0.209083 -0.000745 -0.134881
  9 8.011925 0.000004 0.000005 0.243758 -0.001773 -0.053808
 10 7.210720 -0.000002 -0.000000 0.096820 -0.016737 0.207941
 11 8.581028 -0.304903 -0.000000 -0.302403 0.075779 1.239836
 12 22.523008 2.194031 6.355708 0.000000 -0.000000 0.000000
 13 22.523005 2.194038 -6.355709 0.000000 -0.000000 0.000000
 14 -3.006533 7.804720 -11.355459 -0.313545 0.287814 1.454960
 15 10.384675 0.000008 0.000005 0.285349 0.166856 -1.936737
 16 22.550743 -0.000006 -0.000004 -0.007010 0.064188 2.368937
 17 30.814247 -0.000015 -0.000004 2.860830 0.153672 0.464120
 18 -3.013796 7.815494 11.355459 -0.707981 -0.322141 1.291588
 19 10.374533 -0.000002 0.000007 0.585359 -0.174558 -1.716812
 20 22.550726 -0.000027 -0.000013 -0.298231 -0.074834 2.331989
 21 30.814270 -0.000023 0.000002 -2.431707 -0.031536 0.690163
 22 -4.250660 -0.770624 0.000001 0.000000 0.000000 -2.842485
 23 10.363422 0.000000 0.000000 0.000000 -0.066486 0.074255
 24 10.363076 0.000000 -0.000000 -0.000000 -0.047666 -0.070099
 25 10.363081 -0.000004 -0.000002 0.035042 -0.020628 0.036653
 26 8.210358 -0.000006 -3.746839 0.000000 0.000000 -0.339802
 27 8.210346 -0.000002 7.704017 0.000000 0.000000 0.022923
 28 1.854841 1.227791 -13.762345 2.246574 0.198468 2.899317
 29 10.456543 -0.000004 0.000004 -0.114216 0.092263 -1.244242
 30 24.248093 0.000001 0.000007 0.213860 0.001376 0.972379
 31 26.336971 0.000019 0.000002 0.056031 -0.131361 0.877372
 32 1.854847 1.227798 13.762341 3.069156 -0.201495 2.483213
 33 10.456542 -0.000008 0.000004 -0.402475 -0.067061 -1.127674
 34 24.248116 0.000002 -0.000004 0.048097 -0.012944 0.650784
 35 26.336975 0.000000 0.000004 -0.541830 0.254630 1.020264
time 73
  0 0.000000 0.000000 0.000000 0.000000 -0.000000 -1.570796
  1 0.000000 0.000000 0.000000 0.000000 -0.000000 0.000000
  2 8.414319 5.068190 18.187548 -1.569934 -0.258847 1.315605
  3 4.222169 -0.467508 0.000000 0.134364 0.009065 -0.172215
  4 4.476987 -0.000002 -0.000000 0.122937 -0.193713 -0.082251
  5 4.477083 0.000000 0.000002 -0.040698 0.064488 -0.027427
  6 4.477077 -0.000004 -0.000002 -0.108921 0.066285 -0.018596
  7 5.413502 -7.700466 -0.000000 -0.039516 -0.181381 -0.443923
  8 6.890240 0.000002 -0.000000 0.197326 -0.000039 -0.122943
  9 8.011925 0.000004 0.000005 0.264621 -0.002332 -0.049473
 10 7.210720 -0.000002 -0.000000 0.162539 -0.020886 0.198582
 11 8.581028 -0.304903 -0.000000 -0.282953 0.085920 1.263319
 12 22.523008 2.194031 6.355708 0.000000 -0.000000 0.000000
 13 22.523005 2.194038 -6.355709 0.000000 -0.000000 0.000000
 14 -3.006533 7.804720 -11.355459 -0.284028 0.285235 1.454891
 15 10.384675 0.000008 0.000005 0.288972 0.168256 -1.936904
 16 22.550743 -0.000006 -0.000004 -0.008066 0.058218 2.321661
 17 30.814247 -0.000015 -0.000004 2.860699 0.167935 0.466448
 18 -3.013796 7.815494 11.355459 -0.669746 -0.319115 1.265368
 19 10.374533 -0.000002 0.000007 0.590280 0.264378 -1.913150
 20 22.550726 -0.000027 -0.000013 -0.299252 -0.075973 2.395081
 21 30.814270 -0.000023 0.000002 -2.433286 -0.038411 0.670471
 22 -4.250660 -0.770624 0.000001 0.000000 0.000000 -2.812603
 23 10.363422 0.000000 0.000000 0.000000 -0.050990 0.041466
 24 10.363076 0.000000 -0.000000 0.000000 -0.041470 -0.083985
 25 10.363081 -0.000004 -0.000002 0.016698 -0.022462 0.022961
 26 8.210358 -0.000006 -1.809280 0.000000 0.000000 -0.324957
 27 8.210346 -0.000002 7.704017 0.000000 0.000000 -0.000509
 28 1.854841 1.227791 -13.762345 2.250575 0.194052 2.844153
 29 10.456543 -0.000004 0.000004 -0.122357 0.092619 -1.243330
 30 24.248093 0.000001 0.000007 0.232582 -0.001085 0.972379
 31 26.336971 0.000019 0.000002 0.053899 -0.133647 0.879526
 32 1.854847 1.227798 13.762341 3.073985 0.021779 2.483342
 33 10.456542 -0.000008 0.000004 -0.418991 -0.038425 -1.122984
 34 24.248116 0.000002 -0.000004 0.049198 -0.035463 0.658400
 35 26.336975 0.000000 0.000004 -0.542601 0.254630 1.025238
time 74
  0 0.000000 0.000000 0.000000 0.000000 -0.000000 -1.570796
  1 0.000000 0.000000 0.000000 0.000000 -0.000000 0.000000
  2 8.082278 -2.162500 18.168016 -1.570221 -0.258807 1.320878
  3 4.222169 -0.467508 0.000000 0.130229 0.008787 -0.172613
  4 4.476987 -0.000002 -0.000000 0.116141 -0.191293 -0.080963
  5 4.477083 0.000000 0.000002 -0.046043 -0.001483 -0.027427
  6 4.477077 -0.000004 -0.000002 -0.107567 0.085509 -0.018051
  7 5.413502 -7.700466 -0.000000 -0.040499 -0.171203 -0.442522
  8 6.890240 0.000002 -0.000000 0.182825 -0.000379 -0.110679
  9 8.011925 0.000004 0.000005 0.283415 -0.002876 -0.044671
 10 7.210720 -0.000002 -0.000000 0.218731 -0.025300 0.189974
 11 8.581028 -0.304903 -0.000000 -0.261160 0.096487 1.285856
 12 22.523008 2.194031 6.355708 0.000000 -0.000000 0.000000
 13 22.523005 2.194038 -6.355709 0.000000 -0.000000 0.000000
 14 -3.006533 7.804720 -11.355459 -0.247403 0.255169 1.455029
 15 10.384675 0.000008 0.000005 0.274554 0.169571 -1.937126
 16 22.550743 -0.000006 -0.000004 -0.003012 0.050786 2.280499
 17 30.814247 -0.000015 -0.000004 2.848600 0.181258 0.468131
 18 -3.013796 7.815494 11.355459 -0.618833 -0.316686 1.240060
 19 10.374533 -0.000002 0.000007 0.563855 0.247866 -1.918021
 20 22.550726 -0.000027 -0.000013 -0.292695 -0.078132 2.450232
 21 30.814270 -0.000023 0.000002 -2.445283 -0.048565 0.648047
 22 -4.250660 -0.770624 0.000001 0.000000 0.000000 -2.788943
 23 10.363422 0.000000 0.000000 -0.000000 -0.029862 0.008369
 24 10.363076 0.000000 -0.000000 0.000000 -0.014457 -0.083985
 25 10.363081 -0.000004 -0.000002 -0.001819 -0.025435 0.008490
 26 8.210358 -0.000006 -0.133448 0.000000 0.000000 -0.281985
 27 8.210346 -0.000002 7.704017 0.000000 0.000000 -0.022482
 28 1.854841 1.227791 -13.762345 2.267901 0.189488 2.744164
 29 10.456543 -0.000004 0.000004 -0.120750 0.092975 -1.242375
 30 24.248093 0.000001 0.000007 0.223981 -0.003728 0.972379
 31 26.336971 0.000019 0.000002 0.058858 0.154760 0.882618
 32 1.854847 1.227798 13.762341 3.090630 -0.183846 2.822477
 33 10.456542 -0.000008 0.000004 -0.414752 -0.037897 -1.119831
 34 24.248116 0.000002 -0.000004 0.048200 -0.037381 0.673175
 35 26.336975 0.000000 0.000004 -0.536169 0.254630 1.030042
time 75
  0 0.000000 0.000000 0.000000 0.000000 -0.000000 -1.570796
  1 0.000000 0.000000 0.000000 0.000000 -0.000000 0.000000
  2 7.679922 -2.928148 18.050825 -1.570797 -0.258727 1.335545
  3 4.222169 -0.467508 0.000000 0.125999 0.008416 -0.173104
  4 4.476987 -0.000002 -0.000000 0.109130 -0.188894 -0.079987
  5 4.477083 0.000000 0.000002 -0.051640 0.006594 -0.027427
  6 4.477077 -0.000004 -0.000002 -0.106225 -0.032620 -0.017334
  7 5.413502 -7.700466 -0.000000 -0.040898 -0.160838 -0.441122
  8 6.890240 0.000002 -0.000000 0.166178 -0.000405 -0.097391
  9 8.011925 0.000004 0.000005 0.278831 -0.003467 -0.039973
 10 7.210720 -0.000002 -0.000000 0.266304 -0.029996 0.182089
 11 8.581028 -0.304903 -0.000000 -0.237186 0.107447 1.308323
 12 22.523008 2.194031 6.355708 0.000000 -0.000000 0.000000
 13 22.523005 2.194038 -6.355709 0.000000 -0.000000 0.000000
 14 -3.006533 7.804720 -11.355459 -0.187988 0.255134 1.454960
 15 10.384675 0.000008 0.000005 0.247288 0.170696 -1.937459
 16 22.550743 -0.000006 -0.000004 0.006903 -0.132909 2.248477
 17 30.814247 -0.000015 -0.000004 2.827110 0.193609 0.469527
 18 -3.013796 7.815494 11.355459 -0.558756 -0.314929 1.215721
 19 10.374533 -0.000002 0.000007 0.518488 0.221986 -1.918021
 20 22.550726 -0.000027 -0.000013 -0.280132 -0.081489 2.495085
 21 30.814270 -0.000023 0.000002 -2.467314 -0.061116 0.623642
 22 -4.250660 -0.770624 0.000001 0.000000 0.000000 -2.773323
 23 10.363422 0.000000 0.000000 -0.000000 -0.007247 -0.024860
 24 10.363076 0.000000 -0.000000 0.000000 0.014606 -0.083985
 25 10.363081 -0.000004 -0.000002 -0.020410 -0.151395 -0.006733
 26 8.210358 -0.000006 1.151748 0.000000 0.000000 -0.213332
 27 8.210346 -0.000002 7.704017 0.000000 0.000000 -0.041573
 28 1.854841 1.227791 -13.762345 2.299650 0.184874 2.613947
 29 10.456543 -0.000004 0.000004 -0.111054 0.093348 -1.241376
 30 24.248093 0.000001 0.000007 0.214565 0.191935 0.972379
 31 26.336971 0.000019 0.000002 0.070691 -0.032527 1.408039
 32 1.854847 1.227798 13.762341 3.119666 -0.185707 2.799989
 33 10.456542 -0.000008 0.000004 -0.393488 -0.037396 -1.118057
 34 24.248116 0.000002 -0.000004 0.045402 -0.039346 0.693738
 35 26.336975 0.000000 0.000004 -0.523690 0.254630 1.034676
time 76
  0 0.000000 0.000000 0.000000 0.000000 -0.000000 -1.570796
  1 0.000000 0.000000 0.000000 0.000000 -0.000000 0.000000
  2 7.222877 5.435388 18.011761 -1.571851 -0.258568 1.357594
  3 4.222169 -0.467508 0.000000 0.121744 0.007989 -0.173641
  4 4.476987 -0.000002 -0.000000 0.101988 -0.186560 -0.079276
  5 4.477083 0.000000 0.000002 -0.057428 0.156240 -0.027427
  6 4.477077 -0.000004 -0.000002 -0.104918 -0.033841 -0.016307
  7 5.413502 -7.700466 -0.000000 -0.041190 0.034951 -0.439722
  8 6.890240 0.000002 -0.000000 0.147590 -0.000157 -0.085452
  9 8.011925 0.000004 0.000005 0.268498 -0.004106 -0.035898
 10 7.210720 -0.000002 -0.000000 0.306410 -0.034886 0.174768
 11 8.581028 -0.304903 -0.000000 -0.211031 0.118971 1.329739
 12 22.523008 2.194031 6.355708 0.000000 -0.000000 0.000000
 13 22.523005 2.194038 -6.355709 0.000000 -0.000000 0.000000
 14 -3.006533 7.804720 -11.355459 -0.127651 0.254851 1.454685
 15 10.384675 0.000008 0.000005 0.217071 0.171502 -1.937793
 16 22.550743 -0.000006 -0.000004 0.020369 -0.144187 2.224022
 17 30.814247 -0.000015 -0.000004 2.801339 0.205113 0.470100
 18 -3.013796 7.815494 11.355459 -0.492722 -0.313472 1.192464
 19 10.374533 -0.000002 0.000007 0.465235 0.188863 -1.917325
 20 22.550726 -0.000027 -0.000013 -0.263096 -0.085984 2.528089
 21 30.814270 -0.000023 0.000002 -2.496851 -0.075112 0.597926
 22 -4.250660 -0.770624 0.000001 0.000000 0.000000 -2.767613
 23 10.363422 0.000000 0.000000 -0.000000 0.013031 -0.058001
 24 10.363076 0.000000 -0.000000 -0.000000 0.040684 -0.083985
 25 10.363081 -0.000004 -0.000002 -0.038952 -0.159360 -0.022465
 26 8.210358 -0.000006 1.901771 0.000000 0.000000 -0.154088
 27 8.210346 -0.000002 7.704017 0.000000 0.000000 -0.038623
 28 1.854841 1.227791 -13.762345 2.339797 0.172883 2.479534
 29 10.456543 -0.000004 0.000004 -0.095069 0.234032 -1.240377
 30 24.248093 0.000001 0.000007 0.204110 0.037474 0.972379
 31 26.336971 0.000019 0.000002 0.088789 -0.028612 0.595442
 32 1.854847 1.227798 13.762341 -3.122024 -0.189264 2.758243
 33 10.456542 -0.000008 0.000004 -0.358896 0.132192 -1.117427
 34 24.248116 0.000002 -0.000004 0.040492 -0.041455 0.718718
 35 26.336975 0.000000 0.000004 -0.506322 0.254630 1.039141
time 77
  0 0.000000 0.000000 0.000000 0.000000 -0.000000 -1.570796
  1 0.000000 0.000000 0.000000 0.000000 -0.000000 0.000000
  2 6.730674 6.564329 17.832067 -1.572810 -0.258448 1.385107
  3 4.222169 -0.467508 0.000000 0.117490 0.007507 -0.174223
  4 4.476987 -0.000002 -0.000000 0.094773 -0.184289 -0.078788
  5 4.477083 0.000000 0.000002 -0.063361 -0.080651 -0.027427
  6 4.477077 -0.000004 -0.000002 -0.103648 -0.034386 -0.014267
  7 5.413502 -7.700466 -0.000000 -0.041283 0.003432 -0.438477
  8 6.890240 0.000002 -0.000000 0.117185 0.000235 -0.074352
  9 8.011925 0.000004 0.000005 0.253187 -0.004809 -0.032446
 10 7.210720 -0.000002 -0.000000 0.340203 -0.039900 0.168064
 11 8.581028 -0.304903 -0.000000 -0.182763 0.131007 1.340359
 12 22.523008 2.194031 6.355708 0.000000 -0.000000 0.000000
 13 22.523005 2.194038 -6.355709 0.000000 -0.000000 0.000000
 14 -3.006533 7.804720 -11.355459 -0.067098 0.254604 1.454960
 15 10.384675 0.000008 0.000005 0.184463 0.171926 -1.937959
 16 22.550743 -0.000006 -0.000004 0.036138 -0.155064 2.202654
 17 30.814247 -0.000015 -0.000004 2.771812 0.215991 0.463547
 18 -3.013796 7.815494 11.355459 -0.423735 -0.312874 1.170063
 19 10.374533 -0.000002 0.000007 0.408947 0.150856 -1.918021
 20 22.550726 -0.000027 -0.000013 -0.243139 -0.090912 2.548375
 21 30.814270 -0.000023 0.000002 -2.531967 -0.089670 0.571541
 22 -4.250660 -0.770624 0.000001 0.000000 0.000000 -2.773605
 23 10.363422 0.000000 0.000000 0.000000 0.030121 -0.089250
 24 10.363076 0.000000 -0.000000 -0.000000 0.059992 -0.083985
 25 10.363081 -0.000004 -0.000002 -0.056434 -0.166631 -0.038573
 26 8.210358 -0.000006 2.218187 0.000000 0.000000 -0.111524
 27 8.210346 -0.000002 7.704017 0.000000 0.000000 -0.032248
 28 1.854841 1.227791 -13.762345 2.383419 0.175005 2.342810
 29 10.456543 -0.000004 0.000004 -0.074524 0.087281 -0.898147
 30 24.248093 0.000001 0.000007 0.171042 0.037858 0.972379
 31 26.336971 0.000019 0.000002 0.111846 -0.020229 0.578598
 32 1.854847 1.227798 13.762341 -3.070096 -0.192930 2.681817
 33 10.456542 -0.000008 0.000004 -0.314808 -0.107023 -1.117348
 34 24.248116 0.000002 -0.000004 0.026683 -0.043780 0.746491
 35 26.336975 0.000000 0.000004 -0.485224 0.254630 1.043323
time 78
  0 0.000000 0.000000 0.000000 0.000000 -0.000000 -1.570796
  1 0.000000 0.000000 0.000000 0.000000 -0.000000 0.000000
  2 6.222846 7.759678 18.043013 -1.572810 -0.258368 1.415975
  3 4.222169 -0.467508 0.000000 0.113331 0.006988 -0.174837
  4 4.476987 -0.000002 -0.000000 0.087618 -0.182105 -0.076524
  5 4.477083 0.000000 0.000002 -0.069341 -0.063254 -0.027427
  6 4.477077 -0.000004 -0.000002 -0.102425 -0.034537 -0.012756
  7 5.413502 -7.700466 -0.000000 -0.041137 0.000102 -0.436766
  8 6.890240 0.000002 -0.000000 0.073082 0.000640 -0.064136
  9 8.011925 0.000004 0.000005 0.231944 -0.005559 -0.029539
 10 7.210720 -0.000002 -0.000000 0.368587 -0.044967 0.161869
 11 8.581028 -0.304903 -0.000000 -0.152543 0.143128 1.349226
 12 22.523008 2.194031 6.355708 0.000000 -0.000000 0.000000
 13 22.523005 2.194038 -6.355709 0.000000 -0.000000 0.000000
 14 -3.006533 7.804720 -11.355459 -0.006490 0.254427 1.455235
 15 10.384675 0.000008 0.000005 0.150473 0.172075 -1.938015
 16 22.550743 -0.000006 -0.000004 0.052770 -0.161061 2.187157
 17 30.814247 -0.000015 -0.000004 2.739183 0.226618 0.456420
 18 -3.013796 7.815494 11.355459 -0.353374 -0.319712 1.148460
 19 10.374533 -0.000002 0.000007 0.353132 0.108265 -1.918021
 20 22.550726 -0.000027 -0.000013 -0.221956 -0.095447 2.561713
 21 30.814270 -0.000023 0.000002 -2.570766 -0.103836 0.545267
 22 -4.250660 -0.770624 0.000001 0.000000 0.000000 -2.930876
 23 10.363422 0.000000 0.000000 -0.000000 0.046073 -0.116361
 24 10.363076 0.000000 -0.000000 0.000000 0.069136 -0.083985
 25 10.363081 -0.000004 -0.000002 -0.071603 -0.172239 -0.054870
 26 8.210358 -0.000006 2.386161 0.000000 0.000000 -0.063252
 27 8.210346 -0.000002 7.704017 0.000000 0.000000 -0.022617
 28 1.854841 1.227791 -13.762345 2.434692 0.175844 2.203045
 29 10.456543 -0.000004 0.000004 -0.051324 0.088170 -1.399943
 30 24.248093 0.000001 0.000007 0.138938 0.039270 0.972379
 31 26.336971 0.000019 0.000002 0.137904 -0.008430 0.534859
 32 1.854847 1.227798 13.762341 -3.010572 -0.195967 2.582171
 33 10.456542 -0.000008 0.000004 -0.265260 -0.109806 -1.158690
 34 24.248116 0.000002 -0.000004 0.013431 -0.046381 0.776041
 35 26.336975 0.000000 0.000004 -0.461767 0.254630 1.047279
time 79
  0 0.000000 0.000000 0.000000 0.000000 -0.000000 -1.570796
  1 0.000000 0.000000 0.000000 0.000000 -0.000000 0.000000
  2 5.715018 9.021435 17.941446 -1.572235 -0.258368 1.448569
  3 4.222169 -0.467508 0.000000 0.109256 0.006414 -0.175481
  4 4.476987 -0.000002 -0.000000 0.080487 -0.180049 -0.073461
  5 4.477083 0.000000 0.000002 -0.075381 -0.045760 -0.027427
  6 4.477077 -0.000004 -0.000002 -0.101275 -0.034668 -0.011541
  7 5.413502 -7.700466 -0.000000 -0.040685 0.001189 -0.434775
  8 6.890240 0.000002 -0.000000 0.029842 0.000915 -0.059761
  9 8.011925 0.000004 0.000005 0.185569 -0.006358 -0.027151
 10 7.210720 -0.000002 -0.000000 0.392360 -0.050017 0.156157
 11 8.581028 -0.304903 -0.000000 -0.120118 0.155266 1.356587
 12 22.523008 2.194031 6.355708 0.000000 -0.000000 0.000000
 13 22.523005 2.194038 -6.355709 0.000000 -0.000000 0.000000
 14 -3.006533 7.804720 -11.355459 0.054444 0.254250 1.455441
 15 10.384675 0.000008 0.000005 0.115550 0.172075 -1.937904
 16 22.550743 -0.000006 -0.000004 0.069163 -0.166428 2.211128
 17 30.814247 -0.000015 -0.000004 2.703716 0.237151 0.449258
 18 -3.013796 7.815494 11.355459 -0.281841 -0.327149 1.136547
 19 10.374533 -0.000002 0.000007 0.300485 0.060624 -1.913962
 20 22.550726 -0.000027 -0.000013 -0.200916 -0.098961 2.575485
 21 30.814270 -0.000023 0.000002 -2.611880 0.112013 0.510403
 22 -4.250660 -0.770624 0.000001 0.000000 0.000000 -2.981858
 23 10.363422 0.000000 0.000000 -0.000000 0.060059 -0.137553
 24 10.363076 0.000000 -0.000000 0.000000 0.071125 -0.083985
 25 10.363081 -0.000004 -0.000002 -0.083459 -0.175012 -0.071086
 26 8.210358 -0.000006 2.397880 0.000000 0.000000 0.070522
 27 8.210346 -0.000002 7.704017 0.000000 0.000000 -0.010410
 28 1.854841 1.227791 -13.762345 2.492606 0.175425 2.063522
 29 10.456543 -0.000004 0.000004 -0.026744 0.089540 -1.372155
 30 24.248093 0.000001 0.000007 0.108354 0.040985 0.972379
 31 26.336971 0.000019 0.000002 0.165573 0.005629 0.473172
 32 1.854847 1.227798 13.762341 -2.945848 -0.198184 2.479465
 33 10.456542 -0.000008 0.000004 -0.212965 -0.112645 -1.231561
 34 24.248116 0.000002 -0.000004 0.000930 -0.049233 0.805794
 35 26.336975 0.000000 0.000004 -0.436809 0.254630 1.050953
time 80
  0 0.000000 0.000000 0.000000 0.000000 -0.000000 -1.570796
  1 0.000000 0.000000 0.000000 0.000000 -0.000000 0.000000
  2 5.222816 10.439447 17.933634 -1.571372 -0.258488 1.480971
  3 4.222169 -0.467508 0.000000 0.105325 0.005820 -0.176140
  4 4.476987 -0.000002 -0.000000 0.073512 -0.178100 -0.068444
  5 4.477083 0.000000 0.000002 -0.081410 -0.028088 -0.027427
  6 4.477077 -0.000004 -0.000002 -0.100184 0.135121 -0.010311
  7 5.413502 -7.700466 -0.000000 -0.039875 0.002277 -0.434837
  8 6.890240 0.000002 -0.000000 -0.012476 0.001176 -0.056293
  9 8.011925 0.000004 0.000005 0.140345 -0.007157 -0.025204
 10 7.210720 -0.000002 -0.000000 0.411741 -0.055031 0.150847
 11 8.581028 -0.304903 -0.000000 -0.085834 0.167370 1.361564
 12 22.523008 2.194031 6.355708 0.000000 -0.000000 0.000000
 13 22.523005 2.194038 -6.355709 0.000000 -0.000000 0.000000
 14 -3.006533 7.804720 -11.355459 0.114618 0.254180 1.455647
 15 10.384675 0.000008 0.000005 0.080851 0.172054 -1.937959
 16 22.550743 -0.000006 -0.000004 0.083924 -0.171565 2.237884
 17 30.814247 -0.000015 -0.000004 2.666458 0.247308 0.442024
 18 -3.013796 7.815494 11.355459 -0.210462 -0.334622 1.125888
 19 10.374533 -0.000002 0.000007 0.254646 0.010591 -1.456052
 20 22.550726 -0.000027 -0.000013 -0.181694 -0.101630 2.595647
 21 30.814270 -0.000023 0.000002 -2.653485 0.112136 0.563034
 22 -4.250660 -0.770624 0.000001 0.000000 0.000000 -2.983804
 23 10.363422 0.000000 0.000000 -0.000000 0.071133 -0.150515
 24 10.363076 0.000000 -0.000000 0.000000 0.073354 -0.083985
 25 10.363081 -0.000004 -0.000002 -0.090711 -0.173872 -0.087274
 26 8.210358 -0.000006 2.265063 0.000000 0.000000 0.006862
 27 8.210346 -0.000002 7.704017 0.000000 0.000000 0.001967
 28 1.854841 1.227791 -13.762345 2.553597 0.175005 1.979104
 29 10.456543 -0.000004 0.000004 -0.001482 0.090946 -1.334597
 30 24.248093 0.000001 0.000007 0.079438 0.043608 0.972379
 31 26.336971 0.000019 0.000002 0.193024 0.020345 0.402538
 32 1.854847 1.227798 13.762341 -2.879605 -0.199634 2.375079
 33 10.456542 -0.000008 0.000004 -0.159550 -0.151327 -1.239285
 34 24.248116 0.000002 -0.000004 -0.010768 -0.052337 0.834379
 35 26.336975 0.000000 0.000004 -0.411680 0.254630 1.054457
time 81
  0 0.000000 0.000000 0.000000 0.000000 -0.000000 -1.570796
  1 0.000000 0.000000 0.000000 0.000000 -0.000000 0.000000
  2 4.769677 12.099655 18.007854 -1.570413 -0.258727 1.511169
  3 4.222169 -0.467508 0.000000 0.101610 0.005209 -0.176784
  4 4.476987 -0.000002 -0.000000 0.066765 -0.176343 -0.063228
  5 4.477083 0.000000 0.000002 -0.087342 0.019161 -0.027427
  6 4.477077 -0.000004 -0.000002 -0.099202 -0.060658 0.116204
  7 5.413502 -7.700466 -0.000000 -0.038652 0.135368 -0.433841
  8 6.890240 0.000002 -0.000000 -0.052133 0.001490 -0.053710
  9 8.011925 0.000004 0.000005 0.097388 -0.007988 -0.023672
 10 7.210720 -0.000002 -0.000000 0.427113 -0.059956 0.145832
 11 8.581028 -0.304903 -0.000000 -0.050676 0.179320 1.122874
 12 22.523008 2.194031 6.355708 0.000000 -0.000000 0.000000
 13 22.523005 2.194038 -6.355709 0.000000 -0.000000 0.000000
 14 -3.006533 7.804720 -11.355459 0.174141 0.254109 1.455784
 15 10.384675 0.000008 0.000005 0.047309 0.171884 -1.938181
 16 22.550743 -0.000006 -0.000004 0.095966 -0.176386 2.264518
 17 30.814247 -0.000015 -0.000004 2.629549 0.256336 0.434683
 18 -3.013796 7.815494 11.355459 -0.140304 -0.342170 1.115685
 19 10.374533 -0.000002 0.000007 0.218986 -0.039177 -1.920225
 20 22.550726 -0.000027 -0.000013 -0.165638 -0.103849 2.623254
 21 30.814270 -0.000023 0.000002 -2.693898 0.111279 0.610226
 22 -4.250660 -0.770624 0.000001 0.000000 0.000000 -2.983701
 23 10.363422 0.000000 0.000000 -0.000000 0.078443 -0.153310
 24 10.363076 0.000000 -0.000000 0.000000 0.075548 -0.083985
 25 10.363081 -0.000004 -0.000002 -0.092274 -0.167155 -0.103141
 26 8.210358 -0.000006 1.999430 0.000000 0.000000 0.000204
 27 8.210346 -0.000002 7.704017 0.000000 0.000000 0.014581
 28 1.854841 1.227791 -13.762345 2.614280 0.174684 1.914999
 29 10.456543 -0.000004 0.000004 0.024129 0.092263 -1.287357
 30 24.248093 0.000001 0.000007 0.052153 0.047099 0.972379
 31 26.336971 0.000019 0.000002 0.218473 0.034010 0.332235
 32 1.854847 1.227798 13.762341 -2.815387 -0.200236 2.268582
 33 10.456542 -0.000008 0.000004 -0.105695 -0.152301 -1.236763
 34 24.248116 0.000002 -0.000004 -0.021662 -0.055621 0.860375
 35 26.336975 0.000000 0.000004 -0.387536 0.254630 1.057735
time 82
  0 0.000000 0.000000 0.000000 0.000000 -0.000000 -1.570796
  1 0.000000 0.000000 0.000000 0.000000 -0.000000 0.000000
  2 4.371227 13.947367 18.125046 -1.569551 -0.259166 1.537244
  3 4.222169 -0.467508 0.000000 0.098159 0.004597 -0.177443
  4 4.476987 -0.000002 -0.000000 0.060305 -0.174758 -0.057834
  5 4.477083 0.000000 0.000002 -0.093155 0.066960 -0.027427
  6 4.477077 -0.000004 -0.000002 -0.098315 -0.060527 -0.185118
  7 5.413502 -7.700466 -0.000000 -0.036924 0.000051 -0.205892
  8 6.890240 0.000002 -0.000000 -0.085965 0.001621 -0.052291
  9 8.011925 0.000004 0.000005 0.056631 -0.008818 -0.022453
 10 7.210720 -0.000002 -0.000000 0.438862 -0.064829 0.141032
 11 8.581028 -0.304903 -0.000000 -0.015818 0.191168 1.057646
 12 22.523008 2.194031 6.355708 0.000000 -0.000000 0.000000
 13 22.523005 2.194038 -6.355709 0.000000 -0.000000 0.000000
 14 -3.006533 7.804720 -11.355459 0.232796 0.254109 1.455853
 15 10.384675 0.000008 0.000005 0.017167 0.171735 -1.937959
 16 22.550743 -0.000006 -0.000004 0.104986 -0.180978 2.291153
 17 30.814247 -0.000015 -0.000004 2.595479 0.263483 0.427198
 18 -3.013796 7.815494 11.355459 -0.072386 -0.349830 1.106109
 19 10.374533 -0.000002 0.000007 0.191752 -0.088911 -1.920225
 20 22.550726 -0.000027 -0.000013 -0.153382 -0.105930 2.657312
 21 30.814270 -0.000023 0.000002 -2.731539 0.108466 0.649999
 22 -4.250660 -0.770624 0.000001 0.000000 0.000000 -2.983599
 23 10.363422 0.000000 0.000000 -0.000000 0.081116 -0.141932
 24 10.363076 0.000000 -0.000000 0.000000 0.077693 -0.083985
 25 10.363081 -0.000004 -0.000002 -0.085909 -0.147697 -0.118525
 26 8.210358 -0.000006 1.616606 0.000000 0.000000 0.002378
 27 8.210346 -0.000002 7.704017 0.000000 0.000000 0.027365
 28 1.854841 1.227791 -13.762345 2.670962 0.174709 1.886656
 29 10.456543 -0.000004 0.000004 0.049688 0.093491 -1.238120
 30 24.248093 0.000001 0.000007 0.026536 0.047099 0.972379
 31 26.336971 0.000019 0.000002 0.240225 0.044574 0.270161
 32 1.854847 1.227798 13.762341 -2.756876 -0.199962 2.162301
 33 10.456542 -0.000008 0.000004 -0.052416 -0.153219 -1.234241
 34 24.248116 0.000002 -0.000004 -0.031728 -0.059073 0.881192
 35 26.336975 0.000000 0.000004 -0.365580 0.254630 1.060787
time 83
  0 0.000000 0.000000 0.000000 0.000000 -0.000000 -1.570796
  1 0.000000 0.000000 0.000000 0.000000 -0.000000 0.000000
  2 4.050905 -2.162500 18.246143 -1.568975 -0.259804 1.556992
  3 4.222169 -0.467508 0.000000 0.095007 0.003967 -0.178057
  4 4.476987 -0.000002 -0.000000 0.054253 -0.173388 -0.052218
  5 4.477083 0.000000 0.000002 -0.098739 0.066960 -0.027427
  6 4.477077 -0.000004 -0.000002 -0.097548 -0.060057 -0.178639
  7 5.413502 -7.700466 -0.000000 -0.033747 0.000510 -0.656470
  8 6.890240 0.000002 -0.000000 -0.101450 0.001830 -0.053850
  9 8.011925 0.000004 0.000005 0.018191 -0.009649 -0.021518
 10 7.210720 -0.000002 -0.000000 0.447372 -0.069702 0.136446
 11 8.581028 -0.304903 -0.000000 0.017479 0.202299 1.050776
 12 22.523008 2.194031 6.355708 0.000000 -0.000000 0.000000
 13 22.523005 2.194038 -6.355709 0.000000 -0.000000 0.000000
 14 -3.006533 7.804720 -11.355459 0.290202 0.254144 1.455921
 15 10.384675 0.000008 0.000005 -0.002742 0.171629 -1.937737
 16 22.550743 -0.000006 -0.000004 0.110936 -0.185369 2.318090
 17 30.814247 -0.000015 -0.000004 2.566694 0.268812 0.419606
 18 -3.013796 7.815494 11.355459 -0.007982 -0.357640 1.096989
 19 10.374533 -0.000002 0.000007 0.167957 -0.138412 -1.927125
 20 22.550726 -0.000027 -0.000013 -0.145313 -0.108325 2.697264
 21 30.814270 -0.000023 0.000002 -2.764585 0.102814 0.687123
 22 -4.250660 -0.770624 0.000001 0.000000 0.000000 -2.780723
 23 10.363422 0.000000 0.000000 0.000000 0.078311 -0.092331
 24 10.363076 0.000000 -0.000000 0.000000 0.079802 -0.083985
 25 10.363081 -0.000004 -0.000002 -0.058158 -0.116608 -0.133291
 26 8.210358 -0.000006 1.124403 0.000000 0.000000 0.004552
 27 8.210346 -0.000002 7.704017 0.000000 0.000000 0.040250
 28 1.854841 1.227791 -13.762345 2.719861 0.175104 1.892252
 29 10.456543 -0.000004 0.000004 0.073238 0.094665 -1.188231
 30 24.248093 0.000001 0.000007 0.002513 0.047099 0.972379
 31 26.336971 0.000019 0.000002 0.256582 0.051380 0.223881
 32 1.854847 1.227798 13.762341 -2.707885 -0.199661 2.097162
 33 10.456542 -0.000008 0.000004 -0.003309 -0.154082 -0.925535
 34 24.248116 0.000002 -0.000004 -0.041003 -0.062584 0.890635
 35 26.336975 0.000000 0.000004 -0.347998 0.254630 1.063669
time 84
  0 0.000000 0.000000 0.000000 0.000000 -0.000000 -1.570796
  1 0.000000 0.000000 0.000000 0.000000 -0.000000 0.000000
  2 3.816523 -2.928148 18.328176 -1.569071 -0.260682 1.568592
  3 4.222169 -0.467508 0.000000 0.092202 0.003355 -0.178655
  4 4.476987 -0.000002 -0.000000 0.048596 -0.172252 -0.046380
  5 4.477083 0.000000 0.000002 -0.104108 0.066960 -0.027427
  6 4.477077 -0.000004 -0.000002 -0.096913 -0.059192 -0.169358
  7 5.413502 -7.700466 -0.000000 -0.027925 0.000578 -0.654479
  8 6.890240 0.000002 -0.000000 -0.116071 0.002130 -0.055758
  9 8.011925 0.000004 0.000005 -0.017576 -0.010496 -0.020791
 10 7.210720 -0.000002 -0.000000 0.453110 -0.074645 0.132021
 11 8.581028 -0.304903 -0.000000 0.048526 0.207455 1.053020
 12 22.523008 2.194031 6.355708 0.000000 -0.000000 0.000000
 13 22.523005 2.194038 -6.355709 0.000000 -0.000000 0.000000
 14 -3.006533 7.804720 -11.355459 0.347012 0.254215 1.455990
 15 10.384675 0.000008 0.000005 -0.005057 0.171523 -1.937570
 16 22.550743 -0.000006 -0.000004 0.113286 -0.188927 2.345087
 17 30.814247 -0.000015 -0.000004 2.544680 0.272386 0.411405
 18 -3.013796 7.815494 11.355459 0.052554 -0.365562 1.088268
 19 10.374533 -0.000002 0.000007 0.150700 -0.188379 -1.938316
 20 22.550726 -0.000027 -0.000013 -0.142127 -0.110720 2.742303
 21 30.814270 -0.000023 0.000002 -2.791772 0.093394 0.719672
 22 -4.250660 -0.770624 0.000001 0.000000 0.000000 -2.979963
 23 10.363422 0.000000 0.000000 0.000000 0.004702 -0.038966
 24 10.363076 0.000000 -0.000000 -0.000000 0.081864 -0.083985
 25 10.363081 -0.000004 -0.000002 -0.028302 -0.089801 -0.147198
 26 8.210358 -0.000006 0.546261 0.000000 0.000000 0.270639
 27 8.210346 -0.000002 7.704017 0.000000 0.000000 0.053170
 28 1.854841 1.227791 -13.762345 2.758074 0.175597 1.926008
 29 10.456543 -0.000004 0.000004 0.089397 0.095733 -1.138472
 30 24.248093 0.000001 0.000007 -0.018358 0.047099 0.972379
 31 26.336971 0.000019 0.000002 0.266023 0.054113 0.195219
 32 1.854847 1.227798 13.762341 -2.671151 -0.199442 2.048265
 33 10.456542 -0.000008 0.000004 0.035217 -0.154917 -1.240271
 34 24.248116 0.000002 -0.000004 -0.048918 -0.066132 0.889975
 35 26.336975 0.000000 0.000004 -0.340022 0.254630 1.066382
time 85
  0 0.000000 0.000000 0.000000 0.000000 -0.000000 -1.570796
  1 0.000000 0.000000 0.000000 0.000000 -0.000000 0.000000
  2 3.691519 -2.678140 18.406305 -1.570030 -0.261799 1.570221
  3 4.222169 -0.467508 0.000000 0.089781 0.002725 -0.179191
  4 4.476987 -0.000002 -0.000000 0.043443 -0.171353 -0.040253
  5 4.477083 0.000000 0.000002 -0.109178 0.066960 -0.027427
  6 4.477077 -0.000004 -0.000002 -0.096409 -0.057877 -0.156105
  7 5.413502 -7.700466 -0.000000 -0.019525 0.000493 -0.652301
  8 6.890240 0.000002 -0.000000 -0.130848 0.002536 -0.057969
  9 8.011925 0.000004 0.000005 -0.041137 -0.011295 -0.020194
 10 7.210720 -0.000002 -0.000000 0.456404 -0.079765 0.127731
 11 8.581028 -0.304903 -0.000000 0.075945 -0.151142 1.055263
 12 22.523008 2.194031 6.355708 0.000000 -0.000000 0.000000
 13 22.523005 2.194038 -6.355709 0.000000 -0.000000 0.000000
 14 -3.006533 7.804720 -11.355459 0.401326 0.551837 1.456059
 15 10.384675 0.000008 0.000005 0.005662 0.171481 -1.937404
 16 22.550743 -0.000006 -0.000004 0.106857 -0.187176 2.373780
 17 30.814247 -0.000015 -0.000004 2.528956 0.274424 0.403204
 18 -3.013796 7.815494 11.355459 0.107998 -0.374119 1.081200
 19 10.374533 -0.000002 0.000007 0.177394 -0.238545 -2.412404
 20 22.550726 -0.000027 -0.000013 -0.147765 0.143935 2.790009
 21 30.814270 -0.000023 0.000002 -2.811768 0.078420 0.745443
 22 -4.250660 -0.770624 0.000001 0.000000 0.000000 -2.780723
 23 10.363422 0.000000 0.000000 0.000000 -0.019159 0.008919
 24 10.363076 0.000000 -0.000000 -0.000000 0.077405 -0.083985
 25 10.363081 -0.000004 -0.000002 -0.001511 -0.070528 -0.159896
 26 8.210358 -0.000006 23.418053 0.000000 0.000000 -0.010327
 27 8.210346 -0.000002 7.704017 0.000000 0.000000 0.070497
 28 1.854841 1.227791 -13.762345 2.782083 0.175893 1.981658
 29 10.456543 -0.000004 0.000004 0.092682 0.096551 -1.093099
 30 24.248093 0.000001 0.000007 -0.015133 0.047099 0.972379
 31 26.336971 0.000019 0.000002 0.267067 0.052589 0.184560
 32 1.854847 1.227798 13.762341 -2.645288 -0.199442 2.027285
 33 10.456542 -0.000008 0.000004 0.028672 -0.155724 -1.234202
 34 24.248116 0.000002 -0.000004 -0.048102 -0.069667 0.888503
 35 26.336975 0.000000 0.000004 -0.340579 0.254630 1.068869
time 86
  0 0.000000 0.000000 0.000000 0.000000 -0.000000 -1.570796
  1 0.000000 0.000000 0.000000 0.000000 -0.000000 0.000000
  2 3.632923 -2.428133 18.500057 -1.572139 -0.262477 1.565524
  3 4.222169 -0.467508 0.000000 0.087816 0.002113 -0.179682
  4 4.476987 -0.000002 -0.000000 0.038865 -0.170753 -0.033838
  5 4.477083 0.000000 0.000002 -0.113900 0.066960 -0.027427
  6 4.477077 -0.000004 -0.000002 -0.096074 -0.056054 -0.137636
  7 5.413502 -7.700466 -0.000000 -0.008613 -0.000017 -0.650403
  8 6.890240 0.000002 -0.000000 -0.144690 0.003006 -0.060436
  9 8.011925 0.000004 0.000005 -0.063035 -0.012093 -0.019675
 10 7.210720 -0.000002 -0.000000 0.457639 -0.085079 0.123413
 11 8.581028 -0.304903 -0.000000 0.097025 -0.150510 1.329809
 12 22.523008 2.194031 6.355708 0.000000 -0.000000 0.000000
 13 22.523005 2.194038 -6.355709 0.000000 -0.000000 0.000000
 14 -3.006533 7.804720 -11.355459 0.437680 0.241849 2.057980
 15 10.384675 0.000008 0.000005 0.016009 0.171438 -1.937293
 16 22.550743 -0.000006 -0.000004 0.100252 -0.184335 2.415911
 17 30.814247 -0.000015 -0.000004 2.518342 -0.010058 0.529512
 18 -3.013796 7.815494 11.355459 0.158249 -0.382676 1.084677
 19 10.374533 -0.000002 0.000007 0.207189 -0.288578 -2.442382
 20 22.550726 -0.000027 -0.000013 -0.154955 -0.081077 2.551539
 21 30.814270 -0.000023 0.000002 -2.825309 0.048521 0.762457
 22 -4.250660 -0.770624 0.000001 0.000000 0.000000 -2.950670
 23 10.363422 0.000000 0.000000 -0.000000 -0.020070 0.044371
 24 10.363076 0.000000 -0.000000 0.000000 0.041284 -0.083985
 25 10.363081 -0.000004 -0.000002 0.018323 -0.048683 -0.169669
 26 8.210358 -0.000006 -7.950092 0.000000 0.000000 -0.012671
 27 8.210346 -0.000002 7.704017 0.000000 0.000000 0.006850
 28 1.854841 1.227791 -13.762345 2.795011 0.175819 2.053183
 29 10.456543 -0.000004 0.000004 0.085537 0.097139 -1.055455
 30 24.248093 0.000001 0.000007 -0.008163 0.047099 0.972379
 31 26.336971 0.000019 0.000002 0.262281 0.046755 0.192457
 32 1.854847 1.227798 13.762341 -2.624456 -0.199607 2.032670
 33 10.456542 -0.000008 0.000004 0.020058 -0.156503 -1.226950
 34 24.248116 0.000002 -0.000004 -0.046625 -0.073167 0.886015
 35 26.336975 0.000000 0.000004 -0.341823 0.254630 1.071186
time 87
  0 0.000000 0.000000 0.000000 0.000000 -0.000000 -1.570796
  1 0.000000 0.000000 0.000000 0.000000 -0.000000 0.000000
  2 3.609485 28.170458 18.539122 -1.575877 -0.262357 1.559485
  3 4.222169 -0.467508 0.000000 0.086330 0.001520 -0.180096
  4 4.476987 -0.000002 -0.000000 0.034946 -0.170432 -0.027046
  5 4.477083 0.000000 0.000002 -0.118202 0.066960 -0.027427
  6 4.477077 -0.000004 -0.000002 -0.095894 -0.053555 -0.112906
  7 5.413502 -7.700466 -0.000000 0.003894 -0.000187 -0.642251
  8 6.890240 0.000002 -0.000000 -0.146344 0.003568 -0.063228
  9 8.011925 0.000004 0.000005 -0.084108 -0.012844 -0.019182
 10 7.210720 -0.000002 -0.000000 0.457200 -0.090623 0.119122
 11 8.581028 -0.304903 -0.000000 0.109701 -0.149827 1.065007
 12 22.523008 2.194031 6.355708 0.000000 -0.000000 0.000000
 13 22.523005 2.194038 -6.355709 0.000000 -0.000000 0.000000
 14 -3.006533 7.804720 -11.355459 0.472569 0.241920 1.343297
 15 10.384675 0.000008 0.000005 0.026691 0.171438 -1.937237
 16 22.550743 -0.000006 -0.000004 0.093903 0.265245 2.459615
 17 30.814247 -0.000015 -0.000004 2.511615 -0.012284 0.527328
 18 -3.013796 7.815494 11.355459 0.203306 0.049400 1.090320
 19 10.374533 -0.000002 0.000007 0.236850 -0.335754 -2.469752
 20 22.550726 -0.000027 -0.000013 -0.163208 -0.083531 2.112998
 21 30.814270 -0.000023 0.000002 -2.833658 0.016469 0.768677
 22 -4.250660 -0.770624 0.000001 0.000000 0.000000 -2.779955
 23 10.363422 0.000000 0.000000 0.000000 -0.020022 0.061162
 24 10.363076 0.000000 -0.000000 0.000000 0.040277 -0.083985
 25 10.363081 -0.000004 -0.000002 0.027717 0.102234 -0.174528
 26 8.210358 -0.000006 -8.684489 0.000000 0.000000 -0.019363
 27 8.210346 -0.000002 7.704017 0.000000 0.000000 0.000203
 28 1.854841 1.227791 -13.762345 2.804114 0.175178 2.133953
 29 10.456543 -0.000004 0.000004 0.076243 0.097459 -1.025321
 30 24.248093 0.000001 0.000007 0.002365 0.047099 0.972379
 31 26.336971 0.000019 0.000002 0.256626 0.036796 0.219684
 32 1.854847 1.227798 13.762341 -2.608149 -0.199825 2.059682
 33 10.456542 -0.000008 0.000004 0.012630 -0.157226 -1.218674
 34 24.248116 0.000002 -0.000004 -0.045187 -0.076618 0.882613
 35 26.336975 0.000000 0.000004 -0.343924 0.254630 1.073390
time 88
  0 0.000000 0.000000 0.000000 0.000000 -0.000000 -1.570796
  1 0.000000 0.000000 0.000000 0.000000 -0.000000 0.000000
  2 3.609485 -2.846114 18.601624 -1.581246 -0.261440 1.552774
  3 4.222169 -0.467508 0.000000 0.085287 0.000945 -0.180434
  4 4.476987 -0.000002 -0.000000 0.031758 -0.170453 -0.019876
  5 4.477083 0.000000 0.000002 -0.122025 0.066960 -0.027427
  6 4.477077 -0.000004 -0.000002 -0.095906 -0.050416 -0.080389
  7 5.413502 -7.700466 -0.000000 0.016774 -0.000968 -0.634129
  8 6.890240 0.000002 -0.000000 -0.145409 0.004143 -0.066254
  9 8.011925 0.000004 0.000005 -0.103190 -0.013563 -0.018585
 10 7.210720 -0.000002 -0.000000 0.455663 -0.096237 0.115770
 11 8.581028 -0.304903 -0.000000 0.115052 -0.144484 1.066409
 12 22.523008 2.194031 6.355708 0.000000 -0.000000 0.000000
 13 22.523005 2.194038 -6.355709 0.000000 -0.000000 0.000000
 14 -3.006533 7.804720 -11.355459 0.507350 0.242132 1.330318
 15 10.384675 0.000008 0.000005 0.037822 0.171460 -1.937181
 16 22.550743 -0.000006 -0.000004 0.087714 0.093459 2.189518
 17 30.814247 -0.000015 -0.000004 2.507596 -0.015763 0.523317
 18 -3.013796 7.815494 11.355459 0.242866 -0.250882 1.983287
 19 10.374533 -0.000002 0.000007 0.266510 -0.376684 -2.490858
 20 22.550726 -0.000027 -0.000013 -0.172400 -0.086829 2.127887
 21 30.814270 -0.000023 0.000002 -2.838078 -0.016317 0.762150
 22 -4.250660 -0.770624 0.000001 0.000000 0.000000 -2.634770
 23 10.363422 0.000000 0.000000 -0.000000 -0.019974 0.064815
 24 10.363076 0.000000 -0.000000 0.000000 0.040277 -0.083985
 25 10.363081 -0.000004 -0.000002 0.029761 -0.020367 -0.172541
 26 8.210358 -0.000006 -10.207973 0.000000 0.000000 -0.028875
 27 8.210346 -0.000002 7.704017 0.000000 0.000000 0.002374
 28 1.854841 1.227791 -13.762345 2.809391 0.173994 2.219527
 29 10.456543 -0.000004 0.000004 0.064695 0.097477 -1.003395
 30 24.248093 0.000001 0.000007 0.015711 0.047099 0.972379
 31 26.336971 0.000019 0.000002 0.249926 0.023210 0.267178
 32 1.854847 1.227798 13.762341 -2.595555 -0.199880 2.103625
 33 10.456542 -0.000008 0.000004 0.006322 -0.157922 -1.209609
 34 24.248116 0.000002 -0.000004 -0.043840 -0.079986 0.878348
 35 26.336975 0.000000 0.000004 -0.346797 0.254630 1.075425
time 89
  0 0.000000 0.000000 0.000000 0.000000 -0.000000 -1.570796
  1 0.000000 0.000000 0.000000 0.000000 -0.000000 0.000000
  2 3.636830 -2.560949 18.691469 -1.588339 -0.259804 1.545297
  3 4.222169 -0.467508 0.000000 0.084640 0.000370 -0.180679
  4 4.476987 -0.000002 -0.000000 0.029337 -0.170839 -0.011818
  5 4.477083 0.000000 0.000002 -0.125345 0.066960 -0.027427
  6 4.477077 -0.000004 -0.000002 -0.096122 -0.046940 -0.039993
  7 5.413502 -7.700466 -0.000000 0.030065 -0.000051 -0.618167
  8 6.890240 0.000002 -0.000000 -0.141430 0.004731 -0.068325
  9 8.011925 0.000004 0.000005 -0.107931 -0.014202 -0.017884
 10 7.210720 -0.000002 -0.000000 0.451161 -0.101693 0.114349
 11 8.581028 -0.304903 -0.000000 0.113995 -0.138116 1.071386
 12 22.523008 2.194031 6.355708 0.000000 -0.000000 0.000000
 13 22.523005 2.194038 -6.355709 0.000000 -0.000000 0.000000
 14 -3.006533 7.804720 -11.355459 0.540503 0.242344 1.295638
 15 10.384675 0.000008 0.000005 0.049774 0.171502 -1.937126
 16 22.550743 -0.000006 -0.000004 0.081573 0.102528 2.076564
 17 30.814247 -0.000015 -0.000004 2.505194 -0.020716 0.517444
 18 -3.013796 7.815494 11.355459 0.277690 -0.253162 1.642083
 19 10.374533 -0.000002 0.000007 0.296508 -0.408678 -2.501296
 20 22.550726 -0.000027 -0.000013 -0.182532 -0.090401 2.156548
 21 30.814270 -0.000023 0.000002 -2.839377 -0.049470 0.590842
 22 -4.250660 -0.770624 0.000001 0.000000 0.000000 -2.647496
 23 10.363422 0.000000 0.000000 -0.000000 0.074980 0.068908
 24 10.363076 0.000000 -0.000000 0.000000 0.040421 -0.083985
 25 10.363081 -0.000004 -0.000002 0.032051 0.011924 -0.160809
 26 8.210358 -0.000006 -12.333038 0.000000 0.000000 -0.039575
 27 8.210346 -0.000002 7.704017 0.000000 0.000000 0.004544
 28 1.854841 1.227791 -13.762345 2.811193 0.172168 2.307473
 29 10.456543 -0.000004 0.000004 0.051522 0.097174 -1.013468
 30 24.248093 0.000001 0.000007 0.029242 0.047099 0.972379
 31 26.336971 0.000019 0.000002 0.242096 0.006996 0.335051
 32 1.854847 1.227798 13.762341 -2.585865 -0.199661 2.159630
 33 10.456542 -0.000008 0.000004 0.001303 -0.158590 -1.200071
 34 24.248116 0.000002 -0.000004 -0.042648 -0.083246 0.873373
 35 26.336975 0.000000 0.000004 -0.350400 0.254630 1.077290
time 90
  0 0.000000 0.000000 0.000000 0.000000 -0.000000 -1.570796
  1 0.000000 0.000000 0.000000 0.000000 -0.000000 0.000000
  2 3.703238 -2.189844 18.812567 -1.596967 -0.257531 1.537244
  3 4.222169 -0.467508 0.000000 0.084328 -0.000186 -0.180817
  4 4.476987 -0.000002 -0.000000 0.027779 -0.171567 -0.002384
  5 4.477083 0.000000 0.000002 -0.128102 0.066960 -0.027427
  6 4.477077 -0.000004 -0.000002 -0.096529 -0.043538 0.004187
  7 5.413502 -7.700466 -0.000000 0.043583 -0.000493 -0.601770
  8 6.890240 0.000002 -0.000000 -0.134851 0.005319 -0.069907
  9 8.011925 0.000004 0.000005 -0.092477 -0.014777 -0.016976
 10 7.210720 -0.000002 -0.000000 0.421898 -0.106883 0.114054
 11 8.581028 -0.304903 -0.000000 0.107474 -0.130434 1.078291
 12 22.523008 2.194031 6.355708 0.000000 -0.000000 0.000000
 13 22.523005 2.194038 -6.355709 0.000000 -0.000000 0.000000
 14 -3.006533 7.804720 -11.355459 0.556943 0.242521 1.244751
 15 10.384675 0.000008 0.000005 0.062735 0.350230 -1.937071
 16 22.550743 -0.000006 -0.000004 0.075448 0.116733 2.064699
 17 30.814247 -0.000015 -0.000004 2.503491 -0.026422 0.510998
 18 -3.013796 7.815494 11.355459 0.307728 -0.257347 1.660095
 19 10.374533 -0.000002 0.000007 0.326572 -0.428246 -2.497005
 20 22.550726 -0.000027 -0.000013 -0.193440 -0.093739 2.195011
 21 30.814270 -0.000023 0.000002 -2.838078 -0.082452 0.535310
 22 -4.250660 -0.770624 0.000001 0.000000 0.000000 -2.667443
 23 10.363422 0.000000 0.000000 -0.000000 -0.018272 0.072935
 24 10.363076 0.000000 -0.000000 0.000000 0.040277 -0.083985
 25 10.363081 -0.000004 -0.000002 0.034304 -0.018903 -0.126847
 26 8.210358 -0.000006 -14.856553 0.000000 0.000000 -0.050072
 27 8.210346 -0.000002 7.704017 0.000000 0.000000 0.270154
 28 1.854841 1.227791 -13.762345 2.809874 0.169799 2.396636
 29 10.456543 -0.000004 0.000004 0.037861 0.096836 -1.024497
 30 24.248093 0.000001 0.000007 0.043033 0.047099 0.972379
 31 26.336971 0.000019 0.000002 0.233264 -0.010847 0.419989
 32 1.854847 1.227798 13.762341 -2.578370 -0.199114 2.222572
 33 10.456542 -0.000008 0.000004 -0.002258 0.131831 -1.190140
 34 24.248116 0.000002 -0.000004 -0.041703 -0.086350 0.867788
 35 26.336975 0.000000 0.000004 -0.354602 0.254630 1.079042
time 91
  0 0.000000 0.000000 0.000000 0.000000 -0.000000 -1.570796
  1 0.000000 0.000000 0.000000 0.000000 -0.000000 0.000000
  2 3.800897 -0.830428 18.953196 -1.607032 -0.254778 1.528712
  3 4.222169 -0.467508 0.000000 0.084304 -0.000705 -0.180832
  4 4.476987 -0.000002 -0.000000 0.027132 -0.172724 0.008115
  5 4.477083 0.000000 0.000002 -0.130223 0.066960 -0.027427
  6 4.477077 -0.000004 -0.000002 -0.097176 -0.040588 0.047060
  7 5.413502 -7.700466 -0.000000 0.057207 -0.000527 -0.584003
  8 6.890240 0.000002 -0.000000 -0.127936 0.005908 -0.071071
  9 8.011925 0.000004 0.000005 -0.071391 -0.015321 -0.015782
 10 7.210720 -0.000002 -0.000000 0.374736 -0.111632 0.114161
 11 8.581028 -0.304903 -0.000000 0.096359 -0.121147 1.085406
 12 22.523008 2.194031 6.355708 0.000000 -0.000000 0.000000
 13 22.523005 2.194038 -6.355709 0.000000 -0.000000 0.000000
 14 -3.006533 7.804720 -11.355459 0.570671 0.242627 1.183289
 15 10.384675 0.000008 0.000005 0.076966 0.164076 -1.450268
 16 22.550743 -0.000006 -0.000004 0.069275 0.136449 2.068573
 17 30.814247 -0.000015 -0.000004 2.502224 -0.032848 0.504229
 18 -3.013796 7.815494 11.355459 0.333388 -0.263475 1.688310
 19 10.374533 -0.000002 0.000007 0.358525 -0.432465 -2.471723
 20 22.550726 -0.000027 -0.000013 -0.205001 -0.096310 2.239306
 21 30.814270 -0.000023 0.000002 -2.834886 -0.032441 0.533190
 22 -4.250660 -0.770624 0.000001 0.000000 0.000000 -2.692972
 23 10.363422 0.000000 0.000000 0.000000 0.074980 0.076874
 24 10.363076 0.000000 -0.000000 0.000000 0.040277 -0.083985
 25 10.363081 -0.000004 -0.000002 0.036508 -0.020043 -0.072589
 26 8.210358 -0.000006 -17.508978 0.000000 0.000000 -0.059516
 27 8.210346 -0.000002 7.704017 0.000000 0.000000 0.012580
 28 1.854841 1.227791 -13.762345 2.805697 0.167135 2.485616
 29 10.456543 -0.000004 0.000004 0.023885 0.096196 -1.036741
 30 24.248093 0.000001 0.000007 0.057009 0.047099 0.972379
 31 26.336971 0.000019 0.000002 0.223389 -0.029137 0.517353
 32 1.854847 1.227798 13.762341 -2.572292 -0.198184 2.289003
 33 10.456542 -0.000008 0.000004 -0.004123 -0.060104 -1.180130
 34 24.248116 0.000002 -0.000004 -0.041055 -0.089286 0.861593
 35 26.336975 0.000000 0.000004 -0.359319 0.254630 1.080737
time 92
  0 0.000000 0.000000 0.000000 0.000000 -0.000000 -1.570796
  1 0.000000 0.000000 0.000000 0.000000 -0.000000 0.000000
  2 3.941526 -46.906055 19.121170 -1.618344 -0.251627 1.519797
  3 4.222169 -0.467508 0.000000 0.084544 -0.001242 -0.180725
  4 4.476987 -0.000002 -0.000000 0.027132 -0.174287 0.019436
  5 4.477083 0.000000 0.000002 -0.131673 0.066960 -0.027427
  6 4.477077 -0.000004 -0.000002 -0.098051 -0.038089 0.084342
  7 5.413502 -7.700466 -0.000000 0.070804 -0.000204 -0.568041
  8 6.890240 0.000002 -0.000000 -0.120757 0.006430 -0.071653
  9 8.011925 0.000004 0.000005 -0.030686 -0.016359 -0.014069
 10 7.210720 -0.000002 -0.000000 0.318901 -0.115764 0.114054
 11 8.581028 -0.304903 -0.000000 0.081617 -0.109623 1.091084
 12 22.523008 2.194031 6.355708 0.000000 -0.000000 0.000000
 13 22.523005 2.194038 -6.355709 0.000000 -0.000000 0.000000
 14 -3.006533 7.804720 -11.355459 0.582065 0.242627 1.117294
 15 10.384675 0.000008 0.000005 0.092616 0.164119 -2.028266
 16 22.550743 -0.000006 -0.000004 0.062990 0.158374 2.072448
 17 30.814247 -0.000015 -0.000004 2.501307 -0.040089 0.497282
 18 -3.013796 7.815494 11.355459 0.354925 -0.270201 1.727469
 19 10.374533 -0.000002 0.000007 0.405442 -0.415289 -2.398488
 20 22.550726 -0.000027 -0.000013 -0.217135 -0.097724 2.285089
 21 30.814270 -0.000023 0.000002 -2.830466 -0.081229 0.533302
 22 -4.250660 -0.770624 0.000001 0.000000 0.000000 -2.722265
 23 10.363422 0.000000 0.000000 0.000000 -0.004562 0.080747
 24 10.363076 0.000000 -0.000000 0.000000 0.041116 -0.083985
 25 10.363081 -0.000004 -0.000002 0.038674 -0.020043 -0.025767
 26 8.210358 -0.000006 -20.012960 0.000000 0.000000 -0.067091
 27 8.210346 -0.000002 7.704017 0.000000 0.000000 0.013733
 28 1.854841 1.227791 -13.762345 2.799013 0.165087 2.567602
 29 10.456543 -0.000004 0.000004 0.009839 0.095448 -1.075471
 30 24.248093 0.000001 0.000007 0.071096 0.047099 0.972379
 31 26.336971 0.000019 0.000002 0.212513 -0.046402 0.623221
 32 1.854847 1.227798 13.762341 -2.566991 -0.196898 2.356856
 33 10.456542 -0.000008 0.000004 -0.004123 -0.058407 -1.170237
 34 24.248116 0.000002 -0.000004 -0.040822 0.063817 0.854942
 35 26.336975 0.000000 0.000004 -0.364551 0.254630 1.082320
time 93
  0 0.000000 0.000000 0.000000 0.000000 -0.000000 -1.570796
  1 0.000000 0.000000 0.000000 0.000000 -0.000000 0.000000
  2 4.129032 -44.652081 19.293051 -1.630710 -0.248196 1.510498
  3 4.222169 -0.467508 0.000000 0.084964 -0.001761 -0.180480
  4 4.476987 -0.000002 -0.000000 0.027371 -0.176258 0.031200
  5 4.477083 0.000000 0.000002 -0.132392 0.066960 -0.027427
  6 4.477077 -0.000004 -0.000002 -0.099154 -0.035984 0.116219
  7 5.413502 -7.700466 -0.000000 0.084149 0.000306 -0.553199
  8 6.890240 0.000002 -0.000000 -0.113446 0.007149 -0.069651
  9 8.011925 0.000004 0.000005 0.010792 -0.016822 -0.010668
 10 7.210720 -0.000002 -0.000000 0.261555 -0.119118 0.113115
 11 8.581028 -0.304903 -0.000000 0.064279 -0.090929 1.094484
 12 22.523008 2.194031 6.355708 0.000000 -0.000000 0.000000
 13 22.523005 2.194038 -6.355709 0.000000 -0.000000 0.000000
 14 -3.006533 7.804720 -11.355459 0.589770 0.242591 1.051573
 15 10.384675 0.000008 0.000005 0.109947 0.164246 -2.038763
 16 22.550743 -0.000006 -0.000004 0.056577 0.182136 2.546601
 17 30.814247 -0.000015 -0.000004 2.500652 -0.048020 0.490370
 18 -3.013796 7.815494 11.355459 0.372591 -0.277263 1.771017
 19 10.374533 -0.000002 0.000007 0.454112 -0.340405 -2.281473
 20 22.550726 -0.000027 -0.000013 -0.229677 -0.097547 2.328701
 21 30.814270 -0.000023 0.000002 -2.825414 -0.083137 0.533414
 22 -4.250660 -0.770624 0.000001 0.000000 0.000000 -2.755092
 23 10.363422 0.000000 0.000000 0.000000 0.075339 0.084532
 24 10.363076 0.000000 -0.000000 -0.000000 0.135758 -0.083985
 25 10.363081 -0.000004 -0.000002 0.040792 -0.019951 0.007872
 26 8.210358 -0.000006 -22.055992 0.000000 0.000000 -0.072424
 27 8.210346 -0.000002 7.704017 0.000000 0.000000 0.017395
 28 1.854841 1.227791 -13.762345 2.790174 0.164569 2.623861
 29 10.456543 -0.000004 0.000004 -0.004033 0.094647 -1.113072
 30 24.248093 0.000001 0.000007 0.085221 0.047099 0.972379
 31 26.336971 0.000019 0.000002 0.200724 -0.061486 0.731575
 32 1.854847 1.227798 13.762341 -2.562298 -0.195365 2.425269
 33 10.456542 -0.000008 0.000004 -0.002122 -0.056292 -1.160739
 34 24.248116 0.000002 -0.000004 -0.041042 -0.051774 0.934097
 35 26.336975 0.000000 0.000004 -0.370169 0.254630 1.083789
time 94
  0 0.000000 0.000000 0.000000 0.000000 -0.000000 -1.570796
  1 0.000000 0.000000 0.000000 0.000000 -0.000000 0.000000
  2 0.789087 -42.312164 19.468838 -1.570797 -0.261799 1.816593
  3 4.222169 -0.467508 0.000000 0.010827 -0.002262 -0.180065
  4 4.476987 -0.000002 -0.000000 0.011516 0.029419 0.043098
  5 4.477083 0.000000 0.000002 -0.007129 0.066960 -0.027427
  6 4.477077 -0.000004 -0.000002 -0.006273 -0.034255 0.143207
  7 5.413502 -7.700466 -0.000000 0.002685 0.000833 -0.539539
  8 6.890240 0.000002 -0.000000 0.002421 0.007986 -0.062018
  9 8.011925 0.000004 0.000005 0.002646 -0.016950 -0.008150
 10 7.210720 -0.000002 -0.000000 0.005545 -0.121484 0.110836
 11 8.581028 -0.304903 -0.000000 0.006044 -0.071945 1.095114
 12 22.523008 2.194031 6.355708 0.000000 -0.000000 0.000000
 13 22.523005 2.194038 -6.355709 0.000000 -0.000000 0.000000
 14 -3.006533 7.804720 -11.355459 0.119284 0.242521 0.992240
 15 10.384675 0.000008 0.000005 -0.000650 0.164373 -2.066811
 16 22.550743 -0.000006 -0.000004 0.134973 0.207791 2.073235
 17 30.814247 -0.000015 -0.000004 2.671263 -0.056328 0.483494
 18 -3.013796 7.815494 11.355459 -0.172481 -0.284513 1.818214
 19 10.374533 -0.000002 0.000007 0.027542 -0.259841 -2.180579
 20 22.550726 -0.000027 -0.000013 -0.123804 -0.095270 2.365737
 21 30.814270 -0.000023 0.000002 -2.625842 -0.082990 0.754397
 22 -4.250660 -0.770624 0.000001 0.000000 0.000000 -2.791811
 23 10.363422 0.000000 0.000000 -0.000000 0.143292 0.076346
 24 10.363076 0.000000 -0.000000 0.000000 0.039822 -0.083985
 25 10.363081 -0.000004 -0.000002 -0.000896 0.102697 0.046022
 26 8.210358 -0.000006 -23.477909 0.000000 0.000000 -0.075108
 27 8.210346 -0.000002 7.704017 0.000000 0.000000 0.020040
 28 1.854841 1.227791 -13.762345 2.701963 0.165457 2.635295
 29 10.456543 -0.000004 0.000004 0.050282 0.093776 -1.148893
 30 24.248093 0.000001 0.000007 0.034581 0.047099 0.972379
 31 26.336971 0.000019 0.000002 0.325971 -0.073811 0.836615
 32 1.854847 1.227798 13.762341 -2.728210 -0.193724 2.492949
 33 10.456542 -0.000008 0.000004 -0.056350 -0.053703 -1.151911
 34 24.248116 0.000002 -0.000004 -0.027401 -0.054003 0.934097
 35 26.336975 0.000000 0.000004 0.047984 0.254630 1.085259
time 95
  0 0.000000 0.000000 0.000000 0.000000 -0.000000 -1.570796
  1 0.000000 0.000000 0.000000 0.000000 -0.000000 0.000000
  2 0.023438 -39.929279 19.644623 -1.570605 -0.264791 1.816114
  3 4.222169 -0.467508 0.000000 0.008478 -0.002744 -0.179498
  4 4.476987 -0.000002 -0.000000 0.009167 -0.010269 0.055262
  5 4.477083 0.000000 0.000002 -0.009478 0.066960 -0.027427
  6 4.477077 -0.000004 -0.000002 -0.008622 -0.032845 0.165959
  7 5.413502 -7.700466 -0.000000 0.000080 0.001189 -0.533690
  8 6.890240 0.000002 -0.000000 0.000072 0.007960 -0.053408
  9 8.011925 0.000004 0.000005 0.000079 -0.017062 -0.006126
 10 7.210720 -0.000002 -0.000000 0.000165 0.140657 0.106706
 11 8.581028 -0.304903 -0.000000 0.001543 -0.052893 1.092871
 12 22.523008 2.194031 6.355708 0.000000 -0.000000 0.000000
 13 22.523005 2.194038 -6.355709 0.000000 -0.000000 0.000000
 14 -3.006533 7.804720 -11.355459 0.108650 0.242485 0.944855
 15 10.384675 0.000008 0.000005 -0.007971 0.164479 -2.107965
 16 22.550743 -0.000006 -0.000004 0.131838 0.234968 2.074263
 17 30.814247 -0.000015 -0.000004 2.662701 -0.063444 0.475293
 18 -3.013796 7.815494 11.355459 -0.182460 -0.291725 1.869172
 19 10.374533 -0.000002 0.000007 0.014329 -0.187548 -2.108039
 20 22.550726 -0.000027 -0.000013 -0.127807 -0.089538 2.392165
 21 30.814270 -0.000023 0.000002 -2.628438 -0.082892 0.537374
 22 -4.250660 -0.770624 0.000001 0.000000 0.000000 -2.830373
 23 10.363422 0.000000 0.000000 0.000000 0.137336 0.010019
 24 10.363076 0.000000 -0.000000 -0.000000 0.039822 -0.083985
 25 10.363081 -0.000004 -0.000002 -0.001930 -0.020628 0.151747
 26 8.210358 -0.000006 -24.161524 0.000000 0.000000 -0.074564
 27 8.210346 -0.000002 7.704017 0.000000 0.000000 0.025635
 28 1.854841 1.227791 -13.762345 2.693345 0.166666 2.610420
 29 10.456543 -0.000004 0.000004 0.046858 0.092904 -1.182760
 30 24.248093 0.000001 0.000007 0.027314 0.047099 0.972379
 31 26.336971 0.000019 0.000002 0.317444 -0.082903 0.932322
 32 1.854847 1.227798 13.762341 -2.734828 -0.192383 2.555331
 33 10.456542 -0.000008 0.000004 -0.062998 -0.050587 -1.143911
 34 24.248116 0.000002 -0.000004 -0.027323 -0.058318 0.934097
 35 26.336975 0.000000 0.000004 0.047984 0.010118 0.512745
time 96
  0 0.000000 0.000000 0.000000 0.000000 -0.000000 -1.570796
  1 0.000000 0.000000 0.000000 0.000000 -0.000000 0.000000
  2 0.273446 5.083815 19.820410 -1.570126 -0.272928 1.814772
  3 4.222169 -0.467508 0.000000 0.009245 -0.003207 -0.178747
  4 4.476987 -0.000002 -0.000000 0.009934 -0.014466 0.067626
  5 4.477083 0.000000 0.000002 -0.008711 0.066960 -0.027427
  6 4.477077 -0.000004 -0.000002 -0.007855 -0.031737 0.185130
  7 5.413502 -7.700466 -0.000000 0.000930 0.001529 -0.529054
  8 6.890240 0.000002 -0.000000 0.000839 0.008378 -0.041819
  9 8.011925 0.000004 0.000005 0.000917 0.127277 -0.004075
 10 7.210720 -0.000002 -0.000000 0.001922 0.162161 0.213653
 11 8.581028 -0.304903 -0.000000 0.003012 -0.033823 1.087999
 12 22.523008 2.194031 6.355708 0.000000 -0.000000 0.000000
 13 22.523005 2.194038 -6.355709 0.000000 -0.000000 0.000000
 14 -3.006533 7.804720 -11.355459 0.112122 0.242450 0.915051
 15 10.384675 0.000008 0.000005 -0.005580 0.164543 -2.157673
 16 22.550743 -0.000006 -0.000004 0.132861 0.261743 2.077169
 17 30.814247 -0.000015 -0.000004 2.665497 -0.067864 0.464012
 18 -3.013796 7.815494 11.355459 -0.179201 -0.298899 1.923151
 19 10.374533 -0.000002 0.000007 0.018644 -0.134027 -2.025816
 20 22.550726 -0.000027 -0.000013 -0.126500 -0.078898 2.405193
 21 30.814270 -0.000023 0.000002 -2.628438 0.111059 0.754396
 22 -4.250660 -0.770624 0.000001 0.000000 0.000000 -2.868731
 23 10.363422 0.000000 0.000000 -0.000000 0.128000 0.008171
 24 10.363076 0.000000 -0.000000 0.000000 0.038395 -0.083985
 25 10.363081 -0.000004 -0.000002 -0.001930 -0.020628 0.101435
 26 8.210358 -0.000006 -24.020895 0.000000 0.000000 -0.070046
 27 8.210346 -0.000002 7.704017 0.000000 0.000000 0.032756
 28 1.854841 1.227791 -13.762345 2.696159 0.168048 2.578063
 29 10.456543 -0.000004 0.000004 0.047976 0.092067 -1.214717
 30 24.248093 0.000001 0.000007 0.029687 0.047099 0.972379
 31 26.336971 0.000019 0.000002 0.320228 -0.088816 1.012455
 32 1.854847 1.227798 13.762341 -2.732667 -0.192629 2.604271
 33 10.456542 -0.000008 0.000004 -0.060827 -0.046885 -1.137053
 34 24.248116 0.000002 -0.000004 -0.026494 -0.064142 1.350028
 35 26.336975 0.000000 0.000004 0.047984 0.012382 0.495225
time 97
  0 0.000000 0.000000 0.000000 0.000000 -0.000000 -1.570796
  1 0.000000 0.000000 0.000000 0.000000 -0.000000 0.000000
  2 0.273446 -2.162500 19.976665 -1.569263 -0.284855 1.812567
  3 4.222169 -0.467508 0.000000 0.010012 -0.003671 -0.177796
  4 4.476987 -0.000002 -0.000000 0.010701 -0.013096 0.080145
  5 4.477083 0.000000 0.000002 -0.007944 0.066960 -0.027427
  6 4.477077 -0.000004 -0.000002 -0.007088 -0.030853 0.201232
  7 5.413502 -7.700466 -0.000000 0.001781 0.001937 -0.525600
  8 6.890240 0.000002 -0.000000 0.001606 0.104128 -0.030183
  9 8.011925 0.000004 0.000005 0.001755 -0.039156 0.206796
 10 7.210720 -0.000002 -0.000000 0.003678 0.160978 -0.353908
 11 8.581028 -0.304903 -0.000000 0.004482 -0.014651 1.081305
 12 22.523008 2.194031 6.355708 0.000000 -0.000000 0.000000
 13 22.523005 2.194038 -6.355709 0.000000 -0.000000 0.000000
 14 -3.006533 7.804720 -11.355459 0.115595 0.242415 0.910519
 15 10.384675 0.000008 0.000005 -0.003190 0.164543 -2.211046
 16 22.550743 -0.000006 -0.000004 0.133885 0.279880 2.081648
 17 30.814247 -0.000015 -0.000004 2.668292 -0.069838 0.449688
 18 -3.013796 7.815494 11.355459 -0.175943 -0.307456 1.976333
 19 10.374533 -0.000002 0.000007 0.022958 -0.108678 -1.457792
 20 22.550726 -0.000027 -0.000013 -0.125193 -0.061760 2.402401
 21 30.814270 -0.000023 0.000002 -2.628227 -0.165347 0.569282
 22 -4.250660 -0.770624 0.000001 0.000000 0.000000 -2.907063
 23 10.363422 0.000000 0.000000 -0.000000 0.116051 0.008171
 24 10.363076 0.000000 -0.000000 0.000000 0.036082 -0.083985
 25 10.363081 -0.000004 -0.000002 -0.001782 -0.022462 0.096173
 26 8.210358 -0.000006 -22.985706 0.000000 0.000000 -0.060603
 27 8.210346 -0.000002 7.704017 0.000000 0.000000 0.040216
 28 1.854841 1.227791 -13.762345 2.698973 0.169429 2.537861
 29 10.456543 -0.000004 0.000004 0.049094 0.091213 -1.244719
 30 24.248093 0.000001 0.000007 0.032060 0.047099 0.972379
 31 26.336971 0.000019 0.000002 0.323012 -0.092390 1.072541
 32 1.854847 1.227798 13.762341 -2.730506 -0.192930 2.595957
 33 10.456542 -0.000008 0.000004 -0.058657 -0.042516 -1.131654
 34 24.248116 0.000002 -0.000004 -0.025665 -0.070914 0.934706
 35 26.336975 0.000000 0.000004 0.047984 0.014802 0.480078
time 98
  0 0.000000 0.000000 0.000000 0.000000 -0.000000 -1.570796
  1 0.000000 0.000000 0.000000 0.000000 -0.000000 0.000000
  2 0.273446 -2.928148 20.191515 -1.568304 -0.299375 1.809500
  3 4.222169 -0.467508 0.000000 0.010012 -0.004097 -0.176646
  4 4.476987 -0.000002 -0.000000 0.104576 -0.011725 0.092820
  5 4.477083 0.000000 0.000002 0.085931 0.066960 -0.027427
  6 4.477077 -0.000004 -0.000002 0.086787 -0.030177 0.214718
  7 5.413502 -7.700466 -0.000000 0.105893 0.002107 -0.523702
  8 6.890240 0.000002 -0.000000 0.095481 -0.085137 0.185403
  9 8.011925 0.000004 0.000005 0.104342 -0.039044 -0.295438
 10 7.210720 -0.000002 -0.000000 0.218704 0.159477 -0.360371
 11 8.581028 -0.304903 -0.000000 0.184356 0.004281 1.073769
 12 22.523008 2.194031 6.355708 0.000000 -0.000000 0.000000
 13 22.523005 2.194038 -6.355709 0.000000 -0.000000 0.000000
 14 -3.006533 7.804720 -11.355459 0.540611 0.242379 0.932219
 15 10.384675 0.000008 0.000005 0.289383 0.164522 -2.264198
 16 22.550743 -0.000006 -0.000004 0.259155 0.281975 2.087520
 17 30.814247 -0.000015 -0.000004 3.010431 -0.069964 0.433501
 18 -3.013796 7.815494 11.355459 0.222857 -0.319227 2.012357
 19 10.374533 -0.000002 0.000007 0.550980 -0.103163 -1.919239
 20 22.550726 -0.000027 -0.000013 0.034813 -0.039930 2.381185
 21 30.814270 -0.000023 0.000002 -2.348952 0.111793 0.755233
 22 -4.250660 -0.770624 0.000001 0.000000 0.000000 -2.945215
 23 10.363422 0.000000 0.000000 -0.000000 0.102341 0.008435
 24 10.363076 0.000000 -0.000000 0.000000 0.032966 -0.083985
 25 10.363081 -0.000004 -0.000002 -0.001930 -0.025435 0.097891
 26 8.210358 -0.000006 -21.052055 0.000000 0.000000 -0.047592
 27 8.210346 -0.000002 7.704017 0.000000 0.000000 0.046625
 28 1.854841 1.227791 -13.762345 3.043418 0.170737 2.492002
 29 10.456543 -0.000004 0.000004 0.185937 0.090466 -1.272855
 30 24.248093 0.000001 0.000007 0.322444 0.047099 0.972379
 31 26.336971 0.000019 0.000002 0.663777 -0.095017 1.114844
 32 1.854847 1.227798 13.762341 -2.466039 -0.193176 2.585014
 33 10.456542 -0.000008 0.000004 0.206991 -0.037507 -1.128107
 34 24.248116 0.000002 -0.000004 0.075806 -0.077996 0.934097
 35 26.336975 0.000000 0.000004 0.047984 0.017377 0.467023
time 99
  0 0.000000 0.000000 0.000000 0.000000 -0.000000 -1.570796
  1 0.000000 0.000000 0.000000 0.000000 -0.000000 0.000000
  2 0.273446 -2.678140 20.441523 -1.567250 -0.315012 1.805761
  3 4.222169 -0.467508 0.000000 0.010012 -0.004468 -0.175251
  4 4.476987 -0.000002 -0.000000 0.104576 0.156042 0.105495
  5 4.477083 0.000000 0.000002 -0.007285 0.066960 -0.027427
  6 4.477077 -0.000004 -0.000002 -0.008910 -0.029651 0.225713
  7 5.413502 -7.700466 -0.000000 0.000359 0.002379 -0.525787
  8 6.890240 0.000002 -0.000000 0.000036 -0.084301 -0.155872
  9 8.011925 0.000004 0.000005 0.000170 -0.038645 -0.284640
 10 7.210720 -0.000002 -0.000000 0.000604 0.157306 -0.374637
 11 8.581028 -0.304903 -0.000000 0.068229 0.023009 1.067881
 12 22.523008 2.194031 6.355708 0.000000 -0.000000 0.000000
 13 22.523005 2.194038 -6.355709 0.000000 -0.000000 0.000000
 14 -3.006533 7.804720 -11.355459 0.130679 0.242273 0.974797
 15 10.384675 0.000008 0.000005 -0.024107 0.164479 -2.312184
 16 22.550743 -0.000006 -0.000004 0.112791 0.270726 2.094300
 17 30.814247 -0.000015 -0.000004 2.622123 -0.068961 0.416598
 18 -3.013796 7.815494 11.355459 -0.198752 -0.334174 2.016518
 19 10.374533 -0.000002 0.000007 0.023834 -0.096984 -1.797701
 20 22.550726 -0.000027 -0.000013 -0.127807 -0.017060 2.342226
 21 30.814270 -0.000023 0.000002 -3.129807 0.089993 0.913377
 22 -4.250660 -0.770624 0.000001 0.000000 0.000000 -2.983727
 23 10.363422 0.000000 0.000000 0.000000 0.086976 0.008171
 24 10.363076 0.000000 -0.000000 0.000000 0.029131 -0.083985
 25 10.363081 -0.000004 -0.000002 -0.001930 -0.029456 0.099610
 26 8.210358 -0.000006 -18.712139 0.000000 0.000000 -0.033461
 27 8.210346 -0.000002 7.704017 0.000000 0.000000 0.050796
 28 1.854841 1.227791 -13.762345 2.798221 0.171946 2.444441
 29 10.456543 -0.000004 0.000004 0.043678 0.090572 -1.297300
 30 24.248093 0.000001 0.000007 0.040846 0.047099 0.972379
 31 26.336971 0.000019 0.000002 0.387615 -0.096804 1.148918
 32 1.854847 1.227798 13.762341 -2.759745 -0.193395 2.575579
 33 10.456542 -0.000008 0.000004 -0.045430 -0.031941 -1.125309
 34 24.248116 0.000002 -0.000004 -0.036029 -0.084900 0.934909
 35 26.336975 0.000000 0.000004 0.047984 0.020045 0.455889
time 100
  0 0.000000 0.000000 0.000000 0.000000 -0.000000 -1.570796
  1 0.000000 0.000000 0.000000 0.000000 -0.000000 0.000000
  2 0.273446 -2.428133 20.433710 -1.566195 -0.330768 1.801351
  3 4.222169 -0.467508 0.000000 0.010012 -0.004672 -0.173119
  4 4.476987 -0.000002 -0.000000 0.104576 -0.014981 0.088936
  5 4.477083 0.000000 0.000002 -0.007285 0.066960 -0.027427
  6 4.477077 -0.000004 -0.000002 -0.009018 -0.029219 0.234434
  7 5.413502 -7.700466 -0.000000 0.001329 0.002770 -0.528338
  8 6.890240 0.000002 -0.000000 0.000360 -0.083386 -0.130808
  9 8.011925 0.000004 0.000005 0.000079 -0.037910 -0.269170
 10 7.210720 -0.000002 -0.000000 0.000055 0.154110 -0.391586
 11 8.581028 -0.304903 -0.000000 0.068482 0.041464 1.065322
 12 22.523008 2.194031 6.355708 0.000000 -0.000000 0.000000
 13 22.523005 2.194038 -6.355709 0.000000 -0.000000 0.000000
 14 -3.006533 7.804720 -11.355459 0.132849 0.242132 1.032619
 15 10.384675 0.000008 0.000005 -0.024667 0.164458 -2.350506
 16 22.550743 -0.000006 -0.000004 0.114534 0.251412 2.101745
 17 30.814247 -0.000015 -0.000004 2.622691 -0.067174 0.399515
 18 -3.013796 7.815494 11.355459 -0.202366 -0.351063 1.994174
 19 10.374533 -0.000002 0.000007 0.024980 -0.090904 -1.913730
 20 22.550726 -0.000027 -0.000013 -0.129156 0.006341 2.289990
 21 30.814270 -0.000023 0.000002 -3.124615 0.087424 0.899515
 22 -4.250660 -0.770624 0.000001 0.000000 0.000000 -3.022392
 23 10.363422 0.000000 0.000000 -0.000000 0.069790 0.008171
 24 10.363076 0.000000 -0.000000 0.000000 0.024601 -0.083985
 25 10.363081 -0.000004 -0.000002 -0.001068 -0.034401 0.309904
 26 8.210358 -0.000006 -16.282377 0.000000 0.000000 -0.018004
 27 8.210346 -0.000002 7.704017 0.000000 0.000000 0.051779
 28 1.854841 1.227791 -13.762345 2.790394 0.173007 2.395784
 29 10.456543 -0.000004 0.000004 0.044167 0.091000 -1.293523
 30 24.248093 0.000001 0.000007 0.042106 0.047099 0.972379
 31 26.336971 0.000019 0.000002 0.390269 -0.097882 1.175593
 32 1.854847 1.227798 13.762341 -2.756808 -0.193560 2.567566
 33 10.456542 -0.000008 0.000004 -0.048279 -0.026042 -1.118215
 34 24.248116 0.000002 -0.000004 -0.036417 -0.091012 0.180222
 35 26.336975 0.000000 0.000004 0.047984 0.022774 0.446564
time 101
  0 0.000000 0.000000 0.000000 0.000000 -0.000000 -1.570796
  1 0.000000 0.000000 0.000000 0.000000 -0.000000 0.000000
  2 0.273446 28.170458 20.558714 -1.565237 -0.345208 1.796174
  3 4.222169 -0.467508 0.000000 0.010012 -0.004561 -0.169761
  4 4.476987 -0.000002 -0.000000 0.104576 -0.015173 -0.201118
  5 4.477083 0.000000 0.000002 -0.007285 0.066960 -0.027427
  6 4.477077 -0.000004 -0.000002 -0.009018 -0.028843 0.241099
  7 5.413502 -7.700466 -0.000000 0.002592 0.003296 -0.531294
  8 6.890240 0.000002 -0.000000 0.000407 -0.082589 -0.105605
  9 8.011925 0.000004 0.000005 0.000000 -0.036792 -0.247081
 10 7.210720 -0.000002 -0.000000 -0.001427 0.149626 -0.406094
 11 8.581028 -0.304903 -0.000000 0.068734 0.059526 1.066269
 12 22.523008 2.194031 6.355708 0.000000 -0.000000 0.000000
 13 22.523005 2.194038 -6.355709 0.000000 -0.000000 0.000000
 14 -3.006533 7.804720 -11.355459 0.140554 0.241920 1.100331
 15 10.384675 0.000008 0.000005 -0.026124 0.164437 -2.374610
 16 22.550743 -0.000006 -0.000004 0.117908 0.228741 2.109493
 17 30.814247 -0.000015 -0.000004 2.625050 -0.064791 0.382720
 18 -3.013796 7.815494 11.355459 -0.208018 -0.368701 1.955812
 19 10.374533 -0.000002 0.000007 0.028216 -0.084957 -1.918021
 20 22.550726 -0.000027 -0.000013 -0.132649 0.029702 2.227891
 21 30.814270 -0.000023 0.000002 -3.109917 0.080304 0.877788
 22 -4.250660 -0.770624 0.000001 0.000000 0.000000 -3.060954
 23 10.363422 0.000000 0.000000 -0.000000 0.051742 0.009711
 24 10.363076 0.000000 -0.000000 0.000000 0.019472 -0.083985
 25 10.363081 -0.000004 -0.000002 0.096158 -0.040240 0.087850
 26 8.210358 -0.000006 -13.532293 0.000000 0.000000 -0.001121
 27 8.210346 -0.000002 7.704017 0.000000 0.000000 0.049813
 28 1.854841 1.227791 -13.762345 2.776059 0.173920 2.346885
 29 10.456543 -0.000004 0.000004 0.044796 0.091444 -1.285360
 30 24.248093 0.000001 0.000007 0.046110 0.047099 0.972379
 31 26.336971 0.000019 0.000002 0.401928 -0.098381 1.196192
 32 1.854847 1.227798 13.762341 -2.751034 -0.193669 2.561190
 33 10.456542 -0.000008 0.000004 -0.051535 -0.020253 -1.110333
 34 24.248116 0.000002 -0.000004 -0.037816 -0.095734 1.177705
 35 26.336975 0.000000 0.000004 0.047984 0.025535 0.438708
time 102
  0 0.000000 0.000000 0.000000 0.000000 -0.000000 -1.570796
  1 0.000000 0.000000 0.000000 0.000000 -0.000000 0.000000
  2 5.879086 -2.939867 49.176773 -1.564470 -0.357055 1.790423
  3 4.222169 -0.467508 0.000000 0.014638 0.000797 0.025344
  4 4.476987 -0.000002 -0.000000 0.014344 -0.012753 -0.200052
  5 4.477083 0.000000 0.000002 0.006294 0.066960 -0.027427
  6 4.477077 -0.000004 -0.000002 0.018415 -0.028486 0.245927
  7 5.413502 -7.700466 -0.000000 0.007217 0.003908 -0.534592
  8 6.890240 0.000002 -0.000000 -0.000132 -0.079164 -0.080147
  9 8.011925 0.000004 0.000005 -0.001008 -0.035242 -0.216296
 10 7.210720 -0.000002 -0.000000 -0.020149 0.143570 -0.413067
 11 8.581028 -0.304903 -0.000000 0.091881 0.077401 1.070615
 12 22.523008 2.194031 6.355708 0.000000 -0.000000 0.000000
 13 22.523005 2.194038 -6.355709 0.000000 -0.000000 0.000000
 14 -3.006533 7.804720 -11.355459 0.144244 0.241708 1.171751
 15 10.384675 0.000008 0.000005 -0.035835 0.164416 -2.378276
 16 22.550743 -0.000006 -0.000004 0.149814 0.204778 2.117000
 17 30.814247 -0.000015 -0.000004 2.855938 -0.062158 0.366246
 18 -3.013796 7.815494 11.355459 -0.287645 -0.386525 1.910782
 19 10.374533 -0.000002 0.000007 0.052955 -0.079110 -1.918021
 20 22.550726 -0.000027 -0.000013 -0.192541 0.052670 2.159278
 21 30.814270 -0.000023 0.000002 -2.550489 0.069220 0.849980
 22 -4.250660 -0.770624 0.000001 0.000000 0.000000 -3.097315
 23 10.363422 0.000000 0.000000 -0.000000 0.033789 0.183493
 24 10.363076 0.000000 -0.000000 0.000000 0.013827 -0.083985
 25 10.363081 -0.000004 -0.000002 -0.002398 -0.046834 0.085998
 26 8.210358 -0.000006 -10.579079 0.000000 0.000000 0.016611
 27 8.210346 -0.000002 7.704017 0.000000 0.000000 0.045370
 28 1.854841 1.227791 -13.762345 2.743430 0.371000 2.298594
 29 10.456543 -0.000004 0.000004 0.046439 0.091800 -1.273029
 30 24.248093 0.000001 0.000007 -0.023585 0.047099 0.972379
 31 26.336971 0.000019 0.000002 0.194024 -0.098329 1.212042
 32 1.854847 1.227798 13.762341 -2.741311 -0.193724 2.556667
 33 10.456542 -0.000008 0.000004 -0.038851 -0.014938 -1.102963
 34 24.248116 0.000002 -0.000004 0.075806 -0.098322 1.090173
 35 26.336975 0.000000 0.000004 0.047984 0.028327 0.432152
time 103
  0 0.000000 0.000000 0.000000 0.000000 -0.000000 -1.570796
  1 0.000000 0.000000 0.000000 0.000000 -0.000000 0.000000
  2 5.957213 -2.834395 -7.391357 -1.563990 -0.365073 1.784095
  3 4.222169 -0.467508 0.000000 0.014578 0.000482 0.024317
  4 4.476987 -0.000002 -0.000000 -0.092474 -0.010740 -0.194303
  5 4.477083 0.000000 0.000002 0.011878 0.066960 -0.027427
  6 4.477077 -0.000004 -0.000002 0.030603 -0.028053 0.249181
  7 5.413502 -7.700466 -0.000000 -0.149556 0.004639 -0.538326
  8 6.890240 0.000002 -0.000000 -0.000683 -0.075753 -0.012078
  9 8.011925 0.000004 0.000005 -0.001454 -0.033117 -0.175077
 10 7.210720 -0.000002 -0.000000 -0.026024 0.136897 -0.407623
 11 8.581028 -0.304903 -0.000000 0.100240 0.094490 1.078326
 12 22.523008 2.194031 6.355708 0.000000 -0.000000 0.000000
 13 22.523005 2.194038 -6.355709 0.000000 -0.000000 0.000000
 14 -3.006533 7.804720 -11.355459 0.135128 0.241602 1.242141
 15 10.384675 0.000008 0.000005 -0.033444 0.164394 -2.360725
 16 22.550743 -0.000006 -0.000004 0.147111 0.181016 2.123779
 17 30.814247 -0.000015 -0.000004 2.876860 -0.059619 0.350346
 18 -3.013796 7.815494 11.355459 -0.283369 -0.404050 1.863187
 19 10.374533 -0.000002 0.000007 0.042574 -0.073396 -1.917673
 20 22.550726 -0.000027 -0.000013 -0.192827 0.074460 2.086571
 21 30.814270 -0.000023 0.000002 -2.554453 0.054711 0.818072
 22 -4.250660 -0.770624 0.000001 0.000000 0.000000 -3.128861
 23 10.363422 0.000000 0.000000 0.000000 0.015848 0.007335
 24 10.363076 0.000000 -0.000000 0.000000 0.007727 -0.083985
 25 10.363081 -0.000004 -0.000002 -0.002398 -0.054106 0.080709
 26 8.210358 -0.000006 -7.676646 0.000000 0.000000 0.034412
 27 8.210346 -0.000002 7.704017 0.000000 0.000000 0.038894
 28 1.854841 1.227791 -13.762345 2.735911 0.346402 2.601784
 29 10.456543 -0.000004 0.000004 0.046753 0.092192 -1.257398
 30 24.248093 0.000001 0.000007 -0.027663 0.047099 0.972379
 31 26.336971 0.000019 0.000002 0.190109 -0.097750 1.224302
 32 1.854847 1.227798 13.762341 -2.741547 -0.193696 2.554297
 33 10.456542 -0.000008 0.000004 -0.035832 -0.010541 -1.095948
 34 24.248116 0.000002 -0.000004 -0.007166 -0.098538 0.953086
 35 26.336975 0.000000 0.000004 0.047984 0.031088 0.426726
time 104
  0 0.000000 0.000000 0.000000 0.000000 -0.000000 -1.570796
  1 0.000000 0.000000 0.000000 0.000000 -0.000000 0.000000
  2 8.019776 -2.818770 -7.141350 -1.563703 -0.367985 1.777289
  3 4.222169 -0.467508 0.000000 0.014458 0.000055 0.022109
  4 4.476987 -0.000002 -0.000000 -0.091132 -0.009133 -0.188443
  5 4.477083 0.000000 0.000002 0.017859 0.066960 -0.027427
  6 4.477077 -0.000004 -0.000002 0.042888 -0.027546 0.251050
  7 5.413502 -7.700466 -0.000000 -0.141887 0.005386 -0.542371
  8 6.890240 0.000002 -0.000000 -0.000036 -0.069048 0.056782
  9 8.011925 0.000004 0.000005 -0.001912 -0.030449 -0.120880
 10 7.210720 -0.000002 -0.000000 -0.032475 0.130735 -0.392632
 11 8.581028 -0.304903 -0.000000 0.113881 0.105928 1.089016
 12 22.523008 2.194031 6.355708 0.000000 -0.000000 0.000000
 13 22.523005 2.194038 -6.355709 0.000000 -0.000000 0.000000
 14 -3.006533 7.804720 -11.355459 0.131167 0.241567 1.305527
 15 10.384675 0.000008 0.000005 -0.030979 0.164331 -2.326291
 16 22.550743 -0.000006 -0.000004 0.143784 0.158603 2.128319
 17 30.814247 -0.000015 -0.000004 2.896734 -0.057581 0.335054
 18 -3.013796 7.815494 11.355459 -0.279245 -0.421239 1.815991
 19 10.374533 -0.000002 0.000007 0.933195 -0.185887 -1.456052
 20 22.550726 -0.000027 -0.000013 -0.194012 0.094425 2.012994
 21 30.814270 -0.000023 0.000002 -2.564311 0.037437 0.782316
 22 -4.250660 -0.770624 0.000001 0.000000 0.000000 3.129666
 23 10.363422 0.000000 0.000000 0.000000 -0.002009 0.007335
 24 10.363076 0.000000 -0.000000 0.000000 0.001279 -0.083985
 25 10.363081 -0.000004 -0.000002 -0.003863 -0.061963 0.073192
 26 8.210358 -0.000006 -4.992970 0.000000 0.000000 0.051261
 27 8.210346 -0.000002 7.704017 0.000000 0.000000 0.030823
 28 1.854841 1.227791 -13.762345 2.728040 0.324025 2.487684
 29 10.456543 -0.000004 0.000004 0.047102 0.092566 -1.241550
 30 24.248093 0.000001 0.000007 -0.032186 0.047099 0.972379
 31 26.336971 0.000019 0.000002 0.186324 -0.096726 1.234243
 32 1.854847 1.227798 13.762341 -2.466039 -0.193614 2.554297
 33 10.456542 -0.000008 0.000004 -0.000935 -0.007229 -1.089327
 34 24.248116 0.000002 -0.000004 -0.031508 -0.096740 0.934706
 35 26.336975 0.000000 0.000004 0.047984 0.033818 0.422205
time 105
  0 0.000000 0.000000 0.000000 0.000000 -0.000000 -1.570796
  1 0.000000 0.000000 0.000000 0.000000 -0.000000 0.000000
  2 0.789087 -2.838302 -6.867905 -1.563607 -0.365791 1.769140
  3 4.222169 -0.467508 0.000000 0.014278 -0.000427 0.018827
  4 4.476987 -0.000002 -0.000000 -0.089778 -0.007891 -0.182516
  5 4.477083 0.000000 0.000002 -0.031086 0.066960 -0.027427
  6 4.477077 -0.000004 -0.000002 0.055148 -0.026888 0.251751
  7 5.413502 -7.700466 -0.000000 -0.133925 0.006151 -0.545140
  8 6.890240 0.000002 -0.000000 -0.000348 -0.062161 0.200343
  9 8.011925 0.000004 0.000005 -0.002357 -0.027494 -0.053548
 10 7.210720 -0.000002 -0.000000 -0.039338 0.125068 -0.375040
 11 8.581028 -0.304903 -0.000000 0.128095 0.116905 1.102265
 12 22.523008 2.194031 6.355708 0.000000 -0.000000 0.000000
 13 22.523005 2.194038 -6.355709 0.000000 -0.000000 0.000000
 14 -3.006533 7.804720 -11.355459 0.084992 0.241637 1.357238
 15 10.384675 0.000008 0.000005 -0.028663 0.164246 -2.279527
 16 22.550743 -0.000006 -0.000004 0.139642 0.139089 2.129530
 17 30.814247 -0.000015 -0.000004 2.915298 -0.056108 0.320443
 18 -3.013796 7.815494 11.355459 -0.275935 -0.437830 1.771473
 19 10.374533 -0.000002 0.000007 0.899692 -0.188678 -1.920225
 20 22.550726 -0.000027 -0.000013 -0.196259 0.111877 1.941528
 21 30.814270 -0.000023 0.000002 -2.578869 0.017766 0.742320
 22 -4.250660 -0.770624 0.000001 0.000000 0.000000 3.114584
 23 10.363422 0.000000 0.000000 0.000000 -0.020034 0.004716
 24 10.363076 0.000000 -0.000000 0.000000 0.001279 -0.083985
 25 10.363081 -0.000004 -0.000002 -0.006239 -0.070267 0.064735
 26 8.210358 -0.000006 -2.649149 0.000000 0.000000 0.065834
 27 8.210346 -0.000002 7.704017 0.000000 0.000000 0.021668
 28 1.854841 1.227791 -13.762345 2.719904 0.283464 2.487684
 29 10.456543 -0.000004 0.000004 0.047452 0.092957 -1.225398
 30 24.248093 0.000001 0.000007 -0.037042 0.047099 0.972379
 31 26.336971 0.000019 0.000002 0.663777 -0.095254 1.242913
 32 1.854847 1.227798 13.762341 -2.719770 0.021779 2.556839
 33 10.456542 -0.000008 0.000004 -0.000291 -0.005003 -1.083021
 34 24.248116 0.000002 -0.000004 -0.033580 -0.093253 0.937956
 35 26.336975 0.000000 0.000004 0.047984 0.036455 0.418362
time 106
  0 0.000000 0.000000 0.000000 0.000000 -0.000000 -1.570796
  1 0.000000 0.000000 0.000000 0.000000 -0.000000 0.000000
  2 0.023438 -2.955492 -6.629616 -1.563415 -0.359688 1.759266
  3 4.222169 -0.467508 0.000000 0.014039 -0.001020 0.014534
  4 4.476987 -0.000002 -0.000000 -0.088436 -0.006949 -0.176523
  5 4.477083 0.000000 0.000002 -0.025094 0.066960 -0.027427
  6 4.477077 -0.000004 -0.000002 -0.020187 -0.026024 0.251502
  7 5.413502 -7.700466 -0.000000 -0.125817 0.006915 -0.547256
  8 6.890240 0.000002 -0.000000 -0.000372 -0.054698 0.342810
  9 8.011925 0.000004 0.000005 -0.002842 -0.024602 0.020090
 10 7.210720 -0.000002 -0.000000 -0.046640 0.119877 -0.354793
 11 8.581028 -0.304903 -0.000000 0.142838 0.127848 1.116810
 12 22.523008 2.194031 6.355708 0.000000 -0.000000 0.000000
 13 22.523005 2.194038 -6.355709 0.000000 -0.000000 0.000000
 14 -3.006533 7.804720 -11.355459 0.084938 0.241602 1.395970
 15 10.384675 0.000008 0.000005 -0.026684 0.164119 -2.224765
 16 22.550743 -0.000006 -0.000004 0.037273 0.123908 2.127714
 17 30.814247 -0.000015 -0.000004 2.932507 -0.054886 0.306369
 18 -3.013796 7.815494 11.355459 -0.273542 -0.453786 1.732713
 19 10.374533 -0.000002 0.000007 0.847179 -0.188678 -1.920225
 20 22.550726 -0.000027 -0.000013 -0.199752 0.126071 1.874962
 21 30.814270 -0.000023 0.000002 -2.596866 -0.003643 0.700315
 22 -4.250660 -0.770624 0.000001 0.000000 0.000000 3.111332
 23 10.363422 0.000000 0.000000 0.000000 -0.038131 0.000469
 24 10.363076 0.000000 -0.000000 0.000000 0.001279 -0.083985
 25 10.363081 -0.000004 -0.000002 -0.106901 -0.079002 0.056439
 26 8.210358 -0.000006 -0.703777 0.000000 0.000000 0.077010
 27 8.210346 -0.000002 7.704017 0.000000 0.000000 0.011970
 28 1.854841 1.227791 -13.762345 2.711681 0.230641 2.487684
 29 10.456543 -0.000004 0.000004 0.047819 0.093366 -1.209029
 30 24.248093 0.000001 0.000007 0.322444 0.047099 0.972379
 31 26.336971 0.000019 0.000002 0.353726 0.154760 1.250589
 32 1.854847 1.227798 13.762341 -2.722066 0.007497 2.568944
 33 10.456542 -0.000008 0.000004 0.000320 -0.003751 -1.077070
 34 24.248116 0.000002 -0.000004 -0.035705 -0.088399 0.941205
 35 26.336975 0.000000 0.000004 0.047984 0.038999 0.414914
time 107
  0 0.000000 0.000000 0.000000 0.000000 -0.000000 -1.570796
  1 0.000000 0.000000 0.000000 0.000000 -0.000000 0.000000
  2 8.386974 -2.994556 -5.606148 -1.563032 -0.350514 1.748050
  3 4.222169 -0.467508 0.000000 0.013763 -0.001669 0.009382
  4 4.476987 -0.000002 -0.000000 -0.087129 -0.006263 -0.170374
  5 4.477083 0.000000 0.000002 0.085931 0.066960 -0.027427
  6 4.477077 -0.000004 -0.000002 -0.020966 -0.024784 0.250630
  7 5.413502 -7.700466 -0.000000 0.027341 0.007680 -0.548812
  8 6.890240 0.000002 -0.000000 -0.000144 -0.047993 0.393146
  9 8.011925 0.000004 0.000005 -0.003366 -0.022094 0.091549
 10 7.210720 -0.000002 -0.000000 -0.054244 0.115058 -0.332079
 11 8.581028 -0.304903 -0.000000 0.158338 0.138279 1.128727
 12 22.523008 2.194031 6.355708 0.000000 -0.000000 0.000000
 13 22.523005 2.194038 -6.355709 0.000000 -0.000000 0.000000
 14 -3.006533 7.804720 -11.355459 0.084504 0.241461 1.421516
 15 10.384675 0.000008 0.000005 -0.025265 0.163991 -2.167004
 16 22.550743 -0.000006 -0.000004 0.030988 0.112314 2.123235
 17 30.814247 -0.000015 -0.000004 2.948538 -0.054384 0.292796
 18 -3.013796 7.815494 11.355459 -0.271557 -0.469031 1.702560
 19 10.374533 -0.000002 0.000007 0.779972 -0.188279 -1.927125
 20 22.550726 -0.000027 -0.000013 -0.204429 0.136514 1.816523
 21 30.814270 -0.000023 0.000002 -2.616932 -0.026202 0.658534
 22 -4.250660 -0.770624 0.000001 -0.000000 -0.000000 3.124570
 23 10.363422 0.000000 0.000000 0.000000 -0.056180 -0.005253
 24 10.363076 0.000000 -0.000000 0.000000 0.001279 -0.083985
 25 10.363081 -0.000004 -0.000002 -0.113266 -0.088030 0.048976
 26 8.210358 -0.000006 0.866583 0.000000 0.000000 0.083532
 27 8.210346 -0.000002 7.704017 0.000000 0.000000 0.002068
 28 1.854841 1.227791 -13.762345 2.690310 0.176115 2.487684
 29 10.456543 -0.000004 0.000004 0.185937 0.093776 -1.192529
 30 24.248093 0.000001 0.000007 0.038658 0.047099 0.972379
 31 26.336971 0.000019 0.000002 0.360208 -0.231902 1.082978
 32 1.854847 1.227798 13.762341 -2.726455 -0.019017 2.487952
 33 10.456542 -0.000008 0.000004 0.206991 -0.003306 -1.071473
 34 24.248116 0.000002 -0.000004 -0.037985 -0.082503 0.944150
 35 26.336975 0.000000 0.000004 0.047984 0.041449 0.411636
time 108
  0 0.000000 0.000000 0.000000 0.000000 -0.000000 -1.570796
  1 0.000000 0.000000 0.000000 0.000000 -0.000000 0.000000
  2 9.515915 -3.174249 -4.586584 -1.562744 -0.339065 1.735971
  3 4.222169 -0.467508 0.000000 0.013452 -0.002373 0.003386
  4 4.476987 -0.000002 -0.000000 -0.085859 -0.005792 -0.164092
  5 4.477083 0.000000 0.000002 -0.089823 0.066960 -0.027427
  6 4.477077 -0.000004 -0.000002 -0.021314 -0.022322 0.248076
  7 5.413502 -7.700466 -0.000000 0.002685 0.008360 -0.549590
  8 6.890240 0.000002 -0.000000 0.000216 -0.041758 0.433126
  9 8.011925 0.000004 0.000005 -0.003942 -0.019969 0.153689
 10 7.210720 -0.000002 -0.000000 -0.062040 0.110644 -0.306629
 11 8.581028 -0.304903 -0.000000 0.174527 0.143452 1.133459
 12 22.523008 2.194031 6.355708 0.000000 -0.000000 0.000000
 13 22.523005 2.194038 -6.355709 0.000000 -0.000000 0.000000
 14 -3.006533 7.804720 -11.355459 0.084124 0.241602 1.431611
 15 10.384675 0.000008 0.000005 -0.024517 0.163928 -2.110076
 16 22.550743 -0.000006 -0.000004 0.024927 0.102183 2.116637
 17 30.814247 -0.000015 -0.000004 2.963694 -0.060121 0.285311
 18 -3.013796 7.815494 11.355459 -0.270742 -0.483717 1.679532
 19 10.374533 -0.000002 0.000007 0.702855 -0.188678 -1.938316
 20 22.550726 -0.000027 -0.000013 -0.209557 0.142934 1.768444
 21 30.814270 -0.000023 0.000002 -2.637805 -0.049348 0.616781
 22 -4.250660 -0.770624 0.000001 0.000000 0.000000 -3.100899
 23 10.363422 0.000000 0.000000 0.000000 -0.073198 -0.012295
 24 10.363076 0.000000 -0.000000 0.000000 0.001279 -0.083985
 25 10.363081 -0.000004 -0.000002 -0.119077 -0.097273 0.042989
 26 8.210358 -0.000006 2.073651 0.000000 0.000000 0.086284
 27 8.210346 -0.000002 7.704017 0.000000 0.000000 -0.007460
 28 1.854841 1.227791 -13.762345 2.694092 0.120653 2.487684
 29 10.456543 -0.000004 0.000004 0.041861 0.234032 -1.175987
 30 24.248093 0.000001 0.000007 0.039363 0.047099 0.972379
 31 26.336971 0.000019 0.000002 0.374086 -0.239917 0.979209
 32 1.854847 1.227798 13.762341 -2.730979 -0.067557 2.479508
 33 10.456542 -0.000008 0.000004 -0.084533 -0.003250 -1.066232
 34 24.248116 0.000002 -0.000004 -0.040498 -0.075947 0.947399
 35 26.336975 0.000000 0.000004 0.047984 0.043745 0.408415
time 109
  0 0.000000 0.000000 0.000000 0.000000 -0.000000 -1.570796
  1 0.000000 0.000000 0.000000 0.000000 -0.000000 0.000000
  2 10.711265 -2.963305 -2.582617 -1.562553 -0.326221 1.723509
  3 4.222169 -0.467508 0.000000 0.013116 -0.003115 -0.003330
  4 4.476987 -0.000002 -0.000000 -0.084636 -0.003608 -0.157611
  5 4.477083 0.000000 0.000002 -0.076915 0.066960 -0.027427
  6 4.477077 -0.000004 -0.000002 -0.021410 -0.020499 0.231475
  7 5.413502 -7.700466 -0.000000 0.000080 0.009294 -0.546914
  8 6.890240 0.000002 -0.000000 0.000587 -0.036021 0.470197
  9 8.011925 0.000004 0.000005 -0.004558 -0.018180 0.206822
 10 7.210720 -0.000002 -0.000000 -0.069918 0.106565 -0.278632
 11 8.581028 -0.304903 -0.000000 0.190831 0.147771 1.131321
 12 22.523008 2.194031 6.355708 0.000000 -0.000000 0.000000
 13 22.523005 2.194038 -6.355709 0.000000 -0.000000 0.000000
 14 -3.006533 7.804720 -11.355459 0.083853 0.241743 1.404004
 15 10.384675 0.000008 0.000005 -0.024256 0.163906 -2.058813
 16 22.550743 -0.000006 -0.000004 0.021585 0.094837 2.108525
 17 30.814247 -0.000015 -0.000004 2.978502 -0.066359 0.278615
 18 -3.013796 7.815494 11.355459 -0.280059 -0.497879 1.659411
 19 10.374533 -0.000002 0.000007 0.616435 -0.188678 -1.953450
 20 22.550726 -0.000027 -0.000013 -0.214275 0.147154 1.733083
 21 30.814270 -0.000023 0.000002 -2.658116 -0.072396 0.575223
 22 -4.250660 -0.770624 0.000001 0.000000 0.000000 -3.038805
 23 10.363422 0.000000 0.000000 -0.000000 -0.087963 -0.020613
 24 10.363076 0.000000 -0.000000 0.000000 0.001279 -0.083985
 25 10.363081 -0.000004 -0.000002 -0.123559 -0.106625 0.038774
 26 8.210358 -0.000006 3.030712 0.000000 0.000000 0.087745
 27 8.210346 -0.000002 7.704017 0.000000 0.000000 -0.016209
 28 1.854841 1.227791 -13.762345 2.695587 0.063956 2.487684
 29 10.456543 -0.000004 0.000004 0.042735 0.028381 -1.153799
 30 24.248093 0.000001 0.000007 0.041958 0.047099 0.972379
 31 26.336971 0.000019 0.000002 0.393619 -0.260730 0.968384
 32 1.854847 1.227798 13.762341 -2.734727 -0.130846 2.482265
 33 10.456542 -0.000008 0.000004 -0.087924 -0.032442 -1.061266
 34 24.248116 0.000002 -0.000004 -0.043309 -0.068972 0.950649
 35 26.336975 0.000000 0.000004 0.047984 0.045917 0.405137
time 110
  0 0.000000 0.000000 0.000000 0.000000 -0.000000 -1.570796
  1 0.000000 0.000000 0.000000 0.000000 -0.000000 0.000000
  2 11.973022 -3.064871 -0.523960 -1.562552 -0.312658 1.711046
  3 4.222169 -0.467508 0.000000 0.012744 -0.003893 -0.010675
  4 4.476987 -0.000002 -0.000000 -0.083486 -0.000652 -0.150929
  5 4.477083 0.000000 0.000002 -0.063936 0.066960 -0.027427
  6 4.477077 -0.000004 -0.000002 -0.021494 -0.019033 0.204721
  7 5.413502 -7.700466 -0.000000 0.000930 0.010382 -0.536708
  8 6.890240 0.000002 -0.000000 0.000839 -0.033564 0.503592
  9 8.011925 0.000004 0.000005 -0.005213 -0.016710 0.251805
 10 7.210720 -0.000002 -0.000000 -0.077769 0.102805 -0.248087
 11 8.581028 -0.304903 -0.000000 0.207159 0.151357 1.128097
 12 22.523008 2.194031 6.355708 0.000000 -0.000000 0.000000
 13 22.523005 2.194038 -6.355709 0.000000 -0.000000 0.000000
 14 -3.006533 7.804720 -11.355459 0.083582 0.241849 1.375642
 15 10.384675 0.000008 0.000005 -0.024256 0.163949 -2.016992
 16 22.550743 -0.000006 -0.000004 0.018594 0.106201 2.099385
 17 30.814247 -0.000015 -0.000004 2.993178 -0.072628 0.272204
 18 -3.013796 7.815494 11.355459 -0.290191 -0.505688 1.644819
 19 10.374533 -0.000002 0.000007 0.519769 -0.186352 -1.972064
 20 22.550726 -0.000027 -0.000013 -0.217932 0.151513 1.709136
 21 30.814270 -0.000023 0.000002 -2.348637 -0.102980 0.533274
 22 -4.250660 -0.770624 0.000001 0.000000 0.000000 -2.983087
 23 10.363422 0.000000 0.000000 0.000000 -0.099504 -0.030032
 24 10.363076 0.000000 -0.000000 0.000000 0.001279 -0.083985
 25 10.363081 -0.000004 -0.000002 -0.125775 -0.115930 0.036653
 26 8.210358 -0.000006 3.874487 0.000000 0.000000 0.087846
 27 8.210346 -0.000002 7.704017 0.000000 0.000000 -0.023736
 28 1.854841 1.227791 -13.762345 2.694840 0.007358 2.487684
 29 10.456543 -0.000004 0.000004 0.044080 0.039769 -1.235297
 30 24.248093 0.000001 0.000007 0.045109 0.047099 0.972379
 31 26.336971 0.000019 0.000002 0.416893 -0.290083 0.971919
 32 1.854847 1.227798 13.762341 -2.737462 -0.196077 2.482265
 33 10.456542 -0.000008 0.000004 -0.091383 -0.083898 -1.056655
 34 24.248116 0.000002 -0.000004 -0.046392 -0.061949 1.338604
 35 26.336975 0.000000 0.000004 0.047984 0.047933 0.401859
time 111
  0 0.000000 0.000000 0.000000 0.000000 -0.000000 -1.570796
  1 0.000000 0.000000 0.000000 0.000000 -0.000000 0.000000
  2 13.391033 -3.072684 1.706575 -1.562840 -0.299175 1.698968
  3 4.222169 -0.467508 0.000000 0.012361 -0.004690 -0.018556
  4 4.476987 -0.000002 -0.000000 -0.082395 0.004189 -0.144759
  5 4.477083 0.000000 0.000002 -0.050825 0.066960 -0.027427
  6 4.477077 -0.000004 -0.000002 0.086787 -0.017548 0.173045
  7 5.413502 -7.700466 -0.000000 0.001781 0.010348 -0.525195
  8 6.890240 0.000002 -0.000000 0.001079 -0.031616 0.495447
  9 8.011925 0.000004 0.000005 -0.005867 -0.015512 0.289727
 10 7.210720 -0.000002 -0.000000 -0.085565 0.099309 -0.215075
 11 8.581028 -0.304903 -0.000000 0.223440 0.153781 1.123610
 12 22.523008 2.194031 6.355708 0.000000 -0.000000 0.000000
 13 22.523005 2.194038 -6.355709 0.000000 -0.000000 0.000000
 14 -3.006533 7.804720 -11.355459 0.083473 0.241955 1.348379
 15 10.384675 0.000008 0.000005 -0.024293 0.163928 -1.985668
 16 22.550743 -0.000006 -0.000004 0.015731 0.118886 2.090063
 17 30.814247 -0.000015 -0.000004 3.007330 -0.078961 0.266188
 18 -3.013796 7.815494 11.355459 -0.300373 -0.512676 1.667391
 19 10.374533 -0.000002 0.000007 0.418250 0.076006 -1.994040
 20 22.550726 -0.000027 -0.000013 -0.220710 0.157893 1.694372
 21 30.814270 -0.000023 0.000002 -2.348461 -0.056810 0.491158
 22 -4.250660 -0.770624 0.000001 0.000000 0.000000 -2.941836
 23 10.363422 0.000000 0.000000 -0.000000 -0.106563 -0.040396
 24 10.363076 0.000000 -0.000000 0.000000 0.001279 -0.083985
 25 10.363081 -0.000004 -0.000002 -0.124864 -0.125220 0.037082
 26 8.210358 -0.000006 4.612791 0.000000 0.000000 0.086691
 27 8.210346 -0.000002 7.704017 0.000000 0.000000 -0.029637
 28 1.854841 1.227791 -13.762345 2.694092 -0.026887 2.487684
 29 10.456543 -0.000004 0.000004 0.045460 0.055161 -1.243807
 30 24.248093 0.000001 0.000007 0.049928 0.047099 0.972379
 31 26.336971 0.000019 0.000002 0.441255 -0.323693 0.975453
 32 1.854847 1.227798 13.762341 -2.739251 -0.262375 2.482265
 33 10.456542 -0.000008 0.000004 -0.138524 -0.089352 -1.052320
 34 24.248116 0.000002 -0.000004 -0.049747 -0.055202 0.949836
 35 26.336975 0.000000 0.000004 0.047984 0.049856 0.398525
time 112
  0 0.000000 0.000000 0.000000 0.000000 -0.000000 -1.570796
  1 0.000000 0.000000 0.000000 0.000000 -0.000000 0.000000
  2 15.051241 -2.998463 3.710544 -1.563415 -0.286610 1.687847
  3 4.222169 -0.467508 0.000000 0.011965 -0.005469 -0.026852
  4 4.476987 -0.000002 -0.000000 -0.081413 0.009222 -0.139520
  5 4.477083 0.000000 0.000002 -0.015770 0.066960 -0.027427
  6 4.477077 -0.000004 -0.000002 -0.038068 0.135121 0.140513
  7 5.413502 -7.700466 -0.000000 0.105893 0.010891 -0.509700
  8 6.890240 0.000002 -0.000000 0.001366 -0.030165 0.477086
  9 8.011925 0.000004 0.000005 -0.006548 -0.014570 0.321680
 10 7.210720 -0.000002 -0.000000 -0.093224 0.096008 -0.179783
 11 8.581028 -0.304903 -0.000000 0.239514 0.037521 1.118002
 12 22.523008 2.194031 6.355708 0.000000 -0.000000 0.000000
 13 22.523005 2.194038 -6.355709 0.000000 -0.000000 0.000000
 14 -3.006533 7.804720 -11.355459 0.083365 0.242026 1.321803
 15 10.384675 0.000008 0.000005 -0.024592 0.163843 -1.965007
 16 22.550743 -0.000006 -0.000004 0.013045 0.131513 2.081225
 17 30.814247 -0.000015 -0.000004 3.019909 -0.085387 0.260458
 18 -3.013796 7.815494 11.355459 -0.310658 -0.519365 1.692585
 19 10.374533 -0.000002 0.000007 0.317270 -0.189940 -2.018858
 20 22.550726 -0.000027 -0.000013 -0.223018 0.166628 1.686555
 21 30.814270 -0.000023 0.000002 -2.349689 -0.015412 0.449154
 22 -4.250660 -0.770624 0.000001 0.000000 0.000000 -2.922298
 23 10.363422 0.000000 0.000000 0.000000 -0.108085 -0.051598
 24 10.363076 0.000000 -0.000000 0.000000 0.001279 -0.083985
 25 10.363081 -0.000004 -0.000002 -0.119496 -0.134325 0.040653
 26 8.210358 -0.000006 5.257342 0.000000 0.000000 0.084382
 27 8.210346 -0.000002 7.704017 0.000000 0.000000 -0.033638
 28 1.854841 1.227791 -13.762345 2.693520 -0.052891 2.487684
 29 10.456543 -0.000004 0.000004 0.046753 0.074522 -1.241029
 30 24.248093 0.000001 0.000007 0.056342 0.047099 0.972379
 31 26.336971 0.000019 0.000002 0.463877 -0.357146 1.408039
 32 1.854847 1.227798 13.762341 -2.739994 -0.330014 2.482265
 33 10.456542 -0.000008 0.000004 -0.139711 -0.087571 -1.048339
 34 24.248116 0.000002 -0.000004 -0.053297 -0.049066 0.953543
 35 26.336975 0.000000 0.000004 0.047984 0.051656 0.395134
time 113
  0 0.000000 0.000000 0.000000 0.000000 -0.000000 -1.570796
  1 0.000000 0.000000 0.000000 0.000000 -0.000000 0.000000
  2 16.898952 -2.881272 5.573882 -1.564470 -0.275760 1.678069
  3 4.222169 -0.467508 0.000000 0.011570 -0.006266 -0.035546
  4 4.476987 -0.000002 -0.000000 -0.080526 0.014426 -0.134215
  5 4.477083 0.000000 0.000002 0.019692 0.066960 -0.027427
  6 4.477077 -0.000004 -0.000002 -0.037984 -0.228494 0.024199
  7 5.413502 -7.700466 -0.000000 0.000040 0.135368 -0.494142
  8 6.890240 0.000002 -0.000000 0.001486 -0.029368 0.449881
  9 8.011925 0.000004 0.000005 -0.007229 -0.013819 0.348519
 10 7.210720 -0.000002 -0.000000 -0.100801 0.092848 -0.141917
 11 8.581028 -0.304903 -0.000000 0.255451 0.005750 1.111202
 12 22.523008 2.194031 6.355708 0.000000 -0.000000 0.000000
 13 22.523005 2.194038 -6.355709 0.000000 -0.000000 0.000000
 14 -3.006533 7.804720 -11.355459 0.083365 0.242061 1.295432
 15 10.384675 0.000008 0.000005 -0.024854 0.163928 -1.956843
 16 22.550743 -0.000006 -0.000004 0.010486 0.144140 2.073779
 17 30.814247 -0.000015 -0.000004 3.029868 -0.091939 0.254979
 18 -3.013796 7.815494 11.355459 -0.321095 -0.525642 1.717665
 19 10.374533 -0.000002 0.000007 0.216357 -0.189940 -2.046227
 20 22.550726 -0.000027 -0.000013 -0.225183 0.177406 1.684260
 21 30.814270 -0.000023 0.000002 -2.353723 0.019478 0.409548
 22 -4.250660 -0.770624 0.000001 0.000000 0.000000 -2.918048
 23 10.363422 0.000000 0.000000 -0.000000 -0.101889 -0.063437
 24 10.363076 0.000000 -0.000000 0.000000 0.001279 -0.083985
 25 10.363081 -0.000004 -0.000002 -0.103946 -0.143152 0.048116
 26 8.210358 -0.000006 5.815953 0.000000 0.000000 0.081052
 27 8.210346 -0.000002 7.704017 0.000000 0.000000 -0.035469
 28 1.854841 1.227791 -13.762345 2.693564 -0.064388 2.487684
 29 10.456543 -0.000004 0.000004 0.047958 0.094701 -1.238250
 30 24.248093 0.000001 0.000007 0.056342 0.047099 0.972379
 31 26.336971 0.000019 0.000002 0.481366 -0.386683 0.927627
 32 1.854847 1.227798 13.762341 -2.739656 -0.397516 2.482265
 33 10.456542 -0.000008 0.000004 -0.140830 -0.085790 -1.044635
 34 24.248116 0.000002 -0.000004 -0.057027 -0.044152 0.957503
 35 26.336975 0.000000 0.000004 0.047984 0.053331 0.391799
time 114
  0 0.000000 0.000000 0.000000 0.000000 -0.000000 -1.570796
  1 0.000000 0.000000 0.000000 0.000000 -0.000000 0.000000
  2 0.789087 -2.760174 7.288778 -1.566004 -0.267543 1.670208
  3 4.222169 -0.467508 0.000000 0.011162 -0.007008 -0.044516
  4 4.476987 -0.000002 -0.000000 -0.079759 0.019845 -0.128821
  5 4.477083 0.000000 0.000002 0.019692 0.066960 -0.027427
  6 4.477077 -0.000004 -0.000002 -0.037685 -0.220676 -0.004720
  7 5.413502 -7.700466 -0.000000 0.000399 -0.110680 -0.205892
  8 6.890240 0.000002 -0.000000 0.001678 -0.030244 0.412135
  9 8.011925 0.000004 0.000005 -0.007910 -0.013244 0.370997
 10 7.210720 -0.000002 -0.000000 -0.108377 0.089829 -0.101879
 11 8.581028 -0.304903 -0.000000 0.270423 0.002403 1.103316
 12 22.523008 2.194031 6.355708 0.000000 -0.000000 0.000000
 13 22.523005 2.194038 -6.355709 0.000000 -0.000000 0.000000
 14 -3.006533 7.804720 -11.355459 0.083419 0.242097 1.269130
 15 10.384675 0.000008 0.000005 -0.025040 0.164013 -1.979169
 16 22.550743 -0.000006 -0.000004 0.008039 0.156910 2.068513
 17 30.814247 -0.000015 -0.000004 3.037293 -0.098584 0.250538
 18 -3.013796 7.815494 11.355459 -0.331736 -0.531621 1.742745
 19 10.374533 -0.000002 0.000007 0.115916 -0.193894 -2.075799
 20 22.550726 -0.000027 -0.000013 -0.227675 0.190048 1.686555
 21 30.814270 -0.000023 0.000002 -2.361827 0.052044 0.375186
 22 -4.250660 -0.770624 0.000001 0.000000 0.000000 -2.913285
 23 10.363422 0.000000 0.000000 0.000000 -0.074876 -0.075892
 24 10.363076 0.000000 -0.000000 0.000000 0.001279 -0.083985
 25 10.363081 -0.000004 -0.000002 -0.079101 -0.151626 0.058399
 26 8.210358 -0.000006 6.284718 0.000000 0.000000 0.076772
 27 8.210346 -0.000002 7.704017 0.000000 0.000000 -0.036351
 28 1.854841 1.227791 -13.762345 2.694268 -0.062118 2.487684
 29 10.456543 -0.000004 0.000004 0.049111 0.115147 -0.898147
 30 24.248093 0.000001 0.000007 0.056342 0.047099 0.972379
 31 26.336971 0.000019 0.000002 0.492633 -0.408705 0.932432
 32 1.854847 1.227798 13.762341 -2.739285 -0.438887 2.482265
 33 10.456542 -0.000008 0.000004 -0.141881 0.132192 -1.041206
 34 24.248116 0.000002 -0.000004 -0.060823 -0.041923 0.961717
 35 26.336975 0.000000 0.000004 0.047984 0.054913 0.388465
time 115
  0 0.000000 0.000000 0.000000 0.000000 -0.000000 -1.570796
  1 0.000000 0.000000 0.000000 0.000000 -0.000000 0.000000
  2 0.023438 -2.678140 8.023175 -1.568112 -0.262716 1.664456
  3 4.222169 -0.467508 0.000000 0.010767 -0.007731 -0.053655
  4 4.476987 -0.000002 -0.000000 -0.079124 0.025478 -0.123360
  5 4.477083 0.000000 0.000002 0.019692 0.066960 -0.027427
  6 4.477077 -0.000004 -0.000002 -0.037133 -0.209476 -0.007773
  7 5.413502 -7.700466 -0.000000 0.000452 -0.109593 -0.662195
  8 6.890240 0.000002 -0.000000 0.001953 -0.031316 0.329732
  9 8.011925 0.000004 0.000005 -0.008605 -0.012796 0.389323
 10 7.210720 -0.000002 -0.000000 -0.116064 0.086915 -0.060822
 11 8.581028 -0.304903 -0.000000 0.277358 0.003496 1.094308
 12 22.523008 2.194031 6.355708 0.000000 -0.000000 0.000000
 13 22.523005 2.194038 -6.355709 0.000000 -0.000000 0.000000
 14 -3.006533 7.804720 -11.355459 0.083527 0.242132 1.242622
 15 10.384675 0.000008 0.000005 -0.025227 0.164076 -2.002107
 16 22.550743 -0.000006 -0.000004 0.006056 0.169709 2.066515
 17 30.814247 -0.000015 -0.000004 3.042273 -0.105763 0.252723
 18 -3.013796 7.815494 11.355459 -0.342529 -0.537338 1.768110
 19 10.374533 -0.000002 0.000007 0.014532 -0.200306 -2.107053
 20 22.550726 -0.000027 -0.000013 -0.230168 0.204301 1.692200
 21 30.814270 -0.000023 0.000002 -2.375333 0.080597 0.348327
 22 -4.250660 -0.770624 0.000001 0.000000 0.000000 -2.908599
 23 10.363422 0.000000 0.000000 -0.000000 -0.045813 -0.088766
 24 10.363076 0.000000 -0.000000 0.000000 0.001279 -0.083985
 25 10.363081 -0.000004 -0.000002 -0.057678 -0.159606 0.069567
 26 8.210358 -0.000006 6.667542 0.000000 0.000000 0.071745
 27 8.210346 -0.000002 7.704017 0.000000 0.000000 -0.037978
 28 1.854841 1.227791 -13.762345 2.695148 -0.048425 2.487684
 29 10.456543 -0.000004 0.000004 0.050160 0.135539 -1.227960
 30 24.248093 0.000001 0.000007 0.056342 0.047099 0.972379
 31 26.336971 0.000019 0.000002 0.497158 -0.422343 0.941876
 32 1.854847 1.227798 13.762341 -2.739015 -0.469943 2.482265
 33 10.456542 -0.000008 0.000004 -0.142899 -0.090048 -0.925534
 34 24.248116 0.000002 -0.000004 -0.064658 -0.042079 0.966084
 35 26.336975 0.000000 0.000004 0.047984 0.056402 0.385187
time 116
  0 0.000000 0.000000 0.000000 0.000000 -0.000000 -1.570796
  1 0.000000 0.000000 0.000000 0.000000 -0.000000 0.000000
  2 0.273446 -2.600013 8.605225 -1.570797 -0.262038 1.661389
  3 4.222169 -0.467508 0.000000 0.010359 -0.008379 -0.062886
  4 4.476987 -0.000002 -0.000000 -0.078620 0.031389 -0.117855
  5 4.477083 0.000000 0.000002 0.019692 0.066960 -0.027427
  6 4.477077 -0.000004 -0.000002 -0.036295 -0.193483 -0.006776
  7 5.413502 -7.700466 -0.000000 0.000385 -0.108404 -0.628684
  8 6.890240 0.000002 -0.000000 0.002325 -0.032557 0.249376
  9 8.011925 0.000004 0.000005 -0.009259 -0.012429 0.403858
 10 7.210720 -0.000002 -0.000000 -0.124025 0.084091 -0.020113
 11 8.581028 -0.304903 -0.000000 -0.204991 0.004589 1.084179
 12 22.523008 2.194031 6.355708 0.000000 -0.000000 0.000000
 13 22.523005 2.194038 -6.355709 0.000000 -0.000000 0.000000
 14 -3.006533 7.804720 -11.355459 0.540611 0.242167 1.215634
 15 10.384675 0.000008 0.000005 -0.025302 0.164140 -2.024156
 16 22.550743 -0.000006 -0.000004 0.007031 0.183312 2.070813
 17 30.814247 -0.000015 -0.000004 3.045112 -0.112942 0.256268
 18 -3.013796 7.815494 11.355459 -0.354188 -0.541972 1.793533
 19 10.374533 -0.000002 0.000007 -0.087257 -0.471933 -2.139931
 20 22.550726 -0.000027 -0.000013 0.034813 0.219397 1.700017
 21 30.814270 -0.000023 0.000002 -2.396802 0.103205 0.331899
 22 -4.250660 -0.770624 0.000001 0.000000 0.000000 -2.904016
 23 10.363422 0.000000 0.000000 -0.000000 -0.019735 -0.101947
 24 10.363076 0.000000 -0.000000 0.000000 0.001279 -0.083985
 25 10.363081 -0.000004 -0.000002 -0.042276 -0.166893 0.081783
 26 8.210358 -0.000006 6.964425 0.000000 0.000000 0.270639
 27 8.210346 -0.000002 7.704017 0.000000 0.000000 -0.040216
 28 1.854841 1.227791 -13.762345 2.695675 -0.025850 2.487684
 29 10.456543 -0.000004 0.000004 0.050963 0.154135 -1.226483
 30 24.248093 0.000001 0.000007 0.056342 0.047099 0.972379
 31 26.336971 0.000019 0.000002 0.494634 -0.427415 0.954854
 32 1.854847 1.227798 13.762341 -2.739015 -0.483268 2.482265
 33 10.456542 -0.000008 0.000004 -0.143882 -0.085762 -1.225137
 34 24.248116 0.000002 -0.000004 -0.068479 -0.042426 0.970552
 35 26.336975 0.000000 0.000004 0.047984 0.057767 0.381965
time 117
  0 0.000000 0.000000 0.000000 0.000000 -0.000000 -1.570796
  1 0.000000 0.000000 0.000000 0.000000 -0.000000 0.000000
  2 0.523453 -2.506260 9.038832 -1.572426 -0.263993 1.659951
  3 4.222169 -0.467508 0.000000 0.009964 -0.008973 -0.072040
  4 4.476987 -0.000002 -0.000000 -0.078285 0.037579 -0.112284
  5 4.477083 0.000000 0.000002 0.019692 0.066960 -0.027427
  6 4.477077 -0.000004 -0.000002 -0.035132 -0.171195 -0.005779
  7 5.413502 -7.700466 -0.000000 -0.000013 -0.107367 -0.594987
  8 6.890240 0.000002 -0.000000 0.002756 -0.033943 0.173046
  9 8.011925 0.000004 0.000005 -0.009914 -0.012109 0.414968
 10 7.210720 -0.000002 -0.000000 -0.132287 0.081248 0.018772
 11 8.581028 -0.304903 -0.000000 -0.204142 0.138314 1.072963
 12 22.523008 2.194031 6.355708 0.000000 -0.000000 0.000000
 13 22.523005 2.194038 -6.355709 0.000000 -0.000000 0.000000
 14 -3.006533 7.804720 -11.355459 0.064536 0.551837 1.188096
 15 10.384675 0.000008 0.000005 -0.025377 0.164182 -2.045650
 16 22.550743 -0.000006 -0.000004 0.008615 0.203286 2.076200
 17 30.814247 -0.000015 -0.000004 2.648724 -0.002378 0.602926
 18 -3.013796 7.815494 11.355459 -0.365847 -0.539693 1.820550
 19 10.374533 -0.000002 0.000007 -0.188777 -0.489109 -2.173910
 20 22.550726 -0.000027 -0.000013 -0.199323 0.143935 1.708951
 21 30.814270 -0.000023 0.000002 -2.439670 0.118130 0.328357
 22 -4.250660 -0.770624 0.000001 0.000000 0.000000 -2.899509
 23 10.363422 0.000000 0.000000 0.000000 -0.000427 -0.115283
 24 10.363076 0.000000 -0.000000 0.000000 0.001279 -0.083985
 25 10.363081 -0.000004 -0.000002 -0.024818 -0.172501 0.095126
 26 8.210358 -0.000006 23.418053 0.000000 0.000000 -0.002140
 27 8.210346 -0.000002 7.704017 0.000000 0.000000 -0.043031
 28 1.854841 1.227791 -13.762345 2.695543 0.003164 2.487684
 29 10.456543 -0.000004 0.000004 0.051540 0.169563 -1.221794
 30 24.248093 0.000001 0.000007 0.056342 0.047099 0.972379
 31 26.336971 0.000019 0.000002 0.484977 -0.423657 0.968660
 32 1.854847 1.227798 13.762341 -2.739217 -0.479848 2.482265
 33 10.456542 -0.000008 0.000004 -0.144832 -0.080642 -1.206850
 34 24.248116 0.000002 -0.000004 -0.072262 -0.043013 0.975071
 35 26.336975 0.000000 0.000004 0.047984 0.059039 0.378857
time 118
  0 0.000000 0.000000 0.000000 0.000000 -0.000000 -1.570796
  1 0.000000 0.000000 0.000000 0.000000 -0.000000 0.000000
  2 31.122044 -2.467196 9.277120 -1.572139 -0.266506 1.659375
  3 4.222169 -0.467508 0.000000 0.009580 -0.009473 -0.081163
  4 4.476987 -0.000002 -0.000000 -0.078105 0.044133 -0.106690
  5 4.477083 0.000000 0.000002 0.019692 0.066960 -0.027427
  6 4.477077 -0.000004 -0.000002 -0.033538 -0.141353 0.116204
  7 5.413502 -7.700466 -0.000000 -0.000146 -0.102915 -0.560947
  8 6.890240 0.000002 -0.000000 0.003272 -0.035511 0.100625
  9 8.011925 0.000004 0.000005 -0.010530 -0.011806 0.423014
 10 7.210720 -0.000002 -0.000000 -0.140907 0.078423 0.055029
 11 8.581028 -0.304903 -0.000000 -0.203223 0.009335 1.329809
 12 22.523008 2.194031 6.355708 0.000000 -0.000000 0.000000
 13 22.523005 2.194038 -6.355709 0.000000 -0.000000 0.000000
 14 -3.006533 7.804720 -11.355459 0.064645 0.184155 1.652670
 15 10.384675 0.000008 0.000005 -0.025377 0.164204 -2.066977
 16 22.550743 -0.000006 -0.000004 0.259155 0.224006 2.082496
 17 30.814247 -0.000015 -0.000004 2.645623 -0.004290 0.614243
 18 -3.013796 7.815494 11.355459 0.222857 -0.535993 1.860223
 19 10.374533 -0.000002 0.000007 -0.284499 -0.504790 -2.208702
 20 22.550726 -0.000027 -0.000013 -0.201876 0.005163 2.185706
 21 30.814270 -0.000023 0.000002 -2.485626 0.123586 0.342776
 22 -4.250660 -0.770624 0.000001 0.000000 0.000000 -2.895105
 23 10.363422 0.000000 0.000000 0.000000 0.008717 -0.128553
 24 10.363076 0.000000 -0.000000 0.000000 0.001279 -0.083985
 25 10.363081 -0.000004 -0.000002 0.095789 -0.175289 0.109140
 26 8.210358 -0.000006 -26.126429 0.000000 0.000000 -0.008527
 27 8.210346 -0.000002 7.704017 0.000000 0.000000 -0.046354
 28 1.854841 1.227791 -13.762345 2.694400 0.035929 2.487684
 29 10.456543 -0.000004 0.000004 0.051854 0.181912 -1.218407
 30 24.248093 0.000001 0.000007 0.056342 0.047099 0.972379
 31 26.336971 0.000019 0.000002 0.468489 -0.410702 0.983130
 32 1.854847 1.227798 13.762341 -2.739488 -0.462692 2.482265
 33 10.456542 -0.000008 0.000004 -0.145713 -0.074798 -1.184780
 34 24.248116 0.000002 -0.000004 -0.075993 -0.043816 0.979640
 35 26.336975 0.000000 0.000004 0.047984 0.060249 0.375805
time 119
  0 0.000000 0.000000 0.000000 0.000000 -0.000000 -1.570796
  1 0.000000 0.000000 0.000000 0.000000 -0.000000 0.000000
  2 0.105472 -2.404695 9.015393 -1.569934 -0.269298 1.659375
  3 4.222169 -0.467508 0.000000 0.009209 -0.009881 -0.090088
  4 4.476987 -0.000002 -0.000000 -0.078117 0.051051 -0.101074
  5 4.477083 0.000000 0.000002 0.019692 0.066960 -0.027427
  6 4.477077 -0.000004 -0.000002 -0.031537 -0.102114 -0.007523
  7 5.413502 -7.700466 -0.000000 -0.000758 -0.098481 -0.469935
  8 6.890240 0.000002 -0.000000 0.003799 -0.037210 0.032324
  9 8.011925 0.000004 0.000005 -0.011119 -0.011438 0.428439
 10 7.210720 -0.000002 -0.000000 -0.149637 0.076217 0.087049
 11 8.581028 -0.304903 -0.000000 -0.196036 0.010018 1.066724
 12 22.523008 2.194031 6.355708 0.000000 -0.000000 0.000000
 13 22.523005 2.194038 -6.355709 0.000000 -0.000000 0.000000
 14 -3.006533 7.804720 -11.355459 0.064970 0.177478 1.524732
 15 10.384675 0.000008 0.000005 -0.025339 0.164225 -2.088249
 16 22.550743 -0.000006 -0.000004 0.163423 0.095956 2.089699
 17 30.814247 -0.000015 -0.000004 2.640774 -0.007801 0.631970
 18 -3.013796 7.815494 11.355459 -0.186278 0.049400 1.901377
 19 10.374533 -0.000002 0.000007 -0.367548 -0.516883 -2.243899
 20 22.550726 -0.000027 -0.000013 -0.205308 0.009874 2.061879
 21 30.814270 -0.000023 0.000002 -2.532633 0.117861 0.405643
 22 -4.250660 -0.770624 0.000001 0.000000 0.000000 -2.904630
 23 10.363422 0.000000 0.000000 0.000000 0.010706 -0.141778
 24 10.363076 0.000000 -0.000000 0.000000 0.001279 -0.083985
 25 10.363081 -0.000004 -0.000002 -0.002189 -0.174149 0.123208
 26 8.210358 -0.000006 -27.138178 0.000000 0.000000 -0.021775
 27 8.210346 -0.000002 7.704017 0.000000 0.000000 -0.050084
 28 1.854841 1.227791 -13.762345 2.692289 0.070642 2.487684
 29 10.456543 -0.000004 0.000004 0.051872 0.190898 -1.211243
 30 24.248093 0.000001 0.000007 0.056342 0.047099 0.972379
 31 26.336971 0.000019 0.000002 0.445997 -0.388102 0.983130
 32 1.854847 1.227798 13.762341 -2.739555 -0.434783 2.482265
 33 10.456542 -0.000008 0.000004 -0.146561 -0.068397 -1.159439
 34 24.248116 0.000002 -0.000004 -0.079633 -0.044823 0.984159
 35 26.336975 0.000000 0.000004 0.047984 0.061365 0.372923
time 120
  0 0.000000 0.000000 0.000000 0.000000 -0.000000 -1.570796
  1 0.000000 0.000000 0.000000 0.000000 -0.000000 0.000000
  2 0.390637 -2.314848 8.695070 -1.566004 -0.272409 1.660047
  3 4.222169 -0.467508 0.000000 0.008837 -0.010178 -0.098720
  4 4.476987 -0.000002 -0.000000 -0.078333 0.058826 -0.095480
  5 4.477083 0.000000 0.000002 0.019692 0.066960 -0.027427
  6 4.477077 -0.000004 -0.000002 -0.029319 -0.053367 -0.007835
  7 5.413502 -7.700466 -0.000000 -0.000040 -0.089764 -0.377865
  8 6.890240 0.000002 -0.000000 0.004338 -0.038373 -0.031230
  9 8.011925 0.000004 0.000005 -0.011643 -0.011007 0.431554
 10 7.210720 -0.000002 -0.000000 -0.158119 0.075281 0.111667
 11 8.581028 -0.304903 -0.000000 -0.187470 0.012442 1.062833
 12 22.523008 2.194031 6.355708 0.000000 -0.000000 0.000000
 13 22.523005 2.194038 -6.355709 0.000000 -0.000000 0.000000
 14 -3.006533 7.804720 -11.355459 0.065296 0.159636 1.511272
 15 10.384675 0.000008 0.000005 -0.025265 0.164246 -2.109687
 16 22.550743 -0.000006 -0.000004 0.168477 0.042406 2.097750
 17 30.814247 -0.000015 -0.000004 2.633873 -0.012942 0.656572
 18 -3.013796 7.815494 11.355459 -0.189384 -0.174280 1.647042
 19 10.374533 -0.000002 0.000007 -0.432464 -0.522863 -2.278922
 20 22.550726 -0.000027 -0.000013 -0.209025 0.018944 2.057289
 21 30.814270 -0.000023 0.000002 -2.580167 -0.032416 0.473280
 22 -4.250660 -0.770624 0.000001 0.000000 0.000000 -2.981806
 23 10.363422 0.000000 0.000000 -0.000000 0.012935 -0.154762
 24 10.363076 0.000000 -0.000000 0.000000 0.001279 -0.083985
 25 10.363081 -0.000004 -0.000002 0.023617 -0.167417 0.136525
 26 8.210358 -0.000006 -29.368715 0.000000 0.000000 -0.040255
 27 8.210346 -0.000002 7.704017 0.000000 0.000000 -0.054221
 28 1.854841 1.227791 -13.762345 2.689035 0.106318 2.487684
 29 10.456543 -0.000004 0.000004 0.051575 0.186770 -1.202125
 30 24.248093 0.000001 0.000007 0.056342 0.047099 0.972379
 31 26.336971 0.000019 0.000002 0.419155 -0.355806 0.983130
 32 1.854847 1.227798 13.762341 -2.739285 -0.399212 2.482265
 33 10.456542 -0.000008 0.000004 -0.147375 -0.061662 -1.131418
 34 24.248116 0.000002 -0.000004 -0.083156 -0.045998 0.988627
 35 26.336975 0.000000 0.000004 0.047984 0.062389 0.370153
time 121
  0 0.000000 0.000000 0.000000 0.000000 -0.000000 -1.570796
  1 0.000000 0.000000 0.000000 0.000000 -0.000000 0.000000
  2 0.761742 -2.193751 8.323966 -1.560539 -0.275760 1.661676
  3 4.222169 -0.467508 0.000000 0.008478 -0.010344 -0.106985
  4 4.476987 -0.000002 -0.000000 -0.078740 0.067928 -0.089975
  5 4.477083 0.000000 0.000002 0.019692 0.066960 -0.027427
  6 4.477077 -0.000004 -0.000002 -0.027150 -0.000053 -0.008676
  7 5.413502 -7.700466 -0.000000 -0.000385 -0.080810 -0.185916
  8 6.890240 0.000002 -0.000000 0.004878 -0.039262 -0.073095
  9 8.011925 0.000004 0.000005 -0.012115 -0.010448 0.432722
 10 7.210720 -0.000002 -0.000000 -0.166190 0.075087 0.126470
 11 8.581028 -0.304903 -0.000000 -0.177137 0.015805 1.051583
 12 22.523008 2.194031 6.355708 0.000000 -0.000000 0.000000
 13 22.523005 2.194038 -6.355709 0.000000 -0.000000 0.000000
 14 -3.006533 7.804720 -11.355459 0.065567 0.133456 1.515667
 15 10.384675 0.000008 0.000005 0.289383 0.164267 -2.131514
 16 22.550743 -0.000006 -0.000004 0.176393 0.036781 2.106648
 17 30.814247 -0.000015 -0.000004 2.625923 -0.018585 0.683933
 18 -3.013796 7.815494 11.355459 -0.195086 -0.162472 1.540679
 19 10.374533 -0.000002 0.000007 -0.472168 -0.520405 -2.313887
 20 22.550726 -0.000027 -0.000013 -0.212498 0.031115 2.057289
 21 30.814270 -0.000023 0.000002 -2.627456 -0.081131 0.533971
 22 -4.250660 -0.770624 0.000001 0.000000 0.000000 -2.983957
 23 10.363422 0.000000 0.000000 -0.000000 0.015129 -0.167371
 24 10.363076 0.000000 -0.000000 0.000000 0.001279 -0.083985
 25 10.363081 -0.000004 -0.000002 -0.001019 -0.147928 0.148042
 26 8.210358 -0.000006 -32.423496 0.000000 0.000000 -0.062199
 27 8.210346 -0.000002 7.704017 0.000000 0.000000 -0.058663
 28 1.854841 1.227791 -13.762345 2.684814 0.142487 2.487684
 29 10.456543 -0.000004 0.000004 0.051243 0.182250 -1.192573
 30 24.248093 0.000001 0.000007 0.056342 0.047099 0.972379
 31 26.336971 0.000019 0.000002 0.389616 -0.315389 0.983130
 32 1.854847 1.227798 13.762341 -2.738610 -0.359236 2.482265
 33 10.456542 -0.000008 0.000004 0.206550 -0.054650 -1.101229
 34 24.248116 0.000002 -0.000004 -0.086511 -0.047316 0.992943
 35 26.336975 0.000000 0.000004 0.047984 0.063351 0.367610
time 122
  0 0.000000 0.000000 0.000000 0.000000 -0.000000 -1.570796
  1 0.000000 0.000000 0.000000 0.000000 -0.000000 0.000000
  2 2.121159 -2.053121 7.909890 -1.553925 -0.279310 1.664073
  3 4.222169 -0.467508 0.000000 0.008142 -0.010363 -0.114729
  4 4.476987 -0.000002 -0.000000 -0.079387 0.078059 -0.084626
  5 4.477083 0.000000 0.000002 0.019692 0.066960 -0.027427
  6 4.477077 -0.000004 -0.000002 -0.025269 0.051683 -0.010000
  7 5.413502 -7.700466 -0.000000 -0.000412 -0.071108 0.004571
  8 6.890240 0.000002 -0.000000 0.005417 -0.039916 -0.112005
  9 8.011925 0.000004 0.000005 -0.012560 -0.009713 0.432307
 10 7.210720 -0.000002 -0.000000 -0.173574 0.075157 0.132719
 11 8.581028 -0.304903 -0.000000 -0.164645 0.019271 1.033181
 12 22.523008 2.194031 6.355708 0.000000 -0.000000 0.000000
 13 22.523005 2.194038 -6.355709 0.000000 -0.000000 0.000000
 14 -3.006533 7.804720 -11.355459 0.065730 0.101835 1.520062
 15 10.384675 0.000008 0.000005 -0.038337 0.350230 -2.153785
 16 22.550743 -0.000006 -0.000004 0.187380 0.038618 2.116394
 17 30.814247 -0.000015 -0.000004 2.616969 -0.024510 0.713585
 18 -3.013796 7.815494 11.355459 -0.203436 -0.143975 1.529507
 19 10.374533 -0.000002 0.000007 -0.480729 -0.505920 -2.348156
 20 22.550726 -0.000027 -0.000013 -0.215174 0.045132 2.057661
 21 30.814270 -0.000023 0.000002 -2.555751 -0.082990 0.578904
 22 -4.250660 -0.770624 0.000001 0.000000 0.000000 -2.983957
 23 10.363422 0.000000 0.000000 0.000000 0.017274 -0.179453
 24 10.363076 0.000000 -0.000000 0.000000 0.001279 -0.083985
 25 10.363081 -0.000004 -0.000002 -0.001930 -0.116793 0.156875
 26 8.210358 -0.000006 -35.904068 0.000000 0.000000 -0.085265
 27 8.210346 -0.000002 7.704017 0.000000 0.000000 0.270154
 28 1.854841 1.227791 -13.762345 2.680064 0.178583 2.487684
 29 10.456543 -0.000004 0.000004 0.050614 0.177232 -1.184366
 30 24.248093 0.000001 0.000007 0.056342 0.047099 0.972379
 31 26.336971 0.000019 0.000002 0.359338 -0.269060 0.983130
 32 1.854847 1.227798 13.762341 -2.737462 -0.317044 2.482265
 33 10.456542 -0.000008 0.000004 -0.027354 -0.047581 -1.069188
 34 24.248116 0.000002 -0.000004 -0.089685 -0.048778 0.997106
 35 26.336975 0.000000 0.000004 0.047984 0.064281 0.365236
time 123
  0 0.000000 0.000000 0.000000 0.000000 -0.000000 -1.570796
  1 0.000000 0.000000 0.000000 0.000000 -0.000000 0.000000
  2 -43.954468 -1.885147 7.441126 -1.546352 -0.283020 1.667524
  3 4.222169 -0.467508 0.000000 0.007795 -0.010233 -0.121966
  4 4.476987 -0.000002 -0.000000 -0.080262 0.088982 -0.079387
  5 4.477083 0.000000 0.000002 0.019692 0.066960 -0.027427
  6 4.477077 -0.000004 -0.000002 -0.023675 0.096672 -0.011728
  7 5.413502 -7.700466 -0.000000 -0.000159 -0.062391 0.071873
  8 6.890240 0.000002 -0.000000 0.005896 -0.040242 -0.149449
  9 8.011925 0.000004 0.000005 -0.013411 -0.008659 0.430853
 10 7.210720 -0.000002 -0.000000 -0.179998 0.075087 0.131485
 11 8.581028 -0.304903 -0.000000 -0.149144 0.022036 1.007875
 12 22.523008 2.194031 6.355708 0.000000 -0.000000 0.000000
 13 22.523005 2.194038 -6.355709 0.000000 -0.000000 0.000000
 14 -3.006533 7.804720 -11.355459 0.065730 0.067883 2.057980
 15 10.384675 0.000008 0.000005 -0.038263 0.129430 -1.778061
 16 22.550743 -0.000006 -0.000004 0.199599 0.040455 2.126867
 17 30.814247 -0.000015 -0.000004 2.606879 -0.030591 0.745601
 18 -3.013796 7.815494 11.355459 -0.212600 -0.118304 1.533155
 19 10.374533 -0.000002 0.000007 -0.445878 -0.463960 -2.381382
 20 22.550726 -0.000027 -0.000013 -0.216645 0.059619 2.551539
 21 30.814270 -0.000023 0.000002 -2.625702 -0.082892 0.600185
 22 -4.250660 -0.770624 0.000001 0.000000 0.000000 -2.983650
 23 10.363422 0.000000 0.000000 0.000000 0.019383 -0.190830
 24 10.363076 0.000000 -0.000000 0.000000 0.001279 -0.083985
 25 10.363081 -0.000004 -0.000002 -0.001930 -0.089925 0.162029
 26 8.210358 -0.000006 -39.396362 0.000000 0.000000 -0.107040
 27 8.210346 -0.000002 7.704017 0.000000 0.000000 0.010580
 28 1.854841 1.227791 -13.762345 2.676415 0.211841 2.487684
 29 10.456543 -0.000004 0.000004 0.049880 0.161359 -1.179026
 30 24.248093 0.000001 0.000007 0.056342 0.047099 0.972379
 31 26.336971 0.000019 0.000002 0.330756 -0.218684 0.983130
 32 1.854847 1.227798 13.762341 -2.735875 -0.273949 2.482265
 33 10.456542 -0.000008 0.000004 -0.025285 -0.040596 -1.035925
 34 24.248116 0.000002 -0.000004 0.075806 -0.050348 1.001117
 35 26.336975 0.000000 0.000004 0.047984 0.065150 0.363089
time 124
  0 0.000000 0.000000 0.000000 0.000000 -0.000000 -1.570796
  1 0.000000 0.000000 0.000000 0.000000 -0.000000 0.000000
  2 -41.700493 -1.713267 6.933298 -1.538108 -0.286889 1.672125
  3 4.222169 -0.467508 0.000000 0.007459 -0.009937 -0.128560
  4 4.476987 -0.000002 -0.000000 -0.081365 0.100334 -0.074282
  5 4.477083 0.000000 0.000002 0.019692 0.066960 -0.027427
  6 4.477077 -0.000004 -0.000002 -0.022332 0.135140 -0.013830
  7 5.413502 -7.700466 -0.000000 0.000239 -0.054287 0.125329
  8 6.890240 0.000002 -0.000000 0.006556 -0.039118 -0.183355
  9 8.011925 0.000004 0.000005 -0.013791 -0.006566 0.426596
 10 7.210720 -0.000002 -0.000000 -0.185213 0.074469 0.123869
 11 8.581028 -0.304903 -0.000000 -0.123999 0.023692 0.976295
 12 22.523008 2.194031 6.355708 0.000000 -0.000000 0.000000
 13 22.523005 2.194038 -6.355709 0.000000 -0.000000 0.000000
 14 -3.006533 7.804720 -11.355459 0.065676 0.034072 1.429482
 15 10.384675 0.000008 0.000005 -0.038039 0.125420 -1.881531
 16 22.550743 -0.000006 -0.000004 0.212841 0.265244 2.138065
 17 30.814247 -0.000015 -0.000004 2.595829 -0.036641 0.779514
 18 -3.013796 7.815494 11.355459 -0.222222 -0.089755 1.536803
 19 10.374533 -0.000002 0.000007 -0.293936 -0.396917 -2.413274
 20 22.550726 -0.000027 -0.000013 -0.216461 0.073420 1.170654
 21 30.814270 -0.000023 0.000002 -2.628438 -0.082794 0.604815
 22 -4.250660 -0.770624 0.000001 0.000000 0.000000 -2.983957
 23 10.363422 0.000000 0.000000 0.000000 0.021445 -0.201217
 24 10.363076 0.000000 -0.000000 0.000000 0.001279 -0.083985
 25 10.363081 -0.000004 -0.000002 -0.001856 -0.070621 0.164204
 26 8.210358 -0.000006 -42.556618 0.000000 0.000000 -0.124806
 27 8.210346 -0.000002 7.704017 0.000000 0.000000 0.011224
 28 1.854841 1.227791 -13.762345 2.675491 0.234662 2.487684
 29 10.456543 -0.000004 0.000004 0.049094 0.145949 -1.177767
 30 24.248093 0.000001 0.000007 0.056342 0.047099 0.972379
 31 26.336971 0.000019 0.000002 0.305785 -0.167126 0.983130
 32 1.854847 1.227798 13.762341 -2.733984 -0.230498 2.482265
 33 10.456542 -0.000008 0.000004 -0.022708 -0.033889 -1.001874
 34 24.248116 0.000002 -0.000004 -0.049138 -0.031664 1.004874
 35 26.336975 0.000000 0.000004 0.047984 0.065957 0.361054
time 125
  0 0.000000 0.000000 0.000000 0.000000 -0.000000 -1.570796
  1 0.000000 0.000000 0.000000 0.000000 -0.000000 0.000000
  2 -39.360577 -1.537481 6.585631 -1.570797 -0.159522 1.590161
  3 4.222169 -0.467508 0.000000 0.007136 -0.009436 -0.134417
  4 4.476987 -0.000002 -0.000000 0.033723 0.111814 -0.069443
  5 4.477083 0.000000 0.000002 0.019692 0.066960 -0.027427
  6 4.477077 -0.000004 -0.000002 -0.021230 0.167707 -0.016353
  7 5.413502 -7.700466 -0.000000 0.000651 -0.046828 0.174896
  8 6.890240 0.000002 -0.000000 0.007323 -0.034831 -0.191779
  9 8.011925 0.000004 0.000005 -0.013896 -0.005016 0.398926
 10 7.210720 -0.000002 -0.000000 -0.188892 0.072968 0.110889
 11 8.581028 -0.304903 -0.000000 -0.098464 0.023999 0.938827
 12 22.523008 2.194031 6.355708 0.000000 -0.000000 0.000000
 13 22.523005 2.194038 -6.355709 0.000000 -0.000000 0.000000
 14 -3.006533 7.804720 -11.355459 0.065567 0.003547 1.429482
 15 10.384675 0.000008 0.000005 -0.037815 0.114705 -1.892417
 16 22.550743 -0.000006 -0.000004 0.227138 0.040828 2.546601
 17 30.814247 -0.000015 -0.000004 2.584254 -0.042660 0.812927
 18 -3.013796 7.815494 11.355459 -0.232099 -0.058815 1.983286
 19 10.374533 -0.000002 0.000007 -0.130467 -0.339110 -2.443310
 20 22.550726 -0.000027 -0.000013 -0.214091 0.085140 1.179836
 21 30.814270 -0.000023 0.000002 -2.628227 0.111059 0.610003
 22 -4.250660 -0.770624 0.000001 0.000000 0.000000 -2.983957
 23 10.363422 0.000000 0.000000 -0.000000 0.016986 -0.209227
 24 10.363076 0.000000 -0.000000 0.000000 0.001279 -0.083985
 25 10.363081 -0.000004 -0.000002 0.096158 -0.048729 0.165359
 26 8.210358 -0.000006 -45.033257 0.000000 0.000000 -0.137171
 27 8.210346 -0.000002 7.704017 0.000000 0.000000 0.013598
 28 1.854841 1.227791 -13.762345 2.677074 0.239301 2.487684
 29 10.456543 -0.000004 0.000004 0.048238 0.131269 -1.180285
 30 24.248093 0.000001 0.000007 0.056342 0.047099 0.972379
 31 26.336971 0.000019 0.000002 0.285382 -0.117144 0.983130
 32 1.854847 1.227798 13.762341 -2.731958 -0.187513 2.482265
 33 10.456542 -0.000008 0.000004 -0.019554 -0.027656 -0.967665
 34 24.248116 0.000002 -0.000004 -0.051548 -0.031664 1.008428
 35 26.336975 0.000000 0.000004 0.047984 0.066763 0.359133
time 126
  0 0.000000 0.000000 0.000000 0.000000 -0.000000 -1.570796
  1 0.000000 0.000000 0.000000 0.000000 -0.000000 0.000000
  2 -36.977692 -1.361694 6.319998 -1.577986 -0.159721 1.571372
  3 4.222169 -0.467508 0.000000 0.006824 -0.008750 -0.139431
  4 4.476987 -0.000002 -0.000000 0.011516 0.123551 -0.065003
  5 4.477083 0.000000 0.000002 0.019692 0.066960 -0.027427
  6 4.477077 -0.000004 -0.000002 -0.020331 0.195163 -0.019297
  7 5.413502 -7.700466 -0.000000 0.000930 -0.043633 0.219546
  8 6.890240 0.000002 -0.000000 0.007299 -0.029995 -0.164319
  9 8.011925 0.000004 0.000005 -0.013987 -0.003770 0.354333
 10 7.210720 -0.000002 -0.000000 0.218704 0.070249 0.093673
 11 8.581028 -0.304903 -0.000000 -0.072836 0.022907 0.896592
 12 22.523008 2.194031 6.355708 0.000000 -0.000000 0.000000
 13 22.523005 2.194038 -6.355709 0.000000 -0.000000 0.000000
 14 -3.006533 7.804720 -11.355459 0.065513 -0.020831 1.429482
 15 10.384675 0.000008 0.000005 -0.037628 0.098984 -1.888862
 16 22.550743 -0.000006 -0.000004 0.242283 0.041315 2.061249
 17 30.814247 -0.000015 -0.000004 2.574338 -0.049839 0.835560
 18 -3.013796 7.815494 11.355459 -0.241926 -0.025409 1.537544
 19 10.374533 -0.000002 0.000007 0.016217 -0.297548 -2.470737
 20 22.550726 -0.000027 -0.000013 -0.208127 0.093503 1.205829
 21 30.814270 -0.000023 0.000002 -2.628087 -0.079320 0.615107
 22 -4.250660 -0.770624 0.000001 0.000000 0.000000 -2.982165
 23 10.363422 0.000000 0.000000 0.000000 -0.019135 -0.213188
 24 10.363076 0.000000 -0.000000 0.000000 0.001279 -0.083985
 25 10.363081 -0.000004 -0.000002 -0.002398 0.011940 0.165439
 26 8.210358 -0.000006 -46.677837 0.000000 0.000000 -0.143116
 27 8.210346 -0.000002 7.704017 0.000000 0.000000 0.016480
 28 1.854841 1.227791 -13.762345 2.679229 0.229210 2.487684
 29 10.456543 -0.000004 0.000004 0.047382 0.117389 -1.185973
 30 24.248093 0.000001 0.000007 0.056342 0.047099 0.972379
 31 26.336971 0.000019 0.000002 0.270330 -0.071603 0.983130
 32 1.854847 1.227798 13.762341 -2.730304 -0.147892 2.482265
 33 10.456542 -0.000008 0.000004 -0.015755 -0.022007 -0.933850
 34 24.248116 0.000002 -0.000004 -0.056211 -0.031664 1.011729
 35 26.336975 0.000000 0.000004 -0.290020 -0.247486 0.929216
time 127
  0 0.000000 0.000000 0.000000 0.000000 -0.000000 -1.570796
  1 0.000000 0.000000 0.000000 0.000000 -0.000000 0.000000
  2 8.035401 -1.185907 6.124680 -1.597542 -0.160279 1.577507
  3 4.222169 -0.467508 0.000000 0.006524 -0.007842 -0.143510
  4 4.476987 -0.000002 -0.000000 0.009167 0.135481 -0.060897
  5 4.477083 0.000000 0.000002 0.019692 0.066960 -0.027427
  6 4.477077 -0.000004 -0.000002 -0.019624 0.218297 -0.022629
  7 5.413502 -7.700466 -0.000000 0.001196 -0.041102 0.208655
  8 6.890240 0.000002 -0.000000 0.007682 -0.023487 -0.126852
  9 8.011925 0.000004 0.000005 0.104342 -0.002508 0.301537
 10 7.210720 -0.000002 -0.000000 0.252139 0.140657 0.073426
 11 8.581028 -0.304903 -0.000000 -0.047186 0.020534 0.850606
 12 22.523008 2.194031 6.355708 0.000000 -0.000000 0.000000
 13 22.523005 2.194038 -6.355709 0.000000 -0.000000 0.000000
 14 -3.006533 7.804720 -11.355459 0.065459 -0.036165 1.429482
 15 10.384675 0.000008 0.000005 -0.037516 0.079995 -1.885308
 16 22.550743 -0.000006 -0.000004 0.257204 0.042693 2.060583
 17 30.814247 -0.000015 -0.000004 2.568180 -0.059713 0.838174
 18 -3.013796 7.815494 11.355459 -0.251701 0.009978 1.538513
 19 10.374533 -0.000002 0.000007 0.124814 -0.250439 -2.491844
 20 22.550726 -0.000027 -0.000013 -0.197055 0.097625 1.246650
 21 30.814270 -0.000023 0.000002 -2.350005 0.111059 0.620100
 22 -4.250660 -0.770624 0.000001 0.000000 0.000000 -2.779955
 23 10.363422 0.000000 0.000000 -0.000000 -0.020142 -0.211560
 24 10.363076 0.000000 -0.000000 0.000000 0.001279 -0.083985
 25 10.363081 -0.000004 -0.000002 -0.002398 -0.016931 0.164526
 26 8.210358 -0.000006 -47.369263 0.000000 0.000000 -0.141893
 27 8.210346 -0.000002 7.704017 0.000000 0.000000 0.020888
 28 1.854841 1.227791 -13.762345 2.681691 0.216084 2.487684
 29 10.456543 -0.000004 0.000004 0.046561 0.104292 -1.194266
 30 24.248093 0.000001 0.000007 0.056342 0.047099 0.972379
 31 26.336971 0.000019 0.000002 0.260541 -0.033473 0.983130
 32 1.854847 1.227798 13.762341 -2.730608 -0.116809 2.482265
 33 10.456542 -0.000008 0.000004 -0.011245 -0.017164 -0.900666
 34 24.248116 0.000002 -0.000004 -0.062507 0.066514 1.014877
 35 26.336975 0.000000 0.000004 -0.286890 -0.257102 0.921417
time 128
  0 0.000000 0.000000 0.000000 0.000000 -0.000000 -1.570796
  1 0.000000 0.000000 0.000000 0.000000 -0.000000 0.000000
  2 0.789087 -1.029653 6.027020 -1.626205 -0.161197 1.577507
  3 4.222169 -0.467508 0.000000 0.006225 -0.006693 -0.146607
  4 4.476987 -0.000002 -0.000000 0.009934 0.147560 -0.057190
  5 4.477083 0.000000 0.000002 0.019692 0.066960 -0.027427
  6 4.477077 -0.000004 -0.000002 -0.019061 0.237728 -0.026289
  7 5.413502 -7.700466 -0.000000 0.001515 -0.039216 0.184106
  8 6.890240 0.000002 -0.000000 0.095481 -0.016952 -0.054525
  9 8.011925 0.000004 0.000005 -0.032100 0.127277 0.247314
 10 7.210720 -0.000002 -0.000000 0.250300 -0.232993 0.055297
 11 8.581028 -0.304903 -0.000000 -0.021398 0.017273 0.801747
 12 22.523008 2.194031 6.355708 0.000000 -0.000000 0.000000
 13 22.523005 2.194038 -6.355709 0.000000 -0.000000 0.000000
 14 -3.006533 7.804720 -11.355459 0.065405 -0.038496 1.429482
 15 10.384675 0.000008 0.000005 -0.037516 0.059606 -1.450268
 16 22.550743 -0.000006 -0.000004 0.267312 0.044817 2.058707
 17 30.814247 -0.000015 -0.000004 2.565428 -0.072252 0.824136
 18 -3.013796 7.815494 11.355459 -0.263360 0.044841 1.541249
 19 10.374533 -0.000002 0.000007 0.176248 0.075009 -2.502339
 20 22.550726 -0.000027 -0.000013 -0.179222 0.096742 1.300188
 21 30.814270 -0.000023 0.000002 -2.746308 -0.051330 0.625009
 22 -4.250660 -0.770624 0.000001 0.000000 0.000000 -2.984930
 23 10.363422 0.000000 0.000000 0.000000 -0.020142 -0.201965
 24 10.363076 0.000000 -0.000000 0.000000 0.001279 -0.083985
 25 10.363081 -0.000004 -0.000002 -0.003863 -0.019951 0.162701
 26 8.210358 -0.000006 -47.369263 0.000000 0.000000 -0.132891
 27 8.210346 -0.000002 7.704017 0.000000 0.000000 0.026754
 28 1.854841 1.227791 -13.762345 2.684154 0.199776 2.487684
 29 10.456543 -0.000004 0.000004 0.045722 0.091996 -1.204600
 30 24.248093 0.000001 0.000007 0.056342 0.047099 0.972379
 31 26.336971 0.000019 0.000002 0.254625 -0.004882 0.983130
 32 1.854847 1.227798 13.762341 -2.730979 -0.122090 2.482265
 33 10.456542 -0.000008 0.000004 -0.005920 -0.013352 -0.868704
 34 24.248116 0.000002 -0.000004 -0.069826 -0.031520 1.017821
 35 26.336975 0.000000 0.000004 -0.283545 -0.265416 0.913222
time 129
  0 0.000000 0.000000 0.000000 0.000000 -0.000000 -1.570796
  1 0.000000 0.000000 0.000000 0.000000 -0.000000 0.000000
  2 0.023438 -0.814802 6.362968 -1.661098 -0.162473 1.577507
  3 4.222169 -0.467508 0.000000 0.005949 -0.005302 -0.148601
  4 4.476987 -0.000002 -0.000000 0.010701 0.159790 -0.053882
  5 4.477083 0.000000 0.000002 0.019692 0.066960 -0.027427
  6 4.477077 -0.000004 -0.000002 -0.018629 0.254002 -0.030182
  7 5.413502 -7.700466 -0.000000 0.001648 -0.038179 0.147732
  8 6.890240 0.000002 -0.000000 -0.078068 0.104128 0.019175
  9 8.011925 0.000004 0.000005 -0.032009 -0.181833 0.053444
 10 7.210720 -0.000002 -0.000000 0.247967 -0.237248 0.005417
 11 8.581028 -0.304903 -0.000000 0.004069 0.013603 0.750749
 12 22.523008 2.194031 6.355708 0.000000 -0.000000 0.000000
 13 22.523005 2.194038 -6.355709 0.000000 -0.000000 0.000000
 14 -3.006533 7.804720 -11.355459 0.065350 -0.027332 1.429482
 15 10.384675 0.000008 0.000005 -0.037553 0.039302 -1.958564
 16 22.550743 -0.000006 -0.000004 0.268479 0.047600 2.055740
 17 30.814247 -0.000015 -0.000004 2.565253 -0.086422 0.800035
 18 -3.013796 7.815494 11.355459 -0.279397 0.068457 1.545467
 19 10.374533 -0.000002 0.000007 0.187438 -0.189376 -2.498048
 20 22.550726 -0.000027 -0.000013 -0.156507 0.090028 1.364024
 21 30.814270 -0.000023 0.000002 -2.348952 0.111793 0.629806
 22 -4.250660 -0.770624 0.000001 0.000000 0.000000 -2.984930
 23 10.363422 0.000000 0.000000 -0.000000 -0.019998 -0.174171
 24 10.363076 0.000000 -0.000000 0.000000 0.001279 -0.083985
 25 10.363081 -0.000004 -0.000002 -0.006239 -0.018965 0.160070
 26 8.210358 -0.000006 -47.369263 0.000000 0.000000 -0.116076
 27 8.210346 -0.000002 7.704017 0.000000 0.000000 0.033909
 28 1.854841 1.227791 -13.762345 2.686485 0.181173 2.487684
 29 10.456543 -0.000004 0.000004 0.044989 0.080465 -1.216323
 30 24.248093 0.000001 0.000007 0.056342 0.047099 0.972379
 31 26.336971 0.000019 0.000002 0.250274 0.015247 0.983130
 32 1.854847 1.227798 13.762341 -2.731283 -0.129040 2.482265
 33 10.456542 -0.000008 0.000004 0.000184 -0.010847 -0.838515
 34 24.248116 0.000002 -0.000004 -0.077482 -0.031664 1.020563
 35 26.336975 0.000000 0.000004 -0.279986 -0.272582 0.904744
time 130
  0 0.000000 0.000000 0.000000 0.000000 -0.000000 -1.570796
  1 0.000000 0.000000 0.000000 0.000000 -0.000000 0.000000
  2 0.273446 -0.564795 7.644258 -1.698676 -0.164029 1.577507
  3 4.222169 -0.467508 0.000000 0.005709 -0.003615 -0.149429
  4 4.476987 -0.000002 -0.000000 0.104576 0.172020 -0.050997
  5 4.477083 0.000000 0.000002 0.019692 0.066960 -0.027427
  6 4.477077 -0.000004 -0.000002 -0.018294 0.267270 -0.034325
  7 5.413502 -7.700466 -0.000000 0.001861 -0.039318 0.097263
  8 6.890240 0.000002 -0.000000 -0.077301 -0.087542 0.047892
  9 8.011925 0.000004 0.000005 -0.031681 -0.175188 0.005243
 10 7.210720 -0.000002 -0.000000 0.244590 -0.246640 0.000161
 11 8.581028 -0.304903 -0.000000 0.029260 0.010735 0.697193
 12 22.523008 2.194031 6.355708 0.000000 -0.000000 0.000000
 13 22.523005 2.194038 -6.355709 0.000000 -0.000000 0.000000
 14 -3.006533 7.804720 -11.355459 0.065188 -0.005427 1.429482
 15 10.384675 0.000008 0.000005 -0.037628 0.020971 -1.952510
 16 22.550743 -0.000006 -0.000004 0.262210 0.050814 2.051987
 17 30.814247 -0.000015 -0.000004 2.566650 -0.101218 0.771743
 18 -3.013796 7.815494 11.355459 -0.299763 0.071185 1.550996
 19 10.374533 -0.000002 0.000007 0.199976 -0.119741 -2.472708
 20 22.550726 -0.000027 -0.000013 -0.132710 0.077700 1.436794
 21 30.814270 -0.000023 0.000002 -2.380209 0.250522 0.619430
 22 -4.250660 -0.770624 0.000001 0.000000 0.000000 -2.987978
 23 10.363422 0.000000 0.000000 0.000000 -0.020142 -0.129763
 24 10.363076 0.000000 -0.000000 0.000000 0.001279 -0.083985
 25 10.363081 -0.000004 -0.000002 -0.009453 -0.017979 0.156687
 26 8.210358 -0.000006 -47.369263 0.000000 0.000000 -0.095728
 27 8.210346 -0.000002 7.704017 0.000000 0.000000 0.041878
 28 1.854841 1.227791 -13.762345 2.688639 0.161880 2.487684
 29 10.456543 -0.000004 0.000004 0.045093 0.070447 -1.228741
 30 24.248093 0.000001 0.000007 0.056342 0.047099 0.972379
 31 26.336971 0.000019 0.000002 0.247316 0.031461 0.983130
 32 1.854847 1.227798 13.762341 -2.731553 -0.135032 2.482265
 33 10.456542 -0.000008 0.000004 0.006967 -0.008871 -0.810375
 34 24.248116 0.000002 -0.000004 -0.084944 -0.031472 1.023152
 35 26.336975 0.000000 0.000004 -0.276298 -0.278693 0.896041
time 131
  0 0.000000 0.000000 0.000000 0.000000 -0.000000 -1.570796
  1 0.000000 0.000000 0.000000 0.000000 -0.000000 0.000000
  2 0.523453 -0.572608 9.089614 -1.736542 -0.165864 1.577507
  3 4.222169 -0.467508 0.000000 0.005578 -0.001039 -0.149429
  4 4.476987 -0.000002 -0.000000 0.008879 0.156042 -0.048511
  5 4.477083 0.000000 0.000002 0.019692 0.066960 -0.027427
  6 4.477077 -0.000004 -0.000002 -0.018018 0.277794 -0.038638
  7 5.413502 -7.700466 -0.000000 0.002167 -0.040711 -0.012916
  8 6.890240 0.000002 -0.000000 -0.076462 -0.073466 0.004701
  9 8.011925 0.000004 0.000005 -0.031079 -0.165666 0.000156
 10 7.210720 -0.000002 -0.000000 0.239622 -0.257798 0.001877
 11 8.581028 -0.304903 -0.000000 0.054083 0.009488 0.640867
 12 22.523008 2.194031 6.355708 0.000000 -0.000000 0.000000
 13 22.523005 2.194038 -6.355709 0.000000 -0.000000 0.000000
 14 -3.006533 7.804720 -11.355459 0.064970 0.024321 1.429482
 15 10.384675 0.000008 0.000005 -0.037665 0.006331 -1.940792
 16 22.550743 -0.000006 -0.000004 0.251447 0.054344 2.047750
 17 30.814247 -0.000015 -0.000004 2.569141 -0.116171 0.741840
 18 -3.013796 7.815494 11.355459 -0.322775 0.056537 1.557380
 19 10.374533 -0.000002 0.000007 0.212312 -0.186219 -2.399357
 20 22.550726 -0.000027 -0.000013 -0.108361 0.061170 1.516077
 21 30.814270 -0.000023 0.000002 -2.383892 0.238362 0.535366
 22 -4.250660 -0.770624 0.000001 0.000000 0.000000 -2.992919
 23 10.363422 0.000000 0.000000 -0.000000 -0.020142 -0.091472
 24 10.363076 0.000000 -0.000000 0.000000 0.001279 -0.083985
 25 10.363081 -0.000004 -0.000002 -0.013405 0.102697 0.152713
 26 8.210358 -0.000006 -47.369263 0.000000 0.000000 -0.074598
 27 8.210346 -0.000002 7.704017 0.000000 0.000000 0.050118
 28 1.854841 1.227791 -13.762345 2.690530 0.142142 2.487684
 29 10.456543 -0.000004 0.000004 0.045513 0.071995 -1.241419
 30 24.248093 0.000001 0.000007 0.056342 0.047099 0.972379
 31 26.336971 0.000019 0.000002 0.245532 0.044154 0.983130
 32 1.854847 1.227798 13.762341 -2.731756 -0.140122 2.482265
 33 10.456542 -0.000008 0.000004 0.014157 -0.003862 -0.787320
 34 24.248116 0.000002 -0.000004 -0.091551 -0.209611 1.025590
 35 26.336975 0.000000 0.000004 -0.272524 -0.283812 0.887394
time 132
  0 0.000000 0.000000 0.000000 0.000000 -0.000000 -1.570796
  1 0.000000 0.000000 0.000000 0.000000 -0.000000 0.000000
  2 31.122044 -0.447604 11.034986 -1.771243 -0.168018 1.577507
  3 4.222169 -0.467508 0.000000 0.005650 0.003021 -0.149122
  4 4.476987 -0.000002 -0.000000 0.008771 -0.123827 0.088936
  5 4.477083 0.000000 0.000002 0.019692 0.066960 -0.027427
  6 4.477077 -0.000004 -0.000002 -0.017778 0.285837 -0.043061
  7 5.413502 -7.700466 -0.000000 0.002579 -0.042325 -0.120356
  8 6.890240 0.000002 -0.000000 -0.075731 -0.059311 0.000140
  9 8.011925 0.000004 0.000005 -0.030162 -0.152071 0.001817
 10 7.210720 -0.000002 -0.000000 0.232649 -0.267349 0.003593
 11 8.581028 -0.304903 -0.000000 0.078379 0.009949 0.582019
 12 22.523008 2.194031 6.355708 0.000000 -0.000000 0.000000
 13 22.523005 2.194038 -6.355709 0.000000 -0.000000 0.000000
 14 -3.006533 7.804720 -11.355459 0.064645 0.059156 1.429482
 15 10.384675 0.000008 0.000005 -0.037703 -0.002877 -1.924741
 16 22.550743 -0.000006 -0.000004 0.238813 0.058018 2.043029
 17 30.814247 -0.000015 -0.000004 2.572460 -0.130873 0.712188
 18 -3.013796 7.815494 11.355459 -0.346806 0.031389 1.564391
 19 10.374533 -0.000002 0.000007 0.224379 -0.188678 -2.282169
 20 22.550726 -0.000027 -0.000013 -0.084053 0.041520 1.599579
 21 30.814270 -0.000023 0.000002 -2.394101 0.219302 0.533023
 22 -4.250660 -0.770624 0.000001 0.000000 0.000000 -2.999577
 23 10.363422 0.000000 0.000000 0.000000 -0.019303 -0.063943
 24 10.363076 0.000000 -0.000000 0.000000 0.001279 -0.083985
 25 10.363081 -0.000004 -0.000002 -0.018071 -0.024726 0.309904
 26 8.210358 -0.000006 -47.369263 0.000000 0.000000 -0.050683
 27 8.210346 -0.000002 7.704017 0.000000 0.000000 0.057985
 28 1.854841 1.227791 -13.762345 2.692157 0.122306 2.487684
 29 10.456543 -0.000004 0.000004 0.045949 0.075340 -1.253620
 30 24.248093 0.000001 0.000007 0.056342 0.047099 0.972379
 31 26.336971 0.000019 0.000002 0.244706 0.053956 0.983130
 32 1.854847 1.227798 13.762341 -2.731891 -0.144171 2.482265
 33 10.456542 -0.000008 0.000004 0.021211 0.001704 -0.777586
 34 24.248116 0.000002 -0.000004 -0.096655 0.025838 1.027824
 35 26.336975 0.000000 0.000004 -0.268707 -0.288124 0.878747
time 133
  0 0.000000 0.000000 0.000000 0.000000 -0.000000 -1.570796
  1 0.000000 0.000000 0.000000 0.000000 -0.000000 0.000000
  2 0.011719 28.170458 12.988171 -1.799714 -0.170411 1.715073
  3 4.222169 -0.467508 0.000000 0.009113 0.238896 -0.169409
  4 4.476987 -0.000002 -0.000000 0.010126 -0.122798 0.353861
  5 4.477083 0.000000 0.000002 0.019692 0.066960 -0.027427
  6 4.477077 -0.000004 -0.000002 -0.017551 0.291662 -0.047530
  7 5.413502 -7.700466 -0.000000 0.003057 -0.044126 -0.222414
  8 6.890240 0.000002 -0.000000 -0.072591 -0.045013 0.001629
  9 8.011925 0.000004 0.000005 -0.028892 -0.133124 0.003478
 10 7.210720 -0.000002 -0.000000 0.223233 -0.271940 0.213653
 11 8.581028 -0.304903 -0.000000 0.102422 0.012066 0.521873
 12 22.523008 2.194031 6.355708 0.000000 -0.000000 0.000000
 13 22.523005 2.194038 -6.355709 0.000000 -0.000000 0.000000
 14 -3.006533 7.804720 -11.355459 0.064319 0.095900 1.429482
 15 10.384675 0.000008 0.000005 -0.037740 -0.004277 -1.905857
 16 22.550743 -0.000006 -0.000004 0.225459 0.061576 2.037944
 17 30.814247 -0.000015 -0.000004 2.576129 -0.145293 0.684219
 18 -3.013796 7.815494 11.355459 -0.371091 0.001869 1.571687
 19 10.374533 -0.000002 0.000007 0.236243 -0.188678 -2.181043
 20 22.550726 -0.000027 -0.000013 -0.060153 0.019808 1.685252
 21 30.814270 -0.000023 0.000002 -2.409992 0.194908 0.533023
 22 -4.250660 -0.770624 0.000001 0.000000 0.000000 -3.007771
 23 10.363422 0.000000 0.000000 0.000000 0.075339 -0.032738
 24 10.363076 0.000000 -0.000000 0.000000 0.001279 -0.083985
 25 10.363081 -0.000004 -0.000002 -0.023340 -0.025789 0.094321
 26 8.210358 -0.000006 -47.369263 0.000000 0.000000 -0.025002
 27 8.210346 -0.000002 7.704017 0.000000 0.000000 0.065275
 28 1.854841 1.227791 -13.762345 3.043417 0.102716 2.487684
 29 10.456543 -0.000004 0.000004 0.046299 0.080394 -1.264823
 30 24.248093 0.000001 0.000007 0.056342 0.047099 0.972379
 31 26.336971 0.000019 0.000002 0.244793 0.061498 0.983130
 32 1.854847 1.227798 13.762341 -2.731958 -0.147044 2.482265
 33 10.456542 -0.000008 0.000004 0.027688 0.006908 -0.770255
 34 24.248116 0.000002 -0.000004 -0.099453 0.005177 1.029905
 35 26.336975 0.000000 0.000004 -0.264848 -0.291722 0.870326
time 134
  0 0.000000 0.000000 0.000000 0.000000 -0.000000 -1.570796
  1 0.000000 0.000000 0.000000 0.000000 -0.000000 0.000000
  2 0.117191 -28.397675 49.176773 -1.818982 -0.173044 1.716990
  3 4.222169 -0.467508 0.000000 0.008909 0.237654 -0.172414
  4 4.476987 -0.000002 -0.000000 0.011252 -0.117251 0.333906
  5 4.477083 0.000000 0.000002 0.019692 0.066960 -0.027427
  6 4.477077 -0.000004 -0.000002 -0.017275 0.295590 -0.051984
  7 5.413502 -7.700466 -0.000000 0.003629 -0.046165 -0.319244
  8 6.890240 0.000002 -0.000000 -0.069463 -0.006783 0.003118
  9 8.011925 0.000004 0.000005 -0.027150 -0.107755 0.206796
 10 7.210720 -0.000002 -0.000000 0.212857 -0.268356 0.078038
 11 8.581028 -0.304903 -0.000000 0.125408 0.015822 0.462008
 12 22.523008 2.194031 6.355708 0.000000 -0.000000 0.000000
 13 22.523005 2.194038 -6.355709 0.000000 -0.000000 0.000000
 14 -3.006533 7.804720 -11.355459 0.064157 0.132114 1.429482
 15 10.384675 0.000008 0.000005 -0.037777 0.002427 -1.885808
 16 22.550743 -0.000006 -0.000004 0.212217 0.064790 2.032375
 17 30.814247 -0.000015 -0.000004 2.579667 -0.159211 0.659867
 18 -3.013796 7.815494 11.355459 -0.394969 -0.029333 1.578755
 19 10.374533 -0.000002 0.000007 0.247838 -0.188479 -2.108387
 20 22.550726 -0.000027 -0.000013 -0.037479 -0.003200 1.770367
 21 30.814270 -0.000023 0.000002 -2.430795 0.166918 0.533358
 22 -4.250660 -0.770624 0.000001 0.000000 0.000000 -3.017450
 23 10.363422 0.000000 0.000000 0.000000 -0.020597 0.182833
 24 10.363076 0.000000 -0.000000 0.000000 0.001279 -0.083985
 25 10.363081 -0.000004 -0.000002 -0.029151 -0.028824 0.089273
 26 8.210358 -0.000006 -47.369263 0.000000 0.000000 0.000238
 27 8.210346 -0.000002 7.704017 0.000000 0.000000 0.072125
 28 1.854841 1.227791 -13.762345 2.999576 0.225706 2.487684
 29 10.456543 -0.000004 0.000004 0.046683 0.086800 -1.274462
 30 24.248093 0.000001 0.000007 0.056342 0.047099 0.972379
 31 26.336971 0.000019 0.000002 0.245750 0.067332 0.983130
 32 1.854847 1.227798 13.762341 -2.731925 -0.148549 2.482265
 33 10.456542 -0.000008 0.000004 0.033047 0.011861 -0.762767
 34 24.248116 0.000002 -0.000004 -0.099686 -0.027182 1.031886
 35 26.336975 0.000000 0.000004 -0.261031 -0.294700 0.862244
time 135
  0 0.000000 0.000000 0.000000 0.000000 -0.000000 -1.570796
  1 0.000000 0.000000 0.000000 0.000000 -0.000000 0.000000
  2 0.132817 -28.147667 -8.110130 -1.825980 -0.175876 1.767607
  3 4.222169 -0.467508 0.000000 0.008634 0.234985 -0.171433
  4 4.476987 -0.000002 -0.000000 0.012151 -0.111597 0.271864
  5 4.477083 0.000000 0.000002 0.019692 0.066960 -0.027427
  6 4.477077 -0.000004 -0.000002 -0.016951 0.297845 -0.056407
  7 5.413502 -7.700466 -0.000000 0.004213 -0.048374 -0.410567
  8 6.890240 0.000002 -0.000000 -0.063315 0.031891 0.185403
  9 8.011925 0.000004 0.000005 -0.024963 -0.074398 0.000571
 10 7.210720 -0.000002 -0.000000 0.203276 -0.258487 0.078333
 11 8.581028 -0.304903 -0.000000 0.140794 0.021029 0.403019
 12 22.523008 2.194031 6.355708 0.000000 -0.000000 0.000000
 13 22.523005 2.194038 -6.355709 0.000000 -0.000000 0.000000
 14 -3.006533 7.804720 -11.355459 0.064102 0.164723 1.429482
 15 10.384675 0.000008 0.000005 -0.037889 0.015582 -1.865702
 16 22.550743 -0.000006 -0.000004 0.199727 0.066943 2.026019
 17 30.814247 -0.000015 -0.000004 2.582506 -0.172597 0.640923
 18 -3.013796 7.815494 11.355459 -0.418389 -0.060273 1.585139
 19 10.374533 -0.000002 0.000007 0.019587 0.076006 -2.025990
 20 22.550726 -0.000027 -0.000013 -0.016705 -0.026483 1.853807
 21 30.814270 -0.000023 0.000002 -2.455562 0.135551 0.533023
 22 -4.250660 -0.770624 0.000001 0.000000 0.000000 -3.028409
 23 10.363422 0.000000 0.000000 -0.000000 -0.020597 0.007709
 24 10.363076 0.000000 -0.000000 0.000000 0.001279 -0.083985
 25 10.363081 -0.000004 -0.000002 -0.035431 -0.033138 0.078803
 26 8.210358 -0.000006 -47.369263 0.000000 0.000000 0.023575
 27 8.210346 -0.000002 7.704017 0.000000 0.000000 0.078635
 28 1.854841 1.227791 -13.762345 2.959692 0.179421 2.487684
 29 10.456543 -0.000004 0.000004 0.047050 0.093295 -1.282017
 30 24.248093 0.000001 0.000007 0.056342 0.047099 0.972379
 31 26.336971 0.000019 0.000002 0.247447 0.072062 0.983130
 32 1.854847 1.227798 13.762341 -2.731823 -0.148549 2.482265
 33 10.456542 -0.000008 0.000004 0.037082 0.016536 -0.755437
 34 24.248116 0.000002 -0.000004 -0.097743 -0.031520 1.033713
 35 26.336975 0.000000 0.000004 -0.257258 -0.297182 0.854558
time 136
  0 0.000000 0.000000 0.000000 0.000000 -0.000000 -1.570796
  1 0.000000 0.000000 0.000000 0.000000 -0.000000 0.000000
  2 0.113285 -27.874222 -3.902969 -1.820708 -0.179267 1.590161
  3 4.222169 -0.467508 0.000000 0.008322 0.231018 -0.170451
  4 4.476987 -0.000002 -0.000000 0.012846 -0.105878 0.209956
  5 4.477083 0.000000 0.000002 0.019692 0.066960 -0.027427
  6 4.477077 -0.000004 -0.000002 -0.016532 0.298691 -0.060752
  7 5.413502 -7.700466 -0.000000 0.004812 -0.049886 -0.495543
  8 6.890240 0.000002 -0.000000 -0.056999 0.112519 0.000302
  9 8.011925 0.000004 0.000005 -0.022540 -0.032958 0.000052
 10 7.210720 -0.000002 -0.000000 0.194464 -0.246905 0.078628
 11 8.581028 -0.304903 -0.000000 0.155559 0.027482 0.346518
 12 22.523008 2.194031 6.355708 0.000000 -0.000000 0.000000
 13 22.523005 2.194038 -6.355709 0.000000 -0.000000 0.000000
 14 -3.006533 7.804720 -11.355459 0.064211 0.191327 1.429482
 15 10.384675 0.000008 0.000005 -0.038039 0.033446 -1.847263
 16 22.550743 -0.000006 -0.000004 0.188852 0.067517 2.019058
 17 30.814247 -0.000015 -0.000004 2.584559 -0.185387 0.626455
 18 -3.013796 7.815494 11.355459 -0.440995 -0.089456 1.589414
 19 10.374533 -0.000002 0.000007 0.013925 -0.189940 -1.797644
 20 22.550726 -0.000027 -0.000013 0.001455 -0.049098 1.932781
 21 30.814270 -0.000023 0.000002 -2.483766 0.100465 0.533023
 22 -4.250660 -0.770624 0.000001 0.000000 0.000000 -3.040469
 23 10.363422 0.000000 0.000000 -0.000000 -0.022024 0.053834
 24 10.363076 0.000000 -0.000000 0.000000 0.001279 -0.083985
 25 10.363081 -0.000004 -0.000002 -0.042067 -0.037991 0.064198
 26 8.210358 -0.000006 -47.369263 0.000000 0.000000 0.043957
 27 8.210346 -0.000002 7.704017 0.000000 0.000000 0.085010
 28 1.854841 1.227791 -13.762345 2.887400 0.179421 2.487684
 29 10.456543 -0.000004 0.000004 0.047434 0.099915 -1.287140
 30 24.248093 0.000001 0.000007 0.056342 0.047099 0.972379
 31 26.336971 0.000019 0.000002 0.249883 0.076187 0.983130
 32 1.854847 1.227798 13.762341 -2.466039 -0.146935 2.482265
 33 10.456542 -0.000008 0.000004 0.039795 0.020989 -0.748224
 34 24.248116 0.000002 -0.000004 -0.093973 -0.030753 1.035389
 35 26.336975 0.000000 0.000004 -0.253613 -0.299292 0.847436
time 137
  0 0.000000 0.000000 0.000000 0.000000 -0.000000 -1.570796
  1 0.000000 0.000000 0.000000 0.000000 -0.000000 0.000000
  2 -0.003906 -27.635933 0.327627 -1.806041 -0.183376 1.571372
  3 4.222169 -0.467508 0.000000 0.007939 0.225827 -0.050343
  4 4.476987 -0.000002 -0.000000 0.013373 -0.100095 0.148358
  5 4.477083 0.000000 0.000002 0.019692 0.066960 -0.027427
  6 4.477077 -0.000004 -0.000002 -0.015981 0.298390 -0.065050
  7 5.413502 -7.700466 -0.000000 0.005410 -0.051041 -0.551519
  8 6.890240 0.000002 -0.000000 -0.050156 0.192533 0.000140
  9 8.011925 0.000004 0.000005 -0.020169 0.012365 -0.001350
 10 7.210720 -0.000002 -0.000000 0.186394 -0.233575 0.078950
 11 8.581028 -0.304903 -0.000000 0.170279 0.034567 0.293628
 12 22.523008 2.194031 6.355708 0.000000 -0.000000 0.000000
 13 22.523005 2.194038 -6.355709 0.000000 -0.000000 0.000000
 14 -3.006533 7.804720 -11.355459 0.064157 0.211253 1.429482
 15 10.384675 0.000008 0.000005 -0.038263 0.054365 -1.831879
 16 22.550743 -0.000006 -0.000004 0.180392 0.066656 2.011794
 17 30.814247 -0.000015 -0.000004 2.586262 -0.197706 0.613813
 18 -3.013796 7.815494 11.355459 -0.462734 -0.114866 1.590555
 19 10.374533 -0.000002 0.000007 0.013925 -0.189940 -1.906308
 20 22.550726 -0.000027 -0.000013 0.016224 -0.070162 2.005178
 21 30.814270 -0.000023 0.000002 -2.514462 0.063617 0.534975
 22 -4.250660 -0.770624 0.000001 0.000000 0.000000 -3.053503
 23 10.363422 0.000000 0.000000 0.000000 -0.024337 0.009799
 24 10.363076 0.000000 -0.000000 0.000000 0.001279 -0.083985
 25 10.363081 -0.000004 -0.000002 -0.049047 -0.042751 0.046855
 26 8.210358 -0.000006 -47.369263 0.000000 0.000000 0.060874
 27 8.210346 -0.000002 7.704017 0.000000 0.000000 0.091690
 28 1.854841 1.227791 -13.762345 2.793252 0.179421 2.487684
 29 10.456543 -0.000004 0.000004 0.047836 0.106623 -1.289485
 30 24.248093 0.000001 0.000007 0.056342 0.047099 0.972379
 31 26.336971 0.000019 0.000002 0.663777 0.079840 0.983130
 32 1.854847 1.227798 13.762341 -2.483664 -0.139246 2.482265
 33 10.456542 -0.000008 0.000004 0.041322 0.025191 -0.741091
 34 24.248116 0.000002 -0.000004 -0.088727 -0.029986 1.036963
 35 26.336975 0.000000 0.000004 -0.250096 -0.301184 0.840937
time 138
  0 0.000000 0.000000 0.000000 0.000000 -0.000000 -1.570796
  1 0.000000 0.000000 0.000000 0.000000 -0.000000 0.000000
  2 -0.042970 -26.612465 4.601196 -1.783993 -0.188043 1.776618
  3 4.222169 -0.467508 0.000000 0.007519 0.219598 -0.050343
  4 4.476987 -0.000002 -0.000000 0.013757 -0.094163 0.087448
  5 4.477083 0.000000 0.000002 0.019692 0.066960 -0.027427
  6 4.477077 -0.000004 -0.000002 -0.015190 0.297338 -0.069348
  7 5.413502 -7.700466 -0.000000 0.006008 -0.051891 -0.603543
  8 6.890240 0.000002 -0.000000 -0.044007 0.220803 -0.000000
  9 8.011925 0.000004 0.000005 -0.018113 0.056346 -0.003556
 10 7.210720 -0.000002 -0.000000 0.178900 -0.218622 0.079272
 11 8.581028 -0.304903 -0.000000 0.184310 0.040372 0.244768
 12 22.523008 2.194031 6.355708 0.000000 -0.000000 0.000000
 13 22.523005 2.194038 -6.355709 0.000000 -0.000000 0.000000
 14 -3.006533 7.804720 -11.355459 0.063940 0.224396 1.429482
 15 10.384675 0.000008 0.000005 -0.038487 0.076431 -1.820938
 16 22.550743 -0.000006 -0.000004 0.173931 0.064532 2.004227
 17 30.814247 -0.000015 -0.000004 2.586962 -0.209587 0.604645
 18 -3.013796 7.815494 11.355459 -0.483507 -0.134633 1.588845
 19 10.374533 -0.000002 0.000007 0.014734 -0.193894 -1.917673
 20 22.550726 -0.000027 -0.000013 0.027091 -0.088654 2.068766
 21 30.814270 -0.000023 0.000002 -2.546806 0.026965 0.755233
 22 -4.250660 -0.770624 0.000001 0.000000 0.000000 -3.067279
 23 10.363422 0.000000 0.000000 -0.000000 -0.027453 0.008171
 24 10.363076 0.000000 -0.000000 0.000000 0.001279 -0.083985
 25 10.363081 -0.000004 -0.000002 -0.056262 -0.047034 0.028625
 26 8.210358 -0.000006 -47.369263 0.000000 0.000000 0.074530
 27 8.210346 -0.000002 7.704017 0.000000 0.000000 0.098947
 28 1.854841 1.227791 -13.762345 2.696071 0.179421 2.487684
 29 10.456543 -0.000004 0.000004 0.048238 0.113385 -1.290613
 30 24.248093 0.000001 0.000007 0.056342 0.047099 0.972379
 31 26.336971 0.000019 0.000002 0.023664 0.000085 0.983130
 32 1.854847 1.227798 13.762341 -2.516380 -0.190687 2.482265
 33 10.456542 -0.000008 0.000004 0.041864 0.029143 -0.734115
 34 24.248116 0.000002 -0.000004 -0.082353 -0.029291 1.038486
 35 26.336975 0.000000 0.000004 -0.246708 -0.302983 0.835172
time 139
  0 0.000000 0.000000 0.000000 0.000000 -0.000000 -1.570796
  1 0.000000 0.000000 0.000000 0.000000 -0.000000 0.000000
  2 -0.222663 -25.592901 16.027325 -1.756481 -0.193069 1.804323
  3 4.222169 -0.467508 0.000000 0.007064 0.212350 -0.050343
  4 4.476987 -0.000002 -0.000000 0.014021 -0.088101 0.026561
  5 4.477083 0.000000 0.000002 0.019692 0.066960 -0.027427
  6 4.477077 -0.000004 -0.000002 -0.013620 0.294256 -0.073709
  7 5.413502 -7.700466 -0.000000 0.006539 -0.052316 -0.653608
  8 6.890240 0.000002 -0.000000 -0.038291 0.243257 -0.000256
  9 8.011925 0.000004 0.000005 -0.016371 0.094591 -0.006437
 10 7.210720 -0.000002 -0.000000 0.172037 -0.201867 0.079620
 11 8.581028 -0.304903 -0.000000 0.191268 0.042676 0.197906
 12 22.523008 2.194031 6.355708 0.000000 -0.000000 0.000000
 13 22.523005 2.194038 -6.355709 0.000000 -0.000000 0.000000
 14 -3.006533 7.804720 -11.355459 0.064157 0.229590 1.429482
 15 10.384675 0.000008 0.000005 -0.038599 0.098178 -1.815606
 16 22.550743 -0.000006 -0.000004 0.168285 0.061404 1.996781
 17 30.814247 -0.000015 -0.000004 2.578969 -0.216139 0.618827
 18 -3.013796 7.815494 11.355459 -0.503515 -0.149729 1.584626
 19 10.374533 -0.000002 0.000007 0.013925 -0.200306 -1.913962
 20 22.550726 -0.000027 -0.000013 0.033771 -0.103868 2.121435
 21 30.814270 -0.000023 0.000002 -2.579992 -0.009662 0.531963
 22 -4.250660 -0.770624 0.000001 0.000000 0.000000 -3.081772
 23 10.363422 0.000000 0.000000 0.000000 -0.031288 0.008171
 24 10.363076 0.000000 -0.000000 0.000000 0.001279 -0.083985
 25 10.363081 -0.000004 -0.000002 -0.063649 -0.050470 0.011416
 26 8.210358 -0.000006 -47.369263 0.000000 0.000000 0.085027
 27 8.210346 -0.000002 7.704017 0.000000 0.000000 0.107153
 28 1.854841 1.227791 -13.762345 2.597219 0.179421 2.487684
 29 10.456543 -0.000004 0.000004 0.185937 0.120165 -1.292698
 30 24.248093 0.000001 0.000007 0.056342 0.047099 0.972379
 31 26.336971 0.000019 0.000002 0.010395 -0.049293 0.983130
 32 1.854847 1.227798 13.762341 -2.576276 -0.196049 2.482265
 33 10.456542 -0.000008 0.000004 0.041932 0.032844 -0.727297
 34 24.248116 0.000002 -0.000004 -0.075267 -0.028524 1.039908
 35 26.336975 0.000000 0.000004 -0.243535 -0.304751 0.830255
time 140
  0 0.000000 0.000000 0.000000 0.000000 -0.000000 -1.570796
  1 0.000000 0.000000 0.000000 0.000000 -0.000000 0.000000
  2 -0.011719 -23.588934 27.586273 -1.725613 -0.198254 1.833657
  3 4.222169 -0.467508 0.000000 0.006584 0.204231 -0.050343
  4 4.476987 -0.000002 -0.000000 0.015243 -0.081847 -0.033905
  5 4.477083 0.000000 0.000002 0.019692 0.066960 -0.027427
  6 4.477077 -0.000004 -0.000002 -0.012457 0.274223 -0.078225
  7 5.413502 -7.700466 -0.000000 0.007270 -0.050855 -0.698942
  8 6.890240 0.000002 -0.000000 -0.033030 0.264078 -0.000628
  9 8.011925 0.000004 0.000005 -0.014904 0.127293 -0.009941
 10 7.210720 -0.000002 -0.000000 0.165695 -0.183435 0.080023
 11 8.581028 -0.304903 -0.000000 0.197077 0.041635 0.149397
 12 22.523008 2.194031 6.355708 0.000000 -0.000000 0.000000
 13 22.523005 2.194038 -6.355709 0.000000 -0.000000 0.000000
 14 -3.006533 7.804720 -11.355459 0.064374 0.215387 1.429482
 15 10.384675 0.000008 0.000005 -0.038636 0.117760 -1.816828
 16 22.550743 -0.000006 -0.000004 0.164191 0.057558 1.989639
 17 30.814247 -0.000015 -0.000004 2.570276 -0.222001 0.634656
 18 -3.013796 7.815494 11.355459 -0.522811 -0.162920 1.578413
 19 10.374533 -0.000002 0.000007 0.013925 -0.208977 -1.910251
 20 22.550726 -0.000027 -0.000013 0.038163 -0.115058 2.161573
 21 30.814270 -0.000023 0.000002 -2.613038 -0.046118 0.531963
 22 -4.250660 -0.770624 0.000001 0.000000 0.000000 -3.096751
 23 10.363422 0.000000 0.000000 -0.000000 -0.035818 0.008303
 24 10.363076 0.000000 -0.000000 0.000000 0.001279 -0.083985
 25 10.363081 -0.000004 -0.000002 -0.071123 -0.052889 -0.002625
 26 8.210358 -0.000006 -47.369263 0.000000 0.000000 0.093350
 27 8.210346 -0.000002 7.704017 0.000000 0.000000 0.116376
 28 1.854841 1.227791 -13.762345 2.496168 0.179421 2.487684
 29 10.456543 -0.000004 0.000004 -0.015965 0.129258 -1.295563
 30 24.248093 0.000001 0.000007 0.056342 0.047099 0.972379
 31 26.336971 0.000019 0.000002 -0.024060 -0.054443 0.983130
 32 1.854847 1.227798 13.762341 -2.654371 -0.194298 2.482265
 33 10.456542 -0.000008 0.000004 0.006356 0.036350 -0.720676
 34 24.248116 0.000002 -0.000004 -0.067728 -0.027757 1.041228
 35 26.336975 0.000000 0.000004 -0.240533 -0.306551 0.826130
time 141
  0 0.000000 0.000000 0.000000 0.000000 -0.000000 -1.570796
  1 0.000000 0.000000 0.000000 0.000000 -0.000000 0.000000
  2 -0.113285 -21.530277 51.684662 -1.693020 -0.203440 1.864622
  3 4.222169 -0.467508 0.000000 0.006081 0.195351 -0.165790
  4 4.476987 -0.000002 -0.000000 0.016897 -0.075401 -0.093172
  5 4.477083 0.000000 0.000002 0.019692 0.066960 -0.027427
  6 4.477077 -0.000004 -0.000002 -0.011522 0.241938 -0.082912
  7 5.413502 -7.700466 -0.000000 0.008121 -0.045281 -0.710206
  8 6.890240 0.000002 -0.000000 -0.030776 0.282833 -0.001140
  9 8.011925 0.000004 0.000005 -0.013699 0.154979 -0.014146
 10 7.210720 -0.000002 -0.000000 0.159848 -0.163326 0.085064
 11 8.581028 -0.304903 -0.000000 0.201900 0.040064 0.102535
 12 22.523008 2.194031 6.355708 0.000000 -0.000000 0.000000
 13 22.523005 2.194038 -6.355709 0.000000 -0.000000 0.000000
 14 -3.006533 7.804720 -11.355459 0.064536 0.200796 1.429482
 15 10.384675 0.000008 0.000005 -0.038562 0.133737 -1.822604
 16 22.550743 -0.000006 -0.000004 0.170524 0.053225 1.983101
 17 30.814247 -0.000015 -0.000004 2.561540 -0.227612 0.650413
 18 -3.013796 7.815494 11.355459 -0.533452 -0.172486 1.570776
 19 10.374533 -0.000002 0.000007 0.018644 -0.219641 -1.456052
 20 22.550726 -0.000027 -0.000013 0.042697 -0.122636 2.186761
 21 30.814270 -0.000023 0.000002 -2.656888 -0.082917 0.528644
 22 -4.250660 -0.770624 0.000001 0.000000 0.000000 -3.112089
 23 10.363422 0.000000 0.000000 -0.000000 -0.040947 0.183493
 24 10.363076 0.000000 -0.000000 0.000000 0.001279 -0.083985
 25 10.363081 -0.000004 -0.000002 -0.078559 -0.054106 -0.012397
 26 8.210358 -0.000006 -47.369263 0.000000 0.000000 0.100687
 27 8.210346 -0.000002 7.704017 0.000000 0.000000 0.126617
 28 1.854841 1.227791 -13.762345 2.395292 0.179421 2.487684
 29 10.456543 -0.000004 0.000004 -0.004784 0.095857 -1.299167
 30 24.248093 0.000001 0.000007 0.056342 0.047099 0.972379
 31 26.336971 0.000019 0.000002 -0.072653 -0.052762 0.983130
 32 1.854847 1.227798 13.762341 -2.734862 -0.194298 2.482265
 33 10.456542 -0.000008 0.000004 -0.056350 0.039606 -0.714134
 34 24.248116 0.000002 -0.000004 -0.060137 0.063817 1.042548
 35 26.336975 0.000000 0.000004 -0.237746 -0.308350 0.822682
time 142
  0 0.000000 0.000000 0.000000 0.000000 -0.000000 -1.570796
  1 0.000000 0.000000 0.000000 0.000000 -0.000000 0.000000
  2 -0.121097 -19.299742 75.599457 -1.660619 -0.208466 1.899420
  3 4.222169 -0.467508 0.000000 0.005566 0.185823 -0.302459
  4 4.476987 -0.000002 -0.000000 0.019605 -0.069446 -0.124293
  5 4.477083 0.000000 0.000002 0.019692 0.066960 -0.027427
  6 4.477077 -0.000004 -0.000002 -0.010576 0.203714 -0.087802
  7 5.413502 -7.700466 -0.000000 0.008095 -0.038995 -0.673490
  8 6.890240 0.000002 -0.000000 -0.028991 0.278258 -0.001792
  9 8.011925 0.000004 0.000005 -0.012717 0.178319 -0.019052
 10 7.210720 -0.000002 -0.000000 0.154413 -0.141593 0.090884
 11 8.581028 -0.304903 -0.000000 0.205161 0.037879 0.063805
 12 22.523008 2.194031 6.355708 0.000000 -0.000000 0.000000
 13 22.523005 2.194038 -6.355709 0.000000 -0.000000 0.000000
 14 -3.006533 7.804720 -11.355459 0.064699 0.186769 1.429482
 15 10.384675 0.000008 0.000005 -0.038599 0.145703 -1.829991
 16 22.550743 -0.000006 -0.000004 0.177593 0.048806 1.977290
 17 30.814247 -0.000015 -0.000004 2.552717 -0.232879 0.666170
 18 -3.013796 7.815494 11.355459 -0.542973 -0.157689 1.562168
 19 10.374533 -0.000002 0.000007 0.550980 -0.232233 -1.935649
 20 22.550726 -0.000027 -0.000013 0.049336 -0.127308 2.195135
 21 30.814270 -0.000023 0.000002 -2.590692 -0.119862 0.523261
 22 -4.250660 -0.770624 0.000001 0.000000 0.000000 -3.127606
 23 10.363422 0.000000 0.000000 0.000000 -0.046592 0.007335
 24 10.363076 0.000000 -0.000000 0.000000 0.001279 -0.083985
 25 10.363081 -0.000004 -0.000002 -0.085983 -0.053859 -0.017096
 26 8.210358 -0.000006 -47.369263 0.000000 0.000000 0.107107
 27 8.210346 -0.000002 7.704017 0.000000 0.000000 0.137807
 28 1.854841 1.227791 -13.762345 2.334257 0.179421 2.487684
 29 10.456543 -0.000004 0.000004 0.010328 0.092370 -1.303422
 30 24.248093 0.000001 0.000007 0.056342 0.047099 0.972379
 31 26.336971 0.000019 0.000002 -0.128294 -0.051080 0.983130
 32 1.854847 1.227798 13.762341 -2.816670 -0.194298 2.482265
 33 10.456542 -0.000008 0.000004 -0.062998 0.042667 -0.707749
 34 24.248116 0.000002 -0.000004 -0.052843 -0.027949 1.338604
 35 26.336975 0.000000 0.000004 -0.235087 -0.310180 0.819913
time 143
  0 0.000000 0.000000 0.000000 0.000000 -0.000000 -1.570796
  1 0.000000 0.000000 0.000000 0.000000 -0.000000 0.000000
  2 -0.046876 -17.295774 84.048935 -1.630423 -0.213093 1.940163
  3 4.222169 -0.467508 0.000000 0.005062 0.175794 -0.300741
  4 4.476987 -0.000002 -0.000000 0.022422 -0.064392 -0.153904
  5 4.477083 0.000000 0.000002 0.019692 0.066960 -0.027427
  6 4.477077 -0.000004 -0.000002 0.086787 0.164456 -0.087802
  7 5.413502 -7.700466 -0.000000 0.008520 -0.030533 -0.623395
  8 6.890240 0.000002 -0.000000 -0.027660 0.267946 -0.002583
  9 8.011925 0.000004 0.000005 -0.011944 0.197985 -0.024607
 10 7.210720 -0.000002 -0.000000 0.149280 -0.118359 0.097642
 11 8.581028 -0.304903 -0.000000 0.048779 0.035148 0.032085
 12 22.523008 2.194031 6.355708 0.000000 -0.000000 0.000000
 13 22.523005 2.194038 -6.355709 0.000000 -0.000000 0.000000
 14 -3.006533 7.804720 -11.355459 0.064808 0.173097 1.429482
 15 10.384675 0.000008 0.000005 -0.038748 0.153595 -1.839377
 16 22.550743 -0.000006 -0.000004 0.184630 0.044616 1.972084
 17 30.814247 -0.000015 -0.000004 2.543763 -0.237894 0.682106
 18 -3.013796 7.815494 11.355459 -0.552086 -0.141172 1.553390
 19 10.374533 -0.000002 0.000007 0.011363 -0.246452 -1.939650
 20 22.550726 -0.000027 -0.000013 0.058426 -0.129781 2.188125
 21 30.814270 -0.000023 0.000002 -2.531335 -0.156710 0.516009
 22 -4.250660 -0.770624 0.000001 0.000000 0.000000 3.140139
 23 10.363422 0.000000 0.000000 -0.000000 -0.052692 0.007335
 24 10.363076 0.000000 -0.000000 0.000000 0.001279 -0.083985
 25 10.363081 -0.000004 -0.000002 -0.093259 -0.051810 -0.016129
 26 8.210358 -0.000006 -47.369263 0.000000 0.000000 0.112713
 27 8.210346 -0.000002 7.704017 0.000000 0.000000 0.149743
 28 1.854841 1.227791 -13.762345 2.287909 0.179421 2.487684
 29 10.456543 -0.000004 0.000004 0.029335 0.093509 -1.308198
 30 24.248093 0.000001 0.000007 0.056342 0.047099 0.972379
 31 26.336971 0.000019 0.000002 -0.183675 0.154760 0.983130
 32 1.854847 1.227798 13.762341 -2.900133 -0.194298 2.482265
 33 10.456542 -0.000008 0.000004 -0.060827 0.045478 -0.701562
 34 24.248116 0.000002 -0.000004 -0.046211 -0.027074 0.528219
 35 26.336975 0.000000 0.000004 -0.232600 -0.312041 0.817652
time 144
  0 0.000000 0.000000 0.000000 0.000000 -0.000000 -1.570796
  1 0.000000 0.000000 0.000000 0.000000 -0.000000 0.000000
  2 0.070315 -15.432436 90.760078 -1.604348 -0.217162 1.985507
  3 4.222169 -0.467508 0.000000 0.004547 0.165283 -0.299009
  4 4.476987 -0.000002 -0.000000 0.025334 -0.059273 -0.155546
  5 4.477083 0.000000 0.000002 0.019692 0.066960 -0.027427
  6 4.477077 -0.000004 -0.000002 -0.145103 0.024096 -0.087802
  7 5.413502 -7.700466 -0.000000 0.105893 -0.022038 -0.526689
  8 6.890240 0.000002 -0.000000 -0.026929 0.252668 -0.003398
  9 8.011925 0.000004 0.000005 -0.011329 0.214503 -0.030707
 10 7.210720 -0.000002 -0.000000 0.144366 -0.093430 0.105660
 11 8.581028 -0.304903 -0.000000 0.006044 0.031836 0.006604
 12 22.523008 2.194031 6.355708 0.000000 -0.000000 0.000000
 13 22.523005 2.194038 -6.355709 0.000000 -0.000000 0.000000
 14 -3.006533 7.804720 -11.355459 0.064862 0.159530 1.429482
 15 10.384675 0.000008 0.000005 -0.038599 0.156714 -1.850929
 16 22.550743 -0.000006 -0.000004 0.191666 0.041086 1.967302
 17 30.814247 -0.000015 -0.000004 2.534634 -0.242691 0.698078
 18 -3.013796 7.815494 11.355459 -0.560640 -0.124731 1.545068
 19 10.374533 -0.000002 0.000007 0.011363 -0.262133 -1.951073
 20 22.550726 -0.000027 -0.000013 0.069641 -0.130508 2.170693
 21 30.814270 -0.000023 0.000002 -2.481311 -0.191453 0.507084
 22 -4.250660 -0.770624 0.000001 0.000000 0.000000 3.124749
 23 10.363422 0.000000 0.000000 -0.000000 -0.059140 0.004716
 24 10.363076 0.000000 -0.000000 0.000000 0.001279 -0.083985
 25 10.363081 -0.000004 -0.000002 -0.100314 -0.047527 -0.009015
 26 8.210358 -0.000006 -47.369263 0.000000 0.000000 0.117570
 27 8.210346 -0.000002 7.704017 0.000000 0.000000 0.162357
 28 1.854841 1.227791 -13.762345 2.267417 0.179421 2.487684
 29 10.456543 -0.000004 0.000004 0.049146 0.094647 -1.313496
 30 24.248093 0.000001 0.000007 0.056342 0.047099 0.972379
 31 26.336971 0.000019 0.000002 -0.232573 -0.073837 0.983130
 32 1.854847 1.227798 13.762341 -2.983426 -0.194298 2.482265
 33 10.456542 -0.000008 0.000004 -0.058657 0.048094 -0.695532
 34 24.248116 0.000002 -0.000004 -0.040899 -0.026139 0.512479
 35 26.336975 0.000000 0.000004 -0.230284 -0.313872 0.815900
time 145
  0 0.000000 0.000000 0.000000 0.000000 -0.000000 -1.570796
  1 0.000000 0.000000 0.000000 0.000000 -0.000000 0.000000
  2 0.191412 -13.717539 96.982925 -1.584601 -0.220433 1.590161
  3 4.222169 -0.467508 0.000000 0.004068 0.154438 -0.297291
  4 4.476987 -0.000002 -0.000000 0.028366 -0.054068 -0.156212
  5 4.477083 0.000000 0.000002 0.019692 0.066960 -0.027427
  6 4.477077 -0.000004 -0.000002 -0.140117 -0.010802 -0.087802
  7 5.413502 -7.700466 -0.000000 -0.086581 0.135368 -0.428147
  8 6.890240 0.000002 -0.000000 -0.027732 0.231468 -0.004189
  9 8.011925 0.000004 0.000005 -0.010857 0.228338 -0.037196
 10 7.210720 -0.000002 -0.000000 0.139672 -0.067071 0.115422
 11 8.581028 -0.304903 -0.000000 0.001543 0.027994 -0.013795
 12 22.523008 2.194031 6.355708 0.000000 -0.000000 0.000000
 13 22.523005 2.194038 -6.355709 0.000000 -0.000000 0.000000
 14 -3.006533 7.804720 -11.355459 0.064916 0.145998 1.429482
 15 10.384675 0.000008 0.000005 -0.038450 0.148185 -1.865314
 16 22.550743 -0.000006 -0.000004 0.198783 0.038589 1.962762
 17 30.814247 -0.000015 -0.000004 2.525374 -0.246578 0.715053
 18 -3.013796 7.815494 11.355459 -0.568786 -0.108289 1.538057
 19 10.374533 -0.000002 0.000007 0.003342 -0.279076 -1.967309
 20 22.550726 -0.000027 -0.000013 0.082796 -0.129781 2.144947
 21 30.814270 -0.000023 0.000002 -2.434619 -0.221597 0.496541
 22 -4.250660 -0.770624 0.000001 0.000000 0.000000 3.109642
 23 10.363422 0.000000 0.000000 -0.000000 -0.065923 0.004716
 24 10.363076 0.000000 -0.000000 0.000000 0.001279 -0.083985
 25 10.363081 -0.000004 -0.000002 -0.107085 -0.041627 0.004275
 26 8.210358 -0.000006 -47.369263 0.000000 0.000000 0.121647
 27 8.210346 -0.000002 7.704017 0.000000 0.000000 0.175412
 28 1.854841 1.227791 -13.762345 2.271463 0.179421 2.487684
 29 10.456543 -0.000004 0.000004 0.069220 0.234032 -1.319183
 30 24.248093 0.000001 0.000007 0.056342 0.047099 0.972379
 31 26.336971 0.000019 0.000002 -0.269029 -0.071551 0.983130
 32 1.854847 1.227798 13.762341 -3.034476 -0.194298 2.482265
 33 10.456542 -0.000008 0.000004 0.206991 0.050515 -0.689699
 34 24.248116 0.000002 -0.000004 -0.038490 -0.025144 0.498872
 35 26.336975 0.000000 0.000004 -0.228097 -0.315702 0.814487
time 146
  0 0.000000 0.000000 0.000000 0.000000 -0.000000 -1.570796
  1 0.000000 0.000000 0.000000 0.000000 -0.000000 0.000000
  2 0.273446 -12.983143 102.588562 -1.573002 -0.222827 1.571372
  3 4.222169 -0.467508 0.000000 0.003600 0.143389 -0.295620
  4 4.476987 -0.000002 -0.000000 0.031518 -0.048799 -0.156701
  5 4.477083 0.000000 0.000002 0.019692 0.066960 -0.027427
  6 4.477077 -0.000004 -0.000002 -0.132974 -0.014485 -0.087802
  7 5.413502 -7.700466 -0.000000 -0.085730 -0.113807 -0.389751
  8 6.890240 0.000002 -0.000000 -0.028715 0.185188 -0.005050
  9 8.011925 0.000004 0.000005 -0.010491 0.239617 -0.044100
 10 7.210720 -0.000002 -0.000000 0.135142 -0.040041 0.131351
 11 8.581028 -0.304903 -0.000000 0.003012 0.023607 -0.029778
 12 22.523008 2.194031 6.355708 0.000000 -0.000000 0.000000
 13 22.523005 2.194038 -6.355709 0.000000 -0.000000 0.000000
 14 -3.006533 7.804720 -11.355459 0.064970 0.132361 1.429482
 15 10.384675 0.000008 0.000005 -0.038337 0.139423 -1.882364
 16 22.550743 -0.000006 -0.000004 0.205916 0.037642 1.958161
 17 30.814247 -0.000015 -0.000004 2.515371 -0.244665 0.739978
 18 -3.013796 7.815494 11.355459 -0.576575 -0.091661 1.533098
 19 10.374533 -0.000002 0.000007 -0.009669 -0.296983 -1.985574
 20 22.550726 -0.000027 -0.000013 0.097626 -0.127995 2.113122
 21 30.814270 -0.000023 0.000002 -2.393680 -0.245159 0.484604
 22 -4.250660 -0.770624 0.000001 0.000000 0.000000 3.094970
 23 10.363422 0.000000 0.000000 -0.000000 -0.072934 0.004716
 24 10.363076 0.000000 -0.000000 0.000000 0.001279 -0.083985
 25 10.363081 -0.000004 -0.000002 -0.113463 -0.035218 0.020356
 26 8.210358 -0.000006 -47.369263 0.000000 0.000000 0.124976
 27 8.210346 -0.000002 7.704017 0.000000 0.000000 0.187857
 28 1.854841 1.227791 -13.762345 2.295868 0.179421 2.487684
 29 10.456543 -0.000004 0.000004 0.089240 0.098865 -0.898146
 30 24.248093 0.000001 0.000007 0.056342 0.047099 0.972379
 31 26.336971 0.000019 0.000002 -0.291607 -0.067057 0.983130
 32 1.854847 1.227798 13.762341 -3.072797 -0.194298 2.482265
 33 10.456542 -0.000008 0.000004 -0.063845 0.132192 -0.684024
 34 24.248116 0.000002 -0.000004 -0.038658 -0.024114 0.498872
 35 26.336975 0.000000 0.000004 -0.226039 -0.317501 0.813470
time 147
  0 0.000000 0.000000 0.000000 0.000000 -0.000000 -1.570796
  1 0.000000 0.000000 0.000000 0.000000 -0.000000 0.000000
  2 0.351573 -12.401093 101.221336 -1.571372 -0.224103 1.577507
  3 4.222169 -0.467508 0.000000 0.003181 0.132230 -0.293995
  4 4.476987 -0.000002 -0.000000 0.034826 -0.043488 -0.156856
  5 4.477083 0.000000 0.000002 0.019692 0.066960 -0.027427
  6 4.477077 -0.000004 -0.000002 -0.122775 -0.013283 -0.087802
  7 5.413502 -7.700466 -0.000000 -0.084800 -0.095507 -0.447501
  8 6.890240 0.000002 -0.000000 -0.029854 0.140057 -0.005981
  9 8.011925 0.000004 0.000005 -0.010189 0.248563 -0.051290
 10 7.210720 -0.000002 -0.000000 0.130750 -0.013241 0.147951
 11 8.581028 -0.304903 -0.000000 0.004482 0.018673 -0.042221
 12 22.523008 2.194031 6.355708 0.000000 -0.000000 0.000000
 13 22.523005 2.194038 -6.355709 0.000000 -0.000000 0.000000
 14 -3.006533 7.804720 -11.355459 0.065025 0.118476 1.429482
 15 10.384675 0.000008 0.000005 -0.038225 0.131000 -1.900359
 16 22.550743 -0.000006 -0.000004 0.213496 0.039680 1.953016
 17 30.814247 -0.000015 -0.000004 2.505369 -0.241562 0.765834
 18 -3.013796 7.815494 11.355459 -0.582888 -0.074995 1.531217
 19 10.374533 -0.000002 0.000007 -0.560812 -0.315821 -2.003492
 20 22.550726 -0.000027 -0.000013 0.113334 -0.125521 2.077637
 21 30.814270 -0.000023 0.000002 -2.361266 -0.259570 0.471467
 22 -4.250660 -0.770624 0.000001 0.000000 0.000000 3.080912
 23 10.363422 0.000000 0.000000 0.000000 -0.080113 0.004716
 24 10.363076 0.000000 -0.000000 0.000000 0.001279 -0.083985
 25 10.363081 -0.000004 -0.000002 -0.119286 -0.028208 0.037055
 26 8.210358 -0.000006 -47.369263 0.000000 0.000000 0.127557
 27 8.210346 -0.000002 7.704017 0.000000 0.000000 0.198538
 28 1.854841 1.227791 -13.762345 2.336104 0.179421 2.487684
 29 10.456543 -0.000004 0.000004 0.107497 0.099470 -1.230521
 30 24.248093 0.000001 0.000007 0.056342 0.047099 0.972379
 31 26.336971 0.000019 0.000002 -0.300003 -0.060882 0.983130
 32 1.854847 1.227798 13.762341 -3.089240 -0.194298 2.482265
 33 10.456542 -0.000008 0.000004 -0.058623 -0.079362 -0.925534
 34 24.248116 0.000002 -0.000004 -0.039034 -0.023059 0.498872
 35 26.336975 0.000000 0.000004 -0.224152 -0.319269 0.812735
time 148
  0 0.000000 0.000000 0.000000 0.000000 -0.000000 -1.570796
  1 0.000000 0.000000 0.000000 0.000000 -0.000000 0.000000
  2 0.445326 -11.967485 98.139206 -1.576069 -0.224701 1.583642
  3 4.222169 -0.467508 0.000000 0.002797 0.121163 -0.292431
  4 4.476987 -0.000002 -0.000000 0.038289 -0.038112 -0.156612
  5 4.477083 0.000000 0.000002 0.019692 0.066960 -0.027427
  6 4.477077 -0.000004 -0.000002 -0.108562 -0.012080 -0.087802
  7 5.413502 -7.700466 -0.000000 -0.083989 -0.077106 -0.453599
  8 6.890240 0.000002 -0.000000 -0.031124 0.097188 -0.007005
  9 8.011925 0.000004 0.000005 -0.009927 0.255401 -0.058662
 10 7.210720 -0.000002 -0.000000 0.126330 0.012358 0.165168
 11 8.581028 -0.304903 -0.000000 0.184356 0.013210 -0.051895
 12 22.523008 2.194031 6.355708 0.000000 -0.000000 0.000000
 13 22.523005 2.194038 -6.355709 0.000000 -0.000000 0.000000
 14 -3.006533 7.804720 -11.355459 0.540611 0.104309 1.429482
 15 10.384675 0.000008 0.000005 -0.038151 0.122789 -1.917187
 16 22.550743 -0.000006 -0.000004 0.224627 0.042234 1.945571
 17 30.814247 -0.000015 -0.000004 2.659425 0.061885 0.539217
 18 -3.013796 7.815494 11.355459 -0.579783 -0.057283 1.535264
 19 10.374533 -0.000002 0.000007 -0.595663 -0.335289 -2.019612
 20 22.550726 -0.000027 -0.000013 0.034813 -0.122695 2.040725
 21 30.814270 -0.000023 0.000002 -2.339866 -0.262677 0.457270
 22 -4.250660 -0.770624 0.000001 0.000000 0.000000 3.067674
 23 10.363422 0.000000 0.000000 -0.000000 -0.087376 0.004716
 24 10.363076 0.000000 -0.000000 0.000000 0.001279 -0.083985
 25 10.363081 -0.000004 -0.000002 -0.123768 -0.020551 0.055956
 26 8.210358 -0.000006 -47.369263 0.000000 0.000000 0.270639
 27 8.210346 -0.000002 7.704017 0.000000 0.000000 0.207558
 28 1.854841 1.227791 -13.762345 2.387817 0.179421 2.487684
 29 10.456543 -0.000004 0.000004 0.122643 0.101392 -1.229696
 30 24.248093 0.000001 0.000007 0.056342 0.047099 0.972379
 31 26.336971 0.000019 0.000002 -0.293782 -0.054312 0.983130
 32 1.854847 1.227798 13.762341 -3.085020 -0.194298 2.482265
 33 10.456542 -0.000008 0.000004 -0.052382 -0.066449 -0.987765
 34 24.248116 0.000002 -0.000004 -0.039669 -0.021992 0.498872
 35 26.336975 0.000000 0.000004 -0.222394 -0.320976 0.812114
time 149
  0 0.000000 0.000000 0.000000 0.000000 -0.000000 -1.570796
  1 0.000000 0.000000 0.000000 0.000000 -0.000000 0.000000
  2 0.484390 -11.729198 93.572662 -1.582108 -0.224941 2.334550
  3 4.222169 -0.467508 0.000000 0.002474 0.110133 -0.290959
  4 4.476987 -0.000002 -0.000000 0.041957 -0.032715 -0.155857
  5 4.477083 0.000000 0.000002 0.019692 0.066960 -0.027427
  6 4.477077 -0.000004 -0.000002 -0.089530 0.135121 -0.087802
  7 5.413502 -7.700466 -0.000000 -0.080507 -0.058518 -0.451608
  8 6.890240 0.000002 -0.000000 -0.032562 0.056514 -0.008099
  9 8.011925 0.000004 0.000005 -0.009679 0.260353 -0.066111
 10 7.210720 -0.000002 -0.000000 0.121938 0.036228 0.183269
 11 8.581028 -0.304903 -0.000000 0.010866 0.138314 -0.059605
 12 22.523008 2.194031 6.355708 0.000000 -0.000000 0.000000
 13 22.523005 2.194038 -6.355709 0.000000 -0.000000 0.000000
 14 -3.006533 7.804720 -11.355459 -0.024070 0.343318 1.429482
 15 10.384675 0.000008 0.000005 -0.038113 0.114642 -1.930683
 16 22.550743 -0.000006 -0.000004 0.236174 0.045218 1.938730
 17 30.814247 -0.000015 -0.000004 2.656761 0.071791 0.532198
 18 -3.013796 7.815494 11.355459 -0.574742 -0.031276 1.540337
 19 10.374533 -0.000002 0.000007 -0.627481 -0.355223 -2.032542
 20 22.550726 -0.000027 -0.000013 -0.109586 0.028170 2.004806
 21 30.814270 -0.000023 0.000002 -2.332044 -0.250028 0.442265
 22 -4.250660 -0.770624 0.000001 0.000000 0.000000 3.055588
 23 10.363422 0.000000 0.000000 0.000000 -0.094602 0.004716
 24 10.363076 0.000000 -0.000000 0.000000 0.001279 -0.083985
 25 10.363081 -0.000004 -0.000002 -0.125996 -0.012509 0.076252
 26 8.210358 -0.000006 -47.369263 0.000000 0.000000 -0.160203
 27 8.210346 -0.000002 7.704017 0.000000 0.000000 0.215086
 28 1.854841 1.227791 -13.762345 2.446213 0.179421 2.487684
 29 10.456543 -0.000004 0.000004 0.134767 0.102780 -1.226657
 30 24.248093 0.000001 0.000007 0.056342 0.047099 0.972379
 31 26.336971 0.000019 0.000002 -0.272335 -0.047427 0.983130
 32 1.854847 1.227798 13.762341 -3.063850 -0.194298 2.482265
 33 10.456542 -0.000008 0.000004 -0.045261 -0.050865 -0.985833
 34 24.248116 0.000002 -0.000004 -0.040537 -0.020914 0.498872
 35 26.336975 0.000000 0.000004 -0.220721 -0.322651 0.811661
time 150
  0 0.000000 0.000000 0.000000 0.000000 -0.000000 -1.570796
  1 0.000000 0.000000 0.000000 0.000000 -0.000000 0.000000
  2 0.546892 -11.990925 87.236534 -1.588818 -0.224941 1.573385
  3 4.222169 -0.467508 0.000000 0.002210 0.099344 -0.289563
  4 4.476987 -0.000002 -0.000000 0.045828 -0.027296 -0.154503
  5 4.477083 0.000000 0.000002 0.019692 0.066960 -0.027427
  6 4.477077 -0.000004 -0.000002 -0.064506 -0.014185 -0.087802
  7 5.413502 -7.700466 -0.000000 -0.077038 -0.008818 -0.449617
  8 6.890240 0.000002 -0.000000 -0.034120 0.018154 -0.009262
  9 8.011925 0.000004 0.000005 -0.009377 0.263692 -0.073535
 10 7.210720 -0.000002 -0.000000 0.118507 0.057308 0.202175
 11 8.581028 -0.304903 -0.000000 0.011785 0.010171 1.329809
 12 22.523008 2.194031 6.355708 0.000000 -0.000000 0.000000
 13 22.523005 2.194038 -6.355709 0.000000 -0.000000 0.000000
 14 -3.006533 7.804720 -11.355459 -0.034325 0.277498 1.429482
 15 10.384675 0.000008 0.000005 -0.038076 0.106516 -1.939403
 16 22.550743 -0.000006 -0.000004 0.164815 0.048633 1.932617
 17 30.814247 -0.000015 -0.000004 2.651869 0.087308 0.534490
 18 -3.013796 7.815494 11.355459 0.222857 -0.004297 1.546265
 19 10.374533 -0.000002 0.000007 -0.652018 -0.375389 -2.041646
 20 22.550726 -0.000027 -0.000013 -0.104684 -0.011013 1.971864
 21 30.814270 -0.000023 0.000002 -2.340252 -0.194879 0.426478
 22 -4.250660 -0.770624 0.000001 0.000000 0.000000 3.046268
 23 10.363422 0.000000 0.000000 0.000000 -0.101805 0.004716
 24 10.363076 0.000000 -0.000000 0.000000 0.001279 -0.083985
 25 10.363081 -0.000004 -0.000002 -0.125085 -0.004437 0.096200
 26 8.210358 -0.000006 -47.369263 0.000000 0.000000 -0.169001
 27 8.210346 -0.000002 7.704017 0.000000 0.000000 0.221223
 28 1.854841 1.227791 -13.762345 2.508084 0.179421 2.487684
 29 10.456543 -0.000004 0.000004 0.143590 0.105716 -1.222966
 30 24.248093 0.000001 0.000007 0.056342 0.047099 0.972379
 31 26.336971 0.000019 0.000002 -0.234922 -0.047427 0.983130
 32 1.854847 1.227798 13.762341 -3.029412 -0.194298 2.482265
 33 10.456542 -0.000008 0.000004 -0.037460 -0.032971 -0.983429
 34 24.248116 0.000002 -0.000004 -0.041625 -0.019847 0.498872
 35 26.336975 0.000000 0.000004 -0.219177 -0.324233 0.811209
time 151
  0 0.000000 0.000000 0.000000 0.000000 -0.000000 -1.570796
  1 0.000000 0.000000 0.000000 0.000000 -0.000000 0.000000
  2 0.636738 -12.311247 73.404076 -1.596296 -0.224661 1.580383
  3 4.222169 -0.467508 0.000000 0.002018 0.088907 -0.288306
  4 4.476987 -0.000002 -0.000000 0.050178 -0.021899 -0.152461
  5 4.477083 0.000000 0.000002 0.019692 0.066960 -0.027427
  6 4.477077 -0.000004 -0.000002 -0.033418 -0.014560 -0.087802
  7 5.413502 -7.700466 -0.000000 -0.070219 0.041458 -0.205892
  8 6.890240 0.000002 -0.000000 -0.035187 -0.017540 -0.010426
  9 8.011925 0.000004 0.000005 -0.009024 0.265609 -0.080907
 10 7.210720 -0.000002 -0.000000 0.117052 0.073515 0.221216
 11 8.581028 -0.304903 -0.000000 0.015045 0.008276 1.106576
 12 22.523008 2.194031 6.355708 0.000000 -0.000000 0.000000
 13 22.523005 2.194038 -6.355709 0.000000 -0.000000 0.000000
 14 -3.006533 7.804720 -11.355459 -0.061726 0.270573 1.429482
 15 10.384675 0.000008 0.000005 -0.038039 0.098326 -1.943402
 16 22.550743 -0.000006 -0.000004 0.134972 0.052450 1.927229
 17 30.814247 -0.000015 -0.000004 2.644705 0.108844 0.536782
 18 -3.013796 7.815494 11.355459 -0.081907 -0.171029 1.553048
 19 10.374533 -0.000002 0.000007 -0.664152 -0.395455 -2.046227
 20 22.550726 -0.000027 -0.000013 -0.095247 -0.012466 1.944257
 21 30.814270 -0.000023 0.000002 -2.555716 -0.135546 0.410162
 22 -4.250660 -0.770624 0.000001 0.000000 0.000000 3.041658
 23 10.363422 0.000000 0.000000 0.000000 -0.108876 0.004716
 24 10.363076 0.000000 -0.000000 0.000000 0.001279 -0.083985
 25 10.363081 -0.000004 -0.000002 -0.119705 0.003205 0.114644
 26 8.210358 -0.000006 -47.369263 0.000000 0.000000 -0.188398
 27 8.210346 -0.000002 7.704017 0.000000 0.000000 0.226039
 28 1.854841 1.227791 -13.762345 2.571670 0.179421 2.487684
 29 10.456543 -0.000004 0.000004 0.139537 0.109453 -1.217322
 30 24.248093 0.000001 0.000007 0.056342 0.047099 0.972379
 31 26.336971 0.000019 0.000002 -0.181456 -0.047427 0.983130
 32 1.854847 1.227798 13.762341 -2.985520 -0.194298 2.482265
 33 10.456542 -0.000008 0.000004 -0.029253 -0.013185 -0.980710
 34 24.248116 0.000002 -0.000004 -0.042894 -0.018793 0.498872
 35 26.336975 0.000000 0.000004 -0.217762 -0.325753 0.810757
time 152
  0 0.000000 0.000000 0.000000 0.000000 -0.000000 -1.570796
  1 0.000000 0.000000 0.000000 0.000000 -0.000000 0.000000
  2 0.757836 -12.682352 59.915382 -1.604348 -0.223983 1.589490
  3 4.222169 -0.467508 0.000000 0.001910 0.078915 -0.287171
  4 4.476987 -0.000002 -0.000000 0.055272 -0.016587 -0.149575
  5 4.477083 0.000000 0.000002 0.019692 0.066960 -0.027427
  6 4.477077 -0.000004 -0.000002 0.000582 -0.015575 -0.087802
  7 5.413502 -7.700466 -0.000000 -0.063214 0.146277 -0.453382
  8 6.890240 0.000002 -0.000000 -0.036002 -0.041053 -0.011636
  9 8.011925 0.000004 0.000005 -0.008565 0.266328 -0.088149
 10 7.210720 -0.000002 -0.000000 0.116750 0.083261 0.240283
 11 8.581028 -0.304903 -0.000000 0.019569 0.002796 1.110957
 12 22.523008 2.194031 6.355708 0.000000 -0.000000 0.000000
 13 22.523005 2.194038 -6.355709 0.000000 -0.000000 0.000000
 14 -3.006533 7.804720 -11.355459 -0.101932 0.272834 1.429482
 15 10.384675 0.000008 0.000005 -0.038001 0.089988 -1.943124
 16 22.550743 -0.000006 -0.000004 0.131838 0.056669 1.922508
 17 30.814247 -0.000015 -0.000004 2.636843 0.132794 0.817296
 18 -3.013796 7.815494 11.355459 -0.065818 -0.240756 1.560629
 19 10.374533 -0.000002 0.000007 -0.659164 -0.415488 -2.045299
 20 22.550726 -0.000027 -0.000013 -0.082582 -0.012466 1.924343
 21 30.814270 -0.000023 0.000002 -2.625561 -0.082305 0.393455
 22 -4.250660 -0.770624 0.000001 0.000000 0.000000 3.043553
 23 10.363422 0.000000 0.000000 -0.000000 -0.115743 0.004716
 24 10.363076 0.000000 -0.000000 0.000000 0.001279 -0.083985
 25 10.363081 -0.000004 -0.000002 -0.104131 0.009814 0.130752
 26 8.210358 -0.000006 -47.369263 0.000000 0.000000 -0.214962
 27 8.210346 -0.000002 7.704017 0.000000 0.000000 0.229599
 28 1.854841 1.227791 -13.762345 2.636135 0.179421 2.487684
 29 10.456543 -0.000004 0.000004 0.135099 0.113367 -1.209810
 30 24.248093 0.000001 0.000007 0.056342 0.047099 0.972379
 31 26.336971 0.000019 0.000002 -0.114547 -0.047427 0.983130
 32 1.854847 1.227798 13.762341 -2.936192 -0.194298 2.482265
 33 10.456542 -0.000008 0.000004 -0.020707 0.008132 -0.977636
 34 24.248116 0.000002 -0.000004 -0.044319 -0.017774 0.498872
 35 26.336975 0.000000 0.000004 -0.216433 -0.327149 0.810136
time 153
  0 0.000000 0.000000 0.000000 0.000000 -0.000000 -1.570796
  1 0.000000 0.000000 0.000000 0.000000 -0.000000 0.000000
  2 0.898465 -13.096428 47.102493 -1.612880 -0.222986 1.622851
  3 4.222169 -0.467508 0.000000 0.001898 0.069553 -0.286190
  4 4.476987 -0.000002 -0.000000 0.060940 -0.011425 -0.144270
  5 4.477083 0.000000 0.000002 0.019692 0.066960 -0.027427
  6 4.477077 -0.000004 -0.000002 0.033576 -0.017173 -0.087802
  7 5.413502 -7.700466 -0.000000 -0.055625 0.250297 -0.453599
  8 6.890240 0.000002 -0.000000 -0.036601 -0.062905 -0.012846
  9 8.011925 0.000004 0.000005 -0.007963 0.266072 -0.095313
 10 7.210720 -0.000002 -0.000000 0.116860 0.087375 0.259296
 11 8.581028 -0.304903 -0.000000 0.024231 -0.006167 1.125608
 12 22.523008 2.194031 6.355708 0.000000 -0.000000 0.000000
 13 22.523005 2.194038 -6.355709 0.000000 -0.000000 0.000000
 14 -3.006533 7.804720 -11.355459 -0.150495 0.275095 1.429482
 15 10.384675 0.000008 0.000005 0.289383 0.081480 -1.939070
 16 22.550743 -0.000006 -0.000004 0.132861 0.061289 1.918452
 17 30.814247 -0.000015 -0.000004 2.628588 0.158750 0.537248
 18 -3.013796 7.815494 11.355459 -0.040617 -0.248080 1.569008
 19 10.374533 -0.000002 0.000007 -0.629773 -0.435123 -2.037587
 20 22.550726 -0.000027 -0.000013 -0.067997 -0.012348 1.914790
 21 30.814270 -0.000023 0.000002 -2.628227 -0.042888 0.376553
 22 -4.250660 -0.770624 0.000001 0.000000 0.000000 3.054717
 23 10.363422 0.000000 0.000000 0.000000 -0.122323 0.004716
 24 10.363076 0.000000 -0.000000 0.000000 0.001279 -0.083985
 25 10.363081 -0.000004 -0.000002 -0.079248 0.014882 0.144122
 26 8.210358 -0.000006 -47.369263 0.000000 0.000000 -0.245230
 27 8.210346 -0.000002 7.704017 0.000000 0.000000 0.232041
 28 1.854841 1.227791 -13.762345 2.700468 0.179421 2.487684
 29 10.456543 -0.000004 0.000004 0.130173 0.116731 -1.200649
 30 24.248093 0.000001 0.000007 0.056342 0.047099 0.972379
 31 26.336971 0.000019 0.000002 -0.037850 -0.047427 0.983130
 32 1.854847 1.227798 13.762341 -2.884129 -0.194298 2.482265
 33 10.456542 -0.000008 0.000004 -0.012093 0.030757 -0.974365
 34 24.248116 0.000002 -0.000004 -0.045900 -0.016791 0.498872
 35 26.336975 0.000000 0.000004 -0.215146 -0.328452 0.809344
time 154
  0 0.000000 0.000000 0.000000 0.000000 -0.000000 -1.570796
  1 0.000000 0.000000 0.000000 0.000000 -0.000000 0.000000
  2 1.066439 -13.565191 34.945869 -1.621795 -0.221550 0.492128
  3 4.222169 -0.467508 0.000000 0.001982 0.060804 -0.285377
  4 4.476987 -0.000002 -0.000000 0.067052 -0.006371 -0.134548
  5 4.477083 0.000000 0.000002 0.019692 0.066960 -0.027427
  6 4.477077 -0.000004 -0.000002 0.062267 -0.019259 -0.087802
  7 5.413502 -7.700466 -0.000000 -0.048806 0.287048 -0.453786
  8 6.890240 0.000002 -0.000000 -0.036901 -0.083935 -0.014056
  9 8.011925 0.000004 0.000005 -0.007098 0.265178 -0.102477
 10 7.210720 -0.000002 -0.000000 0.116750 0.086562 0.278068
 11 8.581028 -0.304903 -0.000000 0.027951 -0.018493 1.148776
 12 22.523008 2.194031 6.355708 0.000000 -0.000000 0.000000
 13 22.523005 2.194038 -6.355709 0.000000 -0.000000 0.000000
 14 -3.006533 7.804720 -11.355459 -0.202638 0.551837 1.429482
 15 10.384675 0.000008 0.000005 -0.099332 0.225010 -1.931739
 16 22.550743 -0.000006 -0.000004 0.133885 0.066254 1.915062
 17 30.814247 -0.000015 -0.000004 2.620114 0.186775 0.537856
 18 -3.013796 7.815494 11.355459 -0.005640 -0.245688 1.578185
 19 10.374533 -0.000002 0.000007 -0.544634 -0.454159 -2.021467
 20 22.550726 -0.000027 -0.000013 -0.052922 0.143935 1.921738
 21 30.814270 -0.000023 0.000002 -2.628087 -0.024220 0.359734
 22 -4.250660 -0.770624 0.000001 0.000000 0.000000 3.087058
 23 10.363422 0.000000 0.000000 0.000000 -0.128519 0.004716
 24 10.363076 0.000000 -0.000000 0.000000 0.001279 -0.083985
 25 10.363081 -0.000004 -0.000002 -0.057776 0.017840 0.154915
 26 8.210358 -0.000006 -47.369263 0.000000 0.000000 -0.275599
 27 8.210346 -0.000002 7.704017 0.000000 0.000000 0.270154
 28 1.854841 1.227791 -13.762345 2.759744 0.179421 2.487684
 29 10.456543 -0.000004 0.000004 0.114589 0.118919 -1.190445
 30 24.248093 0.000001 0.000007 0.056342 0.047099 0.972379
 31 26.336971 0.000019 0.000002 0.045546 -0.047427 0.983130
 32 1.854847 1.227798 13.762341 -2.830952 -0.194298 2.482265
 33 10.456542 -0.000008 0.000004 -0.003580 0.054244 -0.970936
 34 24.248116 0.000002 -0.000004 -0.047597 -0.015844 0.498872
 35 26.336975 0.000000 0.000004 -0.213946 -0.329631 0.808440
time 155
  0 0.000000 0.000000 0.000000 0.000000 -0.000000 -1.570796
  1 0.000000 0.000000 0.000000 0.000000 -0.000000 0.000000
  2 1.238319 -14.073019 23.480679 -1.631094 -0.219635 0.547442
  3 4.222169 -0.467508 0.000000 0.002174 0.052832 -0.284733
  4 4.476987 -0.000002 -0.000000 0.073404 -0.001444 -0.120519
  5 4.477083 0.000000 0.000002 0.019692 0.066960 -0.027427
  6 4.477077 -0.000004 -0.000002 0.086799 -0.021796 -0.087802
  7 5.413502 -7.700466 -0.000000 -0.042466 0.316239 -0.454128
  8 6.890240 0.000002 -0.000000 -0.035870 -0.102978 -0.015289
  9 8.011925 0.000004 0.000005 -0.005383 0.262558 -0.109744
 10 7.210720 -0.000002 -0.000000 0.115789 0.081548 0.296679
 11 8.581028 -0.304903 -0.000000 0.030178 -0.033875 1.178709
 12 22.523008 2.194031 6.355708 0.000000 -0.000000 0.000000
 13 22.523005 2.194038 -6.355709 0.000000 -0.000000 0.000000
 14 -3.006533 7.804720 -11.355459 -0.254565 0.228495 1.429482
 15 10.384675 0.000008 0.000005 -0.106392 0.185484 -1.921409
 16 22.550743 -0.000006 -0.000004 0.259155 0.071563 1.912338
 17 30.814247 -0.000015 -0.000004 2.611684 0.216461 0.539575
 18 -3.013796 7.815494 11.355459 0.033258 -0.243297 1.588046
 19 10.374533 -0.000002 0.000007 -0.408601 -0.472432 -1.999259
 20 22.550726 -0.000027 -0.000013 -0.038562 -0.293034 2.185768
 21 30.814270 -0.000023 0.000002 -2.627947 -0.020158 0.342972
 22 -4.250660 -0.770624 0.000001 -0.000000 -0.000000 3.138730
 23 10.363422 0.000000 0.000000 -0.000000 -0.134175 0.004716
 24 10.363076 0.000000 -0.000000 0.000000 0.001279 -0.083985
 25 10.363081 -0.000004 -0.000002 -0.042350 0.019088 0.163211
 26 8.210358 -0.000006 -47.369263 0.000000 0.000000 -0.303081
 27 8.210346 -0.000002 7.704017 0.000000 0.000000 -0.066259
 28 1.854841 1.227791 -13.762345 2.800420 0.179421 2.487684
 29 10.456543 -0.000004 0.000004 0.099460 0.119435 -1.179894
 30 24.248093 0.000001 0.000007 0.056342 0.047099 0.972379
 31 26.336971 0.000019 0.000002 0.130900 -0.047427 0.983130
 32 1.854847 1.227798 13.762341 -2.777336 -0.194298 2.482265
 33 10.456542 -0.000008 0.000004 0.004593 0.078288 -0.967468
 34 24.248116 0.000002 -0.000004 -0.027401 -0.014958 0.498872
 35 26.336975 0.000000 0.000004 -0.212831 -0.330747 0.807592
time 156
  0 0.000000 0.000000 0.000000 0.000000 -0.000000 -1.570796
  1 0.000000 0.000000 0.000000 0.000000 -0.000000 0.000000
  2 1.414106 -14.420687 12.812384 -1.325007 -0.253741 0.604865
  3 4.222169 -0.467508 0.000000 0.002498 0.045751 -0.284304
  4 4.476987 -0.000002 -0.000000 0.079828 0.003225 -0.102295
  5 4.477083 0.000000 0.000002 0.019692 0.066960 -0.027427
  6 4.477077 -0.000004 -0.000002 0.107569 -0.024840 -0.087802
  7 5.413502 -7.700466 -0.000000 -0.036631 0.343306 -0.454626
  8 6.890240 0.000002 -0.000000 -0.031939 -0.107709 -0.016453
  9 8.011925 0.000004 0.000005 -0.004112 0.245528 -0.117272
 10 7.210720 -0.000002 -0.000000 0.113456 0.073003 0.314164
 11 8.581028 -0.304903 -0.000000 0.030592 -0.052125 1.213058
 12 22.523008 2.194031 6.355708 0.000000 -0.000000 0.000000
 13 22.523005 2.194038 -6.355709 0.000000 -0.000000 0.000000
 14 -3.006533 7.804720 -11.355459 -0.301445 0.228495 1.429482
 15 10.384675 0.000008 0.000005 -0.125254 0.181325 -1.908468
 16 22.550743 -0.000006 -0.000004 0.134093 0.265244 1.910159
 17 30.814247 -0.000015 -0.000004 2.603297 0.245709 0.552718
 18 -3.013796 7.815494 11.355459 0.075414 0.049400 1.598592
 19 10.374533 -0.000002 0.000007 -0.291307 -0.489641 -1.975137
 20 22.550726 -0.000027 -0.000013 -0.026367 -0.290128 2.062128
 21 30.814270 -0.000023 0.000002 -2.350005 -0.015608 0.326516
 22 -4.250660 -0.770624 0.000001 0.000000 0.000000 -3.099901
 23 10.363422 0.000000 0.000000 -0.000000 -0.138538 0.004716
 24 10.363076 0.000000 -0.000000 0.000000 0.001279 -0.083985
 25 10.363081 -0.000004 -0.000002 -0.024855 0.019751 0.169788
 26 8.210358 -0.000006 -47.369263 0.000000 0.000000 -0.324618
 27 8.210346 -0.000002 7.704017 0.000000 0.000000 -0.071175
 28 1.854841 1.227791 -13.762345 2.808687 0.179421 2.487684
 29 10.456543 -0.000004 0.000004 0.085047 0.118403 -1.169821
 30 24.248093 0.000001 0.000007 0.056342 0.047099 0.972379
 31 26.336971 0.000019 0.000002 0.213644 -0.047427 0.983130
 32 1.854847 1.227798 13.762341 -2.724294 -0.194298 2.482265
 33 10.456542 -0.000008 0.000004 0.012190 0.102444 -0.964039
 34 24.248116 0.000002 -0.000004 -0.027401 -0.014119 0.498872
 35 26.336975 0.000000 0.000004 -0.211716 -0.331802 0.806801
time 157
  0 0.000000 0.000000 0.000000 0.000000 -0.000000 -1.570796
  1 0.000000 0.000000 0.000000 0.000000 -0.000000 0.000000
  2 1.589892 -14.686319 5.784825 -1.325487 -0.261559 0.663342
  3 4.222169 -0.467508 0.000000 0.002941 0.039689 -0.284074
  4 4.476987 -0.000002 -0.000000 0.086396 0.007508 -0.081407
  5 4.477083 0.000000 0.000002 0.019692 0.066960 -0.027427
  6 4.477077 -0.000004 -0.000002 0.125078 -0.028392 -0.087802
  7 5.413502 -7.700466 -0.000000 -0.034133 0.367688 -0.455311
  8 6.890240 0.000002 -0.000000 -0.027505 -0.092287 -0.017616
  9 8.011925 0.000004 0.000005 -0.003091 0.218082 -0.125085
 10 7.210720 -0.000002 -0.000000 0.109228 0.061669 0.322263
 11 8.581028 -0.304903 -0.000000 0.029122 -0.072696 1.248844
 12 22.523008 2.194031 6.355708 0.000000 -0.000000 0.000000
 13 22.523005 2.194038 -6.355709 0.000000 -0.000000 0.000000
 14 -3.006533 7.804720 -11.355459 -0.338884 0.228495 1.429482
 15 10.384675 0.000008 0.000005 -0.152931 0.182683 -1.892972
 16 22.550743 -0.000006 -0.000004 0.134365 0.035145 2.546601
 17 30.814247 -0.000015 -0.000004 2.593295 0.265521 0.547203
 18 -3.013796 7.815494 11.355459 0.120930 -0.242811 1.983286
 19 10.374533 -0.000002 0.000007 -0.206977 -0.505355 -1.948753
 20 22.550726 -0.000027 -0.000013 -0.017665 -0.281903 2.057289
 21 30.814270 -0.000023 0.000002 -2.622965 -0.011130 0.310534
 22 -4.250660 -0.770624 0.000001 0.000000 0.000000 -3.067868
 23 10.363422 0.000000 0.000000 -0.000000 -0.140695 0.004716
 24 10.363076 0.000000 -0.000000 0.000000 0.001279 -0.083985
 25 10.363081 -0.000004 -0.000002 0.023629 0.019797 0.175587
 26 8.210358 -0.000006 -47.369263 0.000000 0.000000 -0.338919
 27 8.210346 -0.000002 7.704017 0.000000 0.000000 -0.083044
 28 1.854841 1.227791 -13.762345 2.790702 0.179421 2.487684
 29 10.456543 -0.000004 0.000004 0.071421 0.116072 -1.160486
 30 24.248093 0.000001 0.000007 0.056342 0.047099 0.972379
 31 26.336971 0.000019 0.000002 0.289036 -0.047427 0.983130
 32 1.854847 1.227798 13.762341 -2.675405 -0.194298 2.482265
 33 10.456542 -0.000008 0.000004 0.019074 0.126321 -0.960807
 34 24.248116 0.000002 -0.000004 -0.027401 -0.013340 0.498872
 35 26.336975 0.000000 0.000004 -0.646121 -0.018887 0.983811
time 158
  0 0.000000 0.000000 0.000000 0.000000 -0.000000 -1.570796
  1 0.000000 0.000000 0.000000 0.000000 -0.000000 0.000000
  2 1.765679 -14.881638 -0.746624 -1.326828 -0.259006 1.767990
  3 4.222169 -0.467508 0.000000 0.003528 0.034758 -0.284089
  4 4.476987 -0.000002 -0.000000 0.093071 0.011471 -0.059898
  5 4.477083 0.000000 0.000002 0.019692 0.066960 -0.027427
  6 4.477077 -0.000004 -0.000002 0.139831 -0.032413 -0.087802
  7 5.413502 -7.700466 -0.000000 -0.032152 0.361742 -0.456182
  8 6.890240 0.000002 -0.000000 -0.021536 -0.071244 -0.018710
  9 8.011925 0.000004 0.000005 -0.002056 0.185588 -0.133235
 10 7.210720 -0.000002 -0.000000 0.218704 0.048339 0.329531
 11 8.581028 -0.304903 -0.000000 0.025930 -0.095095 1.282071
 12 22.523008 2.194031 6.355708 0.000000 -0.000000 0.000000
 13 22.523005 2.194038 -6.355709 0.000000 -0.000000 0.000000
 14 -3.006533 7.804720 -11.355459 -0.362433 0.228495 1.429482
 15 10.384675 0.000008 0.000005 -0.186361 0.184041 -1.875144
 16 22.550743 -0.000006 -0.000004 0.135132 0.034830 1.926261
 17 30.814247 -0.000015 -0.000004 2.579536 0.267809 1.020349
 18 -3.013796 7.815494 11.355459 0.169144 -0.242176 1.526258
 19 10.374533 -0.000002 0.000007 -0.111390 -0.517448 -1.919935
 20 22.550726 -0.000027 -0.000013 -0.013375 -0.268985 2.057661
 21 30.814270 -0.000023 0.000002 -2.350005 -0.006750 0.295222
 22 -4.250660 -0.770624 0.000001 0.000000 0.000000 -3.031559
 23 10.363422 0.000000 0.000000 0.000000 -0.139808 0.004716
 24 10.363076 0.000000 -0.000000 0.000000 0.001279 -0.083985
 25 10.363081 -0.000004 -0.000002 0.000557 0.019273 0.180661
 26 8.210358 -0.000006 -47.369263 0.000000 0.000000 -0.344932
 27 8.210346 -0.000002 7.704017 0.000000 0.000000 -0.102372
 28 1.854841 1.227791 -13.762345 2.767308 0.179421 2.487684
 29 10.456543 -0.000004 0.000004 0.058563 0.112673 -1.151715
 30 24.248093 0.000001 0.000007 0.056342 0.047099 0.972379
 31 26.336971 0.000019 0.000002 0.352160 -0.047427 0.983130
 32 1.854847 1.227798 13.762341 -2.637050 -0.194298 2.482265
 33 10.456542 -0.000008 0.000004 0.024975 0.149752 -0.957852
 34 24.248116 0.000002 -0.000004 0.078721 -0.012597 0.498872
 35 26.336975 0.000000 0.000004 -0.659415 -0.023168 0.989011
time 159
  0 0.000000 0.000000 0.000000 0.000000 -0.000000 -1.570796
  1 0.000000 0.000000 0.000000 0.000000 -0.000000 0.000000
  2 1.921934 -14.979298 -7.031971 -1.329033 -0.259007 1.590161
  3 4.222169 -0.467508 0.000000 0.004271 0.031013 -0.284365
  4 4.476987 -0.000002 -0.000000 0.099830 0.015047 -0.059898
  5 4.477083 0.000000 0.000002 0.019692 0.066960 -0.027427
  6 4.477077 -0.000004 -0.000002 0.152223 -0.036829 -0.087802
  7 5.413502 -7.700466 -0.000000 -0.030677 0.348336 -0.457240
  8 6.890240 0.000002 -0.000000 -0.015544 -0.030623 -0.019757
  9 8.011925 0.000004 0.000005 0.104342 0.152215 -0.141489
 10 7.210720 -0.000002 -0.000000 -0.362274 0.036405 0.336664
 11 8.581028 -0.304903 -0.000000 0.021544 -0.118893 1.309024
 12 22.523008 2.194031 6.355708 0.000000 -0.000000 0.000000
 13 22.523005 2.194038 -6.355709 0.000000 -0.000000 0.000000
 14 -3.006533 7.804720 -11.355459 -0.366014 0.228495 1.429482
 15 10.384675 0.000008 0.000005 -0.222255 0.350230 -1.855039
 16 22.550743 -0.000006 -0.000004 0.136316 0.033940 1.915728
 17 30.814247 -0.000015 -0.000004 2.562064 0.255521 1.002550
 18 -3.013796 7.815494 11.355459 0.216645 -0.240382 1.525631
 19 10.374533 -0.000002 0.000007 0.548958 -0.523461 -1.889666
 20 22.550726 -0.000027 -0.000013 -0.014294 -0.252044 2.057909
 21 30.814270 -0.000023 0.000002 -2.582834 -0.002444 0.280802
 22 -4.250660 -0.770624 0.000001 0.000000 0.000000 -2.780723
 23 10.363422 0.000000 0.000000 -0.000000 -0.134583 0.004716
 24 10.363076 0.000000 -0.000000 0.000000 0.001279 -0.083985
 25 10.363081 -0.000004 -0.000002 -0.001856 0.018226 0.185091
 26 8.210358 -0.000006 -47.369263 0.000000 0.000000 -0.344932
 27 8.210346 -0.000002 7.704017 0.000000 0.000000 -0.123633
 28 1.854841 1.227791 -13.762345 2.738241 0.179421 2.487684
 29 10.456543 -0.000004 0.000004 0.046491 0.108438 -1.143378
 30 24.248093 0.000001 0.000007 0.056342 0.047099 0.972379
 31 26.336971 0.000019 0.000002 0.399492 -0.047427 0.983130
 32 1.854847 1.227798 13.762341 -2.643566 -0.194298 2.482265
 33 10.456542 -0.000008 0.000004 0.029621 0.172321 -0.955329
 34 24.248116 0.000002 -0.000004 -0.027246 -0.011901 0.498872
 35 26.336975 0.000000 0.000004 -0.670908 -0.027667 0.994380
time 160
  0 0.000000 0.000000 0.000000 0.000000 -0.000000 -1.570796
  1 0.000000 0.000000 0.000000 0.000000 -0.000000 0.000000
  2 2.136784 -14.643349 -12.723551 -1.332101 -0.259007 1.571372
  3 4.222169 -0.467508 0.000000 0.005170 0.028603 -0.284886
  4 4.476987 -0.000002 -0.000000 0.106674 0.018239 -0.059898
  5 4.477083 0.000000 0.000002 0.019692 0.066960 -0.027427
  6 4.477077 -0.000004 -0.000002 0.162602 -0.041528 -0.087802
  7 5.413502 -7.700466 -0.000000 -0.029866 0.328473 -0.458329
  8 6.890240 0.000002 -0.000000 0.095481 0.010770 -0.020688
  9 8.011925 0.000004 0.000005 -0.149068 0.032894 -0.149510
 10 7.210720 -0.000002 -0.000000 -0.368889 0.003566 0.342671
 11 8.581028 -0.304903 -0.000000 0.016607 -0.143733 1.326023
 12 22.523008 2.194031 6.355708 0.000000 -0.000000 0.000000
 13 22.523005 2.194038 -6.355709 0.000000 -0.000000 0.000000
 14 -3.006533 7.804720 -11.355459 -0.348868 0.228495 1.429482
 15 10.384675 0.000008 0.000005 -0.258000 0.156056 -1.450268
 16 22.550743 -0.000006 -0.000004 0.137867 0.032534 1.886127
 17 30.814247 -0.000015 -0.000004 2.542321 0.234424 0.974653
 18 -3.013796 7.815494 11.355459 0.248822 -0.237617 1.523864
 19 10.374533 -0.000002 0.000007 0.012509 -0.521003 -1.859282
 20 22.550726 -0.000027 -0.000013 -0.021280 -0.231843 2.549678
 21 30.814270 -0.000023 0.000002 -2.348952 0.001764 0.267637
 22 -4.250660 -0.770624 0.000001 0.000000 0.000000 -2.984495
 23 10.363422 0.000000 0.000000 -0.000000 -0.119446 0.004716
 24 10.363076 0.000000 -0.000000 0.000000 0.001279 -0.083985
 25 10.363081 -0.000004 -0.000002 -0.001068 0.016716 0.188930
 26 8.210358 -0.000006 -47.369263 0.000000 0.000000 -0.344932
 27 8.210346 -0.000002 7.704017 0.000000 0.000000 -0.145165
 28 1.854841 1.227791 -13.762345 2.705086 0.179421 2.487684
 29 10.456543 -0.000004 0.000004 0.035170 0.103634 -1.135216
 30 24.248093 0.000001 0.000007 0.056342 0.047099 0.972379
 31 26.336971 0.000019 0.000002 0.432816 -0.047427 0.983130
 32 1.854847 1.227798 13.762341 -2.652142 -0.194298 2.482265
 33 10.456542 -0.000008 0.000004 0.032674 0.193638 -0.953319
 34 24.248116 0.000002 -0.000004 -0.027401 -0.011254 0.498872
 35 26.336975 0.000000 0.000004 -0.680814 -0.032320 0.999862
time 161
  0 0.000000 0.000000 0.000000 0.000000 -0.000000 -1.570796
  1 0.000000 0.000000 0.000000 0.000000 -0.000000 0.000000
  2 2.386792 -13.362061 -14.137659 -1.335840 -0.259006 1.577507
  3 4.222169 -0.467508 0.000000 0.006261 0.027602 -0.285714
  4 4.476987 -0.000002 -0.000000 0.113517 0.021023 -0.059898
  5 4.477083 0.000000 0.000002 0.019692 0.066960 -0.027427
  6 4.477077 -0.000004 -0.000002 0.171063 -0.046526 -0.087802
  7 5.413502 -7.700466 -0.000000 -0.030757 0.300913 -0.459387
  8 6.890240 0.000002 -0.000000 -0.080273 0.026898 -0.021526
  9 8.011925 0.000004 0.000005 -0.143620 0.003227 -0.157141
 10 7.210720 -0.000002 -0.000000 -0.383493 0.000106 0.338729
 11 8.581028 -0.304903 -0.000000 0.012749 -0.169819 1.329423
 12 22.523008 2.194031 6.355708 0.000000 -0.000000 0.000000
 13 22.523005 2.194038 -6.355709 0.000000 -0.000000 0.000000
 14 -3.006533 7.804720 -11.355459 -0.315227 0.228495 1.429482
 15 10.384675 0.000008 0.000005 -0.290272 0.158369 -1.528134
 16 22.550743 -0.000006 -0.000004 0.139658 0.030755 1.842362
 17 30.814247 -0.000015 -0.000004 2.521705 0.209659 0.938948
 18 -3.013796 7.815494 11.355459 0.252539 -0.233992 1.521071
 19 10.374533 -0.000002 0.000007 0.153801 -0.506485 -1.830521
 20 22.550726 -0.000027 -0.000013 -0.034108 -0.208816 2.161511
 21 30.814270 -0.000023 0.000002 -2.150046 -0.007338 0.257485
 22 -4.250660 -0.770624 0.000001 0.000000 0.000000 -2.930825
 23 10.363422 0.000000 0.000000 -0.000000 -0.095261 0.004716
 24 10.363076 0.000000 -0.000000 0.000000 0.001279 -0.083985
 25 10.363081 -0.000004 -0.000002 -0.000280 0.014775 0.192152
 26 8.210358 -0.000006 -47.369263 0.000000 0.000000 -0.344932
 27 8.210346 -0.000002 7.704017 0.000000 0.000000 -0.165545
 28 1.854841 1.227791 -13.762345 2.670698 0.179421 2.487684
 29 10.456543 -0.000004 0.000004 0.025335 0.098544 -1.126662
 30 24.248093 0.000001 0.000007 0.056342 0.047099 0.972379
 31 26.336971 0.000019 0.000002 0.459657 -0.047427 0.983130
 32 1.854847 1.227798 13.762341 -2.659536 -0.194298 2.482265
 33 10.456542 -0.000008 0.000004 0.035081 0.213508 -0.952058
 34 24.248116 0.000002 -0.000004 -0.027194 -0.010643 0.498872
 35 26.336975 0.000000 0.000004 -0.689262 -0.037097 1.005344
time 162
  0 0.000000 0.000000 0.000000 0.000000 -0.000000 -1.570796
  1 0.000000 0.000000 0.000000 0.000000 -0.000000 0.000000
  2 2.378979 -11.916704 -9.528141 -1.340249 -0.259007 1.583643
  3 4.222169 -0.467508 0.000000 0.007927 0.027602 -0.286834
  4 4.476987 -0.000002 -0.000000 0.104576 0.023422 -0.059898
  5 4.477083 0.000000 0.000002 0.019692 0.066960 -0.027427
  6 4.477077 -0.000004 -0.000002 0.177774 -0.051732 -0.087802
  7 5.413502 -7.700466 -0.000000 -0.031846 0.240748 -0.460538
  8 6.890240 0.000002 -0.000000 -0.067365 0.002640 -0.022317
  9 8.011925 0.000004 0.000005 -0.135814 0.000096 -0.164123
 10 7.210720 -0.000002 -0.000000 -0.400843 0.001236 0.333285
 11 8.581028 -0.304903 -0.000000 0.011073 -0.197253 1.315894
 12 22.523008 2.194031 6.355708 0.000000 -0.000000 0.000000
 13 22.523005 2.194038 -6.355709 0.000000 -0.000000 0.000000
 14 -3.006533 7.804720 -11.355459 -0.269541 0.228495 1.429482
 15 10.384675 0.000008 0.000005 -0.316044 0.162846 -1.525301
 16 22.550743 -0.000006 -0.000004 0.141625 0.028746 1.789335
 17 30.814247 -0.000015 -0.000004 2.500870 0.183483 0.897980
 18 -3.013796 7.815494 11.355459 0.232581 -0.229807 1.517537
 19 10.374533 -0.000002 0.000007 0.018913 -0.464458 -1.805646
 20 22.550726 -0.000027 -0.000013 -0.051308 -0.183728 2.551539
 21 30.814270 -0.000023 0.000002 -2.167481 -0.081082 0.252464
 22 -4.250660 -0.770624 0.000001 0.000000 0.000000 -2.982062
 23 10.363422 0.000000 0.000000 -0.000000 -0.074408 0.004716
 24 10.363076 0.000000 -0.000000 0.000000 0.001279 -0.083985
 25 10.363081 -0.000004 -0.000002 0.096158 0.012494 0.194783
 26 8.210358 -0.000006 -47.369263 0.000000 0.000000 -0.344932
 27 8.210346 -0.000002 7.704017 0.000000 0.000000 -0.183076
 28 1.854841 1.227791 -13.762345 2.635519 0.179421 2.487684
 29 10.456543 -0.000004 0.000004 0.026855 0.093348 -1.117371
 30 24.248093 0.000001 0.000007 0.056342 0.047099 0.972379
 31 26.336971 0.000019 0.000002 0.480670 -0.047427 0.983130
 32 1.854847 1.227798 13.762341 -2.665816 -0.194298 2.482265
 33 10.456542 -0.000008 0.000004 0.041186 0.229788 -0.951664
 34 24.248116 0.000002 -0.000004 -0.219746 -0.010068 0.498872
 35 26.336975 0.000000 0.000004 -0.696337 -0.041843 1.010770
time 163
  0 0.000000 0.000000 0.000000 0.000000 -0.000000 -1.570796
  1 0.000000 0.000000 0.000000 0.000000 -0.000000 0.000000
  2 2.503983 -9.971332 -3.238888 -1.345426 -0.259007 2.334550
  3 4.222169 -0.467508 0.000000 0.010551 0.027973 -0.288244
  4 4.476987 -0.000002 -0.000000 -0.052026 0.156042 -0.059898
  5 4.477083 0.000000 0.000002 0.019692 0.066960 -0.027427
  6 4.477077 -0.000004 -0.000002 0.182904 -0.057069 -0.087802
  7 5.413502 -7.700466 -0.000000 -0.033109 0.182077 -0.461783
  8 6.890240 0.000002 -0.000000 -0.054386 0.000078 -0.023830
  9 8.011925 0.000004 0.000005 -0.124668 0.001118 -0.170197
 10 7.210720 -0.000002 -0.000000 -0.415694 0.002366 0.326795
 11 8.581028 -0.304903 -0.000000 0.011693 -0.225917 1.290308
 12 22.523008 2.194031 6.355708 0.000000 -0.000000 0.000000
 13 22.523005 2.194038 -6.355709 0.000000 -0.000000 0.000000
 14 -3.006533 7.804720 -11.355459 -0.216040 0.228495 1.429482
 15 10.384675 0.000008 0.000005 -0.332255 0.168977 -1.523579
 16 22.550743 -0.000006 -0.000004 0.143672 0.026507 1.732313
 17 30.814247 -0.000015 -0.000004 2.480384 0.157527 0.852069
 18 -3.013796 7.815494 11.355459 0.198317 -0.225211 1.513547
 19 10.374533 -0.000002 0.000007 0.013925 -0.397316 -1.786569
 20 22.550726 -0.000027 -0.000013 -0.071756 -0.157304 1.099063
 21 30.814270 -0.000023 0.000002 -2.194809 -0.083137 0.254528
 22 -4.250660 -0.770624 0.000001 0.000000 0.000000 -2.983957
 23 10.363422 0.000000 0.000000 -0.000000 -0.059416 0.004716
 24 10.363076 0.000000 -0.000000 0.000000 0.001279 -0.083985
 25 10.363081 -0.000004 -0.000002 -0.005673 0.102697 0.196824
 26 8.210358 -0.000006 -47.369263 0.000000 0.000000 -0.344932
 27 8.210346 -0.000002 7.704017 0.000000 0.000000 -0.196165
 28 1.854841 1.227791 -13.762345 2.600165 0.179421 2.487684
 29 10.456543 -0.000004 0.000004 0.030139 0.088348 -1.106863
 30 24.248093 0.000001 0.000007 0.056342 0.047099 0.972379
 31 26.336971 0.000019 0.000002 0.496897 -0.047427 0.983130
 32 1.854847 1.227798 13.762341 -2.670813 -0.194298 2.482265
 33 10.456542 -0.000008 0.000004 0.047969 0.236661 -0.952334
 34 24.248116 0.000002 -0.000004 0.034754 -0.009540 0.498872
 35 26.336975 0.000000 0.000004 -0.702298 -0.046590 1.016026
time 164
  0 0.000000 0.000000 0.000000 0.000000 -0.000000 -1.570796
  1 0.000000 0.000000 0.000000 0.000000 -0.000000 0.000000
  2 31.122044 -8.018147 8.902108 -1.351178 -0.201765 1.571084
  3 4.222169 -0.467508 0.000000 0.163043 0.003448 -0.140995
  4 4.476987 -0.000002 -0.000000 -0.051451 0.411665 -0.059898
  5 4.477083 0.000000 0.000002 0.019692 0.066960 -0.027427
  6 4.477077 -0.000004 -0.000002 0.186619 -0.062462 -0.087802
  7 5.413502 -7.700466 -0.000000 -0.034518 0.126346 -0.463152
  8 6.890240 0.000002 -0.000000 -0.041275 0.000915 -0.024505
  9 8.011925 0.000004 0.000005 -0.109136 0.002141 -0.175129
 10 7.210720 -0.000002 -0.000000 -0.422831 0.140657 0.318777
 11 8.581028 -0.304903 -0.000000 0.014540 -0.255213 1.261952
 12 22.523008 2.194031 6.355708 0.000000 -0.000000 0.000000
 13 22.523005 2.194038 -6.355709 0.000000 -0.000000 0.000000
 14 -3.006533 7.804720 -11.355459 -0.159610 0.228495 1.429482
 15 10.384675 0.000008 0.000005 -0.334720 0.176191 -1.523857
 16 22.550743 -0.000006 -0.000004 0.145656 0.024097 1.675715
 17 30.814247 -0.000015 -0.000004 2.460292 0.133045 0.800715
 18 -3.013796 7.815494 11.355459 0.158096 -0.220428 1.509101
 19 10.374533 -0.000002 0.000007 0.013925 -0.339375 -1.775435
 20 22.550726 -0.000027 -0.000013 -0.094348 -0.130194 1.112153
 21 30.814270 -0.000023 0.000002 -2.229784 -0.083137 0.266689
 22 -4.250660 -0.770624 0.000001 0.000000 0.000000 -2.983957
 23 10.363422 0.000000 0.000000 0.000000 -0.042421 0.004716
 24 10.363076 0.000000 -0.000000 0.000000 0.001279 -0.083985
 25 10.363081 -0.000004 -0.000002 -0.006522 -0.021014 0.309904
 26 8.210358 -0.000006 -47.369263 0.000000 0.000000 -0.344932
 27 8.210346 -0.000002 7.704017 0.000000 0.000000 -0.203557
 28 1.854841 1.227791 -13.762345 2.565250 0.179421 2.487684
 29 10.456543 -0.000004 0.000004 0.035100 0.083757 -1.095053
 30 24.248093 0.000001 0.000007 0.056342 0.047099 0.972379
 31 26.336971 0.000019 0.000002 0.509382 -0.047427 0.983130
 32 1.854847 1.227798 13.762341 -2.674358 -0.194298 2.482265
 33 10.456542 -0.000008 0.000004 0.054311 0.241838 -0.953910
 34 24.248116 0.000002 -0.000004 0.012420 -0.009049 0.498872
 35 26.336975 0.000000 0.000004 -0.707272 -0.051212 1.021112
time 165
  0 0.000000 0.000000 0.000000 0.000000 -0.000000 -1.570796
  1 0.000000 0.000000 0.000000 0.000000 -0.000000 0.000000
  2 -25.446089 28.170458 21.273579 -1.357504 -0.200967 1.573673
  3 4.222169 -0.467508 0.000000 0.162240 -0.000186 -0.169409
  4 4.476987 -0.000002 -0.000000 -0.048347 0.392410 -0.059898
  5 4.477083 0.000000 0.000002 0.019692 0.066960 -0.027427
  6 4.477077 -0.000004 -0.000002 0.189124 -0.067837 -0.087802
  7 5.413502 -7.700466 -0.000000 -0.036113 0.073470 -0.464614
  8 6.890240 0.000002 -0.000000 -0.006220 0.001751 -0.024691
  9 8.011925 0.000004 0.000005 -0.088338 0.127277 -0.178607
 10 7.210720 -0.000002 -0.000000 -0.417258 0.051376 0.213653
 11 8.581028 -0.304903 -0.000000 0.019592 -0.284372 1.231354
 12 22.523008 2.194031 6.355708 0.000000 -0.000000 0.000000
 13 22.523005 2.194038 -6.355709 0.000000 -0.000000 0.000000
 14 -3.006533 7.804720 -11.355459 -0.103994 0.228495 1.429482
 15 10.384675 0.000008 0.000005 -0.322917 0.183850 -1.526856
 16 22.550743 -0.000006 -0.000004 0.147447 0.021457 1.624747
 17 30.814247 -0.000015 -0.000004 2.440898 0.111728 0.746782
 18 -3.013796 7.815494 11.355459 0.115584 -0.215795 1.504313
 19 10.374533 -0.000002 0.000007 0.014329 -0.297748 -1.770738
 20 22.550726 -0.000027 -0.000013 -0.118288 -0.103260 1.149065
 21 30.814270 -0.000023 0.000002 -2.269916 -0.082843 0.301916
 22 -4.250660 -0.770624 0.000001 0.000000 0.000000 -2.983804
 23 10.363422 0.000000 0.000000 0.000000 0.074980 0.004716
 24 10.363076 0.000000 -0.000000 0.000000 0.001279 -0.083985
 25 10.363081 -0.000004 -0.000002 -0.008948 -0.023910 -0.030600
 26 8.210358 -0.000006 -47.369263 0.000000 0.000000 -0.344932
 27 8.210346 -0.000002 7.704017 0.000000 0.000000 -0.205218
 28 1.854841 1.227791 -13.762345 2.784458 0.179421 2.487684
 29 10.456543 -0.000004 0.000004 0.041390 0.079807 -1.081940
 30 24.248093 0.000001 0.000007 0.056342 0.047099 0.972379
 31 26.336971 0.000019 0.000002 0.519040 -0.047427 0.983130
 32 1.854847 1.227798 13.762341 -2.676215 -0.194298 2.482265
 33 10.456542 -0.000008 0.000004 0.060347 0.247125 -0.955408
 34 24.248116 0.000002 -0.000004 -0.022556 -0.008582 0.498872
 35 26.336975 0.000000 0.000004 -0.711389 -0.055648 1.025916
time 166
  0 0.000000 0.000000 0.000000 0.000000 -0.000000 -1.570796
  1 0.000000 0.000000 0.000000 0.000000 -0.000000 0.000000
  2 -25.196081 -29.116447 26.094040 -1.364311 -0.179905 1.574056
  3 4.222169 -0.467508 0.000000 0.160514 0.001001 -0.172414
  4 4.476987 -0.000002 -0.000000 -0.045183 0.332547 -0.059898
  5 4.477083 0.000000 0.000002 0.019692 0.066960 -0.027427
  6 4.477077 -0.000004 -0.000002 0.190562 -0.073174 -0.087802
  7 5.413502 -7.700466 -0.000000 -0.037841 0.023601 -0.466170
  8 6.890240 0.000002 -0.000000 0.029242 0.104128 -0.024854
  9 8.011925 0.000004 0.000005 -0.060992 0.000351 0.206796
 10 7.210720 -0.000002 -0.000000 -0.401913 0.051570 -0.073748
 11 8.581028 -0.304903 -0.000000 0.026596 -0.313104 1.199458
 12 22.523008 2.194031 6.355708 0.000000 -0.000000 0.000000
 13 22.523005 2.194038 -6.355709 0.000000 -0.000000 0.000000
 14 -3.006533 7.804720 -11.355459 -0.053913 0.228495 1.429482
 15 10.384675 0.000008 0.000005 -0.299759 0.191530 -1.533077
 16 22.550743 -0.000006 -0.000004 0.148646 0.018443 1.584432
 17 30.814247 -0.000015 -0.000004 2.422247 0.095145 0.693136
 18 -3.013796 7.815494 11.355459 0.073428 -0.211609 1.499069
 19 10.374533 -0.000002 0.000007 0.550980 -0.250538 -1.768245
 20 22.550726 -0.000027 -0.000013 -0.142515 -0.076856 1.206760
 21 30.814270 -0.000023 0.000002 -2.314889 -0.083137 0.358200
 22 -4.250660 -0.770624 0.000001 0.000000 0.000000 -2.779955
 23 10.363422 0.000000 0.000000 -0.000000 -0.020394 0.004716
 24 10.363076 0.000000 -0.000000 0.000000 0.001279 -0.083985
 25 10.363081 -0.000004 -0.000002 -0.012395 -0.029918 -0.037553
 26 8.210358 -0.000006 -47.369263 0.000000 0.000000 -0.344932
 27 8.210346 -0.000002 7.704017 0.000000 0.000000 -0.201353
 28 1.854841 1.227791 -13.762345 2.701964 0.179421 2.487684
 29 10.456543 -0.000004 0.000004 0.047766 0.076711 -1.067612
 30 24.248093 0.000001 0.000007 0.056342 0.047099 0.972379
 31 26.336971 0.000019 0.000002 0.526871 -0.047427 0.983130
 32 1.854847 1.227798 13.762341 -2.676215 -0.194298 2.482265
 33 10.456542 -0.000008 0.000004 0.066045 0.252301 -0.956748
 34 24.248116 0.000002 -0.000004 -0.027246 -0.008150 0.498872
 35 26.336975 0.000000 0.000004 -0.714820 -0.059867 1.030438
time 167
  0 0.000000 0.000000 0.000000 0.000000 -0.000000 -1.570796
  1 0.000000 0.000000 0.000000 0.000000 -0.000000 0.000000
  2 -24.922636 -24.909286 18.843819 -1.372459 -0.253741 1.573577
  3 4.222169 -0.467508 0.000000 0.157950 0.002187 -0.171433
  4 4.476987 -0.000002 -0.000000 -0.041983 0.272812 -0.059898
  5 4.477083 0.000000 0.000002 0.019692 0.066960 -0.027427
  6 4.477077 -0.000004 -0.000002 0.191101 -0.078417 -0.087802
  7 5.413502 -7.700466 -0.000000 -0.039024 -0.022802 -0.467726
  8 6.890240 0.000002 -0.000000 0.103175 0.000170 0.185403
  9 8.011925 0.000004 0.000005 -0.027019 0.000032 0.238411
 10 7.210720 -0.000002 -0.000000 -0.383905 0.051764 -0.075357
 11 8.581028 -0.304903 -0.000000 0.035276 -0.340624 1.166687
 12 22.523008 2.194031 6.355708 0.000000 -0.000000 0.000000
 13 22.523005 2.194038 -6.355709 0.000000 -0.000000 0.000000
 14 -3.006533 7.804720 -11.355459 -0.013055 0.228495 1.429482
 15 10.384675 0.000008 0.000005 -0.268309 0.198574 -1.543129
 16 22.550743 -0.000006 -0.000004 0.148966 0.015143 1.559674
 17 30.814247 -0.000015 -0.000004 2.404426 0.082481 0.639526
 18 -3.013796 7.815494 11.355459 0.033665 -0.208807 1.493084
 19 10.374533 -0.000002 0.000007 0.011363 -0.119708 -1.768071
 20 22.550726 -0.000027 -0.000013 -0.166047 -0.051866 1.282383
 21 30.814270 -0.000023 0.000002 -2.365195 -0.083137 0.406731
 22 -4.250660 -0.770624 0.000001 0.000000 0.000000 -2.984930
 23 10.363422 0.000000 0.000000 0.000000 0.004726 0.004716
 24 10.363076 0.000000 -0.000000 0.000000 0.001279 -0.083985
 25 10.363081 -0.000004 -0.000002 -0.016273 -0.038299 -0.052883
 26 8.210358 -0.000006 -47.369263 0.000000 0.000000 -0.344932
 27 8.210346 -0.000002 7.704017 0.000000 0.000000 -0.192129
 28 1.854841 1.227791 -13.762345 2.701964 0.179421 2.487684
 29 10.456543 -0.000004 0.000004 0.054265 0.074611 -1.052328
 30 24.248093 0.000001 0.000007 0.056342 0.047099 0.972379
 31 26.336971 0.000019 0.000002 0.533701 -0.047427 0.983130
 32 1.854847 1.227798 13.762341 -2.674223 -0.194298 2.482265
 33 10.456542 -0.000008 0.000004 0.071471 0.257394 -0.956748
 34 24.248116 0.000002 -0.000004 -0.026416 -0.007755 0.498872
 35 26.336975 0.000000 0.000004 -0.717736 -0.063776 1.034620
time 168
  0 0.000000 0.000000 0.000000 0.000000 -0.000000 -1.570796
  1 0.000000 0.000000 0.000000 0.000000 -0.000000 0.000000
  2 -24.684347 -20.678690 18.078169 -1.382333 -0.261559 1.570701
  3 4.222169 -0.467508 0.000000 0.154594 0.147394 -0.170451
  4 4.476987 -0.000002 -0.000000 -0.038747 0.213378 -0.059898
  5 4.477083 0.000000 0.000002 0.019692 0.066960 -0.027427
  6 4.477077 -0.000004 -0.000002 0.190909 -0.083604 -0.087802
  7 5.413502 -7.700466 -0.000000 -0.039928 -0.053369 -0.469344
  8 6.890240 0.000002 -0.000000 0.176545 0.000078 -0.057038
  9 8.011925 0.000004 0.000005 0.010137 -0.000831 0.236672
 10 7.210720 -0.000002 -0.000000 -0.363180 0.051976 -0.077073
 11 8.581028 -0.304903 -0.000000 0.044806 -0.366386 1.134125
 12 22.523008 2.194031 6.355708 0.000000 -0.000000 0.000000
 13 22.523005 2.194038 -6.355709 0.000000 -0.000000 0.000000
 14 -3.006533 7.804720 -11.355459 0.017548 0.228495 1.429482
 15 10.384675 0.000008 0.000005 -0.231481 0.204451 -1.557181
 16 22.550743 -0.000006 -0.000004 0.148486 0.011699 1.556647
 17 30.814247 -0.000015 -0.000004 2.387260 0.071415 0.586167
 18 -3.013796 7.815494 11.355459 -0.000956 -0.208060 1.486529
 19 10.374533 -0.000002 0.000007 0.011363 -0.181967 -1.770043
 20 22.550726 -0.000027 -0.000013 -0.187965 -0.028956 1.372585
 21 30.814270 -0.000023 0.000002 -2.418026 -0.081424 0.441623
 22 -4.250660 -0.770624 0.000001 0.000000 0.000000 -2.984930
 23 10.363422 0.000000 0.000000 0.000000 -0.019255 0.004716
 24 10.363076 0.000000 -0.000000 0.000000 0.001279 -0.083985
 25 10.363081 -0.000004 -0.000002 -0.020078 -0.048251 -0.073878
 26 8.210358 -0.000006 -47.369263 0.000000 0.000000 -0.344932
 27 8.210346 -0.000002 7.704017 0.000000 0.000000 -0.178023
 28 1.854841 1.227791 -13.762345 2.701964 0.179421 2.487684
 29 10.456543 -0.000004 0.000004 0.060851 0.073650 -1.036176
 30 24.248093 0.000001 0.000007 0.056342 0.047099 0.972379
 31 26.336971 0.000019 0.000002 0.539748 -0.047427 0.983130
 32 1.854847 1.227798 13.762341 -2.664736 -0.194298 2.482265
 33 10.456542 -0.000008 0.000004 0.076592 0.262431 -0.956748
 34 24.248116 0.000002 -0.000004 -0.025587 -0.007383 0.498872
 35 26.336975 0.000000 0.000004 -0.720352 -0.067343 1.038519
time 169
  0 0.000000 0.000000 0.000000 0.000000 -0.000000 -1.570796
  1 0.000000 0.000000 0.000000 0.000000 -0.000000 0.000000
  2 -23.660879 -16.405121 18.328176 -1.393548 -0.176156 1.569742
  3 4.222169 -0.467508 0.000000 0.150567 0.147394 -0.050343
  4 4.476987 -0.000002 -0.000000 -0.035428 0.154607 -0.059898
  5 4.477083 0.000000 0.000002 0.019692 0.066960 -0.027427
  6 4.477077 -0.000004 -0.000002 0.190238 -0.088791 -0.087802
  7 5.413502 -7.700466 -0.000000 -0.040592 -0.081778 -0.470962
  8 6.890240 0.000002 -0.000000 0.202468 0.000000 -0.056875
  9 8.011925 0.000004 0.000005 0.046192 -0.002189 0.234466
 10 7.210720 -0.000002 -0.000000 -0.339928 0.052188 -0.078843
 11 8.581028 -0.304903 -0.000000 0.052614 -0.390184 1.102650
 12 22.523008 2.194031 6.355708 0.000000 -0.000000 0.000000
 13 22.523005 2.194038 -6.355709 0.000000 -0.000000 0.000000
 14 -3.006533 7.804720 -11.355459 0.037732 0.228495 1.429482
 15 10.384675 0.000008 0.000005 -0.192636 0.208631 -1.575342
 16 22.550743 -0.000006 -0.000004 0.147303 0.008112 1.576078
 17 30.814247 -0.000015 -0.000004 2.370706 0.063390 0.532305
 18 -3.013796 7.815494 11.355459 -0.027888 -0.209181 1.479689
 19 10.374533 -0.000002 0.000007 0.003342 -0.188479 -1.773986
 20 22.550726 -0.000027 -0.000013 -0.207207 -0.008834 1.475505
 21 30.814270 -0.000023 0.000002 -2.470576 0.111793 0.481173
 22 -4.250660 -0.770624 0.000001 0.000000 0.000000 -2.987978
 23 10.363422 0.000000 0.000000 -0.000000 -0.020142 0.004716
 24 10.363076 0.000000 -0.000000 0.000000 0.001279 -0.083985
 25 10.363081 -0.000004 -0.000002 -0.023500 -0.058712 -0.097799
 26 8.210358 -0.000006 -47.369263 0.000000 0.000000 -0.344932
 27 8.210346 -0.000002 7.704017 0.000000 0.000000 -0.160051
 28 1.854841 1.227791 -13.762345 2.701964 0.179421 2.487684
 29 10.456543 -0.000004 0.000004 0.067490 0.073187 -1.019460
 30 24.248093 0.000001 0.000007 0.056342 0.047099 0.972379
 31 26.336971 0.000019 0.000002 0.407714 -0.047427 0.983130
 32 1.854847 1.227798 13.762341 -2.728210 -0.194298 2.482265
 33 10.456542 -0.000008 0.000004 0.081408 0.267357 -0.956748
 34 24.248116 0.000002 -0.000004 -0.024836 -0.007024 0.498872
 35 26.336975 0.000000 0.000004 -0.722839 -0.070507 1.041967
time 170
  0 0.000000 0.000000 0.000000 0.000000 -0.000000 -1.570796
  1 0.000000 0.000000 0.000000 0.000000 -0.000000 0.000000
  2 -22.641315 -4.978992 18.578184 -1.405627 -0.164627 1.565332
  3 4.222169 -0.467508 0.000000 0.145881 0.147394 -0.172782
  4 4.476987 -0.000002 -0.000000 -0.032036 0.095857 -0.059898
  5 4.477083 0.000000 0.000002 0.019692 0.066960 -0.027427
  6 4.477077 -0.000004 -0.000002 0.188273 -0.094052 -0.087802
  7 5.413502 -7.700466 -0.000000 -0.040925 -0.109117 -0.472580
  8 6.890240 0.000002 -0.000000 0.223057 -0.000144 -0.056293
  9 8.011925 0.000004 0.000005 0.077546 -0.003962 0.231273
 10 7.210720 -0.000002 -0.000000 -0.313877 0.052418 -0.080693
 11 8.581028 -0.304903 -0.000000 0.055714 -0.413009 1.074365
 12 22.523008 2.194031 6.355708 0.000000 -0.000000 0.000000
 13 22.523005 2.194038 -6.355709 0.000000 -0.000000 0.000000
 14 -3.006533 7.804720 -11.355459 0.045708 0.228495 1.429482
 15 10.384675 0.000008 0.000005 -0.154351 0.210668 -1.597614
 16 22.550743 -0.000006 -0.000004 0.145560 0.004582 1.613306
 17 30.814247 -0.000015 -0.000004 2.361577 0.075804 0.478230
 18 -3.013796 7.815494 11.355459 -0.048457 -0.211946 1.472564
 19 10.374533 -0.000002 0.000007 -0.009669 -0.186352 -1.779668
 20 22.550726 -0.000027 -0.000013 -0.223038 0.007833 1.587606
 21 30.814270 -0.000023 0.000002 -2.523092 -0.084067 0.754396
 22 -4.250660 -0.770624 0.000001 0.000000 0.000000 -2.992919
 23 10.363422 0.000000 0.000000 0.000000 -0.020142 0.004716
 24 10.363076 0.000000 -0.000000 0.000000 0.001279 -0.083985
 25 10.363081 -0.000004 -0.000002 -0.026246 -0.068587 -0.121800
 26 8.210358 -0.000006 -47.369263 0.000000 0.000000 -0.344932
 27 8.210346 -0.000002 7.704017 0.000000 0.000000 -0.139740
 28 1.854841 1.227791 -13.762345 2.701964 0.179421 2.487684
 29 10.456543 -0.000004 0.000004 0.074146 0.072333 -1.003525
 30 24.248093 0.000001 0.000007 0.056342 0.047099 0.972379
 31 26.336971 0.000019 0.000002 0.325971 -0.047427 0.983130
 32 1.854847 1.227798 13.762341 -2.734828 -0.194298 2.482265
 33 10.456542 -0.000008 0.000004 0.085918 0.272171 -0.956748
 34 24.248116 0.000002 -0.000004 -0.024007 -0.006688 0.498872
 35 26.336975 0.000000 0.000004 -0.725283 -0.073206 1.045075
time 171
  0 0.000000 0.000000 0.000000 0.000000 -0.000000 -1.570796
  1 0.000000 0.000000 0.000000 0.000000 -0.000000 0.000000
  2 -20.637348 6.579955 49.176773 -1.418089 -0.152421 1.570509
  3 4.222169 -0.467508 0.000000 0.140632 0.147394 -0.172920
  4 4.476987 -0.000002 -0.000000 -0.028537 0.037515 -0.059898
  5 4.477083 0.000000 0.000002 0.019692 0.066960 -0.027427
  6 4.477077 -0.000004 -0.000002 0.175497 -0.099502 -0.087802
  7 5.413502 -7.700466 -0.000000 -0.039781 -0.133873 -0.474229
  8 6.890240 0.000002 -0.000000 0.242149 -0.000353 -0.055223
  9 8.011925 0.000004 0.000005 0.104355 -0.006119 0.226575
 10 7.210720 -0.000002 -0.000000 -0.285218 0.052682 -0.082571
 11 8.581028 -0.304903 -0.000000 0.054313 -0.436637 1.055683
 12 22.523008 2.194031 6.355708 0.000000 -0.000000 0.000000
 13 22.523005 2.194038 -6.355709 0.000000 -0.000000 0.000000
 14 -3.006533 7.804720 -11.355459 0.023896 0.228495 1.429482
 15 10.384675 0.000008 0.000005 -0.119875 0.210201 -1.623773
 16 22.550743 -0.000006 -0.000004 0.143417 0.001196 1.663790
 17 30.814247 -0.000015 -0.000004 2.353409 0.089659 0.424297
 18 -3.013796 7.815494 11.355459 -0.066429 -0.216019 1.465553
 19 10.374533 -0.000002 0.000007 -0.027263 -0.184226 -1.786974
 20 22.550726 -0.000027 -0.000013 -0.234682 0.020534 1.705911
 21 30.814270 -0.000023 0.000002 -2.575361 -0.084067 0.532437
 22 -4.250660 -0.770624 0.000001 0.000000 0.000000 -2.999603
 23 10.363422 0.000000 0.000000 0.000000 -0.020070 0.004716
 24 10.363076 0.000000 -0.000000 0.000000 0.001279 -0.083985
 25 10.363081 -0.000004 -0.000002 -0.028179 -0.076645 -0.143520
 26 8.210358 -0.000006 -47.369263 0.000000 0.000000 -0.344932
 27 8.210346 -0.000002 7.704017 0.000000 0.000000 -0.118174
 28 1.854841 1.227791 -13.762345 2.701964 0.179421 2.487684
 29 10.456543 -0.000004 0.000004 0.083073 0.071159 -0.989848
 30 24.248093 0.000001 0.000007 0.056342 0.047099 0.972379
 31 26.336971 0.000019 0.000002 0.317444 -0.047427 0.983130
 32 1.854847 1.227798 13.762341 -2.732667 -0.194298 2.482265
 33 10.456542 -0.000008 0.000004 0.090191 0.276846 -0.956748
 34 24.248116 0.000002 -0.000004 -0.023178 -0.006377 0.498872
 35 26.336975 0.000000 0.000004 -0.727771 -0.075471 1.047732
time 172
  0 0.000000 0.000000 0.000000 0.000000 -0.000000 -1.570796
  1 0.000000 0.000000 0.000000 0.000000 -0.000000 0.000000
  2 -18.578691 30.678347 18.105515 -1.430551 -0.139537 1.568017
  3 4.222169 -0.467508 0.000000 0.134891 0.007823 -0.171187
  4 4.476987 -0.000002 -0.000000 -0.024929 -0.019671 -0.059898
  5 4.477083 0.000000 0.000002 0.019692 0.066960 -0.027427
  6 4.477077 -0.000004 -0.000002 0.154908 -0.105159 -0.087802
  7 5.413502 -7.700466 -0.000000 -0.035422 -0.140024 -0.475785
  8 6.890240 0.000002 -0.000000 0.259347 -0.000640 -0.053594
  9 8.011925 0.000004 0.000005 0.127052 -0.008707 0.219982
 10 7.210720 -0.000002 -0.000000 -0.253951 0.056002 -0.084421
 11 8.581028 -0.304903 -0.000000 0.052200 -0.459462 1.053510
 12 22.523008 2.194031 6.355708 0.000000 -0.000000 0.000000
 13 22.523005 2.194038 -6.355709 0.000000 -0.000000 0.000000
 14 -3.006533 7.804720 -11.355459 0.001487 0.228495 1.429482
 15 10.384675 0.000008 0.000005 -0.091750 0.207994 -1.654319
 16 22.550743 -0.000006 -0.000004 0.141002 -0.001903 1.722931
 17 30.814247 -0.000015 -0.000004 2.345591 0.103452 0.373444
 18 -3.013796 7.815494 11.355459 -0.079463 -0.221026 1.458827
 19 10.374533 -0.000002 0.000007 -0.048901 0.076006 -1.795556
 20 22.550726 -0.000027 -0.000013 -0.242567 0.028504 1.827193
 21 30.814270 -0.000023 0.000002 -2.628122 -0.086978 0.590898
 22 -4.250660 -0.770624 0.000001 0.000000 0.000000 -3.007822
 23 10.363422 0.000000 0.000000 -0.000000 0.075339 0.004716
 24 10.363076 0.000000 -0.000000 0.000000 0.001279 -0.083985
 25 10.363081 -0.000004 -0.000002 -0.029151 -0.082252 -0.160541
 26 8.210358 -0.000006 -47.369263 0.000000 0.000000 -0.344932
 27 8.210346 -0.000002 7.704017 0.000000 0.000000 -0.096777
 28 1.854841 1.227791 -13.762345 2.701964 0.179421 2.487684
 29 10.456543 -0.000004 0.000004 0.050282 0.069682 -0.978299
 30 24.248093 0.000001 0.000007 0.056342 0.047099 0.972379
 31 26.336971 0.000019 0.000002 0.320228 -0.047427 0.983130
 32 1.854847 1.227798 13.762341 -2.732667 -0.194298 2.482265
 33 10.456542 -0.000008 0.000004 0.094159 0.281466 -0.956748
 34 24.248116 0.000002 -0.000004 0.075806 -0.006065 0.498872
 35 26.336975 0.000000 0.000004 -0.730258 -0.077363 1.049992
time 173
  0 0.000000 0.000000 0.000000 0.000000 -0.000000 -1.570796
  1 0.000000 0.000000 0.000000 0.000000 -0.000000 0.000000
  2 -16.348156 54.593136 18.078169 -1.442630 -0.125057 1.567825
  3 4.222169 -0.467508 0.000000 0.128731 -0.157405 -0.169746
  4 4.476987 -0.000002 -0.000000 -0.021598 -0.049699 -0.059898
  5 4.477083 0.000000 0.000002 0.019692 0.066960 -0.027427
  6 4.477077 -0.000004 -0.000002 0.130531 -0.111060 -0.087802
  7 5.413502 -7.700466 -0.000000 -0.030504 -0.119974 -0.477340
  8 6.890240 0.000002 -0.000000 0.255152 -0.001006 -0.051337
  9 8.011925 0.000004 0.000005 0.146187 -0.011726 0.211079
 10 7.210720 -0.000002 -0.000000 -0.220159 0.059833 -0.083053
 11 8.581028 -0.304903 -0.000000 0.049261 -0.478327 1.063570
 12 22.523008 2.194031 6.355708 0.000000 -0.000000 0.000000
 13 22.523005 2.194038 -6.355709 0.000000 -0.000000 0.000000
 14 -3.006533 7.804720 -11.355459 -0.020054 0.228495 1.429482
 15 10.384675 0.000008 0.000005 -0.070684 0.205173 -1.687810
 16 22.550743 -0.000006 -0.000004 0.138539 -0.004658 1.785703
 17 30.814247 -0.000015 -0.000004 2.338253 0.117245 0.329324
 18 -3.013796 7.815494 11.355459 -0.059302 -0.226668 1.452671
 19 10.374533 -0.000002 0.000007 -0.074449 -0.198778 -1.456052
 20 22.550726 -0.000027 -0.000013 -0.247428 0.031154 1.947793
 21 30.814270 -0.000023 0.000002 -2.681094 -0.091700 0.535087
 22 -4.250660 -0.770624 0.000001 0.000000 0.000000 -3.017527
 23 10.363422 0.000000 0.000000 -0.000000 -0.020597 0.004716
 24 10.363076 0.000000 -0.000000 0.000000 0.001279 -0.083985
 25 10.363081 -0.000004 -0.000002 -0.028954 -0.084949 -0.171843
 26 8.210358 -0.000006 -47.369263 0.000000 0.000000 -0.344932
 27 8.210346 -0.000002 7.704017 0.000000 0.000000 -0.076940
 28 1.854841 1.227791 -13.762345 2.701964 0.179421 2.487684
 29 10.456543 -0.000004 0.000004 0.046858 0.067938 -0.968660
 30 24.248093 0.000001 0.000007 0.056342 0.047099 0.972379
 31 26.336971 0.000019 0.000002 0.323012 -0.047427 0.983130
 32 1.854847 1.227798 13.762341 -2.732667 -0.194298 2.482265
 33 10.456542 -0.000008 0.000004 0.097890 0.285974 -0.956748
 34 24.248116 0.000002 -0.000004 -0.023385 0.063817 0.498872
 35 26.336975 0.000000 0.000004 -0.732788 -0.078883 1.051857
time 174
  0 0.000000 0.000000 0.000000 0.000000 -0.000000 -1.570796
  1 0.000000 0.000000 0.000000 0.000000 -0.000000 0.000000
  2 -14.344188 63.042614 18.054731 -1.453750 -0.108104 1.569646
  3 4.222169 -0.467508 0.000000 0.122248 -0.155329 -0.168596
  4 4.476987 -0.000002 -0.000000 -0.018769 -0.078271 -0.059898
  5 4.477083 0.000000 0.000002 0.019692 0.066960 -0.027427
  6 4.477077 -0.000004 -0.000002 0.105495 -0.111060 -0.087802
  7 5.413502 -7.700466 -0.000000 -0.023885 -0.092619 -0.478803
  8 6.890240 0.000002 -0.000000 0.245696 -0.001451 -0.048242
  9 8.011925 0.000004 0.000005 0.162309 -0.015145 0.201267
 10 7.210720 -0.000002 -0.000000 -0.184033 0.064282 -0.081444
 11 8.581028 -0.304903 -0.000000 0.045587 -0.493777 1.073278
 12 22.523008 2.194031 6.355708 0.000000 -0.000000 0.000000
 13 22.523005 2.194038 -6.355709 0.000000 -0.000000 0.000000
 14 -3.006533 7.804720 -11.355459 -0.041053 0.228495 1.429482
 15 10.384675 0.000008 0.000005 -0.056789 0.201587 -1.721911
 16 22.550743 -0.000006 -0.000004 0.136204 -0.007126 1.848052
 17 30.814247 -0.000015 -0.000004 2.331264 0.131195 0.294837
 18 -3.013796 7.815494 11.355459 -0.036798 -0.232423 1.447199
 19 10.374533 -0.000002 0.000007 -0.103301 -0.201070 -1.921674
 20 22.550726 -0.000027 -0.000013 -0.250002 0.028936 2.065912
 21 30.814270 -0.000023 0.000002 -2.733925 -0.098062 0.533023
 22 -4.250660 -0.770624 0.000001 0.000000 0.000000 -3.028486
 23 10.363422 0.000000 0.000000 0.000000 -0.020597 0.004716
 24 10.363076 0.000000 -0.000000 0.000000 0.001279 -0.083985
 25 10.363081 -0.000004 -0.000002 -0.027317 -0.084394 -0.176595
 26 8.210358 -0.000006 -47.369263 0.000000 0.000000 -0.344932
 27 8.210346 -0.000002 7.704017 0.000000 0.000000 -0.059985
 28 1.854841 1.227791 -13.762345 2.701964 0.179421 2.487684
 29 10.456543 -0.000004 0.000004 0.047976 0.065980 -0.960801
 30 24.248093 0.000001 0.000007 0.056342 0.047099 0.972379
 31 26.336971 0.000019 0.000002 0.663776 -0.047427 0.983130
 32 1.854847 1.227798 13.762341 -2.732667 -0.194298 2.482265
 33 10.456542 -0.000008 0.000004 0.101315 0.290343 -0.956748
 34 24.248116 0.000002 -0.000004 -0.022440 -0.127469 0.498872
 35 26.336975 0.000000 0.000004 -0.735361 -0.080124 1.053496
time 175
  0 0.000000 0.000000 0.000000 0.000000 -0.000000 -1.570796
  1 0.000000 0.000000 0.000000 0.000000 -0.000000 0.000000
  2 -12.480849 69.753761 18.011761 -1.463527 -0.089236 1.572522
  3 4.222169 -0.467508 0.000000 0.115452 -0.153234 -0.167707
  4 4.476987 -0.000002 -0.000000 -0.015905 -0.079855 -0.059898
  5 4.477083 0.000000 0.000002 0.019692 0.066960 -0.027427
  6 4.477077 -0.000004 -0.000002 0.015982 -0.111060 -0.087802
  7 5.413502 -7.700466 -0.000000 -0.017239 -0.039810 -0.480203
  8 6.890240 0.000002 -0.000000 0.231686 -0.001908 -0.044355
  9 8.011925 0.000004 0.000005 0.175851 -0.018899 0.192208
 10 7.210720 -0.000002 -0.000000 -0.145272 0.069561 -0.079755
 11 8.581028 -0.304903 -0.000000 0.041132 -0.506188 1.083303
 12 22.523008 2.194031 6.355708 0.000000 -0.000000 0.000000
 13 22.523005 2.194038 -6.355709 0.000000 -0.000000 0.000000
 14 -3.006533 7.804720 -11.355459 -0.061889 0.228495 1.429482
 15 10.384675 0.000008 0.000005 -0.051298 0.197174 -1.755734
 16 22.550743 -0.000006 -0.000004 0.134237 -0.009394 1.905014
 17 30.814247 -0.000015 -0.000004 2.324581 0.145176 0.273744
 18 -3.013796 7.815494 11.355459 -0.014397 -0.237879 1.442297
 19 10.374533 -0.000002 0.000007 -0.135118 -0.207615 -1.932575
 20 22.550726 -0.000027 -0.000013 -0.250758 0.023420 2.177827
 21 30.814270 -0.000023 0.000002 -2.783739 -0.105891 0.533023
 22 -4.250660 -0.770624 0.000001 0.000000 0.000000 -3.040572
 23 10.363422 0.000000 0.000000 -0.000000 -0.022024 0.004716
 24 10.363076 0.000000 -0.000000 0.000000 0.001279 -0.083985
 25 10.363081 -0.000004 -0.000002 -0.023894 -0.080311 -0.174152
 26 8.210358 -0.000006 -47.369263 0.000000 0.000000 -0.344932
 27 8.210346 -0.000002 7.704017 0.000000 0.000000 -0.047236
 28 1.854841 1.227791 -13.762345 2.701964 0.179421 2.487684
 29 10.456543 -0.000004 0.000004 0.049094 0.063809 -0.954635
 30 24.248093 0.000001 0.000007 0.056342 0.047099 0.972379
 31 26.336971 0.000019 0.000002 0.285338 -0.047427 0.983130
 32 1.854847 1.227798 13.762341 -2.732667 -0.194298 2.482265
 33 10.456542 -0.000008 0.000004 0.104503 0.294601 -0.956748
 34 24.248116 0.000002 -0.000004 -0.021429 -0.131184 0.498872
 35 26.336975 0.000000 0.000004 -0.737891 -0.081086 1.055079
time 176
  0 0.000000 0.000000 0.000000 0.000000 -0.000000 -1.570796
  1 0.000000 0.000000 0.000000 0.000000 -0.000000 0.000000
  2 -10.765953 75.976608 17.949259 -1.471388 -0.253741 1.575494
  3 4.222169 -0.467508 0.000000 0.108441 -0.151158 -0.167032
  4 4.476987 -0.000002 -0.000000 -0.012993 -0.080498 -0.059898
  5 4.477083 0.000000 0.000002 0.019692 0.066960 -0.027427
  6 4.477077 -0.000004 -0.000002 -0.006273 -0.111060 -0.087802
  7 5.413502 -7.700466 -0.000000 0.105893 0.014001 -0.481447
  8 6.890240 0.000002 -0.000000 0.212247 -0.002353 -0.040050
  9 8.011925 0.000004 0.000005 0.187193 -0.022893 0.183876
 10 7.210720 -0.000002 -0.000000 -0.104287 0.075987 -0.078092
 11 8.581028 -0.304903 -0.000000 0.035965 -0.516124 1.093748
 12 22.523008 2.194031 6.355708 0.000000 -0.000000 0.000000
 13 22.523005 2.194038 -6.355709 0.000000 -0.000000 0.000000
 14 -3.006533 7.804720 -11.355459 -0.082670 0.228495 1.429482
 15 10.384675 0.000008 0.000005 -0.066314 0.191679 -1.788336
 16 22.550743 -0.000006 -0.000004 0.132845 -0.011546 1.952592
 17 30.814247 -0.000015 -0.000004 2.319165 0.160035 0.269196
 18 -3.013796 7.815494 11.355459 0.008005 -0.242475 1.437794
 19 10.374533 -0.000002 0.000007 -0.169498 -0.216917 -1.955190
 20 22.550726 -0.000027 -0.000013 -0.250002 0.015273 2.280499
 21 30.814270 -0.000023 0.000002 -2.826958 -0.115140 0.533190
 22 -4.250660 -0.770624 0.000001 0.000000 0.000000 -3.053631
 23 10.363422 0.000000 0.000000 -0.000000 -0.022024 0.004716
 24 10.363076 0.000000 -0.000000 0.000000 0.001279 -0.083985
 25 10.363081 -0.000004 -0.000002 -0.019179 -0.072685 -0.163574
 26 8.210358 -0.000006 -47.369263 0.000000 0.000000 -0.344932
 27 8.210346 -0.000002 7.704017 0.000000 0.000000 -0.039877
 28 1.854841 1.227791 -13.762345 2.701964 0.179421 2.487684
 29 10.456543 -0.000004 0.000004 0.185937 0.061478 -0.950076
 30 24.248093 0.000001 0.000007 0.056342 0.047099 0.972379
 31 26.336971 0.000019 0.000002 0.289123 -0.047427 0.983130
 32 1.854847 1.227798 13.762341 -2.732667 -0.194298 2.482265
 33 10.456542 -0.000008 0.000004 0.107454 0.298719 -0.956748
 34 24.248116 0.000002 -0.000004 -0.020354 -0.134396 0.498872
 35 26.336975 0.000000 0.000004 -0.740421 -0.081861 1.056548
time 177
  0 0.000000 0.000000 0.000000 0.000000 -0.000000 -1.570796
  1 0.000000 0.000000 0.000000 0.000000 -0.000000 0.000000
  2 -10.031556 81.582245 17.863319 -1.477140 -0.261559 1.577507
  3 4.222169 -0.467508 0.000000 0.101299 -0.149137 -0.166541
  4 4.476987 -0.000002 -0.000000 -0.010044 -0.080969 -0.059898
  5 4.477083 0.000000 0.000002 0.019692 0.066960 -0.027427
  6 4.477077 -0.000004 -0.000002 -0.008622 -0.111060 -0.087802
  7 5.413502 -7.700466 -0.000000 -0.089027 0.034968 -0.482568
  8 6.890240 0.000002 -0.000000 0.169810 -0.002836 -0.035838
  9 8.011925 0.000004 0.000005 0.196439 -0.027142 0.176245
 10 7.210720 -0.000002 -0.000000 -0.062259 0.086474 -0.076510
 11 8.581028 -0.304903 -0.000000 0.030064 -0.523909 1.104964
 12 22.523008 2.194031 6.355708 0.000000 -0.000000 0.000000
 13 22.523005 2.194038 -6.355709 0.000000 -0.000000 0.000000
 14 -3.006533 7.804720 -11.355459 -0.103614 0.228495 1.429482
 15 10.384675 0.000008 0.000005 -0.081740 0.185165 -1.819216
 16 22.550743 -0.000006 -0.000004 0.132318 -0.013727 1.952592
 17 30.814247 -0.000015 -0.000004 2.321829 0.181853 0.287711
 18 -3.013796 7.815494 11.355459 0.030661 -0.245726 1.433519
 19 10.374533 -0.000002 0.000007 -0.205831 -0.227382 -1.986734
 20 22.550726 -0.000027 -0.000013 -0.248143 0.005202 2.370825
 21 30.814270 -0.000023 0.000002 -2.860740 -0.125612 0.755233
 22 -4.250660 -0.770624 0.000001 0.000000 0.000000 -3.067432
 23 10.363422 0.000000 0.000000 -0.000000 -0.022024 0.004716
 24 10.363076 0.000000 -0.000000 0.000000 0.001279 -0.083985
 25 10.363081 -0.000004 -0.000002 -0.014057 -0.063457 -0.144191
 26 8.210358 -0.000006 -47.369263 0.000000 0.000000 -0.344932
 27 8.210346 -0.000002 7.704017 0.000000 0.000000 -0.039063
 28 1.854841 1.227791 -13.762345 2.701964 0.179421 2.487684
 29 10.456543 -0.000004 0.000004 0.053234 0.234032 -0.946950
 30 24.248093 0.000001 0.000007 0.056342 0.047099 0.972379
 31 26.336971 0.000019 0.000002 0.296562 -0.047427 0.983130
 32 1.854847 1.227798 13.762341 -2.732667 -0.194298 2.482265
 33 10.456542 -0.000008 0.000004 0.206991 0.302727 -0.956748
 34 24.248116 0.000002 -0.000004 -0.019240 -0.134396 0.498872
 35 26.336975 0.000000 0.000004 -0.742908 -0.082420 1.058017
time 178
  0 0.000000 0.000000 0.000000 0.000000 -0.000000 -1.570796
  1 0.000000 0.000000 0.000000 0.000000 -0.000000 0.000000
  2 -9.449507 80.215019 17.753941 -1.480207 -0.259007 1.579424
  3 4.222169 -0.467508 0.000000 0.094084 -0.147172 -0.166204
  4 4.476987 -0.000002 -0.000000 -0.007072 -0.081119 -0.059898
  5 4.477083 0.000000 0.000002 0.019692 0.066960 -0.027427
  6 4.477077 -0.000004 -0.000002 -0.007855 -0.111060 -0.087802
  7 5.413502 -7.700466 -0.000000 -0.074712 0.003432 -0.483626
  8 6.890240 0.000002 -0.000000 0.128427 -0.003359 -0.032184
  9 8.011925 0.000004 0.000005 0.203773 -0.031568 0.169159
 10 7.210720 -0.000002 -0.000000 -0.020588 0.097403 -0.071683
 11 8.581028 -0.304903 -0.000000 0.023427 -0.529970 1.117126
 12 22.523008 2.194031 6.355708 0.000000 -0.000000 0.000000
 13 22.523005 2.194038 -6.355709 0.000000 -0.000000 0.000000
 14 -3.006533 7.804720 -11.355459 -0.124938 0.228495 1.429482
 15 10.384675 0.000008 0.000005 -0.096568 0.178291 -1.847430
 16 22.550743 -0.000006 -0.000004 0.133453 -0.016166 1.952592
 17 30.814247 -0.000015 -0.000004 2.326153 0.204486 0.368431
 18 -3.013796 7.815494 11.355459 0.053368 -0.246959 1.429187
 19 10.374533 -0.000002 0.000007 -0.244053 -0.237648 -2.024192
 20 22.550726 -0.000027 -0.000013 -0.245570 -0.006027 2.445579
 21 30.814270 -0.000023 0.000002 -2.881403 -0.137136 0.531963
 22 -4.250660 -0.770624 0.000001 0.000000 0.000000 -3.081951
 23 10.363422 0.000000 0.000000 -0.000000 -0.022024 0.004716
 24 10.363076 0.000000 -0.000000 0.000000 0.001279 -0.083985
 25 10.363081 -0.000004 -0.000002 -0.008455 -0.053875 -0.119679
 26 8.210358 -0.000006 -47.369263 0.000000 0.000000 -0.344932
 27 8.210346 -0.000002 7.704017 0.000000 0.000000 -0.042793
 28 1.854841 1.227791 -13.762345 2.701964 0.179421 2.487684
 29 10.456543 -0.000004 0.000004 0.053828 0.097815 -0.898147
 30 24.248093 0.000001 0.000007 0.056342 0.047099 0.972379
 31 26.336971 0.000019 0.000002 0.306786 -0.047427 0.983130
 32 1.854847 1.227798 13.762341 -2.732667 -0.194298 2.482265
 33 10.456542 -0.000008 0.000004 -0.050822 0.132192 -0.956748
 34 24.248116 0.000002 -0.000004 -0.018100 -0.134396 0.498872
 35 26.336975 0.000000 0.000004 -0.745353 -0.082823 1.059487
time 179
  0 0.000000 0.000000 0.000000 0.000000 -0.000000 -1.570796
  1 0.000000 0.000000 0.000000 0.000000 -0.000000 0.000000
  2 -9.015900 77.132889 17.621124 -1.481645 -0.256453 1.581725
  3 4.222169 -0.467508 0.000000 0.086929 -0.145281 -0.164640
  4 4.476987 -0.000002 -0.000000 -0.004064 -0.080884 -0.059898
  5 4.477083 0.000000 0.000002 0.019692 0.066960 -0.027427
  6 4.477077 -0.000004 -0.000002 -0.007088 -0.111060 -0.087802
  7 5.413502 -7.700466 -0.000000 -0.060317 0.000102 -0.485648
  8 6.890240 0.000002 -0.000000 0.089117 -0.003934 -0.029089
  9 8.011925 0.000004 0.000005 0.209379 -0.036105 0.162670
 10 7.210720 -0.000002 -0.000000 0.019216 0.108737 -0.067982
 11 8.581028 -0.304903 -0.000000 0.016079 -0.534681 1.130480
 12 22.523008 2.194031 6.355708 0.000000 -0.000000 0.000000
 13 22.523005 2.194038 -6.355709 0.000000 -0.000000 0.000000
 14 -3.006533 7.804720 -11.355459 -0.146697 0.228495 1.429482
 15 10.384675 0.000008 0.000005 -0.111023 0.171863 -1.872589
 16 22.550743 -0.000006 -0.000004 0.134877 -0.019696 1.952592
 17 30.814247 -0.000015 -0.000004 2.748967 0.006117 0.455274
 18 -3.013796 7.815494 11.355459 0.077501 -0.244306 1.424342
 19 10.374533 -0.000002 0.000007 -0.283555 -0.246884 -2.063564
 20 22.550726 -0.000027 -0.000013 -0.242628 -0.017707 2.502778
 21 30.814270 -0.000023 0.000002 -2.885858 -0.149590 0.531963
 22 -4.250660 -0.770624 0.000001 0.000000 0.000000 -3.096956
 23 10.363422 0.000000 0.000000 -0.000000 -0.022024 0.004716
 24 10.363076 0.000000 -0.000000 0.000000 0.001279 -0.083985
 25 10.363081 -0.000004 -0.000002 -0.002336 -0.043029 -0.093047
 26 8.210358 -0.000006 -47.369263 0.000000 0.000000 -0.344932
 27 8.210346 -0.000002 7.704017 0.000000 0.000000 -0.047202
 28 1.854841 1.227791 -13.762345 2.701964 0.179421 2.487684
 29 10.456543 -0.000004 0.000004 0.055715 0.098153 -1.328909
 30 24.248093 0.000001 0.000007 0.056342 0.047099 0.972379
 31 26.336971 0.000019 0.000002 0.317662 -0.047427 0.983130
 32 1.854847 1.227798 13.762341 -2.732667 -0.194298 2.482265
 33 10.456542 -0.000008 0.000004 -0.035086 0.088251 -0.956748
 34 24.248116 0.000002 -0.000004 -0.016947 -0.134396 0.498872
 35 26.336975 0.000000 0.000004 -0.747711 -0.083164 1.060900
time 180
  0 0.000000 0.000000 0.000000 0.000000 -0.000000 -1.570796
  1 0.000000 0.000000 0.000000 0.000000 -0.000000 0.000000
  2 -8.777612 72.566345 17.484402 -1.482220 0.056003 1.582684
  3 4.222169 -0.467508 0.000000 0.079798 -0.143501 -0.162524
  4 4.476987 -0.000002 -0.000000 -0.001044 -0.080155 -0.059898
  5 4.477083 0.000000 0.000002 0.019692 0.066960 -0.027427
  6 4.477077 -0.000004 -0.000002 0.086787 -0.111060 -0.087802
  7 5.413502 -7.700466 -0.000000 -0.045776 0.001189 -0.486550
  8 6.890240 0.000002 -0.000000 0.051821 -0.004548 -0.026483
  9 8.011925 0.000004 0.000005 0.213439 -0.040690 0.156674
 10 7.210720 -0.000002 -0.000000 0.056330 0.120654 -0.064844
 11 8.581028 -0.304903 -0.000000 0.184356 -0.538437 1.145166
 12 22.523008 2.194031 6.355708 0.000000 -0.000000 0.000000
 13 22.523005 2.194038 -6.355709 0.000000 -0.000000 0.000000
 14 -3.006533 7.804720 -11.355459 0.220370 0.228495 1.429482
 15 10.384675 0.000008 0.000005 -0.125366 0.166707 -1.894027
 16 22.550743 -0.000006 -0.000004 0.136540 -0.022939 1.952592
 17 30.814247 -0.000015 -0.000004 2.762770 -0.000027 0.533201
 18 -3.013796 7.815494 11.355459 0.112936 -0.240980 1.417331
 19 10.374533 -0.000002 0.000007 -0.324001 -0.254292 -2.100733
 20 22.550726 -0.000027 -0.000013 -0.085646 -0.029074 2.539007
 21 30.814270 -0.000023 0.000002 -2.867722 -0.162753 0.528644
 22 -4.250660 -0.770624 0.000001 0.000000 0.000000 -3.112320
 23 10.363422 0.000000 0.000000 -0.000000 -0.022024 0.004716
 24 10.363076 0.000000 -0.000000 0.000000 0.001279 -0.083985
 25 10.363081 -0.000004 -0.000002 0.004090 -0.031382 -0.061743
 26 8.210358 -0.000006 -47.369263 0.000000 0.000000 -0.344932
 27 8.210346 -0.000002 7.704017 0.000000 0.000000 -0.052424
 28 1.854841 1.227791 -13.762345 2.701964 0.179421 2.487684
 29 10.456543 -0.000004 0.000004 0.057078 0.099399 -1.335205
 30 24.248093 0.000001 0.000007 0.056342 0.047099 0.972379
 31 26.336971 0.000019 0.000002 0.329059 -0.047427 0.983130
 32 1.854847 1.227798 13.762341 -2.732667 -0.194298 2.482265
 33 10.456542 -0.000008 0.000004 -0.016095 0.089614 -0.956748
 34 24.248116 0.000002 -0.000004 -0.015781 -0.134396 0.498872
 35 26.336975 0.000000 0.000004 -0.750027 -0.083412 1.062200
time 181
  0 0.000000 0.000000 0.000000 0.000000 -0.000000 -1.570796
  1 0.000000 0.000000 0.000000 0.000000 -0.000000 0.000000
  2 -9.039338 66.230217 17.351585 -1.482221 -0.260722 1.584218
  3 4.222169 -0.467508 0.000000 0.072823 -0.141815 -0.159058
  4 4.476987 -0.000002 -0.000000 0.001988 -0.078849 -0.059898
  5 4.477083 0.000000 0.000002 0.019692 0.066960 -0.027427
  6 4.477077 -0.000004 -0.000002 -0.008430 -0.111060 -0.087802
  7 5.413502 -7.700466 -0.000000 -0.006898 0.002277 -0.486799
  8 6.890240 0.000002 -0.000000 0.016647 -0.005202 -0.024342
  9 8.011925 0.000004 0.000005 0.216176 -0.045259 0.151145
 10 7.210720 -0.000002 -0.000000 0.089107 0.133101 -0.061626
 11 8.581028 -0.304903 -0.000000 0.011991 0.138314 1.161429
 12 22.523008 2.194031 6.355708 0.000000 -0.000000 0.000000
 13 22.523005 2.194038 -6.355709 0.000000 -0.000000 0.000000
 14 -3.006533 7.804720 -11.355459 0.119284 0.228495 1.429482
 15 10.384675 0.000008 0.000005 -0.139672 0.163376 -1.910800
 16 22.550743 -0.000006 -0.000004 0.138443 -0.025837 1.952592
 17 30.814247 -0.000015 -0.000004 2.784391 0.001979 0.590894
 18 -3.013796 7.815494 11.355459 0.149695 -0.237094 1.410890
 19 10.374533 -0.000002 0.000007 -0.364919 -0.259508 -2.131059
 20 22.550726 -0.000027 -0.000013 -0.126418 -0.039498 2.552097
 21 30.814270 -0.000023 0.000002 -2.788650 -0.176602 0.523261
 22 -4.250660 -0.770624 0.000001 0.000000 0.000000 -3.127862
 23 10.363422 0.000000 0.000000 -0.000000 -0.022024 0.004716
 24 10.363076 0.000000 -0.000000 0.000000 0.001279 -0.083985
 25 10.363081 -0.000004 -0.000002 0.010542 -0.019935 -0.026385
 26 8.210358 -0.000006 -47.369263 0.000000 0.000000 -0.344932
 27 8.210346 -0.000002 7.704017 0.000000 0.000000 -0.058527
 28 1.854841 1.227791 -13.762345 2.701964 0.179421 2.487684
 29 10.456543 -0.000004 0.000004 0.059960 0.100911 -1.350402
 30 24.248093 0.000001 0.000007 0.056342 0.047099 0.972379
 31 26.336971 0.000019 0.000002 0.329059 -0.047427 0.983130
 32 1.854847 1.227798 13.762341 -2.732667 -0.194298 2.482265
 33 10.456542 -0.000008 0.000004 0.005712 0.091312 -0.956748
 34 24.248116 0.000002 -0.000004 -0.014628 -0.134396 0.498872
 35 26.336975 0.000000 0.000004 -0.752214 -0.083661 1.063500
time 182
  0 0.000000 0.000000 0.000000 0.000000 -0.000000 -1.570796
  1 0.000000 0.000000 0.000000 0.000000 -0.000000 0.000000
  2 -9.359661 52.397758 17.207048 -1.481549 -0.257810 1.586423
  3 4.222169 -0.467508 0.000000 0.066076 -0.140294 -0.155455
  4 4.476987 -0.000002 -0.000000 0.005008 -0.076878 -0.059898
  5 4.477083 0.000000 0.000002 0.019692 0.066960 -0.027427
  6 4.477077 -0.000004 -0.000002 -0.008670 -0.111060 -0.087802
  7 5.413502 -7.700466 -0.000000 0.032431 0.135368 -0.487017
  8 6.890240 0.000002 -0.000000 -0.016083 -0.005855 -0.022597
  9 8.011925 0.000004 0.000005 0.217747 -0.049796 0.146006
 10 7.210720 -0.000002 -0.000000 0.114307 0.145636 -0.058569
 11 8.581028 -0.304903 -0.000000 0.009442 0.029582 1.122909
 12 22.523008 2.194031 6.355708 0.000000 -0.000000 0.000000
 13 22.523005 2.194038 -6.355709 0.000000 -0.000000 0.000000
 14 -3.006533 7.804720 -11.355459 0.108650 0.228495 1.429482
 15 10.384675 0.000008 0.000005 -0.154089 0.161848 -1.922186
 16 22.550743 -0.000006 -0.000004 0.140570 -0.028392 1.952592
 17 30.814247 -0.000015 -0.000004 2.814399 0.003986 0.618218
 18 -3.013796 7.815494 11.355459 -0.077477 -0.232647 1.405133
 19 10.374533 -0.000002 0.000007 -0.405635 -0.262133 -2.152166
 20 22.550726 -0.000027 -0.000013 -0.127930 -0.048234 2.552097
 21 30.814270 -0.000023 0.000002 -2.703580 -0.190915 0.515981
 22 -4.250660 -0.770624 0.000001 0.000000 0.000000 3.139857
 23 10.363422 0.000000 0.000000 -0.000000 -0.022024 0.004716
 24 10.363076 0.000000 -0.000000 0.000000 0.001279 -0.083985
 25 10.363081 -0.000004 -0.000002 0.016649 -0.009351 0.010852
 26 8.210358 -0.000006 -47.369263 0.000000 0.000000 -0.344932
 27 8.210346 -0.000002 7.704017 0.000000 0.000000 -0.065411
 28 1.854841 1.227791 -13.762345 2.701964 0.179421 2.487684
 29 10.456543 -0.000004 0.000004 0.063629 0.103224 -1.375151
 30 24.248093 0.000001 0.000007 0.056342 0.047099 0.972379
 31 26.336971 0.000019 0.000002 0.329059 -0.047427 0.983130
 32 1.854847 1.227798 13.762341 -2.732667 -0.194298 2.482265
 33 10.456542 -0.000008 0.000004 0.029825 0.093232 -0.956748
 34 24.248116 0.000002 -0.000004 -0.013488 -0.134396 0.498872
 35 26.336975 0.000000 0.000004 -0.754315 -0.083909 1.064800
time 183
  0 0.000000 0.000000 0.000000 0.000000 -0.000000 -1.570796
  1 0.000000 0.000000 0.000000 0.000000 -0.000000 0.000000
  2 -9.730765 38.909065 17.050795 -1.479920 -0.254020 1.589394
  3 4.222169 -0.467508 0.000000 0.059616 -0.138923 -0.151729
  4 4.476987 -0.000002 -0.000000 0.007980 -0.074094 -0.059898
  5 4.477083 0.000000 0.000002 0.019692 0.066960 -0.027427
  6 4.477077 -0.000004 -0.000002 -0.009317 -0.111060 -0.087802
  7 5.413502 -7.700466 -0.000000 0.114427 0.000221 -0.205892
  8 6.890240 0.000002 -0.000000 -0.037644 -0.006535 -0.021224
  9 8.011925 0.000004 0.000005 0.218337 -0.054253 0.141152
 10 7.210720 -0.000002 -0.000000 0.129460 0.158189 -0.056638
 11 8.581028 -0.304903 -0.000000 0.002071 0.031716 1.057646
 12 22.523008 2.194031 6.355708 0.000000 -0.000000 0.000000
 13 22.523005 2.194038 -6.355709 0.000000 -0.000000 0.000000
 14 -3.006533 7.804720 -11.355459 0.112122 0.228495 1.429482
 15 10.384675 0.000008 0.000005 -0.168768 0.161955 -1.928240
 16 22.550743 -0.000006 -0.000004 0.142921 -0.030630 1.952593
 17 30.814247 -0.000015 -0.000004 2.847770 0.249533 0.624163
 18 -3.013796 7.815494 11.355459 -0.172481 -0.227677 1.400059
 19 10.374533 -0.000002 0.000007 -0.446283 -0.261601 -2.162313
 20 22.550726 -0.000027 -0.000013 -0.127930 -0.054535 2.552408
 21 30.814270 -0.000023 0.000002 -2.627245 -0.205571 0.507028
 22 -4.250660 -0.770624 0.000001 0.000000 0.000000 3.124417
 23 10.363422 0.000000 0.000000 -0.000000 -0.022024 0.004716
 24 10.363076 0.000000 -0.000000 0.000000 0.001279 -0.083985
 25 10.363081 -0.000004 -0.000002 0.021930 -0.000108 0.047902
 26 8.210358 -0.000006 -47.369263 0.000000 0.000000 -0.344932
 27 8.210346 -0.000002 7.704017 0.000000 0.000000 -0.073108
 28 1.854841 1.227791 -13.762345 2.701964 0.179421 2.487684
 29 10.456543 -0.000004 0.000004 0.067473 0.106303 -1.402375
 30 24.248093 0.000001 0.000007 0.056342 0.047099 0.972379
 31 26.336971 0.000019 0.000002 0.329059 -0.047427 0.983130
 32 1.854847 1.227798 13.762341 -2.732667 -0.194298 2.482265
 33 10.456542 -0.000008 0.000004 0.055803 0.095403 -0.956748
 34 24.248116 0.000002 -0.000004 -0.012387 -0.134396 0.498872
 35 26.336975 0.000000 0.000004 -0.756245 -0.084250 1.065986
time 184
  0 0.000000 0.000000 0.000000 0.000000 -0.000000 -1.570796
  1 0.000000 0.000000 0.000000 0.000000 -0.000000 0.000000
  2 -10.144841 26.096176 16.878914 -1.477523 -0.240139 1.592846
  3 4.222169 -0.467508 0.000000 0.053564 -0.137736 -0.147849
  4 4.476987 -0.000002 -0.000000 0.010869 -0.068975 -0.059898
  5 4.477083 0.000000 0.000002 0.019692 0.066960 -0.027427
  6 4.477077 -0.000004 -0.000002 -0.010336 -0.111060 -0.087802
  7 5.413502 -7.700466 -0.000000 0.195797 0.000102 -0.530049
  8 6.890240 0.000002 -0.000000 -0.057682 -0.007215 -0.020130
  9 8.011925 0.000004 0.000005 0.218127 -0.058662 0.136506
 10 7.210720 -0.000002 -0.000000 0.135856 0.170706 -0.055941
 11 8.581028 -0.304903 -0.000000 -0.009985 0.038852 1.050776
 12 22.523008 2.194031 6.355708 0.000000 -0.000000 0.000000
 13 22.523005 2.194038 -6.355709 0.000000 -0.000000 0.000000
 14 -3.006533 7.804720 -11.355459 0.115595 0.228495 1.429482
 15 10.384675 0.000008 0.000005 -0.183746 0.163503 -1.929295
 16 22.550743 -0.000006 -0.000004 0.145496 -0.032553 1.952592
 17 30.814247 -0.000015 -0.000004 2.883936 0.004393 0.630824
 18 -3.013796 7.815494 11.355459 -0.182460 -0.222184 1.395613
 19 10.374533 -0.000002 0.000007 -0.486122 -0.257183 -2.160226
 20 22.550726 -0.000027 -0.000013 -0.127807 -0.057559 2.550236
 21 30.814270 -0.000023 0.000002 -2.570731 -0.220398 0.496458
 22 -4.250660 -0.770624 0.000001 0.000000 0.000000 3.109283
 23 10.363422 0.000000 0.000000 -0.000000 -0.022024 0.004716
 24 10.363076 0.000000 -0.000000 0.000000 0.001279 -0.083985
 25 10.363081 -0.000004 -0.000002 0.025981 0.007565 0.082508
 26 8.210358 -0.000006 -47.369263 0.000000 0.000000 -0.344932
 27 8.210346 -0.000002 7.704017 0.000000 0.000000 -0.081586
 28 1.854841 1.227791 -13.762345 2.701964 0.179421 2.487684
 29 10.456543 -0.000004 0.000004 0.070774 0.110058 -1.429946
 30 24.248093 0.000001 0.000007 0.056342 0.047099 0.972379
 31 26.336971 0.000019 0.000002 0.329059 -0.047427 0.983130
 32 1.854847 1.227798 13.762341 -2.732667 -0.194298 2.482265
 33 10.456542 -0.000008 0.000004 0.083375 0.097713 -0.956748
 34 24.248116 0.000002 -0.000004 -0.011325 -0.134396 0.498872
 35 26.336975 0.000000 0.000004 -0.758046 -0.084684 1.067173
time 185
  0 0.000000 0.000000 0.000000 0.000000 -0.000000 -1.570796
  1 0.000000 0.000000 0.000000 0.000000 -0.000000 0.000000
  2 -10.613605 13.939554 16.695314 -1.474072 -0.710638 1.596968
  3 4.222169 -0.467508 0.000000 0.047907 -0.136754 -0.143817
  4 4.476987 -0.000002 -0.000000 0.013697 -0.059594 -0.059898
  5 4.477083 0.000000 0.000002 0.019692 0.066960 -0.027427
  6 4.477077 -0.000004 -0.000002 -0.011666 -0.111060 -0.087802
  7 5.413502 -7.700466 -0.000000 0.224547 -0.000000 -0.529832
  8 6.890240 0.000002 -0.000000 -0.076965 -0.007894 -0.019292
  9 8.011925 0.000004 0.000005 0.217394 -0.063071 0.132067
 10 7.210720 -0.000002 -0.000000 0.134593 0.183065 -0.056531
 11 8.581028 -0.304903 -0.000000 -0.026565 0.050137 1.053020
 12 22.523008 2.194031 6.355708 0.000000 -0.000000 0.000000
 13 22.523005 2.194038 -6.355709 0.000000 -0.000000 0.000000
 14 -3.006533 7.804720 -11.355459 0.540611 0.228495 1.429482
 15 10.384675 0.000008 0.000005 0.068935 0.166304 -1.925907
 16 22.550743 -0.000006 -0.000004 0.148262 -0.034160 1.952592
 17 30.814247 -0.000015 -0.000004 2.922985 0.004926 0.637377
 18 -3.013796 7.815494 11.355459 -0.179201 -0.216168 1.391794
 19 10.374533 -0.000002 0.000007 -0.524748 -0.247947 -2.144860
 20 22.550726 -0.000027 -0.000013 0.034813 -0.055360 2.543102
 21 30.814270 -0.000023 0.000002 -2.543964 -0.235152 0.484520
 22 -4.250660 -0.770624 0.000001 0.000000 0.000000 3.094611
 23 10.363422 0.000000 0.000000 -0.000000 -0.022024 0.004716
 24 10.363076 0.000000 -0.000000 0.000000 0.001279 -0.083985
 25 10.363081 -0.000004 -0.000002 0.028345 0.013758 0.112362
 26 8.210358 -0.000006 -47.369263 0.000000 0.000000 -0.344932
 27 8.210346 -0.000002 7.704017 0.000000 0.000000 -0.090775
 28 1.854841 1.227791 -13.762345 2.701964 0.179421 2.487684
 29 10.456543 -0.000004 0.000004 0.072923 0.114239 -1.456041
 30 24.248093 0.000001 0.000007 0.056342 0.047099 0.972379
 31 26.336971 0.000019 0.000002 0.329059 -0.047427 0.983130
 32 1.854847 1.227798 13.762341 -2.732667 -0.194298 2.482265
 33 10.456542 -0.000008 0.000004 0.111998 0.100134 -0.956748
 34 24.248116 0.000002 -0.000004 -0.010301 -0.134396 0.498872
 35 26.336975 0.000000 0.000004 -0.759676 -0.085181 1.068304
time 186
  0 0.000000 0.000000 0.000000 0.000000 -0.000000 -1.570796
  1 0.000000 0.000000 0.000000 0.000000 -0.000000 0.000000
  2 -11.121433 2.474360 16.499996 -1.469471 -0.687621 1.601186
  3 4.222169 -0.467508 0.000000 0.042754 -0.135975 -0.139585
  4 4.476987 -0.000002 -0.000000 0.016454 -0.046058 -0.059898
  5 4.477083 0.000000 0.000002 0.019692 0.066960 -0.027427
  6 4.477077 -0.000004 -0.000002 -0.013284 -0.111060 -0.087802
  7 5.413502 -7.700466 -0.000000 0.247382 -0.000187 -0.529054
  8 6.890240 0.000002 -0.000000 -0.094427 -0.008587 -0.018640
  9 8.011925 0.000004 0.000005 0.215246 -0.067545 0.127784
 10 7.210720 -0.000002 -0.000000 0.126797 0.195317 -0.058489
 11 8.581028 -0.304903 -0.000000 -0.047255 0.064716 1.055263
 12 22.523008 2.194031 6.355708 0.000000 -0.000000 0.000000
 13 22.523005 2.194038 -6.355709 0.000000 -0.000000 0.000000
 14 -3.006533 7.804720 -11.355459 0.044026 0.228495 1.429482
 15 10.384675 0.000008 0.000005 -0.000650 0.170250 -1.918687
 16 22.550743 -0.000006 -0.000004 0.151221 -0.035451 1.952592
 17 30.814247 -0.000015 -0.000004 2.964350 0.006431 0.643788
 18 -3.013796 7.815494 11.355459 -0.175943 -0.209704 1.388602
 19 10.374533 -0.000002 0.000007 -0.561824 -0.235223 -2.116157
 20 22.550726 -0.000027 -0.000013 -0.419874 0.028190 2.543102
 21 30.814270 -0.000023 0.000002 -2.538141 -0.249856 0.471355
 22 -4.250660 -0.770624 0.000001 0.000000 0.000000 3.080528
 23 10.363422 0.000000 0.000000 -0.000000 -0.022024 0.004716
 24 10.363076 0.000000 -0.000000 0.000000 0.001279 -0.083985
 25 10.363081 -0.000004 -0.000002 0.029342 0.018518 0.135692
 26 8.210358 -0.000006 -47.369263 0.000000 0.000000 -0.344932
 27 8.210346 -0.000002 7.704017 0.000000 0.000000 0.070531
 28 1.854841 1.227791 -13.762345 2.701964 0.179421 2.487684
 29 10.456543 -0.000004 0.000004 0.073430 0.118563 -1.478489
 30 24.248093 0.000001 0.000007 0.056342 0.047099 0.972379
 31 26.336971 0.000019 0.000002 0.329059 -0.047427 0.983130
 32 1.854847 1.227798 13.762341 -2.732667 -0.194298 2.482265
 33 10.456542 -0.000008 0.000004 0.141300 0.102583 -0.956748
 34 24.248116 0.000002 -0.000004 -0.009343 -0.134396 0.498872
 35 26.336975 0.000000 0.000004 -0.761219 -0.085646 1.069377
time 187
  0 0.000000 0.000000 0.000000 0.000000 -0.000000 -1.570796
  1 0.000000 0.000000 0.000000 0.000000 -0.000000 0.000000
  2 -11.469100 -8.193933 16.304678 -1.551433 -0.663728 1.605500
  3 4.222169 -0.467508 0.000000 0.038176 -0.135456 -0.135153
  4 4.476987 -0.000002 -0.000000 0.019066 -0.028474 -0.059898
  5 4.477083 0.000000 0.000002 0.019692 0.066960 -0.027427
  6 4.477077 -0.000004 -0.000002 -0.015226 -0.111060 -0.087802
  7 5.413502 -7.700466 -0.000000 0.268555 -0.000459 -0.527622
  8 6.890240 0.000002 -0.000000 -0.098765 -0.009240 -0.018105
  9 8.011925 0.000004 0.000005 0.201285 -0.072177 0.123631
 10 7.210720 -0.000002 -0.000000 0.113511 0.206828 -0.061841
 11 8.581028 -0.304903 -0.000000 -0.071803 0.081447 1.329809
 12 22.523008 2.194031 6.355708 0.000000 -0.000000 0.000000
 13 22.523005 2.194038 -6.355709 0.000000 -0.000000 0.000000
 14 -3.006533 7.804720 -11.355459 0.044026 0.228495 1.429482
 15 10.384675 0.000008 0.000005 -0.007971 0.175194 -1.908079
 16 22.550743 -0.000006 -0.000004 0.259155 -0.036484 1.952592
 17 30.814247 -0.000015 -0.000004 3.005102 0.017935 0.650091
 18 -3.013796 7.815494 11.355459 0.222857 -0.202791 1.386037
 19 10.374533 -0.000002 0.000007 -0.596742 -0.221402 -2.081424
 20 22.550726 -0.000027 -0.000013 -0.416851 -0.010935 2.543102
 21 30.814270 -0.000023 0.000002 -2.531616 -0.264292 0.457131
 22 -4.250660 -0.770624 0.000001 0.000000 0.000000 3.067264
 23 10.363422 0.000000 0.000000 -0.000000 -0.022024 0.004716
 24 10.363076 0.000000 -0.000000 0.000000 0.001279 -0.083985
 25 10.363081 -0.000004 -0.000002 0.029871 0.022293 0.150351
 26 8.210358 -0.000006 -47.369263 0.000000 0.000000 -0.344932
 27 8.210346 -0.000002 7.704017 0.000000 0.000000 0.006850
 28 1.854841 1.227791 -13.762345 2.701964 0.179421 2.487684
 29 10.456543 -0.000004 0.000004 0.072417 0.122692 -1.495249
 30 24.248093 0.000001 0.000007 0.056342 0.047099 0.972379
 31 26.336971 0.000019 0.000002 0.329059 -0.047427 0.983130
 32 1.854847 1.227798 13.762341 -2.732667 -0.194298 2.482265
 33 10.456542 -0.000008 0.000004 0.170737 0.105004 -0.956748
 34 24.248116 0.000002 -0.000004 -0.008436 -0.134396 0.498872
 35 26.336975 0.000000 0.000004 -0.762677 -0.086080 1.070395
time 188
  0 0.000000 0.000000 0.000000 0.000000 -0.000000 -1.570796
  1 0.000000 0.000000 0.000000 0.000000 -0.000000 0.000000
  2 -11.734734 -15.221493 16.101547 -1.570221 -0.639395 1.609813
  3 4.222169 -0.467508 0.000000 0.034257 -0.135178 -0.130461
  4 4.476987 -0.000002 -0.000000 0.021463 -0.008320 -0.059898
  5 4.477083 0.000000 0.000002 0.019692 0.066960 -0.027427
  6 4.477077 -0.000004 -0.000002 -0.017491 -0.111060 -0.087802
  7 5.413502 -7.700466 -0.000000 0.287628 -0.000833 -0.525444
  8 6.890240 0.000002 -0.000000 -0.084623 -0.009894 -0.017640
  9 8.011925 0.000004 0.000005 0.178784 -0.076986 0.119452
 10 7.210720 -0.000002 -0.000000 0.095887 0.212160 -0.066775
 11 8.581028 -0.304903 -0.000000 -0.099474 0.098877 1.035635
 12 22.523008 2.194031 6.355708 0.000000 -0.000000 0.000000
 13 22.523005 2.194038 -6.355709 0.000000 -0.000000 0.000000
 14 -3.006533 7.804720 -11.355459 0.044026 0.228495 1.429482
 15 10.384675 0.000008 0.000005 -0.005580 0.181113 -1.894805
 16 22.550743 -0.000006 -0.000004 0.130926 0.265244 1.952592
 17 30.814247 -0.000015 -0.000004 3.032707 0.013108 0.656250
 18 -3.013796 7.815494 11.355459 -0.175281 0.049400 1.383986
 19 10.374533 -0.000002 0.000007 -0.628627 -0.206286 -2.045357
 20 22.550726 -0.000027 -0.000013 -0.408292 -0.012466 2.543102
 21 30.814270 -0.000023 0.000002 -2.525196 -0.278312 0.442097
 22 -4.250660 -0.770624 0.000001 0.000000 0.000000 3.055153
 23 10.363422 0.000000 0.000000 -0.000000 -0.022024 0.004716
 24 10.363076 0.000000 -0.000000 0.000000 0.001279 -0.083985
 25 10.363081 -0.000004 -0.000002 0.029908 0.025620 0.158244
 26 8.210358 -0.000006 -47.369263 0.000000 0.000000 -0.344932
 27 8.210346 -0.000002 7.704017 0.000000 0.000000 0.000203
 28 1.854841 1.227791 -13.762345 2.701964 0.179421 2.487684
 29 10.456543 -0.000004 0.000004 0.070128 0.126518 -1.504714
 30 24.248093 0.000001 0.000007 0.056342 0.047099 0.972379
 31 26.336971 0.000019 0.000002 0.329059 -0.047427 0.983130
 32 1.854847 1.227798 13.762341 -2.732667 -0.194298 2.482265
 33 10.456542 -0.000008 0.000004 0.199835 0.107286 -0.956748
 34 24.248116 0.000002 -0.000004 -0.007594 -0.134396 0.498872
 35 26.336975 0.000000 0.000004 -0.330116 0.011079 0.928990
time 189
  0 0.000000 0.000000 0.000000 0.000000 -0.000000 -1.570796
  1 0.000000 0.000000 0.000000 0.000000 -0.000000 0.000000
  2 -11.930052 -21.752941 15.898416 -1.564086 -0.179746 1.614127
  3 4.222169 -0.467508 0.000000 0.031069 -0.135197 -0.125508
  4 4.476987 -0.000002 -0.000000 0.023680 0.012434 -0.059898
  5 4.477083 0.000000 0.000002 0.019692 0.066960 -0.027427
  6 4.477077 -0.000004 -0.000002 -0.020055 -0.111060 -0.087802
  7 5.413502 -7.700466 -0.000000 0.282976 -0.001308 -0.522426
  8 6.890240 0.000002 -0.000000 -0.065328 -0.010508 -0.017198
  9 8.011925 0.000004 0.000005 0.152146 -0.082002 0.115299
 10 7.210720 -0.000002 -0.000000 0.075161 0.216944 -0.074016
 11 8.581028 -0.304903 -0.000000 -0.129602 0.115061 1.035109
 12 22.523008 2.194031 6.355708 0.000000 -0.000000 0.000000
 13 22.523005 2.194038 -6.355709 0.000000 -0.000000 0.000000
 14 -3.006533 7.804720 -11.355459 0.044026 0.228495 1.429482
 15 10.384675 0.000008 0.000005 -0.003190 0.187924 -1.879865
 16 22.550743 -0.000006 -0.000004 0.130750 -0.028851 1.952593
 17 30.814247 -0.000015 -0.000004 3.035896 0.427276 0.534991
 18 -3.013796 7.815494 11.355459 -0.174415 -0.250210 1.983286
 19 10.374533 -0.000002 0.000007 -0.653164 -0.189774 -2.004535
 20 22.550726 -0.000027 -0.000013 -0.394851 -0.012348 2.543102
 21 30.814270 -0.000023 0.000002 -2.518917 -0.291744 0.426283
 22 -4.250660 -0.770624 0.000001 0.000000 0.000000 3.045832
 23 10.363422 0.000000 0.000000 -0.000000 -0.022024 0.004716
 24 10.363076 0.000000 -0.000000 0.000000 0.001279 -0.083985
 25 10.363081 -0.000004 -0.000002 0.029490 0.028532 0.163801
 26 8.210358 -0.000006 -47.369263 0.000000 0.000000 -0.344932
 27 8.210346 -0.000002 7.704017 0.000000 0.000000 0.002374
 28 1.854841 1.227791 -13.762345 2.701964 0.179421 2.487684
 29 10.456543 -0.000004 0.000004 0.066791 0.130112 -1.506842
 30 24.248093 0.000001 0.000007 0.056342 0.047099 0.972379
 31 26.336971 0.000019 0.000002 0.329059 -0.047427 0.983130
 32 1.854847 1.227798 13.762341 -2.732667 -0.194298 2.482265
 33 10.456542 -0.000008 0.000004 0.228390 0.109373 -0.956748
 34 24.248116 0.000002 -0.000004 -0.006791 -0.134396 0.498872
 35 26.336975 0.000000 0.000004 -0.336034 0.013933 0.923338
time 190
  0 0.000000 0.000000 0.000000 0.000000 -0.000000 -1.570796
  1 0.000000 0.000000 0.000000 0.000000 -0.000000 0.000000
  2 -12.027711 -28.038288 15.695284 -1.564086 -0.253741 1.617962
  3 4.222169 -0.467508 0.000000 0.028648 -0.135530 -0.119942
  4 4.476987 -0.000002 -0.000000 0.025682 0.012434 -0.059898
  5 4.477083 0.000000 0.000002 0.019692 0.066960 -0.027427
  6 4.477077 -0.000004 -0.000002 -0.022872 -0.111060 -0.087802
  7 5.413502 -7.700466 -0.000000 0.272489 -0.001886 -0.518288
  8 6.890240 0.000002 -0.000000 -0.028080 -0.011096 -0.016662
  9 8.011925 0.000004 0.000005 0.124786 -0.087083 0.112054
 10 7.210720 -0.000002 -0.000000 0.056604 0.221641 -0.081793
 11 8.581028 -0.304903 -0.000000 -0.161613 0.128190 1.033742
 12 22.523008 2.194031 6.355708 0.000000 -0.000000 0.000000
 13 22.523005 2.194038 -6.355709 0.000000 -0.000000 0.000000
 14 -3.006533 7.804720 -11.355459 0.044026 0.228495 1.429482
 15 10.384675 0.000008 0.000005 0.289383 0.195604 -1.864314
 16 22.550743 -0.000006 -0.000004 0.130255 -0.033844 1.952592
 17 30.814247 -0.000015 -0.000004 3.018774 0.411696 0.531983
 18 -3.013796 7.815494 11.355459 -0.171972 -0.250621 1.399148
 19 10.374533 -0.000002 0.000007 -0.665365 -0.172432 -1.960698
 20 22.550726 -0.000027 -0.000013 -0.377222 -0.012270 2.543102
 21 30.814270 -0.000023 0.000002 -2.512743 -0.304394 0.409939
 22 -4.250660 -0.770624 0.000001 0.000000 0.000000 3.041197
 23 10.363422 0.000000 0.000000 -0.000000 -0.022024 0.004716
 24 10.363076 0.000000 -0.000000 0.000000 0.001279 -0.083985
 25 10.363081 -0.000004 -0.000002 0.028653 0.031074 0.167023
 26 8.210358 -0.000006 -47.369263 0.000000 0.000000 -0.344932
 27 8.210346 -0.000002 7.704017 0.000000 0.000000 0.004544
 28 1.854841 1.227791 -13.762345 2.701964 0.179421 2.487684
 29 10.456543 -0.000004 0.000004 0.062633 0.133529 -1.501892
 30 24.248093 0.000001 0.000007 0.056342 0.047099 0.972379
 31 26.336971 0.000019 0.000002 0.329059 -0.047427 0.983130
 32 1.854847 1.227798 13.762341 -2.732667 -0.194298 2.482265
 33 10.456542 -0.000008 0.000004 0.255895 0.111154 -0.956748
 34 24.248116 0.000002 -0.000004 -0.006039 -0.134396 0.498872
 35 26.336975 0.000000 0.000004 -0.342252 0.016880 0.917574
time 191
  0 0.000000 0.000000 0.000000 0.000000 -0.000000 -1.570796
  1 0.000000 0.000000 0.000000 0.000000 -0.000000 0.000000
  2 -11.691763 -33.729870 15.488247 -1.564086 -0.261559 1.623235
  3 4.222169 -0.467508 0.000000 0.027090 -0.136161 -0.113425
  4 4.476987 -0.000002 -0.000000 0.027467 0.012434 -0.059898
  5 4.477083 0.000000 0.000002 0.019692 0.066960 -0.027427
  6 4.477077 -0.000004 -0.000002 -0.025868 -0.111060 -0.087802
  7 5.413502 -7.700466 -0.000000 0.256952 -0.002481 -0.513092
  8 6.890240 0.000002 -0.000000 0.009875 -0.011619 -0.016034
  9 8.011925 0.000004 0.000005 0.026966 -0.092019 0.110679
 10 7.210720 -0.000002 -0.000000 0.005545 0.225595 -0.089945
 11 8.581028 -0.304903 -0.000000 -0.195025 0.136470 1.031709
 12 22.523008 2.194031 6.355708 0.000000 -0.000000 0.000000
 13 22.523005 2.194038 -6.355709 0.000000 -0.000000 0.000000
 14 -3.006533 7.804720 -11.355459 0.044026 0.228495 1.429482
 15 10.384675 0.000008 0.000005 -0.052456 0.350230 -1.849374
 16 22.550743 -0.000006 -0.000004 0.129471 -0.047877 1.952592
 17 30.814247 -0.000015 -0.000004 2.989377 0.387276 0.531983
 18 -3.013796 7.815494 11.355459 -0.168204 -0.251779 1.389229
 19 10.374533 -0.000002 0.000007 -0.660377 -0.155024 -1.917615
 20 22.550726 -0.000027 -0.000013 -0.356203 0.143346 2.543102
 21 30.814270 -0.000023 0.000002 -2.506709 -0.315942 0.393204
 22 -4.250660 -0.770624 0.000001 0.000000 0.000000 3.043092
 23 10.363422 0.000000 0.000000 -0.000000 -0.022024 0.004716
 24 10.363076 0.000000 -0.000000 0.000000 0.001279 -0.083985
 25 10.363081 -0.000004 -0.000002 0.027446 0.033277 0.168124
 26 8.210358 -0.000006 -47.369263 0.000000 0.000000 -0.344932
 27 8.210346 -0.000002 7.704017 0.000000 0.000000 0.270154
 28 1.854841 1.227791 -13.762345 2.701964 0.179421 2.487684
 29 10.456543 -0.000004 0.000004 0.057916 0.136874 -1.490082
 30 24.248093 0.000001 0.000007 0.056342 0.047099 0.972379
 31 26.336971 0.000019 0.000002 0.329059 -0.047427 0.983130
 32 1.854847 1.227798 13.762341 -2.732667 -0.194298 2.482265
 33 10.456542 -0.000008 0.000004 0.281873 0.112573 -0.956748
 34 24.248116 0.000002 -0.000004 -0.005340 -0.134396 0.498872
 35 26.336975 0.000000 0.000004 -0.348684 0.019889 0.911753
time 192
  0 0.000000 0.000000 0.000000 0.000000 -0.000000 -1.570796
  1 0.000000 0.000000 0.000000 0.000000 -0.000000 0.000000
  2 -10.410474 -35.143978 15.292929 -1.564086 -0.259007 1.629370
  3 4.222169 -0.467508 0.000000 0.026443 -0.137162 -0.106173
  4 4.476987 -0.000002 -0.000000 0.029025 0.012434 -0.059898
  5 4.477083 0.000000 0.000002 0.019692 0.066960 -0.027427
  6 4.477077 -0.000004 -0.000002 -0.029056 -0.111060 -0.087802
  7 5.413502 -7.700466 -0.000000 0.235393 -0.003058 -0.507335
  8 6.890240 0.000002 -0.000000 0.024664 -0.012090 -0.015220
  9 8.011925 0.000004 0.000005 0.002646 -0.096716 0.110393
 10 7.210720 -0.000002 -0.000000 0.000165 0.223000 -0.098741
 11 8.581028 -0.304903 -0.000000 -0.230114 0.138126 1.029326
 12 22.523008 2.194031 6.355708 0.000000 -0.000000 0.000000
 13 22.523005 2.194038 -6.355709 0.000000 -0.000000 0.000000
 14 -3.006533 7.804720 -11.355459 0.044026 0.228495 1.429482
 15 10.384675 0.000008 0.000005 -0.048385 0.320485 -1.450268
 16 22.550743 -0.000006 -0.000004 0.128479 -0.068626 1.952592
 17 30.814247 -0.000015 -0.000004 2.954871 0.356022 0.532413
 18 -3.013796 7.815494 11.355459 -0.163265 -0.253610 1.361356
 19 10.374533 -0.000002 0.000007 -0.630919 -0.138545 -1.877780
 20 22.550726 -0.000027 -0.000013 -0.332242 0.020514 2.543102
 21 30.814270 -0.000023 0.000002 -2.519759 -0.324848 0.376274
 22 -4.250660 -0.770624 0.000001 0.000000 0.000000 3.054282
 23 10.363422 0.000000 0.000000 -0.000000 -0.022024 0.004716
 24 10.363076 0.000000 -0.000000 0.000000 0.001279 -0.083985
 25 10.363081 -0.000004 -0.000002 0.025895 0.035126 0.167318
 26 8.210358 -0.000006 -47.369263 0.000000 0.000000 -0.344932
 27 8.210346 -0.000002 7.704017 0.000000 0.000000 0.054899
 28 1.854841 1.227791 -13.762345 2.701964 0.179421 2.487684
 29 10.456543 -0.000004 0.000004 0.052920 0.140380 -1.472019
 30 24.248093 0.000001 0.000007 0.056342 0.047099 0.972379
 31 26.336971 0.000019 0.000002 0.329059 -0.047427 0.983130
 32 1.854847 1.227798 13.762341 -2.732667 -0.194298 2.482265
 33 10.456542 -0.000008 0.000004 0.306087 0.113464 -0.956748
 34 24.248116 0.000002 -0.000004 -0.004679 -0.134396 0.498872
 35 26.336975 0.000000 0.000004 -0.355288 0.022899 0.905875
time 193
  0 0.000000 0.000000 0.000000 0.000000 -0.000000 -1.570796
  1 0.000000 0.000000 0.000000 0.000000 -0.000000 0.000000
  2 -8.965117 -30.534458 15.097610 -1.564086 -0.256454 1.629178
  3 4.222169 -0.467508 0.000000 0.026443 -0.138515 -0.098352
  4 4.476987 -0.000002 -0.000000 0.030368 0.012434 -0.059898
  5 4.477083 0.000000 0.000002 0.019692 0.066960 -0.027427
  6 4.477077 -0.000004 -0.000002 -0.032376 -0.111060 -0.087802
  7 5.413502 -7.700466 -0.000000 0.188327 -0.003687 -0.501703
  8 6.890240 0.000002 -0.000000 0.002421 -0.012534 -0.014149
  9 8.011925 0.000004 0.000005 0.000079 -0.101013 0.110497
 10 7.210720 -0.000002 -0.000000 0.001922 0.219416 -0.110058
 11 8.581028 -0.304903 -0.000000 -0.267016 0.131536 1.026837
 12 22.523008 2.194031 6.355708 0.000000 -0.000000 0.000000
 13 22.523005 2.194038 -6.355709 0.000000 -0.000000 0.000000
 14 -3.006533 7.804720 -11.355459 0.044026 0.228495 1.429482
 15 10.384675 0.000008 0.000005 -0.040504 0.321567 -1.861981
 16 22.550743 -0.000006 -0.000004 0.127360 -0.093765 1.952593
 17 30.814247 -0.000015 -0.000004 2.918399 0.320160 0.531983
 18 -3.013796 7.815494 11.355459 -0.157563 -0.255927 1.320145
 19 10.374533 -0.000002 0.000007 -0.545645 -0.124293 -1.842988
 20 22.550726 -0.000027 -0.000013 -0.306136 0.143935 2.543102
 21 30.814270 -0.000023 0.000002 -2.625491 -0.329252 0.359428
 22 -4.250660 -0.770624 0.000001 0.000000 0.000000 3.086673
 23 10.363422 0.000000 0.000000 -0.000000 -0.022024 0.004716
 24 10.363076 0.000000 -0.000000 0.000000 0.001279 -0.083985
 25 10.363081 -0.000004 -0.000002 0.024073 0.036636 0.164768
 26 8.210358 -0.000006 -47.369263 0.000000 0.000000 -0.344932
 27 8.210346 -0.000002 7.704017 0.000000 0.000000 0.056967
 28 1.854841 1.227791 -13.762345 2.701964 0.179421 2.487684
 29 10.456543 -0.000004 0.000004 0.047819 0.144188 -1.449007
 30 24.248093 0.000001 0.000007 0.056342 0.047099 0.972379
 31 26.336971 0.000019 0.000002 0.329059 -0.047427 0.983130
 32 1.854847 1.227798 13.762341 -2.732667 -0.194298 2.482265
 33 10.456542 -0.000008 0.000004 0.325927 0.113742 -0.956748
 34 24.248116 0.000002 -0.000004 -0.004057 -0.134396 0.498872
 35 26.336975 0.000000 0.000004 -0.361849 0.025877 0.900054
time 194
  0 0.000000 0.000000 0.000000 0.000000 -0.000000 -1.570796
  1 0.000000 0.000000 0.000000 0.000000 -0.000000 0.000000
  2 -7.019745 -24.245205 14.914011 -1.564086 0.056003 1.632246
  3 4.222169 -0.467508 0.000000 0.026682 -0.140220 -0.090226
  4 4.476987 -0.000002 -0.000000 0.104576 0.012434 -0.059898
  5 4.477083 0.000000 0.000002 0.019692 0.066960 -0.027427
  6 4.477077 -0.000004 -0.000002 -0.035779 -0.111060 -0.087802
  7 5.413502 -7.700466 -0.000000 0.142432 -0.004367 -0.496818
  8 6.890240 0.000002 -0.000000 0.000072 -0.013384 -0.012613
  9 8.011925 0.000004 0.000005 0.000917 -0.104751 0.110393
 10 7.210720 -0.000002 -0.000000 0.003678 0.215144 -0.121509
 11 8.581028 -0.304903 -0.000000 -0.305572 0.119073 1.024454
 12 22.523008 2.194031 6.355708 0.000000 -0.000000 0.000000
 13 22.523005 2.194038 -6.355709 0.000000 -0.000000 0.000000
 14 -3.006533 7.804720 -11.355459 0.044026 0.228495 1.429482
 15 10.384675 0.000008 0.000005 -0.029709 0.322224 -1.853261
 16 22.550743 -0.000006 -0.000004 0.126113 -0.120798 1.952592
 17 30.814247 -0.000015 -0.000004 2.882233 0.279972 0.531983
 18 -3.013796 7.815494 11.355459 -0.151301 -0.258542 1.270213
 19 10.374533 -0.000002 0.000007 -0.409410 -0.113362 -1.814111
 20 22.550726 -0.000027 -0.000013 -0.278641 -0.315688 2.543102
 21 30.814270 -0.000023 0.000002 -2.628438 -0.327442 0.342609
 22 -4.250660 -0.770624 0.000001 -0.000000 -0.000000 3.138423
 23 10.363422 0.000000 0.000000 -0.000000 -0.022024 0.004716
 24 10.363076 0.000000 -0.000000 0.000000 0.001279 -0.083985
 25 10.363081 -0.000004 -0.000002 0.096158 0.037807 0.160687
 26 8.210358 -0.000006 -47.369263 0.000000 0.000000 -0.344932
 27 8.210346 -0.000002 7.704017 0.000000 0.000000 0.066055
 28 1.854841 1.227791 -13.762345 2.701964 0.179421 2.487684
 29 10.456543 -0.000004 0.000004 0.042910 0.148494 -1.422999
 30 24.248093 0.000001 0.000007 0.056342 0.047099 0.972379
 31 26.336971 0.000019 0.000002 0.329059 -0.047427 0.983130
 32 1.854847 1.227798 13.762341 -2.732667 -0.194298 2.482265
 33 10.456542 -0.000008 0.000004 0.334303 0.113269 -0.956748
 34 24.248116 0.000002 -0.000004 -0.003487 -0.134396 0.498872
 35 26.336975 0.000000 0.000004 -0.368410 0.028762 0.894289
time 195
  0 0.000000 0.000000 0.000000 0.000000 -0.000000 -1.570796
  1 0.000000 0.000000 0.000000 0.000000 -0.000000 0.000000
  2 -5.066561 -12.104210 14.738224 -1.426525 -0.261679 2.334550
  3 4.222169 -0.467508 0.000000 0.010827 0.037798 -0.082007
  4 4.476987 -0.000002 -0.000000 0.247612 0.012434 -0.059898
  5 4.477083 0.000000 0.000002 0.019692 0.066960 -0.027427
  6 4.477077 -0.000004 -0.000002 -0.039219 -0.111060 -0.087802
  7 5.413502 -7.700466 -0.000000 0.098836 -0.005114 -0.492680
  8 6.890240 0.000002 -0.000000 0.000839 -0.013763 -0.009565
  9 8.011925 0.000004 0.000005 0.001755 -0.107787 0.109485
 10 7.210720 -0.000002 -0.000000 0.218704 0.209865 -0.132799
 11 8.581028 -0.304903 -0.000000 -0.344977 0.105262 1.022491
 12 22.523008 2.194031 6.355708 0.000000 -0.000000 0.000000
 13 22.523005 2.194038 -6.355709 0.000000 -0.000000 0.000000
 14 -3.006533 7.804720 -11.355459 0.044026 0.228495 1.429482
 15 10.384675 0.000008 0.000005 -0.017010 0.322118 -1.833601
 16 22.550743 -0.000006 -0.000004 0.124769 -0.147631 1.952592
 17 30.814247 -0.000015 -0.000004 2.848119 0.235019 0.534490
 18 -3.013796 7.815494 11.355459 -0.144784 -0.261457 1.216518
 19 10.374533 -0.000002 0.000007 -0.291847 -0.106984 -1.790802
 20 22.550726 -0.000027 -0.000013 -0.250431 -0.311546 2.543102
 21 30.814270 -0.000023 0.000002 -2.628438 -0.316774 0.326125
 22 -4.250660 -0.770624 0.000001 0.000000 0.000000 -3.100106
 23 10.363422 0.000000 0.000000 -0.000000 -0.022024 0.004716
 24 10.363076 0.000000 -0.000000 0.000000 0.001279 -0.083985
 25 10.363081 -0.000004 -0.000002 -0.002706 0.102697 0.155291
 26 8.210358 -0.000006 -47.369263 0.000000 0.000000 -0.344932
 27 8.210346 -0.000002 7.704017 0.000000 0.000000 0.079585
 28 1.854841 1.227791 -13.762345 2.701964 0.179421 2.487684
 29 10.456543 -0.000004 0.000004 0.038402 0.153334 -1.395384
 30 24.248093 0.000001 0.000007 0.056342 0.047099 0.972379
 31 26.336971 0.000019 0.000002 0.329059 -0.047427 0.983130
 32 1.854847 1.227798 13.762341 -2.732667 -0.194298 2.482265
 33 10.456542 -0.000008 0.000004 0.340612 0.112156 -0.956748
 34 24.248116 0.000002 -0.000004 -0.002956 -0.134396 0.498872
 35 26.336975 0.000000 0.000004 -0.374800 0.031554 0.888581
time 196
  0 0.000000 0.000000 0.000000 0.000000 -0.000000 -1.570796
  1 0.000000 0.000000 0.000000 0.000000 -0.000000 0.000000
  2 31.122044 0.267262 14.581969 -1.424608 -0.260602 0.946335
  3 4.222169 -0.467508 0.000000 0.008478 0.003448 -0.073604
  4 4.476987 -0.000002 -0.000000 0.236838 0.012434 -0.059898
  5 4.477083 0.000000 0.000002 0.019692 0.066960 -0.027427
  6 4.477077 -0.000004 -0.000002 -0.042646 -0.111060 -0.087802
  7 5.413502 -7.700466 -0.000000 0.057472 -0.005913 -0.489195
  8 6.890240 0.000002 -0.000000 0.001606 -0.013867 -0.007307
  9 8.011925 0.000004 0.000005 0.104342 -0.109928 0.107278
 10 7.210720 -0.000002 -0.000000 0.079883 0.140657 -0.143955
 11 8.581028 -0.304903 -0.000000 -0.384199 0.090358 1.021194
 12 22.523008 2.194031 6.355708 0.000000 -0.000000 0.000000
 13 22.523005 2.194038 -6.355709 0.000000 -0.000000 0.000000
 14 -3.006533 7.804720 -11.355459 0.044026 0.228495 1.429482
 15 10.384675 0.000008 0.000005 -0.003526 0.320973 -1.805942
 16 22.550743 -0.000006 -0.000004 0.123298 -0.171794 1.952593
 17 30.814247 -0.000015 -0.000004 2.818417 0.187809 0.817296
 18 -3.013796 7.815494 11.355459 -0.138471 -0.264596 1.163223
 19 10.374533 -0.000002 0.000007 -0.207382 -0.104293 -1.772884
 20 22.550726 -0.000027 -0.000013 -0.222405 -0.299865 2.543102
 21 30.814270 -0.000023 0.000002 -2.628017 -0.285872 0.310144
 22 -4.250660 -0.770624 0.000001 0.000000 0.000000 -3.068022
 23 10.363422 0.000000 0.000000 -0.000000 -0.022024 0.004716
 24 10.363076 0.000000 -0.000000 0.000000 0.001279 -0.083985
 25 10.363081 -0.000004 -0.000002 -0.005020 -0.092698 0.151774
 26 8.210358 -0.000006 -47.369263 0.000000 0.000000 -0.344932
 27 8.210346 -0.000002 7.704017 0.000000 0.000000 0.095183
 28 1.854841 1.227791 -13.762345 2.701964 0.179421 2.487684
 29 10.456543 -0.000004 0.000004 0.034524 0.158708 -1.367987
 30 24.248093 0.000001 0.000007 0.056342 0.047099 0.972379
 31 26.336971 0.000019 0.000002 0.329059 -0.047427 0.983130
 32 1.854847 1.227798 13.762341 -2.732667 -0.194298 2.482265
 33 10.456542 -0.000008 0.000004 0.347055 0.111098 -0.956748
 34 24.248116 0.000002 -0.000004 -0.002451 -0.134396 0.498872
 35 26.336975 0.000000 0.000004 -0.380932 0.034190 0.883098
time 197
  0 0.000000 0.000000 0.000000 0.000000 -0.000000 -1.570796
  1 0.000000 0.000000 0.000000 0.000000 -0.000000 0.000000
  2 -26.164862 5.087721 14.441339 -1.373992 -0.260442 0.952470
  3 4.222169 -0.467508 0.000000 0.009245 -0.000186 -0.065063
  4 4.476987 -0.000002 -0.000000 0.203341 0.012434 -0.059898
  5 4.477083 0.000000 0.000002 0.019692 0.066960 -0.027427
  6 4.477077 -0.000004 -0.000002 -0.046050 -0.111060 -0.087802
  7 5.413502 -7.700466 -0.000000 0.018462 -0.006762 -0.486333
  8 6.890240 0.000002 -0.000000 0.095481 -0.013959 -0.005492
  9 8.011925 0.000004 0.000005 0.000288 0.127277 0.103281
 10 7.210720 -0.000002 -0.000000 0.080185 -0.048551 0.213653
 11 8.581028 -0.304903 -0.000000 -0.422847 0.074823 1.020809
 12 22.523008 2.194031 6.355708 0.000000 -0.000000 0.000000
 13 22.523005 2.194038 -6.355709 0.000000 -0.000000 0.000000
 14 -3.006533 7.804720 -11.355459 0.044026 0.228495 1.429482
 15 10.384675 0.000008 0.000005 0.009995 0.318596 -1.773285
 16 22.550743 -0.000006 -0.000004 0.121619 -0.190907 1.952593
 17 30.814247 -0.000015 -0.000004 2.795311 0.140850 0.530622
 18 -3.013796 7.815494 11.355459 -0.132769 -0.268034 1.115229
 19 10.374533 -0.000002 0.000007 -0.111592 -0.102864 -1.758677
 20 22.550726 -0.000027 -0.000013 -0.194931 -0.281608 2.543102
 21 30.814270 -0.000023 0.000002 -2.628438 -0.236497 0.294803
 22 -4.250660 -0.770624 0.000001 0.000000 0.000000 -3.031636
 23 10.363422 0.000000 0.000000 -0.000000 -0.022024 0.004716
 24 10.363076 0.000000 -0.000000 0.000000 0.001279 -0.083985
 25 10.363081 -0.000004 -0.000002 -0.009822 -0.096688 0.101435
 26 8.210358 -0.000006 -47.369263 0.000000 0.000000 -0.344932
 27 8.210346 -0.000002 7.704017 0.000000 0.000000 0.110544
 28 1.854841 1.227791 -13.762345 2.701964 0.179421 2.487684
 29 10.456543 -0.000004 0.000004 0.031484 0.164580 -1.342586
 30 24.248093 0.000001 0.000007 0.056342 0.047099 0.972379
 31 26.336971 0.000019 0.000002 0.329059 -0.047427 0.983130
 32 1.854847 1.227798 13.762341 -2.732667 -0.194298 2.482265
 33 10.456542 -0.000008 0.000004 0.353363 0.110152 -0.956748
 34 24.248116 0.000002 -0.000004 -0.001985 -0.134396 0.498872
 35 26.336975 0.000000 0.000004 -0.386764 0.036672 0.877786
time 198
  0 0.000000 0.000000 0.000000 0.000000 -0.000000 -1.570796
  1 0.000000 0.000000 0.000000 0.000000 -0.000000 0.000000
  2 -21.957701 -2.162500 14.308523 -1.551433 -0.260642 0.959181
  3 4.222169 -0.467508 0.000000 0.010012 0.001001 -0.056415
  4 4.476987 -0.000002 -0.000000 0.169916 0.012434 -0.059898
  5 4.477083 0.000000 0.000002 0.019692 0.066960 -0.027427
  6 4.477077 -0.000004 -0.000002 -0.049394 -0.111060 -0.087802
  7 5.413502 -7.700466 -0.000000 -0.017837 -0.007612 -0.483999
  8 6.890240 0.000002 -0.000000 0.000156 0.104128 -0.003654
  9 8.011925 0.000004 0.000005 0.000026 0.146735 0.206796
 10 7.210720 -0.000002 -0.000000 0.080487 -0.049610 -0.244976
 11 8.581028 -0.304903 -0.000000 -0.459864 0.058860 1.021405
 12 22.523008 2.194031 6.355708 0.000000 -0.000000 0.000000
 13 22.523005 2.194038 -6.355709 0.000000 -0.000000 0.000000
 14 -3.006533 7.804720 -11.355459 0.044026 0.228495 1.429482
 15 10.384675 0.000008 0.000005 0.022396 0.314756 -1.738795
 16 22.550743 -0.000006 -0.000004 0.119779 -0.202645 1.952593
 17 30.814247 -0.000015 -0.000004 2.777665 0.093923 0.530622
 18 -3.013796 7.815494 11.355459 -0.128950 -0.271957 1.077267
 19 10.374533 -0.000002 0.000007 0.153868 -0.102765 -1.746153
 20 22.550726 -0.000027 -0.000013 -0.168927 -0.257678 2.543102
 21 30.814270 -0.000023 0.000002 -2.628438 -0.193924 0.280356
 22 -4.250660 -0.770624 0.000001 0.000000 0.000000 -2.930799
 23 10.363422 0.000000 0.000000 -0.000000 -0.022024 0.004716
 24 10.363076 0.000000 -0.000000 0.000000 0.001279 -0.083985
 25 10.363081 -0.000004 -0.000002 -0.016520 -0.105485 0.096173
 26 8.210358 -0.000006 -47.369263 0.000000 0.000000 -0.344932
 27 8.210346 -0.000002 7.704017 0.000000 0.000000 0.124141
 28 1.854841 1.227791 -13.762345 2.701964 0.179421 2.487684
 29 10.456543 -0.000004 0.000004 0.029423 0.170844 -1.320877
 30 24.248093 0.000001 0.000007 0.056342 0.047099 0.972379
 31 26.336971 0.000019 0.000002 0.329059 -0.047427 0.983130
 32 1.854847 1.227798 13.762341 -2.732667 -0.194298 2.482265
 33 10.456542 -0.000008 0.000004 0.359569 0.110152 -0.956748
 34 24.248116 0.000002 -0.000004 -0.001557 -0.134396 0.498872
 35 26.336975 0.000000 0.000004 -0.392168 0.038968 0.872699
time 199
  0 0.000000 0.000000 0.000000 0.000000 -0.000000 -1.570796
  1 0.000000 0.000000 0.000000 0.000000 -0.000000 0.000000
  2 -17.727104 -2.928148 14.054609 -1.570221 -0.261839 0.965028
  3 4.222169 -0.467508 0.000000 0.103887 0.002187 -0.047659
  4 4.476987 -0.000002 -0.000000 0.136659 0.012434 -0.059898
  5 4.477083 0.000000 0.000002 0.019692 0.066960 -0.027427
  6 4.477077 -0.000004 -0.000002 -0.052701 -0.111060 -0.087802
  7 5.413502 -7.700466 -0.000000 -0.041749 -0.008496 -0.482163
  8 6.890240 0.000002 -0.000000 0.000072 -0.032034 0.185403
  9 8.011925 0.000004 0.000005 -0.000681 0.145665 -0.342549
 10 7.210720 -0.000002 -0.000000 0.080816 -0.050740 -0.244011
 11 8.581028 -0.304903 -0.000000 -0.494516 0.043001 1.022736
 12 22.523008 2.194031 6.355708 0.000000 -0.000000 0.000000
 13 22.523005 2.194038 -6.355709 0.000000 -0.000000 0.000000
 14 -3.006533 7.804720 -11.355459 0.044026 0.228495 1.429482
 15 10.384675 0.000008 0.000005 0.032742 0.309388 -1.705138
 16 22.550743 -0.000006 -0.000004 0.117860 -0.204079 1.952592
 17 30.814247 -0.000015 -0.000004 2.762246 0.047214 0.526361
 18 -3.013796 7.815494 11.355459 -0.127932 -0.276255 1.053954
 19 10.374533 -0.000002 0.000007 0.027542 -0.103894 -1.735193
 20 22.550726 -0.000027 -0.000013 -0.145089 -0.229134 2.543102
 21 30.814270 -0.000023 0.000002 -2.625982 -0.163316 0.267163
 22 -4.250660 -0.770624 0.000001 0.000000 0.000000 -2.978785
 23 10.363422 0.000000 0.000000 -0.000000 -0.022024 0.004716
 24 10.363076 0.000000 -0.000000 0.000000 0.001279 -0.083985
 25 10.363081 -0.000004 -0.000002 -0.024473 -0.117532 0.097891
 26 8.210358 -0.000006 -47.369263 0.000000 0.000000 -0.344932
 27 8.210346 -0.000002 7.704017 0.000000 0.000000 0.134687
 28 1.854841 1.227791 -13.762345 2.701964 0.179421 2.487684
 29 10.456543 -0.000004 0.000004 0.028479 0.177463 -1.304551
 30 24.248093 0.000001 0.000007 0.056342 0.047099 0.972379
 31 26.336971 0.000019 0.000002 0.329059 -0.047427 0.983130
 32 1.854847 1.227798 13.762341 -2.732667 -0.194298 2.482265
 33 10.456542 -0.000008 0.000004 0.365708 0.110152 -0.956748
 34 24.248116 0.000002 -0.000004 -0.001156 -0.134396 0.498872
 35 26.336975 0.000000 0.000004 -0.397099 0.041108 0.867952
time 200
  0 0.000000 0.000000 0.000000 0.000000 -0.000000 -1.570796
  1 0.000000 0.000000 0.000000 0.000000 -0.000000 0.000000
  2 -13.453535 -2.678140 13.941324 -1.364982 -0.262238 0.990145
  3 4.222169 -0.467508 0.000000 0.103887 0.147394 -0.038904
  4 4.476987 -0.000002 -0.000000 0.103773 0.012434 -0.059898
  5 4.477083 0.000000 0.000002 0.019692 0.066960 -0.027427
  6 4.477077 -0.000004 -0.000002 -0.056009 -0.111060 -0.087802
  7 5.413502 -7.700466 -0.000000 -0.063972 -0.009379 -0.480701
  8 6.890240 0.000002 -0.000000 0.000000 -0.031943 -0.264875
  9 8.011925 0.000004 0.000005 -0.001794 0.144307 -0.348805
 10 7.210720 -0.000002 -0.000000 0.081146 -0.051906 -0.243018
 11 8.581028 -0.304903 -0.000000 -0.526527 0.027670 1.024629
 12 22.523008 2.194031 6.355708 0.000000 -0.000000 0.000000
 13 22.523005 2.194038 -6.355709 0.000000 -0.000000 0.000000
 14 -3.006533 7.804720 -11.355459 0.044026 0.228495 1.429482
 15 10.384675 0.000008 0.000005 0.040100 0.302451 -1.675535
 16 22.550743 -0.000006 -0.000004 0.115861 -0.194867 1.952592
 17 30.814247 -0.000015 -0.000004 2.751064 0.000067 0.519449
 18 -3.013796 7.815494 11.355459 -0.129459 -0.280739 1.051104
 19 10.374533 -0.000002 0.000007 0.014329 -0.106153 -1.725626
 20 22.550726 -0.000027 -0.000013 -0.124151 -0.196566 2.543102
 21 30.814270 -0.000023 0.000002 -2.348952 -0.128621 0.257011
 22 -4.250660 -0.770624 0.000001 0.000000 0.000000 -2.983804
 23 10.363422 0.000000 0.000000 -0.000000 -0.022024 0.004716
 24 10.363076 0.000000 -0.000000 0.000000 0.001279 -0.083985
 25 10.363081 -0.000004 -0.000002 -0.032833 -0.131259 0.099610
 26 8.210358 -0.000006 -47.369263 0.000000 0.000000 -0.344932
 27 8.210346 -0.000002 7.704017 0.000000 0.000000 0.141876
 28 1.854841 1.227791 -13.762345 2.701964 0.179421 2.487684
 29 10.456543 -0.000004 0.000004 0.028025 0.184314 -1.295129
 30 24.248093 0.000001 0.000007 0.056342 0.047099 0.972379
 31 26.336971 0.000019 0.000002 0.329059 -0.047427 0.983130
 32 1.854847 1.227798 13.762341 -2.732667 -0.194298 2.482265
 33 10.456542 -0.000008 0.000004 0.371711 0.110152 -0.956748
 34 24.248116 0.000002 -0.000004 -0.000767 -0.134396 0.498872
 35 26.336975 0.000000 0.000004 -0.401473 0.043001 0.863487
time 201
  0 0.000000 0.000000 0.000000 0.000000 -0.000000 -1.570796
  1 0.000000 0.000000 0.000000 0.000000 -0.000000 0.000000
  2 -2.027406 -2.428133 13.910074 -1.337278 -0.264073 1.015166
  3 4.222169 -0.467508 0.000000 0.103887 -0.000631 -0.050343
  4 4.476987 -0.000002 -0.000000 0.070900 0.012434 -0.059898
  5 4.477083 0.000000 0.000002 0.019692 0.066960 -0.027427
  6 4.477077 -0.000004 -0.000002 -0.059365 -0.111060 -0.087802
  7 5.413502 -7.700466 -0.000000 -0.085358 -0.010263 -0.479581
  8 6.890240 0.000002 -0.000000 -0.000132 -0.031616 -0.255194
  9 8.011925 0.000004 0.000005 -0.003248 0.142342 -0.362613
 10 7.210720 -0.000002 -0.000000 0.081503 -0.053124 -0.242026
 11 8.581028 -0.304903 -0.000000 -0.557230 0.013893 1.026872
 12 22.523008 2.194031 6.355708 0.000000 -0.000000 0.000000
 13 22.523005 2.194038 -6.355709 0.000000 -0.000000 0.000000
 14 -3.006533 7.804720 -11.355459 0.044026 0.228495 1.429482
 15 10.384675 0.000008 0.000005 0.043686 0.293943 -1.653042
 16 22.550743 -0.000006 -0.000004 0.113894 -0.177218 1.952592
 17 30.814247 -0.000015 -0.000004 2.768361 -0.047268 0.226652
 18 -3.013796 7.815494 11.355459 -0.133227 -0.285409 1.069401
 19 10.374533 -0.000002 0.000007 0.018644 -0.109409 -1.717334
 20 22.550726 -0.000027 -0.000013 -0.106808 -0.161093 2.543102
 21 30.814270 -0.000023 0.000002 -2.629771 0.111059 0.251962
 22 -4.250660 -0.770624 0.000001 0.000000 0.000000 -2.982165
 23 10.363422 0.000000 0.000000 -0.000000 -0.022024 0.004716
 24 10.363076 0.000000 -0.000000 0.000000 0.001279 -0.083985
 25 10.363081 -0.000004 -0.000002 -0.040725 -0.145032 0.309904
 26 8.210358 -0.000006 -47.369263 0.000000 0.000000 -0.344932
 27 8.210346 -0.000002 7.704017 0.000000 0.000000 0.145572
 28 1.854841 1.227791 -13.762345 2.701964 0.179421 2.487684
 29 10.456543 -0.000004 0.000004 0.027186 0.190845 -1.294087
 30 24.248093 0.000001 0.000007 0.056342 0.047099 0.972379
 31 26.336971 0.000019 0.000002 0.329059 -0.047427 0.983130
 32 1.854847 1.227798 13.762341 -2.732667 -0.194298 2.482265
 33 10.456542 -0.000008 0.000004 0.377578 0.110152 -0.956748
 34 24.248116 0.000002 -0.000004 -0.000404 -0.134396 0.498872
 35 26.336975 0.000000 0.000004 -0.405204 0.044707 0.859418
end
