version 1
nodes
  0 "Chaurus" -1
  1 "NPC Root [Root]" 0
  2 "Pelvis [Pelv]" 1
  3 "Spine[Spn0]" 2
  4 "Spine[Spn1]" 3
  5 "Spine[Spn2]" 4
  6 "Ribcage[Spn3]" 5
  7 "[Neck0]" 6
  8 "[Neck1]" 7
  9 "[Neck2]" 8
 10 "[Neck3]" 9
 11 "NPC Head [Head]" 10
 12 "Head[LeftPincher]" 11
 13 "Head[RightPincher]" 11
 14 "R UpperArm[RClv]" 6
 15 "R UpperArm[RUar]" 14
 16 "R UpperArm[RLar]" 15
 17 "R UpperArm[RHnd]" 16
 18 "L UpperArm[RClv]" 6
 19 "L UpperArm[LUar]" 18
 20 "L UpperArm[LLar]" 19
 21 "L UpperArm[LHnd]" 20
 22 "Tail[Tal0]" 2
 23 "Tail[Tal1]" 22
 24 "Tail[Tal2]" 23
 25 "Tail[Tal3]" 24
 26 "[TalRightPincher]" 25
 27 "[TalLeftPincher]" 25
 28 "R Leg[RThg0]" 2
 29 "R Leg[RThg1]" 28
 30 "R Leg[RClf]" 29
 31 "R Leg[RAnkle]" 30
 32 "LLeg[RThg0]" 2
 33 "LLeg[LThg1]" 32
 34 "LLeg[LClf]" 33
 35 "LLeg[LAnkle]" 34
end
skeleton
time 0
  0 0.000000 0.000000 0.000000 0.000000 -0.000000 -1.570796
  1 0.000000 0.000000 0.000000 0.000000 -0.000000 0.000000
  2 0.000000 -2.951586 28.070662 -1.570317 0.018466 1.571276
  3 4.222169 -0.467508 0.000000 -0.002069 -0.000668 0.022109
  4 4.476987 -0.000002 -0.000000 0.015327 -0.013331 0.198502
  5 4.477083 0.000000 0.000002 -0.004421 0.028191 -0.067787
  6 4.477077 -0.000004 -0.000002 -0.006429 -0.015726 -0.152773
  7 5.413502 -7.700466 -0.000000 0.000040 0.025640 0.165312
  8 6.890240 0.000002 -0.000000 0.000360 -0.025709 -0.243814
  9 8.011925 0.000004 0.000005 -0.000157 0.025641 -0.174324
 10 7.210720 -0.000002 -0.000000 0.000247 -0.051676 -0.305261
 11 8.581028 -0.304903 -0.000000 0.001428 0.019049 0.587416
 12 22.523008 2.194031 6.355708 0.000000 -0.000000 0.000000
 13 22.523005 2.194038 -6.355709 0.000000 -0.000000 0.000000
 14 -3.006533 7.804720 -11.355459 0.216247 0.197369 0.893075
 15 10.384675 0.000008 0.000005 0.007903 0.190533 -1.802221
 16 22.550743 -0.000006 -0.000004 0.124337 0.013220 1.914094
 17 30.814247 -0.000015 -0.000004 2.633523 0.154832 0.562137
 18 -3.013796 7.815494 11.355459 -0.230419 -0.190908 0.890306
 19 10.374533 -0.000002 0.000007 -0.007242 -0.190970 -1.803152
 20 22.550726 -0.000027 -0.000013 -0.124927 -0.013467 1.915782
 21 30.814270 -0.000023 0.000002 -2.628263 -0.168821 0.558767
 22 -4.250660 -0.770624 0.000001 0.000000 0.000000 2.933269
 23 10.363422 0.000000 0.000000 0.000000 -0.000008 -0.331735
 24 10.363076 0.000000 -0.000000 0.000000 0.000009 0.182630
 25 10.363081 -0.000004 -0.000002 -0.000009 -0.000015 0.462128
 26 8.210358 -0.000006 -7.703991 0.000000 0.000000 -0.000000
 27 8.210346 -0.000002 7.704017 0.000000 0.000000 -0.000000
 28 1.854841 1.227791 -13.762345 2.679713 0.172883 2.188569
 29 10.456543 -0.000004 0.000004 0.088524 0.076123 -0.941436
 30 24.248093 0.000001 0.000007 0.020567 0.025529 0.713137
 31 26.336971 0.000019 0.000002 0.333323 -0.046402 0.860141
 32 1.854847 1.227798 13.762341 -2.680368 -0.173230 2.188581
 33 10.456542 -0.000008 0.000004 -0.088026 -0.076940 -0.946107
 34 24.248116 0.000002 -0.000004 -0.020613 -0.025492 0.716129
 35 26.336975 0.000000 0.000004 -0.331874 0.048957 0.869704
time 1
  0 0.000000 0.000000 0.000000 0.000000 -0.000000 -1.570796
  1 0.000000 0.000000 0.000000 0.000000 -0.000000 0.000000
  2 0.000000 -2.951586 28.070662 -1.570317 0.018466 1.571276
  3 4.222169 -0.467508 0.000000 -0.002069 -0.000668 0.022109
  4 4.476987 -0.000002 -0.000000 0.015327 -0.013331 0.198502
  5 4.477083 0.000000 0.000002 -0.004421 0.028191 -0.067787
  6 4.477077 -0.000004 -0.000002 -0.006429 -0.015726 -0.152773
  7 5.413502 -7.700466 -0.000000 0.000040 0.025640 0.165312
  8 6.890240 0.000002 -0.000000 0.000360 -0.025709 -0.243814
  9 8.011925 0.000004 0.000005 -0.000157 0.025641 -0.174324
 10 7.210720 -0.000002 -0.000000 0.000247 -0.051676 -0.305261
 11 8.581028 -0.304903 -0.000000 0.001428 0.019049 0.587416
 12 22.523008 2.194031 6.355708 0.000000 -0.000000 0.000000
 13 22.523005 2.194038 -6.355709 0.000000 -0.000000 0.000000
 14 -3.006533 7.804720 -11.355459 0.216247 0.197369 0.893075
 15 10.384675 0.000008 0.000005 0.007903 0.190533 -1.802221
 16 22.550743 -0.000006 -0.000004 0.124337 0.013220 1.914094
 17 30.814247 -0.000015 -0.000004 2.633523 0.154832 0.562137
 18 -3.013796 7.815494 11.355459 -0.230419 -0.190908 0.890306
 19 10.374533 -0.000002 0.000007 -0.007242 -0.190970 -1.803152
 20 22.550726 -0.000027 -0.000013 -0.124927 -0.013467 1.915782
 21 30.814270 -0.000023 0.000002 -2.628263 -0.168821 0.558767
 22 -4.250660 -0.770624 0.000001 0.000000 0.000000 2.933269
 23 10.363422 0.000000 0.000000 0.000000 -0.000008 -0.331735
 24 10.363076 0.000000 -0.000000 0.000000 0.000009 0.182630
 25 10.363081 -0.000004 -0.000002 -0.000009 -0.000015 0.462128
 26 8.210358 -0.000006 -7.703991 0.000000 0.000000 -0.000000
 27 8.210346 -0.000002 7.704017 0.000000 0.000000 -0.000000
 28 1.854841 1.227791 -13.762345 2.679713 0.172883 2.188569
 29 10.456543 -0.000004 0.000004 0.088524 0.076123 -0.941436
 30 24.248093 0.000001 0.000007 0.020567 0.025529 0.713137
 31 26.336971 0.000019 0.000002 0.333323 -0.046402 0.860141
 32 1.854847 1.227798 13.762341 -2.680368 -0.173230 2.188581
 33 10.456542 -0.000008 0.000004 -0.088026 -0.076940 -0.946107
 34 24.248116 0.000002 -0.000004 -0.020613 -0.025492 0.716129
 35 26.336975 0.000000 0.000004 -0.331874 0.048957 0.869704
time 2
  0 0.000000 0.000000 0.000000 0.000000 -0.000000 -1.570796
  1 0.000000 0.000000 0.000000 0.000000 -0.000000 0.000000
  2 -0.062502 -2.951586 28.070662 -1.570988 0.009730 1.574344
  3 4.222169 -0.467508 0.000000 -0.002176 -0.000575 0.017509
  4 4.476987 -0.000002 -0.000000 0.016010 -0.013310 0.199190
  5 4.477083 0.000000 0.000002 -0.003809 0.027868 -0.066645
  6 4.477077 -0.000004 -0.000002 -0.006992 -0.017116 -0.146793
  7 5.413502 -7.700466 -0.000000 0.000266 0.021443 0.154733
  8 6.890240 0.000002 -0.000000 0.000527 -0.022193 -0.235436
  9 8.011925 0.000004 0.000005 -0.000236 0.028213 -0.165837
 10 7.210720 -0.000002 -0.000000 -0.000302 -0.040730 -0.290592
 11 8.581028 -0.304903 -0.000000 0.000303 0.020414 0.586575
 12 22.523008 2.194031 6.355708 0.000000 -0.000000 0.000000
 13 22.523005 2.194038 -6.355709 0.000000 -0.000000 0.000000
 14 -3.006533 7.804720 -11.355459 0.192481 0.217330 0.910244
 15 10.384675 0.000008 0.000005 0.008800 0.189600 -1.797833
 16 22.550743 -0.000006 -0.000004 0.121938 0.002200 1.910341
 17 30.814247 -0.000015 -0.000004 2.646977 0.117684 0.560848
 18 -3.013796 7.815494 11.355459 -0.206185 -0.202641 0.907862
 19 10.374533 -0.000002 0.000007 -0.006028 -0.189210 -1.798224
 20 22.550726 -0.000027 -0.000013 -0.124049 -0.001453 1.913363
 21 30.814270 -0.000023 0.000002 -2.643242 -0.138237 0.555364
 22 -4.250660 -0.770624 0.000001 -0.000036 0.000497 2.937673
 23 10.363422 0.000000 0.000000 -0.000276 0.001286 -0.331889
 24 10.363076 0.000000 -0.000000 -0.000132 -0.001549 0.182656
 25 10.363081 -0.000004 -0.000002 0.000212 -0.011862 0.461967
 26 8.210358 -0.000006 -7.703991 0.000000 0.000000 -0.000000
 27 8.210346 -0.000002 7.704017 0.000000 0.000000 -0.000000
 28 1.854841 1.227791 -13.762345 2.680328 0.173994 2.191489
 29 10.456543 -0.000004 0.000004 0.088786 0.076017 -0.938396
 30 24.248093 0.000001 0.000007 0.020530 0.025509 0.711242
 31 26.336971 0.000019 0.000002 0.333714 -0.045141 0.860583
 32 1.854847 1.227798 13.762341 -2.680908 -0.175829 2.194655
 33 10.456542 -0.000008 0.000004 -0.087822 -0.077024 -0.949102
 34 24.248116 0.000002 -0.000004 -0.020678 -0.025576 0.718465
 35 26.336975 0.000000 0.000004 -0.330716 0.049081 0.868913
time 3
  0 0.000000 0.000000 0.000000 0.000000 -0.000000 -1.570796
  1 0.000000 0.000000 0.000000 0.000000 -0.000000 0.000000
  2 -0.121097 -2.951586 28.070662 -1.571755 0.000356 1.577603
  3 4.222169 -0.467508 0.000000 -0.002033 -0.000408 -0.001689
  4 4.476987 -0.000002 -0.000000 0.017161 -0.013438 0.184606
  5 4.477083 0.000000 0.000002 -0.002239 0.027513 -0.055396
  6 4.477077 -0.000004 -0.000002 -0.007807 -0.018676 -0.129584
  7 5.413502 -7.700466 -0.000000 0.000545 0.017263 0.143998
  8 6.890240 0.000002 -0.000000 0.000731 -0.018677 -0.227082
  9 8.011925 0.000004 0.000005 -0.000118 0.030657 -0.157167
 10 7.210720 -0.000002 -0.000000 -0.000714 -0.030808 -0.272946
 11 8.581028 -0.304903 -0.000000 -0.000685 0.021763 0.585699
 12 22.523008 2.194031 6.355708 0.000000 -0.000000 0.000000
 13 22.523005 2.194038 -6.355709 0.000000 -0.000000 0.000000
 14 -3.006533 7.804720 -11.355459 0.145980 0.254639 0.943619
 15 10.384675 0.000008 0.000005 0.009846 0.188306 -1.792668
 16 22.550743 -0.000006 -0.000004 0.119412 -0.008906 1.906587
 17 30.814247 -0.000015 -0.000004 2.660299 0.079816 0.559272
 18 -3.013796 7.815494 11.355459 -0.160211 -0.228163 0.941207
 19 10.374533 -0.000002 0.000007 -0.005354 -0.188047 -1.791149
 20 22.550726 -0.000027 -0.000013 -0.122272 0.013035 1.908276
 21 30.814270 -0.000023 0.000002 -2.658502 -0.108020 0.551961
 22 -4.250660 -0.770624 0.000001 -0.000108 0.002150 2.944381
 23 10.363422 0.000000 0.000000 -0.000384 0.000687 -0.331955
 24 10.363076 0.000000 -0.000000 -0.000216 -0.005840 0.182682
 25 10.363081 -0.000004 -0.000002 0.001542 -0.029425 0.461565
 26 8.210358 -0.000006 -7.703991 0.000000 0.000000 -0.000000
 27 8.210346 -0.000002 7.704017 0.000000 0.000000 -0.000000
 28 1.854841 1.227791 -13.762345 2.682571 0.175055 2.198665
 29 10.456543 -0.000004 0.000004 0.089205 0.075785 -0.933186
 30 24.248093 0.000001 0.000007 0.020456 0.025408 0.707513
 31 26.336971 0.000019 0.000002 0.333671 -0.043275 0.861743
 32 1.854847 1.227798 13.762341 -2.681482 -0.178675 2.201160
 33 10.456542 -0.000008 0.000004 -0.087551 -0.077163 -0.952728
 34 24.248116 0.000002 -0.000004 -0.020755 -0.025672 0.721206
 35 26.336975 0.000000 0.000004 -0.329130 0.048088 0.867839
time 4
  0 0.000000 0.000000 0.000000 0.000000 -0.000000 -1.570796
  1 0.000000 0.000000 0.000000 0.000000 -0.000000 0.000000
  2 -0.175787 -2.951586 28.070662 -1.572522 -0.009536 1.581054
  3 4.222169 -0.467508 0.000000 -0.001613 -0.000204 -0.032479
  4 4.476987 -0.000002 -0.000000 0.018707 -0.013653 0.157548
  5 4.477083 0.000000 0.000002 -0.000130 0.027674 -0.034971
  6 4.477077 -0.000004 -0.000002 -0.008790 -0.019691 -0.102254
  7 5.413502 -7.700466 -0.000000 0.000864 0.013083 0.133201
  8 6.890240 0.000002 -0.000000 0.000971 -0.015187 -0.218565
  9 8.011925 0.000004 0.000005 0.000288 0.033261 -0.148472
 10 7.210720 -0.000002 -0.000000 -0.000961 -0.022881 -0.249830
 11 8.581028 -0.304903 -0.000000 -0.001511 0.023129 0.584858
 12 22.523008 2.194031 6.355708 0.000000 -0.000000 0.000000
 13 22.523005 2.194038 -6.355709 0.000000 -0.000000 0.000000
 14 -3.006533 7.804720 -11.355459 0.078644 0.309472 0.990042
 15 10.384675 0.000008 0.000005 0.011153 0.186460 -1.786059
 16 22.550743 -0.000006 -0.000004 0.116821 -0.020098 1.902834
 17 30.814247 -0.000015 -0.000004 2.701707 -0.014510 0.550068
 18 -3.013796 7.815494 11.355459 -0.108534 -0.258356 0.978542
 19 10.374533 -0.000002 0.000007 -0.005287 -0.187382 -1.782162
 20 22.550726 -0.000027 -0.000013 -0.119677 0.029996 1.900521
 21 30.814270 -0.000023 0.000002 -2.703721 -0.025199 0.537653
 22 -4.250660 -0.770624 0.000001 -0.000120 0.005183 2.960257
 23 10.363422 0.000000 0.000000 -0.000419 -0.001326 -0.331977
 24 10.363076 0.000000 -0.000000 -0.000288 -0.012251 0.182733
 25 10.363081 -0.000004 -0.000002 0.003155 -0.048467 0.461081
 26 8.210358 -0.000006 -7.703991 0.000000 0.000000 -0.000000
 27 8.210346 -0.000002 7.704017 0.000000 0.000000 -0.000000
 28 1.854841 1.227791 -13.762345 2.686265 0.176140 2.209491
 29 10.456543 -0.000004 0.000004 0.089764 0.075447 -0.926065
 30 24.248093 0.000001 0.000007 0.020345 0.025267 0.702303
 31 26.336971 0.000019 0.000002 0.333236 -0.040857 0.863510
 32 1.854847 1.227798 13.762341 -2.682023 -0.181739 2.208097
 33 10.456542 -0.000008 0.000004 -0.087212 -0.077358 -0.956827
 34 24.248116 0.000002 -0.000004 -0.020859 -0.025780 0.724354
 35 26.336975 0.000000 0.000004 -0.327200 0.046041 0.866483
time 5
  0 0.000000 0.000000 0.000000 0.000000 -0.000000 -1.570796
  1 0.000000 0.000000 0.000000 0.000000 -0.000000 0.000000
  2 -0.226569 -2.951586 28.070662 -1.573193 -0.020027 1.584697
  3 4.222169 -0.467508 0.000000 -0.000906 -0.000000 -0.071871
  4 4.476987 -0.000002 -0.000000 0.020576 -0.013910 0.120789
  5 4.477083 0.000000 0.000002 0.002363 0.028401 -0.007670
  6 4.477077 -0.000004 -0.000002 -0.009857 -0.019409 -0.065953
  7 5.413502 -7.700466 -0.000000 0.001396 0.009566 0.102055
  8 6.890240 0.000002 -0.000000 0.001186 -0.012835 -0.191686
  9 8.011925 0.000004 0.000005 0.000904 0.034523 -0.121036
 10 7.210720 -0.000002 -0.000000 -0.001125 -0.017637 -0.219446
 11 8.581028 -0.304903 -0.000000 -0.002177 0.024495 0.584016
 12 22.523008 2.194031 6.355708 0.000000 -0.000000 0.000000
 13 22.523005 2.194038 -6.355709 0.000000 -0.000000 0.000000
 14 -3.006533 7.804720 -11.355459 0.003874 0.373208 1.039143
 15 10.384675 0.000008 0.000005 0.012722 0.183808 -1.777284
 16 22.550743 -0.000006 -0.000004 0.114214 -0.031548 1.898839
 17 30.814247 -0.000015 -0.000004 2.750234 -0.114917 0.534884
 18 -3.013796 7.815494 11.355459 -0.023154 -0.299347 1.033833
 19 10.374533 -0.000002 0.000007 -0.005691 -0.187216 -1.771318
 20 22.550726 -0.000027 -0.000013 -0.116389 0.049411 1.890161
 21 30.814270 -0.000023 0.000002 -2.750728 0.055812 0.519747
 22 -4.250660 -0.770624 0.000001 -0.000096 0.009195 2.983507
 23 10.363422 0.000000 0.000000 -0.000491 -0.004298 -0.331955
 24 10.363076 0.000000 -0.000000 -0.000395 -0.020185 0.182785
 25 10.363081 -0.000004 -0.000002 0.004928 -0.067879 0.460544
 26 8.210358 -0.000006 -7.703991 0.000000 0.000000 -0.000000
 27 8.210346 -0.000002 7.704017 0.000000 0.000000 -0.000000
 28 1.854841 1.227791 -13.762345 2.691322 0.177152 2.223663
 29 10.456543 -0.000004 0.000004 0.090463 0.074984 -0.917294
 30 24.248093 0.000001 0.000007 0.020197 0.025085 0.695732
 31 26.336971 0.000019 0.000002 0.332496 -0.037940 0.865829
 32 1.854847 1.227798 13.762341 -2.682563 -0.185023 2.215291
 33 10.456542 -0.000008 0.000004 -0.086873 -0.077553 -0.961359
 34 24.248116 0.000002 -0.000004 -0.020950 -0.025887 0.727807
 35 26.336975 0.000000 0.000004 -0.324927 0.043063 0.864900
time 6
  0 0.000000 0.000000 0.000000 0.000000 -0.000000 -1.570796
  1 0.000000 0.000000 0.000000 0.000000 -0.000000 0.000000
  2 -0.273446 -2.951586 28.070662 -1.573960 -0.030997 1.588436
  3 4.222169 -0.467508 0.000000 0.000113 0.000166 -0.116860
  4 4.476987 -0.000002 -0.000000 0.022709 -0.014145 0.077238
  5 4.477083 0.000000 0.000002 0.005179 0.029532 0.023871
  6 4.477077 -0.000004 -0.000002 -0.010815 -0.017379 -0.022287
  7 5.413502 -7.700466 -0.000000 0.002167 0.006168 0.069944
  8 6.890240 0.000002 -0.000000 0.001534 -0.010456 -0.164366
  9 8.011925 0.000004 0.000005 0.001585 0.035753 -0.093548
 10 7.210720 -0.000002 -0.000000 -0.001208 -0.014742 -0.182921
 11 8.581028 -0.304903 -0.000000 -0.002751 0.025843 0.583140
 12 22.523008 2.194031 6.355708 0.000000 -0.000000 0.000000
 13 22.523005 2.194038 -6.355709 0.000000 -0.000000 0.000000
 14 -3.006533 7.804720 -11.355459 -0.099925 0.452630 1.099095
 15 10.384675 0.000008 0.000005 0.014589 0.180180 -1.765565
 16 22.550743 -0.000006 -0.000004 0.110088 -0.059529 1.878319
 17 30.814247 -0.000015 -0.000004 2.807498 -0.220402 0.511535
 18 -3.013796 7.815494 11.355459 0.059274 -0.342768 1.087527
 19 10.374533 -0.000002 0.000007 -0.006568 -0.187482 -1.758851
 20 22.550726 -0.000027 -0.000013 -0.112508 0.071261 1.877257
 21 30.814270 -0.000023 0.000002 -2.799806 0.134474 0.498159
 22 -4.250660 -0.770624 0.000001 -0.000120 0.013512 3.007270
 23 10.363422 0.000000 0.000000 -0.000707 -0.007762 -0.331933
 24 10.363076 0.000000 -0.000000 -0.000575 -0.029006 0.182837
 25 10.363081 -0.000004 -0.000002 0.006922 -0.087413 0.459981
 26 8.210358 -0.000006 -7.703991 0.000000 0.000000 -0.000000
 27 8.210346 -0.000002 7.704017 0.000000 0.000000 -0.000000
 28 1.854841 1.227791 -13.762345 2.697478 0.178040 2.240571
 29 10.456543 -0.000004 0.000004 0.091249 0.074451 -0.907048
 30 24.248093 0.000001 0.000007 0.020048 0.024843 0.687976
 31 26.336971 0.000019 0.000002 0.331409 -0.034603 0.868535
 32 1.854847 1.227798 13.762341 -2.683137 -0.188443 2.222830
 33 10.456542 -0.000008 0.000004 -0.086466 -0.077775 -0.966285
 34 24.248116 0.000002 -0.000004 -0.021066 -0.026007 0.731513
 35 26.336975 0.000000 0.000004 -0.322397 0.039340 0.863092
time 7
  0 0.000000 0.000000 0.000000 0.000000 -0.000000 -1.570796
  1 0.000000 0.000000 0.000000 0.000000 -0.000000 0.000000
  2 -0.316416 -2.951586 28.070662 -1.574727 -0.042445 1.592462
  3 4.222169 -0.467508 0.000000 0.001467 0.000222 -0.164349
  4 4.476987 -0.000002 -0.000000 0.025023 -0.014338 0.029713
  5 4.477083 0.000000 0.000002 0.008235 0.030889 0.056968
  6 4.477077 -0.000004 -0.000002 -0.011630 -0.014260 0.024790
  7 5.413502 -7.700466 -0.000000 0.003137 0.002888 0.037180
  8 6.890240 0.000002 -0.000000 0.001989 -0.008103 -0.136952
  9 8.011925 0.000004 0.000005 0.002344 0.036919 -0.066189
 10 7.210720 -0.000002 -0.000000 -0.001208 -0.013559 -0.142212
 11 8.581028 -0.304903 -0.000000 -0.003211 0.027192 0.582334
 12 22.523008 2.194031 6.355708 0.000000 -0.000000 0.000000
 13 22.523005 2.194038 -6.355709 0.000000 -0.000000 0.000000
 14 -3.006533 7.804720 -11.355459 -0.201282 0.535550 1.151836
 15 10.384675 0.000008 0.000005 0.016606 0.175788 -1.752180
 16 22.550743 -0.000006 -0.000004 0.106554 -0.087624 1.857738
 17 30.814247 -0.000015 -0.000004 2.873060 -0.325637 0.479197
 18 -3.013796 7.815494 11.355459 0.136356 -0.386413 1.141620
 19 10.374533 -0.000002 0.000007 -0.007916 -0.188146 -1.744761
 20 22.550726 -0.000027 -0.000013 -0.107973 0.095682 1.861562
 21 30.814270 -0.000023 0.000002 -2.851304 0.210053 0.472722
 22 -4.250660 -0.770624 0.000001 -0.000180 0.018134 3.031467
 23 10.363422 0.000000 0.000000 -0.001174 -0.011249 -0.331911
 24 10.363076 0.000000 -0.000000 -0.000887 -0.038102 0.182837
 25 10.363081 -0.000004 -0.000002 0.009163 -0.106763 0.459363
 26 8.210358 -0.000006 -7.703991 0.000000 0.000000 -0.000000
 27 8.210346 -0.000002 7.704017 0.000000 0.000000 -0.000000
 28 1.854841 1.227791 -13.762345 2.704646 0.178755 2.259851
 29 10.456543 -0.000004 0.000004 0.092123 0.073828 -0.895628
 30 24.248093 0.000001 0.000007 0.019863 0.024581 0.679333
 31 26.336971 0.000019 0.000002 0.330104 -0.030950 0.871683
 32 1.854847 1.227798 13.762341 -2.683744 -0.192000 2.230585
 33 10.456542 -0.000008 0.000004 -0.086059 -0.078026 -0.971448
 34 24.248116 0.000002 -0.000004 -0.021183 -0.026139 0.735372
 35 26.336975 0.000000 0.000004 -0.319610 0.034935 0.861113
time 8
  0 0.000000 0.000000 0.000000 0.000000 -0.000000 -1.570796
  1 0.000000 0.000000 0.000000 0.000000 -0.000000 0.000000
  2 -0.359386 -2.951586 28.070662 -1.575494 -0.054293 1.596584
  3 4.222169 -0.467508 0.000000 0.003193 0.000166 -0.211208
  4 4.476987 -0.000002 -0.000000 0.027431 -0.014466 -0.018811
  5 4.477083 0.000000 0.000002 0.011459 0.032375 0.088953
  6 4.477077 -0.000004 -0.000002 -0.012361 -0.010915 0.070871
  7 5.413502 -7.700466 -0.000000 0.004267 -0.000238 0.003856
  8 6.890240 0.000002 -0.000000 0.002577 -0.005777 -0.109631
  9 8.011925 0.000004 0.000005 0.003183 0.038022 -0.039065
 10 7.210720 -0.000002 -0.000000 -0.001098 -0.013418 -0.099224
 11 8.581028 -0.304903 -0.000000 -0.003578 0.028524 0.581493
 12 22.523008 2.194031 6.355708 0.000000 -0.000000 0.000000
 13 22.523005 2.194038 -6.355709 0.000000 -0.000000 0.000000
 14 -3.006533 7.804720 -11.355459 -0.298352 0.618576 1.196748
 15 10.384675 0.000008 0.000005 0.018437 0.171247 -1.738850
 16 22.550743 -0.000006 -0.000004 0.103611 -0.115575 1.837338
 17 30.814247 -0.000015 -0.000004 2.945087 -0.424069 0.438586
 18 -3.013796 7.815494 11.355459 0.200659 -0.425387 1.196454
 19 10.374533 -0.000002 0.000007 -0.009736 -0.189143 -1.729279
 20 22.550726 -0.000027 -0.000013 -0.094103 0.128191 1.828496
 21 30.814270 -0.000023 0.000002 -2.901188 0.258768 0.448122
 22 -4.250660 -0.770624 0.000001 -0.000228 0.022980 3.055921
 23 10.363422 0.000000 0.000000 -0.001989 -0.014294 -0.331889
 24 10.363076 0.000000 -0.000000 -0.001378 -0.046875 0.182811
 25 10.363081 -0.000004 -0.000002 0.011699 -0.125667 0.458692
 26 8.210358 -0.000006 -7.703991 0.000000 0.000000 -0.000000
 27 8.210346 -0.000002 7.704017 0.000000 0.000000 -0.000000
 28 1.854841 1.227791 -13.762345 2.712561 0.179249 2.280956
 29 10.456543 -0.000004 0.000004 0.093049 0.073134 -0.883297
 30 24.248093 0.000001 0.000007 0.019641 0.024278 0.669920
 31 26.336971 0.000019 0.000002 0.328581 -0.027009 0.875052
 32 1.854847 1.227798 13.762341 -2.684352 -0.195694 2.238555
 33 10.456542 -0.000008 0.000004 -0.085618 -0.078304 -0.976847
 34 24.248116 0.000002 -0.000004 -0.021300 -0.026271 0.739434
 35 26.336975 0.000000 0.000004 -0.316694 0.030003 0.859022
time 9
  0 0.000000 0.000000 0.000000 0.000000 -0.000000 -1.570796
  1 0.000000 0.000000 0.000000 0.000000 -0.000000 0.000000
  2 -0.394543 -2.951586 28.070662 -1.576261 -0.066579 1.600802
  3 4.222169 -0.467508 0.000000 0.005314 -0.000075 -0.254388
  4 4.476987 -0.000002 -0.000000 0.029852 -0.014509 -0.065447
  5 4.477083 0.000000 0.000002 0.014731 0.033861 0.117173
  6 4.477077 -0.000004 -0.000002 -0.013152 -0.008209 0.111485
  7 5.413502 -7.700466 -0.000000 0.005516 -0.003211 -0.029967
  8 6.890240 0.000002 -0.000000 0.003296 -0.003542 -0.082544
  9 8.011925 0.000004 0.000005 0.004086 0.039028 -0.012200
 10 7.210720 -0.000002 -0.000000 -0.000851 -0.013842 -0.055539
 11 8.581028 -0.304903 -0.000000 -0.003900 0.029855 0.580652
 12 22.523008 2.194031 6.355708 0.000000 -0.000000 0.000000
 13 22.523005 2.194038 -6.355709 0.000000 -0.000000 0.000000
 14 -3.006533 7.804720 -11.355459 -0.374479 0.690473 1.236854
 15 10.384675 0.000008 0.000005 0.020117 0.166537 -1.725632
 16 22.550743 -0.000006 -0.000004 0.101260 -0.143326 1.817181
 17 30.814247 -0.000015 -0.000004 3.011829 -0.498238 0.396543
 18 -3.013796 7.815494 11.355459 0.247193 -0.456177 1.250719
 19 10.374533 -0.000002 0.000007 -0.011960 -0.190472 -1.712463
 20 22.550726 -0.000027 -0.000013 -0.079334 0.161387 1.799649
 21 30.814270 -0.000023 0.000002 -2.947740 0.285706 0.425697
 22 -4.250660 -0.770624 0.000001 -0.000252 0.028035 3.080503
 23 10.363422 0.000000 0.000000 -0.003260 -0.016439 -0.331911
 24 10.363076 0.000000 -0.000000 -0.002073 -0.054701 0.182733
 25 10.363081 -0.000004 -0.000002 0.014580 -0.143846 0.457967
 26 8.210358 -0.000006 -7.703991 0.000000 0.000000 -0.000000
 27 8.210346 -0.000002 7.704017 0.000000 0.000000 -0.000000
 28 1.854841 1.227791 -13.762345 2.721092 0.179471 2.303459
 29 10.456543 -0.000004 0.000004 0.094027 0.072386 -0.870271
 30 24.248093 0.000001 0.000007 0.019455 0.023955 0.659974
 31 26.336971 0.000019 0.000002 0.326928 -0.022857 0.878587
 32 1.854847 1.227798 13.762341 -2.684960 -0.199415 2.246654
 33 10.456542 -0.000008 0.000004 -0.085177 -0.078582 -0.982365
 34 24.248116 0.000002 -0.000004 -0.021416 -0.026391 0.743597
 35 26.336975 0.000000 0.000004 -0.313606 0.024636 0.856875
time 10
  0 0.000000 0.000000 0.000000 0.000000 -0.000000 -1.570796
  1 0.000000 0.000000 0.000000 0.000000 -0.000000 0.000000
  2 -0.425794 -2.951586 28.070662 -1.577123 -0.079184 1.605308
  3 4.222169 -0.467508 0.000000 0.007879 -0.000557 -0.290821
  4 4.476987 -0.000002 -0.000000 0.032189 -0.014509 -0.107245
  5 4.477083 0.000000 0.000002 0.017943 0.035283 0.138932
  6 4.477077 -0.000004 -0.000002 -0.014123 -0.006724 0.143161
  7 5.413502 -7.700466 -0.000000 0.006832 -0.006032 -0.064131
  8 6.890240 0.000002 -0.000000 0.004135 -0.001425 -0.055875
  9 8.011925 0.000004 0.000005 0.005055 0.039907 0.014328
 10 7.210720 -0.000002 -0.000000 -0.000522 -0.014724 -0.011585
 11 8.581028 -0.304903 -0.000000 -0.004129 0.031153 0.579845
 12 22.523008 2.194031 6.355708 0.000000 -0.000031 0.000000
 13 22.523005 2.194038 -6.355709 0.000000 -0.000000 0.000000
 14 -3.006533 7.804720 -11.355459 -0.404376 0.739512 1.282041
 15 10.384675 0.000008 0.000005 0.021611 0.161679 -1.712580
 16 22.550743 -0.000006 -0.000004 0.099469 -0.170733 1.797326
 17 30.814247 -0.000015 -0.000004 3.060488 -0.538708 0.362164
 18 -3.013796 7.815494 11.355459 0.276824 -0.479681 1.301791
 19 10.374533 -0.000002 0.000007 -0.014657 -0.192532 -1.695763
 20 22.550726 -0.000027 -0.000013 -0.061808 0.195506 1.780355
 21 30.814270 -0.000023 0.000002 -2.990608 0.302466 0.406648
 22 -4.250660 -0.770624 0.000001 -0.000228 0.033251 3.105084
 23 10.363422 0.000000 0.000000 -0.005081 -0.017206 -0.331999
 24 10.363076 0.000000 -0.000000 -0.003044 -0.060957 0.182579
 25 10.363081 -0.000004 -0.000002 0.017880 -0.160931 0.457215
 26 8.210358 -0.000006 -7.703991 0.000000 0.000000 -0.000000
 27 8.210346 -0.000002 7.704017 0.000000 0.000000 -0.000000
 28 1.854841 1.227791 -13.762345 2.730018 0.179421 2.326875
 29 10.456543 -0.000004 0.000004 0.095023 0.071604 -0.856811
 30 24.248093 0.000001 0.000007 0.019233 0.023612 0.649673
 31 26.336971 0.000019 0.000002 0.325144 -0.018599 0.882231
 32 1.854847 1.227798 13.762341 -2.685635 -0.203218 2.254883
 33 10.456542 -0.000008 0.000004 -0.084702 -0.078861 -0.987922
 34 24.248116 0.000002 -0.000004 -0.021546 -0.026523 0.747710
 35 26.336975 0.000000 0.000004 -0.310475 0.019021 0.854614
time 11
  0 0.000000 0.000000 0.000000 0.000000 -0.000000 -1.570796
  1 0.000000 0.000000 0.000000 0.000000 -0.000000 0.000000
  2 -0.457045 -2.951586 28.070662 -1.577986 -0.092148 1.609813
  3 4.222169 -0.467508 0.000000 0.010827 -0.001298 -0.318314
  4 4.476987 -0.000002 -0.000000 0.034359 -0.014488 -0.142028
  5 4.477083 0.000000 0.000002 0.020975 0.036575 0.151589
  6 4.477077 -0.000004 -0.000002 -0.014854 -0.005634 0.166395
  7 5.413502 -7.700466 -0.000000 0.008174 -0.008682 -0.098576
  8 6.890240 0.000002 -0.000000 0.005105 0.000523 -0.029787
  9 8.011925 0.000004 0.000005 0.006090 0.040658 0.040492
 10 7.210720 -0.000002 -0.000000 -0.000165 -0.016066 0.032529
 11 8.581028 -0.304903 -0.000000 -0.004359 0.032450 0.579039
 12 22.523008 2.194031 6.355708 0.000000 -0.000031 0.000000
 13 22.523005 2.194038 -6.355709 0.000000 -0.000000 0.000000
 14 -3.006533 7.804720 -11.355459 -0.376432 0.764985 1.342061
 15 10.384675 0.000008 0.000005 0.022919 0.156693 -1.699750
 16 22.550743 -0.000006 -0.000004 0.098221 -0.197737 1.777774
 17 30.814247 -0.000015 -0.000004 3.049917 -0.510464 0.358296
 18 -3.013796 7.815494 11.355459 0.250248 -0.492984 1.288624
 19 10.374533 -0.000002 0.000007 -0.019510 -0.209841 -1.715420
 20 22.550726 -0.000027 -0.000013 -0.037213 0.230606 1.779735
 21 30.814270 -0.000023 0.000002 -2.988538 0.265227 0.463044
 22 -4.250660 -0.770624 0.000001 -0.000144 0.038595 3.129487
 23 10.363422 0.000000 0.000000 -0.007574 -0.016151 -0.332153
 24 10.363076 0.000000 -0.000000 -0.004314 -0.065056 0.182346
 25 10.363081 -0.000004 -0.000002 0.022546 -0.173194 0.456276
 26 8.210358 -0.000006 -7.703991 0.000000 0.000000 -0.000000
 27 8.210346 -0.000002 7.704017 0.000000 0.000000 -0.000000
 28 1.854841 1.227791 -13.762345 2.739165 0.179101 2.350656
 29 10.456543 -0.000004 0.000004 0.096001 0.070785 -0.843178
 30 24.248093 0.000001 0.000007 0.019010 0.023269 0.639254
 31 26.336971 0.000019 0.000002 0.323317 -0.014290 0.885876
 32 1.854847 1.227798 13.762341 -2.686310 -0.207022 2.263154
 33 10.456542 -0.000008 0.000004 -0.084262 -0.079139 -0.993440
 34 24.248116 0.000002 -0.000004 -0.021662 -0.026654 0.751873
 35 26.336975 0.000000 0.000004 -0.307302 0.013220 0.852410
time 12
  0 0.000000 0.000000 0.000000 0.000000 -0.000000 -1.570796
  1 0.000000 0.000000 0.000000 0.000000 -0.000000 0.000000
  2 -0.480483 -2.951586 28.070662 -1.578849 -0.105391 1.614511
  3 4.222169 -0.467508 0.000000 0.013715 -0.002132 -0.337956
  4 4.476987 -0.000002 -0.000000 0.036192 -0.014466 -0.169908
  5 4.477083 0.000000 0.000002 0.023539 0.037657 0.153160
  6 4.477077 -0.000004 -0.000002 -0.014686 -0.003755 0.182685
  7 5.413502 -7.700466 -0.000000 0.009490 -0.011163 -0.133144
  8 6.890240 0.000002 -0.000000 0.006172 0.002313 -0.004491
  9 8.011925 0.000004 0.000005 0.007164 0.041249 0.066241
 10 7.210720 -0.000002 -0.000000 0.000110 -0.017849 0.076751
 11 8.581028 -0.304903 -0.000000 -0.004543 0.033713 0.578233
 12 22.523008 2.194031 6.355708 0.000000 -0.000061 0.000000
 13 22.523005 2.194038 -6.355709 0.000000 -0.000000 0.000000
 14 -3.006533 7.804720 -11.355459 -0.295368 0.768165 1.417876
 15 10.384675 0.000008 0.000005 0.024039 0.151601 -1.687199
 16 22.550743 -0.000006 -0.000004 0.097486 -0.224225 1.758585
 17 30.814247 -0.000015 -0.000004 3.014231 -0.455542 0.367571
 18 -3.013796 7.815494 11.355459 0.228661 -0.493544 1.268845
 19 10.374533 -0.000002 0.000007 -0.024566 -0.226518 -1.730033
 20 22.550726 -0.000027 -0.000013 -0.007165 0.265903 1.788296
 21 30.814270 -0.000023 0.000002 -2.994151 0.215901 0.533804
 22 -4.250660 -0.770624 0.000001 -0.000000 0.043987 -3.129604
 23 10.363422 0.000000 0.000000 -0.010834 -0.012795 -0.332417
 24 10.363076 0.000000 -0.000000 -0.005956 -0.066134 0.182011
 25 10.363081 -0.000004 -0.000002 0.029034 -0.178833 0.455068
 26 8.210358 -0.000006 -7.703991 0.000000 0.000000 -0.000000
 27 8.210346 -0.000002 7.704017 0.000000 0.000000 -0.000000
 28 1.854841 1.227791 -13.762345 2.748311 0.178484 2.374376
 29 10.456543 -0.000004 0.000004 0.096979 0.069949 -0.829631
 30 24.248093 0.000001 0.000007 0.018788 0.022926 0.628953
 31 26.336971 0.000019 0.000002 0.321446 -0.009980 0.889466
 32 1.854847 1.227798 13.762341 -2.687053 -0.210852 2.271426
 33 10.456542 -0.000008 0.000004 -0.083821 -0.079417 -0.998878
 34 24.248116 0.000002 -0.000004 -0.021792 -0.026774 0.755935
 35 26.336975 0.000000 0.000004 -0.304129 0.007388 0.850149
time 13
  0 0.000000 0.000000 0.000000 0.000000 -0.000000 -1.570796
  1 0.000000 0.000000 0.000000 0.000000 -0.000000 0.000000
  2 -0.503922 -2.951586 28.070662 -1.579808 -0.118794 1.619304
  3 4.222169 -0.467508 0.000000 0.015968 -0.002744 -0.351664
  4 4.476987 -0.000002 -0.000000 0.037510 -0.014466 -0.191595
  5 4.477083 0.000000 0.000002 0.022437 0.037689 0.157221
  6 4.477077 -0.000004 -0.000002 -0.013056 -0.000128 0.193461
  7 5.413502 -7.700466 -0.000000 0.010726 -0.013440 -0.167589
  8 6.890240 0.000002 -0.000000 0.007347 0.003856 0.019734
  9 8.011925 0.000004 0.000005 0.008277 0.041648 0.091341
 10 7.210720 -0.000002 -0.000000 0.000302 -0.020091 0.120731
 11 8.581028 -0.304903 -0.000000 -0.004726 0.034943 0.577462
 12 22.523008 2.194031 6.355708 0.000000 -0.000092 0.000000
 13 22.523005 2.194038 -6.355709 0.000000 -0.000000 0.000000
 14 -3.006533 7.804720 -11.355459 -0.131450 0.735060 1.514431
 15 10.384675 0.000008 0.000005 0.024973 0.146445 -1.675035
 16 22.550743 -0.000006 -0.000004 0.097214 -0.249967 1.739941
 17 30.814247 -0.000015 -0.000004 2.932944 -0.347173 0.391135
 18 -3.013796 7.815494 11.355459 0.224639 -0.453412 1.234758
 19 10.374533 -0.000002 0.000007 -0.043239 -0.214525 -1.587679
 20 22.550726 -0.000027 -0.000013 -0.007798 0.306951 1.638414
 21 30.814270 -0.000023 0.000002 -3.012288 0.159945 0.609557
 22 -4.250660 -0.770624 0.000001 0.000216 0.049379 -3.106097
 23 10.363422 0.000000 0.000000 -0.014957 -0.006623 -0.332813
 24 10.363076 0.000000 -0.000000 -0.008185 -0.057493 0.181495
 25 10.363081 -0.000004 -0.000002 0.036754 -0.179233 0.453645
 26 8.210358 -0.000006 -7.703991 0.000000 0.000000 -0.000000
 27 8.210346 -0.000002 7.704017 0.000000 0.000000 -0.000000
 28 1.854841 1.227791 -13.762345 2.757194 0.177645 2.397366
 29 10.456543 -0.000004 0.000004 0.097905 0.069130 -0.816475
 30 24.248093 0.000001 0.000007 0.018603 0.022603 0.618948
 31 26.336971 0.000019 0.000002 0.319619 -0.005828 0.892890
 32 1.854847 1.227798 13.762341 -2.687796 -0.214601 2.279611
 33 10.456542 -0.000008 0.000004 -0.083380 -0.079695 -1.004081
 34 24.248116 0.000002 -0.000004 -0.021895 -0.026882 0.759794
 35 26.336975 0.000000 0.000004 -0.301084 0.001680 0.848058
time 14
  0 0.000000 0.000000 0.000000 0.000000 -0.000000 -1.570796
  1 0.000000 0.000000 0.000000 0.000000 -0.000000 0.000000
  2 -0.523453 -2.951586 28.070662 -1.580862 -0.132476 1.624193
  3 4.222169 -0.467508 0.000000 0.017071 -0.002929 -0.361463
  4 4.476987 -0.000002 -0.000000 0.038134 -0.014531 -0.208154
  5 4.477083 0.000000 0.000002 0.023827 0.038093 0.158763
  6 4.477077 -0.000004 -0.000002 -0.011223 0.003274 0.200547
  7 5.413502 -7.700466 -0.000000 0.011856 -0.015547 -0.202127
  8 6.890240 0.000002 -0.000000 0.008617 0.005176 0.043005
  9 8.011925 0.000004 0.000005 0.009443 0.041856 0.116052
 10 7.210720 -0.000002 -0.000000 0.000329 -0.022775 0.164846
 11 8.581028 -0.304903 -0.000000 -0.004933 0.036155 0.576691
 12 22.523008 2.194031 6.355708 0.000000 -0.000092 0.000000
 13 22.523005 2.194038 -6.355709 0.000000 -0.000000 0.000000
 14 -3.006533 7.804720 -11.355459 0.022756 0.691004 1.599723
 15 10.384675 0.000008 0.000005 0.025683 0.141205 -1.663150
 16 22.550743 -0.000006 -0.000004 0.097374 -0.275135 1.721660
 17 30.814247 -0.000015 -0.000004 2.856942 -0.237926 0.404995
 18 -3.013796 7.815494 11.355459 0.230596 -0.379388 1.203066
 19 10.374533 -0.000002 0.000007 -0.057799 -0.191568 -1.406243
 20 22.550726 -0.000027 -0.000013 -0.025958 0.343858 1.447154
 21 30.814270 -0.000023 0.000002 -3.053648 0.096648 0.675631
 22 -4.250660 -0.770624 0.000001 0.000539 0.054771 -3.083026
 23 10.363422 0.000000 0.000000 -0.020230 0.005433 -0.333363
 24 10.363076 0.000000 -0.000000 -0.011122 -0.034075 0.180720
 25 10.363081 -0.000004 -0.000002 0.052981 -0.134972 0.450772
 26 8.210358 -0.000006 -7.703991 0.000000 0.000000 -0.000000
 27 8.210346 -0.000002 7.704017 0.000000 0.000000 -0.000000
 28 1.854841 1.227791 -13.762345 2.765813 0.176584 2.419504
 29 10.456543 -0.000004 0.000004 0.098796 0.068329 -0.803796
 30 24.248093 0.000001 0.000007 0.018417 0.022281 0.609416
 31 26.336971 0.000019 0.000002 0.317792 -0.001781 0.896038
 32 1.854847 1.227798 13.762341 -2.688606 -0.218322 2.287754
 33 10.456542 -0.000008 0.000004 -0.082973 -0.079946 -1.009086
 34 24.248116 0.000002 -0.000004 -0.022012 -0.027002 0.763551
 35 26.336975 0.000000 0.000004 -0.298125 -0.003811 0.845967
time 15
  0 0.000000 0.000000 0.000000 0.000000 -0.000000 -1.570796
  1 0.000000 0.000000 0.000000 0.000000 -0.000000 0.000000
  2 -0.542985 -2.951586 28.070662 -1.581917 -0.146358 1.629178
  3 4.222169 -0.467508 0.000000 0.016424 -0.002410 -0.369222
  4 4.476987 -0.000002 -0.000000 0.037882 -0.014616 -0.220207
  5 4.477083 0.000000 0.000002 0.025613 0.038465 0.157918
  6 4.477077 -0.000004 -0.000002 -0.011139 0.003480 0.205016
  7 5.413502 -7.700466 -0.000000 0.012866 -0.017501 -0.236291
  8 6.890240 0.000002 -0.000000 0.009983 0.006208 0.065043
  9 8.011925 0.000004 0.000005 0.010648 0.041744 0.139672
 10 7.210720 -0.000002 -0.000000 0.000137 -0.025847 0.208397
 11 8.581028 -0.304903 -0.000000 -0.005163 0.037333 0.575920
 12 22.523008 2.194031 6.355708 0.000000 -0.000122 0.000000
 13 22.523005 2.194038 -6.355709 0.000000 -0.000000 0.000000
 14 -3.006533 7.804720 -11.355459 0.157320 0.641718 1.669083
 15 10.384675 0.000008 0.000005 0.026206 0.135922 -1.651764
 16 22.550743 -0.000006 -0.000004 0.097997 -0.298007 1.704952
 17 30.814247 -0.000015 -0.000004 2.787187 -0.133349 0.410438
 18 -3.013796 7.815494 11.355459 0.240116 -0.287950 1.195827
 19 10.374533 -0.000002 0.000007 -0.063664 -0.172499 -1.272703
 20 22.550726 -0.000027 -0.000013 -0.045813 0.365786 1.293674
 21 30.814270 -0.000023 0.000002 -3.118897 0.027797 0.712811
 22 -4.250660 -0.770624 0.000001 0.000935 0.060098 -3.060750
 23 10.363422 0.000000 0.000000 -0.026594 0.024908 -0.334089
 24 10.363076 0.000000 -0.000000 -0.014549 -0.000279 0.179688
 25 10.363081 -0.000004 -0.000002 0.069762 -0.088168 0.448678
 26 8.210358 -0.000006 -7.703991 0.000000 0.000000 -0.000000
 27 8.210346 -0.000002 7.704017 0.000000 0.000000 -0.000000
 28 1.854841 1.227791 -13.762345 2.773860 0.175400 2.440062
 29 10.456543 -0.000004 0.000004 0.099617 0.067564 -0.791943
 30 24.248093 0.000001 0.000007 0.018232 0.021998 0.600536
 31 26.336971 0.000019 0.000002 0.316139 0.001977 0.898910
 32 1.854847 1.227798 13.762341 -2.689417 -0.221934 2.295767
 33 10.456542 -0.000008 0.000004 -0.082600 -0.080169 -1.013697
 34 24.248116 0.000002 -0.000004 -0.022116 -0.027098 0.767003
 35 26.336975 0.000000 0.000004 -0.295338 -0.009023 0.844102
time 16
  0 0.000000 0.000000 0.000000 0.000000 -0.000000 -1.570796
  1 0.000000 0.000000 0.000000 0.000000 -0.000000 0.000000
  2 -0.558611 -2.951586 28.070662 -1.583067 -0.160359 1.634259
  3 4.222169 -0.467508 0.000000 0.013739 -0.001039 -0.376275
  4 4.476987 -0.000002 -0.000000 0.036576 -0.014788 -0.228531
  5 4.477083 0.000000 0.000002 0.025517 0.038384 0.155443
  6 4.477077 -0.000004 -0.000002 -0.012433 0.001169 0.207243
  7 5.413502 -7.700466 -0.000000 0.013956 -0.019217 -0.268651
  8 6.890240 0.000002 -0.000000 0.011421 0.007019 0.086034
  9 8.011925 0.000004 0.000005 0.011918 0.041217 0.161813
 10 7.210720 -0.000002 -0.000000 -0.000027 -0.029042 0.249722
 11 8.581028 -0.304903 -0.000000 -0.005438 0.038477 0.575149
 12 22.523008 2.194031 6.355708 0.000000 -0.000153 0.000000
 13 22.523005 2.194038 -6.355709 0.000000 -0.000000 0.000000
 14 -3.006533 7.804720 -11.355459 0.268282 0.592467 1.722374
 15 10.384675 0.000008 0.000005 0.026467 0.130596 -1.640823
 16 22.550743 -0.000006 -0.000004 0.099293 -0.316948 1.689396
 17 30.814247 -0.000015 -0.000004 2.724813 -0.039243 0.410116
 18 -3.013796 7.815494 11.355459 0.253150 -0.190983 1.211958
 19 10.374533 -0.000002 0.000007 -0.066765 -0.153230 -1.142989
 20 22.550726 -0.000027 -0.000013 -0.068651 0.378173 1.155703
 21 30.814270 -0.000023 0.000002 3.093741 -0.040540 0.723855
 22 -4.250660 -0.770624 0.000001 0.001414 0.065314 -3.039343
 23 10.363422 0.000000 0.000000 -0.033509 0.049033 -0.335036
 24 10.363076 0.000000 -0.000000 -0.018241 0.039750 0.178423
 25 10.363081 -0.000004 -0.000002 0.086186 -0.041981 0.447175
 26 8.210358 -0.000006 -7.703991 0.000000 0.000000 -0.000000
 27 8.210346 -0.000002 7.704017 0.000000 0.000000 -0.000000
 28 1.854841 1.227791 -13.762345 2.781204 0.174142 2.458612
 29 10.456543 -0.000004 0.000004 0.100351 0.066870 -0.781175
 30 24.248093 0.000001 0.000007 0.018084 0.021736 0.592544
 31 26.336971 0.000019 0.000002 0.314573 0.005446 0.901340
 32 1.854847 1.227798 13.762341 -2.690261 -0.225409 2.303607
 33 10.456542 -0.000008 0.000004 -0.082261 -0.080391 -1.017953
 34 24.248116 0.000002 -0.000004 -0.022206 -0.027182 0.770151
 35 26.336975 0.000000 0.000004 -0.292808 -0.013769 0.842407
time 17
  0 0.000000 0.000000 0.000000 0.000000 -0.000000 -1.570796
  1 0.000000 0.000000 0.000000 0.000000 -0.000000 0.000000
  2 -0.570330 -2.951586 28.070662 -1.584313 -0.174480 1.639436
  3 4.222169 -0.467508 0.000000 0.012996 -0.000760 -0.376060
  4 4.476987 -0.000002 -0.000000 0.034095 -0.015045 -0.233859
  5 4.477083 0.000000 0.000002 0.021310 0.037366 0.152093
  6 4.477077 -0.000004 -0.000002 -0.014794 -0.003003 0.207726
  7 5.413502 -7.700466 -0.000000 0.015378 -0.020678 -0.297588
  8 6.890240 0.000002 -0.000000 0.012943 0.007633 0.106141
  9 8.011925 0.000004 0.000005 0.013254 0.040354 0.182812
 10 7.210720 -0.000002 -0.000000 0.000082 -0.032132 0.286677
 11 8.581028 -0.304903 -0.000000 -0.005783 0.039586 0.574413
 12 22.523008 2.194031 6.355708 0.000000 -0.000214 0.000000
 13 22.523005 2.194038 -6.355709 0.000000 -0.000000 0.000000
 14 -3.006533 7.804720 -11.355459 0.352004 0.545902 1.761243
 15 10.384675 0.000008 0.000005 0.026542 0.125271 -1.630548
 16 22.550743 -0.000006 -0.000004 0.101612 -0.332244 1.672628
 17 30.814247 -0.000015 -0.000004 2.670214 0.042481 0.406069
 18 -3.013796 7.815494 11.355459 0.269646 -0.096743 1.242454
 19 10.374533 -0.000002 0.000007 -0.067304 -0.134592 -1.018495
 20 22.550726 -0.000027 -0.000013 -0.091223 0.382040 1.036716
 21 30.814270 -0.000023 0.000002 3.028071 -0.105206 0.725892
 22 -4.250660 -0.770624 0.000001 0.001965 0.070369 -3.018960
 23 10.363422 0.000000 0.000000 -0.040496 0.075147 -0.336136
 24 10.363076 0.000000 -0.000000 -0.021992 0.081792 0.177030
 25 10.363081 -0.000004 -0.000002 0.101748 0.002573 0.445886
 26 8.210358 -0.000006 -7.703991 0.000000 0.000000 -0.000000
 27 8.210346 -0.000002 7.704017 0.000000 0.000000 -0.000000
 28 1.854841 1.227791 -13.762345 2.787624 0.172908 2.474729
 29 10.456543 -0.000004 0.000004 0.100980 0.066247 -0.771710
 30 24.248093 0.000001 0.000007 0.017972 0.021514 0.585677
 31 26.336971 0.000019 0.000002 0.313181 0.008494 0.903273
 32 1.854847 1.227798 13.762341 -2.691138 -0.228747 2.311190
 33 10.456542 -0.000008 0.000004 -0.081955 -0.080586 -1.021697
 34 24.248116 0.000002 -0.000004 -0.022284 -0.027254 0.772944
 35 26.336975 0.000000 0.000004 -0.290535 -0.017957 0.840994
time 18
  0 0.000000 0.000000 0.000000 0.000000 -0.000000 -1.570796
  1 0.000000 0.000000 0.000000 0.000000 -0.000000 0.000000
  2 -0.582049 -2.951586 28.070662 -1.585655 -0.188721 1.644804
  3 4.222169 -0.467508 0.000000 0.012613 -0.000668 -0.375324
  4 4.476987 -0.000002 -0.000000 0.029097 -0.015366 -0.236833
  5 4.477083 0.000000 0.000002 0.010752 0.034976 0.148625
  6 4.477077 -0.000004 -0.000002 -0.017874 -0.008490 0.206870
  7 5.413502 -7.700466 -0.000000 0.017372 -0.021834 -0.321516
  8 6.890240 0.000002 -0.000000 0.014549 0.008129 0.125595
  9 8.011925 0.000004 0.000005 0.014642 0.039172 0.202980
 10 7.210720 -0.000002 -0.000000 0.000878 -0.034851 0.317222
 11 8.581028 -0.304903 -0.000000 -0.006196 0.040645 0.573712
 12 22.523008 2.194031 6.355708 0.000000 -0.000244 0.000000
 13 22.523005 2.194038 -6.355709 0.000000 -0.000000 0.000000
 14 -3.006533 7.804720 -11.355459 0.391234 0.501174 1.780128
 15 10.384675 0.000008 0.000005 0.026504 0.120009 -1.618607
 16 22.550743 -0.000006 -0.000004 0.105482 -0.343953 1.651865
 17 30.814247 -0.000015 -0.000004 2.652961 0.074989 0.402273
 18 -3.013796 7.815494 11.355459 0.273261 -0.071109 1.284577
 19 10.374533 -0.000002 0.000007 -0.067708 -0.129974 -0.979413
 20 22.550726 -0.000027 -0.000013 -0.100660 0.385005 0.977036
 21 30.814270 -0.000023 0.000002 3.010390 -0.147853 0.703300
 22 -4.250660 -0.770624 0.000001 0.002589 0.075215 -2.999782
 23 10.363422 0.000000 0.000000 -0.047052 0.100579 -0.337324
 24 10.363076 0.000000 -0.000000 -0.025563 0.121640 0.175584
 25 10.363081 -0.000004 -0.000002 0.115870 0.044431 0.444382
 26 8.210358 -0.000006 -7.703991 0.000000 0.000000 -0.000000
 27 8.210346 -0.000002 7.704017 0.000000 0.000000 -0.000000
 28 1.854841 1.227791 -13.762345 2.793032 0.171748 2.487867
 29 10.456543 -0.000004 0.000004 0.101504 0.065731 -0.763807
 30 24.248093 0.000001 0.000007 0.017861 0.021332 0.580052
 31 26.336971 0.000019 0.000002 0.312006 0.011095 0.904653
 32 1.854847 1.227798 13.762341 -2.692050 -0.231921 2.318514
 33 10.456542 -0.000008 0.000004 -0.081684 -0.080753 -1.024850
 34 24.248116 0.000002 -0.000004 -0.022349 -0.027314 0.775330
 35 26.336975 0.000000 0.000004 -0.288605 -0.021462 0.839807
time 19
  0 0.000000 0.000000 0.000000 0.000000 -0.000000 -1.570796
  1 0.000000 0.000000 0.000000 0.000000 -0.000000 0.000000
  2 -0.589862 -2.951586 28.070662 -1.586805 -0.202164 1.649406
  3 4.222169 -0.467508 0.000000 0.012373 -0.000631 -0.374573
  4 4.476987 -0.000002 -0.000000 0.005248 -0.016373 -0.235968
  5 4.477083 0.000000 0.000002 -0.008483 0.030727 0.145853
  6 4.477077 -0.000004 -0.000002 -0.021338 -0.014654 0.205157
  7 5.413502 -7.700466 -0.000000 0.020203 -0.022581 -0.338816
  8 6.890240 0.000002 -0.000000 0.016239 0.008535 0.144678
  9 8.011925 0.000004 0.000005 0.016083 0.037750 0.222733
 10 7.210720 -0.000002 -0.000000 0.002690 -0.036952 0.339292
 11 8.581028 -0.304903 -0.000000 -0.006724 0.041669 0.572976
 12 22.523008 2.194031 6.355708 0.000000 -0.000306 0.000000
 13 22.523005 2.194038 -6.355709 0.000000 -0.000000 0.000000
 14 -3.006533 7.804720 -11.355459 0.367848 0.450298 1.770308
 15 10.384675 0.000008 0.000005 0.028671 0.115257 -1.573676
 16 22.550743 -0.000006 -0.000004 0.113414 -0.349290 1.618512
 17 30.814247 -0.000015 -0.000004 2.659338 0.084612 0.403705
 18 -3.013796 7.815494 11.355459 0.269289 -0.089008 1.334338
 19 10.374533 -0.000002 0.000007 -0.071618 -0.138279 -1.013566
 20 22.550726 -0.000027 -0.000013 -0.084461 0.400238 1.014321
 21 30.814270 -0.000023 0.000002 3.004006 -0.192897 0.671141
 22 -4.250660 -0.770624 0.000001 0.003248 0.079965 -2.982190
 23 10.363422 0.000000 0.000000 -0.052636 0.122654 -0.338469
 24 10.363076 0.000000 -0.000000 -0.028655 0.155065 0.174268
 25 10.363081 -0.000004 -0.000002 0.128292 0.083254 0.442369
 26 8.210358 -0.000006 -7.703991 0.000000 0.000000 -0.000000
 27 8.210346 -0.000002 7.704017 0.000000 0.000000 -0.000000
 28 1.854841 1.227791 -13.762345 2.797122 0.170786 2.497598
 29 10.456543 -0.000004 0.000004 0.101889 0.065322 -0.757685
 30 24.248093 0.000001 0.000007 0.017824 0.021231 0.575967
 31 26.336971 0.000019 0.000002 0.311092 0.013119 0.905371
 32 1.854847 1.227798 13.762341 -2.692962 -0.234876 2.325536
 33 10.456542 -0.000008 0.000004 -0.081481 -0.080864 -1.027372
 34 24.248116 0.000002 -0.000004 -0.022401 -0.027362 0.777209
 35 26.336975 0.000000 0.000004 -0.287061 -0.024130 0.839015
time 20
  0 0.000000 0.000000 0.000000 0.000000 -0.000000 -1.570796
  1 0.000000 0.000000 0.000000 0.000000 -0.000000 0.000000
  2 -0.593768 -2.951586 28.070662 -1.585559 -0.204238 1.643270
  3 4.222169 -0.467508 0.000000 0.012265 -0.000649 -0.373776
  4 4.476987 -0.000002 -0.000000 -0.027997 -0.017615 -0.232860
  5 4.477083 0.000000 0.000002 -0.037486 0.024411 0.144579
  6 4.477077 -0.000004 -0.000002 -0.024873 -0.020931 0.202992
  7 5.413502 -7.700466 -0.000000 0.024018 -0.022938 -0.348088
  8 6.890240 0.000002 -0.000000 0.018253 0.008901 0.162294
  9 8.011925 0.000004 0.000005 0.017838 0.036232 0.240981
 10 7.210720 -0.000002 -0.000000 0.005792 -0.038241 0.351119
 11 8.581028 -0.304903 -0.000000 -0.007344 0.042659 0.572310
 12 22.523008 2.194031 6.355708 0.000000 -0.000336 0.000000
 13 22.523005 2.194038 -6.355709 0.000000 -0.000000 0.000000
 14 -3.006533 7.804720 -11.355459 0.283637 0.386562 1.726700
 15 10.384675 0.000008 0.000005 0.033190 0.112966 -1.532521
 16 22.550743 -0.000006 -0.000004 0.123250 -0.346019 1.579287
 17 30.814247 -0.000015 -0.000004 2.715771 0.055428 0.447181
 18 -3.013796 7.815494 11.355459 0.247193 -0.179324 1.408610
 19 10.374533 -0.000002 0.000007 -0.081393 -0.166851 -1.137481
 20 22.550726 -0.000027 -0.000013 -0.039419 0.423698 1.151919
 21 30.814270 -0.000023 0.000002 3.011723 -0.240804 0.620797
 22 -4.250660 -0.770624 0.000001 0.003751 0.085710 -2.970642
 23 10.363422 0.000000 0.000000 -0.056711 0.138738 -0.339327
 24 10.363076 0.000000 -0.000000 -0.031004 0.177896 0.173313
 25 10.363081 -0.000004 -0.000002 0.139127 0.117656 0.440382
 26 8.210358 -0.000006 -7.703991 0.000000 0.000000 -0.000000
 27 8.210346 -0.000002 7.704017 0.000000 0.000000 -0.000000
 28 1.854841 1.227791 -13.762345 2.799892 0.170095 2.503558
 29 10.456543 -0.000004 0.000004 0.102151 0.065055 -0.753604
 30 24.248093 0.000001 0.000007 0.017787 0.021171 0.573540
 31 26.336971 0.000019 0.000002 0.310396 0.014512 0.905316
 32 1.854847 1.227798 13.762341 -2.693907 -0.237585 2.332127
 33 10.456542 -0.000008 0.000004 -0.081345 -0.080976 -1.029185
 34 24.248116 0.000002 -0.000004 -0.022440 -0.027386 0.778630
 35 26.336975 0.000000 0.000004 -0.285989 -0.025836 0.838620
time 21
  0 0.000000 0.000000 0.000000 0.000000 -0.000000 -1.570796
  1 0.000000 0.000000 0.000000 0.000000 -0.000000 0.000000
  2 -0.597674 -2.951586 28.070662 -1.583930 -0.205355 1.635505
  3 4.222169 -0.467508 0.000000 0.012277 -0.000723 -0.372932
  4 4.476987 -0.000002 -0.000000 -0.042619 -0.018215 -0.231528
  5 4.477083 0.000000 0.000002 -0.061168 0.019291 0.144297
  6 4.477077 -0.000004 -0.000002 -0.028157 -0.026700 0.200827
  7 5.413502 -7.700466 -0.000000 0.027859 -0.023057 -0.351728
  8 6.890240 0.000002 -0.000000 0.022915 0.008992 0.163947
  9 8.011925 0.000004 0.000005 0.022513 0.036137 0.242642
 10 7.210720 -0.000002 -0.000000 0.009196 -0.038859 0.355731
 11 8.581028 -0.304903 -0.000000 -0.008102 0.043581 0.571609
 12 22.523008 2.194031 6.355708 0.000000 -0.000397 0.000000
 13 22.523005 2.194038 -6.355709 0.000000 -0.000000 0.000000
 14 -3.006533 7.804720 -11.355459 0.193132 0.402532 1.632686
 15 10.384675 0.000008 0.000005 0.060046 0.142244 -1.550516
 16 22.550743 -0.000006 -0.000004 0.117413 -0.317809 1.603318
 17 30.814247 -0.000015 -0.000004 2.768099 0.024738 0.518733
 18 -3.013796 7.815494 11.355459 0.235483 -0.235823 1.485446
 19 10.374533 -0.000002 0.000007 -0.088201 -0.198445 -1.268702
 20 22.550726 -0.000027 -0.000013 0.011138 0.441326 1.298947
 21 30.814270 -0.000023 0.000002 3.011197 -0.255655 0.547638
 22 -4.250660 -0.770624 0.000001 0.003859 0.084908 -2.967979
 23 10.363422 0.000000 0.000000 -0.058916 0.146935 -0.339767
 24 10.363076 0.000000 -0.000000 -0.032370 0.187040 0.172900
 25 10.363081 -0.000004 -0.000002 0.140776 0.116069 0.436946
 26 8.210358 -0.000006 -7.703991 0.000000 0.000000 -0.000000
 27 8.210346 -0.000002 7.704017 0.000000 0.000000 -0.000000
 28 1.854841 1.227791 -13.762345 2.800948 0.169873 2.505079
 29 10.456543 -0.000004 0.000004 0.102221 0.064966 -0.752214
 30 24.248093 0.000001 0.000007 0.017787 0.021211 0.573303
 31 26.336971 0.000019 0.000002 0.310092 0.015221 0.904488
 32 1.854847 1.227798 13.762341 -2.694785 -0.240102 2.338288
 33 10.456542 -0.000008 0.000004 -0.081311 -0.081003 -1.029895
 34 24.248116 0.000002 -0.000004 -0.022452 -0.027386 0.779138
 35 26.336975 0.000000 0.000004 -0.285432 -0.026519 0.838620
time 22
  0 0.000000 0.000000 0.000000 0.000000 -0.000000 -1.570796
  1 0.000000 0.000000 0.000000 0.000000 -0.000000 0.000000
  2 -0.597674 -2.951586 28.070662 -1.582108 -0.206432 1.626877
  3 4.222169 -0.467508 0.000000 0.012397 -0.000835 -0.372043
  4 4.476987 -0.000002 -0.000000 -0.050385 -0.018536 -0.230507
  5 4.477083 0.000000 0.000002 -0.063972 0.018628 0.143541
  6 4.477077 -0.000004 -0.000002 -0.030865 -0.031342 0.199099
  7 5.413502 -7.700466 -0.000000 0.030411 -0.023159 -0.354404
  8 6.890240 0.000002 -0.000000 0.026510 0.009057 0.164342
  9 8.011925 0.000004 0.000005 0.026141 0.036137 0.242953
 10 7.210720 -0.000002 -0.000000 0.011365 -0.039300 0.359030
 11 8.581028 -0.304903 -0.000000 -0.009020 0.044452 0.570943
 12 22.523008 2.194031 6.355708 0.000000 -0.000489 0.000000
 13 22.523005 2.194038 -6.355709 0.000000 -0.000000 0.000000
 14 -3.006533 7.804720 -11.355459 0.104092 0.387092 1.537436
 15 10.384675 0.000008 0.000005 0.096986 0.168871 -1.487423
 16 22.550743 -0.000006 -0.000004 0.128080 -0.278349 1.548112
 17 30.814247 -0.000015 -0.000004 2.791948 0.034048 0.572630
 18 -3.013796 7.815494 11.355459 0.222450 -0.285484 1.563764
 19 10.374533 -0.000002 0.000007 -0.091909 -0.233894 -1.407924
 20 22.550726 -0.000027 -0.000013 0.066413 0.451142 1.457390
 21 30.814270 -0.000023 0.000002 3.009864 -0.267815 0.473754
 22 -4.250660 -0.770624 0.000001 0.003727 0.062457 -2.969413
 23 10.363422 0.000000 0.000000 -0.059587 0.148218 -0.339789
 24 10.363076 0.000000 -0.000000 -0.032886 0.183397 0.173003
 25 10.363081 -0.000004 -0.000002 0.141528 0.108874 0.433375
 26 8.210358 -0.000006 -7.703991 0.000000 0.000000 -0.000000
 27 8.210346 -0.000002 7.704017 0.000000 0.000000 -0.000000
 28 1.854841 1.227791 -13.762345 2.798529 0.172365 2.500700
 29 10.456543 -0.000004 0.000004 0.101731 0.065464 -0.759509
 30 24.248093 0.000001 0.000007 0.017898 0.021413 0.578809
 31 26.336971 0.000019 0.000002 0.310092 0.015195 0.902665
 32 1.854847 1.227798 13.762341 -2.696642 -0.241416 2.344793
 33 10.456542 -0.000008 0.000004 -0.081820 -0.080725 -1.024062
 34 24.248116 0.000002 -0.000004 -0.022310 -0.027242 0.774822
 35 26.336975 0.000000 0.000004 -0.285389 -0.026022 0.839242
time 23
  0 0.000000 0.000000 0.000000 0.000000 -0.000000 -1.570796
  1 0.000000 0.000000 0.000000 0.000000 -0.000000 0.000000
  2 -0.597674 -2.951586 28.070662 -1.580095 -0.207349 1.617291
  3 4.222169 -0.467508 0.000000 0.012637 -0.001001 -0.371138
  4 4.476987 -0.000002 -0.000000 -0.050516 -0.018600 -0.229908
  5 4.477083 0.000000 0.000002 -0.056949 0.020147 0.142607
  6 4.477077 -0.000004 -0.000002 -0.032735 -0.034330 0.198195
  7 5.413502 -7.700466 -0.000000 0.031913 -0.023244 -0.356209
  8 6.890240 0.000002 -0.000000 0.028931 0.009097 0.164761
  9 8.011925 0.000004 0.000005 0.028630 0.036137 0.243291
 10 7.210720 -0.000002 -0.000000 0.012600 -0.039582 0.361202
 11 8.581028 -0.304903 -0.000000 -0.010077 0.045271 0.570312
 12 22.523008 2.194031 6.355708 0.000000 -0.000550 0.000000
 13 22.523005 2.194038 -6.355709 0.000000 -0.000000 0.000000
 14 -3.006533 7.804720 -11.355459 0.018090 0.362361 1.446170
 15 10.384675 0.000008 0.000005 0.149241 0.192655 -1.362904
 16 22.550743 -0.000006 -0.000004 0.143481 -0.228559 1.432010
 17 30.814247 -0.000015 -0.000004 2.814443 0.045239 0.623518
 18 -3.013796 7.815494 11.355459 0.208041 -0.329054 1.639290
 19 10.374533 -0.000002 0.000007 -0.092044 -0.271834 -1.547669
 20 22.550726 -0.000027 -0.000013 0.122506 0.450789 1.622843
 21 30.814270 -0.000023 0.000002 3.009654 -0.277186 0.403161
 22 -4.250660 -0.770624 0.000001 0.003535 0.008184 -2.971129
 23 10.363422 0.000000 0.000000 -0.059288 0.144358 -0.339503
 24 10.363076 0.000000 -0.000000 -0.032790 0.169003 0.173545
 25 10.363081 -0.000004 -0.000002 0.141958 0.096380 0.429724
 26 8.210358 -0.000006 -7.703991 0.000000 0.000000 -0.000000
 27 8.210346 -0.000002 7.704017 0.000000 0.000000 -0.000000
 28 1.854841 1.227791 -13.762345 2.791274 0.179446 2.490056
 29 10.456543 -0.000004 0.000004 0.100334 0.066852 -0.780176
 30 24.248093 0.000001 0.000007 0.018195 0.021897 0.592958
 31 26.336971 0.000019 0.000002 0.310092 0.015379 0.898689
 32 1.854847 1.227798 13.762341 -2.709134 -0.232140 2.359958
 33 10.456542 -0.000008 0.000004 -0.083278 -0.079890 -1.006997
 34 24.248116 0.000002 -0.000004 -0.021934 -0.026870 0.762079
 35 26.336975 0.000000 0.000004 -0.285903 -0.024223 0.842124
time 24
  0 0.000000 0.000000 0.000000 0.000000 -0.000000 -1.570796
  1 0.000000 0.000000 0.000000 0.000000 -0.000000 0.000000
  2 -0.593768 -2.951586 28.070662 -1.577795 -0.208147 1.606746
  3 4.222169 -0.467508 0.000000 0.012972 -0.001205 -0.370188
  4 4.476987 -0.000002 -0.000000 -0.042535 -0.018322 -0.229752
  5 4.477083 0.000000 0.000002 -0.049351 0.021859 0.141822
  6 4.477077 -0.000004 -0.000002 -0.032819 -0.034067 0.198476
  7 5.413502 -7.700466 -0.000000 0.032551 -0.023329 -0.357391
  8 6.890240 0.000002 -0.000000 0.030369 0.009123 0.165133
  9 8.011925 0.000004 0.000005 0.030136 0.036121 0.243550
 10 7.210720 -0.000002 -0.000000 0.012984 -0.039741 0.362516
 11 8.581028 -0.304903 -0.000000 -0.011340 0.046039 0.569681
 12 22.523008 2.194031 6.355708 0.000000 -0.000642 0.000000
 13 22.523005 2.194038 -6.355709 0.000000 -0.000000 0.000000
 14 -3.006533 7.804720 -11.355459 -0.055486 0.333496 1.370011
 15 10.384675 0.000008 0.000005 0.207882 0.211453 -1.232331
 16 22.550743 -0.000006 -0.000004 0.151925 -0.175841 1.312942
 17 30.814247 -0.000015 -0.000004 2.836282 0.058594 0.673118
 18 -3.013796 7.815494 11.355459 0.201117 -0.350615 1.669158
 19 10.374533 -0.000002 0.000007 -0.088336 -0.297482 -1.632154
 20 22.550726 -0.000027 -0.000013 0.147304 0.444389 1.704298
 21 30.814270 -0.000023 0.000002 3.007549 -0.255557 0.371421
 22 -4.250660 -0.770624 0.000001 0.003380 -0.069165 -2.972409
 23 10.363422 0.000000 0.000000 -0.058533 0.137132 -0.339019
 24 10.363076 0.000000 -0.000000 -0.032334 0.145861 0.174371
 25 10.363081 -0.000004 -0.000002 0.141897 0.075752 0.425831
 26 8.210358 -0.000006 -7.703991 0.000000 0.000000 -0.000000
 27 8.210346 -0.000002 7.704017 0.000000 0.000000 -0.000000
 28 1.854841 1.227791 -13.762345 2.780764 0.189389 2.475338
 29 10.456543 -0.000004 0.000004 0.098342 0.068739 -0.809137
 30 24.248093 0.000001 0.000007 0.018640 0.022523 0.612791
 31 26.336971 0.000019 0.000002 0.309744 0.016798 0.891951
 32 1.854847 1.227798 13.762341 -2.721728 -0.222262 2.375036
 33 10.456542 -0.000008 0.000004 -0.085279 -0.078638 -0.982720
 34 24.248116 0.000002 -0.000004 -0.021416 -0.026343 0.743902
 35 26.336975 0.000000 0.000004 -0.286675 -0.021431 0.848680
time 25
  0 0.000000 0.000000 0.000000 0.000000 -0.000000 -1.570796
  1 0.000000 0.000000 0.000000 0.000000 -0.000000 0.000000
  2 -0.589862 -2.951586 28.070662 -1.575302 -0.208785 1.595338
  3 4.222169 -0.467508 0.000000 0.013404 -0.001446 -0.369237
  4 4.476987 -0.000002 -0.000000 -0.027027 -0.017765 -0.230063
  5 4.477083 0.000000 0.000002 -0.040518 0.023846 0.141021
  6 4.477077 -0.000004 -0.000002 -0.026251 -0.023073 0.199208
  7 5.413502 -7.700466 -0.000000 0.032551 -0.023380 -0.358200
  8 6.890240 0.000002 -0.000000 0.030968 0.009136 0.165436
  9 8.011925 0.000004 0.000005 0.030804 0.036105 0.243758
 10 7.210720 -0.000002 -0.000000 0.012792 -0.039865 0.363347
 11 8.581028 -0.304903 -0.000000 -0.012786 0.046722 0.569050
 12 22.523008 2.194031 6.355708 0.000000 -0.000703 0.000000
 13 22.523005 2.194038 -6.355709 0.000000 -0.000000 0.000000
 14 -3.006533 7.804720 -11.355459 -0.109909 0.303819 1.317820
 15 10.384675 0.000008 0.000005 0.275750 0.238801 -1.141968
 16 22.550743 -0.000006 -0.000004 0.144792 -0.126021 1.233341
 17 30.814247 -0.000015 -0.000004 2.843184 0.107904 0.700979
 18 -3.013796 7.815494 11.355459 0.188949 -0.370420 1.674003
 19 10.374533 -0.000002 0.000007 -0.081662 -0.313362 -1.677324
 20 22.550726 -0.000027 -0.000013 0.166363 0.437577 1.767700
 21 30.814270 -0.000023 0.000002 3.017126 -0.212593 0.360432
 22 -4.250660 -0.770624 0.000001 0.003272 -0.154587 -2.973485
 23 10.363422 0.000000 0.000000 -0.057814 0.128071 -0.338469
 24 10.363076 0.000000 -0.000000 -0.031783 0.116056 0.175378
 25 10.363081 -0.000004 -0.000002 0.141281 0.045001 0.421643
 26 8.210358 -0.000006 -7.703991 0.000000 0.000000 -0.000000
 27 8.210346 -0.000002 7.704017 0.000000 0.000000 -0.000000
 28 1.854841 1.227791 -13.762345 2.768495 0.200565 2.458430
 29 10.456543 -0.000004 0.000004 0.096036 0.070785 -0.841658
 30 24.248093 0.000001 0.000007 0.019122 0.023229 0.635406
 31 26.336971 0.000019 0.000002 0.309135 0.018979 0.883612
 32 1.854847 1.227798 13.762341 -2.733207 -0.212959 2.388908
 33 10.456542 -0.000008 0.000004 -0.087551 -0.077191 -0.954935
 34 24.248116 0.000002 -0.000004 -0.020820 -0.025732 0.723085
 35 26.336975 0.000000 0.000004 -0.287576 -0.018174 0.857157
time 26
  0 0.000000 0.000000 0.000000 0.000000 -0.000000 -1.570796
  1 0.000000 0.000000 0.000000 0.000000 -0.000000 0.000000
  2 -0.582049 -2.951586 28.070662 -1.572618 -0.209304 1.582876
  3 4.222169 -0.467508 0.000000 0.013919 -0.001724 -0.368255
  4 4.476987 -0.000002 -0.000000 -0.007899 -0.017015 -0.230574
  5 4.477083 0.000000 0.000002 -0.024039 0.027432 0.139925
  6 4.477077 -0.000004 -0.000002 -0.020906 -0.014222 0.199566
  7 5.413502 -7.700466 -0.000000 0.032086 -0.023431 -0.358854
  8 6.890240 0.000002 -0.000000 0.030896 0.009136 0.165692
  9 8.011925 0.000004 0.000005 0.030791 0.036089 0.243914
 10 7.210720 -0.000002 -0.000000 0.012133 -0.039936 0.363964
 11 8.581028 -0.304903 -0.000000 -0.014440 0.047371 0.568454
 12 22.523008 2.194031 6.355708 0.000000 -0.000825 0.000000
 13 22.523005 2.194038 -6.355709 0.000000 -0.000000 0.000000
 14 -3.006533 7.804720 -11.355459 -0.149193 0.265909 1.291380
 15 10.384675 0.000008 0.000005 0.341002 0.262182 -1.066657
 16 22.550743 -0.000006 -0.000004 0.133149 -0.081769 1.169419
 17 30.814247 -0.000015 -0.000004 2.849604 0.174612 0.701624
 18 -3.013796 7.815494 11.355459 0.098222 -0.475496 1.667106
 19 10.374533 -0.000002 0.000007 -0.075056 -0.324857 -1.703302
 20 22.550726 -0.000027 -0.000013 0.182398 0.433336 1.818012
 21 30.814270 -0.000023 0.000002 3.126436 -0.096839 0.387765
 22 -4.250660 -0.770624 0.000001 0.003212 -0.234231 -2.974535
 23 10.363422 0.000000 0.000000 -0.057190 0.117633 -0.337853
 24 10.363076 0.000000 -0.000000 -0.031340 0.081156 0.176488
 25 10.363081 -0.000004 -0.000002 0.140407 0.007102 0.417213
 26 8.210358 -0.000006 -7.703991 0.000000 0.000000 -0.000000
 27 8.210346 -0.000002 7.704017 0.000000 0.000000 -0.000000
 28 1.854841 1.227791 -13.762345 2.755875 0.211569 2.441339
 29 10.456543 -0.000004 0.000004 0.093748 0.072689 -0.873267
 30 24.248093 0.000001 0.000007 0.019603 0.023915 0.658257
 31 26.336971 0.000019 0.000002 0.308395 0.021528 0.874831
 32 1.854847 1.227798 13.762341 -2.743471 -0.204368 2.401488
 33 10.456542 -0.000008 0.000004 -0.089756 -0.075660 -0.926993
 34 24.248116 0.000002 -0.000004 -0.020250 -0.025108 0.702217
 35 26.336975 0.000000 0.000004 -0.288476 -0.014855 0.866257
time 27
  0 0.000000 0.000000 0.000000 0.000000 -0.000000 -1.570796
  1 0.000000 0.000000 0.000000 0.000000 -0.000000 0.000000
  2 -0.574236 -2.951586 28.070662 -1.569742 -0.209703 1.569550
  3 4.222169 -0.467508 0.000000 0.014518 -0.002021 -0.367259
  4 4.476987 -0.000002 -0.000000 0.009598 -0.016330 -0.231018
  5 4.477083 0.000000 0.000002 -0.006985 0.031099 0.138828
  6 4.477077 -0.000004 -0.000002 -0.017275 -0.008227 0.199644
  7 5.413502 -7.700466 -0.000000 0.031275 -0.023465 -0.359383
  8 6.890240 0.000002 -0.000000 0.030273 0.009136 0.165925
  9 8.011925 0.000004 0.000005 0.030241 0.036073 0.244018
 10 7.210720 -0.000002 -0.000000 0.011145 -0.040006 0.364447
 11 8.581028 -0.304903 -0.000000 -0.016323 0.047934 0.567893
 12 22.523008 2.194031 6.355708 0.000000 -0.000917 0.000000
 13 22.523005 2.194038 -6.355709 0.000000 -0.000000 0.000000
 14 -3.006533 7.804720 -11.355459 -0.207522 0.167585 1.298385
 15 10.384675 0.000008 0.000005 0.398187 0.281574 -1.011506
 16 22.550743 -0.000006 -0.000004 0.119971 -0.045782 1.124624
 17 30.814247 -0.000015 -0.000004 2.914118 0.253577 0.654889
 18 -3.013796 7.815494 11.355459 -0.002178 -0.581581 1.670925
 19 10.374533 -0.000002 0.000007 -0.070809 -0.330738 -1.704519
 20 22.550726 -0.000027 -0.000013 0.192285 0.455539 1.816399
 21 30.814270 -0.000023 0.000002 -3.045720 -0.003276 0.444357
 22 -4.250660 -0.770624 0.000001 0.003200 -0.293046 -2.975687
 23 10.363422 0.000000 0.000000 -0.056651 0.106140 -0.337192
 24 10.363076 0.000000 -0.000000 -0.031016 0.042806 0.177649
 25 10.363081 -0.000004 -0.000002 0.139742 -0.030642 0.412864
 26 8.210358 -0.000006 -7.703991 0.000000 0.000000 -0.000000
 27 8.210346 -0.000002 7.704017 0.000000 0.000000 -0.000000
 28 1.854841 1.227791 -13.762345 2.744618 0.220969 2.426316
 29 10.456543 -0.000004 0.000004 0.091826 0.074202 -0.899145
 30 24.248093 0.000001 0.000007 0.020048 0.024480 0.678386
 31 26.336971 0.000019 0.000002 0.307612 0.023972 0.866823
 32 1.854847 1.227798 13.762341 -2.752351 -0.196706 2.412517
 33 10.456542 -0.000008 0.000004 -0.091655 -0.074297 -0.902794
 34 24.248116 0.000002 -0.000004 -0.019758 -0.024557 0.684142
 35 26.336975 0.000000 0.000004 -0.289291 -0.012032 0.874338
time 28
  0 0.000000 0.000000 0.000000 0.000000 -0.000000 -1.570796
  1 0.000000 0.000000 0.000000 0.000000 -0.000000 0.000000
  2 -0.566424 -2.951586 28.070662 -1.566387 -0.209942 1.554787
  3 4.222169 -0.467508 0.000000 0.015177 -0.002355 -0.366247
  4 4.476987 -0.000002 -0.000000 0.021475 -0.015837 -0.231151
  5 4.477083 0.000000 0.000002 0.005419 0.033748 0.137909
  6 4.477077 -0.000004 -0.000002 -0.015106 -0.004694 0.199426
  7 5.413502 -7.700466 -0.000000 0.030265 -0.023482 -0.359849
  8 6.890240 0.000002 -0.000000 0.029266 0.009110 0.166087
  9 8.011925 0.000004 0.000005 0.029311 0.036041 0.244070
 10 7.210720 -0.000002 -0.000000 0.009937 -0.040059 0.364795
 11 8.581028 -0.304903 -0.000000 -0.018458 0.048412 0.567333
 12 22.523008 2.194031 6.355708 0.000000 -0.001039 0.000000
 13 22.523005 2.194038 -6.355709 0.000000 -0.000000 0.000000
 14 -3.006533 7.804720 -11.355459 -0.274912 0.053928 1.317957
 15 10.384675 0.000008 0.000005 0.445474 0.299544 -0.979127
 16 22.550743 -0.000006 -0.000004 0.107305 -0.016941 1.101077
 17 30.814247 -0.000015 -0.000004 3.000865 0.327433 0.607582
 18 -3.013796 7.815494 11.355459 -0.056756 -0.603927 1.649265
 19 10.374533 -0.000002 0.000007 -0.068922 -0.329076 -1.678020
 20 22.550726 -0.000027 -0.000013 0.197637 0.496765 1.782589
 21 30.814270 -0.000023 0.000002 -3.013866 -0.006799 0.514447
 22 -4.250660 -0.770624 0.000001 0.003224 -0.316973 -2.977095
 23 10.363422 0.000000 0.000000 -0.056184 0.093879 -0.336510
 24 10.363076 0.000000 -0.000000 -0.030812 0.002442 0.178836
 25 10.363081 -0.000004 -0.000002 0.139225 -0.068202 0.408541
 26 8.210358 -0.000006 -7.703991 0.000000 0.000000 -0.000000
 27 8.210346 -0.000002 7.704017 0.000000 0.000000 -0.000000
 28 1.854841 1.227791 -13.762345 2.736570 0.227409 2.415673
 29 10.456543 -0.000004 0.000004 0.090620 0.075127 -0.915167
 30 24.248093 0.000001 0.000007 0.020382 0.024884 0.692949
 31 26.336971 0.000019 0.000002 0.306873 0.025969 0.860804
 32 1.854847 1.227798 13.762341 -2.759610 -0.190303 2.421693
 33 10.456542 -0.000008 0.000004 -0.092910 -0.073323 -0.885887
 34 24.248116 0.000002 -0.000004 -0.019421 -0.024174 0.671551
 35 26.336975 0.000000 0.000004 -0.289892 -0.010201 0.880047
time 29
  0 0.000000 0.000000 0.000000 0.000000 -0.000000 -1.570796
  1 0.000000 0.000000 0.000000 0.000000 -0.000000 0.000000
  2 -0.554704 -2.951586 28.070662 -1.563607 -0.210062 1.542517
  3 4.222169 -0.467508 0.000000 0.015908 -0.002725 -0.365235
  4 4.476987 -0.000002 -0.000000 0.027803 -0.015559 -0.230995
  5 4.477083 0.000000 0.000002 0.012681 0.035266 0.137183
  6 4.477077 -0.000004 -0.000002 -0.014219 -0.003304 0.198974
  7 5.413502 -7.700466 -0.000000 0.029148 -0.023482 -0.360223
  8 6.890240 0.000002 -0.000000 0.028032 0.009097 0.166227
  9 8.011925 0.000004 0.000005 0.028132 0.036009 0.244070
 10 7.210720 -0.000002 -0.000000 0.008647 -0.040094 0.365010
 11 8.581028 -0.304903 -0.000000 -0.020870 0.048839 0.566772
 12 22.523008 2.194031 6.355708 0.000000 -0.001161 0.000000
 13 22.523005 2.194038 -6.355709 0.000000 -0.000000 0.000000
 14 -3.006533 7.804720 -11.355459 -0.257386 0.038912 1.374338
 15 10.384675 0.000008 0.000005 0.448014 0.325131 -1.041553
 16 22.550743 -0.000006 -0.000004 0.105834 -0.006782 1.170327
 17 30.814247 -0.000015 -0.000004 2.983525 0.362699 0.535350
 18 -3.013796 7.815494 11.355459 -0.063476 -0.578218 1.563593
 19 10.374533 -0.000002 0.000007 -0.065012 -0.282233 -1.520242
 20 22.550726 -0.000027 -0.000013 0.142504 0.561567 1.600572
 21 30.814270 -0.000023 0.000002 -3.016533 -0.045409 0.617534
 22 -4.250660 -0.770624 0.000001 0.003236 -0.296945 -2.978887
 23 10.363422 0.000000 0.000000 -0.055764 0.081140 -0.335828
 24 10.363076 0.000000 -0.000000 -0.030705 -0.038498 0.180023
 25 10.363081 -0.000004 -0.000002 0.138831 -0.105223 0.404353
 26 8.210358 -0.000006 -7.703991 0.000000 0.000000 -0.000000
 27 8.210346 -0.000002 7.704017 0.000000 0.000000 -0.000000
 28 1.854841 1.227791 -13.762345 2.733492 0.229679 2.411720
 29 10.456543 -0.000004 0.000004 0.090306 0.075376 -0.919769
 30 24.248093 0.000001 0.000007 0.020493 0.025025 0.699224
 31 26.336971 0.000019 0.000002 0.306394 0.027073 0.857877
 32 1.854847 1.227798 13.762341 -2.765147 -0.185241 2.429060
 33 10.456542 -0.000008 0.000004 -0.093317 -0.073017 -0.880015
 34 24.248116 0.000002 -0.000004 -0.019305 -0.024030 0.667286
 35 26.336975 0.000000 0.000004 -0.290192 -0.009829 0.881799
time 30
  0 0.000000 0.000000 0.000000 0.000000 -0.000000 -1.570796
  1 0.000000 0.000000 0.000000 0.000000 -0.000000 0.000000
  2 -0.542985 -2.951586 28.070662 -1.566771 -0.210181 1.555746
  3 4.222169 -0.467508 0.000000 0.016687 -0.003115 -0.364223
  4 4.476987 -0.000002 -0.000000 0.029996 -0.015473 -0.230618
  5 4.477083 0.000000 0.000002 0.015881 0.035896 0.136590
  6 4.477077 -0.000004 -0.000002 -0.014411 -0.003717 0.198305
  7 5.413502 -7.700466 -0.000000 0.028072 -0.023482 -0.360503
  8 6.890240 0.000002 -0.000000 0.026702 0.009057 0.166320
  9 8.011925 0.000004 0.000005 0.026862 0.035993 0.244044
 10 7.210720 -0.000002 -0.000000 0.007412 -0.040130 0.365090
 11 8.581028 -0.304903 -0.000000 -0.023556 0.049181 0.566246
 12 22.523008 2.194031 6.355708 0.000000 -0.001283 0.000000
 13 22.523005 2.194038 -6.355709 0.000000 -0.000000 0.000000
 14 -3.006533 7.804720 -11.355459 -0.213436 0.042021 1.459149
 15 10.384675 0.000008 0.000005 0.417684 0.362472 -1.188455
 16 22.550743 -0.000006 -0.000004 0.113542 -0.005692 1.319601
 17 30.814247 -0.000015 -0.000004 2.944214 0.385238 0.441773
 18 -3.013796 7.815494 11.355459 -0.023968 -0.499224 1.426394
 19 10.374533 -0.000002 0.000007 -0.033060 -0.197249 -1.235882
 20 22.550726 -0.000027 -0.000013 -0.008166 0.593840 1.256328
 21 30.814270 -0.000023 0.000002 -3.031231 -0.089988 0.720202
 22 -4.250660 -0.770624 0.000001 0.003368 -0.241373 -2.980961
 23 10.363422 0.000000 0.000000 -0.055393 0.068208 -0.335124
 24 10.363076 0.000000 -0.000000 -0.030657 -0.078562 0.181185
 25 10.363081 -0.000004 -0.000002 0.138511 -0.141412 0.400272
 26 8.210358 -0.000006 -7.703991 0.000000 0.000000 -0.000000
 27 8.210346 -0.000002 7.704017 0.000000 0.000000 -0.000000
 28 1.854841 1.227791 -13.762345 2.737098 0.226397 2.416646
 29 10.456543 -0.000004 0.000004 0.090917 0.074913 -0.911997
 30 24.248093 0.000001 0.000007 0.020345 0.024843 0.694370
 31 26.336971 0.000019 0.000002 0.306307 0.026915 0.859257
 32 1.854847 1.227798 13.762341 -2.767004 -0.183463 2.431989
 33 10.456542 -0.000008 0.000004 -0.092638 -0.073545 -0.888449
 34 24.248116 0.000002 -0.000004 -0.019473 -0.024234 0.673734
 35 26.336975 0.000000 0.000004 -0.290106 -0.011225 0.878690
time 31
  0 0.000000 0.000000 0.000000 0.000000 -0.000000 -1.570796
  1 0.000000 0.000000 0.000000 0.000000 -0.000000 0.000000
  2 -0.527360 -2.951586 28.070662 -1.570509 -0.210221 1.572043
  3 4.222169 -0.467508 0.000000 0.017514 -0.003504 -0.363226
  4 4.476987 -0.000002 -0.000000 0.029349 -0.015537 -0.230063
  5 4.477083 0.000000 0.000002 0.015965 0.035848 0.136145
  6 4.477077 -0.000004 -0.000002 -0.015513 -0.005653 0.197479
  7 5.413502 -7.700466 -0.000000 0.027128 -0.023465 -0.360721
  8 6.890240 0.000002 -0.000000 0.025443 0.009031 0.166390
  9 8.011925 0.000004 0.000005 0.025657 0.035961 0.243966
 10 7.210720 -0.000002 -0.000000 0.006341 -0.040147 0.365117
 11 8.581028 -0.304903 -0.000000 -0.026519 0.049437 0.565755
 12 22.523008 2.194031 6.355708 0.000000 -0.001405 0.000000
 13 22.523005 2.194038 -6.355709 0.000000 -0.000000 0.000000
 14 -3.006533 7.804720 -11.355459 -0.167424 0.041279 1.548699
 15 10.384675 0.000008 0.000005 0.377196 0.398477 -1.354851
 16 22.550743 -0.000006 -0.000004 0.123010 -0.005950 1.483887
 17 30.814247 -0.000015 -0.000004 2.902980 0.404392 0.343685
 18 -3.013796 7.815494 11.355459 0.015693 -0.402406 1.362553
 19 10.374533 -0.000002 0.000007 -0.004478 -0.157249 -1.084366
 20 22.550726 -0.000027 -0.000013 -0.101150 0.595195 1.066370
 21 30.814270 -0.000023 0.000002 -3.065365 -0.144476 0.745778
 22 -4.250660 -0.770624 0.000001 0.003703 -0.163381 -2.983189
 23 10.363422 0.000000 0.000000 -0.055021 0.055373 -0.334442
 24 10.363076 0.000000 -0.000000 -0.030633 -0.116290 0.182269
 25 10.363081 -0.000004 -0.000002 0.138216 -0.176445 0.396379
 26 8.210358 -0.000006 -7.703991 0.000000 0.000000 -0.000000
 27 8.210346 -0.000002 7.704017 0.000000 0.000000 -0.000000
 28 1.854841 1.227791 -13.762345 2.748091 0.216874 2.431365
 29 10.456543 -0.000004 0.000004 0.092560 0.073685 -0.890939
 30 24.248093 0.000001 0.000007 0.019900 0.024278 0.677024
 31 26.336971 0.000019 0.000002 0.306612 0.025207 0.865498
 32 1.854847 1.227798 13.762341 -2.754714 -0.194955 2.416954
 33 10.456542 -0.000008 0.000004 -0.090909 -0.074853 -0.910243
 34 24.248116 0.000002 -0.000004 -0.019888 -0.024725 0.690133
 35 26.336975 0.000000 0.000004 -0.289763 -0.014017 0.871795
time 32
  0 0.000000 0.000000 0.000000 0.000000 -0.000000 -1.570796
  1 0.000000 0.000000 0.000000 0.000000 -0.000000 0.000000
  2 10.015930 -2.951586 18.843819 -0.897272 -0.261599 1.570796
  3 4.222169 -0.467508 0.000000 0.008166 0.234985 -0.169409
  4 4.476987 -0.000002 -0.000000 0.009802 0.261761 -0.083427
  5 4.477083 0.000000 0.000002 -0.009071 0.022974 -0.060598
  6 4.477077 -0.000004 -0.000002 -0.009413 -0.189462 -0.004751
  7 5.413502 -7.700466 -0.000000 0.020057 0.338073 -0.447563
  8 6.890240 0.000002 -0.000000 -0.023574 -0.136933 0.004654
  9 8.011925 0.000004 0.000005 0.021020 -0.107292 0.005243
 10 7.210720 -0.000002 -0.000000 -0.080350 -0.200967 0.005417
 11 8.581028 -0.304903 -0.000000 0.023932 -0.223288 1.052669
 12 22.523008 2.194031 6.355708 0.000000 0.000367 0.000000
 13 22.523005 2.194038 -6.355709 0.000000 -0.000000 0.000000
 14 -3.006533 7.804720 -11.355459 -0.003777 -0.047470 1.524732
 15 10.384675 0.000008 0.000005 0.008240 0.215781 -1.881531
 16 22.550743 -0.000006 -0.000004 0.118708 -0.034619 2.076564
 17 30.814247 -0.000015 -0.000004 2.878476 0.026180 0.539217
 18 -3.013796 7.815494 11.355459 -0.104563 -0.667114 1.540679
 19 10.374533 -0.000002 0.000007 0.009274 -0.122864 -1.906308
 20 22.550726 -0.000027 -0.000013 -0.128972 -0.057244 2.069820
 21 30.814270 -0.000023 0.000002 -2.751290 -0.060554 0.538657
 22 -4.250660 -0.770624 0.000001 -0.000000 -0.229353 -2.978785
 23 10.363422 0.000000 0.000000 0.020134 -0.205256 0.012616
 24 10.363076 0.000000 -0.000000 -0.040268 0.125080 0.005214
 25 10.363081 -0.000004 -0.000002 0.014075 0.190049 0.101435
 26 8.210358 -0.000006 -7.703991 0.000000 0.000000 -0.000000
 27 8.210346 -0.000002 7.704017 0.000000 0.000000 -0.000000
 28 1.854841 1.227791 -13.762345 2.690310 0.058084 2.487684
 29 10.456543 -0.000004 0.000004 0.030908 0.216291 -1.235297
 30 24.248093 0.000001 0.000007 0.016712 -0.041259 0.937509
 31 26.336971 0.000019 0.000002 0.330756 -0.105949 0.979209
 32 1.854847 1.227798 13.762341 -2.706670 -0.380825 2.487952
 33 10.456542 -0.000008 0.000004 -0.047872 0.117666 -1.231561
 34 24.248116 0.000002 -0.000004 -0.020730 -0.083114 0.934097
 35 26.336975 0.000000 0.000004 -0.236331 -0.051553 1.427524
time 33
  0 0.000000 0.000000 0.000000 0.000000 -0.000000 -1.570796
  1 0.000000 0.000000 0.000000 0.000000 -0.000000 0.000000
  2 10.015930 -2.951586 18.078169 -0.918266 -0.260323 1.569263
  3 4.222169 -0.467508 0.000000 0.008226 0.229423 -0.172414
  4 4.476987 -0.000002 -0.000000 0.009814 0.262425 -0.087778
  5 4.477083 0.000000 0.000002 -0.009310 0.024217 -0.063503
  6 4.477077 -0.000004 -0.000002 -0.010300 -0.182245 -0.007773
  7 5.413502 -7.700466 -0.000000 0.016774 0.332296 -0.453599
  8 6.890240 0.000002 -0.000000 -0.020350 -0.132228 0.000140
  9 8.011925 0.000004 0.000005 0.023129 -0.102068 0.000156
 10 7.210720 -0.000002 -0.000000 -0.063330 -0.191309 0.000161
 11 8.581028 -0.304903 -0.000000 0.025769 -0.223698 1.050566
 12 22.523008 2.194031 6.355708 0.000000 -0.000000 0.000000
 13 22.523005 2.194038 -6.355709 0.000000 -0.000000 0.000000
 14 -3.006533 7.804720 -11.355459 0.026880 -0.038638 1.511272
 15 10.384675 0.000008 0.000005 0.006596 0.217457 -1.892417
 16 22.550743 -0.000006 -0.000004 0.112567 -0.036398 2.064699
 17 30.814247 -0.000015 -0.000004 2.826716 0.025051 0.532198
 18 -3.013796 7.815494 11.355459 -0.120550 -0.655605 1.529507
 19 10.374533 -0.000002 0.000007 0.012846 -0.120040 -1.917673
 20 22.550726 -0.000027 -0.000013 -0.116470 -0.058010 2.057661
 21 30.814270 -0.000023 0.000002 -2.707439 -0.063539 0.533190
 22 -4.250660 -0.770624 0.000001 0.000372 -0.226593 -2.983804
 23 10.363422 0.000000 0.000000 0.021428 -0.205340 0.008303
 24 10.363076 0.000000 -0.000000 -0.041826 0.125092 0.000155
 25 10.363081 -0.000004 -0.000002 0.004608 0.189956 0.096173
 26 8.210358 -0.000006 -7.703991 0.000000 0.000000 -0.000000
 27 8.210346 -0.000002 7.704017 0.000000 0.000000 -0.000000
 28 1.854841 1.227791 -13.762345 2.692289 0.059268 2.475764
 29 10.456543 -0.000004 0.000004 0.030803 0.217537 -1.243808
 30 24.248093 0.000001 0.000007 0.016675 -0.041905 0.926024
 31 26.336971 0.000019 0.000002 0.332844 -0.105739 0.968384
 32 1.854847 1.227798 13.762341 -2.709877 -0.376967 2.479508
 33 10.456542 -0.000008 0.000004 -0.047974 0.115551 -1.239285
 34 24.248116 0.000002 -0.000004 -0.020820 -0.082563 0.934402
 35 26.336975 0.000000 0.000004 -0.236159 -0.051988 1.427524
time 34
  0 0.000000 0.000000 0.000000 0.000000 -0.000000 -1.570796
  1 0.000000 0.000000 0.000000 0.000000 -0.000000 0.000000
  2 10.015930 -2.951586 18.328176 -0.940794 -0.258967 1.567825
  3 4.222169 -0.467508 0.000000 0.008334 0.206214 -0.171433
  4 4.476987 -0.000002 -0.000000 0.009742 0.248353 -0.086357
  5 4.477083 0.000000 0.000002 -0.009574 0.036478 -0.062555
  6 4.477077 -0.000004 -0.000002 -0.011295 -0.161480 -0.006776
  7 5.413502 -7.700466 -0.000000 0.013504 0.326434 -0.451608
  8 6.890240 0.000002 -0.000000 -0.017126 -0.127536 0.001629
  9 8.011925 0.000004 0.000005 0.025133 -0.096732 0.001817
 10 7.210720 -0.000002 -0.000000 -0.047902 -0.179692 0.001877
 11 8.581028 -0.304903 -0.000000 0.027583 -0.224125 1.050776
 12 22.523008 2.194031 6.355708 0.000000 0.405241 0.000000
 13 22.523005 2.194038 -6.355709 0.000000 -0.000000 0.000000
 14 -3.006533 7.804720 -11.355459 0.084178 -0.021467 1.515667
 15 10.384675 0.000008 0.000005 0.004318 0.219430 -1.888862
 16 22.550743 -0.000006 -0.000004 0.106378 -0.038177 2.068574
 17 30.814247 -0.000015 -0.000004 2.773952 0.023672 0.534490
 18 -3.013796 7.815494 11.355459 -0.155323 -0.633745 1.533155
 19 10.374533 -0.000002 0.000007 0.015206 -0.115987 -1.913962
 20 22.550726 -0.000027 -0.000013 -0.101395 -0.059620 2.061631
 21 30.814270 -0.000023 0.000002 -2.664115 -0.066524 0.534975
 22 -4.250660 -0.770624 0.000001 0.001606 -0.222388 -2.982165
 23 10.363422 0.000000 0.000000 0.020829 -0.205376 0.009711
 24 10.363076 0.000000 -0.000000 -0.046117 0.125104 0.001807
 25 10.363081 -0.000004 -0.000002 -0.009428 0.189725 0.097891
 26 8.210358 -0.000006 -7.703991 0.000000 0.000000 -0.000000
 27 8.210346 -0.000002 7.704017 0.000000 0.000000 -0.000000
 28 1.854841 1.227791 -13.762345 2.694180 0.062180 2.479656
 29 10.456543 -0.000004 0.000004 0.030576 0.219672 -1.241029
 30 24.248093 0.000001 0.000007 0.016489 -0.043176 0.929695
 31 26.336971 0.000019 0.000002 0.335933 -0.105187 0.971919
 32 1.854847 1.227798 13.762341 -2.713388 -0.372835 2.482265
 33 10.456542 -0.000008 0.000004 -0.048143 0.112991 -1.236763
 34 24.248116 0.000002 -0.000004 -0.020924 -0.081915 0.937651
 35 26.336975 0.000000 0.000004 -0.237531 -0.052577 1.427523
time 35
  0 0.000000 0.000000 0.000000 0.000000 -0.000000 -1.570796
  1 0.000000 0.000000 0.000000 0.000000 -0.000000 0.000000
  2 10.015930 -2.951586 18.328176 -0.964567 -0.257531 1.566483
  3 4.222169 -0.467508 0.000000 0.008466 0.168990 -0.170451
  4 4.476987 -0.000002 -0.000000 0.009622 0.222245 -0.084937
  5 4.477083 0.000000 0.000002 -0.009454 0.058737 -0.061606
  6 4.477077 -0.000004 -0.000002 -0.011942 -0.128499 -0.005810
  7 5.413502 -7.700466 -0.000000 0.010234 0.320538 -0.449679
  8 6.890240 0.000002 -0.000000 -0.013926 -0.122753 0.003072
  9 8.011925 0.000004 0.000005 0.027268 -0.091380 0.003478
 10 7.210720 -0.000002 -0.000000 -0.035577 -0.164474 0.003593
 11 8.581028 -0.304903 -0.000000 0.029421 -0.224535 1.050566
 12 22.523008 2.194031 6.355708 0.000000 0.015795 0.000000
 13 22.523005 2.194038 -6.355709 0.000000 -0.000000 0.000000
 14 -3.006533 7.804720 -11.355459 0.168389 0.002416 1.520062
 15 10.384675 0.000008 0.000005 0.001068 0.221955 -1.885308
 16 22.550743 -0.000006 -0.000004 0.100141 -0.039957 2.072448
 17 30.814247 -0.000015 -0.000004 2.642521 0.015616 0.536782
 18 -3.013796 7.815494 11.355459 -0.196461 -0.609270 1.536803
 19 10.374533 -0.000002 0.000007 0.016554 -0.110838 -1.910251
 20 22.550726 -0.000027 -0.000013 -0.083746 -0.062074 2.065602
 21 30.814270 -0.000023 0.000002 -2.545367 -0.079075 0.536761
 22 -4.250660 -0.770624 0.000001 0.003871 -0.212439 -2.980526
 23 10.363422 0.000000 0.000000 0.018816 -0.205388 0.011120
 24 10.363076 0.000000 -0.000000 -0.052528 0.125128 0.003458
 25 10.363081 -0.000004 -0.000002 -0.024645 0.189448 0.099610
 26 8.210358 -0.000006 -7.703991 0.000000 0.000000 -0.000000
 27 8.210346 -0.000002 7.704017 0.000000 0.000000 -0.000000
 28 1.854841 1.227791 -13.762345 2.696115 0.066571 2.483548
 29 10.456543 -0.000004 0.000004 0.030244 0.222590 -1.238250
 30 24.248093 0.000001 0.000007 0.016230 -0.044952 0.933484
 31 26.336971 0.000019 0.000002 0.339935 -0.104346 0.975453
 32 1.854847 1.227798 13.762341 -2.717170 -0.368430 2.485022
 33 10.456542 -0.000008 0.000004 -0.048381 0.110096 -1.234241
 34 24.248116 0.000002 -0.000004 -0.021040 -0.081172 0.940900
 35 26.336975 0.000000 0.000004 -0.240362 -0.053321 1.427524
time 36
  0 0.000000 0.000000 0.000000 0.000000 -0.000000 -1.570796
  1 0.000000 0.000000 0.000000 0.000000 -0.000000 0.000000
  2 10.015930 -2.951586 18.328176 -0.989779 -0.256015 1.565236
  3 4.222169 -0.467508 0.000000 0.008598 0.121367 -0.170451
  4 4.476987 -0.000002 -0.000000 0.009479 0.186777 0.088936
  5 4.477083 0.000000 0.000002 -0.008915 0.088492 0.054492
  6 4.477077 -0.000004 -0.000002 -0.011762 -0.084694 0.116204
  7 5.413502 -7.700466 -0.000000 0.007483 0.303530 -0.205892
  8 6.890240 0.000002 -0.000000 -0.011769 -0.107657 0.185403
  9 8.011925 0.000004 0.000005 0.028302 -0.074494 0.206796
 10 7.210720 -0.000002 -0.000000 -0.027424 -0.144471 0.213653
 11 8.581028 -0.304903 -0.000000 0.031258 -0.224944 1.131356
 12 22.523008 2.194031 6.355708 0.000000 0.500563 0.000000
 13 22.523005 2.194038 -6.355709 0.000000 -0.000000 0.000000
 14 -3.006533 7.804720 -11.355459 0.266274 0.027677 2.057980
 15 10.384675 0.000008 0.000005 -0.003601 0.225307 -1.450268
 16 22.550743 -0.000006 -0.000004 0.093759 -0.041851 2.546601
 17 30.814247 -0.000015 -0.000004 2.502617 0.002324 0.817296
 18 -3.013796 7.815494 11.355459 -0.252312 -0.573024 1.983286
 19 10.374533 -0.000002 0.000007 0.016891 -0.104625 -1.456052
 20 22.550726 -0.000027 -0.000013 -0.063544 -0.065352 2.551539
 21 30.814270 -0.000023 0.000002 -2.429216 -0.094783 0.755233
 22 -4.250660 -0.770624 0.000001 0.006867 -0.197867 -2.779955
 23 10.363422 0.000000 0.000000 0.015844 -0.205376 0.183493
 24 10.363076 0.000000 -0.000000 -0.060462 0.125152 0.205627
 25 10.363081 -0.000004 -0.000002 -0.040158 0.189140 0.309904
 26 8.210358 -0.000006 -7.703991 0.000000 0.000000 -0.000000
 27 8.210346 -0.000002 7.704017 0.000000 0.000000 -0.000000
 28 1.854841 1.227791 -13.762345 2.697918 0.072320 2.959955
 29 10.456543 -0.000004 0.000004 0.029790 0.226185 -0.898147
 30 24.248093 0.000001 0.000007 0.015896 -0.047191 1.275489
 31 26.336971 0.000019 0.000002 0.344764 -0.103243 1.408039
 32 1.854847 1.227798 13.762341 -2.721221 -0.363861 2.822477
 33 10.456542 -0.000008 0.000004 -0.048618 0.106896 -0.925534
 34 24.248116 0.000002 -0.000004 -0.021157 -0.080357 1.338604
 35 26.336975 0.000000 0.000004 -0.244478 -0.054190 1.427524
time 37
  0 0.000000 0.000000 0.000000 0.000000 -0.000000 -1.570796
  1 0.000000 0.000000 0.000000 0.000000 -0.000000 0.000000
  2 10.015930 -2.951586 18.328176 -1.016141 -0.254459 1.564086
  3 4.222169 -0.467508 0.000000 0.008706 0.066977 -0.170451
  4 4.476987 -0.000002 -0.000000 0.009347 0.144755 0.088936
  5 4.477083 0.000000 0.000002 -0.008076 0.122867 -0.060791
  6 4.477077 -0.000004 -0.000002 -0.010468 -0.032000 -0.007819
  7 5.413502 -7.700466 -0.000000 0.004825 0.285995 -0.452853
  8 6.890240 0.000002 -0.000000 -0.009588 -0.092313 -0.000279
  9 8.011925 0.000004 0.000005 0.029311 -0.057576 0.000234
 10 7.210720 -0.000002 -0.000000 -0.022922 -0.120425 0.000027
 11 8.581028 -0.304903 -0.000000 0.033072 -0.225371 1.050566
 12 22.523008 2.194031 6.355708 0.000000 0.062998 0.000000
 13 22.523005 2.194038 -6.355709 0.000000 -0.000000 0.000000
 14 -3.006533 7.804720 -11.355459 0.388250 0.058520 1.540458
 15 10.384675 0.000008 0.000005 -0.009988 0.229784 -1.918465
 16 22.550743 -0.000006 -0.000004 0.078167 -0.051579 2.024263
 17 30.814247 -0.000015 -0.000004 2.355637 -0.018115 0.498463
 18 -3.013796 7.815494 11.355459 -0.311472 -0.537824 1.511267
 19 10.374533 -0.000002 0.000007 0.016352 -0.097482 -1.909497
 20 22.550726 -0.000027 -0.000013 -0.040809 -0.069435 2.057599
 21 30.814270 -0.000023 0.000002 -2.316433 -0.113721 0.533023
 22 -4.250660 -0.770624 0.000001 0.010091 -0.182975 -2.983957
 23 10.363422 0.000000 0.000000 0.012380 -0.205364 0.008171
 24 10.363076 0.000000 -0.000000 -0.069283 0.125176 0.004026
 25 10.363081 -0.000004 -0.000002 -0.055770 0.188816 0.087850
 26 8.210358 -0.000006 -7.703991 0.000000 0.000000 -0.000000
 27 8.210346 -0.000002 7.704017 0.000000 0.000000 -0.000000
 28 1.854841 1.227791 -13.762345 2.699501 0.079179 2.620820
 29 10.456543 -0.000004 0.000004 0.029265 0.230384 -1.251710
 30 24.248093 0.000001 0.000007 0.015451 -0.049835 0.947633
 31 26.336971 0.000019 0.000002 0.350289 -0.101955 1.057464
 32 1.854847 1.227798 13.762341 -2.725442 -0.359072 2.447714
 33 10.456542 -0.000008 0.000004 -0.048889 0.103418 -1.218871
 34 24.248116 0.000002 -0.000004 -0.021287 -0.079483 0.900282
 35 26.336975 0.000000 0.000004 -0.249624 -0.055183 1.427523
time 38
  0 0.000000 0.000000 0.000000 0.000000 -0.000000 -1.570796
  1 0.000000 0.000000 0.000000 0.000000 -0.000000 0.000000
  2 10.015930 -2.951586 18.328176 -1.043653 -0.252784 1.563031
  3 4.222169 -0.467508 0.000000 0.008742 0.009565 -0.170451
  4 4.476987 -0.000002 -0.000000 0.009239 0.098899 0.088936
  5 4.477083 0.000000 0.000002 -0.007069 0.158938 -0.060791
  6 4.477077 -0.000004 -0.000002 -0.008478 0.024810 -0.007555
  7 5.413502 -7.700466 -0.000000 0.002260 0.268103 -0.452417
  8 6.890240 0.000002 -0.000000 -0.007430 -0.076916 -0.000419
  9 8.011925 0.000004 0.000005 0.030267 -0.040738 -0.000286
 10 7.210720 -0.000002 -0.000000 -0.021083 -0.093624 -0.001287
 11 8.581028 -0.304903 -0.000000 0.034886 -0.225764 1.248739
 12 22.523008 2.194031 6.355708 0.000000 0.006171 0.000000
 13 22.523005 2.194038 -6.355709 0.000000 -0.000000 0.000000
 14 -3.006533 7.804720 -11.355459 0.515597 0.085654 1.542106
 15 10.384675 0.000008 0.000005 -0.017720 0.234897 -1.926796
 16 22.550743 -0.000006 -0.000004 0.062510 -0.061337 2.042907
 17 30.814247 -0.000015 -0.000004 2.209006 -0.046422 0.515510
 18 -3.013796 7.815494 11.355459 -0.370939 -0.502363 1.512293
 19 10.374533 -0.000002 0.000007 0.015004 -0.089409 -1.907004
 20 22.550726 -0.000027 -0.000013 -0.015397 -0.074402 2.031109
 21 30.814270 -0.000023 0.000002 -2.208069 -0.136035 0.532939
 22 -4.250660 -0.770624 0.000001 0.013543 -0.167810 -2.984546
 23 10.363422 0.000000 0.000000 0.008893 -0.205352 0.007929
 24 10.363076 0.000000 -0.000000 -0.078379 0.125176 0.004491
 25 10.363081 -0.000004 -0.000002 -0.071233 0.188462 0.088226
 26 8.210358 -0.000006 -7.703991 0.000000 0.000000 -0.000000
 27 8.210346 -0.000002 7.704017 0.000000 0.000000 -0.000000
 28 1.854841 1.227791 -13.762345 2.700776 0.087000 2.621732
 29 10.456543 -0.000004 0.000004 0.028654 0.235064 -1.251753
 30 24.248093 0.000001 0.000007 0.014969 -0.052781 0.948165
 31 26.336971 0.000019 0.000002 0.356336 -0.100457 1.056580
 32 1.854847 1.227798 13.762341 -2.729831 -0.354147 2.447973
 33 10.456542 -0.000008 0.000004 -0.049195 0.099772 -1.219068
 34 24.248116 0.000002 -0.000004 -0.021429 -0.078572 0.901653
 35 26.336975 0.000000 0.000004 -0.255714 -0.056268 1.427523
time 39
  0 0.000000 0.000000 0.000000 0.000000 -0.000000 -1.570796
  1 0.000000 0.000000 0.000000 0.000000 -0.000000 0.000000
  2 10.015930 -2.951586 18.328176 -1.072124 -0.251068 1.561977
  3 4.222169 -0.467508 0.000000 0.008706 -0.047086 -0.170451
  4 4.476987 -0.000002 -0.000000 0.009167 0.052079 0.088936
  5 4.477083 0.000000 0.000002 -0.005967 0.193797 -0.060791
  6 4.477077 -0.000004 -0.000002 -0.006345 0.080417 -0.007555
  7 5.413502 -7.700466 -0.000000 -0.000186 0.249906 -0.451888
  8 6.890240 0.000002 -0.000000 -0.005297 -0.061572 -0.000210
  9 8.011925 0.000004 0.000005 0.031170 -0.024043 -0.000675
 10 7.210720 -0.000002 -0.000000 -0.020863 -0.065323 -0.002440
 11 8.581028 -0.304903 -0.000000 0.036677 -0.226173 1.050531
 12 22.523008 2.194031 6.355708 0.000000 0.000183 0.000000
 13 22.523005 2.194038 -6.355709 0.000000 -0.000000 0.000000
 14 -3.006533 7.804720 -11.355459 0.643108 0.108760 1.544029
 15 10.384675 0.000008 0.000005 -0.025713 0.239989 -1.935571
 16 22.550743 -0.000006 -0.000004 0.046933 -0.071008 2.061370
 17 30.814247 -0.000015 -0.000004 2.071853 -0.081970 0.547848
 18 -3.013796 7.815494 11.355459 -0.424041 -0.466416 1.512863
 19 10.374533 -0.000002 0.000007 0.012981 -0.080539 -1.901959
 20 22.550726 -0.000027 -0.000013 0.018430 -0.084865 2.004123
 21 30.814270 -0.000023 0.000002 -2.138224 -0.157615 0.532772
 22 -4.250660 -0.770624 0.000001 0.017162 -0.152485 -2.984777
 23 10.363422 0.000000 0.000000 0.005848 -0.205340 0.007775
 24 10.363076 0.000000 -0.000000 -0.087152 0.125164 0.007278
 25 10.363081 -0.000004 -0.000002 -0.086340 0.188077 0.089595
 26 8.210358 -0.000006 -7.703991 0.000000 0.000000 -0.000000
 27 8.210346 -0.000002 7.704017 0.000000 0.000000 -0.000000
 28 1.854841 1.227791 -13.762345 2.701655 0.095561 2.623192
 29 10.456543 -0.000004 0.000004 0.027973 0.240118 -1.251840
 30 24.248093 0.000001 0.000007 0.014413 -0.055989 0.948106
 31 26.336971 0.000019 0.000002 0.362862 -0.098854 1.055641
 32 1.854847 1.227798 13.762341 -2.734389 -0.349085 2.448317
 33 10.456542 -0.000008 0.000004 -0.049534 0.095959 -1.219304
 34 24.248116 0.000002 -0.000004 -0.021572 -0.077613 0.903532
 35 26.336975 0.000000 0.000004 -0.262532 -0.057416 1.427523
time 40
  0 0.000000 0.000000 0.000000 0.000000 -0.000000 -1.570796
  1 0.000000 0.000000 0.000000 0.000000 -0.000000 0.000000
  2 10.015930 -2.951586 -7.059317 -1.101650 -0.249313 1.561114
  3 4.222169 -0.467508 0.000000 0.008550 -0.099289 -0.164532
  4 4.476987 -0.000002 -0.000000 0.009143 0.007080 -0.077278
  5 4.477083 0.000000 0.000002 -0.004864 0.224553 -0.075316
  6 4.477077 -0.000004 -0.000002 -0.004619 0.129427 -0.022115
  7 5.413502 -7.700466 -0.000000 -0.002512 0.231436 -0.232993
  8 6.890240 0.000002 -0.000000 -0.003248 -0.046359 0.081892
  9 8.011925 0.000004 0.000005 0.031995 -0.007508 -0.001142
 10 7.210720 -0.000002 -0.000000 -0.021522 -0.036563 -0.005819
 11 8.581028 -0.304903 -0.000000 0.038468 -0.226583 1.050391
 12 22.523008 2.194031 6.355708 0.000000 0.002139 0.000000
 13 22.523005 2.194038 -6.355709 0.000000 -0.000000 0.000000
 14 -3.006533 7.804720 -11.355459 0.753526 0.129393 1.570125
 15 10.384675 0.000008 0.000005 -0.034005 0.245039 -2.012660
 16 22.550743 -0.000006 -0.000004 0.031468 -0.080564 2.333889
 17 30.814247 -0.000015 -0.000004 1.968508 -0.118772 0.829436
 18 -3.013796 7.815494 11.355459 -0.465993 -0.430842 1.460936
 19 10.374533 -0.000002 0.000007 0.010285 -0.070904 -1.813821
 20 22.550726 -0.000027 -0.000013 0.052972 -0.093994 0.917791
 21 30.814270 -0.000023 0.000002 -2.099601 -0.177287 0.435682
 22 -4.250660 -0.770624 0.000001 0.020937 -0.137079 -3.105124
 23 10.363422 0.000000 0.000000 0.003703 -0.205352 -0.051267
 24 10.363076 0.000000 -0.000000 -0.094978 0.125128 0.300736
 25 10.363081 -0.000004 -0.000002 -0.100868 0.187661 0.142055
 26 8.210358 -0.000006 -7.703991 0.000000 0.000000 -0.000000
 27 8.210346 -0.000002 7.704017 0.000000 0.000000 -0.000000
 28 1.854841 1.227791 -13.762345 2.702051 0.104690 2.639006
 29 10.456543 -0.000004 0.000004 0.027239 0.245456 -1.252318
 30 24.248093 0.000001 0.000007 0.013820 -0.059379 0.910987
 31 26.336971 0.000019 0.000002 0.369735 -0.097172 0.918791
 32 1.854847 1.227798 13.762341 -2.738981 -0.343941 2.441855
 33 10.456542 -0.000008 0.000004 -0.049873 0.092063 -1.216664
 34 24.248116 0.000002 -0.000004 -0.021701 -0.076630 1.338604
 35 26.336975 0.000000 0.000004 -0.269951 -0.058595 1.427523
time 41
  0 0.000000 0.000000 0.000000 0.000000 -0.000000 -1.570796
  1 0.000000 0.000000 0.000000 0.000000 -0.000000 0.000000
  2 10.015930 -2.951586 -6.961657 -1.131942 -0.247438 1.560347
  3 4.222169 -0.467508 0.000000 0.008238 -0.143335 -0.163658
  4 4.476987 -0.000002 -0.000000 0.009143 -0.033250 0.127359
  5 4.477083 0.000000 0.000002 -0.003809 0.248266 -0.077154
  6 4.477077 -0.000004 -0.000002 -0.003672 0.167651 -0.023906
  7 5.413502 -7.700466 -0.000000 -0.004718 0.212780 -0.232588
  8 6.890240 0.000002 -0.000000 -0.001306 -0.031381 0.104046
  9 8.011925 0.000004 0.000005 0.032716 0.008818 -0.001038
 10 7.210720 -0.000002 -0.000000 -0.022894 -0.007627 -0.006195
 11 8.581028 -0.304903 -0.000000 0.040213 -0.226976 1.050321
 12 22.523008 2.194031 6.355708 0.000000 0.004094 0.000000
 13 22.523005 2.194038 -6.355709 0.000000 -0.000000 0.000000
 14 -3.006533 7.804720 -11.355459 0.828839 0.152640 1.571842
 15 10.384675 0.000008 0.000005 -0.042558 0.250025 -2.012104
 16 22.550743 -0.000006 -0.000004 0.016195 -0.089977 2.237218
 17 30.814247 -0.000015 -0.000004 1.912119 -0.148866 0.838604
 18 -3.013796 7.815494 11.355459 -0.498017 -0.397361 1.460480
 19 10.374533 -0.000002 0.000007 0.006105 -0.061336 -1.840611
 20 22.550726 -0.000027 -0.000013 0.088474 -0.100099 0.906500
 21 30.814270 -0.000023 0.000002 -2.075571 -0.193998 0.425697
 22 -4.250660 -0.770624 0.000001 0.024832 -0.121673 -3.109836
 23 10.363422 0.000000 0.000000 0.002936 -0.205400 -0.052214
 24 10.363076 0.000000 -0.000000 -0.101234 0.125056 0.301639
 25 10.363081 -0.000004 -0.000002 -0.114522 0.187229 0.134350
 26 8.210358 -0.000006 -7.703991 0.000000 0.000000 -0.000000
 27 8.210346 -0.000002 7.704017 0.000000 0.000000 -0.000000
 28 1.854841 1.227791 -13.762345 2.701963 0.114188 2.632316
 29 10.456543 -0.000004 0.000004 0.026470 0.250973 -1.251927
 30 24.248093 0.000001 0.000007 0.013190 -0.062890 0.910869
 31 26.336971 0.000019 0.000002 0.376783 -0.095438 0.915754
 32 1.854847 1.227798 13.762341 -2.743674 -0.338715 2.444052
 33 10.456542 -0.000008 0.000004 -0.050212 0.088140 -0.925534
 34 24.248116 0.000002 -0.000004 -0.021844 -0.075659 0.859765
 35 26.336975 0.000000 0.000004 -0.277713 -0.059836 1.427524
time 42
  0 0.000000 0.000000 0.000000 0.000000 -0.000000 -1.570796
  1 0.000000 0.000000 0.000000 0.000000 -0.000000 0.000000
  2 10.015930 -2.951586 26.074509 -1.163097 -0.245564 1.559580
  3 4.222169 -0.467508 0.000000 0.007759 -0.176573 -0.162186
  4 4.476987 -0.000002 -0.000000 0.009155 -0.066812 0.160478
  5 4.477083 0.000000 0.000002 -0.002851 0.262062 -0.078858
  6 4.477077 -0.000004 -0.000002 -0.002977 0.195689 -0.025479
  7 5.413502 -7.700466 -0.000000 -0.006792 0.193971 -0.232246
  8 6.890240 0.000002 -0.000000 0.000479 -0.016729 0.125223
  9 8.011925 0.000004 0.000005 0.033331 0.024922 -0.000805
 10 7.210720 -0.000002 -0.000000 -0.024981 0.021415 -0.006463
 11 8.581028 -0.304903 -0.000000 0.041959 -0.227368 1.050286
 12 22.523008 2.194031 6.355708 0.000000 0.243407 0.000000
 13 22.523005 2.194038 -6.355709 0.000000 -0.000000 0.000000
 14 -3.006533 7.804720 -11.355459 0.867960 0.183519 1.573147
 15 10.384675 0.000008 0.000005 -0.051336 0.254926 -2.009938
 16 22.550743 -0.000006 -0.000004 0.001146 -0.099246 2.150777
 17 30.814247 -0.000015 -0.000004 1.951474 -0.152252 0.850207
 18 -3.013796 7.815494 11.355459 -0.516142 -0.405993 1.460138
 19 10.374533 -0.000002 0.000007 -0.029015 -0.072598 -1.794629
 20 22.550726 -0.000027 -0.000013 0.124998 -0.100295 0.920148
 21 30.814270 -0.000023 0.000002 -2.128963 -0.144525 0.410775
 22 -4.250660 -0.770624 0.000001 0.028823 -0.106380 -3.111270
 23 10.363422 0.000000 0.000000 0.003991 -0.205484 -0.052038
 24 10.363076 0.000000 -0.000000 -0.105333 0.124948 0.301510
 25 10.363081 -0.000004 -0.000002 -0.124322 0.186690 0.127477
 26 8.210358 -0.000006 -7.703991 0.000000 0.000000 -0.000000
 27 8.210346 -0.000002 7.704017 0.000000 0.000000 -0.000000
 28 1.854841 1.227791 -13.762345 2.701392 0.123835 2.628119
 29 10.456543 -0.000004 0.000004 0.025667 0.256560 -1.251797
 30 24.248093 0.000001 0.000007 0.012560 -0.066441 0.911283
 31 26.336971 0.000019 0.000002 0.383918 -0.093704 0.935856
 32 1.854847 1.227798 13.762341 -2.748367 -0.333461 2.822478
 33 10.456542 -0.000008 0.000004 -0.050551 0.084244 -1.227068
 34 24.248116 0.000002 -0.000004 -0.021986 -0.074677 0.856973
 35 26.336975 0.000000 0.000004 -0.285732 -0.061046 1.427523
time 43
  0 0.000000 0.000000 0.000000 0.000000 -0.000000 -1.570796
  1 0.000000 0.000000 0.000000 0.000000 -0.000000 0.000000
  2 10.015930 -2.951586 18.843819 -1.194923 -0.243609 1.559005
  3 4.222169 -0.467508 0.000000 0.007220 -0.200320 -0.160208
  4 4.476987 -0.000002 -0.000000 0.009167 -0.093713 0.183696
  5 4.477083 0.000000 0.000002 -0.002048 0.263774 -0.080355
  6 4.477077 -0.000004 -0.000002 -0.001779 0.215346 -0.026818
  7 5.413502 -7.700466 -0.000000 -0.008733 0.175094 -0.231935
  8 6.890240 0.000002 -0.000000 0.002121 -0.002522 0.145073
  9 8.011925 0.000004 0.000005 0.033816 0.040770 -0.000493
 10 7.210720 -0.000002 -0.000000 -0.027753 0.050529 -0.006731
 11 8.581028 -0.304903 -0.000000 0.043658 -0.227761 1.050216
 12 22.523008 2.194031 6.355708 0.000000 0.060768 0.000000
 13 22.523005 2.194038 -6.355709 0.000000 -0.000000 0.000000
 14 -3.006533 7.804720 -11.355459 0.872843 0.222524 1.794755
 15 10.384675 0.000008 0.000005 -0.060300 0.259720 -2.005440
 16 22.550743 -0.000006 -0.000004 -0.013615 -0.108344 2.075111
 17 30.814247 -0.000015 -0.000004 2.027999 -0.144133 0.852749
 18 -3.013796 7.815494 11.355459 -0.516905 -0.418959 1.456832
 19 10.374533 -0.000002 0.000007 -0.062855 -0.080971 -1.666771
 20 22.550726 -0.000027 -0.000013 0.161726 -0.097586 0.919218
 21 30.814270 -0.000023 0.000002 -2.199685 -0.082452 0.392311
 22 -4.250660 -0.770624 0.000001 0.032850 -0.091279 -3.110630
 23 10.363422 0.000000 0.000000 0.007347 -0.205628 -0.051201
 24 10.363076 0.000000 -0.000000 -0.106411 0.124792 0.300220
 25 10.363081 -0.000004 -0.000002 -0.128828 0.185997 0.122564
 26 8.210358 -0.000006 -7.703991 0.000000 0.000000 -0.000000
 27 8.210346 -0.000002 7.704017 0.000000 0.000000 -0.000000
 28 1.854841 1.227791 -13.762345 2.700292 0.133457 2.627024
 29 10.456543 -0.000004 0.000004 0.024846 0.262112 -1.251970
 30 24.248093 0.000001 0.000007 0.011930 -0.069952 1.397325
 31 26.336971 0.000019 0.000002 0.391052 -0.091995 1.408039
 32 1.854847 1.227798 13.762341 -2.753094 -0.328208 2.498722
 33 10.456542 -0.000008 0.000004 -0.050890 0.080403 -1.327330
 34 24.248116 0.000002 -0.000004 -0.022116 -0.073718 0.850779
 35 26.336975 0.000000 0.000004 -0.293794 -0.062287 1.427523
time 44
  0 0.000000 0.000000 0.000000 0.000000 -0.000000 -1.570796
  1 0.000000 0.000000 0.000000 0.000000 -0.000000 0.000000
  2 10.015930 -2.951586 18.078169 -1.227132 -0.241615 1.558430
  3 4.222169 -0.467508 0.000000 0.006824 -0.216893 -0.157816
  4 4.476987 -0.000002 -0.000000 0.009167 -0.114638 0.199057
  5 4.477083 0.000000 0.000002 -0.002024 0.268200 -0.081630
  6 4.477077 -0.000004 -0.000002 0.000534 0.228351 -0.027877
  7 5.413502 -7.700466 -0.000000 -0.010514 0.156285 -0.231717
  8 6.890240 0.000002 -0.000000 0.003535 0.011083 0.163900
  9 8.011925 0.000004 0.000005 0.034143 0.056218 -0.000156
 10 7.210720 -0.000002 -0.000000 -0.031239 0.079483 -0.006946
 11 8.581028 -0.304903 -0.000000 0.045311 -0.228137 1.050181
 12 22.523008 2.194031 6.355708 0.000000 0.047386 0.000000
 13 22.523005 2.194038 -6.355709 0.000000 -0.000000 0.000000
 14 -3.006533 7.804720 -11.355459 0.822002 0.272198 1.808833
 15 10.384675 0.000008 0.000005 -0.069376 0.264367 -1.997386
 16 22.550743 -0.000006 -0.000004 -0.027961 -0.117183 2.051200
 17 30.814247 -0.000015 -0.000004 2.178998 -0.123506 0.849956
 18 -3.013796 7.815494 11.355459 -0.462225 -0.441305 1.448567
 19 10.374533 -0.000002 0.000007 -0.038520 0.000591 -1.523257
 20 22.550726 -0.000027 -0.000013 0.204439 -0.145015 0.916860
 21 30.814270 -0.000023 0.000002 -2.279914 -0.015999 0.371783
 22 -4.250660 -0.770624 0.000001 0.036877 -0.076547 -3.109016
 23 10.363422 0.000000 0.000000 0.013519 -0.205843 -0.050189
 24 10.363076 0.000000 -0.000000 -0.097770 0.124553 0.298387
 25 10.363081 -0.000004 -0.000002 -0.129148 0.185180 0.120685
 26 8.210358 -0.000006 -7.703991 0.000000 0.000000 -0.000000
 27 8.210346 -0.000002 7.704017 0.000000 0.000000 -0.000000
 28 1.854841 1.227791 -13.762345 2.698797 0.142783 2.629153
 29 10.456543 -0.000004 0.000004 0.024042 0.267504 -1.252491
 30 24.248093 0.000001 0.000007 0.011336 -0.073362 0.944140
 31 26.336971 0.000019 0.000002 0.397926 -0.090366 1.014443
 32 1.854847 1.227798 13.762341 -2.757720 -0.323009 2.498593
 33 10.456542 -0.000008 0.000004 -0.051229 0.076730 -1.327330
 34 24.248116 0.000002 -0.000004 -0.022232 -0.072807 0.934097
 35 26.336975 0.000000 0.000004 -0.301684 -0.063434 1.427523
time 45
  0 0.000000 0.000000 0.000000 0.000000 -0.000000 -1.570796
  1 0.000000 0.000000 0.000000 0.000000 -0.000000 0.000000
  2 10.015930 -2.951586 18.328176 -1.260013 -0.239580 1.557951
  3 4.222169 -0.467508 0.000000 0.006704 -0.228738 -0.155087
  4 4.476987 -0.000002 -0.000000 0.009131 -0.130616 0.209157
  5 4.477083 0.000000 0.000002 -0.001724 0.269880 -0.082638
  6 4.477077 -0.000004 -0.000002 0.002703 0.236901 -0.028563
  7 5.413502 -7.700466 -0.000000 -0.012162 0.137424 -0.231531
  8 6.890240 0.000002 -0.000000 0.004746 0.024153 0.181982
  9 8.011925 0.000004 0.000005 0.034314 0.071427 0.000104
 10 7.210720 -0.000002 -0.000000 -0.035412 0.108525 -0.007160
 11 8.581028 -0.304903 -0.000000 0.046942 -0.228512 1.050111
 12 22.523008 2.194031 6.355708 0.000000 0.047386 0.000000
 13 22.523005 2.194038 -6.355709 0.000000 -0.000000 0.000000
 14 -3.006533 7.804720 -11.355459 0.754340 0.316078 1.822362
 15 10.384675 0.000008 0.000005 -0.078602 0.268907 -1.983946
 16 22.550743 -0.000006 -0.000004 -0.041986 -0.125849 2.060038
 17 30.814247 -0.000015 -0.000004 2.331220 -0.111374 0.834414
 18 -3.013796 7.815494 11.355459 -0.361367 -0.462081 1.442810
 19 10.374533 -0.000002 0.000007 0.008060 0.104544 -1.366349
 20 22.550726 -0.000027 -0.000013 0.242842 -0.205538 0.916488
 21 30.814270 -0.000023 0.000002 -2.370667 0.041964 0.350614
 22 -4.250660 -0.770624 0.000001 0.040903 -0.062088 -3.107480
 23 10.363422 0.000000 0.000000 0.025575 -0.206143 -0.049375
 24 10.363076 0.000000 -0.000000 -0.074352 0.124193 0.296994
 25 10.363081 -0.000004 -0.000002 -0.093776 0.183532 0.122886
 26 8.210358 -0.000006 -7.703991 0.000000 0.000000 -0.000000
 27 8.210346 -0.000002 7.704017 0.000000 0.000000 -0.000000
 28 1.854841 1.227791 -13.762345 2.696906 0.151764 2.629153
 29 10.456543 -0.000004 0.000004 0.023256 0.272700 -0.898147
 30 24.248093 0.000001 0.000007 0.010743 -0.076610 0.946982
 31 26.336971 0.000019 0.000002 0.404625 -0.088868 1.009196
 32 1.854847 1.227798 13.762341 -2.762311 -0.317838 2.498378
 33 10.456542 -0.000008 0.000004 -0.051535 0.073196 -1.326896
 34 24.248116 0.000002 -0.000004 -0.022362 -0.071920 0.934097
 35 26.336975 0.000000 0.000004 -0.309275 -0.064582 1.427524
time 46
  0 0.000000 0.000000 0.000000 0.000000 -0.000000 -1.570796
  1 0.000000 0.000000 0.000000 0.000000 -0.000000 0.000000
  2 10.015930 -2.951586 18.578184 -1.293373 -0.237506 1.557471
  3 4.222169 -0.467508 0.000000 0.007040 -0.238118 -0.152128
  4 4.476987 -0.000002 -0.000000 0.009083 -0.142246 0.215527
  5 4.477083 0.000000 0.000002 -0.001448 0.268959 -0.083290
  6 4.477077 -0.000004 -0.000002 0.002835 0.242295 -0.028890
  7 5.413502 -7.700466 -0.000000 -0.013690 0.118768 -0.231406
  8 6.890240 0.000002 -0.000000 0.005693 0.036530 0.199691
  9 8.011925 0.000004 0.000005 0.034222 0.085964 0.000285
 10 7.210720 -0.000002 -0.000000 -0.040189 0.137197 -0.007402
 11 8.581028 -0.304903 -0.000000 0.048526 -0.228888 1.050005
 12 22.523008 2.194031 6.355708 0.000000 0.047386 0.000000
 13 22.523005 2.194038 -6.355709 0.000000 -0.000000 0.000000
 14 -3.006533 7.804720 -11.355459 0.678648 0.351762 1.835066
 15 10.384675 0.000008 0.000005 -0.087903 0.273257 -1.956398
 16 22.550743 -0.000006 -0.000004 -0.054732 -0.133770 2.138247
 17 30.814247 -0.000015 -0.000004 2.476934 -0.106610 0.826177
 18 -3.013796 7.815494 11.355459 -0.236784 -0.466827 1.439675
 19 10.374533 -0.000002 0.000007 0.046754 0.181056 -1.207121
 20 22.550726 -0.000027 -0.000013 0.265659 -0.254105 0.912766
 21 30.814270 -0.000023 0.000002 -2.469383 0.074579 0.330197
 22 -4.250660 -0.770624 0.000001 0.044882 -0.048127 -3.106149
 23 10.363422 0.000000 0.000000 0.045050 -0.206538 -0.048781
 24 10.363076 0.000000 -0.000000 -0.040556 0.123714 0.295910
 25 10.363081 -0.000004 -0.000002 -0.056373 0.182330 0.129598
 26 8.210358 -0.000006 -7.703991 0.000000 0.000000 -0.000000
 27 8.210346 -0.000002 7.704017 0.000000 0.000000 -0.000000
 28 1.854841 1.227791 -13.762345 2.694796 0.160103 2.629153
 29 10.456543 -0.000004 0.000004 0.022505 0.277558 -1.256225
 30 24.248093 0.000001 0.000007 0.010224 -0.079637 0.951185
 31 26.336971 0.000019 0.000002 0.410846 -0.087502 1.003453
 32 1.854847 1.227798 13.762341 -2.766768 -0.312748 2.498076
 33 10.456542 -0.000008 0.000004 -0.051806 0.069940 -1.324886
 34 24.248116 0.000002 -0.000004 -0.022465 -0.071105 1.350028
 35 26.336975 0.000000 0.000004 -0.316479 -0.065606 1.427523
time 47
  0 0.000000 0.000000 0.000000 0.000000 -0.000000 -1.570796
  1 0.000000 0.000000 0.000000 0.000000 -0.000000 0.000000
  2 10.015930 -2.951586 49.176773 -1.327021 -0.235392 1.557088
  3 4.222169 -0.467508 0.000000 0.007927 -0.246646 -0.149045
  4 4.476987 -0.000002 -0.000000 0.008987 -0.150278 0.218702
  5 4.477083 0.000000 0.000002 -0.001508 0.266261 -0.083601
  6 4.477077 -0.000004 -0.000002 0.001361 0.244982 -0.028999
  7 5.413502 -7.700466 -0.000000 -0.015033 0.101097 -0.231313
  8 6.890240 0.000002 -0.000000 0.006436 0.048319 0.216051
  9 8.011925 0.000004 0.000005 0.033790 0.099591 0.000311
 10 7.210720 -0.000002 -0.000000 -0.045157 0.164403 -0.007670
 11 8.581028 -0.304903 -0.000000 0.050065 -0.229263 1.049935
 12 22.523008 2.194031 6.355708 0.000000 0.047386 0.000000
 13 22.523005 2.194038 -6.355709 0.000000 -0.000000 0.000000
 14 -3.006533 7.804720 -11.355459 0.603010 0.379178 1.849831
 15 10.384675 0.000008 0.000005 -0.097278 0.277436 -1.922242
 16 22.550743 -0.000006 -0.000004 -0.065287 -0.141145 2.210765
 17 30.814247 -0.000015 -0.000004 2.608058 -0.106892 0.817009
 18 -3.013796 7.815494 11.355459 -0.104665 -0.456252 1.439561
 19 10.374533 -0.000002 0.000007 0.085851 0.255374 -1.136727
 20 22.550726 -0.000027 -0.000013 0.278548 -0.297765 0.929702
 21 30.814270 -0.000023 0.000002 -2.567363 0.084268 0.311984
 22 -4.250660 -0.770624 0.000001 0.048777 -0.034711 -3.104996
 23 10.363422 0.000000 0.000000 0.069175 -0.207054 -0.048407
 24 10.363076 0.000000 -0.000000 -0.000527 0.123126 0.295084
 25 10.363081 -0.000004 -0.000002 -0.019462 0.181468 0.090589
 26 8.210358 -0.000006 -7.703991 0.000000 0.000000 -0.000000
 27 8.210346 -0.000002 7.704017 0.000000 0.000000 -0.000000
 28 1.854841 1.227791 -13.762345 2.692553 0.167628 2.629153
 29 10.456543 -0.000004 0.000004 0.021823 0.281971 -1.256269
 30 24.248093 0.000001 0.000007 0.009742 -0.082361 0.956631
 31 26.336971 0.000019 0.000002 0.416589 -0.086346 0.997268
 32 1.854847 1.227798 13.762341 -2.771056 -0.307769 2.497775
 33 10.456542 -0.000008 0.000004 -0.052077 0.066934 -1.320315
 34 24.248116 0.000002 -0.000004 -0.022556 -0.070362 0.934706
 35 26.336975 0.000000 0.000004 -0.323040 -0.066537 1.427524
time 48
  0 0.000000 0.000000 0.000000 0.000000 -0.000000 -1.570796
  1 0.000000 0.000000 0.000000 0.000000 -0.000000 0.000000
  2 10.015930 -2.951586 19.726658 -1.360956 -0.233238 1.556800
  3 4.222169 -0.467508 0.000000 0.008106 -0.246386 -0.145948
  4 4.476987 -0.000002 -0.000000 0.008843 -0.155418 0.219390
  5 4.477083 0.000000 0.000002 -0.002263 0.262611 -0.083705
  6 4.477077 -0.000004 -0.000002 -0.001300 0.245565 -0.029092
  7 5.413502 -7.700466 -0.000000 -0.016176 0.085296 -0.389782
  8 6.890240 0.000002 -0.000000 0.006999 0.059612 0.217540
  9 8.011925 0.000004 0.000005 0.033083 0.112516 0.000130
 10 7.210720 -0.000002 -0.000000 -0.049961 0.188732 -0.007992
 11 8.581028 -0.304903 -0.000000 0.051557 -0.229622 1.049830
 12 22.523008 2.194031 6.355708 0.000000 0.047386 0.000000
 13 22.523005 2.194038 -6.355709 0.000000 -0.000000 0.000000
 14 -3.006533 7.804720 -11.355459 0.531495 0.399175 1.905388
 15 10.384675 0.000008 0.000005 -0.106653 0.281361 -1.942513
 16 22.550743 -0.000006 -0.000004 -0.073812 -0.149094 2.243816
 17 30.814247 -0.000015 -0.000004 2.721930 -0.110434 0.806875
 18 -3.013796 7.815494 11.355459 0.023737 -0.436260 1.442696
 19 10.374533 -0.000002 0.000007 0.123668 0.326703 -1.082627
 20 22.550726 -0.000027 -0.000013 0.282573 -0.335417 1.123010
 21 30.814270 -0.000023 0.000002 -2.660080 0.086054 0.297425
 22 -4.250660 -0.770624 0.000001 0.052552 -0.021937 -3.103998
 23 10.363422 0.000000 0.000000 0.095289 -0.207653 -0.048209
 24 10.363076 0.000000 -0.000000 0.041515 0.122479 0.294413
 25 10.363081 -0.000004 -0.000002 0.016144 0.180728 0.090911
 26 8.210358 -0.000006 -7.703991 0.000000 0.000000 -0.000000
 27 8.210346 -0.000002 7.704017 0.000000 0.000000 -0.000000
 28 1.854841 1.227791 -13.762345 2.690354 0.174166 2.629153
 29 10.456543 -0.000004 0.000004 0.021212 0.285850 -1.256486
 30 24.248093 0.000001 0.000007 0.009335 -0.084702 0.963203
 31 26.336971 0.000019 0.000002 0.421635 -0.085426 0.990640
 32 1.854847 1.227798 13.762341 -2.775175 -0.302953 2.497430
 33 10.456542 -0.000008 0.000004 -0.052315 0.064290 -1.314403
 34 24.248116 0.000002 -0.000004 -0.022634 -0.069703 0.934097
 35 26.336975 0.000000 0.000004 -0.328829 -0.067312 1.427523
time 49
  0 0.000000 0.000000 0.000000 0.000000 -0.000000 -1.570796
  1 0.000000 0.000000 0.000000 0.000000 -0.000000 0.000000
  2 10.015930 -2.951586 19.925882 -1.395178 -0.231004 1.556513
  3 4.222169 -0.467508 0.000000 0.008166 -0.245496 -0.142958
  4 4.476987 -0.000002 -0.000000 0.008664 -0.158288 0.218169
  5 4.477083 0.000000 0.000002 -0.004037 0.258831 -0.083794
  6 4.477077 -0.000004 -0.000002 -0.004799 0.244531 -0.029170
  7 5.413502 -7.700466 -0.000000 -0.017080 0.072229 -0.447563
  8 6.890240 0.000002 -0.000000 0.007454 0.070538 -0.000977
  9 8.011925 0.000004 0.000005 0.032113 0.124929 -0.000026
 10 7.210720 -0.000002 -0.000000 -0.054189 0.208841 -0.008394
 11 8.581028 -0.304903 -0.000000 0.052981 -0.229963 1.049760
 12 22.523008 2.194031 6.355708 0.000000 0.047386 0.000000
 13 22.523005 2.194038 -6.355709 0.000000 -0.000000 0.000000
 14 -3.006533 7.804720 -11.355459 0.462803 0.408891 1.956275
 15 10.384675 0.000008 0.000005 -0.115916 0.285923 -1.905469
 16 22.550743 -0.000006 -0.000004 -0.080337 -0.158938 2.274990
 17 30.814247 -0.000015 -0.000004 2.767226 -0.113757 0.802004
 18 -3.013796 7.815494 11.355459 0.058663 -0.408646 1.448339
 19 10.374533 -0.000002 0.000007 0.133038 0.349095 -1.037108
 20 22.550726 -0.000027 -0.000013 0.285657 -0.354302 1.319357
 21 30.814270 -0.000023 0.000002 -2.721226 0.066235 0.287886
 22 -4.250660 -0.770624 0.000001 0.056172 -0.009917 -3.103101
 23 10.363422 0.000000 0.000000 0.120721 -0.208300 -0.048121
 24 10.363076 0.000000 -0.000000 0.081363 0.121808 0.293793
 25 10.363081 -0.000004 -0.000002 0.049595 0.179865 0.091153
 26 8.210358 -0.000006 -7.703991 0.000000 0.000000 -0.000000
 27 8.210346 -0.000002 7.704017 0.000000 0.000000 -0.000000
 28 1.854841 1.227791 -13.762345 2.688287 0.179495 2.629153
 29 10.456543 -0.000004 0.000004 0.020705 0.289089 -1.256790
 30 24.248093 0.000001 0.000007 0.009001 -0.086619 0.970721
 31 26.336971 0.000019 0.000002 0.425942 -0.084769 0.983737
 32 1.854847 1.227798 13.762341 -2.779092 -0.298301 2.497042
 33 10.456542 -0.000008 0.000004 -0.052518 0.062064 -1.308058
 34 24.248116 0.000002 -0.000004 -0.022699 -0.069140 0.934909
 35 26.336975 0.000000 0.000004 -0.333675 -0.067964 1.427523
time 50
  0 0.000000 0.000000 0.000000 0.000000 -0.000000 -1.570796
  1 0.000000 0.000000 0.000000 0.000000 -0.000000 0.000000
  2 10.015930 -2.951586 20.437616 -1.427483 -0.229089 1.556321
  3 4.222169 -0.467508 0.000000 0.008190 -0.244588 -0.140183
  4 4.476987 -0.000002 -0.000000 0.008100 -0.157453 0.215727
  5 4.477083 0.000000 0.000002 -0.007189 0.255810 -0.083868
  6 4.477077 -0.000004 -0.000002 -0.008730 0.242464 -0.029248
  7 5.413502 -7.700466 -0.000000 -0.017664 0.062782 -0.453599
  8 6.890240 0.000002 -0.000000 0.007826 0.081256 -0.001071
  9 8.011925 0.000004 0.000005 0.030948 0.137086 0.000078
 10 7.210720 -0.000002 -0.000000 -0.057455 0.223371 -0.008877
 11 8.581028 -0.304903 -0.000000 0.054359 -0.230322 1.049620
 12 22.523008 2.194031 6.355708 0.000000 0.047386 0.000000
 13 22.523005 2.194038 -6.355709 0.000000 -0.000000 0.000000
 14 -3.006533 7.804720 -11.355459 0.384669 0.403839 1.934025
 15 10.384675 0.000008 0.000005 -0.124283 0.303087 -1.851984
 16 22.550743 -0.000006 -0.000004 -0.083311 -0.174750 2.305257
 17 30.814247 -0.000015 -0.000004 2.780635 -0.112503 0.793445
 18 -3.013796 7.815494 11.355459 0.034276 -0.376025 1.453925
 19 10.374533 -0.000002 0.000007 0.116186 0.329527 -1.009043
 20 22.550726 -0.000027 -0.000013 0.301508 -0.342504 1.375687
 21 30.814270 -0.000023 0.000002 -2.785809 0.038025 0.285376
 22 -4.250660 -0.770624 0.000001 0.059719 0.001107 -3.102308
 23 10.363422 0.000000 0.000000 0.142796 -0.208923 -0.048077
 24 10.363076 0.000000 -0.000000 0.114788 0.121197 0.205627
 25 10.363081 -0.000004 -0.000002 0.080621 0.178710 0.091233
 26 8.210358 -0.000006 -7.703991 0.000000 0.000000 -0.000000
 27 8.210346 -0.000002 7.704017 0.000000 0.000000 -0.000000
 28 1.854841 1.227791 -13.762345 2.686573 0.183443 2.629153
 29 10.456543 -0.000004 0.000004 0.020303 0.291598 -1.257181
 30 24.248093 0.000001 0.000007 0.008816 -0.088011 0.978950
 31 26.336971 0.000019 0.000002 0.429292 -0.084427 0.976558
 32 1.854847 1.227798 13.762341 -2.782738 -0.293841 2.496611
 33 10.456542 -0.000008 0.000004 -0.052654 0.060283 -1.302422
 34 24.248116 0.000002 -0.000004 -0.022750 -0.068696 0.180222
 35 26.336975 0.000000 0.000004 -0.337363 -0.068398 1.427524
time 51
  0 0.000000 0.000000 0.000000 0.000000 -0.000000 -1.570796
  1 0.000000 0.000000 0.000000 0.000000 -0.000000 0.000000
  2 10.015930 -2.951586 21.125137 -1.432468 -0.231642 1.556225
  3 4.222169 -0.467508 0.000000 0.008178 -0.243624 -0.137837
  4 4.476987 -0.000002 -0.000000 0.007405 -0.154454 0.212642
  5 4.477083 0.000000 0.000002 -0.011875 0.254421 -0.083942
  6 4.477077 -0.000004 -0.000002 -0.012733 0.239852 -0.029294
  7 5.413502 -7.700466 -0.000000 -0.017944 0.057719 -0.451608
  8 6.890240 0.000002 -0.000000 0.008162 0.091150 0.190941
  9 8.011925 0.000004 0.000005 0.029704 0.148317 0.000831
 10 7.210720 -0.000002 -0.000000 -0.059459 0.231157 -0.009493
 11 8.581028 -0.304903 -0.000000 0.055691 -0.230646 1.049515
 12 22.523008 2.194031 6.355708 0.000000 0.047386 0.000000
 13 22.523005 2.194038 -6.355709 0.000000 -0.000000 0.000000
 14 -3.006533 7.804720 -11.355459 0.286784 0.381404 2.012037
 15 10.384675 0.000008 0.000005 -0.128317 0.318809 -1.822659
 16 22.550743 -0.000006 -0.000004 -0.081488 -0.193347 2.314821
 17 30.814247 -0.000015 -0.000004 2.739969 -0.074447 0.729629
 18 -3.013796 7.815494 11.355459 -0.088780 -0.327335 1.457516
 19 10.374533 -0.000002 0.000007 0.058213 0.258530 -1.967715
 20 22.550726 -0.000027 -0.000013 0.325919 -0.298962 1.370972
 21 30.814270 -0.000023 0.000002 -2.854496 -0.006139 0.305486
 22 -4.250660 -0.770624 0.000001 0.064010 0.008345 -3.101514
 23 10.363422 0.000000 0.000000 0.158880 -0.209391 0.183493
 24 10.363076 0.000000 -0.000000 0.137619 0.120754 0.033553
 25 10.363081 -0.000004 -0.000002 0.108113 0.177570 0.091126
 26 8.210358 -0.000006 -7.703991 0.000000 0.000000 -0.000000
 27 8.210346 -0.000002 7.704017 0.000000 0.000000 -0.000000
 28 1.854841 1.227791 -13.762345 2.685341 0.185861 2.959955
 29 10.456543 -0.000004 0.000004 0.020041 0.293270 -1.257702
 30 24.248093 0.000001 0.000007 0.008704 -0.088838 0.987830
 31 26.336971 0.000019 0.000002 0.431598 -0.084453 0.969102
 32 1.854847 1.227798 13.762341 -2.786081 -0.289655 2.496180
 33 10.456542 -0.000008 0.000004 -0.052789 0.059003 -1.298442
 34 24.248116 0.000002 -0.000004 -0.022776 -0.068361 1.177705
 35 26.336975 0.000000 0.000004 -0.339722 -0.068615 1.427524
time 52
  0 0.000000 0.000000 0.000000 0.000000 -0.000000 -1.570796
  1 0.000000 0.000000 0.000000 0.000000 -0.000000 0.000000
  2 10.015930 -2.951586 21.937662 -1.435152 -0.234873 1.556129
  3 4.222169 -0.467508 0.000000 0.008130 -0.242605 -0.136150
  4 4.476987 -0.000002 -0.000000 0.007070 -0.153169 0.209556
  5 4.477083 0.000000 0.000002 -0.015674 0.254114 -0.083987
  6 4.477077 -0.000004 -0.000002 -0.016412 0.237239 -0.029341
  7 5.413502 -7.700466 -0.000000 -0.018037 0.055731 -0.449679
  8 6.890240 0.000002 -0.000000 0.008245 0.092078 0.000279
  9 8.011925 0.000004 0.000005 0.029625 0.149339 0.002544
 10 7.210720 -0.000002 -0.000000 -0.060420 0.234193 -0.010217
 11 8.581028 -0.304903 -0.000000 0.056931 -0.230988 1.049374
 12 22.523008 2.194031 6.355708 0.000000 0.047386 0.000000
 13 22.523005 2.194038 -6.355709 0.000000 -0.000000 0.000000
 14 -3.006533 7.804720 -11.355459 0.311310 0.333037 2.166003
 15 10.384675 0.000008 0.000005 -0.076772 0.311934 -1.847430
 16 22.550743 -0.000006 -0.000004 -0.065767 -0.181953 2.323719
 17 30.814247 -0.000015 -0.000004 2.697208 -0.011814 0.659008
 18 -3.013796 7.815494 11.355459 -0.165760 -0.276964 1.459112
 19 10.374533 -0.000002 0.000007 -0.005894 0.183348 -2.042458
 20 22.550726 -0.000027 -0.000013 0.344262 -0.252436 1.344979
 21 30.814270 -0.000023 0.000002 -2.875790 -0.070316 0.359985
 22 -4.250660 -0.770624 0.000001 0.063410 0.010014 -2.779955
 23 10.363422 0.000000 0.000000 0.167077 -0.209630 -0.065769
 24 10.363076 0.000000 -0.000000 0.146763 0.120562 0.013705
 25 10.363081 -0.000004 -0.000002 0.106845 0.175598 0.090804
 26 8.210358 -0.000006 -7.703991 0.000000 0.000000 -0.000000
 27 8.210346 -0.000002 7.704017 0.000000 0.000000 -0.000000
 28 1.854841 1.227791 -13.762345 2.684946 0.186478 2.420234
 29 10.456543 -0.000004 0.000004 0.019954 0.293840 -1.258266
 30 24.248093 0.000001 0.000007 0.008778 -0.088919 0.997184
 31 26.336971 0.000019 0.000002 0.432772 -0.084848 0.961591
 32 1.854847 1.227798 13.762341 -2.789187 -0.285742 2.495749
 33 10.456542 -0.000008 0.000004 -0.052823 0.058502 -1.297220
 34 24.248116 0.000002 -0.000004 -0.022776 -0.068241 1.090173
 35 26.336975 0.000000 0.000004 -0.340665 -0.068615 1.427523
time 53
  0 0.000000 0.000000 0.000000 0.000000 -0.000000 -1.570796
  1 0.000000 0.000000 0.000000 0.000000 -0.000000 0.000000
  2 10.015930 -2.951586 22.855659 -1.437741 -0.238463 1.556129
  3 4.222169 -0.467508 0.000000 0.008058 -0.241529 -0.135353
  4 4.476987 -0.000002 -0.000000 0.006890 -0.152184 0.207092
  5 4.477083 0.000000 0.000002 -0.016165 0.253290 -0.084031
  6 4.477077 -0.000004 -0.000002 -0.019372 0.235153 -0.029372
  7 5.413502 -7.700466 -0.000000 -0.018116 0.054270 -0.205892
  8 6.890240 0.000002 -0.000000 0.008305 0.092300 -0.000000
  9 8.011925 0.000004 0.000005 0.029625 0.149531 0.005477
 10 7.210720 -0.000002 -0.000000 -0.061106 0.236365 -0.011102
 11 8.581028 -0.304903 -0.000000 0.058102 -0.231312 1.049234
 12 22.523008 2.194031 6.355708 0.000000 0.047386 0.000000
 13 22.523005 2.194038 -6.355709 0.000000 -0.000000 0.000000
 14 -3.006533 7.804720 -11.355459 0.287598 0.284034 2.327454
 15 10.384675 0.000008 0.000005 -0.029896 0.336036 -1.887863
 16 22.550743 -0.000006 -0.000004 -0.043777 -0.208126 2.413126
 17 30.814247 -0.000015 -0.000004 2.710181 0.035365 0.620617
 18 -3.013796 7.815494 11.355459 -0.233423 -0.225622 1.462418
 19 10.374533 -0.000002 0.000007 -0.077820 0.103581 -2.120158
 20 22.550726 -0.000027 -0.000013 0.354476 -0.202299 1.284616
 21 30.814270 -0.000023 0.000002 -2.893225 -0.135130 0.438639
 22 -4.250660 -0.770624 0.000001 0.046644 0.009115 -2.940939
 23 10.363422 0.000000 0.000000 0.168360 -0.209642 -0.068630
 24 10.363076 0.000000 -0.000000 0.143120 0.120610 -0.015718
 25 10.363081 -0.000004 -0.000002 0.101095 0.173549 0.309904
 26 8.210358 -0.000006 -7.703991 0.000000 0.000000 -0.000000
 27 8.210346 -0.000002 7.704017 0.000000 0.000000 -0.000000
 28 1.854841 1.227791 -13.762345 2.689387 0.184701 2.419870
 29 10.456543 -0.000004 0.000004 0.020443 0.290850 -1.258918
 30 24.248093 0.000001 0.000007 0.009149 -0.087042 1.006775
 31 26.336971 0.000019 0.000002 0.432729 -0.085715 0.953915
 32 1.854847 1.227798 13.762341 -2.790807 -0.281610 2.495319
 33 10.456542 -0.000008 0.000004 -0.052484 0.062621 -1.299387
 34 24.248116 0.000002 -0.000004 -0.022621 -0.069260 0.948110
 35 26.336975 0.000000 0.000004 -0.339979 -0.068274 1.427523
time 54
  0 0.000000 0.000000 0.000000 0.000000 -0.000000 -1.570796
  1 0.000000 0.000000 0.000000 0.000000 -0.000000 0.000000
  2 10.015930 -2.951586 23.851784 -1.439945 -0.242452 1.556129
  3 4.222169 -0.467508 0.000000 0.007951 -0.240436 -0.135675
  4 4.476987 -0.000002 -0.000000 0.006854 -0.151606 0.205805
  5 4.477083 0.000000 0.000002 -0.015039 0.252273 -0.084061
  6 4.477077 -0.000004 -0.000002 -0.021278 0.234064 -0.029388
  7 5.413502 -7.700466 -0.000000 -0.018183 0.053284 -0.454159
  8 6.890240 0.000002 -0.000000 0.008341 0.092535 0.308671
  9 8.011925 0.000004 0.000005 0.029625 0.149739 0.008695
 10 7.210720 -0.000002 -0.000000 -0.061546 0.237795 -0.012175
 11 8.581028 -0.304903 -0.000000 0.059204 -0.231619 1.049094
 12 22.523008 2.194031 6.355708 0.000000 0.047386 0.000000
 13 22.523005 2.194038 -6.355709 0.000000 -0.000000 0.000000
 14 -3.006533 7.804720 -11.355459 0.249616 0.237080 2.439185
 15 10.384675 0.000008 0.000005 0.011975 0.383604 -1.933627
 16 22.550743 -0.000006 -0.000004 -0.016030 -0.263168 2.533345
 17 30.814247 -0.000015 -0.000004 2.725774 0.079910 0.615890
 18 -3.013796 7.815494 11.355459 -0.292787 -0.176111 1.489436
 19 10.374533 -0.000002 0.000007 -0.154802 0.023514 -2.201279
 20 22.550726 -0.000027 -0.000013 0.354108 -0.149943 2.551539
 21 30.814270 -0.000023 0.000002 -2.906661 -0.197056 0.531796
 22 -4.250660 -0.770624 0.000001 0.006112 0.008040 -2.938174
 23 10.363422 0.000000 0.000000 0.164500 -0.209487 -0.076508
 24 10.363076 0.000000 -0.000000 0.128726 0.120861 -0.047619
 25 10.363081 -0.000004 -0.000002 0.091111 0.171454 0.088495
 26 8.210358 -0.000006 -7.703991 0.000000 0.000000 -0.000000
 27 8.210346 -0.000002 7.704017 0.000000 0.000000 -0.000000
 28 1.854841 1.227791 -13.762345 2.702007 0.180384 2.419079
 29 10.456543 -0.000004 0.000004 0.021806 0.282380 -1.259612
 30 24.248093 0.000001 0.000007 0.010039 -0.082220 1.016484
 31 26.336971 0.000019 0.000002 0.433033 -0.087607 0.946239
 32 1.854847 1.227798 13.762341 -2.779362 -0.271979 2.494888
 33 10.456542 -0.000008 0.000004 -0.051467 0.074670 -1.304195
 34 24.248116 0.000002 -0.000004 -0.022219 -0.072268 0.934706
 35 26.336975 0.000000 0.000004 -0.337492 -0.066692 1.427523
time 55
  0 0.000000 0.000000 0.000000 0.000000 -0.000000 -1.570796
  1 0.000000 0.000000 0.000000 0.000000 -0.000000 0.000000
  2 10.015930 -2.951586 24.902596 -1.441863 -0.246840 1.556225
  3 4.222169 -0.467508 0.000000 0.007819 -0.239286 -0.137346
  4 4.476987 -0.000002 -0.000000 0.007010 -0.151456 0.206204
  5 4.477083 0.000000 0.000002 -0.013769 0.251416 -0.084076
  6 4.477077 -0.000004 -0.000002 -0.021110 0.234402 -0.003864
  7 5.413502 -7.700466 -0.000000 -0.018249 0.052639 -0.454346
  8 6.890240 0.000002 -0.000000 0.008365 0.092744 0.012031
  9 8.011925 0.000004 0.000005 0.029612 0.149898 0.010746
 10 7.210720 -0.000002 -0.000000 -0.061793 0.238660 -0.013409
 11 8.581028 -0.304903 -0.000000 0.060238 -0.231927 1.048954
 12 22.523008 2.194031 6.355708 0.000000 0.047386 0.000000
 13 22.523005 2.194038 -6.355709 0.000000 -0.000000 0.000000
 14 -3.006533 7.804720 -11.355459 0.205286 0.197899 2.532306
 15 10.384675 0.000008 0.000005 0.045068 0.433484 -1.977614
 16 22.550743 -0.000006 -0.000004 0.013348 -0.319617 2.509313
 17 30.814247 -0.000015 -0.000004 2.744381 0.123327 0.643680
 18 -3.013796 7.815494 11.355459 -0.322164 -0.156530 1.513604
 19 10.374533 -0.000002 0.000007 -0.206843 -0.024891 -2.286402
 20 22.550726 -0.000027 -0.000013 0.347449 -0.124167 1.840035
 21 30.814270 -0.000023 0.000002 -2.875650 -0.224900 0.629639
 22 -4.250660 -0.770624 0.000001 -0.051654 0.007237 -2.939454
 23 10.363422 0.000000 0.000000 0.157274 -0.209223 -0.088282
 24 10.363076 0.000000 -0.000000 0.105584 0.121245 -0.080140
 25 10.363081 -0.000004 -0.000002 0.074625 0.169220 0.088468
 26 8.210358 -0.000006 -7.703991 0.000000 0.000000 -0.000000
 27 8.210346 -0.000002 7.704017 0.000000 0.000000 -0.000000
 28 1.854841 1.227791 -13.762345 2.719729 0.174413 2.417923
 29 10.456543 -0.000004 0.000004 0.023658 0.270511 -1.260350
 30 24.248093 0.000001 0.000007 0.011188 -0.075460 1.026193
 31 26.336971 0.000019 0.000002 0.435382 -0.090813 0.938507
 32 1.854847 1.227798 13.762341 -2.767173 -0.262402 2.494457
 33 10.456542 -0.000008 0.000004 -0.049941 0.091813 -1.239522
 34 24.248116 0.000002 -0.000004 -0.021649 -0.076558 0.937956
 35 26.336975 0.000000 0.000004 -0.333632 -0.063093 1.427524
time 56
  0 0.000000 0.000000 0.000000 0.000000 -0.000000 -1.570796
  1 0.000000 0.000000 0.000000 0.000000 -0.000000 0.000000
  2 10.015930 -2.951586 25.969036 -1.443396 -0.251587 1.556321
  3 4.222169 -0.467508 0.000000 0.007663 -0.238137 -0.140520
  4 4.476987 -0.000002 -0.000000 0.007321 -0.151756 0.207248
  5 4.477083 0.000000 0.000002 -0.012294 0.250544 -0.059783
  6 4.477077 -0.000004 -0.000002 -0.014099 0.235285 -0.029372
  7 5.413502 -7.700466 -0.000000 -0.018289 0.052197 -0.454066
  8 6.890240 0.000002 -0.000000 0.008377 0.092914 0.381278
  9 8.011925 0.000004 0.000005 0.029599 0.150026 0.011914
 10 7.210720 -0.000002 -0.000000 -0.061985 0.239207 -0.014884
 11 8.581028 -0.304903 -0.000000 0.061156 -0.232234 1.338151
 12 22.523008 2.194031 6.355708 0.000000 0.047386 0.000000
 13 22.523005 2.194038 -6.355709 0.000000 -0.000000 0.000000
 14 -3.006533 7.804720 -11.355459 0.159708 0.171047 2.600498
 15 10.384675 0.000008 0.000005 0.093214 0.468003 -1.982724
 16 22.550743 -0.000006 -0.000004 0.041112 -0.357354 2.454834
 17 30.814247 -0.000015 -0.000004 2.813088 0.147716 0.671578
 18 -3.013796 7.815494 11.355459 -0.349148 -0.153354 1.983286
 19 10.374533 -0.000002 0.000007 -0.239065 -0.050771 -2.368857
 20 22.550726 -0.000027 -0.000013 0.340361 -0.104104 1.917581
 21 30.814270 -0.000023 0.000002 -2.814049 -0.234540 0.722377
 22 -4.250660 -0.770624 0.000001 -0.115448 0.006563 -2.943756
 23 10.363422 0.000000 0.000000 0.148213 -0.208923 -0.102850
 24 10.363076 0.000000 -0.000000 0.075779 0.121712 -0.112866
 25 10.363081 -0.000004 -0.000002 0.050051 0.166816 0.088334
 26 8.210358 -0.000006 -7.703991 0.000000 0.000000 -0.000000
 27 8.210346 -0.000002 7.704017 0.000000 0.000000 -0.000000
 28 1.854841 1.227791 -13.762345 2.739649 0.167554 2.416342
 29 10.456543 -0.000004 0.000004 0.025667 0.257183 -1.261088
 30 24.248093 0.000001 0.000007 0.012486 -0.067752 1.035547
 31 26.336971 0.000019 0.000002 0.438993 -0.094781 0.930941
 32 1.854847 1.227798 13.762341 -2.755694 -0.253592 2.494069
 33 10.456542 -0.000008 0.000004 -0.048177 0.111432 -1.239522
 34 24.248116 0.000002 -0.000004 -0.020989 -0.081472 0.941205
 35 26.336975 0.000000 0.000004 -0.329130 -0.058440 1.427524
time 57
  0 0.000000 0.000000 0.000000 0.000000 -0.000000 -1.570796
  1 0.000000 0.000000 0.000000 0.000000 -0.000000 0.000000
  2 10.015930 -2.951586 27.015942 -1.444643 -0.256773 1.556513
  3 4.222169 -0.467508 0.000000 0.007483 -0.236951 -0.146914
  4 4.476987 -0.000002 -0.000000 0.007741 -0.152248 0.207758
  5 4.477083 0.000000 0.000002 -0.009634 0.249349 -0.084061
  6 4.477077 -0.000004 -0.000002 -0.008454 0.235717 0.116204
  7 5.413502 -7.700466 -0.000000 -0.018329 0.051840 -0.453102
  8 6.890240 0.000002 -0.000000 0.008377 0.093058 0.047985
  9 8.011925 0.000004 0.000005 0.029586 0.150122 0.012277
 10 7.210720 -0.000002 -0.000000 -0.062095 0.239613 -0.016573
 11 8.581028 -0.304903 -0.000000 0.062029 -0.232524 1.050987
 12 22.523008 2.194031 6.355708 0.000000 0.047386 0.000000
 13 22.523005 2.194038 -6.355709 0.000000 -0.000000 0.000000
 14 -3.006533 7.804720 -11.355459 0.101487 0.157445 2.640535
 15 10.384675 0.000008 0.000005 0.134375 0.496773 -1.955954
 16 22.550743 -0.000006 -0.000004 0.065772 -0.387659 2.397690
 17 30.814247 -0.000015 -0.000004 2.906038 0.148280 0.817296
 18 -3.013796 7.815494 11.355459 -0.492315 -0.157875 1.525232
 19 10.374533 -0.000002 0.000007 -0.262388 -0.065655 -2.445804
 20 22.550726 -0.000027 -0.000013 0.335948 -0.088183 1.994197
 21 30.814270 -0.000023 0.000002 -2.648083 -0.210562 0.800166
 22 -4.250660 -0.770624 0.000001 -0.174927 0.005906 -2.950106
 23 10.363422 0.000000 0.000000 0.137775 -0.208588 -0.119046
 24 10.363076 0.000000 -0.000000 0.040879 0.122228 -0.145283
 25 10.363081 -0.000004 -0.000002 0.019763 0.164274 0.088146
 26 8.210358 -0.000006 -7.703991 0.000000 0.000000 -0.000000
 27 8.210346 -0.000002 7.704017 0.000000 0.000000 -0.000000
 28 1.854841 1.227791 -13.762345 2.759261 0.160621 2.414517
 29 10.456543 -0.000004 0.000004 0.027536 0.244229 -1.261827
 30 24.248093 0.000001 0.000007 0.013746 -0.059964 1.044664
 31 26.336971 0.000019 0.000002 0.443213 -0.098959 0.923430
 32 1.854847 1.227798 13.762341 -2.745092 -0.245602 2.493725
 33 10.456542 -0.000008 0.000004 -0.046312 0.131163 -0.916667
 34 24.248116 0.000002 -0.000004 -0.020315 -0.086398 0.944150
 35 26.336975 0.000000 0.000004 -0.324541 -0.053446 1.427524
time 58
  0 0.000000 0.000000 0.000000 0.000000 -0.000000 -1.570796
  1 0.000000 0.000000 0.000000 0.000000 -0.000000 0.000000
  2 10.015930 -2.951586 28.004253 -1.445601 -0.262317 1.556705
  3 4.222169 -0.467508 0.000000 0.007291 -0.235746 -0.177428
  4 4.476987 -0.000002 -0.000000 0.008124 -0.152676 0.207869
  5 4.477083 0.000000 0.000002 -0.006913 0.248153 0.054492
  6 4.477077 -0.000004 -0.000002 -0.004631 0.235811 0.301989
  7 5.413502 -7.700466 -0.000000 -0.018356 0.051551 -0.451639
  8 6.890240 0.000002 -0.000000 0.008377 0.093188 0.004701
  9 8.011925 0.000004 0.000005 0.029573 0.150186 0.012096
 10 7.210720 -0.000002 -0.000000 -0.062204 0.239931 -0.018504
 11 8.581028 -0.304903 -0.000000 0.062787 -0.232797 1.050566
 12 22.523008 2.194031 6.355708 0.000000 0.047386 0.000000
 13 22.523005 2.194038 -6.355709 0.000000 -0.000000 0.000000
 14 -3.006533 7.804720 -11.355459 -0.049517 0.161049 1.227583
 15 10.384675 0.000008 0.000005 0.168514 0.517841 -1.923075
 16 22.550743 -0.000006 -0.000004 0.085827 -0.408896 2.546601
 17 30.814247 -0.000015 -0.000004 3.016066 0.107371 0.586990
 18 -3.013796 7.815494 11.355459 -0.636856 -0.155372 1.528253
 19 10.374533 -0.000002 0.000007 -0.274320 -0.066353 -2.516662
 20 22.550726 -0.000027 -0.000013 0.359051 -0.088693 2.204193
 21 30.814270 -0.000023 0.000002 -2.513935 -0.160918 0.853299
 22 -4.250660 -0.770624 0.000001 -0.218851 0.005183 -2.957506
 23 10.363422 0.000000 0.000000 0.126282 -0.208228 -0.135749
 24 10.363076 0.000000 -0.000000 0.002529 0.122767 -0.176952
 25 10.363081 -0.000004 -0.000002 -0.010401 0.161779 0.087904
 26 8.210358 -0.000006 -7.703991 0.000000 0.000000 -0.000000
 27 8.210346 -0.000002 7.704017 0.000000 0.000000 -0.000000
 28 1.854841 1.227791 -13.762345 2.776015 0.154527 2.412389
 29 10.456543 -0.000004 0.000004 0.029021 0.233623 -1.262521
 30 24.248093 0.000001 0.000007 0.014784 -0.053103 1.053129
 31 26.336971 0.000019 0.000002 0.447259 -0.102770 0.916140
 32 1.854847 1.227798 13.762341 -2.735638 -0.238597 2.493380
 33 10.456542 -0.000008 0.000004 -0.044650 0.148250 -1.239049
 34 24.248116 0.000002 -0.000004 -0.019719 -0.090664 0.934097
 35 26.336975 0.000000 0.000004 -0.320639 -0.049009 1.427524
time 59
  0 0.000000 0.000000 0.000000 0.000000 -0.000000 -1.570796
  1 0.000000 0.000000 0.000000 0.000000 -0.000000 0.000000
  2 10.015930 -2.951586 28.840218 -1.446176 -0.268460 1.556896
  3 4.222169 -0.467508 0.000000 0.007076 -0.234522 -0.219964
  4 4.476987 -0.000002 -0.000000 0.008400 -0.152805 0.207558
  5 4.477083 0.000000 0.000002 -0.004948 0.247152 0.231315
  6 4.477077 -0.000004 -0.000002 -0.002378 0.235548 0.296695
  7 5.413502 -7.700466 -0.000000 -0.018369 0.051296 -0.450021
  8 6.890240 0.000002 -0.000000 0.008353 0.093280 0.000140
  9 8.011925 0.000004 0.000005 0.029546 0.150218 0.011473
 10 7.210720 -0.000002 -0.000000 -0.062287 0.240161 -0.020703
 11 8.581028 -0.304903 -0.000000 0.063430 -0.233071 1.515468
 12 22.523008 2.194031 6.355708 0.000000 0.047386 0.000000
 13 22.523005 2.194038 -6.355709 0.000000 -0.000000 0.000000
 14 -3.006533 7.804720 -11.355459 -0.224071 0.171118 1.313699
 15 10.384675 0.000008 0.000005 0.200151 0.530210 -1.450268
 16 22.550743 -0.000006 -0.000004 0.101900 -0.420059 2.363731
 17 30.814247 -0.000015 -0.000004 3.118973 0.065960 0.575745
 18 -3.013796 7.815494 11.355459 -0.667302 -0.169571 1.530248
 19 10.374533 -0.000002 0.000007 -0.270950 -0.051170 -2.513241
 20 22.550726 -0.000027 -0.000013 0.401948 -0.099392 2.409598
 21 30.814270 -0.000023 0.000002 -2.518987 -0.099432 0.874580
 22 -4.250660 -0.770624 0.000001 -0.236720 0.004301 -2.964958
 23 10.363422 0.000000 0.000000 0.114021 -0.207857 -0.151857
 24 10.363076 0.000000 -0.000000 -0.037835 0.123318 -0.207408
 25 10.363081 -0.000004 -0.000002 -0.040417 0.159298 0.087582
 26 8.210358 -0.000006 -7.703991 0.000000 0.000000 -0.000000
 27 8.210346 -0.000002 7.704017 0.000000 0.000000 -0.000000
 28 1.854841 1.227791 -13.762345 2.787492 0.150210 2.410017
 29 10.456543 -0.000004 0.000004 0.029929 0.227057 -1.263216
 30 24.248093 0.000001 0.000007 0.015526 -0.048140 1.053129
 31 26.336971 0.000019 0.000002 0.450565 -0.105634 0.909127
 32 1.854847 1.227798 13.762341 -2.727738 -0.232769 2.493078
 33 10.456542 -0.000008 0.000004 -0.043463 0.160188 -1.239522
 34 24.248116 0.000002 -0.000004 -0.019305 -0.093636 0.947399
 35 26.336975 0.000000 0.000004 -0.318109 -0.045876 1.427524
time 60
  0 0.000000 0.000000 0.000000 0.000000 -0.000000 -1.570796
  1 0.000000 0.000000 0.000000 0.000000 -0.000000 0.000000
  2 10.015930 -2.951586 28.480831 -1.446464 -0.273566 1.557184
  3 4.222169 -0.467508 0.000000 0.006836 -0.233299 -0.238671
  4 4.476987 -0.000002 -0.000000 0.008556 -0.152655 0.206915
  5 4.477083 0.000000 0.000002 -0.003821 0.246360 0.226276
  6 4.477077 -0.000004 -0.000002 -0.001491 0.235003 0.291322
  7 5.413502 -7.700466 -0.000000 -0.018369 0.051092 -0.448216
  8 6.890240 0.000002 -0.000000 0.008341 0.093358 0.001629
  9 8.011925 0.000004 0.000005 0.029520 0.150218 0.010538
 10 7.210720 -0.000002 -0.000000 -0.062342 0.240302 -0.023197
 11 8.581028 -0.304903 -0.000000 0.064004 -0.233344 1.068687
 12 22.523008 2.194031 6.355708 0.000000 0.047386 0.000000
 13 22.523005 2.194038 -6.355709 0.000000 -0.000000 0.000000
 14 -3.006533 7.804720 -11.355459 -0.247131 0.200124 1.382716
 15 10.384675 0.000008 0.000005 0.245196 0.506363 -1.938015
 16 22.550743 -0.000006 -0.000004 0.107561 -0.387229 2.292000
 17 30.814247 -0.000015 -0.000004 -3.115073 0.002732 0.551286
 18 -3.013796 7.815494 11.355459 -0.632274 -0.225734 1.531388
 19 10.374533 -0.000002 0.000007 -0.175901 0.039229 -2.522518
 20 22.550726 -0.000027 -0.000013 0.469378 -0.156990 2.609047
 21 30.814270 -0.000023 0.000002 -2.574344 -0.009001 0.866101
 22 -4.250660 -0.770624 0.000001 -0.221763 0.003177 -2.971462
 23 10.363422 0.000000 0.000000 0.101282 -0.207485 -0.166227
 24 10.363076 0.000000 -0.000000 -0.078775 0.123870 -0.236031
 25 10.363081 -0.000004 -0.000002 -0.070002 0.156895 0.087233
 26 8.210358 -0.000006 -7.703991 0.000000 0.000000 -0.000000
 27 8.210346 -0.000002 7.704017 0.000000 0.000000 -0.000000
 28 1.854841 1.227791 -13.762345 2.791538 0.148606 2.407462
 29 10.456543 -0.000004 0.000004 0.030174 0.225171 -1.263824
 30 24.248093 0.000001 0.000007 0.015785 -0.046001 1.053129
 31 26.336971 0.000019 0.000002 0.452392 -0.107027 0.902389
 32 1.854847 1.227798 13.762341 -2.721492 -0.228090 2.492820
 33 10.456542 -0.000008 0.000004 -0.043090 0.164335 -1.238891
 34 24.248116 0.000002 -0.000004 -0.019149 -0.094643 1.338604
 35 26.336975 0.000000 0.000004 -0.317594 -0.044915 1.427523
time 61
  0 0.000000 0.000000 0.000000 0.000000 -0.000000 -1.570796
  1 0.000000 0.000000 0.000000 0.000000 -0.000000 0.000000
  2 10.015930 -2.951586 28.933969 -1.446752 -0.268062 1.557472
  3 4.222169 -0.467508 0.000000 0.006584 -0.232075 -0.248607
  4 4.476987 -0.000002 -0.000000 0.008604 -0.152291 0.205960
  5 4.477083 0.000000 0.000002 -0.003354 0.245714 0.221162
  6 4.477077 -0.000004 -0.000002 -0.001755 0.234195 0.285918
  7 5.413502 -7.700466 -0.000000 -0.018369 0.050939 -0.446225
  8 6.890240 0.000002 -0.000000 0.008305 0.093411 0.003118
  9 8.011925 0.000004 0.000005 0.029507 0.150202 0.009396
 10 7.210720 -0.000002 -0.000000 -0.062397 0.240355 -0.026013
 11 8.581028 -0.304903 -0.000000 0.064463 -0.233600 1.624824
 12 22.523008 2.194031 6.355708 0.000000 0.047386 0.000000
 13 22.523005 2.194038 -6.355709 0.000000 -0.000000 0.000000
 14 -3.006533 7.804720 -11.355459 -0.242356 0.243757 1.407026
 15 10.384675 0.000008 0.000005 0.310934 0.450245 -1.959342
 16 22.550743 -0.000006 -0.000004 0.108169 -0.316460 2.218876
 17 30.814247 -0.000015 -0.000004 -3.083667 -0.079180 0.522350
 18 -3.013796 7.815494 11.355459 -0.524644 -0.315677 1.531673
 19 10.374533 -0.000002 0.000007 -0.003467 0.202152 -2.552497
 20 22.550726 -0.000027 -0.000013 0.502960 -0.265923 2.800680
 21 30.814270 -0.000023 0.000002 -2.638261 0.081062 0.832604
 22 -4.250660 -0.770624 0.000001 -0.180260 0.001878 -2.976045
 23 10.363422 0.000000 0.000000 0.088350 -0.207102 -0.177714
 24 10.363076 0.000000 -0.000000 -0.118839 0.124409 -0.256575
 25 10.363081 -0.000004 -0.000002 -0.098923 0.154553 0.086830
 26 8.210358 -0.000006 -7.703991 0.000000 0.000000 -0.000000
 27 8.210346 -0.000002 7.704017 0.000000 0.000000 -0.000000
 28 1.854841 1.227791 -13.762345 2.785689 0.150604 2.970051
 29 10.456543 -0.000004 0.000004 0.029720 0.228356 -1.264388
 30 24.248093 0.000001 0.000007 0.015451 -0.047655 1.053129
 31 26.336971 0.000019 0.000002 0.452131 -0.106370 0.895983
 32 1.854847 1.227798 13.762341 -2.719297 -0.226230 2.492648
 33 10.456542 -0.000008 0.000004 -0.043734 0.158379 -1.824697
 34 24.248116 0.000002 -0.000004 -0.019369 -0.093121 0.934249
 35 26.336975 0.000000 0.000004 -0.319524 -0.046621 1.427524
time 62
  0 0.000000 0.000000 0.000000 0.000000 -0.000000 -1.570796
  1 0.000000 0.000000 0.000000 0.000000 -0.000000 0.000000
  2 10.015930 -2.951586 29.516018 -1.446847 -0.261280 1.557855
  3 4.222169 -0.467508 0.000000 0.006333 -0.230870 -0.248776
  4 4.476987 -0.000002 -0.000000 0.008568 -0.151756 0.204784
  5 4.477083 0.000000 0.000002 -0.003390 0.245230 0.216019
  6 4.477077 -0.000004 -0.000002 -0.002989 0.233199 0.270330
  7 5.413502 -7.700466 -0.000000 -0.018356 0.050821 -0.444078
  8 6.890240 0.000002 -0.000000 0.008281 0.093450 0.185403
  9 8.011925 0.000004 0.000005 0.029481 0.150154 0.008176
 10 7.210720 -0.000002 -0.000000 -0.062424 0.240373 -0.029150
 11 8.581028 -0.304903 -0.000000 0.064807 -0.233839 1.122839
 12 22.523008 2.194031 6.355708 0.000000 0.047386 0.000000
 13 22.523005 2.194038 -6.355709 0.000000 -0.000000 0.000000
 14 -3.006533 7.804720 -11.355459 -0.243496 0.289828 1.409636
 15 10.384675 0.000008 0.000005 0.374320 0.386680 -1.980836
 16 22.550743 -0.000006 -0.000004 0.108025 -0.238574 2.036733
 17 30.814247 -0.000015 -0.000004 -3.056979 -0.165042 0.483064
 18 -3.013796 7.815494 11.355459 -0.392729 -0.357528 1.531217
 19 10.374533 -0.000002 0.000007 0.077695 0.288962 -2.620861
 20 22.550726 -0.000027 -0.000013 0.504370 -0.326033 2.924196
 21 30.814270 -0.000023 0.000002 -2.716385 0.103499 0.778746
 22 -4.250660 -0.770624 0.000001 -0.122015 0.000481 -2.977684
 23 10.363422 0.000000 0.000000 0.075515 -0.206730 -0.185240
 24 10.363076 0.000000 -0.000000 -0.156567 0.124912 -0.266022
 25 10.363081 -0.000004 -0.000002 -0.126920 0.152319 0.086401
 26 8.210358 -0.000006 -7.703991 0.000000 0.000000 -0.000000
 27 8.210346 -0.000002 7.704017 0.000000 0.000000 -0.000000
 28 1.854841 1.227791 -13.762345 2.768715 0.156575 2.601784
 29 10.456543 -0.000004 0.000004 0.028514 0.236986 -1.264866
 30 24.248093 0.000001 0.000007 0.014413 -0.053567 1.053129
 31 26.336971 0.000019 0.000002 0.449304 -0.103400 0.890018
 32 1.854847 1.227798 13.762341 -2.733478 -0.235779 2.492476
 33 10.456542 -0.000008 0.000004 -0.045328 0.142990 -1.050428
 34 24.248116 0.000002 -0.000004 -0.019900 -0.089250 0.932421
 35 26.336975 0.000000 0.000004 -0.323383 -0.050405 1.427524
time 63
  0 0.000000 0.000000 0.000000 0.000000 -0.000000 -1.570796
  1 0.000000 0.000000 0.000000 0.000000 -0.000000 0.000000
  2 0.789087 -2.951586 29.484768 -1.570318 -0.261799 1.816594
  3 4.222169 -0.467508 0.000000 0.160514 0.003448 -0.238563
  4 4.476987 -0.000002 -0.000000 0.163732 -0.010269 -0.042295
  5 4.477083 0.000000 0.000002 -0.012942 0.030808 0.201183
  6 4.477077 -0.000004 -0.000002 -0.120211 -0.010840 0.254258
  7 5.413502 -7.700466 -0.000000 0.264461 0.003398 -0.441776
  8 6.890240 0.000002 -0.000000 -0.125563 0.002614 0.046287
  9 8.011925 0.000004 0.000005 -0.087958 0.003227 0.007008
 10 7.210720 -0.000002 -0.000000 -0.312477 0.003566 -0.032610
 11 8.581028 -0.304903 -0.000000 -0.302035 0.003325 1.057646
 12 22.523008 2.194031 6.355708 0.000000 0.047386 0.000000
 13 22.523005 2.194038 -6.355709 0.000000 -0.000000 0.000000
 14 -3.006533 7.804720 -11.355459 -0.379796 0.277498 1.409017
 15 10.384675 0.000008 0.000005 0.052688 0.185484 -2.002496
 16 22.550743 -0.000006 -0.000004 0.092048 0.042406 1.842846
 17 30.814247 -0.000015 -0.000004 2.699217 0.006117 0.441451
 18 -3.013796 7.815494 11.355459 -0.753395 -0.240756 1.530077
 19 10.374533 -0.000002 0.000007 0.147464 -0.181967 -2.728714
 20 22.550726 -0.000027 -0.000013 -0.174524 -0.008501 2.992499
 21 30.814270 -0.000023 0.000002 -2.596059 -0.078195 0.709380
 22 -4.250660 -0.770624 0.000001 -0.171284 0.003242 -2.975430
 23 10.363422 0.000000 0.000000 -0.185114 -0.017721 -0.187221
 24 10.363076 0.000000 -0.000000 0.084803 0.042698 -0.266693
 25 10.363081 -0.000004 -0.000002 0.165966 -0.016931 0.085944
 26 8.210358 -0.000006 -7.703991 0.000000 0.000000 -0.000000
 27 8.210346 -0.000002 7.704017 0.000000 0.000000 -0.000000
 28 1.854841 1.227791 -13.762345 2.485702 0.179421 2.487684
 29 10.456543 -0.000004 0.000004 0.168520 0.095857 -1.265257
 30 24.248093 0.000001 0.000007 -0.105996 0.035214 1.053129
 31 26.336971 0.000019 0.000002 0.232177 -0.049293 0.884551
 32 1.854847 1.227798 13.762341 -2.962831 -0.190686 2.492432
 33 10.456542 -0.000008 0.000004 0.189288 -0.083898 -1.118373
 34 24.248116 0.000002 -0.000004 -0.083014 -0.031664 0.930593
 35 26.336975 0.000000 0.000004 -0.375272 0.254630 1.427524
time 64
  0 0.000000 0.000000 0.000000 0.000000 -0.000000 -1.570796
  1 0.000000 0.000000 0.000000 0.000000 -0.000000 0.000000
  2 0.023438 -2.951586 28.113632 -1.567250 -0.262437 1.816593
  3 4.222169 -0.467508 0.000000 0.156919 -0.000186 -0.218722
  4 4.476987 -0.000002 -0.000000 0.164104 -0.014466 -0.083472
  5 4.477083 0.000000 0.000002 -0.012019 0.027642 0.185887
  6 4.477077 -0.000004 -0.000002 -0.115609 -0.014485 0.237860
  7 5.413502 -7.700466 -0.000000 0.259942 0.000102 -0.439318
  8 6.890240 0.000002 -0.000000 -0.121248 0.000078 0.036094
  9 8.011925 0.000004 0.000005 -0.083675 0.000096 0.005996
 10 7.210720 -0.000002 -0.000000 -0.297461 0.000106 0.213653
 11 8.581028 -0.304903 -0.000000 -0.302587 0.002301 1.050776
 12 22.523008 2.194031 6.355708 0.000000 -0.016712 0.000000
 13 22.523005 2.194038 -6.355709 0.000000 -0.000000 0.000000
 14 -3.006533 7.804720 -11.355459 -0.366231 0.270573 2.057980
 15 10.384675 0.000008 0.000005 0.055638 0.181325 -2.024656
 16 22.550743 -0.000006 -0.000004 0.091057 0.036781 2.546601
 17 30.814247 -0.000015 -0.000004 2.697644 -0.000027 0.399623
 18 -3.013796 7.815494 11.355459 -0.737714 -0.248080 1.528367
 19 10.374533 -0.000002 0.000007 0.153194 -0.188479 -2.845323
 20 22.550726 -0.000027 -0.000013 -0.175321 -0.012348 3.034994
 21 30.814270 -0.000023 0.000002 -2.600339 -0.082990 0.628160
 22 -4.250660 -0.770624 0.000001 -0.169222 0.000096 -2.968261
 23 10.363422 0.000000 0.000000 -0.185198 -0.020070 -0.171355
 24 10.363076 0.000000 -0.000000 0.084815 0.040349 -0.192541
 25 10.363081 -0.000004 -0.000002 0.165893 -0.019951 0.085488
 26 8.210358 -0.000006 -7.703991 0.000000 0.000000 -0.000000
 27 8.210346 -0.000002 7.704017 0.000000 0.000000 -0.000000
 28 1.854841 1.227791 -13.762345 2.487812 0.174586 2.475764
 29 10.456543 -0.000004 0.000004 0.169742 0.092370 -1.265474
 30 24.248093 0.000001 0.000007 -0.107182 0.031300 1.053129
 31 26.336971 0.000019 0.000002 0.232525 -0.054443 0.879470
 32 1.854847 1.227798 13.762341 -2.958070 -0.196049 2.492863
 33 10.456542 -0.000008 0.000004 0.186710 -0.089352 -1.228645
 34 24.248116 0.000002 -0.000004 -0.082418 -0.031592 0.928766
 35 26.336975 0.000000 0.000004 -0.375872 0.254630 0.964709
time 65
  0 0.000000 0.000000 0.000000 0.000000 -0.000000 -1.570796
  1 0.000000 0.000000 0.000000 0.000000 -0.000000 0.000000
  2 0.273446 -2.951586 24.672121 -1.563990 -0.263035 1.816593
  3 4.222169 -0.467508 0.000000 0.141914 0.001001 -0.194249
  4 4.476987 -0.000002 -0.000000 0.156230 -0.013096 -0.087778
  5 4.477083 0.000000 0.000002 -0.002923 0.028676 0.170279
  6 4.477077 -0.000004 -0.000002 -0.102366 -0.013283 0.221181
  7 5.413502 -7.700466 -0.000000 0.255357 0.001189 -0.436766
  8 6.890240 0.000002 -0.000000 -0.116946 0.000915 0.016150
  9 8.011925 0.000004 0.000005 -0.079301 0.001118 0.206796
 10 7.210720 -0.000002 -0.000000 -0.279398 0.001236 0.026308
 11 8.581028 -0.304903 -0.000000 -0.303161 0.002403 1.053020
 12 22.523008 2.194031 6.355708 0.000000 -0.058812 0.000000
 13 22.523005 2.194038 -6.355709 0.000000 -0.000000 0.000000
 14 -3.006533 7.804720 -11.355459 -0.339861 0.272834 1.340413
 15 10.384675 0.000008 0.000005 0.059112 0.182683 -2.078807
 16 22.550743 -0.000006 -0.000004 0.090065 0.038618 2.115305
 17 30.814247 -0.000015 -0.000004 2.695723 0.001979 0.362271
 18 -3.013796 7.815494 11.355459 -0.707930 -0.245688 1.526087
 19 10.374533 -0.000002 0.000007 0.161418 -0.186352 -2.953871
 20 22.550726 -0.000027 -0.000013 -0.176996 -0.011092 2.940574
 21 30.814270 -0.000023 0.000002 -2.604618 -0.081424 0.538908
 22 -4.250660 -0.770624 0.000001 -0.166082 0.001123 -2.955074
 23 10.363422 0.000000 0.000000 -0.185234 -0.019303 -0.128355
 24 10.363076 0.000000 -0.000000 0.084827 0.041116 -0.114131
 25 10.363081 -0.000004 -0.000002 0.165708 -0.018965 0.085031
 26 8.210358 -0.000006 -7.703991 0.000000 0.000000 -0.000000
 27 8.210346 -0.000002 7.704017 0.000000 0.000000 -0.000000
 28 1.854841 1.227791 -13.762345 2.493001 0.176165 2.479656
 29 10.456543 -0.000004 0.000004 0.171839 0.093509 -1.265604
 30 24.248093 0.000001 0.000007 -0.109518 0.032551 1.053129
 31 26.336971 0.000019 0.000002 0.233438 -0.052762 0.876819
 32 1.854847 1.227798 13.762341 -2.952972 -0.194298 2.494156
 33 10.456542 -0.000008 0.000004 0.183590 -0.087571 -1.239049
 34 24.248116 0.000002 -0.000004 -0.081718 -0.030825 0.926989
 35 26.336975 0.000000 0.000004 -0.376687 0.254630 0.962674
time 66
  0 0.000000 0.000000 0.000000 0.000000 -0.000000 -1.570796
  1 0.000000 0.000000 0.000000 0.000000 -0.000000 0.000000
  2 0.273446 -2.951586 18.402399 -1.560539 -0.263594 1.816593
  3 4.222169 -0.467508 0.000000 0.117849 0.002187 -0.171862
  4 4.476987 -0.000002 -0.000000 0.141621 -0.011725 -0.086357
  5 4.477083 0.000000 0.000002 0.013592 0.029710 0.154405
  6 4.477077 -0.000004 -0.000002 -0.081333 -0.012117 0.204253
  7 5.413502 -7.700466 -0.000000 0.250744 0.002243 -0.434121
  8 6.890240 0.000002 -0.000000 -0.112559 0.001725 -0.012730
  9 8.011925 0.000004 0.000005 -0.074914 0.002141 -0.075975
 10 7.210720 -0.000002 -0.000000 -0.255735 0.002366 0.028453
 11 8.581028 -0.304903 -0.000000 -0.303712 0.002301 1.055263
 12 22.523008 2.194031 6.355708 0.000000 0.222968 0.000000
 13 22.523005 2.194038 -6.355709 0.000000 -0.000000 0.000000
 14 -3.006533 7.804720 -11.355459 -0.303182 0.275095 1.336155
 15 10.384675 0.000008 0.000005 0.063557 0.184041 -2.133180
 16 22.550743 -0.000006 -0.000004 0.089074 0.040455 2.113126
 17 30.814247 -0.000015 -0.000004 2.684497 0.003986 0.332762
 18 -3.013796 7.815494 11.355459 -0.674582 -0.243297 1.522553
 19 10.374533 -0.000002 0.000007 0.171866 -0.184226 -2.983096
 20 22.550726 -0.000027 -0.000013 -0.179549 -0.009835 2.815507
 21 30.814270 -0.000023 0.000002 -2.622615 -0.079858 0.444970
 22 -4.250660 -0.770624 0.000001 -0.158652 0.002150 -2.929314
 23 10.363422 0.000000 0.000000 -0.185246 -0.018536 -0.066298
 24 10.363076 0.000000 -0.000000 0.084851 0.041883 -0.036753
 25 10.363081 -0.000004 -0.000002 0.165486 -0.017979 0.084602
 26 8.210358 -0.000006 -7.703991 0.000000 0.000000 -0.000000
 27 8.210346 -0.000002 7.704017 0.000000 0.000000 -0.000000
 28 1.854841 1.227791 -13.762345 2.500829 0.177744 2.483548
 29 10.456543 -0.000004 0.000004 0.174704 0.094647 -1.265517
 30 24.248093 0.000001 0.000007 -0.112780 0.033842 1.053129
 31 26.336971 0.000019 0.000002 0.234831 -0.051080 0.895541
 32 1.854847 1.227798 13.762341 -2.947536 -0.192547 2.496094
 33 10.456542 -0.000008 0.000004 0.180063 -0.085790 -1.236527
 34 24.248116 0.000002 -0.000004 -0.080915 -0.030058 0.925669
 35 26.336975 0.000000 0.000004 -0.377716 0.254630 0.960639
time 67
  0 0.000000 0.000000 0.000000 0.000000 -0.000000 -1.570796
  1 0.000000 0.000000 0.000000 0.000000 -0.000000 0.000000
  2 0.273446 -2.951586 8.948985 -1.556897 -0.264112 1.816594
  3 4.222169 -0.467508 0.000000 0.087061 0.002187 -0.156666
  4 4.476987 -0.000002 -0.000000 0.121774 0.156042 -0.084981
  5 4.477083 0.000000 0.000002 0.035668 0.156240 0.138294
  6 4.477077 -0.000004 -0.000002 -0.053397 0.135121 0.187154
  7 5.413502 -7.700466 -0.000000 0.237440 0.135368 -0.523826
  8 6.890240 0.000002 -0.000000 -0.098717 0.104128 -0.044797
  9 8.011925 0.000004 0.000005 -0.061070 0.127277 -0.059882
 10 7.210720 -0.000002 -0.000000 -0.224633 0.140657 0.030572
 11 8.581028 -0.304903 -0.000000 -0.304263 0.041652 1.329809
 12 22.523008 2.194031 6.355708 0.000000 0.291465 0.000000
 13 22.523005 2.194038 -6.355709 0.000000 -0.000000 0.000000
 14 -3.006533 7.804720 -11.355459 -0.264386 0.551837 1.331897
 15 10.384675 0.000008 0.000005 0.069458 0.350230 -2.187276
 16 22.550743 -0.000006 -0.000004 0.088018 0.265244 2.110462
 17 30.814247 -0.000015 -0.000004 2.665977 0.249533 0.310237
 18 -3.013796 7.815494 11.355459 -0.625197 0.049400 1.492856
 19 10.374533 -0.000002 0.000007 0.184472 0.076006 -2.993649
 20 22.550726 -0.000027 -0.000013 -0.182961 0.143935 2.673628
 21 30.814270 -0.000023 0.000002 -2.645136 0.111793 0.349693
 22 -4.250660 -0.770624 0.000001 -0.147770 0.127852 -2.887705
 23 10.363422 0.000000 0.000000 -0.185234 0.075339 0.007203
 24 10.363076 0.000000 -0.000000 0.084875 0.135758 0.037889
 25 10.363081 -0.000004 -0.000002 0.165240 0.102697 0.084172
 26 8.210358 -0.000006 -7.703991 0.000000 0.000000 -0.000000
 27 8.210346 -0.000002 7.704017 0.000000 0.000000 -0.000000
 28 1.854841 1.227791 -13.762345 2.511074 0.371000 2.959955
 29 10.456543 -0.000004 0.000004 0.178233 0.234032 -1.265083
 30 24.248093 0.000001 0.000007 -0.116895 0.150409 1.053129
 31 26.336971 0.000019 0.000002 0.236658 0.154760 0.915478
 32 1.854847 1.227798 13.762341 -2.941898 0.021779 2.498334
 33 10.456542 -0.000008 0.000004 0.176163 0.132192 -1.234004
 34 24.248116 0.000002 -0.000004 -0.080034 0.063817 0.926786
 35 26.336975 0.000000 0.000004 -0.378917 0.254630 0.958605
time 68
  0 0.000000 0.000000 0.000000 0.000000 -0.000000 -1.570796
  1 0.000000 0.000000 0.000000 0.000000 -0.000000 0.000000
  2 0.273446 -2.951586 1.230000 -1.553158 -0.264591 1.816593
  3 4.222169 -0.467508 0.000000 0.051898 0.002187 -0.148570
  4 4.476987 -0.000002 -0.000000 0.098260 0.156042 0.088936
  5 4.477083 0.000000 0.000002 0.061171 0.030598 0.122020
  6 4.477077 -0.000004 -0.000002 -0.019792 -0.014542 0.169915
  7 5.413502 -7.700466 -0.000000 0.223723 0.000510 -0.524044
  8 6.890240 0.000002 -0.000000 -0.084647 -0.000157 -0.089315
  9 8.011925 0.000004 0.000005 -0.047201 0.000144 -0.045294
 10 7.210720 -0.000002 -0.000000 -0.187245 0.000018 0.032717
 11 8.581028 -0.304903 -0.000000 -0.304837 0.002301 1.120280
 12 22.523008 2.194031 6.355708 0.000000 0.363293 0.000000
 13 22.523005 2.194038 -6.355709 0.000000 -0.000000 0.000000
 14 -3.006533 7.804720 -11.355459 -0.217017 0.285588 1.327640
 15 10.384675 0.000008 0.000005 0.077339 0.171375 -2.240982
 16 22.550743 -0.000006 -0.000004 0.082597 0.017611 2.094905
 17 30.814247 -0.000015 -0.000004 2.637498 -0.029557 0.297488
 18 -3.013796 7.815494 11.355459 -0.577237 -0.260037 1.464242
 19 10.374533 -0.000002 0.000007 0.198965 -0.183794 -2.980892
 20 22.550726 -0.000027 -0.000013 -0.187209 -0.012368 2.513138
 21 30.814270 -0.000023 0.000002 -2.672288 -0.083137 0.256453
 22 -4.250660 -0.770624 0.000001 -0.136648 -0.000000 -2.836160
 23 10.363422 0.000000 0.000000 -0.185222 -0.020142 0.084400
 24 10.363076 0.000000 -0.000000 0.084899 0.042147 0.108014
 25 10.363081 -0.000004 -0.000002 0.164982 -0.024726 0.083796
 26 8.210358 -0.000006 -7.703991 0.000000 0.000000 -0.000000
 27 8.210346 -0.000002 7.704017 0.000000 0.000000 -0.000000
 28 1.854841 1.227791 -13.762345 2.523299 0.233429 2.464694
 29 10.456543 -0.000004 0.000004 0.182356 0.089131 -1.264041
 30 24.248093 0.000001 0.000007 -0.121752 0.038665 1.053129
 31 26.336971 0.000019 0.000002 0.238789 -0.012056 0.934254
 32 1.854847 1.227798 13.762341 -2.935989 -0.216243 2.500704
 33 10.456542 -0.000008 0.000004 0.171924 -0.074937 -1.231719
 34 24.248116 0.000002 -0.000004 -0.079089 -0.039646 0.928360
 35 26.336975 0.000000 0.000004 -0.380289 0.254630 0.956627
time 69
  0 0.000000 0.000000 0.000000 0.000000 -0.000000 -1.570796
  1 0.000000 0.000000 0.000000 0.000000 -0.000000 0.000000
  2 0.273446 -2.951586 0.315908 -1.549132 -0.265030 1.816593
  3 4.222169 -0.467508 0.000000 0.014782 0.002187 -0.145764
  4 4.476987 -0.000002 -0.000000 0.072601 0.156042 -0.087844
  5 4.477083 0.000000 0.000002 0.087933 0.030598 0.105612
  6 4.477077 -0.000004 -0.000002 0.016438 -0.014222 0.152613
  7 5.413502 -7.700466 -0.000000 0.209727 0.000748 -0.524168
  8 6.890240 0.000002 -0.000000 -0.070529 -0.000235 -0.132786
  9 8.011925 0.000004 0.000005 -0.033397 -0.000176 -0.033640
 10 7.210720 -0.000002 -0.000000 -0.145574 -0.000847 0.034862
 11 8.581028 -0.304903 -0.000000 -0.305365 0.098826 1.104928
 12 22.523008 2.194031 6.355708 0.000000 0.413001 0.000000
 13 22.523005 2.194038 -6.355709 0.000000 -0.000000 0.000000
 14 -3.006533 7.804720 -11.355459 -0.175346 0.286436 1.323107
 15 10.384675 0.000008 0.000005 0.086341 0.168192 -2.294022
 16 22.550743 -0.000006 -0.000004 0.077159 0.026450 2.069239
 17 30.814247 -0.000015 -0.000004 2.598056 -0.014635 0.296950
 18 -3.013796 7.815494 11.355459 -0.528921 -0.259365 1.484819
 19 10.374533 -0.000002 0.000007 0.215346 -0.182366 -2.981762
 20 22.550726 -0.000027 -0.000013 -0.192377 -0.020750 2.338565
 21 30.814270 -0.000023 0.000002 -2.704282 -0.083210 0.168651
 22 -4.250660 -0.770624 0.000001 -0.125323 -0.000369 -2.780365
 23 10.363422 0.000000 0.000000 -0.185210 -0.020274 0.157570
 24 10.363076 0.000000 -0.000000 0.084899 0.042362 0.173055
 25 10.363081 -0.000004 -0.000002 0.164698 -0.024511 0.083447
 26 8.210358 -0.000006 -7.703991 0.000000 0.000000 -0.000000
 27 8.210346 -0.000002 7.704017 0.000000 0.000000 -0.000000
 28 1.854841 1.227791 -13.762345 2.537239 0.233799 2.464633
 29 10.456543 -0.000004 0.000004 0.186950 0.089113 -1.262695
 30 24.248093 0.000001 0.000007 -0.127164 0.038846 1.053129
 31 26.336971 0.000019 0.000002 0.241269 -0.012476 0.951596
 32 1.854847 1.227798 13.762341 -2.929912 -0.216078 2.502815
 33 10.456542 -0.000008 0.000004 0.167481 -0.075076 -1.239522
 34 24.248116 0.000002 -0.000004 -0.078104 -0.039322 0.929934
 35 26.336975 0.000000 0.000004 -0.381790 0.254630 0.955157
time 70
  0 0.000000 0.000000 0.000000 0.000000 -0.000000 -1.570796
  1 0.000000 0.000000 0.000000 0.000000 -0.000000 0.000000
  2 0.273446 -2.951586 2.605042 -1.545010 -0.265469 1.816594
  3 4.222169 -0.467508 0.000000 -0.021843 0.002187 -0.146592
  4 4.476987 -0.000002 -0.000000 0.046403 0.156042 -0.071907
  5 4.477083 0.000000 0.000002 0.113795 0.030598 0.089145
  6 4.477077 -0.000004 -0.000002 0.051900 -0.014222 0.135374
  7 5.413502 -7.700466 -0.000000 0.195492 0.001036 -0.524293
  8 6.890240 0.000002 -0.000000 -0.056459 -0.000118 -0.174419
  9 8.011925 0.000004 0.000005 -0.019711 -0.000415 -0.025931
 10 7.210720 -0.000002 -0.000000 -0.101569 -0.001607 0.036981
 11 8.581028 -0.304903 -0.000000 -0.305916 0.002284 1.074891
 12 22.523008 2.194031 6.355708 0.000000 0.454429 0.000000
 13 22.523005 2.194038 -6.355709 0.000000 -0.000000 0.000000
 14 -3.006533 7.804720 -11.355459 -0.139860 0.287425 1.299827
 15 10.384675 0.000008 0.000005 0.095305 0.164840 -2.346285
 16 22.550743 -0.000006 -0.000004 0.071770 0.035203 2.029772
 17 30.814247 -0.000015 -0.000004 2.548524 0.013672 0.335412
 18 -3.013796 7.815494 11.355459 -0.479943 -0.258991 1.524206
 19 10.374533 -0.000002 0.000007 0.233344 -0.179475 -2.983965
 20 22.550726 -0.000027 -0.000013 -0.203265 -0.029290 2.165296
 21 30.814270 -0.000023 0.000002 -2.735223 -0.083357 0.755233
 22 -4.250660 -0.770624 0.000001 -0.113878 -0.000514 -2.726029
 23 10.363422 0.000000 0.000000 -0.185198 -0.020358 0.218945
 24 10.363076 0.000000 -0.000000 0.084887 0.043657 0.230688
 25 10.363081 -0.000004 -0.000002 0.164391 -0.023725 0.083152
 26 8.210358 -0.000006 -7.703991 0.000000 0.000000 -0.000000
 27 8.210346 -0.000002 7.704017 0.000000 0.000000 -0.000000
 28 1.854841 1.227791 -13.762345 2.552497 0.234391 2.464512
 29 10.456543 -0.000004 0.000004 0.191912 0.089078 -1.261175
 30 24.248093 0.000001 0.000007 -0.133059 0.038826 1.053129
 31 26.336971 0.000019 0.000002 0.243923 -0.012923 0.967059
 32 1.854847 1.227798 13.762341 -2.923666 -0.215860 2.504323
 33 10.456542 -0.000008 0.000004 0.162835 -0.075243 -1.229196
 34 24.248116 0.000002 -0.000004 -0.077068 -0.038879 0.931508
 35 26.336975 0.000000 0.000004 -0.383377 0.254630 0.956401
time 71
  0 0.000000 0.000000 0.000000 0.000000 -0.000000 -1.570796
  1 0.000000 0.000000 0.000000 0.000000 -0.000000 0.000000
  2 -25.114048 -2.951586 5.081679 -1.540792 -0.265828 1.816593
  3 4.222169 -0.467508 0.000000 -0.055592 0.009343 -0.171601
  4 4.476987 -0.000002 -0.000000 0.021223 -0.004336 -0.069865
  5 4.477083 0.000000 0.000002 0.136614 0.014768 0.072738
  6 4.477077 -0.000004 -0.000002 0.083156 -0.031793 0.118088
  7 5.413502 -7.700466 -0.000000 0.181044 0.120569 -0.524386
  8 6.890240 0.000002 -0.000000 -0.042509 0.045993 -0.207069
  9 8.011925 0.000004 0.000005 -0.006155 -0.000703 -0.021674
 10 7.210720 -0.000002 -0.000000 -0.056851 -0.003831 0.039100
 11 8.581028 -0.304903 -0.000000 -0.306467 0.002216 1.031394
 12 22.523008 2.194031 6.355708 0.000000 0.484768 0.000000
 13 22.523005 2.194038 -6.355709 0.000000 -0.000000 0.000000
 14 -3.006533 7.804720 -11.355459 -0.108172 0.300851 1.276478
 15 10.384675 0.000008 0.000005 0.104195 0.135391 -2.397548
 16 22.550743 -0.000006 -0.000004 0.066444 0.164400 1.975111
 17 30.814247 -0.000015 -0.000004 2.497245 0.260160 0.531697
 18 -3.013796 7.815494 11.355459 -0.431474 -0.293032 1.556924
 19 10.374533 -0.000002 0.000007 0.252893 -0.128977 -2.984313
 20 22.550726 -0.000027 -0.000013 -0.212764 -0.373050 2.001331
 21 30.814270 -0.000023 0.000002 -2.763427 -0.168527 0.730382
 22 -4.250660 -0.770624 0.000001 -0.102372 -0.075937 -2.678863
 23 10.363422 0.000000 0.000000 -0.185210 -0.052512 0.260867
 24 10.363076 0.000000 -0.000000 0.084851 0.179921 0.228030
 25 10.363081 -0.000004 -0.000002 0.164058 0.006378 0.082910
 26 8.210358 -0.000006 -7.703991 0.000000 0.000000 -0.000000
 27 8.210346 -0.000002 7.704017 0.000000 0.000000 -0.000000
 28 1.854841 1.227791 -13.762345 2.568768 0.240806 2.464329
 29 10.456543 -0.000004 0.000004 0.197153 0.088882 -1.259699
 30 24.248093 0.000001 0.000007 -0.139287 0.026175 1.053129
 31 26.336971 0.000019 0.000002 0.246707 -0.078041 0.979982
 32 1.854847 1.227798 13.762341 -2.917318 -0.219964 2.504797
 33 10.456542 -0.000008 0.000004 0.158087 -0.073378 -0.925534
 34 24.248116 0.000002 -0.000004 -0.076006 0.063817 0.933132
 35 26.336975 0.000000 0.000004 -0.385006 0.254630 0.958152
time 72
  0 0.000000 0.000000 0.000000 0.000000 -0.000000 -1.570796
  1 0.000000 0.000000 0.000000 0.000000 -0.000000 0.000000
  2 -25.016388 -2.951586 7.960673 -1.536286 -0.266147 1.816594
  3 4.222169 -0.467508 0.000000 -0.084067 0.010399 -0.171586
  4 4.476987 -0.000002 -0.000000 -0.001344 0.193116 -0.126645
  5 4.477083 0.000000 0.000002 0.154207 0.012765 0.056286
  6 4.477077 -0.000004 -0.000002 0.107533 -0.033954 0.100989
  7 5.413502 -7.700466 -0.000000 0.166450 0.120790 -0.524449
  8 6.890240 0.000002 -0.000000 -0.028775 0.058436 -0.219891
  9 8.011925 0.000004 0.000005 0.007229 -0.000639 -0.019935
 10 7.210720 -0.000002 -0.000000 -0.011859 -0.004078 0.041191
 11 8.581028 -0.304903 -0.000000 -0.306996 0.002181 0.983095
 12 22.523008 2.194031 6.355708 0.000000 0.502579 0.000000
 13 22.523005 2.194038 -6.355709 0.000000 -0.000000 0.000000
 14 -3.006533 7.804720 -11.355459 -0.072469 0.301734 1.253335
 15 10.384675 0.000008 0.000005 0.112973 0.135604 -2.447367
 16 22.550743 -0.000006 -0.000004 0.061198 0.118570 1.906467
 17 30.814247 -0.000015 -0.000004 2.455312 0.268185 0.531625
 18 -3.013796 7.815494 11.355459 -0.385856 -0.293331 1.589984
 19 10.374533 -0.000002 0.000007 0.272307 -0.144326 -2.987792
 20 22.550726 -0.000027 -0.000013 -0.219116 -0.376623 1.893201
 21 30.814270 -0.000023 0.000002 -2.787387 -0.177287 0.730410
 22 -4.250660 -0.770624 0.000001 -0.090867 -0.078890 -2.644500
 23 10.363422 0.000000 0.000000 -0.185258 -0.053028 0.277657
 24 10.363076 0.000000 -0.000000 0.084779 0.180341 0.215977
 25 10.363081 -0.000004 -0.000002 0.163713 0.001957 0.082776
 26 8.210358 -0.000006 -7.703991 0.000000 0.000000 -0.000000
 27 8.210346 -0.000002 7.704017 0.000000 0.000000 -0.000000
 28 1.854841 1.227791 -13.762345 2.585697 0.238092 2.464086
 29 10.456543 -0.000004 0.000004 0.202569 0.089042 -1.258483
 30 24.248093 0.000001 0.000007 -0.145737 0.026135 1.053129
 31 26.336971 0.000019 0.000002 0.249578 -0.079487 0.990198
 32 1.854847 1.227798 13.762341 -2.910869 -0.218568 2.503978
 33 10.456542 -0.000008 0.000004 0.153305 0.132192 -1.239404
 34 24.248116 0.000002 -0.000004 -0.074956 -0.049209 0.934706
 35 26.336975 0.000000 0.000004 -0.386722 0.254630 0.959905
time 73
  0 0.000000 0.000000 0.000000 0.000000 -0.000000 -1.570796
  1 0.000000 0.000000 0.000000 0.000000 -0.000000 0.000000
  2 8.019776 -2.951586 13.331931 -1.531781 -0.266466 1.816593
  3 4.222169 -0.467508 0.000000 -0.105555 0.012179 -0.171678
  4 4.476987 -0.000002 -0.000000 -0.020123 0.225072 -0.116679
  5 4.477083 0.000000 0.000002 0.164442 0.010907 0.040012
  6 4.477077 -0.000004 -0.000002 0.125414 -0.035852 0.084793
  7 5.413502 -7.700466 -0.000000 0.151736 0.120977 -0.524511
  8 6.890240 0.000002 -0.000000 -0.015340 0.070329 -0.207906
  9 8.011925 0.000004 0.000005 0.020431 -0.000495 -0.019727
 10 7.210720 -0.000002 -0.000000 0.033298 -0.004255 0.043283
 11 8.581028 -0.304903 -0.000000 -0.307524 0.002164 0.916044
 12 22.523008 2.194031 6.355708 0.000000 0.468239 0.000000
 13 22.523005 2.194038 -6.355709 0.000000 -0.000000 0.000000
 14 -3.006533 7.804720 -11.355459 -0.025046 0.302406 1.230467
 15 10.384675 0.000008 0.000005 0.121601 0.136431 -2.496075
 16 22.550743 -0.000006 -0.000004 0.056033 0.077589 1.835401
 17 30.814247 -0.000015 -0.000004 2.450595 0.278342 0.531446
 18 -3.013796 7.815494 11.355459 -0.397617 -0.293555 1.621962
 19 10.374533 -0.000002 0.000007 0.249455 -0.117980 -2.971963
 20 22.550726 -0.000027 -0.000013 -0.219321 -0.372304 1.778990
 21 30.814270 -0.000023 0.000002 -2.716455 -0.190377 0.730438
 22 -4.250660 -0.770624 0.000001 -0.079446 -0.079789 -2.626986
 23 10.363422 0.000000 0.000000 -0.185342 -0.052932 0.270968
 24 10.363076 0.000000 -0.000000 0.084671 0.180281 0.195045
 25 10.363081 -0.000004 -0.000002 0.163282 -0.001987 0.082696
 26 8.210358 -0.000006 -7.703991 0.000000 0.000000 -0.000000
 27 8.210346 -0.000002 7.704017 0.000000 0.000000 -0.000000
 28 1.854841 1.227791 -13.762345 2.602891 0.236389 2.463843
 29 10.456543 -0.000004 0.000004 0.208054 0.089096 -1.257615
 30 24.248093 0.000001 0.000007 -0.152262 0.026276 1.053129
 31 26.336971 0.000019 0.000002 0.252450 -0.069921 0.993788
 32 1.854847 1.227798 13.762341 -2.904387 0.021779 2.501953
 33 10.456542 -0.000008 0.000004 0.148557 -0.080725 -1.240823
 34 24.248116 0.000002 -0.000004 -0.073894 -0.049869 0.936534
 35 26.336975 0.000000 0.000004 -0.388394 0.254630 0.961657
time 74
  0 0.000000 0.000000 0.000000 0.000000 -0.000000 -1.570796
  1 0.000000 0.000000 0.000000 0.000000 -0.000000 0.000000
  2 0.789087 -2.951586 18.890694 -1.527084 -0.266705 1.816593
  3 4.222169 -0.467508 0.000000 -0.120908 0.014570 -0.171831
  4 4.476987 -0.000002 -0.000000 -0.035176 0.247475 -0.110086
  5 4.477083 0.000000 0.000002 0.165713 0.009275 0.024597
  6 4.477077 -0.000004 -0.000002 0.137949 -0.037468 0.070310
  7 5.413502 -7.700466 -0.000000 0.136969 0.121147 -0.524542
  8 6.890240 0.000002 -0.000000 -0.002313 0.081478 -0.173139
  9 8.011925 0.000004 0.000005 0.033423 -0.000304 -0.020350
 10 7.210720 -0.000002 -0.000000 0.078565 -0.004431 0.045321
 11 8.581028 -0.304903 -0.000000 -0.308052 0.002130 0.850571
 12 22.523008 2.194031 6.355708 0.000000 0.387429 0.000000
 13 22.523005 2.194038 -6.355709 0.000000 -0.000000 0.000000
 14 -3.006533 7.804720 -11.355459 0.034856 0.416416 1.207942
 15 10.384675 0.000008 0.000005 0.130042 0.138150 -2.540340
 16 22.550743 -0.000006 -0.000004 0.050963 0.041717 1.777289
 17 30.814247 -0.000015 -0.000004 2.461908 0.280568 0.531303
 18 -3.013796 7.815494 11.355459 -0.415284 -0.295723 1.629885
 19 10.374533 -0.000002 0.000007 0.232468 -0.044725 -2.791281
 20 22.550726 -0.000027 -0.000013 -0.216502 -0.372598 1.657521
 21 30.814270 -0.000023 0.000002 -2.627456 -0.206574 0.730494
 22 -4.250660 -0.770624 0.000001 -0.068168 -0.079388 -2.624246
 23 10.363422 0.000000 0.000000 -0.185486 -0.052476 0.244538
 24 10.363076 0.000000 -0.000000 0.084515 0.179682 0.160485
 25 10.363081 -0.000004 -0.000002 0.162729 -0.004806 0.082749
 26 8.210358 -0.000006 -7.703991 0.000000 0.000000 -0.000000
 27 8.210346 -0.000002 7.704017 0.000000 0.000000 -0.000000
 28 1.854841 1.227791 -13.762345 2.620041 0.235945 2.463539
 29 10.456543 -0.000004 0.000004 0.213505 0.089024 -1.257311
 30 24.248093 0.000001 0.000007 -0.158712 0.191935 1.053129
 31 26.336971 0.000019 0.000002 0.255277 0.154760 0.970593
 32 1.854847 1.227798 13.762341 -2.897904 -0.183846 2.822478
 33 10.456542 -0.000008 0.000004 0.143877 -0.151521 -1.242241
 34 24.248116 0.000002 -0.000004 -0.072858 -0.051331 0.937753
 35 26.336975 0.000000 0.000004 -0.390109 0.254630 0.963465
time 75
  0 0.000000 0.000000 0.000000 0.000000 -0.000000 -1.570796
  1 0.000000 0.000000 0.000000 0.000000 -0.000000 0.000000
  2 0.023438 -2.951586 22.933786 -1.522291 -0.266945 1.816594
  3 4.222169 -0.467508 0.000000 -0.131622 0.017462 -0.172015
  4 4.476987 -0.000002 -0.000000 -0.046885 0.262296 -0.106446
  5 4.477083 0.000000 0.000002 0.168996 0.007886 0.010813
  6 4.477077 -0.000004 -0.000002 0.146243 -0.038746 0.058335
  7 5.413502 -7.700466 -0.000000 0.122255 0.121266 -0.205892
  8 6.890240 0.000002 -0.000000 0.010163 0.092051 -0.102836
  9 8.011925 0.000004 0.000005 0.046088 -0.000096 -0.021648
 10 7.210720 -0.000002 -0.000000 0.123585 -0.004573 0.047359
 11 8.581028 -0.304903 -0.000000 -0.308557 0.002113 0.787867
 12 22.523008 2.194031 6.355708 0.000000 0.295895 0.000000
 13 22.523005 2.194038 -6.355709 0.000000 -0.000000 0.000000
 14 -3.006533 7.804720 -11.355459 0.111145 0.423659 1.185761
 15 10.384675 0.000008 0.000005 0.138222 0.141226 -2.576996
 16 22.550743 -0.000006 -0.000004 0.046037 0.030382 1.770752
 17 30.814247 -0.000015 -0.000004 2.490649 0.278123 0.531231
 18 -3.013796 7.815494 11.355459 -0.445729 -0.301141 1.615635
 19 10.374533 -0.000002 0.000007 0.397960 0.037501 -2.607757
 20 22.550726 -0.000027 -0.000013 -0.265854 -0.373344 1.619865
 21 30.814270 -0.000023 0.000002 -2.532177 -0.224582 0.730549
 22 -4.250660 -0.770624 0.000001 -0.057166 -0.078377 -2.632491
 23 10.363422 0.000000 0.000000 -0.185701 -0.051925 0.202044
 24 10.363076 0.000000 -0.000000 0.084276 0.178831 0.108969
 25 10.363081 -0.000004 -0.000002 0.162076 -0.005885 0.083018
 26 8.210358 -0.000006 -7.703991 0.000000 0.000000 -0.000000
 27 8.210346 -0.000002 7.704017 0.000000 0.000000 -0.000000
 28 1.854841 1.227791 -13.762345 2.636663 0.236809 2.463174
 29 10.456543 -0.000004 0.000004 0.218798 0.088811 -1.257702
 30 24.248093 0.000001 0.000007 -0.164978 0.037474 1.053129
 31 26.336971 0.000019 0.000002 0.257975 -0.032527 1.408039
 32 1.854847 1.227798 13.762341 -2.891489 -0.183928 2.799989
 33 10.456542 -0.000008 0.000004 0.139400 -0.151521 -1.243660
 34 24.248116 0.000002 -0.000004 -0.071873 -0.031664 0.936483
 35 26.336975 0.000000 0.000004 -0.391696 0.254630 0.965217
time 76
  0 0.000000 0.000000 0.000000 0.000000 -0.000000 -1.570796
  1 0.000000 0.000000 0.000000 0.000000 -0.000000 0.000000
  2 0.273446 -2.951586 25.301046 -1.517402 -0.267144 1.816594
  3 4.222169 -0.467508 0.000000 -0.139280 0.020762 -0.172184
  4 4.476987 -0.000002 -0.000000 -0.055826 0.272041 -0.104959
  5 4.477083 0.000000 0.000002 0.170243 0.006788 -0.000585
  6 4.477077 -0.000004 -0.000002 0.151696 -0.039573 0.049676
  7 5.413502 -7.700466 -0.000000 0.107502 0.121368 -0.807970
  8 6.890240 0.000002 -0.000000 0.022148 0.102207 -0.036699
  9 8.011925 0.000004 0.000005 0.058556 0.000064 -0.023621
 10 7.210720 -0.000002 -0.000000 0.168743 -0.004714 0.049344
 11 8.581028 -0.304903 -0.000000 -0.309062 0.002079 0.738692
 12 22.523008 2.194031 6.355708 0.000000 0.063059 0.000000
 13 22.523005 2.194038 -6.355709 0.000000 -0.000000 0.000000
 14 -3.006533 7.804720 -11.355459 0.178536 0.430619 1.163991
 15 10.384675 0.000008 0.000005 0.146215 0.146360 -2.606598
 16 22.550743 -0.000006 -0.000004 0.041208 0.034571 1.786430
 17 30.814247 -0.000015 -0.000004 2.507553 0.264518 0.531303
 18 -3.013796 7.815494 11.355459 -0.474037 -0.304915 1.566614
 19 10.374533 -0.000002 0.000007 0.608885 0.127401 -2.555106
 20 22.550726 -0.000027 -0.000013 -0.328830 -0.373462 1.589033
 21 30.814270 -0.000023 0.000002 -2.449072 -0.243152 0.730605
 22 -4.250660 -0.770624 0.000001 -0.046368 -0.077414 -2.647931
 23 10.363422 0.000000 0.000000 -0.186001 -0.051482 0.147315
 24 10.363076 0.000000 -0.000000 0.083916 0.178184 0.045477
 25 10.363081 -0.000004 -0.000002 0.160759 -0.004622 0.083662
 26 8.210358 -0.000006 -7.703991 0.000000 0.000000 -0.000000
 27 8.210346 -0.000002 7.704017 0.000000 0.000000 -0.000000
 28 1.854841 1.227791 -13.762345 2.652669 0.236809 2.462870
 29 10.456543 -0.000004 0.000004 0.223900 0.234032 -1.258918
 30 24.248093 0.000001 0.000007 -0.170946 0.038443 1.053129
 31 26.336971 0.000019 0.000002 0.260454 -0.035023 0.595442
 32 1.854847 1.227798 13.762341 -2.885108 -0.184065 2.796715
 33 10.456542 -0.000008 0.000004 0.135093 -0.151215 -1.245039
 34 24.248116 0.000002 -0.000004 -0.070914 -0.031664 0.934706
 35 26.336975 0.000000 0.000004 -0.393283 0.254630 0.967252
time 77
  0 0.000000 0.000000 0.000000 0.000000 -0.000000 -1.570796
  1 0.000000 0.000000 0.000000 0.000000 -0.000000 0.000000
  2 0.523453 -2.951586 26.344048 -1.512417 -0.267343 1.816593
  3 4.222169 -0.467508 0.000000 -0.145344 0.024340 -0.172322
  4 4.476987 -0.000002 -0.000000 -0.062333 0.278188 -0.104781
  5 4.477083 0.000000 0.000002 0.169560 0.006077 -0.008826
  6 4.477077 -0.000004 -0.000002 0.155135 -0.039968 0.045035
  7 5.413502 -7.700466 -0.000000 0.092908 0.121436 -0.790950
  8 6.890240 0.000002 -0.000000 0.033497 0.112153 0.021014
  9 8.011925 0.000004 0.000005 0.070474 0.000176 -0.026242
 10 7.210720 -0.000002 -0.000000 0.213323 -0.004873 0.051275
 11 8.581028 -0.304903 -0.000000 -0.309568 0.002028 0.719379
 12 22.523008 2.194031 6.355708 0.000000 0.006171 0.000000
 13 22.523005 2.194038 -6.355709 0.000000 -0.000000 0.000000
 14 -3.006533 7.804720 -11.355459 0.233338 0.437155 1.142840
 15 10.384675 0.000008 0.000005 0.153872 0.156884 -2.629258
 16 22.550743 -0.000006 -0.000004 0.036794 0.071649 1.826261
 17 30.814247 -0.000015 -0.000004 2.514192 0.257308 0.531554
 18 -3.013796 7.815494 11.355459 -0.480503 -0.306970 1.512407
 19 10.374533 -0.000002 0.000007 0.764130 0.218630 -2.559513
 20 22.550726 -0.000027 -0.000013 -0.379367 -0.374640 1.565272
 21 30.814270 -0.000023 0.000002 -2.402310 -0.261062 0.730605
 22 -4.250660 -0.770624 0.000001 -0.035942 -0.076579 -2.667289
 23 10.363422 0.000000 0.000000 -0.186396 -0.051158 0.083234
 24 10.363076 0.000000 -0.000000 0.083437 0.177680 -0.017757
 25 10.363081 -0.000004 -0.000002 0.159798 -0.000770 0.084494
 26 8.210358 -0.000006 -7.703991 0.000000 0.000000 -0.000000
 27 8.210346 -0.000002 7.704017 0.000000 0.000000 -0.000000
 28 1.854841 1.227791 -13.762345 2.667532 0.236809 2.462505
 29 10.456543 -0.000004 0.000004 0.228669 0.087281 -0.898146
 30 24.248093 0.000001 0.000007 -0.176507 0.039876 1.053129
 31 26.336971 0.000019 0.000002 0.262716 -0.037756 0.603229
 32 1.854847 1.227798 13.762341 -2.878828 -0.184256 2.792751
 33 10.456542 -0.000008 0.000004 0.131126 -0.149796 -1.246064
 34 24.248116 0.000002 -0.000004 -0.070034 0.066514 0.933081
 35 26.336975 0.000000 0.000004 -0.394698 0.254630 0.968608
time 78
  0 0.000000 0.000000 0.000000 0.000000 -0.000000 -1.570796
  1 0.000000 0.000000 0.000000 0.000000 -0.000000 0.000000
  2 31.122044 -2.951586 26.371391 -1.507336 -0.267503 1.816594
  3 4.222169 -0.467508 0.000000 -0.150857 0.028066 -0.172414
  4 4.476987 -0.000002 -0.000000 -0.066827 0.281251 -0.105314
  5 4.477083 0.000000 0.000002 0.167558 0.005738 -0.013243
  6 4.477077 -0.000004 -0.000002 0.156849 -0.040099 0.043213
  7 5.413502 -7.700466 -0.000000 0.079085 0.121487 -0.770476
  8 6.890240 0.000002 -0.000000 0.044307 0.121341 0.068604
  9 8.011925 0.000004 0.000005 0.081645 0.000192 -0.029539
 10 7.210720 -0.000002 -0.000000 0.255626 -0.005049 0.053179
 11 8.581028 -0.304903 -0.000000 -0.310073 0.001994 0.737430
 12 22.523008 2.194031 6.355708 0.000000 0.000183 0.000000
 13 22.523005 2.194038 -6.355709 0.000000 -0.000000 0.000000
 14 -3.006533 7.804720 -11.355459 0.275444 0.444751 1.122101
 15 10.384675 0.000008 0.000005 0.161231 0.169932 -2.639589
 16 22.550743 -0.000006 -0.000004 0.032684 0.106029 1.849687
 17 30.814247 -0.000015 -0.000004 2.513799 0.249283 0.531983
 18 -3.013796 7.815494 11.355459 -0.466095 -0.307045 1.451588
 19 10.374533 -0.000002 0.000007 0.914926 0.258962 -2.583809
 20 22.550726 -0.000027 -0.000013 -0.424797 -0.369281 1.620113
 21 30.814270 -0.000023 0.000002 -2.388418 -0.277039 0.730577
 22 -4.250660 -0.770624 0.000001 -0.025923 -0.075857 -2.689592
 23 10.363422 0.000000 0.000000 -0.186912 -0.050954 0.012814
 24 10.363076 0.000000 -0.000000 0.082849 0.177297 -0.080682
 25 10.363081 -0.000004 -0.000002 0.159109 -0.023155 0.085434
 26 8.210358 -0.000006 -7.703991 0.000000 0.000000 -0.000000
 27 8.210346 -0.000002 7.704017 0.000000 0.000000 -0.000000
 28 1.854841 1.227791 -13.762345 2.680944 0.236809 2.462140
 29 10.456543 -0.000004 0.000004 0.233002 0.087263 -1.399943
 30 24.248093 0.000001 0.000007 -0.181512 0.041732 1.053129
 31 26.336971 0.000019 0.000002 0.264631 -0.040700 0.611568
 32 1.854847 1.227798 13.762341 -2.872683 -0.184448 2.788271
 33 10.456542 -0.000008 0.000004 0.127463 -0.146568 -1.245197
 34 24.248116 0.000002 -0.000004 -0.069230 -0.031520 0.931507
 35 26.336975 0.000000 0.000004 -0.395984 0.254630 0.967195
time 79
  0 0.000000 0.000000 0.000000 0.000000 -0.000000 -1.570796
  1 0.000000 0.000000 0.000000 0.000000 -0.000000 0.000000
  2 1.671926 -2.951586 49.176773 -1.502159 -0.267623 1.816593
  3 4.222169 -0.467508 0.000000 -0.150689 0.031810 -0.172445
  4 4.476987 -0.000002 -0.000000 -0.069704 0.281915 -0.106424
  5 4.477083 0.000000 0.000002 0.164850 0.005625 -0.014977
  6 4.477077 -0.000004 -0.000002 0.157221 -0.040212 0.041874
  7 5.413502 -7.700466 -0.000000 0.066723 0.034951 -0.743655
  8 6.890240 0.000002 -0.000000 0.054662 0.122178 0.104511
  9 8.011925 0.000004 0.000005 0.092241 0.000080 -0.033484
 10 7.210720 -0.000002 -0.000000 0.293453 -0.005261 0.055029
 11 8.581028 -0.304903 -0.000000 -0.310555 0.001942 0.789795
 12 22.523008 2.194031 6.355708 0.000000 0.002139 0.000000
 13 22.523005 2.194038 -6.355709 0.000000 -0.000000 0.000000
 14 -3.006533 7.804720 -11.355459 0.306155 0.473334 1.103147
 15 10.384675 0.000008 0.000005 0.168140 0.162188 -2.633257
 16 22.550743 -0.000006 -0.000004 0.028254 0.121698 1.858888
 17 30.814247 -0.000015 -0.000004 2.508863 0.240411 0.532628
 18 -3.013796 7.815494 11.355459 -0.438856 -0.304990 1.386493
 19 10.374533 -0.000002 0.000007 1.059656 0.289959 -2.640228
 20 22.550726 -0.000027 -0.000013 -0.463976 -0.308110 1.729050
 21 30.814270 -0.000023 0.000002 -2.385857 -0.289811 0.730494
 22 -4.250660 -0.770624 0.000001 -0.016383 -0.075231 -2.714148
 23 10.363422 0.000000 0.000000 -0.187511 -0.050847 -0.061302
 24 10.363076 0.000000 -0.000000 0.082202 0.176985 -0.142702
 25 10.363081 -0.000004 -0.000002 0.158518 -0.022970 0.086347
 26 8.210358 -0.000006 -7.703991 0.000000 0.000000 -0.000000
 27 8.210346 -0.000002 7.704017 0.000000 0.000000 -0.000000
 28 1.854841 1.227791 -13.762345 2.692597 0.236809 2.461775
 29 10.456543 -0.000004 0.000004 0.236810 0.087174 -1.401333
 30 24.248093 0.000001 0.000007 -0.185812 0.043972 1.053129
 31 26.336971 0.000019 0.000002 0.266153 -0.043853 0.620460
 32 1.854847 1.227798 13.762341 -2.866741 -0.184667 2.783317
 33 10.456542 -0.000008 0.000004 0.124241 -0.142394 -1.243975
 34 24.248116 0.000002 -0.000004 -0.068518 -0.031664 0.929934
 35 26.336975 0.000000 0.000004 -0.397056 0.254630 0.965217
time 80
  0 0.000000 0.000000 0.000000 0.000000 -0.000000 -1.570796
  1 0.000000 0.000000 0.000000 0.000000 -0.000000 0.000000
  2 1.871151 -2.951586 18.210987 -1.496791 -0.267742 1.816594
  3 4.222169 -0.467508 0.000000 -0.150114 0.035425 -0.172445
  4 4.476987 -0.000002 -0.000000 -0.071310 0.280737 -0.108111
  5 4.477083 0.000000 0.000002 0.162045 0.005528 -0.016252
  6 4.477077 -0.000004 -0.000002 0.156562 -0.040306 0.040971
  7 5.413502 -7.700466 -0.000000 0.056502 0.003398 -0.708401
  8 6.890240 0.000002 -0.000000 0.064681 -0.000549 0.121337
  9 8.011925 0.000004 0.000005 0.102417 -0.000016 -0.038001
 10 7.210720 -0.000002 -0.000000 0.324720 -0.005526 0.056826
 11 8.581028 -0.304903 -0.000000 -0.311014 0.001908 0.895680
 12 22.523008 2.194031 6.355708 0.000000 0.004094 0.000000
 13 22.523005 2.194038 -6.355709 0.000000 -0.000000 0.000000
 14 -3.006533 7.804720 -11.355459 0.321076 0.499513 1.085498
 15 10.384675 0.000008 0.000005 0.176171 0.176339 -2.578662
 16 22.550743 -0.000006 -0.000004 0.022768 0.136477 1.858343
 17 30.814247 -0.000015 -0.000004 2.504233 0.236148 0.533595
 18 -3.013796 7.815494 11.355459 -0.401232 -0.301290 1.342489
 19 10.374533 -0.000002 0.000007 1.105090 0.316039 -1.456052
 20 22.550726 -0.000027 -0.000013 -0.483627 -0.245978 2.022548
 21 30.814270 -0.000023 0.000002 -2.414272 -0.298179 0.730326
 22 -4.250660 -0.770624 0.000001 -0.007406 -0.074670 -2.740343
 23 10.363422 0.000000 0.000000 -0.188158 -0.050799 -0.136475
 24 10.363076 0.000000 -0.000000 0.081531 0.176698 -0.203330
 25 10.363081 -0.000004 -0.000002 0.157828 -0.022831 0.087099
 26 8.210358 -0.000006 -7.703991 0.000000 0.000000 -0.000000
 27 8.210346 -0.000002 7.704017 0.000000 0.000000 -0.000000
 28 1.854841 1.227791 -13.762345 2.702096 0.236809 2.461471
 29 10.456543 -0.000004 0.000004 0.239990 0.087049 -1.404068
 30 24.248093 0.000001 0.000007 -0.189334 0.046534 1.053129
 31 26.336971 0.000019 0.000002 0.267241 -0.047138 0.620460
 32 1.854847 1.227798 13.762341 -2.861001 -0.184913 2.777931
 33 10.456542 -0.000008 0.000004 0.121528 -0.137913 -1.242754
 34 24.248116 0.000002 -0.000004 -0.067909 -0.031472 0.928360
 35 26.336975 0.000000 0.000004 -0.397957 0.254630 0.963409
time 81
  0 0.000000 0.000000 0.000000 0.000000 -0.000000 -1.570796
  1 0.000000 0.000000 0.000000 0.000000 -0.000000 0.000000
  2 2.382885 -2.951586 18.132858 -1.492190 -0.267822 1.816593
  3 4.222169 -0.467508 0.000000 -0.149527 0.038781 -0.172429
  4 4.476987 -0.000002 -0.000000 -0.070842 0.278381 -0.110353
  5 4.477083 0.000000 0.000002 0.159804 0.005447 -0.017111
  6 4.477077 -0.000004 -0.000002 0.155243 -0.040400 0.040379
  7 5.413502 -7.700466 -0.000000 0.049112 0.000102 -0.666023
  8 6.890240 0.000002 -0.000000 0.074508 -0.000601 0.111307
  9 8.011925 0.000004 0.000005 0.112384 0.000048 -0.042699
 10 7.210720 -0.000002 -0.000000 0.347313 -0.005844 0.058569
 11 8.581028 -0.304903 -0.000000 -0.311496 0.001840 0.995292
 12 22.523008 2.194031 6.355708 0.000000 0.243407 0.000000
 13 22.523005 2.194038 -6.355709 0.000000 -0.000000 0.000000
 14 -3.006533 7.804720 -11.355459 0.313317 0.488066 1.066476
 15 10.384675 0.000008 0.000005 0.206388 0.196771 -2.502295
 16 22.550743 -0.000006 -0.000004 0.013956 0.150826 1.851503
 17 30.814247 -0.000015 -0.000004 2.505980 0.228656 0.534777
 18 -3.013796 7.815494 11.355459 -0.356785 -0.297628 1.315243
 19 10.374533 -0.000002 0.000007 1.065385 0.332118 -2.121086
 20 22.550726 -0.000027 -0.000013 -0.471350 -0.228153 2.259778
 21 30.814270 -0.000023 0.000002 -2.454720 -0.300381 0.730075
 22 -4.250660 -0.770624 0.000001 0.000827 -0.074172 -2.767562
 23 10.363422 0.000000 0.000000 -0.188781 -0.050775 -0.210041
 24 10.363076 0.000000 -0.000000 0.080920 0.135758 -0.262021
 25 10.363081 -0.000004 -0.000002 0.156905 -0.022785 0.087636
 26 8.210358 -0.000006 -7.703991 0.000000 0.000000 -0.000000
 27 8.210346 -0.000002 7.704017 0.000000 0.000000 -0.000000
 28 1.854841 1.227791 -13.762345 2.709131 0.236809 2.461167
 29 10.456543 -0.000004 0.000004 0.242453 0.086889 -1.407889
 30 24.248093 0.000001 0.000007 -0.191892 0.049339 1.053129
 31 26.336971 0.000019 0.000002 0.267806 -0.050554 0.620460
 32 1.854847 1.227798 13.762341 -2.855498 -0.185187 2.772288
 33 10.456542 -0.000008 0.000004 0.119357 -0.133934 -1.241532
 34 24.248116 0.000002 -0.000004 -0.067430 -0.209611 0.926786
 35 26.336975 0.000000 0.000004 -0.398557 0.254630 0.961657
time 82
  0 0.000000 0.000000 0.000000 0.000000 -0.000000 -1.570796
  1 0.000000 0.000000 0.000000 0.000000 -0.000000 0.000000
  2 3.070406 -2.951586 18.046919 -1.498325 -0.267862 1.816593
  3 4.222169 -0.467508 0.000000 -0.148904 0.041617 -0.172414
  4 4.476987 -0.000002 -0.000000 -0.069164 0.275404 -0.113172
  5 4.477083 0.000000 0.000002 0.158774 0.005366 -0.017674
  6 4.477077 -0.000004 -0.000002 0.153577 -0.040456 0.039974
  7 5.413502 -7.700466 -0.000000 0.045151 0.001189 -0.618790
  8 6.890240 0.000002 -0.000000 0.083581 0.107239 0.075190
  9 8.011925 0.000004 0.000005 0.121591 0.000511 -0.047241
 10 7.210720 -0.000002 -0.000000 0.359419 -0.006250 0.060232
 11 8.581028 -0.304903 -0.000000 -0.311933 0.001789 1.082216
 12 22.523008 2.194031 6.355708 0.000000 -0.014146 0.000000
 13 22.523005 2.194038 -6.355709 0.000000 -0.000000 0.000000
 14 -3.006533 7.804720 -11.355459 0.278862 0.528201 1.042920
 15 10.384675 0.000008 0.000005 0.234066 0.207973 -2.405934
 16 22.550743 -0.000006 -0.000004 0.003593 0.155361 1.845086
 17 30.814247 -0.000015 -0.000004 2.559007 0.172794 0.536209
 18 -3.013796 7.815494 11.355459 -0.290446 -0.295274 1.295521
 19 10.374533 -0.000002 0.000007 0.921330 -0.217150 -2.048604
 20 22.550726 -0.000027 -0.000013 -0.426043 -0.229645 2.250845
 21 30.814270 -0.000023 0.000002 -2.518040 -0.282740 0.729713
 22 -4.250660 -0.770624 0.000001 0.006232 -0.073675 -2.795191
 23 10.363422 0.000000 0.000000 -0.189249 0.075339 -0.279316
 24 10.363076 0.000000 -0.000000 0.080477 0.055857 0.205627
 25 10.363081 -0.000004 -0.000002 0.155994 -0.022847 0.087824
 26 8.210358 -0.000006 -7.703991 0.000000 0.000000 -0.000000
 27 8.210346 -0.000002 7.704017 0.000000 0.000000 -0.000000
 28 1.854841 1.227791 -13.762345 2.713440 0.371000 2.460862
 29 10.456543 -0.000004 0.000004 0.244095 0.086675 -1.412709
 30 24.248093 0.000001 0.000007 -0.193412 0.052366 1.053129
 31 26.336971 0.000019 0.000002 0.267763 -0.054102 0.620460
 32 1.854847 1.227798 13.762341 -2.850332 -0.185460 2.766386
 33 10.456542 -0.000008 0.000004 0.117797 -0.131123 -1.240271
 34 24.248116 0.000002 -0.000004 -0.067067 0.025838 0.926786
 35 26.336975 0.000000 0.000004 -0.398857 0.254630 0.959905
time 83
  0 0.000000 0.000000 0.000000 0.000000 -0.000000 -1.570796
  1 0.000000 0.000000 0.000000 0.000000 -0.000000 0.000000
  2 3.882931 -2.951586 18.085983 -1.506090 -0.267902 1.816594
  3 4.222169 -0.467508 0.000000 -0.148245 0.043656 -0.172414
  4 4.476987 -0.000002 -0.000000 -0.068445 0.272427 -0.116546
  5 4.477083 0.000000 0.000002 0.158546 0.005318 -0.018060
  6 4.477077 -0.000004 -0.000002 0.151911 -0.040513 0.039647
  7 5.413502 -7.700466 -0.000000 0.043596 0.002243 -0.568912
  8 6.890240 0.000002 -0.000000 0.084431 0.000157 0.036373
  9 8.011925 0.000004 0.000005 0.122429 0.001566 -0.051238
 10 7.210720 -0.000002 -0.000000 0.364140 -0.006727 0.061841
 11 8.581028 -0.304903 -0.000000 -0.312392 0.001721 1.153893
 12 22.523008 2.194031 6.355708 0.000000 -0.018728 0.000000
 13 22.523005 2.194038 -6.355709 0.000000 -0.000000 0.000000
 14 -3.006533 7.804720 -11.355459 0.204581 0.607412 1.005082
 15 10.384675 0.000008 0.000005 0.221964 0.198511 -2.303908
 16 22.550743 -0.000006 -0.000004 0.009942 0.159579 1.847507
 17 30.814247 -0.000015 -0.000004 2.646278 0.110976 0.537856
 18 -3.013796 7.815494 11.355459 -0.221815 -0.294228 1.285432
 19 10.374533 -0.000002 0.000007 0.768782 -0.259974 -1.976992
 20 22.550726 -0.000027 -0.000013 -0.377631 -0.237870 2.152950
 21 30.814270 -0.000023 0.000002 -2.610056 -0.234931 0.729155
 22 -4.250660 -0.770624 0.000001 0.007478 0.127852 -2.822615
 23 10.363422 0.000000 0.000000 -0.189488 -0.060410 0.183493
 24 10.363076 0.000000 -0.000000 0.080285 0.046641 0.351968
 25 10.363081 -0.000004 -0.000002 0.154418 -0.023032 0.087582
 26 8.210358 -0.000006 -7.703991 0.000000 0.000000 -0.000000
 27 8.210346 -0.000002 7.704017 0.000000 0.000000 -0.000000
 28 1.854841 1.227791 -13.762345 2.714540 0.152060 2.460619
 29 10.456543 -0.000004 0.000004 0.244654 0.086444 -1.418396
 30 24.248093 0.000001 0.000007 -0.193560 0.055554 1.053129
 31 26.336971 0.000019 0.000002 0.267110 -0.057676 0.620460
 32 1.854847 1.227798 13.762341 -2.845504 -0.185734 2.760354
 33 10.456542 -0.000008 0.000004 0.117187 -0.130260 -1.239049
 34 24.248116 0.000002 -0.000004 -0.066938 0.005177 0.926786
 35 26.336975 0.000000 0.000004 -0.398857 0.254630 0.958153
time 84
  0 0.000000 0.000000 0.000000 0.000000 -0.000000 -1.570796
  1 0.000000 0.000000 0.000000 0.000000 -0.000000 0.000000
  2 4.800928 -2.951586 18.261768 -1.514718 -0.267902 1.816594
  3 4.222169 -0.467508 0.000000 -0.147549 0.044620 -0.172460
  4 4.476987 -0.000002 -0.000000 -0.067894 0.270049 -0.120408
  5 4.477083 0.000000 0.000002 0.157935 0.005269 -0.018371
  6 4.477077 -0.000004 -0.000002 0.150581 -0.040550 0.039382
  7 5.413502 -7.700466 -0.000000 0.042453 0.135368 -0.518226
  8 6.890240 0.000002 -0.000000 0.084635 0.000000 -0.001815
  9 8.011925 0.000004 0.000005 0.122586 0.003371 -0.054327
 10 7.210720 -0.000002 -0.000000 0.367517 -0.007309 0.063396
 11 8.581028 -0.304903 -0.000000 -0.312828 0.001652 1.207975
 12 22.523008 2.194031 6.355708 0.000000 -0.018728 0.000000
 13 22.523005 2.194038 -6.355709 0.000000 -0.000000 0.000000
 14 -3.006533 7.804720 -11.355459 0.129323 0.690473 0.960581
 15 10.384675 0.000008 0.000005 0.264395 0.183065 -2.207492
 16 22.550743 -0.000006 -0.000004 -0.004643 0.201966 1.920994
 17 30.814247 -0.000015 -0.000004 2.712015 0.077371 0.539719
 18 -3.013796 7.815494 11.355459 -0.151861 -0.292061 1.288282
 19 10.374533 -0.000002 0.000007 0.606930 -0.304492 -1.780712
 20 22.550726 -0.000027 -0.000013 -0.325460 -0.256971 2.039918
 21 30.814270 -0.000023 0.000002 -2.702984 -0.165934 0.728318
 22 -4.250660 -0.770624 0.000001 0.006807 0.026960 -2.779955
 23 10.363422 0.000000 0.000000 -0.189500 -0.061968 0.163886
 24 10.363076 0.000000 -0.000000 0.080333 0.032978 0.351814
 25 10.363081 -0.000004 -0.000002 0.152781 0.102697 0.086830
 26 8.210358 -0.000006 -7.703991 0.000000 0.000000 -0.000000
 27 8.210346 -0.000002 7.704017 0.000000 0.000000 -0.000000
 28 1.854841 1.227791 -13.762345 2.711374 0.151912 2.460437
 29 10.456543 -0.000004 0.000004 0.241719 0.086177 -1.424736
 30 24.248093 0.000001 0.000007 -0.190112 0.058822 1.053129
 31 26.336971 0.000019 0.000002 0.265675 -0.061328 0.620460
 32 1.854847 1.227798 13.762341 -2.840405 -0.186008 2.754280
 33 10.456542 -0.000008 0.000004 0.122206 -0.131791 -1.237630
 34 24.248116 0.000002 -0.000004 -0.068039 -0.028356 0.926786
 35 26.336975 0.000000 0.000004 -0.398386 0.254630 0.956401
time 85
  0 0.000000 0.000000 0.000000 0.000000 -0.000000 -1.570796
  1 0.000000 0.000000 0.000000 0.000000 -0.000000 0.000000
  2 5.797052 -2.951586 18.535215 -1.524304 -0.267902 1.816593
  3 4.222169 -0.467508 0.000000 -0.146842 0.044231 -0.172521
  4 4.476987 -0.000002 -0.000000 -0.067570 0.268807 -0.124426
  5 4.477083 0.000000 0.000002 0.157180 0.005237 -0.018623
  6 4.477077 -0.000004 -0.000002 0.149886 -0.040569 0.039149
  7 5.413502 -7.700466 -0.000000 0.041682 -0.000204 -0.467228
  8 6.890240 0.000002 -0.000000 0.084851 0.173359 -0.038700
  9 8.011925 0.000004 0.000005 0.122756 0.005352 -0.056222
 10 7.210720 -0.000002 -0.000000 0.369740 -0.008015 0.064844
 11 8.581028 -0.304903 -0.000000 -0.313242 0.001584 1.233316
 12 22.523008 2.194031 6.355708 0.000000 -0.018728 0.000000
 13 22.523005 2.194038 -6.355709 0.000000 -0.000000 0.000000
 14 -3.006533 7.804720 -11.355459 0.057211 0.747956 0.987845
 15 10.384675 0.000008 0.000005 0.348136 0.165583 -2.121850
 16 22.550743 -0.000006 -0.000004 -0.035317 0.258960 2.041939
 17 30.814247 -0.000015 -0.000004 2.774083 0.073233 0.541688
 18 -3.013796 7.815494 11.355459 -0.084402 -0.274349 1.368652
 19 10.374533 -0.000002 0.000007 0.444472 -0.350970 -1.588722
 20 22.550726 -0.000027 -0.000013 -0.270981 0.143935 1.901762
 21 30.814270 -0.000023 0.000002 -2.791772 -0.084214 0.727202
 22 -4.250660 -0.770624 0.000001 0.006004 0.028693 2.903719
 23 10.363422 0.000000 0.000000 -0.189345 -0.066259 0.163908
 24 10.363076 0.000000 -0.000000 0.080584 0.018165 0.292503
 25 10.363081 -0.000004 -0.000002 0.151106 -0.024357 0.309904
 26 8.210358 -0.000006 -7.703991 0.000000 0.000000 -0.000000
 27 8.210346 -0.000002 7.704017 0.000000 0.000000 -0.000000
 28 1.854841 1.227791 -13.762345 2.703678 0.151591 2.460254
 29 10.456543 -0.000004 0.000004 0.233403 0.085893 -1.431639
 30 24.248093 0.000001 0.000007 -0.181252 0.062132 1.053129
 31 26.336971 0.000019 0.000002 0.262542 -0.064981 0.620460
 32 1.854847 1.227798 13.762341 -2.828521 -0.186281 2.748248
 33 10.456542 -0.000008 0.000004 0.136891 -0.135186 -1.236685
 34 24.248116 0.000002 -0.000004 -0.071290 -0.031520 0.926786
 35 26.336975 0.000000 0.000004 -0.396199 0.254630 0.955270
time 86
  0 0.000000 0.000000 0.000000 0.000000 -0.000000 -1.570796
  1 0.000000 0.000000 0.000000 0.000000 -0.000000 0.000000
  2 6.847865 -2.951586 18.863350 -1.534848 -0.267862 1.816593
  3 4.222169 -0.467508 0.000000 -0.146099 0.042210 -0.172644
  4 4.476987 -0.000002 -0.000000 -0.067487 0.269193 -0.128310
  5 4.477083 0.000000 0.000002 0.156544 0.005221 -0.018845
  6 4.477077 -0.000004 -0.000002 0.150102 -0.009768 0.038962
  7 5.413502 -7.700466 -0.000000 0.041177 -0.000306 -0.416043
  8 6.890240 0.000002 -0.000000 0.085043 0.006757 -0.070256
  9 8.011925 0.000004 0.000005 0.122887 0.006614 -0.057131
 10 7.210720 -0.000002 -0.000000 0.371085 -0.008827 0.066212
 11 8.581028 -0.304903 -0.000000 -0.313655 0.001516 1.218210
 12 22.523008 2.194031 6.355708 0.000000 -0.018728 0.000000
 13 22.523005 2.194038 -6.355709 0.000000 -0.000000 0.000000
 14 -3.006533 7.804720 -11.355459 -0.002963 0.795864 0.925215
 15 10.384675 0.000008 0.000005 0.435949 0.148779 -2.052204
 16 22.550743 -0.000006 -0.000004 -0.066775 0.247567 2.133041
 17 30.814247 -0.000015 -0.000004 2.834579 0.097559 0.543192
 18 -3.013796 7.815494 11.355459 -0.057723 -0.258505 1.514459
 19 10.374533 -0.000002 0.000007 0.346256 -0.399741 -1.402300
 20 22.550726 -0.000027 -0.000013 -0.244160 -0.081214 2.551539
 21 30.814270 -0.000023 0.000002 -2.831694 0.001617 0.725836
 22 -4.250660 -0.770624 0.000001 0.005405 0.027891 2.903540
 23 10.363422 0.000000 0.000000 -0.189081 -0.072670 0.163930
 24 10.363076 0.000000 -0.000000 0.080968 0.003065 0.288760
 25 10.363081 -0.000004 -0.000002 0.149321 -0.024372 -0.000370
 26 8.210358 -0.000006 -7.703991 0.000000 0.000000 -0.000000
 27 8.210346 -0.000002 7.704017 0.000000 0.000000 -0.000000
 28 1.854841 1.227791 -13.762345 2.693037 0.151123 2.460193
 29 10.456543 -0.000004 0.000004 0.221751 0.085590 -1.438934
 30 24.248093 0.000001 0.000007 -0.168833 0.065441 1.053129
 31 26.336971 0.000019 0.000002 0.257235 -0.068660 0.620460
 32 1.854847 1.227798 13.762341 -2.816704 -0.186555 2.742303
 33 10.456542 -0.000008 0.000004 0.157782 -0.089519 -1.237670
 34 24.248116 0.000002 -0.000004 -0.075928 -0.030753 0.926786
 35 26.336975 0.000000 0.000004 -0.391224 0.254630 0.956401
time 87
  0 0.000000 0.000000 0.000000 0.000000 -0.000000 -1.570796
  1 0.000000 0.000000 0.000000 0.000000 -0.000000 0.000000
  2 7.914304 -2.951586 19.222736 -1.546256 -0.267822 1.816594
  3 4.222169 -0.467508 0.000000 -0.145356 0.038373 -0.172828
  4 4.476987 -0.000002 -0.000000 -0.067654 0.270199 -0.131729
  5 4.477083 0.000000 0.000002 0.155897 0.031696 -0.019023
  6 4.477077 -0.000004 -0.000002 0.150665 -0.040550 0.038822
  7 5.413502 -7.700466 -0.000000 0.040832 -0.000153 -0.364735
  8 6.890240 0.000002 -0.000000 0.085198 0.214137 -0.093597
  9 8.011925 0.000004 0.000005 0.122992 0.007333 -0.057779
 10 7.210720 -0.000002 -0.000000 0.371936 -0.009799 0.067499
 11 8.581028 -0.304903 -0.000000 -0.314068 0.142377 1.163812
 12 22.523008 2.194031 6.355708 0.000000 -0.018728 0.000000
 13 22.523005 2.194038 -6.355709 0.000000 -0.000000 0.000000
 14 -3.006533 7.804720 -11.355459 -0.044200 0.830947 0.793499
 15 10.384675 0.000008 0.000005 0.496720 0.146827 -1.996387
 16 22.550743 -0.000006 -0.000004 -0.087805 0.221739 2.219058
 17 30.814247 -0.000015 -0.000004 2.868561 0.121979 0.543515
 18 -3.013796 7.815494 11.355459 -0.053396 0.049400 1.583087
 19 10.374533 -0.000002 0.000007 0.293744 -0.446983 -1.223183
 20 22.550726 -0.000027 -0.000013 -0.223284 -0.056675 2.114549
 21 30.814270 -0.000023 0.000002 -2.845516 0.082971 0.724330
 22 -4.250660 -0.770624 0.000001 0.004902 0.025195 2.903463
 23 10.363422 0.000000 0.000000 -0.188781 -0.080604 0.163974
 24 10.363076 0.000000 -0.000000 0.081435 -0.012132 0.053581
 25 10.363081 -0.000004 -0.000002 0.147400 -0.024449 -0.001229
 26 8.210358 -0.000006 -7.703991 0.000000 0.000000 -0.000000
 27 8.210346 -0.000002 7.704017 0.000000 0.000000 -0.000000
 28 1.854841 1.227791 -13.762345 2.680812 0.150481 2.460133
 29 10.456543 -0.000004 0.000004 0.208666 0.085288 -1.446489
 30 24.248093 0.000001 0.000007 -0.154672 0.068629 1.053129
 31 26.336971 0.000019 0.000002 0.250666 -0.072260 0.620460
 32 1.854847 1.227798 13.762341 -2.805832 -0.186801 2.736617
 33 10.456542 -0.000008 0.000004 0.181691 -0.089519 -1.239049
 34 24.248116 0.000002 -0.000004 -0.081239 -0.029986 0.926786
 35 26.336975 0.000000 0.000004 -0.384792 0.254630 0.958152
time 88
  0 0.000000 0.000000 0.000000 0.000000 -0.000000 -1.570796
  1 0.000000 0.000000 0.000000 0.000000 -0.000000 0.000000
  2 8.961211 -2.951586 19.582121 -1.558718 -0.267742 1.816593
  3 4.222169 -0.467508 0.000000 -0.144589 0.030643 -0.173058
  4 4.476987 -0.000002 -0.000000 -0.067930 0.270692 -0.134370
  5 4.477083 0.000000 0.000002 0.155010 0.005237 -0.019157
  6 4.477077 -0.000004 -0.000002 0.150941 0.135121 0.038713
  7 5.413502 -7.700466 -0.000000 0.040552 0.000374 -0.313706
  8 6.890240 0.000002 -0.000000 0.085330 0.026950 -0.110446
  9 8.011925 0.000004 0.000005 0.123071 0.007556 -0.058195
 10 7.210720 -0.000002 -0.000000 0.372568 -0.010911 0.068706
 11 8.581028 -0.304903 -0.000000 -0.314459 0.002506 1.105349
 12 22.523008 2.194031 6.355708 0.000000 -0.018728 0.000000
 13 22.523005 2.194038 -6.355709 0.000000 -0.000000 0.000000
 14 -3.006533 7.804720 -11.355459 -0.065090 0.851544 0.658419
 15 10.384675 0.000008 0.000005 0.547368 0.157054 -1.976726
 16 22.550743 -0.000006 -0.000004 -0.104693 0.194648 2.302896
 17 30.814247 -0.000015 -0.000004 2.869347 0.249533 0.543121
 18 -3.013796 7.815494 11.355459 -0.059556 -0.250882 1.983286
 19 10.374533 -0.000002 0.000007 0.263544 -0.491069 -1.107734
 20 22.550726 -0.000027 -0.000013 -0.206717 -0.032431 2.106981
 21 30.814270 -0.000023 0.000002 -2.811137 0.151210 0.722768
 22 -4.250660 -0.770624 0.000001 0.004410 0.021215 2.903438
 23 10.363422 0.000000 0.000000 -0.188446 -0.089425 0.164018
 24 10.363076 0.000000 -0.000000 0.081951 -0.027184 0.005214
 25 10.363081 -0.000004 -0.000002 0.145369 -0.024557 -0.001229
 26 8.210358 -0.000006 -7.703991 0.000000 0.000000 -0.000000
 27 8.210346 -0.000002 7.704017 0.000000 0.000000 -0.000000
 28 1.854841 1.227791 -13.762345 2.668456 0.149741 2.460133
 29 10.456543 -0.000004 0.000004 0.195948 0.084985 -1.454131
 30 24.248093 0.000001 0.000007 -0.140362 0.071736 1.053129
 31 26.336971 0.000019 0.000002 0.243749 -0.075834 0.620460
 32 1.854847 1.227798 13.762341 -2.795973 -0.187020 2.731145
 33 10.456542 -0.000008 0.000004 0.205736 0.138454 -1.240310
 34 24.248116 0.000002 -0.000004 -0.086563 -0.029291 0.926786
 35 26.336975 0.000000 0.000004 -0.377888 0.254630 0.959905
time 89
  0 0.000000 0.000000 0.000000 0.000000 -0.000000 -1.570796
  1 0.000000 0.000000 0.000000 0.000000 -0.000000 0.000000
  2 9.949522 -2.951586 19.925882 -1.572043 -0.267663 1.816593
  3 4.222169 -0.467508 0.000000 -0.143810 -0.006248 -0.173779
  4 4.476987 -0.000002 -0.000000 -0.068170 0.270799 -0.135991
  5 4.477083 0.000000 0.000002 0.154124 0.156240 -0.019260
  6 4.477077 -0.000004 -0.000002 0.151001 0.359315 0.024152
  7 5.413502 -7.700466 -0.000000 0.040326 0.001172 -0.262521
  8 6.890240 0.000002 -0.000000 0.085450 0.002640 -0.135463
  9 8.011925 0.000004 0.000005 0.123123 0.007445 -0.058428
 10 7.210720 -0.000002 -0.000000 0.373062 -0.012182 0.069778
 11 8.581028 -0.304903 -0.000000 -0.314826 0.002301 1.047832
 12 22.523008 2.194031 6.355708 0.000000 -0.018728 0.000000
 13 22.523005 2.194038 -6.355709 0.000000 -0.000000 0.000000
 14 -3.006533 7.804720 -11.355459 -0.059556 0.124623 0.568114
 15 10.384675 0.000008 0.000005 0.584458 0.169614 -1.974615
 16 22.550743 -0.000006 -0.000004 -0.116528 0.265244 2.349991
 17 30.814247 -0.000015 -0.000004 2.812346 0.047935 0.542548
 18 -3.013796 7.815494 11.355459 -0.056145 -0.248902 1.642083
 19 10.374533 -0.000002 0.000007 0.262128 -0.531667 -1.043892
 20 22.550726 -0.000027 -0.000013 -0.207248 0.034020 2.099412
 21 30.814270 -0.000023 0.000002 -2.739959 0.197820 0.721345
 22 -4.250660 -0.770624 0.000001 0.003871 0.016577 2.903463
 23 10.363422 0.000000 0.000000 -0.188086 -0.098521 0.164062
 24 10.363076 0.000000 -0.000000 0.082490 -0.041889 0.000155
 25 10.363081 -0.000004 -0.000002 0.143374 -0.024696 -0.001229
 26 8.210358 -0.000006 -7.703991 0.000000 0.000000 -0.000000
 27 8.210346 -0.000002 7.704017 0.000000 0.000000 -0.000000
 28 1.854841 1.227791 -13.762345 2.657594 0.148877 2.460315
 29 10.456543 -0.000004 0.000004 0.185535 0.084700 -1.461686
 30 24.248093 0.000001 0.000007 -0.127757 0.074622 1.053129
 31 26.336971 0.000019 0.000002 0.237441 -0.079303 0.620460
 32 1.854847 1.227798 13.762341 -2.787330 -0.187239 2.726104
 33 10.456542 -0.000008 0.000004 0.226559 -0.089185 -1.241532
 34 24.248116 0.000002 -0.000004 -0.091175 -0.031664 0.926786
 35 26.336975 0.000000 0.000004 -0.371755 0.254630 0.961657
time 90
  0 0.000000 0.000000 0.000000 0.000000 -0.000000 -1.570796
  1 0.000000 0.000000 0.000000 0.000000 -0.000000 0.000000
  2 10.785485 -2.951586 20.238392 -1.586805 -0.267583 1.816593
  3 4.222169 -0.467508 0.000000 -0.143019 -0.057671 -0.174668
  4 4.476987 -0.000002 -0.000000 -0.068242 0.270499 -0.136767
  5 4.477083 0.000000 0.000002 0.153381 0.348951 -0.033119
  6 4.477077 -0.000004 -0.000002 0.150833 0.352926 -0.004751
  7 5.413502 -7.700466 -0.000000 0.040127 0.002056 -0.211990
  8 6.890240 0.000002 -0.000000 0.085534 0.000078 -0.164366
  9 8.011925 0.000004 0.000005 0.123149 0.007061 -0.058610
 10 7.210720 -0.000002 -0.000000 0.373419 -0.013630 0.070798
 11 8.581028 -0.304903 -0.000000 -0.315194 0.228744 0.992278
 12 22.523008 2.194031 6.355708 0.000000 -0.028505 0.000000
 13 22.523005 2.194038 -6.355709 0.000000 -0.000000 0.000000
 14 -3.006533 7.804720 -11.355459 -0.044092 0.168928 0.495595
 15 10.384675 0.000008 0.000005 0.606234 0.350230 -1.975115
 16 22.550743 -0.000006 -0.000004 -0.122749 0.178548 2.351080
 17 30.814247 -0.000015 -0.000004 2.754646 0.038092 0.542082
 18 -3.013796 7.815494 11.355459 -0.075492 -0.247594 1.646928
 19 10.374533 -0.000002 0.000007 0.292935 -0.529707 -1.004173
 20 22.550726 -0.000027 -0.000013 -0.218381 0.099019 2.067587
 21 30.814270 -0.000023 0.000002 -2.651802 0.216488 0.720313
 22 -4.250660 -0.770624 0.000001 0.003212 0.011907 2.903489
 23 10.363422 0.000000 0.000000 -0.187715 -0.107294 0.164062
 24 10.363076 0.000000 -0.000000 0.083041 -0.056031 0.001807
 25 10.363081 -0.000004 -0.000002 0.141392 -0.024880 -0.001229
 26 8.210358 -0.000006 -7.703991 0.000000 0.000000 -0.000000
 27 8.210346 -0.000002 7.704017 0.000000 0.000000 -0.000000
 28 1.854841 1.227791 -13.762345 2.649899 0.147915 2.552823
 29 10.456543 -0.000004 0.000004 0.179089 0.084416 -1.469023
 30 24.248093 0.000001 0.000007 -0.118638 0.074622 1.053129
 31 26.336971 0.000019 0.000002 0.232699 -0.082640 0.620460
 32 1.854847 1.227798 13.762341 -2.780138 -0.187430 2.721452
 33 10.456542 -0.000008 0.000004 0.241108 -0.089519 -1.242754
 34 24.248116 0.000002 -0.000004 -0.094388 -0.028524 0.926786
 35 26.336975 0.000000 0.000004 -0.367424 0.254630 0.963465
time 91
  0 0.000000 0.000000 0.000000 0.000000 -0.000000 -1.570796
  1 0.000000 0.000000 0.000000 0.000000 -0.000000 0.000000
  2 10.426100 -2.951586 20.500118 -1.599076 -0.267463 1.816593
  3 4.222169 -0.467508 0.000000 -0.142228 -0.080288 -0.175097
  4 4.476987 -0.000002 -0.000000 -0.068158 0.269878 -0.137322
  5 4.477083 0.000000 0.000002 0.152793 0.343459 -0.060628
  6 4.477077 -0.000004 -0.000002 0.150485 0.346442 -0.007773
  7 5.413502 -7.700466 -0.000000 0.039968 0.003041 -0.164042
  8 6.890240 0.000002 -0.000000 0.085606 0.000915 -0.156849
  9 8.011925 0.000004 0.000005 0.123149 0.006486 -0.058714
 10 7.210720 -0.000002 -0.000000 0.373638 -0.015272 0.071683
 11 8.581028 -0.304903 -0.000000 -0.315561 0.011127 0.944750
 12 22.523008 2.194031 6.355708 0.000000 -0.033485 0.000000
 13 22.523005 2.194038 -6.355709 0.000000 -0.000000 0.000000
 14 -3.006533 7.804720 -11.355459 0.000456 0.204435 0.444777
 15 10.384675 0.000008 0.000005 0.564251 0.163906 -1.450268
 16 22.550743 -0.000006 -0.000004 -0.104453 0.144541 2.272085
 17 30.814247 -0.000015 -0.000004 2.666545 0.016682 0.541760
 18 -3.013796 7.815494 11.355459 -0.152014 -0.246847 1.653882
 19 10.374533 -0.000002 0.000007 0.476357 -0.535023 -1.092426
 20 22.550726 -0.000027 -0.000013 -0.278314 0.162133 2.027759
 21 30.814270 -0.000023 0.000002 -2.522144 0.209050 0.719867
 22 -4.250660 -0.770624 0.000001 0.002373 0.007831 2.903515
 23 10.363422 0.000000 0.000000 -0.187343 -0.115120 0.164040
 24 10.363076 0.000000 -0.000000 0.083593 -0.069322 0.003458
 25 10.363081 -0.000004 -0.000002 0.139471 -0.025081 -0.001229
 26 8.210358 -0.000006 -7.703991 0.000000 0.000000 -0.000000
 27 8.210346 -0.000002 7.704017 0.000000 0.000000 -0.000000
 28 1.854841 1.227791 -13.762345 2.647040 0.146879 2.551181
 29 10.456543 -0.000004 0.000004 0.177237 0.084166 -1.476014
 30 24.248093 0.000001 0.000007 -0.114708 0.074622 1.053129
 31 26.336971 0.000019 0.000002 0.230393 -0.085846 0.620460
 32 1.854847 1.227798 13.762341 -2.774365 -0.187595 2.717359
 33 10.456542 -0.000008 0.000004 0.246161 -0.089074 -1.243975
 34 24.248116 0.000002 -0.000004 -0.095476 0.063817 0.926786
 35 26.336975 0.000000 0.000004 -0.366095 0.254630 0.965217
time 92
  0 0.000000 0.000000 0.000000 0.000000 -0.000000 -1.570796
  1 0.000000 0.000000 0.000000 0.000000 -0.000000 0.000000
  2 10.879238 -2.951586 20.507931 -1.585847 -0.267343 1.816593
  3 4.222169 -0.467508 0.000000 -0.141437 -0.092300 -0.175327
  4 4.476987 -0.000002 -0.000000 -0.067954 0.268957 -0.137678
  5 4.477083 0.000000 0.000002 0.152314 0.337886 -0.063503
  6 4.477077 -0.000004 -0.000002 0.149970 0.339921 -0.006776
  7 5.413502 -7.700466 -0.000000 0.039848 0.004129 -0.121165
  8 6.890240 0.000002 -0.000000 0.085654 0.001751 -0.137999
  9 8.011925 0.000004 0.000005 0.123136 0.005783 -0.058818
 10 7.210720 -0.000002 -0.000000 0.373721 -0.017125 0.072433
 11 8.581028 -0.304903 -0.000000 -0.315906 0.282008 0.909595
 12 22.523008 2.194031 6.355708 0.000000 -0.041367 0.000000
 13 22.523005 2.194038 -6.355709 0.000000 -0.000000 0.000000
 14 -3.006533 7.804720 -11.355459 0.067466 0.216942 0.418063
 15 10.384675 0.000008 0.000005 0.465457 0.155759 -2.030599
 16 22.550743 -0.000006 -0.000004 -0.065016 0.109875 2.192121
 17 30.814247 -0.000015 -0.000004 2.552411 -0.008647 0.541581
 18 -3.013796 7.815494 11.355459 -0.274561 -0.246660 1.662717
 19 10.374533 -0.000002 0.000007 0.806936 -0.552199 -1.209324
 20 22.550726 -0.000027 -0.000013 -0.391664 0.222773 1.979743
 21 30.814270 -0.000023 0.000002 -2.393013 0.179665 0.719979
 22 -4.250660 -0.770624 0.000001 0.001402 0.004959 2.903540
 23 10.363422 0.000000 0.000000 -0.186960 -0.121376 0.163974
 24 10.363076 0.000000 -0.000000 0.084132 -0.078862 0.205627
 25 10.363081 -0.000004 -0.000002 0.137600 -0.025312 -0.001229
 26 8.210358 -0.000006 -7.703991 0.000000 0.000000 -0.000000
 27 8.210346 -0.000002 7.704017 0.000000 0.000000 -0.000000
 28 1.854841 1.227791 -13.762345 2.650602 0.375096 2.549478
 29 10.456543 -0.000004 0.000004 0.180364 0.083935 -1.482527
 30 24.248093 0.000001 0.000007 -0.117748 0.074622 1.053129
 31 26.336971 0.000019 0.000002 0.231481 -0.088895 0.620460
 32 1.854847 1.227798 13.762341 -2.772069 -0.187704 2.713913
 33 10.456542 -0.000008 0.000004 0.238904 -0.502720 -1.245197
 34 24.248116 0.000002 -0.000004 -0.093831 -0.031628 0.926786
 35 26.336975 0.000000 0.000004 -0.368453 0.254630 0.967252
time 93
  0 0.000000 0.000000 0.000000 0.000000 -0.000000 -1.570796
  1 0.000000 0.000000 0.000000 0.000000 -0.000000 0.000000
  2 11.461287 -2.951586 20.605591 -1.569550 -0.267184 1.816593
  3 4.222169 -0.467508 0.000000 -0.140658 -0.092504 -0.175373
  4 4.476987 -0.000002 -0.000000 -0.067654 0.267822 -0.137877
  5 4.477083 0.000000 0.000002 0.151954 0.332281 -0.062555
  6 4.477077 -0.000004 -0.000002 0.149335 0.321110 -0.005810
  7 5.413502 -7.700466 -0.000000 0.039755 0.005301 -0.085725
  8 6.890240 0.000002 -0.000000 0.085690 0.104128 -0.118265
  9 8.011925 0.000004 0.000005 0.123097 0.005032 -0.058896
 10 7.210720 -0.000002 -0.000000 0.373748 -0.019191 0.073104
 11 8.581028 -0.304903 -0.000000 -0.316227 0.037503 0.884219
 12 22.523008 2.194031 6.355708 0.000000 -0.048119 0.000000
 13 22.523005 2.194038 -6.355709 0.000000 -0.000000 0.000000
 14 -3.006533 7.804720 -11.355459 0.138221 0.218284 0.496625
 15 10.384675 0.000008 0.000005 0.353552 0.147548 -2.034042
 16 22.550743 -0.000006 -0.000004 -0.021612 0.023523 2.070026
 17 30.814247 -0.000015 -0.000004 2.432774 -0.043036 0.541545
 18 -3.013796 7.815494 11.355459 -0.331583 -0.246959 1.673376
 19 10.374533 -0.000002 0.000007 0.983078 -0.591368 -1.341937
 20 22.550726 -0.000027 -0.000013 -0.454212 0.261859 1.923165
 21 30.814270 -0.000023 0.000002 -2.360845 0.132419 0.720564
 22 -4.250660 -0.770624 0.000001 0.000360 0.003932 2.903515
 23 10.363422 0.000000 0.000000 -0.186588 -0.125475 0.163842
 24 10.363076 0.000000 -0.000000 0.084635 -0.083248 -0.007846
 25 10.363081 -0.000004 -0.000002 0.135815 -0.025558 -0.001229
 26 8.210358 -0.000006 -7.703991 0.000000 0.000000 -0.000000
 27 8.210346 -0.000002 7.704017 0.000000 0.000000 -0.000000
 28 1.854841 1.227791 -13.762345 2.661244 0.225706 2.547897
 29 10.456543 -0.000004 0.000004 0.188837 0.083739 -1.488388
 30 24.248093 0.000001 0.000007 -0.128610 0.074622 1.053129
 31 26.336971 0.000019 0.000002 0.236397 -0.091733 0.620460
 32 1.854847 1.227798 13.762341 -2.783852 -0.187814 2.711155
 33 10.456542 -0.000008 0.000004 0.220149 0.044003 -1.245986
 34 24.248116 0.000002 -0.000004 -0.089646 -0.032060 0.926786
 35 26.336975 0.000000 0.000004 -0.373685 0.254630 0.968552
time 94
  0 0.000000 0.000000 0.000000 0.000000 -0.000000 -1.570796
  1 0.000000 0.000000 0.000000 0.000000 -0.000000 0.000000
  2 11.430037 -2.951586 20.695436 -1.570797 -0.159522 1.590161
  3 4.222169 -0.467508 0.000000 0.010827 -0.080158 -0.175174
  4 4.476987 -0.000002 -0.000000 0.011516 0.029419 -0.138033
  5 4.477083 0.000000 0.000002 -0.007129 0.316111 -0.061636
  6 4.477077 -0.000004 -0.000002 -0.006297 0.301716 0.116204
  7 5.413502 -7.700466 -0.000000 0.002658 0.006559 -0.060117
  8 6.890240 0.000002 -0.000000 0.002397 0.025996 0.185403
  9 8.011925 0.000004 0.000005 0.002646 0.004313 -0.058947
 10 7.210720 -0.000002 -0.000000 0.005545 -0.021468 0.073640
 11 8.581028 -0.304903 -0.000000 0.002783 0.005750 0.846540
 12 22.523008 2.194031 6.355708 0.000000 -0.053741 0.000000
 13 22.523005 2.194038 -6.355709 0.000000 -0.000000 0.000000
 14 -3.006533 7.804720 -11.355459 0.119284 0.217966 0.665973
 15 10.384675 0.000008 0.000005 -0.000650 0.139274 -2.037486
 16 22.550743 -0.000006 -0.000004 0.134972 -0.068396 1.911854
 17 30.814247 -0.000015 -0.000004 2.671263 -0.079462 0.541617
 18 -3.013796 7.815494 11.355459 -0.172481 -0.247706 1.685631
 19 10.374533 -0.000002 0.000007 0.027542 -0.653162 -1.491945
 20 22.550726 -0.000027 -0.000013 -0.123804 0.283473 1.868448
 21 30.814270 -0.000023 0.000002 -2.621352 0.071569 0.721457
 22 -4.250660 -0.770624 0.000001 0.002421 0.005344 2.903412
 23 10.363422 0.000000 0.000000 0.002421 -0.126553 0.163644
 24 10.363076 0.000000 -0.000000 0.002421 -0.083560 -0.007485
 25 10.363081 -0.000004 -0.000002 0.000557 -0.025820 -0.001229
 26 8.210358 -0.000006 -7.703991 0.000000 0.000000 -0.000000
 27 8.210346 -0.000002 7.704017 0.000000 0.000000 -0.000000
 28 1.854841 1.227791 -13.762345 2.701964 0.179421 2.544551
 29 10.456543 -0.000004 0.000004 0.050282 0.083579 -1.488388
 30 24.248093 0.000001 0.000007 0.034506 0.074622 1.053129
 31 26.336971 0.000019 0.000002 0.325971 -0.094334 0.620460
 32 1.854847 1.227798 13.762341 -2.728210 -0.187841 2.709174
 33 10.456542 -0.000008 0.000004 -0.056350 -0.003974 -1.245197
 34 24.248116 0.000002 -0.000004 -0.027401 -0.032491 0.926786
 35 26.336975 0.000000 0.000004 0.047984 0.254630 0.967591
time 95
  0 0.000000 0.000000 0.000000 0.000000 -0.000000 -1.570796
  1 0.000000 0.000000 0.000000 0.000000 -0.000000 0.000000
  2 10.058901 -2.951586 20.675905 -1.572330 -0.159521 1.571372
  3 4.222169 -0.467508 0.000000 0.008478 -0.056170 -0.174775
  4 4.476987 -0.000002 -0.000000 0.009167 -0.010311 -0.138122
  5 4.477083 0.000000 0.000002 -0.009478 0.299441 0.054492
  6 4.477077 -0.000004 -0.000002 -0.008622 0.281928 -0.007399
  7 5.413502 -7.700466 -0.000000 0.000080 0.007901 -0.046395
  8 6.890240 0.000002 -0.000000 0.000072 0.020271 -0.048079
  9 8.011925 0.000004 0.000005 0.000079 0.003690 -0.058999
 10 7.210720 -0.000002 -0.000000 0.000165 0.140657 0.073640
 11 8.581028 -0.304903 -0.000000 0.001405 0.002403 0.803008
 12 22.523008 2.194031 6.355708 0.000000 -0.058232 0.000000
 13 22.523005 2.194038 -6.355709 0.000000 -0.000000 0.000000
 14 -3.006533 7.804720 -11.355459 0.108650 0.551837 0.852352
 15 10.384675 0.000008 0.000005 -0.007971 0.130809 -2.040929
 16 22.550743 -0.000006 -0.000004 0.131838 0.265244 1.746054
 17 30.814247 -0.000015 -0.000004 2.662701 -0.116077 0.541652
 18 -3.013796 7.815494 11.355459 -0.182460 -0.248827 1.699482
 19 10.374533 -0.000002 0.000007 0.014329 -0.719973 -1.655116
 20 22.550726 -0.000027 -0.000013 -0.127807 0.296920 1.818570
 21 30.814270 -0.000023 0.000002 -2.628227 0.000321 0.722545
 22 -4.250660 -0.770624 0.000001 0.000072 0.009837 2.903233
 23 10.363422 0.000000 0.000000 0.000072 -0.117912 0.163358
 24 10.363076 0.000000 -0.000000 0.000072 -0.049128 -0.006169
 25 10.363081 -0.000004 -0.000002 -0.001856 -0.026082 -0.001229
 26 8.210358 -0.000006 -7.703991 0.000000 0.000000 -0.000000
 27 8.210346 -0.000002 7.704017 0.000000 0.000000 -0.000000
 28 1.854841 1.227791 -13.762345 2.693345 0.174586 2.484765
 29 10.456543 -0.000004 0.000004 0.046858 0.083490 -1.488388
 30 24.248093 0.000001 0.000007 0.027314 0.074622 1.053129
 31 26.336971 0.000019 0.000002 0.317444 -0.096752 0.620460
 32 1.854847 1.227798 13.762341 -2.734828 -0.187567 2.708398
 33 10.456542 -0.000008 0.000004 -0.062998 -0.081838 -1.243975
 34 24.248116 0.000002 -0.000004 -0.027323 -0.032922 0.926786
 35 26.336975 0.000000 0.000004 0.047984 0.000594 1.037615
time 96
  0 0.000000 0.000000 0.000000 0.000000 -0.000000 -1.570796
  1 0.000000 0.000000 0.000000 0.000000 -0.000000 0.000000
  2 6.617390 -2.951586 20.429804 -1.573768 -0.159522 1.577507
  3 4.222169 -0.467508 0.000000 0.009245 -0.026584 -0.174239
  4 4.476987 -0.000002 -0.000000 0.009934 -0.014466 -0.138210
  5 4.477083 0.000000 0.000002 -0.008711 0.282431 -0.063147
  6 4.477077 -0.000004 -0.000002 -0.007855 0.261801 -0.007181
  7 5.413502 -7.700466 -0.000000 0.000930 0.009294 -0.041044
  8 6.890240 0.000002 -0.000000 0.000839 0.009071 -0.034930
  9 8.011925 0.000004 0.000005 0.000917 0.127277 -0.059025
 10 7.210720 -0.000002 -0.000000 0.001922 0.017320 0.073640
 11 8.581028 -0.304903 -0.000000 0.001543 0.003496 0.814330
 12 22.523008 2.194031 6.355708 0.000000 -0.061654 0.000000
 13 22.523005 2.194038 -6.355709 0.000000 -0.000000 0.000000
 14 -3.006533 7.804720 -11.355459 0.112122 0.182671 1.652670
 15 10.384675 0.000008 0.000005 -0.005580 0.110123 -2.044595
 16 22.550743 -0.000006 -0.000004 0.132861 0.060773 2.189397
 17 30.814247 -0.000015 -0.000004 2.665497 -0.148772 0.542046
 18 -3.013796 7.815494 11.355459 -0.179201 -0.250322 1.714701
 19 10.374533 -0.000002 0.000007 0.018644 -0.782165 -1.817069
 20 22.550726 -0.000027 -0.000013 -0.126500 0.267041 1.818570
 21 30.814270 -0.000023 0.000002 -2.625982 -0.077974 0.723744
 22 -4.250660 -0.770624 0.000001 0.000839 0.018102 2.902925
 23 10.363422 0.000000 0.000000 0.000839 -0.094494 0.162918
 24 10.363076 0.000000 -0.000000 0.000839 -0.012719 -0.004001
 25 10.363081 -0.000004 -0.000002 -0.001068 -0.026344 -0.001229
 26 8.210358 -0.000006 -7.703991 0.000000 0.000000 -0.000000
 27 8.210346 -0.000002 7.704017 0.000000 0.000000 -0.000000
 28 1.854841 1.227791 -13.762345 2.696159 0.176165 2.092595
 29 10.456543 -0.000004 0.000004 0.047976 0.083437 -1.488388
 30 24.248093 0.000001 0.000007 0.029613 0.074622 1.053129
 31 26.336971 0.000019 0.000002 0.320228 -0.098013 0.620460
 32 1.854847 1.227798 13.762341 -2.732667 -0.186746 2.714774
 33 10.456542 -0.000008 0.000004 -0.060827 -0.089185 -1.242754
 34 24.248116 0.000002 -0.000004 -0.026494 -0.033342 0.926786
 35 26.336975 0.000000 0.000004 0.047984 -0.000523 1.037728
time 97
  0 0.000000 0.000000 0.000000 0.000000 -0.000000 -1.570796
  1 0.000000 0.000000 0.000000 0.000000 -0.000000 0.000000
  2 0.347667 -2.951586 19.851662 -1.575110 -0.159522 1.577507
  3 4.222169 -0.467508 0.000000 0.010012 0.000482 -0.173748
  4 4.476987 -0.000002 -0.000000 0.010701 -0.013096 -0.138277
  5 4.477083 0.000000 0.000002 -0.007944 0.265131 -0.062940
  6 4.477077 -0.000004 -0.000002 -0.007112 0.241374 -0.006916
  7 5.413502 -7.700466 -0.000000 0.001754 0.010738 -0.037216
  8 6.890240 0.000002 -0.000000 0.001582 -0.007149 -0.010356
  9 8.011925 0.000004 0.000005 0.001755 -0.046760 0.206796
 10 7.210720 -0.000002 -0.000000 0.003678 0.018732 0.073640
 11 8.581028 -0.304903 -0.000000 0.001405 0.004589 0.842720
 12 22.523008 2.194031 6.355708 0.000000 -0.064037 0.000000
 13 22.523005 2.194038 -6.355709 0.000000 -0.000000 0.000000
 14 -3.006533 7.804720 -11.355459 0.115595 0.180481 1.524732
 15 10.384675 0.000008 0.000005 -0.003190 0.089351 -2.063423
 16 22.550743 -0.000006 -0.000004 0.133885 0.059739 2.076564
 17 30.814247 -0.000015 -0.000004 2.668292 -0.174603 0.543049
 18 -3.013796 7.815494 11.355459 -0.175943 -0.252638 1.731231
 19 10.374533 -0.000002 0.000007 0.022958 -0.798909 -1.970324
 20 22.550726 -0.000027 -0.000013 -0.125193 0.227465 1.818570
 21 30.814270 -0.000023 0.000002 -2.623738 -0.160380 0.724999
 22 -4.250660 -0.770624 0.000001 0.001606 0.034246 2.902465
 23 10.363422 0.000000 0.000000 0.001606 -0.060698 0.162258
 24 10.363076 0.000000 -0.000000 0.001606 0.023211 -0.001032
 25 10.363081 -0.000004 -0.000002 -0.000280 -0.026591 -0.001229
 26 8.210358 -0.000006 -7.703991 0.000000 0.000000 -0.000000
 27 8.210346 -0.000002 7.704017 0.000000 0.000000 -0.000000
 28 1.854841 1.227791 -13.762345 2.698973 0.177744 2.102752
 29 10.456543 -0.000004 0.000004 0.049094 0.083472 -1.488388
 30 24.248093 0.000001 0.000007 0.031985 0.074622 1.053129
 31 26.336971 0.000019 0.000002 0.323012 -0.089105 0.620460
 32 1.854847 1.227798 13.762341 -2.730506 -0.185515 2.733428
 33 10.456542 -0.000008 0.000004 -0.058657 -0.087404 -1.241532
 34 24.248116 0.000002 -0.000004 -0.025665 -0.033653 0.926786
 35 26.336975 0.000000 0.000004 0.047984 -0.001639 1.037954
time 98
  0 0.000000 0.000000 0.000000 0.000000 -0.000000 -1.570796
  1 0.000000 0.000000 0.000000 0.000000 -0.000000 0.000000
  2 -9.105746 -2.951586 18.824286 -1.576356 -0.159521 1.577507
  3 4.222169 -0.467508 0.000000 0.010012 0.018853 -0.173395
  4 4.476987 -0.000002 -0.000000 0.104576 -0.011768 -0.138321
  5 4.477083 0.000000 0.000002 0.085931 0.247572 -0.062688
  6 4.477077 -0.000004 -0.000002 0.086787 0.220740 -0.006605
  7 5.413502 -7.700466 -0.000000 0.105893 -0.038247 -0.034696
  8 6.890240 0.000002 -0.000000 0.095481 -0.025160 0.025761
  9 8.011925 0.000004 0.000005 0.104342 -0.036856 -0.295464
 10 7.210720 -0.000002 -0.000000 0.218704 0.020127 0.073640
 11 8.581028 -0.304903 -0.000000 0.054336 0.138314 0.872442
 12 22.523008 2.194031 6.355708 0.000000 -0.065442 0.000000
 13 22.523005 2.194038 -6.355709 0.000000 -0.000000 0.000000
 14 -3.006533 7.804720 -11.355459 0.540611 0.178290 1.511272
 15 10.384675 0.000008 0.000005 0.289383 0.068687 -2.082306
 16 22.550743 -0.000006 -0.000004 0.259155 0.058477 2.064699
 17 30.814247 -0.000015 -0.000004 3.010431 -0.194321 0.817296
 18 -3.013796 7.815494 11.355459 0.222857 -0.272107 1.747647
 19 10.374533 -0.000002 0.000007 0.550980 -0.804956 -2.071392
 20 22.550726 -0.000027 -0.000013 0.034813 0.182569 1.818570
 21 30.814270 -0.000023 0.000002 -2.348952 -0.243960 0.726282
 22 -4.250660 -0.770624 0.000001 0.095481 0.060323 2.901824
 23 10.363422 0.000000 0.000000 0.095481 -0.020669 0.161377
 24 10.363076 0.000000 -0.000000 0.095481 0.057870 0.002581
 25 10.363081 -0.000004 -0.000002 0.096158 -0.026837 -0.001229
 26 8.210358 -0.000006 -7.703991 0.000000 0.000000 -0.000000
 27 8.210346 -0.000002 7.704017 0.000000 0.000000 -0.000000
 28 1.854841 1.227791 -13.762345 3.043417 0.371000 2.113395
 29 10.456543 -0.000004 0.000004 0.185937 0.083650 -1.488388
 30 24.248093 0.000001 0.000007 0.246150 0.074622 1.053129
 31 26.336971 0.000019 0.000002 0.663777 -0.079618 0.620460
 32 1.854847 1.227798 13.762341 -2.466039 -0.184092 2.759966
 33 10.456542 -0.000008 0.000004 0.206991 -0.085623 -1.240271
 34 24.248116 0.000002 -0.000004 0.075806 -0.033390 0.926786
 35 26.336975 0.000000 0.000004 0.047984 -0.002756 1.038293
time 99
  0 0.000000 0.000000 0.000000 0.000000 -0.000000 -1.570796
  1 0.000000 0.000000 0.000000 0.000000 -0.000000 0.000000
  2 -16.824732 -2.951586 17.296896 -1.577507 -0.159522 1.577507
  3 4.222169 -0.467508 0.000000 0.010012 0.028641 -0.173196
  4 4.476987 -0.000002 -0.000000 0.104576 0.156042 -0.138366
  5 4.477083 0.000000 0.000002 -0.007285 0.229835 -0.062391
  6 4.477077 -0.000004 -0.000002 -0.008658 0.199936 -0.006324
  7 5.413502 -7.700466 -0.000000 0.000399 -0.038366 -0.033172
  8 6.890240 0.000002 -0.000000 -0.000144 -0.050162 0.067743
  9 8.011925 0.000004 0.000005 0.000118 -0.027877 -0.281266
 10 7.210720 -0.000002 -0.000000 0.000027 0.021539 0.073640
 11 8.581028 -0.304903 -0.000000 0.001405 0.036257 1.329809
 12 22.523008 2.194031 6.355708 0.000000 -0.065962 0.000000
 13 22.523005 2.194038 -6.355709 0.000000 -0.000000 0.000000
 14 -3.006533 7.804720 -11.355459 0.131710 0.176100 1.515667
 15 10.384675 0.000008 0.000005 -0.025489 0.048170 -2.101023
 16 22.550743 -0.000006 -0.000004 0.121155 0.051101 2.068573
 17 30.814247 -0.000015 -0.000004 2.621555 -0.205481 0.531983
 18 -3.013796 7.815494 11.355459 -0.198752 -0.290865 1.728324
 19 10.374533 -0.000002 0.000007 0.023834 -0.797647 -2.178143
 20 22.550726 -0.000027 -0.000013 -0.127828 0.131783 1.818570
 21 30.814270 -0.000023 0.000002 -2.628438 -0.325754 0.727565
 22 -4.250660 -0.770624 0.000001 -0.000000 0.092627 2.900980
 23 10.363422 0.000000 0.000000 -0.000000 0.021373 0.160299
 24 10.363076 0.000000 -0.000000 0.001870 0.090433 0.006788
 25 10.363081 -0.000004 -0.000002 -0.005673 -0.027053 -0.001229
 26 8.210358 -0.000006 -7.703991 0.000000 0.000000 -0.000000
 27 8.210346 -0.000002 7.704017 0.000000 0.000000 -0.000000
 28 1.854841 1.227791 -13.762345 2.798221 0.170095 2.124343
 29 10.456543 -0.000004 0.000004 0.043678 0.084077 -1.488388
 30 24.248093 0.000001 0.000007 0.040846 0.074622 1.053129
 31 26.336971 0.000019 0.000002 0.387615 -0.070683 0.620460
 32 1.854847 1.227798 13.762341 -2.759745 -0.182587 2.790339
 33 10.456542 -0.000008 0.000004 -0.045430 -0.084009 -1.239049
 34 24.248116 0.000002 -0.000004 -0.036029 -0.033018 0.926786
 35 26.336975 0.000000 0.000004 0.047984 -0.003842 1.038746
time 100
  0 0.000000 0.000000 0.000000 0.000000 -0.000000 -1.570796
  1 0.000000 0.000000 0.000000 0.000000 -0.000000 0.000000
  2 -17.738823 -2.951586 16.058577 -1.578561 -0.159522 1.577507
  3 4.222169 -0.467508 0.000000 0.010012 0.032033 -0.173135
  4 4.476987 -0.000002 -0.000000 0.104576 -0.014531 -0.138388
  5 4.477083 0.000000 0.000002 -0.007285 0.211953 -0.062125
  6 4.477077 -0.000004 -0.000002 -0.008454 0.179058 -0.005873
  7 5.413502 -7.700466 -0.000000 0.000585 -0.038434 -0.032207
  8 6.890240 0.000002 -0.000000 -0.000216 -0.074577 0.120057
  9 8.011925 0.000004 0.000005 -0.000144 -0.020704 -0.264186
 10 7.210720 -0.000002 -0.000000 -0.001318 0.022951 0.073640
 11 8.581028 -0.304903 -0.000000 0.131241 0.028780 0.978153
 12 22.523008 2.194031 6.355708 0.000000 -0.065656 0.000000
 13 22.523005 2.194038 -6.355709 0.000000 -0.000000 0.000000
 14 -3.006533 7.804720 -11.355459 0.133012 0.173768 1.520062
 15 10.384675 0.000008 0.000005 -0.031091 0.027908 -2.119518
 16 22.550743 -0.000006 -0.000004 0.126081 0.038934 2.072448
 17 30.814247 -0.000015 -0.000004 2.642347 -0.205951 0.533093
 18 -3.013796 7.815494 11.355459 -0.197835 -0.277376 1.713960
 19 10.374533 -0.000002 0.000007 0.026733 -0.798145 -2.291679
 20 22.550726 -0.000027 -0.000013 -0.136550 0.076541 1.818570
 21 30.814270 -0.000023 0.000002 -2.628543 -0.402776 0.728820
 22 -4.250660 -0.770624 0.000001 -0.000276 0.127595 2.899879
 23 10.363422 0.000000 0.000000 -0.000132 0.061221 0.159111
 24 10.363076 0.000000 -0.000000 0.002085 0.120634 0.011434
 25 10.363081 -0.000004 -0.000002 -0.005500 -0.027253 -0.001229
 26 8.210358 -0.000006 -7.703991 0.000000 0.000000 -0.000000
 27 8.210346 -0.000002 7.704017 0.000000 0.000000 -0.000000
 28 1.854841 1.227791 -13.762345 2.798881 0.170071 2.135595
 29 10.456543 -0.000004 0.000004 0.043661 0.084629 -1.488388
 30 24.248093 0.000001 0.000007 0.041179 0.074622 1.053129
 31 26.336971 0.000019 0.000002 0.386919 -0.062432 0.620460
 32 1.854847 1.227798 13.762341 -2.759543 -0.181247 2.820883
 33 10.456542 -0.000008 0.000004 -0.045600 -0.089519 -1.237630
 34 24.248116 0.000002 -0.000004 -0.035679 -0.032647 0.926786
 35 26.336975 0.000000 0.000004 0.047984 -0.004649 1.039141
time 101
  0 0.000000 0.000000 0.000000 0.000000 -0.000000 -1.570796
  1 0.000000 0.000000 0.000000 0.000000 -0.000000 0.000000
  2 -15.449690 -2.951586 15.898416 -1.579616 -0.159522 1.577507
  3 4.222169 -0.467508 0.000000 0.010012 0.031032 -0.173181
  4 4.476987 -0.000002 -0.000000 0.104576 0.000847 0.088936
  5 4.477083 0.000000 0.000002 -0.007285 0.194007 -0.061695
  6 4.477077 -0.000004 -0.000002 -0.008454 0.158255 -0.005281
  7 5.413502 -7.700466 -0.000000 0.000811 -0.038502 -0.031491
  8 6.890240 0.000002 -0.000000 -0.000108 -0.097959 0.174675
  9 8.011925 0.000004 0.000005 -0.000341 -0.015960 -0.241812
 10 7.210720 -0.000002 -0.000000 -0.002498 0.024346 0.073640
 11 8.581028 -0.304903 -0.000000 0.001382 0.014149 0.997956
 12 22.523008 2.194031 6.355708 0.000000 -0.064465 0.000000
 13 22.523005 2.194038 -6.355709 0.000000 -0.000000 0.000000
 14 -3.006533 7.804720 -11.355459 0.134531 0.161791 2.057980
 15 10.384675 0.000008 0.000005 -0.036993 0.007944 -2.137734
 16 22.550743 -0.000006 -0.000004 0.130958 0.020223 2.546601
 17 30.814247 -0.000015 -0.000004 2.681789 -0.172283 0.536782
 18 -3.013796 7.815494 11.355459 -0.197326 -0.251555 1.853896
 19 10.374533 -0.000002 0.000007 0.032597 -0.799408 -2.326876
 20 22.550726 -0.000027 -0.000013 -0.145436 0.021712 1.818570
 21 30.814270 -0.000023 0.000002 -2.628754 0.111793 0.729992
 22 -4.250660 -0.770624 0.000001 -0.000384 0.161648 2.898598
 23 10.363422 0.000000 0.000000 -0.000216 0.094646 0.157878
 24 10.363076 0.000000 -0.000000 0.003380 0.147395 0.016441
 25 10.363081 -0.000004 -0.000002 -0.004873 -0.027422 -0.001229
 26 8.210358 -0.000006 -7.703991 0.000000 0.000000 -0.000000
 27 8.210346 -0.000002 7.704017 0.000000 0.000000 -0.000000
 28 1.854841 1.227791 -13.762345 2.799936 0.170021 2.147029
 29 10.456543 -0.000004 0.000004 0.043626 0.085252 -1.488388
 30 24.248093 0.000001 0.000007 0.041142 0.074622 1.053129
 31 26.336971 0.000019 0.000002 0.386180 -0.055074 0.620460
 32 1.854847 1.227798 13.762341 -2.759273 -0.180289 2.847335
 33 10.456542 -0.000008 0.000004 -0.045803 -0.082228 -1.236724
 34 24.248116 0.000002 -0.000004 -0.035200 -0.032275 0.926786
 35 26.336975 0.000000 0.000004 0.047984 -0.003966 1.038802
time 102
  0 0.000000 0.000000 0.000000 0.000000 -0.000000 -1.570796
  1 0.000000 0.000000 0.000000 0.000000 -0.000000 0.000000
  2 -12.973052 -2.951586 16.265614 -1.580479 -0.159522 0.954483
  3 4.222169 -0.467508 0.000000 0.014638 0.000797 0.025344
  4 4.476987 -0.000002 -0.000000 0.014836 0.002818 -0.340584
  5 4.477083 0.000000 0.000002 -0.019030 0.176125 -0.061132
  6 4.477077 -0.000004 -0.000002 -0.019660 0.137395 -0.004518
  7 5.413502 -7.700466 -0.000000 0.094317 -0.038553 -0.030931
  8 6.890240 0.000002 -0.000000 0.042174 -0.116296 0.229362
  9 8.011925 0.000004 0.000005 -0.000576 -0.013340 -0.212403
 10 7.210720 -0.000002 -0.000000 -0.005957 0.025741 0.073640
 11 8.581028 -0.304903 -0.000000 0.001290 -0.007037 1.034969
 12 22.523008 2.194031 6.355708 0.000000 -0.061990 0.000000
 13 22.523005 2.194038 -6.355709 0.000000 -0.000000 0.000000
 14 -3.006533 7.804720 -11.355459 0.155150 0.149779 1.465398
 15 10.384675 0.000008 0.000005 -0.088836 -0.011639 -2.155674
 16 22.550743 -0.000006 -0.000004 0.202957 -0.005692 2.007677
 17 30.814247 -0.000015 -0.000004 3.025238 -0.000466 0.543550
 18 -3.013796 7.815494 11.355459 -0.243708 -0.230106 2.032250
 19 10.374533 -0.000002 0.000007 0.135061 -0.799607 -2.355694
 20 22.550726 -0.000027 -0.000013 -0.503135 -0.030173 1.818570
 21 30.814270 -0.000023 0.000002 -2.750869 0.089993 0.590842
 22 -4.250660 -0.770624 0.000001 -0.056711 0.191208 2.897215
 23 10.363422 0.000000 0.000000 -0.032370 0.117477 0.156756
 24 10.363076 0.000000 -0.000000 0.139644 0.146161 0.021680
 25 10.363081 -0.000004 -0.000002 0.019185 -0.027561 -0.001229
 26 8.210358 -0.000006 -7.703991 0.000000 0.000000 -0.000000
 27 8.210346 -0.000002 7.704017 0.000000 0.000000 -0.000000
 28 1.854841 1.227791 -13.762345 2.811369 0.169947 2.158646
 29 10.456543 -0.000004 0.000004 0.043434 0.085857 -1.488388
 30 24.248093 0.000001 0.000007 0.017898 0.074622 1.053129
 31 26.336971 0.000019 0.000002 0.278378 -0.048925 0.620460
 32 1.854847 1.227798 13.762341 -2.764337 -0.179988 2.865817
 33 10.456542 -0.000008 0.000004 -0.043531 0.132192 -1.237394
 34 24.248116 0.000002 -0.000004 0.075806 -0.031892 0.926786
 35 26.336975 0.000000 0.000004 0.047984 -0.003004 1.038406
time 103
  0 0.000000 0.000000 0.000000 0.000000 -0.000000 -1.570796
  1 0.000000 0.000000 0.000000 0.000000 -0.000000 0.000000
  2 -10.094058 -2.951586 16.679689 -1.581246 -0.159522 0.956880
  3 4.222169 -0.467508 0.000000 0.015321 0.000815 0.025820
  4 4.476987 -0.000002 -0.000000 0.125322 -0.051969 -0.328442
  5 4.477083 0.000000 0.000002 -0.020516 0.158195 -0.060405
  6 4.477077 -0.000004 -0.000002 -0.021038 0.116761 -0.003583
  7 5.413502 -7.700466 -0.000000 0.094489 -0.038587 -0.030527
  8 6.890240 0.000002 -0.000000 0.053583 -0.123498 0.276719
  9 8.011925 0.000004 0.000005 -0.000524 -0.012269 -0.177050
 10 7.210720 -0.000002 -0.000000 -0.006341 0.027118 0.073640
 11 8.581028 -0.304903 -0.000000 0.001244 -0.030563 1.089366
 12 22.523008 2.194031 6.355708 0.000000 -0.057560 0.000000
 13 22.523005 2.194038 -6.355709 0.000000 -0.000000 0.000000
 14 -3.006533 7.804720 -11.355459 0.156507 0.137872 1.486550
 15 10.384675 0.000008 0.000005 -0.088463 -0.030671 -2.173280
 16 22.550743 -0.000006 -0.000004 0.177417 -0.038235 2.036491
 17 30.814247 -0.000015 -0.000004 3.036420 -0.000528 0.552503
 18 -3.013796 7.815494 11.355459 -0.244115 -0.208433 2.163522
 19 10.374533 -0.000002 0.000007 0.103917 -0.801600 -2.377903
 20 22.550726 -0.000027 -0.000013 -0.506852 -0.064390 1.818570
 21 30.814270 -0.000023 0.000002 -2.763427 0.090017 0.538657
 22 -4.250660 -0.770624 0.000001 -0.058916 0.212744 2.895884
 23 10.363422 0.000000 0.000000 -0.032886 0.126621 0.155942
 24 10.363076 0.000000 -0.000000 0.140064 0.140564 0.027049
 25 10.363081 -0.000004 -0.000002 0.015651 -0.027638 -0.001229
 26 8.210358 -0.000006 -7.703991 0.000000 0.000000 -0.000000
 27 8.210346 -0.000002 7.704017 0.000000 0.000000 -0.000000
 28 1.854841 1.227791 -13.762345 2.806532 0.169849 2.170323
 29 10.456543 -0.000004 0.000004 0.043591 0.086355 -1.488388
 30 24.248093 0.000001 0.000007 0.017824 0.074622 1.053129
 31 26.336971 0.000019 0.000002 0.275985 -0.044063 0.620460
 32 1.854847 1.227798 13.762341 -2.762615 -0.180508 2.872236
 33 10.456542 -0.000008 0.000004 0.206991 -0.089436 -0.925534
 34 24.248116 0.000002 -0.000004 -0.046366 -0.031520 0.926786
 35 26.336975 0.000000 0.000004 0.047984 -0.002043 1.038067
time 104
  0 0.000000 0.000000 0.000000 0.000000 -0.000000 -1.570796
  1 0.000000 0.000000 0.000000 0.000000 -0.000000 0.000000
  2 -4.722800 -2.951586 17.160173 -1.582012 -0.159522 1.767607
  3 4.222169 -0.467508 0.000000 0.016472 0.000704 0.015745
  4 4.476987 -0.000002 -0.000000 0.143203 -0.042353 -0.313836
  5 4.477083 0.000000 0.000002 -0.021894 0.140458 -0.059516
  6 4.477077 -0.000004 -0.000002 -0.022249 0.097217 -0.002493
  7 5.413502 -7.700466 -0.000000 0.094636 -0.038621 -0.030278
  8 6.890240 0.000002 -0.000000 0.064489 -0.116767 0.309020
  9 8.011925 0.000004 0.000005 -0.000406 -0.012141 -0.137648
 10 7.210720 -0.000002 -0.000000 -0.006616 0.028495 0.073640
 11 8.581028 -0.304903 -0.000000 0.001221 -0.063221 1.152596
 12 22.523008 2.194031 6.355708 0.000000 -0.050166 0.000000
 13 22.523005 2.194038 -6.355709 0.000000 -0.000000 0.000000
 14 -3.006533 7.804720 -11.355459 0.157538 0.126107 1.507495
 15 10.384675 0.000008 0.000005 -0.087006 -0.049277 -2.190386
 16 22.550743 -0.000006 -0.000004 0.154579 -0.071926 2.091152
 17 30.814247 -0.000015 -0.000004 3.050572 -0.000685 0.562137
 18 -3.013796 7.815494 11.355459 -0.244420 -0.187470 2.291031
 19 10.374533 -0.000002 0.000007 0.157373 -0.792531 -2.326644
 20 22.550726 -0.000027 -0.000013 -0.502358 -0.100531 1.818570
 21 30.814270 -0.000023 0.000002 -2.782196 0.090042 0.533190
 22 -4.250660 -0.770624 0.000001 -0.059587 0.223720 2.894885
 23 10.363422 0.000000 0.000000 -0.032790 0.122978 0.155590
 24 10.363076 0.000000 -0.000000 0.140004 0.130845 0.032417
 25 10.363081 -0.000004 -0.000002 0.012499 -0.027684 -0.001229
 26 8.210358 -0.000006 -7.703991 0.000000 0.000000 -0.000000
 27 8.210346 -0.000002 7.704017 0.000000 0.000000 -0.000000
 28 1.854841 1.227791 -13.762345 2.803498 0.169750 2.182001
 29 10.456543 -0.000004 0.000004 0.043643 0.086711 -1.488388
 30 24.248093 0.000001 0.000007 0.018084 0.074622 1.053129
 31 26.336971 0.000019 0.000002 0.291820 -0.042355 0.620460
 32 1.854847 1.227798 13.762341 -2.466039 -0.181794 2.863017
 33 10.456542 -0.000008 0.000004 -0.052484 -0.090437 -1.188564
 34 24.248116 0.000002 -0.000004 -0.047079 -0.031089 0.926786
 35 26.336975 0.000000 0.000004 0.047984 -0.001081 1.037841
time 105
  0 0.000000 0.000000 0.000000 0.000000 -0.000000 -1.570796
  1 0.000000 0.000000 0.000000 0.000000 -0.000000 0.000000
  2 0.835963 -2.951586 18.027388 -1.582588 -0.159522 1.590161
  3 4.222169 -0.467508 0.000000 0.018018 0.000519 -0.002946
  4 4.476987 -0.000002 -0.000000 0.155738 -0.035992 -0.294702
  5 4.477083 0.000000 0.000002 -0.023105 0.123658 -0.058479
  6 4.477077 -0.000004 -0.000002 -0.023279 0.079740 -0.001232
  7 5.413502 -7.700466 -0.000000 0.094768 -0.038638 -0.030184
  8 6.890240 0.000002 -0.000000 0.074712 -0.097240 0.325799
  9 8.011925 0.000004 0.000005 -0.000249 -0.012525 -0.096039
 10 7.210720 -0.000002 -0.000000 -0.006890 0.029837 0.073640
 11 8.581028 -0.304903 -0.000000 0.001175 -0.095112 1.231389
 12 22.523008 2.194031 6.355708 0.000000 -0.035013 0.000000
 13 22.523005 2.194038 -6.355709 0.000000 -0.000000 0.000000
 14 -3.006533 7.804720 -11.355459 0.332634 0.114519 1.572597
 15 10.384675 0.000008 0.000005 -0.083981 -0.066187 -2.207159
 16 22.550743 -0.000006 -0.000004 0.134589 -0.099476 2.152593
 17 30.814247 -0.000015 -0.000004 3.053673 -0.000811 0.572451
 18 -3.013796 7.815494 11.355459 -0.247373 -0.182276 2.413411
 19 10.374533 -0.000002 0.000007 0.306012 -0.689009 -2.224822
 20 22.550726 -0.000027 -0.000013 -0.502665 -0.138969 1.818570
 21 30.814270 -0.000023 0.000002 -2.805419 0.090091 0.534975
 22 -4.250660 -0.770624 0.000001 -0.059288 0.225437 2.894373
 23 10.363422 0.000000 0.000000 -0.032334 0.108585 0.155678
 24 10.363076 0.000000 -0.000000 0.139405 0.114797 0.037631
 25 10.363081 -0.000004 -0.000002 0.010246 -0.027654 -0.001229
 26 8.210358 -0.000006 -7.703991 0.000000 0.000000 -0.000000
 27 8.210346 -0.000002 7.704017 0.000000 0.000000 -0.000000
 28 1.854841 1.227791 -13.762345 2.802707 0.169627 2.193557
 29 10.456543 -0.000004 0.000004 0.043573 0.086836 -1.488388
 30 24.248093 0.000001 0.000007 0.322444 0.074622 1.053129
 31 26.336971 0.000019 0.000002 0.663777 -0.053392 0.620460
 32 1.854847 1.227798 13.762341 -2.719770 0.021779 2.839193
 33 10.456542 -0.000008 0.000004 -0.138761 -0.091439 -1.188485
 34 24.248116 0.000002 -0.000004 -0.048659 -0.030801 0.926786
 35 26.336975 0.000000 0.000004 0.047984 -0.000088 1.037671
time 106
  0 0.000000 0.000000 0.000000 0.000000 -0.000000 -1.570796
  1 0.000000 0.000000 0.000000 0.000000 -0.000000 0.000000
  2 4.879055 -2.951586 18.914133 -1.583163 -0.159522 1.571372
  3 4.222169 -0.467508 0.000000 0.019887 0.000296 -0.028339
  4 4.476987 -0.000002 -0.000000 0.164032 -0.032479 -0.269552
  5 4.477083 0.000000 0.000002 -0.024135 0.108636 -0.057278
  6 4.477077 -0.000004 -0.000002 -0.024094 0.065289 0.000154
  7 5.413502 -7.700466 -0.000000 0.094862 0.135368 -0.030153
  8 6.890240 0.000002 -0.000000 0.084407 -0.057756 0.327893
  9 8.011925 0.000004 0.000005 -0.000079 -0.013324 -0.053756
 10 7.210720 -0.000002 -0.000000 -0.007110 0.031179 0.073640
 11 8.581028 -0.304903 -0.000000 0.001152 -0.125654 1.313651
 12 22.523008 2.194031 6.355708 0.000000 -0.016223 0.000000
 13 22.523005 2.194038 -6.355709 0.000000 -0.000000 0.000000
 14 -3.006533 7.804720 -11.355459 0.343757 0.103107 1.648893
 15 10.384675 0.000008 0.000005 -0.078565 -0.080190 -2.222487
 16 22.550743 -0.000006 -0.000004 0.128272 -0.102575 2.254107
 17 30.814247 -0.000015 -0.000004 3.050266 -0.000873 0.583266
 18 -3.013796 7.815494 11.355459 -0.254756 -0.191618 2.451829
 19 10.374533 -0.000002 0.000007 0.472852 -0.583860 -1.950493
 20 22.550726 -0.000027 -0.000013 -0.503441 -0.150885 1.818570
 21 30.814270 -0.000023 0.000002 -2.831238 0.090140 0.536761
 22 -4.250660 -0.770624 0.000001 -0.058533 0.220270 2.894347
 23 10.363422 0.000000 0.000000 -0.031783 0.085442 0.156140
 24 10.363076 0.000000 -0.000000 0.138554 0.090876 0.042689
 25 10.363081 -0.000004 -0.000002 0.009385 -0.027500 -0.001229
 26 8.210358 -0.000006 -7.703991 0.000000 0.000000 -0.000000
 27 8.210346 -0.000002 7.704017 0.000000 0.000000 -0.000000
 28 1.854841 1.227791 -13.762345 2.804246 0.169479 2.205052
 29 10.456543 -0.000004 0.000004 0.043364 0.086675 -1.488388
 30 24.248093 0.000001 0.000007 0.038658 0.074622 1.053129
 31 26.336971 0.000019 0.000002 0.353726 0.154760 0.620460
 32 1.854847 1.227798 13.762341 -2.719871 0.007497 2.568944
 33 10.456542 -0.000008 0.000004 -0.138761 -0.092441 -1.188327
 34 24.248116 0.000002 -0.000004 -0.027401 -0.031101 0.926786
 35 26.336975 0.000000 0.000004 0.047984 0.000873 1.037615
time 107
  0 0.000000 0.000000 0.000000 0.000000 -0.000000 -1.570796
  1 0.000000 0.000000 0.000000 0.000000 -0.000000 0.000000
  2 7.246315 -2.951586 19.554777 -1.583642 -0.159522 1.577507
  3 4.222169 -0.467508 0.000000 0.022020 0.000092 -0.058424
  4 4.476987 -0.000002 -0.000000 0.169485 -0.031044 -0.239319
  5 4.477083 0.000000 0.000002 -0.024950 0.096214 -0.055959
  6 4.477077 -0.000004 -0.000002 -0.024622 0.054840 0.001680
  7 5.413502 -7.700466 -0.000000 0.094941 -0.193410 -0.389720
  8 6.890240 0.000002 -0.000000 0.093719 -0.020611 0.306088
  9 8.011925 0.000004 0.000005 0.000052 -0.014538 -0.011213
 10 7.210720 -0.000002 -0.000000 -0.007329 0.032485 0.073640
 11 8.581028 -0.304903 -0.000000 0.001106 -0.149606 1.396018
 12 22.523008 2.194031 6.355708 0.000000 -0.027375 0.000000
 13 22.523005 2.194038 -6.355709 0.000000 -0.000000 0.000000
 14 -3.006533 7.804720 -11.355459 0.354446 0.091908 1.738924
 15 10.384675 0.000008 0.000005 -0.069526 -0.091498 -2.236761
 16 22.550743 -0.000006 -0.000004 0.130606 -0.095143 2.352109
 17 30.814247 -0.000015 -0.000004 3.031310 -0.000811 0.594546
 18 -3.013796 7.815494 11.355459 -0.259898 -0.223754 2.418256
 19 10.374533 -0.000002 0.000007 0.655263 -0.553694 -1.728757
 20 22.550726 -0.000027 -0.000013 -0.503563 -0.160641 1.818570
 21 30.814270 -0.000023 0.000002 -2.857864 0.090189 0.755233
 22 -4.250660 -0.770624 0.000001 -0.057814 0.210593 2.894681
 23 10.363422 0.000000 0.000000 -0.031340 0.055637 0.156844
 24 10.363076 0.000000 -0.000000 0.137907 0.061394 0.047413
 25 10.363081 -0.000004 -0.000002 0.010394 -0.027130 -0.001229
 26 8.210358 -0.000006 -7.703991 0.000000 0.000000 -0.000000
 27 8.210346 -0.000002 7.704017 0.000000 0.000000 -0.000000
 28 1.854841 1.227791 -13.762345 2.804246 0.169355 2.216364
 29 10.456543 -0.000004 0.000004 0.185937 0.086177 -1.488388
 30 24.248093 0.000001 0.000007 0.040438 0.074622 1.053129
 31 26.336971 0.000019 0.000002 0.349593 -0.231902 0.620460
 32 1.854847 1.227798 13.762341 -2.720040 0.005417 2.487952
 33 10.456542 -0.000008 0.000004 -0.138388 -0.093415 -1.188091
 34 24.248116 0.000002 -0.000004 -0.027401 -0.031520 0.926786
 35 26.336975 0.000000 0.000004 0.047984 0.001990 1.037672
time 108
  0 0.000000 0.000000 0.000000 0.000000 -0.000000 -1.570796
  1 0.000000 0.000000 0.000000 0.000000 -0.000000 0.000000
  2 8.289315 -2.951586 19.921976 -1.584121 -0.159522 1.583643
  3 4.222169 -0.467508 0.000000 0.024334 -0.000075 -0.091253
  4 4.476987 -0.000002 -0.000000 0.172924 -0.030873 -0.205624
  5 4.477083 0.000000 0.000002 -0.025478 0.087232 -0.054506
  6 4.477077 -0.000004 -0.000002 -0.024873 0.049240 0.003331
  7 5.413502 -7.700466 -0.000000 0.094994 -0.184116 -0.447501
  8 6.890240 0.000002 -0.000000 0.102840 0.011802 0.277068
  9 8.011925 0.000004 0.000005 0.000144 -0.016151 0.031485
 10 7.210720 -0.000002 -0.000000 -0.007577 0.033756 0.073640
 11 8.581028 -0.304903 -0.000000 0.001038 -0.159012 1.467345
 12 22.523008 2.194031 6.355708 0.000000 -0.006996 0.000000
 13 22.523005 2.194038 -6.355709 0.000000 -0.000000 0.000000
 14 -3.006533 7.804720 -11.355459 0.364484 0.081026 1.842002
 15 10.384675 0.000008 0.000005 -0.051000 -0.100155 -2.252146
 16 22.550743 -0.000006 -0.000004 0.151269 -0.076259 2.443756
 17 30.814247 -0.000015 -0.000004 3.021263 -0.000591 0.606185
 18 -3.013796 7.815494 11.355459 -0.262698 -0.259290 2.296447
 19 10.374533 -0.000002 0.000007 0.840371 -0.556219 -1.737107
 20 22.550726 -0.000027 -0.000013 -0.504789 -0.168160 1.818570
 21 30.814270 -0.000023 0.000002 -2.883543 0.090189 0.537374
 22 -4.250660 -0.770624 0.000001 -0.057190 0.198461 2.895244
 23 10.363422 0.000000 0.000000 -0.031016 0.020737 0.157702
 24 10.363076 0.000000 -0.000000 0.137403 0.032032 0.051723
 25 10.363081 -0.000004 -0.000002 0.013472 -0.026652 -0.001229
 26 8.210358 -0.000006 -7.703991 0.000000 0.000000 -0.000000
 27 8.210346 -0.000002 7.704017 0.000000 0.000000 -0.000000
 28 1.854841 1.227791 -13.762345 2.804246 0.169207 2.227433
 29 10.456543 -0.000004 0.000004 0.041861 0.234032 -1.488388
 30 24.248093 0.000001 0.000007 0.043070 0.074622 1.053129
 31 26.336971 0.000019 0.000002 0.345069 -0.228197 0.620460
 32 1.854847 1.227798 13.762341 -2.720276 0.002900 2.479508
 33 10.456542 -0.000008 0.000004 -0.136658 -0.094139 -1.187775
 34 24.248116 0.000002 -0.000004 0.078721 -0.031904 0.926786
 35 26.336975 0.000000 0.000004 0.047984 0.002735 1.037785
time 109
  0 0.000000 0.000000 0.000000 0.000000 -0.000000 -1.570796
  1 0.000000 0.000000 0.000000 0.000000 -0.000000 0.000000
  2 8.316660 -2.951586 20.074324 -1.584505 -0.159522 2.334550
  3 4.222169 -0.467508 0.000000 0.026742 -0.000186 -0.124772
  4 4.476987 -0.000002 -0.000000 0.174638 -0.031387 -0.170041
  5 4.477083 0.000000 0.000002 -0.025729 0.082418 -0.052935
  6 4.477077 -0.000004 -0.000002 -0.024957 0.047041 0.005106
  7 5.413502 -7.700466 -0.000000 0.095034 -0.172936 -0.453599
  8 6.890240 0.000002 -0.000000 0.111265 0.038530 0.244605
  9 8.011925 0.000004 0.000005 0.000157 -0.018180 0.074288
 10 7.210720 -0.000002 -0.000000 -0.007851 0.035010 0.073640
 11 8.581028 -0.304903 -0.000000 0.000992 -0.150220 1.515994
 12 22.523008 2.194031 6.355708 0.000000 0.022425 0.000000
 13 22.523005 2.194038 -6.355709 0.000000 -0.000000 0.000000
 14 -3.006533 7.804720 -11.355459 0.376150 0.070356 1.955245
 15 10.384675 0.000008 0.000005 -0.028029 -0.104101 -2.271196
 16 22.550743 -0.000006 -0.000004 0.170428 -0.065153 2.520209
 17 30.814247 -0.000015 -0.000004 3.010081 -0.000215 0.618111
 18 -3.013796 7.815494 11.355459 -0.262800 -0.299161 2.167455
 19 10.374533 -0.000002 0.000007 0.922207 -0.570139 -1.828608
 20 22.550726 -0.000027 -0.000013 -0.499213 -0.150806 1.818570
 21 30.814270 -0.000023 0.000002 -2.906451 0.090164 0.537876
 22 -4.250660 -0.770624 0.000001 -0.056651 0.184484 2.895884
 23 10.363422 0.000000 0.000000 -0.030812 -0.017613 0.158649
 24 10.363076 0.000000 -0.000000 0.137020 0.002813 0.055491
 25 10.363081 -0.000004 -0.000002 -0.004417 -0.026113 -0.001229
 26 8.210358 -0.000006 -7.703991 0.000000 0.000000 -0.000000
 27 8.210346 -0.000002 7.704017 0.000000 0.000000 -0.000000
 28 1.854841 1.227791 -13.762345 2.804246 0.169059 2.238138
 29 10.456543 -0.000004 0.000004 0.041844 0.028381 -1.488388
 30 24.248093 0.000001 0.000007 0.046481 0.074622 1.053129
 31 26.336971 0.000019 0.000002 0.340196 -0.224229 0.620460
 32 1.854847 1.227798 13.762341 -2.720513 0.000054 2.482265
 33 10.456542 -0.000008 0.000004 -0.132724 -0.093526 -1.187499
 34 24.248116 0.000002 -0.000004 -0.027246 -0.032275 0.926786
 35 26.336975 0.000000 0.000004 0.047984 0.001959 1.037672
time 110
  0 0.000000 0.000000 0.000000 0.000000 -0.000000 -1.570796
  1 0.000000 0.000000 0.000000 0.000000 -0.000000 0.000000
  2 31.122044 -2.951586 20.062605 -1.584792 -0.159522 1.611827
  3 4.222169 -0.467508 0.000000 0.029163 -0.000223 -0.156988
  4 4.476987 -0.000002 -0.000000 0.175010 -0.032458 -0.133882
  5 4.477083 0.000000 0.000002 -0.025813 0.080528 -0.051246
  6 4.477077 -0.000004 -0.000002 -0.025029 0.045425 0.006975
  7 5.413502 -7.700466 -0.000000 0.027341 -0.158290 -0.451608
  8 6.890240 0.000002 -0.000000 0.112032 0.058697 0.212165
  9 8.011925 0.000004 0.000005 0.000065 -0.020608 0.116856
 10 7.210720 -0.000002 -0.000000 -0.008180 0.036228 0.073640
 11 8.581028 -0.304903 -0.000000 0.000923 -0.124715 1.541265
 12 22.523008 2.194031 6.355708 0.000000 0.038557 0.000000
 13 22.523005 2.194038 -6.355709 0.000000 -0.000000 0.000000
 14 -3.006533 7.804720 -11.355459 0.420046 0.060605 2.060177
 15 10.384675 0.000008 0.000005 -0.041662 -0.101682 -2.301798
 16 22.550743 -0.000006 -0.000004 0.179160 -0.060791 2.575536
 17 30.814247 -0.000015 -0.000004 2.997720 0.000349 0.630143
 18 -3.013796 7.815494 11.355459 -0.260000 -0.341834 2.030597
 19 10.374533 -0.000002 0.000007 0.985100 -0.602465 -1.934257
 20 22.550726 -0.000027 -0.000013 -0.435562 -0.116334 1.818570
 21 30.814270 -0.000023 0.000002 -2.924762 0.090091 0.540888
 22 -4.250660 -0.770624 0.000001 -0.056184 0.169094 2.896601
 23 10.363422 0.000000 0.000000 -0.030705 -0.057977 0.159639
 24 10.363076 0.000000 -0.000000 0.136708 -0.025986 0.058666
 25 10.363081 -0.000004 -0.000002 -0.004269 -0.025589 -0.001229
 26 8.210358 -0.000006 -7.703991 0.000000 0.000000 -0.000000
 27 8.210346 -0.000002 7.704017 0.000000 0.000000 -0.000000
 28 1.854841 1.227791 -13.762345 2.804246 0.168911 2.248478
 29 10.456543 -0.000004 0.000004 0.041757 0.027811 -1.488388
 30 24.248093 0.000001 0.000007 0.050596 0.074622 1.053129
 31 26.336971 0.000019 0.000002 0.334976 -0.219998 0.620460
 32 1.854847 1.227798 13.762341 -2.720783 -0.003093 2.485023
 33 10.456542 -0.000008 0.000004 -0.127637 -0.092664 -1.187736
 34 24.248116 0.000002 -0.000004 -0.027401 -0.032647 0.926786
 35 26.336975 0.000000 0.000004 0.047984 0.000873 1.037615
time 111
  0 0.000000 0.000000 0.000000 0.000000 -0.000000 -1.570796
  1 0.000000 0.000000 0.000000 0.000000 -0.000000 0.000000
  2 0.156255 -2.951586 49.176773 -1.585080 -0.159522 1.616716
  3 4.222169 -0.467508 0.000000 0.031500 -0.000223 -0.185862
  4 4.476987 -0.000002 -0.000000 0.174351 -0.034085 -0.097500
  5 4.477083 0.000000 0.000002 -0.025885 0.079139 -0.049467
  6 4.477077 -0.000004 -0.000002 -0.025089 0.044335 0.008953
  7 5.413502 -7.700466 -0.000000 0.002658 -0.139039 -0.449617
  8 6.890240 0.000002 -0.000000 -0.000503 0.068147 0.181493
  9 8.011925 0.000004 0.000005 -0.000013 -0.023388 0.159555
 10 7.210720 -0.000002 -0.000000 -0.008592 0.037411 0.073640
 11 8.581028 -0.304903 -0.000000 0.000877 -0.073140 1.544420
 12 22.523008 2.194031 6.355708 0.000000 0.024930 0.000000
 13 22.523005 2.194038 -6.355709 0.000000 -0.000000 0.000000
 14 -3.006533 7.804720 -11.355459 0.460252 0.051525 2.136679
 15 10.384675 0.000008 0.000005 -0.016748 -0.080827 -2.337787
 16 22.550743 -0.000006 -0.000004 0.187396 -0.061050 2.610766
 17 30.814247 -0.000015 -0.000004 2.991780 0.001196 0.642176
 18 -3.013796 7.815494 11.355459 -0.254959 -0.370681 1.893226
 19 10.374533 -0.000002 0.000007 1.038017 0.076006 -2.063390
 20 22.550726 -0.000027 -0.000013 -0.370910 -0.023459 1.818570
 21 30.814270 -0.000023 0.000002 -2.936759 0.089944 0.544542
 22 -4.250660 -0.770624 0.000001 -0.055764 0.152677 2.897369
 23 10.363422 0.000000 0.000000 -0.030657 -0.098917 0.160651
 24 10.363076 0.000000 -0.000000 0.136421 -0.054138 0.061066
 25 10.363081 -0.000004 -0.000002 -0.004158 -0.025158 -0.001229
 26 8.210358 -0.000006 -7.703991 0.000000 0.000000 -0.000000
 27 8.210346 -0.000002 7.704017 0.000000 0.000000 -0.000000
 28 1.854841 1.227791 -13.762345 2.804246 0.168788 2.258391
 29 10.456543 -0.000004 0.000004 0.041634 0.026690 -1.488388
 30 24.248093 0.000001 0.000007 0.055304 0.074622 1.053129
 31 26.336971 0.000019 0.000002 0.329538 -0.219998 0.620460
 32 1.854847 1.227798 13.762341 -2.721087 -0.006513 2.822477
 33 10.456542 -0.000008 0.000004 -0.122177 -0.091801 -1.188012
 34 24.248116 0.000002 -0.000004 -0.027194 -0.033018 0.926786
 35 26.336975 0.000000 0.000004 0.047984 -0.000119 1.037672
time 112
  0 0.000000 0.000000 0.000000 0.000000 -0.000000 -1.570796
  1 0.000000 0.000000 0.000000 0.000000 -0.000000 0.000000
  2 0.078127 -2.951586 16.949228 -1.585272 -0.159522 1.629274
  3 4.222169 -0.467508 0.000000 0.033670 -0.000204 -0.209889
  4 4.476987 -0.000002 -0.000000 0.173032 -0.036249 -0.060986
  5 4.477083 0.000000 0.000002 -0.025945 0.078202 -0.047585
  6 4.477077 -0.000004 -0.000002 -0.025149 0.043621 0.011040
  7 5.413502 -7.700466 -0.000000 0.000080 -0.115897 -0.205892
  8 6.890240 0.000002 -0.000000 -0.000551 0.062513 0.152032
  9 8.011925 0.000004 0.000005 0.000039 -0.026280 0.201708
 10 7.210720 -0.000002 -0.000000 -0.009086 0.038558 0.073640
 11 8.581028 -0.304903 -0.000000 0.000785 -0.024622 1.511578
 12 22.523008 2.194031 6.355708 0.000000 0.002689 0.000000
 13 22.523005 2.194038 -6.355709 0.000000 -0.000000 0.000000
 14 -3.006533 7.804720 -11.355459 0.442672 0.041739 2.120060
 15 10.384675 0.000008 0.000005 0.019221 -0.051654 -2.315738
 16 22.550743 -0.000006 -0.000004 0.195393 -0.064292 2.579168
 17 30.814247 -0.000015 -0.000004 2.981341 0.002230 0.654209
 18 -3.013796 7.815494 11.355459 -0.249970 -0.388543 1.810177
 19 10.374533 -0.000002 0.000007 1.070643 -0.305023 -1.456052
 20 22.550726 -0.000027 -0.000013 -0.352362 0.051610 1.818570
 21 30.814270 -0.000023 0.000002 -2.939917 0.089724 0.548559
 22 -4.250660 -0.770624 0.000001 -0.055393 0.135619 2.898163
 23 10.363422 0.000000 0.000000 -0.030633 -0.138981 0.161663
 24 10.363076 0.000000 -0.000000 0.095481 -0.081391 0.062692
 25 10.363081 -0.000004 -0.000002 -0.004122 -0.024850 -0.001229
 26 8.210358 -0.000006 -7.703991 0.000000 0.000000 -0.000000
 27 8.210346 -0.000002 7.704017 0.000000 0.000000 -0.000000
 28 1.854841 1.227791 -13.762345 2.804246 0.168664 2.267697
 29 10.456543 -0.000004 0.000004 0.041477 0.025124 -1.488388
 30 24.248093 0.000001 0.000007 0.060457 0.074622 1.053129
 31 26.336971 0.000019 0.000002 0.323883 -0.219998 0.620460
 32 1.854847 1.227798 13.762341 -2.721424 -0.010097 2.501824
 33 10.456542 -0.000008 0.000004 -0.117328 -0.090938 -1.188248
 34 24.248116 0.000002 -0.000004 -0.219746 -0.033390 0.926786
 35 26.336975 0.000000 0.000004 0.047984 -0.001081 1.037841
time 113
  0 0.000000 0.000000 0.000000 0.000000 -0.000000 -1.570796
  1 0.000000 0.000000 0.000000 0.000000 -0.000000 0.000000
  2 -0.007813 -2.951586 17.250019 -1.585368 -0.159522 1.646146
  3 4.222169 -0.467508 0.000000 0.035503 -0.000186 -0.229149
  4 4.476987 -0.000002 -0.000000 0.171366 -0.038969 -0.024382
  5 4.477083 0.000000 0.000002 -0.026005 0.077589 -0.045598
  6 4.477077 -0.000004 -0.000002 -0.025185 0.043132 0.013235
  7 5.413502 -7.700466 -0.000000 0.000930 -0.090104 -0.453755
  8 6.890240 0.000002 -0.000000 0.098334 0.042229 0.118521
  9 8.011925 0.000004 0.000005 0.000419 -0.029075 0.241708
 10 7.210720 -0.000002 -0.000000 -0.009718 0.039653 0.073640
 11 8.581028 -0.304903 -0.000000 0.000716 0.017717 1.467871
 12 22.523008 2.194031 6.355708 0.000000 -0.022486 0.000000
 13 22.523005 2.194038 -6.355709 0.000000 -0.000000 0.000000
 14 -3.006533 7.804720 -11.355459 0.504311 0.029620 2.063954
 15 10.384675 0.000008 0.000005 0.038942 -0.014843 -2.366390
 16 22.550743 -0.000006 -0.000004 0.197920 -0.067334 2.553502
 17 30.814247 -0.000015 -0.000004 2.903504 0.003484 0.666098
 18 -3.013796 7.815494 11.355459 -0.246762 -0.401472 1.765774
 19 10.374533 -0.000002 0.000007 -0.043845 -0.263495 -1.864501
 20 22.550726 -0.000027 -0.000013 -0.353915 0.048783 1.818570
 21 30.814270 -0.000023 0.000002 -2.914624 0.089406 0.553077
 22 -4.250660 -0.770624 0.000001 -0.055021 0.118303 2.898957
 23 10.363422 0.000000 0.000000 0.095481 -0.176709 0.162654
 24 10.363076 0.000000 -0.000000 0.015580 0.135758 0.063311
 25 10.363081 -0.000004 -0.000002 -0.004171 -0.024742 -0.001229
 26 8.210358 -0.000006 -7.703991 0.000000 0.000000 -0.000000
 27 8.210346 -0.000002 7.704017 0.000000 0.000000 -0.000000
 28 1.854841 1.227791 -13.762345 3.043418 0.168541 2.276394
 29 10.456543 -0.000004 0.000004 0.041267 0.023149 -1.488388
 30 24.248093 0.000001 0.000007 0.066017 0.074622 1.053129
 31 26.336971 0.000019 0.000002 0.318010 -0.219998 0.620460
 32 1.854847 1.227798 13.762341 -2.721762 -0.013846 2.501609
 33 10.456542 -0.000008 0.000004 -0.113902 -0.090048 -1.188406
 34 24.248116 0.000002 -0.000004 0.034754 -0.033390 0.926786
 35 26.336975 0.000000 0.000004 0.047984 -0.002043 1.038067
time 114
  0 0.000000 0.000000 0.000000 0.000000 -0.000000 -1.570796
  1 0.000000 0.000000 0.000000 0.000000 -0.000000 0.000000
  2 0.031251 -2.951586 20.214954 -1.585463 -0.159522 1.666086
  3 4.222169 -0.467508 0.000000 0.036821 -0.000186 -0.244130
  4 4.476987 -0.000002 -0.000000 0.169701 -0.042224 0.012022
  5 4.477083 0.000000 0.000002 -0.026041 0.077169 -0.043509
  6 4.477077 -0.000004 -0.000002 -0.025221 0.042738 0.015852
  7 5.413502 -7.700466 -0.000000 0.001754 -0.062867 -0.455280
  8 6.890240 0.000002 -0.000000 0.000144 0.020428 0.076539
  9 8.011925 0.000004 0.000005 0.001283 -0.031536 0.277476
 10 7.210720 -0.000002 -0.000000 -0.010459 0.040712 0.073640
 11 8.581028 -0.304903 -0.000000 0.000624 0.052629 1.418976
 12 22.523008 2.194031 6.355708 0.000000 -0.046683 0.000000
 13 22.523005 2.194038 -6.355709 0.000000 -0.000000 0.000000
 14 -3.006533 7.804720 -11.355459 0.625961 0.010153 1.936153
 15 10.384675 0.000008 0.000005 0.022284 0.024132 -2.472915
 16 22.550743 -0.000006 -0.000004 0.200270 -0.066187 1.652773
 17 30.814247 -0.000015 -0.000004 2.817369 0.004926 0.677737
 18 -3.013796 7.815494 11.355459 -0.245337 -0.408086 1.740237
 19 10.374533 -0.000002 0.000007 -0.130737 -0.222465 -1.871575
 20 22.550726 -0.000027 -0.000013 -0.362474 0.017805 1.818570
 21 30.814270 -0.000023 0.000002 -2.846077 0.088916 0.558153
 22 -4.250660 -0.770624 0.000001 0.095481 0.101116 2.899776
 23 10.363422 0.000000 0.000000 -0.040268 0.075339 0.163578
 24 10.363076 0.000000 -0.000000 0.006364 0.203711 0.061892
 25 10.363081 -0.000004 -0.000002 -0.004318 -0.024880 -0.001229
 26 8.210358 -0.000006 -7.703991 0.000000 0.000000 -0.000000
 27 8.210346 -0.000002 7.704017 0.000000 0.000000 -0.000000
 28 1.854841 1.227791 -13.762345 2.653197 0.168442 2.285578
 29 10.456543 -0.000004 0.000004 0.041040 0.020818 -1.488388
 30 24.248093 0.000001 0.000007 0.071875 0.074622 1.053129
 31 26.336971 0.000019 0.000002 0.312093 -0.219998 0.620460
 32 1.854847 1.227798 13.762341 -2.722099 -0.017677 2.501350
 33 10.456542 -0.000008 0.000004 -0.112851 -0.089185 -1.188524
 34 24.248116 0.000002 -0.000004 0.012420 -0.033390 0.926786
 35 26.336975 0.000000 0.000004 0.047984 -0.003004 1.038406
time 115
  0 0.000000 0.000000 0.000000 0.000000 -0.000000 -1.570796
  1 0.000000 0.000000 0.000000 0.000000 -0.000000 0.000000
  2 0.207038 -2.951586 25.597931 -1.585463 -0.159522 1.688614
  3 4.222169 -0.467508 0.000000 0.037445 -0.000241 -0.255568
  4 4.476987 -0.000002 -0.000000 0.168370 -0.045951 0.048536
  5 4.477083 0.000000 0.000002 -0.026077 0.076829 -0.041019
  6 4.477077 -0.000004 -0.000002 -0.025245 0.042418 0.021909
  7 5.413502 -7.700466 -0.000000 0.105893 -0.035189 -0.456618
  8 6.890240 0.000002 -0.000000 0.000000 -0.001019 0.087058
  9 8.011925 0.000004 0.000005 0.002763 -0.033437 0.307040
 10 7.210720 -0.000002 -0.000000 -0.011365 0.041736 0.073640
 11 8.581028 -0.304903 -0.000000 0.000532 0.078971 1.370116
 12 22.523008 2.194031 6.355708 0.000000 -0.049494 0.000000
 13 22.523005 2.194038 -6.355709 0.000000 -0.000000 0.000000
 14 -3.006533 7.804720 -11.355459 0.753526 -0.012741 1.816662
 15 10.384675 0.000008 0.000005 -0.004908 0.060964 -2.582161
 16 22.550743 -0.000006 -0.000004 0.223892 -0.031347 1.711006
 17 30.814247 -0.000015 -0.000004 2.770545 0.006556 0.689018
 18 -3.013796 7.815494 11.355459 -0.242384 -0.406217 1.739040
 19 10.374533 -0.000002 0.000007 -0.221066 -0.110007 -1.878649
 20 22.550726 -0.000027 -0.000013 -0.382349 -0.017963 1.818570
 21 30.814270 -0.000023 0.000002 -2.747150 0.088182 0.563899
 22 -4.250660 -0.770624 0.000001 0.020134 0.127852 2.900570
 23 10.363422 0.000000 0.000000 -0.041826 0.064661 0.053790
 24 10.363076 0.000000 -0.000000 -0.007299 0.203639 0.057633
 25 10.363081 -0.000004 -0.000002 0.096158 -0.025312 -0.001229
 26 8.210358 -0.000006 -7.703991 0.000000 0.000000 -0.000000
 27 8.210346 -0.000002 7.704017 0.000000 0.000000 -0.000000
 28 1.854841 1.227791 -13.762345 2.652933 0.168368 2.306987
 29 10.456543 -0.000004 0.000004 0.040778 0.018220 -1.488388
 30 24.248093 0.000001 0.000007 0.077881 0.074622 1.053129
 31 26.336971 0.000019 0.000002 0.306046 -0.219998 0.620460
 32 1.854847 1.227798 13.762341 -2.722437 -0.021535 2.501005
 33 10.456542 -0.000008 0.000004 -0.114716 -0.088183 -1.188564
 34 24.248116 0.000002 -0.000004 -0.023826 -0.033390 0.926786
 35 26.336975 0.000000 0.000004 0.047984 -0.003966 1.038802
time 116
  0 0.000000 0.000000 0.000000 0.000000 -0.000000 -1.570796
  1 0.000000 0.000000 0.000000 0.000000 -0.000000 0.000000
  2 0.480483 -2.951586 32.793465 -1.585463 -0.159522 1.713060
  3 4.222169 -0.467508 0.000000 0.037193 -0.000316 -0.263895
  4 4.476987 -0.000002 -0.000000 0.167675 -0.049828 0.084585
  5 4.477083 0.000000 0.000002 -0.026101 0.076555 -0.035253
  6 4.477077 -0.000004 -0.000002 -0.025257 0.042136 0.026581
  7 5.413502 -7.700466 -0.000000 -0.000159 -0.007340 -0.457738
  8 6.890240 0.000002 -0.000000 0.158964 -0.021735 0.076888
  9 8.011925 0.000004 0.000005 0.004387 -0.034603 0.328402
 10 7.210720 -0.000002 -0.000000 -0.012463 0.042690 0.073640
 11 8.581028 -0.304903 -0.000000 0.000441 0.091314 1.323920
 12 22.523008 2.194031 6.355708 0.000000 -0.034768 0.000000
 13 22.523005 2.194038 -6.355709 0.000000 -0.000000 0.000000
 14 -3.006533 7.804720 -11.355459 0.841807 0.001285 1.706991
 15 10.384675 0.000008 0.000005 -0.035686 0.093680 -2.655195
 16 22.550743 -0.000006 -0.000004 0.255653 0.025991 1.768633
 17 30.814247 -0.000015 -0.000004 2.764779 0.008280 0.699833
 18 -3.013796 7.815494 11.355459 -0.218251 -0.353530 1.765089
 19 10.374533 -0.000002 0.000007 -0.315373 -0.000007 -1.908396
 20 22.550726 -0.000027 -0.000013 0.034813 -0.061681 1.818570
 21 30.814270 -0.000023 0.000002 -2.629982 0.087204 0.570425
 22 -4.250660 -0.770624 0.000001 0.021428 -0.247872 -2.930902
 23 10.363422 0.000000 0.000000 -0.046117 0.064673 0.012616
 24 10.363076 0.000000 -0.000000 -0.022112 0.176098 0.051465
 25 10.363081 -0.000004 -0.000002 -0.005377 0.102697 -0.001229
 26 8.210358 -0.000006 -7.703991 0.000000 0.000000 -0.000000
 27 8.210346 -0.000002 7.704017 0.000000 0.000000 -0.000000
 28 1.854841 1.227791 -13.762345 2.652361 0.168294 2.328274
 29 10.456543 -0.000004 0.000004 0.040499 0.015390 -1.488388
 30 24.248093 0.000001 0.000007 0.083960 0.074622 1.053129
 31 26.336971 0.000019 0.000002 0.299999 -0.219998 0.620460
 32 1.854847 1.227798 13.762341 -2.722775 -0.025365 2.500704
 33 10.456542 -0.000008 0.000004 -0.118854 -0.087515 -1.188524
 34 24.248116 0.000002 -0.000004 -0.027246 -0.033390 0.926786
 35 26.336975 0.000000 0.000004 0.047984 -0.004587 1.039141
time 117
  0 0.000000 0.000000 0.000000 0.000000 -0.000000 -1.570796
  1 0.000000 0.000000 0.000000 0.000000 -0.000000 0.000000
  2 0.808618 -2.951586 41.106216 -1.585368 -0.159522 1.738847
  3 4.222169 -0.467508 0.000000 0.035887 -0.000464 -0.269645
  4 4.476987 -0.000002 -0.000000 0.167891 -0.053576 0.118791
  5 4.477083 0.000000 0.000002 -0.026113 0.076312 -0.030806
  6 4.477077 -0.000004 -0.000002 -0.005614 0.041911 0.029727
  7 5.413502 -7.700466 -0.000000 -0.000239 0.020610 -0.458640
  8 6.890240 0.000002 -0.000000 0.006196 -0.039458 0.060598
  9 8.011925 0.000004 0.000005 0.005422 -0.035162 0.339849
 10 7.210720 -0.000002 -0.000000 -0.013726 0.043590 0.073640
 11 8.581028 -0.304903 -0.000000 0.000349 0.083956 1.279547
 12 22.523008 2.194031 6.355708 0.000000 -0.016681 0.000000
 13 22.523005 2.194038 -6.355709 0.000000 -0.000000 0.000000
 14 -3.006533 7.804720 -11.355459 0.915383 -0.030936 1.608925
 15 10.384675 0.000008 0.000005 -0.065268 0.120285 -2.713845
 16 22.550743 -0.000006 -0.000004 0.249304 0.069181 1.822870
 17 30.814247 -0.000015 -0.000004 2.798674 0.009597 0.710433
 18 -3.013796 7.815494 11.355459 -0.196664 -0.257945 1.920187
 19 10.374533 -0.000002 0.000007 -0.414331 0.106803 -1.945622
 20 22.550726 -0.000027 -0.000013 -0.199466 0.143935 1.818570
 21 30.814270 -0.000023 0.000002 -2.506920 0.086005 0.577900
 22 -4.250660 -0.770624 0.000001 0.020829 -0.247984 -2.978785
 23 10.363422 0.000000 0.000000 -0.052528 0.064685 0.008303
 24 10.363076 0.000000 -0.000000 -0.037212 0.174361 0.044264
 25 10.363081 -0.000004 -0.000002 -0.005390 -0.075351 -0.001229
 26 8.210358 -0.000006 -7.703991 0.000000 0.000000 -0.000000
 27 8.210346 -0.000002 7.704017 0.000000 0.000000 -0.000000
 28 1.854841 1.227791 -13.762345 2.651526 0.168270 2.347858
 29 10.456543 -0.000004 0.000004 0.040202 0.012401 -1.488388
 30 24.248093 0.000001 0.000007 0.090040 0.074622 1.053129
 31 26.336971 0.000019 0.000002 0.293909 -0.219998 0.620460
 32 1.854847 1.227798 13.762341 -2.723112 -0.029141 2.500316
 33 10.456542 -0.000008 0.000004 -0.063201 -0.088211 -1.188445
 34 24.248116 0.000002 -0.000004 -0.026416 -0.033390 0.926786
 35 26.336975 0.000000 0.000004 0.047984 -0.003966 1.038802
time 118
  0 0.000000 0.000000 0.000000 0.000000 -0.000000 -1.570796
  1 0.000000 0.000000 0.000000 0.000000 -0.000000 0.000000
  2 1.168004 -2.951586 49.829140 -1.585272 -0.159522 1.765018
  3 4.222169 -0.467508 0.000000 0.033406 -0.000686 -0.273325
  4 4.476987 -0.000002 -0.000000 0.168454 -0.056874 0.149379
  5 4.477083 0.000000 0.000002 -0.006470 0.076119 -0.027812
  6 4.477077 -0.000004 -0.000002 -0.025245 0.041742 0.031596
  7 5.413502 -7.700466 -0.000000 -0.000120 0.048629 -0.459418
  8 6.890240 0.000002 -0.000000 0.196356 -0.052567 0.041586
  9 8.011925 0.000004 0.000005 0.006011 -0.035562 0.344314
 10 7.210720 -0.000002 -0.000000 -0.015235 0.044438 0.073640
 11 8.581028 -0.304903 -0.000000 0.189821 0.057461 1.229075
 12 22.523008 2.194031 6.355708 0.000000 0.243407 0.000000
 13 22.523005 2.194038 -6.355709 0.000000 -0.000000 0.000000
 14 -3.006533 7.804720 -11.355459 0.969263 -0.098699 1.523084
 15 10.384675 0.000008 0.000005 -0.068704 0.141608 -2.754944
 16 22.550743 -0.000006 -0.000004 0.234911 0.109961 1.808888
 17 30.814247 -0.000015 -0.000004 2.832700 0.009879 0.723254
 18 -3.013796 7.815494 11.355459 0.222857 -0.212955 2.199717
 19 10.374533 -0.000002 0.000007 -0.510188 0.209428 -1.990503
 20 22.550726 -0.000027 -0.000013 -0.173932 0.005654 1.818570
 21 30.814270 -0.000023 0.000002 -2.390277 0.084683 0.588471
 22 -4.250660 -0.770624 0.000001 0.018816 -0.248032 -2.983804
 23 10.363422 0.000000 0.000000 -0.060462 0.064709 0.009711
 24 10.363076 0.000000 -0.000000 -0.052409 0.065157 0.036856
 25 10.363081 -0.000004 -0.000002 -0.005451 -0.075844 -0.001229
 26 8.210358 -0.000006 -7.703991 0.000000 0.000000 -0.000000
 27 8.210346 -0.000002 7.704017 0.000000 0.000000 -0.000000
 28 1.854841 1.227791 -13.762345 2.650383 0.168245 2.365618
 29 10.456543 -0.000004 0.000004 0.039905 0.009305 -1.488388
 30 24.248093 0.000001 0.000007 0.095897 0.074622 1.053129
 31 26.336971 0.000019 0.000002 0.287949 -0.219998 0.620460
 32 1.854847 1.227798 13.762341 -2.723416 -0.032753 2.499928
 33 10.456542 -0.000008 0.000004 -0.063201 -0.089185 -1.188524
 34 24.248116 0.000002 -0.000004 -0.025587 -0.033390 0.926786
 35 26.336975 0.000000 0.000004 0.047984 -0.003004 1.038406
time 119
  0 0.000000 0.000000 0.000000 0.000000 -0.000000 -1.570796
  1 0.000000 0.000000 0.000000 0.000000 -0.000000 0.000000
  2 1.527390 -2.951586 58.259087 -1.585080 -0.159522 1.790710
  3 4.222169 -0.467508 0.000000 0.028408 -0.000964 -0.275380
  4 4.476987 -0.000002 -0.000000 0.168730 -0.059423 0.174662
  5 4.477083 0.000000 0.000002 -0.026101 0.075973 -0.026034
  6 4.477077 -0.000004 -0.000002 0.086787 0.041610 0.032375
  7 5.413502 -7.700466 -0.000000 0.000292 0.076494 -0.460040
  8 6.890240 0.000002 -0.000000 0.024712 -0.062030 0.022038
  9 8.011925 0.000004 0.000005 0.006195 -0.035817 0.347506
 10 7.210720 -0.000002 -0.000000 -0.016965 0.045232 0.073640
 11 8.581028 -0.304903 -0.000000 0.001681 0.028985 1.165845
 12 22.523008 2.194031 6.355708 0.000000 -0.024900 0.000000
 13 22.523005 2.194038 -6.355709 0.000000 -0.000000 0.000000
 14 -3.006533 7.804720 -11.355459 1.000896 -0.168194 1.495958
 15 10.384675 0.000008 0.000005 -0.050701 0.149119 -2.776549
 16 22.550743 -0.000006 -0.000004 0.219813 0.149707 1.787882
 17 30.814247 -0.000015 -0.000004 3.010431 0.009534 0.721463
 18 -3.013796 7.815494 11.355459 -0.186278 0.049400 2.348659
 19 10.374533 -0.000002 0.000007 -0.599640 0.275574 -2.043386
 20 22.550726 -0.000027 -0.000013 -0.148704 0.003259 1.818570
 21 30.814270 -0.000023 0.000002 -2.292438 0.083313 0.603170
 22 -4.250660 -0.770624 0.000001 0.015844 -0.248048 -2.982165
 23 10.363422 0.000000 0.000000 -0.069283 0.064733 0.011120
 24 10.363076 0.000000 -0.000000 -0.067461 0.042698 0.030249
 25 10.363081 -0.000004 -0.000002 -0.005537 -0.075844 -0.001229
 26 8.210358 -0.000006 -7.703991 0.000000 0.000000 -0.000000
 27 8.210346 -0.000002 7.704017 0.000000 0.000000 -0.000000
 28 1.854841 1.227791 -13.762345 2.649063 0.168245 2.381188
 29 10.456543 -0.000004 0.000004 0.039608 0.006173 -1.488388
 30 24.248093 0.000001 0.000007 0.101607 0.074622 1.053129
 31 26.336971 0.000019 0.000002 0.282032 -0.219998 0.620460
 32 1.854847 1.227798 13.762341 -2.723686 -0.036228 2.499541
 33 10.456542 -0.000008 0.000004 0.214621 -0.090076 -1.188564
 34 24.248116 0.000002 -0.000004 -0.024836 -0.033390 0.926786
 35 26.336975 0.000000 0.000004 0.047984 -0.002043 1.038067
time 120
  0 0.000000 0.000000 0.000000 0.000000 -0.000000 -1.570796
  1 0.000000 0.000000 0.000000 0.000000 -0.000000 0.000000
  2 1.871151 -2.951586 65.696808 -1.584888 -0.159522 1.814964
  3 4.222169 -0.467508 0.000000 0.004559 -0.001836 -0.274782
  4 4.476987 -0.000002 -0.000000 0.168790 -0.060986 0.192930
  5 4.477083 0.000000 0.000002 0.085931 0.075860 -0.025293
  6 4.477077 -0.000004 -0.000002 0.229763 0.024039 0.032281
  7 5.413502 -7.700466 -0.000000 0.000917 0.104445 -0.460538
  8 6.890240 0.000002 -0.000000 0.002421 -0.076080 -0.002932
  9 8.011925 0.000004 0.000005 0.006103 -0.035961 0.349609
 10 7.210720 -0.000002 -0.000000 -0.018941 0.045938 0.073640
 11 8.581028 -0.304903 -0.000000 0.001405 0.000969 1.181688
 12 22.523008 2.194031 6.355708 0.000000 -0.036632 0.000000
 13 22.523005 2.194038 -6.355709 0.000000 -0.000000 0.000000
 14 -3.006533 7.804720 -11.355459 -0.115497 -0.214653 1.505984
 15 10.384675 0.000008 0.000005 -0.028589 0.149925 -2.713012
 16 22.550743 -0.000006 -0.000004 0.259155 0.172034 1.751684
 17 30.814247 -0.000015 -0.000004 2.729530 0.009033 0.671363
 18 -3.013796 7.815494 11.355459 -0.183580 -0.174280 1.647042
 19 10.374533 -0.000002 0.000007 -0.682015 0.312152 -2.094528
 20 22.550726 -0.000027 -0.000013 -0.079559 0.000864 1.818570
 21 30.814270 -0.000023 0.000002 -2.225610 0.082065 0.620658
 22 -4.250660 -0.770624 0.000001 0.012380 -0.248032 -2.980526
 23 10.363422 0.000000 0.000000 -0.078379 0.064757 0.183493
 24 10.363076 0.000000 -0.000000 -0.082166 0.040349 0.025526
 25 10.363081 -0.000004 -0.000002 -0.005648 -0.075844 -0.001229
 26 8.210358 -0.000006 -7.703991 0.000000 0.000000 -0.000000
 27 8.210346 -0.000002 7.704017 0.000000 0.000000 -0.000000
 28 1.854841 1.227791 -13.762345 2.647524 0.168319 2.394142
 29 10.456543 -0.000004 0.000004 0.039328 0.003077 -1.488388
 30 24.248093 0.000001 0.000007 0.106908 0.074622 1.053129
 31 26.336971 0.000019 0.000002 0.276290 -0.219998 0.620460
 32 1.854847 1.227798 13.762341 -2.723957 -0.039429 2.499153
 33 10.456542 -0.000008 0.000004 -0.062794 -0.090938 -1.188524
 34 24.248116 0.000002 -0.000004 -0.027401 -0.033390 0.926786
 35 26.336975 0.000000 0.000004 0.047984 -0.001081 1.037841
time 121
  0 0.000000 0.000000 0.000000 0.000000 -0.000000 -1.570796
  1 0.000000 0.000000 0.000000 0.000000 -0.000000 0.000000
  2 2.183661 -2.951586 71.431358 -1.584697 -0.159522 1.835479
  3 4.222169 -0.467508 0.000000 -0.028686 -0.002911 -0.272635
  4 4.476987 -0.000002 -0.000000 0.168622 -0.061736 0.202719
  5 4.477083 0.000000 0.000002 0.228907 0.060757 -0.025382
  6 4.477077 -0.000004 -0.000002 0.225689 -0.010840 0.031471
  7 5.413502 -7.700466 -0.000000 0.001608 0.132038 -0.460974
  8 6.890240 0.000002 -0.000000 0.000072 -0.092313 -0.067696
  9 8.011925 0.000004 0.000005 0.005789 -0.036073 0.350881
 10 7.210720 -0.000002 -0.000000 -0.021192 0.046609 0.073640
 11 8.581028 -0.304903 -0.000000 0.305994 -0.026090 1.166371
 12 22.523008 2.194031 6.355708 0.000000 -0.048455 0.000000
 13 22.523005 2.194038 -6.355709 0.000000 -0.000000 0.000000
 14 -3.006533 7.804720 -11.355459 -0.047456 -0.251962 1.594710
 15 10.384675 0.000008 0.000005 0.289383 0.149734 -2.576051
 16 22.550743 -0.000006 -0.000004 0.210842 0.172551 1.718028
 17 30.814247 -0.000015 -0.000004 2.715815 0.008625 0.550247
 18 -3.013796 7.815494 11.355459 -0.181798 -0.171103 1.540679
 19 10.374533 -0.000002 0.000007 -0.678038 0.334909 -2.141149
 20 22.550726 -0.000027 -0.000013 -0.011925 -0.009207 1.818570
 21 30.814270 -0.000023 0.000002 -2.198843 0.081160 0.657418
 22 -4.250660 -0.770624 0.000001 0.008893 -0.248016 -2.779955
 23 10.363422 0.000000 0.000000 -0.087152 0.064757 0.011604
 24 10.363076 0.000000 -0.000000 -0.096308 0.041116 0.023719
 25 10.363081 -0.000004 -0.000002 -0.005796 -0.075844 -0.001229
 26 8.210358 -0.000006 -7.703991 0.000000 0.000000 -0.000000
 27 8.210346 -0.000002 7.704017 0.000000 0.000000 -0.000000
 28 1.854841 1.227791 -13.762345 2.645809 0.205845 2.404543
 29 10.456543 -0.000004 0.000004 0.039049 0.000069 -1.488388
 30 24.248093 0.000001 0.000007 0.106908 0.074622 1.053129
 31 26.336971 0.000019 0.000002 0.270765 -0.219998 0.620460
 32 1.854847 1.227798 13.762341 -2.724193 -0.042384 2.498722
 33 10.456542 -0.000008 0.000004 -0.063201 -0.091801 -1.188406
 34 24.248116 0.000002 -0.000004 -0.024007 -0.033390 0.926786
 35 26.336975 0.000000 0.000004 0.047984 -0.000088 1.037671
time 122
  0 0.000000 0.000000 0.000000 0.000000 -0.000000 -1.570796
  1 0.000000 0.000000 0.000000 0.000000 -0.000000 0.000000
  2 2.445387 -2.951586 74.767403 -1.584409 -0.159522 1.826659
  3 4.222169 -0.467508 0.000000 -0.043308 -0.003430 -0.271715
  4 4.476987 -0.000002 -0.000000 0.168274 -0.062271 0.206537
  5 4.477083 0.000000 0.000002 0.224833 0.030776 -0.026152
  6 4.477077 -0.000004 -0.000002 0.221554 -0.014485 0.030163
  7 5.413502 -7.700466 -0.000000 0.002379 0.158222 -0.461285
  8 6.890240 0.000002 -0.000000 0.000839 -0.088091 -0.142560
  9 8.011925 0.000004 0.000005 0.005317 -0.036137 0.351685
 10 7.210720 -0.000002 -0.000000 -0.023745 0.047192 0.073640
 11 8.581028 -0.304903 -0.000000 0.013277 -0.049239 1.141836
 12 22.523008 2.194031 6.355708 0.000000 -0.060371 0.000000
 13 22.523005 2.194038 -6.355709 0.000000 -0.000000 0.000000
 14 -3.006533 7.804720 -11.355459 0.007075 -0.278107 1.676980
 15 10.384675 0.000008 0.000005 -0.038636 0.350230 -2.425318
 16 22.550743 -0.000006 -0.000004 0.191890 0.135100 1.710340
 17 30.814247 -0.000015 -0.000004 2.685982 0.008343 0.377634
 18 -3.013796 7.815494 11.355459 -0.180779 -0.166545 1.529507
 19 10.374533 -0.000002 0.000007 -0.688824 0.284344 -2.180753
 20 22.550726 -0.000027 -0.000013 0.053748 -0.021810 1.818570
 21 30.814270 -0.000023 0.000002 -2.209508 0.080769 0.695434
 22 -4.250660 -0.770624 0.000001 0.005848 -0.248000 -2.983957
 23 10.363422 0.000000 0.000000 -0.094978 0.064745 0.012000
 24 10.363076 0.000000 -0.000000 -0.109599 0.041883 0.025836
 25 10.363081 -0.000004 -0.000002 -0.005956 -0.075844 -0.001229
 26 8.210358 -0.000006 -7.703991 0.000000 0.000000 -0.000000
 27 8.210346 -0.000002 7.704017 0.000000 0.000000 -0.000000
 28 1.854841 1.227791 -13.762345 2.643962 0.205179 2.408679
 29 10.456543 -0.000004 0.000004 0.038804 -0.002796 -1.488388
 30 24.248093 0.000001 0.000007 0.106908 0.074622 1.053129
 31 26.336971 0.000019 0.000002 0.265457 -0.219998 0.620460
 32 1.854847 1.227798 13.762341 -2.724396 -0.044984 2.498334
 33 10.456542 -0.000008 0.000004 -0.062658 -0.092664 -1.188248
 34 24.248116 0.000002 -0.000004 0.075806 -0.033390 0.926786
 35 26.336975 0.000000 0.000004 0.047984 0.000873 1.037615
time 123
  0 0.000000 0.000000 0.000000 0.000000 -0.000000 -1.570796
  1 0.000000 0.000000 0.000000 0.000000 -0.000000 0.000000
  2 2.453200 -2.951586 75.181473 -1.584121 -0.159522 1.837780
  3 4.222169 -0.467508 0.000000 -0.051074 -0.003708 -0.271009
  4 4.476987 -0.000002 -0.000000 0.167759 -0.062614 0.209268
  5 4.477083 0.000000 0.000002 0.220698 0.027642 -0.027397
  6 4.477077 -0.000004 -0.000002 0.217395 -0.013283 0.028559
  7 5.413502 -7.700466 -0.000000 0.003230 0.181635 -0.461596
  8 6.890240 0.000002 -0.000000 0.001606 -0.077505 -0.152451
  9 8.011925 0.000004 0.000005 0.004741 -0.036201 0.352283
 10 7.210720 -0.000002 -0.000000 -0.026628 0.047686 0.073640
 11 8.581028 -0.304903 -0.000000 0.377640 -0.066363 1.113200
 12 22.523008 2.194031 6.355708 0.000000 -0.072561 0.000000
 13 22.523005 2.194038 -6.355709 0.000000 -0.000000 0.000000
 14 -3.006533 7.804720 -11.355459 0.026283 -0.291850 1.714476
 15 10.384675 0.000008 0.000005 -0.052979 0.128538 -1.778061
 16 22.550743 -0.000006 -0.000004 0.172571 0.097190 1.727471
 17 30.814247 -0.000015 -0.000004 2.650689 0.008186 0.187008
 18 -3.013796 7.815494 11.355459 -0.180525 -0.160753 1.533155
 19 10.374533 -0.000002 0.000007 -0.723675 0.217368 -2.063506
 20 22.550726 -0.000027 -0.000013 0.116848 -0.037005 1.818570
 21 30.814270 -0.000023 0.000002 -2.251640 0.080867 0.732641
 22 -4.250660 -0.770624 0.000001 0.003703 -0.247984 -2.984239
 23 10.363422 0.000000 0.000000 -0.101234 0.064709 0.014377
 24 10.363076 0.000000 -0.000000 -0.119139 0.135758 0.032288
 25 10.363081 -0.000004 -0.000002 -0.006141 -0.075844 -0.001229
 26 8.210358 -0.000006 -7.703991 0.000000 0.000000 -0.000000
 27 8.210346 -0.000002 7.704017 0.000000 0.000000 -0.000000
 28 1.854841 1.227791 -13.762345 3.050717 0.204488 2.387452
 29 10.456543 -0.000004 0.000004 0.038577 -0.005465 -1.488388
 30 24.248093 0.000001 0.000007 0.106908 0.074622 1.053129
 31 26.336971 0.000019 0.000002 0.260411 -0.219998 0.620460
 32 1.854847 1.227798 13.762341 -2.724530 -0.047173 2.497904
 33 10.456542 -0.000008 0.000004 -0.566754 -0.093526 -1.188012
 34 24.248116 0.000002 -0.000004 -0.027362 -0.033390 0.926786
 35 26.336975 0.000000 0.000004 0.047984 0.001990 1.037672
time 124
  0 0.000000 0.000000 0.000000 0.000000 -0.000000 -1.570796
  1 0.000000 0.000000 0.000000 0.000000 -0.000000 0.000000
  2 2.550859 -2.951586 76.251823 -1.583738 -0.159522 1.852063
  3 4.222169 -0.467508 0.000000 -0.051205 -0.003764 -0.270595
  4 4.476987 -0.000002 -0.000000 0.167124 -0.062807 0.211066
  5 4.477083 0.000000 0.000002 0.216539 0.028676 -0.028924
  6 4.477077 -0.000004 -0.000002 0.205399 -0.012117 0.026831
  7 5.413502 -7.700466 -0.000000 0.004147 0.200988 -0.461845
  8 6.890240 0.000002 -0.000000 0.095481 -0.066421 -0.150403
  9 8.011925 0.000004 0.000005 0.004125 -0.036248 0.352750
 10 7.210720 -0.000002 -0.000000 -0.029839 0.048127 0.073640
 11 8.581028 -0.304903 -0.000000 0.048756 -0.078723 1.083758
 12 22.523008 2.194031 6.355708 0.000000 -0.102349 0.000000
 13 22.523005 2.194038 -6.355709 0.000000 -0.000000 0.000000
 14 -3.006533 7.804720 -11.355459 0.028345 -0.251432 1.749843
 15 10.384675 0.000008 0.000005 -0.067434 0.127223 -1.881531
 16 22.550743 -0.000006 -0.000004 0.124449 0.039307 1.759856
 17 30.814247 -0.000015 -0.000004 2.602773 0.008155 0.009274
 18 -3.013796 7.815494 11.355459 -0.180932 -0.153765 1.536803
 19 10.374533 -0.000002 0.000007 -0.803151 0.141388 -1.916397
 20 22.550726 -0.000027 -0.000013 0.157518 -0.054908 1.818570
 21 30.814270 -0.000023 0.000002 -2.319380 0.081380 0.767896
 22 -4.250660 -0.770624 0.000001 0.002936 -0.248000 -2.984418
 23 10.363422 0.000000 0.000000 -0.105333 0.064637 0.017259
 24 10.363076 0.000000 -0.000000 -0.123525 0.036634 0.205627
 25 10.363081 -0.000004 -0.000002 -0.006338 -0.075844 -0.001229
 26 8.210358 -0.000006 -7.703991 0.000000 0.000000 -0.000000
 27 8.210346 -0.000002 7.704017 0.000000 0.000000 -0.000000
 28 1.854841 1.227791 -13.762345 2.784458 0.203847 2.601966
 29 10.456543 -0.000004 0.000004 0.038385 -0.007867 -1.488388
 30 24.248093 0.000001 0.000007 0.106908 0.074622 1.053129
 31 26.336971 0.000019 0.000002 0.255712 -0.219998 0.620460
 32 1.854847 1.227798 13.762341 -2.724665 -0.048924 2.497559
 33 10.456542 -0.000008 0.000004 0.099518 -0.094083 -1.187736
 34 24.248116 0.000002 -0.000004 -0.027829 -0.033390 0.926786
 35 26.336975 0.000000 0.000004 0.047984 0.002704 1.037841
time 125
  0 0.000000 0.000000 0.000000 0.000000 -0.000000 -1.570796
  1 0.000000 0.000000 0.000000 0.000000 -0.000000 0.000000
  2 2.640706 -2.951586 76.658081 -1.325007 -0.253741 1.851296
  3 4.222169 -0.467508 0.000000 -0.043224 -0.003523 -0.270488
  4 4.476987 -0.000002 -0.000000 0.033723 -0.062957 0.212153
  5 4.477083 0.000000 0.000002 0.204543 0.029677 -0.030569
  6 4.477077 -0.000004 -0.000002 0.193031 0.135121 0.025195
  7 5.413502 -7.700466 -0.000000 0.005131 0.214972 -0.462094
  8 6.890240 0.000002 -0.000000 0.023837 0.104128 -0.150891
  9 8.011925 0.000004 0.000005 0.003536 -0.036280 0.353087
 10 7.210720 -0.000002 -0.000000 -0.033381 0.048481 0.073640
 11 8.581028 -0.304903 -0.000000 0.006044 -0.097075 1.046150
 12 22.523008 2.194031 6.355708 0.000000 -0.132259 0.000000
 13 22.523005 2.194038 -6.355709 0.000000 -0.000000 0.000000
 14 -3.006533 7.804720 -11.355459 0.027857 -0.164308 1.784179
 15 10.384675 0.000008 0.000005 -0.082001 0.125908 -1.892417
 16 22.550743 -0.000006 -0.000004 0.073225 -0.035681 1.804590
 17 30.814247 -0.000015 -0.000004 2.552018 0.008218 -0.121976
 18 -3.013796 7.815494 11.355459 -0.181950 -0.145731 1.983286
 19 10.374533 -0.000002 0.000007 -0.928534 0.055441 -1.758909
 20 22.550726 -0.000027 -0.000013 0.180008 -0.072223 1.818570
 21 30.814270 -0.000023 0.000002 -2.406625 0.082163 0.799887
 22 -4.250660 -0.770624 0.000001 0.003991 -0.248064 -2.984572
 23 10.363422 0.000000 0.000000 -0.106411 0.064529 0.020428
 24 10.363076 0.000000 -0.000000 -0.123837 0.036801 -0.001626
 25 10.363081 -0.000004 -0.000002 -0.006547 -0.075844 -0.001229
 26 8.210358 -0.000006 -7.703991 0.000000 0.000000 -0.000000
 27 8.210346 -0.000002 7.704017 0.000000 0.000000 -0.000000
 28 1.854841 1.227791 -13.762345 2.701963 0.202490 2.487684
 29 10.456543 -0.000004 0.000004 0.038228 -0.007867 -1.488388
 30 24.248093 0.000001 0.000007 0.106908 0.074622 1.053129
 31 26.336971 0.000019 0.000002 0.251405 -0.219998 0.620460
 32 1.854847 1.227798 13.762341 -2.724699 -0.050183 2.497171
 33 10.456542 -0.000008 0.000004 0.041050 -0.093526 -1.187499
 34 24.248116 0.000002 -0.000004 -0.028295 -0.033390 0.926786
 35 26.336975 0.000000 0.000004 0.047984 0.002176 1.037898
time 126
  0 0.000000 0.000000 0.000000 0.000000 -0.000000 -1.570796
  1 0.000000 0.000000 0.000000 0.000000 -0.000000 0.000000
  2 2.621174 -2.951586 76.435417 -1.325007 -0.261559 1.817648
  3 4.222169 -0.467508 0.000000 -0.027716 -0.003041 -0.270703
  4 4.476987 -0.000002 -0.000000 0.011492 -0.063042 0.212841
  5 4.477083 0.000000 0.000002 0.192175 0.156240 -0.032126
  6 4.477077 -0.000004 -0.000002 0.180411 -0.014034 0.100164
  7 5.413502 -7.700466 -0.000000 0.006181 0.222465 -0.462374
  8 6.890240 0.000002 -0.000000 0.018588 -0.027002 0.185403
  9 8.011925 0.000004 0.000005 0.003025 -0.036312 0.353295
 10 7.210720 -0.000002 -0.000000 0.218704 0.048481 0.073640
 11 8.581028 -0.304903 -0.000000 0.001543 -0.118278 0.948606
 12 22.523008 2.194031 6.355708 0.000000 -0.162017 0.000000
 13 22.523005 2.194038 -6.355709 0.000000 -0.000000 0.000000
 14 -3.006533 7.804720 -11.355459 0.540611 -0.068421 1.795030
 15 10.384675 0.000008 0.000005 -0.096904 0.124592 -1.888862
 16 22.550743 -0.000006 -0.000004 0.259155 -0.114284 1.857435
 17 30.814247 -0.000015 -0.000004 2.501001 0.008249 -0.175371
 18 -3.013796 7.815494 11.355459 -0.183478 -0.136651 1.537544
 19 10.374533 -0.000002 0.000007 -1.064095 -0.038047 -1.621542
 20 22.550726 -0.000027 -0.000013 0.194001 -0.088006 1.818570
 21 30.814270 -0.000023 0.000002 -2.508779 0.083118 0.828030
 22 -4.250660 -0.770624 0.000001 0.007347 -0.248177 -2.984802
 23 10.363422 0.000000 0.000000 -0.097770 0.064373 0.023993
 24 10.363076 0.000000 -0.000000 -0.089405 0.037413 -0.000465
 25 10.363081 -0.000004 -0.000002 -0.006756 -0.075844 -0.001229
 26 8.210358 -0.000006 -7.703991 0.000000 0.000000 -0.000000
 27 8.210346 -0.000002 7.704017 0.000000 0.000000 -0.000000
 28 1.854841 1.227791 -13.762345 2.693345 0.178237 2.475764
 29 10.456543 -0.000004 0.000004 0.038140 -0.007867 -1.488388
 30 24.248093 0.000001 0.000007 0.106908 0.074622 1.053129
 31 26.336971 0.000019 0.000002 0.247403 -0.219998 0.620460
 32 1.854847 1.227798 13.762341 -2.724362 -0.050675 2.496827
 33 10.456542 -0.000008 0.000004 -0.053841 -0.092664 -1.187499
 34 24.248116 0.000002 -0.000004 -0.028761 -0.033390 0.926786
 35 26.336975 0.000000 0.000004 -0.303185 0.040612 0.965274
time 127
  0 0.000000 0.000000 0.000000 0.000000 -0.000000 -1.570796
  1 0.000000 0.000000 0.000000 0.000000 -0.000000 0.000000
  2 2.375072 -2.951586 75.783058 -1.325007 -0.259007 1.733191
  3 4.222169 -0.467508 0.000000 -0.008588 -0.002392 -0.271055
  4 4.476987 -0.000002 -0.000000 0.009167 -0.063128 0.213352
  5 4.477083 0.000000 0.000002 0.179555 0.028030 0.039226
  6 4.477077 -0.000004 -0.000002 0.167575 -0.013771 -0.038498
  7 5.413502 -7.700466 -0.000000 0.007270 0.225388 -0.462685
  8 6.890240 0.000002 -0.000000 0.008317 -0.019618 -0.209349
  9 8.011925 0.000004 0.000005 0.104342 -0.036328 0.353373
 10 7.210720 -0.000002 -0.000000 0.026930 0.048481 0.073640
 11 8.581028 -0.304903 -0.000000 0.003012 -0.112764 0.835850
 12 22.523008 2.194031 6.355708 0.000000 -0.191561 0.000000
 13 22.523005 2.194038 -6.355709 0.000000 -0.000000 0.000000
 14 -3.006533 7.804720 -11.355459 -0.026349 0.343318 1.805125
 15 10.384675 0.000008 0.000005 -0.133322 0.123192 -1.885308
 16 22.550743 -0.000006 -0.000004 0.145208 0.095899 1.936309
 17 30.814247 -0.000015 -0.000004 2.455444 0.008594 -0.130678
 18 -3.013796 7.815494 11.355459 -0.185514 -0.126674 1.539995
 19 10.374533 -0.000002 0.000007 -1.190287 -0.130838 -1.544248
 20 22.550726 -0.000027 -0.000013 0.162911 -0.088006 1.818570
 21 30.814270 -0.000023 0.000002 -2.621036 0.084170 0.852574
 22 -4.250660 -0.770624 0.000001 0.013519 -0.248369 -2.985186
 23 10.363422 0.000000 0.000000 -0.074352 0.064134 0.027998
 24 10.363076 0.000000 -0.000000 -0.052996 0.038419 0.000645
 25 10.363081 -0.000004 -0.000002 -0.006966 -0.075844 -0.001229
 26 8.210358 -0.000006 -7.703991 0.000000 0.000000 -0.000000
 27 8.210346 -0.000002 7.704017 0.000000 0.000000 -0.000000
 28 1.854841 1.227791 -13.762345 2.696159 0.019152 2.479656
 29 10.456543 -0.000004 0.000004 0.038088 -0.007867 -1.488388
 30 24.248093 0.000001 0.000007 0.106908 0.074622 1.053129
 31 26.336971 0.000019 0.000002 0.245315 -0.219998 0.620460
 32 1.854847 1.227798 13.762341 -2.723349 -0.046626 2.496525
 33 10.456542 -0.000008 0.000004 -0.062794 -0.091801 -1.187499
 34 24.248116 0.000002 -0.000004 -0.029215 -0.033390 0.926786
 35 26.336975 0.000000 0.000004 -0.304729 0.040674 0.974712
time 128
  0 0.000000 0.000000 0.000000 0.000000 -0.000000 -1.570796
  1 0.000000 0.000000 0.000000 0.000000 -0.000000 0.000000
  2 1.796930 -2.951586 74.900215 -1.325007 -0.259007 1.579329
  3 4.222169 -0.467508 0.000000 0.008909 -0.001799 -0.271362
  4 4.476987 -0.000002 -0.000000 0.009934 -0.063192 0.213752
  5 4.477083 0.000000 0.000002 0.166719 0.028256 -0.092746
  6 4.477077 -0.000004 -0.000002 0.154548 -0.013452 -0.034309
  7 5.413502 -7.700466 -0.000000 0.008400 0.227477 -0.463058
  8 6.890240 0.000002 -0.000000 -0.006556 -0.005816 -0.203531
  9 8.011925 0.000004 0.000005 -0.038334 0.127277 0.353399
 10 7.210720 -0.000002 -0.000000 0.029126 0.048481 0.073640
 11 8.581028 -0.304903 -0.000000 0.004482 -0.098936 0.820954
 12 22.523008 2.194031 6.355708 0.000000 -0.220738 0.000000
 13 22.523005 2.194038 -6.355709 0.000000 -0.000000 0.000000
 14 -3.006533 7.804720 -11.355459 -0.029713 0.277498 1.906555
 15 10.384675 0.000008 0.000005 -0.169889 0.115999 -1.450268
 16 22.550743 -0.000006 -0.000004 0.144632 0.042406 2.017907
 17 30.814247 -0.000015 -0.000004 2.419452 0.009472 -0.006662
 18 -3.013796 7.815494 11.355459 -0.188671 -0.115838 1.544954
 19 10.374533 -0.000002 0.000007 -1.224261 -0.218645 -1.521286
 20 22.550726 -0.000027 -0.000013 0.121730 -0.088006 1.818570
 21 30.814270 -0.000023 0.000002 -2.739187 0.085271 0.856311
 22 -4.250660 -0.770624 0.000001 0.025575 -0.248658 -2.985852
 23 10.363422 0.000000 0.000000 -0.040556 0.063774 0.032532
 24 10.363076 0.000000 -0.000000 -0.017066 0.039798 0.001781
 25 10.363081 -0.000004 -0.000002 -0.007163 -0.075844 -0.001229
 26 8.210358 -0.000006 -7.703991 0.000000 0.000000 -0.000000
 27 8.210346 -0.000002 7.704017 0.000000 0.000000 -0.000000
 28 1.854841 1.227791 -13.762345 2.698973 0.023272 2.483548
 29 10.456543 -0.000004 0.000004 0.038123 -0.007867 -1.488388
 30 24.248093 0.000001 0.000007 0.106908 0.074622 1.053129
 31 26.336971 0.000019 0.000002 0.260063 -0.219998 0.620460
 32 1.854847 1.227798 13.762341 -2.721829 -0.034778 2.496267
 33 10.456542 -0.000008 0.000004 -0.060624 -0.090938 -1.187499
 34 24.248116 0.000002 -0.000004 -0.029551 -0.033390 0.926786
 35 26.336975 0.000000 0.000004 -0.306273 0.040798 0.984094
time 129
  0 0.000000 0.000000 0.000000 0.000000 -0.000000 -1.570796
  1 0.000000 0.000000 0.000000 0.000000 -0.000000 0.000000
  2 0.769555 -2.951586 73.986122 -1.325007 -0.259007 1.347336
  3 4.222169 -0.467508 0.000000 0.020786 -0.001372 -0.271454
  4 4.476987 -0.000002 -0.000000 0.010677 -0.063235 0.214040
  5 4.477083 0.000000 0.000002 0.153692 0.028530 -0.088759
  6 4.477077 -0.000004 -0.000002 0.141389 -0.013076 -0.030120
  7 5.413502 -7.700466 -0.000000 -0.029919 0.228854 -0.463058
  8 6.890240 0.000002 -0.000000 -0.023070 0.014468 -0.192221
  9 8.011925 0.000004 0.000005 -0.030214 -0.181849 0.053445
 10 7.210720 -0.000002 -0.000000 0.031294 0.048481 0.073640
 11 8.581028 -0.304903 -0.000000 0.184356 -0.084459 0.824038
 12 22.523008 2.194031 6.355708 0.000000 -0.249487 0.000000
 13 22.523005 2.194038 -6.355709 0.000000 -0.000000 0.000000
 14 -3.006533 7.804720 -11.355459 -0.033077 0.270573 2.042940
 15 10.384675 0.000008 0.000005 -0.206269 0.108786 -1.929517
 16 22.550743 -0.000006 -0.000004 0.143928 0.036781 2.101079
 17 30.814247 -0.000015 -0.000004 2.391978 0.249533 0.167383
 18 -3.013796 7.815494 11.355459 -0.215196 -0.105076 1.552193
 19 10.374533 -0.000002 0.000007 -1.236530 -0.276552 -1.517053
 20 22.550726 -0.000027 -0.000013 0.075013 -0.088006 1.818570
 21 30.814270 -0.000023 0.000002 -2.859022 0.086396 0.858013
 22 -4.250660 -0.770624 0.000001 0.045050 -0.249059 -2.986902
 23 10.363422 0.000000 0.000000 -0.000527 0.063295 0.037681
 24 10.363076 0.000000 -0.000000 0.017593 0.041475 -0.005910
 25 10.363081 -0.000004 -0.000002 -0.007360 -0.075844 -0.001229
 26 8.210358 -0.000006 -7.703991 0.000000 0.000000 -0.000000
 27 8.210346 -0.000002 7.704017 0.000000 0.000000 -0.000000
 28 1.854841 1.227791 -13.762345 3.043418 0.027589 2.959955
 29 10.456543 -0.000004 0.000004 0.038297 -0.007867 -1.488388
 30 24.248093 0.000001 0.000007 0.106908 0.074622 1.053129
 31 26.336971 0.000019 0.000002 0.275768 -0.219998 0.620460
 32 1.854847 1.227798 13.762341 -2.720073 -0.017923 2.496051
 33 10.456542 -0.000008 0.000004 -0.058453 -0.090048 -1.187499
 34 24.248116 0.000002 -0.000004 -0.029266 -0.033390 0.926786
 35 26.336975 0.000000 0.000004 -0.307817 0.040984 0.993419
time 130
  0 0.000000 0.000000 0.000000 0.000000 -0.000000 -1.570796
  1 0.000000 0.000000 0.000000 0.000000 -0.000000 0.000000
  2 -0.757836 -2.951586 73.255638 -1.325007 -0.259007 1.157908
  3 4.222169 -0.467508 0.000000 0.027114 -0.001131 -0.271347
  4 4.476987 -0.000002 -0.000000 0.104576 -0.063278 0.214218
  5 4.477083 0.000000 0.000002 0.140533 0.028853 -0.084772
  6 4.477077 -0.000004 -0.000002 0.128122 -0.012738 -0.025962
  7 5.413502 -7.700466 -0.000000 -0.030012 0.229686 -0.463058
  8 6.890240 0.000002 -0.000000 -0.045997 0.038047 -0.176490
  9 8.011925 0.000004 0.000005 -0.022854 -0.173111 0.005243
 10 7.210720 -0.000002 -0.000000 0.033490 0.048481 0.073640
 11 8.581028 -0.304903 -0.000000 0.047080 0.138314 0.823302
 12 22.523008 2.194031 6.355708 0.000000 -0.277687 0.000000
 13 22.523005 2.194038 -6.355709 0.000000 -0.000000 0.000000
 14 -3.006533 7.804720 -11.355459 -0.036441 0.272834 2.015677
 15 10.384675 0.000008 0.000005 -0.242388 0.101636 -1.912411
 16 22.550743 -0.000006 -0.000004 0.139818 0.038618 2.181285
 17 30.814247 -0.000015 -0.000004 2.376428 -0.000215 0.817296
 18 -3.013796 7.815494 11.355459 -0.240755 -0.117743 1.561370
 19 10.374533 -0.000002 0.000007 -1.221700 -0.337714 -1.564021
 20 22.550726 -0.000027 -0.000013 0.022168 -0.088006 1.818570
 21 30.814270 -0.000023 0.000002 -2.976295 0.087522 0.858989
 22 -4.250660 -0.770624 0.000001 0.069175 -0.249589 -2.988387
 23 10.363422 0.000000 0.000000 0.041515 0.062707 0.043579
 24 10.363076 0.000000 -0.000000 0.050156 0.043429 -0.006040
 25 10.363081 -0.000004 -0.000002 -0.007532 -0.075844 -0.001229
 26 8.210358 -0.000006 -7.703991 0.000000 0.000000 -0.000000
 27 8.210346 -0.000002 7.704017 0.000000 0.000000 -0.000000
 28 1.854841 1.227791 -13.762345 2.685341 0.032030 2.430878
 29 10.456543 -0.000004 0.000004 0.038717 -0.007867 -1.488388
 30 24.248093 0.000001 0.000007 0.106908 0.074622 1.053129
 31 26.336971 0.000019 0.000002 0.290559 -0.219998 0.620460
 32 1.854847 1.227798 13.762341 -2.718217 0.001367 2.495879
 33 10.456542 -0.000008 0.000004 -0.056486 -0.089185 -1.187499
 34 24.248116 0.000002 -0.000004 -0.028865 -0.033390 0.926786
 35 26.336975 0.000000 0.000004 -0.309318 0.041232 1.003027
time 131
  0 0.000000 0.000000 0.000000 0.000000 -0.000000 -1.570796
  1 0.000000 0.000000 0.000000 0.000000 -0.000000 0.000000
  2 -1.996155 -2.951586 72.919685 -1.325007 -0.259007 1.135476
  3 4.222169 -0.467508 0.000000 0.029307 -0.001057 -0.271086
  4 4.476987 -0.000002 -0.000000 0.009131 -0.063299 0.214284
  5 4.477083 0.000000 0.000002 0.127266 0.029144 -0.080815
  6 4.477077 -0.000004 -0.000002 0.114807 -0.012193 -0.023159
  7 5.413502 -7.700466 -0.000000 -0.030065 0.230213 -0.463058
  8 6.890240 0.000002 -0.000000 -0.068384 0.067428 -0.159851
  9 8.011925 0.000004 0.000005 -0.016973 -0.162599 0.000156
 10 7.210720 -0.000002 -0.000000 0.035687 0.048481 0.073640
 11 8.581028 -0.304903 -0.000000 0.037021 -0.032970 1.329809
 12 22.523008 2.194031 6.355708 0.000000 -0.305092 0.000000
 13 22.523005 2.194038 -6.355709 0.000000 -0.000000 0.000000
 14 -3.006533 7.804720 -11.355459 -0.040022 0.275095 1.953871
 15 10.384675 0.000008 0.000005 -0.278058 0.094571 -1.895471
 16 22.550743 -0.000006 -0.000004 0.133037 0.040455 2.213005
 17 30.814247 -0.000015 -0.000004 2.375773 0.000757 0.020161
 18 -3.013796 7.815494 11.355459 -0.222375 -0.127160 1.572200
 19 10.374533 -0.000002 0.000007 -1.222711 -0.402764 -1.630878
 20 22.550726 -0.000027 -0.000013 -0.035314 -0.088006 1.818570
 21 30.814270 -0.000023 0.000002 -3.086729 0.088623 0.858849
 22 -4.250660 -0.770624 0.000001 0.095289 -0.250279 -2.990461
 23 10.363422 0.000000 0.000000 0.081363 0.062060 0.051919
 24 10.363076 0.000000 -0.000000 0.080357 0.045586 -0.006169
 25 10.363081 -0.000004 -0.000002 -0.007692 -0.075844 -0.001229
 26 8.210358 -0.000006 -7.703991 0.000000 0.000000 -0.000000
 27 8.210346 -0.000002 7.704017 0.000000 0.000000 -0.000000
 28 1.854841 1.227791 -13.762345 2.685297 0.036595 2.431243
 29 10.456543 -0.000004 0.000004 0.039258 -0.007867 -1.488388
 30 24.248093 0.000001 0.000007 0.106908 0.074622 1.053129
 31 26.336971 0.000019 0.000002 0.304219 -0.219998 0.620460
 32 1.854847 1.227798 13.762341 -2.716562 0.020767 2.495749
 33 10.456542 -0.000008 0.000004 -0.063201 -0.088183 -1.187499
 34 24.248116 0.000002 -0.000004 -0.028463 -0.033390 0.926786
 35 26.336975 0.000000 0.000004 -0.310433 0.041449 1.010261
time 132
  0 0.000000 0.000000 0.000000 0.000000 -0.000000 -1.570796
  1 0.000000 0.000000 0.000000 0.000000 -0.000000 0.000000
  2 -2.156316 -2.951586 72.845467 -1.325007 -0.259007 1.191652
  3 4.222169 -0.467508 0.000000 0.028660 -0.001113 -0.270703
  4 4.476987 -0.000002 -0.000000 0.017736 0.156042 0.214306
  5 4.477083 0.000000 0.000002 0.113951 0.029613 -0.078147
  6 4.477077 -0.000004 -0.000002 0.101540 -0.011478 -0.020324
  7 5.413502 -7.700466 -0.000000 -0.030119 0.230604 -0.463058
  8 6.890240 0.000002 -0.000000 -0.089825 0.098103 -0.139535
  9 8.011925 0.000004 0.000005 -0.013084 -0.148828 0.001817
 10 7.210720 -0.000002 -0.000000 0.037855 0.048481 0.073640
 11 8.581028 -0.304903 -0.000000 0.017342 -0.023324 0.735257
 12 22.523008 2.194031 6.355708 0.000000 -0.331886 0.000000
 13 22.523005 2.194038 -6.355709 0.000000 -0.000000 0.000000
 14 -3.006533 7.804720 -11.355459 -0.058416 0.551837 1.889044
 15 10.384675 0.000008 0.000005 -0.313206 0.087612 -1.842820
 16 22.550743 -0.000006 -0.000004 0.122610 0.265245 2.218150
 17 30.814247 -0.000015 -0.000004 2.422684 0.003986 0.026321
 18 -3.013796 7.815494 11.355459 -0.187194 -0.035424 1.584854
 19 10.374533 -0.000002 0.000007 -1.225272 -0.422930 -1.735541
 20 22.550726 -0.000027 -0.000013 -0.092366 -0.088006 1.818570
 21 30.814270 -0.000023 0.000002 -2.348952 0.089650 0.857455
 22 -4.250660 -0.770624 0.000001 0.120721 -0.251081 -2.993176
 23 10.363422 0.000000 0.000000 0.114788 0.061389 0.063516
 24 10.363076 0.000000 -0.000000 0.107118 0.047911 -0.006272
 25 10.363081 -0.000004 -0.000002 -0.007827 -0.075844 -0.001229
 26 8.210358 -0.000006 -7.703991 0.000000 0.000000 -0.000000
 27 8.210346 -0.000002 7.704017 0.000000 0.000000 -0.000000
 28 1.854841 1.227791 -13.762345 2.685209 0.041233 2.431730
 29 10.456543 -0.000004 0.000004 0.039870 -0.007867 -1.488388
 30 24.248093 0.000001 0.000007 0.106908 0.074622 1.053129
 31 26.336971 0.000019 0.000002 0.316400 -0.219998 0.620460
 32 1.854847 1.227798 13.762341 -2.715380 0.037567 2.495707
 33 10.456542 -0.000008 0.000004 -0.054316 -0.087543 -1.187499
 34 24.248116 0.000002 -0.000004 -0.028062 -0.033390 0.926786
 35 26.336975 0.000000 0.000004 -0.309489 0.041263 1.004157
time 133
  0 0.000000 0.000000 0.000000 0.000000 -0.000000 -1.570796
  1 0.000000 0.000000 0.000000 0.000000 -0.000000 0.000000
  2 -1.789117 -2.951586 72.646240 -1.325007 -0.518250 1.252430
  3 4.222169 -0.467508 0.000000 0.009113 0.238896 -0.169409
  4 4.476987 -0.000002 -0.000000 0.018838 -0.258395 -0.042207
  5 4.477083 0.000000 0.000002 0.100684 0.030226 -0.075449
  6 4.477077 -0.000004 -0.000002 0.088237 -0.010558 -0.017521
  7 5.413502 -7.700466 -0.000000 -0.030158 0.230910 -0.463058
  8 6.890240 0.000002 -0.000000 -0.106639 0.128817 -0.121663
  9 8.011925 0.000004 0.000005 -0.010936 -0.130728 0.003478
 10 7.210720 -0.000002 -0.000000 0.040024 0.048481 0.073640
 11 8.581028 -0.304903 -0.000000 -0.011156 -0.005296 0.744019
 12 22.523008 2.194031 6.355708 0.000000 -0.356236 0.000000
 13 22.523005 2.194038 -6.355709 0.000000 -0.000000 0.000000
 14 -3.006533 7.804720 -11.355459 -0.076864 0.246972 2.057980
 15 10.384675 0.000008 0.000005 -0.347681 0.080759 -1.781116
 16 22.550743 -0.000006 -0.000004 0.108169 0.009748 2.210825
 17 30.814247 -0.000015 -0.000004 2.662090 0.009910 0.035703
 18 -3.013796 7.815494 11.355459 -0.157971 0.081498 1.623558
 19 10.374533 -0.000002 0.000007 -1.225677 -0.439442 -1.887637
 20 22.550726 -0.000027 -0.000013 -0.146355 -0.088006 1.818570
 21 30.814270 -0.000023 0.000002 -2.380209 -0.032417 0.855475
 22 -4.250660 -0.770624 0.000001 0.142796 -0.251948 -2.996683
 23 10.363422 0.000000 0.000000 0.137619 0.060778 0.077314
 24 10.363076 0.000000 -0.000000 0.105884 0.050344 -0.006349
 25 10.363081 -0.000004 -0.000002 -0.007938 -0.075844 -0.001229
 26 8.210358 -0.000006 -7.703991 0.000000 0.000000 -0.000000
 27 8.210346 -0.000002 7.704017 0.000000 0.000000 -0.000000
 28 1.854841 1.227791 -13.762345 2.685077 0.045945 2.432338
 29 10.456543 -0.000004 0.000004 0.040464 -0.007867 -1.488388
 30 24.248093 0.000001 0.000007 0.106908 0.074622 1.053129
 31 26.336971 0.000019 0.000002 0.326580 -0.219998 0.620460
 32 1.854847 1.227798 13.762341 -2.715009 0.049306 2.496180
 33 10.456542 -0.000008 0.000004 0.206991 -0.088016 -1.187499
 34 24.248116 0.000002 -0.000004 -0.027647 -0.033390 0.926786
 35 26.336975 0.000000 0.000004 -0.308160 0.041046 0.995736
time 134
  0 0.000000 0.000000 0.000000 0.000000 -0.000000 -1.570796
  1 0.000000 0.000000 0.000000 0.000000 -0.000000 0.000000
  2 -1.375042 -2.951586 72.400139 -1.325007 -0.517253 1.323082
  3 4.222169 -0.467508 0.000000 0.009125 0.239471 -0.172414
  4 4.476987 -0.000002 -0.000000 -0.011818 -0.246680 -0.083427
  5 4.477083 0.000000 0.000002 0.087381 0.031018 -0.072781
  6 4.477077 -0.000004 -0.000002 0.075078 -0.009430 -0.014749
  7 5.413502 -7.700466 -0.000000 -0.030185 0.231131 -0.463058
  8 6.890240 0.000002 -0.000000 -0.113242 0.155414 -0.106443
  9 8.011925 0.000004 0.000005 -0.010058 -0.108969 0.206796
 10 7.210720 -0.000002 -0.000000 0.042165 0.048481 0.073640
 11 8.581028 -0.304903 -0.000000 -0.042800 0.021200 0.761054
 12 22.523008 2.194031 6.355708 0.000000 -0.376400 0.000000
 13 22.523005 2.194038 -6.355709 0.000000 -0.000000 0.000000
 14 -3.006533 7.804720 -11.355459 -0.095150 0.257854 1.850518
 15 10.384675 0.000008 0.000005 -0.381185 0.074033 -1.708304
 16 22.550743 -0.000006 -0.000004 0.090033 0.023408 2.214881
 17 30.814247 -0.000015 -0.000004 2.662002 0.017747 0.057907
 18 -3.013796 7.815494 11.355459 -0.128441 0.167555 1.664769
 19 10.374533 -0.000002 0.000007 -1.229721 -0.452166 -2.041240
 20 22.550726 -0.000027 -0.000013 -0.181960 -0.088006 1.818570
 21 30.814270 -0.000023 0.000002 -2.380174 -0.078195 0.853969
 22 -4.250660 -0.770624 0.000001 0.158880 -0.252782 -3.001446
 23 10.363422 0.000000 0.000000 0.146763 0.060335 0.106318
 24 10.363076 0.000000 -0.000000 0.100287 0.052837 -0.006427
 25 10.363081 -0.000004 -0.000002 -0.008000 -0.075844 -0.001229
 26 8.210358 -0.000006 -7.703991 0.000000 0.000000 -0.000000
 27 8.210346 -0.000002 7.704017 0.000000 0.000000 -0.000000
 28 1.854841 1.227791 -13.762345 2.684901 0.050682 2.432946
 29 10.456543 -0.000004 0.000004 0.040953 -0.007867 -1.488388
 30 24.248093 0.000001 0.000007 0.106908 0.074622 1.053129
 31 26.336971 0.000019 0.000002 0.334628 -0.219998 0.620460
 32 1.854847 1.227798 13.762341 -2.715651 0.053383 2.497430
 33 10.456542 -0.000008 0.000004 -0.063099 0.132192 -1.187499
 34 24.248116 0.000002 -0.000004 -0.027246 -0.033390 0.926786
 35 26.336975 0.000000 0.000004 -0.306830 0.040860 0.987541
time 135
  0 0.000000 0.000000 0.000000 0.000000 -0.000000 -1.570796
  1 0.000000 0.000000 0.000000 0.000000 -0.000000 0.000000
  2 -0.894559 -2.951586 72.193100 -1.325007 -0.179905 1.454896
  3 4.222169 -0.467508 0.000000 0.009053 0.227292 -0.171433
  4 4.476987 -0.000002 -0.000000 -0.006437 -0.232587 -0.087778
  5 4.477083 0.000000 0.000002 0.074222 0.031987 -0.070143
  6 4.477077 -0.000004 -0.000002 0.062614 -0.008115 -0.012086
  7 5.413502 -7.700466 -0.000000 -0.030212 0.231267 -0.463058
  8 6.890240 0.000002 -0.000000 -0.107070 0.173555 -0.092853
  9 8.011925 0.000004 0.000005 -0.009954 -0.084718 0.000026
 10 7.210720 -0.000002 -0.000000 0.044306 0.048481 0.073640
 11 8.581028 -0.304903 -0.000000 -0.086729 0.051998 0.784747
 12 22.523008 2.194031 6.355708 0.000000 -0.392684 0.000000
 13 22.523005 2.194038 -6.355709 0.000000 -0.000000 0.000000
 14 -3.006533 7.804720 -11.355459 -0.113218 0.268630 1.769140
 15 10.384675 0.000008 0.000005 -0.413942 0.067498 -1.624939
 16 22.550743 -0.000006 -0.000004 0.071258 0.049322 2.191879
 17 30.814247 -0.000015 -0.000004 2.661784 0.026180 0.090424
 18 -3.013796 7.815494 11.355459 -0.099879 0.251145 1.713675
 19 10.374533 -0.000002 0.000007 -1.211318 -0.422797 -2.188001
 20 22.550726 -0.000027 -0.000013 -0.219566 -0.088006 1.818570
 21 30.814270 -0.000023 0.000002 -2.380139 -0.082990 0.852797
 22 -4.250660 -0.770624 0.000001 0.167077 -0.253408 -3.007720
 23 10.363422 0.000000 0.000000 0.143120 0.060143 0.136312
 24 10.363076 0.000000 -0.000000 0.090568 0.055330 -0.006452
 25 10.363081 -0.000004 -0.000002 -0.008037 -0.075844 -0.001229
 26 8.210358 -0.000006 -7.703991 0.000000 0.000000 -0.000000
 27 8.210346 -0.000002 7.704017 0.000000 0.000000 -0.000000
 28 1.854841 1.227791 -13.762345 2.684726 0.055420 2.433676
 29 10.456543 -0.000004 0.000004 0.041302 -0.007867 -1.488388
 30 24.248093 0.000001 0.000007 0.106908 0.074622 1.053129
 31 26.336971 0.000019 0.000002 0.337456 -0.219998 0.620460
 32 1.854847 1.227798 13.762341 -2.717237 0.047527 2.499153
 33 10.456542 -0.000008 0.000004 -0.064320 -0.053536 -1.187499
 34 24.248116 0.000002 -0.000004 -0.026779 -0.033390 0.926786
 35 26.336975 0.000000 0.000004 -0.305501 0.040736 0.979346
time 136
  0 0.000000 0.000000 0.000000 0.000000 -0.000000 -1.570796
  1 0.000000 0.000000 0.000000 0.000000 -0.000000 0.000000
  2 -0.027345 -2.951586 71.982155 -1.325007 -0.253741 1.591312
  3 4.222169 -0.467508 0.000000 0.008933 0.204694 -0.170451
  4 4.476987 -0.000002 -0.000000 -0.002878 -0.214125 -0.086357
  5 4.477083 0.000000 0.000002 0.061758 0.033118 -0.067609
  6 4.477077 -0.000004 -0.000002 0.051469 -0.006592 -0.009564
  7 5.413502 -7.700466 -0.000000 -0.030225 0.231317 -0.463058
  8 6.890240 0.000002 -0.000000 -0.089165 0.182979 -0.077540
  9 8.011925 0.000004 0.000005 -0.010268 -0.059109 -0.001246
 10 7.210720 -0.000002 -0.000000 0.046393 0.048481 0.073640
 11 8.581028 -0.304903 -0.000000 -0.129625 0.090375 0.809808
 12 22.523008 2.194031 6.355708 0.000000 -0.405149 0.000000
 13 22.523005 2.194038 -6.355709 0.000000 -0.000000 0.000000
 14 -3.006533 7.804720 -11.355459 -0.131016 0.302123 1.686183
 15 10.384675 0.000008 0.000005 -0.443711 0.061091 -1.533354
 16 22.550743 -0.000006 -0.000004 0.055905 0.078450 2.100898
 17 30.814247 -0.000015 -0.000004 2.661609 0.035208 0.123657
 18 -3.013796 7.815494 11.355459 -0.092802 0.331372 1.782303
 19 10.374533 -0.000002 0.000007 -1.001269 -0.364458 -2.253988
 20 22.550726 -0.000027 -0.000013 -0.259562 -0.088006 1.818570
 21 30.814270 -0.000023 0.000002 -2.380069 -0.081424 0.851904
 22 -4.250660 -0.770624 0.000001 0.168360 -0.253729 -3.015043
 23 10.363422 0.000000 0.000000 0.128727 0.060191 0.165668
 24 10.363076 0.000000 -0.000000 0.074520 0.057751 -0.006478
 25 10.363081 -0.000004 -0.000002 -0.008012 -0.075844 -0.001229
 26 8.210358 -0.000006 -7.703991 0.000000 0.000000 -0.000000
 27 8.210346 -0.000002 7.704017 0.000000 0.000000 -0.000000
 28 1.854841 1.227791 -13.762345 2.684506 0.060107 2.434406
 29 10.456543 -0.000004 0.000004 0.041425 -0.007867 -1.488388
 30 24.248093 0.000001 0.000007 0.106908 0.074622 1.053129
 31 26.336971 0.000019 0.000002 0.319184 -0.219998 0.620460
 32 1.854847 1.227798 13.762341 -2.466039 0.032396 2.501135
 33 10.456542 -0.000008 0.000004 -0.065541 -0.053481 -1.187499
 34 24.248116 0.000002 -0.000004 -0.026468 -0.033390 0.926786
 35 26.336975 0.000000 0.000004 -0.304129 0.040643 0.971095
time 137
  0 0.000000 0.000000 0.000000 0.000000 -0.000000 -1.570796
  1 0.000000 0.000000 0.000000 0.000000 -0.000000 0.000000
  2 0.859401 -2.951586 71.693085 -1.325007 -0.261559 1.690531
  3 4.222169 -0.467508 0.000000 0.008790 0.173995 -0.050343
  4 4.476987 -0.000002 -0.000000 -0.000912 -0.189858 -0.084937
  5 4.477083 0.000000 0.000002 0.050613 0.034426 -0.065208
  6 4.477077 -0.000004 -0.000002 0.042252 -0.004920 -0.007243
  7 5.413502 -7.700466 -0.000000 0.105893 0.231334 -0.463058
  8 6.890240 0.000002 -0.000000 -0.052960 0.184155 -0.057201
  9 8.011925 0.000004 0.000005 -0.010923 -0.033085 -0.002362
 10 7.210720 -0.000002 -0.000000 0.048479 0.048481 0.073640
 11 8.581028 -0.304903 -0.000000 -0.170707 0.130443 0.840407
 12 22.523008 2.194031 6.355708 0.000000 -0.410832 0.000000
 13 22.523005 2.194038 -6.355709 0.000000 -0.000000 0.000000
 14 -3.006533 7.804720 -11.355459 -0.148541 0.341375 1.479545
 15 10.384675 0.000008 0.000005 -0.468363 0.055235 -1.448490
 16 22.550743 -0.000006 -0.000004 0.054178 0.126577 1.955195
 17 30.814247 -0.000015 -0.000004 2.661522 0.044675 0.157499
 18 -3.013796 7.815494 11.355459 -0.105530 0.356557 1.866151
 19 10.374533 -0.000002 0.000007 -0.787916 -0.207283 -2.276834
 20 22.550726 -0.000027 -0.000013 -0.271961 -0.088006 1.818570
 21 30.814270 -0.000023 0.000002 -2.379998 -0.079858 0.851179
 22 -4.250660 -0.770624 0.000001 0.164500 -0.253745 -3.022929
 23 10.363422 0.000000 0.000000 0.105584 0.060442 0.193484
 24 10.363076 0.000000 -0.000000 0.050599 0.060100 -0.006478
 25 10.363081 -0.000004 -0.000002 -0.007889 -0.075844 -0.001229
 26 8.210358 -0.000006 -7.703991 0.000000 0.000000 -0.000000
 27 8.210346 -0.000002 7.704017 0.000000 0.000000 -0.000000
 28 1.854841 1.227791 -13.762345 2.684242 0.064770 2.435196
 29 10.456543 -0.000004 0.000004 0.041267 -0.007867 -1.488388
 30 24.248093 0.000001 0.000007 0.106908 0.074622 1.053129
 31 26.336971 0.000019 0.000002 0.663777 -0.219998 0.620460
 32 1.854847 1.227798 13.762341 -2.483664 -0.139246 2.503030
 33 10.456542 -0.000008 0.000004 -0.066762 -0.053370 -1.187499
 34 24.248116 0.000002 -0.000004 -0.026792 -0.033390 0.926786
 35 26.336975 0.000000 0.000004 -0.302799 0.040612 0.962900
time 138
  0 0.000000 0.000000 0.000000 0.000000 -0.000000 -1.570796
  1 0.000000 0.000000 0.000000 0.000000 -0.000000 0.000000
  2 1.500046 -2.951586 71.404015 -1.325007 -0.259007 1.748625
  3 4.222169 -0.467508 0.000000 0.008658 0.137624 -0.050343
  4 4.476987 -0.000002 -0.000000 -0.000109 -0.160687 0.088936
  5 4.477083 0.000000 0.000002 0.041396 0.035864 -0.062999
  6 4.477077 -0.000004 -0.000002 0.035589 -0.003078 -0.005110
  7 5.413502 -7.700466 -0.000000 -0.151297 0.034985 -0.463058
  8 6.890240 0.000002 -0.000000 -0.018900 0.171909 -0.031509
  9 8.011925 0.000004 0.000005 -0.011918 -0.006901 -0.003297
 10 7.210720 -0.000002 -0.000000 0.050510 0.048481 0.073640
 11 8.581028 -0.304903 -0.000000 -0.202925 0.170562 0.867325
 12 22.523008 2.194031 6.355708 0.000000 -0.407349 0.000000
 13 22.523005 2.194038 -6.355709 0.000000 -0.000000 0.000000
 14 -3.006533 7.804720 -11.355459 -0.165742 0.387693 1.259585
 15 10.384675 0.000008 0.000005 -0.488271 0.049783 -1.386619
 16 22.550743 -0.000006 -0.000004 0.058320 0.173038 1.887399
 17 30.814247 -0.000015 -0.000004 2.661609 0.054550 0.191700
 18 -3.013796 7.815494 11.355459 -0.149315 0.334548 1.864384
 19 10.374533 -0.000002 0.000007 -0.726708 -0.080240 -2.220009
 20 22.550726 -0.000027 -0.000013 -0.282114 -0.088006 1.818570
 21 30.814270 -0.000023 0.000002 -2.379928 0.111793 0.850510
 22 -4.250660 -0.770624 0.000001 0.157274 -0.253537 -3.030944
 23 10.363422 0.000000 0.000000 0.075779 0.060826 0.218725
 24 10.363076 0.000000 -0.000000 0.021117 0.062293 -0.006401
 25 10.363081 -0.000004 -0.000002 -0.007593 -0.075844 -0.001229
 26 8.210358 -0.000006 -7.703991 0.000000 0.000000 -0.000000
 27 8.210346 -0.000002 7.704017 0.000000 0.000000 -0.000000
 28 1.854841 1.227791 -13.762345 2.684022 0.069359 2.435987
 29 10.456543 -0.000004 0.000004 0.040778 -0.007867 -1.488388
 30 24.248093 0.000001 0.000007 0.106908 0.074622 1.053129
 31 26.336971 0.000019 0.000002 0.023664 -0.219998 0.620460
 32 1.854847 1.227798 13.762341 -2.486230 -0.190687 2.504667
 33 10.456542 -0.000008 0.000004 -0.067949 -0.053203 -1.187500
 34 24.248116 0.000002 -0.000004 -0.027246 -0.033390 0.926786
 35 26.336975 0.000000 0.000004 -0.301256 0.040643 0.954310
time 139
  0 0.000000 0.000000 0.000000 0.000000 -0.000000 -1.570796
  1 0.000000 0.000000 0.000000 0.000000 -0.000000 0.000000
  2 1.867244 -2.951586 71.161819 -1.325007 -0.256454 1.774221
  3 4.222169 -0.467508 0.000000 0.008550 0.097935 -0.050343
  4 4.476987 -0.000002 -0.000000 -0.000013 -0.128174 -0.087889
  5 4.477083 0.000000 0.000002 0.034733 0.037447 -0.060969
  6 4.477077 -0.000004 -0.000002 0.032018 -0.001086 -0.003272
  7 5.413502 -7.700466 -0.000000 -0.144027 0.003432 -0.463058
  8 6.890240 0.000002 -0.000000 0.010822 0.155610 0.001210
  9 8.011925 0.000004 0.000005 -0.013241 0.019378 -0.004049
 10 7.210720 -0.000002 -0.000000 0.052487 0.048481 0.073640
 11 8.581028 -0.304903 -0.000000 -0.215578 0.205304 0.890248
 12 22.523008 2.194031 6.355708 0.000000 -0.377316 0.000000
 13 22.523005 2.194038 -6.355709 0.000000 -0.000000 0.000000
 14 -3.006533 7.804720 -11.355459 -0.182454 0.440724 1.028499
 15 10.384675 0.000008 0.000005 -0.503510 0.043906 -1.400060
 16 22.550743 -0.000006 -0.000004 0.068843 0.216487 2.189457
 17 30.814247 -0.000015 -0.000004 2.661915 0.064738 0.226079
 18 -3.013796 7.815494 11.355459 -0.197733 0.254695 1.813711
 19 10.374533 -0.000002 0.000007 -0.731831 -0.085024 -2.102356
 20 22.550726 -0.000027 -0.000013 -0.289937 -0.088006 1.818570
 21 30.814270 -0.000023 0.000002 -2.379928 -0.079320 0.755233
 22 -4.250660 -0.770624 0.000001 0.148213 -0.253184 -3.038575
 23 10.363422 0.000000 0.000000 0.040879 0.061293 0.240929
 24 10.363076 0.000000 -0.000000 -0.008245 0.064294 -0.006194
 25 10.363081 -0.000004 -0.000002 -0.007212 -0.075844 -0.001229
 26 8.210358 -0.000006 -7.703991 0.000000 0.000000 -0.000000
 27 8.210346 -0.000002 7.704017 0.000000 0.000000 -0.000000
 28 1.854841 1.227791 -13.762345 2.683758 0.073850 2.436838
 29 10.456543 -0.000004 0.000004 0.185937 -0.007867 -1.488388
 30 24.248093 0.000001 0.000007 0.106908 0.074622 1.053129
 31 26.336971 0.000019 0.000002 0.029798 -0.219998 0.620460
 32 1.854847 1.227798 13.762341 -2.489336 -0.196049 2.505787
 33 10.456542 -0.000008 0.000004 -0.068831 -0.052980 -1.187499
 34 24.248116 0.000002 -0.000004 -0.027660 -0.033390 0.926786
 35 26.336975 0.000000 0.000004 -0.300226 0.040705 0.948375
time 140
  0 0.000000 0.000000 0.000000 0.000000 -0.000000 -1.570796
  1 0.000000 0.000000 0.000000 0.000000 -0.000000 0.000000
  2 2.019593 -2.951586 70.970406 -1.325007 0.056003 1.774892
  3 4.222169 -0.467508 0.000000 0.008478 0.057411 -0.050343
  4 4.476987 -0.000002 -0.000000 -0.000301 -0.093841 -0.088976
  5 4.477083 0.000000 0.000002 0.031162 0.039159 -0.059220
  6 4.477077 -0.000004 -0.000002 0.030615 0.001056 -0.001699
  7 5.413502 -7.700466 -0.000000 -0.135281 0.000102 -0.463058
  8 6.890240 0.000002 -0.000000 0.035331 0.137378 0.030113
  9 8.011925 0.000004 0.000005 -0.014904 0.045722 -0.004698
 10 7.210720 -0.000002 -0.000000 0.054436 0.048481 0.073640
 11 8.581028 -0.304903 -0.000000 -0.203751 0.229000 0.910717
 12 22.523008 2.194031 6.355708 0.000000 -0.335307 0.000000
 13 22.523005 2.194038 -6.355709 0.000000 -0.000000 0.000000
 14 -3.006533 7.804720 -11.355459 -0.198840 0.498983 0.797963
 15 10.384675 0.000008 0.000005 -0.510458 0.036628 -1.445435
 16 22.550743 -0.000006 -0.000004 0.075032 0.252732 2.076564
 17 30.814247 -0.000015 -0.000004 2.662439 0.075177 0.260458
 18 -3.013796 7.815494 11.355459 -0.252057 0.170133 1.758306
 19 10.374533 -0.000002 0.000007 -0.760076 -0.137449 -1.956639
 20 22.550726 -0.000027 -0.000013 -0.271880 -0.088006 1.818570
 21 30.814270 -0.000023 0.000002 -2.379963 -0.078880 0.569282
 22 -4.250660 -0.770624 0.000001 0.137775 -0.252782 -3.045181
 23 10.363422 0.000000 0.000000 0.002529 0.061809 0.260295
 24 10.363076 0.000000 -0.000000 -0.037464 0.066044 -0.005885
 25 10.363081 -0.000004 -0.000002 -0.006781 -0.075844 -0.001229
 26 8.210358 -0.000006 -7.703991 0.000000 0.000000 -0.000000
 27 8.210346 -0.000002 7.704017 0.000000 0.000000 -0.000000
 28 1.854841 1.227791 -13.762345 2.683494 0.078192 2.437629
 29 10.456543 -0.000004 0.000004 -0.015965 -0.007867 -1.488388
 30 24.248093 0.000001 0.000007 0.106908 0.074622 1.053129
 31 26.336971 0.000019 0.000002 0.036367 -0.219998 0.620460
 32 1.854847 1.227798 13.762341 -2.492847 -0.194298 2.506175
 33 10.456542 -0.000008 0.000004 -0.068085 -0.052785 -1.187499
 34 24.248116 0.000002 -0.000004 -0.028062 -0.033390 0.926786
 35 26.336975 0.000000 0.000004 -0.301298 0.040643 0.954366
time 141
  0 0.000000 0.000000 0.000000 0.000000 -0.000000 -1.570796
  1 0.000000 0.000000 0.000000 0.000000 -0.000000 0.000000
  2 2.007874 -2.951586 70.814156 -1.325007 -0.244726 2.334550
  3 4.222169 -0.467508 0.000000 0.008454 0.018463 -0.165161
  4 4.476987 -0.000002 -0.000000 -0.000900 -0.058952 -0.089931
  5 4.477083 0.000000 0.000002 0.029759 0.041001 -0.057723
  6 4.477077 -0.000004 -0.000002 0.029585 0.003311 -0.000469
  7 5.413502 -7.700466 -0.000000 -0.123824 0.001189 -0.463058
  8 6.890240 0.000002 -0.000000 0.053823 0.119158 0.053617
  9 8.011925 0.000004 0.000005 -0.016895 0.071922 -0.005217
 10 7.210720 -0.000002 -0.000000 0.056330 0.048481 0.073640
 11 8.581028 -0.304903 -0.000000 -0.169444 0.241309 0.933780
 12 22.523008 2.194031 6.355708 0.000000 -0.282300 0.000000
 13 22.523005 2.194038 -6.355709 0.000000 -0.000000 0.000000
 14 -3.006533 7.804720 -11.355459 -0.213816 0.552968 0.582329
 15 10.384675 0.000008 0.000005 -0.506200 0.024938 -1.548794
 16 22.550743 -0.000006 -0.000004 0.077463 0.278962 2.064699
 17 30.814247 -0.000015 -0.000004 2.663225 0.085710 0.294587
 18 -3.013796 7.815494 11.355459 -0.310200 0.080414 1.694580
 19 10.374533 -0.000002 0.000007 -0.825666 -0.197980 -1.956639
 20 22.550726 -0.000027 -0.000013 -0.236010 -0.088006 1.818570
 21 30.814270 -0.000023 0.000002 -2.380069 -0.076237 0.547833
 22 -4.250660 -0.770624 0.000001 0.126282 -0.252333 -3.050200
 23 10.363422 0.000000 0.000000 -0.037835 0.062348 0.263243
 24 10.363076 0.000000 -0.000000 -0.066263 0.067518 -0.005549
 25 10.363081 -0.000004 -0.000002 -0.006362 -0.075844 -0.001229
 26 8.210358 -0.000006 -7.703991 0.000000 0.000000 -0.000000
 27 8.210346 -0.000002 7.704017 0.000000 0.000000 -0.000000
 28 1.854841 1.227791 -13.762345 2.683231 0.082386 2.438420
 29 10.456543 -0.000004 0.000004 -0.016524 -0.007867 -1.488388
 30 24.248093 0.000001 0.000007 0.106908 0.074622 1.053129
 31 26.336971 0.000019 0.000002 0.043371 -0.219998 0.620460
 32 1.854847 1.227798 13.762341 -2.496730 -0.192547 2.505615
 33 10.456542 -0.000008 0.000004 -0.067033 -0.052952 -1.187499
 34 24.248116 0.000002 -0.000004 -0.028463 -0.033390 0.926786
 35 26.336975 0.000000 0.000004 -0.302799 0.040612 0.962957
time 142
  0 0.000000 0.000000 0.000000 0.000000 -0.000000 -1.570796
  1 0.000000 0.000000 0.000000 0.000000 -0.000000 0.000000
  2 31.122044 -2.951586 70.696960 -1.325007 -0.242692 1.574631
  3 4.222169 -0.467508 0.000000 0.008454 -0.016443 -0.023800
  4 4.476987 -0.000002 -0.000000 -0.001811 -0.023848 -0.090730
  5 4.477083 0.000000 0.000002 0.028729 0.042939 -0.056552
  6 4.477077 -0.000004 -0.000002 0.028890 0.005698 0.000497
  7 5.413502 -7.700466 -0.000000 -0.108764 0.002277 -0.463058
  8 6.890240 0.000002 -0.000000 0.062488 0.101932 0.071676
  9 8.011925 0.000004 0.000005 -0.019174 0.098202 -0.005633
 10 7.210720 -0.000002 -0.000000 0.058169 0.048481 0.073640
 11 8.581028 -0.304903 -0.000000 -0.100071 0.242845 0.964413
 12 22.523008 2.194031 6.355708 0.000000 -0.226176 0.000000
 13 22.523005 2.194038 -6.355709 0.000000 -0.000000 0.000000
 14 -3.006533 7.804720 -11.355459 -0.227761 0.592326 0.419848
 15 10.384675 0.000008 0.000005 -0.469483 0.011190 -1.645433
 16 22.550743 -0.000006 -0.000004 0.077319 0.295664 2.068574
 17 30.814247 -0.000015 -0.000004 2.664404 0.096242 0.328286
 18 -3.013796 7.815494 11.355459 -0.349504 -0.009640 1.631595
 19 10.374533 -0.000002 0.000007 0.550980 -0.271967 -1.956639
 20 22.550726 -0.000027 -0.000013 -0.139369 -0.088006 1.818570
 21 30.814270 -0.000023 0.000002 -2.380279 -0.073032 0.516037
 22 -4.250660 -0.770624 0.000001 0.114021 -0.251852 -3.053119
 23 10.363422 0.000000 0.000000 -0.078775 0.062899 0.264586
 24 10.363076 0.000000 -0.000000 -0.094415 0.068633 -0.005214
 25 10.363081 -0.000004 -0.000002 -0.006018 -0.075844 -0.001229
 26 8.210358 -0.000006 -7.703991 0.000000 0.000000 -0.000000
 27 8.210346 -0.000002 7.704017 0.000000 0.000000 -0.000000
 28 1.854841 1.227791 -13.762345 2.683011 0.086408 2.439210
 29 10.456543 -0.000004 0.000004 -0.017624 -0.007867 -1.488388
 30 24.248093 0.000001 0.000007 0.106908 0.074622 1.053129
 31 26.336971 0.000019 0.000002 0.043371 -0.219998 0.620460
 32 1.854847 1.227798 13.762341 -2.500951 0.021779 2.504236
 33 10.456542 -0.000008 0.000004 -0.065982 -0.053147 -1.187499
 34 24.248116 0.000002 -0.000004 -0.028865 -0.033390 0.926786
 35 26.336975 0.000000 0.000004 -0.304172 0.040643 0.971151
time 143
  0 0.000000 0.000000 0.000000 0.000000 -0.000000 -1.570796
  1 0.000000 0.000000 0.000000 0.000000 -0.000000 0.000000
  2 -1.105502 -2.951586 26.078415 -1.325007 -0.237466 1.572714
  3 4.222169 -0.467508 0.000000 0.008466 -0.045492 -0.000922
  4 4.476987 -0.000002 -0.000000 -0.003021 0.011385 -0.091374
  5 4.477083 0.000000 0.000002 0.028034 0.044991 -0.055633
  6 4.477077 -0.000004 -0.000002 0.028434 0.008216 0.001229
  7 5.413502 -7.700466 -0.000000 -0.090661 0.135368 -0.463058
  8 6.890240 0.000002 -0.000000 0.057322 0.085386 0.084847
  9 8.011925 0.000004 0.000005 -0.021544 0.124146 -0.005996
 10 7.210720 -0.000002 -0.000000 0.059953 0.048481 0.073640
 11 8.581028 -0.304903 -0.000000 -0.034809 0.226849 1.003109
 12 22.523008 2.194031 6.355708 0.000000 -0.173138 0.000000
 13 22.523005 2.194038 -6.355709 0.000000 -0.000000 0.000000
 14 -3.006533 7.804720 -11.355459 -0.242791 0.583776 0.331191
 15 10.384675 0.000008 0.000005 -0.418125 0.019613 -1.734129
 16 22.550743 -0.000006 -0.000004 0.075512 0.280684 2.072448
 17 30.814247 -0.000015 -0.000004 2.665846 0.106775 0.361161
 18 -3.013796 7.815494 11.355459 -0.373841 -0.064084 1.605261
 19 10.374533 -0.000002 0.000007 -0.222145 0.076006 -1.956639
 20 22.550726 -0.000027 -0.000013 -0.061256 -0.088006 1.818570
 21 30.814270 -0.000023 0.000002 -2.380595 -0.069509 0.481564
 22 -4.250660 -0.770624 0.000001 0.101282 -0.251354 -3.054220
 23 10.363422 0.000000 0.000000 -0.118839 0.063451 0.265356
 24 10.363076 0.000000 -0.000000 -0.121668 0.069388 -0.004904
 25 10.363081 -0.000004 -0.000002 -0.005771 -0.075844 -0.001229
 26 8.210358 -0.000006 -7.703991 0.000000 0.000000 -0.000000
 27 8.210346 -0.000002 7.704017 0.000000 0.000000 -0.000000
 28 1.854841 1.227791 -13.762345 2.682791 0.090183 2.439940
 29 10.456543 -0.000004 0.000004 -0.019162 -0.007867 -1.488388
 30 24.248093 0.000001 0.000007 0.106908 0.074622 1.053129
 31 26.336971 0.000019 0.000002 0.043371 -0.219998 0.620460
 32 1.854847 1.227798 13.762341 -2.505373 -0.181876 2.822477
 33 10.456542 -0.000008 0.000004 -0.064931 -0.053314 -1.187499
 34 24.248116 0.000002 -0.000004 -0.029266 -0.033390 0.926786
 35 26.336975 0.000000 0.000004 -0.305501 0.040736 0.979346
time 144
  0 0.000000 0.000000 0.000000 0.000000 -0.000000 -1.570796
  1 0.000000 0.000000 0.000000 0.000000 -0.000000 0.000000
  2 -0.804712 -2.951586 18.843819 -1.325007 -0.230445 1.570605
  3 4.222169 -0.467508 0.000000 0.008478 -0.068776 0.015117
  4 4.476987 -0.000002 -0.000000 -0.004543 0.046703 -0.091929
  5 4.477083 0.000000 0.000002 0.027578 0.047155 -0.054936
  6 4.477077 -0.000004 -0.000002 0.028123 0.010866 0.001820
  7 5.413502 -7.700466 -0.000000 -0.070485 0.000017 -0.463058
  8 6.890240 0.000002 -0.000000 0.038722 0.066565 0.091247
  9 8.011925 0.000004 0.000005 -0.023836 0.148764 -0.006256
 10 7.210720 -0.000002 -0.000000 0.061655 0.048481 0.073640
 11 8.581028 -0.304903 -0.000000 0.022141 0.205560 1.052389
 12 22.523008 2.194031 6.355708 0.000000 -0.126027 0.000000
 13 22.523005 2.194038 -6.355709 0.000000 -0.000000 0.000000
 14 -3.006533 7.804720 -11.355459 -0.261402 0.554911 0.393066
 15 10.384675 0.000008 0.000005 -0.353321 0.000263 -1.813440
 16 22.550743 -0.000006 -0.000004 0.073817 0.268516 2.546601
 17 30.814247 -0.000015 -0.000004 2.667593 0.117183 0.393427
 18 -3.013796 7.815494 11.355459 -0.391456 -0.093193 1.650462
 19 10.374533 -0.000002 0.000007 -0.137882 -0.158014 -1.956640
 20 22.550726 -0.000027 -0.000013 -0.064198 -0.088006 1.818570
 21 30.814270 -0.000023 0.000002 -2.381051 -0.065545 0.446420
 22 -4.250660 -0.770624 0.000001 0.088350 -0.250857 -3.054015
 23 10.363422 0.000000 0.000000 -0.156567 0.063990 0.265246
 24 10.363076 0.000000 -0.000000 0.095481 0.069675 -0.004672
 25 10.363081 -0.000004 -0.000002 -0.005685 -0.075844 -0.001229
 26 8.210358 -0.000006 -7.703991 0.000000 0.000000 -0.000000
 27 8.210346 -0.000002 7.704017 0.000000 0.000000 -0.000000
 28 1.854841 1.227791 -13.762345 2.682571 0.093711 2.440609
 29 10.456543 -0.000004 0.000004 -0.021101 -0.007867 -1.488388
 30 24.248093 0.000001 0.000007 0.106908 0.074622 1.053129
 31 26.336971 0.000019 0.000002 0.043371 -0.219998 0.620460
 32 1.854847 1.227798 13.762341 -2.509999 -0.182013 2.501436
 33 10.456542 -0.000008 0.000004 -0.063845 -0.053425 -1.187499
 34 24.248116 0.000002 -0.000004 -0.029266 -0.033390 0.926786
 35 26.336975 0.000000 0.000004 -0.306830 0.040860 0.987541
time 145
  0 0.000000 0.000000 0.000000 0.000000 -0.000000 -1.570796
  1 0.000000 0.000000 0.000000 0.000000 -0.000000 0.000000
  2 2.160222 -2.951586 18.078169 -1.325007 -0.222148 1.571564
  3 4.222169 -0.467508 0.000000 0.008478 -0.086887 0.025728
  4 4.476987 -0.000002 -0.000000 -0.006365 0.081829 -0.092373
  5 4.477083 0.000000 0.000002 0.027267 0.049433 -0.054373
  6 4.477077 -0.000004 -0.000002 0.027871 0.014023 0.002303
  7 5.413502 -7.700466 -0.000000 -0.049179 -0.000816 -0.463058
  8 6.890240 0.000002 -0.000000 0.018732 0.042987 0.087919
  9 8.011925 0.000004 0.000005 -0.025853 0.170778 -0.006515
 10 7.210720 -0.000002 -0.000000 0.063302 0.048481 0.073640
 11 8.581028 -0.304903 -0.000000 0.069102 0.181745 1.095921
 12 22.523008 2.194031 6.355708 0.000000 -0.087715 0.000000
 13 22.523005 2.194038 -6.355709 0.000000 -0.000000 0.000000
 14 -3.006533 7.804720 -11.355459 -0.291299 0.489161 0.513381
 15 10.384675 0.000008 0.000005 -0.284707 -0.040430 -1.882864
 16 22.550743 -0.000006 -0.000004 0.074456 -0.158507 2.045329
 17 30.814247 -0.000015 -0.000004 2.669602 0.127371 0.424584
 18 -3.013796 7.815494 11.355459 -0.400468 -0.109934 1.776148
 19 10.374533 -0.000002 0.000007 -0.054631 -0.162067 -1.956639
 20 22.550726 -0.000027 -0.000013 -0.096431 -0.088006 1.818570
 21 30.814270 -0.000023 0.000002 -2.381752 -0.061092 0.411054
 22 -4.250660 -0.770624 0.000001 0.075515 -0.250343 -3.053042
 23 10.363422 0.000000 0.000000 0.095481 0.064493 0.264146
 24 10.363076 0.000000 -0.000000 0.163434 0.069016 -0.004594
 25 10.363081 -0.000004 -0.000002 -0.005796 -0.075844 -0.001229
 26 8.210358 -0.000006 -7.703991 0.000000 0.000000 -0.000000
 27 8.210346 -0.000002 7.704017 0.000000 0.000000 -0.000000
 28 1.854841 1.227791 -13.762345 2.682395 0.097436 2.441217
 29 10.456543 -0.000004 0.000004 -0.023389 -0.007867 -1.488388
 30 24.248093 0.000001 0.000007 0.106908 0.074622 1.053129
 31 26.336971 0.000019 0.000002 0.043371 -0.219998 0.620460
 32 1.854847 1.227798 13.762341 -2.514726 -0.182177 2.501135
 33 10.456542 -0.000008 0.000004 -0.062794 -0.053509 -1.187499
 34 24.248116 0.000002 -0.000004 -0.029266 -0.033390 0.926786
 35 26.336975 0.000000 0.000004 -0.308160 0.041046 0.995736
time 146
  0 0.000000 0.000000 0.000000 0.000000 -0.000000 -1.570796
  1 0.000000 0.000000 0.000000 0.000000 -0.000000 0.000000
  2 7.543199 -2.951586 18.328176 -1.325007 -0.212774 1.575877
  3 4.222169 -0.467508 0.000000 0.008442 -0.100716 0.032704
  4 4.476987 -0.000002 -0.000000 -0.008450 0.117061 -0.092728
  5 4.477083 0.000000 0.000002 0.027015 0.052147 -0.053913
  6 4.477077 -0.000004 -0.000002 0.027667 0.021333 0.002739
  7 5.413502 -7.700466 -0.000000 -0.027527 -0.001546 -0.463058
  8 6.890240 0.000002 -0.000000 -0.000935 0.048895 0.073142
  9 8.011925 0.000004 0.000005 -0.027412 0.188974 -0.006723
 10 7.210720 -0.000002 -0.000000 0.064895 0.048481 0.073640
 11 8.581028 -0.304903 -0.000000 0.104534 0.157946 1.131321
 12 22.523008 2.194031 6.355708 0.000000 -0.057010 0.000000
 13 22.523005 2.194038 -6.355709 0.000000 -0.000000 0.000000
 14 -3.006533 7.804720 -11.355459 -0.326459 0.427687 0.750784
 15 10.384675 0.000008 0.000005 -0.219865 -0.082163 -1.904802
 16 22.550743 -0.000006 -0.000004 0.093871 -0.130900 2.046418
 17 30.814247 -0.000015 -0.000004 2.671874 0.137245 0.454522
 18 -3.013796 7.815494 11.355459 -0.397922 -0.110718 1.917223
 19 10.374533 -0.000002 0.000007 0.173552 -0.166120 -1.956639
 20 22.550726 -0.000027 -0.000013 -0.133650 -0.088006 1.818570
 21 30.814270 -0.000023 0.000002 -2.382805 -0.056052 0.376023
 22 -4.250660 -0.770624 0.000001 0.095481 -0.249846 -3.051864
 23 10.363422 0.000000 0.000000 0.084803 0.004702 0.262583
 24 10.363076 0.000000 -0.000000 0.163362 0.067039 -0.004697
 25 10.363081 -0.000004 -0.000002 -0.006141 -0.075844 -0.001229
 26 8.210358 -0.000006 -7.703991 0.000000 0.000000 -0.000000
 27 8.210346 -0.000002 7.704017 0.000000 0.000000 -0.000000
 28 1.854841 1.227791 -13.762345 2.682263 0.106121 2.441765
 29 10.456543 -0.000004 0.000004 -0.025940 -0.007867 -1.488388
 30 24.248093 0.000001 0.000007 0.106908 0.074622 1.053129
 31 26.336971 0.000019 0.000002 0.043371 -0.219998 0.620460
 32 1.854847 1.227798 13.762341 -2.519487 -0.182396 2.500790
 33 10.456542 -0.000008 0.000004 -0.061573 -0.053536 -1.187499
 34 24.248116 0.000002 -0.000004 -0.029266 -0.033390 0.926786
 35 26.336975 0.000000 0.000004 -0.309489 0.041263 1.004270
time 147
  0 0.000000 0.000000 0.000000 0.000000 -0.000000 -1.570796
  1 0.000000 0.000000 0.000000 0.000000 -0.000000 0.000000
  2 14.738731 -2.951586 18.578184 -1.325007 -0.202602 1.582588
  3 4.222169 -0.467508 0.000000 0.008394 -0.110782 0.037105
  4 4.476987 -0.000002 -0.000000 -0.010620 0.151844 -0.093039
  5 4.477083 0.000000 0.000002 0.026811 0.058430 -0.053498
  6 4.477077 -0.000004 -0.000002 0.027487 0.026971 0.002848
  7 5.413502 -7.700466 -0.000000 -0.005742 -0.002158 -0.463058
  8 6.890240 0.000002 -0.000000 -0.019930 0.043183 0.041283
  9 8.011925 0.000004 0.000005 -0.028368 0.202122 -0.006930
 10 7.210720 -0.000002 -0.000000 0.066377 0.048481 0.073640
 11 8.581028 -0.304903 -0.000000 0.121137 0.135445 1.158520
 12 22.523008 2.194031 6.355708 0.000000 -0.046195 0.000000
 13 22.523005 2.194038 -6.355709 0.000000 -0.000000 0.000000
 14 -3.006533 7.804720 -11.355459 -0.304918 0.371264 0.990111
 15 10.384675 0.000008 0.000005 -0.162269 -0.110063 -1.896693
 16 22.550743 -0.000006 -0.000004 0.125825 -0.103580 2.047024
 17 30.814247 -0.000015 -0.000004 2.674276 0.146712 0.483028
 18 -3.013796 7.815494 11.355459 -0.326135 -0.093641 2.071466
 19 10.374533 -0.000002 0.000007 0.396746 -0.183163 -1.956639
 20 22.550726 -0.000027 -0.000013 -0.179141 -0.088006 1.818570
 21 30.814270 -0.000023 0.000002 -2.384208 -0.050326 0.341800
 22 -4.250660 -0.770624 0.000001 -0.185114 0.033251 -3.050917
 23 10.363422 0.000000 0.000000 0.084815 -0.017721 0.261395
 24 10.363076 0.000000 -0.000000 0.135821 0.064174 -0.005007
 25 10.363081 -0.000004 -0.000002 0.096158 -0.075844 -0.001229
 26 8.210358 -0.000006 -7.703991 0.000000 0.000000 -0.000000
 27 8.210346 -0.000002 7.704017 0.000000 0.000000 -0.000000
 28 1.854841 1.227791 -13.762345 2.682131 0.114756 2.442252
 29 10.456543 -0.000004 0.000004 -0.028718 -0.007867 -1.488388
 30 24.248093 0.000001 0.000007 0.106908 0.074622 1.053129
 31 26.336971 0.000019 0.000002 0.043371 -0.219998 0.620460
 32 1.854847 1.227798 13.762341 -2.524213 -0.182587 2.500402
 33 10.456542 -0.000008 0.000004 -0.060759 -0.053509 -1.187499
 34 24.248116 0.000002 -0.000004 -0.029266 -0.033390 0.926786
 35 26.336975 0.000000 0.000004 -0.310347 0.041449 1.009752
time 148
  0 0.000000 0.000000 0.000000 0.000000 -0.000000 -1.570796
  1 0.000000 0.000000 0.000000 0.000000 -0.000000 0.000000
  2 23.051485 -2.951586 49.176773 -1.325007 -0.191872 1.590641
  3 4.222169 -0.467508 0.000000 0.008298 -0.117734 0.039298
  4 4.476987 -0.000002 -0.000000 -0.012717 0.184849 -0.093261
  5 4.477083 0.000000 0.000002 0.026631 0.063277 -0.053395
  6 4.477077 -0.000004 -0.000002 0.027344 0.030767 0.002926
  7 5.413502 -7.700466 -0.000000 0.016123 -0.002651 -0.463058
  8 6.890240 0.000002 -0.000000 -0.036181 0.034034 0.009006
  9 8.011925 0.000004 0.000005 -0.028826 0.209167 -0.007164
 10 7.210720 -0.000002 -0.000000 0.067777 0.048481 0.073640
 11 8.581028 -0.304903 -0.000000 0.111240 0.113832 1.178358
 12 22.523008 2.194031 6.355708 0.000000 -0.045034 0.000000
 13 22.523005 2.194038 -6.355709 0.000000 -0.000000 0.000000
 14 -3.006533 7.804720 -11.355459 -0.354403 0.320813 1.219205
 15 10.384675 0.000008 0.000005 -0.115431 -0.132468 -1.824936
 16 22.550743 -0.000006 -0.000004 0.149894 -0.077867 2.047084
 17 30.814247 -0.000015 -0.000004 2.676111 0.155991 0.509851
 18 -3.013796 7.815494 11.355459 -0.195901 0.008034 2.227989
 19 10.374533 -0.000002 0.000007 0.613469 -0.204492 -1.956639
 20 22.550726 -0.000027 -0.000013 0.034813 -0.088006 1.818570
 21 30.814270 -0.000023 0.000002 -2.385927 -0.043769 0.308888
 22 -4.250660 -0.770624 0.000001 -0.185198 0.003242 -3.050225
 23 10.363422 0.000000 0.000000 0.084827 -0.020070 0.260471
 24 10.363076 0.000000 -0.000000 0.134084 0.060831 0.205627
 25 10.363081 -0.000004 -0.000002 -0.046129 -0.075844 -0.001229
 26 8.210358 -0.000006 -7.703991 0.000000 0.000000 -0.000000
 27 8.210346 -0.000002 7.704017 0.000000 0.000000 -0.000000
 28 1.854841 1.227791 -13.762345 2.682087 0.122700 2.442616
 29 10.456543 -0.000004 0.000004 -0.031653 -0.007867 -1.488388
 30 24.248093 0.000001 0.000007 0.106908 0.074622 1.053129
 31 26.336971 0.000019 0.000002 0.043371 -0.219998 0.620460
 32 1.854847 1.227798 13.762341 -2.528873 -0.182834 2.500015
 33 10.456542 -0.000008 0.000004 -0.061607 -0.053453 -1.187499
 34 24.248116 0.000002 -0.000004 -0.029266 -0.033390 0.926786
 35 26.336975 0.000000 0.000004 -0.309489 0.041263 1.004270
time 149
  0 0.000000 0.000000 0.000000 0.000000 -0.000000 -1.570796
  1 0.000000 0.000000 0.000000 0.000000 -0.000000 0.000000
  2 31.774406 -2.951586 18.793036 -1.325007 -0.180982 1.599460
  3 4.222169 -0.467508 0.000000 0.008154 -0.122183 0.039773
  4 4.476987 -0.000002 -0.000000 -0.014563 0.214363 -0.093483
  5 4.477083 0.000000 0.000002 0.026488 0.066540 -0.053321
  6 4.477077 -0.000004 -0.000002 0.027236 0.033022 0.002973
  7 5.413502 -7.700466 -0.000000 0.038040 -0.003075 -0.463058
  8 6.890240 0.000002 -0.000000 -0.048202 0.023356 -0.021922
  9 8.011925 0.000004 0.000005 -0.029153 0.211915 -0.007424
 10 7.210720 -0.000002 -0.000000 0.069095 0.048481 0.073640
 11 8.581028 -0.304903 -0.000000 0.075600 0.089249 1.187997
 12 22.523008 2.194031 6.355708 0.000000 -0.045309 0.000000
 13 22.523005 2.194038 -6.355709 0.000000 -0.000000 0.000000
 14 -3.006533 7.804720 -11.355459 -0.458473 0.276650 1.425362
 15 10.384675 0.000008 0.000005 -0.077893 -0.148168 -1.758400
 16 22.550743 -0.000006 -0.000004 0.172619 -0.084496 2.046721
 17 30.814247 -0.000015 -0.000004 2.676504 0.167214 0.534454
 18 -3.013796 7.815494 11.355459 -0.134602 0.191283 2.297187
 19 10.374533 -0.000002 0.000007 0.821699 -0.230206 -1.956639
 20 22.550726 -0.000027 -0.000013 -0.109076 -0.088006 1.818570
 21 30.814270 -0.000023 0.000002 -2.387821 -0.034496 0.277957
 22 -4.250660 -0.770624 0.000001 -0.185234 0.000096 -3.049790
 23 10.363422 0.000000 0.000000 0.084851 -0.019303 0.259766
 24 10.363076 0.000000 -0.000000 0.024880 0.057391 -0.007227
 25 10.363081 -0.000004 -0.000002 -0.046523 -0.075844 -0.001229
 26 8.210358 -0.000006 -7.703991 0.000000 0.000000 -0.000000
 27 8.210346 -0.000002 7.704017 0.000000 0.000000 -0.000000
 28 1.854841 1.227791 -13.762345 2.682043 0.129905 2.442860
 29 10.456543 -0.000004 0.000004 -0.034693 -0.007867 -1.488388
 30 24.248093 0.000001 0.000007 0.106908 0.074622 1.053129
 31 26.336971 0.000019 0.000002 0.043371 -0.219998 0.620460
 32 1.854847 1.227798 13.762341 -2.533329 -0.183080 2.499583
 33 10.456542 -0.000008 0.000004 -0.062794 -0.053509 -1.187499
 34 24.248116 0.000002 -0.000004 -0.029266 -0.033390 0.926786
 35 26.336975 0.000000 0.000004 -0.308160 0.041046 0.995680
time 150
  0 0.000000 0.000000 0.000000 0.000000 -0.000000 -1.570796
  1 0.000000 0.000000 0.000000 0.000000 -0.000000 0.000000
  2 40.204353 -2.951586 18.609436 -1.325007 -0.170292 1.608280
  3 4.222169 -0.467508 0.000000 0.007975 -0.124667 0.038930
  4 4.476987 -0.000002 -0.000000 -0.015989 0.238758 -0.093660
  5 4.477083 0.000000 0.000002 0.026380 0.068478 -0.053276
  6 4.477077 -0.000004 -0.000002 0.027152 0.033962 0.003004
  7 5.413502 -7.700466 -0.000000 0.059838 -0.003415 -0.463058
  8 6.890240 0.000002 -0.000000 -0.056879 0.012377 -0.047730
  9 8.011925 0.000004 0.000005 -0.029363 0.213880 -0.007735
 10 7.210720 -0.000002 -0.000000 0.070330 0.048481 0.073640
 11 8.581028 -0.304903 -0.000000 0.037297 0.058451 1.182985
 12 22.523008 2.194031 6.355708 0.000000 0.243407 0.000000
 13 22.523005 2.194038 -6.355709 0.000000 -0.000000 0.000000
 14 -3.006533 7.804720 -11.355459 -0.565202 0.262694 1.604393
 15 10.384675 0.000008 0.000005 -0.064670 -0.156421 -1.728076
 16 22.550743 -0.000006 -0.000004 0.194769 -0.094454 2.045934
 17 30.814247 -0.000015 -0.000004 2.676023 0.165647 0.550605
 18 -3.013796 7.815494 11.355459 0.222857 0.288923 2.350368
 19 10.374533 -0.000002 0.000007 0.955912 -0.260505 -1.956639
 20 22.550726 -0.000027 -0.000013 -0.111568 -0.088006 1.818570
 21 30.814270 -0.000023 0.000002 -2.389786 -0.021602 0.255755
 22 -4.250660 -0.770624 0.000001 -0.185246 0.001123 -3.049560
 23 10.363422 0.000000 0.000000 0.084875 -0.018536 0.259194
 24 10.363076 0.000000 -0.000000 0.002421 0.054323 -0.007253
 25 10.363081 -0.000004 -0.000002 -0.046523 -0.075844 -0.001229
 26 8.210358 -0.000006 -7.703991 0.000000 0.000000 -0.000000
 27 8.210346 -0.000002 7.704017 0.000000 0.000000 -0.000000
 28 1.854841 1.227791 -13.762345 2.682043 0.136221 2.442920
 29 10.456543 -0.000004 0.000004 -0.037767 -0.007867 -1.488388
 30 24.248093 0.000001 0.000007 0.106908 0.074622 1.053129
 31 26.336971 0.000019 0.000002 0.043371 -0.219998 0.620460
 32 1.854847 1.227798 13.762341 -2.537617 -0.183326 2.499110
 33 10.456542 -0.000008 0.000004 -0.063879 -0.053536 -1.187499
 34 24.248116 0.000002 -0.000004 -0.029266 -0.033390 0.926786
 35 26.336975 0.000000 0.000004 -0.306830 0.040860 0.987485
time 151
  0 0.000000 0.000000 0.000000 0.000000 -0.000000 -1.570796
  1 0.000000 0.000000 0.000000 0.000000 -0.000000 0.000000
  2 47.642078 -2.951586 18.343803 -1.325007 -0.160200 1.616716
  3 4.222169 -0.467508 0.000000 0.007411 -0.123944 0.037243
  4 4.476987 -0.000002 -0.000000 -0.016864 0.256385 -0.093838
  5 4.477083 0.000000 0.000002 0.026296 0.069286 -0.053276
  6 4.477077 -0.000004 -0.000002 0.015946 0.033849 0.003019
  7 5.413502 -7.700466 -0.000000 0.081703 -0.003687 -0.463058
  8 6.890240 0.000002 -0.000000 -0.069762 -0.001647 -0.065416
  9 8.011925 0.000004 0.000005 -0.029481 0.215174 -0.008124
 10 7.210720 -0.000002 -0.000000 0.071428 0.048481 0.073640
 11 8.581028 -0.304903 -0.000000 -0.000386 0.066167 1.160728
 12 22.523008 2.194031 6.355708 0.000000 -0.075830 0.000000
 13 22.523005 2.194038 -6.355709 0.000000 -0.000000 0.000000
 14 -3.006533 7.804720 -11.355459 -0.636553 0.267852 1.675607
 15 10.384675 0.000008 0.000005 -0.063251 -0.132149 -1.699473
 16 22.550743 -0.000006 -0.000004 0.207211 -0.111615 2.044724
 17 30.814247 -0.000015 -0.000004 2.675324 0.121791 0.554330
 18 -3.013796 7.815494 11.355459 -0.081907 -0.171029 2.395114
 19 10.374533 -0.000002 0.000007 1.030130 -0.289807 -1.956639
 20 22.550726 -0.000027 -0.000013 -0.114060 -0.088006 1.818570
 21 30.814270 -0.000023 0.000002 -2.391575 -0.006261 0.245547
 22 -4.250660 -0.770624 0.000001 -0.185234 0.002150 -3.049457
 23 10.363422 0.000000 0.000000 0.084899 0.075339 0.258666
 24 10.363076 0.000000 -0.000000 0.000072 0.052130 -0.007382
 25 10.363081 -0.000004 -0.000002 -0.046523 -0.075844 -0.001229
 26 8.210358 -0.000006 -7.703991 0.000000 0.000000 -0.000000
 27 8.210346 -0.000002 7.704017 0.000000 0.000000 -0.000000
 28 1.854841 1.227791 -13.762345 2.682175 0.141476 2.442008
 29 10.456543 -0.000004 0.000004 -0.040807 -0.007867 -1.488388
 30 24.248093 0.000001 0.000007 0.106908 0.074622 1.053129
 31 26.336971 0.000019 0.000002 0.043371 -0.219998 0.620460
 32 1.854847 1.227798 13.762341 -2.541568 -0.183572 2.498636
 33 10.456542 -0.000008 0.000004 -0.064931 -0.053509 -1.187499
 34 24.248116 0.000002 -0.000004 -0.029266 -0.033390 0.926786
 35 26.336975 0.000000 0.000004 -0.305501 0.040736 0.979290
time 152
  0 0.000000 0.000000 0.000000 0.000000 -0.000000 -1.570796
  1 0.000000 0.000000 0.000000 0.000000 -0.000000 0.000000
  2 53.376629 -2.951586 18.023479 -1.325007 -0.151663 1.624385
  3 4.222169 -0.467508 0.000000 0.006716 -0.121349 0.035112
  4 4.476987 -0.000002 -0.000000 -0.017283 0.265830 -0.094037
  5 4.477083 0.000000 0.000002 0.015090 0.069189 -0.053276
  6 4.477077 -0.000004 -0.000002 -0.006297 0.032872 0.008143
  7 5.413502 -7.700466 -0.000000 0.103288 -0.003925 -0.463058
  8 6.890240 0.000002 -0.000000 -0.084647 -0.038020 -0.074375
  9 8.011925 0.000004 0.000005 -0.029573 0.215957 -0.008592
 10 7.210720 -0.000002 -0.000000 0.072471 0.048481 0.073640
 11 8.581028 -0.304903 -0.000000 -0.036783 0.058707 1.112745
 12 22.523008 2.194031 6.355708 0.000000 -0.077724 0.000000
 13 22.523005 2.194038 -6.355709 0.000000 -0.000000 0.000000
 14 -3.006533 7.804720 -11.355459 -0.693851 0.313499 1.696690
 15 10.384675 0.000008 0.000005 -0.063587 -0.079829 -1.671703
 16 22.550743 -0.000006 -0.000004 0.207499 -0.127571 2.043089
 17 30.814247 -0.000015 -0.000004 2.674757 0.015772 0.552324
 18 -3.013796 7.815494 11.355459 -0.077579 -0.240756 2.422702
 19 10.374533 -0.000002 0.000007 1.076306 -0.316518 -1.956639
 20 22.550726 -0.000027 -0.000013 -0.124539 -0.088006 1.818570
 21 30.814270 -0.000023 0.000002 -2.392873 0.025987 0.244822
 22 -4.250660 -0.770624 0.000001 -0.185222 0.127852 -3.049406
 23 10.363422 0.000000 0.000000 0.084899 -0.018272 0.183493
 24 10.363076 0.000000 -0.000000 0.000839 0.051291 -0.007562
 25 10.363081 -0.000004 -0.000002 -0.046523 -0.075844 -0.001229
 26 8.210358 -0.000006 -7.703991 0.000000 0.000000 -0.000000
 27 8.210346 -0.000002 7.704017 0.000000 0.000000 -0.000000
 28 1.854841 1.227791 -13.762345 2.749059 0.145695 2.439393
 29 10.456543 -0.000004 0.000004 -0.043760 -0.007867 -1.488388
 30 24.248093 0.000001 0.000007 0.106908 0.074622 1.053129
 31 26.336971 0.000019 0.000002 0.043371 -0.219998 0.620460
 32 1.854847 1.227798 13.762341 -2.545214 -0.183846 2.498205
 33 10.456542 -0.000008 0.000004 -0.065982 -0.053425 -1.187499
 34 24.248116 0.000002 -0.000004 -0.029266 -0.033390 0.926786
 35 26.336975 0.000000 0.000004 -0.304129 0.040643 0.971095
time 153
  0 0.000000 0.000000 0.000000 0.000000 -0.000000 -1.570796
  1 0.000000 0.000000 0.000000 0.000000 -0.000000 0.000000
  2 56.712669 -2.951586 17.675814 -1.325007 -0.155333 1.630808
  3 4.222169 -0.467508 0.000000 0.006381 -0.120237 0.032980
  4 4.476987 -0.000002 -0.000000 -0.017583 0.269514 -0.094259
  5 4.477083 0.000000 0.000002 -0.007153 0.068349 -0.053276
  6 4.477077 -0.000004 -0.000002 -0.008622 0.031293 0.002988
  7 5.413502 -7.700466 -0.000000 0.123771 -0.004095 -0.463058
  8 6.890240 0.000002 -0.000000 -0.080776 -0.080066 -0.072002
  9 8.011925 0.000004 0.000005 -0.029625 0.216452 -0.009189
 10 7.210720 -0.000002 -0.000000 0.073377 0.048481 0.073640
 11 8.581028 -0.304903 -0.000000 -0.067922 0.046756 1.064130
 12 22.523008 2.194031 6.355708 0.000000 -0.079618 0.000000
 13 22.523005 2.194038 -6.355709 0.000000 -0.000000 0.000000
 14 -3.006533 7.804720 -11.355459 -0.734004 0.355825 1.632755
 15 10.384675 0.000008 0.000005 0.289383 -0.022248 -1.662928
 16 22.550743 -0.000006 -0.000004 0.186629 -0.131216 2.041091
 17 30.814247 -0.000015 -0.000004 2.674364 -0.135324 0.549925
 18 -3.013796 7.815494 11.355459 -0.071368 -0.248080 2.437636
 19 10.374533 -0.000002 0.000007 0.973708 -0.339209 -1.956639
 20 22.550726 -0.000027 -0.000013 -0.137653 -0.088006 1.818570
 21 30.814270 -0.000023 0.000002 -2.393434 0.059335 0.324954
 22 -4.250660 -0.770624 0.000001 -0.185210 0.000000 -2.779955
 23 10.363422 0.000000 0.000000 0.084887 -0.018057 0.036779
 24 10.363076 0.000000 -0.000000 0.001606 0.052274 -0.007795
 25 10.363081 -0.000004 -0.000002 -0.046523 -0.075844 -0.001229
 26 8.210358 -0.000006 -7.703991 0.000000 0.000000 -0.000000
 27 8.210346 -0.000002 7.704017 0.000000 0.000000 -0.000000
 28 1.854841 1.227791 -13.762345 2.747872 0.147372 2.435804
 29 10.456543 -0.000004 0.000004 -0.046572 -0.007867 -1.488388
 30 24.248093 0.000001 0.000007 0.106908 0.074622 1.053129
 31 26.336971 0.000019 0.000002 0.043371 -0.219998 0.620460
 32 1.854847 1.227798 13.762341 -2.548422 -0.184092 2.497731
 33 10.456542 -0.000008 0.000004 -0.067033 -0.053314 -1.187499
 34 24.248116 0.000002 -0.000004 -0.029266 -0.033390 0.926786
 35 26.336975 0.000000 0.000004 -0.302799 0.040612 0.962900
time 154
  0 0.000000 0.000000 0.000000 0.000000 -0.000000 -1.570796
  1 0.000000 0.000000 0.000000 0.000000 -0.000000 0.000000
  2 57.126743 -2.951586 17.363304 -1.325007 -0.150706 1.630999
  3 4.222169 -0.467508 0.000000 0.006201 -0.119384 0.031278
  4 4.476987 -0.000002 -0.000000 -0.017774 0.272148 -0.094526
  5 4.477083 0.000000 0.000002 -0.009478 0.066992 -0.053276
  6 4.477077 -0.000004 -0.000002 -0.007855 0.029358 0.002973
  7 5.413502 -7.700466 -0.000000 0.142086 -0.004265 -0.463058
  8 6.890240 0.000002 -0.000000 -0.071069 -0.085621 -0.065369
  9 8.011925 0.000004 0.000005 -0.029677 0.216820 -0.009890
 10 7.210720 -0.000002 -0.000000 0.074146 0.048481 0.073640
 11 8.581028 -0.304903 -0.000000 -0.090954 0.032809 1.017549
 12 22.523008 2.194031 6.355708 0.000000 -0.081513 0.000000
 13 22.523005 2.194038 -6.355709 0.000000 -0.000000 0.000000
 14 -3.006533 7.804720 -11.355459 -0.755111 0.375115 1.565524
 15 10.384675 0.000008 0.000005 -0.100901 0.225010 -1.654763
 16 22.550743 -0.000006 -0.000004 0.165502 -0.123094 2.038670
 17 30.814247 -0.000015 -0.000004 2.674145 -0.302189 0.548134
 18 -3.013796 7.815494 11.355459 -0.063476 -0.245688 2.283792
 19 10.374533 -0.000002 0.000007 0.837809 -0.272033 -1.956639
 20 22.550726 -0.000027 -0.000013 -0.153464 -0.088006 1.818570
 21 30.814270 -0.000023 0.000002 -2.393294 0.091975 0.409688
 22 -4.250660 -0.770624 0.000001 -0.185198 -0.000177 -3.069993
 23 10.363422 0.000000 0.000000 0.084851 -0.016762 0.019856
 24 10.363076 0.000000 -0.000000 0.095481 0.055270 -0.008104
 25 10.363081 -0.000004 -0.000002 -0.046523 -0.075844 -0.001229
 26 8.210358 -0.000006 -7.703991 0.000000 0.000000 -0.000000
 27 8.210346 -0.000002 7.704017 0.000000 0.000000 -0.000000
 28 1.854841 1.227791 -13.762345 2.746640 0.138762 2.431730
 29 10.456543 -0.000004 0.000004 -0.049193 -0.007867 -1.488388
 30 24.248093 0.000001 0.000007 0.106908 0.074622 1.053129
 31 26.336971 0.000019 0.000002 0.043371 -0.219998 0.620460
 32 1.854847 1.227798 13.762341 -2.551123 -0.184366 2.497257
 33 10.456542 -0.000008 0.000004 -0.068085 -0.053147 -1.187499
 34 24.248116 0.000002 -0.000004 -0.029266 -0.033390 0.926786
 35 26.336975 0.000000 0.000004 -0.301256 0.040643 0.954196
time 155
  0 0.000000 0.000000 0.000000 0.000000 -0.000000 -1.570796
  1 0.000000 0.000000 0.000000 0.000000 -0.000000 0.000000
  2 58.197090 -2.951586 17.097672 -1.325007 -0.144762 1.633396
  3 4.222169 -0.467508 0.000000 0.006165 -0.118883 0.030389
  4 4.476987 -0.000002 -0.000000 -0.017882 0.273883 -0.094859
  5 4.477083 0.000000 0.000002 -0.008711 0.065328 -0.053276
  6 4.477077 -0.000004 -0.000002 -0.007112 0.027272 0.002926
  7 5.413502 -7.700466 -0.000000 0.157225 -0.004401 -0.463058
  8 6.890240 0.000002 -0.000000 -0.060906 -0.084471 -0.046264
  9 8.011925 0.000004 0.000005 -0.029717 0.217107 -0.010746
 10 7.210720 -0.000002 -0.000000 0.074832 0.048481 0.073640
 11 8.581028 -0.304903 -0.000000 -0.107580 0.018468 0.978679
 12 22.523008 2.194031 6.355708 0.000000 -0.083529 0.000000
 13 22.523005 2.194038 -6.355709 0.000000 -0.000000 0.000000
 14 -3.006533 7.804720 -11.355459 -0.693037 0.393310 1.585920
 15 10.384675 0.000008 0.000005 -0.103217 0.185484 -1.572732
 16 22.550743 -0.000006 -0.000004 0.133245 -0.107741 2.034312
 17 30.814247 -0.000015 -0.000004 2.674101 -0.457768 0.546630
 18 -3.013796 7.815494 11.355459 -0.053956 -0.243297 1.863358
 19 10.374533 -0.000002 0.000007 0.683643 -0.187748 -1.956640
 20 22.550726 -0.000027 -0.000013 -0.172093 -0.088006 1.818570
 21 30.814270 -0.000023 0.000002 -2.392557 0.122901 0.493306
 22 -4.250660 -0.770624 0.000001 -0.185210 -0.000289 -3.073322
 23 10.363422 0.000000 0.000000 0.084779 -0.015192 -0.005231
 24 10.363076 0.000000 -0.000000 -0.003643 0.135758 -0.008440
 25 10.363081 -0.000004 -0.000002 -0.046523 -0.075844 -0.001229
 26 8.210358 -0.000006 -7.703991 0.000000 0.000000 -0.000000
 27 8.210346 -0.000002 7.704017 0.000000 0.000000 -0.000000
 28 1.854841 1.227791 -13.762345 2.745497 0.225780 2.427776
 29 10.456543 -0.000004 0.000004 -0.051551 -0.007867 -1.488388
 30 24.248093 0.000001 0.000007 0.106908 0.074622 1.053129
 31 26.336971 0.000019 0.000002 0.043371 -0.219998 0.620460
 32 1.854847 1.227798 13.762341 -2.553283 -0.184585 2.496827
 33 10.456542 -0.000008 0.000004 -0.068763 -0.052952 -1.187499
 34 24.248116 0.000002 -0.000004 -0.029266 -0.033390 0.926786
 35 26.336975 0.000000 0.000004 -0.300269 0.040736 0.948771
time 156
  0 0.000000 0.000000 0.000000 0.000000 -0.000000 -1.570796
  1 0.000000 0.000000 0.000000 0.000000 -0.000000 0.000000
  2 58.603352 -2.951586 16.859383 -1.551432 -0.145081 1.635601
  3 4.222169 -0.467508 0.000000 0.006321 -0.118754 0.030665
  4 4.476987 -0.000002 -0.000000 -0.017966 0.274933 -0.095258
  5 4.477083 0.000000 0.000002 -0.007968 0.063535 -0.053276
  6 4.477077 -0.000004 -0.000002 0.086787 0.025298 0.002895
  7 5.413502 -7.700466 -0.000000 0.168164 -0.004537 -0.463058
  8 6.890240 0.000002 -0.000000 0.095481 -0.084745 -0.017523
  9 8.011925 0.000004 0.000005 -0.029743 0.217315 -0.011784
 10 7.210720 -0.000002 -0.000000 0.075381 0.048481 0.073640
 11 8.581028 -0.304903 -0.000000 -0.132266 0.000150 0.952041
 12 22.523008 2.194031 6.355708 0.000000 -0.093886 0.000000
 13 22.523005 2.194038 -6.355709 0.000000 -0.000000 0.000000
 14 -3.006533 7.804720 -11.355459 -0.559233 0.410976 1.610436
 15 10.384675 0.000008 0.000005 -0.105532 0.181325 -1.462431
 16 22.550743 -0.000006 -0.000004 0.091456 -0.086533 2.029772
 17 30.814247 -0.000015 -0.000004 2.674189 -0.572658 0.545162
 18 -3.013796 7.815494 11.355459 -0.043010 0.049400 1.603893
 19 10.374533 -0.000002 0.000007 0.509253 -0.097515 -1.956639
 20 22.550726 -0.000027 -0.000013 -0.190110 -0.088006 1.818570
 21 30.814270 -0.000023 0.000002 -2.391435 0.150965 0.573967
 22 -4.250660 -0.770624 0.000001 -0.185258 -0.000385 -3.082489
 23 10.363422 0.000000 0.000000 0.084671 -0.013467 -0.032430
 24 10.363076 0.000000 -0.000000 -0.003476 0.039522 -0.008827
 25 10.363081 -0.000004 -0.000002 -0.046523 -0.075844 -0.001229
 26 8.210358 -0.000006 -7.703991 0.000000 0.000000 -0.000000
 27 8.210346 -0.000002 7.704017 0.000000 0.000000 -0.000000
 28 1.854841 1.227791 -13.762345 2.743078 0.179421 2.424370
 29 10.456543 -0.000004 0.000004 -0.051551 -0.007867 -1.488388
 30 24.248093 0.000001 0.000007 0.106908 0.074622 1.053129
 31 26.336971 0.000019 0.000002 0.043371 -0.219998 0.620460
 32 1.854847 1.227798 13.762341 -2.554837 -0.184831 2.496439
 33 10.456542 -0.000008 0.000004 -0.068085 -0.052785 -1.187499
 34 24.248116 0.000002 -0.000004 -0.029266 -0.033390 0.926786
 35 26.336975 0.000000 0.000004 -0.300998 0.040767 0.953066
time 157
  0 0.000000 0.000000 0.000000 0.000000 -0.000000 -1.570796
  1 0.000000 0.000000 0.000000 0.000000 -0.000000 0.000000
  2 58.380688 -2.951586 16.601563 -1.570221 -0.159083 1.635122
  3 4.222169 -0.467508 0.000000 0.006632 -0.119013 0.031386
  4 4.476987 -0.000002 -0.000000 -0.018014 0.275597 -0.095769
  5 4.477083 0.000000 0.000002 0.085931 0.061839 -0.053276
  6 4.477077 -0.000004 -0.000002 -0.008334 0.115765 0.116204
  7 5.413502 -7.700466 -0.000000 0.174026 -0.004690 -0.463058
  8 6.890240 0.000002 -0.000000 -0.024760 0.104128 0.012822
  9 8.011925 0.000004 0.000005 -0.029769 0.217443 -0.012978
 10 7.210720 -0.000002 -0.000000 0.075381 0.048481 0.073640
 11 8.581028 -0.304903 -0.000000 -0.160787 -0.047361 0.938546
 12 22.523008 2.194031 6.355708 0.000000 -0.104274 0.000000
 13 22.523005 2.194038 -6.355709 0.000000 -0.000000 0.000000
 14 -3.006533 7.804720 -11.355459 -0.411972 0.416558 1.639691
 15 10.384675 0.000008 0.000005 -0.107848 0.182683 -1.484480
 16 22.550743 -0.000006 -0.000004 0.047653 -0.061480 2.013004
 17 30.814247 -0.000015 -0.000004 2.674232 -0.619398 0.543550
 18 -3.013796 7.815494 11.355459 -0.030638 -0.242811 1.983286
 19 10.374533 -0.000002 0.000007 0.319562 -0.018811 -1.956640
 20 22.550726 -0.000027 -0.000013 -0.206533 -0.088006 1.818570
 21 30.814270 -0.000023 0.000002 -2.390067 0.175653 0.649748
 22 -4.250660 -0.770624 0.000001 -0.185342 -0.000530 -3.096188
 23 10.363422 0.000000 0.000000 0.084515 -0.011525 -0.060158
 24 10.363076 0.000000 -0.000000 -0.002864 0.040061 -0.009240
 25 10.363081 -0.000004 -0.000002 -0.046523 -0.075844 -0.001229
 26 8.210358 -0.000006 -7.703991 0.000000 0.000000 -0.000000
 27 8.210346 -0.000002 7.704017 0.000000 0.000000 -0.000000
 28 1.854841 1.227791 -13.762345 2.699852 0.174586 2.422120
 29 10.456543 -0.000004 0.000004 -0.051551 -0.007867 -1.488388
 30 24.248093 0.000001 0.000007 0.106908 0.074622 1.053129
 31 26.336971 0.000019 0.000002 0.043371 -0.219998 0.620460
 32 1.854847 1.227798 13.762341 -2.555444 -0.185050 2.496008
 33 10.456542 -0.000008 0.000004 -0.067033 -0.052785 -1.187499
 34 24.248116 0.000002 -0.000004 -0.029266 -0.033390 0.926786
 35 26.336975 0.000000 0.000004 -0.247866 0.000904 0.956909
time 158
  0 0.000000 0.000000 0.000000 0.000000 -0.000000 -1.570796
  1 0.000000 0.000000 0.000000 0.000000 -0.000000 0.000000
  2 57.728325 -2.951586 16.285147 -1.564086 -0.194226 1.629082
  3 4.222169 -0.467508 0.000000 0.007052 -0.119439 0.031738
  4 4.476987 -0.000002 -0.000000 -0.018062 0.276089 -0.096368
  5 4.477083 0.000000 0.000002 -0.009190 0.139602 -0.053276
  6 4.477077 -0.000004 -0.000002 -0.008167 -0.051563 -0.171024
  7 5.413502 -7.700466 -0.000000 0.176312 -0.004859 -0.463058
  8 6.890240 0.000002 -0.000000 -0.017989 -0.117577 0.048009
  9 8.011925 0.000004 0.000005 -0.029782 0.217491 -0.014406
 10 7.210720 -0.000002 -0.000000 0.075381 0.048481 0.073640
 11 8.581028 -0.304903 -0.000000 -0.153369 -0.102282 0.942122
 12 22.523008 2.194031 6.355708 0.000000 -0.114570 0.000000
 13 22.523005 2.194038 -6.355709 0.000000 -0.000000 0.000000
 14 -3.006533 7.804720 -11.355459 0.220370 0.421751 1.747714
 15 10.384675 0.000008 0.000005 -0.110313 0.184041 -1.534465
 16 22.550743 -0.000006 -0.000004 0.164783 -0.024087 1.999929
 17 30.814247 -0.000015 -0.000004 2.674713 -0.580275 0.541581
 18 -3.013796 7.815494 11.355459 -0.017044 -0.241204 1.526258
 19 10.374533 -0.000002 0.000007 0.131286 0.025474 -1.956639
 20 22.550726 -0.000027 -0.000013 -0.206533 -0.088006 1.818570
 21 30.814270 -0.000023 0.000002 -2.388558 0.197184 0.720034
 22 -4.250660 -0.770624 0.000001 -0.185486 -0.000770 -3.113139
 23 10.363422 0.000000 0.000000 0.084276 -0.009344 -0.088062
 24 10.363076 0.000000 -0.000000 -0.001858 0.040577 -0.009679
 25 10.363081 -0.000004 -0.000002 -0.046523 -0.075844 -0.001229
 26 8.210358 -0.000006 -7.703991 0.000000 0.000000 -0.000000
 27 8.210346 -0.000002 7.704017 0.000000 0.000000 -0.000000
 28 1.854841 1.227791 -13.762345 2.416312 0.176165 2.421390
 29 10.456543 -0.000004 0.000004 -0.051551 -0.007867 -1.488388
 30 24.248093 0.000001 0.000007 0.106908 0.074622 1.053129
 31 26.336971 0.000019 0.000002 0.043371 -0.219998 0.620460
 32 1.854847 1.227798 13.762341 -2.550447 -0.185241 2.495663
 33 10.456542 -0.000008 0.000004 -0.065982 -0.052785 -1.187499
 34 24.248116 0.000002 -0.000004 -0.029266 -0.033390 0.926786
 35 26.336975 0.000000 0.000004 -0.247780 0.006085 0.957079
time 159
  0 0.000000 0.000000 0.000000 0.000000 -0.000000 -1.570796
  1 0.000000 0.000000 0.000000 0.000000 -0.000000 0.000000
  2 56.845486 -2.951586 16.046858 -1.564086 -0.258249 1.614894
  3 4.222169 -0.467508 0.000000 0.007435 -0.119810 0.031815
  4 4.476987 -0.000002 -0.000000 -0.018098 0.276475 -0.097101
  5 4.477083 0.000000 0.000002 -0.009023 -0.004229 -0.053276
  6 4.477077 -0.000004 -0.000002 -0.007963 -0.046508 -0.165418
  7 5.413502 -7.700466 -0.000000 0.177947 -0.005063 -0.463058
  8 6.890240 0.000002 -0.000000 -0.005333 -0.114309 0.004701
  9 8.011925 0.000004 0.000005 0.104342 0.217507 -0.016041
 10 7.210720 -0.000002 -0.000000 0.075381 0.048481 0.073640
 11 8.581028 -0.304903 -0.000000 -0.134769 -0.109538 0.952111
 12 22.523008 2.194031 6.355708 0.000000 -0.124744 0.000000
 13 22.523005 2.194038 -6.355709 0.000000 -0.000000 0.000000
 14 -3.006533 7.804720 -11.355459 0.119284 0.473934 1.893851
 15 10.384675 0.000008 0.000005 -0.122975 0.350230 -1.586895
 16 22.550743 -0.000006 -0.000004 0.134972 0.014598 1.994663
 17 30.814247 -0.000015 -0.000004 2.675936 -0.471718 0.539074
 18 -3.013796 7.815494 11.355459 -0.002279 -0.237953 1.561142
 19 10.374533 -0.000002 0.000007 -0.046879 0.038631 -1.956640
 20 22.550726 -0.000027 -0.000013 -0.206533 -0.088006 1.818570
 21 30.814270 -0.000023 0.000002 -2.386980 0.200462 0.782316
 22 -4.250660 -0.770624 0.000001 -0.185701 -0.001188 -3.131985
 23 10.363422 0.000000 0.000000 0.083916 -0.006875 -0.115701
 24 10.363076 0.000000 -0.000000 -0.000479 0.041104 -0.010117
 25 10.363081 -0.000004 -0.000002 -0.046523 -0.075844 -0.001229
 26 8.210358 -0.000006 -7.703991 0.000000 0.000000 -0.000000
 27 8.210346 -0.000002 7.704017 0.000000 0.000000 -0.000000
 28 1.854841 1.227791 -13.762345 2.423655 0.177744 2.422606
 29 10.456543 -0.000004 0.000004 -0.051551 -0.007867 -1.488388
 30 24.248093 0.000001 0.000007 0.106908 0.074622 1.053129
 31 26.336971 0.000019 0.000002 0.043371 -0.219998 0.620460
 32 1.854847 1.227798 13.762341 -2.535828 -0.185406 2.495362
 33 10.456542 -0.000008 0.000004 -0.064931 -0.052785 -1.187499
 34 24.248116 0.000002 -0.000004 -0.029266 -0.033390 0.926786
 35 26.336975 0.000000 0.000004 -0.247609 0.011234 0.957361
time 160
  0 0.000000 0.000000 0.000000 0.000000 -0.000000 -1.570796
  1 0.000000 0.000000 0.000000 0.000000 -0.000000 0.000000
  2 55.931393 -2.951586 16.101547 -1.564086 -0.354782 1.589682
  3 4.222169 -0.467508 0.000000 0.007711 -0.119921 0.031600
  4 4.476987 -0.000002 -0.000000 -0.018122 0.276753 -0.097989
  5 4.477083 0.000000 0.000002 -0.008819 0.000116 -0.053276
  6 4.477077 -0.000004 -0.000002 -0.007723 -0.041452 -0.159827
  7 5.413502 -7.700466 -0.000000 0.179023 -0.005063 -0.463058
  8 6.890240 0.000002 -0.000000 0.013267 -0.107957 0.000140
  9 8.011925 0.000004 0.000005 -0.149081 0.032894 -0.017910
 10 7.210720 -0.000002 -0.000000 0.075381 0.048481 0.073640
 11 8.581028 -0.304903 -0.000000 -0.115296 -0.108035 0.980887
 12 22.523008 2.194031 6.355708 0.000000 -0.134765 0.000000
 13 22.523005 2.194038 -6.355709 0.000000 -0.000000 0.000000
 14 -3.006533 7.804720 -11.355459 0.108650 0.544100 2.066839
 15 10.384675 0.000008 0.000005 -0.135675 0.167153 -1.450268
 16 22.550743 -0.000006 -0.000004 0.131838 0.054029 1.991878
 17 30.814247 -0.000015 -0.000004 3.010431 -0.319367 0.536173
 18 -3.013796 7.815494 11.355459 0.012384 -0.233208 1.603209
 19 10.374533 -0.000002 0.000007 -0.164374 0.041056 -1.956639
 20 22.550726 -0.000027 -0.000013 -0.206533 -0.088006 1.818570
 21 30.814270 -0.000023 0.000002 -2.385366 0.201955 0.779443
 22 -4.250660 -0.770624 0.000001 -0.186001 -0.001845 3.131766
 23 10.363422 0.000000 0.000000 0.083437 -0.004071 -0.142703
 24 10.363076 0.000000 -0.000000 0.001198 0.037533 -0.010556
 25 10.363081 -0.000004 -0.000002 -0.046523 -0.075844 -0.001229
 26 8.210358 -0.000006 -7.703991 0.000000 0.000000 -0.000000
 27 8.210346 -0.000002 7.704017 0.000000 0.000000 -0.000000
 28 1.854841 1.227791 -13.762345 2.431350 0.371000 2.425708
 29 10.456543 -0.000004 0.000004 -0.051551 -0.007867 -1.488388
 30 24.248093 0.000001 0.000007 0.106908 0.074622 1.053129
 31 26.336971 0.000019 0.000002 0.043371 -0.219998 0.620460
 32 1.854847 1.227798 13.762341 -2.515030 -0.185542 2.495103
 33 10.456542 -0.000008 0.000004 -0.063845 -0.052785 -1.187499
 34 24.248116 0.000002 -0.000004 -0.029266 -0.033390 0.926786
 35 26.336975 0.000000 0.000004 -0.247352 0.016353 0.957587
time 161
  0 0.000000 0.000000 0.000000 0.000000 -0.000000 -1.570796
  1 0.000000 0.000000 0.000000 0.000000 -0.000000 0.000000
  2 55.200905 -2.951586 16.632813 -1.564086 -0.433604 1.552199
  3 4.222169 -0.467508 0.000000 0.007867 -0.119792 0.031156
  4 4.476987 -0.000002 -0.000000 -0.018146 0.276925 -0.099010
  5 4.477083 0.000000 0.000002 -0.008579 0.004462 -0.053276
  6 4.477077 -0.000004 -0.000002 -0.007508 -0.036435 -0.154127
  7 5.413502 -7.700466 -0.000000 0.179675 -0.005063 -0.463058
  8 6.890240 0.000002 -0.000000 0.034887 -0.099122 0.001629
  9 8.011925 0.000004 0.000005 -0.141917 0.003227 -0.020039
 10 7.210720 -0.000002 -0.000000 0.075381 0.048481 0.073640
 11 8.581028 -0.304903 -0.000000 0.184356 -0.108394 1.024173
 12 22.523008 2.194031 6.355708 0.000000 -0.144633 0.000000
 13 22.523005 2.194038 -6.355709 0.000000 -0.000000 0.000000
 14 -3.006533 7.804720 -11.355459 0.112122 0.530074 2.228633
 15 10.384675 0.000008 0.000005 -0.148262 0.173687 -1.618052
 16 22.550743 -0.000006 -0.000004 0.132861 0.092053 1.991394
 17 30.814247 -0.000015 -0.000004 2.662439 0.249533 0.533058
 18 -3.013796 7.815494 11.355459 -0.004876 -0.227191 1.652457
 19 10.374533 -0.000002 0.000007 -0.288476 0.014146 -1.956640
 20 22.550726 -0.000027 -0.000013 -0.206533 -0.088006 1.818570
 21 30.814270 -0.000023 0.000002 -2.383752 0.202811 0.766418
 22 -4.250660 -0.770624 0.000001 -0.186396 -0.002776 3.113022
 23 10.363422 0.000000 0.000000 0.082849 -0.000859 -0.168670
 24 10.363076 0.000000 -0.000000 0.003152 0.037473 -0.010556
 25 10.363081 -0.000004 -0.000002 -0.046523 -0.075844 -0.001229
 26 8.210358 -0.000006 -7.703991 0.000000 0.000000 -0.000000
 27 8.210346 -0.000002 7.704017 0.000000 0.000000 -0.000000
 28 1.854841 1.227791 -13.762345 2.439266 0.156378 2.959955
 29 10.456543 -0.000004 0.000004 -0.051551 -0.007867 -1.488388
 30 24.248093 0.000001 0.000007 0.106908 0.074622 1.053129
 31 26.336971 0.000019 0.000002 0.043371 -0.219998 0.620460
 32 1.854847 1.227798 13.762341 -2.491227 -0.185652 2.494888
 33 10.456542 -0.000008 0.000004 -0.062794 -0.052785 -1.187499
 34 24.248116 0.000002 -0.000004 -0.029266 -0.033390 0.926786
 35 26.336975 0.000000 0.000004 -0.247009 0.021627 0.957870
time 162
  0 0.000000 0.000000 0.000000 0.000000 -0.000000 -1.570796
  1 0.000000 0.000000 0.000000 0.000000 -0.000000 0.000000
  2 54.864956 -2.951586 17.230488 -1.564086 -0.442938 1.521810
  3 4.222169 -0.467508 0.000000 0.007915 -0.119477 0.030496
  4 4.476987 -0.000002 -0.000000 -0.018158 0.276989 -0.100231
  5 4.477083 0.000000 0.000002 -0.008364 0.008775 -0.053276
  6 4.477077 -0.000004 -0.000002 -0.007160 -0.033052 -0.136141
  7 5.413502 -7.700466 -0.000000 0.180087 -0.005063 -0.463058
  8 6.890240 0.000002 -0.000000 0.061829 -0.089777 0.003118
  9 8.011925 0.000004 0.000005 -0.133299 0.000096 -0.022453
 10 7.210720 -0.000002 -0.000000 0.075381 0.048481 0.073640
 11 8.581028 -0.304903 -0.000000 -0.046038 0.138314 1.069879
 12 22.523008 2.194031 6.355708 0.000000 -0.154318 0.000000
 13 22.523005 2.194038 -6.355709 0.000000 -0.000000 0.000000
 14 -3.006533 7.804720 -11.355459 0.115595 0.498277 2.305890
 15 10.384675 0.000008 0.000005 -0.160700 0.180158 -1.683866
 16 22.550743 -0.000006 -0.000004 0.133885 0.107091 1.991031
 17 30.814247 -0.000015 -0.000004 2.663793 -0.448238 0.606149
 18 -3.013796 7.815494 11.355459 -0.017706 -0.220092 1.708830
 19 10.374533 -0.000002 0.000007 -0.420465 -0.024160 -1.956639
 20 22.550726 -0.000027 -0.000013 -0.206533 -0.088006 1.818570
 21 30.814270 -0.000023 0.000002 -2.382174 0.202689 0.743798
 22 -4.250660 -0.770624 0.000001 -0.186912 -0.004076 3.096301
 23 10.363422 0.000000 0.000000 0.082202 0.003683 -0.193075
 24 10.363076 0.000000 -0.000000 0.005309 0.037413 -0.010556
 25 10.363081 -0.000004 -0.000002 -0.046523 -0.075844 -0.001229
 26 8.210358 -0.000006 -7.703991 0.000000 0.000000 -0.000000
 27 8.210346 -0.000002 7.704017 0.000000 0.000000 -0.000000
 28 1.854841 1.227791 -13.762345 2.447401 0.156526 2.502889
 29 10.456543 -0.000004 0.000004 -0.051551 -0.007867 -1.488388
 30 24.248093 0.000001 0.000007 0.106908 0.074622 1.053129
 31 26.336971 0.000019 0.000002 0.043371 -0.219998 0.620460
 32 1.854847 1.227798 13.762341 -2.467289 -0.185734 2.494716
 33 10.456542 -0.000008 0.000004 -0.061573 -0.052785 -1.187499
 34 24.248116 0.000002 -0.000004 -0.029266 -0.033390 0.926786
 35 26.336975 0.000000 0.000004 -0.246708 0.025597 0.958153
time 163
  0 0.000000 0.000000 0.000000 0.000000 -0.000000 -1.570796
  1 0.000000 0.000000 0.000000 0.000000 -0.000000 0.000000
  2 54.790733 -2.951586 17.257832 -1.564086 -0.419563 1.517879
  3 4.222169 -0.467508 0.000000 0.007879 -0.119013 0.029684
  4 4.476987 -0.000002 -0.000000 0.104576 0.277010 -0.101629
  5 4.477083 0.000000 0.000002 -0.008016 0.011682 -0.053276
  6 4.477077 -0.000004 -0.000002 -0.006705 -0.029632 -0.117858
  7 5.413502 -7.700466 -0.000000 0.180392 -0.005063 -0.463058
  8 6.890240 0.000002 -0.000000 0.089956 -0.078367 0.185403
  9 8.011925 0.000004 0.000005 -0.122010 0.001118 -0.025178
 10 7.210720 -0.000002 -0.000000 0.075381 0.048481 0.073640
 11 8.581028 -0.304903 -0.000000 -0.033063 -0.151279 1.122874
 12 22.523008 2.194031 6.355708 0.000000 -0.163728 0.000000
 13 22.523005 2.194038 -6.355709 0.000000 -0.000000 0.000000
 14 -3.006533 7.804720 -11.355459 0.540611 0.464925 2.355266
 15 10.384675 0.000008 0.000005 -0.172952 0.200272 -1.750958
 16 22.550743 -0.000006 -0.000004 0.259155 0.109530 1.987520
 17 30.814247 -0.000015 -0.000004 2.668292 -0.442847 0.539217
 18 -3.013796 7.815494 11.355459 0.107285 -0.211796 1.772271
 19 10.374533 -0.000002 0.000007 -0.461383 -0.084127 -1.956639
 20 22.550726 -0.000027 -0.000013 -0.206533 -0.088006 1.818570
 21 30.814270 -0.000023 0.000002 -2.380700 0.201465 0.706451
 22 -4.250660 -0.770624 0.000001 -0.187511 -0.005777 3.082935
 23 10.363422 0.000000 0.000000 0.081531 0.009999 -0.210591
 24 10.363076 0.000000 -0.000000 0.007634 0.037365 -0.010556
 25 10.363081 -0.000004 -0.000002 -0.046523 -0.075844 -0.001229
 26 8.210358 -0.000006 -7.703991 0.000000 0.000000 -0.000000
 27 8.210346 -0.000002 7.704017 0.000000 0.000000 -0.000000
 28 1.854841 1.227791 -13.762345 2.455668 0.156723 2.502707
 29 10.456543 -0.000004 0.000004 -0.051551 -0.007867 -1.488388
 30 24.248093 0.000001 0.000007 0.106908 0.074622 1.053129
 31 26.336971 0.000019 0.000002 0.043371 -0.219998 0.620460
 32 1.854847 1.227798 13.762341 -2.446558 -0.185761 2.494629
 33 10.456542 -0.000008 0.000004 -0.060793 -0.052785 -1.187499
 34 24.248116 0.000002 -0.000004 -0.029266 -0.033390 0.926786
 35 26.336975 0.000000 0.000004 -0.246966 0.022247 0.958435
time 164
  0 0.000000 0.000000 0.000000 0.000000 -0.000000 -1.570796
  1 0.000000 0.000000 0.000000 0.000000 -0.000000 0.000000
  2 54.591511 -2.951586 16.835945 -2.187091 -0.394273 1.526891
  3 4.222169 -0.467508 0.000000 0.163043 0.003448 -0.140995
  4 4.476987 -0.000002 -0.000000 -0.127326 0.029505 -0.103227
  5 4.477083 0.000000 0.000002 -0.007561 0.014622 -0.053276
  6 4.477077 -0.000004 -0.000002 -0.006117 -0.026249 -0.099513
  7 5.413502 -7.700466 -0.000000 0.180632 -0.005063 -0.463058
  8 6.890240 0.000002 -0.000000 0.118120 -0.068329 0.010030
  9 8.011925 0.000004 0.000005 -0.107171 0.002141 -0.028215
 10 7.210720 -0.000002 -0.000000 0.075381 0.048481 0.073640
 11 8.581028 -0.304903 -0.000000 -0.008814 -0.147011 1.057646
 12 22.523008 2.194031 6.355708 0.000000 -0.172954 0.000000
 13 22.523005 2.194038 -6.355709 0.000000 -0.000000 0.000000
 14 -3.006533 7.804720 -11.355459 0.072404 0.551837 2.397226
 15 10.384675 0.000008 0.000005 -0.185016 0.223843 -1.918076
 16 22.550743 -0.000006 -0.000004 0.116773 0.106058 1.978743
 17 30.814247 -0.000015 -0.000004 2.676548 -0.434633 0.532198
 18 -3.013796 7.815494 11.355459 0.266591 -0.186424 1.843180
 19 10.374533 -0.000002 0.000007 -0.494885 -0.171269 -1.956639
 20 22.550726 -0.000027 -0.000013 -0.206533 -0.088006 1.818570
 21 30.814270 -0.000023 0.000002 -2.555716 0.199728 0.650780
 22 -4.250660 -0.770624 0.000001 -0.188158 -0.007976 3.074178
 23 10.363422 0.000000 0.000000 0.080920 0.017514 -0.218646
 24 10.363076 0.000000 -0.000000 0.010067 0.037329 -0.010556
 25 10.363081 -0.000004 -0.000002 -0.046523 -0.075844 -0.001229
 26 8.210358 -0.000006 -7.703991 0.000000 0.000000 -0.000000
 27 8.210346 -0.000002 7.704017 0.000000 0.000000 -0.000000
 28 1.854841 1.227791 -13.762345 2.464067 0.156970 2.502403
 29 10.456543 -0.000004 0.000004 -0.051551 -0.007867 -1.488388
 30 24.248093 0.000001 0.000007 0.106908 0.074622 1.053129
 31 26.336971 0.000019 0.000002 0.043371 -0.219998 0.620460
 32 1.854847 1.227798 13.762341 -2.432074 -0.185460 2.494629
 33 10.456542 -0.000008 0.000004 -0.061370 -0.052785 -1.187499
 34 24.248116 0.000002 -0.000004 -0.029266 -0.033390 0.926786
 35 26.336975 0.000000 0.000004 -0.247266 0.017625 0.958774
time 165
  0 0.000000 0.000000 0.000000 0.000000 -0.000000 -1.570796
  1 0.000000 0.000000 0.000000 0.000000 -0.000000 0.000000
  2 54.345409 -2.951586 16.066389 -2.184695 -0.364874 1.537052
  3 4.222169 -0.467508 0.000000 0.163415 -0.000186 -0.169439
  4 4.476987 -0.000002 -0.000000 -0.120770 -0.010269 -0.105047
  5 4.477083 0.000000 0.000002 -0.006973 0.017530 -0.053276
  6 4.477077 -0.000004 -0.000002 -0.005398 -0.022904 -0.081230
  7 5.413502 -7.700466 -0.000000 0.180804 -0.005063 -0.463058
  8 6.890240 0.000002 -0.000000 0.142509 -0.059782 0.010588
  9 8.011925 0.000004 0.000005 -0.089333 0.127277 -0.031563
 10 7.210720 -0.000002 -0.000000 0.075381 0.048481 0.073640
 11 8.581028 -0.304903 -0.000000 0.026826 -0.138714 1.050776
 12 22.523008 2.194031 6.355708 0.000000 -0.181387 0.000000
 13 22.523005 2.194038 -6.355709 0.000000 -0.000000 0.000000
 14 -3.006533 7.804720 -11.355459 0.089116 0.445105 2.057980
 15 10.384675 0.000008 0.000005 -0.196856 0.251658 -2.095969
 16 22.550743 -0.000006 -0.000004 0.124385 0.107980 1.972629
 17 30.814247 -0.000015 -0.000004 2.687468 -0.415198 0.534490
 18 -3.013796 7.815494 11.355459 0.383843 -0.159408 1.937572
 19 10.374533 -0.000002 0.000007 -0.520703 -0.259276 -1.956639
 20 22.550726 -0.000027 -0.000013 -0.206533 -0.088006 1.818570
 21 30.814270 -0.000023 0.000002 -2.621352 0.198407 0.582168
 22 -4.250660 -0.770624 0.000001 -0.188781 -0.010961 3.071873
 23 10.363422 0.000000 0.000000 0.080477 0.033309 -0.219218
 24 10.363076 0.000000 -0.000000 0.012560 0.037293 -0.010556
 25 10.363081 -0.000004 -0.000002 -0.046523 -0.075844 -0.001229
 26 8.210358 -0.000006 -7.703991 0.000000 0.000000 -0.000000
 27 8.210346 -0.000002 7.704017 0.000000 0.000000 -0.000000
 28 1.854841 1.227791 -13.762345 2.472510 0.157217 2.501977
 29 10.456543 -0.000004 0.000004 -0.051551 -0.007867 -1.488388
 30 24.248093 0.000001 0.000007 0.106908 0.074622 1.053129
 31 26.336971 0.000019 0.000002 0.043371 -0.219998 0.620460
 32 1.854847 1.227798 13.762341 -2.427043 -0.184667 2.495147
 33 10.456542 -0.000008 0.000004 0.206991 -0.052785 -1.187499
 34 24.248116 0.000002 -0.000004 -0.029266 -0.033390 0.926786
 35 26.336975 0.000000 0.000004 -0.247523 0.013127 0.959113
time 166
  0 0.000000 0.000000 0.000000 0.000000 -0.000000 -1.570796
  1 0.000000 0.000000 0.000000 0.000000 -0.000000 0.000000
  2 54.138371 -2.951586 15.062452 -1.373992 -0.310025 1.548844
  3 4.222169 -0.467508 0.000000 0.155541 0.001001 -0.172414
  4 4.476987 -0.000002 -0.000000 -0.112884 -0.014466 -0.107112
  5 4.477083 0.000000 0.000002 -0.006254 0.020405 -0.053276
  6 4.477077 -0.000004 -0.000002 -0.004559 -0.019691 -0.063103
  7 5.413502 -7.700466 -0.000000 0.180911 -0.005063 -0.463058
  8 6.890240 0.000002 -0.000000 0.159143 -0.052149 0.011240
  9 8.011925 0.000004 0.000005 -0.069452 0.000016 0.206796
 10 7.210720 -0.000002 -0.000000 0.075381 0.048481 0.073640
 11 8.581028 -0.304903 -0.000000 0.068252 -0.127173 1.053020
 12 22.523008 2.194031 6.355708 0.000000 -0.189239 0.000000
 13 22.523005 2.194038 -6.355709 0.000000 -0.000000 0.000000
 14 -3.006533 7.804720 -11.355459 0.105665 0.403238 1.568683
 15 10.384675 0.000008 0.000005 -0.208361 0.283504 -2.282859
 16 22.550743 -0.000006 -0.000004 0.138827 0.097075 1.969300
 17 30.814247 -0.000015 -0.000004 2.699217 -0.386734 0.536782
 18 -3.013796 7.815494 11.355459 0.497735 -0.127347 2.033960
 19 10.374533 -0.000002 0.000007 -0.461113 -0.343362 -1.956639
 20 22.550726 -0.000027 -0.000013 -0.206533 -0.088006 1.818570
 21 30.814270 -0.000023 0.000002 -2.628227 0.197379 0.513834
 22 -4.250660 -0.770624 0.000001 -0.189249 -0.014892 3.090335
 23 10.363422 0.000000 0.000000 0.080285 0.049644 -0.155994
 24 10.363076 0.000000 -0.000000 0.015053 0.037281 -0.010556
 25 10.363081 -0.000004 -0.000002 -0.046523 -0.075844 -0.001229
 26 8.210358 -0.000006 -7.703991 0.000000 0.000000 -0.000000
 27 8.210346 -0.000002 7.704017 0.000000 0.000000 -0.000000
 28 1.854841 1.227791 -13.762345 2.480953 0.157513 2.501551
 29 10.456543 -0.000004 0.000004 -0.051551 -0.007867 -1.488388
 30 24.248093 0.000001 0.000007 0.106908 0.074622 1.053129
 31 26.336971 0.000019 0.000002 0.043371 -0.219998 0.620460
 32 1.854847 1.227798 13.762341 -2.434268 -0.183572 2.496482
 33 10.456542 -0.000008 0.000004 -0.019350 -0.052785 -1.187499
 34 24.248116 0.000002 -0.000004 -0.029266 -0.033390 0.926786
 35 26.336975 0.000000 0.000004 -0.247695 0.008629 0.959453
time 167
  0 0.000000 0.000000 0.000000 0.000000 -0.000000 -1.570796
  1 0.000000 0.000000 0.000000 0.000000 -0.000000 0.000000
  2 53.927425 -2.951586 13.933512 -1.551433 -0.253262 1.570126
  3 4.222169 -0.467508 0.000000 0.140932 0.002187 -0.171433
  4 4.476987 -0.000002 -0.000000 -0.102553 -0.013096 -0.109442
  5 4.477083 0.000000 0.000002 -0.005415 0.023167 -0.053276
  6 4.477077 -0.000004 -0.000002 -0.003589 -0.016646 -0.045257
  7 5.413502 -7.700466 -0.000000 0.180951 -0.005063 -0.463058
  8 6.890240 0.000002 -0.000000 0.167784 -0.043549 0.012054
  9 8.011925 0.000004 0.000005 -0.048458 -0.000767 0.025463
 10 7.210720 -0.000002 -0.000000 0.075381 0.048481 0.073640
 11 8.581028 -0.304903 -0.000000 0.119874 -0.114966 1.055263
 12 22.523008 2.194031 6.355708 0.000000 -0.197702 0.000000
 13 22.523005 2.194038 -6.355709 0.000000 -0.000000 0.000000
 14 -3.006533 7.804720 -11.355459 0.157103 0.360559 1.566211
 15 10.384675 0.000008 0.000005 -0.219641 0.318490 -2.469305
 16 22.550743 -0.000006 -0.000004 0.155059 0.053942 1.969178
 17 30.814247 -0.000015 -0.000004 2.711797 -0.357643 0.817296
 18 -3.013796 7.815494 11.355459 0.607044 -0.082357 2.133026
 19 10.374533 -0.000002 0.000007 -0.342741 -0.381169 -1.956639
 20 22.550726 -0.000027 -0.000013 -0.206533 -0.088006 1.818570
 21 30.814270 -0.000023 0.000002 -2.625982 0.196596 0.445835
 22 -4.250660 -0.770624 0.000001 -0.189488 -0.019482 3.140369
 23 10.363422 0.000000 0.000000 0.080333 0.065632 -0.089140
 24 10.363076 0.000000 -0.000000 0.017474 0.037269 -0.010556
 25 10.363081 -0.000004 -0.000002 -0.046523 -0.075844 -0.001229
 26 8.210358 -0.000006 -7.703991 0.000000 0.000000 -0.000000
 27 8.210346 -0.000002 7.704017 0.000000 0.000000 -0.000000
 28 1.854841 1.227791 -13.762345 2.489307 0.157809 2.501065
 29 10.456543 -0.000004 0.000004 -0.051551 -0.007867 -1.488388
 30 24.248093 0.000001 0.000007 0.106908 0.074622 1.053129
 31 26.336971 0.000019 0.000002 0.043371 -0.219998 0.620460
 32 1.854847 1.227798 13.762341 -2.452939 -0.182314 2.498378
 33 10.456542 -0.000008 0.000004 -0.019283 -0.052785 -1.187499
 34 24.248116 0.000002 -0.000004 -0.029266 -0.033390 0.926786
 35 26.336975 0.000000 0.000004 -0.247823 0.004099 0.959792
time 168
  0 0.000000 0.000000 0.000000 0.000000 -0.000000 -1.570796
  1 0.000000 0.000000 0.000000 0.000000 -0.000000 0.000000
  2 53.638355 -2.951586 12.781133 -1.570221 -0.211977 1.591887
  3 4.222169 -0.467508 0.000000 0.121085 0.147394 -0.170482
  4 4.476987 -0.000002 -0.000000 -0.088975 -0.011725 -0.112040
  5 4.477083 0.000000 0.000002 -0.004445 0.025784 -0.053276
  6 4.477077 -0.000004 -0.000002 -0.002522 -0.013846 -0.027799
  7 5.413502 -7.700466 -0.000000 0.180964 -0.005063 -0.463058
  8 6.890240 0.000002 -0.000000 0.168863 -0.032126 0.013032
  9 8.011925 0.000004 0.000005 -0.027123 -0.001454 0.027540
 10 7.210720 -0.000002 -0.000000 0.075381 0.048481 0.073640
 11 8.581028 -0.304903 -0.000000 0.173770 -0.100063 1.329809
 12 22.523008 2.194031 6.355708 0.000000 -0.208181 0.000000
 13 22.523005 2.194038 -6.355709 0.000000 -0.000000 0.000000
 14 -3.006533 7.804720 -11.355459 0.217386 0.254250 1.563189
 15 10.384675 0.000008 0.000005 -0.229950 0.350909 -2.643698
 16 22.550743 -0.000006 -0.000004 0.181879 -0.015133 1.972508
 17 30.814247 -0.000015 -0.000004 2.724988 -0.328019 0.531983
 18 -3.013796 7.815494 11.355459 0.641360 -0.027390 2.234943
 19 10.374533 -0.000002 0.000007 -0.023825 -0.394259 -1.956639
 20 22.550726 -0.000027 -0.000013 -0.206533 -0.088006 1.818570
 21 30.814270 -0.000023 0.000002 -2.623737 0.195960 0.378812
 22 -4.250660 -0.770624 0.000001 -0.189500 -0.024425 -3.070608
 23 10.363422 0.000000 0.000000 0.080584 0.080780 -0.023166
 24 10.363076 0.000000 -0.000000 0.019823 0.037269 -0.010556
 25 10.363081 -0.000004 -0.000002 -0.046523 -0.075844 -0.001229
 26 8.210358 -0.000006 -7.703991 0.000000 0.000000 -0.000000
 27 8.210346 -0.000002 7.704017 0.000000 0.000000 -0.000000
 28 1.854841 1.227791 -13.762345 2.497618 0.158129 2.500517
 29 10.456543 -0.000004 0.000004 -0.051551 -0.007867 -1.488388
 30 24.248093 0.000001 0.000007 0.106908 0.074622 1.053129
 31 26.336971 0.000019 0.000002 0.043371 -0.219998 0.620460
 32 1.854847 1.227798 13.762341 -2.664736 -0.181110 2.500575
 33 10.456542 -0.000008 0.000004 -0.019147 -0.052785 -1.187499
 34 24.248116 0.000002 -0.000004 -0.029266 -0.033390 0.926786
 35 26.336975 0.000000 0.000004 -0.247866 -0.000399 0.960131
time 169
  0 0.000000 0.000000 0.000000 0.000000 -0.000000 -1.570796
  1 0.000000 0.000000 0.000000 0.000000 -0.000000 0.000000
  2 53.349285 -2.951586 11.710788 -1.564086 -0.187803 1.607609
  3 4.222169 -0.467508 0.000000 0.097571 0.147394 -0.050343
  4 4.476987 -0.000002 -0.000000 -0.072652 0.156042 -0.114903
  5 4.477083 0.000000 0.000002 -0.003378 0.028191 -0.053276
  6 4.477077 -0.000004 -0.000002 -0.001347 -0.011272 -0.010872
  7 5.413502 -7.700466 -0.000000 0.027367 -0.005063 -0.463058
  8 6.890240 0.000002 -0.000000 0.157633 -0.017697 0.014195
  9 8.011925 0.000004 0.000005 -0.005658 -0.002029 0.029590
 10 7.210720 -0.000002 -0.000000 0.075381 0.048481 0.073640
 11 8.581028 -0.304903 -0.000000 0.227734 -0.086951 1.065673
 12 22.523008 2.194031 6.355708 0.000000 -0.225015 0.000000
 13 22.523005 2.194038 -6.355709 0.000000 -0.000000 0.000000
 14 -3.006533 7.804720 -11.355459 0.288520 0.141087 1.545540
 15 10.384675 0.000008 0.000005 -0.239549 0.374544 -2.775105
 16 22.550743 -0.000006 -0.000004 0.207771 -0.047275 1.978501
 17 30.814247 -0.000015 -0.000004 2.738747 -0.298082 0.531160
 18 -3.013796 7.815494 11.355459 0.611372 -0.028548 2.234943
 19 10.374533 -0.000002 0.000007 0.233951 -0.361701 -1.956640
 20 22.550726 -0.000027 -0.000013 -0.206533 -0.088006 1.818570
 21 30.814270 -0.000023 0.000002 -2.348952 0.195373 0.313295
 22 -4.250660 -0.770624 0.000001 -0.189345 -0.029447 -2.985084
 23 10.363422 0.000000 0.000000 0.080968 0.094527 0.040476
 24 10.363076 0.000000 -0.000000 0.022016 0.037305 -0.010556
 25 10.363081 -0.000004 -0.000002 -0.046523 -0.075844 -0.001229
 26 8.210358 -0.000006 -7.703991 0.000000 0.000000 -0.000000
 27 8.210346 -0.000002 7.704017 0.000000 0.000000 -0.000000
 28 1.854841 1.227791 -13.762345 2.505798 0.158450 2.499909
 29 10.456543 -0.000004 0.000004 -0.051551 -0.007867 -1.488388
 30 24.248093 0.000001 0.000007 0.106908 0.074622 1.053129
 31 26.336971 0.000019 0.000002 0.043371 -0.219998 0.620460
 32 1.854847 1.227798 13.762341 -2.728210 -0.180070 2.502815
 33 10.456542 -0.000008 0.000004 -0.018943 -0.052785 -1.187499
 34 24.248116 0.000002 -0.000004 -0.029266 -0.033390 0.926786
 35 26.336975 0.000000 0.000004 -0.247823 -0.005114 0.960526
time 170
  0 0.000000 0.000000 0.000000 0.000000 -0.000000 -1.570796
  1 0.000000 0.000000 0.000000 0.000000 -0.000000 0.000000
  2 53.107090 -2.951586 10.827949 -1.557951 -0.177153 1.616620
  3 4.222169 -0.467508 0.000000 0.071912 0.147394 -0.172460
  4 4.476987 -0.000002 -0.000000 -0.054459 -0.014574 0.088936
  5 4.477083 0.000000 0.000002 -0.002203 0.030404 -0.053276
  6 4.477077 -0.000004 -0.000002 -0.000077 -0.009054 0.005340
  7 5.413502 -7.700466 -0.000000 0.002685 -0.005063 -0.463058
  8 6.890240 0.000002 -0.000000 0.142689 0.000680 0.015452
  9 8.011925 0.000004 0.000005 0.015886 -0.002492 0.031667
 10 7.210720 -0.000002 -0.000000 0.075381 0.048481 0.073640
 11 8.581028 -0.304903 -0.000000 0.274465 -0.075786 1.066514
 12 22.523008 2.194031 6.355708 0.000000 -0.244813 0.000000
 13 22.523005 2.194038 -6.355709 0.000000 -0.000000 0.000000
 14 -3.006533 7.804720 -11.355459 0.369964 0.022201 1.516423
 15 10.384675 0.000008 0.000005 -0.249895 0.369410 -2.846806
 16 22.550743 -0.000006 -0.000004 0.231984 0.095927 1.984433
 17 30.814247 -0.000015 -0.000004 2.752942 -0.267988 0.530837
 18 -3.013796 7.815494 11.355459 0.502572 -0.061767 2.234943
 19 10.374533 -0.000002 0.000007 0.224244 -0.294292 -1.956639
 20 22.550726 -0.000027 -0.000013 -0.206533 -0.088006 1.818570
 21 30.814270 -0.000023 0.000002 -2.622965 0.111793 0.249870
 22 -4.250660 -0.770624 0.000001 -0.189081 -0.034230 -2.895258
 23 10.363422 0.000000 0.000000 0.081435 0.106619 0.100266
 24 10.363076 0.000000 -0.000000 0.024017 0.037401 -0.010556
 25 10.363081 -0.000004 -0.000002 -0.046523 -0.075844 -0.001229
 26 8.210358 -0.000006 -7.703991 0.000000 0.000000 -0.000000
 27 8.210346 -0.000002 7.704017 0.000000 0.000000 -0.000000
 28 1.854841 1.227791 -13.762345 2.513801 0.158796 2.499301
 29 10.456543 -0.000004 0.000004 -0.051551 -0.007867 -1.488388
 30 24.248093 0.000001 0.000007 0.106908 0.074622 1.053129
 31 26.336971 0.000019 0.000002 0.043371 -0.219998 0.620460
 32 1.854847 1.227798 13.762341 -2.734828 -0.179359 2.504797
 33 10.456542 -0.000008 0.000004 -0.018672 -0.052785 -1.187499
 34 24.248116 0.000002 -0.000004 -0.029266 -0.033390 0.926786
 35 26.336975 0.000000 0.000004 -0.247738 -0.008371 0.960865
time 171
  0 0.000000 0.000000 0.000000 0.000000 -0.000000 -1.570796
  1 0.000000 0.000000 0.000000 0.000000 -0.000000 0.000000
  2 52.915676 -2.951586 10.218554 -0.807067 -0.176874 1.620359
  3 4.222169 -0.467508 0.000000 0.045714 0.147394 -0.161450
  4 4.476987 -0.000002 -0.000000 -0.035248 -0.015623 -0.066135
  5 4.477083 0.000000 0.000002 -0.000933 0.032310 -0.053276
  6 4.477077 -0.000004 -0.000002 0.001289 -0.007156 0.020913
  7 5.413502 -7.700466 -0.000000 0.000080 -0.005063 -0.463058
  8 6.890240 0.000002 -0.000000 0.125970 0.016912 0.016592
  9 8.011925 0.000004 0.000005 0.037483 -0.002892 0.033743
 10 7.210720 -0.000002 -0.000000 0.075381 0.048481 0.073640
 11 8.581028 -0.304903 -0.000000 0.306338 -0.065816 1.067495
 12 22.523008 2.194031 6.355708 0.000000 -0.232684 0.000000
 13 22.523005 2.194038 -6.355709 0.000000 -0.000000 0.000000
 14 -3.006533 7.804720 -11.355459 0.459439 -0.096403 1.471648
 15 10.384675 0.000008 0.000005 -0.262707 0.352076 -2.796765
 16 22.550743 -0.000006 -0.000004 0.252183 0.042406 1.988246
 17 30.814247 -0.000015 -0.000004 2.767488 -0.237894 0.530730
 18 -3.013796 7.815494 11.355459 0.387356 -0.098088 2.234943
 19 10.374533 -0.000002 0.000007 0.117871 -0.210804 -1.956639
 20 22.550726 -0.000027 -0.000013 -0.206533 -0.088006 1.818570
 21 30.814270 -0.000023 0.000002 -2.622334 -0.051330 0.755233
 22 -4.250660 -0.770624 0.000001 -0.188781 -0.038370 -2.810119
 23 10.363422 0.000000 0.000000 0.081951 0.117165 0.155722
 24 10.363076 0.000000 -0.000000 0.025767 0.037545 -0.010556
 25 10.363081 -0.000004 -0.000002 -0.046523 -0.075844 -0.001229
 26 8.210358 -0.000006 -7.703991 0.000000 0.000000 -0.000000
 27 8.210346 -0.000002 7.704017 0.000000 0.000000 -0.000000
 28 1.854841 1.227791 -13.762345 2.521540 0.159116 2.498693
 29 10.456543 -0.000004 0.000004 -0.051551 -0.007867 -1.488388
 30 24.248093 0.000001 0.000007 0.106908 0.074622 1.053129
 31 26.336971 0.000019 0.000002 0.043371 -0.219998 0.620460
 32 1.854847 1.227798 13.762341 -2.732667 -0.179112 2.506176
 33 10.456542 -0.000008 0.000004 -0.018435 -0.052785 -1.187499
 34 24.248116 0.000002 -0.000004 -0.029266 -0.033390 0.926786
 35 26.336975 0.000000 0.000004 -0.247823 -0.005083 0.961261
time 172
  0 0.000000 0.000000 0.000000 0.000000 -0.000000 -1.570796
  1 0.000000 0.000000 0.000000 0.000000 -0.000000 0.000000
  2 52.759422 -2.951586 10.191210 -1.529768 0.056003 1.620071
  3 4.222169 -0.467508 0.000000 0.020534 0.008583 -0.160040
  4 4.476987 -0.000002 -0.000000 -0.015725 -0.016544 -0.064360
  5 4.477083 0.000000 0.000002 0.000433 0.033942 -0.053276
  6 4.477077 -0.000004 -0.000002 0.002727 -0.005672 0.035660
  7 5.413502 -7.700466 -0.000000 0.000930 -0.005063 -0.463058
  8 6.890240 0.000002 -0.000000 0.109264 0.030113 0.017640
  9 8.011925 0.000004 0.000005 0.058962 -0.003211 0.035794
 10 7.210720 -0.000002 -0.000000 0.075381 0.048481 0.073640
 11 8.581028 -0.304903 -0.000000 0.322895 -0.054583 1.068722
 12 22.523008 2.194031 6.355708 0.000000 -0.260547 0.000000
 13 22.523005 2.194038 -6.355709 0.000000 -0.000000 0.000000
 14 -3.006533 7.804720 -11.355459 0.542347 -0.207340 1.409636
 15 10.384675 0.000008 0.000005 -0.283287 0.312592 -2.699460
 16 22.550743 -0.000006 -0.000004 0.266800 0.036781 1.989941
 17 30.814247 -0.000015 -0.000004 2.782164 -0.208020 0.530515
 18 -3.013796 7.815494 11.355459 0.265114 -0.139865 2.234943
 19 10.374533 -0.000002 0.000007 -0.004950 -0.210804 -1.956639
 20 22.550726 -0.000027 -0.000013 -0.206533 -0.088006 1.818570
 21 30.814270 -0.000023 0.000002 -2.618545 -0.070145 0.913377
 22 -4.250660 -0.770624 0.000001 -0.188446 -0.041515 -2.738704
 23 10.363422 0.000000 0.000000 0.082490 0.118771 0.204861
 24 10.363076 0.000000 -0.000000 0.027241 0.037700 -0.010556
 25 10.363081 -0.000004 -0.000002 -0.046523 -0.075844 -0.001229
 26 8.210358 -0.000006 -7.703991 0.000000 0.000000 -0.000000
 27 8.210346 -0.000002 7.704017 0.000000 0.000000 -0.000000
 28 1.854841 1.227791 -13.762345 2.529016 0.159437 2.498085
 29 10.456543 -0.000004 0.000004 -0.051551 -0.007867 -1.488388
 30 24.248093 0.000001 0.000007 0.106908 0.074622 1.053129
 31 26.336971 0.000019 0.000002 0.043371 -0.219998 0.620460
 32 1.854847 1.227798 13.762341 -2.730506 -0.179468 2.506692
 33 10.456542 -0.000008 0.000004 -0.018638 -0.052785 -1.187499
 34 24.248116 0.000002 -0.000004 -0.029266 -0.033390 0.926786
 35 26.336975 0.000000 0.000004 -0.247866 -0.000368 0.961657
time 173
  0 0.000000 0.000000 0.000000 0.000000 -0.000000 -1.570796
  1 0.000000 0.000000 0.000000 0.000000 -0.000000 0.000000
  2 52.642231 -2.951586 12.331901 -1.524879 -0.260203 2.334550
  3 4.222169 -0.467508 0.000000 -0.002033 0.179483 -0.199263
  4 4.476987 -0.000002 -0.000000 0.003918 -0.017315 -0.062606
  5 4.477083 0.000000 0.000002 0.001871 0.035218 -0.053276
  6 4.477077 -0.000004 -0.000002 0.004249 -0.004506 0.049707
  7 5.413502 -7.700466 -0.000000 0.001781 -0.005063 -0.463058
  8 6.890240 0.000002 -0.000000 0.093468 0.040255 0.018570
  9 8.011925 0.000004 0.000005 0.080506 -0.003467 0.037845
 10 7.210720 -0.000002 -0.000000 0.075381 0.048481 0.073640
 11 8.581028 -0.304903 -0.000000 0.324962 -0.039662 1.070194
 12 22.523008 2.194031 6.355708 0.000000 -0.319146 0.000000
 13 22.523005 2.194038 -6.355709 0.000000 -0.000000 0.000000
 14 -3.006533 7.804720 -11.355459 0.602793 -0.290931 1.331760
 15 10.384675 0.000008 0.000005 -0.307491 0.275675 -2.507460
 16 22.550743 -0.000006 -0.000004 0.276108 0.038618 1.993452
 17 30.814247 -0.000015 -0.000004 2.796840 -0.178521 0.529870
 18 -3.013796 7.815494 11.355459 0.142415 -0.181155 2.234943
 19 10.374533 -0.000002 0.000007 -0.155072 -0.210804 -1.956639
 20 22.550726 -0.000027 -0.000013 -0.206533 -0.088006 1.818570
 21 30.814270 -0.000023 0.000002 -2.613950 -0.098037 0.913210
 22 -4.250660 -0.770624 0.000001 -0.188086 -0.043345 -2.689925
 23 10.363422 0.000000 0.000000 0.083041 0.119502 0.202595
 24 10.363076 0.000000 -0.000000 0.028356 0.037856 -0.010556
 25 10.363081 -0.000004 -0.000002 -0.046523 -0.075844 -0.001229
 26 8.210358 -0.000006 -7.703991 0.000000 0.000000 -0.000000
 27 8.210346 -0.000002 7.704017 0.000000 0.000000 -0.000000
 28 1.854841 1.227791 -13.762345 2.536183 0.159758 2.497476
 29 10.456543 -0.000004 0.000004 -0.051551 -0.007867 -1.488388
 30 24.248093 0.000001 0.000007 0.106908 0.074622 1.053129
 31 26.336971 0.000019 0.000002 0.043371 -0.219998 0.620460
 32 1.854847 1.227798 13.762341 -2.466039 -0.180344 2.505960
 33 10.456542 -0.000008 0.000004 -0.018876 -0.052785 -1.187499
 34 24.248116 0.000002 -0.000004 -0.029266 -0.033390 0.926786
 35 26.336975 0.000000 0.000004 -0.247823 0.004131 0.962052
time 174
  0 0.000000 0.000000 0.000000 0.000000 -0.000000 -1.570796
  1 0.000000 0.000000 0.000000 0.000000 -0.000000 0.000000
  2 8.023683 -2.951586 14.074141 -1.512321 -0.261001 1.543667
  3 4.222169 -0.467508 0.000000 -0.020812 0.207141 -0.192378
  4 4.476987 -0.000002 -0.000000 0.023632 -0.017936 -0.060830
  5 4.477083 0.000000 0.000002 0.003393 0.036219 -0.053276
  6 4.477077 -0.000004 -0.000002 0.005855 -0.003623 0.063162
  7 5.413502 -7.700466 -0.000000 0.105893 -0.005063 -0.463058
  8 6.890240 0.000002 -0.000000 0.078295 0.047653 0.019385
  9 8.011925 0.000004 0.000005 0.101775 -0.003690 0.039869
 10 7.210720 -0.000002 -0.000000 0.075381 0.048481 0.073640
 11 8.581028 -0.304903 -0.000000 0.303445 -0.020814 1.071946
 12 22.523008 2.194031 6.355708 0.000000 -0.379241 0.000000
 13 22.523005 2.194038 -6.355709 0.000000 -0.000000 0.000000
 14 -3.006533 7.804720 -11.355459 0.589662 -0.336543 1.251138
 15 10.384675 0.000008 0.000005 -0.292662 0.241792 -2.313905
 16 22.550743 -0.000006 -0.000004 0.267759 0.040455 2.022145
 17 30.814247 -0.000015 -0.000004 2.811516 -0.149744 0.528474
 18 -3.013796 7.815494 11.355459 0.068235 -0.198419 2.234943
 19 10.374533 -0.000002 0.000007 0.550980 -0.210804 -1.956639
 20 22.550726 -0.000027 -0.000013 -0.206533 -0.088006 1.818570
 21 30.814270 -0.000023 0.000002 -2.608898 -0.128279 0.912791
 22 -4.250660 -0.770624 0.000001 -0.187715 -0.044035 -2.670388
 23 10.363422 0.000000 0.000000 0.083593 0.119922 0.192318
 24 10.363076 0.000000 -0.000000 0.029111 0.038000 -0.010556
 25 10.363081 -0.000004 -0.000002 -0.046523 -0.075844 -0.001229
 26 8.210358 -0.000006 -7.703991 0.000000 0.000000 -0.000000
 27 8.210346 -0.000002 7.704017 0.000000 0.000000 -0.000000
 28 1.854841 1.227791 -13.762345 2.542911 0.160054 2.496868
 29 10.456543 -0.000004 0.000004 -0.051551 -0.007867 -1.488388
 30 24.248093 0.000001 0.000007 0.106908 0.074622 1.053129
 31 26.336971 0.000019 0.000002 0.043371 -0.219998 0.620460
 32 1.854847 1.227798 13.762341 -2.717339 0.021779 2.504194
 33 10.456542 -0.000008 0.000004 -0.019079 -0.052785 -1.187499
 34 24.248116 0.000002 -0.000004 -0.029266 -0.033390 0.926786
 35 26.336975 0.000000 0.000004 -0.247695 0.008629 0.962504
end
