version 1
nodes
  0 "Chaurus" -1
  1 "NPC Root [Root]" 0
  2 "Pelvis [Pelv]" 1
  3 "Spine[Spn0]" 2
  4 "Spine[Spn1]" 3
  5 "Spine[Spn2]" 4
  6 "Ribcage[Spn3]" 5
  7 "[Neck0]" 6
  8 "[Neck1]" 7
  9 "[Neck2]" 8
 10 "[Neck3]" 9
 11 "NPC Head [Head]" 10
 12 "Head[LeftPincher]" 11
 13 "Head[RightPincher]" 11
 14 "R UpperArm[RClv]" 6
 15 "R UpperArm[RUar]" 14
 16 "R UpperArm[RLar]" 15
 17 "R UpperArm[RHnd]" 16
 18 "L UpperArm[RClv]" 6
 19 "L UpperArm[LUar]" 18
 20 "L UpperArm[LLar]" 19
 21 "L UpperArm[LHnd]" 20
 22 "Tail[Tal0]" 2
 23 "Tail[Tal1]" 22
 24 "Tail[Tal2]" 23
 25 "Tail[Tal3]" 24
 26 "[TalRightPincher]" 25
 27 "[TalLeftPincher]" 25
 28 "R Leg[RThg0]" 2
 29 "R Leg[RThg1]" 28
 30 "R Leg[RClf]" 29
 31 "R Leg[RAnkle]" 30
 32 "LLeg[RThg0]" 2
 33 "LLeg[LThg1]" 32
 34 "LLeg[LClf]" 33
 35 "LLeg[LAnkle]" 34
end
skeleton
time 0
  0 0.000000 0.000000 0.000000 0.000000 -0.000000 -1.570796
  1 0.000000 0.000000 0.000000 0.000000 -0.000000 0.000000
  2 0.000000 -2.951586 28.070662 -1.570317 0.018466 1.571276
  3 4.222169 -0.467508 0.000000 -0.002069 -0.000668 0.022109
  4 4.476987 -0.000002 -0.000000 0.015327 -0.013331 0.198502
  5 4.477083 0.000000 0.000002 -0.004421 0.028191 -0.067787
  6 4.477077 -0.000004 -0.000002 -0.006429 -0.015726 -0.152773
  7 5.413502 -7.700466 -0.000000 0.000040 0.025640 0.165312
  8 6.890240 0.000002 -0.000000 0.000360 -0.025709 -0.243814
  9 8.011925 0.000004 0.000005 -0.000157 0.025641 -0.174324
 10 7.210720 -0.000002 -0.000000 0.000247 -0.051676 -0.305261
 11 8.581028 -0.304903 -0.000000 0.001428 0.019049 0.587416
 12 22.523008 2.194031 6.355708 0.000000 -0.022242 0.000000
 13 22.523005 2.194038 -6.355709 0.000000 0.027012 0.000000
 14 -3.006533 7.804720 -11.355459 0.216572 0.198004 0.893213
 15 10.384675 0.000008 0.000005 0.007194 0.190979 -1.803998
 16 22.550743 -0.000006 -0.000004 0.124929 0.013450 1.916636
 17 30.814247 -0.000015 -0.000004 2.634790 0.153891 0.560131
 18 -3.013796 7.815494 11.355459 -0.229758 -0.191207 0.890306
 19 10.374533 -0.000002 0.000007 -0.007242 -0.190970 -1.803152
 20 22.550726 -0.000027 -0.000013 -0.124927 -0.013467 1.915782
 21 30.814270 -0.000023 0.000002 -2.628227 -0.168650 0.558069
 22 -4.250660 -0.770624 0.000001 -0.000000 -0.000000 2.933269
 23 10.363422 0.000000 0.000000 0.000000 -0.000008 -0.331735
 24 10.363076 0.000000 -0.000000 0.000000 0.000009 0.182630
 25 10.363081 -0.000004 -0.000002 -0.000009 -0.000015 0.462128
 26 8.210358 -0.000006 -7.786025 0.000000 0.000000 -0.000815
 27 8.210346 -0.000002 7.704017 0.000000 0.000000 -0.000814
 28 1.854841 1.227791 -13.762345 2.679713 0.172883 2.188569
 29 10.456543 -0.000004 0.000004 0.088524 0.076123 -0.941436
 30 24.248093 0.000001 0.000007 0.020567 0.025529 0.713137
 31 26.336971 0.000019 0.000002 0.333323 -0.046402 0.860141
 32 1.854847 1.227798 13.762341 -2.680368 -0.173230 2.188581
 33 10.456542 -0.000008 0.000004 -0.088026 -0.076940 -0.946107
 34 24.248116 0.000002 -0.000004 -0.020613 -0.025492 0.716129
 35 26.336975 0.000000 0.000004 -0.331874 0.048957 0.869704
time 1
  0 0.000000 0.000000 0.000000 0.000000 -0.000000 -1.570796
  1 0.000000 0.000000 0.000000 0.000000 -0.000000 0.000000
  2 0.000000 -2.951586 28.070662 -1.570317 0.018466 1.571276
  3 4.222169 -0.467508 0.000000 -0.002069 -0.000668 0.022109
  4 4.476987 -0.000002 -0.000000 0.015327 -0.013331 0.198502
  5 4.477083 0.000000 0.000002 -0.004421 0.028191 -0.067787
  6 4.477077 -0.000004 -0.000002 -0.006429 -0.015726 -0.152773
  7 5.413502 -7.700466 -0.000000 0.000040 0.025640 0.165312
  8 6.890240 0.000002 -0.000000 0.000360 -0.025709 -0.243814
  9 8.011925 0.000004 0.000005 -0.000157 0.025641 -0.174324
 10 7.210720 -0.000002 -0.000000 0.000247 -0.051676 -0.305261
 11 8.581028 -0.304903 -0.000000 0.001428 0.019049 0.587416
 12 22.523008 2.194031 6.355708 0.000000 -0.022242 0.000000
 13 22.523005 2.194038 -6.355709 0.000000 0.027012 0.000000
 14 -3.006533 7.804720 -11.355459 0.216572 0.198004 0.893213
 15 10.384675 0.000008 0.000005 0.007194 0.190979 -1.803998
 16 22.550743 -0.000006 -0.000004 0.124929 0.013450 1.916636
 17 30.814247 -0.000015 -0.000004 2.634790 0.153891 0.560131
 18 -3.013796 7.815494 11.355459 -0.229758 -0.191207 0.890306
 19 10.374533 -0.000002 0.000007 -0.007242 -0.190970 -1.803152
 20 22.550726 -0.000027 -0.000013 -0.124927 -0.013467 1.915782
 21 30.814270 -0.000023 0.000002 -2.628227 -0.168650 0.558069
 22 -4.250660 -0.770624 0.000001 -0.000000 -0.000000 2.933269
 23 10.363422 0.000000 0.000000 0.000000 -0.000008 -0.331735
 24 10.363076 0.000000 -0.000000 0.000000 0.000009 0.182630
 25 10.363081 -0.000004 -0.000002 -0.000009 -0.000015 0.462128
 26 8.210358 -0.000006 -7.786025 0.000000 0.000000 -0.000815
 27 8.210346 -0.000002 7.704017 0.000000 0.000000 -0.000814
 28 1.854841 1.227791 -13.762345 2.679713 0.172883 2.188569
 29 10.456543 -0.000004 0.000004 0.088524 0.076123 -0.941436
 30 24.248093 0.000001 0.000007 0.020567 0.025529 0.713137
 31 26.336971 0.000019 0.000002 0.333323 -0.046402 0.860141
 32 1.854847 1.227798 13.762341 -2.680368 -0.173230 2.188581
 33 10.456542 -0.000008 0.000004 -0.088026 -0.076940 -0.946107
 34 24.248116 0.000002 -0.000004 -0.020613 -0.025492 0.716129
 35 26.336975 0.000000 0.000004 -0.331874 0.048957 0.869704
time 2
  0 0.000000 0.000000 0.000000 0.000000 -0.000000 -1.570796
  1 0.000000 0.000000 0.000000 0.000000 -0.000000 0.000000
  2 -0.015625 -2.951586 28.070662 -1.570317 0.009970 1.571180
  3 4.222169 -0.467508 0.000000 -0.001997 -0.000075 -0.002256
  4 4.476987 -0.000002 -0.000000 0.013937 -0.014509 0.184140
  5 4.477083 0.000000 0.000002 -0.008687 0.027690 -0.051364
  6 4.477077 -0.000004 -0.000002 -0.008155 -0.015162 -0.127809
  7 5.413502 -7.700466 -0.000000 0.000306 0.018130 0.132641
  8 6.890240 0.000002 -0.000000 -0.000791 -0.027525 -0.224708
  9 8.011925 0.000004 0.000005 -0.001794 0.026136 -0.143021
 10 7.210720 -0.000002 -0.000000 -0.000302 -0.043219 -0.262809
 11 8.581028 -0.304903 -0.000000 0.013070 0.012527 0.609042
 12 22.523008 2.194031 6.355708 0.000000 -0.022242 0.000000
 13 22.523005 2.194038 -6.355709 0.000000 0.027043 0.000000
 14 -3.006533 7.804720 -11.355459 0.203387 0.202703 0.920270
 15 10.384675 0.000008 0.000005 0.009547 0.193397 -1.801665
 16 22.550743 -0.000006 -0.000004 0.124641 0.013278 1.914699
 17 30.814247 -0.000015 -0.000004 2.647588 0.121571 0.547561
 18 -3.013796 7.815494 11.355459 -0.190453 -0.217551 0.927470
 19 10.374533 -0.000002 0.000007 -0.007174 -0.201934 -1.800775
 20 22.550726 -0.000027 -0.000013 -0.126112 -0.004064 1.916155
 21 30.814270 -0.000023 0.000002 -2.637138 -0.137846 0.547805
 22 -4.250660 -0.770624 0.000001 0.000527 -0.013095 2.941770
 23 10.363422 0.000000 0.000000 -0.000875 -0.000140 -0.333561
 24 10.363076 0.000000 -0.000000 -0.000875 -0.009603 0.182217
 25 10.363081 -0.000004 -0.000002 0.003241 -0.017994 0.460652
 26 8.210358 -0.000006 -7.786025 0.000000 0.000000 -0.000815
 27 8.210346 -0.000002 7.704017 0.000000 0.000000 -0.000814
 28 1.854841 1.227791 -13.762345 2.681999 0.173698 2.195564
 29 10.456543 -0.000004 0.000004 0.088821 0.076034 -0.938049
 30 24.248093 0.000001 0.000007 0.020493 0.025428 0.709407
 31 26.336971 0.000019 0.000002 0.331844 -0.045009 0.860859
 32 1.854847 1.227798 13.762341 -2.683474 -0.173147 2.196034
 33 10.456542 -0.000008 0.000004 -0.088433 -0.076690 -0.942678
 34 24.248116 0.000002 -0.000004 -0.020587 -0.025480 0.715164
 35 26.336975 0.000000 0.000004 -0.331574 0.046878 0.869478
time 3
  0 0.000000 0.000000 0.000000 0.000000 -0.000000 -1.570796
  1 0.000000 0.000000 0.000000 0.000000 -0.000000 0.000000
  2 0.031251 -2.951586 28.070662 -1.570413 -0.007422 1.572330
  3 4.222169 -0.467508 0.000000 -0.001553 0.000129 -0.037110
  4 4.476987 -0.000002 -0.000000 0.008771 -0.014916 0.148980
  5 4.477083 0.000000 0.000002 -0.014871 0.026899 -0.027738
  6 4.477077 -0.000004 -0.000002 -0.010576 -0.015237 -0.093035
  7 5.413502 -7.700466 -0.000000 0.000518 0.010857 0.100219
  8 6.890240 0.000002 -0.000000 -0.001906 -0.033028 -0.194688
  9 8.011925 0.000004 0.000005 -0.003981 0.024538 -0.093210
 10 7.210720 -0.000002 -0.000000 -0.001812 -0.041101 -0.183698
 11 8.581028 -0.304903 -0.000000 0.024920 0.005664 0.630247
 12 22.523008 2.194031 6.355708 0.000000 -0.045217 0.000000
 13 22.523005 2.194038 -6.355709 0.000000 0.054963 0.000000
 14 -3.006533 7.804720 -11.355459 0.158677 0.211571 1.005219
 15 10.384675 0.000008 0.000005 0.016830 0.199444 -1.792946
 16 22.550743 -0.000006 -0.000004 0.124945 0.012790 1.903500
 17 30.814247 -0.000015 -0.000004 2.661041 0.088217 0.534920
 18 -3.013796 7.815494 11.355459 -0.129459 -0.261644 0.983957
 19 10.374533 -0.000002 0.000007 -0.004882 -0.232797 -1.794048
 20 22.550726 -0.000027 -0.000013 -0.127113 0.017923 1.914790
 21 30.814270 -0.000023 0.000002 -2.651100 -0.092190 0.530067
 22 -4.250660 -0.770624 0.000001 0.000995 -0.026832 2.951039
 23 10.363422 0.000000 0.000000 -0.001750 -0.000260 -0.335388
 24 10.363076 0.000000 -0.000000 -0.001702 -0.018711 0.181469
 25 10.363081 -0.000004 -0.000002 0.006799 -0.036666 0.458799
 26 8.210358 -0.000006 -7.786025 0.000000 0.000000 -0.001732
 27 8.210346 -0.000002 7.704017 0.000000 0.000000 -0.001729
 28 1.854841 1.227791 -13.762345 2.688244 0.174586 2.212107
 29 10.456543 -0.000004 0.000004 0.089153 0.075910 -0.934271
 30 24.248093 0.000001 0.000007 0.020382 0.025327 0.705914
 31 26.336971 0.000019 0.000002 0.328581 -0.040962 0.861522
 32 1.854847 1.227798 13.762341 -2.688167 -0.175911 2.212448
 33 10.456542 -0.000008 0.000004 -0.088806 -0.076495 -0.939565
 34 24.248116 0.000002 -0.000004 -0.020548 -0.025444 0.713337
 35 26.336975 0.000000 0.000004 -0.330159 0.041853 0.869704
time 4
  0 0.000000 0.000000 0.000000 0.000000 -0.000000 -1.570796
  1 0.000000 0.000000 0.000000 0.000000 -0.000000 0.000000
  2 0.121097 -2.951586 28.070662 -1.570605 -0.031994 1.574152
  3 4.222169 -0.467508 0.000000 -0.000762 0.000445 -0.084705
  4 4.476987 -0.000002 -0.000000 0.000826 -0.015088 0.098547
  5 4.477083 0.000000 0.000002 -0.021571 0.026204 -0.001133
  6 4.477077 -0.000004 -0.000002 -0.013344 -0.015594 -0.051891
  7 5.413502 -7.700466 -0.000000 0.000811 0.003364 0.067144
  8 6.890240 0.000002 -0.000000 -0.003188 -0.041275 -0.156290
  9 8.011925 0.000004 0.000005 -0.006575 0.021727 -0.033406
 10 7.210720 -0.000002 -0.000000 -0.003624 -0.041101 -0.093056
 11 8.581028 -0.304903 -0.000000 0.037297 -0.001591 0.651663
 12 22.523008 2.194031 6.355708 0.000000 -0.101432 0.000000
 13 22.523005 2.194038 -6.355709 0.000000 0.123295 0.000000
 14 -3.006533 7.804720 -11.355459 0.114021 0.223301 1.090648
 15 10.384675 0.000008 0.000005 0.028559 0.208016 -1.775062
 16 22.550743 -0.000006 -0.000004 0.125361 0.012158 1.880558
 17 30.814247 -0.000015 -0.000004 2.701313 0.018845 0.506772
 18 -3.013796 7.815494 11.355459 -0.024325 -0.331147 1.083081
 19 10.374533 -0.000002 0.000007 0.000308 -0.279342 -1.782973
 20 22.550726 -0.000027 -0.000013 -0.126929 0.049293 1.907345
 21 30.814270 -0.000023 0.000002 -2.665974 -0.046314 0.509120
 22 -4.250660 -0.770624 0.000001 0.001390 -0.041339 2.961153
 23 10.363422 0.000000 0.000000 -0.002649 -0.000379 -0.337236
 24 10.363076 0.000000 -0.000000 -0.002481 -0.027460 0.180411
 25 10.363081 -0.000004 -0.000002 0.010702 -0.056108 0.456437
 26 8.210358 -0.000006 -7.786025 0.000000 0.000000 -0.002650
 27 8.210346 -0.000002 7.704017 0.000000 0.000000 -0.002645
 28 1.854841 1.227791 -13.762345 2.697522 0.175622 2.236435
 29 10.456543 -0.000004 0.000004 0.089485 0.075732 -0.930103
 30 24.248093 0.000001 0.000007 0.020308 0.025227 0.702599
 31 26.336971 0.000019 0.000002 0.323839 -0.034761 0.862074
 32 1.854847 1.227798 13.762341 -2.694312 -0.180891 2.236272
 33 10.456542 -0.000008 0.000004 -0.089111 -0.076273 -0.936294
 34 24.248116 0.000002 -0.000004 -0.020470 -0.025384 0.710595
 35 26.336975 0.000000 0.000004 -0.327886 0.034408 0.870326
time 5
  0 0.000000 0.000000 0.000000 0.000000 -0.000000 -1.570796
  1 0.000000 0.000000 0.000000 0.000000 -0.000000 0.000000
  2 0.234382 -2.951586 28.070662 -1.570892 -0.061512 1.576548
  3 4.222169 -0.467508 0.000000 0.000029 0.000852 -0.135644
  4 4.476987 -0.000002 -0.000000 -0.008678 -0.015387 0.039502
  5 4.477083 0.000000 0.000002 -0.027791 0.025574 0.024152
  6 4.477077 -0.000004 -0.000002 -0.016196 -0.016158 -0.008629
  7 5.413502 -7.700466 -0.000000 0.001861 -0.006219 0.007092
  8 6.890240 0.000002 -0.000000 -0.004818 -0.051143 -0.112820
  9 8.011925 0.000004 0.000005 -0.008631 0.002924 0.048772
 10 7.210720 -0.000002 -0.000000 -0.007796 -0.048957 0.036364
 11 8.581028 -0.304903 -0.000000 0.083821 -0.016649 0.690638
 12 22.523008 2.194031 6.355708 0.000000 -0.157984 0.000000
 13 22.523005 2.194038 -6.355709 0.000000 0.192051 0.000000
 14 -3.006533 7.804720 -11.355459 0.041802 0.229095 1.201350
 15 10.384675 0.000008 0.000005 0.044134 0.217818 -1.745459
 16 22.550743 -0.000006 -0.000004 0.125489 0.011441 1.843694
 17 30.814247 -0.000015 -0.000004 2.744381 -0.045450 0.479805
 18 -3.013796 7.815494 11.355459 0.072053 -0.397772 1.181976
 19 10.374533 -0.000002 0.000007 0.008869 -0.336485 -1.768071
 20 22.550726 -0.000027 -0.000013 -0.124846 0.086278 1.889851
 21 30.814270 -0.000023 0.000002 -2.679620 -0.006873 0.487839
 22 -4.250660 -0.770624 0.000001 0.001678 -0.056472 2.971985
 23 10.363422 0.000000 0.000000 -0.003535 -0.000475 -0.339085
 24 10.363076 0.000000 -0.000000 -0.003200 -0.035729 0.178991
 25 10.363081 -0.000004 -0.000002 0.014913 -0.075951 0.453564
 26 8.210358 -0.000006 -7.786025 0.000000 0.000000 -0.003601
 27 8.210346 -0.000002 7.704017 0.000000 0.000000 -0.003594
 28 1.854841 1.227791 -13.762345 2.708911 0.176683 2.265994
 29 10.456543 -0.000004 0.000004 0.089852 0.075554 -0.925718
 30 24.248093 0.000001 0.000007 0.020197 0.025126 0.699520
 31 26.336971 0.000019 0.000002 0.318097 -0.027035 0.862461
 32 1.854847 1.227798 13.762341 -2.701571 -0.187376 2.265351
 33 10.456542 -0.000008 0.000004 -0.089450 -0.076050 -0.932628
 34 24.248116 0.000002 -0.000004 -0.020380 -0.025288 0.707091
 35 26.336975 0.000000 0.000004 -0.324970 0.025287 0.871287
time 6
  0 0.000000 0.000000 0.000000 0.000000 -0.000000 -1.570796
  1 0.000000 0.000000 0.000000 0.000000 -0.000000 0.000000
  2 0.359386 -2.951586 28.070662 -1.571276 -0.094222 1.578945
  3 4.222169 -0.467508 0.000000 0.000736 0.001242 -0.186705
  4 4.476987 -0.000002 -0.000000 -0.018685 -0.016051 -0.022628
  5 4.477083 0.000000 0.000002 -0.033591 0.025009 0.048445
  6 4.477077 -0.000004 -0.000002 -0.019157 -0.016872 0.037264
  7 5.413502 -7.700466 -0.000000 0.003363 -0.015836 -0.053459
  8 6.890240 0.000002 -0.000000 -0.006915 -0.061860 -0.066230
  9 8.011925 0.000004 0.000005 -0.012167 -0.016311 0.132119
 10 7.210720 -0.000002 -0.000000 -0.013039 -0.056337 0.167635
 11 8.581028 -0.304903 -0.000000 0.137694 -0.032560 0.729018
 12 22.523008 2.194031 6.355708 0.000000 -0.229812 0.000000
 13 22.523005 2.194038 -6.355709 0.000000 0.279502 0.000000
 14 -3.006533 7.804720 -11.355459 -0.031449 0.237610 1.303398
 15 10.384675 0.000008 0.000005 0.063333 0.227493 -1.701139
 16 22.550743 -0.000006 -0.000004 0.124961 0.010724 1.791999
 17 30.814247 -0.000015 -0.000004 2.790070 -0.105105 0.453949
 18 -3.013796 7.815494 11.355459 0.159929 -0.460586 1.283779
 19 10.374533 -0.000002 0.000007 0.020733 -0.400139 -1.749980
 20 22.550726 -0.000027 -0.000013 -0.120515 0.125953 1.858274
 21 30.814270 -0.000023 0.000002 -2.689548 0.020457 0.468901
 22 -4.250660 -0.770624 0.000001 0.001822 -0.072375 2.983661
 23 10.363422 0.000000 0.000000 -0.004434 -0.000571 -0.340977
 24 10.363076 0.000000 -0.000000 -0.003871 -0.043639 0.177236
 25 10.363081 -0.000004 -0.000002 0.019480 -0.096287 0.450074
 26 8.210358 -0.000006 -7.786025 0.000000 0.000000 -0.004552
 27 8.210346 -0.000002 7.704017 0.000000 0.000000 -0.004578
 28 1.854841 1.227791 -13.762345 2.721488 0.177818 2.299202
 29 10.456543 -0.000004 0.000004 0.090201 0.075340 -0.921246
 30 24.248093 0.000001 0.000007 0.020122 0.025045 0.696620
 31 26.336971 0.000019 0.000002 0.311702 -0.018258 0.862737
 32 1.854847 1.227798 13.762341 -2.709708 -0.194846 2.298265
 33 10.456542 -0.000008 0.000004 -0.089789 -0.075799 -0.928136
 34 24.248116 0.000002 -0.000004 -0.020263 -0.025168 0.702776
 35 26.336975 0.000000 0.000004 -0.321582 0.014957 0.872417
time 7
  0 0.000000 0.000000 0.000000 0.000000 -0.000000 -1.570796
  1 0.000000 0.000000 0.000000 0.000000 -0.000000 0.000000
  2 0.476577 -2.951586 28.070662 -1.571755 -0.127849 1.581246
  3 4.222169 -0.467508 0.000000 0.001311 0.001520 -0.233565
  4 4.476987 -0.000002 -0.000000 -0.027937 -0.017037 -0.080874
  5 4.477083 0.000000 0.000002 -0.038888 0.024508 0.071448
  6 4.477077 -0.000004 -0.000002 -0.022153 -0.017755 0.084404
  7 5.413502 -7.700466 -0.000000 0.005556 -0.025164 -0.112671
  8 6.890240 0.000002 -0.000000 -0.009540 -0.073022 -0.017826
  9 8.011925 0.000004 0.000005 -0.017314 -0.035258 0.215206
 10 7.210720 -0.000002 -0.000000 -0.019408 -0.062852 0.297082
 11 8.581028 -0.304903 -0.000000 0.197835 -0.049291 0.765855
 12 22.523008 2.194031 6.355708 0.000000 -0.301761 0.000000
 13 22.523005 2.194038 -6.355709 0.000000 0.367224 0.000000
 14 -3.006533 7.804720 -11.355459 -0.105188 0.245170 1.389652
 15 10.384675 0.000008 0.000005 0.084884 0.235385 -1.642601
 16 22.550743 -0.000006 -0.000004 0.123938 0.010035 1.733040
 17 30.814247 -0.000015 -0.000004 2.837723 -0.159462 0.429526
 18 -3.013796 7.815494 11.355459 0.204630 -0.487416 1.389571
 19 10.374533 -0.000002 0.000007 0.033743 -0.463760 -1.730729
 20 22.550726 -0.000027 -0.000013 -0.115143 0.162526 1.820059
 21 30.814270 -0.000023 0.000002 -2.692881 0.029730 0.455513
 22 -4.250660 -0.770624 0.000001 0.001798 -0.088856 2.996029
 23 10.363422 0.000000 0.000000 -0.005345 -0.000655 -0.342826
 24 10.363076 0.000000 -0.000000 -0.004482 -0.051106 0.175094
 25 10.363081 -0.000004 -0.000002 0.024343 -0.116731 0.445940
 26 8.210358 -0.000006 -7.786025 0.000000 0.000000 -0.005571
 27 8.210346 -0.000002 7.704017 0.000000 0.000000 -0.005561
 28 1.854841 1.227791 -13.762345 2.734108 0.179125 2.333444
 29 10.456543 -0.000004 0.000004 0.090568 0.075109 -0.916773
 30 24.248093 0.000001 0.000007 0.020048 0.024964 0.693896
 31 26.336971 0.000019 0.000002 0.305045 -0.009034 0.862737
 32 1.854847 1.227798 13.762341 -2.718385 -0.202562 2.332774
 33 10.456542 -0.000008 0.000004 -0.090230 -0.075493 -0.922579
 34 24.248116 0.000002 -0.000004 -0.020134 -0.025025 0.697698
 35 26.336975 0.000000 0.000004 -0.318023 0.004224 0.873660
time 8
  0 0.000000 0.000000 0.000000 0.000000 -0.000000 -1.570796
  1 0.000000 0.000000 0.000000 0.000000 -0.000000 0.000000
  2 0.582049 -2.951586 28.070662 -1.572235 -0.160718 1.582971
  3 4.222169 -0.467508 0.000000 0.001719 0.001557 -0.272926
  4 4.476987 -0.000002 -0.000000 -0.035380 -0.018086 -0.129531
  5 4.477083 0.000000 0.000002 -0.043730 0.024040 0.093444
  6 4.477077 -0.000004 -0.000002 -0.024082 -0.019860 0.108090
  7 5.413502 -7.700466 -0.000000 0.007802 -0.030448 -0.146213
  8 6.890240 0.000002 -0.000000 -0.012776 -0.084575 0.032557
  9 8.011925 0.000004 0.000005 -0.023915 -0.053518 0.296761
 10 7.210720 -0.000002 -0.000000 -0.032859 -0.070143 0.387992
 11 8.581028 -0.304903 -0.000000 0.263213 -0.066841 0.800485
 12 22.523008 2.194031 6.355708 0.000000 -0.374139 0.000000
 13 22.523005 2.194038 -6.355709 0.000000 0.455430 0.000000
 14 -3.006533 7.804720 -11.355459 -0.177896 0.253261 1.465948
 15 10.384675 0.000008 0.000005 0.105876 0.240583 -1.580174
 16 22.550743 -0.000006 -0.000004 0.122610 0.009432 1.675110
 17 30.814247 -0.000015 -0.000004 2.886426 -0.207988 0.406928
 18 -3.013796 7.815494 11.355459 0.244648 -0.516263 1.494110
 19 10.374533 -0.000002 0.000007 0.045136 -0.521667 -1.712289
 20 22.550726 -0.000027 -0.000013 -0.110710 0.191913 1.786063
 21 30.814270 -0.000023 0.000002 -2.691021 0.025913 0.447090
 22 -4.250660 -0.770624 0.000001 0.001570 -0.106139 3.009241
 23 10.363422 0.000000 0.000000 -0.006268 -0.000751 -0.344718
 24 10.363076 0.000000 -0.000000 -0.005034 -0.058236 0.172590
 25 10.363081 -0.000004 -0.000002 0.029588 -0.137375 0.441107
 26 8.210358 -0.000006 -7.786025 0.000000 0.000000 -0.006556
 27 8.210346 -0.000002 7.704017 0.000000 0.000000 -0.006578
 28 1.854841 1.227791 -13.762345 2.745937 0.180828 2.367017
 29 10.456543 -0.000004 0.000004 0.090900 0.074878 -0.912388
 30 24.248093 0.000001 0.000007 0.020011 0.024884 0.691351
 31 26.336971 0.000019 0.000002 0.298476 0.000137 0.862571
 32 1.854847 1.227798 13.762341 -2.727232 -0.210141 2.367325
 33 10.456542 -0.000008 0.000004 -0.090773 -0.075076 -0.915524
 34 24.248116 0.000002 -0.000004 -0.019978 -0.024845 0.691961
 35 26.336975 0.000000 0.000004 -0.314421 -0.006417 0.874904
time 9
  0 0.000000 0.000000 0.000000 0.000000 -0.000000 -1.570796
  1 0.000000 0.000000 0.000000 0.000000 -0.000000 0.000000
  2 0.656270 -2.951586 28.070662 -1.572522 -0.190476 1.583738
  3 4.222169 -0.467508 0.000000 0.001910 0.001242 -0.300879
  4 4.476987 -0.000002 -0.000000 -0.039838 -0.018771 -0.162028
  5 4.477083 0.000000 0.000002 -0.048033 0.023620 0.114164
  6 4.477077 -0.000004 -0.000002 -0.026012 -0.021833 0.130640
  7 5.413502 -7.700466 -0.000000 0.010261 -0.035359 -0.179164
  8 6.890240 0.000002 -0.000000 -0.016671 -0.096312 0.084149
  9 8.011925 0.000004 0.000005 -0.025499 -0.066219 0.333127
 10 7.210720 -0.000002 -0.000000 -0.044471 -0.075546 0.465736
 11 8.581028 -0.304903 -0.000000 0.294856 -0.073942 0.816748
 12 22.523008 2.194031 6.355708 0.000000 -0.445325 0.000000
 13 22.523005 2.194038 -6.355709 0.000000 0.542124 0.000000
 14 -3.006533 7.804720 -11.355459 -0.212948 0.250929 1.507838
 15 10.384675 0.000008 0.000005 0.121974 0.243044 -1.528522
 16 22.550743 -0.000006 -0.000004 0.121187 0.009002 1.627955
 17 30.814247 -0.000015 -0.000004 2.908527 -0.223944 0.398692
 18 -3.013796 7.815494 11.355459 0.258496 -0.516637 1.555613
 19 10.374533 -0.000002 0.000007 0.052349 -0.566950 -1.696459
 20 22.550726 -0.000027 -0.000013 -0.108218 0.212506 1.756657
 21 30.814270 -0.000023 0.000002 -2.688040 0.019723 0.440396
 22 -4.250660 -0.770624 0.000001 0.001055 -0.123037 3.023171
 23 10.363422 0.000000 0.000000 -0.007191 -0.000847 -0.346589
 24 10.363076 0.000000 -0.000000 -0.005525 -0.064924 0.169751
 25 10.363081 -0.000004 -0.000002 0.035129 -0.157572 0.435389
 26 8.210358 -0.000006 -7.786025 0.000000 0.000000 -0.007575
 27 8.210346 -0.000002 7.704017 0.000000 0.000000 -0.007596
 28 1.854841 1.227791 -13.762345 2.755963 0.183246 2.397427
 29 10.456543 -0.000004 0.000004 0.091214 0.074646 -0.908263
 30 24.248093 0.000001 0.000007 0.019937 0.024823 0.689042
 31 26.336971 0.000019 0.000002 0.292473 0.008652 0.862129
 32 1.854847 1.227798 13.762341 -2.735638 -0.216981 2.399678
 33 10.456542 -0.000008 0.000004 -0.091417 -0.074575 -0.906696
 34 24.248116 0.000002 -0.000004 -0.019810 -0.024653 0.685513
 35 26.336975 0.000000 0.000004 -0.311033 -0.016251 0.876147
time 10
  0 0.000000 0.000000 0.000000 0.000000 -0.000000 -1.570796
  1 0.000000 0.000000 0.000000 0.000000 -0.000000 0.000000
  2 0.691427 -2.951586 28.070662 -1.572522 -0.215407 1.583163
  3 4.222169 -0.467508 0.000000 0.001922 0.000611 -0.322209
  4 4.476987 -0.000002 -0.000000 -0.040737 -0.018707 -0.174814
  5 4.477083 0.000000 0.000002 -0.051856 0.023232 0.133685
  6 4.477077 -0.000004 -0.000002 -0.027989 -0.023788 0.153314
  7 5.413502 -7.700466 -0.000000 0.014209 -0.039589 -0.203651
  8 6.890240 0.000002 -0.000000 -0.021321 -0.107265 0.136533
  9 8.011925 0.000004 0.000005 -0.026731 -0.077242 0.361575
 10 7.210720 -0.000002 -0.000000 -0.046338 -0.073551 0.489898
 11 8.581028 -0.304903 -0.000000 0.319359 -0.079440 0.830277
 12 22.523008 2.194031 6.355708 0.000000 -0.504535 0.000000
 13 22.523005 2.194038 -6.355709 0.000000 0.613966 0.000000
 14 -3.006533 7.804720 -11.355459 -0.243659 0.248315 1.547119
 15 10.384675 0.000008 0.000005 0.128623 0.243660 -1.505196
 16 22.550743 -0.000006 -0.000004 0.120179 0.008830 1.605558
 17 30.814247 -0.000015 -0.000004 2.927659 -0.236828 0.391028
 18 -3.013796 7.815494 11.355459 0.271326 -0.515367 1.599674
 19 10.374533 -0.000002 0.000007 0.052551 -0.595787 -1.681615
 20 22.550726 -0.000027 -0.000013 -0.108749 0.223087 1.731594
 21 30.814270 -0.000023 0.000002 -2.684111 0.011502 0.434985
 22 -4.250660 -0.770624 0.000001 -0.000803 -0.120887 3.039098
 23 10.363422 0.000000 0.000000 -0.008138 -0.000943 -0.348481
 24 10.363076 0.000000 -0.000000 -0.005896 -0.070568 0.167273
 25 10.363081 -0.000004 -0.000002 0.040534 -0.170899 0.426663
 26 8.210358 -0.000006 -7.786025 0.000000 0.000000 -0.008560
 27 8.210346 -0.000002 7.704017 0.000000 0.000000 -0.008545
 28 1.854841 1.227791 -13.762345 2.763262 0.186848 2.422910
 29 10.456543 -0.000004 0.000004 0.091494 0.074451 -0.904486
 30 24.248093 0.000001 0.000007 0.019863 0.024762 0.686911
 31 26.336971 0.000019 0.000002 0.287296 0.015983 0.861522
 32 1.854847 1.227798 13.762341 -2.743303 -0.222755 2.428241
 33 10.456542 -0.000008 0.000004 -0.092231 -0.073935 -0.895700
 34 24.248116 0.000002 -0.000004 -0.019615 -0.024437 0.678506
 35 26.336975 0.000000 0.000004 -0.308074 -0.024720 0.877334
time 11
  0 0.000000 0.000000 0.000000 0.000000 -0.000000 -1.570796
  1 0.000000 0.000000 0.000000 0.000000 -0.000000 0.000000
  2 0.699240 -2.951586 28.105820 -1.572139 -0.233318 1.580958
  3 4.222169 -0.467508 0.000000 0.001814 -0.000260 -0.345102
  4 4.476987 -0.000002 -0.000000 -0.039047 -0.018065 -0.172461
  5 4.477083 0.000000 0.000002 -0.054720 0.023200 0.154731
  6 4.477077 -0.000004 -0.000002 -0.030075 -0.025554 0.177063
  7 5.413502 -7.700466 -0.000000 0.037535 -0.030873 -0.066683
  8 6.890240 0.000002 -0.000000 -0.026690 -0.102821 0.179864
  9 8.011925 0.000004 0.000005 -0.017078 -0.059141 0.279370
 10 7.210720 -0.000002 -0.000000 -0.029290 -0.053424 0.419449
 11 8.581028 -0.304903 -0.000000 0.240938 -0.053883 0.805637
 12 22.523008 2.194031 6.355708 0.000000 -0.563011 0.000000
 13 22.523005 2.194038 -6.355709 0.000000 0.684930 0.000000
 14 -3.006533 7.804720 -11.355459 -0.223854 0.239094 1.540939
 15 10.384675 0.000008 0.000005 0.120069 0.243214 -1.534965
 16 22.550743 -0.000006 -0.000004 0.120899 0.009059 1.633887
 17 30.814247 -0.000015 -0.000004 2.910711 -0.216484 0.389166
 18 -3.013796 7.815494 11.355459 0.283647 -0.509537 1.582289
 19 10.374533 -0.000002 0.000007 0.039271 -0.611601 -1.654072
 20 22.550726 -0.000027 -0.000013 -0.113304 0.222184 1.710687
 21 30.814270 -0.000023 0.000002 -2.679620 0.001960 0.430299
 22 -4.250660 -0.770624 0.000001 -0.002673 -0.117758 3.054922
 23 10.363422 0.000000 0.000000 -0.009084 -0.001051 -0.350330
 24 10.363076 0.000000 -0.000000 -0.005980 -0.074296 0.163712
 25 10.363081 -0.000004 -0.000002 0.045483 -0.173918 0.413052
 26 8.210358 -0.000006 -7.786025 0.000000 0.000000 -0.010667
 27 8.210346 -0.000002 7.704017 0.000000 0.000000 -0.010783
 28 1.854841 1.227791 -13.762345 2.766912 0.192029 2.441156
 29 10.456543 -0.000004 0.000004 0.091738 0.074255 -0.901186
 30 24.248093 0.000001 0.000007 0.019826 0.024702 0.685016
 31 26.336971 0.000019 0.000002 0.283424 0.021581 0.860749
 32 1.854847 1.227798 13.762341 -2.749549 -0.227023 2.450773
 33 10.456542 -0.000008 0.000004 -0.093181 -0.073156 -0.882655
 34 24.248116 0.000002 -0.000004 -0.019421 -0.024198 0.670890
 35 26.336975 0.000000 0.000004 -0.305715 -0.031141 0.878351
time 12
  0 0.000000 0.000000 0.000000 0.000000 -0.000000 -1.570796
  1 0.000000 0.000000 0.000000 0.000000 -0.000000 0.000000
  2 0.703146 -2.951586 28.187853 -1.571276 -0.243250 1.577028
  3 4.222169 -0.467508 0.000000 0.001623 -0.001446 -0.369544
  4 4.476987 -0.000002 -0.000000 -0.036159 -0.017208 -0.161984
  5 4.477083 0.000000 0.000002 -0.050549 0.027771 0.218465
  6 4.477077 -0.000004 -0.000002 -0.033334 -0.023468 0.217849
  7 5.413502 -7.700466 -0.000000 0.069967 -0.017382 0.133326
  8 6.890240 0.000002 -0.000000 -0.031975 -0.097292 0.222916
  9 8.011925 0.000004 0.000005 -0.000524 -0.028804 0.141697
 10 7.210720 -0.000002 -0.000000 -0.003871 -0.020286 0.303411
 11 8.581028 -0.304903 -0.000000 0.137234 -0.020832 0.771884
 12 22.523008 2.194031 6.355708 0.000000 -0.621854 0.000000
 13 22.523005 2.194038 -6.355709 0.000000 0.756106 0.000000
 14 -3.006533 7.804720 -11.355459 -0.182671 0.212525 1.465467
 15 10.384675 0.000008 0.000005 0.114467 0.235746 -1.523302
 16 22.550743 -0.000006 -0.000004 0.120115 0.009604 1.623052
 17 30.814247 -0.000015 -0.000004 2.890007 -0.192597 0.388485
 18 -3.013796 7.815494 11.355459 0.290520 -0.495263 1.493882
 19 10.374533 -0.000002 0.000007 0.007791 -0.619142 -1.602291
 20 22.550726 -0.000027 -0.000013 -0.121924 0.210386 1.683019
 21 30.814270 -0.000023 0.000002 -2.674288 -0.009075 0.426367
 22 -4.250660 -0.770624 0.000001 -0.004494 -0.114676 3.070798
 23 10.363422 0.000000 0.000000 -0.010055 -0.001182 -0.352200
 24 10.363076 0.000000 -0.000000 -0.005537 -0.076201 0.155220
 25 10.363081 -0.000004 -0.000002 0.050494 -0.166554 0.371385
 26 8.210358 -0.000006 -7.786025 0.000000 0.000000 -0.030709
 27 8.210346 -0.000002 7.704017 0.000000 0.000000 -0.032960
 28 1.854841 1.227791 -13.762345 2.766693 0.198320 2.450766
 29 10.456543 -0.000004 0.000004 0.091931 0.074095 -0.898451
 30 24.248093 0.000001 0.000007 0.019789 0.024641 0.683240
 31 26.336971 0.000019 0.000002 0.281249 0.024892 0.859754
 32 1.854847 1.227798 13.762341 -2.753803 -0.229513 2.465507
 33 10.456542 -0.000008 0.000004 -0.094198 -0.072349 -0.869058
 34 24.248116 0.000002 -0.000004 -0.019201 -0.023934 0.662716
 35 26.336975 0.000000 0.000004 -0.304172 -0.034895 0.879142
time 13
  0 0.000000 0.000000 0.000000 0.000000 -0.000000 -1.570796
  1 0.000000 0.000000 0.000000 0.000000 -0.000000 0.000000
  2 0.703146 -2.951586 28.324577 -1.570317 -0.246840 1.572714
  3 4.222169 -0.467508 0.000000 0.001395 -0.003152 -0.395442
  4 4.476987 -0.000002 -0.000000 -0.033486 -0.016501 -0.150419
  5 4.477083 0.000000 0.000002 -0.045947 0.032246 0.281383
  6 4.477077 -0.000004 -0.000002 -0.036714 -0.020969 0.259600
  7 5.413502 -7.700466 -0.000000 0.092416 -0.004112 0.267370
  8 6.890240 0.000002 -0.000000 -0.037044 -0.091607 0.265782
  9 8.011925 0.000004 0.000005 0.009731 -0.006774 0.046125
 10 7.210720 -0.000002 -0.000000 0.014275 0.004767 0.217086
 11 8.581028 -0.304903 -0.000000 0.055806 0.005272 0.747349
 12 22.523008 2.194031 6.355708 0.000000 -0.615163 0.000000
 13 22.523005 2.194038 -6.355709 0.000000 0.750631 0.000000
 14 -3.006533 7.804720 -11.355459 -0.125969 0.180021 1.360740
 15 10.384675 0.000008 0.000005 0.109872 0.225265 -1.492255
 16 22.550743 -0.000006 -0.000004 0.118788 0.010523 1.590485
 17 30.814247 -0.000015 -0.000004 2.849779 -0.139462 0.401306
 18 -3.013796 7.815494 11.355459 0.290876 -0.477663 1.390826
 19 10.374533 -0.000002 0.000007 -0.033397 -0.620072 -1.540189
 20 22.550726 -0.000027 -0.000013 -0.131341 0.192483 1.644866
 21 30.814270 -0.000023 0.000002 -2.662326 -0.030655 0.429016
 22 -4.250660 -0.770624 0.000001 -0.006268 -0.111595 3.086520
 23 10.363422 0.000000 0.000000 -0.011026 -0.001314 -0.354049
 24 10.363076 0.000000 -0.000000 -0.004350 -0.076285 0.138134
 25 10.363081 -0.000004 -0.000002 0.055566 -0.157403 0.325154
 26 8.210358 -0.000006 -7.786025 0.000000 0.000000 -0.050513
 27 8.210346 -0.000002 7.704017 0.000000 0.000000 -0.052525
 28 1.854841 1.227791 -13.762345 2.765329 0.201725 2.452591
 29 10.456543 -0.000004 0.000004 0.092053 0.073988 -0.896453
 30 24.248093 0.000001 0.000007 0.019752 0.024601 0.681701
 31 26.336971 0.000019 0.000002 0.281075 0.025470 0.858650
 32 1.854847 1.227798 13.762341 -2.755593 -0.229896 2.470719
 33 10.456542 -0.000008 0.000004 -0.095080 -0.071597 -0.857038
 34 24.248116 0.000002 -0.000004 -0.018968 -0.023646 0.654085
 35 26.336975 0.000000 0.000004 -0.303657 -0.035422 0.879651
time 14
  0 0.000000 0.000000 0.000000 0.000000 -0.000000 -1.570796
  1 0.000000 0.000000 0.000000 0.000000 -0.000000 0.000000
  2 0.707053 -2.951586 28.570677 -1.569646 -0.246960 1.569455
  3 4.222169 -0.467508 0.000000 0.001215 -0.005191 -0.420559
  4 4.476987 -0.000002 -0.000000 -0.032336 -0.016180 -0.144181
  5 4.477083 0.000000 0.000002 -0.041669 0.036187 0.339469
  6 4.477077 -0.000004 -0.000002 -0.039650 -0.018563 0.298158
  7 5.413502 -7.700466 -0.000000 0.090794 0.010857 0.184852
  8 6.890240 0.000002 -0.000000 -0.041874 -0.085660 0.308811
  9 8.011925 0.000004 0.000005 0.010111 -0.007908 0.080517
 10 7.210720 -0.000002 -0.000000 0.015290 0.003266 0.220733
 11 8.581028 -0.304903 -0.000000 0.057941 0.008601 0.786570
 12 22.523008 2.194031 6.355708 0.000000 -0.161986 0.000000
 13 22.523005 2.194038 -6.355709 0.000000 0.240268 0.000000
 14 -3.006533 7.804720 -11.355459 -0.055703 0.145292 1.270229
 15 10.384675 0.000008 0.000005 0.103000 0.213871 -1.463097
 16 22.550743 -0.000006 -0.000004 0.117620 0.011527 1.560098
 17 30.814247 -0.000015 -0.000004 2.807454 -0.082816 0.411118
 18 -3.013796 7.815494 11.355459 0.285581 -0.459092 1.289707
 19 10.374533 -0.000002 0.000007 -0.072427 -0.617315 -1.488234
 20 22.550726 -0.000027 -0.000013 -0.138736 0.173244 1.611924
 21 30.814270 -0.000023 0.000002 -2.649907 -0.053189 0.431861
 22 -4.250660 -0.770624 0.000001 -0.007982 -0.108514 3.102268
 23 10.363422 0.000000 0.000000 -0.012033 -0.001482 -0.356183
 24 10.363076 0.000000 -0.000000 -0.002385 -0.074667 0.110724
 25 10.363081 -0.000004 -0.000002 0.060442 -0.147189 0.277177
 26 8.210358 -0.000006 -7.786025 0.000000 0.000000 -0.067329
 27 8.210346 -0.000002 7.704017 0.000000 0.000000 -0.068259
 28 1.854841 1.227791 -13.762345 2.764802 0.201478 2.450949
 29 10.456543 -0.000004 0.000004 0.092123 0.073917 -0.895151
 30 24.248093 0.000001 0.000007 0.019715 0.024561 0.680339
 31 26.336971 0.000019 0.000002 0.282032 0.024524 0.857545
 32 1.854847 1.227798 13.762341 -2.755829 -0.229075 2.470073
 33 10.456542 -0.000008 0.000004 -0.095724 -0.071041 -0.848446
 34 24.248116 0.000002 -0.000004 -0.018735 -0.023347 0.644844
 35 26.336975 0.000000 0.000004 -0.303700 -0.034119 0.880047
time 15
  0 0.000000 0.000000 0.000000 0.000000 -0.000000 -1.570796
  1 0.000000 0.000000 0.000000 0.000000 -0.000000 0.000000
  2 0.707053 -2.951586 28.723026 -1.569550 -0.246162 1.568687
  3 4.222169 -0.467508 0.000000 0.001731 -0.005135 -0.420835
  4 4.476987 -0.000002 -0.000000 -0.032599 -0.016180 -0.143671
  5 4.477083 0.000000 0.000002 -0.038948 0.038432 0.371425
  6 4.477077 -0.000004 -0.000002 -0.039830 -0.018206 0.301834
  7 5.413502 -7.700466 -0.000000 0.086634 0.026047 -0.000812
  8 6.890240 0.000002 -0.000000 -0.046416 -0.079439 0.351909
  9 8.011925 0.000004 0.000005 0.009849 -0.010432 0.125137
 10 7.210720 -0.000002 -0.000000 0.015153 0.001236 0.226981
 11 8.581028 -0.304903 -0.000000 0.064601 0.009983 0.829121
 12 22.523008 2.194031 6.355708 0.000000 0.265649 0.000000
 13 22.523005 2.194038 -6.355709 0.000000 -0.245986 0.000000
 14 -3.006533 7.804720 -11.355459 0.025307 0.106252 1.221814
 15 10.384675 0.000008 0.000005 0.092616 0.203242 -1.449490
 16 22.550743 -0.000006 -0.000004 0.117029 0.012388 1.547386
 17 30.814247 -0.000015 -0.000004 2.764692 -0.025607 0.416633
 18 -3.013796 7.815494 11.355459 0.272548 -0.442800 1.221535
 19 10.374533 -0.000002 0.000007 -0.098515 -0.615621 -1.464982
 20 22.550726 -0.000027 -0.000013 -0.142127 0.157677 1.598400
 21 30.814270 -0.000023 0.000002 -2.637629 -0.075626 0.434371
 22 -4.250660 -0.770624 0.000001 -0.009648 -0.105481 3.117887
 23 10.363422 0.000000 0.000000 -0.012895 -0.001626 -0.354181
 24 10.363076 0.000000 -0.000000 0.000384 -0.071863 0.070719
 25 10.363081 -0.000004 -0.000002 0.064874 -0.136343 0.229201
 26 8.210358 -0.000006 -7.786025 0.000000 0.000000 -0.079048
 27 8.210346 -0.000002 7.704017 0.000000 0.000000 -0.080161
 28 1.854841 1.227791 -13.762345 2.764406 0.201429 2.449793
 29 10.456543 -0.000004 0.000004 0.092140 0.073899 -0.894499
 30 24.248093 0.000001 0.000007 0.019678 0.024520 0.679155
 31 26.336971 0.000019 0.000002 0.282728 0.024051 0.856551
 32 1.854847 1.227798 13.762341 -2.756099 -0.228501 2.469944
 33 10.456542 -0.000008 0.000004 -0.095962 -0.070846 -0.845373
 34 24.248116 0.000002 -0.000004 -0.018514 -0.023059 0.636670
 35 26.336975 0.000000 0.000004 -0.303743 -0.033250 0.880329
time 16
  0 0.000000 0.000000 0.000000 0.000000 -0.000000 -1.570796
  1 0.000000 0.000000 0.000000 0.000000 -0.000000 0.000000
  2 0.707053 -2.951586 28.539427 -1.569838 -0.245923 1.569838
  3 4.222169 -0.467508 0.000000 0.002294 -0.004839 -0.418872
  4 4.476987 -0.000002 -0.000000 -0.032803 -0.016180 -0.143027
  5 4.477083 0.000000 0.000002 -0.038445 0.038594 0.371291
  6 4.477077 -0.000004 -0.000002 -0.039806 -0.017999 0.302488
  7 5.413502 -7.700466 -0.000000 0.079909 0.039912 -0.186694
  8 6.890240 0.000002 -0.000000 -0.050251 -0.073557 0.390982
  9 8.011925 0.000004 0.000005 0.009692 -0.012956 0.169704
 10 7.210720 -0.000002 -0.000000 0.015126 0.000265 0.229851
 11 8.581028 -0.304903 -0.000000 0.070502 0.011042 0.867746
 12 22.523008 2.194031 6.355708 0.000000 0.069567 0.000000
 13 22.523005 2.194038 -6.355709 0.000000 -0.083790 0.000000
 14 -3.006533 7.804720 -11.355459 0.096495 0.071628 1.212337
 15 10.384675 0.000008 0.000005 0.079543 0.194692 -1.457154
 16 22.550743 -0.000006 -0.000004 0.116965 0.013048 1.550654
 17 30.814247 -0.000015 -0.000004 2.720357 0.032951 0.417851
 18 -3.013796 7.815494 11.355459 0.251317 -0.431702 1.215777
 19 10.374533 -0.000002 0.000007 -0.112401 -0.616252 -1.464576
 20 22.550726 -0.000027 -0.000013 -0.142454 0.145937 1.601130
 21 30.814270 -0.000023 0.000002 -2.625772 -0.097622 0.436686
 22 -4.250660 -0.770624 0.000001 -0.011301 -0.102480 3.134019
 23 10.363422 0.000000 0.000000 -0.012212 -0.001350 -0.306582
 24 10.363076 0.000000 -0.000000 0.007478 -0.067512 -0.036882
 25 10.363081 -0.000004 -0.000002 0.068777 -0.125127 0.182219
 26 8.210358 -0.000006 -7.786025 0.000000 0.000000 -0.078505
 27 8.210346 -0.000002 7.704017 0.000000 0.000000 -0.088028
 28 1.854841 1.227791 -13.762345 2.764142 0.201380 2.449003
 29 10.456543 -0.000004 0.000004 0.092123 0.073899 -0.894326
 30 24.248093 0.000001 0.000007 0.019641 0.024500 0.678208
 31 26.336971 0.000019 0.000002 0.283207 0.023919 0.855723
 32 1.854847 1.227798 13.762341 -2.756335 -0.228118 2.469987
 33 10.456542 -0.000008 0.000004 -0.095792 -0.070985 -0.848171
 34 24.248116 0.000002 -0.000004 -0.018644 -0.023203 0.642153
 35 26.336975 0.000000 0.000004 -0.303743 -0.032630 0.880555
time 17
  0 0.000000 0.000000 0.000000 0.000000 -0.000000 -1.570796
  1 0.000000 0.000000 0.000000 0.000000 -0.000000 0.000000
  2 0.703146 -2.951586 28.351921 -1.570126 -0.245683 1.570605
  3 4.222169 -0.467508 0.000000 0.002821 -0.004561 -0.417185
  4 4.476987 -0.000002 -0.000000 -0.032947 -0.016159 -0.142472
  5 4.477083 0.000000 0.000002 -0.037858 0.038772 0.372180
  6 4.477077 -0.000004 -0.000002 -0.039782 -0.017755 0.303344
  7 5.413502 -7.700466 -0.000000 0.077702 0.044449 -0.263144
  8 6.890240 0.000002 -0.000000 -0.050275 -0.073178 0.389353
  9 8.011925 0.000004 0.000005 0.009652 -0.014314 0.189846
 10 7.210720 -0.000002 -0.000000 0.015126 0.000265 0.229851
 11 8.581028 -0.304903 -0.000000 0.072799 0.011264 0.883063
 12 22.523008 2.194031 6.355708 0.000000 -0.336071 0.000000
 13 22.523005 2.194038 -6.355709 0.000000 0.271334 0.000000
 14 -3.006533 7.804720 -11.355459 0.154825 0.043222 1.208286
 15 10.384675 0.000008 0.000005 0.071326 0.189621 -1.463986
 16 22.550743 -0.000006 -0.000004 0.116885 0.013479 1.552168
 17 30.814247 -0.000015 -0.000004 2.678382 0.087277 0.415058
 18 -3.013796 7.815494 11.355459 0.220464 -0.417128 1.218057
 19 10.374533 -0.000002 0.000007 -0.124265 -0.614391 -1.462547
 20 22.550726 -0.000027 -0.000013 -0.142372 0.133766 1.602619
 21 30.814270 -0.000023 0.000002 -2.608793 -0.126346 0.437356
 22 -4.250660 -0.770624 0.000001 -0.012356 -0.099174 -3.138745
 23 10.363422 0.000000 0.000000 -0.011601 -0.001254 -0.239573
 24 10.363076 0.000000 -0.000000 0.013375 -0.062239 -0.130882
 25 10.363081 -0.000004 -0.000002 0.072027 -0.114066 0.137974
 26 8.210358 -0.000006 -7.786025 0.000000 0.000000 -0.071711
 27 8.210346 -0.000002 7.704017 0.000000 0.000000 -0.095319
 28 1.854841 1.227791 -13.762345 2.763922 0.201404 2.448516
 29 10.456543 -0.000004 0.000004 0.092088 0.073917 -0.894456
 30 24.248093 0.000001 0.000007 0.019641 0.024480 0.677379
 31 26.336971 0.000019 0.000002 0.283555 0.024077 0.855005
 32 1.854847 1.227798 13.762341 -2.756538 -0.227899 2.470159
 33 10.456542 -0.000008 0.000004 -0.095589 -0.071208 -0.851639
 34 24.248116 0.000002 -0.000004 -0.018748 -0.023347 0.645606
 35 26.336975 0.000000 0.000004 -0.303700 -0.032289 0.880781
time 18
  0 0.000000 0.000000 0.000000 0.000000 -0.000000 -1.570796
  1 0.000000 0.000000 0.000000 0.000000 -0.000000 0.000000
  2 0.703146 -2.951586 28.441767 -1.570221 -0.245484 1.570988
  3 4.222169 -0.467508 0.000000 0.003325 -0.004283 -0.415544
  4 4.476987 -0.000002 -0.000000 -0.032971 -0.016116 -0.142028
  5 4.477083 0.000000 0.000002 -0.037270 0.038885 0.372862
  6 4.477077 -0.000004 -0.000002 -0.039734 -0.017492 0.304092
  7 5.413502 -7.700466 -0.000000 0.081676 0.031858 -0.124712
  8 6.890240 0.000002 -0.000000 -0.048837 -0.073845 0.370689
  9 8.011925 0.000004 0.000005 0.009757 -0.012621 0.159088
 10 7.210720 -0.000002 -0.000000 0.015153 0.001236 0.226955
 11 8.581028 -0.304903 -0.000000 0.068252 0.010410 0.853691
 12 22.523008 2.194031 6.355708 0.000000 -0.529954 0.000000
 13 22.523005 2.194038 -6.355709 0.000000 0.437341 0.000000
 14 -3.006533 7.804720 -11.355459 0.187001 0.028242 1.205058
 15 10.384675 0.000008 0.000005 0.070019 0.187818 -1.458820
 16 22.550743 -0.000006 -0.000004 0.116837 0.013766 1.552713
 17 30.814247 -0.000015 -0.000004 2.667506 0.100756 0.413518
 18 -3.013796 7.815494 11.355459 0.134574 -0.377146 1.207512
 19 10.374533 -0.000002 0.000007 -0.133635 -0.608644 -1.460459
 20 22.550726 -0.000027 -0.000013 -0.141820 0.121320 1.603487
 21 30.814270 -0.000023 0.000002 -2.556558 -0.199845 0.426144
 22 -4.250660 -0.770624 0.000001 -0.008797 -0.092675 3.105391
 23 10.363422 0.000000 0.000000 -0.010774 -0.000895 -0.168120
 24 10.363076 0.000000 -0.000000 0.009324 -0.058368 -0.057659
 25 10.363081 -0.000004 -0.000002 0.074699 -0.103205 0.096549
 26 8.210358 -0.000006 -7.786025 0.000000 0.000000 -0.117706
 27 8.210346 -0.000002 7.704017 0.000000 0.000000 -0.128380
 28 1.854841 1.227791 -13.762345 2.763834 0.201429 2.448273
 29 10.456543 -0.000004 0.000004 0.092035 0.073935 -0.894673
 30 24.248093 0.000001 0.000007 0.019603 0.024460 0.676787
 31 26.336971 0.000019 0.000002 0.283772 0.024445 0.854342
 32 1.854847 1.227798 13.762341 -2.756707 -0.227789 2.470461
 33 10.456542 -0.000008 0.000004 -0.095623 -0.071152 -0.850654
 34 24.248116 0.000002 -0.000004 -0.018786 -0.023455 0.646418
 35 26.336975 0.000000 0.000004 -0.303657 -0.032134 0.880894
time 19
  0 0.000000 0.000000 0.000000 0.000000 -0.000000 -1.570796
  1 0.000000 0.000000 0.000000 0.000000 -0.000000 0.000000
  2 0.707053 -2.951586 28.637085 -1.570317 -0.245324 1.571276
  3 4.222169 -0.467508 0.000000 0.003816 -0.004023 -0.413996
  4 4.476987 -0.000002 -0.000000 -0.032815 -0.016094 -0.141718
  5 4.477083 0.000000 0.000002 -0.036695 0.038982 0.373351
  6 4.477077 -0.000004 -0.000002 -0.039626 -0.017191 0.304683
  7 5.413502 -7.700466 -0.000000 0.089465 0.010263 0.124240
  8 6.890240 0.000002 -0.000000 -0.045278 -0.075636 0.328265
  9 8.011925 0.000004 0.000005 0.010045 -0.009026 0.099284
 10 7.210720 -0.000002 -0.000000 0.015235 0.003319 0.220653
 11 8.581028 -0.304903 -0.000000 0.060215 0.008635 0.798627
 12 22.523008 2.194031 6.355708 0.000000 -0.206928 0.000000
 13 22.523005 2.194038 -6.355709 0.000000 0.123598 0.000000
 14 -3.006533 7.804720 -11.355459 0.188520 0.028207 1.203616
 15 10.384675 0.000008 0.000005 0.069160 0.186863 -1.456543
 16 22.550743 -0.000006 -0.000004 0.116789 0.013909 1.552349
 17 30.814247 -0.000015 -0.000004 2.667157 0.101415 0.413983
 18 -3.013796 7.815494 11.355459 0.108761 -0.368290 1.198962
 19 10.374533 -0.000002 0.000007 -0.140107 -0.597448 -1.459299
 20 22.550726 -0.000027 -0.000013 -0.140860 0.108815 1.604046
 21 30.814270 -0.000023 0.000002 -2.550629 -0.207969 0.424052
 22 -4.250660 -0.770624 0.000001 -0.005884 -0.086946 3.067469
 23 10.363422 0.000000 0.000000 -0.009947 -0.000595 -0.117462
 24 10.363076 0.000000 -0.000000 0.004854 -0.055791 0.026481
 25 10.363081 -0.000004 -0.000002 0.075979 -0.097474 0.075984
 26 8.210358 -0.000006 -7.786025 0.000000 0.000000 -0.160814
 27 8.210346 -0.000002 7.704017 0.000000 0.000000 -0.156762
 28 1.854841 1.227791 -13.762345 2.763746 0.201454 2.448212
 29 10.456543 -0.000004 0.000004 0.092018 0.073952 -0.894847
 30 24.248093 0.000001 0.000007 0.019603 0.024440 0.676314
 31 26.336971 0.000019 0.000002 0.283859 0.024944 0.853845
 32 1.854847 1.227798 13.762341 -2.756842 -0.227789 2.470849
 33 10.456542 -0.000008 0.000004 -0.095860 -0.070929 -0.846791
 34 24.248116 0.000002 -0.000004 -0.018799 -0.023526 0.645656
 35 26.336975 0.000000 0.000004 -0.303614 -0.032165 0.881007
time 20
  0 0.000000 0.000000 0.000000 0.000000 -0.000000 -1.570796
  1 0.000000 0.000000 0.000000 0.000000 -0.000000 0.000000
  2 0.707053 -2.951586 28.723026 -1.570317 -0.245165 1.571372
  3 4.222169 -0.467508 0.000000 0.004271 -0.003782 -0.412509
  4 4.476987 -0.000002 -0.000000 -0.032432 -0.016051 -0.141562
  5 4.477083 0.000000 0.000002 -0.036120 0.039030 0.373633
  6 4.477077 -0.000004 -0.000002 -0.039470 -0.016853 0.305073
  7 5.413502 -7.700466 -0.000000 0.092270 -0.002532 0.255422
  8 6.890240 0.000002 -0.000000 -0.038962 -0.080249 0.259522
  9 8.011925 0.000004 0.000005 0.009456 -0.006646 0.056196
 10 7.210720 -0.000002 -0.000000 0.014824 0.004343 0.217622
 11 8.581028 -0.304903 -0.000000 0.052935 0.008601 0.752852
 12 22.523008 2.194031 6.355708 0.000000 0.135437 0.000000
 13 22.523005 2.194038 -6.355709 0.000000 -0.206511 0.000000
 14 -3.006533 7.804720 -11.355459 0.190962 0.028101 1.202586
 15 10.384675 0.000008 0.000005 0.068861 0.186608 -1.455766
 16 22.550743 -0.000006 -0.000004 0.116741 0.013995 1.551139
 17 30.814247 -0.000015 -0.000004 2.665802 0.102982 0.414270
 18 -3.013796 7.815494 11.355459 0.093844 -0.366122 1.194516
 19 10.374533 -0.000002 0.000007 -0.143612 -0.579209 -1.459763
 20 22.550726 -0.000027 -0.000013 -0.139553 0.096271 1.604232
 21 30.814270 -0.000023 0.000002 -2.556769 -0.200041 0.425892
 22 -4.250660 -0.770624 0.000001 -0.006987 -0.089353 3.082961
 23 10.363422 0.000000 0.000000 -0.011361 -0.001194 -0.228834
 24 10.363076 0.000000 -0.000000 0.002313 -0.063330 0.056394
 25 10.363081 -0.000004 -0.000002 0.070648 -0.120783 0.162942
 26 8.210358 -0.000006 -7.786025 0.000000 0.000000 -0.130377
 27 8.210346 -0.000002 7.704017 0.000000 0.000000 -0.125261
 28 1.854841 1.227791 -13.762345 2.763746 0.201503 2.448273
 29 10.456543 -0.000004 0.000004 0.092035 0.073935 -0.894717
 30 24.248093 0.000001 0.000007 0.019603 0.024440 0.676077
 31 26.336971 0.000019 0.000002 0.283903 0.025549 0.853403
 32 1.854847 1.227798 13.762341 -2.756943 -0.227871 2.471236
 33 10.456542 -0.000008 0.000004 -0.095996 -0.070762 -0.843638
 34 24.248116 0.000002 -0.000004 -0.018799 -0.023586 0.644082
 35 26.336975 0.000000 0.000004 -0.303614 -0.032320 0.881064
time 21
  0 0.000000 0.000000 0.000000 0.000000 -0.000000 -1.570796
  1 0.000000 0.000000 0.000000 0.000000 -0.000000 0.000000
  2 0.707053 -2.951586 28.539427 -1.570222 -0.245045 1.571372
  3 4.222169 -0.467508 0.000000 0.004715 -0.003523 -0.411082
  4 4.476987 -0.000002 -0.000000 -0.031772 -0.016009 -0.141562
  5 4.477083 0.000000 0.000002 -0.035557 0.039062 0.373707
  6 4.477077 -0.000004 -0.000002 -0.039243 -0.016477 0.305182
  7 5.413502 -7.700466 -0.000000 0.083165 0.000901 0.134726
  8 6.890240 0.000002 -0.000000 -0.030069 -0.087660 0.172347
  9 8.011925 0.000004 0.000005 0.000891 -0.014458 0.185148
 10 7.210720 -0.000002 -0.000000 0.011118 -0.007450 0.253960
 11 8.581028 -0.304903 -0.000000 0.051833 0.026629 0.783766
 12 22.523008 2.194031 6.355708 0.000000 0.161956 0.000000
 13 22.523005 2.194038 -6.355709 0.000000 -0.228411 0.000000
 14 -3.006533 7.804720 -11.355459 0.193132 0.028525 1.202036
 15 10.384675 0.000008 0.000005 0.069010 0.186735 -1.455544
 16 22.550743 -0.000006 -0.000004 0.116709 0.013995 1.549262
 17 30.814247 -0.000015 -0.000004 2.664099 0.104738 0.414449
 18 -3.013796 7.815494 11.355459 0.079894 -0.365263 1.193035
 19 10.374533 -0.000002 0.000007 -0.144084 -0.553129 -1.462256
 20 22.550726 -0.000027 -0.000013 -0.137939 0.083903 1.604294
 21 30.814270 -0.000023 0.000002 -2.565434 -0.187832 0.428542
 22 -4.250660 -0.770624 0.000001 -0.008785 -0.092787 3.105647
 23 10.363422 0.000000 0.000000 -0.012728 -0.001626 -0.340273
 24 10.363076 0.000000 -0.000000 0.000971 -0.070712 0.062744
 25 10.363081 -0.000004 -0.000002 0.063335 -0.142860 0.245202
 26 8.210358 -0.000006 -7.786025 0.000000 0.000000 -0.076433
 27 8.210346 -0.000002 7.704017 0.000000 0.000000 -0.076737
 28 1.854841 1.227791 -13.762345 2.763790 0.201577 2.448455
 29 10.456543 -0.000004 0.000004 0.092088 0.073899 -0.894369
 30 24.248093 0.000001 0.000007 0.019603 0.024440 0.676018
 31 26.336971 0.000019 0.000002 0.283903 0.026153 0.853017
 32 1.854847 1.227798 13.762341 -2.756977 -0.228008 2.471581
 33 10.456542 -0.000008 0.000004 -0.095826 -0.070874 -0.844860
 34 24.248116 0.000002 -0.000004 -0.018786 -0.023610 0.642712
 35 26.336975 0.000000 0.000004 -0.303571 -0.032537 0.881064
time 22
  0 0.000000 0.000000 0.000000 0.000000 -0.000000 -1.570796
  1 0.000000 0.000000 0.000000 0.000000 -0.000000 0.000000
  2 0.703146 -2.951586 28.351921 -1.570125 -0.244965 1.571180
  3 4.222169 -0.467508 0.000000 0.005146 -0.003282 -0.409733
  4 4.476987 -0.000002 -0.000000 -0.030766 -0.015966 -0.141740
  5 4.477083 0.000000 0.000002 -0.034981 0.039079 0.373588
  6 4.477077 -0.000004 -0.000002 -0.038907 -0.016045 0.304995
  7 5.413502 -7.700466 -0.000000 0.063600 0.010229 -0.140986
  8 6.890240 0.000002 -0.000000 -0.019870 -0.095489 0.080123
  9 8.011925 0.000004 0.000005 -0.016201 -0.031791 0.462183
 10 7.210720 -0.000002 -0.000000 0.006643 -0.020939 0.295446
 11 8.581028 -0.304903 -0.000000 0.052384 0.048617 0.828910
 12 22.523008 2.194031 6.355708 0.000000 0.026489 0.000000
 13 22.523005 2.194038 -6.355709 0.000000 -0.059288 0.000000
 14 -3.006533 7.804720 -11.355459 0.195085 0.029514 1.201968
 15 10.384675 0.000008 0.000005 0.069496 0.187033 -1.454988
 16 22.550743 -0.000006 -0.000004 0.116677 0.013995 1.546720
 17 30.814247 -0.000015 -0.000004 2.662134 0.106650 0.414556
 18 -3.013796 7.815494 11.355459 0.067471 -0.365525 1.194003
 19 10.374533 -0.000002 0.000007 -0.141388 -0.520471 -1.466373
 20 22.550726 -0.000027 -0.000013 -0.136080 0.071712 1.604232
 21 30.814270 -0.000023 0.000002 -2.576730 -0.170827 0.431638
 22 -4.250660 -0.770624 0.000001 -0.010822 -0.096254 3.128386
 23 10.363422 0.000000 0.000000 -0.012248 -0.001350 -0.308276
 24 10.363076 0.000000 -0.000000 0.007478 -0.067644 -0.036856
 25 10.363081 -0.000004 -0.000002 0.065921 -0.137391 0.213496
 26 8.210358 -0.000006 -7.786025 0.000000 0.000000 0.002650
 27 8.210346 -0.000002 7.704017 0.000000 0.000000 -0.017294
 28 1.854841 1.227791 -13.762345 2.763834 0.201626 2.448698
 29 10.456543 -0.000004 0.000004 0.092193 0.073828 -0.893457
 30 24.248093 0.000001 0.000007 0.019603 0.024440 0.676136
 31 26.336971 0.000019 0.000002 0.283859 0.026705 0.852741
 32 1.854847 1.227798 13.762341 -2.757010 -0.228172 2.471839
 33 10.456542 -0.000008 0.000004 -0.095216 -0.071375 -0.852782
 34 24.248116 0.000002 -0.000004 -0.018786 -0.023610 0.642255
 35 26.336975 0.000000 0.000004 -0.303528 -0.032816 0.881064
time 23
  0 0.000000 0.000000 0.000000 0.000000 -0.000000 -1.570796
  1 0.000000 0.000000 0.000000 0.000000 -0.000000 0.000000
  2 0.703146 -2.951586 28.367546 -1.570030 -0.244885 1.570892
  3 4.222169 -0.467508 0.000000 0.005542 -0.003059 -0.408460
  4 4.476987 -0.000002 -0.000000 -0.029364 -0.015923 -0.142117
  5 4.477083 0.000000 0.000002 -0.034418 0.039079 0.373277
  6 4.477077 -0.000004 -0.000002 -0.038464 -0.015575 0.304434
  7 5.413502 -7.700466 -0.000000 0.043078 0.017552 -0.415888
  8 6.890240 0.000002 -0.000000 -0.009396 -0.102899 -0.007773
  9 8.011925 0.000004 0.000005 -0.035466 -0.046856 0.738880
 10 7.210720 -0.000002 -0.000000 0.002224 -0.032891 0.332159
 11 8.581028 -0.304903 -0.000000 0.053349 0.070282 0.873213
 12 22.523008 2.194031 6.355708 0.000000 -0.238672 0.000000
 13 22.523005 2.194038 -6.355709 0.000000 0.273875 0.000000
 14 -3.006533 7.804720 -11.355459 0.196767 0.031034 1.202448
 15 10.384675 0.000008 0.000005 0.070131 0.187223 -1.453156
 16 22.550743 -0.000006 -0.000004 0.116661 0.014024 1.543693
 17 30.814247 -0.000015 -0.000004 2.659819 0.108687 0.414592
 18 -3.013796 7.815494 11.355459 0.056474 -0.366421 1.197081
 19 10.374533 -0.000002 0.000007 -0.135860 -0.483561 -1.471302
 20 22.550726 -0.000027 -0.000013 -0.134038 0.059914 1.604232
 21 30.814270 -0.000023 0.000002 -2.590411 -0.149125 0.434957
 22 -4.250660 -0.770624 0.000001 -0.012164 -0.098115 -3.140742
 23 10.363422 0.000000 0.000000 -0.011601 -0.001242 -0.239573
 24 10.363076 0.000000 -0.000000 0.013039 -0.062311 -0.125100
 25 10.363081 -0.000004 -0.000002 0.070698 -0.123464 0.150539
 26 8.210358 -0.000006 -7.786025 0.000000 0.000000 0.066004
 27 8.210346 -0.000002 7.704017 0.000000 0.000000 0.027060
 28 1.854841 1.227791 -13.762345 2.763922 0.201651 2.448942
 29 10.456543 -0.000004 0.000004 0.092332 0.073757 -0.892415
 30 24.248093 0.000001 0.000007 0.019603 0.024460 0.676373
 31 26.336971 0.000019 0.000002 0.283859 0.027152 0.852575
 32 1.854847 1.227798 13.762341 -2.756977 -0.228337 2.472012
 33 10.456542 -0.000008 0.000004 -0.094673 -0.071820 -0.859560
 34 24.248116 0.000002 -0.000004 -0.018786 -0.023610 0.642712
 35 26.336975 0.000000 0.000004 -0.303528 -0.033095 0.881064
time 24
  0 0.000000 0.000000 0.000000 0.000000 -0.000000 -1.570796
  1 0.000000 0.000000 0.000000 0.000000 -0.000000 0.000000
  2 0.707053 -2.951586 28.476925 -1.569838 -0.244806 1.570701
  3 4.222169 -0.467508 0.000000 0.005937 -0.002818 -0.407249
  4 4.476987 -0.000002 -0.000000 -0.027494 -0.015880 -0.142739
  5 4.477083 0.000000 0.000002 -0.033855 0.039095 0.372773
  6 4.477077 -0.000004 -0.000002 -0.037900 -0.015030 0.303438
  7 5.413502 -7.700466 -0.000000 0.034837 0.020661 -0.524231
  8 6.890240 0.000002 -0.000000 -0.004099 -0.106664 -0.051686
  9 8.011925 0.000004 0.000005 -0.042944 -0.053151 0.848209
 10 7.210720 -0.000002 -0.000000 0.000165 -0.037764 0.346828
 11 8.581028 -0.304903 -0.000000 0.053992 0.080064 0.893613
 12 22.523008 2.194031 6.355708 0.000000 -0.510156 0.000000
 13 22.523005 2.194038 -6.355709 0.000000 0.613240 0.000000
 14 -3.006533 7.804720 -11.355459 0.198178 0.033118 1.203410
 15 10.384675 0.000008 0.000005 0.070878 0.187011 -1.448879
 16 22.550743 -0.000006 -0.000004 0.116629 0.014110 1.539880
 17 30.814247 -0.000015 -0.000004 2.657198 0.110882 0.414628
 18 -3.013796 7.815494 11.355459 0.046546 -0.367542 1.201584
 19 10.374533 -0.000002 0.000007 -0.127973 -0.443661 -1.476753
 20 22.550726 -0.000027 -0.000013 -0.131872 0.048547 1.604418
 21 30.814270 -0.000023 0.000002 -2.606267 -0.122896 0.438304
 22 -4.250660 -0.770624 0.000001 -0.009216 -0.089482 3.111102
 23 10.363422 0.000000 0.000000 -0.010798 -0.000907 -0.168626
 24 10.363076 0.000000 -0.000000 0.009360 -0.058536 -0.058433
 25 10.363081 -0.000004 -0.000002 0.074256 -0.109244 0.101167
 26 8.210358 -0.000006 -7.786025 0.000000 0.000000 -0.038760
 27 8.210346 -0.000002 7.704017 0.000000 0.000000 -0.057713
 28 1.854841 1.227791 -13.762345 2.763966 0.201700 2.449064
 29 10.456543 -0.000004 0.000004 0.092402 0.073721 -0.892024
 30 24.248093 0.000001 0.000007 0.019603 0.024460 0.676846
 31 26.336971 0.000019 0.000002 0.283946 0.027441 0.852465
 32 1.854847 1.227798 13.762341 -2.756909 -0.228501 2.472012
 33 10.456542 -0.000008 0.000004 -0.095012 -0.071514 -0.854358
 34 24.248116 0.000002 -0.000004 -0.018799 -0.023610 0.643219
 35 26.336975 0.000000 0.000004 -0.303528 -0.033344 0.881007
time 25
  0 0.000000 0.000000 0.000000 0.000000 -0.000000 -1.570796
  1 0.000000 0.000000 0.000000 0.000000 -0.000000 0.000000
  2 0.707053 -2.951586 28.605835 -1.569742 -0.244766 1.570413
  3 4.222169 -0.467508 0.000000 0.006297 -0.002596 -0.406114
  4 4.476987 -0.000002 -0.000000 -0.025133 -0.015816 -0.143560
  5 4.477083 0.000000 0.000002 -0.033363 0.039143 0.372299
  6 4.477077 -0.000004 -0.000002 -0.037193 -0.014466 0.301974
  7 5.413502 -7.700466 -0.000000 0.049790 0.015360 -0.321422
  8 6.890240 0.000002 -0.000000 -0.013746 -0.099161 0.030485
  9 8.011925 0.000004 0.000005 -0.028577 -0.041904 0.643931
 10 7.210720 -0.000002 -0.000000 0.003706 -0.028601 0.318455
 11 8.581028 -0.304903 -0.000000 0.053004 0.062207 0.857476
 12 22.523008 2.194031 6.355708 0.000000 -0.582961 0.000000
 13 22.523005 2.194038 -6.355709 0.000000 0.713727 0.000000
 14 -3.006533 7.804720 -11.355459 0.199535 0.035944 1.205127
 15 10.384675 0.000008 0.000005 0.071139 0.186460 -1.445102
 16 22.550743 -0.000006 -0.000004 0.116645 0.014225 1.538427
 17 30.814247 -0.000015 -0.000004 2.654402 0.113139 0.414664
 18 -3.013796 7.815494 11.355459 0.038502 -0.368290 1.207855
 19 10.374533 -0.000002 0.000007 -0.118536 -0.402498 -1.482493
 20 22.550726 -0.000027 -0.000013 -0.129666 0.037790 1.604852
 21 30.814270 -0.000023 0.000002 -2.627245 -0.088373 0.441456
 22 -4.250660 -0.770624 0.000001 -0.006472 -0.075793 3.077609
 23 10.363422 0.000000 0.000000 -0.009684 -0.000547 -0.110222
 24 10.363076 0.000000 -0.000000 0.004986 -0.054162 0.025242
 25 10.363081 -0.000004 -0.000002 0.075561 -0.094608 0.072574
 26 8.210358 -0.000006 -7.786025 0.000000 0.000000 -0.151778
 27 8.210346 -0.000002 7.704017 0.000000 0.000000 -0.149845
 28 1.854841 1.227791 -13.762345 2.764010 0.201700 2.449124
 29 10.456543 -0.000004 0.000004 0.092420 0.073721 -0.892241
 30 24.248093 0.000001 0.000007 0.019641 0.024480 0.677498
 31 26.336971 0.000019 0.000002 0.284033 0.027467 0.852354
 32 1.854847 1.227798 13.762341 -2.756774 -0.228610 2.471753
 33 10.456542 -0.000008 0.000004 -0.095690 -0.070929 -0.844860
 34 24.248116 0.000002 -0.000004 -0.018799 -0.023610 0.643778
 35 26.336975 0.000000 0.000004 -0.303614 -0.033499 0.880951
time 26
  0 0.000000 0.000000 0.000000 0.000000 -0.000000 -1.570796
  1 0.000000 0.000000 0.000000 0.000000 -0.000000 0.000000
  2 0.707053 -2.951586 28.711308 -1.569550 -0.244726 1.570126
  3 4.222169 -0.467508 0.000000 0.006644 -0.002392 -0.405041
  4 4.476987 -0.000002 -0.000000 -0.022197 -0.015773 -0.144648
  5 4.477083 0.000000 0.000002 -0.032045 0.039046 0.369542
  6 4.477077 -0.000004 -0.000002 -0.036330 -0.013809 0.299980
  7 5.413502 -7.700466 -0.000000 0.076626 0.004010 0.043963
  8 6.890240 0.000002 -0.000000 -0.029842 -0.086667 0.171370
  9 8.011925 0.000004 0.000005 -0.004283 -0.020209 0.275399
 10 7.210720 -0.000002 -0.000000 0.010184 -0.010787 0.264311
 11 8.581028 -0.304903 -0.000000 0.052292 0.030128 0.792143
 12 22.523008 2.194031 6.355708 0.000000 -0.224343 0.000000
 13 22.523005 2.194038 -6.355709 0.000000 0.318069 0.000000
 14 -3.006533 7.804720 -11.355459 0.201922 0.041456 1.210415
 15 10.384675 0.000008 0.000005 0.069047 0.186884 -1.456932
 16 22.550743 -0.000006 -0.000004 0.116901 0.014253 1.550473
 17 30.814247 -0.000015 -0.000004 2.651388 0.115521 0.414700
 18 -3.013796 7.815494 11.355459 0.038909 -0.367542 1.221534
 19 10.374533 -0.000002 0.000007 -0.108154 -0.361203 -1.488466
 20 22.550726 -0.000027 -0.000013 -0.127481 0.027699 1.605721
 21 30.814270 -0.000023 0.000002 -2.664010 -0.032783 0.443659
 22 -4.250660 -0.770624 0.000001 -0.004470 -0.062361 3.048674
 23 10.363422 0.000000 0.000000 -0.008329 -0.000511 -0.121203
 24 10.363076 0.000000 -0.000000 0.003332 -0.046623 0.059569
 25 10.363081 -0.000004 -0.000002 0.069959 -0.080404 0.098643
 26 8.210358 -0.000006 -7.786025 0.000000 0.000000 -0.155073
 27 8.210346 -0.000002 7.704017 0.000000 0.000000 -0.153778
 28 1.854841 1.227791 -13.762345 2.764010 0.201651 2.449064
 29 10.456543 -0.000004 0.000004 0.092402 0.073757 -0.893067
 30 24.248093 0.000001 0.000007 0.019641 0.024520 0.678267
 31 26.336971 0.000019 0.000002 0.284294 0.027204 0.852354
 32 1.854847 1.227798 13.762341 -2.756606 -0.228638 2.471280
 33 10.456542 -0.000008 0.000004 -0.096165 -0.070512 -0.838121
 34 24.248116 0.000002 -0.000004 -0.018812 -0.023610 0.644438
 35 26.336975 0.000000 0.000004 -0.303657 -0.033530 0.880894
time 27
  0 0.000000 0.000000 0.000000 0.000000 -0.000000 -1.570796
  1 0.000000 0.000000 0.000000 0.000000 -0.000000 0.000000
  2 0.707053 -2.951586 28.723026 -1.569455 -0.244726 1.569934
  3 4.222169 -0.467508 0.000000 0.006980 -0.002169 -0.404060
  4 4.476987 -0.000002 -0.000000 -0.018649 -0.015709 -0.146002
  5 4.477083 0.000000 0.000002 -0.026808 0.038255 0.356870
  6 4.477077 -0.000004 -0.000002 -0.035324 -0.013095 0.297442
  7 5.413502 -7.700466 -0.000000 0.089864 -0.002600 0.230125
  8 6.890240 0.000002 -0.000000 -0.039058 -0.078393 0.258428
  9 8.011925 0.000004 0.000005 0.006968 -0.008148 0.088148
 10 7.210720 -0.000002 -0.000000 0.013863 0.001342 0.227035
 11 8.581028 -0.304903 -0.000000 0.052177 0.011144 0.754324
 12 22.523008 2.194031 6.355708 0.000000 0.145244 0.000000
 13 22.523005 2.194038 -6.355709 0.000000 -0.091745 0.000000
 14 -3.006533 7.804720 -11.355459 0.206643 0.051702 1.222227
 15 10.384675 0.000008 0.000005 0.066433 0.187563 -1.472650
 16 22.550743 -0.000006 -0.000004 0.117221 0.014225 1.565606
 17 30.814247 -0.000015 -0.000004 2.648243 0.117966 0.414771
 18 -3.013796 7.815494 11.355459 0.052961 -0.365039 1.247242
 19 10.374533 -0.000002 0.000007 -0.097436 -0.321535 -1.494728
 20 22.550726 -0.000027 -0.000013 -0.125356 0.018433 1.607085
 21 30.814270 -0.000023 0.000002 -2.701265 0.022855 0.443910
 22 -4.250660 -0.770624 0.000001 -0.002960 -0.050053 3.022966
 23 10.363422 0.000000 0.000000 -0.006735 -0.000523 -0.152319
 24 10.363076 0.000000 -0.000000 0.002373 -0.038797 0.082643
 25 10.363081 -0.000004 -0.000002 0.060602 -0.066985 0.144579
 26 8.210358 -0.000006 -7.786025 0.000000 0.000000 -0.135235
 27 8.210346 -0.000002 7.704017 0.000000 0.000000 -0.135060
 28 1.854841 1.227791 -13.762345 2.763966 0.201602 2.448759
 29 10.456543 -0.000004 0.000004 0.092315 0.073828 -0.894413
 30 24.248093 0.000001 0.000007 0.019678 0.024540 0.679274
 31 26.336971 0.000019 0.000002 0.284686 0.026573 0.852409
 32 1.854847 1.227798 13.762341 -2.756369 -0.228583 2.470504
 33 10.456542 -0.000008 0.000004 -0.096030 -0.070651 -0.840210
 34 24.248116 0.000002 -0.000004 -0.018825 -0.023622 0.645301
 35 26.336975 0.000000 0.000004 -0.303786 -0.033375 0.880838
time 28
  0 0.000000 0.000000 0.000000 0.000000 -0.000000 -1.570796
  1 0.000000 0.000000 0.000000 0.000000 -0.000000 0.000000
  2 0.707053 -2.951586 28.539427 -1.569263 -0.244686 1.569838
  3 4.222169 -0.467508 0.000000 0.007291 -0.001984 -0.403140
  4 4.476987 -0.000002 -0.000000 -0.014407 -0.015644 -0.147644
  5 4.477083 0.000000 0.000002 -0.020576 0.037350 0.342226
  6 4.477077 -0.000004 -0.000002 -0.034185 -0.012324 0.294436
  7 5.413502 -7.700466 -0.000000 0.076533 0.004197 0.040229
  8 6.890240 0.000002 -0.000000 -0.031460 -0.084379 0.196643
  9 8.011925 0.000004 0.000005 -0.004518 -0.018052 0.279422
 10 7.210720 -0.000002 -0.000000 0.009416 -0.012041 0.267958
 11 8.581028 -0.304903 -0.000000 0.052017 0.026868 0.790040
 12 22.523008 2.194031 6.355708 0.000000 0.197091 0.000000
 13 22.523005 2.194038 -6.355709 0.000000 -0.149400 0.000000
 14 -3.006533 7.804720 -11.355459 0.213262 0.065339 1.238914
 15 10.384675 0.000008 0.000005 0.063781 0.188136 -1.488312
 16 22.550743 -0.000006 -0.000004 0.117525 0.014196 1.580739
 17 30.814247 -0.000015 -0.000004 2.644924 0.120474 0.414914
 18 -3.013796 7.815494 11.355459 0.071035 -0.361788 1.275343
 19 10.374533 -0.000002 0.000007 -0.086988 -0.284658 -1.501339
 20 22.550726 -0.000027 -0.000013 -0.123395 0.010051 1.609133
 21 30.814270 -0.000023 0.000002 -2.736030 0.074579 0.442544
 22 -4.250660 -0.770624 0.000001 -0.001858 -0.038787 3.000356
 23 10.363422 0.000000 0.000000 -0.005177 -0.000487 -0.184030
 24 10.363076 0.000000 -0.000000 0.001582 -0.031343 0.104607
 25 10.363081 -0.000004 -0.000002 0.048339 -0.053659 0.203267
 26 8.210358 -0.000006 -7.786025 0.000000 0.000000 -0.115702
 27 8.210346 -0.000002 7.704017 0.000000 0.000000 -0.113630
 28 1.854841 1.227791 -13.762345 2.763834 0.201478 2.448151
 29 10.456543 -0.000004 0.000004 0.092210 0.073935 -0.896323
 30 24.248093 0.000001 0.000007 0.019715 0.024581 0.680398
 31 26.336971 0.000019 0.000002 0.285208 0.025496 0.852465
 32 1.854847 1.227798 13.762341 -2.756065 -0.228419 2.469384
 33 10.456542 -0.000008 0.000004 -0.095419 -0.071180 -0.849156
 34 24.248116 0.000002 -0.000004 -0.018851 -0.023634 0.646367
 35 26.336975 0.000000 0.000004 -0.303957 -0.033064 0.880781
time 29
  0 0.000000 0.000000 0.000000 0.000000 -0.000000 -1.570796
  1 0.000000 0.000000 0.000000 0.000000 -0.000000 0.000000
  2 0.707053 -2.951586 28.351921 -1.569263 -0.244686 1.569838
  3 4.222169 -0.467508 0.000000 0.007591 -0.001780 -0.402281
  4 4.476987 -0.000002 -0.000000 -0.009445 -0.015559 -0.149575
  5 4.477083 0.000000 0.000002 -0.014344 0.036542 0.327953
  6 4.477077 -0.000004 -0.000002 -0.032987 -0.011554 0.291119
  7 5.413502 -7.700466 -0.000000 0.050548 0.015700 -0.318560
  8 6.890240 0.000002 -0.000000 -0.017629 -0.096652 0.067696
  9 8.011925 0.000004 0.000005 -0.028315 -0.037926 0.641517
 10 7.210720 -0.000002 -0.000000 0.003431 -0.029007 0.321056
 11 8.581028 -0.304903 -0.000000 0.052568 0.057000 0.851482
 12 22.523008 2.194031 6.355708 0.000000 0.198099 0.000000
 13 22.523005 2.194038 -6.355709 0.000000 -0.150882 0.000000
 14 -3.006533 7.804720 -11.355459 0.221293 0.080991 1.258692
 15 10.384675 0.000008 0.000005 0.061092 0.188666 -1.503919
 16 22.550743 -0.000006 -0.000004 0.117828 0.014196 1.595872
 17 30.814247 -0.000015 -0.000004 2.641517 0.123045 0.415129
 18 -3.013796 7.815494 11.355459 0.086971 -0.357341 1.297915
 19 10.374533 -0.000002 0.000007 -0.077281 -0.252332 -1.508529
 20 22.550726 -0.000027 -0.000013 -0.121659 0.002728 1.611924
 21 30.814270 -0.000023 0.000002 -2.768514 0.122412 0.439810
 22 -4.250660 -0.770624 0.000001 -0.001091 -0.028661 2.980896
 23 10.363422 0.000000 0.000000 -0.003751 -0.000415 -0.216071
 24 10.363076 0.000000 -0.000000 0.000995 -0.024284 0.124403
 25 10.363081 -0.000004 -0.000002 0.036077 -0.040302 0.264586
 26 8.210358 -0.000006 -7.786025 0.000000 0.000000 -0.094097
 27 8.210346 -0.000002 7.704017 0.000000 0.000000 -0.091046
 28 1.854841 1.227791 -13.762345 2.763658 0.201330 2.447300
 29 10.456543 -0.000004 0.000004 0.092035 0.074059 -0.898711
 30 24.248093 0.000001 0.000007 0.019752 0.024641 0.681819
 31 26.336971 0.000019 0.000002 0.285947 0.023919 0.852575
 32 1.854847 1.227798 13.762341 -2.755761 -0.228090 2.467876
 33 10.456542 -0.000008 0.000004 -0.094978 -0.071570 -0.855619
 34 24.248116 0.000002 -0.000004 -0.018877 -0.023658 0.647687
 35 26.336975 0.000000 0.000004 -0.304172 -0.032475 0.880668
time 30
  0 0.000000 0.000000 0.000000 0.000000 -0.000000 -1.570796
  1 0.000000 0.000000 0.000000 0.000000 -0.000000 0.000000
  2 0.707053 -2.951586 28.308950 -1.569167 -0.245165 1.570030
  3 4.222169 -0.467508 0.000000 0.007867 -0.001595 -0.401514
  4 4.476987 -0.000002 -0.000000 -0.003669 -0.015473 -0.151862
  5 4.477083 0.000000 0.000002 -0.007908 0.035799 0.313427
  6 4.477077 -0.000004 -0.000002 -0.031776 -0.010802 0.287584
  7 5.413502 -7.700466 -0.000000 0.034319 0.019268 -0.527778
  8 6.890240 0.000002 -0.000000 -0.004818 -0.107108 -0.050941
  9 8.011925 0.000004 0.000005 -0.043049 -0.054524 0.850519
 10 7.210720 -0.000002 -0.000000 -0.000824 -0.041224 0.350475
 11 8.581028 -0.304903 -0.000000 0.052843 0.087320 0.898204
 12 22.523008 2.194031 6.355708 0.000000 0.197091 0.000000
 13 22.523005 2.194038 -6.355709 0.000000 -0.150217 0.000000
 14 -3.006533 7.804720 -11.355459 0.230408 0.097666 1.281011
 15 10.384675 0.000008 0.000005 0.058440 0.189133 -1.519414
 16 22.550743 -0.000006 -0.000004 0.118132 0.014167 1.610885
 17 30.814247 -0.000015 -0.000004 2.638022 0.125615 0.415452
 18 -3.013796 7.815494 11.355459 0.100259 -0.351512 1.314445
 19 10.374533 -0.000002 0.000007 -0.068787 -0.225754 -1.516473
 20 22.550726 -0.000027 -0.000013 -0.120188 -0.003475 1.615646
 21 30.814270 -0.000023 0.000002 -2.799525 0.167383 0.435905
 22 -4.250660 -0.770624 0.000001 -0.000563 -0.019674 2.964482
 23 10.363422 0.000000 0.000000 -0.002469 -0.000319 -0.248728
 24 10.363076 0.000000 -0.000000 0.000551 -0.017573 0.142135
 25 10.363081 -0.000004 -0.000002 0.024405 -0.027099 0.326093
 26 8.210358 -0.000006 -7.786025 0.000000 0.000000 -0.070114
 27 8.210346 -0.000002 7.704017 0.000000 0.000000 -0.066971
 28 1.854841 1.227791 -13.762345 2.763482 0.201158 2.446387
 29 10.456543 -0.000004 0.000004 0.091843 0.074237 -0.901577
 30 24.248093 0.000001 0.000007 0.019789 0.024682 0.683477
 31 26.336971 0.000019 0.000002 0.286948 0.021791 0.852685
 32 1.854847 1.227798 13.762341 -2.755120 -0.227543 2.465205
 33 10.456542 -0.000008 0.000004 -0.094639 -0.071848 -0.860349
 34 24.248116 0.000002 -0.000004 -0.018916 -0.023682 0.649312
 35 26.336975 0.000000 0.000004 -0.304429 -0.031606 0.880668
time 31
  0 0.000000 0.000000 0.000000 0.000000 -0.000000 -1.570796
  1 0.000000 0.000000 0.000000 0.000000 -0.000000 0.000000
  2 0.710959 -2.951586 28.308950 -1.569263 -0.241335 1.570317
  3 4.222169 -0.467508 0.000000 0.008130 -0.001409 -0.400809
  4 4.476987 -0.000002 -0.000000 0.002827 -0.015366 -0.154414
  5 4.477083 0.000000 0.000002 -0.002479 0.035250 0.301585
  6 4.477077 -0.000004 -0.000002 -0.030626 -0.010107 0.284003
  7 5.413502 -7.700466 -0.000000 0.031740 0.009634 -0.524075
  8 6.890240 0.000002 -0.000000 -0.001810 -0.111735 -0.100346
  9 8.011925 0.000004 0.000005 -0.041648 -0.068503 0.813271
 10 7.210720 -0.000002 -0.000000 -0.001318 -0.045126 0.307970
 11 8.581028 -0.304903 -0.000000 0.046965 0.109325 0.878331
 12 22.523008 2.194031 6.355708 0.000000 0.194341 0.000000
 13 22.523005 2.194038 -6.355709 0.000000 -0.147646 0.000000
 14 -3.006533 7.804720 -11.355459 0.238493 0.112293 1.296737
 15 10.384675 0.000008 0.000005 0.055862 0.189536 -1.534521
 16 22.550743 -0.000006 -0.000004 0.118436 0.014167 1.625473
 17 30.814247 -0.000015 -0.000004 2.634528 0.128217 0.415881
 18 -3.013796 7.815494 11.355459 0.109423 -0.344188 1.323451
 19 10.374533 -0.000002 0.000007 -0.062046 -0.206585 -1.525519
 20 22.550726 -0.000027 -0.000013 -0.119106 -0.008422 1.620361
 21 30.814270 -0.000023 0.000002 -2.823590 0.201979 0.432419
 22 -4.250660 -0.770624 0.000001 -0.000240 -0.011891 2.951116
 23 10.363422 0.000000 0.000000 -0.001354 -0.000200 -0.280791
 24 10.363076 0.000000 -0.000000 0.000264 -0.011293 0.157698
 25 10.363081 -0.000004 -0.000002 0.014088 -0.014836 0.383520
 26 8.210358 -0.000006 -7.786025 0.000000 0.000000 -0.043753
 27 8.210346 -0.000002 7.704017 0.000000 0.000000 -0.041505
 28 1.854841 1.227791 -13.762345 2.762251 0.200393 2.441886
 29 10.456543 -0.000004 0.000004 0.091599 0.074433 -0.904920
 30 24.248093 0.000001 0.000007 0.019863 0.024742 0.685431
 31 26.336971 0.000019 0.000002 0.288166 0.019032 0.852851
 32 1.854847 1.227798 13.762341 -2.753195 -0.226476 2.458398
 33 10.456542 -0.000008 0.000004 -0.094402 -0.072070 -0.863856
 34 24.248116 0.000002 -0.000004 -0.018955 -0.023718 0.651292
 35 26.336975 0.000000 0.000004 -0.304858 -0.030303 0.880612
time 32
  0 0.000000 0.000000 0.000000 0.000000 -0.000000 -1.570796
  1 0.000000 0.000000 0.000000 0.000000 -0.000000 0.000000
  2 0.714866 -2.951586 28.308950 -1.569263 -0.221550 1.570317
  3 4.222169 -0.467508 0.000000 0.008382 -0.001242 -0.400180
  4 4.476987 -0.000002 -0.000000 0.008939 -0.015259 -0.156612
  5 4.477083 0.000000 0.000002 -0.000909 0.035073 0.299287
  6 4.477077 -0.000004 -0.000002 -0.029559 -0.009468 0.280452
  7 5.413502 -7.700466 -0.000000 0.032312 -0.005556 -0.467477
  8 6.890240 0.000002 -0.000000 -0.001486 -0.114702 -0.130948
  9 8.011925 0.000004 0.000005 -0.033462 -0.082210 0.651562
 10 7.210720 -0.000002 -0.000000 -0.001043 -0.047156 0.210542
 11 8.581028 -0.304903 -0.000000 0.038813 0.125100 0.831714
 12 22.523008 2.194031 6.355708 0.000000 0.190003 0.000000
 13 22.523005 2.194038 -6.355709 0.000000 -0.143411 0.000000
 14 -3.006533 7.804720 -11.355459 0.240609 0.119607 1.285268
 15 10.384675 0.000008 0.000005 0.053360 0.189876 -1.549017
 16 22.550743 -0.000006 -0.000004 0.118724 0.014139 1.639577
 17 30.814247 -0.000015 -0.000004 2.631034 0.130819 0.416454
 18 -3.013796 7.815494 11.355459 0.111103 -0.335444 1.322539
 19 10.374533 -0.000002 0.000007 -0.057395 -0.195854 -1.535782
 20 22.550726 -0.000027 -0.000013 -0.118431 -0.011995 1.626317
 21 30.814270 -0.000023 0.000002 -2.826818 0.207802 0.433730
 22 -4.250660 -0.770624 0.000001 -0.000060 -0.005215 2.939619
 23 10.363422 0.000000 0.000000 -0.000431 -0.000080 -0.305063
 24 10.363076 0.000000 -0.000000 0.000072 -0.005300 0.172435
 25 10.363081 -0.000004 -0.000002 0.006085 -0.005531 0.428113
 26 8.210358 -0.000006 -7.786025 0.000000 0.000000 -0.014709
 27 8.210346 -0.000002 7.704017 0.000000 0.000000 -0.014445
 28 1.854841 1.227791 -13.762345 2.757194 0.197531 2.423944
 29 10.456543 -0.000004 0.000004 0.091302 0.074646 -0.908741
 30 24.248093 0.000001 0.000007 0.019900 0.024803 0.687799
 31 26.336971 0.000019 0.000002 0.289689 0.015563 0.853017
 32 1.854847 1.227798 13.762341 -2.749110 -0.224643 2.444785
 33 10.456542 -0.000008 0.000004 -0.094198 -0.072237 -0.866536
 34 24.248116 0.000002 -0.000004 -0.019007 -0.023766 0.653577
 35 26.336975 0.000000 0.000004 -0.306187 -0.027356 0.880612
time 33
  0 0.000000 0.000000 0.000000 0.000000 -0.000000 -1.570796
  1 0.000000 0.000000 0.000000 0.000000 -0.000000 0.000000
  2 0.722678 -2.951586 28.308950 -1.569263 -0.197776 1.570317
  3 4.222169 -0.467508 0.000000 0.008610 -0.001076 -0.399628
  4 4.476987 -0.000002 -0.000000 0.013110 -0.015195 -0.157655
  5 4.477083 0.000000 0.000002 -0.000406 0.034976 0.299421
  6 4.477077 -0.000004 -0.000002 -0.028600 -0.008904 0.276948
  7 5.413502 -7.700466 -0.000000 0.033229 -0.023567 -0.402104
  8 6.890240 0.000002 -0.000000 -0.000899 -0.117237 -0.161736
  9 8.011925 0.000004 0.000005 -0.023640 -0.093441 0.445544
 10 7.210720 -0.000002 -0.000000 -0.000686 -0.048481 0.083026
 11 8.581028 -0.304903 -0.000000 0.030270 0.136009 0.775529
 12 22.523008 2.194031 6.355708 0.000000 0.184320 0.000000
 13 22.523005 2.194038 -6.355709 0.000000 -0.137785 0.000000
 14 -3.006533 7.804720 -11.355459 0.239578 0.123528 1.261851
 15 10.384675 0.000008 0.000005 0.051007 0.190151 -1.562790
 16 22.550743 -0.000006 -0.000004 0.118980 0.014139 1.652834
 17 30.814247 -0.000015 -0.000004 2.627976 0.133170 0.417457
 18 -3.013796 7.815494 11.355459 0.100564 -0.325280 1.307605
 19 10.374533 -0.000002 0.000007 -0.054496 -0.191668 -1.546103
 20 22.550726 -0.000027 -0.000013 -0.118207 -0.014154 1.633389
 21 30.814270 -0.000023 0.000002 -2.819205 0.198211 0.437718
 22 -4.250660 -0.770624 0.000001 0.000000 -0.000658 2.940873
 23 10.363422 0.000000 0.000000 0.000012 -0.000008 -0.311973
 24 10.363076 0.000000 -0.000000 0.000000 -0.000746 0.174707
 25 10.363081 -0.000004 -0.000002 0.001345 -0.001047 0.443523
 26 8.210358 -0.000006 -7.786025 0.000000 0.000000 0.017291
 27 8.210346 -0.000002 7.704017 0.000000 0.000000 0.014106
 28 1.854841 1.227791 -13.762345 2.750290 0.193879 2.399920
 29 10.456543 -0.000004 0.000004 0.090987 0.074896 -0.912909
 30 24.248093 0.000001 0.000007 0.019974 0.024884 0.690522
 31 26.336971 0.000019 0.000002 0.291559 0.011332 0.853183
 32 1.854847 1.227798 13.762341 -2.743066 -0.221989 2.425010
 33 10.456542 -0.000008 0.000004 -0.094029 -0.072377 -0.868861
 34 24.248116 0.000002 -0.000004 -0.019071 -0.023826 0.656319
 35 26.336975 0.000000 0.000004 -0.309318 -0.021617 0.880612
time 34
  0 0.000000 0.000000 0.000000 0.000000 -0.000000 -1.570796
  1 0.000000 0.000000 0.000000 0.000000 -0.000000 0.000000
  2 0.730491 -2.951586 28.308950 -1.569263 -0.174241 1.570221
  3 4.222169 -0.467508 0.000000 0.008825 -0.000909 -0.399137
  4 4.476987 -0.000002 -0.000000 0.015699 -0.015130 -0.157811
  5 4.477083 0.000000 0.000002 0.000170 0.034879 0.299006
  6 4.477077 -0.000004 -0.000002 -0.027726 -0.008434 0.273460
  7 5.413502 -7.700466 -0.000000 0.033215 -0.042580 -0.331846
  8 6.890240 0.000002 -0.000000 -0.000384 -0.119250 -0.190918
  9 8.011925 0.000004 0.000005 -0.013490 -0.100901 0.217594
 10 7.210720 -0.000002 -0.000000 -0.000137 -0.048657 -0.050095
 11 8.581028 -0.304903 -0.000000 0.021268 0.144186 0.715979
 12 22.523008 2.194031 6.355708 0.000000 0.177507 0.000000
 13 22.523005 2.194038 -6.355709 0.000000 -0.130979 0.000000
 14 -3.006533 7.804720 -11.355459 0.238113 0.126991 1.237335
 15 10.384675 0.000008 0.000005 0.048803 0.190385 -1.575564
 16 22.550743 -0.000006 -0.000004 0.119220 0.014110 1.665182
 17 30.814247 -0.000015 -0.000004 2.625793 0.135020 0.419069
 18 -3.013796 7.815494 11.355459 0.075414 -0.312725 1.275457
 19 10.374533 -0.000002 0.000007 -0.052406 -0.189509 -1.554975
 20 22.550726 -0.000027 -0.000013 -0.118350 -0.015155 1.641516
 21 30.814270 -0.000023 0.000002 -2.805734 0.179836 0.443269
 22 -4.250660 -0.770624 0.000001 0.000000 0.000096 2.978207
 23 10.363422 0.000000 0.000000 0.000000 -0.000008 -0.305790
 24 10.363076 0.000000 -0.000000 0.000000 0.000129 0.133617
 25 10.363081 -0.000004 -0.000002 -0.000157 0.000108 0.408246
 26 8.210358 -0.000006 -7.786025 0.000000 0.000000 0.053741
 27 8.210346 -0.000002 7.704017 0.000000 0.000000 0.044387
 28 1.854841 1.227791 -13.762345 2.742859 0.190080 2.374315
 29 10.456543 -0.000004 0.000004 0.090638 0.075162 -0.917512
 30 24.248093 0.000001 0.000007 0.020048 0.024964 0.693778
 31 26.336971 0.000019 0.000002 0.293778 0.006313 0.853293
 32 1.854847 1.227798 13.762341 -2.735706 -0.218705 2.400842
 33 10.456542 -0.000008 0.000004 -0.093859 -0.072516 -0.871305
 34 24.248116 0.000002 -0.000004 -0.019136 -0.023898 0.659568
 35 26.336975 0.000000 0.000004 -0.313606 -0.013924 0.880555
time 35
  0 0.000000 0.000000 0.000000 0.000000 -0.000000 -1.570796
  1 0.000000 0.000000 0.000000 0.000000 -0.000000 0.000000
  2 0.738304 -2.951586 28.308950 -1.569263 -0.150307 1.570221
  3 4.222169 -0.467508 0.000000 0.009041 -0.000760 -0.398723
  4 4.476987 -0.000002 -0.000000 0.016945 -0.015109 -0.157278
  5 4.477083 0.000000 0.000002 0.000721 0.034766 0.298191
  6 4.477077 -0.000004 -0.000002 -0.026947 -0.008039 0.269987
  7 5.413502 -7.700466 -0.000000 0.032259 -0.062969 -0.257947
  8 6.890240 0.000002 -0.000000 -0.000060 -0.121707 -0.217401
  9 8.011925 0.000004 0.000005 -0.004191 -0.104304 0.002440
 10 7.210720 -0.000002 -0.000000 0.000412 -0.047421 -0.181285
 11 8.581028 -0.304903 -0.000000 0.012221 0.149718 0.655133
 12 22.523008 2.194031 6.355708 0.000000 0.169747 0.000000
 13 22.523005 2.194038 -6.355709 0.000000 -0.123265 0.000000
 14 -3.006533 7.804720 -11.355459 0.236377 0.130135 1.212269
 15 10.384675 0.000008 0.000005 0.046823 0.190554 -1.587117
 16 22.550743 -0.000006 -0.000004 0.119444 0.014081 1.676321
 17 30.814247 -0.000015 -0.000004 2.624307 0.136493 0.421074
 18 -3.013796 7.815494 11.355459 0.047972 -0.300581 1.240972
 19 10.374533 -0.000002 0.000007 -0.050856 -0.188944 -1.562861
 20 22.550726 -0.000027 -0.000013 -0.118717 -0.015273 1.650201
 21 30.814270 -0.000023 0.000002 -2.791667 0.160214 0.448791
 22 -4.250660 -0.770624 0.000001 0.000000 0.000000 3.024989
 23 10.363422 0.000000 0.000000 -0.000000 -0.000008 -0.283872
 24 10.363076 0.000000 -0.000000 0.000000 0.000009 0.067544
 25 10.363081 -0.000004 -0.000002 -0.000009 0.000000 0.326550
 26 8.210358 -0.000006 -7.786025 0.000000 0.000000 0.094369
 27 8.210346 -0.000002 7.704017 0.000000 0.000000 0.076262
 28 1.854841 1.227791 -13.762345 2.735207 0.186108 2.347980
 29 10.456543 -0.000004 0.000004 0.090254 0.075465 -0.922461
 30 24.248093 0.000001 0.000007 0.020160 0.025065 0.697567
 31 26.336971 0.000019 0.000002 0.296345 0.000374 0.853403
 32 1.854847 1.227798 13.762341 -2.727670 -0.214957 2.374261
 33 10.456542 -0.000008 0.000004 -0.093656 -0.072683 -0.874261
 34 24.248116 0.000002 -0.000004 -0.019227 -0.023982 0.663224
 35 26.336975 0.000000 0.000004 -0.318538 -0.005176 0.880499
time 36
  0 0.000000 0.000000 0.000000 0.000000 -0.000000 -1.570796
  1 0.000000 0.000000 0.000000 0.000000 -0.000000 0.000000
  2 0.746117 -2.951586 28.308950 -1.569263 -0.125456 1.570221
  3 4.222169 -0.467508 0.000000 0.009233 -0.000612 -0.398386
  4 4.476987 -0.000002 -0.000000 0.017125 -0.015130 -0.156279
  5 4.477083 0.000000 0.000002 0.001236 0.034620 0.296827
  6 4.477077 -0.000004 -0.000002 -0.026251 -0.007739 0.266483
  7 5.413502 -7.700466 -0.000000 0.028909 -0.076426 -0.188841
  8 6.890240 0.000002 -0.000000 0.000827 -0.115512 -0.251051
  9 8.011925 0.000004 0.000005 -0.000118 -0.100310 -0.161710
 10 7.210720 -0.000002 -0.000000 0.000988 -0.043149 -0.292469
 11 8.581028 -0.304903 -0.000000 0.004046 0.150315 0.597125
 12 22.523008 2.194031 6.355708 0.000000 0.161253 0.000000
 13 22.523005 2.194038 -6.355709 0.000000 -0.114856 0.000000
 14 -3.006533 7.804720 -11.355459 0.234369 0.132926 1.186448
 15 10.384675 0.000008 0.000005 0.045068 0.190682 -1.597336
 16 22.550743 -0.000006 -0.000004 0.119636 0.014053 1.686127
 17 30.814247 -0.000015 -0.000004 2.623259 0.137590 0.423330
 18 -3.013796 7.815494 11.355459 0.022362 -0.289632 1.208880
 19 10.374533 -0.000002 0.000007 -0.049643 -0.189442 -1.570283
 20 22.550726 -0.000027 -0.000013 -0.119187 -0.014861 1.659258
 21 30.814270 -0.000023 0.000002 -2.777004 0.139392 0.454174
 22 -4.250660 -0.770624 0.000001 0.000000 0.000000 3.063142
 23 10.363422 0.000000 0.000000 0.000000 -0.000008 -0.236801
 24 10.363076 0.000000 -0.000000 0.000000 0.000009 -0.002504
 25 10.363081 -0.000004 -0.000002 -0.000009 -0.000015 0.238142
 26 8.210358 -0.000006 -7.786025 0.000000 0.000000 0.133604
 27 8.210346 -0.000002 7.704017 0.000000 0.000000 0.112104
 28 1.854841 1.227791 -13.762345 2.727688 0.182061 2.321949
 29 10.456543 -0.000004 0.000004 0.089834 0.075767 -0.927759
 30 24.248093 0.000001 0.000007 0.020271 0.025166 0.701948
 31 26.336971 0.000019 0.000002 0.299347 -0.006511 0.853459
 32 1.854847 1.227798 13.762341 -2.719398 -0.210880 2.346861
 33 10.456542 -0.000008 0.000004 -0.093384 -0.072933 -0.878202
 34 24.248116 0.000002 -0.000004 -0.019330 -0.024090 0.667489
 35 26.336975 0.000000 0.000004 -0.323683 0.003789 0.880386
time 37
  0 0.000000 0.000000 0.000000 0.000000 -0.000000 -1.570796
  1 0.000000 0.000000 0.000000 0.000000 -0.000000 0.000000
  2 0.753929 -2.951586 28.308950 -1.569263 -0.099408 1.570221
  3 4.222169 -0.467508 0.000000 0.009413 -0.000482 -0.398125
  4 4.476987 -0.000002 -0.000000 0.016489 -0.015152 -0.155036
  5 4.477083 0.000000 0.000002 0.001739 0.034475 0.294796
  6 4.477077 -0.000004 -0.000002 -0.025640 -0.007513 0.262948
  7 5.413502 -7.700466 -0.000000 0.021878 -0.067404 -0.137936
  8 6.890240 0.000002 -0.000000 0.002445 -0.083295 -0.311278
  9 8.011925 0.000004 0.000005 0.000681 -0.082290 -0.272285
 10 7.210720 -0.000002 -0.000000 0.001455 -0.035946 -0.376622
 11 8.581028 -0.304903 -0.000000 -0.001397 0.133909 0.557974
 12 22.523008 2.194031 6.355708 0.000000 0.152210 0.000000
 13 22.523005 2.194038 -6.355709 0.000000 -0.106053 0.000000
 14 -3.006533 7.804720 -11.355459 0.232145 0.135435 1.160077
 15 10.384675 0.000008 0.000005 0.043611 0.190788 -1.605944
 16 22.550743 -0.000006 -0.000004 0.119795 0.014024 1.694299
 17 30.814247 -0.000015 -0.000004 2.622603 0.138437 0.425622
 18 -3.013796 7.815494 11.355459 -0.001719 -0.279730 1.178841
 19 10.374533 -0.000002 0.000007 -0.048497 -0.190372 -1.577705
 20 22.550726 -0.000027 -0.000013 -0.119657 -0.014194 1.668254
 21 30.814270 -0.000023 0.000002 -2.761989 0.117616 0.459390
 22 -4.250660 -0.770624 0.000001 0.000000 0.000000 3.078685
 23 10.363422 0.000000 0.000000 -0.000000 -0.000008 -0.183854
 24 10.363076 0.000000 -0.000000 0.000000 0.000009 -0.066486
 25 10.363081 -0.000004 -0.000002 -0.000009 -0.000015 0.150673
 26 8.210358 -0.000006 -7.786025 0.000000 0.000000 0.153612
 27 8.210346 -0.000002 7.704017 0.000000 0.000000 0.131330
 28 1.854841 1.227791 -13.762345 2.720608 0.178089 2.297316
 29 10.456543 -0.000004 0.000004 0.089397 0.076106 -0.933360
 30 24.248093 0.000001 0.000007 0.020382 0.025267 0.706921
 31 26.336971 0.000019 0.000002 0.302783 -0.014395 0.853459
 32 1.854847 1.227798 13.762341 -2.711531 -0.206830 2.320538
 33 10.456542 -0.000008 0.000004 -0.093011 -0.073239 -0.883601
 34 24.248116 0.000002 -0.000004 -0.019447 -0.024210 0.672312
 35 26.336975 0.000000 0.000004 -0.328486 0.012165 0.880216
time 38
  0 0.000000 0.000000 0.000000 0.000000 -0.000000 -1.570796
  1 0.000000 0.000000 0.000000 0.000000 -0.000000 0.000000
  2 0.761742 -2.951586 28.308950 -1.569263 -0.070966 1.570126
  3 4.222169 -0.467508 0.000000 0.009580 -0.000353 -0.397941
  4 4.476987 -0.000002 -0.000000 0.015279 -0.015173 -0.153726
  5 4.477083 0.000000 0.000002 0.002231 0.034281 0.291951
  6 4.477077 -0.000004 -0.000002 -0.025113 -0.007382 0.259335
  7 5.413502 -7.700466 -0.000000 0.014554 -0.051109 -0.094531
  8 6.890240 0.000002 -0.000000 0.002001 -0.043444 -0.378741
  9 8.011925 0.000004 0.000005 0.000511 -0.046808 -0.331258
 10 7.210720 -0.000002 -0.000000 0.002086 -0.028248 -0.443290
 11 8.581028 -0.304903 -0.000000 -0.005094 0.097648 0.541641
 12 22.523008 2.194031 6.355708 0.000000 0.106076 0.000000
 13 22.523005 2.194038 -6.355709 0.000000 -0.061708 0.000000
 14 -3.006533 7.804720 -11.355459 0.229649 0.137660 1.133157
 15 10.384675 0.000008 0.000005 0.042491 0.190852 -1.612831
 16 22.550743 -0.000006 -0.000004 0.119907 0.013995 1.700715
 17 30.814247 -0.000015 -0.000004 2.622080 0.139064 0.427771
 18 -3.013796 7.815494 11.355459 -0.024325 -0.270649 1.150797
 19 10.374533 -0.000002 0.000007 -0.047283 -0.191236 -1.585475
 20 22.550726 -0.000027 -0.000013 -0.120004 -0.013605 1.676877
 21 30.814270 -0.000023 0.000002 -2.746694 0.095009 0.464383
 22 -4.250660 -0.770624 0.000001 0.000000 0.000000 3.065702
 23 10.363422 0.000000 0.000000 0.000000 -0.000008 -0.131524
 24 10.363076 0.000000 -0.000000 0.000000 0.000009 -0.101458
 25 10.363081 -0.000004 -0.000002 -0.000009 -0.000015 0.064574
 26 8.210358 -0.000006 -7.786025 0.000000 0.000000 0.121952
 27 8.210346 -0.000002 7.704017 0.000000 0.000000 0.089351
 28 1.854841 1.227791 -13.762345 2.714320 0.174314 2.275056
 29 10.456543 -0.000004 0.000004 0.088926 0.076444 -0.939221
 30 24.248093 0.000001 0.000007 0.020530 0.025388 0.712604
 31 26.336971 0.000019 0.000002 0.306829 -0.023671 0.853348
 32 1.854847 1.227798 13.762341 -2.704542 -0.203054 2.297016
 33 10.456542 -0.000008 0.000004 -0.092503 -0.073657 -0.890853
 34 24.248116 0.000002 -0.000004 -0.019577 -0.024341 0.677796
 35 26.336975 0.000000 0.000004 -0.332432 0.019145 0.880046
time 39
  0 0.000000 0.000000 0.000000 0.000000 -0.000000 -1.570796
  1 0.000000 0.000000 0.000000 0.000000 -0.000000 0.000000
  2 0.765648 -2.951586 28.230824 -1.569263 -0.047631 1.570030
  3 4.222169 -0.467508 0.000000 0.009748 -0.000241 -0.398800
  4 4.476987 -0.000002 -0.000000 0.013757 -0.015216 -0.152594
  5 4.477083 0.000000 0.000002 0.002770 0.034071 0.289209
  6 4.477077 -0.000004 -0.000002 -0.024669 -0.007325 0.256002
  7 5.413502 -7.700466 -0.000000 0.009557 -0.038349 -0.067056
  8 6.890240 0.000002 -0.000000 0.000431 -0.011070 -0.433080
  9 8.011925 0.000004 0.000005 -0.000707 -0.011582 -0.372685
 10 7.210720 -0.000002 -0.000000 0.002882 -0.021310 -0.485017
 11 8.581028 -0.304903 -0.000000 -0.008929 0.059082 0.526114
 12 22.523008 2.194031 6.355708 0.000000 -0.049616 0.000000
 13 22.523005 2.194038 -6.355709 0.000000 0.087753 0.000000
 14 -3.006533 7.804720 -11.355459 0.226664 0.139674 1.103216
 15 10.384675 0.000008 0.000005 0.041968 0.190894 -1.616497
 16 22.550743 -0.000006 -0.000004 0.119955 0.013938 1.704166
 17 30.814247 -0.000015 -0.000004 2.621555 0.139534 0.429633
 18 -3.013796 7.815494 11.355459 -0.046930 -0.261532 1.122354
 19 10.374533 -0.000002 0.000007 -0.045868 -0.191336 -1.593709
 20 22.550726 -0.000027 -0.000013 -0.120086 -0.013428 1.684446
 21 30.814270 -0.000023 0.000002 -2.730382 0.070052 0.469236
 22 -4.250660 -0.770624 0.000001 0.000000 0.000000 3.047574
 23 10.363422 0.000000 0.000000 0.000000 -0.000008 -0.079303
 24 10.363076 0.000000 -0.000000 0.000000 0.000009 -0.121358
 25 10.363081 -0.000004 -0.000002 -0.000009 -0.000015 -0.021391
 26 8.210358 -0.000006 -7.786025 0.000000 0.000000 0.037877
 27 8.210346 -0.000002 7.704017 0.000000 0.000000 0.015225
 28 1.854841 1.227791 -13.762345 2.709087 0.170860 2.256080
 29 10.456543 -0.000004 0.000004 0.088384 0.076817 -0.945908
 30 24.248093 0.000001 0.000007 0.020679 0.025509 0.718998
 31 26.336971 0.000019 0.000002 0.310309 -0.031581 0.853293
 32 1.854847 1.227798 13.762341 -2.698938 -0.199935 2.278060
 33 10.456542 -0.000008 0.000004 -0.091858 -0.074213 -0.900508
 34 24.248116 0.000002 -0.000004 -0.019719 -0.024485 0.683888
 35 26.336975 0.000000 0.000004 -0.335005 0.023798 0.879934
time 40
  0 0.000000 0.000000 0.000000 0.000000 -0.000000 -1.570796
  1 0.000000 0.000000 0.000000 0.000000 -0.000000 0.000000
  2 0.769555 -2.951586 27.969097 -1.569263 -0.042685 1.569934
  3 4.222169 -0.467508 0.000000 0.009856 -0.000186 -0.391425
  4 4.476987 -0.000002 -0.000000 0.012187 -0.015259 -0.151862
  5 4.477083 0.000000 0.000002 0.002938 0.033764 0.277944
  6 4.477077 -0.000004 -0.000002 -0.024178 -0.007419 0.250754
  7 5.413502 -7.700466 -0.000000 0.007563 -0.030856 -0.069887
  8 6.890240 0.000002 -0.000000 -0.000431 0.007999 -0.446531
  9 8.011925 0.000004 0.000005 -0.002122 0.009473 -0.375021
 10 7.210720 -0.000002 -0.000000 0.003294 -0.016755 -0.506176
 11 8.581028 -0.304903 -0.000000 -0.011501 0.028370 0.521207
 12 22.523008 2.194031 6.355708 0.000000 -0.208395 0.000000
 13 22.523005 2.194038 -6.355709 0.000000 0.240027 0.000000
 14 -3.006533 7.804720 -11.355459 0.226176 0.140840 1.092502
 15 10.384675 0.000008 0.000005 0.039988 0.191021 -1.628216
 16 22.550743 -0.000006 -0.000004 0.120179 0.013909 1.712943
 17 30.814247 -0.000015 -0.000004 2.620900 0.139941 0.431101
 18 -3.013796 7.815494 11.355459 -0.056094 -0.259888 1.115229
 19 10.374533 -0.000002 0.000007 -0.043441 -0.190472 -1.606234
 20 22.550726 -0.000027 -0.000013 -0.119963 -0.013879 1.693813
 21 30.814270 -0.000023 0.000002 -2.721611 0.059164 0.472834
 22 -4.250660 -0.770624 0.000001 0.000000 0.000000 3.024579
 23 10.363422 0.000000 0.000000 0.000000 -0.000008 -0.027083
 24 10.363076 0.000000 -0.000000 0.000000 0.000009 -0.139863
 25 10.363081 -0.000004 -0.000002 -0.000009 -0.000015 -0.097154
 26 8.210358 -0.000006 -7.786025 0.000000 0.000000 -0.049087
 27 8.210346 -0.000002 7.704017 0.000000 0.000000 -0.055781
 28 1.854841 1.227791 -13.762345 2.705745 0.168442 2.243794
 29 10.456543 -0.000004 0.000004 0.087598 0.077316 -0.956068
 30 24.248093 0.000001 0.000007 0.020864 0.025650 0.726575
 31 26.336971 0.000019 0.000002 0.311223 -0.033315 0.853514
 32 1.854847 1.227798 13.762341 -2.695190 -0.197883 2.265438
 33 10.456542 -0.000008 0.000004 -0.091078 -0.074853 -0.911819
 34 24.248116 0.000002 -0.000004 -0.019900 -0.024665 0.691098
 35 26.336975 0.000000 0.000004 -0.335776 0.025504 0.879877
time 41
  0 0.000000 0.000000 0.000000 0.000000 -0.000000 -1.570796
  1 0.000000 0.000000 0.000000 0.000000 -0.000000 0.000000
  2 0.773461 -2.951586 27.793310 -1.569263 -0.044599 1.569934
  3 4.222169 -0.467508 0.000000 0.009880 -0.000297 -0.361248
  4 4.476987 -0.000002 -0.000000 0.010821 -0.015280 -0.151684
  5 4.477083 0.000000 0.000002 0.001200 0.033053 0.228025
  6 4.477077 -0.000004 -0.000002 -0.022620 -0.008265 0.228267
  7 5.413502 -7.700466 -0.000000 0.007629 -0.027747 -0.096615
  8 6.890240 0.000002 -0.000000 -0.000384 0.011750 -0.386118
  9 8.011925 0.000004 0.000005 -0.001873 0.012701 -0.284796
 10 7.210720 -0.000002 -0.000000 0.003459 -0.014336 -0.515562
 11 8.581028 -0.304903 -0.000000 -0.011753 0.021370 0.542377
 12 22.523008 2.194031 6.355708 0.000000 -0.265099 0.000000
 13 22.523005 2.194038 -6.355709 0.000000 0.294354 0.000000
 14 -3.006533 7.804720 -11.355459 0.235183 0.140098 1.153072
 15 10.384675 0.000008 0.000005 0.032966 0.191318 -1.667704
 16 22.550743 -0.000006 -0.000004 0.121139 0.013938 1.750231
 17 30.814247 -0.000015 -0.000004 2.619459 0.140380 0.431245
 18 -3.013796 7.815494 11.355459 -0.017757 -0.283653 1.182888
 19 10.374533 -0.000002 0.000007 -0.037239 -0.190339 -1.641083
 20 22.550726 -0.000027 -0.000013 -0.120433 -0.014331 1.723281
 21 30.814270 -0.000023 0.000002 -2.741713 0.103646 0.470017
 22 -4.250660 -0.770624 0.000001 0.000000 0.000000 2.995363
 23 10.363422 0.000000 0.000000 0.000000 -0.000008 0.025864
 24 10.363076 0.000000 -0.000000 0.000000 0.000009 -0.130753
 25 10.363081 -0.000004 -0.000002 -0.000009 -0.000015 -0.111518
 26 8.210358 -0.000006 -7.786025 0.000000 0.000000 -0.079898
 27 8.210346 -0.000002 7.704017 0.000000 0.000000 -0.083010
 28 1.854841 1.227791 -13.762345 2.704865 0.167826 2.240510
 29 10.456543 -0.000004 0.000004 0.086742 0.077760 -0.967053
 30 24.248093 0.000001 0.000007 0.020975 0.025731 0.732199
 31 26.336971 0.000019 0.000002 0.311136 -0.032658 0.853845
 32 1.854847 1.227798 13.762341 -2.693637 -0.197199 2.260526
 33 10.456542 -0.000008 0.000004 -0.090400 -0.075382 -0.921160
 34 24.248116 0.000002 -0.000004 -0.020030 -0.024785 0.696328
 35 26.336975 0.000000 0.000004 -0.335391 0.025256 0.879877
time 42
  0 0.000000 0.000000 0.000000 0.000000 -0.000000 -1.570796
  1 0.000000 0.000000 0.000000 0.000000 -0.000000 0.000000
  2 0.769555 -2.951586 27.973003 -1.569263 -0.045517 1.569934
  3 4.222169 -0.467508 0.000000 0.009868 -0.000501 -0.320537
  4 4.476987 -0.000002 -0.000000 0.009922 -0.015323 -0.152328
  5 4.477083 0.000000 0.000002 -0.002203 0.031777 0.145275
  6 4.477077 -0.000004 -0.000002 -0.019264 -0.010219 0.175646
  7 5.413502 -7.700466 -0.000000 0.007962 -0.025504 -0.131931
  8 6.890240 0.000002 -0.000000 -0.000360 0.011109 -0.282491
  9 8.011925 0.000004 0.000005 -0.001428 0.011838 -0.145902
 10 7.210720 -0.000002 -0.000000 0.003514 -0.013471 -0.518405
 11 8.581028 -0.304903 -0.000000 -0.010949 0.022924 0.575079
 12 22.523008 2.194031 6.355708 0.000000 -0.150346 0.000000
 13 22.523005 2.194038 -6.355709 0.000000 0.184308 0.000000
 14 -3.006533 7.804720 -11.355459 0.250050 0.137872 1.261164
 15 10.384675 0.000008 0.000005 0.024861 0.191424 -1.712247
 16 22.550743 -0.000006 -0.000004 0.122370 0.013909 1.801502
 17 30.814247 -0.000015 -0.000004 2.613082 0.141571 0.424011
 18 -3.013796 7.815494 11.355459 0.055761 -0.328718 1.303216
 19 10.374533 -0.000002 0.000007 -0.028274 -0.191568 -1.692980
 20 22.550726 -0.000027 -0.000013 -0.121761 -0.014017 1.773345
 21 30.814270 -0.000023 0.000002 -2.784405 0.187617 0.455011
 22 -4.250660 -0.770624 0.000001 0.000000 0.000000 2.952064
 23 10.363422 0.000000 0.000000 0.000000 -0.000008 0.071835
 24 10.363076 0.000000 -0.000000 0.000000 0.000009 -0.054485
 25 10.363081 -0.000004 -0.000002 -0.000009 -0.000015 -0.036372
 26 8.210358 -0.000006 -7.786025 0.000000 0.000000 -0.009648
 27 8.210346 -0.000002 7.704017 0.000000 0.000000 -0.025568
 28 1.854841 1.227791 -13.762345 2.704646 0.167752 2.239780
 29 10.456543 -0.000004 0.000004 0.086899 0.077440 -0.964361
 30 24.248093 0.000001 0.000007 0.020753 0.025489 0.724503
 31 26.336971 0.000019 0.000002 0.311136 -0.032317 0.854066
 32 1.854847 1.227798 13.762341 -2.693468 -0.197363 2.260397
 33 10.456542 -0.000008 0.000004 -0.090230 -0.075493 -0.923130
 34 24.248116 0.000002 -0.000004 -0.019810 -0.024545 0.688509
 35 26.336975 0.000000 0.000004 -0.335047 0.025070 0.879933
time 43
  0 0.000000 0.000000 0.000000 0.000000 -0.000000 -1.570796
  1 0.000000 0.000000 0.000000 0.000000 -0.000000 0.000000
  2 0.769555 -2.951586 28.148788 -1.569263 -0.046354 1.569934
  3 4.222169 -0.467508 0.000000 0.009904 -0.000594 -0.297598
  4 4.476987 -0.000002 -0.000000 0.009742 -0.015323 -0.154015
  5 4.477083 0.000000 0.000002 -0.004073 0.031002 0.104234
  6 4.477077 -0.000004 -0.000002 -0.016891 -0.011610 0.137866
  7 5.413502 -7.700466 -0.000000 0.007643 -0.024739 -0.131464
  8 6.890240 0.000002 -0.000000 -0.000300 0.011083 -0.234203
  9 8.011925 0.000004 0.000005 -0.001441 0.011694 -0.094742
 10 7.210720 -0.000002 -0.000000 0.003541 -0.013330 -0.518512
 11 8.581028 -0.304903 -0.000000 -0.010582 0.023146 0.589484
 12 22.523008 2.194031 6.355708 0.000000 0.050991 0.000000
 13 22.523005 2.194038 -6.355709 0.000000 -0.008893 0.000000
 14 -3.006533 7.804720 -11.355459 0.257864 0.136212 1.320429
 15 10.384675 0.000008 0.000005 0.022022 0.191297 -1.727853
 16 22.550743 -0.000006 -0.000004 0.122642 0.013794 1.813912
 17 30.814247 -0.000015 -0.000004 2.604215 0.142888 0.412658
 18 -3.013796 7.815494 11.355459 0.097764 -0.355547 1.368823
 19 10.374533 -0.000002 0.000007 -0.025240 -0.191303 -1.709506
 20 22.550726 -0.000027 -0.000013 -0.122415 -0.013703 1.794996
 21 30.814270 -0.000023 0.000002 -2.810190 0.233101 0.441958
 22 -4.250660 -0.770624 0.000001 0.000000 0.000000 2.920722
 23 10.363422 0.000000 0.000000 0.000000 -0.000008 0.088647
 24 10.363076 0.000000 -0.000000 0.000000 0.000009 0.010195
 25 10.363081 -0.000004 -0.000002 -0.000009 -0.000015 0.023632
 26 8.210358 -0.000006 -7.786025 0.000000 0.000000 0.084178
 27 8.210346 -0.000002 7.704017 0.000000 0.000000 0.050355
 28 1.854841 1.227791 -13.762345 2.704426 0.167653 2.238989
 29 10.456543 -0.000004 0.000004 0.087860 0.076675 -0.951031
 30 24.248093 0.000001 0.000007 0.020567 0.025327 0.716926
 31 26.336971 0.000019 0.000002 0.311136 -0.032028 0.854342
 32 1.854847 1.227798 13.762341 -2.693266 -0.197554 2.260182
 33 10.456542 -0.000008 0.000004 -0.090739 -0.075048 -0.915091
 34 24.248116 0.000002 -0.000004 -0.019641 -0.024389 0.681400
 35 26.336975 0.000000 0.000004 -0.334790 0.024915 0.879934
time 44
  0 0.000000 0.000000 0.000000 0.000000 -0.000000 -1.570796
  1 0.000000 0.000000 0.000000 0.000000 -0.000000 0.000000
  2 0.769555 -2.951586 27.969097 -1.569263 -0.047072 1.569934
  3 4.222169 -0.467508 0.000000 0.010204 -0.000445 -0.318958
  4 4.476987 -0.000002 -0.000000 0.010377 -0.015323 -0.156568
  5 4.477083 0.000000 0.000002 -0.003042 0.031696 0.138872
  6 4.477077 -0.000004 -0.000002 -0.018150 -0.011046 0.161615
  7 5.413502 -7.700466 -0.000000 0.005064 -0.026302 -0.028069
  8 6.890240 0.000002 -0.000000 -0.000240 0.011175 -0.329127
  9 8.011925 0.000004 0.000005 -0.001834 0.011966 -0.219774
 10 7.210720 -0.000002 -0.000000 0.003541 -0.013365 -0.518351
 11 8.581028 -0.304903 -0.000000 -0.011317 0.022651 0.558780
 12 22.523008 2.194031 6.355708 0.000000 0.179309 0.000000
 13 22.523005 2.194038 -6.355709 0.000000 -0.132128 0.000000
 14 -3.006533 7.804720 -11.355459 0.253035 0.136459 1.285955
 15 10.384675 0.000008 0.000005 0.025234 0.191127 -1.710303
 16 22.550743 -0.000006 -0.000004 0.122146 0.013651 1.792362
 17 30.814247 -0.000015 -0.000004 2.603166 0.142951 0.411656
 18 -3.013796 7.815494 11.355459 0.073835 -0.339143 1.328866
 19 10.374533 -0.000002 0.000007 -0.027937 -0.190273 -1.692806
 20 22.550726 -0.000027 -0.000013 -0.121761 -0.013899 1.770864
 21 30.814270 -0.000023 0.000002 -2.795842 0.205258 0.449126
 22 -4.250660 -0.770624 0.000001 0.000000 0.000000 2.945098
 23 10.363422 0.000000 0.000000 0.000000 -0.000008 0.063802
 24 10.363076 0.000000 -0.000000 0.000000 0.000009 -0.019925
 25 10.363081 -0.000004 -0.000002 -0.000009 -0.000015 -0.033499
 26 8.210358 -0.000006 -7.786025 0.000000 0.000000 0.156262
 27 8.210346 -0.000002 7.704017 0.000000 0.000000 0.114206
 28 1.854841 1.227791 -13.762345 2.704250 0.167604 2.238442
 29 10.456543 -0.000004 0.000004 0.087336 0.077244 -0.957805
 30 24.248093 0.000001 0.000007 0.020901 0.025751 0.727937
 31 26.336971 0.000019 0.000002 0.311092 -0.031765 0.854563
 32 1.854847 1.227798 13.762341 -2.693063 -0.197719 2.259880
 33 10.456542 -0.000008 0.000004 -0.090943 -0.074853 -0.910834
 34 24.248116 0.000002 -0.000004 -0.019978 -0.024809 0.692926
 35 26.336975 0.000000 0.000004 -0.334533 0.024791 0.879990
time 45
  0 0.000000 0.000000 0.000000 0.000000 -0.000000 -1.570796
  1 0.000000 0.000000 0.000000 0.000000 -0.000000 0.000000
  2 0.773461 -2.951586 27.726902 -1.569359 -0.047631 1.569934
  3 4.222169 -0.467508 0.000000 0.010551 -0.000278 -0.345715
  4 4.476987 -0.000002 -0.000000 0.011504 -0.015323 -0.158721
  5 4.477083 0.000000 0.000002 -0.001365 0.032472 0.183322
  6 4.477077 -0.000004 -0.000002 -0.020043 -0.010013 0.196451
  7 5.413502 -7.700466 -0.000000 0.002180 -0.028035 0.075296
  8 6.890240 0.000002 -0.000000 -0.000372 0.011240 -0.438805
  9 8.011925 0.000004 0.000005 -0.002226 0.012221 -0.361964
 10 7.210720 -0.000002 -0.000000 0.003541 -0.013382 -0.518110
 11 8.581028 -0.304903 -0.000000 -0.012006 0.021968 0.522259
 12 22.523008 2.194031 6.355708 0.000000 0.196082 0.000000
 13 22.523005 2.194038 -6.355709 0.000000 -0.148221 0.000000
 14 -3.006533 7.804720 -11.355459 0.245872 0.136883 1.235412
 15 10.384675 0.000008 0.000005 0.028372 0.191064 -1.693530
 16 22.550743 -0.000006 -0.000004 0.121811 0.013565 1.777955
 17 30.814247 -0.000015 -0.000004 2.605613 0.142669 0.415344
 18 -3.013796 7.815494 11.355459 0.037891 -0.318255 1.272835
 19 10.374533 -0.000002 0.000007 -0.029622 -0.190339 -1.683354
 20 22.550726 -0.000027 -0.000013 -0.121189 -0.014056 1.750888
 21 30.814270 -0.000023 0.000002 -2.774127 0.164422 0.460115
 22 -4.250660 -0.770624 0.000001 0.000000 0.000000 2.988424
 23 10.363422 0.000000 0.000000 0.000000 -0.000008 0.007423
 24 10.363076 0.000000 -0.000000 0.000000 0.000009 -0.094051
 25 10.363081 -0.000004 -0.000002 -0.000009 -0.000015 -0.152674
 26 8.210358 -0.000006 -7.786025 0.000000 0.000000 0.201137
 27 8.210346 -0.000002 7.704017 0.000000 0.000000 0.158932
 28 1.854841 1.227791 -13.762345 2.704162 0.167579 2.238138
 29 10.456543 -0.000004 0.000004 0.086131 0.078294 -0.973913
 30 24.248093 0.000001 0.000007 0.021123 0.026013 0.734390
 31 26.336971 0.000019 0.000002 0.311092 -0.031555 0.854784
 32 1.854847 1.227798 13.762341 -2.692793 -0.197855 2.259535
 33 10.456542 -0.000008 0.000004 -0.090332 -0.075326 -0.919347
 34 24.248116 0.000002 -0.000004 -0.020185 -0.025073 0.699526
 35 26.336975 0.000000 0.000004 -0.334318 0.024698 0.880047
time 46
  0 0.000000 0.000000 0.000000 0.000000 -0.000000 -1.570796
  1 0.000000 0.000000 0.000000 0.000000 -0.000000 0.000000
  2 0.773461 -2.951586 27.687838 -1.569359 -0.048149 1.570030
  3 4.222169 -0.467508 0.000000 0.010563 -0.000278 -0.342648
  4 4.476987 -0.000002 -0.000000 0.012594 -0.015302 -0.158854
  5 4.477083 0.000000 0.000002 -0.001125 0.032407 0.185768
  6 4.477077 -0.000004 -0.000002 -0.020343 -0.009787 0.198974
  7 5.413502 -7.700466 -0.000000 0.002047 -0.028426 0.079310
  8 6.890240 0.000002 -0.000000 -0.000515 0.011227 -0.464868
  9 8.011925 0.000004 0.000005 -0.002436 0.012189 -0.396850
 10 7.210720 -0.000002 -0.000000 0.003541 -0.013435 -0.517681
 11 8.581028 -0.304903 -0.000000 -0.012121 0.021729 0.514547
 12 22.523008 2.194031 6.355708 0.000000 0.187100 0.000000
 13 22.523005 2.194038 -6.355709 0.000000 -0.139600 0.000000
 14 -3.006533 7.804720 -11.355459 0.244570 0.137130 1.224630
 15 10.384675 0.000008 0.000005 0.028148 0.191170 -1.694974
 16 22.550743 -0.000006 -0.000004 0.121667 0.013565 1.771115
 17 30.814247 -0.000015 -0.000004 2.607272 0.142480 0.417958
 18 -3.013796 7.815494 11.355459 0.029032 -0.313846 1.260124
 19 10.374533 -0.000002 0.000007 -0.030498 -0.190671 -1.679354
 20 22.550726 -0.000027 -0.000013 -0.121393 -0.013958 1.757463
 21 30.814270 -0.000023 0.000002 -2.766760 0.151406 0.463044
 22 -4.250660 -0.770624 0.000001 0.000000 0.000000 3.024272
 23 10.363422 0.000000 0.000000 0.000000 -0.000008 -0.055493
 24 10.363076 0.000000 -0.000000 0.000000 0.000009 -0.137850
 25 10.363081 -0.000004 -0.000002 -0.000009 -0.000015 -0.212759
 26 8.210358 -0.000006 -7.786025 0.000000 0.000000 0.211158
 27 8.210346 -0.000002 7.704017 0.000000 0.000000 0.173751
 28 1.854841 1.227791 -13.762345 2.704074 0.167554 2.237956
 29 10.456543 -0.000004 0.000004 0.086270 0.078099 -0.972567
 30 24.248093 0.000001 0.000007 0.021198 0.026094 0.735988
 31 26.336971 0.000019 0.000002 0.311092 -0.031371 0.854950
 32 1.854847 1.227798 13.762341 -2.692557 -0.198020 2.259148
 33 10.456542 -0.000008 0.000004 -0.090027 -0.075577 -0.923840
 34 24.248116 0.000002 -0.000004 -0.020237 -0.025168 0.700999
 35 26.336975 0.000000 0.000004 -0.334190 0.024636 0.880103
time 47
  0 0.000000 0.000000 0.000000 0.000000 -0.000000 -1.570796
  1 0.000000 0.000000 0.000000 0.000000 -0.000000 0.000000
  2 0.773461 -2.951586 27.777683 -1.569359 -0.048508 1.570030
  3 4.222169 -0.467508 0.000000 0.010551 -0.000334 -0.328419
  4 4.476987 -0.000002 -0.000000 0.013146 -0.015259 -0.155302
  5 4.477083 0.000000 0.000002 -0.001436 0.032116 0.172621
  6 4.477077 -0.000004 -0.000002 -0.019864 -0.010069 0.187621
  7 5.413502 -7.700466 -0.000000 0.003017 -0.028154 0.046794
  8 6.890240 0.000002 -0.000000 -0.000479 0.011227 -0.457957
  9 8.011925 0.000004 0.000005 -0.002410 0.012189 -0.390387
 10 7.210720 -0.000002 -0.000000 0.003541 -0.013488 -0.517118
 11 8.581028 -0.304903 -0.000000 -0.012098 0.021797 0.517422
 12 22.523008 2.194031 6.355708 0.000000 0.167975 0.000000
 13 22.523005 2.194038 -6.355709 0.000000 -0.121178 0.000000
 14 -3.006533 7.804720 -11.355459 0.245764 0.137307 1.229712
 15 10.384675 0.000008 0.000005 0.027588 0.191255 -1.698196
 16 22.550743 -0.000006 -0.000004 0.121635 0.013593 1.770631
 17 30.814247 -0.000015 -0.000004 2.608321 0.142449 0.419749
 18 -3.013796 7.815494 11.355459 0.030916 -0.315341 1.264228
 19 10.374533 -0.000002 0.000007 -0.030633 -0.190904 -1.679064
 20 22.550726 -0.000027 -0.000013 -0.121455 -0.013879 1.759697
 21 30.814270 -0.000023 0.000002 -2.763778 0.147222 0.463546
 22 -4.250660 -0.770624 0.000001 0.000000 0.000000 3.056330
 23 10.363422 0.000000 0.000000 0.000000 -0.000008 -0.118914
 24 10.363076 0.000000 -0.000000 0.000000 0.000009 -0.127604
 25 10.363081 -0.000004 -0.000002 -0.000009 -0.000015 -0.129693
 26 8.210358 -0.000006 -7.786025 0.000000 0.000000 0.197706
 27 8.210346 -0.000002 7.704017 0.000000 0.000000 0.166969
 28 1.854841 1.227791 -13.762345 2.704074 0.167579 2.237955
 29 10.456543 -0.000004 0.000004 0.086620 0.077796 -0.968052
 30 24.248093 0.000001 0.000007 0.021160 0.026074 0.734153
 31 26.336971 0.000019 0.000002 0.311049 -0.031213 0.855116
 32 1.854847 1.227798 13.762341 -2.692286 -0.198156 2.258717
 33 10.456542 -0.000008 0.000004 -0.090264 -0.075438 -0.921042
 34 24.248116 0.000002 -0.000004 -0.020198 -0.025144 0.698917
 35 26.336975 0.000000 0.000004 -0.334061 0.024574 0.880160
time 48
  0 0.000000 0.000000 0.000000 0.000000 -0.000000 -1.570796
  1 0.000000 0.000000 0.000000 0.000000 -0.000000 0.000000
  2 0.769555 -2.951586 27.902687 -1.569359 -0.048788 1.570030
  3 4.222169 -0.467508 0.000000 0.010551 -0.000408 -0.315554
  4 4.476987 -0.000002 -0.000000 0.012583 -0.015259 -0.145491
  5 4.477083 0.000000 0.000002 -0.001736 0.031906 0.161386
  6 4.477077 -0.000004 -0.000002 -0.019193 -0.010407 0.174945
  7 5.413502 -7.700466 -0.000000 0.003775 -0.027815 0.020782
  8 6.890240 0.000002 -0.000000 -0.000455 0.011227 -0.453302
  9 8.011925 0.000004 0.000005 -0.002384 0.012189 -0.387064
 10 7.210720 -0.000002 -0.000000 0.003569 -0.013577 -0.516420
 11 8.581028 -0.304903 -0.000000 -0.012052 0.021848 0.520471
 12 22.523008 2.194031 6.355708 0.000000 0.104732 0.000000
 13 22.523005 2.194038 -6.355709 0.000000 -0.060438 0.000000
 14 -3.006533 7.804720 -11.355459 0.246849 0.137378 1.234381
 15 10.384675 0.000008 0.000005 0.026841 0.191276 -1.702250
 16 22.550743 -0.000006 -0.000004 0.121747 0.013651 1.775776
 17 30.814247 -0.000015 -0.000004 2.608539 0.142606 0.420465
 18 -3.013796 7.815494 11.355459 0.032494 -0.316686 1.267933
 19 10.374533 -0.000002 0.000007 -0.030094 -0.191070 -1.682195
 20 22.550726 -0.000027 -0.000013 -0.121475 -0.013821 1.760007
 21 30.814270 -0.000023 0.000002 -2.763427 0.147540 0.462960
 22 -4.250660 -0.770624 0.000001 0.000000 0.000000 3.077174
 23 10.363422 0.000000 0.000000 0.000000 -0.000008 -0.171421
 24 10.363076 0.000000 -0.000000 0.000000 0.000009 -0.098335
 25 10.363081 -0.000004 -0.000002 -0.000009 -0.000015 0.020678
 26 8.210358 -0.000006 -7.786025 0.000000 0.000000 0.163362
 27 8.210346 -0.000002 7.704017 0.000000 0.000000 0.128550
 28 1.854841 1.227791 -13.762345 2.704118 0.167604 2.238077
 29 10.456543 -0.000004 0.000004 0.087022 0.077494 -0.962320
 30 24.248093 0.000001 0.000007 0.021049 0.025973 0.729950
 31 26.336971 0.000019 0.000002 0.311049 -0.031108 0.855226
 32 1.854847 1.227798 13.762341 -2.691983 -0.198320 2.258243
 33 10.456542 -0.000008 0.000004 -0.090807 -0.075020 -0.914145
 34 24.248116 0.000002 -0.000004 -0.020095 -0.025049 0.694500
 35 26.336975 0.000000 0.000004 -0.333975 0.024543 0.880216
time 49
  0 0.000000 0.000000 0.000000 0.000000 -0.000000 -1.570796
  1 0.000000 0.000000 0.000000 0.000000 -0.000000 0.000000
  2 0.769555 -2.951586 28.039412 -1.569359 -0.048987 1.570030
  3 4.222169 -0.467508 0.000000 0.010551 -0.000482 -0.302719
  4 4.476987 -0.000002 -0.000000 0.011144 -0.015216 -0.136523
  5 4.477083 0.000000 0.000002 -0.002108 0.031680 0.151145
  6 4.477077 -0.000004 -0.000002 -0.018282 -0.010858 0.159590
  7 5.413502 -7.700466 -0.000000 0.004453 -0.027373 -0.003425
  8 6.890240 0.000002 -0.000000 -0.000395 0.011240 -0.444809
  9 8.011925 0.000004 0.000005 -0.002305 0.012221 -0.375384
 10 7.210720 -0.000002 -0.000000 0.003569 -0.013665 -0.515562
 11 8.581028 -0.304903 -0.000000 -0.011960 0.021968 0.526815
 12 22.523008 2.194031 6.355708 0.000000 -0.049739 0.000000
 13 22.523005 2.194038 -6.355709 0.000000 0.087874 0.000000
 14 -3.006533 7.804720 -11.355459 0.248477 0.137378 1.244476
 15 10.384675 0.000008 0.000005 0.025720 0.191276 -1.708137
 16 22.550743 -0.000006 -0.000004 0.121954 0.013708 1.785825
 17 30.814247 -0.000015 -0.000004 2.607666 0.143107 0.419821
 18 -3.013796 7.815494 11.355459 0.038349 -0.320348 1.277908
 19 10.374533 -0.000002 0.000007 -0.029015 -0.191236 -1.688457
 20 22.550726 -0.000027 -0.000013 -0.121536 -0.013762 1.763667
 21 30.814270 -0.000023 0.000002 -2.771075 0.162465 0.459083
 22 -4.250660 -0.770624 0.000001 0.000000 0.000000 3.078556
 23 10.363422 0.000000 0.000000 -0.000000 -0.000008 -0.186055
 24 10.363076 0.000000 -0.000000 0.000000 0.000009 -0.080888
 25 10.363081 -0.000004 -0.000002 -0.000009 -0.000015 0.111825
 26 8.210358 -0.000006 -7.786025 0.000000 0.000000 0.095354
 27 8.210346 -0.000002 7.704017 0.000000 0.000000 0.063105
 28 1.854841 1.227791 -13.762345 2.704206 0.167653 2.238320
 29 10.456543 -0.000004 0.000004 0.087458 0.077173 -0.955981
 30 24.248093 0.000001 0.000007 0.020901 0.025832 0.724503
 31 26.336971 0.000019 0.000002 0.311005 -0.031055 0.855336
 32 1.854847 1.227798 13.762341 -2.691679 -0.198430 2.257726
 33 10.456542 -0.000008 0.000004 -0.091417 -0.074547 -0.905869
 34 24.248116 0.000002 -0.000004 -0.019952 -0.024905 0.688864
 35 26.336975 0.000000 0.000004 -0.333890 0.024543 0.880273
time 50
  0 0.000000 0.000000 0.000000 0.000000 -0.000000 -1.570796
  1 0.000000 0.000000 0.000000 0.000000 -0.000000 0.000000
  2 0.769555 -2.951586 28.168322 -1.569359 -0.049067 1.570030
  3 4.222169 -0.467508 0.000000 0.010551 -0.000538 -0.289870
  4 4.476987 -0.000002 -0.000000 0.010557 -0.015173 -0.138122
  5 4.477083 0.000000 0.000002 -0.002839 0.031293 0.132751
  6 4.477077 -0.000004 -0.000002 -0.017119 -0.011384 0.141525
  7 5.413502 -7.700466 -0.000000 0.005051 -0.026812 -0.025891
  8 6.890240 0.000002 -0.000000 -0.000372 0.011201 -0.404247
  9 8.011925 0.000004 0.000005 -0.002017 0.012189 -0.318409
 10 7.210720 -0.000002 -0.000000 0.003569 -0.013789 -0.514570
 11 8.581028 -0.304903 -0.000000 -0.011799 0.022173 0.538416
 12 22.523008 2.194031 6.355708 0.000000 -0.207692 0.000000
 13 22.523005 2.194038 -6.355709 0.000000 0.239361 0.000000
 14 -3.006533 7.804720 -11.355459 0.253523 0.137060 1.282109
 15 10.384675 0.000008 0.000005 0.024114 0.191255 -1.716357
 16 22.550743 -0.000006 -0.000004 0.122258 0.013766 1.799989
 17 30.814247 -0.000015 -0.000004 2.605700 0.143860 0.417815
 18 -3.013796 7.815494 11.355459 0.065638 -0.335033 1.318720
 19 10.374533 -0.000002 0.000007 -0.027397 -0.191369 -1.697503
 20 22.550726 -0.000027 -0.000013 -0.121822 -0.013703 1.775702
 21 30.814270 -0.000023 0.000002 -2.791316 0.199899 0.449600
 22 -4.250660 -0.770624 0.000001 0.000000 0.000000 3.070823
 23 10.363422 0.000000 0.000000 0.000000 -0.000008 -0.167966
 24 10.363076 0.000000 -0.000000 0.000000 0.000009 -0.085147
 25 10.363081 -0.000004 -0.000002 -0.000009 -0.000015 0.102885
 26 8.210358 -0.000006 -7.786025 0.000000 0.000000 0.017732
 27 8.210346 -0.000002 7.704017 0.000000 0.000000 -0.004069
 28 1.854841 1.227791 -13.762345 2.704294 0.167727 2.238564
 29 10.456543 -0.000004 0.000004 0.087895 0.076817 -0.949729
 30 24.248093 0.000001 0.000007 0.020753 0.025691 0.718938
 31 26.336971 0.000019 0.000002 0.310962 -0.031003 0.855447
 32 1.854847 1.227798 13.762341 -2.691375 -0.198567 2.257166
 33 10.456542 -0.000008 0.000004 -0.091960 -0.074130 -0.898774
 34 24.248116 0.000002 -0.000004 -0.019810 -0.024749 0.683279
 35 26.336975 0.000000 0.000004 -0.333847 0.024543 0.880329
time 51
  0 0.000000 0.000000 0.000000 0.000000 -0.000000 -1.570796
  1 0.000000 0.000000 0.000000 0.000000 -0.000000 0.000000
  2 0.769555 -2.951586 28.258167 -1.569359 -0.049027 1.570030
  3 4.222169 -0.467508 0.000000 0.010539 -0.000612 -0.277051
  4 4.476987 -0.000002 -0.000000 0.011192 -0.015130 -0.141163
  5 4.477083 0.000000 0.000002 -0.004253 0.030646 0.095296
  6 4.477077 -0.000004 -0.000002 -0.015717 -0.012005 0.120782
  7 5.413502 -7.700466 -0.000000 0.005609 -0.026149 -0.046613
  8 6.890240 0.000002 -0.000000 -0.000455 0.011122 -0.328056
  9 8.011925 0.000004 0.000005 -0.001663 0.011982 -0.212429
 10 7.210720 -0.000002 -0.000000 0.003596 -0.013912 -0.513444
 11 8.581028 -0.304903 -0.000000 -0.011523 0.022463 0.556012
 12 22.523008 2.194031 6.355708 0.000000 -0.262930 0.000000
 13 22.523005 2.194038 -6.355709 0.000000 0.292297 0.000000
 14 -3.006533 7.804720 -11.355459 0.262313 0.136141 1.346456
 15 10.384675 0.000008 0.000005 0.021873 0.191233 -1.727576
 16 22.550743 -0.000006 -0.000004 0.122642 0.013794 1.817665
 17 30.814247 -0.000015 -0.000004 2.603210 0.144800 0.415058
 18 -3.013796 7.815494 11.355459 0.114820 -0.363208 1.390882
 19 10.374533 -0.000002 0.000007 -0.025375 -0.191435 -1.708868
 20 22.550726 -0.000027 -0.000013 -0.122292 -0.013624 1.796981
 21 30.814270 -0.000023 0.000002 -2.820819 0.252235 0.435236
 22 -4.250660 -0.770624 0.000001 0.000000 0.000000 3.061324
 23 10.363422 0.000000 0.000000 0.000000 -0.000008 -0.138213
 24 10.363076 0.000000 -0.000000 0.000000 0.000009 -0.098052
 25 10.363081 -0.000004 -0.000002 -0.000009 -0.000015 0.051338
 26 8.210358 -0.000006 -7.786025 0.000000 0.000000 -0.056900
 27 8.210346 -0.000002 7.704017 0.000000 0.000000 -0.066123
 28 1.854841 1.227791 -13.762345 2.704382 0.167776 2.238929
 29 10.456543 -0.000004 0.000004 0.088332 0.076408 -0.943737
 30 24.248093 0.000001 0.000007 0.020604 0.025570 0.713670
 31 26.336971 0.000019 0.000002 0.310962 -0.031003 0.855502
 32 1.854847 1.227798 13.762341 -2.691037 -0.198676 2.256520
 33 10.456542 -0.000008 0.000004 -0.092163 -0.073935 -0.895582
 34 24.248116 0.000002 -0.000004 -0.019680 -0.024617 0.678557
 35 26.336975 0.000000 0.000004 -0.333847 0.024574 0.880386
time 52
  0 0.000000 0.000000 0.000000 0.000000 -0.000000 -1.570796
  1 0.000000 0.000000 0.000000 0.000000 -0.000000 0.000000
  2 0.769555 -2.951586 28.254261 -1.569359 -0.048947 1.570030
  3 4.222169 -0.467508 0.000000 0.010539 -0.000686 -0.263174
  4 4.476987 -0.000002 -0.000000 0.012163 -0.015088 -0.139320
  5 4.477083 0.000000 0.000002 -0.006086 0.029806 0.046741
  6 4.477077 -0.000004 -0.000002 -0.013967 -0.012719 0.095554
  7 5.413502 -7.700466 -0.000000 0.006194 -0.025351 -0.069047
  8 6.890240 0.000002 -0.000000 -0.000503 0.011070 -0.251028
  9 8.011925 0.000004 0.000005 -0.001637 0.011742 -0.110835
 10 7.210720 -0.000002 -0.000000 0.003596 -0.014053 -0.512183
 11 8.581028 -0.304903 -0.000000 -0.010926 0.022907 0.579881
 12 22.523008 2.194031 6.355708 0.000000 -0.149368 0.000000
 13 22.523005 2.194038 -6.355709 0.000000 0.183340 0.000000
 14 -3.006533 7.804720 -11.355459 0.271537 0.135081 1.411009
 15 10.384675 0.000008 0.000005 0.018773 0.191212 -1.743294
 16 22.550743 -0.000006 -0.000004 0.123074 0.013737 1.838972
 17 30.814247 -0.000015 -0.000004 2.600851 0.145709 0.412479
 18 -3.013796 7.815494 11.355459 0.163747 -0.394260 1.462703
 19 10.374533 -0.000002 0.000007 -0.022881 -0.191435 -1.722553
 20 22.550726 -0.000027 -0.000013 -0.122823 -0.013546 1.819438
 21 30.814270 -0.000023 0.000002 -2.850883 0.303249 0.419561
 22 -4.250660 -0.770624 0.000001 0.000000 0.000000 3.048956
 23 10.363422 0.000000 0.000000 0.000000 -0.000008 -0.101837
 24 10.363076 0.000000 -0.000000 0.000000 0.000009 -0.108814
 25 10.363081 -0.000004 -0.000002 -0.000009 -0.000015 0.002046
 26 8.210358 -0.000006 -7.786025 0.000000 0.000000 -0.079048
 27 8.210346 -0.000002 7.704017 0.000000 0.000000 -0.082433
 28 1.854841 1.227791 -13.762345 2.704514 0.167826 2.239294
 29 10.456543 -0.000004 0.000004 0.088192 0.076390 -0.945213
 30 24.248093 0.000001 0.000007 0.020679 0.025670 0.716393
 31 26.336971 0.000019 0.000002 0.310918 -0.031029 0.855557
 32 1.854847 1.227798 13.762341 -2.690700 -0.198786 2.255873
 33 10.456542 -0.000008 0.000004 -0.091892 -0.074158 -0.899129
 34 24.248116 0.000002 -0.000004 -0.019732 -0.024677 0.680233
 35 26.336975 0.000000 0.000004 -0.333890 0.024636 0.880499
time 53
  0 0.000000 0.000000 0.000000 0.000000 -0.000000 -1.570796
  1 0.000000 0.000000 0.000000 0.000000 -0.000000 0.000000
  2 0.769555 -2.951586 28.098007 -1.569455 -0.048748 1.570030
  3 4.222169 -0.467508 0.000000 0.010527 -0.000723 -0.257945
  4 4.476987 -0.000002 -0.000000 0.013218 -0.015066 -0.135791
  5 4.477083 0.000000 0.000002 -0.007021 0.029338 0.021544
  6 4.477077 -0.000004 -0.000002 -0.012889 -0.013095 0.081897
  7 5.413502 -7.700466 -0.000000 0.006074 -0.025028 -0.064038
  8 6.890240 0.000002 -0.000000 -0.000503 0.011057 -0.219868
  9 8.011925 0.000004 0.000005 -0.001585 0.011662 -0.076494
 10 7.210720 -0.000002 -0.000000 0.003596 -0.014212 -0.510789
 11 8.581028 -0.304903 -0.000000 -0.010513 0.023163 0.592358
 12 22.523008 2.194031 6.355708 0.000000 0.049983 0.000000
 13 22.523005 2.194038 -6.355709 0.000000 -0.007956 0.000000
 14 -3.006533 7.804720 -11.355459 0.275010 0.135081 1.433053
 15 10.384675 0.000008 0.000005 0.016195 0.191170 -1.756456
 16 22.550743 -0.000006 -0.000004 0.123474 0.013651 1.855195
 17 30.814247 -0.000015 -0.000004 2.599410 0.146368 0.411011
 18 -3.013796 7.815494 11.355459 0.181821 -0.407450 1.489892
 19 10.374533 -0.000002 0.000007 -0.020319 -0.191369 -1.736933
 20 22.550726 -0.000027 -0.000013 -0.123068 -0.013546 1.830357
 21 30.814270 -0.000023 0.000002 -2.860495 0.320205 0.415684
 22 -4.250660 -0.770624 0.000001 0.000000 0.000000 3.033516
 23 10.363422 0.000000 0.000000 0.000000 -0.000008 -0.062931
 24 10.363076 0.000000 -0.000000 0.000000 0.000009 -0.118157
 25 10.363081 -0.000004 -0.000002 -0.000009 -0.000015 -0.047245
 26 8.210358 -0.000006 -7.786025 0.000000 0.000000 -0.009885
 27 8.210346 -0.000002 7.704017 0.000000 0.000000 -0.025737
 28 1.854841 1.227791 -13.762345 2.704646 0.167875 2.239659
 29 10.456543 -0.000004 0.000004 0.087266 0.077013 -0.957023
 30 24.248093 0.000001 0.000007 0.021012 0.026034 0.728055
 31 26.336971 0.000019 0.000002 0.310918 -0.031082 0.855613
 32 1.854847 1.227798 13.762341 -2.690362 -0.198895 2.255227
 33 10.456542 -0.000008 0.000004 -0.091078 -0.074770 -0.909415
 34 24.248116 0.000002 -0.000004 -0.019978 -0.024941 0.689575
 35 26.336975 0.000000 0.000004 -0.333933 0.024729 0.880555
time 54
  0 0.000000 0.000000 0.000000 0.000000 -0.000000 -1.570796
  1 0.000000 0.000000 0.000000 0.000000 -0.000000 0.000000
  2 0.769555 -2.951586 27.848000 -1.569455 -0.048429 1.570030
  3 4.222169 -0.467508 0.000000 0.010371 -0.000668 -0.271439
  4 4.476987 -0.000002 -0.000000 0.014093 -0.015066 -0.132839
  5 4.477083 0.000000 0.000002 -0.006062 0.029823 0.047734
  6 4.477077 -0.000004 -0.000002 -0.013883 -0.012681 0.099385
  7 5.413502 -7.700466 -0.000000 0.003801 -0.025895 0.019880
  8 6.890240 0.000002 -0.000000 -0.000407 0.011096 -0.274509
  9 8.011925 0.000004 0.000005 -0.001401 0.011806 -0.157401
 10 7.210720 -0.000002 -0.000000 0.003596 -0.014371 -0.509287
 11 8.581028 -0.304903 -0.000000 -0.010972 0.022924 0.574448
 12 22.523008 2.194031 6.355708 0.000000 0.178576 0.000000
 13 22.523005 2.194038 -6.355709 0.000000 -0.131432 0.000000
 14 -3.006533 7.804720 -11.355459 0.268444 0.136848 1.383265
 15 10.384675 0.000008 0.000005 0.017092 0.191191 -1.752124
 16 22.550743 -0.000006 -0.000004 0.123490 0.013622 1.849323
 17 30.814247 -0.000015 -0.000004 2.598755 0.146869 0.410510
 18 -3.013796 7.815494 11.355459 0.150204 -0.388729 1.445432
 19 10.374533 -0.000002 0.000007 -0.020252 -0.191369 -1.737049
 20 22.550726 -0.000027 -0.000013 -0.122885 -0.013644 1.823099
 21 30.814270 -0.000023 0.000002 -2.836991 0.283382 0.431638
 22 -4.250660 -0.770624 0.000001 0.000000 0.000000 3.014772
 23 10.363422 0.000000 0.000000 0.000000 -0.000008 -0.024728
 24 10.363076 0.000000 -0.000000 0.000000 0.000009 -0.126571
 25 10.363081 -0.000004 -0.000002 -0.000009 -0.000015 -0.095517
 26 8.210358 -0.000006 -7.786025 0.000000 0.000000 0.080985
 27 8.210346 -0.000002 7.704017 0.000000 0.000000 0.050423
 28 1.854841 1.227791 -13.762345 2.704734 0.167924 2.240023
 29 10.456543 -0.000004 0.000004 0.086532 0.077565 -0.966575
 30 24.248093 0.000001 0.000007 0.021198 0.026235 0.734508
 31 26.336971 0.000019 0.000002 0.310918 -0.031161 0.855668
 32 1.854847 1.227798 13.762341 -2.689991 -0.198977 2.254495
 33 10.456542 -0.000008 0.000004 -0.090298 -0.075354 -0.919859
 34 24.248116 0.000002 -0.000004 -0.020147 -0.025108 0.696734
 35 26.336975 0.000000 0.000004 -0.334018 0.024822 0.880612
time 55
  0 0.000000 0.000000 0.000000 0.000000 -0.000000 -1.570796
  1 0.000000 0.000000 0.000000 0.000000 -0.000000 0.000000
  2 0.773461 -2.951586 27.722996 -1.569455 -0.048070 1.570030
  3 4.222169 -0.467508 0.000000 0.010120 -0.000612 -0.289517
  4 4.476987 -0.000002 -0.000000 0.014488 -0.015109 -0.132728
  5 4.477083 0.000000 0.000002 -0.004157 0.030679 0.098187
  6 4.477077 -0.000004 -0.000002 -0.016148 -0.011873 0.132166
  7 5.413502 -7.700466 -0.000000 0.000080 -0.027169 0.150066
  8 6.890240 0.000002 -0.000000 -0.000300 0.011201 -0.377438
  9 8.011925 0.000004 0.000005 -0.001807 0.012125 -0.294010
 10 7.210720 -0.000002 -0.000000 0.003596 -0.014548 -0.507678
 11 8.581028 -0.304903 -0.000000 -0.011661 0.022378 0.542062
 12 22.523008 2.194031 6.355708 0.000000 0.197182 0.000000
 13 22.523005 2.194038 -6.355709 0.000000 -0.149309 0.000000
 14 -3.006533 7.804720 -11.355459 0.258732 0.137802 1.314248
 15 10.384675 0.000008 0.000005 0.020453 0.191191 -1.734740
 16 22.550743 -0.000006 -0.000004 0.123106 0.013737 1.826987
 17 30.814247 -0.000015 -0.000004 2.598274 0.147308 0.410366
 18 -3.013796 7.815494 11.355459 0.097408 -0.357715 1.370020
 19 10.374533 -0.000002 0.000007 -0.023690 -0.191402 -1.717392
 20 22.550726 -0.000027 -0.000013 -0.122394 -0.013801 1.803061
 21 30.814270 -0.000023 0.000002 -2.805840 0.229578 0.449014
 22 -4.250660 -0.770624 0.000001 0.000000 0.000000 2.992521
 23 10.363422 0.000000 0.000000 0.000000 -0.000008 0.010526
 24 10.363076 0.000000 -0.000000 0.000000 0.000009 -0.127294
 25 10.363081 -0.000004 -0.000002 -0.000009 -0.000015 -0.112001
 26 8.210358 -0.000006 -7.786025 0.000000 0.000000 0.151540
 27 8.210346 -0.000002 7.704017 0.000000 0.000000 0.114443
 28 1.854841 1.227791 -13.762345 2.704865 0.167949 2.240328
 29 10.456543 -0.000004 0.000004 0.086463 0.077654 -0.968225
 30 24.248093 0.000001 0.000007 0.021160 0.026175 0.732318
 31 26.336971 0.000019 0.000002 0.310875 -0.031266 0.855668
 32 1.854847 1.227798 13.762341 -2.689653 -0.199059 2.253719
 33 10.456542 -0.000008 0.000004 -0.090230 -0.075438 -0.921239
 34 24.248116 0.000002 -0.000004 -0.020160 -0.025084 0.697952
 35 26.336975 0.000000 0.000004 -0.334147 0.024946 0.880725
time 56
  0 0.000000 0.000000 0.000000 0.000000 -0.000000 -1.570796
  1 0.000000 0.000000 0.000000 0.000000 -0.000000 0.000000
  2 0.769555 -2.951586 27.848000 -1.569454 -0.047631 1.570030
  3 4.222169 -0.467508 0.000000 0.010132 -0.000557 -0.298763
  4 4.476987 -0.000002 -0.000000 0.014117 -0.015195 -0.137877
  5 4.477083 0.000000 0.000002 -0.003198 0.031163 0.127430
  6 4.477077 -0.000004 -0.000002 -0.017599 -0.011309 0.152878
  7 5.413502 -7.700466 -0.000000 -0.001927 -0.027882 0.224151
  8 6.890240 0.000002 -0.000000 -0.000360 0.011240 -0.441132
  9 8.011925 0.000004 0.000005 -0.002292 0.012237 -0.372633
 10 7.210720 -0.000002 -0.000000 0.003569 -0.014742 -0.505935
 11 8.581028 -0.304903 -0.000000 -0.011983 0.022036 0.521593
 12 22.523008 2.194031 6.355708 0.000000 0.189575 0.000000
 13 22.523005 2.194038 -6.355709 0.000000 -0.141959 0.000000
 14 -3.006533 7.804720 -11.355459 0.254554 0.137166 1.286092
 15 10.384675 0.000008 0.000005 0.023591 0.191127 -1.718190
 16 22.550743 -0.000006 -0.000004 0.122626 0.013880 1.805013
 17 30.814247 -0.000015 -0.000004 2.597794 0.147778 0.410295
 18 -3.013796 7.815494 11.355459 0.070577 -0.340974 1.329835
 19 10.374533 -0.000002 0.000007 -0.027667 -0.191369 -1.694952
 20 22.550726 -0.000027 -0.000013 -0.121863 -0.013938 1.781410
 21 30.814270 -0.000023 0.000002 -2.793667 0.205405 0.453198
 22 -4.250660 -0.770624 0.000001 0.000000 0.000000 2.966556
 23 10.363422 0.000000 0.000000 0.000000 -0.000008 0.042897
 24 10.363076 0.000000 -0.000000 0.000000 0.000009 -0.085766
 25 10.363081 -0.000004 -0.000002 -0.000009 -0.000015 -0.068374
 26 8.210358 -0.000006 -7.786025 0.000000 0.000000 0.197298
 27 8.210346 -0.000002 7.704017 0.000000 0.000000 0.157373
 28 1.854841 1.227791 -13.762345 2.704953 0.167949 2.240510
 29 10.456543 -0.000004 0.000004 0.086864 0.077476 -0.964404
 30 24.248093 0.000001 0.000007 0.020975 0.025993 0.726398
 31 26.336971 0.000019 0.000002 0.310875 -0.031397 0.855668
 32 1.854847 1.227798 13.762341 -2.689282 -0.199141 2.252944
 33 10.456542 -0.000008 0.000004 -0.090773 -0.075020 -0.914775
 34 24.248116 0.000002 -0.000004 -0.020056 -0.024929 0.695008
 35 26.336975 0.000000 0.000004 -0.334276 0.025101 0.880781
time 57
  0 0.000000 0.000000 0.000000 0.000000 -0.000000 -1.570796
  1 0.000000 0.000000 0.000000 0.000000 -0.000000 0.000000
  2 0.769555 -2.951586 28.098007 -1.569455 -0.047112 1.570030
  3 4.222169 -0.467508 0.000000 0.010336 -0.000519 -0.300741
  4 4.476987 -0.000002 -0.000000 0.012870 -0.015302 -0.148887
  5 4.477083 0.000000 0.000002 -0.003917 0.031050 0.115913
  6 4.477077 -0.000004 -0.000002 -0.017023 -0.011535 0.147272
  7 5.413502 -7.700466 -0.000000 -0.000864 -0.027662 0.187964
  8 6.890240 0.000002 -0.000000 -0.000312 0.011227 -0.418838
  9 8.011925 0.000004 0.000005 -0.002135 0.012237 -0.344651
 10 7.210720 -0.000002 -0.000000 0.003569 -0.014954 -0.504111
 11 8.581028 -0.304903 -0.000000 -0.011868 0.022258 0.526850
 12 22.523008 2.194031 6.355708 0.000000 0.171732 0.000000
 13 22.523005 2.194038 -6.355709 0.000000 -0.124808 0.000000
 14 -3.006533 7.804720 -11.355459 0.258569 0.136141 1.315897
 15 10.384675 0.000008 0.000005 0.025309 0.191064 -1.709026
 16 22.550743 -0.000006 -0.000004 0.122322 0.013966 1.792786
 17 30.814247 -0.000015 -0.000004 2.597183 0.148280 0.410116
 18 -3.013796 7.815494 11.355459 0.087174 -0.347551 1.351495
 19 10.374533 -0.000002 0.000007 -0.029083 -0.191369 -1.687356
 20 22.550726 -0.000027 -0.000013 -0.121536 -0.014017 1.769002
 21 30.814270 -0.000023 0.000002 -2.808506 0.229431 0.445165
 22 -4.250660 -0.770624 0.000001 0.000000 0.000000 2.934344
 23 10.363422 0.000000 0.000000 0.000000 -0.000008 0.075201
 24 10.363076 0.000000 -0.000000 0.000000 0.000009 -0.015873
 25 10.363081 -0.000004 -0.000002 -0.000009 -0.000015 0.001885
 26 8.210358 -0.000006 -7.786025 0.000000 0.000000 0.210003
 27 8.210346 -0.000002 7.704017 0.000000 0.000000 0.168902
 28 1.854841 1.227791 -13.762345 2.704998 0.167924 2.240632
 29 10.456543 -0.000004 0.000004 0.087581 0.077084 -0.956198
 30 24.248093 0.000001 0.000007 0.020827 0.025792 0.720774
 31 26.336971 0.000019 0.000002 0.310875 -0.031555 0.855668
 32 1.854847 1.227798 13.762341 -2.688876 -0.199196 2.252082
 33 10.456542 -0.000008 0.000004 -0.091316 -0.074603 -0.907721
 34 24.248116 0.000002 -0.000004 -0.019862 -0.024653 0.688763
 35 26.336975 0.000000 0.000004 -0.334404 0.025256 0.880838
time 58
  0 0.000000 0.000000 0.000000 0.000000 -0.000000 -1.570796
  1 0.000000 0.000000 0.000000 0.000000 -0.000000 0.000000
  2 0.769555 -2.951586 28.223011 -1.569455 -0.046474 1.570030
  3 4.222169 -0.467508 0.000000 0.010491 -0.000501 -0.298334
  4 4.476987 -0.000002 -0.000000 0.011072 -0.015473 -0.162450
  5 4.477083 0.000000 0.000002 -0.005128 0.030646 0.088790
  6 4.477077 -0.000004 -0.000002 -0.015453 -0.012136 0.128211
  7 5.413502 -7.700466 -0.000000 0.001582 -0.026812 0.094307
  8 6.890240 0.000002 -0.000000 -0.000216 0.011188 -0.359635
  9 8.011925 0.000004 0.000005 -0.001807 0.012125 -0.263407
 10 7.210720 -0.000002 -0.000000 0.003541 -0.015183 -0.502180
 11 8.581028 -0.304903 -0.000000 -0.011523 0.022600 0.546618
 12 22.523008 2.194031 6.355708 0.000000 0.104671 0.000000
 13 22.523005 2.194038 -6.355709 0.000000 -0.060347 0.000000
 14 -3.006533 7.804720 -11.355459 0.265569 0.134763 1.367951
 15 10.384675 0.000008 0.000005 0.024338 0.191106 -1.714413
 16 22.550743 -0.000006 -0.000004 0.122466 0.013938 1.800231
 17 30.814247 -0.000015 -0.000004 2.596353 0.148844 0.409686
 18 -3.013796 7.815494 11.355459 0.120319 -0.365226 1.398407
 19 10.374533 -0.000002 0.000007 -0.027667 -0.191435 -1.695590
 20 22.550726 -0.000027 -0.000013 -0.121659 -0.013978 1.776323
 21 30.814270 -0.000023 0.000002 -2.834325 0.272494 0.432614
 22 -4.250660 -0.770624 0.000001 0.000000 0.000000 2.916215
 23 10.363422 0.000000 0.000000 0.000000 -0.000008 0.092762
 24 10.363076 0.000000 -0.000000 0.000000 0.000009 0.017964
 25 10.363081 -0.000004 -0.000002 -0.000009 -0.000015 0.036143
 26 8.210358 -0.000006 -7.786025 0.000000 0.000000 0.209595
 27 8.210346 -0.000002 7.704017 0.000000 0.000000 0.168834
 28 1.854841 1.227791 -13.762345 2.705041 0.167875 2.240631
 29 10.456543 -0.000004 0.000004 0.088437 0.076639 -0.946168
 30 24.248093 0.000001 0.000007 0.020753 0.025691 0.719708
 31 26.336971 0.000019 0.000002 0.310875 -0.031739 0.855668
 32 1.854847 1.227798 13.762341 -2.688505 -0.199223 2.251221
 33 10.456542 -0.000008 0.000004 -0.091655 -0.074352 -0.903110
 34 24.248116 0.000002 -0.000004 -0.019628 -0.024341 0.680994
 35 26.336975 0.000000 0.000004 -0.334576 0.025442 0.880951
time 59
  0 0.000000 0.000000 0.000000 0.000000 -0.000000 -1.570796
  1 0.000000 0.000000 0.000000 0.000000 -0.000000 0.000000
  2 0.769555 -2.951586 28.098007 -1.569550 -0.045796 1.570126
  3 4.222169 -0.467508 0.000000 0.010647 -0.000519 -0.292691
  4 4.476987 -0.000002 -0.000000 0.009191 -0.015580 -0.173571
  5 4.477083 0.000000 0.000002 -0.006003 0.030259 0.066187
  6 4.477077 -0.000004 -0.000002 -0.014075 -0.012587 0.110520
  7 5.413502 -7.700466 -0.000000 0.004094 -0.025793 -0.003176
  8 6.890240 0.000002 -0.000000 -0.000312 0.011136 -0.300875
  9 8.011925 0.000004 0.000005 -0.001729 0.011822 -0.179126
 10 7.210720 -0.000002 -0.000000 0.003514 -0.015430 -0.500116
 11 8.581028 -0.304903 -0.000000 -0.011110 0.022770 0.569436
 12 22.523008 2.194031 6.355708 0.000000 -0.049861 0.000000
 13 22.523005 2.194038 -6.355709 0.000000 0.087964 0.000000
 14 -3.006533 7.804720 -11.355459 0.271429 0.133385 1.411352
 15 10.384675 0.000008 0.000005 0.021350 0.191191 -1.730575
 16 22.550743 -0.000006 -0.000004 0.122882 0.013852 1.822023
 17 30.814247 -0.000015 -0.000004 2.595086 0.149502 0.408826
 18 -3.013796 7.815494 11.355459 0.152495 -0.384320 1.444862
 19 10.374533 -0.000002 0.000007 -0.025105 -0.191469 -1.709680
 20 22.550726 -0.000027 -0.000013 -0.122088 -0.013840 1.798160
 21 30.814270 -0.000023 0.000002 -2.855935 0.307555 0.421458
 22 -4.250660 -0.770624 0.000001 0.000000 0.000000 2.940387
 23 10.363422 0.000000 0.000000 0.000000 -0.000008 0.071636
 24 10.363076 0.000000 -0.000000 0.000000 0.000009 -0.013834
 25 10.363081 -0.000004 -0.000002 -0.000009 -0.000015 -0.008746
 26 8.210358 -0.000006 -7.786025 0.000000 0.000000 0.210308
 27 8.210346 -0.000002 7.704017 0.000000 0.000000 0.170156
 28 1.854841 1.227791 -13.762345 2.705041 0.167801 2.240449
 29 10.456543 -0.000004 0.000004 0.088210 0.076924 -0.948773
 30 24.248093 0.000001 0.000007 0.020864 0.025731 0.724799
 31 26.336971 0.000019 0.000002 0.310875 -0.031949 0.855613
 32 1.854847 1.227798 13.762341 -2.688100 -0.199278 2.250316
 33 10.456542 -0.000008 0.000004 -0.091621 -0.074380 -0.903346
 34 24.248116 0.000002 -0.000004 -0.019654 -0.024365 0.682924
 35 26.336975 0.000000 0.000004 -0.334747 0.025628 0.881007
time 60
  0 0.000000 0.000000 0.000000 0.000000 -0.000000 -1.570796
  1 0.000000 0.000000 0.000000 0.000000 -0.000000 0.000000
  2 0.769555 -2.951586 27.844093 -1.569550 -0.045078 1.570126
  3 4.222169 -0.467508 0.000000 0.010851 -0.000538 -0.284488
  4 4.476987 -0.000002 -0.000000 0.007741 -0.015602 -0.177189
  5 4.477083 0.000000 0.000002 -0.006674 0.029871 0.045911
  6 4.477077 -0.000004 -0.000002 -0.013104 -0.012888 0.096706
  7 5.413502 -7.700466 -0.000000 0.006473 -0.024790 -0.095620
  8 6.890240 0.000002 -0.000000 -0.000455 0.011096 -0.242348
  9 8.011925 0.000004 0.000005 -0.001781 0.011678 -0.101101
 10 7.210720 -0.000002 -0.000000 0.003486 -0.015731 -0.497970
 11 8.581028 -0.304903 -0.000000 -0.010536 0.022924 0.596109
 12 22.523008 2.194031 6.355708 0.000000 -0.207723 0.000000
 13 22.523005 2.194038 -6.355709 0.000000 0.239391 0.000000
 14 -3.006533 7.804720 -11.355459 0.275715 0.132643 1.440539
 15 10.384675 0.000008 0.000005 0.018100 0.191233 -1.748070
 16 22.550743 -0.000006 -0.000004 0.123298 0.013766 1.845328
 17 30.814247 -0.000015 -0.000004 2.593251 0.150286 0.407358
 18 -3.013796 7.815494 11.355459 0.181923 -0.403676 1.488239
 19 10.374533 -0.000002 0.000007 -0.022342 -0.191469 -1.724814
 20 22.550726 -0.000027 -0.000013 -0.122578 -0.013683 1.821362
 21 30.814270 -0.000023 0.000002 -2.868037 0.327912 0.415071
 22 -4.250660 -0.770624 0.000001 0.000000 0.000000 2.981843
 23 10.363422 0.000000 0.000000 0.000000 -0.000008 0.026766
 24 10.363076 0.000000 -0.000000 0.000000 0.000009 -0.072551
 25 10.363081 -0.000004 -0.000002 -0.000009 -0.000015 -0.094040
 26 8.210358 -0.000006 -7.786025 0.000000 0.000000 0.210308
 27 8.210346 -0.000002 7.704017 0.000000 0.000000 0.171513
 28 1.854841 1.227791 -13.762345 2.704998 0.167702 2.240145
 29 10.456543 -0.000004 0.000004 0.086847 0.077903 -0.964795
 30 24.248093 0.000001 0.000007 0.021049 0.025872 0.732259
 31 26.336971 0.000019 0.000002 0.310875 -0.032185 0.855557
 32 1.854847 1.227798 13.762341 -2.687728 -0.199278 2.249411
 33 10.456542 -0.000008 0.000004 -0.090943 -0.074881 -0.911662
 34 24.248116 0.000002 -0.000004 -0.019991 -0.024737 0.695109
 35 26.336975 0.000000 0.000004 -0.334919 0.025846 0.881064
time 61
  0 0.000000 0.000000 0.000000 0.000000 -0.000000 -1.570796
  1 0.000000 0.000000 0.000000 0.000000 -0.000000 0.000000
  2 0.773461 -2.951586 27.676119 -1.569550 -0.044240 1.570126
  3 4.222169 -0.467508 0.000000 0.011091 -0.000557 -0.275288
  4 4.476987 -0.000002 -0.000000 0.007189 -0.015387 -0.168443
  5 4.477083 0.000000 0.000002 -0.007189 0.029419 0.026376
  6 4.477077 -0.000004 -0.000002 -0.012865 -0.012982 0.090508
  7 5.413502 -7.700466 -0.000000 0.007829 -0.024348 -0.144844
  8 6.890240 0.000002 -0.000000 -0.000491 0.010861 -0.216051
  9 8.011925 0.000004 0.000005 -0.001781 0.011678 -0.067980
 10 7.210720 -0.000002 -0.000000 0.003459 -0.016048 -0.495691
 11 8.581028 -0.304903 -0.000000 -0.009778 0.023095 0.626462
 12 22.523008 2.194031 6.355708 0.000000 -0.263480 0.000000
 13 22.523005 2.194038 -6.355709 0.000000 0.292811 0.000000
 14 -3.006533 7.804720 -11.355459 0.276366 0.133527 1.440195
 15 10.384675 0.000008 0.000005 0.015560 0.191233 -1.761844
 16 22.550743 -0.000006 -0.000004 0.123570 0.013679 1.863428
 17 30.814247 -0.000015 -0.000004 2.590412 0.151289 0.404636
 18 -3.013796 7.815494 11.355459 0.190069 -0.411561 1.501235
 19 10.374533 -0.000002 0.000007 -0.020050 -0.191435 -1.737165
 20 22.550726 -0.000027 -0.000013 -0.122966 -0.013526 1.839290
 21 30.814270 -0.000023 0.000002 -2.864424 0.325343 0.417386
 22 -4.250660 -0.770624 0.000001 0.000000 0.000000 3.011520
 23 10.363422 0.000000 0.000000 0.000000 -0.000008 -0.024046
 24 10.363076 0.000000 -0.000000 0.000000 0.000009 -0.117564
 25 10.363081 -0.000004 -0.000002 -0.000009 -0.000015 -0.179200
 26 8.210358 -0.000006 -7.786025 0.000000 0.000000 0.209357
 27 8.210346 -0.000002 7.704017 0.000000 0.000000 0.172869
 28 1.854841 1.227791 -13.762345 2.704910 0.167554 2.239658
 29 10.456543 -0.000004 0.000004 0.086043 0.078437 -0.974174
 30 24.248093 0.000001 0.000007 0.021123 0.025933 0.736048
 31 26.336971 0.000019 0.000002 0.310918 -0.032448 0.855502
 32 1.854847 1.227798 13.762341 -2.687323 -0.199278 2.248421
 33 10.456542 -0.000008 0.000004 -0.089959 -0.075605 -0.924234
 34 24.248116 0.000002 -0.000004 -0.020185 -0.024965 0.702217
 35 26.336975 0.000000 0.000004 -0.335133 0.026094 0.881120
time 62
  0 0.000000 0.000000 0.000000 0.000000 -0.000000 -1.570796
  1 0.000000 0.000000 0.000000 0.000000 -0.000000 0.000000
  2 0.773461 -2.951586 27.637054 -1.569550 -0.043363 1.570126
  3 4.222169 -0.467508 0.000000 0.010779 -0.000575 -0.272941
  4 4.476987 -0.000002 -0.000000 0.007645 -0.015088 -0.152816
  5 4.477083 0.000000 0.000002 -0.007129 0.029306 0.022018
  6 4.477077 -0.000004 -0.000002 -0.013644 -0.012813 0.095585
  7 5.413502 -7.700466 -0.000000 0.007882 -0.024365 -0.145404
  8 6.890240 0.000002 -0.000000 -0.000443 0.010417 -0.217890
  9 8.011925 0.000004 0.000005 -0.001794 0.011678 -0.071225
 10 7.210720 -0.000002 -0.000000 0.003431 -0.016437 -0.493304
 11 8.581028 -0.304903 -0.000000 -0.008883 0.023282 0.660250
 12 22.523008 2.194031 6.355708 0.000000 -0.149888 0.000000
 13 22.523005 2.194038 -6.355709 0.000000 0.183854 0.000000
 14 -3.006533 7.804720 -11.355459 0.273273 0.135894 1.412176
 15 10.384675 0.000008 0.000005 0.014589 0.191233 -1.767287
 16 22.550743 -0.000006 -0.000004 0.123634 0.013679 1.870450
 17 30.814247 -0.000015 -0.000004 2.589495 0.151697 0.404314
 18 -3.013796 7.815494 11.355459 0.170875 -0.402182 1.474445
 19 10.374533 -0.000002 0.000007 -0.019039 -0.191369 -1.742732
 20 22.550726 -0.000027 -0.000013 -0.123171 -0.013467 1.846115
 21 30.814270 -0.000023 0.000002 -2.848182 0.303714 0.426339
 22 -4.250660 -0.770624 0.000001 0.000000 0.000000 3.021967
 23 10.363422 0.000000 0.000000 0.000000 -0.000008 -0.066055
 24 10.363076 0.000000 -0.000000 0.000000 0.000009 -0.136018
 25 10.363081 -0.000004 -0.000002 -0.000009 -0.000015 -0.222531
 26 8.210358 -0.000006 -7.786025 0.000000 0.000000 0.207183
 27 8.210346 -0.000002 7.704017 0.000000 0.000000 0.174463
 28 1.854841 1.227791 -13.762345 2.704778 0.167382 2.239050
 29 10.456543 -0.000004 0.000004 0.085973 0.078490 -0.974912
 30 24.248093 0.000001 0.000007 0.021123 0.025933 0.736521
 31 26.336971 0.000019 0.000002 0.310962 -0.032711 0.855447
 32 1.854847 1.227798 13.762341 -2.686918 -0.199278 2.247430
 33 10.456542 -0.000008 0.000004 -0.089620 -0.075883 -0.928609
 34 24.248116 0.000002 -0.000004 -0.020198 -0.024989 0.702776
 35 26.336975 0.000000 0.000004 -0.335348 0.026342 0.881177
time 63
  0 0.000000 0.000000 0.000000 0.000000 -0.000000 -1.570796
  1 0.000000 0.000000 0.000000 0.000000 -0.000000 0.000000
  2 0.773461 -2.951586 27.637054 -1.569550 -0.042445 1.570126
  3 4.222169 -0.467508 0.000000 0.010072 -0.000557 -0.276560
  4 4.476987 -0.000002 -0.000000 0.008783 -0.014831 -0.137278
  5 4.477083 0.000000 0.000002 -0.005979 0.029903 0.050016
  6 4.477077 -0.000004 -0.000002 -0.014998 -0.012437 0.107810
  7 5.413502 -7.700466 -0.000000 0.007563 -0.024450 -0.134420
  8 6.890240 0.000002 -0.000000 -0.000407 0.009946 -0.221892
  9 8.011925 0.000004 0.000005 -0.001807 0.011630 -0.082594
 10 7.210720 -0.000002 -0.000000 0.003404 -0.016861 -0.490783
 11 8.581028 -0.304903 -0.000000 -0.007872 0.023487 0.697403
 12 22.523008 2.194031 6.355708 0.000000 0.050838 0.000000
 13 22.523005 2.194038 -6.355709 0.000000 -0.008742 0.000000
 14 -3.006533 7.804720 -11.355459 0.266979 0.138826 1.361633
 15 10.384675 0.000008 0.000005 0.015598 0.191255 -1.762010
 16 22.550743 -0.000006 -0.000004 0.123442 0.013708 1.863307
 17 30.814247 -0.000015 -0.000004 2.594780 0.150380 0.411763
 18 -3.013796 7.815494 11.355459 0.131316 -0.377482 1.417216
 19 10.374533 -0.000002 0.000007 -0.019713 -0.191303 -1.739136
 20 22.550726 -0.000027 -0.000013 -0.123150 -0.013487 1.838794
 21 30.814270 -0.000023 0.000002 -2.823380 0.265080 0.439336
 22 -4.250660 -0.770624 0.000001 0.000000 0.000000 3.020918
 23 10.363422 0.000000 0.000000 0.000000 -0.000008 -0.082340
 24 10.363076 0.000000 -0.000000 0.000000 0.000009 -0.137721
 25 10.363081 -0.000004 -0.000002 -0.000009 -0.000015 -0.224491
 26 8.210358 -0.000006 -7.786025 0.000000 0.000000 0.203548
 27 8.210346 -0.000002 7.704017 0.000000 0.000000 0.174293
 28 1.854841 1.227791 -13.762345 2.704602 0.167209 2.238320
 29 10.456543 -0.000004 0.000004 0.086008 0.078472 -0.974564
 30 24.248093 0.000001 0.000007 0.021123 0.025933 0.736580
 31 26.336971 0.000019 0.000002 0.311005 -0.033000 0.855392
 32 1.854847 1.227798 13.762341 -2.686513 -0.199251 2.246439
 33 10.456542 -0.000008 0.000004 -0.089654 -0.075827 -0.927781
 34 24.248116 0.000002 -0.000004 -0.020198 -0.024977 0.702522
 35 26.336975 0.000000 0.000004 -0.335605 0.026621 0.881233
time 64
  0 0.000000 0.000000 0.000000 0.000000 -0.000000 -1.570796
  1 0.000000 0.000000 0.000000 0.000000 -0.000000 0.000000
  2 0.777367 -2.951586 27.640961 -1.569646 -0.041408 1.570126
  3 4.222169 -0.467508 0.000000 0.009389 -0.000445 -0.281758
  4 4.476987 -0.000002 -0.000000 0.010246 -0.014638 -0.122805
  5 4.477083 0.000000 0.000002 -0.004277 0.030663 0.090731
  6 4.477077 -0.000004 -0.000002 -0.016388 -0.011948 0.122028
  7 5.413502 -7.700466 -0.000000 0.007310 -0.024569 -0.124806
  8 6.890240 0.000002 -0.000000 -0.000384 0.009489 -0.225546
  9 8.011925 0.000004 0.000005 -0.001794 0.011502 -0.101127
 10 7.210720 -0.000002 -0.000000 0.003377 -0.017355 -0.488155
 11 8.581028 -0.304903 -0.000000 -0.006793 0.023709 0.737500
 12 22.523008 2.194031 6.355708 0.000000 0.179309 0.000000
 13 22.523005 2.194038 -6.355709 0.000000 -0.132128 0.000000
 14 -3.006533 7.804720 -11.355459 0.257972 0.141370 1.293715
 15 10.384675 0.000008 0.000005 0.018212 0.191255 -1.748347
 16 22.550743 -0.000006 -0.000004 0.123090 0.013766 1.845026
 17 30.814247 -0.000015 -0.000004 2.602773 0.148280 0.422542
 18 -3.013796 7.815494 11.355459 0.080658 -0.345384 1.343116
 19 10.374533 -0.000002 0.000007 -0.021937 -0.191236 -1.727771
 20 22.550726 -0.000027 -0.000013 -0.122905 -0.013605 1.820369
 21 30.814270 -0.000023 0.000002 -2.794158 0.214824 0.453644
 22 -4.250660 -0.770624 0.000001 0.000000 0.000000 3.018972
 23 10.363422 0.000000 0.000000 0.000000 -0.000008 -0.088238
 24 10.363076 0.000000 -0.000000 0.000000 0.000009 -0.137308
 25 10.363081 -0.000004 -0.000002 -0.000009 -0.000015 -0.219685
 26 8.210358 -0.000006 -7.786025 0.000000 0.000000 0.199098
 27 8.210346 -0.000002 7.704017 0.000000 0.000000 0.169648
 28 1.854841 1.227791 -13.762345 2.704426 0.166987 2.237530
 29 10.456543 -0.000004 0.000004 0.086008 0.078472 -0.974478
 30 24.248093 0.000001 0.000007 0.021123 0.025933 0.736758
 31 26.336971 0.000019 0.000002 0.311049 -0.033289 0.855336
 32 1.854847 1.227798 13.762341 -2.686108 -0.199196 2.245362
 33 10.456542 -0.000008 0.000004 -0.089688 -0.075799 -0.927505
 34 24.248116 0.000002 -0.000004 -0.020198 -0.024977 0.702370
 35 26.336975 0.000000 0.000004 -0.335819 0.026900 0.881290
time 65
  0 0.000000 0.000000 0.000000 0.000000 -0.000000 -1.570796
  1 0.000000 0.000000 0.000000 0.000000 -0.000000 0.000000
  2 0.777367 -2.951586 27.644867 -1.569646 -0.040371 1.570126
  3 4.222169 -0.467508 0.000000 0.008754 -0.000316 -0.288520
  4 4.476987 -0.000002 -0.000000 0.011732 -0.014509 -0.109509
  5 4.477083 0.000000 0.000002 -0.002491 0.031293 0.130039
  6 4.477077 -0.000004 -0.000002 -0.017826 -0.011366 0.137741
  7 5.413502 -7.700466 -0.000000 0.007058 -0.024705 -0.115004
  8 6.890240 0.000002 -0.000000 -0.000348 0.009031 -0.229339
  9 8.011925 0.000004 0.000005 -0.001768 0.011422 -0.124695
 10 7.210720 -0.000002 -0.000000 0.003349 -0.017937 -0.485366
 11 8.581028 -0.304903 -0.000000 -0.005645 0.023931 0.779911
 12 22.523008 2.194031 6.355708 0.000000 0.198679 0.000000
 13 22.523005 2.194038 -6.355709 0.000000 -0.150761 0.000000
 14 -3.006533 7.804720 -11.355459 0.248205 0.143137 1.221471
 15 10.384675 0.000008 0.000005 0.021537 0.191212 -1.730575
 16 22.550743 -0.000006 -0.000004 0.122706 0.013794 1.821357
 17 30.814247 -0.000015 -0.000004 2.610505 0.146180 0.432964
 18 -3.013796 7.815494 11.355459 0.026894 -0.313958 1.264570
 19 10.374533 -0.000002 0.000007 -0.024971 -0.191236 -1.711593
 20 22.550726 -0.000027 -0.000013 -0.122517 -0.013703 1.796733
 21 30.814270 -0.000023 0.000002 -2.764796 0.161095 0.466753
 22 -4.250660 -0.770624 0.000001 0.000000 0.000000 3.017205
 23 10.363422 0.000000 0.000000 0.000000 -0.000008 -0.095390
 24 10.363076 0.000000 -0.000000 0.000000 0.000009 -0.136198
 25 10.363081 -0.000004 -0.000002 -0.000009 -0.000015 -0.214235
 26 8.210358 -0.000006 -7.786025 0.000000 0.000000 0.194444
 27 8.210346 -0.000002 7.704017 0.000000 0.000000 0.163307
 28 1.854841 1.227791 -13.762345 2.704206 0.166765 2.236557
 29 10.456543 -0.000004 0.000004 0.086008 0.078454 -0.974347
 30 24.248093 0.000001 0.000007 0.021123 0.025933 0.736876
 31 26.336971 0.000019 0.000002 0.311092 -0.033631 0.855281
 32 1.854847 1.227798 13.762341 -2.685703 -0.199141 2.244285
 33 10.456542 -0.000008 0.000004 -0.089688 -0.075799 -0.927229
 34 24.248116 0.000002 -0.000004 -0.020185 -0.024977 0.702217
 35 26.336975 0.000000 0.000004 -0.336077 0.027180 0.881346
time 66
  0 0.000000 0.000000 0.000000 0.000000 -0.000000 -1.570796
  1 0.000000 0.000000 0.000000 0.000000 -0.000000 0.000000
  2 0.781274 -2.951586 27.648773 -1.569646 -0.039254 1.570126
  3 4.222169 -0.467508 0.000000 0.008190 -0.000241 -0.297383
  4 4.476987 -0.000002 -0.000000 0.012894 -0.014402 -0.097744
  5 4.477083 0.000000 0.000002 -0.000562 0.031906 0.170591
  6 4.477077 -0.000004 -0.000002 -0.019396 -0.010670 0.155821
  7 5.413502 -7.700466 -0.000000 0.006805 -0.024875 -0.105048
  8 6.890240 0.000002 -0.000000 -0.000324 0.008587 -0.233272
  9 8.011925 0.000004 0.000005 -0.001755 0.011470 -0.150600
 10 7.210720 -0.000002 -0.000000 0.003322 -0.018573 -0.482470
 11 8.581028 -0.304903 -0.000000 -0.004451 0.024153 0.823583
 12 22.523008 2.194031 6.355708 0.000000 0.192355 0.000000
 13 22.523005 2.194038 -6.355709 0.000000 -0.144651 0.000000
 14 -3.006533 7.804720 -11.355459 0.239470 0.144408 1.157261
 15 10.384675 0.000008 0.000005 0.024786 0.191106 -1.712636
 16 22.550743 -0.000006 -0.000004 0.122418 0.013766 1.797507
 17 30.814247 -0.000015 -0.000004 2.618236 0.143985 0.443385
 18 -3.013796 7.815494 11.355459 -0.026208 -0.286045 1.187277
 19 10.374533 -0.000002 0.000007 -0.028476 -0.191236 -1.692864
 20 22.550726 -0.000027 -0.000013 -0.122027 -0.013762 1.773035
 21 30.814270 -0.000023 0.000002 -2.736310 0.106777 0.477910
 22 -4.250660 -0.770624 0.000001 0.000000 0.000000 3.015412
 23 10.363422 0.000000 0.000000 0.000000 -0.000008 -0.102542
 24 10.363076 0.000000 -0.000000 0.000000 0.000009 -0.133901
 25 10.363081 -0.000004 -0.000002 -0.000009 -0.000015 -0.207255
 26 8.210358 -0.000006 -7.786025 0.000000 0.000000 0.189655
 27 8.210346 -0.000002 7.704017 0.000000 0.000000 0.157305
 28 1.854841 1.227791 -13.762345 2.703942 0.166518 2.235462
 29 10.456543 -0.000004 0.000004 0.086026 0.078454 -0.974261
 30 24.248093 0.000001 0.000007 0.021123 0.025933 0.736995
 31 26.336971 0.000019 0.000002 0.311179 -0.033946 0.855171
 32 1.854847 1.227798 13.762341 -2.685297 -0.199059 2.243208
 33 10.456542 -0.000008 0.000004 -0.089722 -0.075772 -0.926914
 34 24.248116 0.000002 -0.000004 -0.020185 -0.024965 0.702014
 35 26.336975 0.000000 0.000004 -0.336334 0.027521 0.881403
time 67
  0 0.000000 0.000000 0.000000 0.000000 -0.000000 -1.570796
  1 0.000000 0.000000 0.000000 0.000000 -0.000000 0.000000
  2 0.781274 -2.951586 27.656586 -1.569646 -0.038097 1.570221
  3 4.222169 -0.467508 0.000000 0.007735 -0.000223 -0.303072
  4 4.476987 -0.000002 -0.000000 0.013409 -0.014274 -0.087756
  5 4.477083 0.000000 0.000002 0.000949 0.032375 0.200293
  6 4.477077 -0.000004 -0.000002 -0.020619 -0.010144 0.168731
  7 5.413502 -7.700466 -0.000000 0.006566 -0.025079 -0.094997
  8 6.890240 0.000002 -0.000000 -0.000312 0.008143 -0.237321
  9 8.011925 0.000004 0.000005 -0.001768 0.011566 -0.177647
 10 7.210720 -0.000002 -0.000000 0.003294 -0.019315 -0.479439
 11 8.581028 -0.304903 -0.000000 -0.003257 0.024358 0.867746
 12 22.523008 2.194031 6.355708 0.000000 0.175857 0.000000
 13 22.523005 2.194038 -6.355709 0.000000 -0.128801 0.000000
 14 -3.006533 7.804720 -11.355459 0.232579 0.145645 1.106168
 15 10.384675 0.000008 0.000005 0.026467 0.191021 -1.702750
 16 22.550743 -0.000006 -0.000004 0.122370 0.013708 1.784311
 17 30.814247 -0.000015 -0.000004 2.626185 0.141634 0.453985
 18 -3.013796 7.815494 11.355459 -0.068110 -0.265343 1.126002
 19 10.374533 -0.000002 0.000007 -0.030903 -0.191269 -1.680107
 20 22.550726 -0.000027 -0.000013 -0.121659 -0.013742 1.760007
 21 30.814270 -0.000023 0.000002 -2.709965 0.055103 0.486333
 22 -4.250660 -0.770624 0.000001 0.000000 0.000000 3.013620
 23 10.363422 0.000000 0.000000 0.000000 -0.000008 -0.109694
 24 10.363076 0.000000 -0.000000 0.000000 0.000009 -0.130185
 25 10.363081 -0.000004 -0.000002 -0.000009 -0.000015 -0.198798
 26 8.210358 -0.000006 -7.786025 0.000000 0.000000 0.184763
 27 8.210346 -0.000002 7.704017 0.000000 0.000000 0.151371
 28 1.854841 1.227791 -13.762345 2.703634 0.166271 2.234306
 29 10.456543 -0.000004 0.000004 0.086026 0.078454 -0.974174
 30 24.248093 0.000001 0.000007 0.021123 0.025933 0.737113
 31 26.336971 0.000019 0.000002 0.311266 -0.034314 0.855116
 32 1.854847 1.227798 13.762341 -2.684892 -0.198950 2.242088
 33 10.456542 -0.000008 0.000004 -0.089756 -0.075772 -0.926599
 34 24.248116 0.000002 -0.000004 -0.020185 -0.024965 0.701811
 35 26.336975 0.000000 0.000004 -0.336591 0.027831 0.881403
time 68
  0 0.000000 0.000000 0.000000 0.000000 -0.000000 -1.570796
  1 0.000000 0.000000 0.000000 0.000000 -0.000000 0.000000
  2 0.785180 -2.951586 27.664400 -1.569742 -0.036861 1.570221
  3 4.222169 -0.467508 0.000000 0.007363 -0.000297 -0.296969
  4 4.476987 -0.000002 -0.000000 0.013553 -0.014167 -0.078566
  5 4.477083 0.000000 0.000002 0.001164 0.032375 0.201109
  6 4.477077 -0.000004 -0.000002 -0.020619 -0.010219 0.164449
  7 5.413502 -7.700466 -0.000000 0.006327 -0.025317 -0.084947
  8 6.890240 0.000002 -0.000000 -0.000288 0.007685 -0.241487
  9 8.011925 0.000004 0.000005 -0.001781 0.011662 -0.204823
 10 7.210720 -0.000002 -0.000000 0.003267 -0.020144 -0.476275
 11 8.581028 -0.304903 -0.000000 -0.002085 0.024580 0.911348
 12 22.523008 2.194031 6.355708 0.000000 0.105832 0.000000
 13 22.523005 2.194038 -6.355709 0.000000 -0.061466 0.000000
 14 -3.006533 7.804720 -11.355459 0.228129 0.146776 1.071420
 15 10.384675 0.000008 0.000005 0.025981 0.191042 -1.705082
 16 22.550743 -0.000006 -0.000004 0.122466 0.013679 1.787398
 17 30.814247 -0.000015 -0.000004 2.632432 0.139847 0.462687
 18 -3.013796 7.815494 11.355459 -0.090358 -0.254245 1.093170
 19 10.374533 -0.000002 0.000007 -0.030566 -0.191336 -1.681847
 20 22.550726 -0.000027 -0.000013 -0.121659 -0.013722 1.763047
 21 30.814270 -0.000023 0.000002 -2.698073 0.031736 0.489959
 22 -4.250660 -0.770624 0.000001 0.000000 0.000000 3.011827
 23 10.363422 0.000000 0.000000 0.000000 -0.000008 -0.116846
 24 10.363076 0.000000 -0.000000 0.000000 0.000009 -0.124765
 25 10.363081 -0.000004 -0.000002 -0.000009 -0.000015 -0.188945
 26 8.210358 -0.000006 -7.786025 0.000000 0.000000 0.179701
 27 8.210346 -0.000002 7.704017 0.000000 0.000000 0.145572
 28 1.854841 1.227791 -13.762345 2.703326 0.166000 2.233090
 29 10.456543 -0.000004 0.000004 0.086026 0.078437 -0.974043
 30 24.248093 0.000001 0.000007 0.021123 0.025913 0.737172
 31 26.336971 0.000019 0.000002 0.311353 -0.034656 0.855060
 32 1.854847 1.227798 13.762341 -2.684487 -0.198840 2.240924
 33 10.456542 -0.000008 0.000004 -0.089756 -0.075744 -0.926283
 34 24.248116 0.000002 -0.000004 -0.020173 -0.024953 0.701608
 35 26.336975 0.000000 0.000004 -0.336849 0.028203 0.881460
time 69
  0 0.000000 0.000000 0.000000 0.000000 -0.000000 -1.570796
  1 0.000000 0.000000 0.000000 0.000000 -0.000000 0.000000
  2 0.789087 -2.951586 27.672213 -1.569742 -0.035624 1.570221
  3 4.222169 -0.467508 0.000000 0.007004 -0.000371 -0.286358
  4 4.476987 -0.000002 -0.000000 0.013649 -0.014038 -0.069287
  5 4.477083 0.000000 0.000002 0.000901 0.032213 0.191356
  6 4.477077 -0.000004 -0.000002 -0.020163 -0.010520 0.153688
  7 5.413502 -7.700466 -0.000000 0.006101 -0.025623 -0.074866
  8 6.890240 0.000002 -0.000000 -0.000276 0.007241 -0.245769
  9 8.011925 0.000004 0.000005 -0.001820 0.011662 -0.231117
 10 7.210720 -0.000002 -0.000000 0.003239 -0.021080 -0.472977
 11 8.581028 -0.304903 -0.000000 -0.000960 0.024802 0.953583
 12 22.523008 2.194031 6.355708 0.000000 -0.049952 0.000000
 13 22.523005 2.194038 -6.355709 0.000000 0.088085 0.000000
 14 -3.006533 7.804720 -11.355459 0.226664 0.147906 1.058166
 15 10.384675 0.000008 0.000005 0.024861 0.191085 -1.711025
 16 22.550743 -0.000006 -0.000004 0.122578 0.013651 1.795328
 17 30.814247 -0.000015 -0.000004 2.634048 0.139847 0.466448
 18 -3.013796 7.815494 11.355459 -0.097333 -0.250807 1.082853
 19 10.374533 -0.000002 0.000007 -0.029352 -0.191369 -1.688457
 20 22.550726 -0.000027 -0.000013 -0.121781 -0.013722 1.770677
 21 30.814270 -0.000023 0.000002 -2.694986 0.025473 0.492190
 22 -4.250660 -0.770624 0.000001 0.000000 0.000000 3.010009
 23 10.363422 0.000000 0.000000 0.000000 -0.000008 -0.124019
 24 10.363076 0.000000 -0.000000 0.000000 0.000009 -0.117460
 25 10.363081 -0.000004 -0.000002 -0.000009 -0.000015 -0.177696
 26 8.210358 -0.000006 -7.786025 0.000000 0.000000 0.174572
 27 8.210346 -0.000002 7.704017 0.000000 0.000000 0.139875
 28 1.854841 1.227791 -13.762345 2.702975 0.165728 2.231752
 29 10.456543 -0.000004 0.000004 0.086026 0.078437 -0.973957
 30 24.248093 0.000001 0.000007 0.021123 0.025913 0.737232
 31 26.336971 0.000019 0.000002 0.311484 -0.035050 0.854950
 32 1.854847 1.227798 13.762341 -2.684116 -0.198704 2.239761
 33 10.456542 -0.000008 0.000004 -0.089789 -0.075716 -0.925968
 34 24.248116 0.000002 -0.000004 -0.020173 -0.024953 0.701405
 35 26.336975 0.000000 0.000004 -0.337106 0.028545 0.881460
time 70
  0 0.000000 0.000000 0.000000 0.000000 -0.000000 -1.570796
  1 0.000000 0.000000 0.000000 0.000000 -0.000000 0.000000
  2 0.792993 -2.951586 27.680025 -1.569742 -0.034308 1.570221
  3 4.222169 -0.467508 0.000000 0.006644 -0.000445 -0.276300
  4 4.476987 -0.000002 -0.000000 0.013745 -0.013931 -0.059898
  5 4.477083 0.000000 0.000002 0.000697 0.032084 0.182878
  6 4.477077 -0.000004 -0.000002 -0.019756 -0.010783 0.143690
  7 5.413502 -7.700466 -0.000000 0.005875 -0.025962 -0.064878
  8 6.890240 0.000002 -0.000000 -0.000276 0.006796 -0.250190
  9 8.011925 0.000004 0.000005 -0.001847 0.011518 -0.255439
 10 7.210720 -0.000002 -0.000000 0.003212 -0.022122 -0.469517
 11 8.581028 -0.304903 -0.000000 0.000073 0.025024 0.993400
 12 22.523008 2.194031 6.355708 0.000000 -0.208486 0.000000
 13 22.523005 2.194038 -6.355709 0.000000 0.240117 0.000000
 14 -3.006533 7.804720 -11.355459 0.226230 0.149143 1.051985
 15 10.384675 0.000008 0.000005 0.023852 0.191106 -1.716357
 16 22.550743 -0.000006 -0.000004 0.122690 0.013651 1.802411
 17 30.814247 -0.000015 -0.000004 2.634091 0.140537 0.468489
 18 -3.013796 7.815494 11.355459 -0.100999 -0.249201 1.077552
 19 10.374533 -0.000002 0.000007 -0.028274 -0.191369 -1.694314
 20 22.550726 -0.000027 -0.000013 -0.121884 -0.013722 1.777564
 21 30.814270 -0.000023 0.000002 -2.692284 0.019699 0.494672
 22 -4.250660 -0.770624 0.000001 0.000000 0.000000 3.008191
 23 10.363422 0.000000 0.000000 0.000000 -0.000008 -0.131171
 24 10.363076 0.000000 -0.000000 0.000000 0.000009 -0.109176
 25 10.363081 -0.000004 -0.000002 -0.000009 -0.000015 -0.165132
 26 8.210358 -0.000006 -7.786025 0.000000 0.000000 0.169307
 27 8.210346 -0.000002 7.704017 0.000000 0.000000 0.134246
 28 1.854841 1.227791 -13.762345 2.702623 0.165432 2.230353
 29 10.456543 -0.000004 0.000004 0.086043 0.078437 -0.973826
 30 24.248093 0.000001 0.000007 0.021123 0.025913 0.737291
 31 26.336971 0.000019 0.000002 0.311571 -0.035418 0.854895
 32 1.854847 1.227798 13.762341 -2.683711 -0.198539 2.238555
 33 10.456542 -0.000008 0.000004 -0.089823 -0.075716 -0.925613
 34 24.248116 0.000002 -0.000004 -0.020160 -0.024941 0.701151
 35 26.336975 0.000000 0.000004 -0.337363 0.028917 0.881460
time 71
  0 0.000000 0.000000 0.000000 0.000000 -0.000000 -1.570796
  1 0.000000 0.000000 0.000000 0.000000 -0.000000 0.000000
  2 0.792993 -2.951586 27.687838 -1.569742 -0.032991 1.570221
  3 4.222169 -0.467508 0.000000 0.006297 -0.000501 -0.266210
  4 4.476987 -0.000002 -0.000000 0.013841 -0.013845 -0.050353
  5 4.477083 0.000000 0.000002 0.000493 0.031939 0.174370
  6 4.477077 -0.000004 -0.000002 -0.019336 -0.011046 0.133708
  7 5.413502 -7.700466 -0.000000 0.005649 -0.026353 -0.054952
  8 6.890240 0.000002 -0.000000 -0.000276 0.006339 -0.254728
  9 8.011925 0.000004 0.000005 -0.001860 0.011151 -0.276827
 10 7.210720 -0.000002 -0.000000 0.003212 -0.023269 -0.465924
 11 8.581028 -0.304903 -0.000000 0.001038 0.025280 1.030027
 12 22.523008 2.194031 6.355708 0.000000 -0.266688 0.000000
 13 22.523005 2.194038 -6.355709 0.000000 0.295866 0.000000
 14 -3.006533 7.804720 -11.355459 0.225633 0.150344 1.045118
 15 10.384675 0.000008 0.000005 0.022881 0.191127 -1.721577
 16 22.550743 -0.000006 -0.000004 0.122786 0.013622 1.809372
 17 30.814247 -0.000015 -0.000004 2.634310 0.141164 0.470817
 18 -3.013796 7.815494 11.355459 -0.105225 -0.247444 1.071453
 19 10.374533 -0.000002 0.000007 -0.027263 -0.191402 -1.699996
 20 22.550726 -0.000027 -0.000013 -0.121986 -0.013722 1.784325
 21 30.814270 -0.000023 0.000002 -2.689478 0.013729 0.497127
 22 -4.250660 -0.770624 0.000001 0.000000 0.000000 3.006374
 23 10.363422 0.000000 0.000000 0.000000 -0.000008 -0.138345
 24 10.363076 0.000000 -0.000000 0.000000 0.000009 -0.100736
 25 10.363081 -0.000004 -0.000002 -0.000009 -0.000015 -0.151252
 26 8.210358 -0.000006 -7.786025 0.000000 0.000000 0.163973
 27 8.210346 -0.000002 7.704017 0.000000 0.000000 0.128753
 28 1.854841 1.227791 -13.762345 2.702227 0.165161 2.228832
 29 10.456543 -0.000004 0.000004 0.086043 0.078419 -0.973740
 30 24.248093 0.000001 0.000007 0.021123 0.025913 0.737291
 31 26.336971 0.000019 0.000002 0.311745 -0.035812 0.854784
 32 1.854847 1.227798 13.762341 -2.683306 -0.198375 2.237349
 33 10.456542 -0.000008 0.000004 -0.089857 -0.075688 -0.925298
 34 24.248116 0.000002 -0.000004 -0.020160 -0.024941 0.700948
 35 26.336975 0.000000 0.000004 -0.337620 0.029320 0.881460
time 72
  0 0.000000 0.000000 0.000000 0.000000 -0.000000 -1.570796
  1 0.000000 0.000000 0.000000 0.000000 -0.000000 0.000000
  2 0.796899 -2.951586 27.699558 -1.569742 -0.031595 1.570221
  3 4.222169 -0.467508 0.000000 0.005949 -0.000557 -0.256166
  4 4.476987 -0.000002 -0.000000 0.013937 -0.013760 -0.040764
  5 4.477083 0.000000 0.000002 0.000301 0.031793 0.165892
  6 4.477077 -0.000004 -0.000002 -0.018929 -0.011291 0.123757
  7 5.413502 -7.700466 -0.000000 0.005436 -0.026812 -0.045244
  8 6.890240 0.000002 -0.000000 -0.000288 0.005881 -0.259359
  9 8.011925 0.000004 0.000005 -0.001847 0.010496 -0.294166
 10 7.210720 -0.000002 -0.000000 0.003184 -0.024558 -0.462196
 11 8.581028 -0.304903 -0.000000 0.001841 0.025536 1.062378
 12 22.523008 2.194031 6.355708 0.000000 -0.151843 0.000000
 13 22.523005 2.194038 -6.355709 0.000000 0.185729 0.000000
 14 -3.006533 7.804720 -11.355459 0.225091 0.151545 1.038388
 15 10.384675 0.000008 0.000005 0.021948 0.191149 -1.726687
 16 22.550743 -0.000006 -0.000004 0.122882 0.013593 1.816151
 17 30.814247 -0.000015 -0.000004 2.634572 0.141791 0.473180
 18 -3.013796 7.815494 11.355459 -0.109552 -0.245651 1.065240
 19 10.374533 -0.000002 0.000007 -0.026251 -0.191435 -1.705505
 20 22.550726 -0.000027 -0.000013 -0.122088 -0.013703 1.790902
 21 30.814270 -0.000023 0.000002 -2.686707 0.007759 0.499581
 22 -4.250660 -0.770624 0.000001 0.000000 0.000000 3.004530
 23 10.363422 0.000000 0.000000 0.000000 -0.000008 -0.145519
 24 10.363076 0.000000 -0.000000 0.000000 0.000009 -0.092270
 25 10.363081 -0.000004 -0.000002 -0.000009 -0.000015 -0.136163
 26 8.210358 -0.000006 -7.786025 0.000000 0.000000 0.158538
 27 8.210346 -0.000002 7.704017 0.000000 0.000000 0.123362
 28 1.854841 1.227791 -13.762345 2.701787 0.164865 2.227312
 29 10.456543 -0.000004 0.000004 0.086061 0.078419 -0.973609
 30 24.248093 0.000001 0.000007 0.021123 0.025913 0.737232
 31 26.336971 0.000019 0.000002 0.311876 -0.036206 0.854729
 32 1.854847 1.227798 13.762341 -2.682934 -0.198156 2.236099
 33 10.456542 -0.000008 0.000004 -0.089891 -0.075660 -0.924983
 34 24.248116 0.000002 -0.000004 -0.020147 -0.024929 0.700745
 35 26.336975 0.000000 0.000004 -0.337878 0.029723 0.881460
time 73
  0 0.000000 0.000000 0.000000 0.000000 -0.000000 -1.570796
  1 0.000000 0.000000 0.000000 0.000000 -0.000000 0.000000
  2 0.796899 -2.951586 27.707371 -1.569838 -0.030199 1.570317
  3 4.222169 -0.467508 0.000000 0.005602 -0.000612 -0.246123
  4 4.476987 -0.000002 -0.000000 0.014033 -0.013674 -0.031063
  5 4.477083 0.000000 0.000002 0.000098 0.031648 0.157399
  6 4.477077 -0.000004 -0.000002 -0.018509 -0.011535 0.113806
  7 5.413502 -7.700466 -0.000000 0.005237 -0.027322 -0.035692
  8 6.890240 0.000002 -0.000000 -0.000312 0.005411 -0.264130
  9 8.011925 0.000004 0.000005 -0.001794 0.009473 -0.306443
 10 7.210720 -0.000002 -0.000000 0.003184 -0.025970 -0.458281
 11 8.581028 -0.304903 -0.000000 0.002553 0.025809 1.089717
 12 22.523008 2.194031 6.355708 0.000000 0.053435 0.000000
 13 22.523005 2.194038 -6.355709 0.000000 -0.011222 0.000000
 14 -3.006533 7.804720 -11.355459 0.224548 0.152782 1.031795
 15 10.384675 0.000008 0.000005 0.020976 0.191170 -1.731686
 16 22.550743 -0.000006 -0.000004 0.122994 0.013593 1.822749
 17 30.814247 -0.000015 -0.000004 2.634834 0.142418 0.475651
 18 -3.013796 7.815494 11.355459 -0.113982 -0.243932 1.058970
 19 10.374533 -0.000002 0.000007 -0.025240 -0.191435 -1.710840
 20 22.550726 -0.000027 -0.000013 -0.122170 -0.013703 1.797353
 21 30.814270 -0.000023 0.000002 -2.683970 0.001813 0.502036
 22 -4.250660 -0.770624 0.000001 0.000000 0.000000 3.002661
 23 10.363422 0.000000 0.000000 0.000000 -0.000008 -0.152693
 24 10.363076 0.000000 -0.000000 0.000000 0.000009 -0.083727
 25 10.363081 -0.000004 -0.000002 -0.000009 -0.000015 -0.119840
 26 8.210358 -0.000006 -7.786025 0.000000 0.000000 0.153069
 27 8.210346 -0.000002 7.704017 0.000000 0.000000 0.118072
 28 1.854841 1.227791 -13.762345 2.701348 0.164569 2.225731
 29 10.456543 -0.000004 0.000004 0.086061 0.078401 -0.973436
 30 24.248093 0.000001 0.000007 0.021123 0.025913 0.737232
 31 26.336971 0.000019 0.000002 0.312050 -0.036626 0.854618
 32 1.854847 1.227798 13.762341 -2.682562 -0.197937 2.234850
 33 10.456542 -0.000008 0.000004 -0.089891 -0.075632 -0.924667
 34 24.248116 0.000002 -0.000004 -0.020147 -0.024917 0.700491
 35 26.336975 0.000000 0.000004 -0.338135 0.030127 0.881403
time 74
  0 0.000000 0.000000 0.000000 0.000000 -0.000000 -1.570796
  1 0.000000 0.000000 0.000000 0.000000 -0.000000 0.000000
  2 0.800806 -2.951586 27.719090 -1.569838 -0.028763 1.570317
  3 4.222169 -0.467508 0.000000 0.005266 -0.000649 -0.236125
  4 4.476987 -0.000002 -0.000000 0.014117 -0.013610 -0.021341
  5 4.477083 0.000000 0.000002 -0.000094 0.031503 0.148966
  6 4.477077 -0.000004 -0.000002 -0.018090 -0.011760 0.103901
  7 5.413502 -7.700466 -0.000000 0.005037 -0.027899 -0.026388
  8 6.890240 0.000002 -0.000000 -0.000336 0.004940 -0.268994
  9 8.011925 0.000004 0.000005 -0.001703 0.008020 -0.312543
 10 7.210720 -0.000002 -0.000000 0.003157 -0.027506 -0.454258
 11 8.581028 -0.304903 -0.000000 0.003127 0.026014 1.111378
 12 22.523008 2.194031 6.355708 0.000000 0.181417 0.000000
 13 22.523005 2.194038 -6.355709 0.000000 -0.134155 0.000000
 14 -3.006533 7.804720 -11.355459 0.224060 0.153983 1.025340
 15 10.384675 0.000008 0.000005 0.020080 0.191170 -1.736573
 16 22.550743 -0.000006 -0.000004 0.123090 0.013593 1.829166
 17 30.814247 -0.000015 -0.000004 2.635096 0.143045 0.478158
 18 -3.013796 7.815494 11.355459 -0.118462 -0.242213 1.052643
 19 10.374533 -0.000002 0.000007 -0.024296 -0.191435 -1.716000
 20 22.550726 -0.000027 -0.000013 -0.122272 -0.013703 1.803619
 21 30.814270 -0.000023 0.000002 -2.681234 -0.004083 0.504435
 22 -4.250660 -0.770624 0.000001 0.000000 0.000000 3.000817
 23 10.363422 0.000000 0.000000 0.000000 -0.000008 -0.159867
 24 10.363076 0.000000 -0.000000 0.000000 0.000009 -0.075158
 25 10.363081 -0.000004 -0.000002 -0.000009 -0.000015 -0.102390
 26 8.210358 -0.000006 -7.786025 0.000000 0.000000 0.147498
 27 8.210346 -0.000002 7.704017 0.000000 0.000000 0.112884
 28 1.854841 1.227791 -13.762345 2.700864 0.164273 2.224088
 29 10.456543 -0.000004 0.000004 0.086078 0.078401 -0.973305
 30 24.248093 0.000001 0.000007 0.021123 0.025913 0.737172
 31 26.336971 0.000019 0.000002 0.312267 -0.037047 0.854563
 32 1.854847 1.227798 13.762341 -2.682191 -0.197691 2.233601
 33 10.456542 -0.000008 0.000004 -0.089925 -0.075632 -0.924352
 34 24.248116 0.000002 -0.000004 -0.020134 -0.024905 0.700288
 35 26.336975 0.000000 0.000004 -0.338349 0.030561 0.881403
time 75
  0 0.000000 0.000000 0.000000 0.000000 -0.000000 -1.570796
  1 0.000000 0.000000 0.000000 0.000000 -0.000000 0.000000
  2 0.800806 -2.951586 27.730808 -1.569838 -0.027287 1.570317
  3 4.222169 -0.467508 0.000000 0.004930 -0.000686 -0.226128
  4 4.476987 -0.000002 -0.000000 0.014200 -0.013546 -0.011574
  5 4.477083 0.000000 0.000002 -0.000286 0.031357 0.140547
  6 4.477077 -0.000004 -0.000002 -0.017670 -0.011986 0.094012
  7 5.413502 -7.700466 -0.000000 0.004851 -0.028545 -0.017396
  8 6.890240 0.000002 -0.000000 -0.000372 0.004444 -0.273974
  9 8.011925 0.000004 0.000005 -0.001572 0.006151 -0.314957
 10 7.210720 -0.000002 -0.000000 0.003157 -0.029219 -0.450048
 11 8.581028 -0.304903 -0.000000 0.003495 0.026765 1.122103
 12 22.523008 2.194031 6.355708 0.000000 0.200573 0.000000
 13 22.523005 2.194038 -6.355709 0.000000 -0.152546 0.000000
 14 -3.006533 7.804720 -11.355459 0.223517 0.155220 1.019022
 15 10.384675 0.000008 0.000005 0.019184 0.191170 -1.741350
 16 22.550743 -0.000006 -0.000004 0.123186 0.013565 1.835461
 17 30.814247 -0.000015 -0.000004 2.635358 0.143672 0.480737
 18 -3.013796 7.815494 11.355459 -0.122993 -0.240532 1.046202
 19 10.374533 -0.000002 0.000007 -0.023353 -0.191435 -1.720987
 20 22.550726 -0.000027 -0.000013 -0.122374 -0.013683 1.809761
 21 30.814270 -0.000023 0.000002 -2.678568 -0.010005 0.506861
 22 -4.250660 -0.770624 0.000001 0.000000 0.000000 2.998922
 23 10.363422 0.000000 0.000000 0.000000 -0.000008 -0.167041
 24 10.363076 0.000000 -0.000000 0.000000 0.000009 -0.066486
 25 10.363081 -0.000004 -0.000002 -0.000009 -0.000015 -0.083811
 26 8.210358 -0.000006 -7.786025 0.000000 0.000000 0.141893
 27 8.210346 -0.000002 7.704017 0.000000 0.000000 0.107763
 28 1.854841 1.227791 -13.762345 2.700380 0.164001 2.222385
 29 10.456543 -0.000004 0.000004 0.086096 0.078383 -0.973088
 30 24.248093 0.000001 0.000007 0.021123 0.025913 0.737113
 31 26.336971 0.000019 0.000002 0.312485 -0.037441 0.854508
 32 1.854847 1.227798 13.762341 -2.681854 -0.197445 2.232308
 33 10.456542 -0.000008 0.000004 -0.089959 -0.075605 -0.924076
 34 24.248116 0.000002 -0.000004 -0.020134 -0.024905 0.700085
 35 26.336975 0.000000 0.000004 -0.338564 0.030995 0.881347
time 76
  0 0.000000 0.000000 0.000000 0.000000 -0.000000 -1.570796
  1 0.000000 0.000000 0.000000 0.000000 -0.000000 0.000000
  2 0.800806 -2.951586 27.742527 -1.569838 -0.025771 1.570317
  3 4.222169 -0.467508 0.000000 0.004595 -0.000705 -0.216192
  4 4.476987 -0.000002 -0.000000 0.014284 -0.013481 -0.001807
  5 4.477083 0.000000 0.000002 -0.000478 0.031212 0.132173
  6 4.477077 -0.000004 -0.000002 -0.017251 -0.012193 0.084186
  7 5.413502 -7.700466 -0.000000 0.004665 -0.029259 -0.008715
  8 6.890240 0.000002 -0.000000 -0.000431 0.004065 -0.279186
  9 8.011925 0.000004 0.000005 -0.001441 0.003882 -0.315814
 10 7.210720 -0.000002 -0.000000 0.003157 -0.031055 -0.445677
 11 8.581028 -0.304903 -0.000000 0.003587 0.029360 1.116320
 12 22.523008 2.194031 6.355708 0.000000 0.195471 0.000000
 13 22.523005 2.194038 -6.355709 0.000000 -0.147646 0.000000
 14 -3.006533 7.804720 -11.355459 0.223029 0.156456 1.012842
 15 10.384675 0.000008 0.000005 0.018324 0.191170 -1.745904
 16 22.550743 -0.000006 -0.000004 0.123266 0.013565 1.841515
 17 30.814247 -0.000015 -0.000004 2.635620 0.144330 0.483351
 18 -3.013796 7.815494 11.355459 -0.127576 -0.238887 1.039761
 19 10.374533 -0.000002 0.000007 -0.022409 -0.191435 -1.725858
 20 22.550726 -0.000027 -0.000013 -0.122476 -0.013683 1.815716
 21 30.814270 -0.000023 0.000002 -2.675902 -0.015852 0.509232
 22 -4.250660 -0.770624 0.000001 0.000000 0.000000 2.997053
 23 10.363422 0.000000 0.000000 -0.000000 -0.000008 -0.174215
 24 10.363076 0.000000 -0.000000 0.000000 0.000009 -0.057814
 25 10.363081 -0.000004 -0.000002 -0.000009 -0.000015 -0.064213
 26 8.210358 -0.000006 -7.786025 0.000000 0.000000 0.136288
 27 8.210346 -0.000002 7.704017 0.000000 0.000000 0.102813
 28 1.854841 1.227791 -13.762345 2.699896 0.163730 2.220682
 29 10.456543 -0.000004 0.000004 0.086113 0.078365 -0.972915
 30 24.248093 0.000001 0.000007 0.021123 0.025913 0.736995
 31 26.336971 0.000019 0.000002 0.312702 -0.037862 0.854398
 32 1.854847 1.227798 13.762341 -2.681482 -0.197144 2.230973
 33 10.456542 -0.000008 0.000004 -0.089993 -0.075605 -0.923840
 34 24.248116 0.000002 -0.000004 -0.020121 -0.024893 0.699932
 35 26.336975 0.000000 0.000004 -0.338821 0.031461 0.881290
time 77
  0 0.000000 0.000000 0.000000 0.000000 -0.000000 -1.570796
  1 0.000000 0.000000 0.000000 0.000000 -0.000000 0.000000
  2 0.800806 -2.951586 27.758152 -1.569838 -0.024255 1.570317
  3 4.222169 -0.467508 0.000000 0.004271 -0.000742 -0.206271
  4 4.476987 -0.000002 -0.000000 0.014356 -0.013417 0.007960
  5 4.477083 0.000000 0.000002 -0.000669 0.031066 0.123828
  6 4.477077 -0.000004 -0.000002 -0.016832 -0.012399 0.074375
  7 5.413502 -7.700466 -0.000000 0.004479 -0.030040 -0.000252
  8 6.890240 0.000002 -0.000000 -0.000443 0.002549 -0.283259
  9 8.011925 0.000004 0.000005 -0.001297 0.001166 -0.315398
 10 7.210720 -0.000002 -0.000000 0.003157 -0.033068 -0.441144
 11 8.581028 -0.304903 -0.000000 0.003564 0.032484 1.106471
 12 22.523008 2.194031 6.355708 0.000000 0.180379 0.000000
 13 22.523005 2.194038 -6.355709 0.000000 -0.133126 0.000000
 14 -3.006533 7.804720 -11.355459 0.222541 0.157657 1.006798
 15 10.384675 0.000008 0.000005 0.017503 0.191170 -1.750403
 16 22.550743 -0.000006 -0.000004 0.123362 0.013536 1.847386
 17 30.814247 -0.000015 -0.000004 2.635882 0.144957 0.486001
 18 -3.013796 7.815494 11.355459 -0.132260 -0.237281 1.033319
 19 10.374533 -0.000002 0.000007 -0.021533 -0.191435 -1.730497
 20 22.550726 -0.000027 -0.000013 -0.122578 -0.013663 1.821548
 21 30.814270 -0.000023 0.000002 -2.673306 -0.021700 0.511603
 22 -4.250660 -0.770624 0.000001 0.000000 0.000000 2.995158
 23 10.363422 0.000000 0.000000 0.000000 -0.000008 -0.181411
 24 10.363076 0.000000 -0.000000 0.000000 0.000009 -0.049064
 25 10.363081 -0.000004 -0.000002 -0.000009 -0.000015 -0.043513
 26 8.210358 -0.000006 -7.786025 0.000000 0.000000 0.130615
 27 8.210346 -0.000002 7.704017 0.000000 0.000000 0.097896
 28 1.854841 1.227791 -13.762345 2.699369 0.163459 2.218919
 29 10.456543 -0.000004 0.000004 0.086131 0.078348 -0.972698
 30 24.248093 0.000001 0.000007 0.021123 0.025892 0.736817
 31 26.336971 0.000019 0.000002 0.312963 -0.038308 0.854342
 32 1.854847 1.227798 13.762341 -2.681145 -0.196816 2.229680
 33 10.456542 -0.000008 0.000004 -0.089993 -0.075577 -0.923603
 34 24.248116 0.000002 -0.000004 -0.020121 -0.024881 0.699729
 35 26.336975 0.000000 0.000004 -0.338993 0.031926 0.881177
time 78
  0 0.000000 0.000000 0.000000 0.000000 -0.000000 -1.570796
  1 0.000000 0.000000 0.000000 0.000000 -0.000000 0.000000
  2 0.800806 -2.951586 27.769871 -1.569934 -0.022740 1.570413
  3 4.222169 -0.467508 0.000000 0.003960 -0.000760 -0.196427
  4 4.476987 -0.000002 -0.000000 0.014440 -0.013374 0.017682
  5 4.477083 0.000000 0.000002 -0.000849 0.030921 0.115573
  6 4.477077 -0.000004 -0.000002 -0.016424 -0.012606 0.064642
  7 5.413502 -7.700466 -0.000000 0.004306 -0.030890 0.007869
  8 6.890240 0.000002 -0.000000 -0.000252 -0.003150 -0.282817
  9 8.011925 0.000004 0.000005 -0.001126 -0.001981 -0.313659
 10 7.210720 -0.000002 -0.000000 0.003157 -0.035222 -0.436478
 11 8.581028 -0.304903 -0.000000 0.003541 0.035540 1.097113
 12 22.523008 2.194031 6.355708 0.000000 0.108154 0.000000
 13 22.523005 2.194038 -6.355709 0.000000 -0.063705 0.000000
 14 -3.006533 7.804720 -11.355459 0.222107 0.158929 1.000961
 15 10.384675 0.000008 0.000005 0.016681 0.191149 -1.754735
 16 22.550743 -0.000006 -0.000004 0.123458 0.013536 1.853076
 17 30.814247 -0.000015 -0.000004 2.636144 0.145584 0.488687
 18 -3.013796 7.815494 11.355459 -0.136893 -0.235674 1.026821
 19 10.374533 -0.000002 0.000007 -0.020724 -0.191435 -1.735019
 20 22.550726 -0.000027 -0.000013 -0.122680 -0.013663 1.827193
 21 30.814270 -0.000023 0.000002 -2.670745 -0.027499 0.513918
 22 -4.250660 -0.770624 0.000001 0.000000 0.000000 2.993237
 23 10.363422 0.000000 0.000000 0.000000 -0.000008 -0.188563
 24 10.363076 0.000000 -0.000000 0.000000 0.000009 -0.040315
 25 10.363081 -0.000004 -0.000002 -0.000009 -0.000015 -0.021901
 26 8.210358 -0.000006 -7.786025 0.000000 0.000000 0.124942
 27 8.210346 -0.000002 7.704017 0.000000 0.000000 0.093148
 28 1.854841 1.227791 -13.762345 2.698797 0.163212 2.217155
 29 10.456543 -0.000004 0.000004 0.086148 0.078330 -0.972437
 30 24.248093 0.000001 0.000007 0.021123 0.025892 0.736640
 31 26.336971 0.000019 0.000002 0.313224 -0.038729 0.854287
 32 1.854847 1.227798 13.762341 -2.680841 -0.196487 2.228345
 33 10.456542 -0.000008 0.000004 -0.090027 -0.075577 -0.923367
 34 24.248116 0.000002 -0.000004 -0.020108 -0.024881 0.699577
 35 26.336975 0.000000 0.000004 -0.339207 0.032391 0.881120
time 79
  0 0.000000 0.000000 0.000000 0.000000 -0.000000 -1.570796
  1 0.000000 0.000000 0.000000 0.000000 -0.000000 0.000000
  2 0.800806 -2.951586 27.781590 -1.569934 -0.021144 1.570413
  3 4.222169 -0.467508 0.000000 0.003648 -0.000760 -0.186598
  4 4.476987 -0.000002 -0.000000 0.014512 -0.013331 0.027382
  5 4.477083 0.000000 0.000002 -0.001029 0.030776 0.107347
  6 4.477077 -0.000004 -0.000002 -0.016005 -0.012794 0.054924
  7 5.413502 -7.700466 -0.000000 0.004134 -0.031807 0.015804
  8 6.890240 0.000002 -0.000000 -0.000036 -0.010064 -0.281164
  9 8.011925 0.000004 0.000005 -0.000917 -0.005655 -0.310571
 10 7.210720 -0.000002 -0.000000 0.003157 -0.037517 -0.431678
 11 8.581028 -0.304903 -0.000000 0.003495 0.038613 1.087684
 12 22.523008 2.194031 6.355708 0.000000 -0.050075 0.000000
 13 22.523005 2.194038 -6.355709 0.000000 0.088176 0.000000
 14 -3.006533 7.804720 -11.355459 0.221618 0.160166 0.995193
 15 10.384675 0.000008 0.000005 0.015897 0.191149 -1.758956
 16 22.550743 -0.000006 -0.000004 0.123538 0.013536 1.858524
 17 30.814247 -0.000015 -0.000004 2.636406 0.146211 0.491408
 18 -3.013796 7.815494 11.355459 -0.141577 -0.234142 1.020323
 19 10.374533 -0.000002 0.000007 -0.019915 -0.191435 -1.739369
 20 22.550726 -0.000027 -0.000013 -0.122782 -0.013644 1.832653
 21 30.814270 -0.000023 0.000002 -2.668219 -0.033273 0.516232
 22 -4.250660 -0.770624 0.000001 0.000000 0.000000 2.991317
 23 10.363422 0.000000 0.000000 0.000000 -0.000008 -0.195759
 24 10.363076 0.000000 -0.000000 0.000000 0.000009 -0.031514
 25 10.363081 -0.000004 -0.000002 -0.000009 -0.000015 0.000113
 26 8.210358 -0.000006 -7.786025 0.000000 0.000000 0.119235
 27 8.210346 -0.000002 7.704017 0.000000 0.000000 0.088469
 28 1.854841 1.227791 -13.762345 2.698225 0.162990 2.215330
 29 10.456543 -0.000004 0.000004 0.086183 0.078312 -0.972133
 30 24.248093 0.000001 0.000007 0.021123 0.025892 0.736462
 31 26.336971 0.000019 0.000002 0.313529 -0.039149 0.854287
 32 1.854847 1.227798 13.762341 -2.680503 -0.196159 2.227009
 33 10.456542 -0.000008 0.000004 -0.090027 -0.075549 -0.923209
 34 24.248116 0.000002 -0.000004 -0.020108 -0.024869 0.699476
 35 26.336975 0.000000 0.000004 -0.339379 0.032888 0.881007
time 80
  0 0.000000 0.000000 0.000000 0.000000 -0.000000 -1.570796
  1 0.000000 0.000000 0.000000 0.000000 -0.000000 0.000000
  2 0.796899 -2.951586 27.797216 -1.569934 -0.019588 1.570413
  3 4.222169 -0.467508 0.000000 0.003337 -0.000779 -0.176861
  4 4.476987 -0.000002 -0.000000 0.014572 -0.013310 0.036994
  5 4.477083 0.000000 0.000002 -0.001209 0.030646 0.099209
  6 4.477077 -0.000004 -0.000002 -0.015585 -0.012982 0.045284
  7 5.413502 -7.700466 -0.000000 0.003961 -0.032793 0.023458
  8 6.890240 0.000002 -0.000000 0.000132 -0.016926 -0.279629
  9 8.011925 0.000004 0.000005 -0.000681 -0.009857 -0.306158
 10 7.210720 -0.000002 -0.000000 0.003129 -0.039936 -0.426717
 11 8.581028 -0.304903 -0.000000 0.003403 0.041669 1.078256
 12 22.523008 2.194031 6.355708 0.000000 -0.210014 0.000000
 13 22.523005 2.194038 -6.355709 0.000000 0.241599 0.000000
 14 -3.006533 7.804720 -11.355459 0.221184 0.161402 0.989630
 15 10.384675 0.000008 0.000005 0.015112 0.191127 -1.762954
 16 22.550743 -0.000006 -0.000004 0.123634 0.013536 1.863791
 17 30.814247 -0.000015 -0.000004 2.636668 0.146806 0.494166
 18 -3.013796 7.815494 11.355459 -0.146261 -0.232610 1.013882
 19 10.374533 -0.000002 0.000007 -0.019106 -0.191402 -1.743544
 20 22.550726 -0.000027 -0.000013 -0.122885 -0.013644 1.837988
 21 30.814270 -0.000023 0.000002 -2.665764 -0.038998 0.518492
 22 -4.250660 -0.770624 0.000001 0.000000 0.000000 2.989397
 23 10.363422 0.000000 0.000000 0.000000 -0.000008 -0.202911
 24 10.363076 0.000000 -0.000000 0.000000 0.000009 -0.022713
 25 10.363081 -0.000004 -0.000002 -0.000009 -0.000015 0.021940
 26 8.210358 -0.000006 -7.786025 0.000000 0.000000 0.113562
 27 8.210346 -0.000002 7.704017 0.000000 0.000000 0.083891
 28 1.854841 1.227791 -13.762345 2.697654 0.162768 2.213567
 29 10.456543 -0.000004 0.000004 0.086200 0.078294 -0.971829
 30 24.248093 0.000001 0.000007 0.021123 0.025892 0.736225
 31 26.336971 0.000019 0.000002 0.313833 -0.039570 0.854232
 32 1.854847 1.227798 13.762341 -2.680233 -0.195748 2.225631
 33 10.456542 -0.000008 0.000004 -0.090061 -0.075549 -0.923052
 34 24.248116 0.000002 -0.000004 -0.020108 -0.024869 0.699374
 35 26.336975 0.000000 0.000004 -0.339550 0.033384 0.880894
time 81
  0 0.000000 0.000000 0.000000 0.000000 -0.000000 -1.570796
  1 0.000000 0.000000 0.000000 0.000000 -0.000000 0.000000
  2 0.792993 -2.951586 27.808935 -1.569934 -0.017993 1.570413
  3 4.222169 -0.467508 0.000000 0.003037 -0.000779 -0.167170
  4 4.476987 -0.000002 -0.000000 0.014644 -0.013267 0.046539
  5 4.477083 0.000000 0.000002 -0.001388 0.030501 0.091117
  6 4.477077 -0.000004 -0.000002 -0.015166 -0.013170 0.035692
  7 5.413502 -7.700466 -0.000000 0.003788 -0.033829 0.030895
  8 6.890240 0.000002 -0.000000 0.000300 -0.023853 -0.278093
  9 8.011925 0.000004 0.000005 -0.000432 -0.014346 -0.301096
 10 7.210720 -0.000002 -0.000000 0.003129 -0.042443 -0.421648
 11 8.581028 -0.304903 -0.000000 0.003265 0.044691 1.068967
 12 22.523008 2.194031 6.355708 0.000000 -0.272309 0.000000
 13 22.523005 2.194038 -6.355709 0.000000 0.301251 0.000000
 14 -3.006533 7.804720 -11.355459 0.220804 0.162674 0.984136
 15 10.384675 0.000008 0.000005 0.014403 0.191106 -1.766842
 16 22.550743 -0.000006 -0.000004 0.123714 0.013507 1.868876
 17 30.814247 -0.000015 -0.000004 2.636930 0.147402 0.496923
 18 -3.013796 7.815494 11.355459 -0.150894 -0.231115 1.007441
 19 10.374533 -0.000002 0.000007 -0.018297 -0.191402 -1.747544
 20 22.550726 -0.000027 -0.000013 -0.122966 -0.013624 1.843137
 21 30.814270 -0.000023 0.000002 -2.663343 -0.044699 0.520723
 22 -4.250660 -0.770624 0.000001 0.000000 0.000000 2.987451
 23 10.363422 0.000000 0.000000 0.000000 -0.000008 -0.210107
 24 10.363076 0.000000 -0.000000 0.000000 0.000009 -0.013860
 25 10.363081 -0.000004 -0.000002 -0.000009 -0.000015 0.043687
 26 8.210358 -0.000006 -7.786025 0.000000 0.000000 0.107889
 27 8.210346 -0.000002 7.704017 0.000000 0.000000 0.079415
 28 1.854841 1.227791 -13.762345 2.697038 0.162570 2.211742
 29 10.456543 -0.000004 0.000004 0.086235 0.078259 -0.971482
 30 24.248093 0.000001 0.000007 0.021086 0.025892 0.735929
 31 26.336971 0.000019 0.000002 0.314181 -0.039990 0.854232
 32 1.854847 1.227798 13.762341 -2.679929 -0.195338 2.224295
 33 10.456542 -0.000008 0.000004 -0.090061 -0.075549 -0.922973
 34 24.248116 0.000002 -0.000004 -0.020108 -0.024869 0.699273
 35 26.336975 0.000000 0.000004 -0.339679 0.033880 0.880781
time 82
  0 0.000000 0.000000 0.000000 0.000000 -0.000000 -1.570796
  1 0.000000 0.000000 0.000000 0.000000 -0.000000 0.000000
  2 0.789087 -2.951586 27.824562 -1.570030 -0.016397 1.570509
  3 4.222169 -0.467508 0.000000 0.002737 -0.000779 -0.157571
  4 4.476987 -0.000002 -0.000000 0.014704 -0.013246 0.055950
  5 4.477083 0.000000 0.000002 -0.001556 0.030356 0.083143
  6 4.477077 -0.000004 -0.000002 -0.014746 -0.013358 0.026192
  7 5.413502 -7.700466 -0.000000 0.003629 -0.034934 0.038082
  8 6.890240 0.000002 -0.000000 0.000431 -0.030780 -0.276580
  9 8.011925 0.000004 0.000005 -0.000196 -0.018867 -0.295931
 10 7.210720 -0.000002 -0.000000 0.003102 -0.045056 -0.416499
 11 8.581028 -0.304903 -0.000000 0.003288 0.048105 1.057541
 12 22.523008 2.194031 6.355708 0.000000 -0.155112 0.000000
 13 22.523005 2.194038 -6.355709 0.000000 0.188875 0.000000
 14 -3.006533 7.804720 -11.355459 0.220370 0.163911 0.978848
 15 10.384675 0.000008 0.000005 0.013693 0.191085 -1.770619
 16 22.550743 -0.000006 -0.000004 0.123794 0.013507 1.873718
 17 30.814247 -0.000015 -0.000004 2.637149 0.147998 0.499717
 18 -3.013796 7.815494 11.355459 -0.155527 -0.229620 1.001057
 19 10.374533 -0.000002 0.000007 -0.017623 -0.191369 -1.751429
 20 22.550726 -0.000027 -0.000013 -0.123068 -0.013624 1.848162
 21 30.814270 -0.000023 0.000002 -2.660993 -0.050351 0.522926
 22 -4.250660 -0.770624 0.000001 0.000000 0.000000 2.985505
 23 10.363422 0.000000 0.000000 0.000000 -0.000008 -0.217259
 24 10.363076 0.000000 -0.000000 0.000000 0.000009 -0.005007
 25 10.363081 -0.000004 -0.000002 -0.000009 -0.000015 0.065191
 26 8.210358 -0.000006 -7.786025 0.000000 0.000000 0.102250
 27 8.210346 -0.000002 7.704017 0.000000 0.000000 0.075075
 28 1.854841 1.227791 -13.762345 2.696467 0.162398 2.209978
 29 10.456543 -0.000004 0.000004 0.086253 0.078241 -0.971091
 30 24.248093 0.000001 0.000007 0.021086 0.025872 0.735633
 31 26.336971 0.000019 0.000002 0.314529 -0.040411 0.854177
 32 1.854847 1.227798 13.762341 -2.679659 -0.194900 2.222916
 33 10.456542 -0.000008 0.000004 -0.090061 -0.075521 -0.922894
 34 24.248116 0.000002 -0.000004 -0.020095 -0.024857 0.699222
 35 26.336975 0.000000 0.000004 -0.339807 0.034377 0.880612
time 83
  0 0.000000 0.000000 0.000000 0.000000 -0.000000 -1.570796
  1 0.000000 0.000000 0.000000 0.000000 -0.000000 0.000000
  2 0.781274 -2.951586 27.840187 -1.570030 -0.014802 1.570509
  3 4.222169 -0.467508 0.000000 0.002450 -0.000779 -0.148003
  4 4.476987 -0.000002 -0.000000 0.014764 -0.013224 0.065251
  5 4.477083 0.000000 0.000002 -0.001736 0.030226 0.075243
  6 4.477077 -0.000004 -0.000002 -0.014339 -0.013527 0.016724
  7 5.413502 -7.700466 -0.000000 0.003456 -0.036089 0.045083
  8 6.890240 0.000002 -0.000000 0.000539 -0.037694 -0.275044
  9 8.011925 0.000004 0.000005 0.000013 -0.023420 -0.290740
 10 7.210720 -0.000002 -0.000000 0.003075 -0.047739 -0.411243
 11 8.581028 -0.304903 -0.000000 0.004000 0.053380 1.036546
 12 22.523008 2.194031 6.355708 0.000000 0.057529 0.000000
 13 22.523005 2.194038 -6.355709 0.000000 -0.015155 0.000000
 14 -3.006533 7.804720 -11.355459 0.219990 0.165183 0.973698
 15 10.384675 0.000008 0.000005 0.013021 0.191064 -1.774173
 16 22.550743 -0.000006 -0.000004 0.123874 0.013507 1.878379
 17 30.814247 -0.000015 -0.000004 2.637411 0.148593 0.502546
 18 -3.013796 7.815494 11.355459 -0.160160 -0.228163 0.994673
 19 10.374533 -0.000002 0.000007 -0.016881 -0.191369 -1.755140
 20 22.550726 -0.000027 -0.000013 -0.123170 -0.013605 1.853001
 21 30.814270 -0.000023 0.000002 -2.658713 -0.055954 0.525074
 22 -4.250660 -0.770624 0.000001 0.000000 0.000000 2.983533
 23 10.363422 0.000000 0.000000 0.000000 -0.000008 -0.224455
 24 10.363076 0.000000 -0.000000 0.000000 0.000009 0.003820
 25 10.363081 -0.000004 -0.000002 -0.000009 -0.000015 0.086589
 26 8.210358 -0.000006 -7.786025 0.000000 0.000000 0.096611
 27 8.210346 -0.000002 7.704017 0.000000 0.000000 0.070802
 28 1.854841 1.227791 -13.762345 2.695807 0.162250 2.208214
 29 10.456543 -0.000004 0.000004 0.086288 0.078205 -0.970657
 30 24.248093 0.000001 0.000007 0.021086 0.025872 0.735278
 31 26.336971 0.000019 0.000002 0.314921 -0.040805 0.854177
 32 1.854847 1.227798 13.762341 -2.679389 -0.194408 2.221538
 33 10.456542 -0.000008 0.000004 -0.090061 -0.075521 -0.922894
 34 24.248116 0.000002 -0.000004 -0.020095 -0.024857 0.699222
 35 26.336975 0.000000 0.000004 -0.339936 0.034904 0.880442
time 84
  0 0.000000 0.000000 0.000000 0.000000 -0.000000 -1.570796
  1 0.000000 0.000000 0.000000 0.000000 -0.000000 0.000000
  2 0.777367 -2.951586 27.851906 -1.570030 -0.013206 1.570509
  3 4.222169 -0.467508 0.000000 0.002174 -0.000779 -0.138542
  4 4.476987 -0.000002 -0.000000 0.014812 -0.013224 0.074374
  5 4.477083 0.000000 0.000002 -0.001892 0.030097 0.067447
  6 4.477077 -0.000004 -0.000002 -0.013919 -0.013677 0.007364
  7 5.413502 -7.700466 -0.000000 0.003296 -0.037313 0.051866
  8 6.890240 0.000002 -0.000000 0.000635 -0.044529 -0.273508
  9 8.011925 0.000004 0.000005 0.000196 -0.027989 -0.285522
 10 7.210720 -0.000002 -0.000000 0.003020 -0.050476 -0.405906
 11 8.581028 -0.304903 -0.000000 0.004758 0.058963 1.013694
 12 22.523008 2.194031 6.355708 0.000000 0.184839 0.000000
 13 22.523005 2.194038 -6.355709 0.000000 -0.137452 0.000000
 14 -3.006533 7.804720 -11.355459 0.219665 0.166455 0.968685
 15 10.384675 0.000008 0.000005 0.012386 0.191042 -1.777617
 16 22.550743 -0.000006 -0.000004 0.123954 0.013507 1.882798
 17 30.814247 -0.000015 -0.000004 2.637629 0.149158 0.505339
 18 -3.013796 7.815494 11.355459 -0.164691 -0.226706 0.988403
 19 10.374533 -0.000002 0.000007 -0.016207 -0.191336 -1.758677
 20 22.550726 -0.000027 -0.000013 -0.123252 -0.013585 1.857653
 21 30.814270 -0.000023 0.000002 -2.656467 -0.061483 0.527194
 22 -4.250660 -0.770624 0.000001 0.000000 0.000000 2.981561
 23 10.363422 0.000000 0.000000 0.000000 -0.000008 -0.231607
 24 10.363076 0.000000 -0.000000 0.000000 0.000009 0.012673
 25 10.363081 -0.000004 -0.000002 -0.000009 -0.000015 0.107744
 26 8.210358 -0.000006 -7.786025 0.000000 0.000000 0.091074
 27 8.210346 -0.000002 7.704017 0.000000 0.000000 0.066665
 28 1.854841 1.227791 -13.762345 2.695191 0.162126 2.206450
 29 10.456543 -0.000004 0.000004 0.086340 0.078170 -0.970179
 30 24.248093 0.000001 0.000007 0.021086 0.025872 0.734923
 31 26.336971 0.000019 0.000002 0.315312 -0.041225 0.854232
 32 1.854847 1.227798 13.762341 -2.679152 -0.193915 2.220159
 33 10.456542 -0.000008 0.000004 -0.090061 -0.075521 -0.922933
 34 24.248116 0.000002 -0.000004 -0.020095 -0.024857 0.699272
 35 26.336975 0.000000 0.000004 -0.339979 0.035431 0.880273
time 85
  0 0.000000 0.000000 0.000000 0.000000 -0.000000 -1.570796
  1 0.000000 0.000000 0.000000 0.000000 -0.000000 0.000000
  2 0.765648 -2.951586 27.867531 -1.570030 -0.011610 1.570509
  3 4.222169 -0.467508 0.000000 0.001886 -0.000760 -0.129142
  4 4.476987 -0.000002 -0.000000 0.014872 -0.013203 0.083386
  5 4.477083 0.000000 0.000002 -0.002060 0.029952 0.059739
  6 4.477077 -0.000004 -0.000002 -0.013512 -0.013846 -0.001948
  7 5.413502 -7.700466 -0.000000 0.003137 -0.038604 0.058494
  8 6.890240 0.000002 -0.000000 0.000707 -0.051273 -0.271972
  9 8.011925 0.000004 0.000005 0.000380 -0.032574 -0.280227
 10 7.210720 -0.000002 -0.000000 0.002992 -0.053283 -0.400489
 11 8.581028 -0.304903 -0.000000 0.005401 0.064460 0.991121
 12 22.523008 2.194031 6.355708 0.000000 0.202804 0.000000
 13 22.523005 2.194038 -6.355709 0.000000 -0.154724 0.000000
 14 -3.006533 7.804720 -11.355459 0.219285 0.167762 0.963740
 15 10.384675 0.000008 0.000005 0.011751 0.191000 -1.780894
 16 22.550743 -0.000006 -0.000004 0.124018 0.013507 1.887035
 17 30.814247 -0.000015 -0.000004 2.637848 0.149690 0.508168
 18 -3.013796 7.815494 11.355459 -0.169171 -0.225286 0.982190
 19 10.374533 -0.000002 0.000007 -0.015533 -0.191336 -1.762099
 20 22.550726 -0.000027 -0.000013 -0.123354 -0.013585 1.862120
 21 30.814270 -0.000023 0.000002 -2.654293 -0.067013 0.529258
 22 -4.250660 -0.770624 0.000001 0.000000 0.000000 2.979590
 23 10.363422 0.000000 0.000000 0.000000 -0.000008 -0.238781
 24 10.363076 0.000000 -0.000000 0.000000 0.000009 0.021551
 25 10.363081 -0.000004 -0.000002 -0.000009 -0.000015 0.128846
 26 8.210358 -0.000006 -7.786025 0.000000 0.000000 0.085537
 27 8.210346 -0.000002 7.704017 0.000000 0.000000 0.062596
 28 1.854841 1.227791 -13.762345 2.694532 0.162028 2.204747
 29 10.456543 -0.000004 0.000004 0.086375 0.078134 -0.969658
 30 24.248093 0.000001 0.000007 0.021049 0.025852 0.734508
 31 26.336971 0.000019 0.000002 0.315747 -0.041619 0.854232
 32 1.854847 1.227798 13.762341 -2.678950 -0.193368 2.218738
 33 10.456542 -0.000008 0.000004 -0.090061 -0.075549 -0.923012
 34 24.248116 0.000002 -0.000004 -0.020095 -0.024857 0.699323
 35 26.336975 0.000000 0.000004 -0.340065 0.035990 0.880047
time 86
  0 0.000000 0.000000 0.000000 0.000000 -0.000000 -1.570796
  1 0.000000 0.000000 0.000000 0.000000 -0.000000 0.000000
  2 0.757836 -2.951586 27.879250 -1.570030 -0.009975 1.570605
  3 4.222169 -0.467508 0.000000 0.001623 -0.000760 -0.119850
  4 4.476987 -0.000002 -0.000000 0.014920 -0.013203 0.092154
  5 4.477083 0.000000 0.000002 -0.002215 0.029823 0.052180
  6 4.477077 -0.000004 -0.000002 -0.013104 -0.013997 -0.011136
  7 5.413502 -7.700466 -0.000000 0.002964 -0.039946 0.064935
  8 6.890240 0.000002 -0.000000 0.000755 -0.057874 -0.270460
  9 8.011925 0.000004 0.000005 0.000524 -0.037159 -0.274932
 10 7.210720 -0.000002 -0.000000 0.002910 -0.056108 -0.395019
 11 8.581028 -0.304903 -0.000000 0.005906 0.069855 0.968795
 12 22.523008 2.194031 6.355708 0.000000 0.198863 0.000000
 13 22.523005 2.194038 -6.355709 0.000000 -0.150913 0.000000
 14 -3.006533 7.804720 -11.355459 0.218960 0.169034 0.959070
 15 10.384675 0.000008 0.000005 0.011190 0.190979 -1.783948
 16 22.550743 -0.000006 -0.000004 0.124097 0.013507 1.891031
 17 30.814247 -0.000015 -0.000004 2.638022 0.150223 0.510962
 18 -3.013796 7.815494 11.355459 -0.173601 -0.223866 0.976091
 19 10.374533 -0.000002 0.000007 -0.014927 -0.191303 -1.765346
 20 22.550726 -0.000027 -0.000013 -0.123436 -0.013565 1.866463
 21 30.814270 -0.000023 0.000002 -2.652187 -0.072445 0.531294
 22 -4.250660 -0.770624 0.000001 0.000000 0.000000 2.977592
 23 10.363422 0.000000 0.000000 0.000000 -0.000008 -0.245933
 24 10.363076 0.000000 -0.000000 0.000000 0.000009 0.030378
 25 10.363081 -0.000004 -0.000002 -0.000009 -0.000015 0.149733
 26 8.210358 -0.000006 -7.786025 0.000000 0.000000 0.080135
 27 8.210346 -0.000002 7.704017 0.000000 0.000000 0.058663
 28 1.854841 1.227791 -13.762345 2.693872 0.161954 2.203106
 29 10.456543 -0.000004 0.000004 0.086428 0.078099 -0.969094
 30 24.248093 0.000001 0.000007 0.021049 0.025852 0.734035
 31 26.336971 0.000019 0.000002 0.316226 -0.042014 0.854287
 32 1.854847 1.227798 13.762341 -2.678747 -0.192821 2.217359
 33 10.456542 -0.000008 0.000004 -0.090061 -0.075549 -0.923170
 34 24.248116 0.000002 -0.000004 -0.020108 -0.024857 0.699374
 35 26.336975 0.000000 0.000004 -0.340065 0.036517 0.879821
time 87
  0 0.000000 0.000000 0.000000 0.000000 -0.000000 -1.570796
  1 0.000000 0.000000 0.000000 0.000000 -0.000000 0.000000
  2 0.746117 -2.951586 27.894875 -1.570126 -0.008379 1.570605
  3 4.222169 -0.467508 0.000000 0.001359 -0.000742 -0.110635
  4 4.476987 -0.000002 -0.000000 0.014967 -0.013181 0.100745
  5 4.477083 0.000000 0.000002 -0.002371 0.029710 0.044710
  6 4.477077 -0.000004 -0.000002 -0.012697 -0.014147 -0.020278
  7 5.413502 -7.700466 -0.000000 0.002805 -0.041339 0.071220
  8 6.890240 0.000002 -0.000000 0.000791 -0.064317 -0.268970
  9 8.011925 0.000004 0.000005 0.000655 -0.041744 -0.269585
 10 7.210720 -0.000002 -0.000000 0.002855 -0.058968 -0.389468
 11 8.581028 -0.304903 -0.000000 0.006319 0.075198 0.946503
 12 22.523008 2.194031 6.355708 0.000000 0.185297 0.000000
 13 22.523005 2.194038 -6.355709 0.000000 -0.137875 0.000000
 14 -3.006533 7.804720 -11.355459 0.218634 0.170341 0.954469
 15 10.384675 0.000008 0.000005 0.010630 0.190958 -1.786892
 16 22.550743 -0.000006 -0.000004 0.124161 0.013507 1.894784
 17 30.814247 -0.000015 -0.000004 2.638197 0.150725 0.513755
 18 -3.013796 7.815494 11.355459 -0.177877 -0.222483 0.970106
 19 10.374533 -0.000002 0.000007 -0.014320 -0.191269 -1.768477
 20 22.550726 -0.000027 -0.000013 -0.123538 -0.013565 1.870619
 21 30.814270 -0.000023 0.000002 -2.650153 -0.077828 0.533218
 22 -4.250660 -0.770624 0.000001 0.000000 0.000000 2.975595
 23 10.363422 0.000000 0.000000 0.000000 -0.000008 -0.253107
 24 10.363076 0.000000 -0.000000 0.000000 0.000009 0.039231
 25 10.363081 -0.000004 -0.000002 -0.000009 -0.000015 0.170513
 26 8.210358 -0.000006 -7.786025 0.000000 0.000000 0.074734
 27 8.210346 -0.000002 7.704017 0.000000 0.000000 0.054831
 28 1.854841 1.227791 -13.762345 2.693213 0.161929 2.201463
 29 10.456543 -0.000004 0.000004 0.086463 0.078045 -0.968486
 30 24.248093 0.000001 0.000007 0.021049 0.025852 0.733502
 31 26.336971 0.000019 0.000002 0.316704 -0.042381 0.854342
 32 1.854847 1.227798 13.762341 -2.678545 -0.192219 2.215937
 33 10.456542 -0.000008 0.000004 -0.090061 -0.075549 -0.923406
 34 24.248116 0.000002 -0.000004 -0.020108 -0.024857 0.699526
 35 26.336975 0.000000 0.000004 -0.340065 0.037075 0.879595
time 88
  0 0.000000 0.000000 0.000000 0.000000 -0.000000 -1.570796
  1 0.000000 0.000000 0.000000 0.000000 -0.000000 0.000000
  2 0.730491 -2.951586 27.910500 -1.570126 -0.006784 1.570605
  3 4.222169 -0.467508 0.000000 0.001095 -0.000742 -0.101542
  4 4.476987 -0.000002 -0.000000 0.015003 -0.013181 0.109091
  5 4.477083 0.000000 0.000002 -0.002515 0.029580 0.037388
  6 4.477077 -0.000004 -0.000002 -0.012289 -0.014297 -0.029279
  7 5.413502 -7.700466 -0.000000 0.002632 -0.042784 0.077318
  8 6.890240 0.000002 -0.000000 0.000803 -0.070512 -0.267481
  9 8.011925 0.000004 0.000005 0.000773 -0.046313 -0.264238
 10 7.210720 -0.000002 -0.000000 0.002773 -0.061810 -0.383943
 11 8.581028 -0.304903 -0.000000 0.006641 0.080457 0.924421
 12 22.523008 2.194031 6.355708 0.000000 0.111453 0.000000
 13 22.523005 2.194038 -6.355709 0.000000 -0.066820 0.000000
 14 -3.006533 7.804720 -11.355459 0.218363 0.171648 0.950006
 15 10.384675 0.000008 0.000005 0.010107 0.190936 -1.789613
 16 22.550743 -0.000006 -0.000004 0.124225 0.013507 1.898294
 17 30.814247 -0.000015 -0.000004 2.638372 0.151195 0.516548
 18 -3.013796 7.815494 11.355459 -0.182103 -0.221063 0.964235
 19 10.374533 -0.000002 0.000007 -0.013713 -0.191269 -1.771434
 20 22.550726 -0.000027 -0.000013 -0.123620 -0.013546 1.874590
 21 30.814270 -0.000023 0.000002 -2.648188 -0.083137 0.535143
 22 -4.250660 -0.770624 0.000001 0.000000 0.000000 2.973572
 23 10.363422 0.000000 0.000000 -0.000000 -0.000008 -0.260259
 24 10.363076 0.000000 -0.000000 0.000000 0.000009 0.048006
 25 10.363081 -0.000004 -0.000002 -0.000009 -0.000015 0.191078
 26 8.210358 -0.000006 -7.786025 0.000000 0.000000 0.069469
 27 8.210346 -0.000002 7.704017 0.000000 0.000000 0.051101
 28 1.854841 1.227791 -13.762345 2.692597 0.161954 2.199882
 29 10.456543 -0.000004 0.000004 0.086515 0.077992 -0.967834
 30 24.248093 0.000001 0.000007 0.021049 0.025832 0.732969
 31 26.336971 0.000019 0.000002 0.317183 -0.042776 0.854398
 32 1.854847 1.227798 13.762341 -2.678410 -0.191617 2.214559
 33 10.456542 -0.000008 0.000004 -0.090027 -0.075577 -0.923682
 34 24.248116 0.000002 -0.000004 -0.020108 -0.024869 0.699729
 35 26.336975 0.000000 0.000004 -0.340065 0.037634 0.879312
time 89
  0 0.000000 0.000000 0.000000 0.000000 -0.000000 -1.570796
  1 0.000000 0.000000 0.000000 0.000000 -0.000000 0.000000
  2 0.714866 -2.951586 27.922220 -1.570126 -0.005188 1.570701
  3 4.222169 -0.467508 0.000000 0.000844 -0.000723 -0.092526
  4 4.476987 -0.000002 -0.000000 0.015039 -0.013181 0.117215
  5 4.477083 0.000000 0.000002 -0.002659 0.029451 0.030170
  6 4.477077 -0.000004 -0.000002 -0.011882 -0.014448 -0.038233
  7 5.413502 -7.700466 -0.000000 0.002472 -0.044296 0.083324
  8 6.890240 0.000002 -0.000000 0.000803 -0.076498 -0.266015
  9 8.011925 0.000004 0.000005 0.000851 -0.050866 -0.258839
 10 7.210720 -0.000002 -0.000000 0.002663 -0.064670 -0.378338
 11 8.581028 -0.304903 -0.000000 0.006847 0.085681 0.902410
 12 22.523008 2.194031 6.355708 0.000000 -0.050166 0.000000
 13 22.523005 2.194038 -6.355709 0.000000 0.088267 0.000000
 14 -3.006533 7.804720 -11.355459 0.218091 0.172955 0.945679
 15 10.384675 0.000008 0.000005 0.009622 0.190894 -1.792168
 16 22.550743 -0.000006 -0.000004 0.124289 0.013507 1.901624
 17 30.814247 -0.000015 -0.000004 2.638503 0.151665 0.519342
 18 -3.013796 7.815494 11.355459 -0.186176 -0.219681 0.958535
 19 10.374533 -0.000002 0.000007 -0.013174 -0.191236 -1.774276
 20 22.550726 -0.000027 -0.000013 -0.123702 -0.013546 1.878374
 21 30.814270 -0.000023 0.000002 -2.646294 -0.088397 0.537012
 22 -4.250660 -0.770624 0.000001 0.000000 0.000000 2.971549
 23 10.363422 0.000000 0.000000 0.000000 -0.000008 -0.267411
 24 10.363076 0.000000 -0.000000 0.000000 0.000009 0.056807
 25 10.363081 -0.000004 -0.000002 -0.000009 -0.000015 0.211563
 26 8.210358 -0.000006 -7.786025 0.000000 0.000000 0.064305
 27 8.210346 -0.000002 7.704017 0.000000 0.000000 0.047439
 28 1.854841 1.227791 -13.762345 2.691937 0.162003 2.198301
 29 10.456543 -0.000004 0.000004 0.086585 0.077938 -0.967096
 30 24.248093 0.000001 0.000007 0.021012 0.025832 0.732377
 31 26.336971 0.000019 0.000002 0.317749 -0.043117 0.854508
 32 1.854847 1.227798 13.762341 -2.678241 -0.190960 2.213137
 33 10.456542 -0.000008 0.000004 -0.089993 -0.075605 -0.923997
 34 24.248116 0.000002 -0.000004 -0.020121 -0.024881 0.699983
 35 26.336975 0.000000 0.000004 -0.339979 0.038192 0.879029
time 90
  0 0.000000 0.000000 0.000000 0.000000 -0.000000 -1.570796
  1 0.000000 0.000000 0.000000 0.000000 -0.000000 0.000000
  2 0.695334 -2.951586 27.933939 -1.570126 -0.003632 1.570701
  3 4.222169 -0.467508 0.000000 0.000604 -0.000723 -0.083647
  4 4.476987 -0.000002 -0.000000 0.015075 -0.013181 0.125051
  5 4.477083 0.000000 0.000002 -0.002803 0.029338 0.023144
  6 4.477077 -0.000004 -0.000002 -0.011486 -0.014579 -0.047048
  7 5.413502 -7.700466 -0.000000 0.002299 -0.045842 0.089142
  8 6.890240 0.000002 -0.000000 0.000791 -0.082171 -0.264572
  9 8.011925 0.000004 0.000005 0.000917 -0.055387 -0.253466
 10 7.210720 -0.000002 -0.000000 0.002553 -0.067495 -0.372733
 11 8.581028 -0.304903 -0.000000 0.006962 0.090785 0.880679
 12 22.523008 2.194031 6.355708 0.000000 -0.211419 0.000000
 13 22.523005 2.194038 -6.355709 0.000000 0.242961 0.000000
 14 -3.006533 7.804720 -11.355459 0.217820 0.174263 0.941559
 15 10.384675 0.000008 0.000005 0.009173 0.190873 -1.794556
 16 22.550743 -0.000006 -0.000004 0.124353 0.013507 1.904651
 17 30.814247 -0.000015 -0.000004 2.638591 0.152104 0.522063
 18 -3.013796 7.815494 11.355459 -0.190096 -0.218261 0.952949
 19 10.374533 -0.000002 0.000007 -0.012635 -0.191236 -1.777001
 20 22.550726 -0.000027 -0.000013 -0.123783 -0.013526 1.882034
 21 30.814270 -0.000023 0.000002 -2.644505 -0.093584 0.538824
 22 -4.250660 -0.770624 0.000001 0.000000 0.000000 2.969501
 23 10.363422 0.000000 0.000000 0.000000 -0.000008 -0.274541
 24 10.363076 0.000000 -0.000000 0.000000 0.000009 0.065557
 25 10.363081 -0.000004 -0.000002 -0.000009 -0.000015 0.231832
 26 8.210358 -0.000006 -7.786025 0.000000 0.000000 0.059244
 27 8.210346 -0.000002 7.704017 0.000000 0.000000 0.043946
 28 1.854841 1.227791 -13.762345 2.691234 0.162102 2.196841
 29 10.456543 -0.000004 0.000004 0.086637 0.077885 -0.966315
 30 24.248093 0.000001 0.000007 0.021012 0.025812 0.731785
 31 26.336971 0.000019 0.000002 0.318314 -0.043485 0.854618
 32 1.854847 1.227798 13.762341 -2.678140 -0.190276 2.211715
 33 10.456542 -0.000008 0.000004 -0.089959 -0.075632 -0.924431
 34 24.248116 0.000002 -0.000004 -0.020121 -0.024881 0.700288
 35 26.336975 0.000000 0.000004 -0.339893 0.038751 0.878747
time 91
  0 0.000000 0.000000 0.000000 0.000000 -0.000000 -1.570796
  1 0.000000 0.000000 0.000000 0.000000 -0.000000 0.000000
  2 0.675802 -2.951586 27.949566 -1.570126 -0.002077 1.570701
  3 4.222169 -0.467508 0.000000 0.000364 -0.000705 -0.074861
  4 4.476987 -0.000002 -0.000000 0.015111 -0.013203 0.132620
  5 4.477083 0.000000 0.000002 -0.002935 0.029225 0.016223
  6 4.477077 -0.000004 -0.000002 -0.011091 -0.014692 -0.055800
  7 5.413502 -7.700466 -0.000000 0.002127 -0.047456 0.094898
  8 6.890240 0.000002 -0.000000 0.000779 -0.087542 -0.263129
  9 8.011925 0.000004 0.000005 0.000969 -0.059876 -0.248041
 10 7.210720 -0.000002 -0.000000 0.002443 -0.070302 -0.367129
 11 8.581028 -0.304903 -0.000000 0.006985 0.095855 0.858948
 12 22.523008 2.194031 6.355708 0.000000 -0.288563 0.000000
 13 22.523005 2.194038 -6.355709 0.000000 0.316678 0.000000
 14 -3.006533 7.804720 -11.355459 0.217549 0.175605 0.937507
 15 10.384675 0.000008 0.000005 0.008725 0.190852 -1.796778
 16 22.550743 -0.000006 -0.000004 0.124401 0.013507 1.907495
 17 30.814247 -0.000015 -0.000004 2.638678 0.152512 0.524785
 18 -3.013796 7.815494 11.355459 -0.193966 -0.216878 0.947534
 19 10.374533 -0.000002 0.000007 -0.012095 -0.191203 -1.779552
 20 22.550726 -0.000027 -0.000013 -0.123865 -0.013526 1.885446
 21 30.814270 -0.000023 0.000002 -2.642751 -0.098723 0.540582
 22 -4.250660 -0.770624 0.000001 0.000000 0.000000 2.967452
 23 10.363422 0.000000 0.000000 0.000000 -0.000008 -0.281715
 24 10.363076 0.000000 -0.000000 0.000000 0.000009 0.074306
 25 10.363081 -0.000004 -0.000002 -0.000009 -0.000015 0.252022
 26 8.210358 -0.000006 -7.786025 0.000000 0.000000 0.054284
 27 8.210346 -0.000002 7.704017 0.000000 0.000000 0.040521
 28 1.854841 1.227791 -13.762345 2.690574 0.162250 2.195442
 29 10.456543 -0.000004 0.000004 0.086707 0.077832 -0.965447
 30 24.248093 0.000001 0.000007 0.020975 0.025812 0.731075
 31 26.336971 0.000019 0.000002 0.318923 -0.043801 0.854729
 32 1.854847 1.227798 13.762341 -2.678038 -0.189537 2.210294
 33 10.456542 -0.000008 0.000004 -0.089925 -0.075660 -0.924904
 34 24.248116 0.000002 -0.000004 -0.020134 -0.024893 0.700593
 35 26.336975 0.000000 0.000004 -0.339765 0.039340 0.878408
time 92
  0 0.000000 0.000000 0.000000 0.000000 -0.000000 -1.570796
  1 0.000000 0.000000 0.000000 0.000000 -0.000000 0.000000
  2 0.656270 -2.951586 27.961285 -1.570126 -0.000521 1.570797
  3 4.222169 -0.467508 0.000000 0.000125 -0.000705 -0.066228
  4 4.476987 -0.000002 -0.000000 0.015147 -0.013203 0.139834
  5 4.477083 0.000000 0.000002 -0.003066 0.029112 0.009494
  6 4.477077 -0.000004 -0.000002 -0.010707 -0.014824 -0.064396
  7 5.413502 -7.700466 -0.000000 0.001954 -0.049121 0.100530
  8 6.890240 0.000002 -0.000000 0.000743 -0.092535 -0.261733
  9 8.011925 0.000004 0.000005 0.000995 -0.064317 -0.242616
 10 7.210720 -0.000002 -0.000000 0.002306 -0.073039 -0.361551
 11 8.581028 -0.304903 -0.000000 0.006916 0.100823 0.837498
 12 22.523008 2.194031 6.355708 0.000000 -0.283736 0.000000
 13 22.523005 2.194038 -6.355709 0.000000 0.310628 0.000000
 14 -3.006533 7.804720 -11.355459 0.217332 0.176912 0.933661
 15 10.384675 0.000008 0.000005 0.008352 0.190830 -1.798777
 16 22.550743 -0.000006 -0.000004 0.124465 0.013479 1.910038
 17 30.814247 -0.000015 -0.000004 2.638765 0.152888 0.527471
 18 -3.013796 7.815494 11.355459 -0.197632 -0.215458 0.942347
 19 10.374533 -0.000002 0.000007 -0.011623 -0.191170 -1.781930
 20 22.550726 -0.000027 -0.000013 -0.123947 -0.013506 1.888734
 21 30.814270 -0.000023 0.000002 -2.641102 -0.103763 0.542255
 22 -4.250660 -0.770624 0.000001 0.000000 0.000000 2.965404
 23 10.363422 0.000000 0.000000 0.000000 -0.000008 -0.288823
 24 10.363076 0.000000 -0.000000 0.000000 0.000009 0.082953
 25 10.363081 -0.000004 -0.000002 -0.000009 -0.000015 0.271942
 26 8.210358 -0.000006 -7.786025 0.000000 0.000000 0.049460
 27 8.210346 -0.000002 7.704017 0.000000 0.000000 0.037198
 28 1.854841 1.227791 -13.762345 2.689871 0.162447 2.194165
 29 10.456543 -0.000004 0.000004 0.086777 0.077760 -0.964578
 30 24.248093 0.000001 0.000007 0.020975 0.025792 0.730364
 31 26.336971 0.000019 0.000002 0.319532 -0.044116 0.854895
 32 1.854847 1.227798 13.762341 -2.677971 -0.188799 2.208915
 33 10.456542 -0.000008 0.000004 -0.089891 -0.075688 -0.925495
 34 24.248116 0.000002 -0.000004 -0.020147 -0.024917 0.700999
 35 26.336975 0.000000 0.000004 -0.339636 0.039898 0.878069
time 93
  0 0.000000 0.000000 0.000000 0.000000 -0.000000 -1.570796
  1 0.000000 0.000000 0.000000 0.000000 -0.000000 0.000000
  2 0.632832 -2.951586 27.973003 -1.570221 0.000995 1.570797
  3 4.222169 -0.467508 0.000000 -0.000103 -0.000705 -0.057672
  4 4.476987 -0.000002 -0.000000 0.015171 -0.013203 0.146782
  5 4.477083 0.000000 0.000002 -0.003198 0.029015 0.002898
  6 4.477077 -0.000004 -0.000002 -0.010312 -0.014974 -0.072930
  7 5.413502 -7.700466 -0.000000 0.001768 -0.050838 0.106069
  8 6.890240 0.000002 -0.000000 0.000707 -0.097149 -0.260360
  9 8.011925 0.000004 0.000005 0.000995 -0.068727 -0.237191
 10 7.210720 -0.000002 -0.000000 0.002169 -0.075740 -0.355946
 11 8.581028 -0.304903 -0.000000 0.006778 0.105757 0.816082
 12 22.523008 2.194031 6.355708 0.000000 -0.271607 0.000000
 13 22.523005 2.194038 -6.355709 0.000000 0.297409 0.000000
 14 -3.006533 7.804720 -11.355459 0.217169 0.178255 0.929953
 15 10.384675 0.000008 0.000005 0.008015 0.190830 -1.800610
 16 22.550743 -0.000006 -0.000004 0.124513 0.013479 1.912399
 17 30.814247 -0.000015 -0.000004 2.638765 0.153233 0.530121
 18 -3.013796 7.815494 11.355459 -0.201145 -0.214001 0.937274
 19 10.374533 -0.000002 0.000007 -0.011219 -0.191170 -1.784249
 20 22.550726 -0.000027 -0.000013 -0.124028 -0.013506 1.891836
 21 30.814270 -0.000023 0.000002 -2.639559 -0.108754 0.543901
 22 -4.250660 -0.770624 0.000001 0.000000 0.000000 2.963330
 23 10.363422 0.000000 0.000000 0.000000 -0.000008 -0.295997
 24 10.363076 0.000000 -0.000000 0.000000 0.000009 0.091599
 25 10.363081 -0.000004 -0.000002 -0.000009 -0.000015 0.291836
 26 8.210358 -0.000006 -7.786025 0.000000 0.000000 0.044772
 27 8.210346 -0.000002 7.704017 0.000000 0.000000 0.033977
 28 1.854841 1.227791 -13.762345 2.689167 0.162669 2.192948
 29 10.456543 -0.000004 0.000004 0.086864 0.077689 -0.963579
 30 24.248093 0.000001 0.000007 0.020938 0.025792 0.729595
 31 26.336971 0.000019 0.000002 0.320228 -0.044431 0.855060
 32 1.854847 1.227798 13.762341 -2.677903 -0.188005 2.207493
 33 10.456542 -0.000008 0.000004 -0.089823 -0.075716 -0.926126
 34 24.248116 0.000002 -0.000004 -0.020160 -0.024929 0.701506
 35 26.336975 0.000000 0.000004 -0.339422 0.040488 0.877673
time 94
  0 0.000000 0.000000 0.000000 0.000000 -0.000000 -1.570796
  1 0.000000 0.000000 0.000000 0.000000 -0.000000 0.000000
  2 0.605487 -2.951586 27.984722 -1.570222 0.002471 1.570797
  3 4.222169 -0.467508 0.000000 -0.000319 -0.000686 -0.049300
  4 4.476987 -0.000002 -0.000000 0.015195 -0.013224 0.153352
  5 4.477083 0.000000 0.000002 -0.003318 0.028918 -0.003505
  6 4.477077 -0.000004 -0.000002 -0.009928 -0.015087 -0.081293
  7 5.413502 -7.700466 -0.000000 0.001595 -0.052588 0.111514
  8 6.890240 0.000002 -0.000000 0.000671 -0.101305 -0.259033
  9 8.011925 0.000004 0.000005 0.000982 -0.073040 -0.231792
 10 7.210720 -0.000002 -0.000000 0.002004 -0.078000 -0.350556
 11 8.581028 -0.304903 -0.000000 0.006549 0.110589 0.794947
 12 22.523008 2.194031 6.355708 0.000000 -0.260180 0.000000
 13 22.523005 2.194038 -6.355709 0.000000 0.284946 0.000000
 14 -3.006533 7.804720 -11.355459 0.216952 0.179633 0.926382
 15 10.384675 0.000008 0.000005 0.007679 0.190809 -1.802221
 16 22.550743 -0.000006 -0.000004 0.124561 0.013479 1.914457
 17 30.814247 -0.000015 -0.000004 2.638765 0.153546 0.532664
 18 -3.013796 7.815494 11.355459 -0.204454 -0.212544 0.932486
 19 10.374533 -0.000002 0.000007 -0.010747 -0.191136 -1.786394
 20 22.550726 -0.000027 -0.000013 -0.124110 -0.013487 1.894751
 21 30.814270 -0.000023 0.000002 -2.638085 -0.113623 0.545435
 22 -4.250660 -0.770624 0.000001 0.000000 0.000000 2.961256
 23 10.363422 0.000000 0.000000 0.000000 -0.000008 -0.302753
 24 10.363076 0.000000 -0.000000 0.000000 0.000009 0.100168
 25 10.363081 -0.000004 -0.000002 -0.000009 -0.000015 0.311461
 26 8.210358 -0.000006 -7.786025 0.000000 0.000000 0.040288
 27 8.210346 -0.000002 7.704017 0.000000 0.000000 0.030857
 28 1.854841 1.227791 -13.762345 2.688463 0.162965 2.191793
 29 10.456543 -0.000004 0.000004 0.086934 0.077618 -0.962537
 30 24.248093 0.000001 0.000007 0.020938 0.025771 0.728766
 31 26.336971 0.000019 0.000002 0.320924 -0.044720 0.855226
 32 1.854847 1.227798 13.762341 -2.677903 -0.187184 2.206115
 33 10.456542 -0.000008 0.000004 -0.089756 -0.075772 -0.926874
 34 24.248116 0.000002 -0.000004 -0.020173 -0.024953 0.702014
 35 26.336975 0.000000 0.000004 -0.339164 0.041077 0.877277
time 95
  0 0.000000 0.000000 0.000000 0.000000 -0.000000 -1.570796
  1 0.000000 0.000000 0.000000 0.000000 -0.000000 0.000000
  2 0.574236 -2.951586 27.996441 -1.570221 0.003947 1.570797
  3 4.222169 -0.467508 0.000000 -0.000535 -0.000686 -0.041005
  4 4.476987 -0.000002 -0.000000 0.015219 -0.013224 0.159568
  5 4.477083 0.000000 0.000002 -0.003438 0.028821 -0.009745
  6 4.477077 -0.000004 -0.000002 -0.009545 -0.015218 -0.089577
  7 5.413502 -7.700466 -0.000000 0.001409 -0.054389 0.116928
  8 6.890240 0.000002 -0.000000 0.000635 -0.105017 -0.257730
  9 8.011925 0.000004 0.000005 0.000956 -0.077322 -0.226341
 10 7.210720 -0.000002 -0.000000 0.001839 -0.079571 -0.345380
 11 8.581028 -0.304903 -0.000000 0.006250 0.115369 0.773847
 12 22.523008 2.194031 6.355708 0.000000 -0.247715 0.000000
 13 22.523005 2.194038 -6.355709 0.000000 0.271334 0.000000
 14 -3.006533 7.804720 -11.355459 0.216789 0.180975 0.922948
 15 10.384675 0.000008 0.000005 0.007418 0.190788 -1.803665
 16 22.550743 -0.000006 -0.000004 0.124609 0.013479 1.916273
 17 30.814247 -0.000015 -0.000004 2.638721 0.153828 0.535242
 18 -3.013796 7.815494 11.355459 -0.207610 -0.211049 0.927869
 19 10.374533 -0.000002 0.000007 -0.010343 -0.191136 -1.788424
 20 22.550726 -0.000027 -0.000013 -0.124192 -0.013487 1.897481
 21 30.814270 -0.000023 0.000002 -2.636717 -0.118468 0.546941
 22 -4.250660 -0.770624 0.000001 0.000000 0.000000 2.959156
 23 10.363422 0.000000 0.000000 -0.000000 -0.000008 -0.305350
 24 10.363076 0.000000 -0.000000 0.000000 0.000009 0.108711
 25 10.363081 -0.000004 -0.000002 -0.000009 -0.000015 0.331060
 26 8.210358 -0.000006 -7.786025 0.000000 0.000000 0.035906
 27 8.210346 -0.000002 7.704017 0.000000 0.000000 0.027873
 28 1.854841 1.227791 -13.762345 2.687760 0.163335 2.190759
 29 10.456543 -0.000004 0.000004 0.087022 0.077529 -0.961408
 30 24.248093 0.000001 0.000007 0.020901 0.025751 0.727937
 31 26.336971 0.000019 0.000002 0.321664 -0.044983 0.855447
 32 1.854847 1.227798 13.762341 -2.677903 -0.186336 2.204693
 33 10.456542 -0.000008 0.000004 -0.089688 -0.075827 -0.927702
 34 24.248116 0.000002 -0.000004 -0.020198 -0.024965 0.702623
 35 26.336975 0.000000 0.000004 -0.338907 0.041667 0.876825
time 96
  0 0.000000 0.000000 0.000000 0.000000 -0.000000 -1.570796
  1 0.000000 0.000000 0.000000 0.000000 -0.000000 0.000000
  2 0.542985 -2.951586 28.008160 -1.570222 0.005383 1.570797
  3 4.222169 -0.467508 0.000000 -0.000738 -0.000686 -0.033200
  4 4.476987 -0.000002 -0.000000 0.015243 -0.013246 0.165383
  5 4.477083 0.000000 0.000002 -0.003546 0.028740 -0.015762
  6 4.477077 -0.000004 -0.000002 -0.009185 -0.015350 -0.097379
  7 5.413502 -7.700466 -0.000000 0.001223 -0.056292 0.122155
  8 6.890240 0.000002 -0.000000 0.000599 -0.108219 -0.256474
  9 8.011925 0.000004 0.000005 0.000904 -0.081507 -0.220942
 10 7.210720 -0.000002 -0.000000 0.001647 -0.080418 -0.340526
 11 8.581028 -0.304903 -0.000000 0.005883 0.120046 0.752992
 12 22.523008 2.194031 6.355708 0.000000 -0.223274 0.000000
 13 22.523005 2.194038 -6.355709 0.000000 0.244594 0.000000
 14 -3.006533 7.804720 -11.355459 0.216681 0.182353 0.919652
 15 10.384675 0.000008 0.000005 0.007194 0.190788 -1.804887
 16 22.550743 -0.000006 -0.000004 0.124657 0.013479 1.917847
 17 30.814247 -0.000015 -0.000004 2.638634 0.154079 0.537713
 18 -3.013796 7.815494 11.355459 -0.210563 -0.209554 0.923480
 19 10.374533 -0.000002 0.000007 -0.009938 -0.191103 -1.790280
 20 22.550726 -0.000027 -0.000013 -0.124253 -0.013487 1.900025
 21 30.814270 -0.000023 0.000002 -2.635419 -0.123190 0.548363
 22 -4.250660 -0.770624 0.000001 0.000000 0.000000 2.957056
 23 10.363422 0.000000 0.000000 0.000000 -0.000008 -0.307572
 24 10.363076 0.000000 -0.000000 0.000000 0.000009 0.117151
 25 10.363081 -0.000004 -0.000002 -0.000009 -0.000015 0.350390
 26 8.210358 -0.000006 -7.786025 0.000000 0.000000 0.031728
 27 8.210346 -0.000002 7.704017 0.000000 0.000000 0.024957
 28 1.854841 1.227791 -13.762345 2.687056 0.163730 2.189786
 29 10.456543 -0.000004 0.000004 0.087109 0.077458 -0.960236
 30 24.248093 0.000001 0.000007 0.020901 0.025751 0.726990
 31 26.336971 0.000019 0.000002 0.322403 -0.045246 0.855668
 32 1.854847 1.227798 13.762341 -2.677937 -0.185460 2.203315
 33 10.456542 -0.000008 0.000004 -0.089620 -0.075883 -0.928648
 34 24.248116 0.000002 -0.000004 -0.020211 -0.024989 0.703284
 35 26.336975 0.000000 0.000004 -0.338607 0.042287 0.876430
time 97
  0 0.000000 0.000000 0.000000 0.000000 -0.000000 -1.570796
  1 0.000000 0.000000 0.000000 0.000000 -0.000000 0.000000
  2 0.511734 -2.951586 28.015972 -1.570221 0.006779 1.570797
  3 4.222169 -0.467508 0.000000 -0.000942 -0.000686 -0.026024
  4 4.476987 -0.000002 -0.000000 0.015255 -0.013267 0.170822
  5 4.477083 0.000000 0.000002 -0.003654 0.028643 -0.021632
  6 4.477077 -0.000004 -0.000002 -0.008850 -0.015444 -0.104574
  7 5.413502 -7.700466 -0.000000 0.001037 -0.058348 0.127165
  8 6.890240 0.000002 -0.000000 0.000563 -0.110964 -0.255240
  9 8.011925 0.000004 0.000005 0.000838 -0.085645 -0.215543
 10 7.210720 -0.000002 -0.000000 0.001427 -0.080560 -0.335913
 11 8.581028 -0.304903 -0.000000 0.005424 0.124690 0.732208
 12 22.523008 2.194031 6.355708 0.000000 -0.197763 0.000000
 13 22.523005 2.194038 -6.355709 0.000000 0.216735 0.000000
 14 -3.006533 7.804720 -11.355459 0.216518 0.183731 0.916562
 15 10.384675 0.000008 0.000005 0.006970 0.190788 -1.805887
 16 22.550743 -0.000006 -0.000004 0.124705 0.013479 1.919118
 17 30.814247 -0.000015 -0.000004 2.638547 0.154267 0.540184
 18 -3.013796 7.815494 11.355459 -0.213262 -0.207985 0.919319
 19 10.374533 -0.000002 0.000007 -0.009601 -0.191103 -1.792077
 20 22.550726 -0.000027 -0.000013 -0.124335 -0.013487 1.902444
 21 30.814270 -0.000023 0.000002 -2.634226 -0.127839 0.549730
 22 -4.250660 -0.770624 0.000001 0.000000 0.000000 2.954957
 23 10.363422 0.000000 0.000000 -0.000000 -0.000008 -0.309839
 24 10.363076 0.000000 -0.000000 0.000000 0.000009 0.125565
 25 10.363081 -0.000004 -0.000002 -0.000009 -0.000015 0.369693
 26 8.210358 -0.000006 -7.786025 0.000000 0.000000 0.027686
 27 8.210346 -0.000002 7.704017 0.000000 0.000000 0.022177
 28 1.854841 1.227791 -13.762345 2.686397 0.164199 2.188995
 29 10.456543 -0.000004 0.000004 0.087214 0.077369 -0.958934
 30 24.248093 0.000001 0.000007 0.020864 0.025731 0.726043
 31 26.336971 0.000019 0.000002 0.323230 -0.045456 0.855944
 32 1.854847 1.227798 13.762341 -2.678005 -0.184530 2.201893
 33 10.456542 -0.000008 0.000004 -0.089518 -0.075939 -0.929673
 34 24.248116 0.000002 -0.000004 -0.020237 -0.025025 0.704045
 35 26.336975 0.000000 0.000004 -0.338221 0.042876 0.875921
time 98
  0 0.000000 0.000000 0.000000 0.000000 -0.000000 -1.570796
  1 0.000000 0.000000 0.000000 0.000000 -0.000000 0.000000
  2 0.472671 -2.951586 28.027691 -1.570221 0.008135 1.570892
  3 4.222169 -0.467508 0.000000 -0.001134 -0.000686 -0.019491
  4 4.476987 -0.000002 -0.000000 0.015267 -0.013267 0.175816
  5 4.477083 0.000000 0.000002 -0.003749 0.028579 -0.027264
  6 4.477077 -0.000004 -0.000002 -0.008550 -0.015519 -0.111115
  7 5.413502 -7.700466 -0.000000 0.000864 -0.060556 0.131957
  8 6.890240 0.000002 -0.000000 0.000527 -0.113277 -0.254053
  9 8.011925 0.000004 0.000005 0.000760 -0.089655 -0.210170
 10 7.210720 -0.000002 -0.000000 0.001235 -0.079995 -0.331623
 11 8.581028 -0.304903 -0.000000 0.004918 0.129248 0.711668
 12 22.523008 2.194031 6.355708 0.000000 -0.172435 0.000000
 13 22.523005 2.194038 -6.355709 0.000000 0.189057 0.000000
 14 -3.006533 7.804720 -11.355459 0.216464 0.185109 0.913540
 15 10.384675 0.000008 0.000005 0.006820 0.190788 -1.806720
 16 22.550743 -0.000006 -0.000004 0.124737 0.013479 1.920147
 17 30.814247 -0.000015 -0.000004 2.638372 0.154424 0.542548
 18 -3.013796 7.815494 11.355459 -0.215757 -0.206415 0.915500
 19 10.374533 -0.000002 0.000007 -0.009264 -0.191070 -1.793701
 20 22.550726 -0.000027 -0.000013 -0.124396 -0.013467 1.904616
 21 30.814270 -0.000023 0.000002 -2.633139 -0.132389 0.550985
 22 -4.250660 -0.770624 0.000001 0.000000 0.000000 2.952832
 23 10.363422 0.000000 0.000000 -0.000000 -0.000008 -0.312083
 24 10.363076 0.000000 -0.000000 0.000000 0.000009 0.133850
 25 10.363081 -0.000004 -0.000002 -0.000009 -0.000015 0.388191
 26 8.210358 -0.000006 -7.786025 0.000000 0.000000 0.023881
 27 8.210346 -0.000002 7.704017 0.000000 0.000000 0.019498
 28 1.854841 1.227791 -13.762345 2.685693 0.164742 2.188265
 29 10.456543 -0.000004 0.000004 0.087319 0.077262 -0.957588
 30 24.248093 0.000001 0.000007 0.020864 0.025711 0.724977
 31 26.336971 0.000019 0.000002 0.324057 -0.045666 0.856220
 32 1.854847 1.227798 13.762341 -2.678072 -0.183572 2.200514
 33 10.456542 -0.000008 0.000004 -0.089416 -0.075994 -0.930776
 34 24.248116 0.000002 -0.000004 -0.020263 -0.025049 0.704857
 35 26.336975 0.000000 0.000004 -0.337835 0.043466 0.875412
time 99
  0 0.000000 0.000000 0.000000 0.000000 -0.000000 -1.570796
  1 0.000000 0.000000 0.000000 0.000000 -0.000000 0.000000
  2 0.433607 -2.951586 28.035503 -1.570221 0.009491 1.570892
  3 4.222169 -0.467508 0.000000 -0.001302 -0.000686 -0.013465
  4 4.476987 -0.000002 -0.000000 0.015291 -0.013289 0.180367
  5 4.477083 0.000000 0.000002 -0.003845 0.028498 -0.032718
  6 4.477077 -0.000004 -0.000002 -0.008251 -0.015575 -0.117142
  7 5.413502 -7.700466 -0.000000 0.000691 -0.062918 0.136562
  8 6.890240 0.000002 -0.000000 0.000503 -0.115211 -0.252890
  9 8.011925 0.000004 0.000005 0.000668 -0.093585 -0.204797
 10 7.210720 -0.000002 -0.000000 0.001043 -0.078706 -0.327546
 11 8.581028 -0.304903 -0.000000 0.004367 0.133653 0.691865
 12 22.523008 2.194031 6.355708 0.000000 -0.146955 0.000000
 13 22.523005 2.194038 -6.355709 0.000000 0.161228 0.000000
 14 -3.006533 7.804720 -11.355459 0.216355 0.186522 0.910725
 15 10.384675 0.000008 0.000005 0.006708 0.190788 -1.807330
 16 22.550743 -0.000006 -0.000004 0.124769 0.013479 1.920873
 17 30.814247 -0.000015 -0.000004 2.638154 0.154549 0.544840
 18 -3.013796 7.815494 11.355459 -0.217997 -0.204771 0.911909
 19 10.374533 -0.000002 0.000007 -0.008927 -0.191070 -1.795208
 20 22.550726 -0.000027 -0.000013 -0.124478 -0.013467 1.906601
 21 30.814270 -0.000023 0.000002 -2.632157 -0.136842 0.552184
 22 -4.250660 -0.770624 0.000001 0.000000 0.000000 2.950706
 23 10.363422 0.000000 0.000000 0.000000 -0.000008 -0.314328
 24 10.363076 0.000000 -0.000000 0.000000 0.000009 0.142109
 25 10.363081 -0.000004 -0.000002 -0.000009 -0.000015 0.396916
 26 8.210358 -0.000006 -7.786025 0.000000 0.000000 0.020280
 27 8.210346 -0.000002 7.704017 0.000000 0.000000 0.016887
 28 1.854841 1.227791 -13.762345 2.684989 0.165358 2.187718
 29 10.456543 -0.000004 0.000004 0.087423 0.077173 -0.956155
 30 24.248093 0.000001 0.000007 0.020827 0.025691 0.723911
 31 26.336971 0.000019 0.000002 0.324927 -0.045850 0.856551
 32 1.854847 1.227798 13.762341 -2.678207 -0.182560 2.199136
 33 10.456542 -0.000008 0.000004 -0.089315 -0.076078 -0.932037
 34 24.248116 0.000002 -0.000004 -0.020289 -0.025084 0.705771
 35 26.336975 0.000000 0.000004 -0.337363 0.044086 0.874904
time 100
  0 0.000000 0.000000 0.000000 0.000000 -0.000000 -1.570796
  1 0.000000 0.000000 0.000000 0.000000 -0.000000 0.000000
  2 0.390637 -2.951586 28.043318 -1.570221 0.010768 1.570988
  3 4.222169 -0.467508 0.000000 -0.001469 -0.000686 -0.007960
  4 4.476987 -0.000002 -0.000000 0.015291 -0.013289 0.184451
  5 4.477083 0.000000 0.000002 -0.003941 0.028433 -0.037921
  6 4.477077 -0.000004 -0.000002 -0.007987 -0.015632 -0.122639
  7 5.413502 -7.700466 -0.000000 0.000532 -0.065416 0.140887
  8 6.890240 0.000002 -0.000000 0.000479 -0.116793 -0.251749
  9 8.011925 0.000004 0.000005 0.000550 -0.097419 -0.199476
 10 7.210720 -0.000002 -0.000000 0.000851 -0.076729 -0.323792
 11 8.581028 -0.304903 -0.000000 0.003839 0.137733 0.673674
 12 22.523008 2.194031 6.355708 0.000000 -0.121627 0.000000
 13 22.523005 2.194038 -6.355709 0.000000 0.133519 0.000000
 14 -3.006533 7.804720 -11.355459 0.216301 0.187900 0.907978
 15 10.384675 0.000008 0.000005 0.006596 0.190788 -1.807664
 16 22.550743 -0.000006 -0.000004 0.124801 0.013479 1.921357
 17 30.814247 -0.000015 -0.000004 2.637935 0.154643 0.547060
 18 -3.013796 7.815494 11.355459 -0.219982 -0.203090 0.908603
 19 10.374533 -0.000002 0.000007 -0.008657 -0.191037 -1.796600
 20 22.550726 -0.000027 -0.000013 -0.124539 -0.013467 1.908400
 21 30.814270 -0.000023 0.000002 -2.631279 -0.141198 0.553300
 22 -4.250660 -0.770624 0.000001 0.000000 0.000000 2.948555
 23 10.363422 0.000000 0.000000 0.000000 -0.000008 -0.316551
 24 10.363076 0.000000 -0.000000 0.000000 0.000009 0.149723
 25 10.363081 -0.000004 -0.000002 -0.000009 -0.000015 0.405105
 26 8.210358 -0.000006 -7.786025 0.000000 0.000000 0.016883
 27 8.210346 -0.000002 7.704017 0.000000 0.000000 0.014411
 28 1.854841 1.227791 -13.762345 2.684286 0.166025 2.187292
 29 10.456543 -0.000004 0.000004 0.087546 0.077049 -0.954678
 30 24.248093 0.000001 0.000007 0.020790 0.025691 0.722787
 31 26.336971 0.000019 0.000002 0.325840 -0.046008 0.856883
 32 1.854847 1.227798 13.762341 -2.678342 -0.181548 2.197800
 33 10.456542 -0.000008 0.000004 -0.089179 -0.076161 -0.933377
 34 24.248116 0.000002 -0.000004 -0.020315 -0.025120 0.706736
 35 26.336975 0.000000 0.000004 -0.336849 0.044676 0.874338
time 101
  0 0.000000 0.000000 0.000000 0.000000 -0.000000 -1.570796
  1 0.000000 0.000000 0.000000 0.000000 -0.000000 0.000000
  2 0.343760 -2.951586 28.051130 -1.570317 0.012044 1.570988
  3 4.222169 -0.467508 0.000000 -0.001613 -0.000686 -0.002870
  4 4.476987 -0.000002 -0.000000 0.015303 -0.013310 0.188069
  5 4.477083 0.000000 0.000002 -0.004025 0.028385 -0.042931
  6 4.477077 -0.000004 -0.000002 -0.007723 -0.015669 -0.127747
  7 5.413502 -7.700466 -0.000000 0.000385 -0.068067 0.145056
  8 6.890240 0.000002 -0.000000 0.000443 -0.118087 -0.250632
  9 8.011925 0.000004 0.000005 0.000458 -0.100582 -0.194493
 10 7.210720 -0.000002 -0.000000 0.000686 -0.074027 -0.320306
 11 8.581028 -0.304903 -0.000000 0.003334 0.141574 0.656850
 12 22.523008 2.194031 6.355708 0.000000 -0.096177 0.000000
 13 22.523005 2.194038 -6.355709 0.000000 0.105690 0.000000
 14 -3.006533 7.804720 -11.355459 0.216301 0.189313 0.905437
 15 10.384675 0.000008 0.000005 0.006559 0.190809 -1.807830
 16 22.550743 -0.000006 -0.000004 0.124833 0.013479 1.921539
 17 30.814247 -0.000015 -0.000004 2.637629 0.154675 0.549209
 18 -3.013796 7.815494 11.355459 -0.221815 -0.201371 0.905525
 19 10.374533 -0.000002 0.000007 -0.008388 -0.191037 -1.797876
 20 22.550726 -0.000027 -0.000013 -0.124600 -0.013467 1.910075
 21 30.814270 -0.000023 0.000002 -2.630508 -0.145479 0.554360
 22 -4.250660 -0.770624 0.000001 0.000000 0.000000 2.946404
 23 10.363422 0.000000 0.000000 0.000000 -0.000008 -0.318773
 24 10.363076 0.000000 -0.000000 0.000000 0.000009 0.156382
 25 10.363081 -0.000004 -0.000002 -0.000009 -0.000015 0.413347
 26 8.210358 -0.000006 -7.786025 0.000000 0.000000 0.013724
 27 8.210346 -0.000002 7.704017 0.000000 0.000000 0.012038
 28 1.854841 1.227791 -13.762345 2.683626 0.166765 2.186988
 29 10.456543 -0.000004 0.000004 0.087668 0.076942 -0.953029
 30 24.248093 0.000001 0.000007 0.020790 0.025670 0.721602
 31 26.336971 0.000019 0.000002 0.326797 -0.046166 0.857269
 32 1.854847 1.227798 13.762341 -2.678545 -0.180453 2.196421
 33 10.456542 -0.000008 0.000004 -0.089043 -0.076245 -0.934835
 34 24.248116 0.000002 -0.000004 -0.020354 -0.025168 0.707802
 35 26.336975 0.000000 0.000004 -0.336291 0.045296 0.873773
time 102
  0 0.000000 0.000000 0.000000 0.000000 -0.000000 -1.570796
  1 0.000000 0.000000 0.000000 0.000000 -0.000000 0.000000
  2 0.296884 -2.951586 28.055037 -1.570317 0.013241 1.571084
  3 4.222169 -0.467508 0.000000 -0.001745 -0.000686 0.001853
  4 4.476987 -0.000002 -0.000000 0.015315 -0.013310 0.191177
  5 4.477083 0.000000 0.000002 -0.004109 0.028320 -0.047688
  6 4.477077 -0.000004 -0.000002 -0.007484 -0.015688 -0.132465
  7 5.413502 -7.700466 -0.000000 0.000253 -0.070836 0.148977
  8 6.890240 0.000002 -0.000000 0.000431 -0.119119 -0.249539
  9 8.011925 0.000004 0.000005 0.000406 -0.102691 -0.190184
 10 7.210720 -0.000002 -0.000000 0.000549 -0.070655 -0.317114
 11 8.581028 -0.304903 -0.000000 0.002875 0.145108 0.641639
 12 22.523008 2.194031 6.355708 0.000000 -0.070850 0.000000
 13 22.523005 2.194038 -6.355709 0.000000 0.078012 0.000000
 14 -3.006533 7.804720 -11.355459 0.216247 0.190726 0.903033
 15 10.384675 0.000008 0.000005 0.006559 0.190830 -1.807775
 16 22.550743 -0.000006 -0.000004 0.124849 0.013479 1.921478
 17 30.814247 -0.000015 -0.000004 2.637280 0.154675 0.551286
 18 -3.013796 7.815494 11.355459 -0.223393 -0.199577 0.902675
 19 10.374533 -0.000002 0.000007 -0.008186 -0.191004 -1.799035
 20 22.550726 -0.000027 -0.000013 -0.124662 -0.013467 1.911502
 21 30.814270 -0.000023 0.000002 -2.629842 -0.149639 0.555308
 22 -4.250660 -0.770624 0.000001 0.000000 0.000000 2.944253
 23 10.363422 0.000000 0.000000 -0.000000 -0.000008 -0.320974
 24 10.363076 0.000000 -0.000000 0.000000 0.000009 0.162137
 25 10.363081 -0.000004 -0.000002 -0.000009 -0.000015 0.421535
 26 8.210358 -0.000006 -7.786025 0.000000 0.000000 0.010768
 27 8.210346 -0.000002 7.704017 0.000000 0.000000 0.009766
 28 1.854841 1.227791 -13.762345 2.682967 0.167579 2.186805
 29 10.456543 -0.000004 0.000004 0.087790 0.076817 -0.951379
 30 24.248093 0.000001 0.000007 0.020753 0.025650 0.720300
 31 26.336971 0.000019 0.000002 0.327798 -0.046271 0.857656
 32 1.854847 1.227798 13.762341 -2.678747 -0.179359 2.195086
 33 10.456542 -0.000008 0.000004 -0.088908 -0.076356 -0.936373
 34 24.248116 0.000002 -0.000004 -0.020393 -0.025216 0.708970
 35 26.336975 0.000000 0.000004 -0.335691 0.045886 0.873151
time 103
  0 0.000000 0.000000 0.000000 0.000000 -0.000000 -1.570796
  1 0.000000 0.000000 0.000000 0.000000 -0.000000 0.000000
  2 0.242195 -2.951586 28.058943 -1.570317 0.014398 1.571084
  3 4.222169 -0.467508 0.000000 -0.001865 -0.000668 0.006254
  4 4.476987 -0.000002 -0.000000 0.015315 -0.013331 0.193752
  5 4.477083 0.000000 0.000002 -0.004181 0.028288 -0.052194
  6 4.477077 -0.000004 -0.000002 -0.007256 -0.015707 -0.136888
  7 5.413502 -7.700466 -0.000000 0.000120 -0.073742 0.152679
  8 6.890240 0.000002 -0.000000 0.000407 -0.119930 -0.248468
  9 8.011925 0.000004 0.000005 0.000367 -0.103921 -0.186394
 10 7.210720 -0.000002 -0.000000 0.000439 -0.066577 -0.314191
 11 8.581028 -0.304903 -0.000000 0.002461 0.148386 0.627934
 12 22.523008 2.194031 6.355708 0.000000 -0.045858 0.000000
 13 22.523005 2.194038 -6.355709 0.000000 0.050728 0.000000
 14 -3.006533 7.804720 -11.355459 0.216301 0.192175 0.900767
 15 10.384675 0.000008 0.000005 0.006596 0.190852 -1.807497
 16 22.550743 -0.000006 -0.000004 0.124881 0.013479 1.921055
 17 30.814247 -0.000015 -0.000004 2.636887 0.154612 0.553255
 18 -3.013796 7.815494 11.355459 -0.224870 -0.197784 0.900053
 19 10.374533 -0.000002 0.000007 -0.007916 -0.191004 -1.800079
 20 22.550726 -0.000027 -0.000013 -0.124723 -0.013467 1.912742
 21 30.814270 -0.000023 0.000002 -2.629280 -0.153676 0.556173
 22 -4.250660 -0.770624 0.000001 0.000000 0.000000 2.942077
 23 10.363422 0.000000 0.000000 0.000000 -0.000008 -0.323174
 24 10.363076 0.000000 -0.000000 0.000000 0.000009 0.167144
 25 10.363081 -0.000004 -0.000002 -0.000009 -0.000015 0.429697
 26 8.210358 -0.000006 -7.786025 0.000000 0.000000 0.008085
 27 8.210346 -0.000002 7.704017 0.000000 0.000000 0.007596
 28 1.854841 1.227791 -13.762345 2.682307 0.168467 2.186805
 29 10.456543 -0.000004 0.000004 0.087930 0.076693 -0.949555
 30 24.248093 0.000001 0.000007 0.020716 0.025630 0.718998
 31 26.336971 0.000019 0.000002 0.328798 -0.046350 0.858098
 32 1.854847 1.227798 13.762341 -2.679018 -0.178209 2.193750
 33 10.456542 -0.000008 0.000004 -0.088772 -0.076440 -0.938067
 34 24.248116 0.000002 -0.000004 -0.020419 -0.025264 0.710189
 35 26.336975 0.000000 0.000004 -0.335047 0.046506 0.872530
time 104
  0 0.000000 0.000000 0.000000 0.000000 -0.000000 -1.570796
  1 0.000000 0.000000 0.000000 0.000000 -0.000000 0.000000
  2 0.187506 -2.951586 28.062849 -1.570317 0.015515 1.571180
  3 4.222169 -0.467508 0.000000 -0.001949 -0.000668 0.010440
  4 4.476987 -0.000002 -0.000000 0.015327 -0.013331 0.195816
  5 4.477083 0.000000 0.000002 -0.004253 0.028240 -0.056492
  6 4.477077 -0.000004 -0.000002 -0.007040 -0.015726 -0.141077
  7 5.413502 -7.700466 -0.000000 0.000000 -0.076783 0.156195
  8 6.890240 0.000002 -0.000000 0.000384 -0.120570 -0.247398
  9 8.011925 0.000004 0.000005 0.000327 -0.104496 -0.182942
 10 7.210720 -0.000002 -0.000000 0.000357 -0.061775 -0.311510
 11 8.581028 -0.304903 -0.000000 0.002163 0.151442 0.615632
 12 22.523008 2.194031 6.355708 0.000000 -0.034157 0.000000
 13 22.523005 2.194038 -6.355709 0.000000 0.037781 0.000000
 14 -3.006533 7.804720 -11.355459 0.216301 0.193624 0.898707
 15 10.384675 0.000008 0.000005 0.006671 0.190873 -1.806997
 16 22.550743 -0.000006 -0.000004 0.124897 0.013479 1.920389
 17 30.814247 -0.000015 -0.000004 2.636450 0.154518 0.555118
 18 -3.013796 7.815494 11.355459 -0.226245 -0.195953 0.897488
 19 10.374533 -0.000002 0.000007 -0.007714 -0.191004 -1.801007
 20 22.550726 -0.000027 -0.000013 -0.124764 -0.013467 1.913797
 21 30.814270 -0.000023 0.000002 -2.628824 -0.157640 0.556982
 22 -4.250660 -0.770624 0.000001 0.000000 0.000000 2.939875
 23 10.363422 0.000000 0.000000 0.000000 -0.000008 -0.325353
 24 10.363076 0.000000 -0.000000 0.000000 0.000009 0.171609
 25 10.363081 -0.000004 -0.000002 -0.000009 -0.000015 0.437885
 26 8.210358 -0.000006 -7.786025 0.000000 0.000000 0.005639
 27 8.210346 -0.000002 7.704017 0.000000 0.000000 0.005527
 28 1.854841 1.227791 -13.762345 2.681648 0.169454 2.186988
 29 10.456543 -0.000004 0.000004 0.088070 0.076568 -0.947688
 30 24.248093 0.000001 0.000007 0.020679 0.025610 0.717636
 31 26.336971 0.000019 0.000002 0.329886 -0.046402 0.858540
 32 1.854847 1.227798 13.762341 -2.679288 -0.177033 2.192458
 33 10.456542 -0.000008 0.000004 -0.088602 -0.076551 -0.939880
 34 24.248116 0.000002 -0.000004 -0.020470 -0.025312 0.711509
 35 26.336975 0.000000 0.000004 -0.334318 0.047126 0.871852
time 105
  0 0.000000 0.000000 0.000000 0.000000 -0.000000 -1.570796
  1 0.000000 0.000000 0.000000 0.000000 -0.000000 0.000000
  2 0.128910 -2.951586 28.066755 -1.570317 0.016552 1.571180
  3 4.222169 -0.467508 0.000000 -0.002021 -0.000668 0.014427
  4 4.476987 -0.000002 -0.000000 0.015327 -0.013331 0.197281
  5 4.477083 0.000000 0.000002 -0.004313 0.028223 -0.060524
  6 4.477077 -0.000004 -0.000002 -0.006836 -0.015726 -0.145079
  7 5.413502 -7.700466 -0.000000 -0.000080 -0.079943 0.159462
  8 6.890240 0.000002 -0.000000 0.000360 -0.121080 -0.246351
  9 8.011925 0.000004 0.000005 0.000275 -0.104576 -0.179801
 10 7.210720 -0.000002 -0.000000 0.000329 -0.056302 -0.309150
 11 8.581028 -0.304903 -0.000000 0.001956 0.154225 0.604941
 12 22.523008 2.194031 6.355708 0.000000 -0.022792 0.000000
 13 22.523005 2.194038 -6.355709 0.000000 0.025197 0.000000
 14 -3.006533 7.804720 -11.355459 0.216355 0.195072 0.896715
 15 10.384675 0.000008 0.000005 0.006820 0.190894 -1.806220
 16 22.550743 -0.000006 -0.000004 0.124913 0.013450 1.919481
 17 30.814247 -0.000015 -0.000004 2.635970 0.154361 0.556908
 18 -3.013796 7.815494 11.355459 -0.227517 -0.194084 0.895037
 19 10.374533 -0.000002 0.000007 -0.007579 -0.190970 -1.801819
 20 22.550726 -0.000027 -0.000013 -0.124825 -0.013467 1.914665
 21 30.814270 -0.000023 0.000002 -2.628508 -0.161481 0.557651
 22 -4.250660 -0.770624 0.000001 0.000000 0.000000 2.937698
 23 10.363422 0.000000 0.000000 0.000000 -0.000008 -0.327488
 24 10.363076 0.000000 -0.000000 0.000000 0.000009 0.175558
 25 10.363081 -0.000004 -0.000002 -0.000009 -0.000015 0.445993
 26 8.210358 -0.000006 -7.786025 0.000000 0.000000 0.003499
 27 8.210346 -0.000002 7.704017 0.000000 0.000000 0.003594
 28 1.854841 1.227791 -13.762345 2.680988 0.170515 2.187353
 29 10.456543 -0.000004 0.000004 0.088210 0.076426 -0.945691
 30 24.248093 0.000001 0.000007 0.020641 0.025570 0.716215
 31 26.336971 0.000019 0.000002 0.330974 -0.046428 0.859037
 32 1.854847 1.227798 13.762341 -2.679591 -0.175802 2.191123
 33 10.456542 -0.000008 0.000004 -0.088433 -0.076690 -0.941811
 34 24.248116 0.000002 -0.000004 -0.020509 -0.025372 0.712930
 35 26.336975 0.000000 0.000004 -0.333589 0.047716 0.871173
time 106
  0 0.000000 0.000000 0.000000 0.000000 -0.000000 -1.570796
  1 0.000000 0.000000 0.000000 0.000000 -0.000000 0.000000
  2 0.066408 -2.951586 28.070662 -1.570317 0.017549 1.571276
  3 4.222169 -0.467508 0.000000 -0.002057 -0.000668 0.018321
  4 4.476987 -0.000002 -0.000000 0.015327 -0.013331 0.198213
  5 4.477083 0.000000 0.000002 -0.004373 0.028191 -0.064303
  6 4.477077 -0.000004 -0.000002 -0.006621 -0.015726 -0.148988
  7 5.413502 -7.700466 -0.000000 -0.000173 -0.083274 0.162605
  8 6.890240 0.000002 -0.000000 0.000348 -0.121485 -0.245280
  9 8.011925 0.000004 0.000005 0.000183 -0.104368 -0.176790
 10 7.210720 -0.000002 -0.000000 0.000329 -0.050070 -0.307031
 11 8.581028 -0.304903 -0.000000 0.001864 0.156802 0.595618
 12 22.523008 2.194031 6.355708 0.000000 -0.011274 0.000000
 13 22.523005 2.194038 -6.355709 0.000000 0.012463 0.000000
 14 -3.006533 7.804720 -11.355459 0.216464 0.196521 0.894861
 15 10.384675 0.000008 0.000005 0.006970 0.190936 -1.805220
 16 22.550743 -0.000006 -0.000004 0.124913 0.013450 1.918210
 17 30.814247 -0.000015 -0.000004 2.635402 0.154142 0.558591
 18 -3.013796 7.815494 11.355459 -0.228790 -0.192179 0.892586
 19 10.374533 -0.000002 0.000007 -0.007377 -0.190970 -1.802514
 20 22.550726 -0.000027 -0.000013 -0.124866 -0.013467 1.915348
 21 30.814270 -0.000023 0.000002 -2.628333 -0.165249 0.558265
 22 -4.250660 -0.770624 0.000001 0.000000 0.000000 2.935471
 23 10.363422 0.000000 0.000000 0.000000 -0.000008 -0.329644
 24 10.363076 0.000000 -0.000000 0.000000 0.000009 0.179223
 25 10.363081 -0.000004 -0.000002 -0.000009 -0.000015 0.454155
 26 8.210358 -0.000006 -7.786025 0.000000 0.000000 0.001563
 27 8.210346 -0.000002 7.704017 0.000000 0.000000 0.001729
 28 1.854841 1.227791 -13.762345 2.680328 0.171674 2.187840
 29 10.456543 -0.000004 0.000004 0.088367 0.076266 -0.943606
 30 24.248093 0.000001 0.000007 0.020604 0.025549 0.714735
 31 26.336971 0.000019 0.000002 0.332148 -0.046428 0.859589
 32 1.854847 1.227798 13.762341 -2.679963 -0.174516 2.189830
 33 10.456542 -0.000008 0.000004 -0.088229 -0.076801 -0.943900
 34 24.248116 0.000002 -0.000004 -0.020561 -0.025432 0.714504
 35 26.336975 0.000000 0.000004 -0.332732 0.048336 0.870439
end
