# Wavefront OBJ file
# Exported by Maverick Model 3D 1.3.12
# Tue Sep 01 14:19:58 2026


# 2470 Vertices
v -21.828138 371.984375 -107.03125
v -6.937512 384.578125 -76.140625
v -18.359388 392.53125 -109.75
v 41.671864 335.984375 -85.953125
v 35.265614 365.96875 -41.71875
v 26.921864 373.34375 -78.515625
v 4.906238 378.90625 -71.34375
v 14.593738 352.484375 -103.1875
v 41.312489 309.359375 -70.78125
v 43.234364 334.34375 -64.453125
v 47.937489 326.171875 -76.15625
v -9.187512 358.46875 -107.84375
v -15.718762 381.0625 -95.09375
v -13.593763 377.34375 -110.0625
v -101.609383 372.5625 -29.171873
v -91.515633 397.125 -26.015623
v -105.609383 391.65625 -29.687498
v 2.71874 407.484375 14.765625
v -34.734386 416.78125 -9.171874
v -8.328137 403.484375 -54.859375
v -61.593761 399.890625 20.328127
v -64.64064 399.53125 -27.906248
v 11.109363 369.140625 -84.640625
v -57.968761 374.890625 -59.453125
v -4.375011 393.6875 -24.765625
v 56.390614 366.234375 -26.515627
v 11.109363 369.140625 -84.640625
v -4.375011 393.6875 -24.765625
v 15.312491 370.1875 34.609375
v 56.390614 366.234375 -26.515627
v -4.375011 393.6875 -24.765625
v -55.375011 375.53125 14.250002
v 15.312491 370.1875 34.609375
v -4.375011 393.6875 -24.765625
v -57.968761 374.890625 -59.453125
v -55.375011 375.53125 14.250002
v 41.546864 455.296875 21.109373
v 57.812489 402.21875 30.359373
v 83.484367 408.703125 54.453121
v 73.703117 448.125 55.890621
v -42.890636 433.453125 -11.859374
v -76.078133 388.109375 -8.437498
v -105.671883 404.15625 3.765628
v -88.85939 440.90625 -0.624998
v -6.828135 418.09375 24.421875
v -12.09376 412.53125 60.53125
v -52.937508 397.90625 51.96875
v 20.609365 400.71875 66.09375
v -13.218759 389.46875 82.578125
v 30.562487 408.578125 -64.15625
v -43.078136 407.9375 -33.734375
v -20.812511 433.125 -18.9375
v 23.874987 430.9375 -42.0
v 13.859363 453.296875 0.71875
v 82.218742 411.359375 -3.546877
v 30.562487 408.578125 -64.15625
v 23.874987 430.9375 -42.0
v 58.421864 432.78125 -1.500002
v 13.859363 453.296875 0.71875
v 40.499992 412.4375 64.328125
v 82.218742 411.359375 -3.546877
v 58.421864 432.78125 -1.500002
v 28.437489 435.75 38.875
v 13.859363 453.296875 0.71875
v -36.937511 410.328125 45.671875
v 40.499992 412.4375 64.328125
v 28.437489 435.75 38.875
v -15.156261 435.734375 26.046875
v 13.859363 453.296875 0.71875
v -43.078136 407.9375 -33.734375
v -36.937511 410.328125 45.671875
v -15.156261 435.734375 26.046875
v -20.812511 433.125 -18.9375
v 114.859367 308.140625 42.015621
v 107.312492 333.546875 38.343746
v 117.578117 326.59375 47.765621
v -52.343761 441.8125 2.875001
v -43.562511 464.625 -8.015624
v -57.343761 459.890625 -2.546874
v -0.812514 469.84375 -47.71875
v -40.281265 474.953125 -39.40625
v -46.281261 461.5625 6.203126
v -2.578138 409.71875 -92.1875
v -1.203139 450.203125 -88.84375
v 7.062487 459.640625 -42.609375
v -15.65626 421.078125 76.234375
v -20.00001 436.859375 87.046875
v -23.37501 460.09375 74.84375
v -17.40626 444.234375 64.8125
v -23.093761 468.640625 63.53125
v -15.359386 458.421875 40.328125
v 11.484363 452.390625 6.1875
v -3.484386 445.171875 39.15625
v -43.421886 443.3125 20.250002
v 22.93749 424.3125 49.4375
v -15.56251 421.40625 56.703125
v 24.140612 441.828125 -52.3125
v -33.671886 441.890625 -24.75
v -14.859388 466.96875 -13.59375
v 19.984362 464.390625 -34.046875
v 14.031237 486.734375 0.859375
v 68.218735 443.1875 -5.859377
v 24.140612 441.828125 -52.3125
v 19.984362 464.390625 -34.046875
v 49.468739 465.265625 -3.000001
v 14.031237 486.734375 0.859375
v 37.640614 444.0625 50.421875
v 68.218735 443.1875 -5.859377
v 49.468739 465.265625 -3.000001
v 27.156239 468.234375 30.703125
v 14.031237 486.734375 0.859375
v -25.328136 443.265625 38.75
v 37.640614 444.0625 50.421875
v 27.156239 468.234375 30.703125
v -8.375012 469.0 22.28125
v 14.031237 486.734375 0.859375
v -33.671886 441.890625 -24.75
v -25.328136 443.265625 38.75
v -8.375012 469.0 22.28125
v -14.859388 466.96875 -13.59375
v 11.56249 458.25 56.71875
v 13.062489 475.65625 55.25
v 14.765613 492.75 29.9375
v 15.453113 482.09375 4.375
v 72.499985 437.03125 -35.796879
v 70.70311 456.3125 -34.46875
v 53.468739 471.59375 -16.578127
v 37.578114 457.953125 -0.812501
v 50.765614 474.953125 5.015624
v 46.296864 492.0625 2.671874
v 22.921862 502.046875 -5.796875
v 5.828112 486.21875 -11.921875
v -26.859386 459.046875 28.078125
v -22.359386 479.546875 31.890625
v -0.265638 497.90625 17.71875
v 16.546862 485.3125 -1.96875
v -3.953139 462.90625 -46.171875
v -4.015639 484.171875 -44.75
v 4.265611 502.328125 -19.6875
v 11.843737 488.625 4.46875
v 56.453117 285.5 -40.71875
v 79.156242 276.8125 -68.5
v 107.765617 259.828125 -39.359379
v 53.124989 267.140625 -90.125
v 89.187492 252.125 -86.0625
v 25.546865 273.125 -64.765625
v 36.062489 280.765625 -99.3125
v 75.624992 262.921875 -90.859375
v 4.796865 272.671875 -113.34375
v 40.921864 267.15625 -127.765625
v -78.718758 285.640625 101.015625
v -78.375008 306.9375 86.390625
v -85.031258 303.328125 99.375
v -72.796883 324.171875 123.0
v -56.109383 338.21875 109.171875
v -66.796883 341.625 119.15625
v 7.546864 272.359375 -146.421875
v 11.843739 296.296875 -134.8125
v 10.249989 291.5625 -149.671875
v -45.734379 323.625 131.71875
v -48.843758 338.296875 109.3125
v -47.140633 341.859375 124.484375
v -0.718753 253.640625 150.5625
v -8.171879 276.421875 146.9375
v -4.453128 269.0625 158.390625
v 23.093744 342.453125 124.484375
v 20.656242 372.71875 97.453125
v 13.812492 352.109375 54.734375
v 61.562489 257.0 -100.09375
v 6.046866 271.6875 -71.734375
v 57.734367 280.171875 -47.296875
v 105.437492 248.03125 -54.296879
v 61.562489 257.0 -100.09375
v 57.734367 280.171875 -47.296875
v 77.031242 257.203125 2.374998
v 105.437492 248.03125 -54.296879
v 57.734367 280.171875 -47.296875
v 15.609367 271.8125 -8.40625
v 77.031242 257.203125 2.374998
v 57.734367 280.171875 -47.296875
v 6.046866 271.6875 -71.734375
v 15.609367 271.8125 -8.40625
v -21.234381 332.953125 121.1875
v -13.796883 366.515625 99.484375
v 4.499992 351.765625 57.734375
v 63.687489 291.734375 -118.34375
v 44.437489 323.078125 -101.015625
v 11.234365 304.1875 -72.109375
v -13.359384 302.9375 -27.9375
v -31.953135 338.796875 -23.390625
v -79.000008 329.8125 -24.421873
v -57.250008 285.09375 22.437502
v -62.109383 325.40625 20.484377
v -70.296883 335.78125 -25.562498
v -138.531265 231.671875 -71.15625
v -151.781265 244.21875 -75.437492
v -145.39064 268.640625 -76.859367
v -132.937515 255.765625 -71.109375
v -136.812515 279.03125 -75.453125
v -113.484383 274.15625 -66.875
v 112.437492 264.859375 -76.875
v 110.078117 285.671875 -72.875
v 90.296867 299.671875 -51.937504
v 72.562492 282.453125 -37.156254
v -118.750008 310.421875 -63.390621
v -111.890633 330.25 -59.656246
v -81.875008 340.125 -54.374996
v -61.406261 319.890625 -53.4375
v 8.109364 294.953125 -134.71875
v 11.249989 314.890625 -127.84375
v 19.187489 324.609375 -98.359375
v 21.46874 304.3125 -78.0625
v -94.953133 258.09375 -113.265625
v -94.921883 275.59375 -84.21875
v -100.812508 277.90625 -117.90625
v -54.671886 284.0625 -97.6875
v -79.015633 257.890625 -125.4375
v -97.140633 276.578125 -81.328125
v -35.640633 291.421875 -59.375
v -13.15626 275.234375 -101.234375
v -30.15626 254.96875 -106.890625
v -49.390633 225.34375 -119.9375
v -68.062508 260.71875 -105.25
v -21.234385 277.59375 -80.203125
v 0.921866 244.71875 -93.328125
v -133.07814 257.234375 -64.25
v -119.250008 246.8125 -95.171875
v -126.312508 210.34375 -101.265625
v -92.125008 230.453125 -116.828125
v -98.625008 273.1875 -81.65625
v -106.437508 212.984375 -101.140625
v -81.921883 236.546875 -111.15625
v -48.953133 219.53125 -117.546875
v -52.265636 260.0 -104.671875
v -105.265633 252.921875 -88.984375
v -25.453135 240.390625 -119.40625
v -75.515633 223.046875 -120.75
v -61.703136 253.171875 -105.171875
v 56.203114 279.71875 -135.828125
v 16.687489 305.546875 -121.046875
v 27.203114 306.890625 -100.046875
v 15.828114 297.796875 -135.5
v 9.328114 271.625 -148.40625
v -22.015636 300.15625 -106.6875
v -35.296886 284.703125 -119.375
v -43.328136 281.109375 -92.59375
v 18.65624 307.921875 -66.0625
v 6.265614 306.125 -103.546875
v -21.218761 291.640625 -131.046875
v 54.499989 295.5 -107.578125
v 31.203114 287.03125 -133.890625
v 27.203114 306.890625 -100.046875
v 66.046867 273.703125 -137.640625
v 78.328117 280.0625 -86.921875
v 16.687489 305.546875 -121.046875
v -26.500011 291.859375 -121.453125
v 15.828114 297.796875 -135.5
v 65.499992 278.21875 -120.46875
v 43.390614 299.53125 -102.1875
v 74.218742 298.75 -120.96875
v 18.890614 277.9375 -134.84375
v -13.046885 258.53125 -139.359375
v -11.171886 296.140625 -119.4375
v 44.156239 292.75 -113.71875
v 46.734364 256.0625 -133.5
v -143.218765 229.90625 -81.828117
v -134.78125 248.390625 -31.218746
v -133.687515 257.484375 -75.28125
v -112.546883 248.453125 -113.078125
v -123.953133 269.53125 -69.8125
v -113.031258 273.75 -53.140621
v -102.765633 279.65625 -70.765625
v -123.703133 261.75 -28.906246
v -133.515625 240.734375 -22.687496
v -112.218758 244.625 -4.624997
v -77.250008 290.046875 -49.093746
v -140.98439 246.078125 -39.953121
v -95.015633 271.9375 -99.265625
v -122.703133 251.015625 -89.140625
v -62.968761 269.0 -113.3125
v -108.281258 244.1875 -123.078125
v -35.921886 289.859375 -107.65625
v -3.218761 301.0 -98.53125
v -35.796886 312.109375 -109.46875
v 45.249989 297.75 -104.890625
v 89.015617 279.234375 -115.8125
v 71.437492 258.125 -115.859375
v -3.828136 269.59375 -151.125
v -33.484386 283.6875 -122.34375
v -4.625011 291.828125 -125.703125
v 4.046871 285.0 129.171875
v 34.281246 309.671875 98.78125
v 16.390619 309.984375 83.546875
v 40.828121 302.703125 112.140625
v 52.218746 277.203125 122.8125
v 64.374992 303.21875 70.734375
v 81.765617 288.359375 78.0
v 78.718742 283.28125 50.437496
v 10.937493 309.125 48.921875
v 37.031242 309.234375 78.609375
v 73.281242 296.03125 93.875
v -5.64063 299.21875 101.734375
v 26.218746 291.984375 117.234375
v 16.390619 309.984375 83.546875
v -4.218754 279.15625 135.015625
v -35.437504 282.90625 92.875
v 34.281246 309.671875 98.78125
v 74.374992 295.6875 82.96875
v 40.828121 302.703125 112.140625
v 77.687492 292.875 66.71875
v 43.874992 303.765625 70.546875
v 77.984367 315.1875 67.28125
v -78.062508 253.03125 -112.453125
v -106.906258 229.734375 -105.9375
v -101.812508 266.875 -85.6875
v -48.484386 270.5625 -101.421875
v -49.546886 234.921875 -123.15625
v 69.531242 252.234375 -112.125
v 55.906242 284.921875 -67.296875
v 54.281239 292.53125 -107.359375
v 30.171864 299.390625 -103.953125
v 45.093739 270.53125 -135.265625
v 8.531239 292.546875 -146.140625
v 18.906239 305.796875 -111.203125
v 13.468738 314.1875 -148.5
v 1.79687 301.265625 95.515625
v -33.953129 283.6875 123.65625
v -17.484379 262.484375 117.921875
v 90.421867 265.25 90.4375
v 71.015617 291.40625 75.734375
v 96.984367 284.40625 99.84375
v 73.749992 289.046875 76.640625
v 92.562492 264.484375 114.328125
v 84.031242 245.625 96.28125
v 102.703117 265.296875 77.265625
v 82.718742 297.1875 45.171871
v 65.953117 300.703125 61.28125
v 94.734367 287.390625 39.781246
v 100.437492 260.359375 28.359373
v 57.687492 298.296875 11.906248
v 63.296867 282.53125 -5.312502
v 35.140617 284.078125 -5.562501
v 31.687494 307.984375 62.859375
v 63.453117 301.625 40.203125
v 79.390617 286.0 5.234373
v 78.390617 285.421875 84.59375
v 95.437492 275.453125 54.312496
v 65.953117 300.703125 61.28125
v 105.984367 258.0625 85.8125
v 62.515621 271.0 112.390625
v 82.718742 297.1875 45.171871
v 68.921867 288.296875 2.921873
v 94.734367 287.390625 39.781246
v 71.328117 266.703125 113.0625
v 85.953117 271.015625 59.296871
v 65.359367 297.21875 82.84375
v 54.171867 304.140625 61.25
v 38.531246 299.171875 100.90625
v 65.421867 275.21875 120.28125
v 81.265617 287.515625 81.484375
v 55.906246 296.046875 95.453125
v 51.781246 297.96875 119.34375
v 28.406244 309.40625 90.59375
v 47.874996 319.734375 122.3125
v -85.156258 326.546875 72.515625
v -43.640633 339.03125 96.328125
v -32.078133 329.25 78.34375
v -57.828133 340.234375 104.5
v -77.406258 324.875 121.078125
v -18.171881 325.46875 126.34375
v -29.265629 318.796875 146.578125
v -7.468754 301.125 143.890625
v -2.406256 311.578125 72.265625
v -25.640631 329.765625 98.578125
v -40.875004 331.390625 137.125
v -55.578133 324.609375 59.421875
v -68.859383 330.828125 92.484375
v -32.078133 329.25 78.34375
v -93.906258 322.78125 65.75
v -58.531258 301.328125 33.3125
v -43.640633 339.03125 96.328125
v -31.234381 326.25 137.984375
v -57.828133 340.234375 104.5
v 91.343742 267.671875 41.734371
v 83.468742 251.3125 8.765623
v 71.953117 291.171875 18.421873
v 80.890617 282.859375 72.78125
v 93.656242 243.453125 67.5
v 38.031246 282.859375 113.765625
v 69.453117 263.46875 106.4375
v 59.421871 299.96875 86.90625
v 6.32812 296.71875 103.46875
v 12.171871 261.171875 124.578125
v -17.109379 256.390625 114.0625
v -22.546881 286.53125 65.828125
v -5.468755 296.25 101.59375
v 15.281244 302.71875 88.671875
v 14.187496 275.6875 124.796875
v 52.984367 289.5 -2.265626
v 55.218742 298.390625 32.265625
v 58.765617 311.046875 -1.390627
v -78.640633 317.34375 58.468754
v -44.578133 324.75 66.34375
v -72.843758 335.21875 46.437504
v -10.48438 282.75 118.78125
v 2.421869 302.875 92.21875
v -18.593756 303.34375 121.59375
v 78.921867 240.640625 95.171875
v 38.765621 281.25 96.8125
v 77.578117 282.578125 84.265625
v 69.093742 292.40625 62.578125
v 97.499992 257.546875 66.25
v 101.890617 281.34375 29.453123
v 74.046867 298.75 50.093746
v 109.374992 301.6875 34.765621
v 90.828117 252.921875 7.796873
v 41.671867 270.234375 -12.390626
v 68.093742 289.609375 11.937498
v 47.546867 301.203125 21.031248
v 82.796867 286.59375 40.640621
v -17.703129 316.828125 141.359375
v -20.156256 322.4375 106.15625
v -8.156256 336.5625 137.15625
v 99.093742 259.328125 14.874997
v 66.406242 280.859375 -4.484377
v 78.859367 285.265625 22.656248
v -74.531258 324.1875 134.328125
v -32.781254 319.59375 146.34375
v -44.265629 329.25 120.15625
v -46.281254 261.515625 144.1875
v -12.281254 290.75 136.140625
v -23.187506 296.515625 118.34375
v -10.234379 280.3125 146.890625
v -2.093753 254.390625 151.359375
v 22.718746 292.25 120.515625
v 36.484371 276.296875 127.25
v 42.499996 280.421875 102.328125
v -17.359381 306.5625 88.21875
v -3.73438 296.375 120.390625
v 23.859371 278.53125 139.90625
v -47.203129 282.6875 123.1875
v -23.843754 270.15625 143.359375
v -23.187506 296.515625 118.34375
v -54.890629 255.078125 144.65625
v -69.421883 272.640625 101.9375
v -12.281254 290.75 136.140625
v 28.140621 281.5 131.265625
v -10.234379 280.3125 146.890625
v 10.234372 252.796875 152.71875
v 35.046871 274.53125 129.671875
v 8.296871 278.90625 135.890625
v 18.062498 247.328125 146.0625
v 46.812496 266.734375 108.03125
v 20.265621 283.296875 128.859375
v 16.703119 296.421875 109.953125
v -8.609379 280.78125 135.96875
v -87.046883 291.109375 57.171879
v -31.421883 294.125 44.5
v -56.781258 322.0 60.1875
v -40.015633 325.125 78.859375
v -84.265633 318.109375 84.203125
v -48.296883 324.765625 66.125
v -85.265633 316.5 35.421879
v -87.796883 298.125 55.687504
v -65.062508 341.28125 116.359375
v -37.187508 334.03125 90.40625
v -58.390633 360.953125 108.21875
v -68.515633 323.234375 105.8125
v -67.062508 308.21875 140.296875
v -34.531254 329.296875 122.59375
v -56.843758 325.25 71.6875
v -90.828133 305.03125 85.15625
v -2.640628 273.484375 154.6875
v -14.875005 293.296875 127.578125
v -8.203129 291.671875 162.5
v -71.250008 314.421875 141.640625
v -19.968754 295.75 153.6875
v -31.484381 326.015625 128.84375
v -10.546881 320.171875 115.921875
v -49.734383 331.578125 102.671875
v -38.984379 286.0 121.015625
v -77.515625 263.890625 127.6875
v -60.234379 246.421875 121.640625
v -12.000003 262.734375 141.375
v 18.624996 246.625 139.125
v 13.718746 284.734375 131.203125
v -37.203129 279.421875 127.484375
v -36.437504 241.84375 135.71875
v -55.609379 263.421875 130.609375
v -37.531254 288.359375 119.0
v -64.703133 280.84375 136.65625
v 36.109371 283.84375 118.171875
v 4.95312 293.765625 114.265625
v 34.890621 303.03125 125.46875
v -71.625008 212.578125 -105.890625
v -41.500008 234.484375 -98.625
v -77.843758 234.90625 -110.859375
v -54.968758 298.921875 -25.703123
v -81.875008 278.265625 -9.296873
v -40.890633 266.53125 -10.578124
v -29.40626 303.34375 -50.875
v -68.437508 318.265625 -52.203125
v 31.953121 260.75 117.53125
v 54.562496 241.546875 101.203125
v 45.390621 277.125 90.28125
v 3.921871 277.125 118.421875
v 10.046872 242.59375 131.890625
v -17.109381 329.609375 124.890625
v 21.437494 351.53125 102.96875
v 7.859368 353.0625 83.828125
v 23.984369 344.21875 117.453125
v 30.406244 318.03125 130.375
v 56.843742 342.453125 83.015625
v 70.734367 326.359375 94.171875
v 74.078117 321.234375 66.65625
v 10.937491 352.25 48.921875
v 28.968742 350.65625 84.0625
v 59.265617 334.84375 107.5625
v -18.703131 344.25 96.03125
v 7.765619 334.734375 118.75
v 7.859368 353.0625 83.828125
v -26.968756 324.5 128.5
v -46.640633 330.1875 80.0625
v 21.437494 351.53125 102.96875
v 62.953117 334.296875 97.265625
v 23.984369 344.21875 117.453125
v -9.843757 345.625 91.828125
v -52.609383 331.203125 110.28125
v -36.953129 308.703125 108.546875
v 19.328119 324.671875 118.1875
v 49.968746 302.8125 118.5625
v 47.874992 339.78125 97.46875
v -7.750007 340.84375 100.59375
v -9.98438 305.171875 122.203125
v -36.125004 302.5625 104.84375
v -27.312508 332.515625 56.984375
v -18.734381 341.265625 95.921875
v 4.968743 345.96875 88.484375
v -6.968755 319.5 123.03125
v 89.921867 253.09375 90.875
v 106.109367 231.296875 64.734375
v 95.843742 272.15625 58.062496
v 62.281246 273.203125 102.59375
v 70.34375 233.546875 113.09375
v 32.453121 338.71875 127.0625
v 17.718742 351.640625 93.59375
v 29.640619 360.765625 129.171875
v -78.484383 304.296875 88.34375
v -57.640629 291.578125 117.046875
v -42.312508 317.078125 86.484375
v -85.640633 306.5 52.968754
v -104.437508 281.390625 80.609375
v 50.421871 305.96875 125.453125
v 77.968742 308.53125 76.890625
v 54.390617 336.515625 94.953125
v 49.359367 344.0625 71.34375
v 24.218744 340.75 105.96875
v 43.624996 314.984375 131.09375
v 69.343742 325.59375 97.421875
v 42.093742 336.234375 104.875
v -28.812506 328.375 111.25
v -8.296882 347.15625 88.796875
v -35.734383 349.578125 112.171875
v -118.968758 302.5 -51.843746
v -83.796883 302.90625 -45.515621
v -115.296883 317.859375 -36.062496
v -38.265636 306.640625 -63.1875
v -0.671886 304.265625 -94.15625
v -21.390636 290.78125 -106.109375
v -98.203133 324.21875 -101.125
v -120.015633 310.109375 -66.015625
v -91.078133 318.3125 -68.625
v -106.953133 315.21875 -102.5
v -132.32814 285.109375 -62.843746
v -102.781258 313.0625 -59.406246
v -95.718758 299.640625 -39.171871
v -72.656258 319.28125 -69.5625
v -137.01564 300.1875 -68.15625
v -113.265633 308.328125 -25.546871
v -93.421883 304.1875 -37.453121
v -129.593765 306.609375 -25.031246
v -151.593765 286.4375 -23.203121
v -101.968758 288.875 9.484378
v -119.609383 276.609375 20.218754
v -96.250008 261.453125 24.656252
v -61.656258 290.328125 -32.203125
v -96.875008 299.796875 -16.968748
v -127.734383 290.5625 9.187504
v -104.875008 303.328125 -65.75
v -132.32814 300.03125 -42.453121
v -93.421883 304.1875 -37.453121
v -141.062515 297.828125 -78.859375
v -91.875008 287.46875 -94.25
v -113.265633 308.328125 -25.546871
v -118.765633 285.90625 13.437503
v -129.593765 306.609375 -25.031246
v 2.656244 240.203125 4.484375
v -3.625006 273.109375 44.5
v 15.906244 253.0 53.296875
v -81.437508 334.921875 -83.546875
v -63.500011 316.15625 -54.734375
v -73.265633 350.390625 -69.703125
v -23.671886 284.15625 -107.875
v -24.12501 269.484375 -52.65625
v -30.78126 305.4375 -70.78125
v -52.484386 306.6875 -57.84375
v -47.968761 313.25 -102.265625
v -72.078133 317.125 -90.234375
v -107.203133 307.953125 -100.234375
v -95.703133 316.03125 -60.015621
v -41.609386 310.359375 -72.09375
v -48.578136 302.84375 -112.578125
v -68.984383 284.515625 -15.531248
v -60.390633 254.625 -53.6875
v -40.500008 262.03125 -27.093748
v -106.796883 276.6875 20.828129
v -94.187508 291.0625 -9.359372
v -99.875008 297.328125 25.765627
v -123.484383 295.296875 -78.96875
v -98.312508 302.265625 -54.593746
v -116.046883 315.96875 -82.90625
v -154.843765 282.5 -10.624996
v -122.734383 277.234375 18.515629
v -122.796883 292.703125 -7.406247
v -153.5625 271.359375 -4.781246
v -110.703133 253.046875 26.031254
v -114.875008 288.03125 5.437503
v -89.718758 286.890625 3.109377
v -120.187508 299.171875 -24.499996
v -91.859383 270.71875 -57.124996
v -107.218758 251.109375 -99.03125
v -99.484383 230.15625 -83.0625
v -35.656261 319.625 -98.21875
v -67.250008 323.625 -60.375
v -53.468761 308.296875 -49.078125
v -71.734383 330.03125 -74.8125
v -84.640633 323.578125 -101.015625
v -103.515633 308.421875 -46.687496
v -121.125008 308.421875 -63.015621
v -125.265633 285.15625 -47.624996
v -56.156258 282.3125 -25.703123
v -74.500008 310.1875 -46.890621
v -108.093758 322.09375 -68.109375
v -30.09376 307.46875 -68.703125
v -58.406261 322.296875 -85.625
v -53.468761 308.296875 -49.078125
v -27.421886 317.4375 -106.203125
v -6.296885 282.09375 -73.5
v -67.250008 323.625 -60.375
v -111.671883 314.65625 -60.890621
v -71.734383 330.03125 -74.8125
v -24.437511 306.875 -92.234375
v -39.343761 305.609375 -59.78125
v -12.50001 320.28125 -78.984375
v -125.843758 269.875 -89.390625
v -71.812508 279.109375 -73.28125
v -105.812508 300.53125 -66.203125
v -99.937508 299.640625 -41.624996
v -140.01564 289.078125 -59.437496
v -141.42189 304.140625 -18.062496
v -104.093758 305.390625 -28.578123
v -135.250015 325.59375 -17.890621
v -123.078133 256.25 -13.624997
v -94.328133 276.765625 -29.624998
v -130.73439 276.984375 -16.734371
v -106.812508 248.703125 -75.171875
v -89.265633 272.984375 -55.703121
v -113.218758 268.828125 -82.40625
v -111.312508 244.546875 -26.781246
v -105.375008 224.03125 4.218753
v -94.312508 265.046875 0.828128
v -99.078133 263.953125 -54.671871
v -111.093758 223.96875 -55.624996
v -120.750008 232.53125 -1.921872
v -90.125008 251.84375 22.515627
v -100.734383 259.625 -4.656247
v -94.343758 225.15625 -82.25
v -55.312508 266.3125 -75.46875
v -94.937508 265.265625 -65.8125
v -88.296883 272.25 -42.421871
v -115.406258 237.703125 -52.812496
v -101.484383 302.125 -56.531246
v -118.875008 300.09375 -102.03125
v -127.015633 277.0 -89.59375
v -76.828133 260.9375 22.484377
v -76.828133 274.34375 -10.640623
v -83.125008 282.296875 24.031252
v -136.67189 289.296875 -32.406246
v -148.234375 265.96875 -5.218746
v -115.328133 292.65625 -0.703122
v -111.562508 300.6875 -55.718746
v -144.000015 275.859375 -64.374992
v -44.953136 254.59375 -125.265625
v -55.531261 277.359375 -101.453125
v -46.968761 273.703125 -135.15625
v -74.843758 292.6875 -63.687496
v -108.187508 277.625 -72.59375
v -95.250008 283.703125 -32.453121
v -42.265633 290.4375 -48.3125
v -50.906261 285.859375 -88.90625
v -112.843758 225.375 4.843753
v -65.765633 240.6875 30.781252
v -90.875008 262.6875 7.312502
v -70.062508 275.765625 1.406252
v -103.390633 263.296875 -22.546873
v 67.406242 291.890625 -64.9375
v 71.937492 290.71875 -34.187504
v 97.249992 284.03125 -57.718754
v 66.671867 278.8125 -91.734375
v 39.562489 285.640625 -71.515625
v 23.43749 293.21875 -69.6875
v 41.187492 287.546875 -44.78125
v 53.484364 287.15625 -77.75
v 11.06249 284.609375 -95.421875
v -4.328135 285.5 -64.5625
v 82.734367 288.4375 -22.109377
v 51.765617 286.578125 -24.218752
v 69.999992 274.578125 3.390623
v 109.593742 275.59375 -20.078129
v 94.937492 288.078125 -48.718754
v 18.65624 311.34375 -66.0625
v 31.37499 297.625 -41.21875
v 48.468739 302.09375 -71.65625
v 9.34374 310.59375 -94.390625
v -10.359385 307.546875 -66.234375
v -105.578133 306.359375 -5.374997
v -79.671883 287.5625 20.453127
v -74.421883 307.546875 0.937502
v 128.359375 249.78125 -28.218754
v 107.171867 276.625 -63.953129
v 91.874992 283.734375 -47.578129
v 118.343742 265.4375 -68.359375
v 122.093742 236.578125 -75.21875
v 79.671867 273.25 -95.03125
v 83.296867 254.46875 -109.5625
v 55.296864 257.421875 -108.09375
v 58.140617 292.9375 -44.890625
v 87.765617 281.125 -68.25
v 100.296867 258.890625 -100.953125
v 105.499992 272.09375 -22.859377
v 119.718742 256.15625 -52.031254
v 91.874992 283.734375 -47.578129
v 132.03125 243.96875 -18.781254
v 91.296867 263.53125 8.093747
v 107.171867 276.625 -63.953129
v 89.781242 261.28125 -102.875
v 118.343742 265.4375 -68.359375
v -85.750008 313.703125 -22.906248
v -103.359383 289.015625 -4.562497
v -68.156258 304.21875 7.187502
v -58.500011 323.921875 -40.46875
v -92.562508 311.25 -55.484371
v -68.593758 327.46875 -63.21875
v -46.140636 322.125 -38.734375
v -57.218761 345.03125 -61.28125
v -88.234383 324.34375 -6.218748
v -52.953133 319.8125 -14.515624
v -78.203133 341.859375 -0.421873
v -107.187508 294.84375 -2.906247
v -74.250008 261.71875 21.343752
v -69.187508 298.546875 11.578127
v -46.218758 292.578125 9.781251
v -69.281258 316.859375 -12.812498
v -75.109383 308.09375 -79.234375
v -25.109385 300.4375 -60.953125
v -52.406261 325.09375 -49.859375
v -49.250008 317.0 -27.703123
v -86.625008 320.84375 -47.515621
v 73.531242 262.40625 -107.078125
v 78.812492 277.0 -74.890625
v 80.187492 283.4375 -110.40625
v 117.156242 252.640625 -14.406253
v 97.687492 276.828125 -32.109379
v 125.171867 272.765625 -9.015629
v -48.921886 323.1875 -40.59375
v -61.500011 336.3125 -82.75
v -74.703133 314.6875 -77.625
v 119.640617 233.296875 -88.15625
v 86.390617 252.828125 -108.671875
v 101.109367 261.1875 -83.6875
v -65.390633 283.0 22.796877
v -48.421883 300.296875 -0.546874
v -55.234383 298.484375 32.71875
v 100.390617 274.53125 -30.984377
v 121.140617 255.90625 9.031247
v 110.499992 234.671875 -4.765628
v -80.875008 332.109375 -52.499996
v -61.000008 323.671875 -11.234373
v -42.703133 318.578125 -22.593748
v -76.328133 325.609375 -11.609373
v -100.750008 312.203125 -15.671872
v -57.546883 295.46875 15.765627
v -77.078133 285.890625 21.906252
v -59.187508 266.296875 22.593752
v -16.890633 298.078125 -20.625
v -48.453133 310.453125 -5.249999
v -80.750008 302.6875 15.296877
v -51.015636 327.234375 -48.71875
v -78.750008 324.671875 -29.140623
v -42.703133 318.578125 -22.593748
v -84.171883 333.546875 -62.890621
v -40.000011 317.34375 -78.28125
v -61.000008 323.671875 -11.234373
v -73.859383 295.578125 18.171877
v -76.328133 325.609375 -11.609373
v 124.421867 257.328125 -77.9375
v 98.984367 279.453125 -58.765629
v 133.07811 277.859375 -76.84375
v 114.359367 246.546875 -62.718754
v 103.281242 225.15625 -91.65625
v 94.124992 266.640625 -88.390625
v 106.968742 267.40625 -34.171879
v 117.734367 227.0625 -33.328129
v 110.609367 226.203125 -93.40625
v 60.734367 242.28125 -112.828125
v 89.703117 264.171875 -94.203125
v 70.390617 278.21875 -85.875
v 106.484367 265.40625 -66.53125
v 105.124992 229.84375 -4.609378
v 66.828117 272.15625 -7.343752
v 104.562492 269.28125 -22.625002
v 94.765617 275.640625 -45.046879
v 122.015617 240.515625 -37.296879
v 134.890625 198.140625 70.125
v 121.093742 221.15625 72.71875
v 136.34375 217.71875 71.296875
v 129.703125 163.328125 75.390625
v 122.984375 189.34375 77.734375
v 136.65625 181.640625 77.234375
v -87.265625 166.203125 88.03125
v -84.296875 191.5625 79.40625
v -91.0625 185.09375 91.984375
v 73.499992 219.46875 -61.046879
v 16.218742 231.515625 -35.03125
v 65.859367 233.359375 -5.484377
v 112.984367 200.828125 -14.203128
v 73.499992 219.46875 -61.046879
v 65.859367 233.359375 -5.484377
v 80.124992 201.34375 40.765621
v 112.984367 200.828125 -14.203128
v 65.859367 233.359375 -5.484377
v 20.312494 220.3125 27.890625
v 80.124992 201.34375 40.765621
v 65.859367 233.359375 -5.484377
v 16.218742 231.515625 -35.03125
v 20.312494 220.3125 27.890625
v 112.5 192.03125 107.546875
v 122.15625 209.828125 114.21875
v 110.03125 235.203125 108.28125
v 101.859375 217.078125 100.40625
v 99.531242 244.21875 101.5
v 79.515617 231.703125 85.0
v 59.515621 220.15625 64.890625
v 32.718746 229.15625 41.125
v 59.140621 217.71875 7.546874
v 6.953121 216.203125 61.3125
v 10.48437 216.296875 22.1875
v 57.156246 232.71875 37.734375
v 43.937496 234.296875 72.171875
v 9.062496 210.21875 59.546875
v 75.578117 230.859375 87.21875
v 40.718746 216.9375 98.75
v 71.281242 213.921875 15.937498
v 11.51562 204.46875 36.953125
v 52.765621 230.234375 68.1875
v 109.624992 219.171875 66.984375
v 71.281242 213.921875 15.937498
v 52.765621 230.234375 68.1875
v 73.546875 212.96875 119.53125
v 109.624992 219.171875 66.984375
v 52.765621 230.234375 68.1875
v 12.921872 203.890625 100.984375
v 73.546875 212.96875 119.53125
v 52.765621 230.234375 68.1875
v 11.51562 204.46875 36.953125
v 12.921872 203.890625 100.984375
v 92.031242 217.484375 9.624997
v 35.453121 229.84375 36.984375
v 85.640617 230.234375 65.625
v 132.078125 197.171875 55.296871
v 92.031242 217.484375 9.624997
v 85.640617 230.234375 65.625
v 100.25 196.96875 110.875
v 132.078125 197.171875 55.296871
v 85.640617 230.234375 65.625
v 40.531246 217.171875 99.546875
v 100.25 196.96875 110.875
v 85.640617 230.234375 65.625
v 35.453121 229.84375 36.984375
v 40.531246 217.171875 99.546875
v 35.515621 222.984375 21.4375
v 56.921871 241.59375 45.078125
v 30.140621 229.625 78.1875
v 86.953117 232.078125 29.359373
v 79.234367 237.421875 67.5
v -7.484381 223.59375 4.453125
v -43.156258 230.125 -48.34375
v -63.421883 238.0625 5.187502
v -46.718754 210.546875 53.359375
v -7.484381 223.59375 4.453125
v -63.421883 238.0625 5.187502
v -106.640633 209.0 30.812502
v -46.718754 210.546875 53.359375
v -63.421883 238.0625 5.187502
v -104.437508 221.09375 -32.046871
v -106.640633 209.0 30.812502
v -63.421883 238.0625 5.187502
v -43.156258 230.125 -48.34375
v -104.437508 221.09375 -32.046871
v -53.312508 197.6875 -78.140625
v -111.140633 197.71875 -50.578121
v -63.421883 217.90625 -24.953123
v -9.234381 198.53125 -31.671875
v -53.312508 197.6875 -78.140625
v -63.421883 217.90625 -24.953123
v -39.812504 199.09375 24.593752
v -9.234381 198.53125 -31.671875
v -63.421883 217.90625 -24.953123
v -102.781258 198.59375 12.921878
v -39.812504 199.09375 24.593752
v -63.421883 217.90625 -24.953123
v -111.140633 197.71875 -50.578121
v -102.781258 198.59375 12.921878
v -23.234385 219.046875 -146.109375
v -23.203135 236.53125 -117.0625
v -29.109385 238.859375 -150.734375
v -61.359383 218.1875 -97.078125
v -47.546883 207.765625 -128.0
v -54.593758 171.28125 -134.09375
v -20.40626 191.40625 -149.65625
v -26.90626 234.140625 -114.484375
v 17.046865 245.015625 -130.515625
v -7.296885 218.84375 -158.265625
v -25.421885 237.515625 -114.171875
v 36.078117 252.375 -92.203125
v 58.562489 236.171875 -134.0625
v 41.562492 215.921875 -139.734375
v 22.328115 186.296875 -152.78125
v 3.65624 221.671875 -138.09375
v 50.484367 238.546875 -113.046875
v 72.640617 205.671875 -126.15625
v 31.87499 204.265625 -161.65625
v -19.00001 214.09375 -142.140625
v 23.421865 228.5 -146.3125
v 64.796867 222.390625 -131.859375
v 18.21874 238.828125 -134.65625
v 3.078115 239.921875 -121.09375
v 21.31249 247.03125 -112.84375
v -21.046885 226.0 -129.4375
v -26.328135 205.34375 -140.5
v -41.218758 204.96875 -116.5625
v 2.796866 252.25 -83.53125
v -11.109385 213.46875 -149.71875
v 51.343742 242.265625 -110.109375
v 39.437489 222.84375 -138.1875
v 70.374992 238.21875 -80.875
v 75.734367 219.0625 -129.546875
v -1.218756 204.5 -18.75
v -11.250008 243.296875 -44.828125
v -17.125008 222.046875 -60.28125
v -71.500008 190.859375 -114.671875
v -63.062508 209.34375 -64.046875
v -61.968758 218.421875 -108.109375
v -40.828133 209.40625 -145.90625
v -52.250008 230.484375 -102.640625
v -41.312508 234.703125 -85.96875
v -31.046885 240.609375 -103.609375
v -51.984383 222.703125 -61.734375
v -61.796883 201.6875 -55.515625
v -40.500008 205.5625 -37.453125
v -5.531259 251.0 -81.921875
v -69.265633 207.03125 -72.796875
v -23.296885 232.890625 -132.109375
v -50.984383 211.953125 -121.96875
v 8.74999 229.953125 -146.140625
v -36.562511 205.140625 -155.90625
v -34.718758 173.9375 -133.96875
v -10.203135 197.5 -143.984375
v 22.765615 180.484375 -150.390625
v 19.453115 220.953125 -137.515625
v -33.546883 213.875 -121.828125
v -6.34376 213.984375 -145.28125
v -35.203133 190.6875 -138.765625
v -30.09376 227.828125 -118.53125
v 23.234365 231.515625 -134.25
v 22.171865 195.875 -155.984375
v -86.718758 175.765625 -62.468746
v -99.343758 192.890625 -27.624998
v -84.546883 205.265625 -29.718748
v -104.718758 180.953125 -31.124998
v -101.375008 156.546875 -29.828123
v -96.703133 189.28125 6.437502
v -100.046883 170.90625 13.046878
v -83.484383 179.5 26.953127
v -65.890633 220.125 -13.343748
v -91.156258 199.546875 -14.531247
v -107.468758 172.5625 -1.187497
v -77.328133 198.9375 -53.015621
v -94.890633 177.203125 -42.562496
v -84.546883 205.265625 -29.718748
v -82.625008 172.625 -70.609375
v -51.406258 202.3125 -65.515625
v -99.343758 192.890625 -27.624998
v -102.828133 176.21875 5.656253
v -104.718758 180.953125 -31.124998
v -116.343758 164.5 19.359379
v -109.40625 152.390625 47.156254
v -97.906258 183.859375 36.390629
v -108.171883 174.546875 -7.515622
v -120.859383 143.296875 -0.312497
v -60.921883 193.453125 -114.671875
v -74.390633 183.859375 -88.328125
v -54.921883 213.109375 -90.515625
v -36.625008 200.015625 -130.6875
v -54.765633 170.703125 -132.015625
v -95.437508 179.625 16.906252
v -87.718758 196.828125 -5.749998
v -107.484383 193.546875 16.312504
v -74.406258 236.625 55.171879
v -62.437504 222.5 80.15625
v -42.734379 237.96875 55.4375
v -77.796883 238.953125 25.625002
v -100.000008 224.515625 47.734379
v -78.890633 200.078125 -45.078121
v -66.484383 190.28125 -82.09375
v -60.187508 173.25 -68.53125
v -110.437508 171.3125 -28.546871
v -92.843758 197.96875 -26.515623
v -121.406258 185.421875 -33.031246
v -93.843758 168.609375 -33.328121
v -94.468758 148.171875 -9.921872
v -100.156258 182.609375 -5.624997
v -82.171883 192.5 -46.781246
v -75.828133 159.515625 -54.499996
v -100.015633 147.015625 -12.624997
v -84.359375 165.6875 26.531252
v -99.531258 180.375 0.296878
v -88.296883 197.125 5.687502
v -96.734383 183.890625 -26.062498
v -55.421883 170.75 -65.984375
v -46.765633 210.71875 -42.53125
v -75.781258 197.03125 -52.781246
v -82.593758 199.0 -33.156246
v -84.421883 168.015625 -53.718746
v -74.296883 183.4375 -65.234375
v -78.515633 202.171875 -42.859371
v -82.703133 198.3125 -72.125
v -105.093758 151.671875 -20.437498
v -100.968758 169.1875 10.796878
v -100.406258 178.0 -12.499997
v 26.765615 215.546875 -158.09375
v 16.18749 238.296875 -134.28125
v 24.749989 234.640625 -168.0
v 46.265617 201.34375 -152.25
v -3.796884 183.984375 -153.578125
v 10.015615 214.125 -138.0
v 132.734375 191.953125 21.734371
v 113.921867 219.765625 13.390622
v 145.859375 209.09375 22.796871
v 124.859367 203.921875 -27.765629
v 99.296867 226.171875 -26.562502
v 133.203125 223.171875 -30.656254
v 87.437492 211.015625 -78.265625
v 82.046867 229.8125 -45.750004
v 96.562492 232.703125 -81.140625
v 123.25 176.65625 38.828121
v 124.906242 165.90625 -13.046879
v 113.859367 196.3125 4.093747
v 80.718742 243.953125 -5.234377
v 89.093742 231.9375 -39.921879
v 49.828117 243.375 -27.984377
v 63.046867 240.34375 26.046873
v 102.749992 229.71875 18.593748
v 79.062492 216.734375 -67.71875
v 106.749992 199.265625 -54.156254
v 106.953117 163.5 -65.890625
v 123.421867 175.96875 -28.625004
v 96.609367 224.78125 -30.687502
v 92.328117 188.234375 -80.765625
v 45.187492 214.21875 -72.03125
v 89.968742 215.078125 -67.8125
v 124.187492 196.8125 -46.515629
v 86.015617 226.5625 -56.765629
v 69.640617 232.265625 -46.078125
v 87.296867 233.5625 -34.359379
v 44.468742 226.25 -59.328125
v 35.406242 208.125 -72.1875
v 16.890617 212.40625 -51.359375
v 66.062492 244.296875 -8.593752
v 53.781242 211.203125 -78.109375
v 113.468742 219.9375 -26.531254
v 101.765617 204.875 -57.250004
v 124.640617 210.46875 5.390622
v 133.0 190.3125 -42.453129
v 58.4375 188.078125 144.71875
v 58.828121 218.375 128.015625
v 62.484375 203.40625 159.40625
v 39.03125 173.15625 140.53125
v 87.5625 165.046875 120.828125
v 67.421875 195.625 121.296875
v 101.0625 203.515625 120.203125
v 90.0625 228.625 100.25
v 106.890625 221.734375 129.296875
v 133.21875 217.765625 67.640625
v 101.093742 235.328125 77.625
v 139.34375 238.296875 77.765625
v 55.546875 175.546875 145.609375
v 96.046875 199.328125 116.265625
v 56.75 204.34375 137.59375
v 13.406248 195.84375 135.0625
v 57.015621 218.421875 129.140625
v 66.5625 226.09375 112.859375
v 46.203121 232.109375 113.390625
v 92.90625 214.640625 108.359375
v 102.921875 192.859375 109.640625
v 108.796875 202.21875 83.703125
v 53.281246 248.9375 83.46875
v 91.265625 195.125 125.1875
v 17.390623 223.3125 118.34375
v 39.3125 198.71875 133.25
v -10.156254 224.984375 96.625
v 2.546874 191.53125 135.140625
v 85.25 196.109375 122.828125
v 111.578125 181.140625 100.484375
v 97.578125 221.1875 96.53125
v 52.640621 210.8125 127.796875
v 63.265625 171.03125 134.796875
v 63.171871 247.375 93.734375
v 98.437492 236.28125 86.578125
v 72.265617 251.765625 56.718746
v 27.499996 244.28125 89.046875
v 49.703121 229.328125 121.09375
v -137.359375 189.03125 13.171879
v -116.531258 216.65625 13.703128
v -149.9375 206.453125 15.375004
v 111.312492 226.890625 14.999997
v 135.71875 199.515625 -11.515629
v 96.781242 227.9375 -28.765627
v 73.656242 238.46875 33.203121
v 110.546867 212.3125 55.015621
v 105.968742 163.5625 -45.875004
v 118.218742 181.609375 -17.937504
v 119.421867 159.640625 12.609372
v 113.906242 201.859375 14.374997
v 100.796867 204.546875 -39.718754
v 133.953125 179.671875 25.390621
v 119.828117 199.265625 -24.437504
v 123.593742 207.125 19.718746
v 105.609375 198.46875 59.187496
v 114.249992 219.96875 15.484372
v 102.093742 225.390625 0.062497
v 94.015617 231.46875 18.734373
v 109.531242 213.40625 -25.359379
v 117.218742 191.953125 -32.968754
v 94.609367 197.78125 -48.781254
v 67.312492 244.15625 -0.109377
v 126.656242 196.28125 -16.390629
v 88.499992 223.453125 47.687496
v 113.578117 201.015625 34.437496
v 57.828121 222.28125 64.71875
v 102.015625 194.21875 69.46875
v 38.28125 191.390625 132.90625
v 62.625 162.984375 128.734375
v 72.9375 203.765625 122.015625
v 19.421873 219.09375 119.453125
v 5.156249 180.5 126.65625
v 56.328121 225.65625 127.1875
v 90.25 196.953125 135.765625
v 91.109375 230.78125 97.328125
v 24.999996 240.765625 101.234375
v 19.140623 209.1875 139.8125
v 129.5 162.140625 74.34375
v 123.296875 195.734375 83.796875
v 107.75 197.234375 118.046875
v 100.890625 226.59375 87.9375
v 120.484367 193.171875 47.890621
v 110.5625 166.765625 90.671875
v 89.46875 181.6875 114.921875
v 61.78125 158.15625 124.765625
v 57.953121 200.578125 126.0
v 102.8125 207.6875 93.71875
v -78.859383 240.734375 19.656252
v -76.046883 230.59375 55.796879
v -42.390629 240.359375 31.562502
v -72.000008 235.171875 -15.359373
v -107.453133 226.03125 4.734378
v 137.453125 194.71875 68.140625
v 111.187492 225.765625 31.796871
v 124.546867 220.9375 74.5
v 118.109375 197.53125 111.484375
v 112.796867 232.21875 76.625
v 96.609367 239.296875 66.46875
v 92.609367 237.8125 87.265625
v 99.156242 237.09375 37.593746
v 107.562492 220.90625 21.984371
v 81.203117 226.296875 13.578123
v 60.640621 249.671875 79.109375
v 120.109367 222.03125 36.953121
v 95.484375 220.703125 112.390625
v 119.359375 208.828125 87.96875
v 70.359375 208.28125 133.53125
v 117.765625 189.8125 120.25
v -114.140633 203.0625 57.000004
v -90.000008 224.5 46.656254
v -120.921883 222.65625 61.312504
v -62.656254 211.4375 92.75
v -67.546883 228.53125 59.21875
v -70.140625 233.484375 97.171875
v -114.484383 223.609375 10.984378
v -129.640625 198.203125 45.218754
v -86.890633 226.296875 47.843754
v -84.343758 233.28125 -18.718748
v -126.515633 207.171875 -26.421871
v -139.8125 176.609375 10.734379
v -110.484383 198.109375 52.500004
v -127.859383 204.015625 11.406254
v -123.312508 193.015625 -31.187496
v -117.515633 216.765625 11.796878
v -101.046883 222.5625 22.328127
v -99.187508 227.515625 1.765628
v -100.250008 211.96875 49.390629
v -105.390625 191.140625 60.156254
v -78.890625 197.046875 67.734375
v -67.765633 240.328125 10.578127
v -119.531258 194.953125 47.171879
v -103.171883 218.03125 -26.984373
v -123.062508 196.9375 -5.359372
v -79.421883 215.203125 -52.687496
v -123.203133 188.1875 -41.828121
v -3.140634 253.625 -96.515625
v -36.468758 238.578125 -105.421875
v -23.531258 244.640625 -65.28125
v 29.453115 251.390625 -81.140625
v 20.81249 246.8125 -121.734375
v -57.953129 216.421875 79.796875
v -88.71875 199.140625 76.5625
v -85.640625 163.96875 89.671875
v -112.859375 175.140625 58.843754
v -86.171883 223.21875 49.781254
v -123.703133 189.609375 -6.062497
v -125.515633 162.1875 19.671879
v -113.781258 202.109375 28.828129
v -105.015633 214.109375 -24.874998
v -116.625008 176.234375 -38.093746
v -116.609383 195.28125 41.343754
v -98.703125 178.703125 70.0
v -87.984383 217.015625 54.750004
v -116.953133 208.828125 7.859378
v -130.390625 171.03125 19.484379
v -62.265629 187.609375 88.296875
v -24.468754 213.171875 73.40625
v -67.671875 204.328125 89.34375
v -107.6875 196.8125 74.9375
v -68.296875 215.078125 83.40625
v -67.890633 225.921875 71.078125
v -55.625004 230.65625 55.515625
v -76.078133 231.90625 49.875004
v -27.640629 224.5625 60.484375
v -15.203129 206.796875 70.8125
v -4.156254 209.578125 45.015625
v -63.906258 240.828125 18.234377
v -30.765629 210.671875 82.015625
v -103.546883 218.671875 51.390629
v -82.9375 204.734375 77.640625
v -124.312508 208.046875 25.156254
v -117.421875 190.390625 74.1875
v -133.921875 172.671875 -5.187496
v -119.296875 164.40625 45.062504
v -113.828133 193.671875 23.734379
v -18.453135 363.078125 -12.781249
v -52.781261 372.65625 -22.406248
v -44.468761 359.546875 -63.828125
v -67.156258 361.125 7.593752
v -81.484383 360.328125 -28.968748
v 26.999989 351.1875 -77.6875
v -42.078136 356.9375 -52.5
v 11.515615 375.734375 -17.8125
v 72.296867 348.28125 -19.546877
v 26.999989 351.1875 -77.6875
v 11.515615 375.734375 -17.8125
v 31.203117 352.234375 41.5625
v 72.296867 348.28125 -19.546877
v 11.515615 375.734375 -17.8125
v -39.468758 357.59375 21.203127
v 31.203117 352.234375 41.5625
v 11.515615 375.734375 -17.8125
v -42.078136 356.9375 -52.5
v -39.468758 357.59375 21.203127
v 98.187492 339.296875 -15.640628
v 43.328114 359.4375 -41.859375
v 59.171864 371.3125 12.359373
v 90.453117 338.0625 47.937496
v 98.187492 339.296875 -15.640628
v 59.171864 371.3125 12.359373
v 30.828117 357.453125 61.0
v 90.453117 338.0625 47.937496
v 59.171864 371.3125 12.359373
v 1.703115 370.65625 5.5
v 30.828117 357.453125 61.0
v 59.171864 371.3125 12.359373
v 43.328114 359.4375 -41.859375
v 1.703115 370.65625 5.5
v 93.859367 331.5625 8.437497
v 36.874989 344.453125 -17.843752
v 48.093742 349.796875 38.515625
v 84.484367 317.9375 70.3125
v 93.859367 331.5625 8.437497
v 48.093742 349.796875 38.515625
v 21.718744 322.40625 82.265625
v 84.484367 317.9375 70.3125
v 48.093742 349.796875 38.515625
v -7.703133 338.796875 27.78125
v 21.718744 322.40625 82.265625
v 48.093742 349.796875 38.515625
v 36.874989 344.453125 -17.843752
v -7.703133 338.796875 27.78125
v -1.062508 335.734375 52.46875
v 34.437492 341.375 44.015625
v 46.249992 320.375 81.09375
v 29.796865 335.640625 9.593749
v 60.296867 326.546875 32.625
v -31.00001 368.375 -2.484374
v -67.796883 365.65625 -3.796873
v -65.031258 353.390625 -46.203125
v -70.500008 352.0 28.531252
v -91.500008 344.296875 -3.749998
v -37.218761 360.9375 -59.15625
v -91.359383 347.296875 -32.203121
v -77.906258 369.8125 -20.859373
v -44.859386 376.25 -40.890625
v -53.953136 390.515625 -6.499999
v 4.65624 370.3125 -14.390625
v -37.218761 360.9375 -59.15625
v -44.859386 376.25 -40.890625
v -16.859386 382.515625 -10.984375
v -53.953136 390.515625 -6.499999
v -23.609385 362.484375 40.234375
v 4.65624 370.3125 -14.390625
v -16.859386 382.515625 -10.984375
v -37.984386 378.75 21.828127
v -53.953136 390.515625 -6.499999
v -82.953133 348.25 29.234377
v -23.609385 362.484375 40.234375
v -37.984386 378.75 21.828127
v -71.703133 371.6875 13.875002
v -53.953136 390.515625 -6.499999
v -91.359383 347.296875 -32.203121
v -82.953133 348.25 29.234377
v -71.703133 371.6875 13.875002
v -77.906258 369.8125 -20.859373
v 45.859364 338.265625 -62.390625
v 46.171864 359.90625 -40.0625
v 68.031242 332.328125 -40.546875
v 42.109364 310.078125 -71.375
v 19.046864 335.625 -73.84375
v -95.750008 384.171875 24.843752
v -85.593758 394.9375 22.203127
v -100.640633 370.953125 -13.124997
v -98.703133 357.40625 29.812502
v -95.750008 384.171875 24.843752
v -72.718758 380.125 58.750004
v -68.484383 399.5625 28.046877
v -70.453133 402.546875 8.937502
v -63.250008 391.6875 52.921875
v -67.171883 373.875 65.21875
v -41.656258 377.578125 66.546875
v -39.859386 412.203125 9.890626
v -82.031258 377.640625 55.953129
v -80.187508 392.328125 -15.187498
v -95.171883 376.234375 9.562503
v -64.14064 386.078125 -42.34375
v -102.921883 365.84375 -22.249998
v -58.343758 381.546875 64.109375
v -60.781261 395.859375 34.796875
v -65.500008 400.4375 67.203125
v -89.312508 374.453125 -24.578123
v -74.093758 396.59375 -5.906248
v -96.875008 392.765625 -29.578123
v -76.375008 394.421875 -7.249998
v -90.937508 378.125 -46.171871
v -81.703133 358.578125 -33.328121
v -97.531258 354.046875 41.718754
v -69.843758 372.296875 64.0625
v -81.281258 380.328125 40.234379
v -101.843758 376.203125 32.734379
v -77.781258 398.0 18.343752
v -110.406258 394.734375 31.609379
v -90.906258 367.25 19.468752
v -82.640633 347.03125 46.125004
v -75.562508 385.390625 45.343754
v -82.375008 387.578125 -5.171873
v -90.593758 350.359375 -8.234372
v -89.515633 347.671875 47.093754
v -46.468758 363.375 69.859375
v -71.968758 383.078125 50.953129
v -54.171883 396.875 45.59375
v -84.796883 384.625 24.250002
v -76.609383 354.359375 -33.124996
v -43.578136 394.25 -25.765623
v -79.203133 389.78125 -15.406248
v -72.562508 395.140625 6.109377
v -95.343758 362.375 -4.578123
v 39.578114 445.75 51.421875
v 68.734367 422.421875 46.328125
v 58.234364 453.15625 18.687498
v 7.562489 459.078125 41.21875
v 14.171865 430.046875 70.5625
v 19.062489 472.265625 44.203125
v 55.468739 466.109375 36.609375
v 28.406237 483.78125 8.781249
v -16.015636 466.5 37.734375
v 6.984365 448.578125 67.6875
v -44.484386 447.59375 23.718752
v -48.703136 431.40625 57.5
v -13.140635 451.6875 45.53125
v -27.843761 450.203125 -8.249999
v -64.187515 430.984375 -0.656248
v -18.796886 471.03125 35.53125
v 10.09374 458.1875 56.046875
v 15.015613 479.0625 19.171875
v -38.406261 471.265625 5.171876
v -47.609386 450.953125 40.546875
v 69.874992 331.0625 82.28125
v 37.109367 344.59375 77.859375
v 71.765617 353.28125 83.078125
v -28.046883 363.484375 72.859375
v -25.703133 376.4375 63.046875
v -64.953133 347.625 54.328125
v -22.703133 334.1875 75.703125
v -28.046883 363.484375 72.859375
v 16.890617 362.921875 70.53125
v -11.015634 383.859375 51.046875
v -30.171885 386.40625 42.234375
v 15.796866 376.578125 59.625
v 26.593742 357.046875 68.46875
v 41.921867 364.484375 46.0
v -12.84376 400.953125 15.453125
v 9.249992 358.9375 77.296875
v -57.203133 373.46875 36.390625
v -41.234383 354.59375 62.78125
v -72.828133 368.21875 5.390627
v -74.265633 341.578125 50.703129
v 29.874992 366.5 60.453125
v -0.062509 381.03125 47.390625
v 27.015617 386.09375 70.75
v -69.500008 352.65625 37.65625
v -45.500008 379.109375 36.5
v -80.062508 371.390625 43.640629
v -47.843758 376.4375 37.625
v -90.843758 355.9375 27.171877
v -71.921883 336.28125 24.000002
v -10.671882 330.96875 81.09375
v 24.156242 354.953125 70.125
v -5.203133 361.59375 67.890625
v -23.437508 354.21875 82.203125
v -25.15626 380.703125 53.921875
v -30.968758 373.125 91.34375
v -28.796883 345.65625 63.578125
v 2.484368 325.453125 69.140625
v 2.343742 367.953125 66.03125
v -48.703133 368.265625 43.671875
v -52.890633 326.765625 45.734375
v -0.562507 325.25 76.109375
v 43.562492 348.53125 50.90625
v 9.796867 366.046875 65.6875
v 13.656241 383.25 47.5625
v -22.421883 365.40625 62.4375
v -68.484383 332.390625 18.984377
v -46.515636 380.171875 -3.312499
v -56.625008 370.84375 35.109375
v -33.328133 378.015625 41.8125
v -53.234383 339.234375 53.453125
v -19.578135 446.734375 71.9375
v -19.796886 455.90625 58.3125
v -54.437511 420.953125 63.1875
v -9.593759 421.015625 83.453125
v -19.578135 446.734375 71.9375
v 24.71874 451.34375 65.46875
v -7.062511 460.796875 43.171875
v -26.796886 457.75 35.953125
v 20.953114 460.34375 50.9375
v 35.109364 446.4375 64.4375
v 47.937489 447.953125 39.375
v -13.328137 464.75 4.34375
v 18.140615 448.84375 73.875
v -51.750011 440.1875 37.265625
v -31.703135 433.375 66.578125
v -67.906258 422.96875 11.265627
v -62.859383 412.890625 62.625
v 36.453114 453.046875 53.546875
v 3.999989 458.375 39.5625
v 31.109364 474.390625 57.265625
v -60.562511 419.546875 46.3125
v -41.078136 447.03125 34.40625
v -73.593758 437.640625 47.015629
v -42.906261 444.59375 36.53125
v -82.640633 416.34375 37.500004
v -61.078136 399.40625 38.921875
v 3.062491 421.359375 88.359375
v 33.109364 444.703125 66.90625
v 2.99999 446.328125 65.59375
v -18.00001 426.921875 68.96875
v 16.296865 413.984375 77.578125
v 9.34374 452.640625 61.0625
v -42.171886 438.84375 44.9375
v -39.703133 400.203125 60.578125
v 13.671866 415.703125 84.5
v 52.281239 434.890625 48.953125
v 16.984365 451.734375 60.609375
v 17.187489 462.3125 37.640625
v -14.859385 445.828125 60.9375
v -57.328136 394.546875 35.109375
v -44.250011 434.71875 -3.359374
v -50.828136 437.375 36.828125
v -28.625011 449.359375 38.546875
v -41.625008 414.359375 63.890625
v 68.281242 371.5 -33.25
v 54.640614 379.4375 -28.734377
v 78.234367 352.703125 5.546873
v 78.718742 345.265625 -43.109379
v 68.281242 371.5 -33.25
v 44.124989 366.53125 -70.875
v 35.124989 380.453125 -34.5
v 36.921864 380.90625 -13.343751
v 31.078114 374.953125 -62.765625
v 39.812489 359.5625 -78.984375
v 11.812489 356.5 -80.1875
v 1.890614 382.5625 -13.203125
v 54.718739 366.09375 -68.125
v 50.734364 368.90625 11.093749
v 70.328117 360.484375 -18.109377
v 36.328117 353.34375 39.0625
v 82.328117 346.484375 14.546873
v 28.390614 364.90625 -76.625
v 27.828114 375.578125 -42.53125
v 30.593737 387.109375 -76.640625
v 65.624992 351.25 18.312498
v 42.859364 373.203125 1.703124
v 68.640617 371.609375 26.937498
v 45.890614 371.359375 2.812499
v 66.937492 351.890625 42.265625
v 62.265617 331.109375 24.937498
v 78.062492 343.4375 -56.546879
v 43.109364 358.46875 -77.984375
v 53.640614 366.046875 -50.734375
v 76.703117 366.234375 -43.015629
v 45.656239 379.78125 -24.156252
v 80.609367 387.75 -38.515629
v 68.046867 351.59375 -30.390627
v 64.187492 332.703125 -62.734375
v 46.031239 370.5625 -55.46875
v 54.078114 366.25 -0.500001
v 73.218742 329.25 -3.390627
v 71.234367 335.453125 -63.546879
v 20.749989 343.609375 -86.109375
v 42.734364 368.09375 -61.96875
v 20.249989 376.59375 -54.125
v 56.609364 368.796875 -32.703125
v 58.078117 325.3125 23.921873
v 11.874991 358.875 22.25
v 50.421867 365.953125 10.874999
v 41.296864 373.28125 -11.531251
v 74.781242 343.71875 -5.218752
v 57.828114 387.515625 19.468748
v 91.781242 371.265625 18.593748
v 67.624992 376.84375 -16.062502
v 22.06249 386.28125 14.593749
v 42.312492 382.390625 50.921875
v 46.468742 352.359375 88.546875
v 50.187492 374.015625 61.828125
v 51.999992 371.609375 96.65625
v 25.656242 338.859375 89.3125
v 73.203117 319.421875 76.3125
v 56.390617 349.703125 64.4375
v 90.687492 353.390625 62.078121
v 82.531242 370.109375 33.718746
v 98.328117 373.046875 63.999996
v 124.578117 343.8125 9.546871
v 94.406242 366.78125 10.765622
v 132.73436 365.96875 11.578121
v 112.328117 349.609375 3.984372
v 108.062492 340.609375 37.984371
v 115.390617 304.03125 43.078121
v 88.124992 326.0 67.34375
v 85.234367 367.484375 30.249998
v 48.468742 380.65625 58.234375
v 79.124992 354.1875 78.4375
v 83.828117 370.921875 30.265623
v 19.109365 387.84375 27.09375
v 9.656242 373.71875 74.328125
v 96.499992 307.53125 48.781246
v 76.906242 332.375 64.75
v 46.812492 316.96875 81.328125
v 47.468742 356.921875 66.53125
v 93.078117 347.15625 36.031246
v 26.890617 352.90625 75.421875
v 48.124992 322.828125 83.25
v 62.734367 356.953125 62.34375
v 11.140616 375.1875 51.78125
v -7.156257 343.65625 72.125
v 74.156242 349.03125 66.515625
v 98.953117 324.359375 52.578121
v 89.265617 361.15625 33.390621
v 43.234367 367.546875 64.140625
v 49.562492 332.46875 85.90625
v 126.359367 322.34375 18.765621
v 103.781242 339.84375 -27.703127
v 116.218742 350.109375 14.312497
v 107.078117 343.0 56.999996
v 105.718742 362.4375 11.546872
v 90.453117 366.6875 -1.265627
v 86.140617 373.484375 18.390623
v 92.968742 353.609375 -27.109377
v 99.749992 332.03125 -35.171879
v 74.171867 336.359375 -46.187504
v 55.656239 384.40625 4.921874
v 112.218742 337.5 -21.125004
v 87.015617 366.84375 48.187496
v 109.687492 344.484375 31.046871
v 60.562492 365.671875 71.234375
v 105.859367 339.1875 67.984375
v -25.984388 441.453125 -27.140625
v -60.765636 433.171875 -15.359373
v -26.906261 434.03125 10.484376
v 8.578113 432.421875 -32.4375
v -21.781263 432.296875 -61.125
v -42.890636 403.109375 -93.328125
v -34.062511 425.640625 -68.609375
v -46.45314 422.921875 -101.1875
v -26.453138 385.3125 -98.765625
v -71.04689 377.203125 -71.296875
v -45.625011 403.265625 -67.28125
v -76.17189 414.53125 -55.687496
v -56.812511 429.65625 -32.3125
v -79.82814 435.34375 -57.062496
v -80.140633 416.96875 6.250002
v -87.98439 406.46875 -26.687498
v -103.843758 372.328125 -26.328123
v -80.98439 387.140625 -59.093746
v -58.843761 427.78125 -28.015623
v -30.031263 431.8125 -66.234375
v -70.01564 412.375 -74.640625
v -56.843761 430.8125 -28.718748
v 7.999987 433.0 -45.34375
v 0.062486 416.0625 -91.9375
v -87.156258 371.421875 -37.406246
v -68.437515 390.921875 -60.3125
v -48.375011 368.84375 -83.28125
v -36.406261 408.265625 -72.40625
v -72.062515 409.5625 -29.593748
v -20.640638 399.578125 -86.34375
v -48.968761 374.8125 -85.265625
v -49.421886 411.796875 -64.109375
v 5.593737 418.34375 -70.09375
v 10.203113 383.078125 -91.984375
v -62.953136 406.515625 -64.203125
v -87.093765 388.28125 -41.796871
v -64.843765 422.421875 -29.343748
v -29.578138 417.734375 -72.234375
v -49.093761 384.46875 -88.234375
v -103.171883 393.15625 -1.593747
v -64.875008 406.25 34.96875
v -86.687508 418.078125 -2.578123
v -92.14064 408.15625 -45.328121
v -73.531265 427.8125 -3.937498
v -54.640636 428.859375 3.640626
v -54.984386 434.09375 -16.953123
v -52.109386 417.25 30.171877
v -60.531261 397.921875 41.640625
v -32.515633 396.6875 44.609375
v -20.328136 438.265625 -13.593749
v -75.171883 405.6875 31.250002
v -65.906265 427.140625 -44.59375
v -86.656265 410.765625 -19.921873
v -48.203136 419.59375 -73.96875
v -95.000015 403.921875 -55.843746
v 74.781242 442.8125 23.249998
v 59.390614 444.484375 17.796873
v 65.874992 430.359375 64.75
v 96.874992 423.0625 27.234373
v 74.781242 442.8125 23.249998
v 80.218735 427.765625 -18.812502
v 47.859364 437.296875 2.609374
v 36.765614 438.75 20.671873
v 63.031239 430.203125 -21.156252
v 83.999985 419.53125 -25.937502
v 64.812485 405.1875 -40.8125
v 10.031239 425.84375 2.046875
v 86.67186 431.765625 -10.921877
v 36.828114 433.875 50.8125
v 71.140617 433.84375 39.390625
v 14.953115 414.171875 69.9375
v 65.734367 426.5 75.765625
v 72.35936 419.71875 -31.328127
v 48.656239 429.71875 -6.515626
v 66.73436 440.859375 -35.734375
v 49.531242 424.03125 68.90625
v 34.984364 434.40625 37.96875
v 40.109364 443.953125 72.421875
v 37.203114 434.0 40.921875
v 36.406242 425.515625 88.9375
v 49.781242 404.390625 77.578125
v 104.796867 420.921875 16.406248
v 86.218735 419.90625 -23.109377
v 75.79686 431.546875 2.703123
v 88.468742 441.328125 20.999998
v 49.921864 441.171875 16.718748
v 81.718735 462.609375 21.343748
v 79.468742 424.625 30.406248
v 101.546867 405.328125 6.781247
v 71.39061 432.46875 -6.265627
v 46.921864 432.671875 43.796875
v 74.999992 406.796875 60.703121
v 106.374992 410.734375 9.109372
v 79.124985 397.03125 -37.734379
v 73.499985 428.75 -12.687502
v 49.390614 427.359375 -20.187502
v 66.656242 435.546875 18.234373
v 49.140617 397.375 76.0
v 4.65624 408.90625 42.0625
v 37.687489 431.046875 51.21875
v 41.468739 433.640625 26.343748
v 72.484367 420.59375 56.421871
v 57.906239 391.78125 -57.171875
v 53.562489 402.640625 -45.65625
v 92.874992 373.984375 -36.765629
v 54.656239 363.359375 -65.890625
v 57.906239 391.78125 -57.171875
v 13.156238 389.375 -61.3125
v 37.015614 407.25 -34.703125
v 54.656239 408.75 -22.984377
v 12.031238 400.828125 -48.109375
v 3.624988 382.90625 -61.703125
v -14.953136 385.59375 -40.65625
v 33.140614 417.578125 3.249999
v 21.843739 386.9375 -67.53125
v 81.374992 395.84375 -15.796877
v 70.124985 381.625 -47.078125
v 93.046867 385.5 15.656247
v 101.968742 367.6875 -33.000004
v -1.218762 390.625 -52.671875
v 25.843739 403.453125 -33.1875
v 1.843737 411.859375 -58.84375
v 94.890617 376.015625 -18.984377
v 69.484367 401.03125 -16.546877
v 105.062492 395.859375 -20.031252
v 72.109367 398.6875 -17.781252
v 114.437492 378.0 -5.203128
v 96.421867 357.5 -8.250003
v 43.640614 360.796875 -73.40625
v 6.374988 381.234375 -63.34375
v 34.749989 388.296875 -55.875
v 55.093739 384.25 -68.5625
v 51.562489 405.140625 -36.078125
v 62.703114 404.75 -73.0625
v 58.437489 372.59375 -51.203125
v 29.374989 352.765625 -64.578125
v 26.687489 393.953125 -53.984375
v 74.218742 391.78125 -25.000002
v 80.999992 351.53125 -33.781254
v 33.312489 353.953125 -70.96875
v -15.000011 370.765625 -48.484375
v 19.359364 391.78125 -55.046875
v 12.171864 405.234375 -34.875
v 50.859364 391.578125 -47.46875
v 92.578117 352.640625 -4.531252
v 65.171867 394.8125 22.578123
v 80.781242 393.015625 -15.093752
v 58.203114 400.546875 -23.625002
v 81.656242 365.203125 -39.031254
v 35.593739 420.453125 11.890624
v 69.046867 409.09375 -1.093752
v 33.343739 407.984375 -24.328125
v 1.24999 413.796875 20.859375
v 33.703114 416.171875 47.015625
v 56.203117 390.671875 81.359375
v 46.281242 410.046875 54.453125
v 61.062492 411.171875 86.125
v 39.609367 374.53125 90.34375
v 81.640617 360.78125 61.124996
v 56.921867 387.1875 55.40625
v 86.859367 395.390625 40.203121
v 66.296867 408.078125 16.421873
v 91.343742 416.0 38.437496
v 100.312492 385.765625 -20.843752
v 69.328117 404.3125 -9.187502
v 104.89061 408.9375 -22.796877
v 86.109367 389.265625 -21.593752
v 96.093742 382.953125 11.812497
v 110.687492 348.40625 15.031247
v 90.953117 368.515625 46.984371
v 67.921867 405.546875 12.296873
v 42.312489 416.015625 51.546875
v 82.109367 396.078125 59.671871
v 66.078117 408.734375 12.703123
v 2.84374 416.078125 33.484375
v 13.765616 405.25 81.265625
v 94.874992 349.75 27.296873
v 78.671867 373.0 48.578121
v 59.687492 355.15625 75.765625
v 48.312492 393.25 60.4375
v 80.562492 387.140625 15.406248
v 33.359367 387.25 76.546875
v 60.640617 361.296875 76.859375
v 60.765617 395.03125 50.828125
v 6.640616 404.8125 59.765625
v 2.484367 373.0625 86.59375
v 74.062492 389.203125 50.671871
v 95.734367 367.03125 29.312498
v 73.812492 400.15625 13.906248
v 41.828117 402.90625 59.453125
v 61.343742 371.234375 78.4375
v 50.093742 375.0625 77.9375
v 81.874992 389.609375 40.234371
v 52.062492 393.453125 76.359375
v 9.609366 390.9375 84.640625
v 49.578117 401.8125 69.109375
v 44.874992 410.5 56.0
v 48.015614 410.390625 35.859375
v 27.796865 414.96875 40.46875
v 73.843742 399.484375 28.187498
v 87.812492 381.203125 35.046871
v 84.546867 378.015625 7.218748
v 23.187489 416.6875 5.765625
v 80.562492 389.6875 51.109371
v 3.609366 407.96875 57.75
v 33.031242 393.96875 73.4375
v -28.56251 398.203125 47.625
v 0.218742 386.59375 90.0625
v -37.515636 463.046875 -9.328124
v -11.093762 469.90625 13.734375
v -42.734386 482.0 1.218751
v 64.031235 471.296875 5.015623
v 34.156239 475.5 24.15625
v 67.156235 488.96875 18.281248
v 36.890614 475.84375 21.656248
v 85.187485 471.71875 16.343748
v 73.937485 453.03125 -0.343752
v 6.359361 475.4375 -44.734375
v -30.828138 466.9375 -23.46875
v -4.921888 478.328125 -13.015625
v 11.249986 492.203125 -24.75
v 11.046863 483.390625 13.015625
v 10.843736 511.46875 -13.484375
v 22.656237 474.859375 -20.5625
v -1.781263 458.734375 -44.203125
v -13.421888 477.46875 -7.75
v 38.796864 476.890625 11.687499
v 54.406239 459.265625 -22.812502
v -0.343764 465.21875 -47.890625
v -43.031261 441.859375 -20.406248
v -19.750013 473.75 -10.062499
v -24.562511 466.546875 13.687501
v 11.187487 481.640625 -4.609375
v 72.937485 445.921875 -1.140627
v 43.140614 444.546875 47.59375
v 47.249989 474.0 19.640623
v 21.999989 475.109375 18.703125
v 49.468739 471.765625 -16.937502
v -46.906261 459.8125 -16.218748
v -37.296886 468.796875 -6.374999
v -21.421888 459.90625 -52.375
v -52.109386 432.0 -25.890623
v -46.906261 459.8125 -16.218748
v -54.531261 438.703125 22.781252
v -28.500011 467.0 11.906251
v -15.593762 476.65625 -1.921875
v -43.078136 449.703125 30.171877
v -54.890636 428.84375 28.765627
v -36.046886 425.3125 49.4375
v 7.328113 477.890625 24.578125
v -59.609386 439.59375 13.109377
v -4.531263 476.65625 -30.375
v -34.562511 456.515625 -30.046875
v 28.890612 474.734375 -40.96875
v -16.093763 458.28125 -62.640625
v -47.390636 434.578125 37.453125
v -27.484386 459.046875 20.6875
v -55.968761 454.578125 42.421875
v -3.953139 464.0625 -51.03125
v -6.968763 476.359375 -17.625
v -6.671889 486.171875 -52.375
v -7.656263 475.21875 -21.09375
v 11.078111 475.109375 -66.125
v 9.187487 448.796875 -58.46875
v -60.140636 424.484375 -17.937498
v -56.062511 428.34375 25.390627
v -47.171886 447.140625 3.515626
v -57.421886 450.890625 -18.218748
v -28.343763 471.015625 -2.312499
v -63.859386 472.234375 -17.421873
v -38.468761 443.140625 -23.656248
v -51.625011 412.0 -7.078124
v -46.734386 449.0625 13.343751
v -13.718763 469.25 -26.734375
v -16.593763 434.875 -50.265625
v -57.750011 414.1875 -11.031248
v -41.875011 411.203125 42.484375
v -48.109386 443.984375 18.968752
v -30.546886 454.84375 33.5625
v -37.890636 457.515625 -8.640624
v 13.156237 443.109375 -56.46875
v 32.109364 472.15625 -11.062501
v -3.515639 473.90625 -30.890625
v -14.859387 470.640625 -8.53125
v -23.500013 447.09375 -46.046875
v 18.062487 459.859375 -5.375
v 8.406237 455.703125 -41.515625
v -18.046886 447.4375 -9.156249
v 23.843739 446.234375 27.5625
v 52.906239 455.0625 -1.093751
v 89.531235 434.5 -24.984377
v 61.562489 451.59375 -13.906252
v 94.468735 455.53125 -25.078127
v 97.140617 415.234375 -11.296878
v 72.17186 410.59375 -57.812504
v 63.796864 431.40625 -28.859377
v 51.374985 445.671875 -57.78125
v 25.609362 454.03125 -37.390625
v 49.76561 466.78125 -58.078125
v -8.015639 439.40625 -78.625
v 0.453112 451.125 -43.53125
v -9.812514 463.03125 -78.515625
v 21.671862 451.90625 -39.890625
v 58.874989 420.171875 -66.625
v 24.140612 435.59375 -72.0
v 26.156237 423.265625 -80.390625
v 25.781237 400.984375 -84.234375
v -10.140638 439.921875 -64.140625
v 58.218739 456.640625 -9.078127
v 70.29686 445.25 -51.171875
v 21.874987 454.65625 -37.40625
v 36.531239 448.71875 27.671873
v 85.265617 440.0625 19.343748
v 39.874989 402.734375 -76.15625
v 59.234364 422.03125 -53.609375
v 84.749985 400.484375 -36.203129
v 67.92186 435.53125 -18.750002
v 26.203112 436.46875 -55.6875
v 82.64061 426.484375 -3.906252
v 85.843735 406.6875 -35.750004
v 59.499989 439.890625 -31.421877
v 63.203114 438.296875 24.156248
v 89.937492 406.203125 24.218748
v 60.687489 436.921875 -45.59375
v 41.749989 419.828125 -73.265625
v 23.906237 447.828125 -46.578125
v 66.20311 443.65625 -10.546877
v 87.374985 416.5625 -34.250004
v 96.531235 423.78125 -26.484377
v 51.015614 439.0 -54.09375
v 76.562485 444.125 -17.406252
v 88.437492 425.171875 20.765623
v 62.953114 451.734375 -12.281252
v 43.218739 452.421875 -17.265627
v 45.843739 452.71875 3.812499
v 38.140614 447.09375 -45.390625
v 46.515614 432.015625 -62.09375
v 18.562487 428.40625 -62.203125
v 10.828113 453.671875 5.359375
v 61.718739 438.734375 -51.78125
v 60.874989 440.78125 27.562498
v 79.437485 433.015625 -2.484377
v 47.890614 424.6875 55.9375
v 92.999992 418.96875 29.531248
v 1.624986 421.46875 -90.21875
v -37.312511 422.9375 -52.0625
v -1.437514 443.3125 -70.03125
v 42.437485 440.53125 -75.0
v -1.812514 450.90625 -55.46875
v -9.875013 447.8125 -37.015625
v 9.718737 455.890625 -35.59375
v -34.468761 432.3125 -37.53125
v -42.781261 413.15625 -49.375
v -46.171886 407.03125 -22.062498
v 4.984363 453.921875 -0.90625
v -33.328136 424.5625 -62.140625
v 38.32811 454.78125 -46.1875
v 16.796862 438.625 -70.34375
v 68.07811 448.71875 -28.562502
v 53.51561 438.359375 -78.0
v -13.484387 377.109375 -98.28125
v -10.593762 384.34375 -84.90625
v 24.499987 361.53125 -105.390625
v -20.750011 352.328125 -109.515625
v -13.484387 377.109375 -98.28125
v -50.234386 369.921875 -78.40625
v -17.421886 384.390625 -66.96875
v 2.531238 385.84375 -67.140625
v -43.953136 377.796875 -65.34375
v -57.812511 362.84375 -75.140625
v -60.734386 359.015625 -49.03125
v 0.140614 386.28125 -34.203125
v -46.906261 369.96875 -88.171875
v 26.999989 376.140625 -78.71875
v 1.374987 367.515625 -99.4375
v 52.999989 362.328125 -63.640625
v 33.531239 356.234375 -108.765625
v -56.640636 367.609375 -64.109375
v -25.218761 379.203125 -60.84375
v -57.578136 388.5625 -65.53125
v 35.671864 360.359375 -92.6875
v 17.437489 379.5 -71.859375
v 42.984364 380.0 -94.328125
v 18.781239 377.921875 -74.6875
v 58.203114 362.109375 -92.203125
v 42.624989 341.609375 -89.640625
v -33.312511 349.953125 -109.921875
v -56.578136 361.984375 -78.203125
v -30.640636 370.703125 -85.921875
v -9.875012 358.515625 -98.421875
v -39.562511 339.140625 -97.640625
v -35.843761 374.484375 -79.0
v 16.499989 373.21875 -82.765625
v 16.906239 338.921875 -102.0
v 108.828117 365.703125 -12.234378
v 68.296867 375.484375 -47.390625
v 93.359367 391.265625 -13.515628
v 101.749992 386.953125 29.703123
v 80.687492 401.671875 -12.562502
v 61.328114 402.546875 -18.828127
v 63.437489 410.484375 0.765623
v 56.343739 387.59375 -43.25
v 63.171864 366.515625 -52.53125
v 34.984364 366.1875 -53.28125
v 28.796864 415.734375 -0.656251
v 78.828117 374.953125 -44.390629
v 76.218742 406.84375 28.249998
v 94.406242 386.359375 4.640623
v 60.593742 404.140625 59.578125
v 105.265617 384.046875 40.468746
v -12.15626 261.390625 -146.34375
v -46.609386 268.296875 -102.90625
v -18.250011 293.515625 -117.875
v -16.343761 301.71875 -94.03125
v 13.515614 294.890625 -124.09375
v -58.375004 242.296875 116.765625
v -46.843754 280.140625 122.21875
v -35.609379 254.296875 140.90625
v -25.296879 288.703125 120.0
v -50.234379 283.40625 84.921875
v -63.890629 227.25 61.3125
v -52.296879 200.75 84.234375
v -92.484375 182.359375 82.765625
v -20.484379 198.234375 69.34375
v -43.171879 170.15625 84.828125
v 122.062492 196.96875 -11.781253
v 113.593742 179.109375 -43.828129
v 99.703117 218.296875 -34.531254
v 112.265617 212.25 19.421871
v 127.593742 173.734375 14.390621
v 96.609375 182.15625 64.40625
v 113.765617 193.71875 35.640621
v 90.812492 219.40625 46.437496
v 115.640617 204.46875 -1.140628
v 122.796867 164.953125 13.093747
v -91.015625 163.0625 70.359375
v -111.21875 180.140625 46.781254
v -122.234375 156.8125 19.359379
v -117.046883 198.71875 13.718753
v -87.531258 203.5625 60.734379
v -39.968761 341.921875 -104.234375
v -42.046886 371.75 -76.421875
v -13.671887 374.21875 -87.34375
v -36.671886 379.375 -54.515625
v -65.046883 346.90625 -58.21875
v -120.015633 246.765625 -63.062496
v -103.265633 274.40625 -25.609373
v -85.500008 280.34375 -39.812496
v -115.390633 263.765625 -22.484371
v -121.140633 235.34375 -15.203122
v -92.328133 260.15625 15.984378
v -115.390633 263.765625 -22.484371
v -103.265633 274.40625 -25.609373
v -84.546883 278.46875 -18.671873
v -85.500008 280.34375 -39.812496
v -59.140633 255.4375 26.359377
v -51.421883 288.375 -37.828125
v -80.750008 271.46875 9.281252
v -87.140633 253.4375 23.796877
v -77.578133 257.84375 -94.015625
v -95.796883 268.125 -65.8125
v -122.484383 240.6875 -72.71875
v -102.531258 258.015625 12.625003
v -114.703133 253.859375 -38.484371
v 17.781237 476.796875 -37.515625
v -26.468763 473.6875 -16.265625
v 14.812487 490.90625 -11.328125
v 10.890612 488.734375 4.46875
v -2.468762 477.90625 15.390625
v 69.359367 454.390625 36.3125
v 46.749989 476.53125 21.124998
v 1.718739 458.609375 49.640625
v 68.98436 477.796875 -10.750002
v 31.812487 482.84375 -11.203126
v 16.515614 478.5625 24.90625
v -27.156263 472.140625 1.171876
v -19.593763 479.65625 -22.34375
v -33.375011 465.84375 -21.140625
v -45.140636 446.4375 -4.406249
v 57.765614 480.578125 -9.078127
v 14.812487 490.90625 -11.328125
v 4.015615 258.109375 -96.703125
v -20.37501 281.328125 -77.265625
v -1.343759 277.265625 -48.046875
v -32.281261 261.90625 -105.359375
v -68.921883 291.296875 -50.703125
v -50.406261 286.078125 -80.015625
v -53.500011 277.890625 -101.828125
v -90.718758 253.140625 -109.296875
v -68.640633 278.96875 -88.25
v -48.296886 267.546875 -113.484375
v -39.843761 243.3125 -128.8125
v -6.921885 261.453125 -99.03125
v -92.765633 265.046875 -96.609375
v -112.937508 244.015625 -83.71875
v -98.046883 244.390625 -107.671875
v -82.828133 252.515625 -116.890625
v -42.796886 391.390625 -98.671875
v -71.468765 408.640625 -54.546871
v -36.656261 415.59375 -82.21875
v 3.781237 401.28125 -93.015625
v -32.515636 425.84375 -70.078125
v -37.093761 428.625 -50.421875
v -16.406263 431.8125 -54.03125
v -63.875011 419.796875 -43.375
v -78.14064 401.234375 -48.749996
v -77.031258 401.796875 -20.593748
v -14.234387 438.125 -19.609375
v -69.375015 407.171875 -65.203125
v 8.609362 421.640625 -68.28125
v -20.218763 406.640625 -84.171875
v 39.484364 412.234375 -54.46875
v 13.328112 395.90625 -97.0625
v -8.656258 357.25 75.78125
v 9.562491 378.875 49.09375
v -17.46876 374.875 27.046875
v 28.671867 359.6875 73.0625
v 48.234364 386.046875 8.906249
v 39.187492 382.40625 42.578125
v 48.390617 374.640625 62.765625
v 85.296867 348.53125 59.734371
v 58.812492 374.71875 45.265625
v 46.562492 364.859375 75.828125
v 42.281242 341.40625 93.890625
v 2.593742 360.171875 74.609375
v 83.828117 359.984375 46.578121
v 98.515617 337.78125 29.062498
v 91.499992 339.4375 56.328121
v 80.015617 348.4375 69.34375
v -2.578135 359.5 5.25
v -6.84376 359.515625 3.28125
v -8.515635 379.234375 11.078125
v -62.875008 224.09375 -20.546873
v -63.421883 226.328125 -24.953123
v -83.734383 204.421875 -30.453123
v -41.718758 218.859375 -17.781248
v -2.734383 265.625 -22.171875
v -2.000007 255.9375 -22.484375
v 0.624992 258.203125 -24.84375
v -3.984383 258.828125 -27.828125
v -4.765633 265.859375 -26.171875
v -6.718758 266.34375 -25.40625
v -6.187508 256.703125 -27.21875
v -2.281261 427.234375 3.65625
v -6.203136 419.921875 12.296875
v -7.359386 415.078125 12.65625
v -3.578136 426.765625 2.34375
v -9.265635 417.5 11.796875
v -2.312511 425.515625 2.359375
v -1.984387 427.046875 -6.953125
v -2.312511 425.515625 2.359375
v -7.359386 415.078125 12.65625
v 10.828117 333.71875 44.796875
v 12.781242 333.859375 41.265625
v -2.843757 282.328125 27.3125
v -5.406257 281.421875 32.828125
v 34.437492 355.640625 53.296875
v 13.031242 332.234375 47.265625
v -1.203132 278.890625 35.53125
v 16.624992 331.984375 42.96875
v 12.781242 333.859375 41.265625
v -1.203132 278.890625 35.53125
v 3.593743 279.453125 28.5
v -2.843757 282.328125 27.3125
v 6.21874 408.375 46.546875
v 6.49999 409.921875 46.265625
v 11.765615 404.578125 60.515625
v -4.421885 397.71875 22.734375
v -4.21876 401.875 23.140625
v 4.328115 408.65625 47.046875
v 4.43749 410.21875 46.828125
v 6.49999 409.921875 46.265625
v -4.21876 401.875 23.140625
v -7.81251 401.359375 23.21875
v -8.171885 397.28125 21.8125
v -2.421883 285.625 -10.03125
v -6.531258 286.609375 -12.921875
v -6.171884 329.109375 -1.21875
v -1.890634 328.5 1.296875
v -5.953135 355.140625 1.71875
v -1.593759 355.015625 4.203125
v 70.609367 233.0 63.28125
v 70.171867 236.390625 62.78125
v 86.015625 221.046875 89.890625
v 57.031246 237.875 42.203125
v 58.343746 233.171875 43.171875
v 67.359367 232.578125 66.03125
v 66.765617 236.46875 65.546875
v 70.171867 236.390625 62.78125
v 57.031246 237.875 42.203125
v 52.937496 237.234375 46.515625
v 54.234371 232.1875 46.703125
v 41.453121 199.484375 10.953124
v -9.625006 208.546875 -21.15625
v -11.640631 206.125 -13.546875
v -0.453129 147.546875 -16.125
v 2.95312 148.75 -23.15625
v -15.937506 206.265625 -22.640625
v -3.20313 147.125 -25.40625
v -17.453131 205.78125 -15.90625
v -5.703129 147.78125 -19.265625
v -11.640631 206.125 -13.546875
v -0.453129 147.546875 -16.125
v 50.781239 280.796875 -97.390625
v 32.562489 285.09375 -82.5625
v 33.843739 284.484375 -79.234375
v 29.99999 284.3125 -80.34375
v 26.703115 280.140625 -99.3125
v 22.24999 283.65625 -53.9375
v 26.68749 284.3125 -53.15625
v 30.37499 282.015625 -80.75
v 33.546864 281.484375 -81.09375
v 32.562489 285.09375 -82.5625
v 50.781239 280.796875 -97.390625
v 24.06249 280.03125 -53.609375
v 28.40624 281.484375 -52.90625
v -0.046885 365.3125 -5.078125
v -3.15626 365.21875 -6.46875
v -6.84376 359.515625 3.28125
v -2.578135 359.5 5.25
v 2.140615 374.21875 -12.53125
v -0.40626 374.09375 -13.734375
v 0.56249 361.453125 -6.828125
v -1.593759 355.015625 4.203125
v -5.953135 355.140625 1.71875
v -6.84376 359.515625 3.28125
v -3.15626 365.21875 -6.46875
v -2.56251 361.546875 -8.75
v -0.40626 374.09375 -13.734375
v 5.281239 400.6875 -30.75
v 2.78124 371.3125 -14.515625
v 0.265615 371.328125 -16.109375
v -22.828131 224.40625 -15.843749
v -22.390631 227.796875 -20.796875
v -41.687508 221.78125 -22.515623
v -40.906258 217.5625 -24.453123
v -22.031256 223.1875 -23.078125
v -42.031258 215.5 -20.390623
v -23.593756 220.90625 -18.828125
v -62.515633 220.953125 -22.624998
v -62.046883 222.6875 -26.390623
v -22.828131 224.40625 -15.843749
v -41.718758 218.859375 -17.781248
v -62.875008 224.09375 -20.546873
v 47.828117 286.578125 -46.828125
v 28.40624 281.484375 -52.90625
v 26.68749 284.3125 -53.15625
v 47.781242 290.046875 -46.90625
v 74.609367 288.515625 -45.265629
v 73.906242 286.25 -44.890629
v 91.890617 280.046875 -54.484379
v 74.359367 285.890625 -42.750004
v 74.765617 288.234375 -43.046879
v 24.06249 280.03125 -53.609375
v 26.953115 280.90625 -49.828125
v 47.546867 285.84375 -44.34375
v 47.437492 289.359375 -43.546875
v 74.609367 288.515625 -45.265629
v 24.96874 284.640625 -49.46875
v 47.781242 290.046875 -46.90625
v -3.984383 258.828125 -27.828125
v -4.765633 265.859375 -26.171875
v 22.24999 283.65625 -53.9375
v 22.24999 283.65625 -53.9375
v -4.765633 265.859375 -26.171875
v -2.734383 265.625 -22.171875
v 26.68749 284.3125 -53.15625
v 0.624992 258.203125 -24.84375
v -6.546884 320.21875 3.953125
v -4.625009 319.984375 0.59375
v -29.62501 359.0625 -3.937499
v -31.640635 358.765625 -0.437499
v -52.718761 373.390625 -14.203124
v -53.203136 372.21875 -11.515624
v -71.437508 380.625 -11.968748
v -53.843761 369.984375 -12.218748
v -34.890636 356.0625 -2.015624
v -10.390634 317.28125 2.3125
v -4.625009 319.984375 0.59375
v -7.328134 317.734375 -1.046875
v -31.78126 356.765625 -5.484374
v -29.62501 359.0625 -3.937499
v -52.781261 371.484375 -14.984374
v -52.718761 373.390625 -14.203124
v 34.015621 204.296875 14.328124
v 38.484371 203.8125 7.953124
v 19.656246 169.046875 -7.390625
v 13.468745 169.34375 0.171875
v 11.218745 149.6875 -13.359375
v 4.781246 151.625 -5.640625
v 1.390622 90.90625 -20.046875
v -6.765628 91.796875 -12.75
v 37.140621 198.84375 16.546873
v 19.015621 163.5 3.828125
v 11.453121 148.453125 -0.421875
v 0.093747 89.375 -6.265625
v 17.015621 148.28125 -7.546875
v 24.624996 165.03125 -2.843751
v 6.937497 90.28125 -12.859375
v 57.031246 237.875 42.203125
v 38.484371 203.8125 7.953124
v 19.656246 169.046875 -7.390625
v 11.218745 149.6875 -13.359375
v 1.390622 90.90625 -20.046875
v -10.640626 -5.234375 -27.828125
v -16.09375 -5.40625 -11.375
v -13.390628 93.84375 -14.75
v -8.906253 93.84375 -27.0625
v -15.781255 147.453125 -16.734375
v -12.843755 147.328125 -28.078125
v -15.828131 200.84375 -16.25
v 12.343747 93.84375 -19.265625
v 18.15625 -5.046875 -18.65625
v 6.484375 -5.0625 -31.609375
v 3.859372 93.84375 -29.484375
v -3.26563 147.265625 -31.734375
v 4.95312 147.125 -24.53125
v -6.578131 200.46875 -28.859375
v -0.093756 200.21875 -23.875
v -2.000007 255.9375 -22.484375
v -6.187508 256.703125 -27.21875
v -11.750008 265.734375 -22.296875
v -6.718758 266.34375 -25.40625
v -2.734383 265.625 -22.171875
v -12.984381 200.625 -25.5625
v -11.062508 285.984375 -9.546875
v -12.234383 261.859375 -15.5
v -11.000008 283.21875 -2.796875
v -9.968759 330.0 2.65625
v -9.37501 357.40625 5.984375
v -58.937508 282.453125 -21.968748
v -57.406258 281.84375 -24.953123
v -72.281258 298.796875 -34.906246
v -50.609383 270.59375 -21.406248
v -49.578133 271.65625 -26.484373
v -59.375008 279.890625 -25.812498
v -60.984383 280.71875 -23.312498
v -58.937508 282.453125 -21.968748
v -58.937508 282.453125 -21.968748
v -53.703133 268.640625 -23.015623
v -52.640633 268.921875 -27.296873
v -50.609383 270.59375 -21.406248
v -39.937508 243.90625 -20.828123
v -38.484383 245.421875 -27.781248
v -43.296883 242.03125 -28.828123
v -44.671883 242.0 -22.890623
v -39.937508 243.90625 -20.828123
v -21.421881 225.21875 -14.187499
v -19.718756 225.96875 -21.734375
v -24.750006 222.0625 -22.4375
v -26.390631 222.84375 -16.171875
v -21.421881 225.21875 -14.187499
v 3.109368 290.828125 41.90625
v -1.265632 295.5625 42.109375
v 2.687494 303.0 69.96875
v -1.671882 285.1875 29.171875
v 3.624993 279.96875 29.875
v 5.187493 264.84375 17.109375
v 1.484369 262.265625 21.453125
v 8.578119 210.90625 -7.90625
v 4.859369 208.0625 -1.578125
v 1.578121 135.6875 -19.375
v -1.781254 135.09375 -11.390625
v -6.828129 135.5 -10.578125
v -0.890631 208.390625 -0.15625
v 1.546869 311.265625 89.96875
v 4.343744 301.34375 70.84375
v 1.187493 288.71875 45.390625
v 0.859369 278.75 36.28125
v -2.031256 261.484375 21.15625
v -2.578131 278.1875 35.421875
v -1.500006 288.265625 45.9375
v 2.812494 299.203125 71.640625
v -0.453131 300.9375 70.515625
v -6.187507 291.890625 45.171875
v -7.718757 280.921875 32.25
v -6.828132 264.265625 16.078125
v -5.375006 210.453125 -8.390625
v -14.078129 137.21875 -18.921875
v -7.031254 137.265625 -25.234375
v 0.499994 212.515625 -13.890625
v -0.765632 268.625 13.5625
v -9.390631 200.0 -12.15625
v -15.828131 200.84375 -16.25
v -15.781255 147.453125 -16.734375
v -7.625004 147.015625 -9.984375
v -13.390628 93.84375 -14.75
v -4.937503 93.84375 -4.46875
v -16.09375 -5.40625 -11.375
v -4.515625 -5.390625 1.671875
v 12.140625 -5.21875 -2.609375
v 7.437497 93.84375 -7.65625
v 2.437496 147.09375 -14.375
v -1.546881 200.140625 -16.0625
v -12.234383 261.859375 -15.5
v -3.312507 264.4375 -15.734375
v -0.093756 200.21875 -23.875
v 4.95312 147.125 -24.53125
v 12.343747 93.84375 -19.265625
v 18.15625 -5.046875 -18.65625
v -2.000007 255.9375 -22.484375
v -2.734383 265.625 -22.171875
v -2.421883 285.625 -10.03125
v -2.640633 284.109375 -3.921875
v -1.890634 328.5 1.296875
v -1.562509 329.359375 7.515625
v -1.593759 355.015625 4.203125
v -0.984384 358.21875 10.71875
v -8.875009 328.40625 8.234375
v -11.000008 283.21875 -2.796875
v -4.421885 397.71875 22.734375
v -8.171885 397.28125 21.8125
v -11.78126 374.546875 14.078125
v -7.515635 375.796875 15.09375
v -7.718759 356.203125 10.53125
v -2.578135 359.5 5.25
v -8.515635 379.234375 11.078125
v -4.265635 400.890625 19.203125
v -4.21876 401.875 23.140625
v -7.359386 415.078125 12.65625
v -6.828136 418.8125 15.515625
v -6.203136 419.921875 12.296875
v -4.625011 430.546875 17.5625
v -5.578136 429.625 19.515625
v -9.18751 418.3125 14.875
v -7.81251 401.359375 23.21875
v -7.640636 430.125 18.5625
v -13.328136 445.171875 23.71875
v -13.343761 445.296875 22.484375
v -15.125011 444.15625 23.375
v -15.406261 453.796875 25.28125
v -14.875011 445.28125 22.09375
v -13.343761 445.296875 22.484375
v -4.625011 430.546875 17.5625
v -6.609386 431.890625 16.6875
v -6.203136 419.921875 12.296875
v -9.265635 417.5 11.796875
v -15.125011 444.15625 23.375
v -7.984385 400.09375 18.234375
v -7.81251 401.359375 23.21875
v -9.18751 418.3125 14.875
v -7.640636 430.125 18.5625
v -8.875009 328.40625 8.234375
v -7.718759 356.203125 10.53125
v -8.171885 397.28125 21.8125
v -11.78126 374.546875 14.078125
v -12.21876 376.1875 9.796875
v -7.359386 415.078125 12.65625
v -4.265635 400.890625 19.203125

# 5973 Texture Coordinates
vt 0.907008 0.423333
vt 0.743142 0.206259
vt 0.82889 0.069408
vt 0.30226 0.02076
vt 0.177398 0.295425
vt 0.014736 0.01746
vt 0.30226 0.02076
vt 0.244773 0.483099
vt 0.177398 0.295425
vt 0.177398 0.295425
vt 0.244773 0.483099
vt 0.000571 0.411274
vt 0.177398 0.295425
vt 0.000571 0.411274
vt 0.014736 0.01746
vt 0.098906 0.448763
vt 0.009459 0.410752
vt 0.015973 0.181761
vt 0.098906 0.448763
vt 0.009459 0.410752
vt 0.015973 0.181761
vt 0.098906 0.448763
vt 0.009459 0.410752
vt 0.015973 0.181761
vt 0.140487 0.231426
vt 0.334133 0.013943
vt 0.245456 0.476668
vt 0.140487 0.231426
vt 0.245456 0.476668
vt 0.008878 0.413776
vt 0.140487 0.231426
vt 0.008878 0.413776
vt 0.006057 -0.001981
vt 0.334133 0.013943
vt 0.140487 0.231426
vt 0.006057 -0.001981
vt 0.205514 0.519686
vt 0.100571 0.729573
vt -0.004373 0.519686
vt 0.205514 0.519686
vt 0.100571 0.729573
vt -0.004373 0.519686
vt 0.205514 0.519686
vt 0.100571 0.729573
vt -0.004373 0.519686
vt 0.205514 0.519686
vt 0.100571 0.729573
vt -0.004373 0.519686
vt 0.205514 0.519686
vt 0.100571 0.729573
vt -0.004373 0.519686
vt 0.003807 0.511738
vt -0.004878 0.090945
vt 0.282176 0.435378
vt 0.003807 0.511738
vt 0.282176 0.435378
vt -0.004878 0.090945
vt 0.003807 0.511738
vt -0.004878 0.090945
vt 0.282176 0.435378
vt 0.003807 0.511738
vt 0.282176 0.435378
vt -0.004878 0.090945
vt 0.140487 0.231426
vt 0.334133 0.013943
vt 0.245456 0.476668
vt 0.140487 0.231426
vt 0.245456 0.476668
vt 0.008878 0.413776
vt 0.140487 0.231426
vt 0.008878 0.413776
vt 0.006057 -0.001981
vt 0.334133 0.013943
vt 0.140487 0.231426
vt 0.006057 -0.001981
vt 0.241814 0.492916
vt 0.191466 0.671889
vt -0.01608 0.492916
vt 0.045487 0.671889
vt -0.01608 0.492916
vt 0.191466 0.671889
vt 0.191466 0.671889
vt 0.111119 0.879288
vt 0.045487 0.671889
vt 0.241814 0.492916
vt 0.191466 0.671889
vt -0.01608 0.492916
vt 0.045487 0.671889
vt -0.01608 0.492916
vt 0.191466 0.671889
vt 0.191466 0.671889
vt 0.111119 0.879288
vt 0.045487 0.671889
vt 0.241814 0.492916
vt 0.191466 0.671889
vt -0.01608 0.492916
vt 0.045487 0.671889
vt -0.01608 0.492916
vt 0.191466 0.671889
vt 0.191466 0.671889
vt 0.111119 0.879288
vt 0.045487 0.671889
vt 0.241814 0.492916
vt 0.191466 0.671889
vt -0.01608 0.492916
vt 0.045487 0.671889
vt -0.01608 0.492916
vt 0.191466 0.671889
vt 0.191466 0.671889
vt 0.111119 0.879288
vt 0.045487 0.671889
vt 0.241814 0.492916
vt 0.191466 0.671889
vt -0.01608 0.492916
vt 0.045487 0.671889
vt -0.01608 0.492916
vt 0.191466 0.671889
vt 0.191466 0.671889
vt 0.111119 0.879288
vt 0.045487 0.671889
vt 0.098906 0.448763
vt 0.009459 0.410752
vt 0.015973 0.181761
vt 0.098906 0.448763
vt 0.009459 0.410752
vt 0.015973 0.181761
vt 0.003807 0.511738
vt 0.282176 0.435378
vt -0.004878 0.090945
vt 0.003807 0.511738
vt 0.282176 0.435378
vt -0.004878 0.090945
vt -0.719038 0.798567
vt -0.653051 0.884789
vt -0.723638 0.576969
vt -0.623524 0.681692
vt -0.723638 0.576969
vt -0.653051 0.884789
vt -0.653051 0.884789
vt -0.605844 0.946471
vt -0.623524 0.681692
vt -0.513796 0.79647
vt -0.623524 0.681692
vt -0.605844 0.946471
vt 0.140487 0.231426
vt 0.334133 0.013943
vt 0.245456 0.476668
vt 0.140487 0.231426
vt 0.245456 0.476668
vt 0.008878 0.413776
vt 0.140487 0.231426
vt 0.008878 0.413776
vt 0.006057 -0.001981
vt 0.334133 0.013943
vt 0.140487 0.231426
vt 0.006057 -0.001981
vt 0.26507 0.510843
vt 0.20838 0.667506
vt -0.019247 0.510843
vt 0.034581 0.667506
vt -0.019247 0.510843
vt 0.20838 0.667506
vt 0.20838 0.667506
vt 0.122196 0.84905
vt 0.034581 0.667506
vt 0.265069 0.510843
vt 0.20838 0.667506
vt -0.019247 0.510843
vt 0.034581 0.667506
vt -0.019247 0.510843
vt 0.20838 0.667506
vt 0.20838 0.667506
vt 0.122196 0.84905
vt 0.034581 0.667506
vt 0.26507 0.510843
vt 0.20838 0.667506
vt -0.019247 0.510843
vt 0.034581 0.667506
vt -0.019247 0.510843
vt 0.20838 0.667506
vt 0.20838 0.667506
vt 0.122196 0.84905
vt 0.034581 0.667506
vt 0.26507 0.510843
vt 0.20838 0.667506
vt -0.019247 0.510843
vt 0.034581 0.667506
vt -0.019247 0.510843
vt 0.20838 0.667506
vt 0.20838 0.667506
vt 0.122196 0.84905
vt 0.034581 0.667506
vt 0.26507 0.510843
vt 0.20838 0.667506
vt -0.019247 0.510843
vt 0.034581 0.667506
vt -0.019247 0.510843
vt 0.20838 0.667506
vt 0.20838 0.667506
vt 0.122196 0.84905
vt 0.034581 0.667506
vt 0.993524 0.771949
vt 0.855629 0.965838
vt 0.990995 0.530055
vt 0.727725 0.823235
vt 0.990995 0.530055
vt 0.855629 0.965838
vt 0.280962 0.798567
vt 0.394156 0.946471
vt 0.276362 0.576969
vt 0.486204 0.79647
vt 0.276362 0.576969
vt 0.394156 0.946471
vt 0.280962 0.798567
vt 0.394156 0.946471
vt 0.276362 0.576969
vt 0.486204 0.79647
vt 0.276362 0.576969
vt 0.394156 0.946471
vt -0.719038 0.798567
vt -0.605844 0.946471
vt -0.723638 0.576969
vt -0.513796 0.79647
vt -0.723638 0.576969
vt -0.605844 0.946471
vt -0.719038 0.798567
vt -0.605844 0.946471
vt -0.723638 0.576969
vt -0.513796 0.79647
vt -0.723638 0.576969
vt -0.605844 0.946471
vt 0.140487 0.231426
vt 0.334133 0.013943
vt 0.245456 0.476668
vt 0.140487 0.231426
vt 0.245456 0.476668
vt 0.008878 0.413776
vt 0.140487 0.231426
vt 0.008878 0.413776
vt 0.006057 -0.001981
vt 0.334133 0.013943
vt 0.140487 0.231426
vt 0.006057 -0.001981
vt 0.140487 0.231426
vt 0.334133 0.013943
vt 0.245456 0.476668
vt 0.140487 0.231426
vt 0.245456 0.476668
vt 0.008878 0.413776
vt 0.140487 0.231426
vt 0.008878 0.413776
vt 0.006057 -0.001981
vt 0.334133 0.013943
vt 0.140487 0.231426
vt 0.006057 -0.001981
vt 0.098906 0.448763
vt 0.009459 0.410752
vt 0.015973 0.181761
vt 0.098906 0.448763
vt 0.009459 0.410752
vt 0.015973 0.181761
vt 0.098906 0.448763
vt 0.009459 0.410752
vt 0.015973 0.181761
vt 0.098906 0.448763
vt 0.009459 0.410752
vt 0.015973 0.181761
vt 0.098906 0.448763
vt 0.009459 0.410752
vt 0.015973 0.181761
vt 0.003807 0.511738
vt 0.282176 0.435378
vt -0.004878 0.090945
vt 0.205514 0.519686
vt 0.100571 0.729573
vt -0.004373 0.519686
vt 0.205514 0.519686
vt 0.100571 0.729573
vt -0.004373 0.519686
vt 0.205514 0.519686
vt 0.100571 0.729573
vt -0.004373 0.519686
vt 0.205514 0.519686
vt 0.100571 0.729573
vt -0.004373 0.519686
vt 0.205514 0.519686
vt 0.100571 0.729573
vt -0.004373 0.519686
vt 0.003807 0.511738
vt 0.282176 0.435378
vt -0.004878 0.090945
vt 0.003807 0.511738
vt 0.282176 0.435378
vt -0.004878 0.090945
vt 0.003807 0.511738
vt 0.282176 0.435378
vt -0.004878 0.090945
vt 0.003807 0.511738
vt 0.282176 0.435378
vt -0.004878 0.090945
vt -0.719038 0.798567
vt -0.653051 0.884789
vt -0.723638 0.576969
vt -0.623524 0.681692
vt -0.723638 0.576969
vt -0.653051 0.884789
vt -0.653051 0.884789
vt -0.605844 0.946471
vt -0.623524 0.681692
vt -0.513796 0.79647
vt -0.623524 0.681692
vt -0.605844 0.946471
vt -0.719038 0.798567
vt -0.605844 0.946471
vt -0.723638 0.576969
vt -0.513796 0.79647
vt -0.723638 0.576969
vt -0.605844 0.946471
vt -0.719038 0.798567
vt -0.605844 0.946471
vt -0.723638 0.576969
vt -0.513796 0.79647
vt -0.723638 0.576969
vt -0.605844 0.946471
vt -0.719038 0.798567
vt -0.605844 0.946471
vt -0.723638 0.576969
vt -0.513796 0.79647
vt -0.723638 0.576969
vt -0.605844 0.946471
vt 0.900859 0.395474
vt 0.743142 0.206259
vt 0.82889 0.069408
vt 0.297793 0.026345
vt 0.297789 0.450464
vt 0.151383 0.231804
vt 0.151383 0.231804
vt 0.297789 0.450464
vt 0.018027 0.450433
vt 0.151383 0.231804
vt 0.018027 0.450433
vt 0.018087 0.026396
vt 0.297793 0.026345
vt 0.151383 0.231804
vt 0.018087 0.026396
vt 0.297793 0.026345
vt 0.297789 0.450464
vt 0.151383 0.231804
vt 0.151383 0.231804
vt 0.297789 0.450464
vt 0.018027 0.450433
vt 0.151383 0.231804
vt 0.018027 0.450433
vt 0.018087 0.026396
vt 0.297793 0.026345
vt 0.151383 0.231804
vt 0.018087 0.026396
vt 0.151383 0.231804
vt 0.297793 0.026345
vt 0.018087 0.026396
vt 0.297789 0.450464
vt 0.297793 0.026345
vt 0.151383 0.231804
vt 0.297789 0.450464
vt 0.151383 0.231804
vt 0.018027 0.450433
vt 0.018027 0.450433
vt 0.151383 0.231804
vt 0.018087 0.026396
vt 0.151383 0.231804
vt 0.297793 0.026345
vt 0.018087 0.026396
vt 0.297789 0.450464
vt 0.297793 0.026345
vt 0.151383 0.231804
vt 0.297789 0.450464
vt 0.151383 0.231804
vt 0.018027 0.450433
vt 0.018027 0.450433
vt 0.151383 0.231804
vt 0.018087 0.026396
vt 0.836196 0.043023
vt 1.001092 0.043785
vt 0.988368 0.412145
vt 0.640251 0.472526
vt 0.59014 0.663395
vt 0.452664 0.23623
vt 0.640251 0.472526
vt 0.452664 0.23623
vt 0.657136 0.319854
vt 0.657136 0.319854
vt 0.452664 0.23623
vt 0.673706 0.041574
vt 0.981433 0.571123
vt 1.016212 0.823888
vt 0.863151 0.703252
vt 0.618485 1.014448
vt 0.863151 0.703252
vt 1.016212 0.823888
vt 0.863151 0.703252
vt 0.618485 1.014448
vt 0.694331 0.659881
vt 0.863151 0.703252
vt 0.694331 0.659881
vt 0.895925 0.447198
vt 0.895925 0.447198
vt 0.981433 0.571123
vt 0.863151 0.703252
vt 0.458088 0.305116
vt 0.59089 0.680933
vt 0.404707 0.644256
vt 0.458088 0.305116
vt 0.404707 0.644256
vt 0.25 0.370545
vt 0.404707 0.644256
vt 0.290367 0.893501
vt 0.25 0.370545
vt 0.404707 0.644256
vt 0.618485 1.014448
vt 0.290367 0.893501
vt 0.618485 1.014448
vt 0.404707 0.644256
vt 0.59089 0.680933
vt 0.694331 0.659881
vt 0.618485 1.014448
vt 0.59089 0.680933
vt 0.694331 0.659881
vt 0.59089 0.680933
vt 0.650976 0.482191
vt 0.869927 0.466725
vt 0.694331 0.659881
vt 0.650976 0.482191
vt 0.869927 0.466725
vt 0.650976 0.482191
vt 0.657389 0.319857
vt 0.869927 0.466725
vt 0.657389 0.319857
vt 0.673706 0.041574
vt 0.900859 0.395474
vt 0.743142 0.206259
vt 0.82889 0.069408
vt 0.297793 0.026345
vt 0.297789 0.450464
vt 0.151383 0.231804
vt 0.151383 0.231804
vt 0.297789 0.450464
vt 0.018027 0.450433
vt 0.151383 0.231804
vt 0.018027 0.450433
vt 0.018087 0.026396
vt 0.297793 0.026345
vt 0.151383 0.231804
vt 0.018087 0.026396
vt 0.869927 0.466725
vt 0.657263 0.319855
vt 0.673706 0.041574
vt 0.657263 0.319855
vt 0.452664 0.23623
vt 0.673706 0.041574
vt 0.650976 0.482191
vt 0.452664 0.23623
vt 0.657263 0.319855
vt 0.869927 0.466725
vt 0.650976 0.482191
vt 0.657263 0.319855
vt 0.869927 0.466725
vt 0.694331 0.659881
vt 0.650976 0.482191
vt 0.694331 0.659881
vt 0.59089 0.680933
vt 0.650976 0.482191
vt 0.650976 0.482191
vt 0.59089 0.680933
vt 0.452664 0.23623
vt 0.981433 0.571123
vt 1.016212 0.823888
vt 0.863151 0.703252
vt 0.618485 1.014448
vt 0.863151 0.703252
vt 1.016212 0.823888
vt 0.895925 0.447198
vt 0.981433 0.571123
vt 0.863151 0.703252
vt 0.863151 0.703252
vt 0.694331 0.659881
vt 0.895925 0.447198
vt 0.863151 0.703252
vt 0.618485 1.014448
vt 0.694331 0.659881
vt 0.694331 0.659881
vt 0.618485 1.014448
vt 0.59089 0.680933
vt 0.618485 1.014448
vt 0.404707 0.644256
vt 0.59089 0.680933
vt 0.458088 0.305116
vt 0.59089 0.680933
vt 0.404707 0.644256
vt 0.404707 0.644256
vt 0.618485 1.014448
vt 0.290367 0.893501
vt 0.404707 0.644256
vt 0.290367 0.893501
vt 0.25 0.370545
vt 0.458088 0.305116
vt 0.404707 0.644256
vt 0.25 0.370545
vt 0.900859 0.395474
vt 0.743142 0.206259
vt 0.82889 0.069408
vt 0.743142 0.206259
vt 0.848657 0.03786
vt 0.950034 0.480329
vt 0.836196 0.043023
vt 1.001092 0.043785
vt 0.988368 0.412145
vt 0.640251 0.472526
vt 0.59014 0.663395
vt 0.452664 0.23623
vt 0.640251 0.472526
vt 0.452664 0.23623
vt 0.657136 0.319854
vt 0.657136 0.319854
vt 0.452664 0.23623
vt 0.673706 0.041574
vt 0.981433 0.571123
vt 1.016212 0.823888
vt 0.863151 0.703252
vt 0.618485 1.014448
vt 0.863151 0.703252
vt 1.016212 0.823888
vt 0.863151 0.703252
vt 0.618485 1.014448
vt 0.694331 0.659881
vt 0.863151 0.703252
vt 0.694331 0.659881
vt 0.895925 0.447198
vt 0.895925 0.447198
vt 0.981433 0.571123
vt 0.863151 0.703252
vt 0.458088 0.305116
vt 0.59089 0.680933
vt 0.404707 0.644256
vt 0.458088 0.305116
vt 0.404707 0.644256
vt 0.25 0.370545
vt 0.404707 0.644256
vt 0.290367 0.893501
vt 0.25 0.370545
vt 0.404707 0.644256
vt 0.618485 1.014448
vt 0.290367 0.893501
vt 0.618485 1.014448
vt 0.404707 0.644256
vt 0.59089 0.680933
vt 0.694331 0.659881
vt 0.618485 1.014448
vt 0.59089 0.680933
vt 0.694331 0.659881
vt 0.59089 0.680933
vt 0.650976 0.482191
vt 0.869927 0.466725
vt 0.694331 0.659881
vt 0.650976 0.482191
vt 0.869927 0.466725
vt 0.650976 0.482191
vt 0.657389 0.319857
vt 0.869927 0.466725
vt 0.657389 0.319857
vt 0.673706 0.041574
vt 0.900859 0.395474
vt 0.743142 0.206259
vt 0.82889 0.069408
vt 0.297793 0.026345
vt 0.297789 0.450464
vt 0.151383 0.231804
vt 0.151383 0.231804
vt 0.297789 0.450464
vt 0.018027 0.450433
vt 0.151383 0.231804
vt 0.018027 0.450433
vt 0.018087 0.026396
vt 0.297793 0.026345
vt 0.151383 0.231804
vt 0.018087 0.026396
vt 0.323238 -0.007103
vt 0.177398 0.295425
vt 0.010694 -0.007014
vt 0.323238 -0.007103
vt 0.244773 0.483099
vt 0.177398 0.295425
vt 0.177398 0.295425
vt 0.244773 0.483099
vt 0.000571 0.411274
vt 0.177398 0.295425
vt 0.000571 0.411274
vt 0.010694 -0.007014
vt 0.907008 0.423333
vt 0.743142 0.206259
vt 0.82889 0.069408
vt 0.743142 0.206259
vt 0.848657 0.03786
vt 0.950034 0.480329
vt 0.900859 0.395474
vt 0.743142 0.206259
vt 0.82889 0.069408
vt 0.743142 0.206259
vt 0.848657 0.03786
vt 0.950034 0.480329
vt 0.640251 0.472526
vt 0.59014 0.663395
vt 0.452664 0.23623
vt 0.640251 0.472526
vt 0.452664 0.23623
vt 0.657136 0.319854
vt 0.657136 0.319854
vt 0.452664 0.23623
vt 0.673706 0.041574
vt 0.981433 0.571123
vt 1.016212 0.823888
vt 0.863151 0.703252
vt 0.618485 1.014448
vt 0.863151 0.703252
vt 1.016212 0.823888
vt 0.863151 0.703252
vt 0.618485 1.014448
vt 0.694331 0.659881
vt 0.863151 0.703252
vt 0.694331 0.659881
vt 0.895925 0.447198
vt 0.895925 0.447198
vt 0.981433 0.571123
vt 0.863151 0.703252
vt 0.458088 0.305116
vt 0.59089 0.680933
vt 0.404707 0.644256
vt 0.458088 0.305116
vt 0.404707 0.644256
vt 0.25 0.370545
vt 0.404707 0.644256
vt 0.290367 0.893501
vt 0.25 0.370545
vt 0.404707 0.644256
vt 0.618485 1.014448
vt 0.290367 0.893501
vt 0.618485 1.014448
vt 0.404707 0.644256
vt 0.59089 0.680933
vt 0.694331 0.659881
vt 0.618485 1.014448
vt 0.59089 0.680933
vt 0.694331 0.659881
vt 0.59089 0.680933
vt 0.650976 0.482191
vt 0.869927 0.466725
vt 0.694331 0.659881
vt 0.650976 0.482191
vt 0.869927 0.466725
vt 0.650976 0.482191
vt 0.657389 0.319857
vt 0.869927 0.466725
vt 0.657389 0.319857
vt 0.673706 0.041574
vt 0.323238 -0.007103
vt 0.177398 0.295425
vt 0.010694 -0.007014
vt 0.323238 -0.007103
vt 0.244773 0.483099
vt 0.177398 0.295425
vt 0.177398 0.295425
vt 0.244773 0.483099
vt 0.000571 0.411274
vt 0.177398 0.295425
vt 0.000571 0.411274
vt 0.010694 -0.007014
vt 0.836196 0.043023
vt 1.001092 0.043785
vt 0.988368 0.412145
vt 0.907008 0.423333
vt 0.743142 0.206259
vt 0.82889 0.069408
vt 0.640251 0.472526
vt 0.59014 0.663395
vt 0.452664 0.23623
vt 0.640251 0.472526
vt 0.452664 0.23623
vt 0.657136 0.319854
vt 0.657136 0.319854
vt 0.452664 0.23623
vt 0.673706 0.041574
vt 0.981433 0.571123
vt 1.016212 0.823888
vt 0.863151 0.703252
vt 0.618485 1.014448
vt 0.863151 0.703252
vt 1.016212 0.823888
vt 0.863151 0.703252
vt 0.618485 1.014448
vt 0.694331 0.659881
vt 0.863151 0.703252
vt 0.694331 0.659881
vt 0.895925 0.447198
vt 0.895925 0.447198
vt 0.981433 0.571123
vt 0.863151 0.703252
vt 0.458088 0.305116
vt 0.59089 0.680933
vt 0.404707 0.644256
vt 0.458088 0.305116
vt 0.404707 0.644256
vt 0.25 0.370545
vt 0.404707 0.644256
vt 0.290367 0.893501
vt 0.25 0.370545
vt 0.404707 0.644256
vt 0.618485 1.014448
vt 0.290367 0.893501
vt 0.618485 1.014448
vt 0.404707 0.644256
vt 0.59089 0.680933
vt 0.694331 0.659881
vt 0.618485 1.014448
vt 0.59089 0.680933
vt 0.694331 0.659881
vt 0.59089 0.680933
vt 0.650976 0.482191
vt 0.869927 0.466725
vt 0.694331 0.659881
vt 0.650976 0.482191
vt 0.869927 0.466725
vt 0.650976 0.482191
vt 0.657389 0.319857
vt 0.869927 0.466725
vt 0.657389 0.319857
vt 0.673706 0.041574
vt 0.297793 0.026345
vt 0.297789 0.450464
vt 0.151383 0.231804
vt 0.151383 0.231804
vt 0.297789 0.450464
vt 0.018027 0.450433
vt 0.151383 0.231804
vt 0.018027 0.450433
vt 0.018087 0.026396
vt 0.297793 0.026345
vt 0.151383 0.231804
vt 0.018087 0.026396
vt 0.297793 0.026345
vt 0.297789 0.450464
vt 0.151383 0.231804
vt 0.151383 0.231804
vt 0.297789 0.450464
vt 0.018027 0.450433
vt 0.151383 0.231804
vt 0.018027 0.450433
vt 0.018087 0.026396
vt 0.297793 0.026345
vt 0.151383 0.231804
vt 0.018087 0.026396
vt 0.323238 -0.007103
vt 0.177398 0.295425
vt 0.010694 -0.007014
vt 0.323238 -0.007103
vt 0.244773 0.483099
vt 0.177398 0.295425
vt 0.177398 0.295425
vt 0.244773 0.483099
vt 0.000571 0.411274
vt 0.177398 0.295425
vt 0.000571 0.411274
vt 0.010694 -0.007014
vt 0.900859 0.395474
vt 0.743142 0.206259
vt 0.82889 0.069408
vt 0.900859 0.395474
vt 0.743142 0.206259
vt 0.82889 0.069408
vt 0.900859 0.395474
vt 0.743142 0.206259
vt 0.82889 0.069408
vt 0.323238 -0.007103
vt 0.177398 0.295425
vt 0.010694 -0.007014
vt 0.323238 -0.007103
vt 0.244773 0.483099
vt 0.177398 0.295425
vt 0.177398 0.295425
vt 0.244773 0.483099
vt 0.000571 0.411274
vt 0.177398 0.295425
vt 0.000571 0.411274
vt 0.010694 -0.007014
vt 0.907008 0.423333
vt 0.743142 0.206259
vt 0.82889 0.069408
vt 0.323238 -0.007103
vt 0.177398 0.295425
vt 0.010694 -0.007014
vt 0.323238 -0.007103
vt 0.244773 0.483099
vt 0.177398 0.295425
vt 0.177398 0.295425
vt 0.244773 0.483099
vt 0.000571 0.411274
vt 0.177398 0.295425
vt 0.000571 0.411274
vt 0.010694 -0.007014
vt 0.900859 0.395474
vt 0.743142 0.206259
vt 0.82889 0.069408
vt 0.836196 0.043023
vt 1.001092 0.043785
vt 0.988368 0.412145
vt 0.836196 0.043023
vt 1.001092 0.043785
vt 0.988368 0.412145
vt 0.640251 0.472526
vt 0.59014 0.663395
vt 0.452664 0.23623
vt 0.640251 0.472526
vt 0.452664 0.23623
vt 0.657136 0.319854
vt 0.657136 0.319854
vt 0.452664 0.23623
vt 0.673706 0.041574
vt 0.981433 0.571123
vt 1.016212 0.823888
vt 0.863151 0.703252
vt 0.618485 1.014448
vt 0.863151 0.703252
vt 1.016212 0.823888
vt 0.863151 0.703252
vt 0.618485 1.014448
vt 0.694331 0.659881
vt 0.863151 0.703252
vt 0.694331 0.659881
vt 0.895925 0.447198
vt 0.895925 0.447198
vt 0.981433 0.571123
vt 0.863151 0.703252
vt 0.458088 0.305116
vt 0.59089 0.680933
vt 0.404707 0.644256
vt 0.458088 0.305116
vt 0.404707 0.644256
vt 0.25 0.370545
vt 0.404707 0.644256
vt 0.290367 0.893501
vt 0.25 0.370545
vt 0.404707 0.644256
vt 0.618485 1.014448
vt 0.290367 0.893501
vt 0.618485 1.014448
vt 0.404707 0.644256
vt 0.59089 0.680933
vt 0.694331 0.659881
vt 0.618485 1.014448
vt 0.59089 0.680933
vt 0.694331 0.659881
vt 0.59089 0.680933
vt 0.650976 0.482191
vt 0.869927 0.466725
vt 0.694331 0.659881
vt 0.650976 0.482191
vt 0.869927 0.466725
vt 0.650976 0.482191
vt 0.657389 0.319857
vt 0.869927 0.466725
vt 0.657389 0.319857
vt 0.673706 0.041574
vt 0.836196 0.043023
vt 1.001092 0.043785
vt 0.988368 0.412145
vt 0.323238 -0.007103
vt 0.177398 0.295425
vt 0.010694 -0.007014
vt 0.323238 -0.007103
vt 0.244773 0.483099
vt 0.177398 0.295425
vt 0.177398 0.295425
vt 0.244773 0.483099
vt 0.000571 0.411274
vt 0.177398 0.295425
vt 0.000571 0.411274
vt 0.010694 -0.007014
vt 0.323238 -0.007103
vt 0.177398 0.295425
vt 0.010694 -0.007014
vt 0.323238 -0.007103
vt 0.244773 0.483099
vt 0.177398 0.295425
vt 0.177398 0.295425
vt 0.244773 0.483099
vt 0.000571 0.411274
vt 0.177398 0.295425
vt 0.000571 0.411274
vt 0.010694 -0.007014
vt 0.743142 0.206259
vt 0.848657 0.03786
vt 0.950034 0.480329
vt 0.907008 0.423333
vt 0.743142 0.206259
vt 0.82889 0.069408
vt 0.297793 0.026345
vt 0.297789 0.450464
vt 0.151383 0.231804
vt 0.151383 0.231804
vt 0.297789 0.450464
vt 0.018027 0.450433
vt 0.151383 0.231804
vt 0.018027 0.450433
vt 0.018087 0.026396
vt 0.297793 0.026345
vt 0.151383 0.231804
vt 0.018087 0.026396
vt 0.907008 0.423333
vt 0.743142 0.206259
vt 0.82889 0.069408
vt 0.323238 -0.007103
vt 0.177398 0.295425
vt 0.010694 -0.007014
vt 0.323238 -0.007103
vt 0.244773 0.483099
vt 0.177398 0.295425
vt 0.177398 0.295425
vt 0.244773 0.483099
vt 0.000571 0.411274
vt 0.177398 0.295425
vt 0.000571 0.411274
vt 0.010694 -0.007014
vt 0.743142 0.206259
vt 0.848657 0.03786
vt 0.950034 0.480329
vt 0.297793 0.026345
vt 0.297789 0.450464
vt 0.151383 0.231804
vt 0.151383 0.231804
vt 0.297789 0.450464
vt 0.018027 0.450433
vt 0.151383 0.231804
vt 0.018027 0.450433
vt 0.018087 0.026396
vt 0.297793 0.026345
vt 0.151383 0.231804
vt 0.018087 0.026396
vt 0.900859 0.395474
vt 0.743142 0.206259
vt 0.82889 0.069408
vt 0.900859 0.395474
vt 0.743142 0.206259
vt 0.82889 0.069408
vt 0.900859 0.395474
vt 0.743142 0.206259
vt 0.82889 0.069408
vt 0.297793 0.026345
vt 0.297789 0.450464
vt 0.151383 0.231804
vt 0.151383 0.231804
vt 0.297789 0.450464
vt 0.018027 0.450433
vt 0.151383 0.231804
vt 0.018027 0.450433
vt 0.018087 0.026396
vt 0.297793 0.026345
vt 0.151383 0.231804
vt 0.018087 0.026396
vt 0.297793 0.026345
vt 0.297789 0.450464
vt 0.151383 0.231804
vt 0.151383 0.231804
vt 0.297789 0.450464
vt 0.018027 0.450433
vt 0.151383 0.231804
vt 0.018027 0.450433
vt 0.018087 0.026396
vt 0.297793 0.026345
vt 0.151383 0.231804
vt 0.018087 0.026396
vt 0.640251 0.472526
vt 0.59014 0.663395
vt 0.452664 0.23623
vt 0.640251 0.472526
vt 0.452664 0.23623
vt 0.657136 0.319854
vt 0.657136 0.319854
vt 0.452664 0.23623
vt 0.673706 0.041574
vt 0.981433 0.571123
vt 1.016212 0.823888
vt 0.863151 0.703252
vt 0.618485 1.014448
vt 0.863151 0.703252
vt 1.016212 0.823888
vt 0.863151 0.703252
vt 0.618485 1.014448
vt 0.694331 0.659881
vt 0.863151 0.703252
vt 0.694331 0.659881
vt 0.895925 0.447198
vt 0.895925 0.447198
vt 0.981433 0.571123
vt 0.863151 0.703252
vt 0.458088 0.305116
vt 0.59089 0.680933
vt 0.404707 0.644256
vt 0.458088 0.305116
vt 0.404707 0.644256
vt 0.25 0.370545
vt 0.404707 0.644256
vt 0.290367 0.893501
vt 0.25 0.370545
vt 0.404707 0.644256
vt 0.618485 1.014448
vt 0.290367 0.893501
vt 0.618485 1.014448
vt 0.404707 0.644256
vt 0.59089 0.680933
vt 0.694331 0.659881
vt 0.618485 1.014448
vt 0.59089 0.680933
vt 0.694331 0.659881
vt 0.59089 0.680933
vt 0.650976 0.482191
vt 0.869927 0.466725
vt 0.694331 0.659881
vt 0.650976 0.482191
vt 0.869927 0.466725
vt 0.650976 0.482191
vt 0.657389 0.319857
vt 0.869927 0.466725
vt 0.657389 0.319857
vt 0.673706 0.041574
vt 0.743142 0.206259
vt 0.848657 0.03786
vt 0.950034 0.480329
vt 0.297793 0.026345
vt 0.297789 0.450464
vt 0.151383 0.231804
vt 0.151383 0.231804
vt 0.297789 0.450464
vt 0.018027 0.450433
vt 0.151383 0.231804
vt 0.018027 0.450433
vt 0.018087 0.026396
vt 0.297793 0.026345
vt 0.151383 0.231804
vt 0.018087 0.026396
vt 0.323238 -0.007103
vt 0.177398 0.295425
vt 0.010694 -0.007014
vt 0.323238 -0.007103
vt 0.244773 0.483099
vt 0.177398 0.295425
vt 0.177398 0.295425
vt 0.244773 0.483099
vt 0.000571 0.411274
vt 0.177398 0.295425
vt 0.000571 0.411274
vt 0.010694 -0.007014
vt 0.297793 0.026345
vt 0.297789 0.450464
vt 0.151383 0.231804
vt 0.151383 0.231804
vt 0.297789 0.450464
vt 0.018027 0.450433
vt 0.151383 0.231804
vt 0.018027 0.450433
vt 0.018087 0.026396
vt 0.297793 0.026345
vt 0.151383 0.231804
vt 0.018087 0.026396
vt 0.907008 0.423333
vt 0.743142 0.206259
vt 0.82889 0.069408
vt 0.297793 0.026345
vt 0.297789 0.450464
vt 0.151383 0.231804
vt 0.151383 0.231804
vt 0.297789 0.450464
vt 0.018027 0.450433
vt 0.151383 0.231804
vt 0.018027 0.450433
vt 0.018087 0.026396
vt 0.297793 0.026345
vt 0.151383 0.231804
vt 0.018087 0.026396
vt 0.323238 -0.007103
vt 0.177398 0.295425
vt 0.010694 -0.007014
vt 0.323238 -0.007103
vt 0.244773 0.483099
vt 0.177398 0.295425
vt 0.177398 0.295425
vt 0.244773 0.483099
vt 0.000571 0.411274
vt 0.177398 0.295425
vt 0.000571 0.411274
vt 0.010694 -0.007014
vt 0.836196 0.043023
vt 1.001092 0.043785
vt 0.988368 0.412145
vt 0.900859 0.395474
vt 0.743142 0.206259
vt 0.82889 0.069408
vt 0.900859 0.395474
vt 0.743142 0.206259
vt 0.82889 0.069408
vt 0.743142 0.206259
vt 0.848657 0.03786
vt 0.950034 0.480329
vt 0.836196 0.043023
vt 1.001092 0.043785
vt 0.988368 0.412145
vt 0.323238 -0.007103
vt 0.177398 0.295425
vt 0.010694 -0.007014
vt 0.323238 -0.007103
vt 0.244773 0.483099
vt 0.177398 0.295425
vt 0.177398 0.295425
vt 0.244773 0.483099
vt 0.000571 0.411274
vt 0.177398 0.295425
vt 0.000571 0.411274
vt 0.010694 -0.007014
vt 0.640251 0.472526
vt 0.59014 0.663395
vt 0.452664 0.23623
vt 0.640251 0.472526
vt 0.452664 0.23623
vt 0.657136 0.319854
vt 0.657136 0.319854
vt 0.452664 0.23623
vt 0.673706 0.041574
vt 0.981433 0.571123
vt 1.016212 0.823888
vt 0.863151 0.703252
vt 0.618485 1.014448
vt 0.863151 0.703252
vt 1.016212 0.823888
vt 0.863151 0.703252
vt 0.618485 1.014448
vt 0.694331 0.659881
vt 0.863151 0.703252
vt 0.694331 0.659881
vt 0.895925 0.447198
vt 0.895925 0.447198
vt 0.981433 0.571123
vt 0.863151 0.703252
vt 0.458088 0.305116
vt 0.59089 0.680933
vt 0.404707 0.644256
vt 0.458088 0.305116
vt 0.404707 0.644256
vt 0.25 0.370545
vt 0.404707 0.644256
vt 0.290367 0.893501
vt 0.25 0.370545
vt 0.404707 0.644256
vt 0.618485 1.014448
vt 0.290367 0.893501
vt 0.618485 1.014448
vt 0.404707 0.644256
vt 0.59089 0.680933
vt 0.694331 0.659881
vt 0.618485 1.014448
vt 0.59089 0.680933
vt 0.694331 0.659881
vt 0.59089 0.680933
vt 0.650976 0.482191
vt 0.869927 0.466725
vt 0.694331 0.659881
vt 0.650976 0.482191
vt 0.869927 0.466725
vt 0.650976 0.482191
vt 0.657389 0.319857
vt 0.869927 0.466725
vt 0.657389 0.319857
vt 0.673706 0.041574
vt 0.743142 0.206259
vt 0.848657 0.03786
vt 0.950034 0.480329
vt 0.907008 0.423333
vt 0.743142 0.206259
vt 0.82889 0.069408
vt 0.323238 -0.007103
vt 0.177398 0.295425
vt 0.010694 -0.007014
vt 0.323238 -0.007103
vt 0.244773 0.483099
vt 0.177398 0.295425
vt 0.177398 0.295425
vt 0.244773 0.483099
vt 0.000571 0.411274
vt 0.177398 0.295425
vt 0.000571 0.411274
vt 0.010694 -0.007014
vt 0.297793 0.026345
vt 0.297789 0.450464
vt 0.151383 0.231804
vt 0.151383 0.231804
vt 0.297789 0.450464
vt 0.018027 0.450433
vt 0.151383 0.231804
vt 0.018027 0.450433
vt 0.018087 0.026396
vt 0.297793 0.026345
vt 0.151383 0.231804
vt 0.018087 0.026396
vt 0.836196 0.043023
vt 1.001092 0.043785
vt 0.988368 0.412145
vt 0.900859 0.395474
vt 0.743142 0.206259
vt 0.82889 0.069408
vt 0.900859 0.395474
vt 0.743142 0.206259
vt 0.82889 0.069408
vt 0.836196 0.043023
vt 1.001092 0.043785
vt 0.988368 0.412145
vt 0.323238 -0.007103
vt 0.177398 0.295425
vt 0.010694 -0.007014
vt 0.323238 -0.007103
vt 0.244773 0.483099
vt 0.177398 0.295425
vt 0.177398 0.295425
vt 0.244773 0.483099
vt 0.000571 0.411274
vt 0.177398 0.295425
vt 0.000571 0.411274
vt 0.010694 -0.007014
vt 0.743142 0.206259
vt 0.848657 0.03786
vt 0.950034 0.480329
vt 0.640251 0.472526
vt 0.59014 0.663395
vt 0.452664 0.23623
vt 0.640251 0.472526
vt 0.452664 0.23623
vt 0.657136 0.319854
vt 0.657136 0.319854
vt 0.452664 0.23623
vt 0.673706 0.041574
vt 0.981433 0.571123
vt 1.016212 0.823888
vt 0.863151 0.703252
vt 0.618485 1.014448
vt 0.863151 0.703252
vt 1.016212 0.823888
vt 0.863151 0.703252
vt 0.618485 1.014448
vt 0.694331 0.659881
vt 0.863151 0.703252
vt 0.694331 0.659881
vt 0.895925 0.447198
vt 0.895925 0.447198
vt 0.981433 0.571123
vt 0.863151 0.703252
vt 0.458088 0.305116
vt 0.59089 0.680933
vt 0.404707 0.644256
vt 0.458088 0.305116
vt 0.404707 0.644256
vt 0.25 0.370545
vt 0.404707 0.644256
vt 0.290367 0.893501
vt 0.25 0.370545
vt 0.404707 0.644256
vt 0.618485 1.014448
vt 0.290367 0.893501
vt 0.618485 1.014448
vt 0.404707 0.644256
vt 0.59089 0.680933
vt 0.694331 0.659881
vt 0.618485 1.014448
vt 0.59089 0.680933
vt 0.694331 0.659881
vt 0.59089 0.680933
vt 0.650976 0.482191
vt 0.869927 0.466725
vt 0.694331 0.659881
vt 0.650976 0.482191
vt 0.869927 0.466725
vt 0.650976 0.482191
vt 0.657389 0.319857
vt 0.869927 0.466725
vt 0.657389 0.319857
vt 0.673706 0.041574
vt 0.900859 0.395474
vt 0.743142 0.206259
vt 0.82889 0.069408
vt 0.323238 -0.007103
vt 0.177398 0.295425
vt 0.010694 -0.007014
vt 0.323238 -0.007103
vt 0.244773 0.483099
vt 0.177398 0.295425
vt 0.177398 0.295425
vt 0.244773 0.483099
vt 0.000571 0.411274
vt 0.177398 0.295425
vt 0.000571 0.411274
vt 0.010694 -0.007014
vt 0.907008 0.423333
vt 0.743142 0.206259
vt 0.82889 0.069408
vt 0.907008 0.423333
vt 0.743142 0.206259
vt 0.82889 0.069408
vt 0.900859 0.395474
vt 0.743142 0.206259
vt 0.82889 0.069408
vt 0.297793 0.026345
vt 0.297789 0.450464
vt 0.151383 0.231804
vt 0.151383 0.231804
vt 0.297789 0.450464
vt 0.018027 0.450433
vt 0.151383 0.231804
vt 0.018027 0.450433
vt 0.018087 0.026396
vt 0.297793 0.026345
vt 0.151383 0.231804
vt 0.018087 0.026396
vt 0.836196 0.043023
vt 1.001092 0.043785
vt 0.988368 0.412145
vt 0.323238 -0.007103
vt 0.177398 0.295425
vt 0.010694 -0.007014
vt 0.323238 -0.007103
vt 0.244773 0.483099
vt 0.177398 0.295425
vt 0.177398 0.295425
vt 0.244773 0.483099
vt 0.000571 0.411274
vt 0.177398 0.295425
vt 0.000571 0.411274
vt 0.010694 -0.007014
vt 0.743142 0.206259
vt 0.848657 0.03786
vt 0.950034 0.480329
vt 0.900859 0.395474
vt 0.743142 0.206259
vt 0.82889 0.069408
vt 0.297793 0.026345
vt 0.297789 0.450464
vt 0.151383 0.231804
vt 0.151383 0.231804
vt 0.297789 0.450464
vt 0.018027 0.450433
vt 0.151383 0.231804
vt 0.018027 0.450433
vt 0.018087 0.026396
vt 0.297793 0.026345
vt 0.151383 0.231804
vt 0.018087 0.026396
vt 0.900859 0.395474
vt 0.743142 0.206259
vt 0.82889 0.069408
vt 0.297793 0.026345
vt 0.297789 0.450464
vt 0.151383 0.231804
vt 0.151383 0.231804
vt 0.297789 0.450464
vt 0.018027 0.450433
vt 0.151383 0.231804
vt 0.018027 0.450433
vt 0.018087 0.026396
vt 0.297793 0.026345
vt 0.151383 0.231804
vt 0.018087 0.026396
vt 0.323238 -0.007103
vt 0.177398 0.295425
vt 0.010694 -0.007014
vt 0.323238 -0.007103
vt 0.244773 0.483099
vt 0.177398 0.295425
vt 0.177398 0.295425
vt 0.244773 0.483099
vt 0.000571 0.411274
vt 0.177398 0.295425
vt 0.000571 0.411274
vt 0.010694 -0.007014
vt 0.297793 0.026345
vt 0.297789 0.450464
vt 0.151383 0.231804
vt 0.151383 0.231804
vt 0.297789 0.450464
vt 0.018027 0.450433
vt 0.151383 0.231804
vt 0.018027 0.450433
vt 0.018087 0.026396
vt 0.297793 0.026345
vt 0.151383 0.231804
vt 0.018087 0.026396
vt 0.297793 0.026345
vt 0.297789 0.450464
vt 0.151383 0.231804
vt 0.151383 0.231804
vt 0.297789 0.450464
vt 0.018027 0.450433
vt 0.151383 0.231804
vt 0.018027 0.450433
vt 0.018087 0.026396
vt 0.297793 0.026345
vt 0.151383 0.231804
vt 0.018087 0.026396
vt 0.297793 0.026345
vt 0.297789 0.450464
vt 0.151383 0.231804
vt 0.151383 0.231804
vt 0.297789 0.450464
vt 0.018027 0.450433
vt 0.151383 0.231804
vt 0.018027 0.450433
vt 0.018087 0.026396
vt 0.297793 0.026345
vt 0.151383 0.231804
vt 0.018087 0.026396
vt 0.297793 0.026345
vt 0.297789 0.450464
vt 0.151383 0.231804
vt 0.151383 0.231804
vt 0.297789 0.450464
vt 0.018027 0.450433
vt 0.151383 0.231804
vt 0.018027 0.450433
vt 0.018087 0.026396
vt 0.297793 0.026345
vt 0.151383 0.231804
vt 0.018087 0.026396
vt 0.836196 0.043023
vt 1.001092 0.043785
vt 0.988368 0.412145
vt 0.640251 0.472526
vt 0.59014 0.663395
vt 0.452664 0.23623
vt 0.640251 0.472526
vt 0.452664 0.23623
vt 0.657136 0.319854
vt 0.657136 0.319854
vt 0.452664 0.23623
vt 0.673706 0.041574
vt 0.981433 0.571123
vt 1.016212 0.823888
vt 0.863151 0.703252
vt 0.618485 1.014448
vt 0.863151 0.703252
vt 1.016212 0.823888
vt 0.863151 0.703252
vt 0.618485 1.014448
vt 0.694331 0.659881
vt 0.863151 0.703252
vt 0.694331 0.659881
vt 0.895925 0.447198
vt 0.895925 0.447198
vt 0.981433 0.571123
vt 0.863151 0.703252
vt 0.458088 0.305116
vt 0.59089 0.680933
vt 0.404707 0.644256
vt 0.458088 0.305116
vt 0.404707 0.644256
vt 0.25 0.370545
vt 0.404707 0.644256
vt 0.290367 0.893501
vt 0.25 0.370545
vt 0.404707 0.644256
vt 0.618485 1.014448
vt 0.290367 0.893501
vt 0.618485 1.014448
vt 0.404707 0.644256
vt 0.59089 0.680933
vt 0.694331 0.659881
vt 0.618485 1.014448
vt 0.59089 0.680933
vt 0.694331 0.659881
vt 0.59089 0.680933
vt 0.650976 0.482191
vt 0.869927 0.466725
vt 0.694331 0.659881
vt 0.650976 0.482191
vt 0.869927 0.466725
vt 0.650976 0.482191
vt 0.657389 0.319857
vt 0.869927 0.466725
vt 0.657389 0.319857
vt 0.673706 0.041574
vt 0.297793 0.026345
vt 0.297789 0.450464
vt 0.151383 0.231804
vt 0.151383 0.231804
vt 0.297789 0.450464
vt 0.018027 0.450433
vt 0.151383 0.231804
vt 0.018027 0.450433
vt 0.018087 0.026396
vt 0.297793 0.026345
vt 0.151383 0.231804
vt 0.018087 0.026396
vt 0.900859 0.395474
vt 0.743142 0.206259
vt 0.82889 0.069408
vt 0.907008 0.423333
vt 0.743142 0.206259
vt 0.82889 0.069408
vt 0.323238 -0.007103
vt 0.177398 0.295425
vt 0.010694 -0.007014
vt 0.323238 -0.007103
vt 0.244773 0.483099
vt 0.177398 0.295425
vt 0.177398 0.295425
vt 0.244773 0.483099
vt 0.000571 0.411274
vt 0.177398 0.295425
vt 0.000571 0.411274
vt 0.010694 -0.007014
vt 0.323238 -0.007103
vt 0.177398 0.295425
vt 0.010694 -0.007014
vt 0.323238 -0.007103
vt 0.244773 0.483099
vt 0.177398 0.295425
vt 0.177398 0.295425
vt 0.244773 0.483099
vt 0.000571 0.411274
vt 0.177398 0.295425
vt 0.000571 0.411274
vt 0.010694 -0.007014
vt 0.900859 0.395474
vt 0.743142 0.206259
vt 0.82889 0.069408
vt 0.900859 0.395474
vt 0.743142 0.206259
vt 0.82889 0.069408
vt 0.743142 0.206259
vt 0.848657 0.03786
vt 0.950034 0.480329
vt 0.836196 0.043023
vt 1.001092 0.043785
vt 0.988368 0.412145
vt 0.900859 0.395474
vt 0.743142 0.206259
vt 0.82889 0.069408
vt 0.743142 0.206259
vt 0.848657 0.03786
vt 0.950034 0.480329
vt 0.640251 0.472526
vt 0.59014 0.663395
vt 0.452664 0.23623
vt 0.640251 0.472526
vt 0.452664 0.23623
vt 0.657136 0.319854
vt 0.657136 0.319854
vt 0.452664 0.23623
vt 0.673706 0.041574
vt 0.981433 0.571123
vt 1.016212 0.823888
vt 0.863151 0.703252
vt 0.618485 1.014448
vt 0.863151 0.703252
vt 1.016212 0.823888
vt 0.863151 0.703252
vt 0.618485 1.014448
vt 0.694331 0.659881
vt 0.863151 0.703252
vt 0.694331 0.659881
vt 0.895925 0.447198
vt 0.895925 0.447198
vt 0.981433 0.571123
vt 0.863151 0.703252
vt 0.458088 0.305116
vt 0.59089 0.680933
vt 0.404707 0.644256
vt 0.458088 0.305116
vt 0.404707 0.644256
vt 0.25 0.370545
vt 0.404707 0.644256
vt 0.290367 0.893501
vt 0.25 0.370545
vt 0.404707 0.644256
vt 0.618485 1.014448
vt 0.290367 0.893501
vt 0.618485 1.014448
vt 0.404707 0.644256
vt 0.59089 0.680933
vt 0.694331 0.659881
vt 0.618485 1.014448
vt 0.59089 0.680933
vt 0.694331 0.659881
vt 0.59089 0.680933
vt 0.650976 0.482191
vt 0.869927 0.466725
vt 0.694331 0.659881
vt 0.650976 0.482191
vt 0.869927 0.466725
vt 0.650976 0.482191
vt 0.657389 0.319857
vt 0.869927 0.466725
vt 0.657389 0.319857
vt 0.673706 0.041574
vt 0.907008 0.423333
vt 0.743142 0.206259
vt 0.82889 0.069408
vt 0.297793 0.026345
vt 0.297789 0.450464
vt 0.151383 0.231804
vt 0.151383 0.231804
vt 0.297789 0.450464
vt 0.018027 0.450433
vt 0.151383 0.231804
vt 0.018027 0.450433
vt 0.018087 0.026396
vt 0.297793 0.026345
vt 0.151383 0.231804
vt 0.018087 0.026396
vt 0.323238 -0.007103
vt 0.177398 0.295425
vt 0.010694 -0.007014
vt 0.323238 -0.007103
vt 0.244773 0.483099
vt 0.177398 0.295425
vt 0.177398 0.295425
vt 0.244773 0.483099
vt 0.000571 0.411274
vt 0.177398 0.295425
vt 0.000571 0.411274
vt 0.010694 -0.007014
vt 0.323238 -0.007103
vt 0.177398 0.295425
vt 0.010694 -0.007014
vt 0.323238 -0.007103
vt 0.244773 0.483099
vt 0.177398 0.295425
vt 0.177398 0.295425
vt 0.244773 0.483099
vt 0.000571 0.411274
vt 0.177398 0.295425
vt 0.000571 0.411274
vt 0.010694 -0.007014
vt 0.098906 0.448763
vt 0.009459 0.410752
vt 0.015973 0.181761
vt 0.098906 0.448763
vt 0.009459 0.410752
vt 0.015973 0.181761
vt 0.098906 0.448763
vt 0.009459 0.410752
vt 0.015973 0.181761
vt 0.205514 0.519686
vt 0.100571 0.729573
vt -0.004373 0.519686
vt 0.205514 0.519686
vt 0.100571 0.729573
vt -0.004373 0.519686
vt 0.205514 0.519686
vt 0.100571 0.729573
vt -0.004373 0.519686
vt 0.205514 0.519686
vt 0.100571 0.729573
vt -0.004373 0.519686
vt 0.205514 0.519686
vt 0.100571 0.729573
vt -0.004373 0.519686
vt -0.719038 0.798567
vt -0.653051 0.884789
vt -0.723638 0.576969
vt -0.623524 0.681692
vt -0.723638 0.576969
vt -0.653051 0.884789
vt -0.653051 0.884789
vt -0.605844 0.946471
vt -0.623524 0.681692
vt -0.513796 0.79647
vt -0.623524 0.681692
vt -0.605844 0.946471
vt 0.140487 0.231426
vt 0.334133 0.013943
vt 0.245456 0.476668
vt 0.140487 0.231426
vt 0.245456 0.476668
vt 0.008878 0.413776
vt 0.140487 0.231426
vt 0.008878 0.413776
vt 0.006057 -0.001981
vt 0.334133 0.013943
vt 0.140487 0.231426
vt 0.006057 -0.001981
vt 0.140487 0.231426
vt 0.334133 0.013943
vt 0.245456 0.476668
vt 0.140487 0.231426
vt 0.245456 0.476668
vt 0.008878 0.413776
vt 0.140487 0.231426
vt 0.008878 0.413776
vt 0.006057 -0.001981
vt 0.334133 0.013943
vt 0.140487 0.231426
vt 0.006057 -0.001981
vt 0.205514 0.519686
vt 0.100571 0.729573
vt -0.004373 0.519686
vt 0.205514 0.519686
vt 0.100571 0.729573
vt -0.004373 0.519686
vt 0.205514 0.519686
vt 0.100571 0.729573
vt -0.004373 0.519686
vt 0.205514 0.519686
vt 0.100571 0.729573
vt -0.004373 0.519686
vt 0.205514 0.519686
vt 0.100571 0.729573
vt -0.004373 0.519686
vt 0.205514 0.519686
vt 0.100571 0.729573
vt -0.004373 0.519686
vt 0.205514 0.519686
vt 0.100571 0.729573
vt -0.004373 0.519686
vt 0.205514 0.519686
vt 0.100571 0.729573
vt -0.004373 0.519686
vt 0.205514 0.519686
vt 0.100571 0.729573
vt -0.004373 0.519686
vt 0.205514 0.519686
vt 0.100571 0.729573
vt -0.004373 0.519686
vt 0.140487 0.231426
vt 0.334133 0.013943
vt 0.245456 0.476668
vt 0.140487 0.231426
vt 0.245456 0.476668
vt 0.008878 0.413776
vt 0.140487 0.231426
vt 0.008878 0.413776
vt 0.006057 -0.001981
vt 0.334133 0.013943
vt 0.140487 0.231426
vt 0.006057 -0.001981
vt 0.205514 0.519686
vt 0.100571 0.729573
vt -0.004373 0.519686
vt 0.205514 0.519686
vt 0.100571 0.729573
vt -0.004373 0.519686
vt 0.205514 0.519686
vt 0.100571 0.729573
vt -0.004373 0.519686
vt 0.205514 0.519686
vt 0.100571 0.729573
vt -0.004373 0.519686
vt 0.205514 0.519686
vt 0.100571 0.729573
vt -0.004373 0.519686
vt 0.205514 0.519686
vt 0.100571 0.729573
vt -0.004373 0.519686
vt 0.205514 0.519686
vt 0.100571 0.729573
vt -0.004373 0.519686
vt 0.205514 0.519686
vt 0.100571 0.729573
vt -0.004373 0.519686
vt 0.205514 0.519686
vt 0.100571 0.729573
vt -0.004373 0.519686
vt 0.205514 0.519686
vt 0.100571 0.729573
vt -0.004373 0.519686
vt 0.900859 0.395474
vt 0.743142 0.206259
vt 0.82889 0.069408
vt 0.151383 0.231804
vt 0.295559 0.019643
vt 0.009152 0.016343
vt 0.251475 0.47193
vt 0.295559 0.019643
vt 0.151383 0.231804
vt 0.251475 0.47193
vt 0.151383 0.231804
vt 0.000571 0.411274
vt 0.000571 0.411274
vt 0.151383 0.231804
vt 0.009152 0.016343
vt 0.295559 0.019643
vt 0.251475 0.47193
vt 0.151383 0.231804
vt 0.151383 0.231804
vt 0.251475 0.47193
vt 0.000571 0.411274
vt 0.151383 0.231804
vt 0.000571 0.411274
vt 0.009152 0.016343
vt 0.295559 0.019643
vt 0.151383 0.231804
vt 0.009152 0.016343
vt 0.295559 0.019643
vt 0.251475 0.47193
vt 0.151383 0.231804
vt 0.151383 0.231804
vt 0.251475 0.47193
vt 0.000571 0.411274
vt 0.151383 0.231804
vt 0.000571 0.411274
vt 0.009152 0.016343
vt 0.295559 0.019643
vt 0.151383 0.231804
vt 0.009152 0.016343
vt 0.869927 0.466725
vt 0.657263 0.319855
vt 0.673706 0.041574
vt 0.657263 0.319855
vt 0.452664 0.23623
vt 0.673706 0.041574
vt 0.650976 0.482191
vt 0.452664 0.23623
vt 0.657263 0.319855
vt 0.869927 0.466725
vt 0.650976 0.482191
vt 0.657263 0.319855
vt 0.869927 0.466725
vt 0.694331 0.659881
vt 0.650976 0.482191
vt 0.694331 0.659881
vt 0.59089 0.680933
vt 0.650976 0.482191
vt 0.650976 0.482191
vt 0.59089 0.680933
vt 0.452664 0.23623
vt 0.981433 0.571123
vt 1.016212 0.823888
vt 0.863151 0.703252
vt 0.618485 1.014448
vt 0.863151 0.703252
vt 1.016212 0.823888
vt 0.895925 0.447198
vt 0.981433 0.571123
vt 0.863151 0.703252
vt 0.863151 0.703252
vt 0.694331 0.659881
vt 0.895925 0.447198
vt 0.863151 0.703252
vt 0.618485 1.014448
vt 0.694331 0.659881
vt 0.694331 0.659881
vt 0.618485 1.014448
vt 0.59089 0.680933
vt 0.618485 1.014448
vt 0.404707 0.644256
vt 0.59089 0.680933
vt 0.458088 0.305116
vt 0.59089 0.680933
vt 0.404707 0.644256
vt 0.404707 0.644256
vt 0.618485 1.014448
vt 0.290367 0.893501
vt 0.404707 0.644256
vt 0.290367 0.893501
vt 0.25 0.370545
vt 0.458088 0.305116
vt 0.404707 0.644256
vt 0.25 0.370545
vt 0.743142 0.206259
vt 0.848657 0.03786
vt 0.950034 0.480329
vt 0.869927 0.466725
vt 0.657263 0.319855
vt 0.673706 0.041574
vt 0.657263 0.319855
vt 0.452664 0.23623
vt 0.673706 0.041574
vt 0.650976 0.482191
vt 0.452664 0.23623
vt 0.657263 0.319855
vt 0.869927 0.466725
vt 0.650976 0.482191
vt 0.657263 0.319855
vt 0.869927 0.466725
vt 0.694331 0.659881
vt 0.650976 0.482191
vt 0.694331 0.659881
vt 0.59089 0.680933
vt 0.650976 0.482191
vt 0.650976 0.482191
vt 0.59089 0.680933
vt 0.452664 0.23623
vt 0.981433 0.571123
vt 1.016212 0.823888
vt 0.863151 0.703252
vt 0.618485 1.014448
vt 0.863151 0.703252
vt 1.016212 0.823888
vt 0.895925 0.447198
vt 0.981433 0.571123
vt 0.863151 0.703252
vt 0.863151 0.703252
vt 0.694331 0.659881
vt 0.895925 0.447198
vt 0.863151 0.703252
vt 0.618485 1.014448
vt 0.694331 0.659881
vt 0.694331 0.659881
vt 0.618485 1.014448
vt 0.59089 0.680933
vt 0.618485 1.014448
vt 0.404707 0.644256
vt 0.59089 0.680933
vt 0.458088 0.305116
vt 0.59089 0.680933
vt 0.404707 0.644256
vt 0.404707 0.644256
vt 0.618485 1.014448
vt 0.290367 0.893501
vt 0.404707 0.644256
vt 0.290367 0.893501
vt 0.25 0.370545
vt 0.458088 0.305116
vt 0.404707 0.644256
vt 0.25 0.370545
vt 0.151383 0.231804
vt 0.295559 0.019643
vt 0.009152 0.016343
vt 0.251475 0.47193
vt 0.295559 0.019643
vt 0.151383 0.231804
vt 0.251475 0.47193
vt 0.151383 0.231804
vt 0.000571 0.411274
vt 0.000571 0.411274
vt 0.151383 0.231804
vt 0.009152 0.016343
vt 0.295559 0.019643
vt 0.251475 0.47193
vt 0.151383 0.231804
vt 0.151383 0.231804
vt 0.251475 0.47193
vt 0.000571 0.411274
vt 0.151383 0.231804
vt 0.000571 0.411274
vt 0.009152 0.016343
vt 0.295559 0.019643
vt 0.151383 0.231804
vt 0.009152 0.016343
vt 0.640251 0.472526
vt 0.59014 0.663395
vt 0.452664 0.23623
vt 0.640251 0.472526
vt 0.452664 0.23623
vt 0.657136 0.319854
vt 0.657136 0.319854
vt 0.452664 0.23623
vt 0.673706 0.041574
vt 0.981433 0.571123
vt 1.016212 0.823888
vt 0.863151 0.703252
vt 0.618485 1.014448
vt 0.863151 0.703252
vt 1.016212 0.823888
vt 0.863151 0.703252
vt 0.618485 1.014448
vt 0.694331 0.659881
vt 0.863151 0.703252
vt 0.694331 0.659881
vt 0.895925 0.447198
vt 0.895925 0.447198
vt 0.981433 0.571123
vt 0.863151 0.703252
vt 0.458088 0.305116
vt 0.59089 0.680933
vt 0.404707 0.644256
vt 0.458088 0.305116
vt 0.404707 0.644256
vt 0.25 0.370545
vt 0.404707 0.644256
vt 0.290367 0.893501
vt 0.25 0.370545
vt 0.404707 0.644256
vt 0.618485 1.014448
vt 0.290367 0.893501
vt 0.618485 1.014448
vt 0.404707 0.644256
vt 0.59089 0.680933
vt 0.694331 0.659881
vt 0.618485 1.014448
vt 0.59089 0.680933
vt 0.694331 0.659881
vt 0.59089 0.680933
vt 0.650976 0.482191
vt 0.869927 0.466725
vt 0.694331 0.659881
vt 0.650976 0.482191
vt 0.869927 0.466725
vt 0.650976 0.482191
vt 0.657389 0.319857
vt 0.869927 0.466725
vt 0.657389 0.319857
vt 0.673706 0.041574
vt 0.295559 0.019643
vt 0.251475 0.47193
vt 0.151383 0.231804
vt 0.151383 0.231804
vt 0.251475 0.47193
vt 0.000571 0.411274
vt 0.151383 0.231804
vt 0.000571 0.411274
vt 0.009152 0.016343
vt 0.295559 0.019643
vt 0.151383 0.231804
vt 0.009152 0.016343
vt 0.295559 0.019643
vt 0.251475 0.47193
vt 0.151383 0.231804
vt 0.151383 0.231804
vt 0.251475 0.47193
vt 0.000571 0.411274
vt 0.151383 0.231804
vt 0.000571 0.411274
vt 0.009152 0.016343
vt 0.295559 0.019643
vt 0.151383 0.231804
vt 0.009152 0.016343
vt 0.900859 0.395474
vt 0.743142 0.206259
vt 0.82889 0.069408
vt 0.295559 0.019643
vt 0.251475 0.47193
vt 0.151383 0.231804
vt 0.151383 0.231804
vt 0.251475 0.47193
vt 0.000571 0.411274
vt 0.151383 0.231804
vt 0.000571 0.411274
vt 0.009152 0.016343
vt 0.295559 0.019643
vt 0.151383 0.231804
vt 0.009152 0.016343
vt 0.743142 0.206259
vt 0.848657 0.03786
vt 0.950034 0.480329
vt 0.907008 0.423333
vt 0.743142 0.206259
vt 0.82889 0.069408
vt 0.295559 0.019643
vt 0.251475 0.47193
vt 0.151383 0.231804
vt 0.151383 0.231804
vt 0.251475 0.47193
vt 0.000571 0.411274
vt 0.151383 0.231804
vt 0.000571 0.411274
vt 0.009152 0.016343
vt 0.295559 0.019643
vt 0.151383 0.231804
vt 0.009152 0.016343
vt 0.295559 0.019643
vt 0.177398 0.295425
vt 0.009152 0.016343
vt 0.295559 0.019643
vt 0.251475 0.47193
vt 0.177398 0.295425
vt 0.177398 0.295425
vt 0.251475 0.47193
vt 0.000571 0.411274
vt 0.177398 0.295425
vt 0.000571 0.411274
vt 0.009152 0.016343
vt 0.295559 0.019643
vt 0.177398 0.295425
vt 0.009152 0.016343
vt 0.295559 0.019643
vt 0.251475 0.47193
vt 0.177398 0.295425
vt 0.177398 0.295425
vt 0.251475 0.47193
vt 0.000571 0.411274
vt 0.177398 0.295425
vt 0.000571 0.411274
vt 0.009152 0.016343
vt 0.900859 0.395474
vt 0.743142 0.206259
vt 0.82889 0.069408
vt 0.836196 0.043023
vt 1.001092 0.043785
vt 0.988368 0.412145
vt 0.900859 0.395474
vt 0.743142 0.206259
vt 0.82889 0.069408
vt 0.836196 0.043023
vt 1.001092 0.043785
vt 0.988368 0.412145
vt 0.900859 0.395474
vt 0.743142 0.206259
vt 0.82889 0.069408
vt 0.900859 0.395474
vt 0.743142 0.206259
vt 0.82889 0.069408
vt 0.900859 0.395474
vt 0.743142 0.206259
vt 0.82889 0.069408
vt 0.836196 0.043023
vt 1.001092 0.043785
vt 0.988368 0.412145
vt 0.295559 0.019643
vt 0.251475 0.47193
vt 0.151383 0.231804
vt 0.151383 0.231804
vt 0.251475 0.47193
vt 0.000571 0.411274
vt 0.151383 0.231804
vt 0.000571 0.411274
vt 0.009152 0.016343
vt 0.295559 0.019643
vt 0.151383 0.231804
vt 0.009152 0.016343
vt 0.151383 0.231804
vt 0.295559 0.019643
vt 0.009152 0.016343
vt 0.251475 0.47193
vt 0.295559 0.019643
vt 0.151383 0.231804
vt 0.251475 0.47193
vt 0.151383 0.231804
vt 0.000571 0.411274
vt 0.000571 0.411274
vt 0.151383 0.231804
vt 0.009152 0.016343
vt 0.869927 0.466725
vt 0.657263 0.319855
vt 0.673706 0.041574
vt 0.657263 0.319855
vt 0.452664 0.23623
vt 0.673706 0.041574
vt 0.650976 0.482191
vt 0.452664 0.23623
vt 0.657263 0.319855
vt 0.869927 0.466725
vt 0.650976 0.482191
vt 0.657263 0.319855
vt 0.869927 0.466725
vt 0.694331 0.659881
vt 0.650976 0.482191
vt 0.694331 0.659881
vt 0.59089 0.680933
vt 0.650976 0.482191
vt 0.650976 0.482191
vt 0.59089 0.680933
vt 0.452664 0.23623
vt 0.981433 0.571123
vt 1.016212 0.823888
vt 0.863151 0.703252
vt 0.618485 1.014448
vt 0.863151 0.703252
vt 1.016212 0.823888
vt 0.895925 0.447198
vt 0.981433 0.571123
vt 0.863151 0.703252
vt 0.863151 0.703252
vt 0.694331 0.659881
vt 0.895925 0.447198
vt 0.863151 0.703252
vt 0.618485 1.014448
vt 0.694331 0.659881
vt 0.694331 0.659881
vt 0.618485 1.014448
vt 0.59089 0.680933
vt 0.618485 1.014448
vt 0.404707 0.644256
vt 0.59089 0.680933
vt 0.458088 0.305116
vt 0.59089 0.680933
vt 0.404707 0.644256
vt 0.404707 0.644256
vt 0.618485 1.014448
vt 0.290367 0.893501
vt 0.404707 0.644256
vt 0.290367 0.893501
vt 0.25 0.370545
vt 0.458088 0.305116
vt 0.404707 0.644256
vt 0.25 0.370545
vt 0.900859 0.395474
vt 0.743142 0.206259
vt 0.82889 0.069408
vt 0.836196 0.043023
vt 1.001092 0.043785
vt 0.988368 0.412145
vt 0.900859 0.395474
vt 0.743142 0.206259
vt 0.82889 0.069408
vt 0.900859 0.395474
vt 0.743142 0.206259
vt 0.82889 0.069408
vt 0.869927 0.466725
vt 0.657263 0.319855
vt 0.673706 0.041574
vt 0.657263 0.319855
vt 0.452664 0.23623
vt 0.673706 0.041574
vt 0.650976 0.482191
vt 0.452664 0.23623
vt 0.657263 0.319855
vt 0.869927 0.466725
vt 0.650976 0.482191
vt 0.657263 0.319855
vt 0.869927 0.466725
vt 0.694331 0.659881
vt 0.650976 0.482191
vt 0.694331 0.659881
vt 0.59089 0.680933
vt 0.650976 0.482191
vt 0.650976 0.482191
vt 0.59089 0.680933
vt 0.452664 0.23623
vt 0.981433 0.571123
vt 1.016212 0.823888
vt 0.863151 0.703252
vt 0.618485 1.014448
vt 0.863151 0.703252
vt 1.016212 0.823888
vt 0.895925 0.447198
vt 0.981433 0.571123
vt 0.863151 0.703252
vt 0.863151 0.703252
vt 0.694331 0.659881
vt 0.895925 0.447198
vt 0.863151 0.703252
vt 0.618485 1.014448
vt 0.694331 0.659881
vt 0.694331 0.659881
vt 0.618485 1.014448
vt 0.59089 0.680933
vt 0.618485 1.014448
vt 0.404707 0.644256
vt 0.59089 0.680933
vt 0.458088 0.305116
vt 0.59089 0.680933
vt 0.404707 0.644256
vt 0.404707 0.644256
vt 0.618485 1.014448
vt 0.290367 0.893501
vt 0.404707 0.644256
vt 0.290367 0.893501
vt 0.25 0.370545
vt 0.458088 0.305116
vt 0.404707 0.644256
vt 0.25 0.370545
vt 0.295559 0.019643
vt 0.251475 0.47193
vt 0.151383 0.231804
vt 0.151383 0.231804
vt 0.251475 0.47193
vt 0.000571 0.411274
vt 0.151383 0.231804
vt 0.000571 0.411274
vt 0.009152 0.016343
vt 0.295559 0.019643
vt 0.151383 0.231804
vt 0.009152 0.016343
vt 0.295559 0.019643
vt 0.251475 0.47193
vt 0.151383 0.231804
vt 0.151383 0.231804
vt 0.251475 0.47193
vt 0.000571 0.411274
vt 0.151383 0.231804
vt 0.000571 0.411274
vt 0.009152 0.016343
vt 0.295559 0.019643
vt 0.151383 0.231804
vt 0.009152 0.016343
vt 0.900859 0.395474
vt 0.743142 0.206259
vt 0.82889 0.069408
vt 0.295559 0.019643
vt 0.251475 0.47193
vt 0.151383 0.231804
vt 0.151383 0.231804
vt 0.251475 0.47193
vt 0.000571 0.411274
vt 0.151383 0.231804
vt 0.000571 0.411274
vt 0.009152 0.016343
vt 0.295559 0.019643
vt 0.151383 0.231804
vt 0.009152 0.016343
vt 0.151383 0.231804
vt 0.295559 0.019643
vt 0.009152 0.016343
vt 0.251475 0.47193
vt 0.295559 0.019643
vt 0.151383 0.231804
vt 0.251475 0.47193
vt 0.151383 0.231804
vt 0.000571 0.411274
vt 0.000571 0.411274
vt 0.151383 0.231804
vt 0.009152 0.016343
vt 0.869927 0.466725
vt 0.657263 0.319855
vt 0.673706 0.041574
vt 0.657263 0.319855
vt 0.452664 0.23623
vt 0.673706 0.041574
vt 0.650976 0.482191
vt 0.452664 0.23623
vt 0.657263 0.319855
vt 0.869927 0.466725
vt 0.650976 0.482191
vt 0.657263 0.319855
vt 0.869927 0.466725
vt 0.694331 0.659881
vt 0.650976 0.482191
vt 0.694331 0.659881
vt 0.59089 0.680933
vt 0.650976 0.482191
vt 0.650976 0.482191
vt 0.59089 0.680933
vt 0.452664 0.23623
vt 0.981433 0.571123
vt 1.016212 0.823888
vt 0.863151 0.703252
vt 0.618485 1.014448
vt 0.863151 0.703252
vt 1.016212 0.823888
vt 0.895925 0.447198
vt 0.981433 0.571123
vt 0.863151 0.703252
vt 0.863151 0.703252
vt 0.694331 0.659881
vt 0.895925 0.447198
vt 0.863151 0.703252
vt 0.618485 1.014448
vt 0.694331 0.659881
vt 0.694331 0.659881
vt 0.618485 1.014448
vt 0.59089 0.680933
vt 0.618485 1.014448
vt 0.404707 0.644256
vt 0.59089 0.680933
vt 0.458088 0.305116
vt 0.59089 0.680933
vt 0.404707 0.644256
vt 0.404707 0.644256
vt 0.618485 1.014448
vt 0.290367 0.893501
vt 0.404707 0.644256
vt 0.290367 0.893501
vt 0.25 0.370545
vt 0.458088 0.305116
vt 0.404707 0.644256
vt 0.25 0.370545
vt 0.295559 0.019643
vt 0.251475 0.47193
vt 0.151383 0.231804
vt 0.151383 0.231804
vt 0.251475 0.47193
vt 0.000571 0.411274
vt 0.151383 0.231804
vt 0.000571 0.411274
vt 0.009152 0.016343
vt 0.295559 0.019643
vt 0.151383 0.231804
vt 0.009152 0.016343
vt 0.295559 0.019643
vt 0.251475 0.47193
vt 0.151383 0.231804
vt 0.151383 0.231804
vt 0.251475 0.47193
vt 0.000571 0.411274
vt 0.151383 0.231804
vt 0.000571 0.411274
vt 0.009152 0.016343
vt 0.295559 0.019643
vt 0.151383 0.231804
vt 0.009152 0.016343
vt 0.151383 0.231804
vt 0.295559 0.019643
vt 0.009152 0.016343
vt 0.251475 0.47193
vt 0.295559 0.019643
vt 0.151383 0.231804
vt 0.251475 0.47193
vt 0.151383 0.231804
vt 0.000571 0.411274
vt 0.000571 0.411274
vt 0.151383 0.231804
vt 0.009152 0.016343
vt 0.151383 0.231804
vt 0.295559 0.019643
vt 0.009152 0.016343
vt 0.251475 0.47193
vt 0.295559 0.019643
vt 0.151383 0.231804
vt 0.251475 0.47193
vt 0.151383 0.231804
vt 0.000571 0.411274
vt 0.000571 0.411274
vt 0.151383 0.231804
vt 0.009152 0.016343
vt 0.295559 0.019643
vt 0.251475 0.47193
vt 0.151383 0.231804
vt 0.151383 0.231804
vt 0.251475 0.47193
vt 0.000571 0.411274
vt 0.151383 0.231804
vt 0.000571 0.411274
vt 0.009152 0.016343
vt 0.295559 0.019643
vt 0.151383 0.231804
vt 0.009152 0.016343
vt 0.869927 0.466725
vt 0.657263 0.319855
vt 0.673706 0.041574
vt 0.657263 0.319855
vt 0.452664 0.23623
vt 0.673706 0.041574
vt 0.650976 0.482191
vt 0.452664 0.23623
vt 0.657263 0.319855
vt 0.869927 0.466725
vt 0.650976 0.482191
vt 0.657263 0.319855
vt 0.869927 0.466725
vt 0.694331 0.659881
vt 0.650976 0.482191
vt 0.694331 0.659881
vt 0.59089 0.680933
vt 0.650976 0.482191
vt 0.650976 0.482191
vt 0.59089 0.680933
vt 0.452664 0.23623
vt 0.981433 0.571123
vt 1.016212 0.823888
vt 0.863151 0.703252
vt 0.618485 1.014448
vt 0.863151 0.703252
vt 1.016212 0.823888
vt 0.895925 0.447198
vt 0.981433 0.571123
vt 0.863151 0.703252
vt 0.863151 0.703252
vt 0.694331 0.659881
vt 0.895925 0.447198
vt 0.863151 0.703252
vt 0.618485 1.014448
vt 0.694331 0.659881
vt 0.694331 0.659881
vt 0.618485 1.014448
vt 0.59089 0.680933
vt 0.618485 1.014448
vt 0.404707 0.644256
vt 0.59089 0.680933
vt 0.458088 0.305116
vt 0.59089 0.680933
vt 0.404707 0.644256
vt 0.404707 0.644256
vt 0.618485 1.014448
vt 0.290367 0.893501
vt 0.404707 0.644256
vt 0.290367 0.893501
vt 0.25 0.370545
vt 0.458088 0.305116
vt 0.404707 0.644256
vt 0.25 0.370545
vt 0.900859 0.395474
vt 0.743142 0.206259
vt 0.82889 0.069408
vt 0.900859 0.395474
vt 0.743142 0.206259
vt 0.82889 0.069408
vt 0.295559 0.019643
vt 0.251475 0.47193
vt 0.151383 0.231804
vt 0.151383 0.231804
vt 0.251475 0.47193
vt 0.000571 0.411274
vt 0.151383 0.231804
vt 0.000571 0.411274
vt 0.009152 0.016343
vt 0.295559 0.019643
vt 0.151383 0.231804
vt 0.009152 0.016343
vt 0.869927 0.466725
vt 0.657263 0.319855
vt 0.673706 0.041574
vt 0.657263 0.319855
vt 0.452664 0.23623
vt 0.673706 0.041574
vt 0.650976 0.482191
vt 0.452664 0.23623
vt 0.657263 0.319855
vt 0.869927 0.466725
vt 0.650976 0.482191
vt 0.657263 0.319855
vt 0.869927 0.466725
vt 0.694331 0.659881
vt 0.650976 0.482191
vt 0.694331 0.659881
vt 0.59089 0.680933
vt 0.650976 0.482191
vt 0.650976 0.482191
vt 0.59089 0.680933
vt 0.452664 0.23623
vt 0.981433 0.571123
vt 1.016212 0.823888
vt 0.863151 0.703252
vt 0.618485 1.014448
vt 0.863151 0.703252
vt 1.016212 0.823888
vt 0.895925 0.447198
vt 0.981433 0.571123
vt 0.863151 0.703252
vt 0.863151 0.703252
vt 0.694331 0.659881
vt 0.895925 0.447198
vt 0.863151 0.703252
vt 0.618485 1.014448
vt 0.694331 0.659881
vt 0.694331 0.659881
vt 0.618485 1.014448
vt 0.59089 0.680933
vt 0.618485 1.014448
vt 0.404707 0.644256
vt 0.59089 0.680933
vt 0.458088 0.305116
vt 0.59089 0.680933
vt 0.404707 0.644256
vt 0.404707 0.644256
vt 0.618485 1.014448
vt 0.290367 0.893501
vt 0.404707 0.644256
vt 0.290367 0.893501
vt 0.25 0.370545
vt 0.458088 0.305116
vt 0.404707 0.644256
vt 0.25 0.370545
vt 0.295559 0.019643
vt 0.251475 0.47193
vt 0.151383 0.231804
vt 0.151383 0.231804
vt 0.251475 0.47193
vt 0.000571 0.411274
vt 0.151383 0.231804
vt 0.000571 0.411274
vt 0.009152 0.016343
vt 0.295559 0.019643
vt 0.151383 0.231804
vt 0.009152 0.016343
vt 0.151383 0.231804
vt 0.295559 0.019643
vt 0.009152 0.016343
vt 0.251475 0.47193
vt 0.295559 0.019643
vt 0.151383 0.231804
vt 0.251475 0.47193
vt 0.151383 0.231804
vt 0.000571 0.411274
vt 0.000571 0.411274
vt 0.151383 0.231804
vt 0.009152 0.016343
vt 0.295559 0.019643
vt 0.251475 0.47193
vt 0.151383 0.231804
vt 0.151383 0.231804
vt 0.251475 0.47193
vt 0.000571 0.411274
vt 0.151383 0.231804
vt 0.000571 0.411274
vt 0.009152 0.016343
vt 0.295559 0.019643
vt 0.151383 0.231804
vt 0.009152 0.016343
vt 0.295559 0.019643
vt 0.251475 0.47193
vt 0.151383 0.231804
vt 0.151383 0.231804
vt 0.251475 0.47193
vt 0.000571 0.411274
vt 0.151383 0.231804
vt 0.000571 0.411274
vt 0.009152 0.016343
vt 0.295559 0.019643
vt 0.151383 0.231804
vt 0.009152 0.016343
vt 0.869927 0.466725
vt 0.664022 0.205459
vt 0.673706 0.041574
vt 0.664022 0.205459
vt 0.452664 0.23623
vt 0.673706 0.041574
vt 0.664022 0.205459
vt 0.657263 0.319855
vt 0.452664 0.23623
vt 0.650976 0.482191
vt 0.452664 0.23623
vt 0.657263 0.319855
vt 0.869927 0.466725
vt 0.657263 0.319855
vt 0.664022 0.205459
vt 0.869927 0.466725
vt 0.650976 0.482191
vt 0.657263 0.319855
vt 0.869927 0.466725
vt 0.694331 0.659881
vt 0.650976 0.482191
vt 0.694331 0.659881
vt 0.59089 0.680933
vt 0.650976 0.482191
vt 0.650976 0.482191
vt 0.59089 0.680933
vt 0.452664 0.23623
vt 0.981433 0.571123
vt 1.016212 0.823888
vt 0.863151 0.703252
vt 0.618485 1.014448
vt 0.863151 0.703252
vt 1.016212 0.823888
vt 0.895925 0.447198
vt 0.981433 0.571123
vt 0.863151 0.703252
vt 0.863151 0.703252
vt 0.694331 0.659881
vt 0.895925 0.447198
vt 0.863151 0.703252
vt 0.618485 1.014448
vt 0.694331 0.659881
vt 0.694331 0.659881
vt 0.618485 1.014448
vt 0.59089 0.680933
vt 0.618485 1.014448
vt 0.404707 0.644256
vt 0.59089 0.680933
vt 0.458088 0.305116
vt 0.59089 0.680933
vt 0.404707 0.644256
vt 0.404707 0.644256
vt 0.618485 1.014448
vt 0.290367 0.893501
vt 0.404707 0.644256
vt 0.290367 0.893501
vt 0.25 0.370545
vt 0.458088 0.305116
vt 0.404707 0.644256
vt 0.25 0.370545
vt 0.836196 0.043023
vt 1.001092 0.043785
vt 0.988368 0.412145
vt 0.140487 0.231426
vt 0.334133 0.013943
vt 0.245456 0.476668
vt 0.140487 0.231426
vt 0.245456 0.476668
vt 0.008878 0.413776
vt 0.140487 0.231426
vt 0.008878 0.413776
vt 0.006057 -0.001981
vt 0.334133 0.013943
vt 0.140487 0.231426
vt 0.006057 -0.001981
vt 0.205514 0.519686
vt 0.100571 0.729573
vt -0.004373 0.519686
vt 0.205514 0.519686
vt 0.100571 0.729573
vt -0.004373 0.519686
vt 0.205514 0.519686
vt 0.100571 0.729573
vt -0.004373 0.519686
vt 0.205514 0.519686
vt 0.100571 0.729573
vt -0.004373 0.519686
vt 0.205514 0.519686
vt 0.100571 0.729573
vt -0.004373 0.519686
vt 0.205514 0.519686
vt 0.100571 0.729573
vt -0.004373 0.519686
vt 0.205514 0.519686
vt 0.100571 0.729573
vt -0.004373 0.519686
vt 0.205514 0.519686
vt 0.100571 0.729573
vt -0.004373 0.519686
vt 0.205514 0.519686
vt 0.100571 0.729573
vt -0.004373 0.519686
vt 0.205514 0.519686
vt 0.100571 0.729573
vt -0.004373 0.519686
vt 0.205514 0.519686
vt 0.100571 0.729573
vt -0.004373 0.519686
vt 0.205514 0.519686
vt 0.100571 0.729573
vt -0.004373 0.519686
vt 0.205514 0.519686
vt 0.100571 0.729573
vt -0.004373 0.519686
vt 0.205514 0.519686
vt 0.100571 0.729573
vt -0.004373 0.519686
vt 0.205514 0.519686
vt 0.100571 0.729573
vt -0.004373 0.519686
vt 0.140487 0.231426
vt 0.334133 0.013943
vt 0.245456 0.476668
vt 0.140487 0.231426
vt 0.245456 0.476668
vt 0.008878 0.413776
vt 0.140487 0.231426
vt 0.008878 0.413776
vt 0.006057 -0.001981
vt 0.334133 0.013943
vt 0.140487 0.231426
vt 0.006057 -0.001981
vt 0.140487 0.231426
vt 0.334133 0.013943
vt 0.245456 0.476668
vt 0.140487 0.231426
vt 0.245456 0.476668
vt 0.008878 0.413776
vt 0.140487 0.231426
vt 0.008878 0.413776
vt 0.006057 -0.001981
vt 0.334133 0.013943
vt 0.140487 0.231426
vt 0.006057 -0.001981
vt 0.241814 0.492916
vt 0.191466 0.671889
vt -0.01608 0.492916
vt 0.045487 0.671889
vt -0.01608 0.492916
vt 0.191466 0.671889
vt 0.191466 0.671889
vt 0.111119 0.879288
vt 0.045487 0.671889
vt 0.241814 0.492916
vt 0.191466 0.671889
vt -0.01608 0.492916
vt 0.045487 0.671889
vt -0.01608 0.492916
vt 0.191466 0.671889
vt 0.191466 0.671889
vt 0.111119 0.879288
vt 0.045487 0.671889
vt 0.241814 0.492916
vt 0.191466 0.671889
vt -0.01608 0.492916
vt 0.045487 0.671889
vt -0.01608 0.492916
vt 0.191466 0.671889
vt 0.191466 0.671889
vt 0.111119 0.879288
vt 0.045487 0.671889
vt 0.241814 0.492916
vt 0.191466 0.671889
vt -0.01608 0.492916
vt 0.045487 0.671889
vt -0.01608 0.492916
vt 0.191466 0.671889
vt 0.191466 0.671889
vt 0.111119 0.879288
vt 0.045487 0.671889
vt 0.241814 0.492916
vt 0.191466 0.671889
vt -0.01608 0.492916
vt 0.045487 0.671889
vt -0.01608 0.492916
vt 0.191466 0.671889
vt 0.191466 0.671889
vt 0.111119 0.879288
vt 0.045487 0.671889
vt 0.30226 0.02076
vt 0.244773 0.483099
vt 0.151383 0.231804
vt 0.151383 0.231804
vt 0.244773 0.483099
vt 0.000571 0.411274
vt 0.151383 0.231804
vt 0.000571 0.411274
vt 0.014736 0.01746
vt 0.30226 0.02076
vt 0.151383 0.231804
vt 0.014736 0.01746
vt 0.650976 0.482191
vt 0.452664 0.23623
vt 0.657136 0.319854
vt 0.657136 0.319854
vt 0.452664 0.23623
vt 0.673706 0.041574
vt 0.869927 0.466725
vt 0.650976 0.482191
vt 0.657389 0.319857
vt 0.869927 0.466725
vt 0.657389 0.319857
vt 0.673706 0.041574
vt 0.869927 0.466725
vt 0.694331 0.659881
vt 0.650976 0.482191
vt 0.694331 0.659881
vt 0.59089 0.680933
vt 0.650976 0.482191
vt 0.650976 0.482191
vt 0.59089 0.680933
vt 0.452664 0.23623
vt 0.981433 0.571123
vt 1.016212 0.823888
vt 0.863151 0.703252
vt 0.618485 1.014448
vt 0.863151 0.703252
vt 1.016212 0.823888
vt 0.895925 0.447198
vt 0.981433 0.571123
vt 0.863151 0.703252
vt 0.863151 0.703252
vt 0.694331 0.659881
vt 0.895925 0.447198
vt 0.863151 0.703252
vt 0.618485 1.014448
vt 0.694331 0.659881
vt 0.694331 0.659881
vt 0.618485 1.014448
vt 0.59089 0.680933
vt 0.618485 1.014448
vt 0.404707 0.644256
vt 0.59089 0.680933
vt 0.458088 0.305116
vt 0.59089 0.680933
vt 0.404707 0.644256
vt 0.404707 0.644256
vt 0.618485 1.014448
vt 0.290367 0.893501
vt 0.404707 0.644256
vt 0.290367 0.893501
vt 0.25 0.370545
vt 0.458088 0.305116
vt 0.404707 0.644256
vt 0.25 0.370545
vt 0.900859 0.395474
vt 0.743142 0.206259
vt 0.82889 0.069408
vt 0.900859 0.395474
vt 0.743142 0.206259
vt 0.82889 0.069408
vt 0.743142 0.206259
vt 0.848657 0.03786
vt 0.950034 0.480329
vt 0.836196 0.043023
vt 1.001092 0.043785
vt 0.988368 0.412145
vt 0.907008 0.423333
vt 0.743142 0.206259
vt 0.82889 0.069408
vt 0.30226 0.02076
vt 0.244773 0.483099
vt 0.151383 0.231804
vt 0.151383 0.231804
vt 0.244773 0.483099
vt 0.000571 0.411274
vt 0.151383 0.231804
vt 0.000571 0.411274
vt 0.014736 0.01746
vt 0.30226 0.02076
vt 0.151383 0.231804
vt 0.014736 0.01746
vt 0.30226 0.02076
vt 0.177398 0.295425
vt 0.014736 0.01746
vt 0.30226 0.02076
vt 0.244773 0.483099
vt 0.177398 0.295425
vt 0.177398 0.295425
vt 0.244773 0.483099
vt 0.000571 0.411274
vt 0.177398 0.295425
vt 0.000571 0.411274
vt 0.014736 0.01746
vt 0.30226 0.02076
vt 0.177398 0.295425
vt 0.014736 0.01746
vt 0.30226 0.02076
vt 0.244773 0.483099
vt 0.177398 0.295425
vt 0.177398 0.295425
vt 0.244773 0.483099
vt 0.000571 0.411274
vt 0.177398 0.295425
vt 0.000571 0.411274
vt 0.014736 0.01746
vt 0.30226 0.02076
vt 0.244773 0.483099
vt 0.151383 0.231804
vt 0.151383 0.231804
vt 0.244773 0.483099
vt 0.000571 0.411274
vt 0.151383 0.231804
vt 0.000571 0.411274
vt 0.014736 0.01746
vt 0.30226 0.02076
vt 0.151383 0.231804
vt 0.014736 0.01746
vt 0.30226 0.02076
vt 0.244773 0.483099
vt 0.151383 0.231804
vt 0.151383 0.231804
vt 0.244773 0.483099
vt 0.000571 0.411274
vt 0.151383 0.231804
vt 0.000571 0.411274
vt 0.014736 0.01746
vt 0.30226 0.02076
vt 0.151383 0.231804
vt 0.014736 0.01746
vt 0.30226 0.02076
vt 0.244773 0.483099
vt 0.151383 0.231804
vt 0.151383 0.231804
vt 0.244773 0.483099
vt 0.000571 0.411274
vt 0.151383 0.231804
vt 0.000571 0.411274
vt 0.014736 0.01746
vt 0.30226 0.02076
vt 0.151383 0.231804
vt 0.014736 0.01746
vt 0.30226 0.02076
vt 0.244773 0.483099
vt 0.151383 0.231804
vt 0.151383 0.231804
vt 0.244773 0.483099
vt 0.000571 0.411274
vt 0.151383 0.231804
vt 0.000571 0.411274
vt 0.014736 0.01746
vt 0.30226 0.02076
vt 0.151383 0.231804
vt 0.014736 0.01746
vt 0.900859 0.395474
vt 0.743142 0.206259
vt 0.82889 0.069408
vt 0.650976 0.482191
vt 0.452664 0.23623
vt 0.657136 0.319854
vt 0.657136 0.319854
vt 0.452664 0.23623
vt 0.673706 0.041574
vt 0.869927 0.466725
vt 0.650976 0.482191
vt 0.657389 0.319857
vt 0.869927 0.466725
vt 0.657389 0.319857
vt 0.673706 0.041574
vt 0.869927 0.466725
vt 0.694331 0.659881
vt 0.650976 0.482191
vt 0.694331 0.659881
vt 0.59089 0.680933
vt 0.650976 0.482191
vt 0.650976 0.482191
vt 0.59089 0.680933
vt 0.452664 0.23623
vt 0.981433 0.571123
vt 1.016212 0.823888
vt 0.863151 0.703252
vt 0.618485 1.014448
vt 0.863151 0.703252
vt 1.016212 0.823888
vt 0.895925 0.447198
vt 0.981433 0.571123
vt 0.863151 0.703252
vt 0.863151 0.703252
vt 0.694331 0.659881
vt 0.895925 0.447198
vt 0.863151 0.703252
vt 0.618485 1.014448
vt 0.694331 0.659881
vt 0.694331 0.659881
vt 0.618485 1.014448
vt 0.59089 0.680933
vt 0.618485 1.014448
vt 0.404707 0.644256
vt 0.59089 0.680933
vt 0.458088 0.305116
vt 0.59089 0.680933
vt 0.404707 0.644256
vt 0.404707 0.644256
vt 0.618485 1.014448
vt 0.290367 0.893501
vt 0.404707 0.644256
vt 0.290367 0.893501
vt 0.25 0.370545
vt 0.458088 0.305116
vt 0.404707 0.644256
vt 0.25 0.370545
vt 0.900859 0.395474
vt 0.743142 0.206259
vt 0.82889 0.069408
vt 0.900859 0.395474
vt 0.743142 0.206259
vt 0.82889 0.069408
vt 0.743142 0.206259
vt 0.848657 0.03786
vt 0.950034 0.480329
vt 0.836196 0.043023
vt 1.001092 0.043785
vt 0.988368 0.412145
vt 0.907008 0.423333
vt 0.743142 0.206259
vt 0.82889 0.069408
vt 0.30226 0.02076
vt 0.244773 0.483099
vt 0.151383 0.231804
vt 0.151383 0.231804
vt 0.244773 0.483099
vt 0.000571 0.411274
vt 0.151383 0.231804
vt 0.000571 0.411274
vt 0.014736 0.01746
vt 0.30226 0.02076
vt 0.151383 0.231804
vt 0.014736 0.01746
vt 0.30226 0.02076
vt 0.177398 0.295425
vt 0.014736 0.01746
vt 0.30226 0.02076
vt 0.244773 0.483099
vt 0.177398 0.295425
vt 0.177398 0.295425
vt 0.244773 0.483099
vt 0.000571 0.411274
vt 0.177398 0.295425
vt 0.000571 0.411274
vt 0.014736 0.01746
vt 0.30226 0.02076
vt 0.177398 0.295425
vt 0.014736 0.01746
vt 0.30226 0.02076
vt 0.244773 0.483099
vt 0.177398 0.295425
vt 0.177398 0.295425
vt 0.244773 0.483099
vt 0.000571 0.411274
vt 0.177398 0.295425
vt 0.000571 0.411274
vt 0.014736 0.01746
vt 0.650976 0.482191
vt 0.452664 0.23623
vt 0.657136 0.319854
vt 0.657136 0.319854
vt 0.452664 0.23623
vt 0.673706 0.041574
vt 0.869927 0.466725
vt 0.650976 0.482191
vt 0.657389 0.319857
vt 0.869927 0.466725
vt 0.657389 0.319857
vt 0.673706 0.041574
vt 0.869927 0.466725
vt 0.694331 0.659881
vt 0.650976 0.482191
vt 0.694331 0.659881
vt 0.59089 0.680933
vt 0.650976 0.482191
vt 0.650976 0.482191
vt 0.59089 0.680933
vt 0.452664 0.23623
vt 0.981433 0.571123
vt 1.016212 0.823888
vt 0.863151 0.703252
vt 0.618485 1.014448
vt 0.863151 0.703252
vt 1.016212 0.823888
vt 0.895925 0.447198
vt 0.981433 0.571123
vt 0.863151 0.703252
vt 0.863151 0.703252
vt 0.694331 0.659881
vt 0.895925 0.447198
vt 0.863151 0.703252
vt 0.618485 1.014448
vt 0.694331 0.659881
vt 0.694331 0.659881
vt 0.618485 1.014448
vt 0.59089 0.680933
vt 0.618485 1.014448
vt 0.404707 0.644256
vt 0.59089 0.680933
vt 0.458088 0.305116
vt 0.59089 0.680933
vt 0.404707 0.644256
vt 0.404707 0.644256
vt 0.618485 1.014448
vt 0.290367 0.893501
vt 0.404707 0.644256
vt 0.290367 0.893501
vt 0.25 0.370545
vt 0.458088 0.305116
vt 0.404707 0.644256
vt 0.25 0.370545
vt 0.900859 0.395474
vt 0.743142 0.206259
vt 0.82889 0.069408
vt 0.900859 0.395474
vt 0.743142 0.206259
vt 0.82889 0.069408
vt 0.743142 0.206259
vt 0.848657 0.03786
vt 0.950034 0.480329
vt 0.836196 0.043023
vt 1.001092 0.043785
vt 0.988368 0.412145
vt 0.30226 0.02076
vt 0.244773 0.483099
vt 0.151383 0.231804
vt 0.151383 0.231804
vt 0.244773 0.483099
vt 0.000571 0.411274
vt 0.151383 0.231804
vt 0.000571 0.411274
vt 0.014736 0.01746
vt 0.30226 0.02076
vt 0.151383 0.231804
vt 0.014736 0.01746
vt 0.30226 0.02076
vt 0.177398 0.295425
vt 0.014736 0.01746
vt 0.30226 0.02076
vt 0.244773 0.483099
vt 0.177398 0.295425
vt 0.177398 0.295425
vt 0.244773 0.483099
vt 0.000571 0.411274
vt 0.177398 0.295425
vt 0.000571 0.411274
vt 0.014736 0.01746
vt 0.30226 0.02076
vt 0.177398 0.295425
vt 0.014736 0.01746
vt 0.30226 0.02076
vt 0.244773 0.483099
vt 0.177398 0.295425
vt 0.177398 0.295425
vt 0.244773 0.483099
vt 0.000571 0.411274
vt 0.177398 0.295425
vt 0.000571 0.411274
vt 0.014736 0.01746
vt 0.650976 0.482191
vt 0.452664 0.23623
vt 0.657136 0.319854
vt 0.657136 0.319854
vt 0.452664 0.23623
vt 0.673706 0.041574
vt 0.869927 0.466725
vt 0.650976 0.482191
vt 0.657389 0.319857
vt 0.869927 0.466725
vt 0.657389 0.319857
vt 0.673706 0.041574
vt 0.869927 0.466725
vt 0.694331 0.659881
vt 0.650976 0.482191
vt 0.694331 0.659881
vt 0.59089 0.680933
vt 0.650976 0.482191
vt 0.650976 0.482191
vt 0.59089 0.680933
vt 0.452664 0.23623
vt 0.981433 0.571123
vt 1.016212 0.823888
vt 0.863151 0.703252
vt 0.618485 1.014448
vt 0.863151 0.703252
vt 1.016212 0.823888
vt 0.895925 0.447198
vt 0.981433 0.571123
vt 0.863151 0.703252
vt 0.863151 0.703252
vt 0.694331 0.659881
vt 0.895925 0.447198
vt 0.863151 0.703252
vt 0.618485 1.014448
vt 0.694331 0.659881
vt 0.694331 0.659881
vt 0.618485 1.014448
vt 0.59089 0.680933
vt 0.618485 1.014448
vt 0.404707 0.644256
vt 0.59089 0.680933
vt 0.458088 0.305116
vt 0.59089 0.680933
vt 0.404707 0.644256
vt 0.404707 0.644256
vt 0.618485 1.014448
vt 0.290367 0.893501
vt 0.404707 0.644256
vt 0.290367 0.893501
vt 0.25 0.370545
vt 0.458088 0.305116
vt 0.404707 0.644256
vt 0.25 0.370545
vt 0.900859 0.395474
vt 0.743142 0.206259
vt 0.82889 0.069408
vt 0.900859 0.395474
vt 0.743142 0.206259
vt 0.82889 0.069408
vt 0.743142 0.206259
vt 0.848657 0.03786
vt 0.950034 0.480329
vt 0.836196 0.043023
vt 1.001092 0.043785
vt 0.988368 0.412145
vt 0.907008 0.423333
vt 0.743142 0.206259
vt 0.82889 0.069408
vt 0.30226 0.02076
vt 0.244773 0.483099
vt 0.151383 0.231804
vt 0.151383 0.231804
vt 0.244773 0.483099
vt 0.000571 0.411274
vt 0.151383 0.231804
vt 0.000571 0.411274
vt 0.014736 0.01746
vt 0.30226 0.02076
vt 0.151383 0.231804
vt 0.014736 0.01746
vt 0.30226 0.02076
vt 0.177398 0.295425
vt 0.014736 0.01746
vt 0.30226 0.02076
vt 0.244773 0.483099
vt 0.177398 0.295425
vt 0.177398 0.295425
vt 0.244773 0.483099
vt 0.000571 0.411274
vt 0.177398 0.295425
vt 0.000571 0.411274
vt 0.014736 0.01746
vt 0.30226 0.02076
vt 0.177398 0.295425
vt 0.014736 0.01746
vt 0.30226 0.02076
vt 0.244773 0.483099
vt 0.177398 0.295425
vt 0.177398 0.295425
vt 0.244773 0.483099
vt 0.000571 0.411274
vt 0.177398 0.295425
vt 0.000571 0.411274
vt 0.014736 0.01746
vt 0.30226 0.02076
vt 0.244773 0.483099
vt 0.151383 0.231804
vt 0.151383 0.231804
vt 0.244773 0.483099
vt 0.000571 0.411274
vt 0.151383 0.231804
vt 0.000571 0.411274
vt 0.014736 0.01746
vt 0.30226 0.02076
vt 0.151383 0.231804
vt 0.014736 0.01746
vt 0.900859 0.395474
vt 0.743142 0.206259
vt 0.82889 0.069408
vt 0.836196 0.043023
vt 1.001092 0.043785
vt 0.988368 0.412145
vt 0.900859 0.395474
vt 0.743142 0.206259
vt 0.82889 0.069408
vt 0.900859 0.395474
vt 0.743142 0.206259
vt 0.82889 0.069408
vt 0.151383 0.231804
vt 0.30226 0.02076
vt 0.014736 0.01746
vt 0.244773 0.483099
vt 0.30226 0.02076
vt 0.151383 0.231804
vt 0.244773 0.483099
vt 0.151383 0.231804
vt 0.000571 0.411274
vt 0.000571 0.411274
vt 0.151383 0.231804
vt 0.014736 0.01746
vt 0.30226 0.02076
vt 0.244773 0.483099
vt 0.151383 0.231804
vt 0.151383 0.231804
vt 0.244773 0.483099
vt 0.000571 0.411274
vt 0.151383 0.231804
vt 0.000571 0.411274
vt 0.014736 0.01746
vt 0.30226 0.02076
vt 0.151383 0.231804
vt 0.014736 0.01746
vt 0.151383 0.231804
vt 0.30226 0.02076
vt 0.014736 0.01746
vt 0.244773 0.483099
vt 0.30226 0.02076
vt 0.151383 0.231804
vt 0.244773 0.483099
vt 0.151383 0.231804
vt 0.000571 0.411274
vt 0.000571 0.411274
vt 0.151383 0.231804
vt 0.014736 0.01746
vt 0.30226 0.02076
vt 0.244773 0.483099
vt 0.151383 0.231804
vt 0.151383 0.231804
vt 0.244773 0.483099
vt 0.000571 0.411274
vt 0.151383 0.231804
vt 0.000571 0.411274
vt 0.014736 0.01746
vt 0.30226 0.02076
vt 0.151383 0.231804
vt 0.014736 0.01746
vt 0.30226 0.02076
vt 0.244773 0.483099
vt 0.151383 0.231804
vt 0.151383 0.231804
vt 0.244773 0.483099
vt 0.000571 0.411274
vt 0.151383 0.231804
vt 0.000571 0.411274
vt 0.014736 0.01746
vt 0.30226 0.02076
vt 0.151383 0.231804
vt 0.014736 0.01746
vt 0.869927 0.466725
vt 0.657263 0.319855
vt 0.673706 0.041574
vt 0.657263 0.319855
vt 0.452664 0.23623
vt 0.673706 0.041574
vt 0.650976 0.482191
vt 0.452664 0.23623
vt 0.657263 0.319855
vt 0.869927 0.466725
vt 0.650976 0.482191
vt 0.657263 0.319855
vt 0.869927 0.466725
vt 0.694331 0.659881
vt 0.650976 0.482191
vt 0.694331 0.659881
vt 0.59089 0.680933
vt 0.650976 0.482191
vt 0.650976 0.482191
vt 0.59089 0.680933
vt 0.452664 0.23623
vt 0.981433 0.571123
vt 1.016212 0.823888
vt 0.863151 0.703252
vt 0.618485 1.014448
vt 0.863151 0.703252
vt 1.016212 0.823888
vt 0.895925 0.447198
vt 0.981433 0.571123
vt 0.863151 0.703252
vt 0.863151 0.703252
vt 0.694331 0.659881
vt 0.895925 0.447198
vt 0.863151 0.703252
vt 0.618485 1.014448
vt 0.694331 0.659881
vt 0.694331 0.659881
vt 0.618485 1.014448
vt 0.59089 0.680933
vt 0.618485 1.014448
vt 0.404707 0.644256
vt 0.59089 0.680933
vt 0.458088 0.305116
vt 0.59089 0.680933
vt 0.404707 0.644256
vt 0.404707 0.644256
vt 0.618485 1.014448
vt 0.290367 0.893501
vt 0.404707 0.644256
vt 0.290367 0.893501
vt 0.25 0.370545
vt 0.458088 0.305116
vt 0.404707 0.644256
vt 0.25 0.370545
vt 0.30226 0.02076
vt 0.244773 0.483099
vt 0.151383 0.231804
vt 0.151383 0.231804
vt 0.244773 0.483099
vt 0.000571 0.411274
vt 0.151383 0.231804
vt 0.000571 0.411274
vt 0.014736 0.01746
vt 0.30226 0.02076
vt 0.151383 0.231804
vt 0.014736 0.01746
vt 0.900859 0.395474
vt 0.743142 0.206259
vt 0.82889 0.069408
vt 0.836196 0.043023
vt 1.001092 0.043785
vt 0.988368 0.412145
vt 0.900859 0.395474
vt 0.743142 0.206259
vt 0.82889 0.069408
vt 0.151383 0.231804
vt 0.30226 0.02076
vt 0.014736 0.01746
vt 0.244773 0.483099
vt 0.30226 0.02076
vt 0.151383 0.231804
vt 0.244773 0.483099
vt 0.151383 0.231804
vt 0.000571 0.411274
vt 0.000571 0.411274
vt 0.151383 0.231804
vt 0.014736 0.01746
vt 0.30226 0.02076
vt 0.244773 0.483099
vt 0.151383 0.231804
vt 0.151383 0.231804
vt 0.244773 0.483099
vt 0.000571 0.411274
vt 0.151383 0.231804
vt 0.000571 0.411274
vt 0.014736 0.01746
vt 0.30226 0.02076
vt 0.151383 0.231804
vt 0.014736 0.01746
vt 0.151383 0.231804
vt 0.30226 0.02076
vt 0.014736 0.01746
vt 0.244773 0.483099
vt 0.30226 0.02076
vt 0.151383 0.231804
vt 0.244773 0.483099
vt 0.151383 0.231804
vt 0.000571 0.411274
vt 0.000571 0.411274
vt 0.151383 0.231804
vt 0.014736 0.01746
vt 0.30226 0.02076
vt 0.244773 0.483099
vt 0.151383 0.231804
vt 0.151383 0.231804
vt 0.244773 0.483099
vt 0.000571 0.411274
vt 0.151383 0.231804
vt 0.000571 0.411274
vt 0.014736 0.01746
vt 0.30226 0.02076
vt 0.151383 0.231804
vt 0.014736 0.01746
vt 0.30226 0.02076
vt 0.244773 0.483099
vt 0.151383 0.231804
vt 0.151383 0.231804
vt 0.244773 0.483099
vt 0.000571 0.411274
vt 0.151383 0.231804
vt 0.000571 0.411274
vt 0.014736 0.01746
vt 0.30226 0.02076
vt 0.151383 0.231804
vt 0.014736 0.01746
vt 0.869927 0.466725
vt 0.657263 0.319855
vt 0.673706 0.041574
vt 0.657263 0.319855
vt 0.452664 0.23623
vt 0.673706 0.041574
vt 0.650976 0.482191
vt 0.452664 0.23623
vt 0.657263 0.319855
vt 0.869927 0.466725
vt 0.650976 0.482191
vt 0.657263 0.319855
vt 0.869927 0.466725
vt 0.694331 0.659881
vt 0.650976 0.482191
vt 0.694331 0.659881
vt 0.59089 0.680933
vt 0.650976 0.482191
vt 0.650976 0.482191
vt 0.59089 0.680933
vt 0.452664 0.23623
vt 0.981433 0.571123
vt 1.016212 0.823888
vt 0.863151 0.703252
vt 0.618485 1.014448
vt 0.863151 0.703252
vt 1.016212 0.823888
vt 0.895925 0.447198
vt 0.981433 0.571123
vt 0.863151 0.703252
vt 0.863151 0.703252
vt 0.694331 0.659881
vt 0.895925 0.447198
vt 0.863151 0.703252
vt 0.618485 1.014448
vt 0.694331 0.659881
vt 0.694331 0.659881
vt 0.618485 1.014448
vt 0.59089 0.680933
vt 0.618485 1.014448
vt 0.404707 0.644256
vt 0.59089 0.680933
vt 0.458088 0.305116
vt 0.59089 0.680933
vt 0.404707 0.644256
vt 0.404707 0.644256
vt 0.618485 1.014448
vt 0.290367 0.893501
vt 0.404707 0.644256
vt 0.290367 0.893501
vt 0.25 0.370545
vt 0.458088 0.305116
vt 0.404707 0.644256
vt 0.25 0.370545
vt 0.650976 0.482191
vt 0.452664 0.23623
vt 0.657136 0.319854
vt 0.657136 0.319854
vt 0.452664 0.23623
vt 0.673706 0.041574
vt 0.869927 0.466725
vt 0.650976 0.482191
vt 0.657389 0.319857
vt 0.869927 0.466725
vt 0.657389 0.319857
vt 0.673706 0.041574
vt 0.869927 0.466725
vt 0.694331 0.659881
vt 0.650976 0.482191
vt 0.694331 0.659881
vt 0.59089 0.680933
vt 0.650976 0.482191
vt 0.650976 0.482191
vt 0.59089 0.680933
vt 0.452664 0.23623
vt 0.981433 0.571123
vt 1.016212 0.823888
vt 0.863151 0.703252
vt 0.618485 1.014448
vt 0.863151 0.703252
vt 1.016212 0.823888
vt 0.895925 0.447198
vt 0.981433 0.571123
vt 0.863151 0.703252
vt 0.863151 0.703252
vt 0.694331 0.659881
vt 0.895925 0.447198
vt 0.863151 0.703252
vt 0.618485 1.014448
vt 0.694331 0.659881
vt 0.694331 0.659881
vt 0.618485 1.014448
vt 0.59089 0.680933
vt 0.618485 1.014448
vt 0.404707 0.644256
vt 0.59089 0.680933
vt 0.458088 0.305116
vt 0.59089 0.680933
vt 0.404707 0.644256
vt 0.404707 0.644256
vt 0.618485 1.014448
vt 0.290367 0.893501
vt 0.404707 0.644256
vt 0.290367 0.893501
vt 0.25 0.370545
vt 0.458088 0.305116
vt 0.404707 0.644256
vt 0.25 0.370545
vt 0.900859 0.395474
vt 0.743142 0.206259
vt 0.82889 0.069408
vt 0.900859 0.395474
vt 0.743142 0.206259
vt 0.82889 0.069408
vt 0.743142 0.206259
vt 0.848657 0.03786
vt 0.950034 0.480329
vt 0.836196 0.043023
vt 1.001092 0.043785
vt 0.988368 0.412145
vt 0.907008 0.423333
vt 0.743142 0.206259
vt 0.82889 0.069408
vt 0.30226 0.02076
vt 0.244773 0.483099
vt 0.151383 0.231804
vt 0.151383 0.231804
vt 0.244773 0.483099
vt 0.000571 0.411274
vt 0.151383 0.231804
vt 0.000571 0.411274
vt 0.014736 0.01746
vt 0.30226 0.02076
vt 0.151383 0.231804
vt 0.014736 0.01746
vt 0.30226 0.02076
vt 0.177398 0.295425
vt 0.014736 0.01746
vt 0.30226 0.02076
vt 0.244773 0.483099
vt 0.177398 0.295425
vt 0.177398 0.295425
vt 0.244773 0.483099
vt 0.000571 0.411274
vt 0.177398 0.295425
vt 0.000571 0.411274
vt 0.014736 0.01746
vt 0.30226 0.02076
vt 0.177398 0.295425
vt 0.014736 0.01746
vt 0.30226 0.02076
vt 0.244773 0.483099
vt 0.177398 0.295425
vt 0.177398 0.295425
vt 0.244773 0.483099
vt 0.000571 0.411274
vt 0.177398 0.295425
vt 0.000571 0.411274
vt 0.014736 0.01746
vt 0.650976 0.482191
vt 0.452664 0.23623
vt 0.657136 0.319854
vt 0.657136 0.319854
vt 0.452664 0.23623
vt 0.673706 0.041574
vt 0.869927 0.466725
vt 0.650976 0.482191
vt 0.657389 0.319857
vt 0.869927 0.466725
vt 0.657389 0.319857
vt 0.673706 0.041574
vt 0.869927 0.466725
vt 0.694331 0.659881
vt 0.650976 0.482191
vt 0.694331 0.659881
vt 0.59089 0.680933
vt 0.650976 0.482191
vt 0.650976 0.482191
vt 0.59089 0.680933
vt 0.452664 0.23623
vt 0.981433 0.571123
vt 1.016212 0.823888
vt 0.863151 0.703252
vt 0.618485 1.014448
vt 0.863151 0.703252
vt 1.016212 0.823888
vt 0.895925 0.447198
vt 0.981433 0.571123
vt 0.863151 0.703252
vt 0.863151 0.703252
vt 0.694331 0.659881
vt 0.895925 0.447198
vt 0.863151 0.703252
vt 0.618485 1.014448
vt 0.694331 0.659881
vt 0.694331 0.659881
vt 0.618485 1.014448
vt 0.59089 0.680933
vt 0.618485 1.014448
vt 0.404707 0.644256
vt 0.59089 0.680933
vt 0.458088 0.305116
vt 0.59089 0.680933
vt 0.404707 0.644256
vt 0.404707 0.644256
vt 0.618485 1.014448
vt 0.290367 0.893501
vt 0.404707 0.644256
vt 0.290367 0.893501
vt 0.25 0.370545
vt 0.458088 0.305116
vt 0.404707 0.644256
vt 0.25 0.370545
vt 0.900859 0.395474
vt 0.743142 0.206259
vt 0.82889 0.069408
vt 0.900859 0.395474
vt 0.743142 0.206259
vt 0.82889 0.069408
vt 0.743142 0.206259
vt 0.848657 0.03786
vt 0.950034 0.480329
vt 0.836196 0.043023
vt 1.001092 0.043785
vt 0.988368 0.412145
vt 0.907008 0.423333
vt 0.743142 0.206259
vt 0.82889 0.069408
vt 0.30226 0.02076
vt 0.244773 0.483099
vt 0.151383 0.231804
vt 0.151383 0.231804
vt 0.244773 0.483099
vt 0.000571 0.411274
vt 0.151383 0.231804
vt 0.000571 0.411274
vt 0.014736 0.01746
vt 0.30226 0.02076
vt 0.151383 0.231804
vt 0.014736 0.01746
vt 0.30226 0.02076
vt 0.177398 0.295425
vt 0.014736 0.01746
vt 0.30226 0.02076
vt 0.244773 0.483099
vt 0.177398 0.295425
vt 0.177398 0.295425
vt 0.244773 0.483099
vt 0.000571 0.411274
vt 0.177398 0.295425
vt 0.000571 0.411274
vt 0.014736 0.01746
vt 0.30226 0.02076
vt 0.177398 0.295425
vt 0.014736 0.01746
vt 0.30226 0.02076
vt 0.244773 0.483099
vt 0.177398 0.295425
vt 0.177398 0.295425
vt 0.244773 0.483099
vt 0.000571 0.411274
vt 0.177398 0.295425
vt 0.000571 0.411274
vt 0.014736 0.01746
vt 0.30226 0.02076
vt 0.244773 0.483099
vt 0.151383 0.231804
vt 0.151383 0.231804
vt 0.244773 0.483099
vt 0.000571 0.411274
vt 0.151383 0.231804
vt 0.000571 0.411274
vt 0.014736 0.01746
vt 0.30226 0.02076
vt 0.151383 0.231804
vt 0.014736 0.01746
vt 0.900859 0.395474
vt 0.743142 0.206259
vt 0.82889 0.069408
vt 0.836196 0.043023
vt 1.001092 0.043785
vt 0.988368 0.412145
vt 0.900859 0.395474
vt 0.743142 0.206259
vt 0.82889 0.069408
vt 0.900859 0.395474
vt 0.743142 0.206259
vt 0.82889 0.069408
vt 0.151383 0.231804
vt 0.30226 0.02076
vt 0.014736 0.01746
vt 0.244773 0.483099
vt 0.30226 0.02076
vt 0.151383 0.231804
vt 0.244773 0.483099
vt 0.151383 0.231804
vt 0.000571 0.411274
vt 0.000571 0.411274
vt 0.151383 0.231804
vt 0.014736 0.01746
vt 0.30226 0.02076
vt 0.244773 0.483099
vt 0.151383 0.231804
vt 0.151383 0.231804
vt 0.244773 0.483099
vt 0.000571 0.411274
vt 0.151383 0.231804
vt 0.000571 0.411274
vt 0.014736 0.01746
vt 0.30226 0.02076
vt 0.151383 0.231804
vt 0.014736 0.01746
vt 0.151383 0.231804
vt 0.30226 0.02076
vt 0.014736 0.01746
vt 0.244773 0.483099
vt 0.30226 0.02076
vt 0.151383 0.231804
vt 0.244773 0.483099
vt 0.151383 0.231804
vt 0.000571 0.411274
vt 0.000571 0.411274
vt 0.151383 0.231804
vt 0.014736 0.01746
vt 0.30226 0.02076
vt 0.244773 0.483099
vt 0.151383 0.231804
vt 0.151383 0.231804
vt 0.244773 0.483099
vt 0.000571 0.411274
vt 0.151383 0.231804
vt 0.000571 0.411274
vt 0.014736 0.01746
vt 0.30226 0.02076
vt 0.151383 0.231804
vt 0.014736 0.01746
vt 0.30226 0.02076
vt 0.244773 0.483099
vt 0.151383 0.231804
vt 0.151383 0.231804
vt 0.244773 0.483099
vt 0.000571 0.411274
vt 0.151383 0.231804
vt 0.000571 0.411274
vt 0.014736 0.01746
vt 0.30226 0.02076
vt 0.151383 0.231804
vt 0.014736 0.01746
vt 0.869927 0.466725
vt 0.663496 0.214356
vt 0.673706 0.041574
vt 0.663496 0.214356
vt 0.452664 0.23623
vt 0.673706 0.041574
vt 0.663496 0.214356
vt 0.657263 0.319855
vt 0.452664 0.23623
vt 0.650976 0.482191
vt 0.452664 0.23623
vt 0.657263 0.319855
vt 0.869927 0.466725
vt 0.657263 0.319855
vt 0.663496 0.214356
vt 0.869927 0.466725
vt 0.650976 0.482191
vt 0.657263 0.319855
vt 0.869927 0.466725
vt 0.694331 0.659881
vt 0.650976 0.482191
vt 0.694331 0.659881
vt 0.59089 0.680933
vt 0.650976 0.482191
vt 0.650976 0.482191
vt 0.59089 0.680933
vt 0.452664 0.23623
vt 0.981433 0.571123
vt 1.016212 0.823888
vt 0.863151 0.703252
vt 0.618485 1.014448
vt 0.863151 0.703252
vt 1.016212 0.823888
vt 0.895925 0.447198
vt 0.981433 0.571123
vt 0.863151 0.703252
vt 0.863151 0.703252
vt 0.694331 0.659881
vt 0.895925 0.447198
vt 0.863151 0.703252
vt 0.618485 1.014448
vt 0.694331 0.659881
vt 0.694331 0.659881
vt 0.618485 1.014448
vt 0.59089 0.680933
vt 0.618485 1.014448
vt 0.404707 0.644256
vt 0.59089 0.680933
vt 0.458088 0.305116
vt 0.59089 0.680933
vt 0.404707 0.644256
vt 0.404707 0.644256
vt 0.618485 1.014448
vt 0.290367 0.893501
vt 0.404707 0.644256
vt 0.290367 0.893501
vt 0.25 0.370545
vt 0.458088 0.305116
vt 0.404707 0.644256
vt 0.25 0.370545
vt 0.900859 0.395474
vt 0.743142 0.206259
vt 0.82889 0.069408
vt 0.900859 0.395474
vt 0.743142 0.206259
vt 0.82889 0.069408
vt 0.743142 0.206259
vt 0.848657 0.03786
vt 0.950034 0.480329
vt 0.836196 0.043023
vt 1.001092 0.043785
vt 0.988368 0.412145
vt 0.907008 0.423333
vt 0.743142 0.206259
vt 0.82889 0.069408
vt 0.30226 0.02076
vt 0.244773 0.483099
vt 0.151383 0.231804
vt 0.151383 0.231804
vt 0.244773 0.483099
vt 0.000571 0.411274
vt 0.151383 0.231804
vt 0.000571 0.411274
vt 0.014736 0.01746
vt 0.30226 0.02076
vt 0.151383 0.231804
vt 0.014736 0.01746
vt 0.30226 0.02076
vt 0.177398 0.295425
vt 0.014736 0.01746
vt 0.30226 0.02076
vt 0.244773 0.483099
vt 0.177398 0.295425
vt 0.177398 0.295425
vt 0.244773 0.483099
vt 0.000571 0.411274
vt 0.177398 0.295425
vt 0.000571 0.411274
vt 0.014736 0.01746
vt 0.30226 0.02076
vt 0.177398 0.295425
vt 0.014736 0.01746
vt 0.30226 0.02076
vt 0.244773 0.483099
vt 0.177398 0.295425
vt 0.177398 0.295425
vt 0.244773 0.483099
vt 0.000571 0.411274
vt 0.177398 0.295425
vt 0.000571 0.411274
vt 0.014736 0.01746
vt 0.650976 0.482191
vt 0.452664 0.23623
vt 0.657136 0.319854
vt 0.657136 0.319854
vt 0.452664 0.23623
vt 0.673706 0.041574
vt 0.869927 0.466725
vt 0.650976 0.482191
vt 0.657389 0.319857
vt 0.869927 0.466725
vt 0.657389 0.319857
vt 0.673706 0.041574
vt 0.869927 0.466725
vt 0.694331 0.659881
vt 0.650976 0.482191
vt 0.694331 0.659881
vt 0.59089 0.680933
vt 0.650976 0.482191
vt 0.650976 0.482191
vt 0.59089 0.680933
vt 0.452664 0.23623
vt 0.981433 0.571123
vt 1.016212 0.823888
vt 0.863151 0.703252
vt 0.618485 1.014448
vt 0.863151 0.703252
vt 1.016212 0.823888
vt 0.895925 0.447198
vt 0.981433 0.571123
vt 0.863151 0.703252
vt 0.863151 0.703252
vt 0.694331 0.659881
vt 0.895925 0.447198
vt 0.863151 0.703252
vt 0.618485 1.014448
vt 0.694331 0.659881
vt 0.694331 0.659881
vt 0.618485 1.014448
vt 0.59089 0.680933
vt 0.618485 1.014448
vt 0.404707 0.644256
vt 0.59089 0.680933
vt 0.458088 0.305116
vt 0.59089 0.680933
vt 0.404707 0.644256
vt 0.404707 0.644256
vt 0.618485 1.014448
vt 0.290367 0.893501
vt 0.404707 0.644256
vt 0.290367 0.893501
vt 0.25 0.370545
vt 0.458088 0.305116
vt 0.404707 0.644256
vt 0.25 0.370545
vt 0.900859 0.395474
vt 0.743142 0.206259
vt 0.82889 0.069408
vt 0.900859 0.395474
vt 0.743142 0.206259
vt 0.82889 0.069408
vt 0.743142 0.206259
vt 0.848657 0.03786
vt 0.950034 0.480329
vt 0.836196 0.043023
vt 1.001092 0.043785
vt 0.988368 0.412145
vt 0.907008 0.423333
vt 0.743142 0.206259
vt 0.82889 0.069408
vt 0.30226 0.02076
vt 0.244773 0.483099
vt 0.151383 0.231804
vt 0.151383 0.231804
vt 0.244773 0.483099
vt 0.000571 0.411274
vt 0.151383 0.231804
vt 0.000571 0.411274
vt 0.014736 0.01746
vt 0.30226 0.02076
vt 0.151383 0.231804
vt 0.014736 0.01746
vt 0.30226 0.02076
vt 0.177398 0.295425
vt 0.014736 0.01746
vt 0.30226 0.02076
vt 0.244773 0.483099
vt 0.177398 0.295425
vt 0.177398 0.295425
vt 0.244773 0.483099
vt 0.000571 0.411274
vt 0.177398 0.295425
vt 0.000571 0.411274
vt 0.014736 0.01746
vt 0.30226 0.02076
vt 0.177398 0.295425
vt 0.014736 0.01746
vt 0.30226 0.02076
vt 0.244773 0.483099
vt 0.177398 0.295425
vt 0.177398 0.295425
vt 0.244773 0.483099
vt 0.000571 0.411274
vt 0.177398 0.295425
vt 0.000571 0.411274
vt 0.014736 0.01746
vt 0.30226 0.02076
vt 0.244773 0.483099
vt 0.151383 0.231804
vt 0.151383 0.231804
vt 0.244773 0.483099
vt 0.000571 0.411274
vt 0.151383 0.231804
vt 0.000571 0.411274
vt 0.014736 0.01746
vt 0.30226 0.02076
vt 0.151383 0.231804
vt 0.014736 0.01746
vt 0.900859 0.395474
vt 0.743142 0.206259
vt 0.82889 0.069408
vt 0.836196 0.043023
vt 1.001092 0.043785
vt 0.988368 0.412145
vt 0.900859 0.395474
vt 0.743142 0.206259
vt 0.82889 0.069408
vt 0.900859 0.395474
vt 0.743142 0.206259
vt 0.82889 0.069408
vt 0.244773 0.483099
vt 0.151383 0.231804
vt 0.000571 0.411274
vt 0.244773 0.483099
vt 0.211624 0.147541
vt 0.151383 0.231804
vt 0.244773 0.483099
vt 0.30226 0.02076
vt 0.211624 0.147541
vt 0.211624 0.147541
vt 0.30226 0.02076
vt 0.014736 0.01746
vt 0.151383 0.231804
vt 0.211624 0.147541
vt 0.014736 0.01746
vt 0.000571 0.411274
vt 0.151383 0.231804
vt 0.014736 0.01746
vt 0.30226 0.02076
vt 0.244773 0.483099
vt 0.151383 0.231804
vt 0.151383 0.231804
vt 0.244773 0.483099
vt 0.000571 0.411274
vt 0.151383 0.231804
vt 0.000571 0.411274
vt 0.014736 0.01746
vt 0.30226 0.02076
vt 0.151383 0.231804
vt 0.014736 0.01746
vt 0.151383 0.231804
vt 0.30226 0.02076
vt 0.014736 0.01746
vt 0.244773 0.483099
vt 0.30226 0.02076
vt 0.151383 0.231804
vt 0.244773 0.483099
vt 0.151383 0.231804
vt 0.000571 0.411274
vt 0.000571 0.411274
vt 0.151383 0.231804
vt 0.014736 0.01746
vt 0.30226 0.02076
vt 0.244773 0.483099
vt 0.151383 0.231804
vt 0.151383 0.231804
vt 0.244773 0.483099
vt 0.000571 0.411274
vt 0.151383 0.231804
vt 0.000571 0.411274
vt 0.014736 0.01746
vt 0.30226 0.02076
vt 0.151383 0.231804
vt 0.014736 0.01746
vt 0.30226 0.02076
vt 0.244773 0.483099
vt 0.151383 0.231804
vt 0.151383 0.231804
vt 0.244773 0.483099
vt 0.000571 0.411274
vt 0.151383 0.231804
vt 0.000571 0.411274
vt 0.014736 0.01746
vt 0.30226 0.02076
vt 0.151383 0.231804
vt 0.014736 0.01746
vt 0.869927 0.466725
vt 0.657263 0.319855
vt 0.673706 0.041574
vt 0.657263 0.319855
vt 0.452664 0.23623
vt 0.673706 0.041574
vt 0.650976 0.482191
vt 0.452664 0.23623
vt 0.657263 0.319855
vt 0.869927 0.466725
vt 0.650976 0.482191
vt 0.657263 0.319855
vt 0.869927 0.466725
vt 0.694331 0.659881
vt 0.650976 0.482191
vt 0.694331 0.659881
vt 0.59089 0.680933
vt 0.650976 0.482191
vt 0.650976 0.482191
vt 0.59089 0.680933
vt 0.452664 0.23623
vt 0.981433 0.571123
vt 1.016212 0.823888
vt 0.863151 0.703252
vt 0.618485 1.014448
vt 0.863151 0.703252
vt 1.016212 0.823888
vt 0.895925 0.447198
vt 0.981433 0.571123
vt 0.863151 0.703252
vt 0.863151 0.703252
vt 0.694331 0.659881
vt 0.895925 0.447198
vt 0.863151 0.703252
vt 0.618485 1.014448
vt 0.694331 0.659881
vt 0.694331 0.659881
vt 0.618485 1.014448
vt 0.59089 0.680933
vt 0.618485 1.014448
vt 0.404707 0.644256
vt 0.59089 0.680933
vt 0.458088 0.305116
vt 0.59089 0.680933
vt 0.404707 0.644256
vt 0.404707 0.644256
vt 0.618485 1.014448
vt 0.290367 0.893501
vt 0.404707 0.644256
vt 0.290367 0.893501
vt 0.25 0.370545
vt 0.458088 0.305116
vt 0.404707 0.644256
vt 0.25 0.370545
vt 0.869927 0.466725
vt 0.657263 0.319855
vt 0.673706 0.041574
vt 0.657263 0.319855
vt 0.452664 0.23623
vt 0.673706 0.041574
vt 0.650976 0.482191
vt 0.452664 0.23623
vt 0.657263 0.319855
vt 0.869927 0.466725
vt 0.650976 0.482191
vt 0.657263 0.319855
vt 0.869927 0.466725
vt 0.694331 0.659881
vt 0.650976 0.482191
vt 0.694331 0.659881
vt 0.59089 0.680933
vt 0.650976 0.482191
vt 0.650976 0.482191
vt 0.59089 0.680933
vt 0.452664 0.23623
vt 0.981433 0.571123
vt 1.016212 0.823888
vt 0.863151 0.703252
vt 0.618485 1.014448
vt 0.863151 0.703252
vt 1.016212 0.823888
vt 0.895925 0.447198
vt 0.981433 0.571123
vt 0.863151 0.703252
vt 0.863151 0.703252
vt 0.694331 0.659881
vt 0.895925 0.447198
vt 0.863151 0.703252
vt 0.618485 1.014448
vt 0.694331 0.659881
vt 0.694331 0.659881
vt 0.618485 1.014448
vt 0.59089 0.680933
vt 0.618485 1.014448
vt 0.404707 0.644256
vt 0.59089 0.680933
vt 0.458088 0.305116
vt 0.59089 0.680933
vt 0.404707 0.644256
vt 0.404707 0.644256
vt 0.618485 1.014448
vt 0.290367 0.893501
vt 0.404707 0.644256
vt 0.290367 0.893501
vt 0.25 0.370545
vt 0.458088 0.305116
vt 0.404707 0.644256
vt 0.25 0.370545
vt 0.650976 0.482191
vt 0.452664 0.23623
vt 0.657136 0.319854
vt 0.657136 0.319854
vt 0.452664 0.23623
vt 0.673706 0.041574
vt 0.869927 0.466725
vt 0.650976 0.482191
vt 0.657389 0.319857
vt 0.869927 0.466725
vt 0.657389 0.319857
vt 0.673706 0.041574
vt 0.869927 0.466725
vt 0.694331 0.659881
vt 0.650976 0.482191
vt 0.694331 0.659881
vt 0.59089 0.680933
vt 0.650976 0.482191
vt 0.650976 0.482191
vt 0.59089 0.680933
vt 0.452664 0.23623
vt 0.981433 0.571123
vt 1.016212 0.823888
vt 0.863151 0.703252
vt 0.618485 1.014448
vt 0.863151 0.703252
vt 1.016212 0.823888
vt 0.895925 0.447198
vt 0.981433 0.571123
vt 0.863151 0.703252
vt 0.863151 0.703252
vt 0.694331 0.659881
vt 0.895925 0.447198
vt 0.863151 0.703252
vt 0.618485 1.014448
vt 0.694331 0.659881
vt 0.694331 0.659881
vt 0.618485 1.014448
vt 0.59089 0.680933
vt 0.618485 1.014448
vt 0.404707 0.644256
vt 0.59089 0.680933
vt 0.458088 0.305116
vt 0.59089 0.680933
vt 0.404707 0.644256
vt 0.404707 0.644256
vt 0.618485 1.014448
vt 0.290367 0.893501
vt 0.404707 0.644256
vt 0.290367 0.893501
vt 0.25 0.370545
vt 0.458088 0.305116
vt 0.404707 0.644256
vt 0.25 0.370545
vt 0.900859 0.395474
vt 0.743142 0.206259
vt 0.82889 0.069408
vt 0.900859 0.395474
vt 0.743142 0.206259
vt 0.82889 0.069408
vt 0.743142 0.206259
vt 0.848657 0.03786
vt 0.950034 0.480329
vt 0.836196 0.043023
vt 1.001092 0.043785
vt 0.988368 0.412145
vt 0.30226 0.02076
vt 0.244773 0.483099
vt 0.151383 0.231804
vt 0.151383 0.231804
vt 0.244773 0.483099
vt 0.000571 0.411274
vt 0.151383 0.231804
vt 0.000571 0.411274
vt 0.014736 0.01746
vt 0.30226 0.02076
vt 0.151383 0.231804
vt 0.014736 0.01746
vt 0.869927 0.466725
vt 0.657263 0.319855
vt 0.673706 0.041574
vt 0.657263 0.319855
vt 0.452664 0.23623
vt 0.673706 0.041574
vt 0.650976 0.482191
vt 0.452664 0.23623
vt 0.657263 0.319855
vt 0.869927 0.466725
vt 0.650976 0.482191
vt 0.657263 0.319855
vt 0.869927 0.466725
vt 0.694331 0.659881
vt 0.650976 0.482191
vt 0.694331 0.659881
vt 0.59089 0.680933
vt 0.650976 0.482191
vt 0.650976 0.482191
vt 0.59089 0.680933
vt 0.452664 0.23623
vt 0.981433 0.571123
vt 1.016212 0.823888
vt 0.863151 0.703252
vt 0.618485 1.014448
vt 0.863151 0.703252
vt 1.016212 0.823888
vt 0.895925 0.447198
vt 0.981433 0.571123
vt 0.863151 0.703252
vt 0.863151 0.703252
vt 0.694331 0.659881
vt 0.895925 0.447198
vt 0.863151 0.703252
vt 0.618485 1.014448
vt 0.694331 0.659881
vt 0.694331 0.659881
vt 0.618485 1.014448
vt 0.59089 0.680933
vt 0.618485 1.014448
vt 0.404707 0.644256
vt 0.59089 0.680933
vt 0.458088 0.305116
vt 0.59089 0.680933
vt 0.404707 0.644256
vt 0.404707 0.644256
vt 0.618485 1.014448
vt 0.290367 0.893501
vt 0.404707 0.644256
vt 0.290367 0.893501
vt 0.25 0.370545
vt 0.458088 0.305116
vt 0.404707 0.644256
vt 0.25 0.370545
vt 0.323238 -0.007103
vt 0.177398 0.295425
vt 0.010694 -0.007014
vt 0.323238 -0.007103
vt 0.244773 0.483099
vt 0.177398 0.295425
vt 0.177398 0.295425
vt 0.244773 0.483099
vt 0.000571 0.411274
vt 0.177398 0.295425
vt 0.000571 0.411274
vt 0.010694 -0.007014
vt 0.177398 0.295425
vt 0.000571 0.411274
vt 0.010694 -0.007014
vt 0.177398 0.295425
vt 0.244773 0.483099
vt 0.000571 0.411274
vt 0.323238 -0.007103
vt 0.244773 0.483099
vt 0.177398 0.295425
vt 0.323238 -0.007103
vt 0.177398 0.295425
vt 0.010694 -0.007014
vt 0.140487 0.231426
vt 0.334133 0.013943
vt 0.245456 0.476668
vt 0.140487 0.231426
vt 0.245456 0.476668
vt 0.008878 0.413776
vt 0.140487 0.231426
vt 0.008878 0.413776
vt 0.006057 -0.001981
vt 0.334133 0.013943
vt 0.140487 0.231426
vt 0.006057 -0.001981
vt 0.295559 0.019643
vt 0.251475 0.47193
vt 0.151383 0.231804
vt 0.151383 0.231804
vt 0.251475 0.47193
vt 0.000571 0.411274
vt 0.151383 0.231804
vt 0.000571 0.411274
vt 0.009152 0.016343
vt 0.295559 0.019643
vt 0.151383 0.231804
vt 0.009152 0.016343
vt 0.151383 0.231804
vt 0.000571 0.411274
vt 0.009152 0.016343
vt 0.151383 0.231804
vt 0.251475 0.47193
vt 0.000571 0.411274
vt 0.295559 0.019643
vt 0.251475 0.47193
vt 0.151383 0.231804
vt 0.295559 0.019643
vt 0.151383 0.231804
vt 0.009152 0.016343
vt 0.151383 0.231804
vt 0.295559 0.019643
vt 0.009152 0.016343
vt 0.251475 0.47193
vt 0.295559 0.019643
vt 0.151383 0.231804
vt 0.251475 0.47193
vt 0.151383 0.231804
vt 0.000571 0.411274
vt 0.000571 0.411274
vt 0.151383 0.231804
vt 0.009152 0.016343
vt 0.177398 0.295425
vt 0.000571 0.411274
vt 0.014736 0.01746
vt 0.177398 0.295425
vt 0.244773 0.483099
vt 0.000571 0.411274
vt 0.30226 0.02076
vt 0.244773 0.483099
vt 0.177398 0.295425
vt 0.30226 0.02076
vt 0.177398 0.295425
vt 0.014736 0.01746
vt 0.640251 0.472526
vt 0.59014 0.663395
vt 0.452664 0.23623
vt 0.640251 0.472526
vt 0.452664 0.23623
vt 0.657136 0.319854
vt 0.657136 0.319854
vt 0.452664 0.23623
vt 0.673706 0.041574
vt 0.869927 0.466725
vt 0.657389 0.319857
vt 0.673706 0.041574
vt 0.869927 0.466725
vt 0.650976 0.482191
vt 0.657389 0.319857
vt 0.869927 0.466725
vt 0.694331 0.659881
vt 0.650976 0.482191
vt 0.694331 0.659881
vt 0.59089 0.680933
vt 0.650976 0.482191
vt 0.618485 1.014448
vt 0.863151 0.703252
vt 1.016212 0.823888
vt 0.981433 0.571123
vt 1.016212 0.823888
vt 0.863151 0.703252
vt 0.404707 0.644256
vt 0.618485 1.014448
vt 0.290367 0.893501
vt 0.404707 0.644256
vt 0.290367 0.893501
vt 0.25 0.370545
vt 0.895925 0.447198
vt 0.981433 0.571123
vt 0.863151 0.703252
vt 0.863151 0.703252
vt 0.694331 0.659881
vt 0.895925 0.447198
vt 0.863151 0.703252
vt 0.618485 1.014448
vt 0.694331 0.659881
vt 0.694331 0.659881
vt 0.618485 1.014448
vt 0.59089 0.680933
vt 0.618485 1.014448
vt 0.404707 0.644256
vt 0.59089 0.680933
vt 0.458088 0.305116
vt 0.59089 0.680933
vt 0.404707 0.644256
vt 0.458088 0.305116
vt 0.404707 0.644256
vt 0.25 0.370545
vt 0.869927 0.466725
vt 0.657389 0.319857
vt 0.673706 0.041574
vt 0.869927 0.466725
vt 0.650976 0.482191
vt 0.657389 0.319857
vt 0.869927 0.466725
vt 0.694331 0.659881
vt 0.650976 0.482191
vt 0.404707 0.644256
vt 0.618485 1.014448
vt 0.290367 0.893501
vt 0.404707 0.644256
vt 0.290367 0.893501
vt 0.25 0.370545
vt 0.458088 0.305116
vt 0.404707 0.644256
vt 0.25 0.370545
vt 0.618485 1.014448
vt 0.404707 0.644256
vt 0.59089 0.680933
vt 0.458088 0.305116
vt 0.59089 0.680933
vt 0.404707 0.644256
vt 0.895925 0.447198
vt 0.981433 0.571123
vt 0.863151 0.703252
vt 0.863151 0.703252
vt 0.694331 0.659881
vt 0.895925 0.447198
vt 0.981433 0.571123
vt 1.016212 0.823888
vt 0.863151 0.703252
vt 0.618485 1.014448
vt 0.863151 0.703252
vt 1.016212 0.823888
vt 0.863151 0.703252
vt 0.618485 1.014448
vt 0.694331 0.659881
vt 0.694331 0.659881
vt 0.618485 1.014448
vt 0.59089 0.680933
vt 0.694331 0.659881
vt 0.59089 0.680933
vt 0.650976 0.482191
vt 0.650976 0.482191
vt 0.59089 0.680933
vt 0.452664 0.23623
vt 0.650976 0.482191
vt 0.452664 0.23623
vt 0.657136 0.319854
vt 0.657136 0.319854
vt 0.452664 0.23623
vt 0.673706 0.041574
vt 0.404707 0.644256
vt 0.290367 0.893501
vt 0.25 0.370545
vt 0.458088 0.305116
vt 0.404707 0.644256
vt 0.25 0.370545
vt 0.404707 0.644256
vt 0.618485 1.014448
vt 0.290367 0.893501
vt 0.618485 1.014448
vt 0.404707 0.644256
vt 0.59089 0.680933
vt 0.458088 0.305116
vt 0.59089 0.680933
vt 0.404707 0.644256
vt 0.869927 0.466725
vt 0.694331 0.659881
vt 0.650976 0.482191
vt 0.869927 0.466725
vt 0.650976 0.482191
vt 0.657263 0.319855
vt 0.869927 0.466725
vt 0.657263 0.319855
vt 0.673706 0.041574
vt 0.657263 0.319855
vt 0.452664 0.23623
vt 0.673706 0.041574
vt 0.650976 0.482191
vt 0.452664 0.23623
vt 0.657263 0.319855
vt 0.650976 0.482191
vt 0.59089 0.680933
vt 0.452664 0.23623
vt 0.694331 0.659881
vt 0.59089 0.680933
vt 0.650976 0.482191
vt 0.694331 0.659881
vt 0.618485 1.014448
vt 0.59089 0.680933
vt 0.863151 0.703252
vt 0.618485 1.014448
vt 0.694331 0.659881
vt 0.618485 1.014448
vt 0.863151 0.703252
vt 1.016212 0.823888
vt 0.981433 0.571123
vt 1.016212 0.823888
vt 0.863151 0.703252
vt 0.895925 0.447198
vt 0.981433 0.571123
vt 0.863151 0.703252
vt 0.863151 0.703252
vt 0.694331 0.659881
vt 0.895925 0.447198
vt 0.869927 0.466725
vt 0.657263 0.319855
vt 0.673706 0.041574
vt 0.657263 0.319855
vt 0.452664 0.23623
vt 0.673706 0.041574
vt 0.650976 0.482191
vt 0.452664 0.23623
vt 0.657263 0.319855
vt 0.869927 0.466725
vt 0.650976 0.482191
vt 0.657263 0.319855
vt 0.869927 0.466725
vt 0.694331 0.659881
vt 0.650976 0.482191
vt 0.694331 0.659881
vt 0.59089 0.680933
vt 0.650976 0.482191
vt 0.650976 0.482191
vt 0.59089 0.680933
vt 0.452664 0.23623
vt 0.981433 0.571123
vt 1.016212 0.823888
vt 0.863151 0.703252
vt 0.618485 1.014448
vt 0.863151 0.703252
vt 1.016212 0.823888
vt 0.895925 0.447198
vt 0.981433 0.571123
vt 0.863151 0.703252
vt 0.863151 0.703252
vt 0.694331 0.659881
vt 0.895925 0.447198
vt 0.863151 0.703252
vt 0.618485 1.014448
vt 0.694331 0.659881
vt 0.694331 0.659881
vt 0.618485 1.014448
vt 0.59089 0.680933
vt 0.618485 1.014448
vt 0.404707 0.644256
vt 0.59089 0.680933
vt 0.458088 0.305116
vt 0.59089 0.680933
vt 0.404707 0.644256
vt 0.404707 0.644256
vt 0.618485 1.014448
vt 0.290367 0.893501
vt 0.404707 0.644256
vt 0.290367 0.893501
vt 0.25 0.370545
vt 0.458088 0.305116
vt 0.404707 0.644256
vt 0.25 0.370545
vt 0.404707 0.644256
vt 0.290367 0.893501
vt 0.25 0.370545
vt 0.458088 0.305116
vt 0.404707 0.644256
vt 0.25 0.370545
vt 0.404707 0.644256
vt 0.618485 1.014448
vt 0.290367 0.893501
vt 0.618485 1.014448
vt 0.404707 0.644256
vt 0.59089 0.680933
vt 0.458088 0.305116
vt 0.59089 0.680933
vt 0.404707 0.644256
vt 0.869927 0.466725
vt 0.694331 0.659881
vt 0.650976 0.482191
vt 0.869927 0.466725
vt 0.650976 0.482191
vt 0.657263 0.319855
vt 0.869927 0.466725
vt 0.657263 0.319855
vt 0.673706 0.041574
vt 0.657263 0.319855
vt 0.452664 0.23623
vt 0.673706 0.041574
vt 0.650976 0.482191
vt 0.452664 0.23623
vt 0.657263 0.319855
vt 0.650976 0.482191
vt 0.59089 0.680933
vt 0.452664 0.23623
vt 0.694331 0.659881
vt 0.59089 0.680933
vt 0.650976 0.482191
vt 0.694331 0.659881
vt 0.618485 1.014448
vt 0.59089 0.680933
vt 0.863151 0.703252
vt 0.618485 1.014448
vt 0.694331 0.659881
vt 0.618485 1.014448
vt 0.863151 0.703252
vt 1.016212 0.823888
vt 0.981433 0.571123
vt 1.016212 0.823888
vt 0.863151 0.703252
vt 0.895925 0.447198
vt 0.981433 0.571123
vt 0.863151 0.703252
vt 0.863151 0.703252
vt 0.694331 0.659881
vt 0.895925 0.447198
vt 3.710065 1.501884
vt 3.0 1.84087
vt 3.0 1.50606
vt -1.441288 0.161072
vt -0.991103 0.406062
vt -1.978794 0.161072
vt -1.978794 0.161072
vt -1.978794 -0.290837
vt -1.441288 0.161072
vt -0.4964 1.155217
vt -0.4479 1.197355
vt -0.4964 1.213924
vt -0.4479 1.197355
vt -0.4964 1.155217
vt -0.3515 1.189889
vt -0.3878 1.226402
vt -0.4031 1.20881
vt -0.4964 1.213924
vt -0.3878 1.226402
vt -0.3515 1.189889
vt -0.4031 1.20881
vt -0.4178 1.157365
vt -0.4031 1.20881
vt -0.3515 1.189889
vt -0.4178 1.157365
vt -0.3515 1.189889
vt -0.4964 1.155217
vt 0.953359 2.056084
vt 1.055057 2.012243
vt 0.939959 2.204147
vt 0.895955 2.207625
vt 0.866011 2.025907
vt 0.939959 2.204147
vt 0.953359 2.056084
vt 0.939959 2.204147
vt 0.866011 2.025907
vt 0.987028 2.215341
vt 0.939959 2.204147
vt 1.055057 2.012243
vt 0.92282 2.308325
vt 0.939959 2.204147
vt 0.987028 2.215341
vt 0.92282 2.308325
vt 0.895955 2.207625
vt 0.939959 2.204147
vt 0.92282 2.308325
vt 0.848694 2.20531
vt 0.895955 2.207625
vt 0.895955 2.207625
vt 0.848694 2.20531
vt 0.866011 2.025907
vt 0.792408 2.009349
vt 0.866011 2.025907
vt 0.848694 2.20531
vt 1.813826 0.519603
vt 1.874006 -0.187054
vt 1.7013 0.520979
vt 1.69686 -0.192468
vt 1.7013 0.520979
vt 1.874006 -0.187054
vt 1.813826 0.519603
vt 1.7013 0.520979
vt 1.695151 0.859424
vt 1.567076 0.523617
vt 1.695151 0.859424
vt 1.7013 0.520979
vt 1.7013 0.520979
vt 1.69686 -0.192468
vt 1.567076 0.523617
vt 1.486392 -0.183478
vt 1.567076 0.523617
vt 1.69686 -0.192468
vt 1.813826 0.519603
vt 1.695151 0.859424
vt 1.7013 0.520979
vt 1.7013 0.520979
vt 1.695151 0.859424
vt 1.567076 0.523617
vt 1.567076 0.523617
vt 1.486392 -0.183478
vt 1.7013 0.520979
vt 1.696861 -0.192468
vt 1.7013 0.520979
vt 1.486392 -0.183478
vt 1.7013 0.520979
vt 1.696861 -0.192468
vt 1.813826 0.519603
vt 1.874006 -0.187054
vt 1.813826 0.519603
vt 1.696861 -0.192468
vt 1.505638 1.864888
vt 1.423183 2.111945
vt 1.453735 1.862232
vt 1.573893 1.408078
vt 1.505638 1.864888
vt 1.485853 1.378093
vt 1.453735 1.862232
vt 1.485853 1.378093
vt 1.505638 1.864888
vt 1.453735 1.862232
vt 1.388137 1.856621
vt 1.485853 1.378093
vt 1.453735 1.862232
vt 1.423183 2.111945
vt 1.388137 1.856621
vt 1.388137 1.856621
vt 1.423183 2.111945
vt 1.336524 1.858643
vt 1.18585 1.410311
vt 1.306046 1.39118
vt 1.269335 1.868453
vt 1.336524 1.858643
vt 1.423183 2.111945
vt 1.269335 1.868453
vt 1.336524 1.858643
vt 1.269335 1.868453
vt 1.306046 1.39118
vt 1.336524 1.858643
vt 1.306046 1.39118
vt 1.388137 1.856621
vt 1.379272 1.335711
vt 1.388137 1.856621
vt 1.306046 1.39118
vt 1.379272 1.335711
vt 1.485853 1.378093
vt 1.388137 1.856621
vt 3.740563 0.767528
vt 3.759031 1.195643
vt 3.0 0.767528
vt 3.0 1.195643
vt 3.0 0.767528
vt 3.759031 1.195643
vt 3.759031 1.195643
vt 3.768197 1.408121
vt 3.0 1.195643
vt 3.0 1.417991
vt 3.0 1.195643
vt 3.768197 1.408121
vt 1.0 -1.461497
vt 0.008897 -1.288112
vt 0.444442 -1.554356
vt 1.0 -1.461497
vt 0.444442 -1.554356
vt 1.0 -1.758529
vt 0.444442 -1.758529
vt 1.0 -1.758529
vt 0.444442 -1.554356
vt 0.444442 -1.554356
vt 0.040962 -1.569865
vt 0.444442 -1.758529
vt 0.444442 -1.554356
vt 0.008897 -1.288112
vt 0.040962 -1.569865
vt -0.441288 -1.55729
vt 0.040962 -1.569865
vt 0.008897 -1.288112
vt -0.441288 -1.55729
vt 0.008897 -1.288112
vt -1.0 -1.461497
vt -1.0 -1.461497
vt -1.0 -1.758529
vt -0.441288 -1.55729
vt -0.441288 -1.758529
vt -0.441288 -1.55729
vt -1.0 -1.758529
vt -0.441288 -1.55729
vt -0.441288 -1.758529
vt 0.040962 -1.569865
vt 0.040962 -1.758529
vt 0.040962 -1.569865
vt -0.441288 -1.758529
vt 0.040962 -1.758529
vt 0.444442 -1.758529
vt 0.040962 -1.569865
vt 0.444442 -1.758529
vt 0.040962 -1.758529
vt 0.444442 -2.203075
vt -1.0 -2.838928
vt -1.0 -3.608529
vt -0.441288 -2.838928
vt -0.441288 -3.608529
vt -0.441288 -2.838928
vt -1.0 -3.608529
vt -0.441288 -2.838928
vt -0.441288 -3.608529
vt 0.040962 -2.838928
vt 0.040962 -3.608529
vt 0.040962 -2.838928
vt -0.441288 -3.608529
vt 0.040962 -2.838928
vt 0.040962 -3.608529
vt 0.444443 -2.838928
vt 0.444442 -3.608529
vt 0.444443 -2.838928
vt 0.040962 -3.608529
vt 0.444443 -2.838928
vt 0.444442 -3.608529
vt 1.0 -2.838928
vt 1.0 -3.608529
vt 1.0 -2.838928
vt 0.444442 -3.608529
vt -0.5622 0.639198
vt -0.46292 0.576511
vt -0.228979 0.82621
vt -0.583478 0.574277
vt -0.46292 0.576511
vt -0.5622 0.639198
vt -0.858569 0.787445
vt -0.583478 0.574277
vt -0.5622 0.639198
vt -0.417153 0.239906
vt -0.46292 0.576511
vt -0.553469 0.225513
vt -0.583478 0.574277
vt -0.553469 0.225513
vt -0.46292 0.576511
vt -0.583478 0.574277
vt -0.664625 0.579697
vt -0.553469 0.225513
vt -0.858569 0.787445
vt -0.664625 0.579697
vt -0.583478 0.574277
vt -0.580501 0.595783
vt -0.664625 0.579697
vt -0.858569 0.787445
vt -0.858569 0.787445
vt -0.5622 0.639198
vt -0.580501 0.595783
vt -0.228979 0.82621
vt -0.580501 0.595783
vt -0.5622 0.639198
vt -0.228979 0.82621
vt -0.46292 0.576511
vt -0.580501 0.595783
vt -0.693707 0.232902
vt -0.553469 0.225513
vt -0.664625 0.579697
vt -0.693707 0.232902
vt -0.664625 0.579697
vt -0.588759 0.23357
vt -0.580501 0.595783
vt -0.588759 0.23357
vt -0.664625 0.579697
vt -0.588759 0.23357
vt -0.580501 0.595783
vt -0.417153 0.239906
vt -0.46292 0.576511
vt -0.417153 0.239906
vt -0.580501 0.595783
vt 2.025111 1.457661
vt 2.025111 1.16743
vt 2.14873 1.457661
vt 2.14873 1.16743
vt 2.14873 1.457661
vt 2.025111 1.16743
vt 2.025112 1.733354
vt 2.025111 1.457661
vt 2.14873 1.733354
vt 2.14873 1.457661
vt 2.14873 1.733354
vt 2.025111 1.457661
vt 2.14873 1.457661
vt 2.363622 1.457661
vt 2.14873 1.733354
vt 2.14873 1.457661
vt 2.14873 1.16743
vt 2.363622 1.457661
vt 2.356302 1.16743
vt 2.363622 1.457661
vt 2.14873 1.16743
vt 2.641895 1.16743
vt 2.641895 1.457661
vt 2.487566 1.16743
vt 2.487566 1.457661
vt 2.487566 1.16743
vt 2.641895 1.457661
vt 2.641895 1.457661
vt 2.641895 1.733354
vt 2.487566 1.457661
vt 2.14873 1.733354
vt 2.387391 2.512005
vt 2.025112 1.733354
vt 2.14873 1.733354
vt 2.356449 1.733354
vt 2.387391 2.512005
vt 2.356449 1.733354
vt 2.14873 1.733354
vt 2.363622 1.457661
vt 2.356449 1.733354
vt 2.363622 1.457661
vt 2.487566 1.733354
vt 2.487566 1.733354
vt 2.387391 2.512005
vt 2.356449 1.733354
vt 2.356302 1.16743
vt 2.487566 1.16743
vt 2.363622 1.457661
vt 2.487566 1.457661
vt 2.363622 1.457661
vt 2.487566 1.16743
vt 2.487566 1.457661
vt 2.487566 1.733354
vt 2.363622 1.457661
vt 2.487566 1.733354
vt 2.487566 1.457661
vt 2.641895 1.733354
vt 2.487566 1.733354
vt 2.641895 1.733354
vt 2.387391 2.512005
vt -1.441288 -0.608529
vt -1.441288 -0.290837
vt -1.978794 -0.608529
vt -1.441288 -0.290837
vt -1.441288 -0.608529
vt -0.959038 -0.290837
vt -0.959038 -0.608529
vt -0.959038 -0.290837
vt -1.441288 -0.608529
vt -0.959038 -0.290837
vt -0.959038 -0.608529
vt -0.555558 -0.290837
vt -0.555558 -0.608529
vt -0.555558 -0.290837
vt -0.959038 -0.608529
vt -0.555558 -0.290837
vt -0.555557 0.161072
vt -0.959038 -0.290837
vt -0.959038 0.161072
vt -0.959038 -0.290837
vt -0.555557 0.161072
vt -0.959038 -0.290837
vt -0.959038 0.161072
vt -1.441288 -0.290837
vt -0.020837 -0.608529
vt -0.020837 -0.290837
vt -0.555558 -0.608529
vt -0.555558 -0.290837
vt -0.555558 -0.608529
vt -0.020837 -0.290837
vt -0.020837 -0.290837
vt -0.020837 0.161072
vt -0.555558 -0.290837
vt -0.555557 0.161072
vt -0.555558 -0.290837
vt -0.020837 0.161072
vt -0.020837 0.161072
vt -0.991103 0.406062
vt -0.555557 0.161072
vt -0.959038 0.161072
vt -0.555557 0.161072
vt -0.991103 0.406062
vt -0.959038 0.161072
vt -0.991103 0.406062
vt -1.441288 0.161072
vt -1.441288 0.161072
vt -1.441288 -0.290837
vt -0.959038 0.161072
vt -1.441288 -0.290837
vt -1.441288 0.161072
vt -1.978794 -0.290837
vt -1.978794 -0.290837
vt -1.978794 -0.608529
vt -1.441288 -0.290837
vt -0.559759 -0.634879
vt -0.390627 -0.63829
vt -0.547726 -0.333974
vt -0.390627 -0.337099
vt -0.547726 -0.333974
vt -0.390627 -0.63829
vt -0.390627 -0.337099
vt -0.390627 0.030363
vt -0.547726 -0.333974
vt -0.557857 0.022386
vt -0.547726 -0.333974
vt -0.390627 0.030363
vt -0.557857 0.022386
vt -0.390627 0.030363
vt -0.68324 0.266257
vt -0.68324 0.266257
vt -0.698466 0.017962
vt -0.557857 0.022386
vt -0.68324 0.266257
vt -0.856929 0.014989
vt -0.698466 0.017962
vt -0.557857 0.022386
vt -0.698466 0.017962
vt -0.547726 -0.333974
vt -0.559759 -0.634879
vt -0.677902 -0.656265
vt -0.543635 -0.648463
vt -0.559759 -0.634879
vt -0.547726 -0.333974
vt -0.677902 -0.656265
vt -0.678548 -0.332913
vt -0.677902 -0.656265
vt -0.547726 -0.333974
vt -0.678548 -0.332913
vt -0.547726 -0.333974
vt -0.698466 0.017962
vt -0.678548 -0.332913
vt -0.698466 0.017962
vt -0.839974 -0.335545
vt -0.856929 0.014989
vt -0.839974 -0.335545
vt -0.698466 0.017962
vt -0.856929 0.014989
vt -0.99718 0.017739
vt -0.839974 -0.335545
vt -0.68324 0.266257
vt -0.99718 0.017739
vt -0.856929 0.014989
vt -0.677902 -0.656265
vt -0.678548 -0.332913
vt -0.862703 -0.65034
vt -0.839974 -0.335545
vt -0.862703 -0.65034
vt -0.678548 -0.332913
vt -0.839974 -0.335545
vt -0.99718 -0.334241
vt -0.862703 -0.65034
vt -0.99718 -0.334241
vt -0.839974 -0.335545
vt -0.99718 0.017739
vt -0.390627 -1.097147
vt -0.390627 -0.653215
vt -0.541898 -1.082873
vt -0.543635 -0.648463
vt -0.541898 -1.082873
vt -0.390627 -0.653215
vt -0.543635 -0.648463
vt -0.677902 -0.656265
vt -0.541898 -1.082873
vt -0.99718 -1.097147
vt -0.867325 -1.075192
vt -0.99718 -0.652868
vt -0.99718 -0.629292
vt -0.862703 -0.65034
vt -0.99718 -0.334241
vt -0.99718 -0.629292
vt -0.99718 -0.652868
vt -0.862703 -0.65034
vt -0.862703 -0.65034
vt -0.99718 -0.652868
vt -0.867325 -1.075192
vt -0.862703 -0.65034
vt -0.867325 -1.075192
vt -0.677902 -0.656265
vt -0.684485 -1.057885
vt -0.677902 -0.656265
vt -0.867325 -1.075192
vt -0.684485 -1.057885
vt -0.541898 -1.082873
vt -0.677902 -0.656265
vt 1.000877 -0.038436
vt 1.016629 0.601735
vt 0.898412 -0.025073
vt 0.907357 0.603468
vt 0.898412 -0.025073
vt 1.016629 0.601735
vt 1.016629 0.601735
vt 0.90451 0.983128
vt 0.907357 0.603468
vt 0.830487 0.967892
vt 0.907357 0.603468
vt 0.90451 0.983128
vt 0.762474 1.2444
vt 0.830487 0.967892
vt 0.90451 0.983128
vt 0.762474 0.960102
vt 0.830487 0.967892
vt 0.762474 1.2444
vt 0.762474 0.960102
vt 0.762474 0.606985
vt 0.830487 0.967892
vt 0.907357 0.603468
vt 0.830487 0.967892
vt 0.762474 0.606985
vt 0.762474 0.606985
vt 0.762474 -0.027105
vt 0.907357 0.603468
vt 0.898412 -0.025073
vt 0.907357 0.603468
vt 0.762474 -0.027105
vt 0.644559 -0.038715
vt 0.65355 0.596462
vt 0.542305 -0.033842
vt 0.558241 0.596931
vt 0.542305 -0.033842
vt 0.65355 0.596462
vt 0.65355 0.596462
vt 0.674971 0.967118
vt 0.558241 0.596931
vt 0.62433 0.979635
vt 0.558241 0.596931
vt 0.674971 0.967118
vt 0.762474 -0.027105
vt 0.762474 0.606985
vt 0.644559 -0.038715
vt 0.65355 0.596462
vt 0.644559 -0.038715
vt 0.762474 0.606985
vt 0.762474 0.606985
vt 0.762474 0.960102
vt 0.65355 0.596462
vt 0.674971 0.967118
vt 0.65355 0.596462
vt 0.762474 0.960102
vt 0.762474 1.2444
vt 0.674971 0.967118
vt 0.762474 0.960102
vt 0.62433 0.979635
vt 0.674971 0.967118
vt 0.762474 1.2444
vt -1.0 -2.203075
vt -1.0 -2.593938
vt -0.441288 -2.203075
vt -0.441288 -2.593938
vt -0.441288 -2.203075
vt -1.0 -2.593938
vt -1.0 -2.593938
vt -1.0 -2.838928
vt -0.441288 -2.593938
vt -0.441288 -2.838928
vt -0.441288 -2.593938
vt -1.0 -2.838928
vt -1.0 -2.838928
vt -1.0 -3.608529
vt -0.441288 -2.838928
vt -0.441288 -3.608529
vt -0.441288 -2.838928
vt -1.0 -3.608529
vt -0.441288 -2.203075
vt -0.441288 -2.593938
vt 0.040962 -2.203075
vt 0.040962 -2.593938
vt 0.040962 -2.203075
vt -0.441288 -2.593938
vt -0.441288 -2.593938
vt -0.441288 -2.838928
vt 0.040962 -2.593938
vt 0.040962 -2.838928
vt 0.040962 -2.593938
vt -0.441288 -2.838928
vt -0.441288 -2.838928
vt -0.441288 -3.608529
vt 0.040962 -2.838928
vt 0.040962 -3.608529
vt 0.040962 -2.838928
vt -0.441288 -3.608529
vt 0.040962 -2.838928
vt 0.040962 -3.608529
vt 0.444443 -2.838928
vt 0.444443 -2.838928
vt 0.444442 -2.593938
vt 0.040962 -2.838928
vt 0.040962 -2.593938
vt 0.040962 -2.838928
vt 0.444442 -2.593938
vt 0.444442 -2.593938
vt 0.444442 -2.203075
vt 0.040962 -2.593938
vt 0.040962 -2.203075
vt 0.040962 -2.593938
vt 0.444442 -2.203075
vt 0.040962 -2.203075
vt 0.444442 -2.203075
vt 0.040962 -1.758529
vt 0.040962 -2.203075
vt 0.040962 -1.758529
vt -0.441288 -2.203075
vt -0.441288 -1.758529
vt -0.441288 -2.203075
vt 0.040962 -1.758529
vt -0.441288 -2.203075
vt -0.441288 -1.758529
vt -1.0 -2.203075
vt -1.0 -1.758529
vt -1.0 -2.203075
vt -0.441288 -1.758529
vt 0.444442 -3.608529
vt 0.444443 -2.838928
vt 0.040962 -3.608529
vt 0.444442 -1.758529
vt 0.444442 -2.203075
vt 1.0 -1.758529
vt 1.0 -2.203075
vt 1.0 -1.758529
vt 0.444442 -2.203075
vt 0.444442 -2.203075
vt 0.444442 -2.593938
vt 1.0 -2.203075
vt 1.0 -2.593938
vt 1.0 -2.203075
vt 0.444442 -2.593938
vt 0.444442 -2.593938
vt 0.444443 -2.838928
vt 1.0 -2.593938
vt 1.0 -2.838928
vt 1.0 -2.593938
vt 0.444443 -2.838928
vt 0.444443 -2.838928
vt 0.444442 -3.608529
vt 1.0 -2.838928
vt 1.0 -3.608529
vt 1.0 -2.838928
vt 0.444442 -3.608529
vt 5.0 -2.210052
vt 5.0 -1.587337
vt 4.246516 -2.210052
vt 4.221171 -1.587337
vt 4.246516 -2.210052
vt 5.0 -1.587337
vt 5.0 -1.587337
vt 5.0 -1.044776
vt 4.221171 -1.587337
vt 4.212848 -1.044776
vt 4.221171 -1.587337
vt 5.0 -1.044776
vt 5.0 -1.044776
vt 5.0 -0.470162
vt 4.212848 -1.044776
vt 3.0 -2.210052
vt 3.591001 -2.210052
vt 3.0 -1.587337
vt 3.565113 -1.587337
vt 3.0 -1.587337
vt 3.591001 -2.210052
vt 3.0 -1.044776
vt 3.0 -1.587337
vt 3.583266 -1.044776
vt 3.565113 -1.587337
vt 3.583266 -1.044776
vt 3.0 -1.587337
vt 3.565113 -1.587337
vt 4.221171 -1.587337
vt 3.583266 -1.044776
vt 3.565113 -1.587337
vt 3.591001 -2.210052
vt 4.221171 -1.587337
vt 4.246516 -2.210052
vt 4.221171 -1.587337
vt 3.591001 -2.210052
vt 3.0 -0.470352
vt 3.0 -1.044776
vt 3.601351 -0.48174
vt 3.583266 -1.044776
vt 3.601351 -0.48174
vt 3.0 -1.044776
vt 3.583266 -1.044776
vt 4.212848 -1.044776
vt 3.601351 -0.48174
vt 4.212848 -1.044776
vt 3.583266 -1.044776
vt 4.221171 -1.587337
vt 3.0 -0.470352
vt 3.601351 -0.48174
vt 3.0 0.220881
vt 3.617205 0.224867
vt 3.0 0.220881
vt 3.601351 -0.48174
vt 3.617205 0.224867
vt 3.601351 -0.48174
vt 4.366123 0.360576
vt 3.728184 0.320338
vt 3.617205 0.224867
vt 4.366123 0.360576
vt 3.728184 0.320338
vt 4.366123 0.360576
vt 3.740563 0.767528
vt 3.728184 0.320338
vt 3.740563 0.767528
vt 3.0 0.329828
vt 3.0 0.767528
vt 3.0 0.329828
vt 3.740563 0.767528
vt 4.204556 -0.504253
vt 4.366123 0.360576
vt 3.601351 -0.48174
vt 4.204556 -0.504253
vt 3.601351 -0.48174
vt 4.212848 -1.044776
vt 4.376636 0.767528
vt 3.740563 0.767528
vt 4.366123 0.360576
vt 3.740563 0.767528
vt 4.376636 0.767528
vt 3.759031 1.195643
vt 4.204556 -0.504253
vt 4.212848 -1.044776
vt 5.0 -0.470162
vt 5.0 -0.470162
vt 5.0 0.410874
vt 4.204556 -0.504253
vt 4.366123 0.360576
vt 4.204556 -0.504253
vt 5.0 0.410874
vt 5.0 0.410874
vt 5.0 0.767528
vt 4.366123 0.360576
vt 4.376636 0.767528
vt 4.366123 0.360576
vt 5.0 0.767528
vt 4.376636 0.767528
vt 5.0 0.767528
vt 4.393509 1.195643
vt 4.393509 1.195643
vt 3.759031 1.195643
vt 4.376636 0.767528
vt 4.393509 1.195643
vt 4.402362 1.457849
vt 3.759031 1.195643
vt 3.768197 1.408121
vt 3.759031 1.195643
vt 4.402362 1.457849
vt 3.710065 1.501884
vt 3.768197 1.408121
vt 4.402362 1.457849
vt -0.441288 -1.614114
vt 0.008897 -1.288112
vt -1.0 -1.614114
vt -1.0 -1.614114
vt -1.0 -1.902945
vt -0.441288 -1.614114
vt -0.441288 -1.902945
vt -0.441288 -1.614114
vt -1.0 -1.902945
vt -0.441288 -1.614114
vt -0.441288 -1.902945
vt 0.040962 -1.614114
vt -0.441288 -1.614114
vt 0.040962 -1.614114
vt 0.008897 -1.288112
vt 0.008897 -1.288112
vt 0.040962 -1.614114
vt 0.444442 -1.614114
vt 0.008897 -1.288112
vt 0.444442 -1.614114
vt 1.0 -1.614114
vt 0.444442 -1.614114
vt 0.444442 -1.902945
vt 1.0 -1.758529
vt 0.444442 -1.614114
vt 0.040962 -1.614114
vt 0.444442 -1.902945
vt 0.040962 -1.902945
vt 0.444442 -1.902945
vt 0.040962 -1.614114
vt 0.040962 -1.902945
vt 0.040962 -1.614114
vt -0.441288 -1.902945
vt 1.0 -1.902945
vt 1.0 -1.758529
vt 0.444442 -1.902945
vt -1.0 -1.902945
vt -1.0 -2.285063
vt -0.441288 -1.902945
vt -0.441288 -2.285063
vt -0.441288 -1.902945
vt -1.0 -2.285063
vt -0.441288 -1.902945
vt -0.441288 -2.285063
vt 0.040962 -1.902945
vt 0.040962 -2.285063
vt 0.040962 -1.902945
vt -0.441288 -2.285063
vt 0.040962 -1.902945
vt 0.040962 -2.285063
vt 0.444442 -1.902945
vt 0.444442 -2.285063
vt 0.444442 -1.902945
vt 0.040962 -2.285063
vt 0.444442 -1.902945
vt 0.444442 -2.285063
vt 1.0 -1.902945
vt 1.0 -2.285063
vt 1.0 -1.902945
vt 0.444442 -2.285063
vt -1.0 -2.285063
vt -1.0 -2.593938
vt -0.441288 -2.285063
vt -0.441288 -2.593938
vt -0.441288 -2.285063
vt -1.0 -2.593938
vt -0.441288 -2.285063
vt -0.441288 -2.593938
vt 0.040962 -2.285063
vt 0.040962 -2.593938
vt 0.040962 -2.285063
vt -0.441288 -2.593938
vt 0.040962 -2.285063
vt 0.040962 -2.593938
vt 0.444442 -2.285063
vt 0.444442 -2.593938
vt 0.444442 -2.285063
vt 0.040962 -2.593938
vt 0.444442 -2.285063
vt 0.444442 -2.593938
vt 1.0 -2.285063
vt 1.0 -2.593938
vt 1.0 -2.285063
vt 0.444442 -2.593938
vt -1.0 -2.593938
vt -1.0 -2.838928
vt -0.441288 -2.593938
vt -0.441288 -2.838928
vt -0.441288 -2.593938
vt -1.0 -2.838928
vt -0.441288 -2.593938
vt -0.441288 -2.838928
vt 0.040962 -2.593938
vt 0.040962 -2.838928
vt 0.040962 -2.593938
vt -0.441288 -2.838928
vt 0.040962 -2.593938
vt 0.040962 -2.838928
vt 0.444442 -2.593938
vt 0.444443 -2.838928
vt 0.444442 -2.593938
vt 0.040962 -2.838928
vt 0.444442 -2.593938
vt 0.444443 -2.838928
vt 1.0 -2.593938
vt 1.0 -2.838928
vt 1.0 -2.593938
vt 0.444443 -2.838928
vt 0.133201 2.140823
vt 0.138957 2.596129
vt -0.254786 2.140824
vt 0.133201 2.140823
vt -0.254786 2.140824
vt 0.122349 1.864688
vt -0.254786 1.864688
vt 0.122349 1.864688
vt -0.254786 2.140824
vt -0.254786 1.864688
vt -0.283243 1.496374
vt 0.122349 1.864688
vt -0.283243 1.496374
vt -0.254786 1.864688
vt -0.0129 1.496374
vt -0.283243 1.496374
vt -0.0129 1.496374
vt -0.283242 0.53275
vt 0.020481 0.53275
vt -0.283242 0.53275
vt -0.0129 1.496374
vt -0.283242 0.53275
vt 0.020481 0.53275
vt -0.283241 -0.733293
vt 0.026201 -0.733293
vt -0.283241 -0.733293
vt 0.020481 0.53275
vt 0.026201 -0.733293
vt 0.020481 0.53275
vt 0.213292 -0.733293
vt 0.202548 0.540169
vt 0.213292 -0.733293
vt 0.020481 0.53275
vt 0.142479 2.988802
vt -0.170626 2.590745
vt 0.138957 2.596129
vt -0.170626 2.590745
vt -0.254786 2.140824
vt 0.138957 2.596129
vt -0.254786 2.140824
vt -0.170626 2.590745
vt -0.058486 2.15824
vt -0.254786 2.140824
vt -0.058486 2.15824
vt -0.254786 1.864688
vt -0.017635 1.922171
vt -0.254786 1.864688
vt -0.058486 2.15824
vt -0.017635 1.922171
vt -0.0129 1.496374
vt -0.254786 1.864688
vt 0.020481 0.53275
vt -0.0129 1.496374
vt 0.202548 0.540169
vt 0.230634 1.496374
vt 0.202548 0.540169
vt -0.0129 1.496374
vt -0.0129 1.496374
vt -0.017635 1.922171
vt 0.230634 1.496374
vt 0.246543 1.8612
vt 0.230634 1.496374
vt -0.017635 1.922171
vt -0.017635 1.922171
vt -0.058486 2.15824
vt 0.246543 1.8612
vt 0.252588 2.123034
vt 0.246543 1.8612
vt -0.058486 2.15824
vt -0.058486 2.15824
vt -0.170626 2.590745
vt 0.252588 2.123034
vt 0.34811 2.596129
vt 0.252588 2.123034
vt -0.170626 2.590745
vt 0.34811 2.596129
vt -0.170626 2.590745
vt 0.142479 2.988802
vt 0.142479 2.988802
vt 0.559483 2.596129
vt 0.34811 2.596129
vt 0.559483 2.596129
vt 0.559483 2.140824
vt 0.34811 2.596129
vt 0.252588 2.123034
vt 0.34811 2.596129
vt 0.559483 2.140824
vt 0.559483 2.140824
vt 0.559483 1.864688
vt 0.252588 2.123034
vt 0.246543 1.8612
vt 0.252588 2.123034
vt 0.559483 1.864688
vt 0.559483 1.864688
vt 0.559483 1.496374
vt 0.246543 1.8612
vt 0.230634 1.496374
vt 0.246543 1.8612
vt 0.559483 1.496374
vt 0.559483 1.496374
vt 0.559484 0.53275
vt 0.230634 1.496374
vt 0.202548 0.540169
vt 0.230634 1.496374
vt 0.559484 0.53275
vt 0.559484 0.53275
vt 0.559484 -0.733293
vt 0.202548 0.540169
vt 0.213292 -0.733293
vt 0.202548 0.540169
vt 0.559484 -0.733293
vt 0.174081 -0.733293
vt 0.17145 0.53275
vt -0.283241 -0.733293
vt 0.559484 -0.733293
vt 0.559484 0.53275
vt 0.174081 -0.733293
vt 0.17145 0.53275
vt 0.174081 -0.733293
vt 0.559484 0.53275
vt 0.17145 0.53275
vt 0.559484 0.53275
vt 0.156019 1.496374
vt 0.559483 1.496374
vt 0.156019 1.496374
vt 0.559484 0.53275
vt 0.559483 1.496374
vt 0.559483 1.864688
vt 0.156019 1.496374
vt 0.559483 2.596129
vt 0.142479 2.988802
vt 0.138957 2.596129
vt 0.559483 2.596129
vt 0.138957 2.596129
vt 0.559483 2.140824
vt 0.133201 2.140823
vt 0.559483 2.140824
vt 0.138957 2.596129
vt 0.559483 2.140824
vt 0.133201 2.140823
vt 0.559483 1.864688
vt 0.122349 1.864688
vt 0.559483 1.864688
vt 0.133201 2.140823
vt 0.122349 1.864688
vt 0.156019 1.496374
vt 0.559483 1.864688
vt 0.156019 1.496374
vt 0.122349 1.864688
vt -0.283243 1.496374
vt 0.156019 1.496374
vt -0.283243 1.496374
vt 0.17145 0.53275
vt -0.283242 0.53275
vt 0.17145 0.53275
vt -0.283243 1.496374
vt -0.283242 0.53275
vt -0.283241 -0.733293
vt 0.17145 0.53275
vt 3.0 -0.470352
vt 3.0 -1.044776
vt 3.624868 -0.42442
vt 3.627774 -1.044776
vt 3.624868 -0.42442
vt 3.0 -1.044776
vt 3.0 -1.044776
vt 3.0 -1.587337
vt 3.627774 -1.044776
vt 3.630691 -1.587337
vt 3.627774 -1.044776
vt 3.0 -1.587337
vt 3.0 -1.587337
vt 3.0 -2.210052
vt 3.630691 -1.587337
vt 3.64495 -2.210052
vt 3.630691 -1.587337
vt 3.0 -2.210052
vt 4.360621 -2.210052
vt 4.351114 -1.587337
vt 3.64495 -2.210052
vt 3.630691 -1.587337
vt 3.64495 -2.210052
vt 4.351114 -1.587337
vt 4.351114 -1.587337
vt 4.337361 -1.044776
vt 3.630691 -1.587337
vt 3.627774 -1.044776
vt 3.630691 -1.587337
vt 4.337361 -1.044776
vt 4.337361 -1.044776
vt 4.323661 -0.412652
vt 3.627774 -1.044776
vt 3.624868 -0.42442
vt 3.627774 -1.044776
vt 4.323661 -0.412652
vt 3.0 0.410874
vt 3.0 -0.470352
vt 3.624868 -0.42442
vt 3.0 0.410874
vt 3.624868 -0.42442
vt 4.202204 0.364562
vt 4.323661 -0.412652
vt 4.202204 0.364562
vt 3.624868 -0.42442
vt 4.323661 -0.412652
vt 5.0 -0.470162
vt 4.202204 0.364562
vt 4.323661 -0.412652
vt 4.337361 -1.044776
vt 5.0 -0.470162
vt 5.0 -1.044776
vt 5.0 -0.470162
vt 4.337361 -1.044776
vt 4.337361 -1.044776
vt 4.351114 -1.587337
vt 5.0 -1.044776
vt 5.0 -1.587337
vt 5.0 -1.044776
vt 4.351114 -1.587337
vt 4.351114 -1.587337
vt 4.360621 -2.210052
vt 5.0 -1.587337
vt 5.0 -2.210052
vt 5.0 -1.587337
vt 4.360621 -2.210052
vt 5.0 0.221261
vt 4.202204 0.364562
vt 5.0 -0.470162
vt 5.0 0.330398
vt 4.202204 0.364562
vt 5.0 0.221261
vt 5.0 0.330398
vt 5.0 0.767528
vt 4.202204 0.364562
vt 4.189631 0.767528
vt 4.202204 0.364562
vt 5.0 0.767528
vt 5.0 0.767528
vt 5.0 1.195643
vt 4.189631 0.767528
vt 4.16818 1.195643
vt 4.189631 0.767528
vt 5.0 1.195643
vt 5.0 1.195643
vt 5.0 1.417232
vt 4.16818 1.195643
vt 4.15645 1.469617
vt 4.16818 1.195643
vt 5.0 1.417232
vt 3.0 0.767528
vt 4.189631 0.767528
vt 3.0 1.195643
vt 3.0 0.767528
vt 3.0 0.410874
vt 4.189631 0.767528
vt 4.202204 0.364562
vt 4.189631 0.767528
vt 3.0 0.410874
vt 3.0 2.245148
vt 3.0 1.826446
vt 4.005044 2.247427
vt 4.053295 1.844287
vt 4.005044 2.247427
vt 3.0 1.826446
vt 3.0 1.826446
vt 3.0 1.461646
vt 4.053295 1.844287
vt 4.15645 1.469617
vt 4.053295 1.844287
vt 3.0 1.461646
vt 3.0 1.461646
vt 3.0 1.195643
vt 4.15645 1.469617
vt 4.16818 1.195643
vt 4.15645 1.469617
vt 3.0 1.195643
vt 4.16818 1.195643
vt 3.0 1.195643
vt 4.189631 0.767528
vt 5.0 1.506818
vt 4.15645 1.469617
vt 5.0 1.417232
vt 4.15645 1.469617
vt 5.0 1.506818
vt 4.053295 1.844287
vt 5.0 1.84144
vt 4.053295 1.844287
vt 5.0 1.506818
vt 4.053295 1.844287
vt 5.0 1.84144
vt 4.005044 2.247427
vt 5.0 2.281781
vt 4.005044 2.247427
vt 5.0 1.84144
vt 3.641506 2.296775
vt 4.005044 2.247427
vt 5.0 2.281781
vt 5.0 2.281781
vt 5.0 2.660247
vt 3.641506 2.296775
vt 3.784592 2.730853
vt 3.641506 2.296775
vt 5.0 2.660247
vt 5.0 2.720604
vt 3.784592 2.730853
vt 5.0 2.660247
vt 5.0 2.720604
vt 5.0 2.870927
vt 3.784592 2.730853
vt 3.833674 2.879467
vt 3.784592 2.730853
vt 5.0 2.870927
vt 3.0 2.388686
vt 3.641506 2.296775
vt 3.0 2.716618
vt 3.784592 2.730853
vt 3.0 2.716618
vt 3.641506 2.296775
vt 3.0 2.716618
vt 3.784592 2.730853
vt 3.0 2.860298
vt 3.833674 2.879467
vt 3.0 2.860298
vt 3.784592 2.730853
vt 3.833674 2.879467
vt 3.960954 3.408826
vt 3.0 2.860298
vt 3.833674 2.879467
vt 5.0 2.870927
vt 3.960954 3.408826
vt 5.0 3.406738
vt 3.960954 3.408826
vt 5.0 2.870927
vt 3.0 3.41357
vt 3.0 2.860298
vt 3.960954 3.408826
vt 4.026478 3.698175
vt 3.0 3.41357
vt 3.960954 3.408826
vt 4.026478 3.698175
vt 3.960954 3.408826
vt 5.0 3.406738
vt 4.026478 3.698175
vt 3.0 3.406547
vt 4.176629 3.410533
vt 3.0 3.406547
vt 3.0 2.870737
vt 4.176629 3.410533
vt 4.110193 2.850047
vt 4.176629 3.410533
vt 3.0 2.870737
vt 3.0 2.870737
vt 3.0 2.720223
vt 4.110193 2.850047
vt 4.078485 2.699725
vt 4.110193 2.850047
vt 3.0 2.720223
vt 4.176629 3.410533
vt 4.110193 2.850047
vt 5.0 3.41357
vt 4.026478 3.698175
vt 4.176629 3.410533
vt 5.0 3.41357
vt 3.987889 2.261092
vt 5.0 2.388686
vt 4.078485 2.699725
vt 5.0 2.716618
vt 4.078485 2.699725
vt 5.0 2.388686
vt 4.078485 2.699725
vt 5.0 2.716618
vt 4.110193 2.850047
vt 5.0 2.860298
vt 4.110193 2.850047
vt 5.0 2.716618
vt 5.0 2.860298
vt 5.0 3.41357
vt 4.110193 2.850047
vt 5.0 1.195643
vt 4.393509 1.195643
vt 5.0 0.767528
vt 5.0 1.195643
vt 5.0 1.461646
vt 4.393509 1.195643
vt 5.0 2.388686
vt 3.987889 2.261092
vt 5.0 2.245148
vt 5.0 2.245148
vt 3.987889 2.261092
vt 5.0 1.826446
vt 4.108683 1.818094
vt 5.0 1.826446
vt 3.987889 2.261092
vt 5.0 1.826446
vt 4.108683 1.818094
vt 5.0 1.461646
vt 4.402362 1.457849
vt 5.0 1.461646
vt 4.108683 1.818094
vt 4.402362 1.457849
vt 4.393509 1.195643
vt 5.0 1.461646
vt 3.0 2.659677
vt 3.0 2.280262
vt 4.078485 2.699725
vt 3.987889 2.261092
vt 4.078485 2.699725
vt 3.0 2.280262
vt 3.0 2.280262
vt 3.0 1.84087
vt 3.987889 2.261092
vt 4.108683 1.818094
vt 3.987889 2.261092
vt 3.0 1.84087
vt 3.0 1.84087
vt 3.710065 1.501884
vt 4.108683 1.818094
vt 4.402362 1.457849
vt 4.108683 1.818094
vt 3.710065 1.501884

# 5973 Vertex Normals
vn -0.91195 0.201267 0.357545
vn -0.91195 0.201267 0.357545
vn -0.91195 0.201267 0.357545
vn -0.666213 -0.74576 0.001596
vn -0.546081 -0.743128 0.386726
vn -0.81801 -0.404396 0.409052
vn -0.666213 -0.74576 0.001596
vn -0.14701 -0.947587 0.283668
vn -0.546081 -0.743128 0.386726
vn -0.546081 -0.743128 0.386726
vn -0.14701 -0.947587 0.283668
vn -0.344485 -0.624971 0.700529
vn -0.546081 -0.743128 0.386726
vn -0.344485 -0.624971 0.700529
vn -0.81801 -0.404396 0.409052
vn -0.859562 0.186617 -0.475739
vn -0.859562 0.186617 -0.475739
vn -0.859562 0.186617 -0.475739
vn -0.968675 -0.235421 -0.079029
vn -0.968675 -0.235421 -0.079029
vn -0.968675 -0.235421 -0.079029
vn -0.243043 -0.024729 0.9697
vn -0.243043 -0.024729 0.9697
vn -0.243043 -0.024729 0.9697
vn 0.147058 -0.989094 0.008187
vn -0.024302 -0.963559 0.266388
vn -0.124277 -0.974996 -0.184224
vn 0.147058 -0.989094 0.008187
vn -0.124277 -0.974996 -0.184224
vn 0.303687 -0.91941 -0.249917
vn 0.147058 -0.989094 0.008187
vn 0.303687 -0.91941 -0.249917
vn 0.395692 -0.8975 0.194734
vn -0.024302 -0.963559 0.266388
vn 0.147058 -0.989094 0.008187
vn 0.395692 -0.8975 0.194734
vn -0.067069 0.916972 -0.393275
vn -0.067069 0.916972 -0.393275
vn -0.067069 0.916972 -0.393275
vn 0.391241 0.882602 -0.26066
vn 0.391241 0.882602 -0.26066
vn 0.391241 0.882602 -0.26066
vn 0.407144 0.887401 0.216224
vn 0.407144 0.887401 0.216224
vn 0.407144 0.887401 0.216224
vn -0.039251 0.924582 0.378955
vn -0.191652 0.961505 0.196922
vn -0.039251 0.924582 0.378955
vn -0.332991 0.942924 0.003523
vn -0.191652 0.961505 0.196922
vn -0.332991 0.942924 0.003523
vn -0.671805 -0.077493 0.736664
vn -0.708247 -0.14269 0.691394
vn -0.708247 -0.14269 0.691394
vn -0.739287 -0.206798 0.64085
vn -0.708247 -0.14269 0.691394
vn -0.708247 -0.14269 0.691394
vn -0.305048 0.152325 -0.940076
vn -0.272805 0.072977 -0.959298
vn -0.272805 0.072977 -0.959298
vn -0.238459 -0.006932 -0.971128
vn -0.272805 0.072977 -0.959298
vn -0.272805 0.072977 -0.959298
vn 0.081675 -0.884312 -0.459698
vn 0.382065 -0.834256 -0.397546
vn 0.025218 -0.988575 -0.148608
vn 0.081675 -0.884312 -0.459698
vn 0.025218 -0.988575 -0.148608
vn -0.225529 -0.849216 -0.47746
vn 0.081675 -0.884312 -0.459698
vn -0.225529 -0.849216 -0.47746
vn 0.127973 -0.688584 -0.713775
vn 0.382065 -0.834256 -0.397546
vn 0.081675 -0.884312 -0.459698
vn 0.127973 -0.688584 -0.713775
vn -0.290886 0.6626 -0.690179
vn -0.284466 0.713462 -0.640353
vn -0.315766 0.636084 -0.704052
vn -0.28065 0.737896 -0.613796
vn -0.315766 0.636084 -0.704052
vn -0.284466 0.713462 -0.640353
vn -0.284466 0.713462 -0.640353
vn -0.212465 0.8444 -0.49178
vn -0.28065 0.737896 -0.613796
vn 0.553969 0.663715 -0.502594
vn 0.499447 0.734499 -0.459417
vn 0.554002 0.663609 -0.502698
vn 0.470008 0.767539 -0.435863
vn 0.554002 0.663609 -0.502698
vn 0.499447 0.734499 -0.459417
vn 0.499447 0.734499 -0.459417
vn 0.375469 0.85441 -0.359175
vn 0.470008 0.767539 -0.435863
vn 0.636562 0.670769 0.380602
vn 0.550939 0.762748 0.338646
vn 0.610406 0.694533 0.380826
vn 0.50407 0.804082 0.315223
vn 0.610406 0.694533 0.380826
vn 0.550939 0.762748 0.338646
vn 0.550939 0.762748 0.338646
vn 0.415537 0.87619 0.244171
vn 0.50407 0.804082 0.315223
vn -0.189638 0.67764 0.710522
vn -0.177182 0.761285 0.62374
vn -0.195615 0.689496 0.697374
vn -0.169895 0.799326 0.576379
vn -0.195615 0.689496 0.697374
vn -0.177182 0.761285 0.62374
vn -0.177182 0.761285 0.62374
vn -0.336038 0.909281 0.245533
vn -0.169895 0.799326 0.576379
vn -0.744172 0.666936 0.037469
vn -0.680615 0.731693 0.037262
vn -0.754661 0.654341 0.048225
vn -0.646225 0.762247 0.03704
vn -0.754661 0.654341 0.048225
vn -0.680615 0.731693 0.037262
vn -0.680615 0.731693 0.037262
vn -0.336038 0.909281 0.245533
vn -0.646225 0.762247 0.03704
vn 0.711825 0.111218 -0.693495
vn 0.711825 0.111218 -0.693495
vn 0.711825 0.111218 -0.693495
vn 0.243714 0.339835 0.908359
vn 0.243714 0.339835 0.908359
vn 0.243714 0.339835 0.908359
vn 0.1842 0.93627 0.299115
vn 0.1842 0.93627 0.299115
vn 0.1842 0.93627 0.299115
vn 0.984883 -0.019232 -0.172148
vn 0.984883 -0.019232 -0.172148
vn 0.984883 -0.019232 -0.172148
vn -0.974878 -0.196599 -0.104698
vn -0.960079 -0.208885 -0.186051
vn -0.963833 -0.197077 -0.179409
vn -0.94976 -0.220449 -0.222167
vn -0.963833 -0.197077 -0.179409
vn -0.960079 -0.208885 -0.186051
vn -0.960079 -0.208885 -0.186051
vn -0.950447 -0.232332 -0.206573
vn -0.94976 -0.220449 -0.222167
vn -0.948813 -0.232338 -0.213948
vn -0.94976 -0.220449 -0.222167
vn -0.950447 -0.232332 -0.206573
vn -0.033639 -0.82577 -0.563003
vn 0.245631 -0.866978 -0.433606
vn -0.186695 -0.938557 -0.290269
vn -0.033639 -0.82577 -0.563003
vn -0.186695 -0.938557 -0.290269
vn -0.308725 -0.705486 -0.637948
vn -0.033639 -0.82577 -0.563003
vn -0.308725 -0.705486 -0.637948
vn 0.119036 -0.628195 -0.768896
vn 0.245631 -0.866978 -0.433606
vn -0.033639 -0.82577 -0.563003
vn 0.119036 -0.628195 -0.768896
vn -0.348058 0.58646 -0.731383
vn -0.341531 0.643807 -0.684741
vn -0.373942 0.559308 -0.739825
vn -0.337496 0.671576 -0.659607
vn -0.373942 0.559308 -0.739825
vn -0.341531 0.643807 -0.684741
vn -0.341531 0.643807 -0.684741
vn -0.265203 0.790901 -0.551491
vn -0.337496 0.671576 -0.659607
vn 0.586521 0.572143 -0.573276
vn 0.540593 0.651873 -0.531809
vn 0.586513 0.572231 -0.573197
vn 0.515267 0.689675 -0.508772
vn 0.586513 0.572231 -0.573197
vn 0.540593 0.651873 -0.531809
vn 0.540593 0.651873 -0.531809
vn 0.432184 0.791177 -0.432731
vn 0.515267 0.689675 -0.508772
vn 0.727149 0.567513 0.386243
vn 0.649442 0.672184 0.35552
vn 0.703881 0.592906 0.39117
vn 0.605787 0.720456 0.337588
vn 0.703881 0.592906 0.39117
vn 0.649442 0.672184 0.35552
vn 0.649442 0.672184 0.35552
vn 0.520044 0.809338 0.272994
vn 0.605787 0.720456 0.337588
vn -0.155183 0.583176 0.797386
vn -0.14865 0.678824 0.719097
vn -0.162922 0.59589 0.786366
vn -0.144476 0.723266 0.675287
vn -0.162922 0.59589 0.786366
vn -0.14865 0.678824 0.719097
vn -0.14865 0.678824 0.719097
vn -0.371874 0.86784 0.32949
vn -0.144476 0.723266 0.675287
vn -0.803165 0.588486 0.092791
vn -0.744319 0.661645 0.09064
vn -0.81105 0.575572 0.104476
vn -0.711936 0.696551 0.089243
vn -0.81105 0.575572 0.104476
vn -0.744319 0.661645 0.09064
vn -0.744319 0.661645 0.09064
vn -0.371874 0.86784 0.32949
vn -0.711936 0.696551 0.089243
vn -0.99633 0.085049 -0.009602
vn -0.997134 0.069659 -0.029524
vn -0.997134 0.069659 -0.029524
vn -0.997305 0.054225 -0.049427
vn -0.997134 0.069659 -0.029524
vn -0.997134 0.069659 -0.029524
vn 0.728848 0.020783 0.68436
vn 0.717741 0.008049 0.696264
vn 0.717741 0.008049 0.696264
vn 0.706327 -0.00469 0.70787
vn 0.717741 0.008049 0.696264
vn 0.717741 0.008049 0.696264
vn -0.323214 0.045067 0.945252
vn -0.336378 0.029942 0.941251
vn -0.336378 0.029942 0.941251
vn -0.349401 0.014805 0.936856
vn -0.336378 0.029942 0.941251
vn -0.336378 0.029942 0.941251
vn -0.670618 0.275313 -0.688821
vn -0.660231 0.264432 -0.702973
vn -0.660231 0.264432 -0.702973
vn -0.649562 0.253438 -0.716825
vn -0.660231 0.264432 -0.702973
vn -0.660231 0.264432 -0.702973
vn 0.94372 0.024826 -0.329812
vn 0.949256 0.013202 -0.314229
vn 0.949256 0.013202 -0.314229
vn 0.954403 0.001573 -0.298516
vn 0.949256 0.013202 -0.314229
vn 0.949256 0.013202 -0.314229
vn -0.401321 -0.837909 0.369931
vn -0.618013 -0.770154 0.157868
vn -0.202345 -0.969566 0.137835
vn -0.401321 -0.837909 0.369931
vn -0.202345 -0.969566 0.137835
vn -0.146847 -0.824984 0.545745
vn -0.401321 -0.837909 0.369931
vn -0.146847 -0.824984 0.545745
vn -0.552428 -0.62046 0.556644
vn -0.618013 -0.770154 0.157868
vn -0.401321 -0.837909 0.369931
vn -0.552428 -0.62046 0.556644
vn -0.123978 -0.987804 0.094199
vn -0.413267 -0.910529 0.012139
vn -0.021069 -0.974817 -0.22201
vn -0.123978 -0.987804 0.094199
vn -0.021069 -0.974817 -0.22201
vn 0.176207 -0.970093 0.166946
vn -0.123978 -0.987804 0.094199
vn 0.176207 -0.970093 0.166946
vn -0.211032 -0.895342 0.392209
vn -0.413267 -0.910529 0.012139
vn -0.123978 -0.987804 0.094199
vn -0.211032 -0.895342 0.392209
vn 0.798908 0.331662 0.501743
vn 0.798908 0.331662 0.501743
vn 0.798908 0.331662 0.501743
vn 0.669579 -0.067283 0.739687
vn 0.669579 -0.067283 0.739687
vn 0.669579 -0.067283 0.739687
vn -0.987131 0.148846 0.058451
vn -0.987131 0.148846 0.058451
vn -0.987131 0.148846 0.058451
vn 0.99253 0.029585 -0.118364
vn 0.99253 0.029585 -0.118364
vn 0.99253 0.029585 -0.118364
vn 0.948975 0.291213 -0.121002
vn 0.948975 0.291213 -0.121002
vn 0.948975 0.291213 -0.121002
vn -0.989535 0.043255 0.13766
vn -0.989535 0.043255 0.13766
vn -0.989535 0.043255 0.13766
vn 0.038399 0.916036 -0.399253
vn 0.038399 0.916036 -0.399253
vn 0.038399 0.916036 -0.399253
vn 0.497163 0.807196 -0.31822
vn 0.497163 0.807196 -0.31822
vn 0.497163 0.807196 -0.31822
vn 0.56754 0.808899 0.153561
vn 0.56754 0.808899 0.153561
vn 0.56754 0.808899 0.153561
vn 0.154409 0.918262 0.364627
vn -0.009602 0.979711 0.200185
vn 0.154409 0.918262 0.364627
vn -0.173058 0.984615 0.024188
vn -0.009602 0.979711 0.200185
vn -0.173058 0.984615 0.024188
vn -0.920835 -0.046318 -0.387191
vn -0.920835 -0.046318 -0.387191
vn -0.920835 -0.046318 -0.387191
vn 0.659851 -0.010113 0.751328
vn 0.659851 -0.010113 0.751328
vn 0.659851 -0.010113 0.751328
vn 0.002071 -0.124733 0.992188
vn 0.002071 -0.124733 0.992188
vn 0.002071 -0.124733 0.992188
vn -0.98247 -0.111179 0.149641
vn -0.98247 -0.111179 0.149641
vn -0.98247 -0.111179 0.149641
vn 0.208675 -0.111176 -0.971645
vn 0.288646 -0.105414 -0.951615
vn 0.279705 -0.095479 -0.955327
vn 0.325277 -0.108889 -0.939328
vn 0.279705 -0.095479 -0.955327
vn 0.288646 -0.105414 -0.951615
vn 0.288646 -0.105414 -0.951615
vn 0.313144 -0.123648 -0.941622
vn 0.325277 -0.108889 -0.939328
vn 0.319959 -0.122122 -0.939528
vn 0.325277 -0.108889 -0.939328
vn 0.313144 -0.123648 -0.941622
vn 0.707042 -0.055343 0.705002
vn 0.695941 -0.069379 0.71474
vn 0.695941 -0.069379 0.71474
vn 0.684551 -0.083385 0.72418
vn 0.695941 -0.069379 0.71474
vn 0.695941 -0.069379 0.71474
vn 0.126298 0.141234 -0.981887
vn 0.139445 0.125038 -0.982304
vn 0.139445 0.125038 -0.982304
vn 0.152533 0.108788 -0.982293
vn 0.139445 0.125038 -0.982304
vn 0.139445 0.125038 -0.982304
vn 0.968809 -0.070712 -0.237505
vn 0.970511 -0.086835 -0.224873
vn 0.970511 -0.086835 -0.224873
vn 0.971803 -0.102921 -0.212146
vn 0.970511 -0.086835 -0.224873
vn 0.970511 -0.086835 -0.224873
vn -0.957067 -0.24783 0.150341
vn -0.957067 -0.24783 0.150341
vn -0.957067 -0.24783 0.150341
vn -0.125804 0.77443 -0.620026
vn -0.273283 0.917241 -0.289804
vn -0.071755 0.907834 -0.413144
vn -0.071755 0.907834 -0.413144
vn -0.273283 0.917241 -0.289804
vn -0.013655 0.98319 -0.182076
vn -0.071755 0.907834 -0.413144
vn -0.013655 0.98319 -0.182076
vn 0.136103 0.846701 -0.514367
vn -0.125804 0.77443 -0.620026
vn -0.071755 0.907834 -0.413144
vn 0.136103 0.846701 -0.514367
vn 0.231607 0.262198 -0.936809
vn 0.053454 0.583584 -0.810292
vn 0.268488 0.48767 -0.830718
vn 0.268488 0.48767 -0.830718
vn 0.053454 0.583584 -0.810292
vn 0.288241 0.680716 -0.673456
vn 0.268488 0.48767 -0.830718
vn 0.288241 0.680716 -0.673456
vn 0.470665 0.362989 -0.804185
vn 0.231607 0.262198 -0.936809
vn 0.268488 0.48767 -0.830718
vn 0.470665 0.362989 -0.804185
vn -0.577753 0.464461 -0.671176
vn -0.705503 0.247587 -0.664052
vn -0.730365 0.478165 -0.487776
vn -0.394365 0.424819 -0.814865
vn -0.705503 0.247587 -0.664052
vn -0.577753 0.464461 -0.671176
vn -0.394365 0.424819 -0.814865
vn -0.577753 0.464461 -0.671176
vn -0.414885 0.65046 -0.636217
vn -0.414885 0.65046 -0.636217
vn -0.577753 0.464461 -0.671176
vn -0.730365 0.478165 -0.487776
vn -0.305943 0.266672 -0.913939
vn -0.147912 0.083529 -0.985467
vn -0.42662 0.060289 -0.90242
vn -0.169361 0.455758 -0.873843
vn -0.147912 0.083529 -0.985467
vn -0.305943 0.266672 -0.913939
vn -0.169361 0.455758 -0.873843
vn -0.305943 0.266672 -0.913939
vn -0.443436 0.431536 -0.785583
vn -0.443436 0.431536 -0.785583
vn -0.305943 0.266672 -0.913939
vn -0.42662 0.060289 -0.90242
vn -0.15342 0.508491 -0.847289
vn -0.15342 0.508491 -0.847289
vn -0.15342 0.508491 -0.847289
vn 0.407169 0.834897 -0.370353
vn 0.449853 0.848228 -0.279538
vn 0.349594 0.733858 -0.58244
vn 0.407169 0.834897 -0.370353
vn 0.349594 0.733858 -0.58244
vn 0.280699 0.639887 -0.715368
vn 0.280699 0.639887 -0.715368
vn 0.349594 0.733858 -0.58244
vn -0.084901 0.457566 -0.885113
vn -0.655856 0.727904 -0.200023
vn -0.618562 0.777268 0.115045
vn -0.460518 0.884214 -0.078031
vn 0.027538 0.993025 0.114643
vn -0.460518 0.884214 -0.078031
vn -0.618562 0.777268 0.115045
vn -0.460518 0.884214 -0.078031
vn 0.027538 0.993025 0.114643
vn -0.146223 0.981688 -0.122097
vn -0.460518 0.884214 -0.078031
vn -0.146223 0.981688 -0.122097
vn -0.392071 0.86433 -0.314981
vn -0.392071 0.86433 -0.314981
vn -0.655856 0.727904 -0.200023
vn -0.460518 0.884214 -0.078031
vn 0.243735 0.839319 -0.485938
vn 0.148 0.98078 -0.127149
vn 0.424879 0.879465 -0.214522
vn 0.243735 0.839319 -0.485938
vn 0.424879 0.879465 -0.214522
vn 0.480944 0.787194 -0.386028
vn 0.424879 0.879465 -0.214522
vn 0.579534 0.812648 -0.06119
vn 0.480944 0.787194 -0.386028
vn 0.424879 0.879465 -0.214522
vn 0.027538 0.993025 0.114643
vn 0.579534 0.812648 -0.06119
vn 0.027538 0.993025 0.114643
vn 0.424879 0.879465 -0.214522
vn 0.148 0.98078 -0.127149
vn -0.146223 0.981688 -0.122097
vn 0.027538 0.993025 0.114643
vn 0.148 0.98078 -0.127149
vn -0.146223 0.981688 -0.122097
vn 0.148 0.98078 -0.127149
vn -0.200829 0.950237 -0.238156
vn -0.315391 0.798649 -0.512531
vn -0.146223 0.981688 -0.122097
vn -0.200829 0.950237 -0.238156
vn -0.315391 0.798649 -0.512531
vn -0.200829 0.950237 -0.238156
vn -0.312651 0.693641 -0.648931
vn -0.315391 0.798649 -0.512531
vn -0.312651 0.693641 -0.648931
vn -0.084901 0.457566 -0.885113
vn -0.506713 0.194727 -0.839835
vn -0.506713 0.194727 -0.839835
vn -0.506713 0.194727 -0.839835
vn -0.031807 0.275882 -0.960665
vn -0.024639 0.621814 -0.782777
vn 0.119239 0.4606 -0.879562
vn 0.119239 0.4606 -0.879562
vn -0.024639 0.621814 -0.782777
vn 0.261551 0.614896 -0.743972
vn 0.119239 0.4606 -0.879562
vn 0.261551 0.614896 -0.743972
vn 0.25792 0.271334 -0.927284
vn -0.031807 0.275882 -0.960665
vn 0.119239 0.4606 -0.879562
vn 0.25792 0.271334 -0.927284
vn -0.814129 0.566458 0.127745
vn -0.819309 0.526546 -0.226896
vn -0.89537 0.368727 -0.249708
vn -0.819309 0.526546 -0.226896
vn -0.589222 0.629616 -0.50636
vn -0.89537 0.368727 -0.249708
vn -0.602079 0.788832 -0.123471
vn -0.589222 0.629616 -0.50636
vn -0.819309 0.526546 -0.226896
vn -0.814129 0.566458 0.127745
vn -0.602079 0.788832 -0.123471
vn -0.819309 0.526546 -0.226896
vn -0.814129 0.566458 0.127745
vn -0.526537 0.840237 0.129463
vn -0.602079 0.788832 -0.123471
vn -0.526537 0.840237 0.129463
vn -0.422696 0.880621 -0.214092
vn -0.602079 0.788832 -0.123471
vn -0.602079 0.788832 -0.123471
vn -0.422696 0.880621 -0.214092
vn -0.589222 0.629616 -0.50636
vn -0.681861 0.481354 0.550785
vn -0.418251 0.637265 0.64727
vn -0.565962 0.703797 0.429368
vn -0.26606 0.961555 0.068004
vn -0.565962 0.703797 0.429368
vn -0.418251 0.637265 0.64727
vn -0.735751 0.62129 0.269572
vn -0.681861 0.481354 0.550785
vn -0.565962 0.703797 0.429368
vn -0.565962 0.703797 0.429368
vn -0.526537 0.840237 0.129463
vn -0.735751 0.62129 0.269572
vn -0.565962 0.703797 0.429368
vn -0.26606 0.961555 0.068004
vn -0.526537 0.840237 0.129463
vn -0.526537 0.840237 0.129463
vn -0.26606 0.961555 0.068004
vn -0.422696 0.880621 -0.214092
vn -0.26606 0.961555 0.068004
vn -0.360268 0.825899 -0.433703
vn -0.422696 0.880621 -0.214092
vn -0.642046 0.665247 -0.381081
vn -0.422696 0.880621 -0.214092
vn -0.360268 0.825899 -0.433703
vn -0.360268 0.825899 -0.433703
vn -0.26606 0.961555 0.068004
vn -0.148513 0.844028 -0.515325
vn -0.360268 0.825899 -0.433703
vn -0.148513 0.844028 -0.515325
vn -0.451517 0.695487 -0.558954
vn -0.642046 0.665247 -0.381081
vn -0.360268 0.825899 -0.433703
vn -0.451517 0.695487 -0.558954
vn -0.292875 0.079266 0.95286
vn -0.292875 0.079266 0.95286
vn -0.292875 0.079266 0.95286
vn -0.178743 0.151001 -0.972239
vn -0.178743 0.151001 -0.972239
vn -0.178743 0.151001 -0.972239
vn -0.277006 0.718945 -0.637484
vn -0.277006 0.718945 -0.637484
vn -0.277006 0.718945 -0.637484
vn -0.241125 0.856842 0.45572
vn -0.31577 0.865617 0.388583
vn -0.103836 0.766736 0.633509
vn -0.241125 0.856842 0.45572
vn -0.103836 0.766736 0.633509
vn 0.012654 0.679465 0.733598
vn 0.012654 0.679465 0.733598
vn -0.103836 0.766736 0.633509
vn 0.418171 0.50327 0.756209
vn 0.672009 0.732163 -0.111093
vn 0.513654 0.765016 -0.388472
vn 0.442268 0.883414 -0.154849
vn -0.083651 0.985675 -0.146448
vn 0.442268 0.883414 -0.154849
vn 0.513654 0.765016 -0.388472
vn 0.442268 0.883414 -0.154849
vn -0.083651 0.985675 -0.146448
vn 0.169027 0.985605 0.003694
vn 0.442268 0.883414 -0.154849
vn 0.169027 0.985605 0.003694
vn 0.472279 0.876784 0.090562
vn 0.472279 0.876784 0.090562
vn 0.672009 0.732163 -0.111093
vn 0.442268 0.883414 -0.154849
vn -0.045694 0.865927 0.498078
vn -0.099755 0.987309 0.123571
vn -0.318988 0.893019 0.317433
vn -0.045694 0.865927 0.498078
vn -0.318988 0.893019 0.317433
vn -0.302161 0.810632 0.501572
vn -0.318988 0.893019 0.317433
vn -0.520158 0.819498 0.240538
vn -0.302161 0.810632 0.501572
vn -0.318988 0.893019 0.317433
vn -0.083651 0.985675 -0.146448
vn -0.520158 0.819498 0.240538
vn -0.083651 0.985675 -0.146448
vn -0.318988 0.893019 0.317433
vn -0.099755 0.987309 0.123571
vn 0.169027 0.985605 0.003694
vn -0.083651 0.985675 -0.146448
vn -0.099755 0.987309 0.123571
vn 0.169027 0.985605 0.003694
vn -0.099755 0.987309 0.123571
vn 0.265063 0.95996 0.090656
vn 0.479795 0.822365 0.305799
vn 0.169027 0.985605 0.003694
vn 0.265063 0.95996 0.090656
vn 0.479795 0.822365 0.305799
vn 0.265063 0.95996 0.090656
vn 0.53208 0.724872 0.437551
vn 0.479795 0.822365 0.305799
vn 0.53208 0.724872 0.437551
vn 0.418171 0.50327 0.756209
vn -0.104043 0.026449 -0.994221
vn -0.104043 0.026449 -0.994221
vn -0.104043 0.026449 -0.994221
vn -0.42658 0.288396 -0.857238
vn -0.390939 0.628816 -0.672129
vn -0.277709 0.489571 -0.826558
vn -0.277709 0.489571 -0.826558
vn -0.390939 0.628816 -0.672129
vn -0.112639 0.658343 -0.744243
vn -0.277709 0.489571 -0.826558
vn -0.112639 0.658343 -0.744243
vn -0.147389 0.320871 -0.935584
vn -0.42658 0.288396 -0.857238
vn -0.277709 0.489571 -0.826558
vn -0.147389 0.320871 -0.935584
vn -0.684496 -0.720801 -0.109143
vn -0.632945 -0.717399 0.291067
vn -0.891542 -0.368537 0.263315
vn -0.684496 -0.720801 -0.109143
vn -0.229988 -0.937697 0.260443
vn -0.632945 -0.717399 0.291067
vn -0.632945 -0.717399 0.291067
vn -0.229988 -0.937697 0.260443
vn -0.484368 -0.602434 0.634398
vn -0.632945 -0.717399 0.291067
vn -0.484368 -0.602434 0.634398
vn -0.891542 -0.368537 0.263315
vn -0.95198 0.238176 0.192371
vn -0.95198 0.238176 0.192371
vn -0.95198 0.238176 0.192371
vn 0.542895 0.201162 0.815352
vn 0.542895 0.201162 0.815352
vn 0.542895 0.201162 0.815352
vn 0.692206 0.112879 -0.712817
vn 0.692206 0.112879 -0.712817
vn 0.692206 0.112879 -0.712817
vn 0.898252 0.013999 -0.439258
vn 0.898252 0.013999 -0.439258
vn 0.898252 0.013999 -0.439258
vn 0.611831 0.717808 0.332286
vn 0.539688 0.74076 0.400014
vn 0.778347 0.591356 0.210889
vn 0.611831 0.717808 0.332286
vn 0.778347 0.591356 0.210889
vn 0.868359 0.485434 0.101517
vn 0.868359 0.485434 0.101517
vn 0.778347 0.591356 0.210889
vn 0.896776 0.318844 -0.306809
vn 0.143526 0.752751 -0.642468
vn -0.135771 0.846912 -0.514108
vn 0.109469 0.904804 -0.411517
vn 0.07907 0.990024 0.116623
vn 0.109469 0.904804 -0.411517
vn -0.135771 0.846912 -0.514108
vn 0.109469 0.904804 -0.411517
vn 0.07907 0.990024 0.116623
vn 0.253966 0.960033 -0.117634
vn 0.109469 0.904804 -0.411517
vn 0.253966 0.960033 -0.117634
vn 0.348776 0.840513 -0.414599
vn 0.348776 0.840513 -0.414599
vn 0.143526 0.752751 -0.642468
vn 0.109469 0.904804 -0.411517
vn 0.677368 0.721449 0.143821
vn 0.337983 0.927058 0.162267
vn 0.477187 0.784318 0.396406
vn 0.677368 0.721449 0.143821
vn 0.477187 0.784318 0.396406
vn 0.637709 0.660804 0.39581
vn 0.477187 0.784318 0.396406
vn 0.362186 0.726608 0.583834
vn 0.637709 0.660804 0.39581
vn 0.477187 0.784318 0.396406
vn 0.07907 0.990024 0.116623
vn 0.362186 0.726608 0.583834
vn 0.07907 0.990024 0.116623
vn 0.477187 0.784318 0.396406
vn 0.337983 0.927058 0.162267
vn 0.253966 0.960033 -0.117634
vn 0.07907 0.990024 0.116623
vn 0.337983 0.927058 0.162267
vn 0.253966 0.960033 -0.117634
vn 0.337983 0.927058 0.162267
vn 0.343244 0.916634 -0.204854
vn 0.544207 0.736782 -0.401237
vn 0.253966 0.960033 -0.117634
vn 0.343244 0.916634 -0.204854
vn 0.544207 0.736782 -0.401237
vn 0.343244 0.916634 -0.204854
vn 0.654886 0.611857 -0.443571
vn 0.544207 0.736782 -0.401237
vn 0.654886 0.611857 -0.443571
vn 0.896776 0.318844 -0.306809
vn 0.811449 0.581002 0.063138
vn 0.607821 0.753681 0.250036
vn 0.681987 0.577628 0.448598
vn 0.811449 0.581002 0.063138
vn 0.485156 0.873954 0.028791
vn 0.607821 0.753681 0.250036
vn 0.607821 0.753681 0.250036
vn 0.485156 0.873954 0.028791
vn 0.338342 0.846524 0.411001
vn 0.607821 0.753681 0.250036
vn 0.338342 0.846524 0.411001
vn 0.681987 0.577628 0.448598
vn 0.494409 0.749884 0.439585
vn 0.494409 0.749884 0.439585
vn 0.494409 0.749884 0.439585
vn 0.797901 0.219758 -0.561303
vn 0.797901 0.219758 -0.561303
vn 0.797901 0.219758 -0.561303
vn -0.047729 0.916461 -0.397267
vn 0.00723 0.880399 -0.474179
vn -0.229619 0.943243 -0.239934
vn -0.047729 0.916461 -0.397267
vn -0.229619 0.943243 -0.239934
vn -0.343929 0.933057 -0.105435
vn -0.343929 0.933057 -0.105435
vn -0.229619 0.943243 -0.239934
vn -0.395708 0.857967 0.327578
vn 0.504656 0.698714 0.507071
vn 0.747097 0.572247 0.3382
vn 0.584546 0.771759 0.250389
vn 0.56198 0.776565 -0.284824
vn 0.584546 0.771759 0.250389
vn 0.747097 0.572247 0.3382
vn 0.584546 0.771759 0.250389
vn 0.56198 0.776565 -0.284824
vn 0.458352 0.888133 -0.033676
vn 0.584546 0.771759 0.250389
vn 0.458352 0.888133 -0.033676
vn 0.367252 0.884579 0.287481
vn 0.367252 0.884579 0.287481
vn 0.504656 0.698714 0.507071
vn 0.584546 0.771759 0.250389
vn -0.058085 0.97661 -0.207024
vn 0.321866 0.90004 -0.293819
vn 0.082202 0.870963 -0.484425
vn -0.058085 0.97661 -0.207024
vn 0.082202 0.870963 -0.484425
vn -0.116048 0.887184 -0.446584
vn 0.082202 0.870963 -0.484425
vn 0.093874 0.73778 -0.668482
vn -0.116048 0.887184 -0.446584
vn 0.082202 0.870963 -0.484425
vn 0.56198 0.776565 -0.284824
vn 0.093874 0.73778 -0.668482
vn 0.56198 0.776565 -0.284824
vn 0.082202 0.870963 -0.484425
vn 0.321866 0.90004 -0.293819
vn 0.458352 0.888133 -0.033676
vn 0.56198 0.776565 -0.284824
vn 0.321866 0.90004 -0.293819
vn 0.458352 0.888133 -0.033676
vn 0.321866 0.90004 -0.293819
vn 0.381399 0.92192 0.067811
vn 0.153821 0.937709 0.311515
vn 0.458352 0.888133 -0.033676
vn 0.381399 0.92192 0.067811
vn 0.153821 0.937709 0.311515
vn 0.381399 0.92192 0.067811
vn -0.000811 0.922529 0.385928
vn 0.153821 0.937709 0.311515
vn -0.000811 0.922529 0.385928
vn -0.395708 0.857967 0.327578
vn 0.949718 0.123054 -0.287912
vn 0.846212 0.489571 -0.210345
vn 0.947294 0.300986 -0.109735
vn 0.947294 0.300986 -0.109735
vn 0.846212 0.489571 -0.210345
vn 0.885576 0.45859 0.07383
vn 0.947294 0.300986 -0.109735
vn 0.885576 0.45859 0.07383
vn 0.995647 0.09319 -0.001766
vn 0.949718 0.123054 -0.287912
vn 0.947294 0.300986 -0.109735
vn 0.995647 0.09319 -0.001766
vn 0.401182 0.326692 0.85576
vn 0.320296 0.662522 0.677107
vn 0.228004 0.507991 0.830637
vn 0.228004 0.507991 0.830637
vn 0.320296 0.662522 0.677107
vn 0.041972 0.655937 0.753648
vn 0.228004 0.507991 0.830637
vn 0.041972 0.655937 0.753648
vn 0.121708 0.322827 0.9386
vn 0.401182 0.326692 0.85576
vn 0.228004 0.507991 0.830637
vn 0.121708 0.322827 0.9386
vn 0.682024 -0.719663 -0.13011
vn 0.477977 -0.737169 -0.477619
vn 0.722122 -0.389686 -0.571563
vn 0.682024 -0.719663 -0.13011
vn 0.122225 -0.952085 -0.280348
vn 0.477977 -0.737169 -0.477619
vn 0.477977 -0.737169 -0.477619
vn 0.122225 -0.952085 -0.280348
vn 0.205482 -0.639516 -0.740808
vn 0.477977 -0.737169 -0.477619
vn 0.205482 -0.639516 -0.740808
vn 0.722122 -0.389686 -0.571563
vn -0.965786 0.259304 -0.00427
vn -0.965786 0.259304 -0.00427
vn -0.965786 0.259304 -0.00427
vn -0.301688 0.597761 0.742743
vn -0.301688 0.597761 0.742743
vn -0.301688 0.597761 0.742743
vn 0.792274 0.235083 0.563062
vn 0.792274 0.235083 0.563062
vn 0.792274 0.235083 0.563062
vn -0.212896 -0.652127 -0.727603
vn -0.576539 -0.591091 -0.564105
vn -0.557155 -0.22568 -0.799154
vn -0.212896 -0.652127 -0.727603
vn -0.478471 -0.854963 -0.200261
vn -0.576539 -0.591091 -0.564105
vn -0.576539 -0.591091 -0.564105
vn -0.478471 -0.854963 -0.200261
vn -0.839987 -0.439917 -0.317638
vn -0.576539 -0.591091 -0.564105
vn -0.839987 -0.439917 -0.317638
vn -0.557155 -0.22568 -0.799154
vn -0.395889 0.36562 -0.842374
vn -0.395889 0.36562 -0.842374
vn -0.395889 0.36562 -0.842374
vn 0.292407 0.567612 -0.76962
vn 0.489233 0.686304 -0.53818
vn 0.648664 0.469561 -0.598955
vn 0.292407 0.567612 -0.76962
vn 0.28906 0.853051 -0.434451
vn 0.489233 0.686304 -0.53818
vn 0.489233 0.686304 -0.53818
vn 0.28906 0.853051 -0.434451
vn 0.634509 0.732008 -0.248119
vn 0.489233 0.686304 -0.53818
vn 0.634509 0.732008 -0.248119
vn 0.648664 0.469561 -0.598955
vn 0.880632 -0.454518 -0.133791
vn 0.880632 -0.454518 -0.133791
vn 0.880632 -0.454518 -0.133791
vn 0.658015 0.634826 -0.404985
vn 0.658015 0.634826 -0.404985
vn 0.658015 0.634826 -0.404985
vn 0.004199 0.938836 0.34434
vn 0.004199 0.938836 0.34434
vn 0.004199 0.938836 0.34434
vn -0.431915 0.668862 0.60504
vn -0.481231 0.703595 0.522849
vn -0.355322 0.518264 0.777913
vn -0.431915 0.668862 0.60504
vn -0.355322 0.518264 0.777913
vn -0.272609 0.396734 0.876519
vn -0.272609 0.396734 0.876519
vn -0.355322 0.518264 0.777913
vn 0.112524 0.203022 0.972687
vn 0.623146 0.691749 0.364929
vn 0.563316 0.822578 0.07772
vn 0.411389 0.860725 0.299854
vn -0.093166 0.981659 0.16633
vn 0.411389 0.860725 0.299854
vn 0.563316 0.822578 0.07772
vn 0.411389 0.860725 0.299854
vn -0.093166 0.981659 0.16633
vn 0.095337 0.918865 0.382881
vn 0.411389 0.860725 0.299854
vn 0.095337 0.918865 0.382881
vn 0.359104 0.771725 0.524867
vn 0.359104 0.771725 0.524867
vn 0.623146 0.691749 0.364929
vn 0.411389 0.860725 0.299854
vn -0.262134 0.653865 0.709751
vn -0.197183 0.894927 0.40028
vn -0.461818 0.753309 0.468241
vn -0.262134 0.653865 0.709751
vn -0.461818 0.753309 0.468241
vn -0.501494 0.613768 0.609747
vn -0.461818 0.753309 0.468241
vn -0.621383 0.719841 0.309374
vn -0.501494 0.613768 0.609747
vn -0.461818 0.753309 0.468241
vn -0.093166 0.981659 0.16633
vn -0.621383 0.719841 0.309374
vn -0.093166 0.981659 0.16633
vn -0.461818 0.753309 0.468241
vn -0.197183 0.894927 0.40028
vn 0.095337 0.918865 0.382881
vn -0.093166 0.981659 0.16633
vn -0.197183 0.894927 0.40028
vn 0.095337 0.918865 0.382881
vn -0.197183 0.894927 0.40028
vn 0.158956 0.860873 0.483353
vn 0.298788 0.648894 0.699759
vn 0.095337 0.918865 0.382881
vn 0.158956 0.860873 0.483353
vn 0.298788 0.648894 0.699759
vn 0.158956 0.860873 0.483353
vn 0.31067 0.510488 0.801802
vn 0.298788 0.648894 0.699759
vn 0.31067 0.510488 0.801802
vn 0.112524 0.203022 0.972687
vn 0.273347 0.535366 0.799165
vn 0.273347 0.535366 0.799165
vn 0.273347 0.535366 0.799165
vn 0.706758 0.484323 0.515679
vn 0.442341 0.59586 0.670288
vn 0.457951 0.360583 0.812564
vn 0.706758 0.484323 0.515679
vn 0.392098 0.788643 0.473605
vn 0.442341 0.59586 0.670288
vn 0.442341 0.59586 0.670288
vn 0.392098 0.788643 0.473605
vn 0.129492 0.644142 0.753865
vn 0.442341 0.59586 0.670288
vn 0.129492 0.644142 0.753865
vn 0.457951 0.360583 0.812564
vn -0.128298 -0.572472 0.809824
vn 0.148359 -0.782786 0.604348
vn 0.415918 -0.48274 0.770697
vn -0.128298 -0.572472 0.809824
vn -0.164342 -0.9382 0.304585
vn 0.148359 -0.782786 0.604348
vn 0.148359 -0.782786 0.604348
vn -0.164342 -0.9382 0.304585
vn 0.393904 -0.865062 0.310655
vn 0.148359 -0.782786 0.604348
vn 0.393904 -0.865062 0.310655
vn 0.415918 -0.48274 0.770697
vn -0.569162 0.643244 0.512144
vn -0.569162 0.643244 0.512144
vn -0.569162 0.643244 0.512144
vn 0.688992 0.065037 0.721845
vn 0.688992 0.065037 0.721845
vn 0.688992 0.065037 0.721845
vn -0.565272 0.747331 0.349232
vn -0.265894 0.943532 0.197606
vn -0.481887 0.864572 0.142478
vn -0.481887 0.864572 0.142478
vn -0.265894 0.943532 0.197606
vn -0.369009 0.926673 -0.071478
vn -0.481887 0.864572 0.142478
vn -0.369009 0.926673 -0.071478
vn -0.672883 0.735558 0.078631
vn -0.565272 0.747331 0.349232
vn -0.481887 0.864572 0.142478
vn -0.672883 0.735558 0.078631
vn 0.922655 0.350892 -0.159947
vn 0.922655 0.350892 -0.159947
vn 0.922655 0.350892 -0.159947
vn 0.299102 0.670843 0.678607
vn 0.187231 0.873578 0.449228
vn -0.059282 0.824492 0.562759
vn 0.299102 0.670843 0.678607
vn 0.42316 0.855359 0.298827
vn 0.187231 0.873578 0.449228
vn 0.187231 0.873578 0.449228
vn 0.42316 0.855359 0.298827
vn 0.05486 0.983772 0.170833
vn 0.187231 0.873578 0.449228
vn 0.05486 0.983772 0.170833
vn -0.059282 0.824492 0.562759
vn 0.22941 -0.107898 0.967331
vn 0.22941 -0.107898 0.967331
vn 0.22941 -0.107898 0.967331
vn 0.075313 0.003902 0.997152
vn 0.036511 0.383911 0.922648
vn -0.091285 0.192236 0.977094
vn -0.091285 0.192236 0.977094
vn 0.036511 0.383911 0.922648
vn -0.250769 0.366933 0.89581
vn -0.091285 0.192236 0.977094
vn -0.250769 0.366933 0.89581
vn -0.215302 -0.012527 0.976467
vn 0.075313 0.003902 0.997152
vn -0.091285 0.192236 0.977094
vn -0.215302 -0.012527 0.976467
vn 0.545986 -0.005789 0.837774
vn 0.545986 -0.005789 0.837774
vn 0.545986 -0.005789 0.837774
vn 0.227732 0.358721 -0.905239
vn 0.227732 0.358721 -0.905239
vn 0.227732 0.358721 -0.905239
vn -0.315403 0.121589 0.941136
vn -0.315403 0.121589 0.941136
vn -0.315403 0.121589 0.941136
vn -0.010855 0.630542 0.776079
vn 0.361831 0.51891 0.774475
vn 0.219139 0.688632 0.691205
vn 0.219139 0.688632 0.691205
vn 0.361831 0.51891 0.774475
vn 0.433482 0.703077 0.563717
vn 0.219139 0.688632 0.691205
vn 0.433482 0.703077 0.563717
vn 0.062352 0.82096 0.567571
vn -0.010855 0.630542 0.776079
vn 0.219139 0.688632 0.691205
vn 0.062352 0.82096 0.567571
vn 0.668486 0.171784 0.723614
vn 0.585905 0.533828 0.609707
vn 0.521412 0.371057 0.768405
vn 0.521412 0.371057 0.768405
vn 0.585905 0.533828 0.609707
vn 0.342943 0.545466 0.76476
vn 0.521412 0.371057 0.768405
vn 0.342943 0.545466 0.76476
vn 0.426596 0.185407 0.885235
vn 0.668486 0.171784 0.723614
vn 0.521412 0.371057 0.768405
vn 0.426596 0.185407 0.885235
vn -0.277074 0.877851 0.390651
vn -0.332434 0.891706 0.307161
vn -0.194559 0.779381 0.595578
vn -0.277074 0.877851 0.390651
vn -0.194559 0.779381 0.595578
vn -0.112957 0.684419 0.720286
vn -0.112957 0.684419 0.720286
vn -0.194559 0.779381 0.595578
vn 0.259755 0.477788 0.839194
vn 0.734008 0.676329 0.061745
vn 0.650901 0.718243 -0.245874
vn 0.534265 0.844578 -0.035342
vn 0.03162 0.987505 -0.154384
vn 0.534265 0.844578 -0.035342
vn 0.650901 0.718243 -0.245874
vn 0.534265 0.844578 -0.035342
vn 0.03162 0.987505 -0.154384
vn 0.239421 0.969477 0.052847
vn 0.534265 0.844578 -0.035342
vn 0.239421 0.969477 0.052847
vn 0.503031 0.838307 0.210239
vn 0.503031 0.838307 0.210239
vn 0.734008 0.676329 0.061745
vn 0.534265 0.844578 -0.035342
vn -0.097563 0.872351 0.479047
vn -0.049317 0.99339 0.103651
vn -0.315899 0.918555 0.237623
vn -0.097563 0.872351 0.479047
vn -0.315899 0.918555 0.237623
vn -0.350951 0.83702 0.419798
vn -0.315899 0.918555 0.237623
vn -0.497697 0.859895 0.113481
vn -0.350951 0.83702 0.419798
vn -0.315899 0.918555 0.237623
vn 0.03162 0.987505 -0.154384
vn -0.497697 0.859895 0.113481
vn 0.03162 0.987505 -0.154384
vn -0.315899 0.918555 0.237623
vn -0.049317 0.99339 0.103651
vn 0.239421 0.969477 0.052847
vn 0.03162 0.987505 -0.154384
vn -0.049317 0.99339 0.103651
vn 0.239421 0.969477 0.052847
vn -0.049317 0.99339 0.103651
vn 0.309211 0.937391 0.160268
vn 0.453782 0.785906 0.42004
vn 0.239421 0.969477 0.052847
vn 0.309211 0.937391 0.160268
vn 0.453782 0.785906 0.42004
vn 0.309211 0.937391 0.160268
vn 0.464673 0.686107 0.559764
vn 0.453782 0.785906 0.42004
vn 0.464673 0.686107 0.559764
vn 0.259755 0.477788 0.839194
vn 0.342568 0.167106 0.924512
vn 0.342568 0.167106 0.924512
vn 0.342568 0.167106 0.924512
vn 0.205386 0.303852 0.930317
vn 0.196808 0.64304 0.740112
vn 0.058103 0.497796 0.865346
vn 0.058103 0.497796 0.865346
vn 0.196808 0.64304 0.740112
vn -0.0916 0.658902 0.746631
vn 0.058103 0.497796 0.865346
vn -0.0916 0.658902 0.746631
vn -0.085454 0.322579 0.942677
vn 0.205386 0.303852 0.930317
vn 0.058103 0.497796 0.865346
vn -0.085454 0.322579 0.942677
vn 0.635094 -0.771708 0.033503
vn 0.520916 -0.777092 -0.353235
vn 0.806834 -0.45061 -0.38206
vn 0.635094 -0.771708 0.033503
vn 0.112296 -0.961655 -0.25022
vn 0.520916 -0.777092 -0.353235
vn 0.520916 -0.777092 -0.353235
vn 0.112296 -0.961655 -0.25022
vn 0.329036 -0.6615 -0.673909
vn 0.520916 -0.777092 -0.353235
vn 0.329036 -0.6615 -0.673909
vn 0.806834 -0.45061 -0.38206
vn 0.876433 0.081795 0.474525
vn 0.791697 0.455264 0.407369
vn 0.768153 0.287278 0.572199
vn 0.768153 0.287278 0.572199
vn 0.791697 0.455264 0.407369
vn 0.612611 0.473049 0.633192
vn 0.768153 0.287278 0.572199
vn 0.612611 0.473049 0.633192
vn 0.700649 0.101085 0.706309
vn 0.876433 0.081795 0.474525
vn 0.768153 0.287278 0.572199
vn 0.700649 0.101085 0.706309
vn 0.924913 0.151358 -0.348749
vn 0.924913 0.151358 -0.348749
vn 0.924913 0.151358 -0.348749
vn -0.443688 0.654478 0.612208
vn -0.297581 0.891766 0.34088
vn -0.494879 0.773519 0.395933
vn -0.494879 0.773519 0.395933
vn -0.297581 0.891766 0.34088
vn -0.514582 0.843019 0.156601
vn -0.494879 0.773519 0.395933
vn -0.514582 0.843019 0.156601
vn -0.666219 0.609957 0.429075
vn -0.443688 0.654478 0.612208
vn -0.494879 0.773519 0.395933
vn -0.666219 0.609957 0.429075
vn 0.814783 0.516463 0.263427
vn 0.585992 0.706562 0.396715
vn 0.59567 0.527457 0.605778
vn 0.814783 0.516463 0.263427
vn 0.530588 0.833632 0.153405
vn 0.585992 0.706562 0.396715
vn 0.585992 0.706562 0.396715
vn 0.530588 0.833632 0.153405
vn 0.293567 0.821909 0.488144
vn 0.585992 0.706562 0.396715
vn 0.293567 0.821909 0.488144
vn 0.59567 0.527457 0.605778
vn 0.429928 0.713534 0.553202
vn 0.429928 0.713534 0.553202
vn 0.429928 0.713534 0.553202
vn 0.647135 0.179041 0.741054
vn 0.647135 0.179041 0.741054
vn 0.647135 0.179041 0.741054
vn -0.119073 -0.697532 0.706591
vn -0.119073 -0.697532 0.706591
vn -0.119073 -0.697532 0.706591
vn -0.302901 0.849072 -0.432814
vn -0.302901 0.849072 -0.432814
vn -0.302901 0.849072 -0.432814
vn -0.246847 0.942478 0.225394
vn -0.246847 0.942478 0.225394
vn -0.246847 0.942478 0.225394
vn -0.664553 0.659161 0.351959
vn -0.397551 0.84615 0.354942
vn -0.454236 0.886492 0.088331
vn -0.664553 0.659161 0.351959
vn -0.309015 0.739318 0.598262
vn -0.397551 0.84615 0.354942
vn -0.397551 0.84615 0.354942
vn -0.309015 0.739318 0.598262
vn -0.08688 0.943435 0.319972
vn -0.397551 0.84615 0.354942
vn -0.08688 0.943435 0.319972
vn -0.454236 0.886492 0.088331
vn -0.01976 0.984015 -0.176984
vn 0.068505 0.972196 -0.223924
vn -0.254398 0.959242 -0.123034
vn -0.01976 0.984015 -0.176984
vn -0.254398 0.959242 -0.123034
vn -0.412981 0.908473 -0.064209
vn -0.412981 0.908473 -0.064209
vn -0.254398 0.959242 -0.123034
vn -0.639066 0.721208 0.267308
vn 0.099568 0.570354 0.815342
vn 0.408938 0.505603 0.759694
vn 0.271712 0.711412 0.648124
vn 0.489584 0.85319 0.179928
vn 0.271712 0.711412 0.648124
vn 0.408938 0.505603 0.759694
vn 0.271712 0.711412 0.648124
vn 0.489584 0.85319 0.179928
vn 0.267555 0.890156 0.36883
vn 0.271712 0.711412 0.648124
vn 0.267555 0.890156 0.36883
vn 0.045393 0.798655 0.600075
vn 0.045393 0.798655 0.600075
vn 0.099568 0.570354 0.815342
vn 0.271712 0.711412 0.648124
vn -0.124492 0.992201 -0.00629
vn 0.261475 0.961576 0.083676
vn 0.140648 0.96981 -0.199216
vn -0.124492 0.992201 -0.00629
vn 0.140648 0.96981 -0.199216
vn -0.053398 0.964831 -0.257389
vn 0.140648 0.96981 -0.199216
vn 0.255564 0.88963 -0.378479
vn -0.053398 0.964831 -0.257389
vn 0.140648 0.96981 -0.199216
vn 0.489584 0.85319 0.179928
vn 0.255564 0.88963 -0.378479
vn 0.489584 0.85319 0.179928
vn 0.140648 0.96981 -0.199216
vn 0.261475 0.961576 0.083676
vn 0.267555 0.890156 0.36883
vn 0.489584 0.85319 0.179928
vn 0.261475 0.961576 0.083676
vn 0.267555 0.890156 0.36883
vn 0.261475 0.961576 0.083676
vn 0.148717 0.892416 0.426002
vn -0.162366 0.832214 0.530148
vn 0.267555 0.890156 0.36883
vn 0.148717 0.892416 0.426002
vn -0.162366 0.832214 0.530148
vn 0.148717 0.892416 0.426002
vn -0.328729 0.789921 0.51765
vn -0.162366 0.832214 0.530148
vn -0.328729 0.789921 0.51765
vn -0.639066 0.721208 0.267308
vn 0.743777 0.568838 -0.351025
vn 0.743777 0.568838 -0.351025
vn 0.743777 0.568838 -0.351025
vn -0.853343 -0.015568 0.521118
vn -0.853343 -0.015568 0.521118
vn -0.853343 -0.015568 0.521118
vn -0.807233 -0.377983 -0.453325
vn -0.692686 -0.686772 -0.220296
vn -0.888139 -0.450972 0.088509
vn -0.807233 -0.377983 -0.453325
vn -0.344198 -0.79427 -0.500663
vn -0.692686 -0.686772 -0.220296
vn -0.692686 -0.686772 -0.220296
vn -0.344198 -0.79427 -0.500663
vn -0.473674 -0.879779 0.040274
vn -0.692686 -0.686772 -0.220296
vn -0.473674 -0.879779 0.040274
vn -0.888139 -0.450972 0.088509
vn -0.136534 0.920913 -0.365073
vn -0.041329 0.999138 0.003852
vn 0.055177 0.975959 -0.210855
vn 0.055177 0.975959 -0.210855
vn -0.041329 0.999138 0.003852
vn 0.241835 0.969288 -0.044682
vn 0.055177 0.975959 -0.210855
vn 0.241835 0.969288 -0.044682
vn 0.14962 0.896991 -0.415959
vn -0.136534 0.920913 -0.365073
vn 0.055177 0.975959 -0.210855
vn 0.14962 0.896991 -0.415959
vn -0.39634 -0.763958 0.509199
vn -0.39634 -0.763958 0.509199
vn -0.39634 -0.763958 0.509199
vn 0.910468 -0.355774 0.210888
vn 0.910468 -0.355774 0.210888
vn 0.910468 -0.355774 0.210888
vn -0.697392 0.36805 0.614967
vn -0.697392 0.36805 0.614967
vn -0.697392 0.36805 0.614967
vn -0.30893 0.816391 0.487922
vn -0.30893 0.816391 0.487922
vn -0.30893 0.816391 0.487922
vn -0.153522 0.487615 0.859455
vn -0.18396 0.73635 0.651112
vn -0.442678 0.646227 0.621632
vn -0.153522 0.487615 0.859455
vn 0.093284 0.770641 0.630405
vn -0.18396 0.73635 0.651112
vn -0.18396 0.73635 0.651112
vn 0.093284 0.770641 0.630405
vn -0.194864 0.90744 0.372264
vn -0.18396 0.73635 0.651112
vn -0.194864 0.90744 0.372264
vn -0.442678 0.646227 0.621632
vn -0.927525 -0.061395 0.368683
vn -0.927525 -0.061395 0.368683
vn -0.927525 -0.061395 0.368683
vn 0.480813 0.818322 0.314911
vn 0.538781 0.756947 0.369792
vn 0.373624 0.919394 0.122964
vn 0.480813 0.818322 0.314911
vn 0.373624 0.919394 0.122964
vn 0.269446 0.962931 -0.012791
vn 0.269446 0.962931 -0.012791
vn 0.373624 0.919394 0.122964
vn -0.144708 0.974964 -0.168832
vn -0.543468 0.600928 0.586113
vn -0.448565 0.386878 0.805677
vn -0.307203 0.607063 0.732871
vn 0.216367 0.53333 0.817768
vn -0.307203 0.607063 0.732871
vn -0.448565 0.386878 0.805677
vn -0.307203 0.607063 0.732871
vn 0.216367 0.53333 0.817768
vn 0.007654 0.707803 0.706368
vn -0.307203 0.607063 0.732871
vn 0.007654 0.707803 0.706368
vn -0.281854 0.780326 0.558256
vn -0.281854 0.780326 0.558256
vn -0.543468 0.600928 0.586113
vn -0.307203 0.607063 0.732871
vn 0.304628 0.908414 0.286332
vn 0.292591 0.716101 0.633711
vn 0.530671 0.725136 0.438823
vn 0.304628 0.908414 0.286332
vn 0.530671 0.725136 0.438823
vn 0.541858 0.801874 0.251772
vn 0.530671 0.725136 0.438823
vn 0.693728 0.566506 0.444762
vn 0.541858 0.801874 0.251772
vn 0.530671 0.725136 0.438823
vn 0.216367 0.53333 0.817768
vn 0.693728 0.566506 0.444762
vn 0.216367 0.53333 0.817768
vn 0.530671 0.725136 0.438823
vn 0.292591 0.716101 0.633711
vn 0.007654 0.707803 0.706368
vn 0.216367 0.53333 0.817768
vn 0.292591 0.716101 0.633711
vn 0.007654 0.707803 0.706368
vn 0.292591 0.716101 0.633711
vn -0.069211 0.777484 0.625082
vn -0.250231 0.894438 0.370628
vn 0.007654 0.707803 0.706368
vn -0.069211 0.777484 0.625082
vn -0.250231 0.894438 0.370628
vn -0.069211 0.777484 0.625082
vn -0.28753 0.934973 0.207731
vn -0.250231 0.894438 0.370628
vn -0.28753 0.934973 0.207731
vn -0.144708 0.974964 -0.168832
vn -0.593088 0.767758 -0.242474
vn -0.593088 0.767758 -0.242474
vn -0.593088 0.767758 -0.242474
vn -0.376659 -0.768649 0.517016
vn -0.00649 -0.903089 0.429405
vn 0.103621 -0.642183 0.759516
vn -0.376659 -0.768649 0.517016
vn -0.121274 -0.992594 -0.006979
vn -0.00649 -0.903089 0.429405
vn -0.00649 -0.903089 0.429405
vn -0.121274 -0.992594 -0.006979
vn 0.353968 -0.893133 0.277525
vn -0.00649 -0.903089 0.429405
vn 0.353968 -0.893133 0.277525
vn 0.103621 -0.642183 0.759516
vn 0.272818 -0.086164 0.9582
vn 0.272818 -0.086164 0.9582
vn 0.272818 -0.086164 0.9582
vn 0.323999 0.256209 0.910704
vn 0.323999 0.256209 0.910704
vn 0.323999 0.256209 0.910704
vn -0.74462 0.002912 0.667482
vn -0.74462 0.002912 0.667482
vn -0.74462 0.002912 0.667482
vn -0.971005 0.066117 0.229735
vn -0.872485 0.441496 0.209407
vn -0.960746 0.266426 0.077364
vn -0.960746 0.266426 0.077364
vn -0.872485 0.441496 0.209407
vn -0.890382 0.44838 -0.078589
vn -0.960746 0.266426 0.077364
vn -0.890382 0.44838 -0.078589
vn -0.995399 0.074275 -0.06054
vn -0.971005 0.066117 0.229735
vn -0.960746 0.266426 0.077364
vn -0.995399 0.074275 -0.06054
vn -0.702481 0.562912 0.435489
vn -0.702481 0.562912 0.435489
vn -0.702481 0.562912 0.435489
vn 0.177636 -0.740013 0.648711
vn 0.55041 -0.651264 0.522402
vn 0.504179 -0.321083 0.801691
vn 0.177636 -0.740013 0.648711
vn 0.486024 -0.8656 0.120483
vn 0.55041 -0.651264 0.522402
vn 0.55041 -0.651264 0.522402
vn 0.486024 -0.8656 0.120483
vn 0.826744 -0.463756 0.318472
vn 0.55041 -0.651264 0.522402
vn 0.826744 -0.463756 0.318472
vn 0.504179 -0.321083 0.801691
vn -0.837603 0.456695 0.299753
vn -0.837603 0.456695 0.299753
vn -0.837603 0.456695 0.299753
vn 0.955433 0.273647 0.11075
vn 0.955433 0.273647 0.11075
vn 0.955433 0.273647 0.11075
vn -0.779089 0.599572 0.183124
vn -0.481589 0.844372 0.234751
vn -0.633445 0.770685 0.069225
vn -0.633445 0.770685 0.069225
vn -0.481589 0.844372 0.234751
vn -0.449312 0.892081 -0.048068
vn -0.633445 0.770685 0.069225
vn -0.449312 0.892081 -0.048068
vn -0.750986 0.652382 -0.10207
vn -0.779089 0.599572 0.183124
vn -0.633445 0.770685 0.069225
vn -0.750986 0.652382 -0.10207
vn -0.952116 -0.213631 -0.218716
vn -0.952116 -0.213631 -0.218716
vn -0.952116 -0.213631 -0.218716
vn -0.34365 0.906269 -0.246131
vn -0.235738 0.963967 0.123265
vn -0.15438 0.983127 -0.09812
vn -0.15438 0.983127 -0.09812
vn -0.235738 0.963967 0.123265
vn 0.043021 0.997569 0.054829
vn -0.15438 0.983127 -0.09812
vn 0.043021 0.997569 0.054829
vn -0.063325 0.946516 -0.316382
vn -0.34365 0.906269 -0.246131
vn -0.15438 0.983127 -0.09812
vn -0.063325 0.946516 -0.316382
vn -0.362782 0.454048 0.813775
vn -0.545454 0.599055 0.586186
vn -0.702656 0.373643 0.605529
vn -0.362782 0.454048 0.813775
vn -0.343268 0.781535 0.520932
vn -0.545454 0.599055 0.586186
vn -0.545454 0.599055 0.586186
vn -0.343268 0.781535 0.520932
vn -0.670602 0.680649 0.294975
vn -0.545454 0.599055 0.586186
vn -0.670602 0.680649 0.294975
vn -0.702656 0.373643 0.605529
vn 0.010484 0.999277 0.036537
vn 0.297304 0.929857 -0.216739
vn 0.065503 0.975851 -0.208387
vn 0.065503 0.975851 -0.208387
vn 0.297304 0.929857 -0.216739
vn 0.115955 0.891365 -0.438205
vn 0.065503 0.975851 -0.208387
vn 0.115955 0.891365 -0.438205
vn -0.172592 0.966867 -0.188094
vn 0.010484 0.999277 0.036537
vn 0.065503 0.975851 -0.208387
vn -0.172592 0.966867 -0.188094
vn 0.012091 0.976796 0.213828
vn 0.15755 0.976492 -0.147111
vn -0.047142 0.998425 -0.030415
vn -0.047142 0.998425 -0.030415
vn 0.15755 0.976492 -0.147111
vn -0.10292 0.957141 -0.270718
vn -0.047142 0.998425 -0.030415
vn -0.10292 0.957141 -0.270718
vn -0.251432 0.963745 0.089315
vn 0.012091 0.976796 0.213828
vn -0.047142 0.998425 -0.030415
vn -0.251432 0.963745 0.089315
vn -0.072746 0.975368 0.208244
vn 0.120499 0.845727 0.519833
vn 0.156899 0.93916 0.305552
vn 0.156899 0.93916 0.305552
vn 0.120499 0.845727 0.519833
vn 0.374798 0.844347 0.382889
vn 0.156899 0.93916 0.305552
vn 0.374798 0.844347 0.382889
vn 0.184772 0.980177 0.071499
vn -0.072746 0.975368 0.208244
vn 0.156899 0.93916 0.305552
vn 0.184772 0.980177 0.071499
vn 0.114231 0.893262 0.43478
vn 0.312473 0.94422 0.103968
vn 0.097114 0.975535 0.197232
vn 0.097114 0.975535 0.197232
vn 0.312473 0.94422 0.103968
vn 0.074051 0.995964 -0.050712
vn 0.097114 0.975535 0.197232
vn 0.074051 0.995964 -0.050712
vn -0.126181 0.951586 0.280291
vn 0.114231 0.893262 0.43478
vn 0.097114 0.975535 0.197232
vn -0.126181 0.951586 0.280291
vn -0.165575 0.710944 0.683478
vn -0.165575 0.710944 0.683478
vn -0.165575 0.710944 0.683478
vn 0.663168 0.731904 0.156605
vn 0.597597 0.769871 0.224004
vn 0.814643 0.577966 0.04808
vn 0.663168 0.731904 0.156605
vn 0.814643 0.577966 0.04808
vn 0.891648 0.450298 -0.046846
vn 0.891648 0.450298 -0.046846
vn 0.814643 0.577966 0.04808
vn 0.881556 0.214503 -0.420533
vn 0.121449 0.621962 -0.773572
vn -0.142483 0.751261 -0.644442
vn 0.111498 0.813132 -0.571301
vn 0.126046 0.989847 -0.065692
vn 0.111498 0.813132 -0.571301
vn -0.142483 0.751261 -0.644442
vn 0.111498 0.813132 -0.571301
vn 0.126046 0.989847 -0.065692
vn 0.280557 0.910813 -0.302833
vn 0.111498 0.813132 -0.571301
vn 0.280557 0.910813 -0.302833
vn 0.346676 0.73715 -0.580022
vn 0.346676 0.73715 -0.580022
vn 0.121449 0.621962 -0.773572
vn 0.111498 0.813132 -0.571301
vn 0.713999 0.699318 -0.034047
vn 0.385194 0.922408 -0.028082
vn 0.536704 0.815329 0.217226
vn 0.713999 0.699318 -0.034047
vn 0.536704 0.815329 0.217226
vn 0.691763 0.68549 0.227083
vn 0.536704 0.815329 0.217226
vn 0.434425 0.796903 0.419786
vn 0.691763 0.68549 0.227083
vn 0.536704 0.815329 0.217226
vn 0.126046 0.989847 -0.065692
vn 0.434425 0.796903 0.419786
vn 0.126046 0.989847 -0.065692
vn 0.536704 0.815329 0.217226
vn 0.385194 0.922408 -0.028082
vn 0.280557 0.910813 -0.302833
vn 0.126046 0.989847 -0.065692
vn 0.385194 0.922408 -0.028082
vn 0.280557 0.910813 -0.302833
vn 0.385194 0.922408 -0.028082
vn 0.361131 0.848372 -0.387103
vn 0.538899 0.627207 -0.562315
vn 0.280557 0.910813 -0.302833
vn 0.361131 0.848372 -0.387103
vn 0.538899 0.627207 -0.562315
vn 0.361131 0.848372 -0.387103
vn 0.641008 0.491383 -0.58962
vn 0.538899 0.627207 -0.562315
vn 0.641008 0.491383 -0.58962
vn 0.881556 0.214503 -0.420533
vn -0.64306 0.696024 0.319412
vn -0.304767 0.842725 0.44377
vn -0.454062 0.852109 0.260265
vn -0.454062 0.852109 0.260265
vn -0.304767 0.842725 0.44377
vn -0.238122 0.953401 0.185266
vn -0.454062 0.852109 0.260265
vn -0.238122 0.953401 0.185266
vn -0.579137 0.813028 0.059884
vn -0.64306 0.696024 0.319412
vn -0.454062 0.852109 0.260265
vn -0.579137 0.813028 0.059884
vn -0.651919 0.347909 0.673766
vn -0.651919 0.347909 0.673766
vn -0.651919 0.347909 0.673766
vn 0.162453 -0.392629 0.905236
vn 0.162453 -0.392629 0.905236
vn 0.162453 -0.392629 0.905236
vn -0.118342 0.269676 0.955652
vn -0.075381 0.564098 0.822259
vn -0.344067 0.547737 0.762628
vn -0.118342 0.269676 0.955652
vn 0.203546 0.53678 0.818802
vn -0.075381 0.564098 0.822259
vn -0.075381 0.564098 0.822259
vn 0.203546 0.53678 0.818802
vn -0.024168 0.799414 0.600294
vn -0.075381 0.564098 0.822259
vn -0.024168 0.799414 0.600294
vn -0.344067 0.547737 0.762628
vn -0.579323 -0.766325 0.277723
vn -0.240852 -0.956206 0.166316
vn -0.105888 -0.822979 0.558115
vn -0.579323 -0.766325 0.277723
vn -0.333602 -0.899805 -0.281178
vn -0.240852 -0.956206 0.166316
vn -0.240852 -0.956206 0.166316
vn -0.333602 -0.899805 -0.281178
vn 0.125363 -0.991588 0.032214
vn -0.240852 -0.956206 0.166316
vn 0.125363 -0.991588 0.032214
vn -0.105888 -0.822979 0.558115
vn -0.952394 0.30432 0.018288
vn -0.952394 0.30432 0.018288
vn -0.952394 0.30432 0.018288
vn 0.638339 -0.04847 -0.768228
vn 0.638339 -0.04847 -0.768228
vn 0.638339 -0.04847 -0.768228
vn -0.741427 0.545344 0.391007
vn -0.741427 0.545344 0.391007
vn -0.741427 0.545344 0.391007
vn 0.648477 0.519949 -0.555996
vn 0.648477 0.519949 -0.555996
vn 0.648477 0.519949 -0.555996
vn 0.789299 -0.600319 0.128933
vn 0.789299 -0.600319 0.128933
vn 0.789299 -0.600319 0.128933
vn 0.860958 -0.108531 -0.496963
vn 0.860958 -0.108531 -0.496963
vn 0.860958 -0.108531 -0.496963
vn 0.21014 0.972778 0.097691
vn 0.297471 0.953333 0.051653
vn -0.027893 0.990215 0.136732
vn 0.21014 0.972778 0.097691
vn -0.027893 0.990215 0.136732
vn -0.198134 0.964367 0.175328
vn -0.198134 0.964367 0.175328
vn -0.027893 0.990215 0.136732
vn -0.487588 0.755769 0.437117
vn 0.149326 0.29962 0.9423
vn 0.440846 0.180985 0.879147
vn 0.361968 0.434926 0.824511
vn 0.645819 0.638618 0.418432
vn 0.361968 0.434926 0.824511
vn 0.440846 0.180985 0.879147
vn 0.361968 0.434926 0.824511
vn 0.645819 0.638618 0.418432
vn 0.421233 0.676123 0.604501
vn 0.361968 0.434926 0.824511
vn 0.421233 0.676123 0.604501
vn 0.165023 0.58213 0.796173
vn 0.165023 0.58213 0.796173
vn 0.149326 0.29962 0.9423
vn 0.361968 0.434926 0.824511
vn 0.095605 0.96055 0.261156
vn 0.456022 0.818579 0.349244
vn 0.365395 0.92771 0.076423
vn 0.095605 0.96055 0.261156
vn 0.365395 0.92771 0.076423
vn 0.181091 0.983362 0.014335
vn 0.365395 0.92771 0.076423
vn 0.475416 0.872255 -0.114677
vn 0.181091 0.983362 0.014335
vn 0.365395 0.92771 0.076423
vn 0.645819 0.638618 0.418432
vn 0.475416 0.872255 -0.114677
vn 0.645819 0.638618 0.418432
vn 0.365395 0.92771 0.076423
vn 0.456022 0.818579 0.349244
vn 0.421233 0.676123 0.604501
vn 0.645819 0.638618 0.418432
vn 0.456022 0.818579 0.349244
vn 0.421233 0.676123 0.604501
vn 0.456022 0.818579 0.349244
vn 0.300942 0.691336 0.656878
vn -0.023579 0.6804 0.732462
vn 0.421233 0.676123 0.604501
vn 0.300942 0.691336 0.656878
vn -0.023579 0.6804 0.732462
vn 0.300942 0.691336 0.656878
vn -0.19326 0.682815 0.704567
vn -0.023579 0.6804 0.732462
vn -0.19326 0.682815 0.704567
vn -0.487588 0.755769 0.437117
vn -0.44684 0.234387 -0.863364
vn -0.44684 0.234387 -0.863364
vn -0.44684 0.234387 -0.863364
vn 0.928247 0.021613 -0.371336
vn 0.845512 0.401046 -0.352522
vn 0.946789 0.227632 -0.227539
vn 0.946789 0.227632 -0.227539
vn 0.845512 0.401046 -0.352522
vn 0.905844 0.417674 -0.070679
vn 0.946789 0.227632 -0.227539
vn 0.905844 0.417674 -0.070679
vn 0.995324 0.039336 -0.088218
vn 0.928247 0.021613 -0.371336
vn 0.946789 0.227632 -0.227539
vn 0.995324 0.039336 -0.088218
vn 0.253244 0.410273 -0.876096
vn 0.471832 0.556696 -0.683713
vn 0.617415 0.324924 -0.716395
vn 0.253244 0.410273 -0.876096
vn 0.287142 0.748885 -0.597261
vn 0.471832 0.556696 -0.683713
vn 0.471832 0.556696 -0.683713
vn 0.287142 0.748885 -0.597261
vn 0.640902 0.644219 -0.417404
vn 0.471832 0.556696 -0.683713
vn 0.640902 0.644219 -0.417404
vn 0.617415 0.324924 -0.716395
vn -0.294286 -0.756212 -0.584414
vn -0.641467 -0.649123 -0.40885
vn -0.626415 -0.331262 -0.705599
vn -0.294286 -0.756212 -0.584414
vn -0.525358 -0.8508 -0.01176
vn -0.641467 -0.649123 -0.40885
vn -0.641467 -0.649123 -0.40885
vn -0.525358 -0.8508 -0.01176
vn -0.878788 -0.444082 -0.174708
vn -0.641467 -0.649123 -0.40885
vn -0.878788 -0.444082 -0.174708
vn -0.626415 -0.331262 -0.705599
vn -0.078026 0.065337 -0.994808
vn -0.078026 0.065337 -0.994808
vn -0.078026 0.065337 -0.994808
vn 0.016528 0.093948 -0.99544
vn 0.016528 0.093948 -0.99544
vn 0.016528 0.093948 -0.99544
vn 0.863367 0.068931 0.499845
vn 0.863367 0.068931 0.499845
vn 0.863367 0.068931 0.499845
vn 0.099956 0.968431 -0.228363
vn 0.099956 0.968431 -0.228363
vn 0.099956 0.968431 -0.228363
vn 0.546558 0.827017 -0.131595
vn 0.546558 0.827017 -0.131595
vn 0.546558 0.827017 -0.131595
vn 0.576262 0.744324 0.337497
vn 0.576262 0.744324 0.337497
vn 0.576262 0.744324 0.337497
vn 0.150188 0.833972 0.530975
vn 0.002781 0.930069 0.367375
vn 0.150188 0.833972 0.530975
vn -0.144786 0.972474 0.182567
vn 0.002781 0.930069 0.367375
vn -0.144786 0.972474 0.182567
vn -0.511917 -0.043867 0.857914
vn -0.579852 -0.058864 0.812592
vn -0.574619 -0.046758 0.817084
vn -0.608985 -0.072032 0.789904
vn -0.574619 -0.046758 0.817084
vn -0.579852 -0.058864 0.812592
vn -0.579852 -0.058864 0.812592
vn -0.596091 -0.083315 0.798583
vn -0.608985 -0.072032 0.789904
vn -0.602194 -0.083652 0.793955
vn -0.608985 -0.072032 0.789904
vn -0.596091 -0.083315 0.798583
vn 0.103387 -0.994497 0.016915
vn -0.104135 -0.963588 0.246279
vn -0.134727 -0.9674 -0.214441
vn 0.103387 -0.994497 0.016915
vn -0.134727 -0.9674 -0.214441
vn 0.300267 -0.929701 -0.213298
vn 0.103387 -0.994497 0.016915
vn 0.300267 -0.929701 -0.213298
vn 0.324308 -0.914876 0.240473
vn -0.104135 -0.963588 0.246279
vn 0.103387 -0.994497 0.016915
vn 0.324308 -0.914876 0.240473
vn 0.320787 -0.92876 -0.185743
vn 0.585513 -0.806842 -0.078614
vn 0.204651 -0.971069 0.123055
vn 0.320787 -0.92876 -0.185743
vn 0.204651 -0.971069 0.123055
vn 0.026205 -0.961177 -0.274687
vn 0.320787 -0.92876 -0.185743
vn 0.026205 -0.961177 -0.274687
vn 0.399817 -0.788826 -0.466798
vn 0.585513 -0.806842 -0.078614
vn 0.320787 -0.92876 -0.185743
vn 0.399817 -0.788826 -0.466798
vn -0.271542 0.887128 -0.373188
vn -0.271542 0.887128 -0.373188
vn -0.271542 0.887128 -0.373188
vn 0.180895 0.95523 -0.234121
vn 0.180895 0.95523 -0.234121
vn 0.180895 0.95523 -0.234121
vn 0.190209 0.951224 0.242886
vn 0.190209 0.951224 0.242886
vn 0.190209 0.951224 0.242886
vn -0.254017 0.881028 0.39908
vn -0.408926 0.88676 0.215491
vn -0.254017 0.881028 0.39908
vn -0.540226 0.841295 0.01946
vn -0.408926 0.88676 0.215491
vn -0.540226 0.841295 0.01946
vn 0.111427 0.971652 -0.208508
vn 0.111427 0.971652 -0.208508
vn 0.111427 0.971652 -0.208508
vn 0.557207 0.821157 -0.123372
vn 0.557207 0.821157 -0.123372
vn 0.557207 0.821157 -0.123372
vn 0.594241 0.727498 0.342965
vn 0.594241 0.727498 0.342965
vn 0.594241 0.727498 0.342965
vn 0.173567 0.819385 0.546335
vn 0.024736 0.921445 0.38772
vn 0.173567 0.819385 0.546335
vn -0.125524 0.970314 0.206723
vn 0.024736 0.921445 0.38772
vn -0.125524 0.970314 0.206723
vn 0.119962 -0.981182 0.151299
vn 0.339398 -0.938415 -0.064699
vn 0.319463 -0.863437 0.390409
vn 0.119962 -0.981182 0.151299
vn 0.319463 -0.863437 0.390409
vn -0.11026 -0.929476 0.352018
vn 0.119962 -0.981182 0.151299
vn -0.11026 -0.929476 0.352018
vn -0.087151 -0.991389 -0.097735
vn 0.339398 -0.938415 -0.064699
vn 0.119962 -0.981182 0.151299
vn -0.087151 -0.991389 -0.097735
vn 0.249515 0.967133 -0.048944
vn 0.249515 0.967133 -0.048944
vn 0.249515 0.967133 -0.048944
vn 0.232382 0.877073 0.420405
vn 0.232382 0.877073 0.420405
vn 0.232382 0.877073 0.420405
vn -0.224431 0.810627 0.540847
vn -0.224431 0.810627 0.540847
vn -0.224431 0.810627 0.540847
vn -0.489889 0.85911 0.148118
vn -0.354438 0.934409 -0.035405
vn -0.489889 0.85911 0.148118
vn -0.198536 0.955795 -0.216884
vn -0.354438 0.934409 -0.035405
vn -0.198536 0.955795 -0.216884
vn -0.180278 0.907556 -0.379265
vn -0.180278 0.907556 -0.379265
vn -0.180278 0.907556 -0.379265
vn 0.289817 0.911623 -0.29146
vn 0.289817 0.911623 -0.29146
vn 0.289817 0.911623 -0.29146
vn 0.350967 0.918619 0.181553
vn 0.350967 0.918619 0.181553
vn 0.350967 0.918619 0.181553
vn -0.07894 0.918899 0.386513
vn -0.250679 0.942699 0.22018
vn -0.07894 0.918899 0.386513
vn -0.407946 0.912079 0.041136
vn -0.250679 0.942699 0.22018
vn -0.407946 0.912079 0.041136
vn -0.956829 -0.248562 0.150648
vn -0.956829 -0.248562 0.150648
vn -0.956829 -0.248562 0.150648
vn -0.577874 0.464379 -0.671128
vn -0.705739 0.247206 -0.663944
vn -0.730618 0.478071 -0.487489
vn -0.394289 0.424699 -0.814964
vn -0.705739 0.247206 -0.663944
vn -0.577874 0.464379 -0.671128
vn -0.394289 0.424699 -0.814964
vn -0.577874 0.464379 -0.671128
vn -0.414804 0.650597 -0.63613
vn -0.414804 0.650597 -0.63613
vn -0.577874 0.464379 -0.671128
vn -0.730618 0.478071 -0.487489
vn -0.125743 0.774411 -0.620062
vn -0.273467 0.917221 -0.289692
vn -0.071709 0.907825 -0.413173
vn -0.071709 0.907825 -0.413173
vn -0.273467 0.917221 -0.289692
vn -0.013627 0.983187 -0.18209
vn -0.071709 0.907825 -0.413173
vn -0.013627 0.983187 -0.18209
vn 0.136387 0.846584 -0.514484
vn -0.125743 0.774411 -0.620062
vn -0.071709 0.907825 -0.413173
vn 0.136387 0.846584 -0.514484
vn 0.231782 0.26208 -0.936798
vn 0.053453 0.583584 -0.810292
vn 0.268653 0.487584 -0.830715
vn 0.268653 0.487584 -0.830715
vn 0.053453 0.583584 -0.810292
vn 0.288382 0.680658 -0.673454
vn 0.268653 0.487584 -0.830715
vn 0.288382 0.680658 -0.673454
vn 0.470965 0.362777 -0.804105
vn 0.231782 0.26208 -0.936798
vn 0.268653 0.487584 -0.830715
vn 0.470965 0.362777 -0.804105
vn -0.316974 0.635134 -0.704367
vn 0.032057 0.654894 -0.75504
vn 0.054226 0.547582 -0.834993
vn 0.032057 0.654894 -0.75504
vn 0.332256 0.756681 -0.563063
vn 0.054226 0.547582 -0.834993
vn -0.058347 0.849455 -0.524425
vn 0.332256 0.756681 -0.563063
vn 0.032057 0.654894 -0.75504
vn -0.316974 0.635134 -0.704367
vn -0.058347 0.849455 -0.524425
vn 0.032057 0.654894 -0.75504
vn -0.316974 0.635134 -0.704367
vn -0.300843 0.861775 -0.408457
vn -0.058347 0.849455 -0.524425
vn -0.300843 0.861775 -0.408457
vn 0.048062 0.935273 -0.35065
vn -0.058347 0.849455 -0.524425
vn -0.058347 0.849455 -0.524425
vn 0.048062 0.935273 -0.35065
vn 0.332256 0.756681 -0.563063
vn -0.698982 0.468209 -0.540559
vn -0.770685 0.586077 -0.250115
vn -0.586636 0.692774 -0.41943
vn -0.213987 0.965652 -0.147398
vn -0.586636 0.692774 -0.41943
vn -0.770685 0.586077 -0.250115
vn -0.44653 0.646703 -0.618374
vn -0.698982 0.468209 -0.540559
vn -0.586636 0.692774 -0.41943
vn -0.586636 0.692774 -0.41943
vn -0.300843 0.861775 -0.408457
vn -0.44653 0.646703 -0.618374
vn -0.586636 0.692774 -0.41943
vn -0.213987 0.965652 -0.147398
vn -0.300843 0.861775 -0.408457
vn -0.300843 0.861775 -0.408457
vn -0.213987 0.965652 -0.147398
vn 0.048062 0.935273 -0.35065
vn -0.213987 0.965652 -0.147398
vn 0.279191 0.903115 -0.326246
vn 0.048062 0.935273 -0.35065
vn 0.201825 0.763376 -0.613615
vn 0.048062 0.935273 -0.35065
vn 0.279191 0.903115 -0.326246
vn 0.279191 0.903115 -0.326246
vn -0.213987 0.965652 -0.147398
vn 0.389867 0.911995 -0.127553
vn 0.279191 0.903115 -0.326246
vn 0.389867 0.911995 -0.127553
vn 0.402446 0.798334 -0.447996
vn 0.201825 0.763376 -0.613615
vn 0.279191 0.903115 -0.326246
vn 0.402446 0.798334 -0.447996
vn -0.934057 -0.001462 0.357121
vn -0.934057 -0.001462 0.357121
vn -0.934057 -0.001462 0.357121
vn -0.8143 0.566222 0.127705
vn -0.819562 0.526122 -0.226967
vn -0.895254 0.36903 -0.249675
vn -0.819562 0.526122 -0.226967
vn -0.589466 0.629409 -0.506334
vn -0.895254 0.36903 -0.249675
vn -0.602408 0.788578 -0.123492
vn -0.589466 0.629409 -0.506334
vn -0.819562 0.526122 -0.226967
vn -0.8143 0.566222 0.127705
vn -0.602408 0.788578 -0.123492
vn -0.819562 0.526122 -0.226967
vn -0.8143 0.566222 0.127705
vn -0.526429 0.840289 0.129565
vn -0.602408 0.788578 -0.123492
vn -0.526429 0.840289 0.129565
vn -0.422703 0.880616 -0.214096
vn -0.602408 0.788578 -0.123492
vn -0.602408 0.788578 -0.123492
vn -0.422703 0.880616 -0.214096
vn -0.589466 0.629409 -0.506334
vn -0.681898 0.481357 0.550736
vn -0.418042 0.637162 0.647508
vn -0.56595 0.703781 0.42941
vn -0.265957 0.961579 0.068068
vn -0.56595 0.703781 0.42941
vn -0.418042 0.637162 0.647508
vn -0.735846 0.62126 0.269382
vn -0.681898 0.481357 0.550736
vn -0.56595 0.703781 0.42941
vn -0.56595 0.703781 0.42941
vn -0.526429 0.840289 0.129565
vn -0.735846 0.62126 0.269382
vn -0.56595 0.703781 0.42941
vn -0.265957 0.961579 0.068068
vn -0.526429 0.840289 0.129565
vn -0.526429 0.840289 0.129565
vn -0.265957 0.961579 0.068068
vn -0.422703 0.880616 -0.214096
vn -0.265957 0.961579 0.068068
vn -0.360348 0.825835 -0.433757
vn -0.422703 0.880616 -0.214096
vn -0.642392 0.664969 -0.380984
vn -0.422703 0.880616 -0.214096
vn -0.360348 0.825835 -0.433757
vn -0.360348 0.825835 -0.433757
vn -0.265957 0.961579 0.068068
vn -0.148336 0.843964 -0.515482
vn -0.360348 0.825835 -0.433757
vn -0.148336 0.843964 -0.515482
vn -0.451647 0.695321 -0.559056
vn -0.642392 0.664969 -0.380984
vn -0.360348 0.825835 -0.433757
vn -0.451647 0.695321 -0.559056
vn -0.306069 0.266541 -0.913935
vn -0.148295 0.083665 -0.985398
vn -0.426639 0.060313 -0.902409
vn -0.169608 0.45551 -0.873924
vn -0.148295 0.083665 -0.985398
vn -0.306069 0.266541 -0.913935
vn -0.169608 0.45551 -0.873924
vn -0.306069 0.266541 -0.913935
vn -0.44336 0.431202 -0.78581
vn -0.44336 0.431202 -0.78581
vn -0.306069 0.266541 -0.913935
vn -0.426639 0.060313 -0.902409
vn -0.426402 0.288441 -0.857312
vn -0.390738 0.628749 -0.672309
vn -0.277576 0.489547 -0.826617
vn -0.277576 0.489547 -0.826617
vn -0.390738 0.628749 -0.672309
vn -0.112569 0.658272 -0.744316
vn -0.277576 0.489547 -0.826617
vn -0.112569 0.658272 -0.744316
vn -0.147352 0.320923 -0.935572
vn -0.426402 0.288441 -0.857312
vn -0.277576 0.489547 -0.826617
vn -0.147352 0.320923 -0.935572
vn -0.662615 0.548708 -0.509766
vn -0.590682 0.618629 -0.518067
vn -0.778138 0.337224 -0.529888
vn -0.662615 0.548708 -0.509766
vn -0.778138 0.337224 -0.529888
vn -0.841361 0.173457 -0.511882
vn -0.841361 0.173457 -0.511882
vn -0.778138 0.337224 -0.529888
vn -0.962831 -0.144053 -0.228486
vn -0.767365 0.336064 0.546088
vn -0.549198 0.559603 0.620665
vn -0.714096 0.570736 0.405374
vn -0.49734 0.867423 0.015192
vn -0.714096 0.570736 0.405374
vn -0.549198 0.559603 0.620665
vn -0.714096 0.570736 0.405374
vn -0.49734 0.867423 0.015192
vn -0.717618 0.689856 0.095512
vn -0.714096 0.570736 0.405374
vn -0.717618 0.689856 0.095512
vn -0.861557 0.436766 0.258756
vn -0.861557 0.436766 0.258756
vn -0.767365 0.336064 0.546088
vn -0.714096 0.570736 0.405374
vn -0.797787 0.453627 -0.397188
vn -0.638748 0.747611 -0.181876
vn -0.566634 0.675181 -0.472289
vn -0.797787 0.453627 -0.397188
vn -0.566634 0.675181 -0.472289
vn -0.625185 0.516874 -0.584795
vn -0.566634 0.675181 -0.472289
vn -0.368147 0.739295 -0.563835
vn -0.625185 0.516874 -0.584795
vn -0.566634 0.675181 -0.472289
vn -0.49734 0.867423 0.015192
vn -0.368147 0.739295 -0.563835
vn -0.49734 0.867423 0.015192
vn -0.566634 0.675181 -0.472289
vn -0.638748 0.747611 -0.181876
vn -0.717618 0.689856 0.095512
vn -0.49734 0.867423 0.015192
vn -0.638748 0.747611 -0.181876
vn -0.717618 0.689856 0.095512
vn -0.638748 0.747611 -0.181876
vn -0.801559 0.588423 0.106126
vn -0.949779 0.289948 0.117687
vn -0.717618 0.689856 0.095512
vn -0.801559 0.588423 0.106126
vn -0.949779 0.289948 0.117687
vn -0.801559 0.588423 0.106126
vn -0.989192 0.130119 0.067595
vn -0.949779 0.289948 0.117687
vn -0.989192 0.130119 0.067595
vn -0.962831 -0.144053 -0.228486
vn -0.921161 0.215763 0.323897
vn -0.794701 0.5676 0.21513
vn -0.915044 0.38074 0.13316
vn -0.915044 0.38074 0.13316
vn -0.794701 0.5676 0.21513
vn -0.851481 0.520422 -0.064356
vn -0.915044 0.38074 0.13316
vn -0.851481 0.520422 -0.064356
vn -0.984507 0.170073 0.04268
vn -0.921161 0.215763 0.323897
vn -0.915044 0.38074 0.13316
vn -0.984507 0.170073 0.04268
vn -0.886507 0.315723 -0.338265
vn -0.67807 0.643478 -0.355185
vn -0.742723 0.458685 -0.487822
vn -0.742723 0.458685 -0.487822
vn -0.67807 0.643478 -0.355185
vn -0.553579 0.571708 -0.605558
vn -0.742723 0.458685 -0.487822
vn -0.553579 0.571708 -0.605558
vn -0.765859 0.245748 -0.594196
vn -0.886507 0.315723 -0.338265
vn -0.742723 0.458685 -0.487822
vn -0.765859 0.245748 -0.594196
vn 0.588231 0.534876 0.606541
vn 0.588231 0.534876 0.606541
vn 0.588231 0.534876 0.606541
vn -0.268007 0.778 0.568233
vn -0.042936 0.952192 0.302469
vn -0.269432 0.898508 0.346538
vn -0.269432 0.898508 0.346538
vn -0.042936 0.952192 0.302469
vn -0.253906 0.961524 0.104899
vn -0.269432 0.898508 0.346538
vn -0.253906 0.961524 0.104899
vn -0.483076 0.792943 0.37132
vn -0.268007 0.778 0.568233
vn -0.269432 0.898508 0.346538
vn -0.483076 0.792943 0.37132
vn -0.872079 -0.458543 -0.170926
vn -0.872079 -0.458543 -0.170926
vn -0.872079 -0.458543 -0.170926
vn -0.263031 0.100488 0.95954
vn -0.263031 0.100488 0.95954
vn -0.263031 0.100488 0.95954
vn -0.896552 -0.321511 -0.304672
vn -0.966754 0.05725 -0.249219
vn -0.90337 -0.096273 -0.417917
vn -0.90337 -0.096273 -0.417917
vn -0.966754 0.05725 -0.249219
vn -0.853396 0.133137 -0.503974
vn -0.90337 -0.096273 -0.417917
vn -0.853396 0.133137 -0.503974
vn -0.78779 -0.246022 -0.564677
vn -0.896552 -0.321511 -0.304672
vn -0.90337 -0.096273 -0.417917
vn -0.78779 -0.246022 -0.564677
vn -0.843458 0.078062 0.531493
vn -0.945226 0.208961 0.250765
vn -0.983589 -0.052574 0.172595
vn -0.843458 0.078062 0.531493
vn -0.832636 0.458472 0.310677
vn -0.945226 0.208961 0.250765
vn -0.945226 0.208961 0.250765
vn -0.832636 0.458472 0.310677
vn -0.946295 0.318061 -0.057987
vn -0.945226 0.208961 0.250765
vn -0.946295 0.318061 -0.057987
vn -0.983589 -0.052574 0.172595
vn 0.156127 -0.782424 0.602858
vn 0.469854 -0.545563 0.693973
vn 0.169005 -0.334788 0.927014
vn 0.156127 -0.782424 0.602858
vn 0.690511 -0.655653 0.305474
vn 0.469854 -0.545563 0.693973
vn 0.469854 -0.545563 0.693973
vn 0.690511 -0.655653 0.305474
vn 0.701371 -0.230654 0.674446
vn 0.469854 -0.545563 0.693973
vn 0.701371 -0.230654 0.674446
vn 0.169005 -0.334788 0.927014
vn -0.889785 -0.41831 0.18248
vn -0.889785 -0.41831 0.18248
vn -0.889785 -0.41831 0.18248
vn -0.985724 0.163975 0.038227
vn -0.985724 0.163975 0.038227
vn -0.985724 0.163975 0.038227
vn -0.952086 -0.213909 -0.218577
vn -0.952086 -0.213909 -0.218577
vn -0.952086 -0.213909 -0.218577
vn -0.153812 0.508399 -0.847274
vn -0.153812 0.508399 -0.847274
vn -0.153812 0.508399 -0.847274
vn 0.241538 -0.125303 -0.962268
vn 0.241538 -0.125303 -0.962268
vn 0.241538 -0.125303 -0.962268
vn -0.127456 -0.093036 -0.987471
vn -0.127456 -0.093036 -0.987471
vn -0.127456 -0.093036 -0.987471
vn -0.883362 0.327186 -0.335591
vn -0.883362 0.327186 -0.335591
vn -0.883362 0.327186 -0.335591
vn 0.930371 0.363762 -0.045678
vn 0.930371 0.363762 -0.045678
vn 0.930371 0.363762 -0.045678
vn 0.41996 0.884119 -0.20486
vn 0.059509 0.992581 -0.106027
vn 0.27517 0.961303 -0.013371
vn 0.27517 0.961303 -0.013371
vn 0.059509 0.992581 -0.106027
vn 0.114308 0.977484 0.177363
vn 0.27517 0.961303 -0.013371
vn 0.114308 0.977484 0.177363
vn 0.477548 0.874856 0.081083
vn 0.41996 0.884119 -0.20486
vn 0.27517 0.961303 -0.013371
vn 0.477548 0.874856 0.081083
vn 0.777779 0.406911 -0.479044
vn 0.742011 0.212788 -0.635721
vn 0.609825 0.472626 -0.636191
vn 0.900117 0.319022 -0.296672
vn 0.742011 0.212788 -0.635721
vn 0.777779 0.406911 -0.479044
vn 0.900117 0.319022 -0.296672
vn 0.777779 0.406911 -0.479044
vn 0.764474 0.573899 -0.293631
vn 0.764474 0.573899 -0.293631
vn 0.777779 0.406911 -0.479044
vn 0.609825 0.472626 -0.636191
vn 0.02544 0.679571 -0.733168
vn 0.367504 0.577996 -0.728603
vn 0.367964 0.430132 -0.824372
vn 0.367504 0.577996 -0.728603
vn 0.644531 0.599175 -0.474942
vn 0.367964 0.430132 -0.824372
vn 0.296413 0.824364 -0.482248
vn 0.644531 0.599175 -0.474942
vn 0.367504 0.577996 -0.728603
vn 0.02544 0.679571 -0.733168
vn 0.296413 0.824364 -0.482248
vn 0.367504 0.577996 -0.728603
vn 0.02544 0.679571 -0.733168
vn 0.051486 0.910242 -0.410863
vn 0.296413 0.824364 -0.482248
vn 0.051486 0.910242 -0.410863
vn 0.389459 0.874917 -0.287821
vn 0.296413 0.824364 -0.482248
vn 0.296413 0.824364 -0.482248
vn 0.389459 0.874917 -0.287821
vn 0.644531 0.599175 -0.474942
vn -0.413721 0.655271 -0.632024
vn -0.499267 0.79088 -0.353895
vn -0.26402 0.835738 -0.481493
vn 0.115458 0.984292 -0.133559
vn -0.26402 0.835738 -0.481493
vn -0.499267 0.79088 -0.353895
vn -0.109847 0.748415 -0.65407
vn -0.413721 0.655271 -0.632024
vn -0.26402 0.835738 -0.481493
vn -0.26402 0.835738 -0.481493
vn 0.051486 0.910242 -0.410863
vn -0.109847 0.748415 -0.65407
vn -0.26402 0.835738 -0.481493
vn 0.115458 0.984292 -0.133559
vn 0.051486 0.910242 -0.410863
vn 0.051486 0.910242 -0.410863
vn 0.115458 0.984292 -0.133559
vn 0.389459 0.874917 -0.287821
vn 0.115458 0.984292 -0.133559
vn 0.59184 0.774273 -0.224111
vn 0.389459 0.874917 -0.287821
vn 0.531337 0.662911 -0.527476
vn 0.389459 0.874917 -0.287821
vn 0.59184 0.774273 -0.224111
vn 0.59184 0.774273 -0.224111
vn 0.115458 0.984292 -0.133559
vn 0.660983 0.75035 -0.008757
vn 0.59184 0.774273 -0.224111
vn 0.660983 0.75035 -0.008757
vn 0.698578 0.636376 -0.32713
vn 0.531337 0.662911 -0.527476
vn 0.59184 0.774273 -0.224111
vn 0.698578 0.636376 -0.32713
vn 0.981233 -0.102646 -0.163237
vn 0.981233 -0.102646 -0.163237
vn 0.981233 -0.102646 -0.163237
vn 0.399787 0.249805 0.881911
vn 0.399787 0.249805 0.881911
vn 0.399787 0.249805 0.881911
vn 0.862586 -0.023695 -0.505355
vn 0.862586 -0.023695 -0.505355
vn 0.862586 -0.023695 -0.505355
vn -0.031617 0.449643 -0.892649
vn -0.031617 0.449643 -0.892649
vn -0.031617 0.449643 -0.892649
vn 0.49679 0.439856 0.748149
vn 0.185282 0.383404 0.904805
vn 0.198381 0.255125 0.946338
vn 0.185282 0.383404 0.904805
vn -0.168123 0.485117 0.858135
vn 0.198381 0.255125 0.946338
vn 0.179476 0.650641 0.737872
vn -0.168123 0.485117 0.858135
vn 0.185282 0.383404 0.904805
vn 0.49679 0.439856 0.748149
vn 0.179476 0.650641 0.737872
vn 0.185282 0.383404 0.904805
vn 0.49679 0.439856 0.748149
vn 0.367004 0.738484 0.565641
vn 0.179476 0.650641 0.737872
vn 0.367004 0.738484 0.565641
vn 0.015061 0.765078 0.643762
vn 0.179476 0.650641 0.737872
vn 0.179476 0.650641 0.737872
vn 0.015061 0.765078 0.643762
vn -0.168123 0.485117 0.858135
vn 0.809997 0.397805 0.430878
vn 0.771051 0.607492 0.190876
vn 0.649343 0.625484 0.432577
vn 0.190124 0.899075 0.394356
vn 0.649343 0.625484 0.432577
vn 0.771051 0.607492 0.190876
vn 0.588567 0.499 0.636072
vn 0.809997 0.397805 0.430878
vn 0.649343 0.625484 0.432577
vn 0.649343 0.625484 0.432577
vn 0.367004 0.738484 0.565641
vn 0.588567 0.499 0.636072
vn 0.649343 0.625484 0.432577
vn 0.190124 0.899075 0.394356
vn 0.367004 0.738484 0.565641
vn 0.367004 0.738484 0.565641
vn 0.190124 0.899075 0.394356
vn 0.015061 0.765078 0.643762
vn 0.190124 0.899075 0.394356
vn -0.208159 0.702534 0.680526
vn 0.015061 0.765078 0.643762
vn -0.029381 0.498819 0.866208
vn 0.015061 0.765078 0.643762
vn -0.208159 0.702534 0.680526
vn -0.208159 0.702534 0.680526
vn 0.190124 0.899075 0.394356
vn -0.379881 0.751307 0.539655
vn -0.208159 0.702534 0.680526
vn -0.379881 0.751307 0.539655
vn -0.275863 0.546685 0.790592
vn -0.029381 0.498819 0.866208
vn -0.208159 0.702534 0.680526
vn -0.275863 0.546685 0.790592
vn 0.673061 0.087627 0.734378
vn 0.555346 0.456147 0.695356
vn 0.51033 0.260042 0.81972
vn 0.51033 0.260042 0.81972
vn 0.555346 0.456147 0.695356
vn 0.316959 0.41472 0.852962
vn 0.51033 0.260042 0.81972
vn 0.316959 0.41472 0.852962
vn 0.435776 0.046957 0.898829
vn 0.673061 0.087627 0.734378
vn 0.51033 0.260042 0.81972
vn 0.435776 0.046957 0.898829
vn 0.348914 0.836158 0.4232
vn 0.118641 0.982197 0.145651
vn 0.116304 0.920077 0.374074
vn 0.116304 0.920077 0.374074
vn 0.118641 0.982197 0.145651
vn -0.121674 0.945551 0.301876
vn 0.116304 0.920077 0.374074
vn -0.121674 0.945551 0.301876
vn 0.107313 0.804835 0.583717
vn 0.348914 0.836158 0.4232
vn 0.116304 0.920077 0.374074
vn 0.107313 0.804835 0.583717
vn 0.072263 -0.073611 0.994666
vn 0.072263 -0.073611 0.994666
vn 0.072263 -0.073611 0.994666
vn 0.750542 0.660766 0.008654
vn 0.460065 0.878056 -0.13175
vn 0.566372 0.821024 0.071709
vn 0.566372 0.821024 0.071709
vn 0.460065 0.878056 -0.13175
vn 0.348173 0.928409 0.129738
vn 0.566372 0.821024 0.071709
vn 0.348173 0.928409 0.129738
vn 0.64164 0.716641 0.273357
vn 0.750542 0.660766 0.008654
vn 0.566372 0.821024 0.071709
vn 0.64164 0.716641 0.273357
vn 0.964337 0.136071 -0.227021
vn 0.992809 -0.07517 -0.093164
vn 0.925716 -0.047494 -0.375227
vn 0.948335 0.309968 -0.067688
vn 0.992809 -0.07517 -0.093164
vn 0.964337 0.136071 -0.227021
vn 0.948335 0.309968 -0.067688
vn 0.964337 0.136071 -0.227021
vn 0.875779 0.337042 -0.345563
vn 0.875779 0.337042 -0.345563
vn 0.964337 0.136071 -0.227021
vn 0.925716 -0.047494 -0.375227
vn 0.822266 0.534226 -0.196166
vn 0.852509 0.499482 0.154096
vn 0.911123 0.377824 0.164634
vn 0.852509 0.499482 0.154096
vn 0.661322 0.594888 0.456905
vn 0.911123 0.377824 0.164634
vn 0.664997 0.742397 0.0814
vn 0.661322 0.594888 0.456905
vn 0.852509 0.499482 0.154096
vn 0.822266 0.534226 -0.196166
vn 0.664997 0.742397 0.0814
vn 0.852509 0.499482 0.154096
vn 0.822266 0.534226 -0.196166
vn 0.568949 0.806298 -0.161803
vn 0.664997 0.742397 0.0814
vn 0.568949 0.806298 -0.161803
vn 0.501563 0.843724 0.191217
vn 0.664997 0.742397 0.0814
vn 0.664997 0.742397 0.0814
vn 0.501563 0.843724 0.191217
vn 0.661322 0.594888 0.456905
vn 0.658054 0.449953 -0.603744
vn 0.397514 0.626022 -0.670879
vn 0.569963 0.676196 -0.466798
vn 0.324367 0.943153 -0.072444
vn 0.569963 0.676196 -0.466798
vn 0.397514 0.626022 -0.670879
vn 0.748373 0.577702 -0.325881
vn 0.658054 0.449953 -0.603744
vn 0.569963 0.676196 -0.466798
vn 0.569963 0.676196 -0.466798
vn 0.568949 0.806298 -0.161803
vn 0.748373 0.577702 -0.325881
vn 0.569963 0.676196 -0.466798
vn 0.324367 0.943153 -0.072444
vn 0.568949 0.806298 -0.161803
vn 0.568949 0.806298 -0.161803
vn 0.324367 0.943153 -0.072444
vn 0.501563 0.843724 0.191217
vn 0.324367 0.943153 -0.072444
vn 0.456652 0.787028 0.414796
vn 0.501563 0.843724 0.191217
vn 0.720306 0.609322 0.331492
vn 0.501563 0.843724 0.191217
vn 0.456652 0.787028 0.414796
vn 0.456652 0.787028 0.414796
vn 0.324367 0.943153 -0.072444
vn 0.255746 0.817018 0.516793
vn 0.456652 0.787028 0.414796
vn 0.255746 0.817018 0.516793
vn 0.55031 0.647336 0.527366
vn 0.720306 0.609322 0.331492
vn 0.456652 0.787028 0.414796
vn 0.55031 0.647336 0.527366
vn 0.084286 -0.073709 0.993712
vn 0.188421 0.296331 0.936315
vn -0.000525 0.163278 0.98658
vn -0.000525 0.163278 0.98658
vn 0.188421 0.296331 0.936315
vn -0.0846 0.388076 0.917736
vn -0.000525 0.163278 0.98658
vn -0.0846 0.388076 0.917736
vn -0.191545 0.019454 0.981291
vn 0.084286 -0.073709 0.993712
vn -0.000525 0.163278 0.98658
vn -0.191545 0.019454 0.981291
vn 0.279836 0.563097 0.777569
vn 0.297236 0.821166 0.487174
vn 0.150488 0.740893 0.654546
vn 0.150488 0.740893 0.654546
vn 0.297236 0.821166 0.487174
vn 0.012782 0.870774 0.491518
vn 0.150488 0.740893 0.654546
vn 0.012782 0.870774 0.491518
vn -0.006464 0.617539 0.786514
vn 0.279836 0.563097 0.777569
vn 0.150488 0.740893 0.654546
vn -0.006464 0.617539 0.786514
vn 0.919593 0.365006 0.145327
vn 0.874138 0.297682 0.383755
vn 0.977042 0.133748 0.16583
vn 0.811041 0.573196 0.116873
vn 0.874138 0.297682 0.383755
vn 0.919593 0.365006 0.145327
vn 0.811041 0.573196 0.116873
vn 0.919593 0.365006 0.145327
vn 0.907057 0.408904 -0.100231
vn 0.907057 0.408904 -0.100231
vn 0.919593 0.365006 0.145327
vn 0.977042 0.133748 0.16583
vn 0.580737 0.029488 0.813557
vn 0.468552 -0.190435 0.862666
vn 0.702881 -0.139814 0.697431
vn 0.427344 0.195272 0.882749
vn 0.468552 -0.190435 0.862666
vn 0.580737 0.029488 0.813557
vn 0.427344 0.195272 0.882749
vn 0.580737 0.029488 0.813557
vn 0.655653 0.245738 0.713955
vn 0.655653 0.245738 0.713955
vn 0.580737 0.029488 0.813557
vn 0.702881 -0.139814 0.697431
vn -0.323439 0.904219 0.278883
vn -0.011413 0.997729 0.066381
vn -0.245412 0.968234 0.047913
vn -0.245412 0.968234 0.047913
vn -0.011413 0.997729 0.066381
vn -0.152635 0.970975 -0.184147
vn -0.245412 0.968234 0.047913
vn -0.152635 0.970975 -0.184147
vn -0.468041 0.883309 0.026513
vn -0.323439 0.904219 0.278883
vn -0.245412 0.968234 0.047913
vn -0.468041 0.883309 0.026513
vn 0.684994 0.709342 -0.166185
vn 0.812839 0.566616 0.135049
vn 0.901849 0.424743 0.079138
vn 0.812839 0.566616 0.135049
vn 0.685373 0.54034 0.488156
vn 0.901849 0.424743 0.079138
vn 0.557408 0.806598 0.196715
vn 0.685373 0.54034 0.488156
vn 0.812839 0.566616 0.135049
vn 0.684994 0.709342 -0.166185
vn 0.557408 0.806598 0.196715
vn 0.812839 0.566616 0.135049
vn 0.684994 0.709342 -0.166185
vn 0.397192 0.917669 0.011027
vn 0.557408 0.806598 0.196715
vn 0.397192 0.917669 0.011027
vn 0.413943 0.834971 0.362594
vn 0.557408 0.806598 0.196715
vn 0.557408 0.806598 0.196715
vn 0.413943 0.834971 0.362594
vn 0.685373 0.54034 0.488156
vn 0.42252 0.733202 -0.532815
vn 0.132352 0.863285 -0.487055
vn 0.340947 0.885914 -0.314501
vn 0.165889 0.968605 0.185162
vn 0.340947 0.885914 -0.314501
vn 0.132352 0.863285 -0.487055
vn 0.559982 0.789644 -0.250762
vn 0.42252 0.733202 -0.532815
vn 0.340947 0.885914 -0.314501
vn 0.340947 0.885914 -0.314501
vn 0.397192 0.917669 0.011027
vn 0.559982 0.789644 -0.250762
vn 0.340947 0.885914 -0.314501
vn 0.165889 0.968605 0.185162
vn 0.397192 0.917669 0.011027
vn 0.397192 0.917669 0.011027
vn 0.165889 0.968605 0.185162
vn 0.413943 0.834971 0.362594
vn 0.165889 0.968605 0.185162
vn 0.433314 0.707233 0.558623
vn 0.413943 0.834971 0.362594
vn 0.690011 0.62033 0.372928
vn 0.413943 0.834971 0.362594
vn 0.433314 0.707233 0.558623
vn 0.433314 0.707233 0.558623
vn 0.165889 0.968605 0.185162
vn 0.261426 0.663798 0.700734
vn 0.433314 0.707233 0.558623
vn 0.261426 0.663798 0.700734
vn 0.569661 0.563189 0.598585
vn 0.690011 0.62033 0.372928
vn 0.433314 0.707233 0.558623
vn 0.569661 0.563189 0.598585
vn 0.430186 -0.049506 0.901382
vn 0.430186 -0.049506 0.901382
vn 0.430186 -0.049506 0.901382
vn 0.948084 0.317158 0.023402
vn 0.948084 0.317158 0.023402
vn 0.948084 0.317158 0.023402
vn -0.707036 0.680595 0.192069
vn -0.384713 0.89577 0.222692
vn -0.550378 0.83229 0.066155
vn -0.550378 0.83229 0.066155
vn -0.384713 0.89577 0.222692
vn -0.360566 0.930614 -0.062852
vn -0.550378 0.83229 0.066155
vn -0.360566 0.930614 -0.062852
vn -0.686556 0.720727 -0.095888
vn -0.707036 0.680595 0.192069
vn -0.550378 0.83229 0.066155
vn -0.686556 0.720727 -0.095888
vn -0.712274 0.565604 0.415642
vn -0.851679 0.515421 0.094783
vn -0.912069 0.395107 0.109634
vn -0.851679 0.515421 0.094783
vn -0.76423 0.591257 -0.257618
vn -0.912069 0.395107 0.109634
vn -0.647797 0.756266 0.091769
vn -0.76423 0.591257 -0.257618
vn -0.851679 0.515421 0.094783
vn -0.712274 0.565604 0.415642
vn -0.647797 0.756266 0.091769
vn -0.851679 0.515421 0.094783
vn -0.712274 0.565604 0.415642
vn -0.479263 0.8287 0.289074
vn -0.647797 0.756266 0.091769
vn -0.479263 0.8287 0.289074
vn -0.526088 0.847645 -0.068776
vn -0.647797 0.756266 0.091769
vn -0.647797 0.756266 0.091769
vn -0.526088 0.847645 -0.068776
vn -0.76423 0.591257 -0.257618
vn -0.428668 0.496085 0.755079
vn -0.158471 0.667526 0.727527
vn -0.38552 0.712931 0.585751
vn -0.273874 0.954178 0.120573
vn -0.38552 0.712931 0.585751
vn -0.158471 0.667526 0.727527
vn -0.600245 0.61321 0.513498
vn -0.428668 0.496085 0.755079
vn -0.38552 0.712931 0.585751
vn -0.38552 0.712931 0.585751
vn -0.479263 0.8287 0.289074
vn -0.600245 0.61321 0.513498
vn -0.38552 0.712931 0.585751
vn -0.273874 0.954178 0.120573
vn -0.479263 0.8287 0.289074
vn -0.479263 0.8287 0.289074
vn -0.273874 0.954178 0.120573
vn -0.526088 0.847645 -0.068776
vn -0.273874 0.954178 0.120573
vn -0.554755 0.77928 -0.291495
vn -0.526088 0.847645 -0.068776
vn -0.780831 0.61307 -0.120198
vn -0.526088 0.847645 -0.068776
vn -0.554755 0.77928 -0.291495
vn -0.554755 0.77928 -0.291495
vn -0.273874 0.954178 0.120573
vn -0.395519 0.798771 -0.453353
vn -0.554755 0.77928 -0.291495
vn -0.395519 0.798771 -0.453353
vn -0.680741 0.636902 -0.361866
vn -0.780831 0.61307 -0.120198
vn -0.554755 0.77928 -0.291495
vn -0.680741 0.636902 -0.361866
vn -0.343542 0.906406 -0.245778
vn -0.235833 0.963938 0.123313
vn -0.154555 0.983117 -0.097949
vn -0.154555 0.983117 -0.097949
vn -0.235833 0.963938 0.123313
vn 0.042544 0.997591 0.054786
vn -0.154555 0.983117 -0.097949
vn 0.042544 0.997591 0.054786
vn -0.063582 0.946593 -0.316101
vn -0.343542 0.906406 -0.245778
vn -0.154555 0.983117 -0.097949
vn -0.063582 0.946593 -0.316101
vn -0.582314 0.450849 0.676495
vn -0.501378 0.263315 0.824188
vn -0.372472 0.519132 0.769264
vn -0.757036 0.35791 0.546623
vn -0.501378 0.263315 0.824188
vn -0.582314 0.450849 0.676495
vn -0.757036 0.35791 0.546623
vn -0.582314 0.450849 0.676495
vn -0.626047 0.608544 0.487585
vn -0.626047 0.608544 0.487585
vn -0.582314 0.450849 0.676495
vn -0.372472 0.519132 0.769264
vn -0.99744 0.071286 0.00571
vn -0.895226 0.434495 0.098913
vn -0.949801 0.300261 -0.087869
vn -0.949801 0.300261 -0.087869
vn -0.895226 0.434495 0.098913
vn -0.843039 0.508528 -0.175168
vn -0.949801 0.300261 -0.087869
vn -0.843039 0.508528 -0.175168
vn -0.951007 0.147474 -0.271729
vn -0.99744 0.071286 0.00571
vn -0.949801 0.300261 -0.087869
vn -0.951007 0.147474 -0.271729
vn -0.76258 0.224819 0.60657
vn -0.662133 0.577413 0.477676
vn -0.809646 0.398743 0.430671
vn -0.809646 0.398743 0.430671
vn -0.662133 0.577413 0.477676
vn -0.80563 0.546256 0.229271
vn -0.809646 0.398743 0.430671
vn -0.80563 0.546256 0.229271
vn -0.91278 0.195424 0.358666
vn -0.76258 0.224819 0.60657
vn -0.809646 0.398743 0.430671
vn -0.91278 0.195424 0.358666
vn 0.259021 0.57383 0.776935
vn -0.036473 0.220974 0.974598
vn 0.015223 -0.057583 0.998225
vn -0.036473 0.220974 0.974598
vn -0.451083 0.470504 0.758387
vn 0.015223 -0.057583 0.998225
vn -0.036473 0.220974 0.974598
vn -0.112529 0.621322 0.775433
vn -0.451083 0.470504 0.758387
vn -0.119669 0.853895 0.506501
vn -0.451083 0.470504 0.758387
vn -0.112529 0.621322 0.775433
vn 0.259021 0.57383 0.776935
vn -0.112529 0.621322 0.775433
vn -0.036473 0.220974 0.974598
vn 0.259021 0.57383 0.776935
vn -0.119669 0.853895 0.506501
vn -0.112529 0.621322 0.775433
vn 0.259021 0.57383 0.776935
vn 0.09143 0.929434 0.35748
vn -0.119669 0.853895 0.506501
vn 0.09143 0.929434 0.35748
vn -0.2684 0.897947 0.348787
vn -0.119669 0.853895 0.506501
vn -0.119669 0.853895 0.506501
vn -0.2684 0.897947 0.348787
vn -0.451083 0.470504 0.758387
vn 0.599429 0.672242 0.434483
vn 0.59509 0.79203 0.136226
vn 0.412281 0.849523 0.329143
vn -0.055588 0.99231 0.110596
vn 0.412281 0.849523 0.329143
vn 0.59509 0.79203 0.136226
vn 0.318927 0.774667 0.546055
vn 0.599429 0.672242 0.434483
vn 0.412281 0.849523 0.329143
vn 0.412281 0.849523 0.329143
vn 0.09143 0.929434 0.35748
vn 0.318927 0.774667 0.546055
vn 0.412281 0.849523 0.329143
vn -0.055588 0.99231 0.110596
vn 0.09143 0.929434 0.35748
vn 0.09143 0.929434 0.35748
vn -0.055588 0.99231 0.110596
vn -0.2684 0.897947 0.348787
vn -0.055588 0.99231 0.110596
vn -0.481734 0.800237 0.357147
vn -0.2684 0.897947 0.348787
vn -0.330117 0.701474 0.631631
vn -0.2684 0.897947 0.348787
vn -0.481734 0.800237 0.357147
vn -0.481734 0.800237 0.357147
vn -0.055588 0.99231 0.110596
vn -0.61544 0.768284 0.17599
vn -0.481734 0.800237 0.357147
vn -0.61544 0.768284 0.17599
vn -0.552175 0.670415 0.495627
vn -0.330117 0.701474 0.631631
vn -0.481734 0.800237 0.357147
vn -0.552175 0.670415 0.495627
vn -0.864138 0.391726 0.315938
vn -0.864138 0.391726 0.315938
vn -0.864138 0.391726 0.315938
vn 0.073421 -0.997294 0.003668
vn -0.008755 -0.95386 0.300125
vn -0.241889 -0.965349 -0.097938
vn 0.073421 -0.997294 0.003668
vn -0.241889 -0.965349 -0.097938
vn 0.148264 -0.944819 -0.292122
vn 0.073421 -0.997294 0.003668
vn 0.148264 -0.944819 -0.292122
vn 0.372747 -0.922282 0.10225
vn -0.008755 -0.95386 0.300125
vn 0.073421 -0.997294 0.003668
vn 0.372747 -0.922282 0.10225
vn -0.067069 0.916972 -0.393275
vn -0.067069 0.916972 -0.393275
vn -0.067069 0.916972 -0.393275
vn 0.391212 0.882612 -0.260671
vn 0.391212 0.882612 -0.260671
vn 0.391212 0.882612 -0.260671
vn 0.407007 0.887449 0.216288
vn 0.407007 0.887449 0.216288
vn 0.407007 0.887449 0.216288
vn -0.039036 0.924615 0.378897
vn -0.191506 0.961553 0.196828
vn -0.039036 0.924615 0.378897
vn -0.332915 0.942951 0.00339
vn -0.191506 0.961553 0.196828
vn -0.332915 0.942951 0.00339
vn 0.456271 0.83201 -0.315558
vn 0.456271 0.83201 -0.315558
vn 0.456271 0.83201 -0.315558
vn 0.671678 0.7346 0.095973
vn 0.671678 0.7346 0.095973
vn 0.671678 0.7346 0.095973
vn 0.363637 0.81834 0.445071
vn 0.363637 0.81834 0.445071
vn 0.363637 0.81834 0.445071
vn -0.041071 0.966963 0.251588
vn -0.013475 0.99976 0.017246
vn -0.041071 0.966963 0.251588
vn 0.014886 0.975819 -0.218074
vn -0.013475 0.99976 0.017246
vn 0.014886 0.975819 -0.218074
vn 0.281857 0.94828 -0.146018
vn 0.281857 0.94828 -0.146018
vn 0.281857 0.94828 -0.146018
vn 0.499062 0.827332 0.257796
vn 0.499062 0.827332 0.257796
vn 0.499062 0.827332 0.257796
vn 0.169151 0.786292 0.594249
vn 0.169151 0.786292 0.594249
vn 0.169151 0.786292 0.594249
vn -0.250798 0.881283 0.40055
vn -0.223026 0.95862 0.176936
vn -0.250798 0.881283 0.40055
vn -0.182595 0.981551 -0.05672
vn -0.223026 0.95862 0.176936
vn -0.182595 0.981551 -0.05672
vn -0.214518 -0.969794 -0.11611
vn -0.287447 -0.86979 -0.401048
vn 0.109475 -0.975439 -0.191141
vn -0.214518 -0.969794 -0.11611
vn 0.109475 -0.975439 -0.191141
vn -0.121245 -0.97635 0.178997
vn -0.214518 -0.969794 -0.11611
vn -0.121245 -0.97635 0.178997
vn -0.507337 -0.861202 -0.030675
vn -0.287447 -0.86979 -0.401048
vn -0.214518 -0.969794 -0.11611
vn -0.507337 -0.861202 -0.030675
vn 0.397778 -0.91706 -0.027809
vn 0.373922 -0.884147 0.280118
vn 0.075479 -0.995708 -0.053562
vn 0.397778 -0.91706 -0.027809
vn 0.075479 -0.995708 -0.053562
vn 0.383378 -0.861852 -0.332013
vn 0.397778 -0.91706 -0.027809
vn 0.383378 -0.861852 -0.332013
vn 0.669425 -0.74288 0.000237
vn 0.373922 -0.884147 0.280118
vn 0.397778 -0.91706 -0.027809
vn 0.669425 -0.74288 0.000237
vn -0.471749 0.605022 -0.641406
vn -0.473278 0.654163 -0.589982
vn -0.491416 0.573906 -0.65509
vn -0.473138 0.677852 -0.562723
vn -0.491416 0.573906 -0.65509
vn -0.473278 0.654163 -0.589982
vn -0.473278 0.654163 -0.589982
vn -0.421331 0.792855 -0.440296
vn -0.473138 0.677852 -0.562723
vn 0.363815 0.783129 -0.504329
vn 0.298368 0.839015 -0.455007
vn 0.363919 0.782926 -0.504568
vn 0.264156 0.864134 -0.428362
vn 0.363919 0.782926 -0.504568
vn 0.298368 0.839015 -0.455007
vn 0.298368 0.839015 -0.455007
vn 0.15836 0.926148 -0.342303
vn 0.264156 0.864134 -0.428362
vn 0.501835 0.78107 0.371606
vn 0.395834 0.853484 0.338939
vn 0.471179 0.798619 0.374429
vn 0.339718 0.884343 0.320203
vn 0.471179 0.798619 0.374429
vn 0.395834 0.853484 0.338939
vn 0.395834 0.853484 0.338939
vn 0.233379 0.937576 0.25785
vn 0.339718 0.884343 0.320203
vn -0.282521 0.598568 0.749599
vn -0.294056 0.685414 0.666137
vn -0.291701 0.609154 0.737457
vn -0.298251 0.725509 0.620228
vn -0.291701 0.609154 0.737457
vn -0.294056 0.685414 0.666137
vn -0.294056 0.685414 0.666137
vn -0.505947 0.806891 0.304869
vn -0.298251 0.725509 0.620228
vn -0.865671 0.488181 0.110873
vn -0.817584 0.565275 0.109636
vn -0.872406 0.473425 0.121557
vn -0.790605 0.602608 0.108663
vn -0.872406 0.473425 0.121557
vn -0.817584 0.565275 0.109636
vn -0.817584 0.565275 0.109636
vn -0.505947 0.806891 0.304869
vn -0.790605 0.602608 0.108663
vn 0.455877 0.635921 -0.622721
vn 0.704921 0.337766 -0.623699
vn 0.519397 0.423524 -0.742195
vn 0.519397 0.423524 -0.742195
vn 0.704921 0.337766 -0.623699
vn 0.549864 0.186362 -0.814198
vn 0.519397 0.423524 -0.742195
vn 0.549864 0.186362 -0.814198
vn 0.302335 0.486197 -0.819882
vn 0.455877 0.635921 -0.622721
vn 0.519397 0.423524 -0.742195
vn 0.302335 0.486197 -0.819882
vn -0.557234 0.816046 0.153491
vn -0.828842 0.548694 -0.109343
vn -0.909564 0.414672 -0.027209
vn -0.909564 0.414672 -0.027209
vn -0.828842 0.548694 -0.109343
vn -0.926892 0.164861 0.337183
vn -0.617032 0.584539 0.526864
vn -0.557234 0.816046 0.153491
vn -0.715636 0.4441 0.53911
vn -0.617032 0.584539 0.526864
vn -0.715636 0.4441 0.53911
vn -0.926892 0.164861 0.337183
vn -0.617032 0.584539 0.526864
vn -0.346314 0.887222 0.304801
vn -0.557234 0.816046 0.153491
vn -0.346314 0.887222 0.304801
vn -0.465823 0.884146 -0.035971
vn -0.557234 0.816046 0.153491
vn -0.557234 0.816046 0.153491
vn -0.465823 0.884146 -0.035971
vn -0.828842 0.548694 -0.109343
vn -0.22283 0.586588 0.778628
vn 0.047342 0.73042 0.681356
vn -0.200732 0.785635 0.585222
vn -0.172317 0.981157 0.087392
vn -0.200732 0.785635 0.585222
vn 0.047342 0.73042 0.681356
vn -0.43245 0.700667 0.567497
vn -0.22283 0.586588 0.778628
vn -0.200732 0.785635 0.585222
vn -0.200732 0.785635 0.585222
vn -0.346314 0.887222 0.304801
vn -0.43245 0.700667 0.567497
vn -0.200732 0.785635 0.585222
vn -0.172317 0.981157 0.087392
vn -0.346314 0.887222 0.304801
vn -0.346314 0.887222 0.304801
vn -0.172317 0.981157 0.087392
vn -0.465823 0.884146 -0.035971
vn -0.172317 0.981157 0.087392
vn -0.545458 0.802682 -0.241197
vn -0.465823 0.884146 -0.035971
vn -0.741847 0.67044 -0.013181
vn -0.465823 0.884146 -0.035971
vn -0.545458 0.802682 -0.241197
vn -0.545458 0.802682 -0.241197
vn -0.172317 0.981157 0.087392
vn -0.42293 0.79596 -0.433103
vn -0.545458 0.802682 -0.241197
vn -0.42293 0.79596 -0.433103
vn -0.693419 0.667553 -0.271188
vn -0.741847 0.67044 -0.013181
vn -0.545458 0.802682 -0.241197
vn -0.693419 0.667553 -0.271188
vn 0.936201 0.340202 0.088261
vn 0.936201 0.340202 0.088261
vn 0.936201 0.340202 0.088261
vn -0.708493 -0.101919 0.698319
vn -0.708493 -0.101919 0.698319
vn -0.708493 -0.101919 0.698319
vn -0.900656 -0.16004 0.403988
vn -0.900656 -0.16004 0.403988
vn -0.900656 -0.16004 0.403988
vn -0.720682 0.474171 0.505746
vn -0.720682 0.474171 0.505746
vn -0.720682 0.474171 0.505746
vn 0.349034 0.216623 0.911729
vn 0.349034 0.216623 0.911729
vn 0.349034 0.216623 0.911729
vn -0.960475 -0.027445 0.277009
vn -0.891899 0.355279 0.27981
vn -0.973136 0.1833 0.139313
vn -0.973136 0.1833 0.139313
vn -0.891899 0.355279 0.27981
vn -0.924639 0.380799 -0.005982
vn -0.973136 0.1833 0.139313
vn -0.924639 0.380799 -0.005982
vn -0.999943 -0.001009 -0.010664
vn -0.960475 -0.027445 0.277009
vn -0.973136 0.1833 0.139313
vn -0.999943 -0.001009 -0.010664
vn -0.354957 0.366056 0.860237
vn -0.559349 0.511637 0.652193
vn -0.697808 0.273671 0.661943
vn -0.354957 0.366056 0.860237
vn -0.375131 0.713679 0.591557
vn -0.559349 0.511637 0.652193
vn -0.559349 0.511637 0.652193
vn -0.375131 0.713679 0.591557
vn -0.704791 0.60312 0.373518
vn -0.559349 0.511637 0.652193
vn -0.704791 0.60312 0.373518
vn -0.697808 0.273671 0.661943
vn 0.266062 -0.766757 0.584205
vn 0.623936 -0.640094 0.448313
vn 0.566659 -0.33505 0.752755
vn 0.266062 -0.766757 0.584205
vn 0.556182 -0.830316 0.035164
vn 0.623936 -0.640094 0.448313
vn 0.623936 -0.640094 0.448313
vn 0.556182 -0.830316 0.035164
vn 0.874519 -0.417587 0.246652
vn 0.623936 -0.640094 0.448313
vn 0.874519 -0.417587 0.246652
vn 0.566659 -0.33505 0.752755
vn 0.525068 0.506988 0.683569
vn 0.440066 0.788721 0.429257
vn 0.360085 0.689364 0.628582
vn 0.360085 0.689364 0.628582
vn 0.440066 0.788721 0.429257
vn 0.173895 0.826997 0.534637
vn 0.360085 0.689364 0.628582
vn 0.173895 0.826997 0.534637
vn 0.258709 0.549645 0.79433
vn 0.525068 0.506988 0.683569
vn 0.360085 0.689364 0.628582
vn 0.258709 0.549645 0.79433
vn 0.251133 0.782749 0.569418
vn 0.012841 0.949927 0.312208
vn 0.012421 0.850187 0.526334
vn 0.012421 0.850187 0.526334
vn 0.012841 0.949927 0.312208
vn -0.225093 0.86385 0.450661
vn 0.012421 0.850187 0.526334
vn -0.225093 0.86385 0.450661
vn 0.011292 0.701101 0.712972
vn 0.251133 0.782749 0.569418
vn 0.012421 0.850187 0.526334
vn 0.011292 0.701101 0.712972
vn -0.582792 0.758798 0.290824
vn -0.25736 0.947033 0.192078
vn -0.465586 0.878985 0.103024
vn -0.465586 0.878985 0.103024
vn -0.25736 0.947033 0.192078
vn -0.320175 0.943104 -0.089682
vn -0.465586 0.878985 0.103024
vn -0.320175 0.943104 -0.089682
vn -0.649648 0.760202 0.007123
vn -0.582792 0.758798 0.290824
vn -0.465586 0.878985 0.103024
vn -0.649648 0.760202 0.007123
vn -0.125919 0.751393 0.647729
vn -0.071966 0.946116 0.31573
vn -0.243704 0.857959 0.452233
vn -0.243704 0.857959 0.452233
vn -0.071966 0.946116 0.31573
vn -0.345245 0.909888 0.230021
vn -0.243704 0.857959 0.452233
vn -0.345245 0.909888 0.230021
vn -0.403498 0.720054 0.564546
vn -0.125919 0.751393 0.647729
vn -0.243704 0.857959 0.452233
vn -0.403498 0.720054 0.564546
vn 0.143152 0.023305 -0.989426
vn 0.143152 0.023305 -0.989426
vn 0.143152 0.023305 -0.989426
vn -0.224136 0.745035 0.62824
vn -0.566868 0.441174 0.69572
vn -0.527921 0.300215 0.794462
vn -0.527921 0.300215 0.794462
vn -0.566868 0.441174 0.69572
vn -0.205915 0.057265 0.976893
vn 0.08184 0.515684 0.852861
vn -0.224136 0.745035 0.62824
vn 0.052728 0.364672 0.929642
vn 0.08184 0.515684 0.852861
vn 0.052728 0.364672 0.929642
vn -0.205915 0.057265 0.976893
vn 0.08184 0.515684 0.852861
vn 0.008332 0.844534 0.535437
vn -0.224136 0.745035 0.62824
vn 0.008332 0.844534 0.535437
vn -0.34395 0.819804 0.457842
vn -0.224136 0.745035 0.62824
vn -0.224136 0.745035 0.62824
vn -0.34395 0.819804 0.457842
vn -0.566868 0.441174 0.69572
vn 0.500187 0.57119 0.650811
vn 0.545335 0.744808 0.38454
vn 0.330752 0.767357 0.549333
vn -0.094654 0.954533 0.282678
vn 0.330752 0.767357 0.549333
vn 0.545335 0.744808 0.38454
vn 0.202723 0.654464 0.728409
vn 0.500187 0.57119 0.650811
vn 0.330752 0.767357 0.549333
vn 0.330752 0.767357 0.549333
vn 0.008332 0.844534 0.535437
vn 0.202723 0.654464 0.728409
vn 0.330752 0.767357 0.549333
vn -0.094654 0.954533 0.282678
vn 0.008332 0.844534 0.535437
vn 0.008332 0.844534 0.535437
vn -0.094654 0.954533 0.282678
vn -0.34395 0.819804 0.457842
vn -0.094654 0.954533 0.282678
vn -0.553444 0.724985 0.409996
vn -0.34395 0.819804 0.457842
vn -0.450264 0.57462 0.683428
vn -0.34395 0.819804 0.457842
vn -0.553444 0.724985 0.409996
vn -0.553444 0.724985 0.409996
vn -0.094654 0.954533 0.282678
vn -0.652659 0.729263 0.205457
vn -0.553444 0.724985 0.409996
vn -0.652659 0.729263 0.205457
vn -0.644363 0.572362 0.507147
vn -0.450264 0.57462 0.683428
vn -0.553444 0.724985 0.409996
vn -0.644363 0.572362 0.507147
vn 0.53208 0.453421 -0.715052
vn 0.53208 0.453421 -0.715052
vn 0.53208 0.453421 -0.715052
vn 0.236074 -0.172382 0.956323
vn 0.236074 -0.172382 0.956323
vn 0.236074 -0.172382 0.956323
vn -0.109271 -0.260005 0.959405
vn -0.109271 -0.260005 0.959405
vn -0.109271 -0.260005 0.959405
vn 0.018918 0.392976 0.919354
vn 0.018918 0.392976 0.919354
vn 0.018918 0.392976 0.919354
vn 0.939521 0.27662 0.201947
vn 0.939521 0.27662 0.201947
vn 0.939521 0.27662 0.201947
vn -0.259252 -0.138231 0.955866
vn -0.252419 0.249684 0.934849
vn -0.400034 0.066252 0.914103
vn -0.400034 0.066252 0.914103
vn -0.252419 0.249684 0.934849
vn -0.514613 0.264894 0.815478
vn -0.400034 0.066252 0.914103
vn -0.514613 0.264894 0.815478
vn -0.526563 -0.122981 0.841194
vn -0.259252 -0.138231 0.955866
vn -0.400034 0.066252 0.914103
vn -0.526563 -0.122981 0.841194
vn 0.518974 0.337825 0.785201
vn 0.22413 0.453059 0.862846
vn 0.180202 0.200255 0.963029
vn 0.518974 0.337825 0.785201
vn 0.251344 0.67474 0.69394
vn 0.22413 0.453059 0.862846
vn 0.22413 0.453059 0.862846
vn 0.251344 0.67474 0.69394
vn -0.095942 0.520338 0.848554
vn 0.22413 0.453059 0.862846
vn -0.095942 0.520338 0.848554
vn 0.180202 0.200255 0.963029
vn 0.697558 -0.716465 0.009593
vn 0.756859 -0.549978 -0.353112
vn 0.961785 -0.247656 -0.116776
vn 0.697558 -0.716465 0.009593
vn 0.385064 -0.755711 -0.529742
vn 0.756859 -0.549978 -0.353112
vn 0.756859 -0.549978 -0.353112
vn 0.385064 -0.755711 -0.529742
vn 0.69667 -0.302713 -0.650396
vn 0.756859 -0.549978 -0.353112
vn 0.69667 -0.302713 -0.650396
vn 0.961785 -0.247656 -0.116776
vn -0.305866 0.874722 0.375908
vn -0.593104 0.56807 0.570547
vn -0.52755 0.474053 0.704957
vn -0.52755 0.474053 0.704957
vn -0.593104 0.56807 0.570547
vn -0.162819 0.349862 0.922543
vn 0.043169 0.774881 0.630631
vn -0.305866 0.874722 0.375908
vn 0.041949 0.655303 0.754201
vn 0.043169 0.774881 0.630631
vn 0.041949 0.655303 0.754201
vn -0.162819 0.349862 0.922543
vn 0.043169 0.774881 0.630631
vn -0.096702 0.967519 0.233571
vn -0.305866 0.874722 0.375908
vn -0.096702 0.967519 0.233571
vn -0.444122 0.872625 0.203179
vn -0.305866 0.874722 0.375908
vn -0.305866 0.874722 0.375908
vn -0.444122 0.872625 0.203179
vn -0.593104 0.56807 0.570547
vn 0.436864 0.814768 0.381186
vn 0.440944 0.894785 0.070197
vn 0.234035 0.942246 0.239582
vn -0.228106 0.973186 -0.029595
vn 0.234035 0.942246 0.239582
vn 0.440944 0.894785 0.070197
vn 0.134301 0.879145 0.457238
vn 0.436864 0.814768 0.381186
vn 0.234035 0.942246 0.239582
vn 0.234035 0.942246 0.239582
vn -0.096702 0.967519 0.233571
vn 0.134301 0.879145 0.457238
vn 0.234035 0.942246 0.239582
vn -0.228106 0.973186 -0.029595
vn -0.096702 0.967519 0.233571
vn -0.096702 0.967519 0.233571
vn -0.228106 0.973186 -0.029595
vn -0.444122 0.872625 0.203179
vn -0.228106 0.973186 -0.029595
vn -0.638388 0.740705 0.209326
vn -0.444122 0.872625 0.203179
vn -0.499134 0.704152 0.50501
vn -0.444122 0.872625 0.203179
vn -0.638388 0.740705 0.209326
vn -0.638388 0.740705 0.209326
vn -0.228106 0.973186 -0.029595
vn -0.74746 0.663842 0.024832
vn -0.638388 0.740705 0.209326
vn -0.74746 0.663842 0.024832
vn -0.699511 0.61802 0.358797
vn -0.499134 0.704152 0.50501
vn -0.638388 0.740705 0.209326
vn -0.699511 0.61802 0.358797
vn 0.417702 0.256446 -0.871642
vn 0.417702 0.256446 -0.871642
vn 0.417702 0.256446 -0.871642
vn 0.30819 0.185703 0.933024
vn 0.30819 0.185703 0.933024
vn 0.30819 0.185703 0.933024
vn -0.018494 0.060237 0.998013
vn -0.018494 0.060237 0.998013
vn -0.018494 0.060237 0.998013
vn 0.004151 0.673754 0.738944
vn 0.004151 0.673754 0.738944
vn 0.004151 0.673754 0.738944
vn -0.185834 0.153229 0.97056
vn -0.240818 0.509906 0.825835
vn -0.35892 0.312108 0.879639
vn -0.35892 0.312108 0.879639
vn -0.240818 0.509906 0.825835
vn -0.508074 0.450108 0.734345
vn -0.35892 0.312108 0.879639
vn -0.508074 0.450108 0.734345
vn -0.457907 0.094348 0.883979
vn -0.185834 0.153229 0.97056
vn -0.35892 0.312108 0.879639
vn -0.457907 0.094348 0.883979
vn 0.498828 0.643669 0.580398
vn 0.193771 0.738431 0.645889
vn 0.194988 0.529492 0.825602
vn 0.498828 0.643669 0.580398
vn 0.177451 0.89329 0.412969
vn 0.193771 0.738431 0.645889
vn 0.193771 0.738431 0.645889
vn 0.177451 0.89329 0.412969
vn -0.133333 0.754567 0.642534
vn 0.193771 0.738431 0.645889
vn -0.133333 0.754567 0.642534
vn 0.194988 0.529492 0.825602
vn 0.800654 -0.574783 0.169047
vn 0.814789 -0.531492 -0.231594
vn 0.981562 -0.143923 -0.125785
vn 0.800654 -0.574783 0.169047
vn 0.471382 -0.83093 -0.295558
vn 0.814789 -0.531492 -0.231594
vn 0.814789 -0.531492 -0.231594
vn 0.471382 -0.83093 -0.295558
vn 0.701873 -0.406838 -0.584686
vn 0.814789 -0.531492 -0.231594
vn 0.701873 -0.406838 -0.584686
vn 0.981562 -0.143923 -0.125785
vn 0.326414 0.945073 -0.017056
vn 0.664075 0.719076 0.204777
vn 0.774022 0.624555 0.104023
vn 0.774022 0.624555 0.104023
vn 0.664075 0.719076 0.204777
vn 0.844844 0.446753 -0.294363
vn 0.43332 0.796927 -0.420881
vn 0.326414 0.945073 -0.017056
vn 0.564233 0.689995 -0.453373
vn 0.43332 0.796927 -0.420881
vn 0.564233 0.689995 -0.453373
vn 0.844844 0.446753 -0.294363
vn 0.43332 0.796927 -0.420881
vn 0.10003 0.982301 -0.158366
vn 0.326414 0.945073 -0.017056
vn 0.10003 0.982301 -0.158366
vn 0.22563 0.957496 0.179702
vn 0.326414 0.945073 -0.017056
vn 0.326414 0.945073 -0.017056
vn 0.22563 0.957496 0.179702
vn 0.664075 0.719076 0.204777
vn 0.044947 0.736624 -0.674807
vn -0.250037 0.789814 -0.560067
vn -0.0221 0.891174 -0.453123
vn -0.086259 0.993894 0.068804
vn -0.0221 0.891174 -0.453123
vn -0.250037 0.789814 -0.560067
vn 0.223793 0.866776 -0.445664
vn 0.044947 0.736624 -0.674807
vn -0.0221 0.891174 -0.453123
vn -0.0221 0.891174 -0.453123
vn 0.10003 0.982301 -0.158366
vn 0.223793 0.866776 -0.445664
vn -0.0221 0.891174 -0.453123
vn -0.086259 0.993894 0.068804
vn 0.10003 0.982301 -0.158366
vn 0.10003 0.982301 -0.158366
vn -0.086259 0.993894 0.068804
vn 0.22563 0.957496 0.179702
vn -0.086259 0.993894 0.068804
vn 0.32873 0.868498 0.37101
vn 0.22563 0.957496 0.179702
vn 0.546366 0.827727 0.127875
vn 0.22563 0.957496 0.179702
vn 0.32873 0.868498 0.37101
vn 0.32873 0.868498 0.37101
vn -0.086259 0.993894 0.068804
vn 0.217108 0.801193 0.557632
vn 0.32873 0.868498 0.37101
vn 0.217108 0.801193 0.557632
vn 0.506912 0.773012 0.381435
vn 0.546366 0.827727 0.127875
vn 0.32873 0.868498 0.37101
vn 0.506912 0.773012 0.381435
vn -0.994004 0.098598 -0.047262
vn -0.994004 0.098598 -0.047262
vn -0.994004 0.098598 -0.047262
vn 0.692507 0.192018 -0.695387
vn 0.692507 0.192018 -0.695387
vn 0.692507 0.192018 -0.695387
vn 0.90067 0.14039 -0.411199
vn 0.90067 0.14039 -0.411199
vn 0.90067 0.14039 -0.411199
vn 0.562456 0.714511 -0.416074
vn 0.562456 0.714511 -0.416074
vn 0.562456 0.714511 -0.416074
vn -0.416878 0.257978 -0.871585
vn -0.416878 0.257978 -0.871585
vn -0.416878 0.257978 -0.871585
vn 0.927987 0.262757 -0.264196
vn 0.763777 0.610903 -0.208428
vn 0.890017 0.44587 -0.095234
vn 0.890017 0.44587 -0.095234
vn 0.763777 0.610903 -0.208428
vn 0.79654 0.599494 0.078297
vn 0.890017 0.44587 -0.095234
vn 0.79654 0.599494 0.078297
vn 0.966993 0.25361 0.024646
vn 0.927987 0.262757 -0.264196
vn 0.890017 0.44587 -0.095234
vn 0.966993 0.25361 0.024646
vn 0.227142 0.572677 -0.787685
vn 0.393007 0.731969 -0.556567
vn 0.587256 0.541831 -0.60129
vn 0.227142 0.572677 -0.787685
vn 0.165037 0.868272 -0.467832
vn 0.393007 0.731969 -0.556567
vn 0.393007 0.731969 -0.556567
vn 0.165037 0.868272 -0.467832
vn 0.517531 0.813623 -0.264912
vn 0.393007 0.731969 -0.556567
vn 0.517531 0.813623 -0.264912
vn 0.587256 0.541831 -0.60129
vn -0.076231 -0.709962 -0.700102
vn -0.451377 -0.701816 -0.551102
vn -0.482017 -0.348828 -0.803728
vn -0.076231 -0.709962 -0.700102
vn -0.326161 -0.929677 -0.171228
vn -0.451377 -0.701816 -0.551102
vn -0.451377 -0.701816 -0.551102
vn -0.326161 -0.929677 -0.171228
vn -0.745345 -0.584559 -0.320548
vn -0.451377 -0.701816 -0.551102
vn -0.745345 -0.584559 -0.320548
vn -0.482017 -0.348828 -0.803728
vn 0.431682 0.896691 0.097958
vn 0.220225 0.949287 -0.224398
vn 0.209558 0.977742 0.010331
vn 0.209558 0.977742 0.010331
vn 0.220225 0.949287 -0.224398
vn -0.023875 0.996729 -0.077215
vn 0.209558 0.977742 0.010331
vn -0.023875 0.996729 -0.077215
vn 0.186833 0.95081 0.247089
vn 0.431682 0.896691 0.097958
vn 0.209558 0.977742 0.010331
vn 0.186833 0.95081 0.247089
vn 0.966106 -0.249167 -0.067492
vn 0.966106 -0.249167 -0.067492
vn 0.966106 -0.249167 -0.067492
vn 0.417052 0.523042 0.7433
vn 0.417052 0.523042 0.7433
vn 0.417052 0.523042 0.7433
vn 0.859084 -0.292896 -0.419747
vn 0.859084 -0.292896 -0.419747
vn 0.859084 -0.292896 -0.419747
vn 0.022878 0.082917 -0.996294
vn 0.022878 0.082917 -0.996294
vn 0.022878 0.082917 -0.996294
vn 0.767459 0.4563 0.45033
vn 0.879907 0.233879 0.4136
vn 0.858618 0.458569 0.229108
vn 0.634095 0.428365 0.64376
vn 0.879907 0.233879 0.4136
vn 0.767459 0.4563 0.45033
vn 0.634095 0.428365 0.64376
vn 0.767459 0.4563 0.45033
vn 0.607849 0.64828 0.458533
vn 0.607849 0.64828 0.458533
vn 0.767459 0.4563 0.45033
vn 0.858618 0.458569 0.229108
vn 0.331325 0.784198 0.52465
vn 0.377983 0.911791 0.160519
vn 0.222421 0.914276 0.338569
vn 0.222421 0.914276 0.338569
vn 0.377983 0.911791 0.160519
vn 0.100496 0.98603 0.132836
vn 0.222421 0.914276 0.338569
vn 0.100496 0.98603 0.132836
vn 0.05248 0.864807 0.499354
vn 0.331325 0.784198 0.52465
vn 0.222421 0.914276 0.338569
vn 0.05248 0.864807 0.499354
vn 0.5743 0.276819 0.770423
vn 0.439077 0.102773 0.892552
vn 0.678933 0.065418 0.73128
vn 0.43853 0.47033 0.765821
vn 0.439077 0.102773 0.892552
vn 0.5743 0.276819 0.770423
vn 0.43853 0.47033 0.765821
vn 0.5743 0.276819 0.770423
vn 0.672391 0.432062 0.601009
vn 0.672391 0.432062 0.601009
vn 0.5743 0.276819 0.770423
vn 0.678933 0.065418 0.73128
vn 0.068272 0.296148 0.952699
vn 0.211298 0.606232 0.766705
vn 0.008931 0.520194 0.854001
vn 0.008931 0.520194 0.854001
vn 0.211298 0.606232 0.766705
vn -0.050478 0.709788 0.702604
vn 0.008931 0.520194 0.854001
vn -0.050478 0.709788 0.702604
vn -0.196186 0.403595 0.893657
vn 0.068272 0.296148 0.952699
vn 0.008931 0.520194 0.854001
vn -0.196186 0.403595 0.893657
vn 0.672706 0.292072 0.679823
vn 0.594757 0.628443 0.501322
vn 0.528417 0.498413 0.687284
vn 0.528417 0.498413 0.687284
vn 0.594757 0.628443 0.501322
vn 0.352222 0.671809 0.651623
vn 0.528417 0.498413 0.687284
vn 0.352222 0.671809 0.651623
vn 0.431303 0.338606 0.836256
vn 0.672706 0.292072 0.679823
vn 0.528417 0.498413 0.687284
vn 0.431303 0.338606 0.836256
vn 0.757281 0.527063 -0.385656
vn 0.866989 0.496049 -0.047594
vn 0.940643 0.336716 -0.042574
vn 0.866989 0.496049 -0.047594
vn 0.734692 0.616329 0.28349
vn 0.940643 0.336716 -0.042574
vn 0.637918 0.764664 -0.091374
vn 0.734692 0.616329 0.28349
vn 0.866989 0.496049 -0.047594
vn 0.757281 0.527063 -0.385656
vn 0.637918 0.764664 -0.091374
vn 0.866989 0.496049 -0.047594
vn 0.757281 0.527063 -0.385656
vn 0.491485 0.813033 -0.312121
vn 0.637918 0.764664 -0.091374
vn 0.491485 0.813033 -0.312121
vn 0.496594 0.866806 0.045192
vn 0.637918 0.764664 -0.091374
vn 0.637918 0.764664 -0.091374
vn 0.496594 0.866806 0.045192
vn 0.734692 0.616329 0.28349
vn 0.501451 0.436665 -0.746907
vn 0.226076 0.60127 -0.766397
vn 0.434705 0.667098 -0.604989
vn 0.265474 0.947075 -0.180477
vn 0.434705 0.667098 -0.604989
vn 0.226076 0.60127 -0.766397
vn 0.641949 0.581409 -0.499865
vn 0.501451 0.436665 -0.746907
vn 0.434705 0.667098 -0.604989
vn 0.434705 0.667098 -0.604989
vn 0.491485 0.813033 -0.312121
vn 0.641949 0.581409 -0.499865
vn 0.434705 0.667098 -0.604989
vn 0.265474 0.947075 -0.180477
vn 0.491485 0.813033 -0.312121
vn 0.491485 0.813033 -0.312121
vn 0.265474 0.947075 -0.180477
vn 0.496594 0.866806 0.045192
vn 0.265474 0.947075 -0.180477
vn 0.501061 0.820506 0.27515
vn 0.496594 0.866806 0.045192
vn 0.74867 0.646438 0.147007
vn 0.496594 0.866806 0.045192
vn 0.501061 0.820506 0.27515
vn 0.501061 0.820506 0.27515
vn 0.265474 0.947075 -0.180477
vn 0.324213 0.849925 0.415347
vn 0.501061 0.820506 0.27515
vn 0.324213 0.849925 0.415347
vn 0.621172 0.689655 0.372183
vn 0.74867 0.646438 0.147007
vn 0.501061 0.820506 0.27515
vn 0.621172 0.689655 0.372183
vn -0.247199 0.967695 -0.049586
vn 0.055587 0.979318 0.194541
vn 0.002544 0.999373 -0.035311
vn 0.002544 0.999373 -0.035311
vn 0.055587 0.979318 0.194541
vn 0.25005 0.968048 -0.018938
vn 0.002544 0.999373 -0.035311
vn 0.25005 0.968048 -0.018938
vn -0.051235 0.962691 -0.26571
vn -0.247199 0.967695 -0.049586
vn 0.002544 0.999373 -0.035311
vn -0.051235 0.962691 -0.26571
vn -0.933633 -0.02615 0.357276
vn -0.933633 -0.02615 0.357276
vn -0.933633 -0.02615 0.357276
vn -0.499638 0.585692 -0.638221
vn -0.499638 0.585692 -0.638221
vn -0.499638 0.585692 -0.638221
vn -0.739353 -0.085765 0.667834
vn -0.739353 -0.085765 0.667834
vn -0.739353 -0.085765 0.667834
vn -0.754549 0.605073 -0.254053
vn -0.8947 0.413847 -0.168056
vn -0.774334 0.632542 -0.017245
vn -0.692518 0.543855 -0.473962
vn -0.8947 0.413847 -0.168056
vn -0.754549 0.605073 -0.254053
vn -0.692518 0.543855 -0.473962
vn -0.754549 0.605073 -0.254053
vn -0.56817 0.756709 -0.32338
vn -0.56817 0.756709 -0.32338
vn -0.754549 0.605073 -0.254053
vn -0.774334 0.632542 -0.017245
vn -0.301593 0.826197 -0.475857
vn -0.212106 0.969121 -0.12576
vn -0.118591 0.932966 -0.339868
vn -0.118591 0.932966 -0.339868
vn -0.212106 0.969121 -0.12576
vn 0.070313 0.980457 -0.183737
vn -0.118591 0.932966 -0.339868
vn 0.070313 0.980457 -0.183737
vn -0.017294 0.843378 -0.537042
vn -0.301593 0.826197 -0.475857
vn -0.118591 0.932966 -0.339868
vn -0.017294 0.843378 -0.537042
vn -0.704978 0.380104 -0.598771
vn -0.650333 0.177465 -0.73863
vn -0.834841 0.198035 -0.513637
vn -0.536852 0.538763 -0.64925
vn -0.650333 0.177465 -0.73863
vn -0.704978 0.380104 -0.598771
vn -0.536852 0.538763 -0.64925
vn -0.704978 0.380104 -0.598771
vn -0.714891 0.557182 -0.422468
vn -0.714891 0.557182 -0.422468
vn -0.704978 0.380104 -0.598771
vn -0.834841 0.198035 -0.513637
vn -0.282121 0.282795 -0.916752
vn -0.297094 0.620634 -0.725637
vn -0.151699 0.489973 -0.858437
vn -0.151699 0.489973 -0.858437
vn -0.297094 0.620634 -0.725637
vn -0.012873 0.664788 -0.746921
vn -0.151699 0.489973 -0.858437
vn -0.012873 0.664788 -0.746921
vn 0.003925 0.330035 -0.94396
vn -0.282121 0.282795 -0.916752
vn -0.151699 0.489973 -0.858437
vn 0.003925 0.330035 -0.94396
vn -0.767213 0.419031 -0.48559
vn -0.572742 0.733592 -0.365799
vn -0.592168 0.587939 -0.551058
vn -0.592168 0.587939 -0.551058
vn -0.572742 0.733592 -0.365799
vn -0.381472 0.718604 -0.581453
vn -0.592168 0.587939 -0.551058
vn -0.381472 0.718604 -0.581453
vn -0.578141 0.407242 -0.707041
vn -0.767213 0.419031 -0.48559
vn -0.592168 0.587939 -0.551058
vn -0.578141 0.407242 -0.707041
vn -0.485352 0.690667 0.536109
vn -0.693225 0.677239 0.246549
vn -0.79654 0.537777 0.27626
vn -0.693225 0.677239 0.246549
vn -0.642099 0.757605 -0.117234
vn -0.79654 0.537777 0.27626
vn -0.411187 0.889123 0.200961
vn -0.642099 0.757605 -0.117234
vn -0.693225 0.677239 0.246549
vn -0.485352 0.690667 0.536109
vn -0.411187 0.889123 0.200961
vn -0.693225 0.677239 0.246549
vn -0.485352 0.690667 0.536109
vn -0.199821 0.908657 0.366626
vn -0.411187 0.889123 0.200961
vn -0.199821 0.908657 0.366626
vn -0.29844 0.954176 0.021962
vn -0.411187 0.889123 0.200961
vn -0.411187 0.889123 0.200961
vn -0.29844 0.954176 0.021962
vn -0.642099 0.757605 -0.117234
vn -0.159138 0.554159 0.817057
vn 0.137633 0.653654 0.744173
vn -0.09095 0.760535 0.642896
vn 0.000247 0.986203 0.165538
vn -0.09095 0.760535 0.642896
vn 0.137633 0.653654 0.744173
vn -0.332936 0.720764 0.607991
vn -0.159138 0.554159 0.817057
vn -0.09095 0.760535 0.642896
vn -0.09095 0.760535 0.642896
vn -0.199821 0.908657 0.366626
vn -0.332936 0.720764 0.607991
vn -0.09095 0.760535 0.642896
vn 0.000247 0.986203 0.165538
vn -0.199821 0.908657 0.366626
vn -0.199821 0.908657 0.366626
vn 0.000247 0.986203 0.165538
vn -0.29844 0.954176 0.021962
vn 0.000247 0.986203 0.165538
vn -0.379391 0.904896 -0.192939
vn -0.29844 0.954176 0.021962
vn -0.608924 0.793101 0.014262
vn -0.29844 0.954176 0.021962
vn -0.379391 0.904896 -0.192939
vn -0.379391 0.904896 -0.192939
vn 0.000247 0.986203 0.165538
vn -0.249296 0.891109 -0.37918
vn -0.379391 0.904896 -0.192939
vn -0.249296 0.891109 -0.37918
vn -0.54693 0.801873 -0.240555
vn -0.608924 0.793101 0.014262
vn -0.379391 0.904896 -0.192939
vn -0.54693 0.801873 -0.240555
vn -0.056424 0.995272 -0.079052
vn 0.140601 0.931762 0.33474
vn 0.312074 0.889458 0.333878
vn 0.312074 0.889458 0.333878
vn 0.140601 0.931762 0.33474
vn 0.654543 0.750546 0.090848
vn 0.306319 0.898284 -0.315045
vn -0.056424 0.995272 -0.079052
vn 0.457543 0.854345 -0.246475
vn 0.306319 0.898284 -0.315045
vn 0.457543 0.854345 -0.246475
vn 0.654543 0.750546 0.090848
vn 0.306319 0.898284 -0.315045
vn -0.1552 0.934014 -0.321761
vn -0.056424 0.995272 -0.079052
vn -0.1552 0.934014 -0.321761
vn -0.249797 0.967968 0.025281
vn -0.056424 0.995272 -0.079052
vn -0.056424 0.995272 -0.079052
vn -0.249797 0.967968 0.025281
vn 0.140601 0.931762 0.33474
vn 0.183998 0.67966 -0.710075
vn -0.120544 0.608017 -0.784719
vn -0.045497 0.796207 -0.603311
vn -0.430089 0.870982 -0.237517
vn -0.045497 0.796207 -0.603311
vn -0.120544 0.608017 -0.784719
vn 0.142091 0.875486 -0.461882
vn 0.183998 0.67966 -0.710075
vn -0.045497 0.796207 -0.603311
vn -0.045497 0.796207 -0.603311
vn -0.1552 0.934014 -0.321761
vn 0.142091 0.875486 -0.461882
vn -0.045497 0.796207 -0.603311
vn -0.430089 0.870982 -0.237517
vn -0.1552 0.934014 -0.321761
vn -0.1552 0.934014 -0.321761
vn -0.430089 0.870982 -0.237517
vn -0.249797 0.967968 0.025281
vn -0.430089 0.870982 -0.237517
vn -0.254606 0.932198 0.257259
vn -0.249797 0.967968 0.025281
vn 0.061949 0.981081 0.183418
vn -0.249797 0.967968 0.025281
vn -0.254606 0.932198 0.257259
vn -0.254606 0.932198 0.257259
vn -0.430089 0.870982 -0.237517
vn -0.424001 0.827656 0.367707
vn -0.254606 0.932198 0.257259
vn -0.424001 0.827656 0.367707
vn -0.096413 0.918624 0.38319
vn 0.061949 0.981081 0.183418
vn -0.254606 0.932198 0.257259
vn -0.096413 0.918624 0.38319
vn -0.746142 -0.320195 -0.583736
vn -0.746142 -0.320195 -0.583736
vn -0.746142 -0.320195 -0.583736
vn 0.856856 0.449727 -0.252078
vn 0.856856 0.449727 -0.252078
vn 0.856856 0.449727 -0.252078
vn 0.864281 0.492682 0.101401
vn 0.864281 0.492682 0.101401
vn 0.864281 0.492682 0.101401
vn 0.426545 0.876527 -0.223067
vn 0.426545 0.876527 -0.223067
vn 0.426545 0.876527 -0.223067
vn 0.11004 0.050936 -0.992621
vn 0.11004 0.050936 -0.992621
vn 0.11004 0.050936 -0.992621
vn 0.759215 0.617731 0.204943
vn 0.490608 0.867921 0.077568
vn 0.573059 0.771326 0.276874
vn 0.573059 0.771326 0.276874
vn 0.490608 0.867921 0.077568
vn 0.35255 0.875347 0.330872
vn 0.573059 0.771326 0.276874
vn 0.35255 0.875347 0.330872
vn 0.623877 0.629859 0.46266
vn 0.759215 0.617731 0.204943
vn 0.573059 0.771326 0.276874
vn 0.623877 0.629859 0.46266
vn 0.43848 0.603588 -0.665896
vn 0.376041 0.82042 -0.430702
vn 0.609031 0.726599 -0.318016
vn 0.43848 0.603588 -0.665896
vn 0.110056 0.852045 -0.511768
vn 0.376041 0.82042 -0.430702
vn 0.376041 0.82042 -0.430702
vn 0.110056 0.852045 -0.511768
vn 0.273132 0.950451 -0.148466
vn 0.376041 0.82042 -0.430702
vn 0.273132 0.950451 -0.148466
vn 0.609031 0.726599 -0.318016
vn 0.581626 -0.68868 -0.432933
vn 0.213032 -0.833431 -0.509912
vn 0.221059 -0.528187 -0.819848
vn 0.581626 -0.68868 -0.432933
vn 0.160744 -0.983897 -0.078158
vn 0.213032 -0.833431 -0.509912
vn 0.213032 -0.833431 -0.509912
vn 0.160744 -0.983897 -0.078158
vn -0.178082 -0.844345 -0.505339
vn 0.213032 -0.833431 -0.509912
vn -0.178082 -0.844345 -0.505339
vn 0.221059 -0.528187 -0.819848
vn 0.262447 0.854434 -0.448403
vn 0.627892 0.579079 -0.520019
vn 0.61024 0.457286 -0.646913
vn 0.61024 0.457286 -0.646913
vn 0.627892 0.579079 -0.520019
vn 0.329645 0.242227 -0.912502
vn 0.002436 0.660533 -0.750793
vn 0.262447 0.854434 -0.448403
vn 0.050171 0.526919 -0.848434
vn 0.002436 0.660533 -0.750793
vn 0.050171 0.526919 -0.848434
vn 0.329645 0.242227 -0.912502
vn 0.002436 0.660533 -0.750793
vn 0.014553 0.927782 -0.372839
vn 0.262447 0.854434 -0.448403
vn 0.014553 0.927782 -0.372839
vn 0.354042 0.900549 -0.25232
vn 0.262447 0.854434 -0.448403
vn 0.262447 0.854434 -0.448403
vn 0.354042 0.900549 -0.25232
vn 0.627892 0.579079 -0.520019
vn -0.44138 0.664453 -0.603064
vn -0.531227 0.78484 -0.319098
vn -0.298125 0.844133 -0.445603
vn 0.07672 0.992712 -0.092938
vn -0.298125 0.844133 -0.445603
vn -0.531227 0.78484 -0.319098
vn -0.141273 0.770064 -0.622129
vn -0.44138 0.664453 -0.603064
vn -0.298125 0.844133 -0.445603
vn -0.298125 0.844133 -0.445603
vn 0.014553 0.927782 -0.372839
vn -0.141273 0.770064 -0.622129
vn -0.298125 0.844133 -0.445603
vn 0.07672 0.992712 -0.092938
vn 0.014553 0.927782 -0.372839
vn 0.014553 0.927782 -0.372839
vn 0.07672 0.992712 -0.092938
vn 0.354042 0.900549 -0.25232
vn 0.07672 0.992712 -0.092938
vn 0.560334 0.805359 -0.193452
vn 0.354042 0.900549 -0.25232
vn 0.502804 0.704398 -0.50101
vn 0.354042 0.900549 -0.25232
vn 0.560334 0.805359 -0.193452
vn 0.560334 0.805359 -0.193452
vn 0.07672 0.992712 -0.092938
vn 0.63136 0.775215 0.020649
vn 0.560334 0.805359 -0.193452
vn 0.63136 0.775215 0.020649
vn 0.67185 0.676151 -0.302386
vn 0.502804 0.704398 -0.50101
vn 0.560334 0.805359 -0.193452
vn 0.67185 0.676151 -0.302386
vn -0.646683 0.297418 0.702385
vn -0.646683 0.297418 0.702385
vn -0.646683 0.297418 0.702385
vn -0.09781 -0.002366 -0.995202
vn -0.09781 -0.002366 -0.995202
vn -0.09781 -0.002366 -0.995202
vn 0.24972 -0.075982 -0.965332
vn 0.24972 -0.075982 -0.965332
vn 0.24972 -0.075982 -0.965332
vn 0.080169 0.554127 -0.828563
vn 0.080169 0.554127 -0.828563
vn 0.080169 0.554127 -0.828563
vn -0.918507 0.279557 -0.27963
vn -0.918507 0.279557 -0.27963
vn -0.918507 0.279557 -0.27963
vn 0.390515 0.047763 -0.919357
vn 0.358862 0.425243 -0.830895
vn 0.512852 0.24573 -0.822557
vn 0.512852 0.24573 -0.822557
vn 0.358862 0.425243 -0.830895
vn 0.601999 0.426632 -0.674969
vn 0.512852 0.24573 -0.822557
vn 0.601999 0.426632 -0.674969
vn 0.639346 0.050224 -0.767277
vn 0.390515 0.047763 -0.919357
vn 0.512852 0.24573 -0.822557
vn 0.639346 0.050224 -0.767277
vn -0.429392 0.459191 -0.777667
vn -0.133626 0.59626 -0.791592
vn -0.06246 0.367521 -0.927915
vn -0.429392 0.459191 -0.777667
vn -0.195547 0.7823 -0.591411
vn -0.133626 0.59626 -0.791592
vn -0.133626 0.59626 -0.791592
vn -0.195547 0.7823 -0.591411
vn 0.177716 0.670022 -0.720755
vn -0.133626 0.59626 -0.791592
vn 0.177716 0.670022 -0.720755
vn -0.06246 0.367521 -0.927915
vn -0.648319 -0.724494 -0.234074
vn -0.764414 -0.629257 0.140385
vn -0.953126 -0.295502 -0.06504
vn -0.648319 -0.724494 -0.234074
vn -0.408163 -0.851878 0.328187
vn -0.764414 -0.629257 0.140385
vn -0.764414 -0.629257 0.140385
vn -0.408163 -0.851878 0.328187
vn -0.758219 -0.438861 0.482188
vn -0.764414 -0.629257 0.140385
vn -0.758219 -0.438861 0.482188
vn -0.953126 -0.295502 -0.06504
vn 0.284025 0.953347 -0.10227
vn -0.036098 0.945609 -0.323295
vn 0.035221 0.994073 -0.102851
vn 0.035221 0.994073 -0.102851
vn -0.036098 0.945609 -0.323295
vn -0.213723 0.972069 -0.096972
vn 0.035221 0.994073 -0.102851
vn -0.213723 0.972069 -0.096972
vn 0.105325 0.986436 0.125902
vn 0.284025 0.953347 -0.10227
vn 0.035221 0.994073 -0.102851
vn 0.105325 0.986436 0.125902
vn 0.901547 -0.116858 -0.416601
vn 0.901547 -0.116858 -0.416601
vn 0.901547 -0.116858 -0.416601
vn 0.567758 0.642837 0.51421
vn 0.567758 0.642837 0.51421
vn 0.567758 0.642837 0.51421
vn 0.682058 -0.20846 -0.700958
vn 0.682058 -0.20846 -0.700958
vn 0.682058 -0.20846 -0.700958
vn -0.356455 -0.008323 -0.934276
vn -0.356455 -0.008323 -0.934276
vn -0.356455 -0.008323 -0.934276
vn 0.792594 0.599101 0.113458
vn 0.918744 0.392292 0.044907
vn 0.794988 0.593512 -0.125453
vn 0.745709 0.570979 0.343368
vn 0.918744 0.392292 0.044907
vn 0.792594 0.599101 0.113458
vn 0.745709 0.570979 0.343368
vn 0.792594 0.599101 0.113458
vn 0.617885 0.766696 0.17434
vn 0.617885 0.766696 0.17434
vn 0.792594 0.599101 0.113458
vn 0.794988 0.593512 -0.125453
vn 0.366621 0.868141 0.334545
vn 0.25521 0.966561 -0.025037
vn 0.177204 0.963961 0.198439
vn 0.177204 0.963961 0.198439
vn 0.25521 0.966561 -0.025037
vn -0.021762 0.998461 0.051007
vn 0.177204 0.963961 0.198439
vn -0.021762 0.998461 0.051007
vn 0.088232 0.906403 0.413097
vn 0.366621 0.868141 0.334545
vn 0.177204 0.963961 0.198439
vn 0.088232 0.906403 0.413097
vn 0.762124 0.425114 0.488308
vn 0.711448 0.246032 0.658263
vn 0.878458 0.2277 0.420077
vn 0.604231 0.596458 0.52834
vn 0.711448 0.246032 0.658263
vn 0.762124 0.425114 0.488308
vn 0.604231 0.596458 0.52834
vn 0.762124 0.425114 0.488308
vn 0.764575 0.576043 0.289135
vn 0.764575 0.576043 0.289135
vn 0.762124 0.425114 0.488308
vn 0.878458 0.2277 0.420077
vn 0.361792 0.390499 0.846532
vn 0.373838 0.698845 0.609804
vn 0.234423 0.59394 0.769598
vn 0.234423 0.59394 0.769598
vn 0.373838 0.698845 0.609804
vn 0.093405 0.758433 0.645023
vn 0.234423 0.59394 0.769598
vn 0.093405 0.758433 0.645023
vn 0.080108 0.454055 0.887365
vn 0.361792 0.390499 0.846532
vn 0.234423 0.59394 0.769598
vn 0.080108 0.454055 0.887365
vn 0.816898 0.445155 0.366762
vn 0.624882 0.749374 0.219002
vn 0.653448 0.629219 0.42082
vn 0.653448 0.629219 0.42082
vn 0.624882 0.749374 0.219002
vn 0.450362 0.772294 0.448035
vn 0.653448 0.629219 0.42082
vn 0.450362 0.772294 0.448035
vn 0.645131 0.471911 0.60092
vn 0.816898 0.445155 0.366762
vn 0.653448 0.629219 0.42082
vn 0.645131 0.471911 0.60092
vn 0.685189 0.602537 0.409225
vn 0.481198 0.367845 0.7957
vn 0.508924 0.019367 0.860594
vn 0.481198 0.367845 0.7957
vn 0.035401 0.673508 0.738332
vn 0.508924 0.019367 0.860594
vn 0.481198 0.367845 0.7957
vn 0.346043 0.761118 0.548593
vn 0.035401 0.673508 0.738332
vn 0.244305 0.923053 0.297133
vn 0.035401 0.673508 0.738332
vn 0.346043 0.761118 0.548593
vn 0.685189 0.602537 0.409225
vn 0.346043 0.761118 0.548593
vn 0.481198 0.367845 0.7957
vn 0.685189 0.602537 0.409225
vn 0.244305 0.923053 0.297133
vn 0.346043 0.761118 0.548593
vn 0.685189 0.602537 0.409225
vn 0.358032 0.93219 0.053246
vn 0.244305 0.923053 0.297133
vn 0.358032 0.93219 0.053246
vn 0.042051 0.973805 0.223462
vn 0.244305 0.923053 0.297133
vn 0.244305 0.923053 0.297133
vn 0.042051 0.973805 0.223462
vn 0.035401 0.673508 0.738332
vn 0.80445 0.59052 -0.064397
vn 0.662971 0.665477 -0.342943
vn 0.609944 0.785473 -0.104882
vn 0.114282 0.988298 -0.101029
vn 0.609944 0.785473 -0.104882
vn 0.662971 0.665477 -0.342943
vn 0.631505 0.762484 0.140784
vn 0.80445 0.59052 -0.064397
vn 0.609944 0.785473 -0.104882
vn 0.609944 0.785473 -0.104882
vn 0.358032 0.93219 0.053246
vn 0.631505 0.762484 0.140784
vn 0.609944 0.785473 -0.104882
vn 0.114282 0.988298 -0.101029
vn 0.358032 0.93219 0.053246
vn 0.358032 0.93219 0.053246
vn 0.114282 0.988298 -0.101029
vn 0.042051 0.973805 0.223462
vn 0.114282 0.988298 -0.101029
vn -0.146772 0.923744 0.353773
vn 0.042051 0.973805 0.223462
vn 0.111084 0.835851 0.5376
vn 0.042051 0.973805 0.223462
vn -0.146772 0.923744 0.353773
vn -0.146772 0.923744 0.353773
vn 0.114282 0.988298 -0.101029
vn -0.356483 0.894429 0.270032
vn -0.146772 0.923744 0.353773
vn -0.356483 0.894429 0.270032
vn -0.151338 0.831657 0.534268
vn 0.111084 0.835851 0.5376
vn -0.146772 0.923744 0.353773
vn -0.151338 0.831657 0.534268
vn -0.478879 -0.523863 0.704445
vn -0.478879 -0.523863 0.704445
vn -0.478879 -0.523863 0.704445
vn -0.370734 0.5986 -0.710095
vn -0.370734 0.5986 -0.710095
vn -0.370734 0.5986 -0.710095
vn -0.023692 0.673776 -0.738556
vn -0.023692 0.673776 -0.738556
vn -0.023692 0.673776 -0.738556
vn -0.325607 0.924105 -0.200024
vn -0.325607 0.924105 -0.200024
vn -0.325607 0.924105 -0.200024
vn -0.999834 -0.015785 -0.009061
vn -0.999834 -0.015785 -0.009061
vn -0.999834 -0.015785 -0.009061
vn 0.08168 0.782039 -0.617854
vn -0.033772 0.956464 -0.289888
vn 0.162153 0.898005 -0.409014
vn 0.162153 0.898005 -0.409014
vn -0.033772 0.956464 -0.289888
vn 0.231781 0.956666 -0.176258
vn 0.162153 0.898005 -0.409014
vn 0.231781 0.956666 -0.176258
vn 0.35103 0.787758 -0.506178
vn 0.08168 0.782039 -0.617854
vn 0.162153 0.898005 -0.409014
vn 0.35103 0.787758 -0.506178
vn -0.747757 0.621595 -0.233408
vn -0.522416 0.840262 -0.145057
vn -0.428503 0.809043 -0.402287
vn -0.747757 0.621595 -0.233408
vn -0.577188 0.80657 0.127668
vn -0.522416 0.840262 -0.145057
vn -0.522416 0.840262 -0.145057
vn -0.577188 0.80657 0.127668
vn -0.240175 0.969872 -0.040797
vn -0.522416 0.840262 -0.145057
vn -0.240175 0.969872 -0.040797
vn -0.428503 0.809043 -0.402287
vn -0.443404 -0.583702 -0.680209
vn -0.471358 -0.810551 -0.347605
vn -0.800579 -0.539695 -0.260391
vn -0.443404 -0.583702 -0.680209
vn -0.027169 -0.929408 -0.368053
vn -0.471358 -0.810551 -0.347605
vn -0.471358 -0.810551 -0.347605
vn -0.027169 -0.929408 -0.368053
vn -0.425129 -0.904653 0.029473
vn -0.471358 -0.810551 -0.347605
vn -0.425129 -0.904653 0.029473
vn -0.800579 -0.539695 -0.260391
vn -0.530799 0.846137 0.048009
vn -0.534503 0.742626 -0.403502
vn -0.645549 0.614557 -0.453416
vn -0.645549 0.614557 -0.453416
vn -0.534503 0.742626 -0.403502
vn -0.904413 0.280881 -0.32116
vn -0.826938 0.537426 0.165368
vn -0.530799 0.846137 0.048009
vn -0.902003 0.428162 0.055396
vn -0.826938 0.537426 0.165368
vn -0.902003 0.428162 0.055396
vn -0.904413 0.280881 -0.32116
vn -0.826938 0.537426 0.165368
vn -0.487181 0.815811 0.311619
vn -0.530799 0.846137 0.048009
vn -0.487181 0.815811 0.311619
vn -0.33544 0.942016 0.009312
vn -0.530799 0.846137 0.048009
vn -0.530799 0.846137 0.048009
vn -0.33544 0.942016 0.009312
vn -0.534503 0.742626 -0.403502
vn -0.720098 0.368134 0.588164
vn -0.462628 0.463552 0.755708
vn -0.575372 0.603927 0.551561
vn -0.213846 0.923504 0.31845
vn -0.575372 0.603927 0.551561
vn -0.462628 0.463552 0.755708
vn -0.726758 0.58737 0.356118
vn -0.720098 0.368134 0.588164
vn -0.575372 0.603927 0.551561
vn -0.575372 0.603927 0.551561
vn -0.487181 0.815811 0.311619
vn -0.726758 0.58737 0.356118
vn -0.575372 0.603927 0.551561
vn -0.213846 0.923504 0.31845
vn -0.487181 0.815811 0.311619
vn -0.487181 0.815811 0.311619
vn -0.213846 0.923504 0.31845
vn -0.33544 0.942016 0.009312
vn -0.213846 0.923504 0.31845
vn -0.247255 0.946305 -0.208258
vn -0.33544 0.942016 0.009312
vn -0.54286 0.80558 -0.237368
vn -0.33544 0.942016 0.009312
vn -0.247255 0.946305 -0.208258
vn -0.247255 0.946305 -0.208258
vn -0.213846 0.923504 0.31845
vn -0.025759 0.966188 -0.256548
vn -0.247255 0.946305 -0.208258
vn -0.025759 0.966188 -0.256548
vn -0.328452 0.866546 -0.375789
vn -0.54286 0.80558 -0.237368
vn -0.247255 0.946305 -0.208258
vn -0.328452 0.866546 -0.375789
vn 0.599692 0.058945 0.798057
vn 0.599692 0.058945 0.798057
vn 0.599692 0.058945 0.798057
vn -0.991254 -0.124545 -0.043637
vn -0.991254 -0.124545 -0.043637
vn -0.991254 -0.124545 -0.043637
vn -0.922374 -0.04535 -0.383626
vn -0.922374 -0.04535 -0.383626
vn -0.922374 -0.04535 -0.383626
vn -0.883608 0.466374 0.041625
vn -0.883608 0.466374 0.041625
vn -0.883608 0.466374 0.041625
vn -0.391341 -0.151919 0.907619
vn -0.391341 -0.151919 0.907619
vn -0.391341 -0.151919 0.907619
vn -0.880632 0.129404 -0.455787
vn -0.844954 0.465555 -0.263271
vn -0.800149 0.367601 -0.473953
vn -0.800149 0.367601 -0.473953
vn -0.844954 0.465555 -0.263271
vn -0.670132 0.580748 -0.462229
vn -0.800149 0.367601 -0.473953
vn -0.670132 0.580748 -0.462229
vn -0.709282 0.24762 -0.660003
vn -0.880632 0.129404 -0.455787
vn -0.800149 0.367601 -0.473953
vn -0.709282 0.24762 -0.660003
vn -0.864658 0.1737 0.471376
vn -0.870615 0.419402 0.257161
vn -0.969547 0.230571 0.082558
vn -0.864658 0.1737 0.471376
vn -0.702319 0.578669 0.414595
vn -0.870615 0.419402 0.257161
vn -0.870615 0.419402 0.257161
vn -0.702319 0.578669 0.414595
vn -0.783453 0.621282 0.014517
vn -0.870615 0.419402 0.257161
vn -0.783453 0.621282 0.014517
vn -0.969547 0.230571 0.082558
vn -0.193289 -0.944991 0.263877
vn 0.154439 -0.876074 0.456774
vn -0.107934 -0.669113 0.735281
vn -0.193289 -0.944991 0.263877
vn 0.399389 -0.914173 0.069108
vn 0.154439 -0.876074 0.456774
vn 0.154439 -0.876074 0.456774
vn 0.399389 -0.914173 0.069108
vn 0.468069 -0.672758 0.572982
vn 0.154439 -0.876074 0.456774
vn 0.468069 -0.672758 0.572982
vn -0.107934 -0.669113 0.735281
vn -0.08767 0.992016 -0.09066
vn -0.337349 0.920195 0.198587
vn -0.112091 0.98075 0.159892
vn -0.112091 0.98075 0.159892
vn -0.337349 0.920195 0.198587
vn -0.129281 0.908085 0.398332
vn -0.112091 0.98075 0.159892
vn -0.129281 0.908085 0.398332
vn 0.12205 0.986221 0.111675
vn -0.08767 0.992016 -0.09066
vn -0.112091 0.98075 0.159892
vn 0.12205 0.986221 0.111675
vn -0.32844 0.07291 -0.941707
vn -0.32844 0.07291 -0.941707
vn -0.32844 0.07291 -0.941707
vn 0.556484 0.742532 -0.372789
vn 0.556484 0.742532 -0.372789
vn 0.556484 0.742532 -0.372789
vn -0.631188 -0.058998 -0.773383
vn -0.631188 -0.058998 -0.773383
vn -0.631188 -0.058998 -0.773383
vn -0.963441 -0.074469 0.257363
vn -0.963441 -0.074469 0.257363
vn -0.963441 -0.074469 0.257363
vn 0.421796 0.546399 -0.723558
vn 0.179371 0.748356 -0.638583
vn 0.221362 0.876195 -0.428113
vn 0.421796 0.546399 -0.723558
vn 0.08113 0.384727 -0.919458
vn 0.179371 0.748356 -0.638583
vn 0.421796 0.546399 -0.723558
vn 0.030479 0.169422 -0.985072
vn 0.08113 0.384727 -0.919458
vn 0.08113 0.384727 -0.919458
vn 0.030479 0.169422 -0.985072
vn -0.163192 0.579361 -0.798567
vn 0.179371 0.748356 -0.638583
vn 0.08113 0.384727 -0.919458
vn -0.163192 0.579361 -0.798567
vn 0.221362 0.876195 -0.428113
vn 0.179371 0.748356 -0.638583
vn -0.163192 0.579361 -0.798567
vn 0.356085 0.922736 -0.147521
vn -0.01341 0.998518 -0.052742
vn 0.201539 0.978504 0.043725
vn 0.201539 0.978504 0.043725
vn -0.01341 0.998518 -0.052742
vn 0.035628 0.972388 0.230634
vn 0.201539 0.978504 0.043725
vn 0.035628 0.972388 0.230634
vn 0.407424 0.902633 0.138781
vn 0.356085 0.922736 -0.147521
vn 0.201539 0.978504 0.043725
vn 0.407424 0.902633 0.138781
vn 0.552063 0.569326 -0.609175
vn 0.718921 0.382471 -0.580404
vn 0.497504 0.40016 -0.76965
vn 0.574889 0.704523 -0.416112
vn 0.718921 0.382471 -0.580404
vn 0.552063 0.569326 -0.609175
vn 0.574889 0.704523 -0.416112
vn 0.552063 0.569326 -0.609175
vn 0.351929 0.718884 -0.59946
vn 0.351929 0.718884 -0.59946
vn 0.552063 0.569326 -0.609175
vn 0.497504 0.40016 -0.76965
vn 0.871484 0.450977 -0.192705
vn 0.632901 0.75676 -0.163558
vn 0.780317 0.62445 -0.034175
vn 0.780317 0.62445 -0.034175
vn 0.632901 0.75676 -0.163558
vn 0.640953 0.757304 0.12518
vn 0.780317 0.62445 -0.034175
vn 0.640953 0.757304 0.12518
vn 0.884955 0.455119 0.098595
vn 0.871484 0.450977 -0.192705
vn 0.780317 0.62445 -0.034175
vn 0.884955 0.455119 0.098595
vn 0.435913 0.60122 -0.669712
vn 0.266752 0.860435 -0.434161
vn 0.471877 0.747489 -0.467539
vn 0.471877 0.747489 -0.467539
vn 0.266752 0.860435 -0.434161
vn 0.477925 0.845626 -0.237705
vn 0.471877 0.747489 -0.467539
vn 0.477925 0.845626 -0.237705
vn 0.652444 0.590753 -0.474688
vn 0.435913 0.60122 -0.669712
vn 0.471877 0.747489 -0.467539
vn 0.652444 0.590753 -0.474688
vn 0.33377 0.858519 -0.389284
vn 0.568022 0.812845 -0.128974
vn 0.657916 0.729406 -0.187385
vn 0.568022 0.812845 -0.128974
vn 0.566664 0.787996 0.240738
vn 0.657916 0.729406 -0.187385
vn 0.306859 0.951529 -0.020745
vn 0.566664 0.787996 0.240738
vn 0.568022 0.812845 -0.128974
vn 0.33377 0.858519 -0.389284
vn 0.306859 0.951529 -0.020745
vn 0.568022 0.812845 -0.128974
vn 0.33377 0.858519 -0.389284
vn 0.074691 0.985445 -0.152708
vn 0.306859 0.951529 -0.020745
vn 0.074691 0.985445 -0.152708
vn 0.21389 0.960168 0.179802
vn 0.306859 0.951529 -0.020745
vn 0.306859 0.951529 -0.020745
vn 0.21389 0.960168 0.179802
vn 0.566664 0.787996 0.240738
vn 0.003589 0.743182 -0.66908
vn -0.287952 0.789414 -0.542133
vn -0.057612 0.894469 -0.443403
vn -0.103052 0.991305 0.081824
vn -0.057612 0.894469 -0.443403
vn -0.287952 0.789414 -0.542133
vn 0.189269 0.874798 -0.445989
vn 0.003589 0.743182 -0.66908
vn -0.057612 0.894469 -0.443403
vn -0.057612 0.894469 -0.443403
vn 0.074691 0.985445 -0.152708
vn 0.189269 0.874798 -0.445989
vn -0.057612 0.894469 -0.443403
vn -0.103052 0.991305 0.081824
vn 0.074691 0.985445 -0.152708
vn 0.074691 0.985445 -0.152708
vn -0.103052 0.991305 0.081824
vn 0.21389 0.960168 0.179802
vn -0.103052 0.991305 0.081824
vn 0.32622 0.871581 0.36596
vn 0.21389 0.960168 0.179802
vn 0.534676 0.837345 0.113903
vn 0.21389 0.960168 0.179802
vn 0.32622 0.871581 0.36596
vn 0.32622 0.871581 0.36596
vn -0.103052 0.991305 0.081824
vn 0.223567 0.800371 0.556259
vn 0.32622 0.871581 0.36596
vn 0.223567 0.800371 0.556259
vn 0.506658 0.779451 0.368449
vn 0.534676 0.837345 0.113903
vn 0.32622 0.871581 0.36596
vn 0.506658 0.779451 0.368449
vn -0.620885 0.676719 -0.395668
vn -0.327625 0.737929 -0.590019
vn -0.334172 0.614003 -0.715073
vn -0.327625 0.737929 -0.590019
vn 0.019493 0.859742 -0.510357
vn -0.334172 0.614003 -0.715073
vn -0.320041 0.906246 -0.276209
vn 0.019493 0.859742 -0.510357
vn -0.327625 0.737929 -0.590019
vn -0.620885 0.676719 -0.395668
vn -0.320041 0.906246 -0.276209
vn -0.327625 0.737929 -0.590019
vn -0.620885 0.676719 -0.395668
vn -0.491565 0.867836 -0.07228
vn -0.320041 0.906246 -0.276209
vn -0.491565 0.867836 -0.07228
vn -0.155282 0.976913 -0.146723
vn -0.320041 0.906246 -0.276209
vn -0.320041 0.906246 -0.276209
vn -0.155282 0.976913 -0.146723
vn 0.019493 0.859742 -0.510357
vn -0.885891 0.451159 -0.107951
vn -0.835108 0.511076 0.20346
vn -0.745481 0.666527 -0.000745
vn -0.308761 0.939842 0.146161
vn -0.745481 0.666527 -0.000745
vn -0.835108 0.511076 0.20346
vn -0.699752 0.671464 -0.243891
vn -0.885891 0.451159 -0.107951
vn -0.745481 0.666527 -0.000745
vn -0.745481 0.666527 -0.000745
vn -0.491565 0.867836 -0.07228
vn -0.699752 0.671464 -0.243891
vn -0.745481 0.666527 -0.000745
vn -0.308761 0.939842 0.146161
vn -0.491565 0.867836 -0.07228
vn -0.491565 0.867836 -0.07228
vn -0.308761 0.939842 0.146161
vn -0.155282 0.976913 -0.146723
vn -0.308761 0.939842 0.146161
vn 0.066219 0.972199 -0.224596
vn -0.155282 0.976913 -0.146723
vn -0.117015 0.870558 -0.47795
vn -0.155282 0.976913 -0.146723
vn 0.066219 0.972199 -0.224596
vn 0.066219 0.972199 -0.224596
vn -0.308761 0.939842 0.146161
vn 0.249685 0.964153 -0.089814
vn 0.066219 0.972199 -0.224596
vn 0.249685 0.964153 -0.089814
vn 0.132516 0.905124 -0.403968
vn -0.117015 0.870558 -0.47795
vn 0.066219 0.972199 -0.224596
vn 0.132516 0.905124 -0.403968
vn -0.041074 0.953884 -0.297351
vn 0.216693 0.750517 -0.624314
vn 0.129245 0.654931 -0.744555
vn 0.129245 0.654931 -0.744555
vn 0.216693 0.750517 -0.624314
vn -0.253674 0.460103 -0.850855
vn -0.428207 0.789742 -0.439255
vn -0.041074 0.953884 -0.297351
vn -0.445405 0.685814 -0.575564
vn -0.428207 0.789742 -0.439255
vn -0.445405 0.685814 -0.575564
vn -0.253674 0.460103 -0.850855
vn -0.428207 0.789742 -0.439255
vn -0.200517 0.976283 -0.081641
vn -0.041074 0.953884 -0.297351
vn -0.200517 0.976283 -0.081641
vn 0.146645 0.972343 -0.181784
vn -0.041074 0.953884 -0.297351
vn -0.041074 0.953884 -0.297351
vn 0.146645 0.972343 -0.181784
vn 0.216693 0.750517 -0.624314
vn -0.706965 0.703418 -0.073514
vn -0.617099 0.752164 0.231165
vn -0.498782 0.866601 0.014833
vn 0.01116 0.992526 0.12152
vn -0.498782 0.866601 0.014833
vn -0.617099 0.752164 0.231165
vn -0.471861 0.850939 -0.230759
vn -0.706965 0.703418 -0.073514
vn -0.498782 0.866601 0.014833
vn -0.498782 0.866601 0.014833
vn -0.200517 0.976283 -0.081641
vn -0.471861 0.850939 -0.230759
vn -0.498782 0.866601 0.014833
vn 0.01116 0.992526 0.12152
vn -0.200517 0.976283 -0.081641
vn -0.200517 0.976283 -0.081641
vn 0.01116 0.992526 0.12152
vn 0.146645 0.972343 -0.181784
vn 0.01116 0.992526 0.12152
vn 0.349168 0.896393 -0.273059
vn 0.146645 0.972343 -0.181784
vn 0.125399 0.851297 -0.509479
vn 0.146645 0.972343 -0.181784
vn 0.349168 0.896393 -0.273059
vn 0.349168 0.896393 -0.273059
vn 0.01116 0.992526 0.12152
vn 0.530223 0.834516 -0.149822
vn 0.349168 0.896393 -0.273059
vn 0.530223 0.834516 -0.149822
vn 0.37785 0.807549 -0.452873
vn 0.125399 0.851297 -0.509479
vn 0.349168 0.896393 -0.273059
vn 0.37785 0.807549 -0.452873
vn -0.125624 0.061572 0.990165
vn -0.125624 0.061572 0.990165
vn -0.125624 0.061572 0.990165
vn -0.651505 0.181024 -0.73673
vn -0.651505 0.181024 -0.73673
vn -0.651505 0.181024 -0.73673
vn -0.350312 0.15065 -0.924438
vn -0.350312 0.15065 -0.924438
vn -0.350312 0.15065 -0.924438
vn -0.409148 0.712297 -0.57029
vn -0.409148 0.712297 -0.57029
vn -0.409148 0.712297 -0.57029
vn -0.208077 0.281051 -0.936864
vn -0.182484 0.625681 -0.758435
vn -0.052027 0.470835 -0.880686
vn -0.052027 0.470835 -0.880686
vn -0.182484 0.625681 -0.758435
vn 0.105987 0.629506 -0.769733
vn -0.052027 0.470835 -0.880686
vn 0.105987 0.629506 -0.769733
vn 0.082841 0.287481 -0.954197
vn -0.208077 0.281051 -0.936864
vn -0.052027 0.470835 -0.880686
vn 0.082841 0.287481 -0.954197
vn 0.466121 0.589376 -0.659823
vn 0.695228 0.60586 -0.386772
vn 0.79131 0.45858 -0.404392
vn 0.695228 0.60586 -0.386772
vn 0.675328 0.736704 -0.034639
vn 0.79131 0.45858 -0.404392
vn 0.425074 0.834529 -0.350533
vn 0.675328 0.736704 -0.034639
vn 0.695228 0.60586 -0.386772
vn 0.466121 0.589376 -0.659823
vn 0.425074 0.834529 -0.350533
vn 0.695228 0.60586 -0.386772
vn 0.466121 0.589376 -0.659823
vn 0.202742 0.840923 -0.501741
vn 0.425074 0.834529 -0.350533
vn 0.202742 0.840923 -0.501741
vn 0.329212 0.927943 -0.17476
vn 0.425074 0.834529 -0.350533
vn 0.425074 0.834529 -0.350533
vn 0.329212 0.927943 -0.17476
vn 0.675328 0.736704 -0.034639
vn 0.114806 0.43124 -0.894903
vn -0.171337 0.553043 -0.815345
vn 0.067704 0.661985 -0.746453
vn 0.021756 0.953823 -0.299579
vn 0.067704 0.661985 -0.746453
vn -0.171337 0.553043 -0.815345
vn 0.30979 0.616363 -0.723966
vn 0.114806 0.43124 -0.894903
vn 0.067704 0.661985 -0.746453
vn 0.067704 0.661985 -0.746453
vn 0.202742 0.840923 -0.501741
vn 0.30979 0.616363 -0.723966
vn 0.067704 0.661985 -0.746453
vn 0.021756 0.953823 -0.299579
vn 0.202742 0.840923 -0.501741
vn 0.202742 0.840923 -0.501741
vn 0.021756 0.953823 -0.299579
vn 0.329212 0.927943 -0.17476
vn 0.021756 0.953823 -0.299579
vn 0.42479 0.904479 0.03836
vn 0.329212 0.927943 -0.17476
vn 0.633515 0.755407 -0.16739
vn 0.329212 0.927943 -0.17476
vn 0.42479 0.904479 0.03836
vn 0.42479 0.904479 0.03836
vn 0.021756 0.953823 -0.299579
vn 0.309097 0.921868 0.233706
vn 0.42479 0.904479 0.03836
vn 0.309097 0.921868 0.233706
vn 0.59192 0.801211 0.087708
vn 0.633515 0.755407 -0.16739
vn 0.42479 0.904479 0.03836
vn 0.59192 0.801211 0.087708
vn -0.717532 0.56565 -0.406432
vn -0.455751 0.731064 -0.507775
vn -0.44769 0.543989 -0.709682
vn -0.717532 0.56565 -0.406432
vn -0.428524 0.864371 -0.263116
vn -0.455751 0.731064 -0.507775
vn -0.455751 0.731064 -0.507775
vn -0.428524 0.864371 -0.263116
vn -0.144163 0.819065 -0.555292
vn -0.455751 0.731064 -0.507775
vn -0.144163 0.819065 -0.555292
vn -0.44769 0.543989 -0.709682
vn 0.654868 -0.561369 -0.505977
vn 0.478687 -0.368242 -0.79703
vn 0.893481 -0.215471 -0.394036
vn 0.654868 -0.561369 -0.505977
vn 0.268648 -0.810789 -0.520048
vn 0.478687 -0.368242 -0.79703
vn 0.731414 -0.670345 -0.125186
vn 0.268648 -0.810789 -0.520048
vn 0.654868 -0.561369 -0.505977
vn 0.731414 -0.670345 -0.125186
vn 0.654868 -0.561369 -0.505977
vn 0.893481 -0.215471 -0.394036
vn -0.125999 -0.387823 -0.913081
vn 0.169856 -0.296105 -0.939931
vn -0.035388 -0.662602 -0.748136
vn -0.125999 -0.387823 -0.913081
vn -0.035388 -0.662602 -0.748136
vn -0.408717 -0.441933 -0.798527
vn -0.125999 -0.387823 -0.913081
vn -0.408717 -0.441933 -0.798527
vn -0.200832 -0.078851 -0.976447
vn 0.169856 -0.296105 -0.939931
vn -0.125999 -0.387823 -0.913081
vn -0.200832 -0.078851 -0.976447
vn 0.92041 0.183247 -0.34535
vn 0.794387 0.543497 -0.271219
vn 0.914754 0.365648 -0.171831
vn 0.914754 0.365648 -0.171831
vn 0.794387 0.543497 -0.271219
vn 0.851865 0.523645 0.011014
vn 0.914754 0.365648 -0.171831
vn 0.851865 0.523645 0.011014
vn 0.98437 0.165005 -0.061555
vn 0.92041 0.183247 -0.34535
vn 0.914754 0.365648 -0.171831
vn 0.98437 0.165005 -0.061555
vn 0.882226 0.293242 0.368356
vn 0.759325 0.507112 0.407753
vn 0.821332 0.15034 0.550284
vn 0.882226 0.293242 0.368356
vn 0.892802 0.418069 0.167701
vn 0.759325 0.507112 0.407753
vn 0.950407 0.059051 0.305351
vn 0.892802 0.418069 0.167701
vn 0.882226 0.293242 0.368356
vn 0.950407 0.059051 0.305351
vn 0.882226 0.293242 0.368356
vn 0.821332 0.15034 0.550284
vn -0.842038 0.173723 0.510679
vn -0.913885 -0.042992 0.40369
vn -0.760789 -0.004007 0.648987
vn -0.874929 0.339702 0.345111
vn -0.913885 -0.042992 0.40369
vn -0.842038 0.173723 0.510679
vn -0.874929 0.339702 0.345111
vn -0.842038 0.173723 0.510679
vn -0.717927 0.377732 0.584721
vn -0.717927 0.377732 0.584721
vn -0.842038 0.173723 0.510679
vn -0.760789 -0.004007 0.648987
vn -0.562875 0.716956 -0.411273
vn -0.267678 0.816993 -0.510755
vn -0.583265 0.531838 -0.613963
vn -0.562875 0.716956 -0.411273
vn -0.498447 0.84941 -0.173357
vn -0.267678 0.816993 -0.510755
vn -0.796954 0.541096 -0.268475
vn -0.498447 0.84941 -0.173357
vn -0.562875 0.716956 -0.411273
vn -0.796954 0.541096 -0.268475
vn -0.562875 0.716956 -0.411273
vn -0.583265 0.531838 -0.613963
vn -0.605402 0.745309 -0.279291
vn -0.529776 0.778157 -0.337355
vn -0.776977 0.600615 -0.188596
vn -0.605402 0.745309 -0.279291
vn -0.776977 0.600615 -0.188596
vn -0.871667 0.479468 -0.10152
vn -0.871667 0.479468 -0.10152
vn -0.776977 0.600615 -0.188596
vn -0.925043 0.25846 0.278377
vn -0.591401 0.666647 0.453681
vn -0.701353 0.535304 0.470695
vn -0.925043 0.25846 0.278377
vn -0.591401 0.666647 0.453681
vn -0.381756 0.874773 0.298387
vn -0.701353 0.535304 0.470695
vn -0.591401 0.666647 0.453681
vn -0.287942 0.930924 0.224655
vn -0.381756 0.874773 0.298387
vn -0.287942 0.930924 0.224655
vn -0.350799 0.934358 -0.062568
vn -0.381756 0.874773 0.298387
vn -0.097718 0.995161 0.010263
vn -0.163558 0.839302 0.51848
vn 0.074837 0.772563 0.630512
vn -0.209848 0.657168 0.723944
vn 0.074837 0.772563 0.630512
vn -0.163558 0.839302 0.51848
vn -0.468815 0.822005 -0.323296
vn -0.097718 0.995161 0.010263
vn -0.338973 0.792044 -0.507705
vn -0.468815 0.822005 -0.323296
vn -0.338973 0.792044 -0.507705
vn -0.625506 0.696774 -0.351067
vn -0.400265 0.771116 0.495145
vn -0.209848 0.657168 0.723944
vn -0.163558 0.839302 0.51848
vn -0.163558 0.839302 0.51848
vn -0.287942 0.930924 0.224655
vn -0.400265 0.771116 0.495145
vn -0.163558 0.839302 0.51848
vn -0.097718 0.995161 0.010263
vn -0.287942 0.930924 0.224655
vn -0.287942 0.930924 0.224655
vn -0.097718 0.995161 0.010263
vn -0.350799 0.934358 -0.062568
vn -0.097718 0.995161 0.010263
vn -0.468815 0.822005 -0.323296
vn -0.350799 0.934358 -0.062568
vn -0.684922 0.722148 -0.096875
vn -0.350799 0.934358 -0.062568
vn -0.468815 0.822005 -0.323296
vn -0.684922 0.722148 -0.096875
vn -0.468815 0.822005 -0.323296
vn -0.625506 0.696774 -0.351067
vn -0.40579 0.91129 -0.069887
vn -0.350555 0.907171 -0.232707
vn -0.029431 0.878575 -0.476697
vn -0.40579 0.91129 -0.069887
vn -0.140222 0.948732 0.283276
vn -0.350555 0.907171 -0.232707
vn -0.40579 0.91129 -0.069887
vn -0.366537 0.846308 0.386541
vn -0.140222 0.948732 0.283276
vn 0.21839 0.875069 0.431927
vn -0.249785 0.733792 0.631789
vn 0.352859 0.746914 0.563569
vn 0.21839 0.875069 0.431927
vn 0.352859 0.746914 0.563569
vn 0.327534 0.907066 0.264487
vn 0.108573 0.983901 0.141953
vn 0.21839 0.875069 0.431927
vn 0.327534 0.907066 0.264487
vn -0.249785 0.733792 0.631789
vn 0.21839 0.875069 0.431927
vn -0.014725 0.890163 0.455405
vn 0.108573 0.983901 0.141953
vn -0.014725 0.890163 0.455405
vn 0.21839 0.875069 0.431927
vn -0.532727 0.840669 0.097357
vn -0.770082 0.636991 0.034864
vn -0.647908 0.710712 0.274052
vn -0.647908 0.710712 0.274052
vn -0.366537 0.846308 0.386541
vn -0.532727 0.840669 0.097357
vn -0.770082 0.636991 0.034864
vn -0.807311 0.49522 0.320946
vn -0.647908 0.710712 0.274052
vn -0.249785 0.733792 0.631789
vn -0.647908 0.710712 0.274052
vn -0.807311 0.49522 0.320946
vn -0.647908 0.710712 0.274052
vn -0.249785 0.733792 0.631789
vn -0.366537 0.846308 0.386541
vn -0.366537 0.846308 0.386541
vn -0.249785 0.733792 0.631789
vn -0.014725 0.890163 0.455405
vn -0.366537 0.846308 0.386541
vn -0.014725 0.890163 0.455405
vn -0.140222 0.948732 0.283276
vn -0.140222 0.948732 0.283276
vn -0.014725 0.890163 0.455405
vn 0.254191 0.966264 0.041486
vn -0.140222 0.948732 0.283276
vn 0.254191 0.966264 0.041486
vn 0.238313 0.961871 -0.134208
vn 0.238313 0.961871 -0.134208
vn 0.254191 0.966264 0.041486
vn -0.029431 0.878575 -0.476697
vn 0.279272 0.903137 -0.326114
vn 0.390058 0.911954 -0.127263
vn 0.40289 0.798171 -0.447887
vn 0.202065 0.763459 -0.613433
vn 0.279272 0.903137 -0.326114
vn 0.40289 0.798171 -0.447887
vn 0.279272 0.903137 -0.326114
vn -0.214078 0.965633 -0.14739
vn 0.390058 0.911954 -0.127263
vn -0.214078 0.965633 -0.14739
vn 0.279272 0.903137 -0.326114
vn 0.047793 0.935372 -0.350421
vn 0.202065 0.763459 -0.613433
vn 0.047793 0.935372 -0.350421
vn 0.279272 0.903137 -0.326114
vn -0.317347 0.634874 -0.704433
vn -0.30105 0.86182 -0.408209
vn -0.058686 0.849476 -0.524353
vn -0.317347 0.634874 -0.704433
vn -0.058686 0.849476 -0.524353
vn 0.031906 0.654407 -0.755469
vn -0.317347 0.634874 -0.704433
vn 0.031906 0.654407 -0.755469
vn 0.054055 0.547164 -0.835278
vn 0.031906 0.654407 -0.755469
vn 0.332204 0.756549 -0.563271
vn 0.054055 0.547164 -0.835278
vn -0.058686 0.849476 -0.524353
vn 0.332204 0.756549 -0.563271
vn 0.031906 0.654407 -0.755469
vn -0.058686 0.849476 -0.524353
vn 0.047793 0.935372 -0.350421
vn 0.332204 0.756549 -0.563271
vn -0.30105 0.86182 -0.408209
vn 0.047793 0.935372 -0.350421
vn -0.058686 0.849476 -0.524353
vn -0.30105 0.86182 -0.408209
vn -0.214078 0.965633 -0.14739
vn 0.047793 0.935372 -0.350421
vn -0.586588 0.692823 -0.419417
vn -0.214078 0.965633 -0.14739
vn -0.30105 0.86182 -0.408209
vn -0.214078 0.965633 -0.14739
vn -0.586588 0.692823 -0.419417
vn -0.770758 0.58603 -0.250003
vn -0.699073 0.468182 -0.540465
vn -0.770758 0.58603 -0.250003
vn -0.586588 0.692823 -0.419417
vn -0.4464 0.646798 -0.618369
vn -0.699073 0.468182 -0.540465
vn -0.586588 0.692823 -0.419417
vn -0.586588 0.692823 -0.419417
vn -0.30105 0.86182 -0.408209
vn -0.4464 0.646798 -0.618369
vn -0.529613 0.728954 -0.433747
vn -0.270711 0.69014 -0.671135
vn -0.316725 0.586899 -0.745141
vn -0.270711 0.69014 -0.671135
vn 0.098297 0.723736 -0.68304
vn -0.316725 0.586899 -0.745141
vn -0.180322 0.881104 -0.437196
vn 0.098297 0.723736 -0.68304
vn -0.270711 0.69014 -0.671135
vn -0.529613 0.728954 -0.433747
vn -0.180322 0.881104 -0.437196
vn -0.270711 0.69014 -0.671135
vn -0.529613 0.728954 -0.433747
vn -0.310597 0.927948 -0.206014
vn -0.180322 0.881104 -0.437196
vn -0.310597 0.927948 -0.206014
vn 0.018439 0.934533 -0.355399
vn -0.180322 0.881104 -0.437196
vn -0.180322 0.881104 -0.437196
vn 0.018439 0.934533 -0.355399
vn 0.098297 0.723736 -0.68304
vn -0.779412 0.621619 -0.078141
vn -0.655017 0.729235 0.197911
vn -0.579643 0.813371 -0.049417
vn -0.07607 0.996217 -0.042022
vn -0.579643 0.813371 -0.049417
vn -0.655017 0.729235 0.197911
vn -0.584544 0.757454 -0.290811
vn -0.779412 0.621619 -0.078141
vn -0.579643 0.813371 -0.049417
vn -0.579643 0.813371 -0.049417
vn -0.310597 0.927948 -0.206014
vn -0.584544 0.757454 -0.290811
vn -0.579643 0.813371 -0.049417
vn -0.07607 0.996217 -0.042022
vn -0.310597 0.927948 -0.206014
vn -0.310597 0.927948 -0.206014
vn -0.07607 0.996217 -0.042022
vn 0.018439 0.934533 -0.355399
vn -0.07607 0.996217 -0.042022
vn 0.213827 0.860361 -0.462662
vn 0.018439 0.934533 -0.355399
vn -0.034188 0.756985 -0.652537
vn 0.018439 0.934533 -0.355399
vn 0.213827 0.860361 -0.462662
vn 0.213827 0.860361 -0.462662
vn -0.07607 0.996217 -0.042022
vn 0.415446 0.835484 -0.359683
vn 0.213827 0.860361 -0.462662
vn 0.415446 0.835484 -0.359683
vn 0.226951 0.744206 -0.628213
vn -0.034188 0.756985 -0.652537
vn 0.213827 0.860361 -0.462662
vn 0.226951 0.744206 -0.628213
vn -0.138545 0.922528 0.360205
vn -0.303428 0.930952 0.203123
vn -0.223213 0.826274 0.517153
vn 0.01666 0.787 0.616728
vn -0.138545 0.922528 0.360205
vn -0.223213 0.826274 0.517153
vn -0.138545 0.922528 0.360205
vn 0.280628 0.958973 0.040227
vn -0.303428 0.930952 0.203123
vn 0.280628 0.958973 0.040227
vn -0.138545 0.922528 0.360205
vn 0.090736 0.945245 0.313495
vn 0.01666 0.787 0.616728
vn 0.090736 0.945245 0.313495
vn -0.138545 0.922528 0.360205
vn 0.534367 0.63893 0.553373
vn 0.438317 0.858189 0.267189
vn 0.241216 0.859506 0.450627
vn 0.534367 0.63893 0.553373
vn 0.241216 0.859506 0.450627
vn 0.21739 0.675013 0.705052
vn 0.534367 0.63893 0.553373
vn 0.21739 0.675013 0.705052
vn 0.216596 0.57056 0.792179
vn 0.21739 0.675013 0.705052
vn -0.122839 0.784696 0.607588
vn 0.216596 0.57056 0.792179
vn 0.241216 0.859506 0.450627
vn -0.122839 0.784696 0.607588
vn 0.21739 0.675013 0.705052
vn 0.241216 0.859506 0.450627
vn 0.090736 0.945245 0.313495
vn -0.122839 0.784696 0.607588
vn 0.438317 0.858189 0.267189
vn 0.090736 0.945245 0.313495
vn 0.241216 0.859506 0.450627
vn 0.438317 0.858189 0.267189
vn 0.280628 0.958973 0.040227
vn 0.090736 0.945245 0.313495
vn 0.707954 0.677682 0.198867
vn 0.280628 0.958973 0.040227
vn 0.438317 0.858189 0.267189
vn 0.280628 0.958973 0.040227
vn 0.707954 0.677682 0.198867
vn 0.829092 0.558954 -0.013316
vn 0.843689 0.452262 0.28922
vn 0.829092 0.558954 -0.013316
vn 0.707954 0.677682 0.198867
vn 0.632319 0.643044 0.432049
vn 0.843689 0.452262 0.28922
vn 0.707954 0.677682 0.198867
vn 0.707954 0.677682 0.198867
vn 0.438317 0.858189 0.267189
vn 0.632319 0.643044 0.432049
vn -0.321208 0.247516 -0.91409
vn 0.163319 0.347492 -0.92335
vn 0.390938 0.366915 -0.844121
vn -0.163591 0.854177 0.493579
vn -0.723617 0.575192 0.381486
vn -0.317477 0.829267 0.459918
vn -0.317477 0.829267 0.459918
vn -0.003101 0.868628 0.495456
vn -0.091593 0.982747 0.160682
vn 0.656044 0.0254 0.754295
vn 0.656044 0.0254 0.754295
vn 0.583349 0.665381 0.465802
vn 0.230957 -0.817314 -0.527879
vn 0.368249 -0.753654 -0.544425
vn 0.004684 -0.369276 -0.929308
vn -0.064923 0.760131 -0.646518
vn -0.209782 0.555647 -0.804517
vn 0.583349 0.665381 0.465802
vn -0.064923 0.760131 -0.646518
vn 0.004684 -0.369276 -0.929308
vn -0.209782 0.555647 -0.804517
vn 0.066248 -0.337911 -0.938843
vn -0.209782 0.555647 -0.804517
vn 0.004684 -0.369276 -0.929308
vn 0.066248 -0.337911 -0.938843
vn 0.004684 -0.369276 -0.929308
vn 0.368249 -0.753654 -0.544425
vn 0.944876 -0.206711 0.25393
vn 0.944941 -0.207238 0.253255
vn 0.971721 -0.152807 0.180022
vn -0.477348 0.863406 0.163306
vn -0.611981 0.71743 0.332828
vn -0.529642 0.819191 0.220014
vn -0.618744 0.715398 0.324596
vn -0.529642 0.819191 0.220014
vn -0.611981 0.71743 0.332828
vn 0.981927 -0.125049 0.142066
vn 0.971721 -0.152807 0.180022
vn 0.944941 -0.207238 0.253255
vn 0.998798 -0.039779 0.028652
vn 0.971721 -0.152807 0.180022
vn 0.981927 -0.125049 0.142066
vn -0.316777 0.948154 -0.025621
vn -0.477348 0.863406 0.163306
vn -0.529642 0.819191 0.220014
vn -0.694857 -0.705298 -0.140455
vn -0.539474 -0.613965 -0.576208
vn -0.616386 -0.629996 -0.472413
vn -0.616386 -0.629996 -0.472413
vn -0.539474 -0.613965 -0.576208
vn -0.417189 -0.517626 -0.747005
vn -0.370152 -0.555542 -0.744554
vn -0.417189 -0.517626 -0.747005
vn -0.539474 -0.613965 -0.576208
vn -0.725347 0.575128 -0.378284
vn -0.846343 0.359023 -0.393454
vn -0.882601 0.462802 0.082638
vn -0.867666 0.154408 0.472561
vn -0.882601 0.462802 0.082638
vn -0.846343 0.359023 -0.393454
vn -0.725347 0.575128 -0.378284
vn -0.882601 0.462802 0.082638
vn -0.510393 0.798955 -0.318072
vn -0.632954 0.129077 0.763353
vn -0.705635 0.658699 0.26114
vn -0.882601 0.462802 0.082638
vn -0.882601 0.462802 0.082638
vn -0.867666 0.154408 0.472561
vn -0.632954 0.129077 0.763353
vn -0.555259 -0.034624 0.830957
vn -0.168066 -0.170943 0.970841
vn -0.867666 0.154408 0.472561
vn 0.382458 0.12656 -0.915264
vn -0.108836 0.561364 -0.820381
vn 0.443083 0.098996 -0.890998
vn 0.702096 -0.444878 0.556008
vn 0.565068 -0.648283 0.510321
vn 0.312652 -0.43521 0.844299
vn 0.312652 -0.43521 0.844299
vn 0.754386 -0.33259 0.565938
vn 0.702096 -0.444878 0.556008
vn 0.790077 -0.337025 0.512046
vn 0.702096 -0.444878 0.556008
vn 0.754386 -0.33259 0.565938
vn 0.443083 0.098996 -0.890998
vn 0.356855 0.155853 -0.921067
vn 0.382458 0.12656 -0.915264
vn 0.255508 0.179745 -0.949951
vn 0.382458 0.12656 -0.915264
vn 0.356855 0.155853 -0.921067
vn 0.91001 -0.155444 -0.384342
vn 0.45642 -0.795987 -0.397599
vn 0.553969 -0.814511 -0.172309
vn 0.907716 -0.003351 -0.419572
vn 0.91001 -0.155444 -0.384342
vn 0.922466 -0.114839 -0.368602
vn 0.553969 -0.814511 -0.172309
vn 0.662108 -0.748615 0.034481
vn 0.91001 -0.155444 -0.384342
vn 0.553969 -0.814511 -0.172309
vn -0.649578 -0.59932 0.467829
vn 0.394129 -0.891355 0.223941
vn 0.553969 -0.814511 -0.172309
vn 0.45642 -0.795987 -0.397599
vn -0.333143 -0.879059 0.340987
vn -0.689841 -0.431448 0.581353
vn -0.435123 0.726219 0.532235
vn -0.67261 0.52035 0.526149
vn -0.142576 0.953457 -0.265691
vn -0.447057 0.889573 -0.093813
vn 0.035561 0.991428 -0.125725
vn -0.551015 0.776124 0.306619
vn -0.435123 0.726219 0.532235
vn 0.035561 0.991428 -0.125725
vn 0.129238 0.99041 -0.048844
vn 0.035561 0.991428 -0.125725
vn -0.054633 0.946597 -0.317757
vn -0.67261 0.52035 0.526149
vn -0.853361 0.440132 0.279391
vn -0.689841 -0.431448 0.581353
vn -0.547175 -0.627517 0.553915
vn -0.649578 -0.59932 0.467829
vn -0.893097 0.018094 0.449499
vn -0.547175 -0.627517 0.553915
vn 0.394129 -0.891355 0.223941
vn -0.649578 -0.59932 0.467829
vn 0.024922 0.445163 -0.895103
vn -0.199865 0.203526 -0.958452
vn 0.570845 0.27992 -0.771868
vn 0.509787 0.131472 -0.850195
vn 0.570845 0.27992 -0.771868
vn -0.199865 0.203526 -0.958452
vn -0.199865 0.203526 -0.958452
vn -0.16403 0.109971 -0.980306
vn 0.509787 0.131472 -0.850195
vn 0.495089 0.089184 -0.864253
vn 0.509787 0.131472 -0.850195
vn -0.16403 0.109971 -0.980306
vn 0.858341 0.035271 -0.511865
vn 0.77569 0.623026 -0.100714
vn 0.829019 -0.249144 -0.500654
vn 0.858341 0.035271 -0.511865
vn 0.829019 -0.249144 -0.500654
vn 0.846301 0.080056 -0.526655
vn 0.829163 -0.501288 -0.247384
vn 0.846301 0.080056 -0.526655
vn 0.855415 0.066985 -0.513594
vn 0.575507 -0.651434 -0.494394
vn -0.228511 -0.973213 0.025279
vn 0.281659 -0.95355 0.10682
vn -0.038679 -0.979835 -0.196027
vn -0.156511 -0.93166 -0.327892
vn -0.228511 -0.973213 0.025279
vn -0.731489 0.392555 0.557516
vn -0.80774 -0.095288 0.581787
vn -0.797774 -0.046909 0.601129
vn 0.096094 0.982976 0.156601
vn 0.77569 0.623026 -0.100714
vn 0.176751 0.965661 0.190415
vn 0.176751 0.965661 0.190415
vn -0.202249 0.973663 -0.105238
vn 0.096094 0.982976 0.156601
vn -0.632908 0.772155 -0.056602
vn -0.378415 0.79712 0.470534
vn -0.202249 0.973663 -0.105238
vn -0.731489 0.392555 0.557516
vn -0.841758 0.484041 0.239055
vn -0.80774 -0.095288 0.581787
vn -0.777488 -0.179922 0.602612
vn -0.692959 -0.614697 0.376769
vn -0.928756 0.277798 0.24544
vn 0.472138 -0.839566 0.268727
vn 0.694231 -0.686392 -0.216586
vn 0.028296 -0.986601 -0.160678
vn 0.694231 -0.686392 -0.216586
vn 0.472138 -0.839566 0.268727
vn 0.910109 -0.414154 -0.013313
vn 0.878111 0.36842 0.305268
vn 0.910196 0.168078 0.37854
vn 0.884223 0.274235 0.37808
vn 0.875361 0.168979 0.452978
vn 0.884223 0.274235 0.37808
vn 0.910196 0.168078 0.37854
vn 0.167858 0.075064 -0.982949
vn 0.259163 0.093738 -0.961274
vn 0.235267 0.101542 -0.966612
vn -0.42159 -0.037468 -0.906012
vn 0.235267 0.101542 -0.966612
vn 0.259163 0.093738 -0.961274
vn -0.796561 -0.323488 -0.510731
vn -0.938805 -0.180567 -0.293327
vn -0.850811 -0.280632 0.44426
vn -0.773077 -0.184148 0.606994
vn -0.917271 -0.290713 0.272212
vn -0.709491 -0.113099 -0.69558
vn -0.850811 -0.280632 0.44426
vn -0.773077 -0.184148 0.606994
vn -0.415706 -0.139898 0.898675
vn -0.513089 -0.135297 0.847605
vn -0.415706 -0.139898 0.898675
vn -0.773077 -0.184148 0.606994
vn -0.076425 0.995615 0.053947
vn 0.241105 0.960905 0.136126
vn 0.280586 0.957467 0.067292
vn -0.186279 0.981937 0.033175
vn -0.003655 0.997718 0.067417
vn -0.076425 0.995615 0.053947
vn -0.882134 0.468303 0.050324
vn -0.689789 0.723979 0.006729
vn -0.076425 0.995615 0.053947
vn 0.417782 0.905663 0.072343
vn -0.003655 0.997718 0.067417
vn -0.513743 0.846991 -0.136652
vn -0.186279 0.981937 0.033175
vn -0.094359 0.995481 -0.010657
vn -0.003655 0.997718 0.067417
vn -0.962993 0.255486 -0.085856
vn -0.750271 -0.65919 -0.050617
vn -0.941823 0.208158 -0.263892
vn -0.976096 -0.171241 0.133838
vn -0.750271 -0.65919 -0.050617
vn -0.962993 0.255486 -0.085856
vn 0.18386 -0.976459 0.1128
vn -0.603072 -0.79645 -0.044396
vn -0.672147 -0.711522 0.204829
vn 0.928007 0.107997 -0.356565
vn 0.928007 0.107997 -0.356565
vn 0.977696 -0.024624 0.208576
vn -0.628038 -0.434098 -0.645854
vn -0.358961 -0.90994 -0.207739
vn -0.628038 -0.434098 -0.645854
vn 0.59883 -0.463889 0.652848
vn 0.79871 -0.372113 0.472858
vn 0.804597 -0.552966 0.216454
vn -0.358293 -0.921366 -0.150699
vn -0.922474 -0.283361 -0.262199
vn -0.603072 -0.79645 -0.044396
vn -0.358293 -0.921366 -0.150699
vn -0.24822 -0.967971 -0.037673
vn 0.076446 -0.996981 -0.013617
vn 0.18386 -0.976459 0.1128
vn 0.076446 -0.996981 -0.013617
vn -0.603072 -0.79645 -0.044396
vn 0.838457 0.523076 0.152911
vn 0.977696 -0.024624 0.208576
vn 0.778182 0.601971 0.179066
vn 0.874725 0.117353 0.470195
vn 0.963786 0.148328 0.221619
vn 0.804597 -0.552966 0.216454
vn -0.301796 0.738536 0.602896
vn -0.209849 0.875047 0.436183
vn -0.251966 0.812186 0.526182
vn 0.516426 0.701584 0.491003
vn -0.251966 0.812186 0.526182
vn -0.209849 0.875047 0.436183
vn -0.363673 0.606761 0.706812
vn -0.301796 0.738536 0.602896
vn -0.351146 0.622325 0.699577
vn -0.251966 0.812186 0.526182
vn -0.351146 0.622325 0.699577
vn -0.301796 0.738536 0.602896
vn 0.960305 0.025675 0.277769
vn 0.865356 -0.463717 -0.190067
vn 0.960621 0.02577 0.276664
vn 0.960305 0.025675 0.277769
vn 0.960126 0.090938 0.264363
vn 0.865356 -0.463717 -0.190067
vn 0.951512 0.145612 0.270964
vn 0.975246 -0.216014 -0.047252
vn 0.767417 0.471977 0.433945
vn -0.923546 -0.052329 -0.379899
vn -0.944515 0.004904 -0.328433
vn -0.941426 -0.012505 -0.336987
vn -0.951466 0.035203 -0.305734
vn -0.941426 -0.012505 -0.336987
vn -0.944515 0.004904 -0.328433
vn -0.944515 0.004904 -0.328433
vn -0.95171 0.032085 -0.305319
vn -0.951466 0.035203 -0.305734
vn -0.351146 0.622325 0.699577
vn -0.877641 0.37705 0.295939
vn -0.363673 0.606761 0.706812
vn 0.960621 0.02577 0.276664
vn 0.902494 -0.323155 -0.284739
vn 0.910755 -0.256406 -0.323699
vn 0.902494 -0.323155 -0.284739
vn 0.960621 0.02577 0.276664
vn 0.865356 -0.463717 -0.190067
vn 0.902494 -0.323155 -0.284739
vn 0.865356 -0.463717 -0.190067
vn 0.431752 -0.567019 -0.701484
vn 0.431752 -0.567019 -0.701484
vn 0.910755 -0.256406 -0.323699
vn 0.902494 -0.323155 -0.284739
vn 0.234834 -0.858821 -0.455279
vn 0.241613 -0.859429 -0.450561
vn 0.792554 -0.549126 -0.265178
vn 0.327788 -0.753618 -0.56975
vn 0.792554 -0.549126 -0.265178
vn 0.241613 -0.859429 -0.450561
vn 0.327788 -0.753618 -0.56975
vn 0.431752 -0.567019 -0.701484
vn 0.865356 -0.463717 -0.190067
vn -0.952736 0.028299 -0.302478
vn -0.951466 0.035203 -0.305734
vn -0.95171 0.032085 -0.305319
vn -0.952736 0.028299 -0.302478
vn -0.95171 0.032085 -0.305319
vn -0.877641 0.37705 0.295939
vn -0.295918 0.800205 0.521636
vn -0.159224 0.836054 0.525035
vn -0.293348 0.807711 0.51142
vn 0.109982 0.425781 -0.898117
vn -0.056001 0.424211 -0.90383
vn -0.075818 -0.125425 -0.989202
vn -0.065387 0.438515 -0.896342
vn -0.031429 0.134109 -0.990468
vn -0.056001 0.424211 -0.90383
vn -0.020774 -0.898495 -0.438493
vn 0.290149 -0.883458 -0.367854
vn 0.008743 -0.96796 0.250951
vn 0.208597 -0.862384 0.461283
vn 0.008743 -0.96796 0.250951
vn 0.290149 -0.883458 -0.367854
vn 0.008743 -0.96796 0.250951
vn 0.04944 -0.990172 0.130824
vn -0.048397 -0.498296 -0.865655
vn 0.177983 -0.608309 -0.773487
vn -0.034399 -0.71051 -0.702845
vn 0.04944 -0.990172 0.130824
vn 0.025124 0.431807 -0.901616
vn 0.294509 0.151323 -0.943592
vn 0.109982 0.425781 -0.898117
vn 0.117338 -0.659086 0.742857
vn -0.004466 -0.628083 0.778133
vn 0.208597 -0.862384 0.461283
vn 0.008743 -0.96796 0.250951
vn 0.208597 -0.862384 0.461283
vn -0.004466 -0.628083 0.778133
vn -0.004466 -0.628083 0.778133
vn -0.124306 -0.566348 0.814738
vn 0.008743 -0.96796 0.250951
vn 0.04944 -0.990172 0.130824
vn 0.008743 -0.96796 0.250951
vn -0.124306 -0.566348 0.814738
vn -0.124306 -0.566348 0.814738
vn 0.482248 -0.794131 0.369856
vn 0.04944 -0.990172 0.130824
vn 0.315512 -0.275962 -0.907908
vn 0.04944 -0.990172 0.130824
vn 0.482248 -0.794131 0.369856
vn 0.030411 0.096855 -0.994834
vn -0.103335 0.331284 -0.937855
vn 0.042662 0.380821 -0.923664
vn 0.114303 0.756752 -0.643631
vn 0.109982 0.425781 -0.898117
vn 0.294509 0.151323 -0.943592
vn -0.159224 0.836054 0.525035
vn -0.163591 0.854177 0.493579
vn -0.003101 0.868628 0.495456
vn -0.003101 0.868628 0.495456
vn -0.293348 0.807711 0.51142
vn -0.159224 0.836054 0.525035
vn 0.382015 -0.803436 -0.456678
vn 0.283335 0.033226 -0.958445
vn 0.203681 -0.637234 -0.743268
vn 0.17531 -0.0198 -0.984314
vn 0.203681 -0.637234 -0.743268
vn 0.283335 0.033226 -0.958445
vn 0.17531 -0.0198 -0.984314
vn -0.117842 -0.071254 -0.990473
vn 0.203681 -0.637234 -0.743268
vn -0.248413 -0.683565 -0.686316
vn 0.203681 -0.637234 -0.743268
vn -0.117842 -0.071254 -0.990473
vn -0.248413 -0.683565 -0.686316
vn -0.117842 -0.071254 -0.990473
vn -0.528976 -0.589543 -0.610428
vn -0.528976 -0.589543 -0.610428
vn -0.127342 -0.981681 0.141725
vn -0.248413 -0.683565 -0.686316
vn 0.630297 0.542414 0.555439
vn 0.347542 0.660312 0.665735
vn 0.171866 -0.030368 0.984652
vn -0.248413 -0.683565 -0.686316
vn -0.127342 -0.981681 0.141725
vn 0.203681 -0.637234 -0.743268
vn 0.382015 -0.803436 -0.456678
vn 0.397516 -0.907918 0.132912
vn 0.130949 -0.89597 -0.424371
vn 0.382015 -0.803436 -0.456678
vn 0.203681 -0.637234 -0.743268
vn 0.397516 -0.907918 0.132912
vn 0.153954 -0.95215 -0.264024
vn 0.324055 -0.923143 -0.20687
vn 0.203681 -0.637234 -0.743268
vn 0.153954 -0.95215 -0.264024
vn 0.203681 -0.637234 -0.743268
vn -0.116995 -0.976895 -0.178851
vn -0.156577 -0.216119 0.96373
vn 0.038586 -0.616876 0.786114
vn -0.093232 -0.107515 0.989822
vn 0.347542 0.660312 0.665735
vn -0.101469 0.603546 0.790845
vn 0.171866 -0.030368 0.984652
vn 0.347542 0.660312 0.665735
vn 0.189079 0.97215 0.138471
vn -0.051846 0.897468 0.438022
vn 0.630297 0.542414 0.555439
vn 0.189079 0.97215 0.138471
vn 0.347542 0.660312 0.665735
vn 0.480026 -0.5342 0.695849
vn -0.156577 -0.216119 0.96373
vn -0.16151 0.477934 0.86342
vn -0.093232 -0.107515 0.989822
vn 0.067334 -0.068191 0.995398
vn -0.156577 -0.216119 0.96373
vn -0.051846 0.897468 0.438022
vn -0.139764 0.987998 0.065771
vn -0.160511 0.90304 0.398441
vn -0.139764 0.987998 0.065771
vn -0.051846 0.897468 0.438022
vn 0.189079 0.97215 0.138471
vn -0.738497 0.075764 -0.669987
vn -0.636912 -0.126709 -0.760452
vn -0.408749 -0.432605 -0.803603
vn 0.130949 -0.89597 -0.424371
vn -0.1786 -0.654176 -0.734953
vn -0.636912 -0.126709 -0.760452
vn 0.130949 -0.89597 -0.424371
vn 0.449164 -0.89181 -0.054101
vn 0.084447 -0.798395 -0.596183
vn -0.355859 0.90484 0.233727
vn -0.109277 0.870387 0.480088
vn -0.330017 0.941563 0.067435
vn -0.163876 0.972928 -0.162957
vn -0.271467 0.962368 -0.012403
vn -0.139764 0.987998 0.065771
vn -0.163876 0.972928 -0.162957
vn -0.330017 0.941563 0.067435
vn -0.11459 0.977718 0.175886
vn -0.326145 0.915968 0.233734
vn -0.330017 0.941563 0.067435
vn -0.424309 0.88922 0.171023
vn -0.056994 0.542808 0.837921
vn 0.395601 0.515617 0.760026
vn 0.393584 0.028275 0.918854
vn 0.670891 0.037039 0.740631
vn 0.522472 -0.658331 0.541871
vn 0.635476 0.139751 0.759368
vn 0.22249 -0.826709 -0.516769
vn -0.1786 -0.654176 -0.734953
vn 0.324055 -0.923143 -0.20687
vn 0.752849 0.527306 0.393911
vn 0.642434 0.655698 0.39666
vn 0.493359 0.405535 0.769505
vn 0.069256 0.45578 0.887394
vn 0.493359 0.405535 0.769505
vn 0.642434 0.655698 0.39666
vn 0.642434 0.655698 0.39666
vn 0.361469 0.848419 0.386685
vn 0.069256 0.45578 0.887394
vn -0.116691 0.347316 0.930459
vn 0.069256 0.45578 0.887394
vn 0.361469 0.848419 0.386685
vn 0.150027 0.374747 0.914908
vn -0.116691 0.347316 0.930459
vn 0.361469 0.848419 0.386685
vn -0.34644 -0.189765 0.918678
vn -0.116691 0.347316 0.930459
vn 0.150027 0.374747 0.914908
vn -0.34644 -0.189765 0.918678
vn -0.446901 -0.071235 0.891743
vn -0.116691 0.347316 0.930459
vn 0.069256 0.45578 0.887394
vn -0.116691 0.347316 0.930459
vn -0.446901 -0.071235 0.891743
vn -0.446901 -0.071235 0.891743
vn -0.337492 -0.110911 0.934771
vn 0.069256 0.45578 0.887394
vn 0.493359 0.405535 0.769505
vn 0.069256 0.45578 0.887394
vn -0.337492 -0.110911 0.934771
vn -0.336833 -0.312793 -0.88809
vn 0.016516 -0.346252 -0.937996
vn 0.42686 0.168331 -0.888513
vn 0.489171 0.205521 -0.847628
vn 0.42686 0.168331 -0.888513
vn 0.016516 -0.346252 -0.937996
vn 0.016516 -0.346252 -0.937996
vn 0.084226 -0.181662 -0.979747
vn 0.489171 0.205521 -0.847628
vn 0.297439 0.353694 -0.886809
vn 0.489171 0.205521 -0.847628
vn 0.234576 0.008978 -0.972056
vn -0.622709 -0.463731 -0.630228
vn -0.540241 -0.593091 -0.596978
vn -0.336833 -0.312793 -0.88809
vn 0.016516 -0.346252 -0.937996
vn -0.336833 -0.312793 -0.88809
vn -0.540241 -0.593091 -0.596978
vn -0.540241 -0.593091 -0.596978
vn -0.362401 -0.77092 -0.523782
vn 0.016516 -0.346252 -0.937996
vn 0.084226 -0.181662 -0.979747
vn 0.016516 -0.346252 -0.937996
vn -0.362401 -0.77092 -0.523782
vn -0.256145 -0.211628 -0.943188
vn -0.072807 -0.322244 -0.943853
vn -0.362401 -0.77092 -0.523782
vn 0.297439 0.353694 -0.886809
vn 0.084226 -0.181662 -0.979747
vn -0.256145 -0.211628 -0.943188
vn -0.581888 0.676718 -0.451065
vn -0.649334 0.541394 -0.534095
vn -0.907224 0.416824 -0.05659
vn -0.632697 0.517108 -0.57645
vn -0.907224 0.416824 -0.05659
vn -0.649334 0.541394 -0.534095
vn -0.649334 0.541394 -0.534095
vn -0.675034 0.392884 -0.624477
vn -0.632697 0.517108 -0.57645
vn -0.663787 0.30608 -0.682423
vn -0.632697 0.517108 -0.57645
vn -0.675034 0.392884 -0.624477
vn -0.675034 0.392884 -0.624477
vn -0.684789 0.204215 -0.699543
vn -0.663787 0.30608 -0.682423
vn -0.638802 0.211201 -0.739814
vn -0.663787 0.30608 -0.682423
vn -0.684789 0.204215 -0.699543
vn -0.705855 -0.116884 0.698647
vn -0.561485 -0.003141 0.827481
vn -0.637552 -0.062658 0.767855
vn -0.568677 0.019089 0.82234
vn -0.637552 -0.062658 0.767855
vn -0.561485 -0.003141 0.827481
vn -0.561485 -0.003141 0.827481
vn -0.585374 0.030795 0.810178
vn -0.568677 0.019089 0.82234
vn -0.626575 0.050742 0.777708
vn -0.568677 0.019089 0.82234
vn -0.585374 0.030795 0.810178
vn -0.585374 0.030795 0.810178
vn -0.64279 0.040243 0.764985
vn -0.626575 0.050742 0.777708
vn 0.013473 -0.088614 0.995975
vn -0.626575 0.050742 0.777708
vn -0.64279 0.040243 0.764985
vn 0.732874 -0.395441 0.553644
vn 0.732857 -0.196357 0.651433
vn 0.965608 -0.247934 -0.07829
vn 0.965608 -0.247934 -0.07829
vn 0.915452 -0.367201 -0.164655
vn 0.732874 -0.395441 0.553644
vn 0.706907 -0.520465 0.478955
vn 0.732874 -0.395441 0.553644
vn 0.915452 -0.367201 -0.164655
vn 0.915452 -0.367201 -0.164655
vn 0.910109 -0.414154 -0.013313
vn 0.706907 -0.520465 0.478955
vn 0.66158 -0.606819 0.440549
vn 0.706907 -0.520465 0.478955
vn 0.910109 -0.414154 -0.013313
vn 0.66158 -0.606819 0.440549
vn 0.910109 -0.414154 -0.013313
vn 0.472138 -0.839566 0.268727
vn -0.637552 -0.062658 0.767855
vn -0.777488 -0.179922 0.602612
vn -0.931152 0.222886 0.288579
vn -0.904676 0.095631 0.415229
vn -0.931152 0.222886 0.288579
vn -0.777488 -0.179922 0.602612
vn -0.604383 0.62922 -0.488675
vn -0.778194 0.61894 0.106426
vn -0.581888 0.676718 -0.451065
vn -0.202249 0.973663 -0.105238
vn -0.581888 0.676718 -0.451065
vn -0.841758 0.484041 0.239055
vn 0.984993 -0.163693 0.054715
vn 0.725815 -0.289955 0.623794
vn 0.356753 -0.151649 0.921808
vn 0.829163 -0.501288 -0.247384
vn 0.910109 -0.414154 -0.013313
vn 0.813046 0.131708 -0.567106
vn 0.720853 0.026639 -0.692576
vn 0.813046 0.131708 -0.567106
vn 0.910109 -0.414154 -0.013313
vn 0.910109 -0.414154 -0.013313
vn 0.915452 -0.367201 -0.164655
vn 0.720853 0.026639 -0.692576
vn 0.666211 -0.062333 -0.743154
vn 0.720853 0.026639 -0.692576
vn 0.915452 -0.367201 -0.164655
vn 0.915452 -0.367201 -0.164655
vn 0.931376 -0.23753 -0.275897
vn 0.666211 -0.062333 -0.743154
vn 0.729205 -0.067282 -0.68098
vn 0.666211 -0.062333 -0.743154
vn 0.931376 -0.23753 -0.275897
vn 0.931376 -0.23753 -0.275897
vn 0.745425 -0.059309 -0.663945
vn 0.729205 -0.067282 -0.68098
vn 0.787533 -0.061916 -0.613154
vn 0.729205 -0.067282 -0.68098
vn 0.952391 -0.132132 -0.274758
vn -0.949161 0.015159 -0.314426
vn -0.942907 -0.006751 -0.332988
vn -0.789911 0.017106 -0.612983
vn -0.618734 -0.031656 -0.784963
vn -0.789911 0.017106 -0.612983
vn -0.942907 -0.006751 -0.332988
vn -0.942907 -0.006751 -0.332988
vn -0.958752 -0.043025 -0.280969
vn -0.618734 -0.031656 -0.784963
vn -0.752884 -0.007058 -0.658115
vn -0.618734 -0.031656 -0.784963
vn -0.958752 -0.043025 -0.280969
vn -0.958752 -0.043025 -0.280969
vn -0.96006 0.024181 -0.278749
vn -0.752884 -0.007058 -0.658115
vn 0.742289 0.039508 -0.668914
vn 0.321421 0.029302 -0.946483
vn 0.7361 0.041662 -0.675589
vn 0.338167 0.017343 -0.940926
vn 0.7361 0.041662 -0.675589
vn 0.321421 0.029302 -0.946483
vn 0.642716 0.055469 -0.764094
vn 0.7361 0.041662 -0.675589
vn 0.231268 0.018004 -0.972724
vn 0.338167 0.017343 -0.940926
vn 0.231268 0.018004 -0.972724
vn 0.7361 0.041662 -0.675589
vn 0.338167 0.017343 -0.940926
vn -0.618734 -0.031656 -0.784963
vn 0.231268 0.018004 -0.972724
vn 0.338167 0.017343 -0.940926
vn 0.321421 0.029302 -0.946483
vn -0.618734 -0.031656 -0.784963
vn -0.789911 0.017106 -0.612983
vn -0.618734 -0.031656 -0.784963
vn 0.321421 0.029302 -0.946483
vn 0.609851 0.054172 -0.790663
vn 0.642716 0.055469 -0.764094
vn 0.110572 0.054118 -0.992394
vn 0.231268 0.018004 -0.972724
vn 0.110572 0.054118 -0.992394
vn 0.642716 0.055469 -0.764094
vn 0.231268 0.018004 -0.972724
vn -0.752884 -0.007058 -0.658115
vn 0.110572 0.054118 -0.992394
vn -0.752884 -0.007058 -0.658115
vn 0.231268 0.018004 -0.972724
vn -0.618734 -0.031656 -0.784963
vn 0.609851 0.054172 -0.790663
vn 0.110572 0.054118 -0.992394
vn 0.683201 0.027477 -0.729713
vn -0.181643 0.073047 -0.980648
vn 0.683201 0.027477 -0.729713
vn 0.110572 0.054118 -0.992394
vn -0.181643 0.073047 -0.980648
vn 0.110572 0.054118 -0.992394
vn -0.807292 0.174617 -0.563727
vn -0.169484 0.398861 -0.901213
vn -0.181643 0.073047 -0.980648
vn -0.807292 0.174617 -0.563727
vn -0.169484 0.398861 -0.901213
vn -0.807292 0.174617 -0.563727
vn 0.024922 0.445163 -0.895103
vn -0.169484 0.398861 -0.901213
vn 0.024922 0.445163 -0.895103
vn 0.603492 0.410517 -0.683574
vn 0.570845 0.27992 -0.771868
vn 0.603492 0.410517 -0.683574
vn 0.024922 0.445163 -0.895103
vn -0.843991 0.041282 -0.534766
vn -0.807292 0.174617 -0.563727
vn 0.110572 0.054118 -0.992394
vn -0.843991 0.041282 -0.534766
vn 0.110572 0.054118 -0.992394
vn -0.752884 -0.007058 -0.658115
vn -0.856559 0.205495 -0.47337
vn 0.024922 0.445163 -0.895103
vn -0.807292 0.174617 -0.563727
vn 0.024922 0.445163 -0.895103
vn -0.856559 0.205495 -0.47337
vn -0.199865 0.203526 -0.958452
vn -0.843991 0.041282 -0.534766
vn -0.752884 -0.007058 -0.658115
vn -0.96006 0.024181 -0.278749
vn -0.96006 0.024181 -0.278749
vn -0.990434 0.052471 -0.127619
vn -0.843991 0.041282 -0.534766
vn -0.807292 0.174617 -0.563727
vn -0.843991 0.041282 -0.534766
vn -0.990434 0.052471 -0.127619
vn -0.990434 0.052471 -0.127619
vn -0.998319 0.029152 0.050084
vn -0.807292 0.174617 -0.563727
vn -0.856559 0.205495 -0.47337
vn -0.807292 0.174617 -0.563727
vn -0.998319 0.029152 0.050084
vn -0.856559 0.205495 -0.47337
vn -0.998319 0.029152 0.050084
vn -0.990029 0.0633 -0.125839
vn -0.990029 0.0633 -0.125839
vn -0.199865 0.203526 -0.958452
vn -0.856559 0.205495 -0.47337
vn -0.990029 0.0633 -0.125839
vn -0.920214 0.011824 -0.391237
vn -0.199865 0.203526 -0.958452
vn -0.16403 0.109971 -0.980306
vn -0.199865 0.203526 -0.958452
vn -0.920214 0.011824 -0.391237
vn -0.321208 0.247516 -0.91409
vn -0.16403 0.109971 -0.980306
vn -0.920214 0.011824 -0.391237
vn 0.784901 0.546734 -0.291568
vn 0.783936 0.418727 -0.45838
vn 0.730066 0.638228 0.24427
vn 0.730066 0.638228 0.24427
vn 0.82313 0.497133 0.274438
vn 0.841896 0.538512 -0.034877
vn 0.861381 0.431481 0.268043
vn 0.841896 0.538512 -0.034877
vn 0.82313 0.497133 0.274438
vn 0.577422 0.387783 -0.718477
vn 0.134996 0.189086 -0.972637
vn -0.023791 -0.042477 -0.998814
vn 0.784901 0.546734 -0.291568
vn 0.247714 0.121827 -0.961143
vn 0.783936 0.418727 -0.45838
vn -0.880132 -0.333004 0.338343
vn -0.701857 -0.434659 -0.56433
vn -0.844603 -0.404424 0.350837
vn -0.880132 -0.333004 0.338343
vn -0.844603 -0.404424 0.350837
vn -0.612918 0.118038 0.78128
vn -0.844603 -0.404424 0.350837
vn -0.862685 -0.399753 0.309793
vn -0.374178 -0.210254 0.903208
vn -0.844603 -0.404424 0.350837
vn -0.576283 -0.311802 -0.755432
vn -0.862685 -0.399753 0.309793
vn -0.369163 -0.102556 -0.923689
vn -0.862685 -0.399753 0.309793
vn -0.701857 -0.434659 -0.56433
vn -0.369163 -0.102556 -0.923689
vn -0.392359 -0.296274 -0.87079
vn 0.134996 0.189086 -0.972637
vn -0.365684 -0.150842 0.918434
vn -0.374178 -0.210254 0.903208
vn -0.862685 -0.399753 0.309793
vn 0.82313 0.497133 0.274438
vn 0.823491 0.495044 0.277119
vn 0.861381 0.431481 0.268043
vn 0.744564 0.613017 0.264263
vn 0.861381 0.431481 0.268043
vn 0.823491 0.495044 0.277119
vn 0.134996 0.189086 -0.972637
vn 0.183771 0.054168 -0.981475
vn -0.369163 -0.102556 -0.923689
vn -0.33649 -0.185539 -0.923228
vn -0.369163 -0.102556 -0.923689
vn 0.183771 0.054168 -0.981475
vn -0.369163 -0.102556 -0.923689
vn -0.451975 -0.32309 -0.831463
vn -0.862685 -0.399753 0.309793
vn -0.750407 -0.437005 0.495899
vn -0.862685 -0.399753 0.309793
vn -0.600788 -0.364001 -0.711728
vn -0.862685 -0.399753 0.309793
vn -0.750407 -0.437005 0.495899
vn -0.365684 -0.150842 0.918434
vn -0.366793 -0.063607 0.928125
vn -0.365684 -0.150842 0.918434
vn -0.750407 -0.437005 0.495899
vn 0.823491 0.495044 0.277119
vn 0.728166 0.636956 0.253101
vn 0.744564 0.613017 0.264263
vn 0.785819 0.552451 0.278004
vn 0.744564 0.613017 0.264263
vn 0.728166 0.636956 0.253101
vn 0.183771 0.054168 -0.981475
vn 0.195097 -0.044344 -0.979781
vn -0.276012 -0.292451 -0.915582
vn -0.287473 -0.314233 -0.904774
vn -0.451975 -0.32309 -0.831463
vn 0.195097 -0.044344 -0.979781
vn -0.572619 -0.41058 -0.7096
vn -0.529646 -0.537374 -0.656281
vn -0.750407 -0.437005 0.495899
vn -0.761605 -0.405805 0.505252
vn -0.750407 -0.437005 0.495899
vn -0.760524 -0.633219 -0.143657
vn -0.750407 -0.437005 0.495899
vn -0.761605 -0.405805 0.505252
vn -0.366793 -0.063607 0.928125
vn -0.344047 -0.109127 0.932589
vn -0.366793 -0.063607 0.928125
vn -0.761605 -0.405805 0.505252
vn 0.728166 0.636956 0.253101
vn 0.878111 0.36842 0.305268
vn 0.785819 0.552451 0.278004
vn 0.884223 0.274235 0.37808
vn 0.785819 0.552451 0.278004
vn 0.878111 0.36842 0.305268
vn 0.195097 -0.044344 -0.979781
vn 0.167858 0.075064 -0.982949
vn -0.287473 -0.314233 -0.904774
vn -0.079556 0.034883 -0.99622
vn 0.174002 0.014225 -0.984643
vn 0.167858 0.075064 -0.982949
vn -0.529646 -0.537374 -0.656281
vn -0.901149 -0.37974 -0.209113
vn -0.761605 -0.405805 0.505252
vn -0.850811 -0.280632 0.44426
vn -0.761605 -0.405805 0.505252
vn -0.901149 -0.37974 -0.209113
vn -0.761605 -0.405805 0.505252
vn -0.743668 -0.281194 0.606538
vn -0.344047 -0.109127 0.932589
vn -0.415706 -0.139898 0.898675
vn -0.344047 -0.109127 0.932589
vn -0.850811 -0.280632 0.44426
vn 0.010494 0.88909 -0.457612
vn 0.097831 0.946973 -0.306057
vn 0.91612 0.335902 -0.218846
vn -0.178841 0.862052 -0.474217
vn 0.91612 0.335902 -0.218846
vn 0.258961 0.707098 -0.657991
vn 0.996373 -0.02085 0.082502
vn 0.258961 0.707098 -0.657991
vn 0.91612 0.335902 -0.218846
vn 0.996373 -0.02085 0.082502
vn 0.905879 0.277684 -0.319804
vn 0.258961 0.707098 -0.657991
vn 0.949527 0.24144 -0.200261
vn 0.996373 -0.02085 0.082502
vn 0.592253 -0.379255 0.710917
vn 0.949527 0.24144 -0.200261
vn 0.592253 -0.379255 0.710917
vn 0.969759 -0.132641 0.204873
vn 0.606287 -0.204194 0.768584
vn 0.999786 -0.017383 -0.011235
vn 0.592253 -0.379255 0.710917
vn 0.999786 -0.017383 -0.011235
vn 0.606287 -0.204194 0.768584
vn 0.965259 -0.049663 -0.25653
vn 0.60938 -0.15989 0.776589
vn 0.965259 -0.049663 -0.25653
vn 0.606287 -0.204194 0.768584
vn 0.60938 -0.15989 0.776589
vn 0.606287 -0.204194 0.768584
vn -0.145072 -0.125876 0.981381
vn -0.419325 -0.220088 0.880754
vn -0.145072 -0.125876 0.981381
vn 0.606287 -0.204194 0.768584
vn 0.725098 0.672227 -0.149477
vn 0.996971 -0.070469 0.032895
vn 0.097831 0.946973 -0.306057
vn 0.996971 -0.070469 0.032895
vn 0.91612 0.335902 -0.218846
vn 0.097831 0.946973 -0.306057
vn 0.91612 0.335902 -0.218846
vn 0.956591 -0.264339 0.122713
vn 0.579357 -0.649139 0.492914
vn 0.91612 0.335902 -0.218846
vn 0.579357 -0.649139 0.492914
vn 0.996373 -0.02085 0.082502
vn 0.405197 -0.607865 0.682873
vn 0.996373 -0.02085 0.082502
vn 0.579357 -0.649139 0.492914
vn 0.405197 -0.607865 0.682873
vn 0.592253 -0.379255 0.710917
vn 0.996373 -0.02085 0.082502
vn 0.606287 -0.204194 0.768584
vn 0.592253 -0.379255 0.710917
vn -0.419325 -0.220088 0.880754
vn -0.456066 -0.491891 0.741652
vn -0.419325 -0.220088 0.880754
vn 0.592253 -0.379255 0.710917
vn 0.592253 -0.379255 0.710917
vn 0.405197 -0.607865 0.682873
vn -0.456066 -0.491891 0.741652
vn -0.349976 -0.645077 0.679259
vn -0.456066 -0.491891 0.741652
vn 0.405197 -0.607865 0.682873
vn 0.405197 -0.607865 0.682873
vn 0.579357 -0.649139 0.492914
vn -0.349976 -0.645077 0.679259
vn -0.099141 -0.822474 0.560097
vn -0.349976 -0.645077 0.679259
vn 0.579357 -0.649139 0.492914
vn 0.579357 -0.649139 0.492914
vn 0.721172 -0.638527 0.268691
vn -0.099141 -0.822474 0.560097
vn 0.830072 -0.508808 0.228242
vn 0.473072 -0.774934 0.419142
vn 0.956591 -0.264339 0.122713
vn 0.202189 -0.870469 0.448781
vn 0.956591 -0.264339 0.122713
vn 0.79208 -0.419942 0.443009
vn 0.195851 -0.81288 0.548514
vn -0.534098 -0.737207 0.413842
vn -0.268046 -0.82532 0.496989
vn -0.534098 -0.737207 0.413842
vn -0.567335 -0.685697 0.456016
vn -0.268046 -0.82532 0.496989
vn -0.290707 -0.760632 0.580456
vn -0.556925 -0.723302 0.408251
vn -0.567335 -0.685697 0.456016
vn -0.567335 -0.685697 0.456016
vn -0.606939 -0.561921 0.562023
vn -0.290707 -0.760632 0.580456
vn -0.349976 -0.645077 0.679259
vn -0.290707 -0.760632 0.580456
vn -0.606939 -0.561921 0.562023
vn -0.606939 -0.561921 0.562023
vn -0.727041 -0.428876 0.536168
vn -0.349976 -0.645077 0.679259
vn -0.456066 -0.491891 0.741652
vn -0.349976 -0.645077 0.679259
vn -0.727041 -0.428876 0.536168
vn -0.727041 -0.428876 0.536168
vn -0.991246 0.046702 -0.123493
vn -0.456066 -0.491891 0.741652
vn -0.419325 -0.220088 0.880754
vn -0.456066 -0.491891 0.741652
vn -0.96288 0.102542 -0.249693
vn -0.96288 0.102542 -0.249693
vn -0.981574 0.07976 0.173642
vn -0.419325 -0.220088 0.880754
vn -0.145072 -0.125876 0.981381
vn -0.419325 -0.220088 0.880754
vn -0.820594 0.001361 0.57151
vn -0.328289 0.175761 -0.928081
vn 0.213955 0.284582 -0.934471
vn 0.965259 -0.049663 -0.25653
vn -0.977658 0.138875 -0.157795
vn -0.96288 0.102542 -0.249693
vn -0.328289 0.175761 -0.928081
vn 0.213955 0.284582 -0.934471
vn -0.328289 0.175761 -0.928081
vn -0.96288 0.102542 -0.249693
vn 0.213955 0.284582 -0.934471
vn -0.96288 0.102542 -0.249693
vn -0.262219 0.54015 -0.799674
vn -0.593561 0.434568 -0.677374
vn -0.262219 0.54015 -0.799674
vn -0.903204 0.171141 -0.393616
vn -0.593561 0.434568 -0.677374
vn -0.657219 0.556474 -0.50833
vn -0.262219 0.54015 -0.799674
vn -0.561424 0.787384 -0.254616
vn 0.12518 0.919414 -0.372837
vn 0.097831 0.946973 -0.306057
vn -0.561424 0.787384 -0.254616
vn 0.097831 0.946973 -0.306057
vn -0.641388 0.730751 -0.233719
vn -0.178841 0.862052 -0.474217
vn -0.641388 0.730751 -0.233719
vn 0.097831 0.946973 -0.306057
vn -0.641388 0.730751 -0.233719
vn -0.420117 0.783506 -0.457844
vn -0.657219 0.556474 -0.50833
vn 0.258961 0.707098 -0.657991
vn -0.657219 0.556474 -0.50833
vn -0.178841 0.862052 -0.474217
vn 0.258961 0.707098 -0.657991
vn -0.262219 0.54015 -0.799674
vn -0.657219 0.556474 -0.50833
vn -0.262219 0.54015 -0.799674
vn 0.258961 0.707098 -0.657991
vn 0.905879 0.277684 -0.319804
vn -0.262219 0.54015 -0.799674
vn 0.905879 0.277684 -0.319804
vn 0.213955 0.284582 -0.934471
vn 0.978872 0.047472 -0.198886
vn 0.213955 0.284582 -0.934471
vn 0.630462 0.453392 -0.630042
vn 0.999786 -0.017383 -0.011235
vn 0.965259 -0.049663 -0.25653
vn 0.213955 0.284582 -0.934471
vn -0.535993 0.006488 0.844197
vn -0.605087 0.000774 0.796159
vn -0.152239 0.025783 0.988007
vn -0.162419 0.052792 0.985309
vn -0.152239 0.025783 0.988007
vn -0.605087 0.000774 0.796159
vn -0.605087 0.000774 0.796159
vn -0.730233 0.023268 0.682802
vn -0.162419 0.052792 0.985309
vn -0.280492 0.085566 0.956035
vn -0.162419 0.052792 0.985309
vn -0.730233 0.023268 0.682802
vn -0.730233 0.023268 0.682802
vn -0.759725 0.040237 0.648999
vn -0.280492 0.085566 0.956035
vn -0.095873 0.061126 0.993515
vn -0.280492 0.085566 0.956035
vn -0.759725 0.040237 0.648999
vn 0.77462 0.066915 0.628877
vn 0.666769 0.115816 0.73621
vn -0.095873 0.061126 0.993515
vn -0.280492 0.085566 0.956035
vn -0.095873 0.061126 0.993515
vn 0.666769 0.115816 0.73621
vn 0.666769 0.115816 0.73621
vn 0.74874 0.114927 0.652825
vn -0.280492 0.085566 0.956035
vn -0.162419 0.052792 0.985309
vn -0.280492 0.085566 0.956035
vn 0.74874 0.114927 0.652825
vn 0.74874 0.114927 0.652825
vn 0.726133 0.049952 0.685737
vn -0.162419 0.052792 0.985309
vn -0.152239 0.025783 0.988007
vn -0.162419 0.052792 0.985309
vn 0.726133 0.049952 0.685737
vn -0.050892 -0.258888 0.964566
vn -0.535993 0.006488 0.844197
vn -0.152239 0.025783 0.988007
vn -0.050892 -0.258888 0.964566
vn -0.152239 0.025783 0.988007
vn 0.860447 -0.066694 0.505156
vn 0.726133 0.049952 0.685737
vn 0.860447 -0.066694 0.505156
vn -0.152239 0.025783 0.988007
vn 0.726133 0.049952 0.685737
vn 0.980136 0.056137 0.190216
vn 0.860447 -0.066694 0.505156
vn 0.726133 0.049952 0.685737
vn 0.74874 0.114927 0.652825
vn 0.980136 0.056137 0.190216
vn 0.949298 0.124911 0.288497
vn 0.980136 0.056137 0.190216
vn 0.74874 0.114927 0.652825
vn 0.74874 0.114927 0.652825
vn 0.666769 0.115816 0.73621
vn 0.949298 0.124911 0.288497
vn 0.922139 0.094974 0.375019
vn 0.949298 0.124911 0.288497
vn 0.666769 0.115816 0.73621
vn 0.666769 0.115816 0.73621
vn 0.77462 0.066915 0.628877
vn 0.922139 0.094974 0.375019
vn 0.934638 0.057098 0.350987
vn 0.922139 0.094974 0.375019
vn 0.77462 0.066915 0.628877
vn 0.99041 0.05095 0.12842
vn 0.860447 -0.066694 0.505156
vn 0.980136 0.056137 0.190216
vn 0.995906 0.004585 0.090284
vn 0.860447 -0.066694 0.505156
vn 0.99041 0.05095 0.12842
vn 0.995906 0.004585 0.090284
vn 0.998063 -0.043894 0.044096
vn 0.860447 -0.066694 0.505156
vn 0.675907 -0.297138 0.674433
vn 0.860447 -0.066694 0.505156
vn 0.998063 -0.043894 0.044096
vn 0.998063 -0.043894 0.044096
vn 0.999633 -0.012288 -0.024161
vn 0.675907 -0.297138 0.674433
vn 0.873764 -0.103902 0.475122
vn 0.675907 -0.297138 0.674433
vn 0.999633 -0.012288 -0.024161
vn 0.999633 -0.012288 -0.024161
vn 0.989508 0.081282 -0.119442
vn 0.873764 -0.103902 0.475122
vn 0.971244 0.169387 0.167309
vn 0.873764 -0.103902 0.475122
vn 0.989508 0.081282 -0.119442
vn 0.163033 -0.380232 0.910409
vn 0.675907 -0.297138 0.674433
vn 0.097868 -0.171086 0.980383
vn 0.163033 -0.380232 0.910409
vn -0.050892 -0.258888 0.964566
vn 0.675907 -0.297138 0.674433
vn 0.860447 -0.066694 0.505156
vn 0.675907 -0.297138 0.674433
vn -0.050892 -0.258888 0.964566
vn -0.196863 -0.287619 0.937294
vn -0.164896 -0.273311 0.947687
vn -0.165291 -0.298636 0.939944
vn -0.085908 -0.254072 0.963363
vn -0.165291 -0.298636 0.939944
vn -0.164896 -0.273311 0.947687
vn -0.164896 -0.273311 0.947687
vn -0.042281 -0.178225 0.983081
vn -0.085908 -0.254072 0.963363
vn 0.049937 -0.14079 0.988779
vn -0.085908 -0.254072 0.963363
vn -0.042281 -0.178225 0.983081
vn -0.042281 -0.178225 0.983081
vn 0.097868 -0.171086 0.980383
vn 0.049937 -0.14079 0.988779
vn 0.873764 -0.103902 0.475122
vn 0.367224 -0.138253 0.9198
vn 0.097868 -0.171086 0.980383
vn 0.873764 -0.103902 0.475122
vn 0.097868 -0.171086 0.980383
vn 0.675907 -0.297138 0.674433
vn 0.942002 0.310011 -0.12855
vn 0.963666 0.212521 -0.161809
vn 0.989508 0.081282 -0.119442
vn 0.963666 0.212521 -0.161809
vn 0.942002 0.310011 -0.12855
vn 0.965065 0.214073 -0.151072
vn 0.991748 0.030638 -0.124489
vn 0.965065 0.214073 -0.151072
vn 0.942002 0.310011 -0.12855
vn 0.965065 0.214073 -0.151072
vn 0.991748 0.030638 -0.124489
vn 0.988786 -0.082503 -0.124484
vn 0.998612 -0.006213 -0.052297
vn 0.988786 -0.082503 -0.124484
vn 0.991748 0.030638 -0.124489
vn 0.993199 0.060967 -0.099193
vn 0.988786 -0.082503 -0.124484
vn 0.998612 -0.006213 -0.052297
vn 0.998612 -0.006213 -0.052297
vn 0.998023 0.002395 -0.062805
vn 0.993199 0.060967 -0.099193
vn 0.983814 -0.15777 0.084962
vn 0.993199 0.060967 -0.099193
vn 0.998023 0.002395 -0.062805
vn 0.97025 -0.213069 0.114962
vn 0.983814 -0.15777 0.084962
vn 0.998023 0.002395 -0.062805
vn 0.97025 -0.213069 0.114962
vn 0.957893 0.088515 0.27314
vn 0.983814 -0.15777 0.084962
vn 0.895278 0.017517 0.445164
vn 0.919634 -0.223612 0.322909
vn 0.957893 0.088515 0.27314
vn -0.043374 0.438332 0.897766
vn -0.180401 0.397811 0.899556
vn -0.196708 0.183662 0.963107
vn -0.339886 -0.063406 0.938327
vn -0.196708 0.183662 0.963107
vn -0.180401 0.397811 0.899556
vn -0.196708 0.183662 0.963107
vn -0.018515 -0.135141 0.990653
vn -0.285963 -0.331117 0.899214
vn -0.461616 -0.351978 0.814262
vn -0.285963 -0.331117 0.899214
vn -0.339886 -0.063406 0.938327
vn -0.461616 -0.351978 0.814262
vn -0.184588 -0.329225 0.926034
vn -0.285963 -0.331117 0.899214
vn 0.895278 0.017517 0.445164
vn 0.957893 0.088515 0.27314
vn 0.711973 0.131513 0.689782
vn 0.928944 0.369332 0.025642
vn 0.9177 0.34448 0.19789
vn 0.957893 0.088515 0.27314
vn -0.037435 -0.260316 0.964798
vn -0.285963 -0.331117 0.899214
vn 0.083257 -0.210257 0.974095
vn -0.076508 -0.195554 0.977704
vn -0.037435 -0.260316 0.964798
vn 0.083257 -0.210257 0.974095
vn 0.746296 0.364372 -0.557024
vn 0.9177 0.34448 0.19789
vn 0.928944 0.369332 0.025642
vn 0.746296 0.364372 -0.557024
vn 0.224011 0.388795 -0.893676
vn 0.082656 0.352552 -0.932135
vn 0.224011 0.388795 -0.893676
vn 0.481691 0.455684 -0.748549
vn 0.082656 0.352552 -0.932135
vn 0.384632 0.448323 -0.806886
vn 0.372545 0.475233 -0.797097
vn 0.481691 0.455684 -0.748549
vn 0.481691 0.455684 -0.748549
vn 0.230816 0.341995 -0.910914
vn 0.384632 0.448323 -0.806886
vn -0.74153 -0.085696 -0.665424
vn -0.543167 0.246817 -0.802528
vn 0.230816 0.341995 -0.910914
vn -0.484303 0.161604 -0.859846
vn -0.840257 0.050066 -0.539872
vn -0.885829 -0.179182 -0.42802
vn -0.982738 0.007878 -0.184836
vn -0.930572 -0.165264 -0.326685
vn -0.885829 -0.179182 -0.42802
vn -0.995167 0.072177 0.066582
vn -0.999348 -0.010956 0.034413
vn -0.88078 -0.008215 -0.473454
vn -0.98816 0.117658 -0.098473
vn -0.88078 -0.008215 -0.473454
vn -0.999348 -0.010956 0.034413
vn -0.88078 -0.008215 -0.473454
vn -0.98816 0.117658 -0.098473
vn -0.840257 0.050066 -0.539872
vn -0.87967 0.00883 -0.475503
vn -0.840257 0.050066 -0.539872
vn -0.98816 0.117658 -0.098473
vn -0.87967 0.00883 -0.475503
vn -0.885829 -0.179182 -0.42802
vn -0.840257 0.050066 -0.539872
vn -0.980606 0.011768 0.195638
vn -0.990029 0.0633 -0.125839
vn -0.998319 0.029152 0.050084
vn -0.980606 0.011768 0.195638
vn -0.971368 -0.105339 0.21295
vn -0.990029 0.0633 -0.125839
vn -0.999348 -0.010956 0.034413
vn -0.995167 0.072177 0.066582
vn -0.993255 0.110582 0.034872
vn -0.993255 0.110582 0.034872
vn -0.995167 0.072177 0.066582
vn -0.997148 0.013757 0.074213
vn -0.995346 -0.074724 -0.060851
vn -0.997148 0.013757 0.074213
vn -0.995167 0.072177 0.066582
vn -0.997148 0.013757 0.074213
vn -0.995346 -0.074724 -0.060851
vn -0.971368 -0.105339 0.21295
vn -0.920214 0.011824 -0.391237
vn -0.971368 -0.105339 0.21295
vn -0.995346 -0.074724 -0.060851
vn -0.920214 0.011824 -0.391237
vn -0.990029 0.0633 -0.125839
vn -0.971368 -0.105339 0.21295
vn -0.165128 -0.442702 -0.881333
vn 0.1126 -0.158369 -0.980938
vn -0.74153 -0.085696 -0.665424
vn 0.188941 0.114721 -0.975264
vn 0.007637 -0.151087 -0.988491
vn 0.1126 -0.158369 -0.980938
vn 0.1126 -0.158369 -0.980938
vn 0.163319 0.347492 -0.92335
vn 0.188941 0.114721 -0.975264
vn -0.241992 0.262642 -0.934055
vn 0.188941 0.114721 -0.975264
vn 0.163319 0.347492 -0.92335
vn 0.163319 0.347492 -0.92335
vn -0.321208 0.247516 -0.91409
vn -0.241992 0.262642 -0.934055
vn -0.920214 0.011824 -0.391237
vn -0.856927 0.100978 -0.50545
vn -0.321208 0.247516 -0.91409

# geoset_01, 1576 grouped triangles

usemtl bark.jpg
o geoset_01
g geoset_01

f 2/1/1 3/2/2 1/3/3
f 5/4/4 6/5/5 4/6/6
f 5/7/7 7/8/8 6/9/9
f 6/10/10 7/11/11 8/12/12
f 6/13/13 8/14/14 4/15/15
f 10/16/16 11/17/17 9/18/18
f 13/19/19 14/20/20 12/21/21
f 16/22/22 17/23/23 15/24/24
f 19/25/25 20/26/26 18/27/27
f 19/28/28 18/29/29 21/30/30
f 19/31/31 21/32/32 22/33/33
f 20/34/34 19/35/35 22/36/36
f 24/37/37 25/38/38 23/39/39
f 27/40/40 28/41/41 26/42/42
f 30/43/43 31/44/44 29/45/45
f 33/46/46 34/47/47 32/48/48
f 36/49/49 34/50/50 35/51/51
f 38/52/52 39/53/53 37/54/54
f 40/55/55 37/56/56 39/57/57
f 42/58/58 43/59/59 41/60/60
f 44/61/61 41/62/62 43/63/63
f 46/64/64 47/65/65 45/66/66
f 46/67/67 45/68/68 48/69/69
f 46/70/70 48/71/71 49/72/72
f 47/73/73 46/74/74 49/75/75
f 51/76/76 52/77/77 50/78/78
f 53/79/79 50/80/80 52/81/81
f 52/82/82 54/83/83 53/84/84
f 56/85/85 57/86/86 55/87/87
f 58/88/88 55/89/89 57/90/90
f 57/91/91 59/92/92 58/93/93
f 61/94/94 62/95/95 60/96/96
f 63/97/97 60/98/98 62/99/99
f 62/100/100 64/101/101 63/102/102
f 66/103/103 67/104/104 65/105/105
f 68/106/106 65/107/107 67/108/108
f 67/109/109 69/110/110 68/111/111
f 71/112/112 72/113/113 70/114/114
f 73/115/115 70/116/116 72/117/117
f 72/118/118 69/119/119 73/120/120
f 75/121/121 76/122/122 74/123/123
f 78/124/124 79/125/125 77/126/126
f 81/127/127 82/128/128 80/129/129
f 84/130/130 85/131/131 83/132/132
f 87/133/133 88/134/134 86/135/135
f 89/136/136 86/137/137 88/138/138
f 88/139/139 90/140/140 89/141/141
f 91/142/142 89/143/143 90/144/144
f 93/145/145 94/146/146 92/147/147
f 93/148/148 92/149/149 95/150/150
f 93/151/151 95/152/152 96/153/153
f 94/154/154 93/155/155 96/156/156
f 98/157/157 99/158/158 97/159/159
f 100/160/160 97/161/161 99/162/162
f 99/163/163 101/164/164 100/165/165
f 103/166/166 104/167/167 102/168/168
f 105/169/169 102/170/170 104/171/171
f 104/172/172 106/173/173 105/174/174
f 108/175/175 109/176/176 107/177/177
f 110/178/178 107/179/179 109/180/180
f 109/181/181 111/182/182 110/183/183
f 113/184/184 114/185/185 112/186/186
f 115/187/187 112/188/188 114/189/189
f 114/190/190 116/191/191 115/192/192
f 118/193/193 119/194/194 117/195/195
f 120/196/196 117/197/197 119/198/198
f 119/199/199 116/200/200 120/201/201
f 122/202/202 123/203/203 121/204/204
f 124/205/205 121/206/206 123/207/207
f 126/208/208 127/209/209 125/210/210
f 128/211/211 125/212/212 127/213/213
f 130/214/214 131/215/215 129/216/216
f 132/217/217 129/218/218 131/219/219
f 134/220/220 135/221/221 133/222/222
f 136/223/223 133/224/224 135/225/225
f 138/226/226 139/227/227 137/228/228
f 140/229/229 137/230/230 139/231/231
f 142/232/232 143/233/233 141/234/234
f 142/235/235 141/236/236 144/237/237
f 142/238/238 144/239/239 145/240/240
f 143/241/241 142/242/242 145/243/243
f 147/244/244 148/245/245 146/246/246
f 147/247/247 146/248/248 149/249/249
f 147/250/250 149/251/251 150/252/252
f 148/253/253 147/254/254 150/255/255
f 152/256/256 153/257/257 151/258/258
f 155/259/259 156/260/260 154/261/261
f 158/262/262 159/263/263 157/264/264
f 161/265/265 162/266/266 160/267/267
f 164/268/268 165/269/269 163/270/270
f 167/271/271 168/272/272 166/273/273
f 170/274/274 171/275/275 169/276/276
f 173/277/277 174/278/278 172/279/279
f 176/280/280 177/281/281 175/282/282
f 179/283/283 180/284/284 178/285/285
f 182/286/286 180/287/287 181/288/288
f 184/289/289 185/290/290 183/291/291
f 187/292/292 188/293/293 186/294/294
f 190/295/295 191/296/296 189/297/297
f 193/298/298 194/299/299 192/300/300
f 196/301/301 197/302/302 195/303/303
f 198/304/304 195/305/305 197/306/306
f 197/307/307 199/308/308 198/309/309
f 200/310/310 198/311/311 199/312/312
f 202/313/313 203/314/314 201/315/315
f 204/316/316 201/317/317 203/318/318
f 206/319/319 207/320/320 205/321/321
f 208/322/322 205/323/323 207/324/324
f 210/325/325 211/326/326 209/327/327
f 212/328/328 209/329/329 211/330/330
f 214/331/331 215/332/332 213/333/333
f 217/334/334 218/335/335 216/336/336
f 216/337/337 218/338/338 219/339/339
f 216/340/340 219/341/341 220/342/342
f 217/343/343 216/344/344 220/345/345
f 222/346/346 223/347/347 221/348/348
f 221/349/349 223/350/350 224/351/351
f 221/352/352 224/353/353 225/354/354
f 222/355/355 221/356/356 225/357/357
f 227/358/358 228/359/359 226/360/360
f 229/361/361 228/362/362 227/363/363
f 229/364/364 227/365/365 230/366/366
f 230/367/367 227/368/368 226/369/369
f 232/370/370 233/371/371 231/372/372
f 234/373/373 233/374/374 232/375/375
f 234/376/376 232/377/377 235/378/378
f 235/379/379 232/380/380 231/381/381
f 237/382/382 238/383/383 236/384/384
f 240/385/385 241/386/386 239/387/387
f 240/388/388 239/389/389 242/390/390
f 242/391/391 239/392/392 243/393/393
f 245/394/394 246/395/395 244/396/396
f 247/397/397 244/398/398 246/399/399
f 244/400/400 247/401/401 248/402/402
f 244/403/403 248/404/404 249/405/405
f 249/406/406 245/407/407 244/408/408
f 251/409/409 252/410/410 250/411/411
f 251/412/412 250/413/413 253/414/414
f 250/415/415 254/416/416 253/417/417
f 250/418/418 247/419/419 254/420/420
f 247/421/421 250/422/422 252/423/423
f 248/424/424 247/425/425 252/426/426
f 248/427/427 252/428/428 255/429/429
f 256/430/430 248/431/431 255/432/432
f 256/433/433 255/434/434 257/435/435
f 256/436/436 257/437/437 243/438/438
f 259/439/439 260/440/440 258/441/441
f 262/442/442 263/443/443 261/444/444
f 261/445/445 263/446/446 264/447/447
f 261/448/448 264/449/449 265/450/450
f 262/451/451 261/452/452 265/453/453
f 267/454/454 268/455/455 266/456/456
f 268/457/457 269/458/458 266/459/459
f 270/460/460 269/461/461 268/462/462
f 267/463/463 270/464/464 268/465/465
f 267/466/466 271/467/467 270/468/468
f 271/469/469 272/470/470 270/471/471
f 270/472/472 272/473/473 269/474/474
f 274/475/475 275/476/476 273/477/477
f 276/478/478 273/479/479 275/480/480
f 277/481/481 274/482/482 273/483/483
f 273/484/484 271/485/485 277/486/486
f 273/487/487 276/488/488 271/489/489
f 271/490/490 276/491/491 272/492/492
f 276/493/493 278/494/494 272/495/495
f 279/496/496 272/497/497 278/498/498
f 278/499/499 276/500/500 280/501/501
f 278/502/502 280/503/503 281/504/504
f 279/505/505 278/506/506 281/507/507
f 283/508/508 284/509/509 282/510/510
f 286/511/511 287/512/512 285/513/513
f 289/514/514 290/515/515 288/516/516
f 292/517/517 293/518/518 291/519/519
f 292/520/520 291/521/521 294/522/522
f 294/523/523 291/524/524 295/525/525
f 297/526/526 298/527/527 296/528/528
f 299/529/529 296/530/530 298/531/531
f 296/532/532 299/533/533 300/534/534
f 296/535/535 300/536/536 301/537/537
f 301/538/538 297/539/539 296/540/540
f 303/541/541 304/542/542 302/543/543
f 303/544/544 302/545/545 305/546/546
f 302/547/547 306/548/548 305/549/549
f 302/550/550 299/551/551 306/552/552
f 299/553/553 302/554/554 304/555/555
f 300/556/556 299/557/557 304/558/558
f 300/559/559 304/560/560 307/561/561
f 308/562/562 300/563/563 307/564/564
f 308/565/565 307/566/566 309/567/567
f 308/568/568 309/569/569 295/570/570
f 311/571/571 312/572/572 310/573/573
f 314/574/574 315/575/575 313/576/576
f 313/577/577 315/578/578 316/579/579
f 313/580/580 316/581/581 317/582/582
f 314/583/583 313/584/584 317/585/585
f 319/586/586 320/587/587 318/588/588
f 319/589/589 321/590/590 320/591/591
f 320/592/592 321/593/593 322/594/594
f 320/595/595 322/596/596 318/597/597
f 324/598/598 325/599/599 323/600/600
f 327/601/601 328/602/602 326/603/603
f 330/604/604 331/605/605 329/606/606
f 333/607/607 334/608/608 332/609/609
f 336/610/610 337/611/611 335/612/612
f 336/613/613 335/614/614 338/615/615
f 338/616/616 335/617/617 339/618/618
f 341/619/619 342/620/620 340/621/621
f 343/622/622 340/623/623 342/624/624
f 340/625/625 343/626/626 344/627/627
f 340/628/628 344/629/629 345/630/630
f 345/631/631 341/632/632 340/633/633
f 347/634/634 348/635/635 346/636/636
f 347/637/637 346/638/638 349/639/639
f 346/640/640 350/641/641 349/642/642
f 346/643/643 343/644/644 350/645/645
f 343/646/646 346/647/647 348/648/648
f 344/649/649 343/650/650 348/651/651
f 344/652/652 348/653/653 351/654/654
f 352/655/655 344/656/656 351/657/657
f 352/658/658 351/659/659 353/660/660
f 352/661/661 353/662/662 339/663/663
f 355/664/664 356/665/665 354/666/666
f 355/667/667 357/668/668 356/669/669
f 356/670/670 357/671/671 358/672/672
f 356/673/673 358/674/674 354/675/675
f 360/676/676 361/677/677 359/678/678
f 363/679/679 364/680/680 362/681/681
f 366/682/682 367/683/683 365/684/684
f 366/685/685 365/686/686 368/687/687
f 368/688/688 365/689/689 369/690/690
f 371/691/691 372/692/692 370/693/693
f 373/694/694 370/695/695 372/696/696
f 370/697/697 373/698/698 374/699/699
f 370/700/700 374/701/701 375/702/702
f 375/703/703 371/704/704 370/705/705
f 377/706/706 378/707/707 376/708/708
f 377/709/709 376/710/710 379/711/711
f 376/712/712 380/713/713 379/714/714
f 376/715/715 373/716/716 380/717/717
f 373/718/718 376/719/719 378/720/720
f 374/721/721 373/722/722 378/723/723
f 374/724/724 378/725/725 381/726/726
f 382/727/727 374/728/728 381/729/729
f 382/730/730 381/731/731 383/732/732
f 382/733/733 383/734/734 369/735/735
f 385/736/736 386/737/737 384/738/738
f 384/739/739 386/740/740 387/741/741
f 384/742/742 387/743/743 388/744/744
f 385/745/745 384/746/746 388/747/747
f 390/748/748 391/749/749 389/750/750
f 389/751/751 391/752/752 392/753/753
f 389/754/754 392/755/755 393/756/756
f 390/757/757 389/758/758 393/759/759
f 395/760/760 396/761/761 394/762/762
f 395/763/763 397/764/764 396/765/765
f 396/766/766 397/767/767 398/768/768
f 396/769/769 398/770/770 394/771/771
f 400/772/772 401/773/773 399/774/774
f 403/775/775 404/776/776 402/777/777
f 406/778/778 407/779/779 405/780/780
f 409/781/781 410/782/782 408/783/783
f 409/784/784 411/785/785 410/786/786
f 410/787/787 411/788/788 412/789/789
f 410/790/790 412/791/791 408/792/792
f 414/793/793 415/794/794 413/795/795
f 417/796/796 418/797/797 416/798/798
f 417/799/799 419/800/800 418/801/801
f 418/802/802 419/803/803 420/804/804
f 418/805/805 420/806/806 416/807/807
f 422/808/808 423/809/809 421/810/810
f 425/811/811 426/812/812 424/813/813
f 428/814/814 429/815/815 427/816/816
f 431/817/817 432/818/818 430/819/819
f 431/820/820 430/821/821 433/822/822
f 433/823/823 430/824/824 434/825/825
f 436/826/826 437/827/827 435/828/828
f 438/829/829 435/830/830 437/831/831
f 435/832/832 438/833/833 439/834/834
f 435/835/835 439/836/836 440/837/837
f 440/838/838 436/839/839 435/840/840
f 442/841/841 443/842/842 441/843/843
f 442/844/844 441/845/845 444/846/846
f 441/847/847 445/848/848 444/849/849
f 441/850/850 438/851/851 445/852/852
f 438/853/853 441/854/854 443/855/855
f 439/856/856 438/857/857 443/858/858
f 439/859/859 443/860/860 446/861/861
f 447/862/862 439/863/863 446/864/864
f 447/865/865 446/866/866 448/867/867
f 447/868/868 448/869/869 434/870/870
f 450/871/871 451/872/872 449/873/873
f 453/874/874 454/875/875 452/876/876
f 453/877/877 455/878/878 454/879/879
f 454/880/880 455/881/881 456/882/882
f 454/883/883 456/884/884 452/885/885
f 458/886/886 459/887/887 457/888/888
f 458/889/889 460/890/890 459/891/891
f 459/892/892 460/893/893 461/894/894
f 459/895/895 461/896/896 457/897/897
f 463/898/898 464/899/899 462/900/900
f 466/901/901 467/902/902 465/903/903
f 469/904/904 470/905/905 468/906/906
f 468/907/907 470/908/908 471/909/909
f 468/910/910 471/911/911 472/912/912
f 469/913/913 468/914/914 472/915/915
f 474/916/916 475/917/917 473/918/918
f 477/919/919 478/920/920 476/921/921
f 477/922/922 479/923/923 478/924/924
f 478/925/925 479/926/926 480/927/927
f 478/928/928 480/929/929 476/930/930
f 482/931/931 483/932/932 481/933/933
f 485/934/934 486/935/935 484/936/936
f 484/937/937 486/938/938 487/939/939
f 484/940/940 487/941/941 488/942/942
f 485/943/943 484/944/944 488/945/945
f 490/946/946 491/947/947 489/948/948
f 493/949/949 494/950/950 492/951/951
f 496/952/952 497/953/953 495/954/954
f 499/955/955 500/956/956 498/957/957
f 498/958/958 500/959/959 501/960/960
f 498/961/961 501/962/962 502/963/963
f 499/964/964 498/965/965 502/966/966
f 504/967/967 505/968/968 503/969/969
f 503/970/970 505/971/971 506/972/972
f 503/973/973 506/974/974 507/975/975
f 504/976/976 503/977/977 507/978/978
f 509/979/979 510/980/980 508/981/981
f 509/982/982 508/983/983 511/984/984
f 511/985/985 508/986/986 512/987/987
f 514/988/988 515/989/989 513/990/990
f 516/991/991 513/992/992 515/993/993
f 513/994/994 516/995/995 517/996/996
f 513/997/997 517/998/998 518/999/999
f 518/1000/1000 514/1001/1001 513/1002/1002
f 520/1003/1003 521/1004/1004 519/1005/1005
f 520/1006/1006 519/1007/1007 522/1008/1008
f 519/1009/1009 523/1010/1010 522/1011/1011
f 519/1012/1012 516/1013/1013 523/1014/1014
f 516/1015/1015 519/1016/1016 521/1017/1017
f 517/1018/1018 516/1019/1019 521/1020/1020
f 517/1021/1021 521/1022/1022 524/1023/1023
f 525/1024/1024 517/1025/1025 524/1026/1026
f 525/1027/1027 524/1028/1028 526/1029/1029
f 525/1030/1030 526/1031/1031 512/1032/1032
f 528/1033/1033 529/1034/1034 527/1035/1035
f 531/1036/1036 532/1037/1037 530/1038/1038
f 530/1039/1039 532/1040/1040 533/1041/1041
f 530/1042/1042 533/1043/1043 534/1044/1044
f 531/1045/1045 530/1046/1046 534/1047/1047
f 536/1048/1048 537/1049/1049 535/1050/1050
f 536/1051/1051 538/1052/1052 537/1053/1053
f 537/1054/1054 538/1055/1055 539/1056/1056
f 537/1057/1057 539/1058/1058 535/1059/1059
f 541/1060/1060 542/1061/1061 540/1062/1062
f 540/1063/1063 542/1064/1064 543/1065/1065
f 540/1066/1066 543/1067/1067 544/1068/1068
f 541/1069/1069 540/1070/1070 544/1071/1071
f 546/1072/1072 547/1073/1073 545/1074/1074
f 549/1075/1075 550/1076/1076 548/1077/1077
f 548/1078/1078 550/1079/1079 551/1080/1080
f 548/1081/1081 551/1082/1082 552/1083/1083
f 549/1084/1084 548/1085/1085 552/1086/1086
f 554/1087/1087 555/1088/1088 553/1089/1089
f 554/1090/1090 556/1091/1091 555/1092/1092
f 555/1093/1093 556/1094/1094 557/1095/1095
f 555/1096/1096 557/1097/1097 553/1098/1098
f 559/1099/1099 560/1100/1100 558/1101/1101
f 562/1102/1102 563/1103/1103 561/1104/1104
f 565/1105/1105 566/1106/1106 564/1107/1107
f 568/1108/1108 569/1109/1109 567/1110/1110
f 571/1111/1111 572/1112/1112 570/1113/1113
f 574/1114/1114 575/1115/1115 573/1116/1116
f 574/1117/1117 576/1118/1118 575/1119/1119
f 575/1120/1120 576/1121/1121 577/1122/1122
f 575/1123/1123 577/1124/1124 573/1125/1125
f 579/1126/1126 580/1127/1127 578/1128/1128
f 579/1129/1129 578/1130/1130 581/1131/1131
f 581/1132/1132 578/1133/1133 582/1134/1134
f 584/1135/1135 585/1136/1136 583/1137/1137
f 586/1138/1138 583/1139/1139 585/1140/1140
f 583/1141/1141 586/1142/1142 587/1143/1143
f 583/1144/1144 587/1145/1145 588/1146/1146
f 588/1147/1147 584/1148/1148 583/1149/1149
f 590/1150/1150 591/1151/1151 589/1152/1152
f 590/1153/1153 589/1154/1154 592/1155/1155
f 589/1156/1156 593/1157/1157 592/1158/1158
f 589/1159/1159 586/1160/1160 593/1161/1161
f 586/1162/1162 589/1163/1163 591/1164/1164
f 587/1165/1165 586/1166/1166 591/1167/1167
f 587/1168/1168 591/1169/1169 594/1170/1170
f 595/1171/1171 587/1172/1172 594/1173/1173
f 595/1174/1174 594/1175/1175 596/1176/1176
f 595/1177/1177 596/1178/1178 582/1179/1179
f 598/1180/1180 599/1181/1181 597/1182/1182
f 601/1183/1183 602/1184/1184 600/1185/1185
f 604/1186/1186 605/1187/1187 603/1188/1188
f 604/1189/1189 606/1190/1190 605/1191/1191
f 605/1192/1192 606/1193/1193 607/1194/1194
f 605/1195/1195 607/1196/1196 603/1197/1197
f 609/1198/1198 610/1199/1199 608/1200/1200
f 608/1201/1201 610/1202/1202 611/1203/1203
f 608/1204/1204 611/1205/1205 612/1206/1206
f 609/1207/1207 608/1208/1208 612/1209/1209
f 614/1210/1210 615/1211/1211 613/1212/1212
f 617/1213/1213 618/1214/1214 616/1215/1215
f 620/1216/1216 621/1217/1217 619/1218/1218
f 623/1219/1219 624/1220/1220 622/1221/1221
f 626/1222/1222 627/1223/1223 625/1224/1224
f 626/1225/1225 628/1226/1226 627/1227/1227
f 627/1228/1228 628/1229/1229 629/1230/1230
f 627/1231/1231 629/1232/1232 625/1233/1233
f 631/1234/1234 632/1235/1235 630/1236/1236
f 634/1237/1237 635/1238/1238 633/1239/1239
f 634/1240/1240 633/1241/1241 636/1242/1242
f 636/1243/1243 633/1244/1244 637/1245/1245
f 639/1246/1246 640/1247/1247 638/1248/1248
f 641/1249/1249 638/1250/1250 640/1251/1251
f 638/1252/1252 641/1253/1253 642/1254/1254
f 638/1255/1255 642/1256/1256 643/1257/1257
f 643/1258/1258 639/1259/1259 638/1260/1260
f 645/1261/1261 646/1262/1262 644/1263/1263
f 645/1264/1264 644/1265/1265 647/1266/1266
f 644/1267/1267 648/1268/1268 647/1269/1269
f 644/1270/1270 641/1271/1271 648/1272/1272
f 641/1273/1273 644/1274/1274 646/1275/1275
f 642/1276/1276 641/1277/1277 646/1278/1278
f 642/1279/1279 646/1280/1280 649/1281/1281
f 650/1282/1282 642/1283/1283 649/1284/1284
f 650/1285/1285 649/1286/1286 651/1287/1287
f 650/1288/1288 651/1289/1289 637/1290/1290
f 653/1291/1291 654/1292/1292 652/1293/1293
f 656/1294/1294 657/1295/1295 655/1296/1296
f 656/1297/1297 658/1298/1298 657/1299/1299
f 657/1300/1300 658/1301/1301 659/1302/1302
f 657/1303/1303 659/1304/1304 655/1305/1305
f 661/1306/1306 662/1307/1307 660/1308/1308
f 664/1309/1309 665/1310/1310 663/1311/1311
f 667/1312/1312 668/1313/1313 666/1314/1314
f 670/1315/1315 671/1316/1316 669/1317/1317
f 669/1318/1318 671/1319/1319 672/1320/1320
f 669/1321/1321 672/1322/1322 673/1323/1323
f 670/1324/1324 669/1325/1325 673/1326/1326
f 675/1327/1327 676/1328/1328 674/1329/1329
f 678/1330/1330 679/1331/1331 677/1332/1332
f 678/1333/1333 680/1334/1334 679/1335/1335
f 679/1336/1336 680/1337/1337 681/1338/1338
f 679/1339/1339 681/1340/1340 677/1341/1341
f 683/1342/1342 684/1343/1343 682/1344/1344
f 686/1345/1345 687/1346/1346 685/1347/1347
f 689/1348/1348 690/1349/1349 688/1350/1350
f 688/1351/1351 690/1352/1352 691/1353/1353
f 688/1354/1354 691/1355/1355 692/1356/1356
f 689/1357/1357 688/1358/1358 692/1359/1359
f 694/1360/1360 695/1361/1361 693/1362/1362
f 697/1363/1363 698/1364/1364 696/1365/1365
f 696/1366/1366 698/1367/1367 699/1368/1368
f 696/1369/1369 699/1370/1370 700/1371/1371
f 697/1372/1372 696/1373/1373 700/1374/1374
f 702/1375/1375 703/1376/1376 701/1377/1377
f 702/1378/1378 704/1379/1379 703/1380/1380
f 703/1381/1381 704/1382/1382 705/1383/1383
f 703/1384/1384 705/1385/1385 701/1386/1386
f 707/1387/1387 708/1388/1388 706/1389/1389
f 706/1390/1390 708/1391/1391 709/1392/1392
f 706/1393/1393 709/1394/1394 710/1395/1395
f 707/1396/1396 706/1397/1397 710/1398/1398
f 712/1399/1399 713/1400/1400 711/1401/1401
f 711/1402/1402 713/1403/1403 714/1404/1404
f 711/1405/1405 714/1406/1406 715/1407/1407
f 712/1408/1408 711/1409/1409 715/1410/1410
f 717/1411/1411 718/1412/1412 716/1413/1413
f 716/1414/1414 718/1415/1415 719/1416/1416
f 716/1417/1417 719/1418/1418 720/1419/1419
f 717/1420/1420 716/1421/1421 720/1422/1422
f 722/1423/1423 723/1424/1424 721/1425/1425
f 721/1426/1426 723/1427/1427 724/1428/1428
f 721/1429/1429 724/1430/1430 725/1431/1431
f 722/1432/1432 721/1433/1433 725/1434/1434
f 727/1435/1435 728/1436/1436 726/1437/1437
f 730/1438/1438 731/1439/1439 729/1440/1440
f 730/1441/1441 729/1442/1442 732/1443/1443
f 732/1444/1444 729/1445/1445 733/1446/1446
f 735/1447/1447 736/1448/1448 734/1449/1449
f 737/1450/1450 734/1451/1451 736/1452/1452
f 734/1453/1453 737/1454/1454 738/1455/1455
f 734/1456/1456 738/1457/1457 739/1458/1458
f 739/1459/1459 735/1460/1460 734/1461/1461
f 741/1462/1462 742/1463/1463 740/1464/1464
f 741/1465/1465 740/1466/1466 743/1467/1467
f 740/1468/1468 744/1469/1469 743/1470/1470
f 740/1471/1471 737/1472/1472 744/1473/1473
f 737/1474/1474 740/1475/1475 742/1476/1476
f 738/1477/1477 737/1478/1478 742/1479/1479
f 738/1480/1480 742/1481/1481 745/1482/1482
f 746/1483/1483 738/1484/1484 745/1485/1485
f 746/1486/1486 745/1487/1487 747/1488/1488
f 746/1489/1489 747/1490/1490 733/1491/1491
f 749/1492/1492 750/1493/1493 748/1494/1494
f 748/1495/1495 750/1496/1496 751/1497/1497
f 748/1498/1498 751/1499/1499 752/1500/1500
f 749/1501/1501 748/1502/1502 752/1503/1503
f 754/1504/1504 755/1505/1505 753/1506/1506
f 757/1507/1507 758/1508/1508 756/1509/1509
f 760/1510/1510 761/1511/1511 759/1512/1512
f 760/1513/1513 762/1514/1514 761/1515/1515
f 761/1516/1516 762/1517/1517 763/1518/1518
f 761/1519/1519 763/1520/1520 759/1521/1521
f 765/1522/1522 766/1523/1523 764/1524/1524
f 765/1525/1525 767/1526/1526 766/1527/1527
f 766/1528/1528 767/1529/1529 768/1530/1530
f 766/1531/1531 768/1532/1532 764/1533/1533
f 770/1534/1534 771/1535/1535 769/1536/1536
f 773/1537/1537 774/1538/1538 772/1539/1539
f 776/1540/1540 777/1541/1541 775/1542/1542
f 779/1543/1543 780/1544/1544 778/1545/1545
f 782/1546/1546 783/1547/1547 781/1548/1548
f 785/1549/1549 786/1550/1550 784/1551/1551
f 788/1552/1552 789/1553/1553 787/1554/1554
f 788/1555/1555 787/1556/1556 790/1557/1557
f 790/1558/1558 787/1559/1559 791/1560/1560
f 793/1561/1561 794/1562/1562 792/1563/1563
f 795/1564/1564 792/1565/1565 794/1566/1566
f 792/1567/1567 795/1568/1568 796/1569/1569
f 792/1570/1570 796/1571/1571 797/1572/1572
f 797/1573/1573 793/1574/1574 792/1575/1575
f 799/1576/1576 800/1577/1577 798/1578/1578
f 799/1579/1579 798/1580/1580 801/1581/1581
f 798/1582/1582 802/1583/1583 801/1584/1584
f 798/1585/1585 795/1586/1586 802/1587/1587
f 795/1588/1588 798/1589/1589 800/1590/1590
f 796/1591/1591 795/1592/1592 800/1593/1593
f 796/1594/1594 800/1595/1595 803/1596/1596
f 804/1597/1597 796/1598/1598 803/1599/1599
f 804/1600/1600 803/1601/1601 805/1602/1602
f 804/1603/1603 805/1604/1604 791/1605/1605
f 807/1606/1606 808/1607/1607 806/1608/1608
f 810/1609/1609 811/1610/1610 809/1611/1611
f 809/1612/1612 811/1613/1613 812/1614/1614
f 809/1615/1615 812/1616/1616 813/1617/1617
f 810/1618/1618 809/1619/1619 813/1620/1620
f 815/1621/1621 816/1622/1622 814/1623/1623
f 815/1624/1624 817/1625/1625 816/1626/1626
f 816/1627/1627 817/1628/1628 818/1629/1629
f 816/1630/1630 818/1631/1631 814/1632/1632
f 820/1633/1633 821/1634/1634 819/1635/1635
f 820/1636/1636 822/1637/1637 821/1638/1638
f 821/1639/1639 822/1640/1640 823/1641/1641
f 821/1642/1642 823/1643/1643 819/1644/1644
f 825/1645/1645 826/1646/1646 824/1647/1647
f 828/1648/1648 829/1649/1649 827/1650/1650
f 831/1651/1651 832/1652/1652 830/1653/1653
f 834/1654/1654 835/1655/1655 833/1656/1656
f 837/1657/1657 838/1658/1658 836/1659/1659
f 840/1660/1660 841/1661/1661 839/1662/1662
f 843/1663/1663 844/1664/1664 842/1665/1665
f 846/1666/1666 844/1667/1667 845/1668/1668
f 848/1669/1669 849/1670/1670 847/1671/1671
f 850/1672/1672 847/1673/1673 849/1674/1674
f 849/1675/1675 851/1676/1676 850/1677/1677
f 852/1678/1678 850/1679/1679 851/1680/1680
f 854/1681/1681 855/1682/1682 853/1683/1683
f 854/1684/1684 853/1685/1685 856/1686/1686
f 854/1687/1687 856/1688/1688 857/1689/1689
f 855/1690/1690 854/1691/1691 857/1692/1692
f 859/1693/1693 860/1694/1694 858/1695/1695
f 859/1696/1696 858/1697/1697 861/1698/1698
f 859/1699/1699 861/1700/1700 862/1701/1701
f 860/1702/1702 859/1703/1703 862/1704/1704
f 864/1705/1705 865/1706/1706 863/1707/1707
f 867/1708/1708 868/1709/1709 866/1710/1710
f 870/1711/1711 871/1712/1712 869/1713/1713
f 873/1714/1714 874/1715/1715 872/1716/1716
f 876/1717/1717 874/1718/1718 875/1719/1719
f 878/1720/1720 879/1721/1721 877/1722/1722
f 881/1723/1723 882/1724/1724 880/1725/1725
f 884/1726/1726 885/1727/1727 883/1728/1728
f 887/1729/1729 888/1730/1730 886/1731/1731
f 890/1732/1732 888/1733/1733 889/1734/1734
f 892/1735/1735 893/1736/1736 891/1737/1737
f 892/1738/1738 891/1739/1739 894/1740/1740
f 892/1741/1741 894/1742/1742 895/1743/1743
f 893/1744/1744 892/1745/1745 895/1746/1746
f 897/1747/1747 898/1748/1748 896/1749/1749
f 900/1750/1750 901/1751/1751 899/1752/1752
f 903/1753/1753 904/1754/1754 902/1755/1755
f 906/1756/1756 907/1757/1757 905/1758/1758
f 909/1759/1759 907/1760/1760 908/1761/1761
f 911/1762/1762 912/1763/1763 910/1764/1764
f 914/1765/1765 915/1766/1766 913/1767/1767
f 917/1768/1768 918/1769/1769 916/1770/1770
f 920/1771/1771 921/1772/1772 919/1773/1773
f 923/1774/1774 921/1775/1775 922/1776/1776
f 925/1777/1777 926/1778/1778 924/1779/1779
f 928/1780/1780 929/1781/1781 927/1782/1782
f 930/1783/1783 929/1784/1784 928/1785/1785
f 930/1786/1786 928/1787/1787 931/1788/1788
f 931/1789/1789 928/1790/1790 927/1791/1791
f 933/1792/1792 934/1793/1793 932/1794/1794
f 932/1795/1795 934/1796/1796 935/1797/1797
f 932/1798/1798 935/1799/1799 936/1800/1800
f 933/1801/1801 932/1802/1802 936/1803/1803
f 938/1804/1804 939/1805/1805 937/1806/1806
f 937/1807/1807 939/1808/1808 940/1809/1809
f 937/1810/1810 940/1811/1811 941/1812/1812
f 938/1813/1813 937/1814/1814 941/1815/1815
f 943/1816/1816 944/1817/1817 942/1818/1818
f 944/1819/1819 945/1820/1820 942/1821/1821
f 946/1822/1822 945/1823/1823 944/1824/1824
f 943/1825/1825 946/1826/1826 944/1827/1827
f 943/1828/1828 947/1829/1829 946/1830/1830
f 947/1831/1831 948/1832/1832 946/1833/1833
f 946/1834/1834 948/1835/1835 945/1836/1836
f 950/1837/1837 951/1838/1838 949/1839/1839
f 952/1840/1840 949/1841/1841 951/1842/1842
f 953/1843/1843 950/1844/1844 949/1845/1845
f 949/1846/1846 947/1847/1847 953/1848/1848
f 949/1849/1849 952/1850/1850 947/1851/1851
f 947/1852/1852 952/1853/1853 948/1854/1854
f 952/1855/1855 954/1856/1856 948/1857/1857
f 955/1858/1858 948/1859/1859 954/1860/1860
f 954/1861/1861 952/1862/1862 956/1863/1863
f 954/1864/1864 956/1865/1865 957/1866/1866
f 955/1867/1867 954/1868/1868 957/1869/1869
f 959/1870/1870 960/1871/1871 958/1872/1872
f 962/1873/1873 963/1874/1874 961/1875/1875
f 963/1876/1876 964/1877/1877 961/1878/1878
f 965/1879/1879 964/1880/1880 963/1881/1881
f 962/1882/1882 965/1883/1883 963/1884/1884
f 962/1885/1885 966/1886/1886 965/1887/1887
f 966/1888/1888 967/1889/1889 965/1890/1890
f 965/1891/1891 967/1892/1892 964/1893/1893
f 969/1894/1894 970/1895/1895 968/1896/1896
f 971/1897/1897 968/1898/1898 970/1899/1899
f 972/1900/1900 969/1901/1901 968/1902/1902
f 968/1903/1903 966/1904/1904 972/1905/1905
f 968/1906/1906 971/1907/1907 966/1908/1908
f 966/1909/1909 971/1910/1910 967/1911/1911
f 971/1912/1912 973/1913/1913 967/1914/1914
f 974/1915/1915 967/1916/1916 973/1917/1917
f 973/1918/1918 971/1919/1919 975/1920/1920
f 973/1921/1921 975/1922/1922 976/1923/1923
f 974/1924/1924 973/1925/1925 976/1926/1926
f 978/1927/1927 979/1928/1928 977/1929/1929
f 980/1930/1930 979/1931/1931 978/1932/1932
f 980/1933/1933 978/1934/1934 981/1935/1935
f 981/1936/1936 978/1937/1937 977/1938/1938
f 983/1939/1939 984/1940/1940 982/1941/1941
f 982/1942/1942 984/1943/1943 985/1944/1944
f 982/1945/1945 985/1946/1946 986/1947/1947
f 983/1948/1948 982/1949/1949 986/1950/1950
f 988/1951/1951 989/1952/1952 987/1953/1953
f 988/1954/1954 987/1955/1955 990/1956/1956
f 990/1957/1957 987/1958/1958 991/1959/1959
f 993/1960/1960 994/1961/1961 992/1962/1962
f 995/1963/1963 992/1964/1964 994/1965/1965
f 992/1966/1966 995/1967/1967 996/1968/1968
f 992/1969/1969 996/1970/1970 997/1971/1971
f 997/1972/1972 993/1973/1973 992/1974/1974
f 999/1975/1975 1000/1976/1976 998/1977/1977
f 999/1978/1978 998/1979/1979 1001/1980/1980
f 998/1981/1981 1002/1982/1982 1001/1983/1983
f 998/1984/1984 995/1985/1985 1002/1986/1986
f 995/1987/1987 998/1988/1988 1000/1989/1989
f 996/1990/1990 995/1991/1991 1000/1992/1992
f 996/1993/1993 1000/1994/1994 1003/1995/1995
f 1004/1996/1996 996/1997/1997 1003/1998/1998
f 1004/1999/1999 1003/2000/2000 1005/2001/2001
f 1004/2002/2002 1005/2003/2003 991/2004/2004
f 1007/2005/2005 1008/2006/2006 1006/2007/2007
f 1006/2008/2008 1008/2009/2009 1009/2010/2010
f 1006/2011/2011 1009/2012/2012 1010/2013/2013
f 1007/2014/2014 1006/2015/2015 1010/2016/2016
f 1012/2017/2017 1013/2018/2018 1011/2019/2019
f 1011/2020/2020 1013/2021/2021 1014/2022/2022
f 1011/2023/2023 1014/2024/2024 1015/2025/2025
f 1012/2026/2026 1011/2027/2027 1015/2028/2028
f 1017/2029/2029 1018/2030/2030 1016/2031/2031
f 1020/2032/2032 1021/2033/2033 1019/2034/2034
f 1019/2035/2035 1021/2036/2036 1022/2037/2037
f 1019/2038/2038 1022/2039/2039 1023/2040/2040
f 1020/2041/2041 1019/2042/2042 1023/2043/2043
f 1025/2044/2044 1026/2045/2045 1024/2046/2046
f 1028/2047/2047 1029/2048/2048 1027/2049/2049
f 1031/2050/2050 1032/2051/2051 1030/2052/2052
f 1030/2053/2053 1032/2054/2054 1033/2055/2055
f 1030/2056/2056 1033/2057/2057 1034/2058/2058
f 1031/2059/2059 1030/2060/2060 1034/2061/2061
f 1036/2062/2062 1037/2063/2063 1035/2064/2064
f 1036/2065/2065 1038/2066/2066 1037/2067/2067
f 1037/2068/2068 1038/2069/2069 1039/2070/2070
f 1037/2071/2071 1039/2072/2072 1035/2073/2073
f 1041/2074/2074 1042/2075/2075 1040/2076/2076
f 1041/2077/2077 1043/2078/2078 1042/2079/2079
f 1042/2080/2080 1043/2081/2081 1044/2082/2082
f 1042/2083/2083 1044/2084/2084 1040/2085/2085
f 1046/2086/2086 1047/2087/2087 1045/2088/2088
f 1049/2089/2089 1050/2090/2090 1048/2091/2091
f 1052/2092/2092 1053/2093/2093 1051/2094/2094
f 1055/2095/2095 1056/2096/2096 1054/2097/2097
f 1058/2098/2098 1059/2099/2099 1057/2100/2100
f 1061/2101/2101 1062/2102/2102 1060/2103/2103
f 1064/2104/2104 1065/2105/2105 1063/2106/2106
f 1067/2107/2107 1068/2108/2108 1066/2109/2109
f 1070/2110/2110 1071/2111/2111 1069/2112/2112
f 1069/2113/2113 1071/2114/2114 1072/2115/2115
f 1069/2116/2116 1072/2117/2117 1073/2118/2118
f 1070/2119/2119 1069/2120/2120 1073/2121/2121
f 1075/2122/2122 1076/2123/2123 1074/2124/2124
f 1077/2125/2125 1076/2126/2126 1075/2127/2127
f 1077/2128/2128 1075/2129/2129 1078/2130/2130
f 1078/2131/2131 1075/2132/2132 1074/2133/2133
f 1080/2134/2134 1081/2135/2135 1079/2136/2136
f 1081/2137/2137 1082/2138/2138 1079/2139/2139
f 1083/2140/2140 1082/2141/2141 1081/2142/2142
f 1080/2143/2143 1083/2144/2144 1081/2145/2145
f 1080/2146/2146 1084/2147/2147 1083/2148/2148
f 1084/2149/2149 1085/2150/2150 1083/2151/2151
f 1083/2152/2152 1085/2153/2153 1082/2154/2154
f 1087/2155/2155 1088/2156/2156 1086/2157/2157
f 1089/2158/2158 1086/2159/2159 1088/2160/2160
f 1090/2161/2161 1087/2162/2162 1086/2163/2163
f 1086/2164/2164 1084/2165/2165 1090/2166/2166
f 1086/2167/2167 1089/2168/2168 1084/2169/2169
f 1084/2170/2170 1089/2171/2171 1085/2172/2172
f 1089/2173/2173 1091/2174/2174 1085/2175/2175
f 1092/2176/2176 1085/2177/2177 1091/2178/2178
f 1091/2179/2179 1089/2180/2180 1093/2181/2181
f 1091/2182/2182 1093/2183/2183 1094/2184/2184
f 1092/2185/2185 1091/2186/2186 1094/2187/2187
f 1096/2188/2188 1097/2189/2189 1095/2190/2190
f 1099/2191/2191 1100/2192/2192 1098/2193/2193
f 1102/2194/2194 1103/2195/2195 1101/2196/2196
f 1105/2197/2197 1106/2198/2198 1104/2199/2199
f 1108/2200/2200 1109/2201/2201 1107/2202/2202
f 1109/2203/2203 1110/2204/2204 1107/2205/2205
f 1111/2206/2206 1110/2207/2207 1109/2208/2208
f 1108/2209/2209 1111/2210/2210 1109/2211/2211
f 1108/2212/2212 1112/2213/2213 1111/2214/2214
f 1112/2215/2215 1113/2216/2216 1111/2217/2217
f 1111/2218/2218 1113/2219/2219 1110/2220/2220
f 1115/2221/2221 1116/2222/2222 1114/2223/2223
f 1117/2224/2224 1114/2225/2225 1116/2226/2226
f 1118/2227/2227 1115/2228/2228 1114/2229/2229
f 1114/2230/2230 1112/2231/2231 1118/2232/2232
f 1114/2233/2233 1117/2234/2234 1112/2235/2235
f 1112/2236/2236 1117/2237/2237 1113/2238/2238
f 1117/2239/2239 1119/2240/2240 1113/2241/2241
f 1120/2242/2242 1113/2243/2243 1119/2244/2244
f 1119/2245/2245 1117/2246/2246 1121/2247/2247
f 1119/2248/2248 1121/2249/2249 1122/2250/2250
f 1120/2251/2251 1119/2252/2252 1122/2253/2253
f 1124/2254/2254 1125/2255/2255 1123/2256/2256
f 1123/2257/2257 1125/2258/2258 1126/2259/2259
f 1123/2260/2260 1126/2261/2261 1127/2262/2262
f 1124/2263/2263 1123/2264/2264 1127/2265/2265
f 1129/2266/2266 1130/2267/2267 1128/2268/2268
f 1128/2269/2269 1130/2270/2270 1131/2271/2271
f 1128/2272/2272 1131/2273/2273 1132/2274/2274
f 1129/2275/2275 1128/2276/2276 1132/2277/2277
f 1134/2278/2278 1135/2279/2279 1133/2280/2280
f 1137/2281/2281 1138/2282/2282 1136/2283/2283
f 1136/2284/2284 1138/2285/2285 1139/2286/2286
f 1136/2287/2287 1139/2288/2288 1140/2289/2289
f 1137/2290/2290 1136/2291/2291 1140/2292/2292
f 1142/2293/2293 1143/2294/2294 1141/2295/2295
f 1144/2296/2296 1143/2297/2297 1142/2298/2298
f 1144/2299/2299 1142/2300/2300 1145/2301/2301
f 1145/2302/2302 1142/2303/2303 1141/2304/2304
f 1147/2305/2305 1148/2306/2306 1146/2307/2307
f 1148/2308/2308 1149/2309/2309 1146/2310/2310
f 1150/2311/2311 1149/2312/2312 1148/2313/2313
f 1147/2314/2314 1150/2315/2315 1148/2316/2316
f 1147/2317/2317 1151/2318/2318 1150/2319/2319
f 1151/2320/2320 1152/2321/2321 1150/2322/2322
f 1150/2323/2323 1152/2324/2324 1149/2325/2325
f 1154/2326/2326 1155/2327/2327 1153/2328/2328
f 1156/2329/2329 1153/2330/2330 1155/2331/2331
f 1157/2332/2332 1154/2333/2333 1153/2334/2334
f 1153/2335/2335 1151/2336/2336 1157/2337/2337
f 1153/2338/2338 1156/2339/2339 1151/2340/2340
f 1151/2341/2341 1156/2342/2342 1152/2343/2343
f 1156/2344/2344 1158/2345/2345 1152/2346/2346
f 1159/2347/2347 1152/2348/2348 1158/2349/2349
f 1158/2350/2350 1156/2351/2351 1160/2352/2352
f 1158/2353/2353 1160/2354/2354 1161/2355/2355
f 1159/2356/2356 1158/2357/2357 1161/2358/2358
f 1163/2359/2359 1164/2360/2360 1162/2361/2361
f 1162/2362/2362 1164/2363/2363 1165/2364/2364
f 1162/2365/2365 1165/2366/2366 1166/2367/2367
f 1163/2368/2368 1162/2369/2369 1166/2370/2370
f 1168/2371/2371 1169/2372/2372 1167/2373/2373
f 1167/2374/2374 1169/2375/2375 1170/2376/2376
f 1167/2377/2377 1170/2378/2378 1171/2379/2379
f 1168/2380/2380 1167/2381/2381 1171/2382/2382
f 1173/2383/2383 1174/2384/2384 1172/2385/2385
f 1175/2386/2386 1174/2387/2387 1173/2388/2388
f 1175/2389/2389 1173/2390/2390 1176/2391/2391
f 1176/2392/2392 1173/2393/2393 1172/2394/2394
f 1178/2395/2395 1179/2396/2396 1177/2397/2397
f 1180/2398/2398 1179/2399/2399 1178/2400/2400
f 1180/2401/2401 1178/2402/2402 1181/2403/2403
f 1181/2404/2404 1178/2405/2405 1177/2406/2406
f 1183/2407/2407 1184/2408/2408 1182/2409/2409
f 1182/2410/2410 1184/2411/2411 1185/2412/2412
f 1182/2413/2413 1185/2414/2414 1186/2415/2415
f 1183/2416/2416 1182/2417/2417 1186/2418/2418
f 1188/2419/2419 1189/2420/2420 1187/2421/2421
f 1189/2422/2422 1190/2423/2423 1187/2424/2424
f 1191/2425/2425 1190/2426/2426 1189/2427/2427
f 1188/2428/2428 1191/2429/2429 1189/2430/2430
f 1188/2431/2431 1192/2432/2432 1191/2433/2433
f 1192/2434/2434 1193/2435/2435 1191/2436/2436
f 1191/2437/2437 1193/2438/2438 1190/2439/2439
f 1195/2440/2440 1196/2441/2441 1194/2442/2442
f 1197/2443/2443 1194/2444/2444 1196/2445/2445
f 1198/2446/2446 1195/2447/2447 1194/2448/2448
f 1194/2449/2449 1192/2450/2450 1198/2451/2451
f 1194/2452/2452 1197/2453/2453 1192/2454/2454
f 1192/2455/2455 1197/2456/2456 1193/2457/2457
f 1197/2458/2458 1199/2459/2459 1193/2460/2460
f 1200/2461/2461 1193/2462/2462 1199/2463/2463
f 1199/2464/2464 1197/2465/2465 1201/2466/2466
f 1199/2467/2467 1201/2468/2468 1202/2469/2469
f 1200/2470/2470 1199/2471/2471 1202/2472/2472
f 1204/2473/2473 1205/2474/2474 1203/2475/2475
f 1207/2476/2476 1208/2477/2477 1206/2478/2478
f 1210/2479/2479 1211/2480/2480 1209/2481/2481
f 1209/2482/2482 1211/2483/2483 1212/2484/2484
f 1209/2485/2485 1212/2486/2486 1213/2487/2487
f 1210/2488/2488 1209/2489/2489 1213/2490/2490
f 1215/2491/2491 1216/2492/2492 1214/2493/2493
f 1216/2494/2494 1217/2495/2495 1214/2496/2496
f 1218/2497/2497 1217/2498/2498 1216/2499/2499
f 1215/2500/2500 1218/2501/2501 1216/2502/2502
f 1215/2503/2503 1219/2504/2504 1218/2505/2505
f 1219/2506/2506 1220/2507/2507 1218/2508/2508
f 1218/2509/2509 1220/2510/2510 1217/2511/2511
f 1222/2512/2512 1223/2513/2513 1221/2514/2514
f 1224/2515/2515 1221/2516/2516 1223/2517/2517
f 1225/2518/2518 1222/2519/2519 1221/2520/2520
f 1221/2521/2521 1219/2522/2522 1225/2523/2523
f 1221/2524/2524 1224/2525/2525 1219/2526/2526
f 1219/2527/2527 1224/2528/2528 1220/2529/2529
f 1224/2530/2530 1226/2531/2531 1220/2532/2532
f 1227/2533/2533 1220/2534/2534 1226/2535/2535
f 1226/2536/2536 1224/2537/2537 1228/2538/2538
f 1226/2539/2539 1228/2540/2540 1229/2541/2541
f 1227/2542/2542 1226/2543/2543 1229/2544/2544
f 1231/2545/2545 1232/2546/2546 1230/2547/2547
f 1230/2548/2548 1232/2549/2549 1233/2550/2550
f 1230/2551/2551 1233/2552/2552 1234/2553/2553
f 1231/2554/2554 1230/2555/2555 1234/2556/2556
f 1236/2557/2557 1237/2558/2558 1235/2559/2559
f 1238/2560/2560 1237/2561/2561 1236/2562/2562
f 1238/2563/2563 1236/2564/2564 1239/2565/2565
f 1239/2566/2566 1236/2567/2567 1235/2568/2568
f 1241/2569/2569 1242/2570/2570 1240/2571/2571
f 1240/2572/2572 1242/2573/2573 1243/2574/2574
f 1240/2575/2575 1243/2576/2576 1244/2577/2577
f 1241/2578/2578 1240/2579/2579 1244/2580/2580
f 1246/2581/2581 1247/2582/2582 1245/2583/2583
f 1245/2584/2584 1247/2585/2585 1248/2586/2586
f 1245/2587/2587 1248/2588/2588 1249/2589/2589
f 1246/2590/2590 1245/2591/2591 1249/2592/2592
f 1251/2593/2593 1252/2594/2594 1250/2595/2595
f 1252/2596/2596 1253/2597/2597 1250/2598/2598
f 1252/2599/2599 1254/2600/2600 1253/2601/2601
f 1255/2602/2602 1253/2603/2603 1254/2604/2604
f 1251/2605/2605 1254/2606/2606 1252/2607/2607
f 1251/2608/2608 1255/2609/2609 1254/2610/2610
f 1251/2611/2611 1256/2612/2612 1255/2613/2613
f 1256/2614/2614 1257/2615/2615 1255/2616/2616
f 1255/2617/2617 1257/2618/2618 1253/2619/2619
f 1259/2620/2620 1260/2621/2621 1258/2622/2622
f 1261/2623/2623 1258/2624/2624 1260/2625/2625
f 1262/2626/2626 1259/2627/2627 1258/2628/2628
f 1258/2629/2629 1256/2630/2630 1262/2631/2631
f 1258/2632/2632 1261/2633/2633 1256/2634/2634
f 1256/2635/2635 1261/2636/2636 1257/2637/2637
f 1261/2638/2638 1263/2639/2639 1257/2640/2640
f 1264/2641/2641 1257/2642/2642 1263/2643/2643
f 1263/2644/2644 1261/2645/2645 1265/2646/2646
f 1263/2647/2647 1265/2648/2648 1266/2649/2649
f 1264/2650/2650 1263/2651/2651 1266/2652/2652
f 1268/2653/2653 1269/2654/2654 1267/2655/2655
f 1271/2656/2656 1272/2657/2657 1270/2658/2658
f 1271/2659/2659 1270/2660/2660 1273/2661/2661
f 1271/2662/2662 1273/2663/2663 1274/2664/2664
f 1272/2665/2665 1271/2666/2666 1274/2667/2667
f 1276/2668/2668 1277/2669/2669 1275/2670/2670
f 1279/2671/2671 1280/2672/2672 1278/2673/2673
f 1282/2674/2674 1283/2675/2675 1281/2676/2676
f 1285/2677/2677 1286/2678/2678 1284/2679/2679
f 1288/2680/2680 1286/2681/2681 1287/2682/2682
f 1290/2683/2683 1291/2684/2684 1289/2685/2685
f 1293/2686/2686 1294/2687/2687 1292/2688/2688
f 1296/2689/2689 1297/2690/2690 1295/2691/2691
f 1299/2692/2692 1300/2693/2693 1298/2694/2694
f 1302/2695/2695 1300/2696/2696 1301/2697/2697
f 1304/2698/2698 1305/2699/2699 1303/2700/2700
f 1307/2701/2701 1308/2702/2702 1306/2703/2703
f 1310/2704/2704 1311/2705/2705 1309/2706/2706
f 1313/2707/2707 1314/2708/2708 1312/2709/2709
f 1316/2710/2710 1314/2711/2711 1315/2712/2712
f 1318/2713/2713 1319/2714/2714 1317/2715/2715
f 1318/2716/2716 1317/2717/2717 1320/2718/2718
f 1318/2719/2719 1320/2720/2720 1321/2721/2721
f 1319/2722/2722 1318/2723/2723 1321/2724/2724
f 1323/2725/2725 1324/2726/2726 1322/2727/2727
f 1323/2728/2728 1322/2729/2729 1325/2730/2730
f 1323/2731/2731 1325/2732/2732 1326/2733/2733
f 1324/2734/2734 1323/2735/2735 1326/2736/2736
f 1328/2737/2737 1329/2738/2738 1327/2739/2739
f 1330/2740/2740 1327/2741/2741 1329/2742/2742
f 1329/2743/2743 1331/2744/2744 1330/2745/2745
f 1333/2746/2746 1334/2747/2747 1332/2748/2748
f 1335/2749/2749 1332/2750/2750 1334/2751/2751
f 1334/2752/2752 1336/2753/2753 1335/2754/2754
f 1338/2755/2755 1339/2756/2756 1337/2757/2757
f 1340/2758/2758 1337/2759/2759 1339/2760/2760
f 1339/2761/2761 1341/2762/2762 1340/2763/2763
f 1343/2764/2764 1344/2765/2765 1342/2766/2766
f 1345/2767/2767 1342/2768/2768 1344/2769/2769
f 1344/2770/2770 1346/2771/2771 1345/2772/2772
f 1348/2773/2773 1349/2774/2774 1347/2775/2775
f 1350/2776/2776 1347/2777/2777 1349/2778/2778
f 1349/2779/2779 1346/2780/2780 1350/2781/2781
f 1352/2782/2782 1353/2783/2783 1351/2784/2784
f 1351/2785/2785 1353/2786/2786 1354/2787/2787
f 1351/2788/2788 1354/2789/2789 1355/2790/2790
f 1352/2791/2791 1351/2792/2792 1355/2793/2793
f 1357/2794/2794 1358/2795/2795 1356/2796/2796
f 1356/2797/2797 1358/2798/2798 1359/2799/2799
f 1361/2800/2800 1357/2801/2801 1360/2802/2802
f 1361/2803/2803 1360/2804/2804 1359/2805/2805
f 1361/2806/2806 1362/2807/2807 1357/2808/2808
f 1362/2809/2809 1363/2810/2810 1357/2811/2811
f 1357/2812/2812 1363/2813/2813 1358/2814/2814
f 1365/2815/2815 1366/2816/2816 1364/2817/2817
f 1367/2818/2818 1364/2819/2819 1366/2820/2820
f 1368/2821/2821 1365/2822/2822 1364/2823/2823
f 1364/2824/2824 1362/2825/2825 1368/2826/2826
f 1364/2827/2827 1367/2828/2828 1362/2829/2829
f 1362/2830/2830 1367/2831/2831 1363/2832/2832
f 1367/2833/2833 1369/2834/2834 1363/2835/2835
f 1370/2836/2836 1363/2837/2837 1369/2838/2838
f 1369/2839/2839 1367/2840/2840 1371/2841/2841
f 1369/2842/2842 1371/2843/2843 1372/2844/2844
f 1370/2845/2845 1369/2846/2846 1372/2847/2847
f 1374/2848/2848 1375/2849/2849 1373/2850/2850
f 1377/2851/2851 1378/2852/2852 1376/2853/2853
f 1380/2854/2854 1381/2855/2855 1379/2856/2856
f 1383/2857/2857 1384/2858/2858 1382/2859/2859
f 1386/2860/2860 1387/2861/2861 1385/2862/2862
f 1389/2863/2863 1390/2864/2864 1388/2865/2865
f 1388/2866/2866 1390/2867/2867 1391/2868/2868
f 1388/2869/2869 1391/2870/2870 1392/2871/2871
f 1389/2872/2872 1388/2873/2873 1392/2874/2874
f 1394/2875/2875 1395/2876/2876 1393/2877/2877
f 1394/2878/2878 1396/2879/2879 1395/2880/2880
f 1395/2881/2881 1396/2882/2882 1397/2883/2883
f 1395/2884/2884 1397/2885/2885 1393/2886/2886
f 1399/2887/2887 1400/2888/2888 1398/2889/2889
f 1399/2890/2890 1401/2891/2891 1400/2892/2892
f 1400/2893/2893 1401/2894/2894 1402/2895/2895
f 1400/2896/2896 1402/2897/2897 1398/2898/2898
f 1404/2899/2899 1405/2900/2900 1403/2901/2901
f 1403/2902/2902 1405/2903/2903 1406/2904/2904
f 1403/2905/2905 1406/2906/2906 1407/2907/2907
f 1404/2908/2908 1403/2909/2909 1407/2910/2910
f 1409/2911/2911 1410/2912/2912 1408/2913/2913
f 1408/2914/2914 1410/2915/2915 1411/2916/2916
f 1408/2917/2917 1411/2918/2918 1412/2919/2919
f 1409/2920/2920 1408/2921/2921 1412/2922/2922
f 1414/2923/2923 1415/2924/2924 1413/2925/2925
f 1413/2926/2926 1415/2927/2927 1416/2928/2928
f 1413/2929/2929 1416/2930/2930 1417/2931/2931
f 1414/2932/2932 1413/2933/2933 1417/2934/2934
f 1419/2935/2935 1420/2936/2936 1418/2937/2937
f 1418/2938/2938 1420/2939/2939 1421/2940/2940
f 1418/2941/2941 1421/2942/2942 1422/2943/2943
f 1419/2944/2944 1418/2945/2945 1422/2946/2946
f 1424/2947/2947 1425/2948/2948 1423/2949/2949
f 1427/2950/2950 1428/2951/2951 1426/2952/2952
f 1426/2953/2953 1428/2954/2954 1429/2955/2955
f 1431/2956/2956 1427/2957/2957 1430/2958/2958
f 1431/2959/2959 1430/2960/2960 1429/2961/2961
f 1431/2962/2962 1432/2963/2963 1427/2964/2964
f 1432/2965/2965 1433/2966/2966 1427/2967/2967
f 1427/2968/2968 1433/2969/2969 1428/2970/2970
f 1435/2971/2971 1436/2972/2972 1434/2973/2973
f 1437/2974/2974 1434/2975/2975 1436/2976/2976
f 1438/2977/2977 1435/2978/2978 1434/2979/2979
f 1434/2980/2980 1432/2981/2981 1438/2982/2982
f 1434/2983/2983 1437/2984/2984 1432/2985/2985
f 1432/2986/2986 1437/2987/2987 1433/2988/2988
f 1437/2989/2989 1439/2990/2990 1433/2991/2991
f 1440/2992/2992 1433/2993/2993 1439/2994/2994
f 1439/2995/2995 1437/2996/2996 1441/2997/2997
f 1439/2998/2998 1441/2999/2999 1442/3000/3000
f 1440/3001/3001 1439/3002/3002 1442/3003/3003
f 1444/3004/3004 1445/3005/3005 1443/3006/3006
f 1447/3007/3007 1448/3008/3008 1446/3009/3009
f 1450/3010/3010 1451/3011/3011 1449/3012/3012
f 1453/3013/3013 1454/3014/3014 1452/3015/3015
f 1456/3016/3016 1457/3017/3017 1455/3018/3018
f 1459/3019/3019 1460/3020/3020 1458/3021/3021
f 1458/3022/3022 1460/3023/3023 1461/3024/3024
f 1458/3025/3025 1461/3026/3026 1462/3027/3027
f 1459/3028/3028 1458/3029/3029 1462/3030/3030
f 1464/3031/3031 1465/3032/3032 1463/3033/3033
f 1464/3034/3034 1466/3035/3035 1465/3036/3036
f 1465/3037/3037 1466/3038/3038 1467/3039/3039
f 1465/3040/3040 1467/3041/3041 1463/3042/3042
f 1469/3043/3043 1470/3044/3044 1468/3045/3045
f 1469/3046/3046 1471/3047/3047 1470/3048/3048
f 1470/3049/3049 1471/3050/3050 1472/3051/3051
f 1470/3052/3052 1472/3053/3053 1468/3054/3054
f 1474/3055/3055 1475/3056/3056 1473/3057/3057
f 1473/3058/3058 1475/3059/3059 1476/3060/3060
f 1478/3061/3061 1474/3062/3062 1477/3063/3063
f 1478/3064/3064 1477/3065/3065 1476/3066/3066
f 1478/3067/3067 1479/3068/3068 1474/3069/3069
f 1479/3070/3070 1480/3071/3071 1474/3072/3072
f 1474/3073/3073 1480/3074/3074 1475/3075/3075
f 1482/3076/3076 1483/3077/3077 1481/3078/3078
f 1484/3079/3079 1481/3080/3080 1483/3081/3081
f 1485/3082/3082 1482/3083/3083 1481/3084/3084
f 1481/3085/3085 1479/3086/3086 1485/3087/3087
f 1481/3088/3088 1484/3089/3089 1479/3090/3090
f 1479/3091/3091 1484/3092/3092 1480/3093/3093
f 1484/3094/3094 1486/3095/3095 1480/3096/3096
f 1487/3097/3097 1480/3098/3098 1486/3099/3099
f 1486/3100/3100 1484/3101/3101 1488/3102/3102
f 1486/3103/3103 1488/3104/3104 1489/3105/3105
f 1487/3106/3106 1486/3107/3107 1489/3108/3108
f 1491/3109/3109 1492/3110/3110 1490/3111/3111
f 1494/3112/3112 1495/3113/3113 1493/3114/3114
f 1497/3115/3115 1498/3116/3116 1496/3117/3117
f 1500/3118/3118 1501/3119/3119 1499/3120/3120
f 1503/3121/3121 1504/3122/3122 1502/3123/3123
f 1502/3124/3124 1504/3125/3125 1505/3126/3126
f 1502/3127/3127 1505/3128/3128 1506/3129/3129
f 1503/3130/3130 1502/3131/3131 1506/3132/3132
f 1508/3133/3133 1509/3134/3134 1507/3135/3135
f 1508/3136/3136 1510/3137/3137 1509/3138/3138
f 1509/3139/3139 1510/3140/3140 1511/3141/3141
f 1509/3142/3142 1511/3143/3143 1507/3144/3144
f 1513/3145/3145 1514/3146/3146 1512/3147/3147
f 1513/3148/3148 1515/3149/3149 1514/3150/3150
f 1514/3151/3151 1515/3152/3152 1516/3153/3153
f 1514/3154/3154 1516/3155/3155 1512/3156/3156
f 1518/3157/3157 1519/3158/3158 1517/3159/3159
f 1517/3160/3160 1519/3161/3161 1520/3162/3162
f 1522/3163/3163 1518/3164/3164 1521/3165/3165
f 1522/3166/3166 1521/3167/3167 1520/3168/3168
f 1522/3169/3169 1523/3170/3170 1518/3171/3171
f 1523/3172/3172 1524/3173/3173 1518/3174/3174
f 1518/3175/3175 1524/3176/3176 1519/3177/3177
f 1526/3178/3178 1527/3179/3179 1525/3180/3180
f 1528/3181/3181 1525/3182/3182 1527/3183/3183
f 1529/3184/3184 1526/3185/3185 1525/3186/3186
f 1525/3187/3187 1523/3188/3188 1529/3189/3189
f 1525/3190/3190 1528/3191/3191 1523/3192/3192
f 1523/3193/3193 1528/3194/3194 1524/3195/3195
f 1528/3196/3196 1530/3197/3197 1524/3198/3198
f 1531/3199/3199 1524/3200/3200 1530/3201/3201
f 1530/3202/3202 1528/3203/3203 1532/3204/3204
f 1530/3205/3205 1532/3206/3206 1533/3207/3207
f 1531/3208/3208 1530/3209/3209 1533/3210/3210
f 1535/3211/3211 1536/3212/3212 1534/3213/3213
f 1538/3214/3214 1539/3215/3215 1537/3216/3216
f 1541/3217/3217 1542/3218/3218 1540/3219/3219
f 1544/3220/3220 1545/3221/3221 1543/3222/3222
f 1547/3223/3223 1548/3224/3224 1546/3225/3225
f 1550/3226/3226 1551/3227/3227 1549/3228/3228
f 1549/3229/3229 1551/3230/3230 1552/3231/3231
f 1549/3232/3232 1552/3233/3233 1553/3234/3234
f 1550/3235/3235 1549/3236/3236 1553/3237/3237
f 1555/3238/3238 1556/3239/3239 1554/3240/3240
f 1555/3241/3241 1557/3242/3242 1556/3243/3243
f 1556/3244/3244 1557/3245/3245 1558/3246/3246
f 1556/3247/3247 1558/3248/3248 1554/3249/3249
f 1560/3250/3250 1561/3251/3251 1559/3252/3252
f 1560/3253/3253 1562/3254/3254 1561/3255/3255
f 1561/3256/3256 1562/3257/3257 1563/3258/3258
f 1561/3259/3259 1563/3260/3260 1559/3261/3261
f 1565/3262/3262 1566/3263/3263 1564/3264/3264
f 1564/3265/3265 1566/3266/3266 1567/3267/3267
f 1564/3268/3268 1567/3269/3269 1568/3270/3270
f 1565/3271/3271 1564/3272/3272 1568/3273/3273
f 1570/3274/3274 1571/3275/3275 1569/3276/3276
f 1573/3277/3277 1574/3278/3278 1572/3279/3279
f 1576/3280/3280 1577/3281/3281 1575/3282/3282
f 1579/3283/3283 1580/3284/3284 1578/3285/3285
f 1582/3286/3286 1583/3287/3287 1581/3288/3288
f 1584/3289/3289 1583/3290/3290 1582/3291/3291
f 1584/3292/3292 1582/3293/3293 1585/3294/3294
f 1585/3295/3295 1582/3296/3296 1581/3297/3297
f 1587/3298/3298 1588/3299/3299 1586/3300/3300
f 1586/3301/3301 1588/3302/3302 1589/3303/3303
f 1586/3304/3304 1589/3305/3305 1590/3306/3306
f 1587/3307/3307 1586/3308/3308 1590/3309/3309
f 1592/3310/3310 1593/3311/3311 1591/3312/3312
f 1594/3313/3313 1593/3314/3314 1592/3315/3315
f 1594/3316/3316 1592/3317/3317 1595/3318/3318
f 1595/3319/3319 1592/3320/3320 1591/3321/3321
f 1597/3322/3322 1598/3323/3323 1596/3324/3324
f 1596/3325/3325 1598/3326/3326 1599/3327/3327
f 1596/3328/3328 1599/3329/3329 1600/3330/3330
f 1597/3331/3331 1596/3332/3332 1600/3333/3333
f 1602/3334/3334 1603/3335/3335 1601/3336/3336
f 1601/3337/3337 1603/3338/3338 1604/3339/3339
f 1601/3340/3340 1604/3341/3341 1605/3342/3342
f 1602/3343/3343 1601/3344/3344 1605/3345/3345
f 1607/3346/3346 1608/3347/3347 1606/3348/3348
f 1608/3349/3349 1609/3350/3350 1606/3351/3351
f 1610/3352/3352 1609/3353/3353 1608/3354/3354
f 1607/3355/3355 1610/3356/3356 1608/3357/3357
f 1607/3358/3358 1611/3359/3359 1610/3360/3360
f 1611/3361/3361 1612/3362/3362 1610/3363/3363
f 1610/3364/3364 1612/3365/3365 1609/3366/3366
f 1614/3367/3367 1615/3368/3368 1613/3369/3369
f 1616/3370/3370 1613/3371/3371 1615/3372/3372
f 1617/3373/3373 1614/3374/3374 1613/3375/3375
f 1613/3376/3376 1611/3377/3377 1617/3378/3378
f 1613/3379/3379 1616/3380/3380 1611/3381/3381
f 1611/3382/3382 1616/3383/3383 1612/3384/3384
f 1616/3385/3385 1618/3386/3386 1612/3387/3387
f 1619/3388/3388 1612/3389/3389 1618/3390/3390
f 1618/3391/3391 1616/3392/3392 1620/3393/3393
f 1618/3394/3394 1620/3395/3395 1621/3396/3396
f 1619/3397/3397 1618/3398/3398 1621/3399/3399
f 1623/3400/3400 1624/3401/3401 1622/3402/3402
f 1622/3403/3403 1624/3404/3404 1625/3405/3405
f 1622/3406/3406 1625/3407/3407 1626/3408/3408
f 1623/3409/3409 1622/3410/3410 1626/3411/3411
f 1628/3412/3412 1629/3413/3413 1627/3414/3414
f 1631/3415/3415 1632/3416/3416 1630/3417/3417
f 1634/3418/3418 1635/3419/3419 1633/3420/3420
f 1637/3421/3421 1638/3422/3422 1636/3423/3423
f 1639/3424/3424 1638/3425/3425 1637/3426/3426
f 1639/3427/3427 1637/3428/3428 1640/3429/3429
f 1640/3430/3430 1637/3431/3431 1636/3432/3432
f 1642/3433/3433 1643/3434/3434 1641/3435/3435
f 1641/3436/3436 1643/3437/3437 1644/3438/3438
f 1641/3439/3439 1644/3440/3440 1645/3441/3441
f 1642/3442/3442 1641/3443/3443 1645/3444/3444
f 1647/3445/3445 1648/3446/3446 1646/3447/3447
f 1649/3448/3448 1648/3449/3449 1647/3450/3450
f 1649/3451/3451 1647/3452/3452 1650/3453/3453
f 1650/3454/3454 1647/3455/3455 1646/3456/3456
f 1652/3457/3457 1653/3458/3458 1651/3459/3459
f 1651/3460/3460 1653/3461/3461 1654/3462/3462
f 1651/3463/3463 1654/3464/3464 1655/3465/3465
f 1652/3466/3466 1651/3467/3467 1655/3468/3468
f 1657/3469/3469 1658/3470/3470 1656/3471/3471
f 1656/3472/3472 1658/3473/3473 1659/3474/3474
f 1656/3475/3475 1659/3476/3476 1660/3477/3477
f 1657/3478/3478 1656/3479/3479 1660/3480/3480
f 1662/3481/3481 1663/3482/3482 1661/3483/3483
f 1663/3484/3484 1664/3485/3485 1661/3486/3486
f 1665/3487/3487 1664/3488/3488 1663/3489/3489
f 1662/3490/3490 1665/3491/3491 1663/3492/3492
f 1662/3493/3493 1666/3494/3494 1665/3495/3495
f 1666/3496/3496 1667/3497/3497 1665/3498/3498
f 1665/3499/3499 1667/3500/3500 1664/3501/3501
f 1669/3502/3502 1670/3503/3503 1668/3504/3504
f 1671/3505/3505 1668/3506/3506 1670/3507/3507
f 1672/3508/3508 1669/3509/3509 1668/3510/3510
f 1668/3511/3511 1666/3512/3512 1672/3513/3513
f 1668/3514/3514 1671/3515/3515 1666/3516/3516
f 1666/3517/3517 1671/3518/3518 1667/3519/3519
f 1671/3520/3520 1673/3521/3521 1667/3522/3522
f 1674/3523/3523 1667/3524/3524 1673/3525/3525
f 1673/3526/3526 1671/3527/3527 1675/3528/3528
f 1673/3529/3529 1675/3530/3530 1676/3531/3531
f 1674/3532/3532 1673/3533/3533 1676/3534/3534
f 1678/3535/3535 1679/3536/3536 1677/3537/3537
f 1677/3538/3538 1679/3539/3539 1680/3540/3540
f 1682/3541/3541 1678/3542/3542 1681/3543/3543
f 1682/3544/3544 1681/3545/3545 1680/3546/3546
f 1682/3547/3547 1683/3548/3548 1678/3549/3549
f 1683/3550/3550 1684/3551/3551 1678/3552/3552
f 1678/3553/3553 1684/3554/3554 1679/3555/3555
f 1686/3556/3556 1687/3557/3557 1685/3558/3558
f 1688/3559/3559 1685/3560/3560 1687/3561/3561
f 1689/3562/3562 1686/3563/3563 1685/3564/3564
f 1685/3565/3565 1683/3566/3566 1689/3567/3567
f 1685/3568/3568 1688/3569/3569 1683/3570/3570
f 1683/3571/3571 1688/3572/3572 1684/3573/3573
f 1688/3574/3574 1690/3575/3575 1684/3576/3576
f 1691/3577/3577 1684/3578/3578 1690/3579/3579
f 1690/3580/3580 1688/3581/3581 1692/3582/3582
f 1690/3583/3583 1692/3584/3584 1693/3585/3585
f 1691/3586/3586 1690/3587/3587 1693/3588/3588
f 1695/3589/3589 1696/3590/3590 1694/3591/3591
f 1698/3592/3592 1699/3593/3593 1697/3594/3594
f 1701/3595/3595 1702/3596/3596 1700/3597/3597
f 1704/3598/3598 1705/3599/3599 1703/3600/3600
f 1707/3601/3601 1708/3602/3602 1706/3603/3603
f 1710/3604/3604 1711/3605/3605 1709/3606/3606
f 1709/3607/3607 1711/3608/3608 1712/3609/3609
f 1709/3610/3610 1712/3611/3611 1713/3612/3612
f 1710/3613/3613 1709/3614/3614 1713/3615/3615
f 1715/3616/3616 1716/3617/3617 1714/3618/3618
f 1715/3619/3619 1717/3620/3620 1716/3621/3621
f 1716/3622/3622 1717/3623/3623 1718/3624/3624
f 1716/3625/3625 1718/3626/3626 1714/3627/3627
f 1720/3628/3628 1721/3629/3629 1719/3630/3630
f 1720/3631/3631 1722/3632/3632 1721/3633/3633
f 1721/3634/3634 1722/3635/3635 1723/3636/3636
f 1721/3637/3637 1723/3638/3638 1719/3639/3639
f 1725/3640/3640 1726/3641/3641 1724/3642/3642
f 1724/3643/3643 1726/3644/3644 1727/3645/3645
f 1729/3646/3646 1725/3647/3647 1728/3648/3648
f 1729/3649/3649 1728/3650/3650 1727/3651/3651
f 1729/3652/3652 1730/3653/3653 1725/3654/3654
f 1730/3655/3655 1731/3656/3656 1725/3657/3657
f 1725/3658/3658 1731/3659/3659 1726/3660/3660
f 1733/3661/3661 1734/3662/3662 1732/3663/3663
f 1735/3664/3664 1732/3665/3665 1734/3666/3666
f 1736/3667/3667 1733/3668/3668 1732/3669/3669
f 1732/3670/3670 1730/3671/3671 1736/3672/3672
f 1732/3673/3673 1735/3674/3674 1730/3675/3675
f 1730/3676/3676 1735/3677/3677 1731/3678/3678
f 1735/3679/3679 1737/3680/3680 1731/3681/3681
f 1738/3682/3682 1731/3683/3683 1737/3684/3684
f 1737/3685/3685 1735/3686/3686 1739/3687/3687
f 1737/3688/3688 1739/3689/3689 1740/3690/3690
f 1738/3691/3691 1737/3692/3692 1740/3693/3693
f 1742/3694/3694 1743/3695/3695 1741/3696/3696
f 1745/3697/3697 1746/3698/3698 1744/3699/3699
f 1748/3700/3700 1749/3701/3701 1747/3702/3702
f 1751/3703/3703 1752/3704/3704 1750/3705/3705
f 1754/3706/3706 1755/3707/3707 1753/3708/3708
f 1757/3709/3709 1758/3710/3710 1756/3711/3711
f 1756/3712/3712 1758/3713/3713 1759/3714/3714
f 1756/3715/3715 1759/3716/3716 1760/3717/3717
f 1757/3718/3718 1756/3719/3719 1760/3720/3720
f 1762/3721/3721 1763/3722/3722 1761/3723/3723
f 1762/3724/3724 1764/3725/3725 1763/3726/3726
f 1763/3727/3727 1764/3728/3728 1765/3729/3729
f 1763/3730/3730 1765/3731/3731 1761/3732/3732
f 1767/3733/3733 1768/3734/3734 1766/3735/3735
f 1767/3736/3736 1769/3737/3737 1768/3738/3738
f 1768/3739/3739 1769/3740/3740 1770/3741/3741
f 1768/3742/3742 1770/3743/3743 1766/3744/3744
f 1772/3745/3745 1773/3746/3746 1771/3747/3747
f 1771/3748/3748 1773/3749/3749 1774/3750/3750
f 1771/3751/3751 1774/3752/3752 1775/3753/3753
f 1772/3754/3754 1771/3755/3755 1775/3756/3756
f 1777/3757/3757 1778/3758/3758 1776/3759/3759
f 1780/3760/3760 1781/3761/3761 1779/3762/3762
f 1783/3763/3763 1784/3764/3764 1782/3765/3765
f 1786/3766/3766 1787/3767/3767 1785/3768/3768
f 1789/3769/3769 1790/3770/3770 1788/3771/3771
f 1791/3772/3772 1790/3773/3773 1789/3774/3774
f 1791/3775/3775 1789/3776/3776 1792/3777/3777
f 1792/3778/3778 1789/3779/3779 1788/3780/3780
f 1794/3781/3781 1795/3782/3782 1793/3783/3783
f 1793/3784/3784 1795/3785/3785 1796/3786/3786
f 1793/3787/3787 1796/3788/3788 1797/3789/3789
f 1794/3790/3790 1793/3791/3791 1797/3792/3792
f 1799/3793/3793 1800/3794/3794 1798/3795/3795
f 1801/3796/3796 1800/3797/3797 1799/3798/3798
f 1801/3799/3799 1799/3800/3800 1802/3801/3801
f 1802/3802/3802 1799/3803/3803 1798/3804/3804
f 1804/3805/3805 1805/3806/3806 1803/3807/3807
f 1803/3808/3808 1805/3809/3809 1806/3810/3810
f 1803/3811/3811 1806/3812/3812 1807/3813/3813
f 1804/3814/3814 1803/3815/3815 1807/3816/3816
f 1809/3817/3817 1810/3818/3818 1808/3819/3819
f 1808/3820/3820 1810/3821/3821 1811/3822/3822
f 1808/3823/3823 1811/3824/3824 1812/3825/3825
f 1809/3826/3826 1808/3827/3827 1812/3828/3828
f 1814/3829/3829 1815/3830/3830 1813/3831/3831
f 1815/3832/3832 1816/3833/3833 1813/3834/3834
f 1815/3835/3835 1817/3836/3836 1816/3837/3837
f 1818/3838/3838 1816/3839/3839 1817/3840/3840
f 1814/3841/3841 1817/3842/3842 1815/3843/3843
f 1814/3844/3844 1818/3845/3845 1817/3846/3846
f 1814/3847/3847 1819/3848/3848 1818/3849/3849
f 1819/3850/3850 1820/3851/3851 1818/3852/3852
f 1818/3853/3853 1820/3854/3854 1816/3855/3855
f 1822/3856/3856 1823/3857/3857 1821/3858/3858
f 1824/3859/3859 1821/3860/3860 1823/3861/3861
f 1825/3862/3862 1822/3863/3863 1821/3864/3864
f 1821/3865/3865 1819/3866/3866 1825/3867/3867
f 1821/3868/3868 1824/3869/3869 1819/3870/3870
f 1819/3871/3871 1824/3872/3872 1820/3873/3873
f 1824/3874/3874 1826/3875/3875 1820/3876/3876
f 1827/3877/3877 1820/3878/3878 1826/3879/3879
f 1826/3880/3880 1824/3881/3881 1828/3882/3882
f 1826/3883/3883 1828/3884/3884 1829/3885/3885
f 1827/3886/3886 1826/3887/3887 1829/3888/3888
f 1831/3889/3889 1832/3890/3890 1830/3891/3891
f 1834/3892/3892 1835/3893/3893 1833/3894/3894
f 1837/3895/3895 1838/3896/3896 1836/3897/3897
f 1840/3898/3898 1841/3899/3899 1839/3900/3900
f 1843/3901/3901 1844/3902/3902 1842/3903/3903
f 1846/3904/3904 1847/3905/3905 1845/3906/3906
f 1845/3907/3907 1847/3908/3908 1848/3909/3909
f 1845/3910/3910 1848/3911/3911 1849/3912/3912
f 1846/3913/3913 1845/3914/3914 1849/3915/3915
f 1851/3916/3916 1852/3917/3917 1850/3918/3918
f 1851/3919/3919 1853/3920/3920 1852/3921/3921
f 1852/3922/3922 1853/3923/3923 1854/3924/3924
f 1852/3925/3925 1854/3926/3926 1850/3927/3927
f 1856/3928/3928 1857/3929/3929 1855/3930/3930
f 1856/3931/3931 1858/3932/3932 1857/3933/3933
f 1857/3934/3934 1858/3935/3935 1859/3936/3936
f 1857/3937/3937 1859/3938/3938 1855/3939/3939
f 1861/3940/3940 1862/3941/3941 1860/3942/3942
f 1860/3943/3943 1862/3944/3944 1863/3945/3945
f 1865/3946/3946 1861/3947/3947 1864/3948/3948
f 1865/3949/3949 1864/3950/3950 1863/3951/3951
f 1865/3952/3952 1866/3953/3953 1861/3954/3954
f 1866/3955/3955 1867/3956/3956 1861/3957/3957
f 1861/3958/3958 1867/3959/3959 1862/3960/3960
f 1869/3961/3961 1870/3962/3962 1868/3963/3963
f 1871/3964/3964 1868/3965/3965 1870/3966/3966
f 1872/3967/3967 1869/3968/3968 1868/3969/3969
f 1868/3970/3970 1866/3971/3971 1872/3972/3972
f 1868/3973/3973 1871/3974/3974 1866/3975/3975
f 1866/3976/3976 1871/3977/3977 1867/3978/3978
f 1871/3979/3979 1873/3980/3980 1867/3981/3981
f 1874/3982/3982 1867/3983/3983 1873/3984/3984
f 1873/3985/3985 1871/3986/3986 1875/3987/3987
f 1873/3988/3988 1875/3989/3989 1876/3990/3990
f 1874/3991/3991 1873/3992/3992 1876/3993/3993
f 1878/3994/3994 1879/3995/3995 1877/3996/3996
f 1881/3997/3997 1882/3998/3998 1880/3999/3999
f 1884/4000/4000 1885/4001/4001 1883/4002/4002
f 1887/4003/4003 1888/4004/4004 1886/4005/4005
f 1890/4006/4006 1891/4007/4007 1889/4008/4008
f 1893/4009/4009 1894/4010/4010 1892/4011/4011
f 1892/4012/4012 1894/4013/4013 1895/4014/4014
f 1892/4015/4015 1895/4016/4016 1896/4017/4017
f 1893/4018/4018 1892/4019/4019 1896/4020/4020
f 1898/4021/4021 1899/4022/4022 1897/4023/4023
f 1898/4024/4024 1900/4025/4025 1899/4026/4026
f 1899/4027/4027 1900/4028/4028 1901/4029/4029
f 1899/4030/4030 1901/4031/4031 1897/4032/4032
f 1903/4033/4033 1904/4034/4034 1902/4035/4035
f 1903/4036/4036 1905/4037/4037 1904/4038/4038
f 1904/4039/4039 1905/4040/4040 1906/4041/4041
f 1904/4042/4042 1906/4043/4043 1902/4044/4044
f 1908/4045/4045 1909/4046/4046 1907/4047/4047
f 1907/4048/4048 1909/4049/4049 1910/4050/4050
f 1907/4051/4051 1910/4052/4052 1911/4053/4053
f 1908/4054/4054 1907/4055/4055 1911/4056/4056
f 1913/4057/4057 1914/4058/4058 1912/4059/4059
f 1916/4060/4060 1917/4061/4061 1915/4062/4062
f 1919/4063/4063 1920/4064/4064 1918/4065/4065
f 1922/4066/4066 1923/4067/4067 1921/4068/4068
f 1925/4069/4069 1926/4070/4070 1924/4071/4071
f 1925/4072/4072 1927/4073/4073 1926/4074/4074
f 1925/4075/4075 1928/4076/4076 1927/4077/4077
f 1927/4078/4078 1928/4079/4079 1929/4080/4080
f 1926/4081/4081 1927/4082/4082 1929/4083/4083
f 1924/4084/4084 1926/4085/4085 1929/4086/4086
f 1931/4087/4087 1932/4088/4088 1930/4089/4089
f 1930/4090/4090 1932/4091/4091 1933/4092/4092
f 1930/4093/4093 1933/4094/4094 1934/4095/4095
f 1931/4096/4096 1930/4097/4097 1934/4098/4098
f 1936/4099/4099 1937/4100/4100 1935/4101/4101
f 1938/4102/4102 1937/4103/4103 1936/4104/4104
f 1938/4105/4105 1936/4106/4106 1939/4107/4107
f 1939/4108/4108 1936/4109/4109 1935/4110/4110
f 1941/4111/4111 1942/4112/4112 1940/4113/4113
f 1940/4114/4114 1942/4115/4115 1943/4116/4116
f 1940/4117/4117 1943/4118/4118 1944/4119/4119
f 1941/4120/4120 1940/4121/4121 1944/4122/4122
f 1946/4123/4123 1947/4124/4124 1945/4125/4125
f 1945/4126/4126 1947/4127/4127 1948/4128/4128
f 1945/4129/4129 1948/4130/4130 1949/4131/4131
f 1946/4132/4132 1945/4133/4133 1949/4134/4134
f 1951/4135/4135 1952/4136/4136 1950/4137/4137
f 1952/4138/4138 1953/4139/4139 1950/4140/4140
f 1954/4141/4141 1953/4142/4142 1952/4143/4143
f 1951/4144/4144 1954/4145/4145 1952/4146/4146
f 1951/4147/4147 1955/4148/4148 1954/4149/4149
f 1955/4150/4150 1956/4151/4151 1954/4152/4152
f 1954/4153/4153 1956/4154/4154 1953/4155/4155
f 1958/4156/4156 1959/4157/4157 1957/4158/4158
f 1960/4159/4159 1957/4160/4160 1959/4161/4161
f 1961/4162/4162 1958/4163/4163 1957/4164/4164
f 1957/4165/4165 1955/4166/4166 1961/4167/4167
f 1957/4168/4168 1960/4169/4169 1955/4170/4170
f 1955/4171/4171 1960/4172/4172 1956/4173/4173
f 1960/4174/4174 1962/4175/4175 1956/4176/4176
f 1963/4177/4177 1956/4178/4178 1962/4179/4179
f 1962/4180/4180 1960/4181/4181 1964/4182/4182
f 1962/4183/4183 1964/4184/4184 1965/4185/4185
f 1963/4186/4186 1962/4187/4187 1965/4188/4188
f 1967/4189/4189 1968/4190/4190 1966/4191/4191
f 1968/4192/4192 1969/4193/4193 1966/4194/4194
f 1970/4195/4195 1969/4196/4196 1968/4197/4197
f 1967/4198/4198 1970/4199/4199 1968/4200/4200
f 1967/4201/4201 1971/4202/4202 1970/4203/4203
f 1971/4204/4204 1972/4205/4205 1970/4206/4206
f 1970/4207/4207 1972/4208/4208 1969/4209/4209
f 1974/4210/4210 1975/4211/4211 1973/4212/4212
f 1976/4213/4213 1973/4214/4214 1975/4215/4215
f 1977/4216/4216 1974/4217/4217 1973/4218/4218
f 1973/4219/4219 1971/4220/4220 1977/4221/4221
f 1973/4222/4222 1976/4223/4223 1971/4224/4224
f 1971/4225/4225 1976/4226/4226 1972/4227/4227
f 1976/4228/4228 1978/4229/4229 1972/4230/4230
f 1979/4231/4231 1972/4232/4232 1978/4233/4233
f 1978/4234/4234 1976/4235/4235 1980/4236/4236
f 1978/4237/4237 1980/4238/4238 1981/4239/4239
f 1979/4240/4240 1978/4241/4241 1981/4242/4242
f 1983/4243/4243 1984/4244/4244 1982/4245/4245
f 1982/4246/4246 1984/4247/4247 1985/4248/4248
f 1987/4249/4249 1983/4250/4250 1986/4251/4251
f 1987/4252/4252 1986/4253/4253 1985/4254/4254
f 1987/4255/4255 1988/4256/4256 1983/4257/4257
f 1988/4258/4258 1989/4259/4259 1983/4260/4260
f 1983/4261/4261 1989/4262/4262 1984/4263/4263
f 1991/4264/4264 1992/4265/4265 1990/4266/4266
f 1993/4267/4267 1990/4268/4268 1992/4269/4269
f 1994/4270/4270 1991/4271/4271 1990/4272/4272
f 1990/4273/4273 1988/4274/4274 1994/4275/4275
f 1990/4276/4276 1993/4277/4277 1988/4278/4278
f 1988/4279/4279 1993/4280/4280 1989/4281/4281
f 1993/4282/4282 1995/4283/4283 1989/4284/4284
f 1996/4285/4285 1989/4286/4286 1995/4287/4287
f 1995/4288/4288 1993/4289/4289 1997/4290/4290
f 1995/4291/4291 1997/4292/4292 1998/4293/4293
f 1996/4294/4294 1995/4295/4295 1998/4296/4296
f 2000/4297/4297 2001/4298/4298 1999/4299/4299
f 2003/4300/4300 2004/4301/4301 2002/4302/4302
f 2006/4303/4303 2007/4304/4304 2005/4305/4305
f 2009/4306/4306 2010/4307/4307 2008/4308/4308
f 2012/4309/4309 2013/4310/4310 2011/4311/4311
f 2011/4312/4312 2013/4313/4313 2014/4314/4314
f 2011/4315/4315 2014/4316/4316 2015/4317/4317
f 2012/4318/4318 2011/4319/4319 2015/4320/4320
f 2017/4321/4321 2018/4322/4322 2016/4323/4323
f 2018/4324/4324 2019/4325/4325 2016/4326/4326
f 2020/4327/4327 2019/4328/4328 2018/4329/4329
f 2017/4330/4330 2020/4331/4331 2018/4332/4332
f 2017/4333/4333 2021/4334/4334 2020/4335/4335
f 2021/4336/4336 2022/4337/4337 2020/4338/4338
f 2020/4339/4339 2022/4340/4340 2019/4341/4341
f 2024/4342/4342 2025/4343/4343 2023/4344/4344
f 2026/4345/4345 2023/4346/4346 2025/4347/4347
f 2027/4348/4348 2024/4349/4349 2023/4350/4350
f 2023/4351/4351 2021/4352/4352 2027/4353/4353
f 2023/4354/4354 2026/4355/4355 2021/4356/4356
f 2021/4357/4357 2026/4358/4358 2022/4359/4359
f 2026/4360/4360 2028/4361/4361 2022/4362/4362
f 2029/4363/4363 2022/4364/4364 2028/4365/4365
f 2028/4366/4366 2026/4367/4367 2030/4368/4368
f 2028/4369/4369 2030/4370/4370 2031/4371/4371
f 2029/4372/4372 2028/4373/4373 2031/4374/4374
f 2033/4375/4375 2034/4376/4376 2032/4377/4377
f 2033/4378/4378 2035/4379/4379 2034/4380/4380
f 2034/4381/4381 2035/4382/4382 2036/4383/4383
f 2034/4384/4384 2036/4385/4385 2032/4386/4386
f 2038/4387/4387 2039/4388/4388 2037/4389/4389
f 2038/4390/4390 2040/4391/4391 2039/4392/4392
f 2041/4393/4393 2040/4394/4394 2038/4395/4395
f 2041/4396/4396 2038/4397/4397 2037/4398/4398
f 2043/4399/4399 2044/4400/4400 2042/4401/4401
f 2043/4402/4402 2042/4403/4403 2045/4404/4404
f 2043/4405/4405 2045/4406/4406 2046/4407/4407
f 2044/4408/4408 2043/4409/4409 2046/4410/4410
f 2048/4411/4411 2049/4412/4412 2047/4413/4413
f 2047/4414/4414 2049/4415/4415 2050/4416/4416
f 2047/4417/4417 2050/4418/4418 2051/4419/4419
f 2048/4420/4420 2047/4421/4421 2051/4422/4422
f 2053/4423/4423 2054/4424/4424 2052/4425/4425
f 2053/4426/4426 2055/4427/4427 2054/4428/4428
f 2056/4429/4429 2055/4430/4430 2053/4431/4431
f 2056/4432/4432 2053/4433/4433 2052/4434/4434
f 2058/4435/4435 2059/4436/4436 2057/4437/4437
f 2060/4438/4438 2059/4439/4439 2058/4440/4440
f 2060/4441/4441 2058/4442/4442 2061/4443/4443
f 2061/4444/4444 2058/4445/4445 2057/4446/4446
f 2063/4447/4447 2064/4448/4448 2062/4449/4449
f 2063/4450/4450 2065/4451/4451 2064/4452/4452
f 2066/4453/4453 2065/4454/4454 2063/4455/4455
f 2066/4456/4456 2063/4457/4457 2062/4458/4458
f 2068/4459/4459 2069/4460/4460 2067/4461/4461
f 2068/4462/4462 2067/4463/4463 2070/4464/4464
f 2070/4465/4465 2067/4466/4466 2071/4467/4467
f 2072/4468/4468 2073/4469/4469 2071/4470/4470
f 2072/4471/4471 2074/4472/4472 2073/4473/4473
f 2072/4474/4474 2075/4475/4475 2074/4476/4476
f 2075/4477/4477 2076/4478/4478 2074/4479/4479
f 2078/4480/4480 2079/4481/4481 2077/4482/4482
f 2080/4483/4483 2077/4484/4484 2079/4485/4485
f 2082/4486/4486 2078/4487/4487 2081/4488/4488
f 2082/4489/4489 2081/4490/4490 2083/4491/4491
f 2084/4492/4492 2080/4493/4493 2079/4494/4494
f 2079/4495/4495 2075/4496/4496 2084/4497/4497
f 2079/4498/4498 2078/4499/4499 2075/4500/4500
f 2075/4501/4501 2078/4502/4502 2076/4503/4503
f 2078/4504/4504 2082/4505/4505 2076/4506/4506
f 2085/4507/4507 2076/4508/4508 2082/4509/4509
f 2085/4510/4510 2082/4511/4511 2083/4512/4512
f 2087/4513/4513 2088/4514/4514 2086/4515/4515
f 2087/4516/4516 2089/4517/4517 2088/4518/4518
f 2087/4519/4519 2090/4520/4520 2089/4521/4521
f 2092/4522/4522 2093/4523/4523 2091/4524/4524
f 2092/4525/4525 2091/4526/4526 2094/4527/4527
f 2095/4528/4528 2092/4529/4529 2094/4530/4530
f 2093/4531/4531 2092/4532/4532 2096/4533/4533
f 2095/4534/4534 2096/4535/4535 2092/4536/4536
f 2098/4537/4537 2099/4538/4538 2097/4539/4539
f 2097/4540/4540 2090/4541/4541 2098/4542/4542
f 2099/4543/4543 2100/4544/4544 2097/4545/4545
f 2093/4546/4546 2097/4547/4547 2100/4548/4548
f 2097/4549/4549 2093/4550/4550 2090/4551/4551
f 2090/4552/4552 2093/4553/4553 2096/4554/4554
f 2090/4555/4555 2096/4556/4556 2089/4557/4557
f 2089/4558/4558 2096/4559/4559 2101/4560/4560
f 2089/4561/4561 2101/4562/4562 2102/4563/4563
f 2102/4564/4564 2101/4565/4565 2086/4566/4566
f 2104/4567/4567 2105/4568/4568 2103/4569/4569
f 2106/4570/4570 2104/4571/4571 2103/4572/4572
f 2104/4573/4573 2107/4574/4574 2105/4575/4575
f 2107/4576/4576 2104/4577/4577 2108/4578/4578
f 2106/4579/4579 2108/4580/4580 2104/4581/4581
f 2110/4582/4582 2111/4583/4583 2109/4584/4584
f 2110/4585/4585 2109/4586/4586 2112/4587/4587
f 2110/4588/4588 2112/4589/4589 2113/4590/4590
f 2112/4591/4591 2114/4592/4592 2113/4593/4593
f 2109/4594/4594 2114/4595/4595 2112/4596/4596
f 2109/4597/4597 2108/4598/4598 2114/4599/4599
f 2111/4600/4600 2108/4601/4601 2109/4602/4602
f 2111/4603/4603 2107/4604/4604 2108/4605/4605
f 2115/4606/4606 2107/4607/4607 2111/4608/4608
f 2107/4609/4609 2115/4610/4610 2116/4611/4611
f 2117/4612/4612 2116/4613/4613 2115/4614/4614
f 2118/4615/4615 2117/4616/4616 2115/4617/4617
f 2115/4618/4618 2111/4619/4619 2118/4620/4620
f 2120/4621/4621 2121/4622/4622 2119/4623/4623
f 2121/4624/4624 2122/4625/4625 2119/4626/4626
f 2123/4627/4627 2122/4628/4628 2121/4629/4629
f 2120/4630/4630 2123/4631/4631 2121/4632/4632
f 2120/4633/4633 2124/4634/4634 2123/4635/4635
f 2124/4636/4636 2125/4637/4637 2123/4638/4638
f 2123/4639/4639 2125/4640/4640 2122/4641/4641
f 2127/4642/4642 2128/4643/4643 2126/4644/4644
f 2129/4645/4645 2126/4646/4646 2128/4647/4647
f 2130/4648/4648 2127/4649/4649 2126/4650/4650
f 2126/4651/4651 2124/4652/4652 2130/4653/4653
f 2126/4654/4654 2129/4655/4655 2124/4656/4656
f 2124/4657/4657 2129/4658/4658 2125/4659/4659
f 2129/4660/4660 2131/4661/4661 2125/4662/4662
f 2132/4663/4663 2125/4664/4664 2131/4665/4665
f 2131/4666/4666 2129/4667/4667 2133/4668/4668
f 2131/4669/4669 2133/4670/4670 2134/4671/4671
f 2132/4672/4672 2131/4673/4673 2134/4674/4674
f 2136/4675/4675 2137/4676/4676 2135/4677/4677
f 2138/4678/4678 2136/4679/4679 2135/4680/4680
f 2136/4681/4681 2139/4682/4682 2137/4683/4683
f 2139/4684/4684 2136/4685/4685 2140/4686/4686
f 2138/4687/4687 2140/4688/4688 2136/4689/4689
f 2142/4690/4690 2143/4691/4691 2141/4692/4692
f 2142/4693/4693 2141/4694/4694 2144/4695/4695
f 2142/4696/4696 2144/4697/4697 2145/4698/4698
f 2144/4699/4699 2146/4700/4700 2145/4701/4701
f 2141/4702/4702 2146/4703/4703 2144/4704/4704
f 2141/4705/4705 2140/4706/4706 2146/4707/4707
f 2143/4708/4708 2140/4709/4709 2141/4710/4710
f 2143/4711/4711 2139/4712/4712 2140/4713/4713
f 2147/4714/4714 2139/4715/4715 2143/4716/4716
f 2139/4717/4717 2147/4718/4718 2148/4719/4719
f 2149/4720/4720 2148/4721/4721 2147/4722/4722
f 2150/4723/4723 2149/4724/4724 2147/4725/4725
f 2147/4726/4726 2143/4727/4727 2150/4728/4728
# geoset_02, 415 grouped triangles

usemtl leafs.png
o geoset_02
g geoset_02

f 2152/4729/4729 2153/4730/4730 2151/4731/4731
f 2155/4732/4732 2156/4733/4733 2154/4734/4734
f 2154/4735/4735 2157/4736/4736 2155/4737/4737
f 2159/4738/4738 2160/4739/4739 2158/4740/4740
f 2160/4741/4741 2159/4742/4742 2161/4743/4743
f 2162/4744/4744 2163/4745/4745 2158/4746/4746
f 2162/4747/4747 2161/4748/4748 2163/4749/4749
f 2164/4750/4750 2163/4751/4751 2161/4752/4752
f 2164/4753/4753 2161/4754/4754 2159/4755/4755
f 2166/4756/4756 2167/4757/4757 2165/4758/4758
f 2168/4759/4759 2169/4760/4760 2165/4761/4761
f 2166/4762/4762 2165/4763/4763 2169/4764/4764
f 2170/4765/4765 2165/4766/4766 2167/4767/4767
f 2171/4768/4768 2165/4769/4769 2170/4770/4770
f 2171/4771/4771 2168/4772/4772 2165/4773/4773
f 2171/4774/4774 2172/4775/4775 2168/4776/4776
f 2168/4777/4777 2172/4778/4778 2169/4779/4779
f 2173/4780/4780 2169/4781/4781 2172/4782/4782
f 2175/4783/4783 2176/4784/4784 2174/4785/4785
f 2177/4786/4786 2174/4787/4787 2176/4788/4788
f 2175/4789/4789 2174/4790/4790 2178/4791/4791
f 2179/4792/4792 2178/4793/4793 2174/4794/4794
f 2174/4795/4795 2177/4796/4796 2179/4797/4797
f 2180/4798/4798 2179/4799/4799 2177/4800/4800
f 2182/4801/4801 2178/4802/4802 2181/4803/4803
f 2181/4804/4804 2178/4805/4805 2179/4806/4806
f 2179/4807/4807 2183/4808/4808 2181/4809/4809
f 2184/4810/4810 2181/4811/4811 2183/4812/4812
f 2181/4813/4813 2184/4814/4814 2182/4815/4815
f 2185/4816/4816 2182/4817/4817 2184/4818/4818
f 2187/4819/4819 2188/4820/4820 2186/4821/4821
f 2190/4822/4822 2187/4823/4823 2189/4824/4824
f 2186/4825/4825 2189/4826/4826 2187/4827/4827
f 2186/4828/4828 2191/4829/4829 2189/4830/4830
f 2186/4831/4831 2188/4832/4832 2191/4833/4833
f 2191/4834/4834 2188/4835/4835 2192/4836/4836
f 2194/4837/4837 2195/4838/4838 2193/4839/4839
f 2192/4840/4840 2188/4841/4841 2193/4842/4842
f 2192/4843/4843 2193/4844/4844 2195/4845/4845
f 2192/4846/4846 2195/4847/4847 2191/4848/4848
f 2196/4849/4849 2191/4850/4850 2195/4851/4851
f 2196/4852/4852 2189/4853/4853 2191/4854/4854
f 2198/4855/4855 2199/4856/4856 2197/4857/4857
f 2200/4858/4858 2197/4859/4859 2199/4860/4860
f 2199/4861/4861 2201/4862/4862 2200/4863/4863
f 2202/4864/4864 2200/4865/4865 2201/4866/4866
f 2204/4867/4867 2205/4868/4868 2203/4869/4869
f 2204/4870/4870 2203/4871/4871 2206/4872/4872
f 2207/4873/4873 2206/4874/4874 2203/4875/4875
f 2203/4876/4876 2208/4877/4877 2207/4878/4878
f 2203/4879/4879 2205/4880/4880 2208/4881/4881
f 2209/4882/4882 2208/4883/4883 2205/4884/4884
f 2209/4885/4885 2205/4886/4886 2210/4887/4887
f 2210/4888/4888 2211/4889/4889 2209/4890/4890
f 2212/4891/4891 2209/4892/4892 2211/4893/4893
f 2209/4894/4894 2212/4895/4895 2208/4896/4896
f 2213/4897/4897 2208/4898/4898 2212/4899/4899
f 2213/4900/4900 2207/4901/4901 2208/4902/4902
f 2207/4903/4903 2213/4904/4904 2214/4905/4905
f 2216/4906/4906 2217/4907/4907 2215/4908/4908
f 2218/4909/4909 2215/4910/4910 2217/4911/4911
f 2215/4912/4912 2218/4913/4913 2219/4914/4914
f 2220/4915/4915 2219/4916/4916 2218/4917/4917
f 2219/4918/4918 2220/4919/4919 2221/4920/4920
f 2222/4921/4921 2221/4922/4922 2220/4923/4923
f 2221/4924/4924 2222/4925/4925 2223/4926/4926
f 2224/4927/4927 2223/4928/4928 2222/4929/4929
f 2226/4930/4930 2227/4931/4931 2225/4932/4932
f 2228/4933/4933 2227/4934/4934 2226/4935/4935
f 2229/4936/4936 2228/4937/4937 2226/4938/4938
f 2231/4939/4939 2227/4940/4940 2230/4941/4941
f 2228/4942/4942 2230/4943/4943 2227/4944/4944
f 2228/4945/4945 2232/4946/4946 2230/4947/4947
f 2229/4948/4948 2232/4949/4949 2228/4950/4950
f 2233/4951/4951 2232/4952/4952 2229/4953/4953
f 2229/4954/4954 2234/4955/4955 2233/4956/4956
f 2235/4957/4957 2233/4958/4958 2234/4959/4959
f 2235/4960/4960 2227/4961/4961 2233/4962/4962
f 2236/4963/4963 2230/4964/4964 2232/4965/4965
f 2236/4966/4966 2232/4967/4967 2237/4968/4968
f 2233/4969/4969 2237/4970/4970 2232/4971/4971
f 2237/4972/4972 2233/4973/4973 2231/4974/4974
f 2227/4975/4975 2231/4976/4976 2233/4977/4977
f 2239/4978/4978 2240/4979/4979 2238/4980/4980
f 2241/4981/4981 2238/4982/4982 2240/4983/4983
f 2243/4984/4984 2239/4985/4985 2242/4986/4986
f 2238/4987/4987 2242/4988/4988 2239/4989/4989
f 2238/4990/4990 2244/4991/4991 2242/4992/4992
f 2238/4993/4993 2241/4994/4994 2244/4995/4995
f 2245/4996/4996 2244/4997/4997 2241/4998/4998
f 2247/4999/4999 2248/5000/5000 2246/5001/5001
f 2249/5002/5002 2246/5003/5003 2248/5004/5004
f 2248/5005/5005 2250/5006/5006 2249/5007/5007
f 2242/5008/5008 2251/5009/5009 2243/5010/5010
f 2242/5011/5011 2252/5012/5012 2251/5013/5013
f 2252/5014/5014 2242/5015/5015 2244/5016/5016
f 2252/5017/5017 2244/5018/5018 2253/5019/5019
f 2253/5020/5020 2251/5021/5021 2252/5022/5022
f 2245/5023/5023 2246/5024/5024 2244/5025/5025
f 2249/5026/5026 2244/5027/5027 2246/5028/5028
f 2249/5029/5029 2253/5030/5030 2244/5031/5031
f 2253/5032/5032 2249/5033/5033 2250/5034/5034
f 2253/5035/5035 2250/5036/5036 2251/5037/5037
f 2255/5038/5038 2256/5039/5039 2254/5040/5040
f 2256/5041/5041 2255/5042/5042 2257/5043/5043
f 2258/5044/5044 2257/5045/5045 2255/5046/5046
f 2257/5047/5047 2258/5048/5048 2259/5049/5049
f 2260/5050/5050 2259/5051/5051 2258/5052/5052
f 2259/5053/5053 2261/5054/5054 2257/5055/5055
f 2262/5056/5056 2257/5057/5057 2261/5058/5058
f 2257/5059/5059 2262/5060/5060 2256/5061/5061
f 2263/5062/5062 2264/5063/5063 2260/5064/5064
f 2259/5065/5065 2260/5066/5066 2264/5067/5067
f 2264/5068/5068 2265/5069/5069 2259/5070/5070
f 2261/5071/5071 2259/5072/5072 2265/5073/5073
f 2265/5074/5074 2156/5075/5075 2261/5076/5076
f 2262/5077/5077 2261/5078/5078 2156/5079/5079
f 2262/5080/5080 2156/5081/5081 2155/5082/5082
f 2155/5083/5083 2256/5084/5084 2262/5085/5085
f 2256/5086/5086 2155/5087/5087 2157/5088/5088
f 2157/5089/5089 2254/5090/5090 2256/5091/5091
f 2267/5092/5092 2268/5093/5093 2266/5094/5094
f 2269/5095/5095 2266/5096/5096 2268/5097/5097
f 2269/5098/5098 2270/5099/5099 2266/5100/5100
f 2271/5101/5101 2266/5102/5102 2270/5103/5103
f 2271/5104/5104 2270/5105/5105 2272/5106/5106
f 2272/5107/5107 2273/5108/5108 2271/5109/5109
f 2272/5110/5110 2274/5111/5111 2273/5112/5112
f 2271/5113/5113 2273/5114/5114 2266/5115/5115
f 2267/5116/5116 2276/5117/5117 2275/5118/5118
f 2267/5119/5119 2266/5120/5120 2276/5121/5121
f 2277/5122/5122 2276/5123/5123 2266/5124/5124
f 2277/5125/5125 2266/5126/5126 2273/5127/5127
f 2277/5128/5128 2273/5129/5129 2278/5130/5130
f 2274/5131/5131 2278/5132/5132 2273/5133/5133
f 2274/5134/5134 2279/5135/5135 2278/5136/5136
f 2272/5137/5137 2279/5138/5138 2274/5139/5139
f 2276/5140/5140 2277/5141/5141 2280/5142/5142
f 2278/5143/5143 2280/5144/5144 2277/5145/5145
f 2278/5146/5146 2281/5147/5147 2280/5148/5148
f 2281/5149/5149 2278/5150/5150 2279/5151/5151
f 2283/5152/5152 2284/5153/5153 2282/5154/5154
f 2275/5155/5155 2282/5156/5156 2284/5157/5157
f 2275/5158/5158 2276/5159/5159 2282/5160/5160
f 2286/5161/5161 2287/5162/5162 2285/5163/5163
f 2288/5164/5164 2280/5165/5165 2281/5166/5166
f 2288/5167/5167 2285/5168/5168 2280/5169/5169
f 2280/5170/5170 2285/5171/5171 2287/5172/5172
f 2280/5173/5173 2287/5174/5174 2276/5175/5175
f 2289/5176/5176 2276/5177/5177 2287/5178/5178
f 2289/5179/5179 2282/5180/5180 2276/5181/5181
f 2291/5182/5182 2292/5183/5183 2290/5184/5184
f 2293/5185/5185 2290/5186/5186 2292/5187/5187
f 2292/5188/5188 2294/5189/5189 2293/5190/5190
f 2295/5191/5191 2293/5192/5192 2294/5193/5193
f 2296/5194/5194 2295/5195/5195 2294/5196/5196
f 2297/5197/5197 2295/5198/5198 2296/5199/5199
f 2297/5200/5200 2298/5201/5201 2295/5202/5202
f 2293/5203/5203 2295/5204/5204 2298/5205/5205
f 2298/5206/5206 2299/5207/5207 2293/5208/5208
f 2290/5209/5209 2293/5210/5210 2299/5211/5211
f 2301/5212/5212 2302/5213/5213 2300/5214/5214
f 2303/5215/5215 2300/5216/5216 2302/5217/5217
f 2302/5218/5218 2304/5219/5219 2303/5220/5220
f 2305/5221/5221 2303/5222/5222 2304/5223/5223
f 2299/5224/5224 2298/5225/5225 2301/5226/5226
f 2302/5227/5227 2301/5228/5228 2298/5229/5229
f 2298/5230/5230 2297/5231/5231 2302/5232/5232
f 2304/5233/5233 2302/5234/5234 2297/5235/5235
f 2296/5236/5236 2304/5237/5237 2297/5238/5238
f 2305/5239/5239 2304/5240/5240 2296/5241/5241
f 2307/5242/5242 2308/5243/5243 2306/5244/5244
f 2309/5245/5245 2306/5246/5246 2308/5247/5247
f 2308/5248/5248 2310/5249/5249 2309/5250/5250
f 2311/5251/5251 2309/5252/5252 2310/5253/5253
f 2310/5254/5254 2312/5255/5255 2311/5256/5256
f 2313/5257/5257 2311/5258/5258 2312/5259/5259
f 2306/5260/5260 2309/5261/5261 2314/5262/5262
f 2315/5263/5263 2314/5264/5264 2309/5265/5265
f 2309/5266/5266 2311/5267/5267 2315/5268/5268
f 2316/5269/5269 2315/5270/5270 2311/5271/5271
f 2311/5272/5272 2313/5273/5273 2316/5274/5274
f 2317/5275/5275 2316/5276/5276 2313/5277/5277
f 2316/5278/5278 2317/5279/5279 2318/5280/5280
f 2318/5281/5281 2319/5282/5282 2316/5283/5283
f 2315/5284/5284 2316/5285/5285 2319/5286/5286
f 2319/5287/5287 2214/5288/5288 2315/5289/5289
f 2314/5290/5290 2315/5291/5291 2214/5292/5292
f 2314/5293/5293 2214/5294/5294 2213/5295/5295
f 2314/5296/5296 2213/5297/5297 2306/5298/5298
f 2212/5299/5299 2306/5300/5300 2213/5301/5301
f 2306/5302/5302 2212/5303/5303 2307/5304/5304
f 2211/5305/5305 2307/5306/5306 2212/5307/5307
f 2320/5308/5308 2318/5309/5309 2317/5310/5310
f 2207/5311/5311 2214/5312/5312 2321/5313/5313
f 2322/5314/5314 2321/5315/5315 2214/5316/5316
f 2214/5317/5317 2319/5318/5318 2322/5319/5319
f 2323/5320/5320 2322/5321/5321 2319/5322/5322
f 2319/5323/5323 2318/5324/5324 2323/5325/5325
f 2324/5326/5326 2323/5327/5327 2318/5328/5328
f 2318/5329/5329 2320/5330/5330 2324/5331/5331
f 2325/5332/5332 2324/5333/5333 2320/5334/5334
f 2327/5335/5335 2328/5336/5336 2326/5337/5337
f 2329/5338/5338 2326/5339/5339 2328/5340/5340
f 2328/5341/5341 2330/5342/5342 2329/5343/5343
f 2331/5344/5344 2329/5345/5345 2330/5346/5346
f 2330/5347/5347 2332/5348/5348 2331/5349/5349
f 2334/5350/5350 2335/5351/5351 2333/5352/5352
f 2336/5353/5353 2333/5354/5354 2335/5355/5355
f 2338/5356/5356 2333/5357/5357 2337/5358/5358
f 2336/5359/5359 2337/5360/5360 2333/5361/5361
f 2336/5362/5362 2329/5363/5363 2337/5364/5364
f 2336/5365/5365 2335/5366/5366 2329/5367/5367
f 2326/5368/5368 2329/5369/5369 2335/5370/5370
f 2340/5371/5371 2338/5372/5372 2339/5373/5373
f 2337/5374/5374 2339/5375/5375 2338/5376/5376
f 2337/5377/5377 2331/5378/5378 2339/5379/5379
f 2331/5380/5380 2337/5381/5381 2329/5382/5382
f 2340/5383/5383 2339/5384/5384 2341/5385/5385
f 2342/5386/5386 2341/5387/5387 2339/5388/5388
f 2342/5389/5389 2339/5390/5390 2343/5391/5391
f 2344/5392/5392 2342/5393/5393 2343/5394/5394
f 2344/5395/5395 2343/5396/5396 2198/5397/5397
f 2344/5398/5398 2198/5399/5399 2345/5400/5400
f 2197/5401/5401 2345/5402/5402 2198/5403/5403
f 2346/5404/5404 2343/5405/5405 2339/5406/5406
f 2346/5407/5407 2339/5408/5408 2331/5409/5409
f 2347/5410/5410 2198/5411/5411 2343/5412/5412
f 2198/5413/5413 2347/5414/5414 2199/5415/5415
f 2346/5416/5416 2331/5417/5417 2332/5418/5418
f 2332/5419/5419 2348/5420/5420 2346/5421/5421
f 2343/5422/5422 2346/5423/5423 2348/5424/5424
f 2348/5425/5425 2349/5426/5426 2343/5427/5427
f 2347/5428/5428 2343/5429/5429 2349/5430/5430
f 2347/5431/5431 2349/5432/5432 2350/5433/5433
f 2350/5434/5434 2199/5435/5435 2347/5436/5436
f 2350/5437/5437 2351/5438/5438 2199/5439/5439
f 2201/5440/5440 2199/5441/5441 2351/5442/5442
f 2152/5443/5443 2201/5444/5444 2351/5445/5445
f 2353/5446/5446 2354/5447/5447 2352/5448/5448
f 2352/5449/5449 2355/5450/5450 2353/5451/5451
f 2356/5452/5452 2353/5453/5453 2355/5454/5454
f 2353/5455/5455 2356/5456/5456 2357/5457/5457
f 2353/5458/5458 2357/5459/5459 2354/5460/5460
f 2354/5461/5461 2357/5462/5462 2358/5463/5463
f 2354/5464/5464 2358/5465/5465 2359/5466/5466
f 2358/5467/5467 2361/5468/5468 2360/5469/5469
f 2358/5470/5470 2357/5471/5471 2361/5472/5472
f 2362/5473/5473 2361/5474/5474 2357/5475/5475
f 2362/5476/5476 2357/5477/5477 2356/5478/5478
f 2363/5479/5479 2360/5480/5480 2361/5481/5481
f 2355/5482/5482 2364/5483/5483 2356/5484/5484
f 2365/5485/5485 2356/5486/5486 2364/5487/5487
f 2356/5488/5488 2365/5489/5489 2362/5490/5490
f 2366/5491/5491 2362/5492/5492 2365/5493/5493
f 2362/5494/5494 2366/5495/5495 2361/5496/5496
f 2367/5497/5497 2361/5498/5498 2366/5499/5499
f 2361/5500/5500 2367/5501/5501 2363/5502/5502
f 2368/5503/5503 2363/5504/5504 2367/5505/5505
f 2364/5506/5506 2369/5507/5507 2365/5508/5508
f 2370/5509/5509 2365/5510/5510 2369/5511/5511
f 2365/5512/5512 2370/5513/5513 2366/5514/5514
f 2371/5515/5515 2366/5516/5516 2370/5517/5517
f 2366/5518/5518 2371/5519/5519 2367/5520/5520
f 2372/5521/5521 2367/5522/5522 2371/5523/5523
f 2367/5524/5524 2372/5525/5525 2368/5526/5526
f 2373/5527/5527 2368/5528/5528 2372/5529/5529
f 2369/5530/5530 2216/5531/5531 2370/5532/5532
f 2215/5533/5533 2370/5534/5534 2216/5535/5535
f 2370/5536/5536 2215/5537/5537 2371/5538/5538
f 2219/5539/5539 2371/5540/5540 2215/5541/5541
f 2371/5542/5542 2219/5543/5543 2372/5544/5544
f 2221/5545/5545 2372/5546/5546 2219/5547/5547
f 2372/5548/5548 2221/5549/5549 2373/5550/5550
f 2223/5551/5551 2373/5552/5552 2221/5553/5553
f 2375/5554/5554 2376/5555/5555 2374/5556/5556
f 2375/5557/5557 2374/5558/5558 2377/5559/5559
f 2378/5560/5560 2377/5561/5561 2374/5562/5562
f 2378/5563/5563 2379/5564/5564 2377/5565/5565
f 2379/5566/5566 2378/5567/5567 2380/5568/5568
f 2379/5569/5569 2380/5570/5570 2381/5571/5571
f 2382/5572/5572 2381/5573/5573 2380/5574/5574
f 2381/5575/5575 2382/5576/5576 2383/5577/5577
f 2384/5578/5578 2383/5579/5579 2382/5580/5580
f 2384/5581/5581 2382/5582/5582 2385/5583/5583
f 2386/5584/5584 2385/5585/5585 2382/5586/5586
f 2387/5587/5587 2388/5588/5588 2376/5589/5589
f 2388/5590/5590 2374/5591/5591 2376/5592/5592
f 2374/5593/5593 2388/5594/5594 2389/5595/5595
f 2374/5596/5596 2389/5597/5597 2378/5598/5598
f 2390/5599/5599 2378/5600/5600 2389/5601/5601
f 2390/5602/5602 2380/5603/5603 2378/5604/5604
f 2382/5605/5605 2380/5606/5606 2386/5607/5607
f 2391/5608/5608 2386/5609/5609 2380/5610/5610
f 2380/5611/5611 2390/5612/5612 2391/5613/5613
f 2392/5614/5614 2391/5615/5615 2390/5616/5616
f 2390/5617/5617 2389/5618/5618 2392/5619/5619
f 2393/5620/5620 2392/5621/5621 2389/5622/5622
f 2389/5623/5623 2388/5624/5624 2393/5625/5625
f 2394/5626/5626 2393/5627/5627 2388/5628/5628
f 2394/5629/5629 2388/5630/5630 2387/5631/5631
f 2387/5632/5632 2395/5633/5633 2394/5634/5634
f 2395/5635/5635 2396/5636/5636 2394/5637/5637
f 2393/5638/5638 2394/5639/5639 2396/5640/5640
f 2396/5641/5641 2397/5642/5642 2393/5643/5643
f 2392/5644/5644 2393/5645/5645 2397/5646/5646
f 2397/5647/5647 2398/5648/5648 2392/5649/5649
f 2391/5650/5650 2392/5651/5651 2398/5652/5652
f 2398/5653/5653 2399/5654/5654 2391/5655/5655
f 2386/5656/5656 2391/5657/5657 2399/5658/5658
f 2399/5659/5659 2400/5660/5660 2386/5661/5661
f 2385/5662/5662 2386/5663/5663 2400/5664/5664
f 2401/5665/5665 2402/5666/5666 2383/5667/5667
f 2400/5668/5668 2399/5669/5669 2401/5670/5670
f 2402/5671/5671 2401/5672/5672 2399/5673/5673
f 2402/5674/5674 2399/5675/5675 2403/5676/5676
f 2398/5677/5677 2403/5678/5678 2399/5679/5679
f 2398/5680/5680 2397/5681/5681 2403/5682/5682
f 2395/5683/5683 2387/5684/5684 2376/5685/5685
f 2395/5686/5686 2376/5687/5687 2396/5688/5688
f 2375/5689/5689 2396/5690/5690 2376/5691/5691
f 2396/5692/5692 2375/5693/5693 2397/5694/5694
f 2377/5695/5695 2397/5696/5696 2375/5697/5697
f 2377/5698/5698 2403/5699/5699 2397/5700/5700
f 2403/5701/5701 2377/5702/5702 2379/5703/5703
f 2403/5704/5704 2379/5705/5705 2402/5706/5706
f 2381/5707/5707 2402/5708/5708 2379/5709/5709
f 2381/5710/5710 2383/5711/5711 2402/5712/5712
f 2405/5713/5713 2406/5714/5714 2404/5715/5715
f 2407/5716/5716 2404/5717/5717 2406/5718/5718
f 2406/5719/5719 2408/5720/5720 2407/5721/5721
f 2409/5722/5722 2407/5723/5723 2408/5724/5724
f 2408/5725/5725 2410/5726/5726 2409/5727/5727
f 2411/5728/5728 2409/5729/5729 2410/5730/5730
f 2412/5731/5731 2413/5732/5732 2411/5733/5733
f 2409/5734/5734 2411/5735/5735 2413/5736/5736
f 2413/5737/5737 2414/5738/5738 2409/5739/5739
f 2407/5740/5740 2409/5741/5741 2414/5742/5742
f 2414/5743/5743 2415/5744/5744 2407/5745/5745
f 2404/5746/5746 2407/5747/5747 2415/5748/5748
f 2416/5749/5749 2405/5750/5750 2404/5751/5751
f 2416/5752/5752 2404/5753/5753 2417/5754/5754
f 2415/5755/5755 2417/5756/5756 2404/5757/5757
f 2415/5758/5758 2418/5759/5759 2417/5760/5760
f 2415/5761/5761 2414/5762/5762 2418/5763/5763
f 2419/5764/5764 2418/5765/5765 2414/5766/5766
f 2414/5767/5767 2413/5768/5768 2419/5769/5769
f 2420/5770/5770 2419/5771/5771 2413/5772/5772
f 2413/5773/5773 2412/5774/5774 2420/5775/5775
f 2421/5776/5776 2420/5777/5777 2412/5778/5778
f 2422/5779/5779 2417/5780/5780 2418/5781/5781
f 2423/5782/5782 2417/5783/5783 2422/5784/5784
f 2423/5785/5785 2424/5786/5786 2417/5787/5787
f 2425/5788/5788 2417/5789/5789 2424/5790/5790
f 2424/5791/5791 2426/5792/5792 2425/5793/5793
f 2427/5794/5794 2425/5795/5795 2426/5796/5796
f 2426/5797/5797 2428/5798/5798 2427/5799/5799
f 2429/5800/5800 2427/5801/5801 2428/5802/5802
f 2431/5803/5803 2425/5804/5804 2430/5805/5805
f 2431/5806/5806 2416/5807/5807 2425/5808/5808
f 2417/5809/5809 2425/5810/5810 2416/5811/5811
f 2433/5812/5812 2434/5813/5813 2432/5814/5814
f 2435/5815/5815 2432/5816/5816 2434/5817/5817
f 2434/5818/5818 2436/5819/5819 2435/5820/5820
f 2429/5821/5821 2435/5822/5822 2436/5823/5823
f 2436/5824/5824 2430/5825/5825 2429/5826/5826
f 2427/5827/5827 2429/5828/5828 2430/5829/5829
f 2427/5830/5830 2430/5831/5831 2425/5832/5832
f 2437/5833/5833 2429/5834/5834 2428/5835/5835
f 2429/5836/5836 2437/5837/5837 2435/5838/5838
f 2438/5839/5839 2435/5840/5840 2437/5841/5841
f 2435/5842/5842 2438/5843/5843 2432/5844/5844
f 2439/5845/5845 2432/5846/5846 2438/5847/5847
f 2440/5848/5848 2432/5849/5849 2439/5850/5850
f 2439/5851/5851 2441/5852/5852 2440/5853/5853
f 2442/5854/5854 2440/5855/5855 2441/5856/5856
f 2443/5857/5857 2442/5858/5858 2441/5859/5859
f 2443/5860/5860 2444/5861/5861 2442/5862/5862
f 2445/5863/5863 2442/5864/5864 2444/5865/5865
f 2447/5866/5866 2440/5867/5867 2446/5868/5868
f 2442/5869/5869 2446/5870/5870 2440/5871/5871
f 2446/5872/5872 2442/5873/5873 2448/5874/5874
f 2445/5875/5875 2448/5876/5876 2442/5877/5877
f 2445/5878/5878 2449/5879/5879 2448/5880/5880
f 2445/5881/5881 2444/5882/5882 2449/5883/5883
f 2450/5884/5884 2449/5885/5885 2444/5886/5886
f 2451/5887/5887 2448/5888/5888 2449/5889/5889
f 2452/5890/5890 2451/5891/5891 2449/5892/5892
f 2452/5893/5893 2449/5894/5894 2450/5895/5895
f 2452/5896/5896 2454/5897/5897 2453/5898/5898
f 2454/5899/5899 2455/5900/5900 2453/5901/5901
f 2456/5902/5902 2453/5903/5903 2455/5904/5904
f 2455/5905/5905 2457/5906/5906 2456/5907/5907
f 2458/5908/5908 2456/5909/5909 2457/5910/5910
f 2453/5911/5911 2456/5912/5912 2459/5913/5913
f 2452/5914/5914 2453/5915/5915 2459/5916/5916
f 2460/5917/5917 2461/5918/5918 2458/5919/5919
f 2462/5920/5920 2458/5921/5921 2461/5922/5922
f 2458/5923/5923 2462/5924/5924 2456/5925/5925
f 2463/5926/5926 2456/5927/5927 2462/5928/5928
f 2463/5929/5929 2459/5930/5930 2456/5931/5931
f 2464/5932/5932 2350/5933/5933 2349/5934/5934
f 2464/5935/5935 2465/5936/5936 2350/5937/5937
f 2461/5938/5938 2460/5939/5939 2466/5940/5940
f 2466/5941/5941 2460/5942/5942 2467/5943/5943
f 2468/5944/5944 2467/5945/5945 2460/5946/5946
f 2467/5947/5947 2468/5948/5948 2465/5949/5949
f 2351/5950/5950 2465/5951/5951 2468/5952/5952
f 2351/5953/5953 2350/5954/5954 2465/5955/5955
f 2469/5956/5956 2470/5957/5957 2458/5958/5958
f 2460/5959/5959 2458/5960/5960 2470/5961/5961
f 2470/5962/5962 2153/5963/5963 2460/5964/5964
f 2468/5965/5965 2460/5966/5966 2153/5967/5967
f 2153/5968/5968 2152/5969/5969 2468/5970/5970
f 2351/5971/5971 2468/5972/5972 2152/5973/5973
