# Wavefront OBJ file
# Exported by Misfit Model 3D 1.3.8
# Thu Sep 12 10:39:28 2024

# 1062 Vertices
v 0.522477 -0.083852 -0.321506
v 0.519967 -0.090475 -0.330394
v 0.511487 -0.089242 -0.316988
v 0.498052 -0.114605 -0.302554
v 0.492855 -0.108783 -0.317432
v 0.521275 -0.110976 -0.31034
v 0.498052 -0.114605 -0.302554
v 0.521275 -0.110976 -0.31034
v 0.502771 -0.10839 -0.287675
v 0.474563 -0.111557 -0.294767
v 0.498052 -0.114605 -0.302554
v 0.502771 -0.10839 -0.287675
v 0.474563 -0.111557 -0.294767
v 0.492855 -0.108783 -0.317432
v 0.498052 -0.114605 -0.302554
v 0.492195 -0.092148 -0.317432
v 0.497 -0.086847 -0.30257
v 0.52035 -0.087649 -0.31034
v 0.502111 -0.091755 -0.287675
v 0.52035 -0.087649 -0.31034
v 0.497 -0.086847 -0.30257
v 0.473737 -0.090752 -0.294767
v 0.502111 -0.091755 -0.287675
v 0.497 -0.086847 -0.30257
v 0.497 -0.086847 -0.30257
v 0.492195 -0.092148 -0.317432
v 0.473737 -0.090752 -0.294767
v 0.640207 -0.10083 -0.350105
v 0.623338 -0.103871 -0.335831
v 0.619069 -0.111445 -0.342921
v 0.583944 -0.114834 -0.331172
v 0.584068 -0.107723 -0.323551
v 0.565801 -0.109251 -0.3252
v 0.618172 -0.104076 -0.351332
v 0.640207 -0.10083 -0.350105
v 0.619069 -0.111445 -0.342921
v 0.579417 -0.107908 -0.33751
v 0.583944 -0.114834 -0.331172
v 0.565801 -0.109251 -0.3252
v 0.564892 -0.08633 -0.3252
v 0.583191 -0.085604 -0.323551
v 0.582499 -0.078446 -0.331172
v 0.639708 -0.088275 -0.350105
v 0.617783 -0.079039 -0.342921
v 0.622649 -0.086508 -0.335831
v 0.639708 -0.088275 -0.350105
v 0.617483 -0.086713 -0.351332
v 0.617783 -0.079039 -0.342921
v 0.582499 -0.078446 -0.331172
v 0.578539 -0.085788 -0.33751
v 0.564892 -0.08633 -0.3252
v 0.657876 -0.104935 -0.355956
v 0.671559 -0.097985 -0.360846
v 0.658657 -0.101547 -0.353246
v 0.642879 -0.10295 -0.349962
v 0.657876 -0.104935 -0.355956
v 0.658657 -0.101547 -0.353246
v 0.656664 -0.101792 -0.35843
v 0.657876 -0.104935 -0.355956
v 0.642879 -0.10295 -0.349962
v 0.671559 -0.097985 -0.360846
v 0.657876 -0.104935 -0.355956
v 0.656664 -0.101792 -0.35843
v 0.580239 -0.109461 -0.306211
v 0.579486 -0.103905 -0.301427
v 0.56059 -0.108942 -0.315216
v 0.580239 -0.109461 -0.306211
v 0.56059 -0.108942 -0.315216
v 0.582154 -0.103333 -0.308882
v 0.59355 -0.106225 -0.303809
v 0.595434 -0.100246 -0.305927
v 0.613572 -0.097403 -0.306034
v 0.59531 -0.100491 -0.301011
v 0.59355 -0.106225 -0.303809
v 0.613572 -0.097403 -0.306034
v 0.607992 -0.108524 -0.316634
v 0.607831 -0.104752 -0.313209
v 0.590221 -0.107357 -0.320467
v 0.607992 -0.108524 -0.316634
v 0.590221 -0.107357 -0.320467
v 0.60885 -0.104328 -0.318834
v 0.61921 -0.104754 -0.316698
v 0.620105 -0.099582 -0.318506
v 0.635035 -0.096157 -0.320785
v 0.620781 -0.099676 -0.31501
v 0.61921 -0.104754 -0.316698
v 0.635035 -0.096157 -0.320785
v 0.629338 -0.105134 -0.32726
v 0.629773 -0.101149 -0.324944
v 0.619061 -0.102878 -0.329952
v 0.629338 -0.105134 -0.32726
v 0.619061 -0.102878 -0.329952
v 0.630352 -0.101116 -0.329073
v 0.636259 -0.10321 -0.327536
v 0.637419 -0.098254 -0.329108
v 0.64651 -0.096407 -0.331049
v 0.637839 -0.098266 -0.326558
v 0.636259 -0.10321 -0.327536
v 0.64651 -0.096407 -0.331049
v 0.644898 -0.103747 -0.337887
v 0.645169 -0.09991 -0.335659
v 0.636886 -0.101856 -0.339906
v 0.644898 -0.103747 -0.337887
v 0.636886 -0.101856 -0.339906
v 0.645367 -0.099639 -0.339568
v 0.649995 -0.101969 -0.338416
v 0.650545 -0.096882 -0.339863
v 0.657177 -0.095244 -0.34205
v 0.651011 -0.09694 -0.337486
v 0.649995 -0.101969 -0.338416
v 0.657177 -0.095244 -0.34205
v 0.632164 -0.102029 -0.356871
v 0.635098 -0.099836 -0.3661
v 0.636893 -0.103529 -0.363895
v 0.638116 -0.0993 -0.362735
v 0.632164 -0.102029 -0.356871
v 0.636893 -0.103529 -0.363895
v 0.648469 -0.094009 -0.368277
v 0.641991 -0.096203 -0.365883
v 0.64097 -0.1014 -0.366769
v 0.648469 -0.094009 -0.368277
v 0.64097 -0.1014 -0.366769
v 0.64059 -0.096386 -0.368311
v 0.613145 -0.10464 -0.354503
v 0.61743 -0.101813 -0.365714
v 0.619425 -0.105625 -0.363441
v 0.620868 -0.101373 -0.362337
v 0.613145 -0.10464 -0.354503
v 0.619425 -0.105625 -0.363441
v 0.633913 -0.094284 -0.370569
v 0.625841 -0.097546 -0.366669
v 0.624614 -0.102726 -0.367485
v 0.633913 -0.094284 -0.370569
v 0.624614 -0.102726 -0.367485
v 0.624312 -0.0977 -0.369241
v 0.581271 -0.10529 -0.343708
v 0.590236 -0.104391 -0.361191
v 0.592484 -0.108195 -0.357927
v 0.595079 -0.104128 -0.356652
v 0.581271 -0.10529 -0.343708
v 0.592484 -0.108195 -0.357927
v 0.617834 -0.098645 -0.371153
v 0.604133 -0.100532 -0.364028
v 0.601706 -0.105569 -0.364864
v 0.617834 -0.098645 -0.371153
v 0.601706 -0.105569 -0.364864
v 0.602172 -0.100659 -0.36765
v 0.55476 -0.109184 -0.329657
v 0.560357 -0.104384 -0.353141
v 0.564413 -0.109906 -0.349208
v 0.567939 -0.10377 -0.347954
v 0.55476 -0.109184 -0.329657
v 0.564413 -0.109906 -0.349208
v 0.591742 -0.098072 -0.368826
v 0.576738 -0.100795 -0.358364
v 0.573638 -0.106778 -0.359139
v 0.591742 -0.098072 -0.368826
v 0.573638 -0.106778 -0.359139
v 0.573082 -0.101078 -0.362736
v 0.636181 -0.085596 -0.363895
v 0.63467 -0.089063 -0.3661
v 0.63158 -0.087306 -0.356871
v 0.636181 -0.085596 -0.363895
v 0.63158 -0.087306 -0.356871
v 0.63772 -0.089318 -0.362735
v 0.640407 -0.087209 -0.366769
v 0.641817 -0.091817 -0.365883
v 0.648441 -0.093308 -0.368277
v 0.640406 -0.091758 -0.368311
v 0.640407 -0.087209 -0.366769
v 0.648441 -0.093308 -0.368277
v 0.618621 -0.08536 -0.363441
v 0.616919 -0.088947 -0.365714
v 0.612434 -0.086722 -0.354503
v 0.618621 -0.08536 -0.363441
v 0.612434 -0.086722 -0.354503
v 0.62038 -0.089085 -0.362337
v 0.624013 -0.087583 -0.367485
v 0.625627 -0.09216 -0.366669
v 0.633921 -0.094492 -0.370569
v 0.624091 -0.092137 -0.369241
v 0.624013 -0.087583 -0.367485
v 0.633921 -0.094492 -0.370569
v 0.592285 -0.083402 -0.358189
v 0.58993 -0.086902 -0.36132
v 0.581005 -0.085377 -0.343882
v 0.592285 -0.083402 -0.358189
v 0.581005 -0.085377 -0.343882
v 0.594765 -0.087086 -0.356772
v 0.601424 -0.086161 -0.365027
v 0.603708 -0.090735 -0.364016
v 0.617345 -0.092914 -0.371066
v 0.60175 -0.090698 -0.367642
v 0.601424 -0.086161 -0.365027
v 0.617345 -0.092914 -0.371066
v 0.565511 -0.085767 -0.349776
v 0.561507 -0.091002 -0.353416
v 0.556075 -0.085845 -0.330105
v 0.565511 -0.085767 -0.349776
v 0.556075 -0.085845 -0.330105
v 0.56915 -0.091185 -0.348291
v 0.574681 -0.08879 -0.359661
v 0.577888 -0.0941 -0.358657
v 0.592824 -0.096653 -0.369156
v 0.574184 -0.094098 -0.362997
v 0.574681 -0.08879 -0.359661
v 0.592824 -0.096653 -0.369156
v 0.620272 -0.086411 -0.330573
v 0.630831 -0.088395 -0.325465
v 0.630693 -0.084881 -0.327979
v 0.631399 -0.088648 -0.329587
v 0.620272 -0.086411 -0.330573
v 0.630693 -0.084881 -0.327979
v 0.64715 -0.093967 -0.331294
v 0.638228 -0.09166 -0.329465
v 0.637447 -0.087049 -0.328146
v 0.64715 -0.093967 -0.331294
v 0.637447 -0.087049 -0.328146
v 0.638653 -0.091559 -0.326917
v 0.560663 -0.084238 -0.315677
v 0.579583 -0.08886 -0.302007
v 0.580324 -0.083754 -0.306696
v 0.582239 -0.08924 -0.309475
v 0.560663 -0.084238 -0.315677
v 0.580324 -0.083754 -0.306696
v 0.613662 -0.0944 -0.30678
v 0.595524 -0.091975 -0.306595
v 0.59364 -0.086612 -0.304371
v 0.613662 -0.0944 -0.30678
v 0.59364 -0.086612 -0.304371
v 0.595408 -0.09183 -0.301675
v 0.637038 -0.08709 -0.339957
v 0.645407 -0.088637 -0.335808
v 0.645082 -0.085242 -0.338167
v 0.645529 -0.089008 -0.339709
v 0.637038 -0.08709 -0.339957
v 0.645082 -0.085242 -0.338167
v 0.657298 -0.092957 -0.342263
v 0.650706 -0.091464 -0.340006
v 0.650171 -0.086822 -0.338732
v 0.657298 -0.092957 -0.342263
v 0.650171 -0.086822 -0.338732
v 0.651219 -0.091329 -0.337642
v 0.588778 -0.084693 -0.320286
v 0.606531 -0.086243 -0.31302
v 0.60645 -0.082839 -0.31646
v 0.607421 -0.082659 -0.318644
v 0.588778 -0.084693 -0.320286
v 0.60645 -0.082839 -0.31646
v 0.634215 -0.091869 -0.320569
v 0.618956 -0.086204 -0.3183
v 0.617871 -0.085133 -0.316511
v 0.634215 -0.091869 -0.320569
v 0.617871 -0.085133 -0.316511
v 0.619765 -0.089607 -0.314804
v 0.657589 -0.087753 -0.353158
v 0.671125 -0.089421 -0.360214
v 0.656588 -0.084695 -0.355794
v 0.657589 -0.087753 -0.353158
v 0.656588 -0.084695 -0.355794
v 0.641617 -0.088168 -0.350623
v 0.641617 -0.088168 -0.350623
v 0.656588 -0.084695 -0.355794
v 0.655823 -0.087557 -0.358425
v 0.655823 -0.087557 -0.358425
v 0.656588 -0.084695 -0.355794
v 0.671125 -0.089421 -0.360214
v 0.527243 -0.109177 -0.312705
v 0.541698 -0.108667 -0.306112
v 0.530752 -0.113973 -0.302801
v 0.530752 -0.113973 -0.302801
v 0.541698 -0.108667 -0.306112
v 0.533066 -0.107441 -0.293163
v 0.533066 -0.107441 -0.293163
v 0.518355 -0.109594 -0.29883
v 0.530752 -0.113973 -0.302801
v 0.530752 -0.113973 -0.302801
v 0.518355 -0.109594 -0.29883
v 0.527243 -0.109177 -0.312705
v 0.526045 -0.087095 -0.311779
v 0.528794 -0.083601 -0.30255
v 0.540881 -0.088076 -0.306112
v 0.532373 -0.089983 -0.293163
v 0.540881 -0.088076 -0.306112
v 0.528794 -0.083601 -0.30255
v 0.517538 -0.089002 -0.29883
v 0.532373 -0.089983 -0.293163
v 0.528794 -0.083601 -0.30255
v 0.528794 -0.083601 -0.30255
v 0.526045 -0.087095 -0.311779
v 0.517538 -0.089002 -0.29883
v 0.520926 -0.109428 -0.33166
v 0.535127 -0.109897 -0.325377
v 0.524435 -0.114223 -0.321757
v 0.524435 -0.114223 -0.321757
v 0.535127 -0.109897 -0.325377
v 0.527845 -0.110222 -0.311024
v 0.527845 -0.110222 -0.311024
v 0.511741 -0.11158 -0.317562
v 0.524435 -0.114223 -0.321757
v 0.524435 -0.114223 -0.321757
v 0.511741 -0.11158 -0.317562
v 0.520926 -0.109428 -0.33166
v 0.519967 -0.090475 -0.330394
v 0.522477 -0.083852 -0.321506
v 0.534525 -0.088328 -0.325185
v 0.526045 -0.087095 -0.311779
v 0.534525 -0.088328 -0.325185
v 0.522477 -0.083852 -0.321506
v 0.511487 -0.089242 -0.316988
v 0.526045 -0.087095 -0.311779
v 0.522477 -0.083852 -0.321506
v 0.53692 -0.112009 -0.31554
v 0.54898 -0.113249 -0.319542
v 0.552207 -0.111373 -0.309651
v 0.552207 -0.111373 -0.309651
v 0.54898 -0.113249 -0.319542
v 0.558944 -0.112329 -0.322874
v 0.545615 -0.111634 -0.329433
v 0.54898 -0.113249 -0.319542
v 0.53692 -0.112009 -0.31554
v 0.558944 -0.112329 -0.322874
v 0.54898 -0.113249 -0.319542
v 0.545615 -0.111634 -0.329433
v 0.544335 -0.087124 -0.33031
v 0.546926 -0.081388 -0.319279
v 0.559318 -0.086566 -0.32334
v 0.551514 -0.086839 -0.308765
v 0.559318 -0.086566 -0.32334
v 0.546926 -0.081388 -0.319279
v 0.53472 -0.086751 -0.315141
v 0.551514 -0.086839 -0.308765
v 0.546926 -0.081388 -0.319279
v 0.546926 -0.081388 -0.319279
v 0.544335 -0.087124 -0.33031
v 0.53472 -0.086751 -0.315141
v 0.474007 -0.101042 -0.275129
v 0.502774 -0.108478 -0.287675
v 0.524045 -0.099056 -0.280568
v 0.462246 -0.101508 -0.310425
v 0.50553 -0.099791 -0.336131
v 0.492858 -0.108871 -0.317431
v 0.535342 -0.10892 -0.325185
v 0.527686 -0.098911 -0.346972
v 0.545172 -0.108223 -0.33031
v 0.564858 -0.085496 -0.3252
v 0.559318 -0.086566 -0.32334
v 0.568466 -0.088549 -0.303619
v 0.565804 -0.109339 -0.3252
v 0.584071 -0.107811 -0.323551
v 0.569159 -0.106009 -0.303619
v 0.521279 -0.111064 -0.31034
v 0.526987 -0.11082 -0.311779
v 0.518355 -0.109594 -0.29883
v 0.544335 -0.087124 -0.33031
v 0.559318 -0.086566 -0.32334
v 0.554826 -0.08909 -0.344552
v 0.526045 -0.087095 -0.311779
v 0.540881 -0.088076 -0.306112
v 0.53472 -0.086751 -0.315141
v 0.541698 -0.108667 -0.306112
v 0.535661 -0.110476 -0.315141
v 0.552396 -0.109057 -0.308765
v 0.520336 -0.087305 -0.31034
v 0.502094 -0.091349 -0.287675
v 0.517538 -0.089002 -0.29883
v 0.564858 -0.085496 -0.3252
v 0.578537 -0.085756 -0.33751
v 0.554826 -0.08909 -0.344552
v 0.517538 -0.089002 -0.29883
v 0.524045 -0.099056 -0.280568
v 0.532373 -0.089983 -0.293163
v 0.535661 -0.110476 -0.315141
v 0.526987 -0.11082 -0.311779
v 0.535342 -0.10892 -0.325185
v 0.526045 -0.087095 -0.311779
v 0.511487 -0.089242 -0.316988
v 0.520336 -0.087305 -0.31034
v 0.511487 -0.089242 -0.316988
v 0.519967 -0.090475 -0.330394
v 0.50553 -0.099791 -0.336131
v 0.534525 -0.088328 -0.325185
v 0.526045 -0.087095 -0.311779
v 0.53472 -0.086751 -0.315141
v 0.521279 -0.111064 -0.31034
v 0.512305 -0.109834 -0.316988
v 0.526987 -0.11082 -0.311779
v 0.519967 -0.090475 -0.330394
v 0.534525 -0.088328 -0.325185
v 0.531269 -0.090009 -0.335141
v 0.540881 -0.088076 -0.306112
v 0.532373 -0.089983 -0.293163
v 0.54398 -0.089505 -0.296996
v 0.517538 -0.089002 -0.29883
v 0.526045 -0.087095 -0.311779
v 0.520336 -0.087305 -0.31034
v 0.568466 -0.088549 -0.303619
v 0.583188 -0.085571 -0.323551
v 0.564858 -0.085496 -0.3252
v 0.555519 -0.106551 -0.344552
v 0.579419 -0.107996 -0.33751
v 0.565804 -0.109339 -0.3252
v 0.492178 -0.091743 -0.317431
v 0.462246 -0.101508 -0.310425
v 0.473724 -0.090428 -0.294767
v 0.652539 -0.089404 -0.354366
v 0.639697 -0.087994 -0.350105
v 0.657421 -0.093763 -0.336384
v 0.473724 -0.090428 -0.294767
v 0.474007 -0.101042 -0.275129
v 0.502094 -0.091349 -0.287675
v 0.520336 -0.087305 -0.31034
v 0.511487 -0.089242 -0.316988
v 0.492178 -0.091743 -0.317431
v 0.551514 -0.086839 -0.308765
v 0.53472 -0.086751 -0.315141
v 0.540881 -0.088076 -0.306112
v 0.598417 -0.096104 -0.373179
v 0.602383 -0.104691 -0.362274
v 0.574222 -0.097065 -0.366606
v 0.620559 -0.095226 -0.306732
v 0.597264 -0.09615 -0.297456
v 0.617271 -0.1041 -0.317595
v 0.541698 -0.108667 -0.306112
v 0.552396 -0.109057 -0.308765
v 0.548267 -0.098095 -0.285206
v 0.53472 -0.086751 -0.315141
v 0.544335 -0.087124 -0.33031
v 0.534525 -0.088328 -0.325185
v 0.645684 -0.094228 -0.371606
v 0.652539 -0.089404 -0.354366
v 0.679612 -0.092882 -0.36336
v 0.657421 -0.093763 -0.336384
v 0.639697 -0.087994 -0.350105
v 0.622642 -0.086299 -0.335831
v 0.652539 -0.089404 -0.354366
v 0.645684 -0.094228 -0.371606
v 0.639697 -0.087994 -0.350105
v 0.554826 -0.08909 -0.344552
v 0.574222 -0.097065 -0.366606
v 0.550974 -0.097987 -0.357189
v 0.597264 -0.09615 -0.297456
v 0.568466 -0.088549 -0.303619
v 0.573022 -0.097112 -0.291023
v 0.568466 -0.088549 -0.303619
v 0.559318 -0.086566 -0.32334
v 0.551514 -0.086839 -0.308765
v 0.554826 -0.08909 -0.344552
v 0.559318 -0.086566 -0.32334
v 0.564858 -0.085496 -0.3252
v 0.679612 -0.092882 -0.36336
v 0.652539 -0.089404 -0.354366
v 0.657421 -0.093763 -0.336384
v 0.617476 -0.086504 -0.351333
v 0.639697 -0.087994 -0.350105
v 0.645684 -0.094228 -0.371606
v -1.12193 -0.164335 0.237945
v -1.092896 -0.160078 0.228214
v -1.102547 -0.163566 0.203453
v 0.535342 -0.10892 -0.325185
v 0.545172 -0.108223 -0.33031
v 0.535661 -0.110476 -0.315141
v 0.550974 -0.097987 -0.357189
v 0.574222 -0.097065 -0.366606
v 0.555519 -0.106551 -0.344552
v 0.573022 -0.097112 -0.291023
v 0.569159 -0.106009 -0.303619
v 0.597264 -0.09615 -0.297456
v -1.12193 -0.164335 0.237945
v -1.102547 -0.163566 0.203453
v -1.094263 -0.167998 0.228774
v 0.552396 -0.109057 -0.308765
v 0.560197 -0.108711 -0.32334
v 0.569159 -0.106009 -0.303619
v 0.565804 -0.109339 -0.3252
v 0.560197 -0.108711 -0.32334
v 0.555519 -0.106551 -0.344552
v 0.64021 -0.100918 -0.350105
v 0.650877 -0.099745 -0.361177
v 0.658338 -0.097456 -0.356192
v -1.12193 -0.164335 0.237945
v -1.094263 -0.167998 0.228774
v -1.085748 -0.162899 0.253866
v 0.492858 -0.108871 -0.317431
v 0.474566 -0.111645 -0.294767
v 0.462246 -0.101508 -0.310425
v 0.474007 -0.101042 -0.275129
v 0.474566 -0.111645 -0.294767
v 0.502774 -0.108478 -0.287675
v 0.569159 -0.106009 -0.303619
v 0.560197 -0.108711 -0.32334
v 0.565804 -0.109339 -0.3252
v -1.12193 -0.164335 0.237945
v -1.085748 -0.162899 0.253866
v -1.092896 -0.160078 0.228214
v 0.64021 -0.100918 -0.350105
v 0.658338 -0.097456 -0.356192
v 0.655377 -0.099566 -0.347675
v 0.535661 -0.110476 -0.315141
v 0.541698 -0.108667 -0.306112
v 0.526987 -0.11082 -0.311779
v 0.555519 -0.106551 -0.344552
v 0.560197 -0.108711 -0.32334
v 0.545172 -0.108223 -0.33031
v 0.605714 -0.113232 -0.338447
v 0.584068 -0.107723 -0.323551
v 0.583944 -0.114834 -0.331172
v 0.608585 -0.105947 -0.32906
v 0.619069 -0.111445 -0.342921
v 0.608585 -0.105947 -0.32906
v 0.605714 -0.113232 -0.338447
v 0.623338 -0.103871 -0.335831
v 0.602324 -0.106195 -0.34785
v 0.619069 -0.111445 -0.342921
v 0.605714 -0.113232 -0.338447
v 0.618172 -0.104076 -0.351332
v 0.579417 -0.107908 -0.33751
v 0.605714 -0.113232 -0.338447
v 0.583944 -0.114834 -0.331172
v 0.602324 -0.106195 -0.34785
v 0.583191 -0.085604 -0.323551
v 0.604328 -0.078317 -0.338447
v 0.582499 -0.078446 -0.331172
v 0.607774 -0.08552 -0.32906
v 0.622649 -0.086508 -0.335831
v 0.604328 -0.078317 -0.338447
v 0.607774 -0.08552 -0.32906
v 0.617783 -0.079039 -0.342921
v 0.617783 -0.079039 -0.342921
v 0.601513 -0.085768 -0.34785
v 0.604328 -0.078317 -0.338447
v 0.617483 -0.086713 -0.351332
v 0.604328 -0.078317 -0.338447
v 0.578539 -0.085788 -0.33751
v 0.582499 -0.078446 -0.331172
v 0.601513 -0.085768 -0.34785
v 0.655522 -0.096188 -0.36022
v 0.671559 -0.097985 -0.360846
v 0.656664 -0.101792 -0.35843
v 0.674385 -0.093419 -0.362032
v 0.674385 -0.093419 -0.362032
v 0.658657 -0.101547 -0.353246
v 0.671559 -0.097985 -0.360846
v 0.659079 -0.094864 -0.35079
v 0.659079 -0.094864 -0.35079
v 0.642879 -0.10295 -0.349962
v 0.658657 -0.101547 -0.353246
v 0.640192 -0.096251 -0.348755
v 0.640192 -0.096251 -0.348755
v 0.656664 -0.101792 -0.35843
v 0.642879 -0.10295 -0.349962
v 0.655522 -0.096188 -0.36022
v 0.59355 -0.106225 -0.303809
v 0.579486 -0.103905 -0.301427
v 0.580239 -0.109461 -0.306211
v 0.59531 -0.100491 -0.301011
v 0.582154 -0.103333 -0.308882
v 0.59355 -0.106225 -0.303809
v 0.580239 -0.109461 -0.306211
v 0.595434 -0.100246 -0.305927
v 0.61921 -0.104754 -0.316698
v 0.607831 -0.104752 -0.313209
v 0.607992 -0.108524 -0.316634
v 0.620781 -0.099676 -0.31501
v 0.60885 -0.104328 -0.318834
v 0.61921 -0.104754 -0.316698
v 0.607992 -0.108524 -0.316634
v 0.620105 -0.099582 -0.318506
v 0.636259 -0.10321 -0.327536
v 0.629773 -0.101149 -0.324944
v 0.629338 -0.105134 -0.32726
v 0.637839 -0.098266 -0.326558
v 0.630352 -0.101116 -0.329073
v 0.636259 -0.10321 -0.327536
v 0.629338 -0.105134 -0.32726
v 0.637419 -0.098254 -0.329108
v 0.649995 -0.101969 -0.338416
v 0.645169 -0.09991 -0.335659
v 0.644898 -0.103747 -0.337887
v 0.651011 -0.09694 -0.337486
v 0.645367 -0.099639 -0.339568
v 0.649995 -0.101969 -0.338416
v 0.644898 -0.103747 -0.337887
v 0.650545 -0.096882 -0.339863
v 0.636893 -0.103529 -0.363895
v 0.64059 -0.096386 -0.368311
v 0.64097 -0.1014 -0.366769
v 0.635098 -0.099836 -0.3661
v 0.636893 -0.103529 -0.363895
v 0.641991 -0.096203 -0.365883
v 0.638116 -0.0993 -0.362735
v 0.64097 -0.1014 -0.366769
v 0.619425 -0.105625 -0.363441
v 0.624312 -0.0977 -0.369241
v 0.624614 -0.102726 -0.367485
v 0.61743 -0.101813 -0.365714
v 0.619425 -0.105625 -0.363441
v 0.625841 -0.097546 -0.366669
v 0.620868 -0.101373 -0.362337
v 0.624614 -0.102726 -0.367485
v 0.592484 -0.108195 -0.357927
v 0.602172 -0.100659 -0.36765
v 0.601706 -0.105569 -0.364864
v 0.590236 -0.104391 -0.361191
v 0.592484 -0.108195 -0.357927
v 0.604133 -0.100532 -0.364028
v 0.595079 -0.104128 -0.356652
v 0.601706 -0.105569 -0.364864
v 0.564413 -0.109906 -0.349208
v 0.573082 -0.101078 -0.362736
v 0.573638 -0.106778 -0.359139
v 0.560357 -0.104384 -0.353141
v 0.564413 -0.109906 -0.349208
v 0.576738 -0.100795 -0.358364
v 0.567939 -0.10377 -0.347954
v 0.573638 -0.106778 -0.359139
v 0.640407 -0.087209 -0.366769
v 0.63467 -0.089063 -0.3661
v 0.636181 -0.085596 -0.363895
v 0.640406 -0.091758 -0.368311
v 0.63772 -0.089318 -0.362735
v 0.640407 -0.087209 -0.366769
v 0.636181 -0.085596 -0.363895
v 0.641817 -0.091817 -0.365883
v 0.624013 -0.087583 -0.367485
v 0.616919 -0.088947 -0.365714
v 0.618621 -0.08536 -0.363441
v 0.624091 -0.092137 -0.369241
v 0.62038 -0.089085 -0.362337
v 0.624013 -0.087583 -0.367485
v 0.618621 -0.08536 -0.363441
v 0.625627 -0.09216 -0.366669
v 0.601424 -0.086161 -0.365027
v 0.58993 -0.086902 -0.36132
v 0.592285 -0.083402 -0.358189
v 0.60175 -0.090698 -0.367642
v 0.594765 -0.087086 -0.356772
v 0.601424 -0.086161 -0.365027
v 0.592285 -0.083402 -0.358189
v 0.603708 -0.090735 -0.364016
v 0.574681 -0.08879 -0.359661
v 0.561507 -0.091002 -0.353416
v 0.565511 -0.085767 -0.349776
v 0.574184 -0.094098 -0.362997
v 0.56915 -0.091185 -0.348291
v 0.574681 -0.08879 -0.359661
v 0.565511 -0.085767 -0.349776
v 0.577888 -0.0941 -0.358657
v 0.630693 -0.084881 -0.327979
v 0.638653 -0.091559 -0.326917
v 0.637447 -0.087049 -0.328146
v 0.630831 -0.088395 -0.325465
v 0.630693 -0.084881 -0.327979
v 0.638228 -0.09166 -0.329465
v 0.631399 -0.088648 -0.329587
v 0.637447 -0.087049 -0.328146
v 0.580324 -0.083754 -0.306696
v 0.595408 -0.09183 -0.301675
v 0.59364 -0.086612 -0.304371
v 0.579583 -0.08886 -0.302007
v 0.580324 -0.083754 -0.306696
v 0.595524 -0.091975 -0.306595
v 0.582239 -0.08924 -0.309475
v 0.59364 -0.086612 -0.304371
v 0.645082 -0.085242 -0.338167
v 0.651219 -0.091329 -0.337642
v 0.650171 -0.086822 -0.338732
v 0.645407 -0.088637 -0.335808
v 0.645082 -0.085242 -0.338167
v 0.650706 -0.091464 -0.340006
v 0.645529 -0.089008 -0.339709
v 0.650171 -0.086822 -0.338732
v 0.60645 -0.082839 -0.31646
v 0.619765 -0.089607 -0.314804
v 0.617871 -0.085133 -0.316511
v 0.606531 -0.086243 -0.31302
v 0.60645 -0.082839 -0.31646
v 0.618956 -0.086204 -0.3183
v 0.607421 -0.082659 -0.318644
v 0.617871 -0.085133 -0.316511
v 0.655823 -0.087557 -0.358425
v 0.674459 -0.093206 -0.361401
v 0.655351 -0.092648 -0.360446
v 0.671125 -0.089421 -0.360214
v 0.671125 -0.089421 -0.360214
v 0.658584 -0.093802 -0.350896
v 0.674459 -0.093206 -0.361401
v 0.657589 -0.087753 -0.353158
v 0.657589 -0.087753 -0.353158
v 0.639583 -0.094496 -0.349762
v 0.658584 -0.093802 -0.350896
v 0.641617 -0.088168 -0.350623
v 0.641617 -0.088168 -0.350623
v 0.655351 -0.092648 -0.360446
v 0.639583 -0.094496 -0.349762
v 0.655823 -0.087557 -0.358425
v 0.535661 -0.110476 -0.315141
v 0.545615 -0.111634 -0.329433
v 0.53692 -0.112009 -0.31554
v 0.545172 -0.108223 -0.33031
v 0.545172 -0.108223 -0.33031
v 0.558944 -0.112329 -0.322874
v 0.545615 -0.111634 -0.329433
v 0.560197 -0.108711 -0.32334
v 0.560197 -0.108711 -0.32334
v 0.552207 -0.111373 -0.309651
v 0.558944 -0.112329 -0.322874
v 0.552693 -0.109046 -0.307873
v 0.552693 -0.109046 -0.307873
v 0.53692 -0.112009 -0.31554
v 0.552207 -0.111373 -0.309651
v 0.535661 -0.110476 -0.315141
v -0.26012 -0.146196 -0.049478
v -0.183997 -0.127164 -0.091998
v -0.178296 -0.142977 -0.076794
v -0.265822 -0.130382 -0.064682
v -0.178296 -0.142977 -0.076794
v -0.255689 -0.12998 -0.034273
v -0.26012 -0.146196 -0.049478
v -0.173864 -0.126761 -0.061589
v -0.173864 -0.126761 -0.061589
v -0.261394 -0.114139 -0.049471
v -0.255689 -0.12998 -0.034273
v -0.179573 -0.110891 -0.07678
v -0.179573 -0.110891 -0.07678
v -0.265822 -0.130382 -0.064682
v -0.261394 -0.114139 -0.049471
v -0.183997 -0.127164 -0.091998
v -0.269189 -0.130515 -0.059749
v -0.26012 -0.146196 -0.049478
v -0.264773 -0.142763 -0.047972
v -0.265822 -0.130382 -0.064682
v -0.264773 -0.142763 -0.047972
v -0.255689 -0.12998 -0.034273
v -0.261341 -0.130203 -0.036196
v -0.26012 -0.146196 -0.049478
v -0.261341 -0.130203 -0.036196
v -0.261394 -0.114139 -0.049471
v -0.265761 -0.117933 -0.047966
v -0.255689 -0.12998 -0.034273
v -0.265761 -0.117933 -0.047966
v -0.265822 -0.130382 -0.064682
v -0.269189 -0.130515 -0.059749
v -0.261394 -0.114139 -0.049471
v -0.180346 -0.127011 -0.089405
v -0.179573 -0.110891 -0.07678
v -0.176922 -0.114407 -0.077617
v -0.183997 -0.127164 -0.091998
v -0.175929 -0.139259 -0.077628
v -0.183997 -0.127164 -0.091998
v -0.180346 -0.127011 -0.089405
v -0.178296 -0.142977 -0.076794
v -0.172497 -0.126699 -0.065852
v -0.178296 -0.142977 -0.076794
v -0.175929 -0.139259 -0.077628
v -0.173864 -0.126761 -0.061589
v -0.176922 -0.114407 -0.077617
v -0.173864 -0.126761 -0.061589
v -0.172497 -0.126699 -0.065852
v -0.179573 -0.110891 -0.07678
v 0.356769 -0.121714 -0.255364
v 0.432891 -0.102681 -0.297883
v 0.438593 -0.118495 -0.28268
v 0.351067 -0.1059 -0.270568
v 0.438593 -0.118495 -0.28268
v 0.3612 -0.105498 -0.240159
v 0.356769 -0.121714 -0.255364
v 0.443024 -0.102279 -0.267475
v 0.443024 -0.102279 -0.267475
v 0.355493 -0.089656 -0.255357
v 0.3612 -0.105498 -0.240159
v 0.437314 -0.086409 -0.282665
v 0.437314 -0.086409 -0.282665
v 0.351067 -0.1059 -0.270568
v 0.355493 -0.089656 -0.255357
v 0.432891 -0.102681 -0.297883
v 0.349714 -0.105952 -0.266307
v 0.356769 -0.121714 -0.255364
v 0.354131 -0.118201 -0.25453
v 0.351067 -0.1059 -0.270568
v 0.354131 -0.118201 -0.25453
v 0.3612 -0.105498 -0.240159
v 0.357563 -0.105641 -0.242754
v 0.356769 -0.121714 -0.255364
v 0.357563 -0.105641 -0.242754
v 0.355493 -0.089656 -0.255357
v 0.353142 -0.093371 -0.254524
v 0.3612 -0.105498 -0.240159
v 0.353142 -0.093371 -0.254524
v 0.351067 -0.1059 -0.270568
v 0.349714 -0.105952 -0.266307
v 0.355493 -0.089656 -0.255357
v 0.43663 -0.102525 -0.29532
v 0.437314 -0.086409 -0.282665
v 0.440052 -0.089921 -0.283531
v 0.432891 -0.102681 -0.297883
v 0.441046 -0.114774 -0.283543
v 0.432891 -0.102681 -0.297883
v 0.43663 -0.102525 -0.29532
v 0.438593 -0.118495 -0.28268
v 0.444478 -0.102214 -0.271767
v 0.438593 -0.118495 -0.28268
v 0.441046 -0.114774 -0.283543
v 0.443024 -0.102279 -0.267475
v 0.440052 -0.089921 -0.283531
v 0.443024 -0.102279 -0.267475
v 0.444478 -0.102214 -0.271767
v 0.437314 -0.086409 -0.282665
v -1.00141 -0.175616 0.197926
v -0.925288 -0.156583 0.155407
v -0.919587 -0.172396 0.170611
v -1.007112 -0.159801 0.182723
v -0.919587 -0.172396 0.170611
v -0.996979 -0.159399 0.213131
v -1.00141 -0.175616 0.197926
v -0.915156 -0.156181 0.185816
v -0.915156 -0.156181 0.185816
v -1.002686 -0.143558 0.197934
v -0.996979 -0.159399 0.213131
v -0.920864 -0.140311 0.170625
v -0.920864 -0.140311 0.170625
v -1.007112 -0.159801 0.182723
v -1.002686 -0.143558 0.197934
v -0.925288 -0.156583 0.155407
v -1.009245 -0.159885 0.187244
v -1.00141 -0.175616 0.197926
v -1.004829 -0.172133 0.199021
v -1.007112 -0.159801 0.182723
v -1.004829 -0.172133 0.199021
v -0.996979 -0.159399 0.213131
v -1.001397 -0.159573 0.210797
v -1.00141 -0.175616 0.197926
v -1.001397 -0.159573 0.210797
v -1.002686 -0.143558 0.197934
v -1.005818 -0.147303 0.199027
v -0.996979 -0.159399 0.213131
v -1.005818 -0.147303 0.199027
v -1.007112 -0.159801 0.182723
v -1.009245 -0.159885 0.187244
v -1.002686 -0.143558 0.197934
v -0.921129 -0.15641 0.15783
v -0.920864 -0.140311 0.170625
v -0.917705 -0.143806 0.169618
v -0.925288 -0.156583 0.155407
v -0.916712 -0.168658 0.169607
v -0.925288 -0.156583 0.155407
v -0.921129 -0.15641 0.15783
v -0.919587 -0.172396 0.170611
v -0.91328 -0.156098 0.181383
v -0.919587 -0.172396 0.170611
v -0.916712 -0.168658 0.169607
v -0.915156 -0.156181 0.185816
v -0.917705 -0.143806 0.169618
v -0.915156 -0.156181 0.185816
v -0.91328 -0.156098 0.181383
v -0.920864 -0.140311 0.170625
v 0.50553 -0.099791 -0.336131
v 0.492178 -0.091743 -0.317431
v 0.511487 -0.089242 -0.316988
v 0.462246 -0.101508 -0.310425
v 0.540881 -0.088076 -0.306112
v 0.548267 -0.098095 -0.285206
v 0.551514 -0.086839 -0.308765
v 0.54398 -0.089505 -0.296996
v 0.531269 -0.090009 -0.335141
v 0.544335 -0.087124 -0.33031
v 0.527686 -0.098911 -0.346972
v 0.534525 -0.088328 -0.325185
v 0.623342 -0.103959 -0.335831
v 0.655377 -0.099566 -0.347675
v 0.657421 -0.093763 -0.336384
v 0.64021 -0.100918 -0.350105
v 0.524045 -0.099056 -0.280568
v 0.502094 -0.091349 -0.287675
v 0.474007 -0.101042 -0.275129
v 0.517538 -0.089002 -0.29883
v 0.474007 -0.101042 -0.275129
v 0.436349 -0.090068 -0.282294
v 0.440768 -0.102339 -0.270523
v 0.473724 -0.090428 -0.294767
v 0.432919 -0.10265 -0.294076
v 0.473724 -0.090428 -0.294767
v 0.462246 -0.101508 -0.310425
v 0.436349 -0.090068 -0.282294
v 0.657421 -0.093763 -0.336384
v 0.60777 -0.085399 -0.32906
v 0.620559 -0.095226 -0.306732
v 0.622642 -0.086299 -0.335831
v 0.527686 -0.098911 -0.346972
v 0.554826 -0.08909 -0.344552
v 0.550974 -0.097987 -0.357189
v 0.544335 -0.087124 -0.33031
v 0.574222 -0.097065 -0.366606
v 0.601508 -0.085648 -0.34785
v 0.598417 -0.096104 -0.373179
v 0.578537 -0.085756 -0.33751
v 0.554826 -0.08909 -0.344552
v 0.620559 -0.095226 -0.306732
v 0.568466 -0.088549 -0.303619
v 0.597264 -0.09615 -0.297456
v 0.583188 -0.085571 -0.323551
v 0.60777 -0.085399 -0.32906
v 0.50553 -0.099791 -0.336131
v 0.531269 -0.090009 -0.335141
v 0.527686 -0.098911 -0.346972
v 0.519967 -0.090475 -0.330394
v 0.548267 -0.098095 -0.285206
v 0.532373 -0.089983 -0.293163
v 0.524045 -0.099056 -0.280568
v 0.54398 -0.089505 -0.296996
v 0.568466 -0.088549 -0.303619
v 0.548267 -0.098095 -0.285206
v 0.573022 -0.097112 -0.291023
v 0.551514 -0.086839 -0.308765
v 0.569159 -0.106009 -0.303619
v 0.548267 -0.098095 -0.285206
v 0.552396 -0.109057 -0.308765
v 0.573022 -0.097112 -0.291023
v 0.518355 -0.109594 -0.29883
v 0.548267 -0.098095 -0.285206
v 0.524045 -0.099056 -0.280568
v 0.541698 -0.108667 -0.306112
v 0.598417 -0.096104 -0.373179
v 0.617476 -0.086504 -0.351333
v 0.645684 -0.094228 -0.371606
v 0.601508 -0.085648 -0.34785
v 0.502774 -0.108478 -0.287675
v 0.518355 -0.109594 -0.29883
v 0.524045 -0.099056 -0.280568
v 0.521279 -0.111064 -0.31034
v 0.608589 -0.106035 -0.32906
v 0.569159 -0.106009 -0.303619
v 0.584071 -0.107811 -0.323551
v 0.597264 -0.09615 -0.297456
v 0.617271 -0.1041 -0.317595
v -1.049194 -0.161448 0.248595
v -1.092896 -0.160078 0.228214
v -1.085748 -0.162899 0.253866
v -1.058766 -0.155075 0.216774
v 0.50553 -0.099791 -0.336131
v 0.535342 -0.10892 -0.325185
v 0.512305 -0.109834 -0.316988
v 0.527686 -0.098911 -0.346972
v -1.00917 -0.15986 0.187225
v -1.061461 -0.170357 0.217874
v -1.070156 -0.16228 0.185689
v -1.004753 -0.172108 0.199001
v 0.602327 -0.106283 -0.34785
v 0.574222 -0.097065 -0.366606
v 0.602383 -0.104691 -0.362274
v 0.555519 -0.106551 -0.344552
v 0.579419 -0.107996 -0.33751
v -1.001322 -0.159548 0.210778
v -1.058766 -0.155075 0.216774
v -1.049194 -0.161448 0.248595
v -1.005738 -0.1473 0.199001
v 0.555519 -0.106551 -0.344552
v 0.527686 -0.098911 -0.346972
v 0.550974 -0.097987 -0.357189
v 0.545172 -0.108223 -0.33031
v 0.64021 -0.100918 -0.350105
v 0.645684 -0.094228 -0.371606
v 0.650877 -0.099745 -0.361177
v 0.618177 -0.104164 -0.351333
v 0.657421 -0.093763 -0.336384
v 0.658338 -0.097456 -0.356192
v 0.679612 -0.092882 -0.36336
v 0.655377 -0.099566 -0.347675
v -1.102547 -0.163566 0.203453
v -1.058766 -0.155075 0.216774
v -1.070156 -0.16228 0.185689
v -1.092896 -0.160078 0.228214
v 0.492858 -0.108871 -0.317431
v 0.512305 -0.109834 -0.316988
v 0.521279 -0.111064 -0.31034
v 0.50553 -0.099791 -0.336131
v 0.602383 -0.104691 -0.362274
v 0.618177 -0.104164 -0.351333
v 0.602327 -0.106283 -0.34785
v 0.645684 -0.094228 -0.371606
v 0.598417 -0.096104 -0.373179
v -1.049194 -0.161448 0.248595
v -1.004753 -0.172108 0.199001
v -1.001322 -0.159548 0.210778
v -1.061461 -0.170357 0.217874
v 0.440768 -0.102339 -0.270523
v 0.474566 -0.111645 -0.294767
v 0.474007 -0.101042 -0.275129
v 0.437336 -0.114899 -0.2823
v -0.20965 -0.12813 -0.053441
v -0.950176 -0.145095 0.180458
v -0.94576 -0.157343 0.192234
v -0.214067 -0.115881 -0.065218
v -0.949192 -0.169903 0.180458
v -0.217499 -0.128441 -0.076994
v -0.213082 -0.14069 -0.065218
v -0.953608 -0.157655 0.168681
v -1.085748 -0.162899 0.253866
v -1.061461 -0.170357 0.217874
v -1.049194 -0.161448 0.248595
v -1.094263 -0.167998 0.228774
v -1.070156 -0.16228 0.185689
v -1.094263 -0.167998 0.228774
v -1.102547 -0.163566 0.203453
v -1.061461 -0.170357 0.217874
v 0.432919 -0.10265 -0.294076
v 0.474566 -0.111645 -0.294767
v 0.437336 -0.114899 -0.2823
v 0.462246 -0.101508 -0.310425
v -0.950176 -0.145095 0.180458
v -0.217499 -0.128441 -0.076994
v -0.953608 -0.157655 0.168681
v -0.214067 -0.115881 -0.065218
v -1.005738 -0.1473 0.199001
v -1.070156 -0.16228 0.185689
v -1.058766 -0.155075 0.216774
v -1.00917 -0.15986 0.187225
v -0.213082 -0.14069 -0.065218
v -0.94576 -0.157343 0.192234
v -0.949192 -0.169903 0.180458
v -0.20965 -0.12813 -0.053441
v 0.679612 -0.092882 -0.36336
v 0.650877 -0.099745 -0.361177
v 0.645684 -0.094228 -0.371606
v 0.658338 -0.097456 -0.356192
v 0.657421 -0.093763 -0.336384
v 0.608589 -0.106035 -0.32906
v 0.623342 -0.103959 -0.335831
v 0.617271 -0.1041 -0.317595
v 0.620559 -0.095226 -0.306732
v 0.378356 -0.104814 -0.275865
v -0.206842 -0.115594 -0.067629
v 0.381412 -0.092249 -0.263959
v -0.210274 -0.128154 -0.079405
v 0.378356 -0.104814 -0.275865
v -0.205857 -0.140403 -0.067629
v -0.210274 -0.128154 -0.079405
v 0.382452 -0.117075 -0.263981
v 0.382452 -0.117075 -0.263981
v -0.201689 -0.127814 -0.056098
v -0.205857 -0.140403 -0.067629
v 0.386065 -0.104508 -0.252265
v -0.206842 -0.115594 -0.067629
v 0.386065 -0.104508 -0.252265
v 0.381412 -0.092249 -0.263959
v -0.201689 -0.127814 -0.056098
v 0.502111 -0.091755 -0.287675
v 0.521275 -0.110976 -0.31034
v 0.502771 -0.10839 -0.287675
v 0.52035 -0.087649 -0.31034
v 0.473737 -0.090752 -0.294767
v 0.502771 -0.10839 -0.287675
v 0.474563 -0.111557 -0.294767
v 0.502111 -0.091755 -0.287675
v 0.52035 -0.087649 -0.31034
v 0.492855 -0.108783 -0.317432
v 0.521275 -0.110976 -0.31034
v 0.492195 -0.092148 -0.317432
v 0.492195 -0.092148 -0.317432
v 0.474563 -0.111557 -0.294767
v 0.492855 -0.108783 -0.317432
v 0.473737 -0.090752 -0.294767

# 1347 Texture Coordinates
vt 0.0 0.0
vt 0.0 0.0
vt 0.0 0.0
vt 0.0 0.0
vt 0.0 0.0
vt 0.0 0.0
vt 0.0 0.0
vt 0.0 0.0
vt 0.0 0.0
vt 0.0 0.0
vt 0.0 0.0
vt 0.0 0.0
vt 0.0 0.0
vt 0.0 0.0
vt 0.0 0.0
vt 0.0 0.0
vt 0.0 0.0
vt 0.0 0.0
vt 0.0 0.0
vt 0.0 0.0
vt 0.0 0.0
vt 0.0 0.0
vt 0.0 0.0
vt 0.0 0.0
vt 0.0 0.0
vt 0.0 0.0
vt 0.0 0.0
vt 0.0 0.0
vt 0.0 0.0
vt 0.0 0.0
vt 0.0 0.0
vt 0.0 0.0
vt 0.0 0.0
vt 0.0 0.0
vt 0.0 0.0
vt 0.0 0.0
vt 0.0 0.0
vt 0.0 0.0
vt 0.0 0.0
vt 0.0 0.0
vt 0.0 0.0
vt 0.0 0.0
vt 0.0 0.0
vt 0.0 0.0
vt 0.0 0.0
vt 0.0 0.0
vt 0.0 0.0
vt 0.0 0.0
vt 0.0 0.0
vt 0.0 0.0
vt 0.0 0.0
vt 0.0 0.0
vt 0.0 0.0
vt 0.0 0.0
vt 0.0 0.0
vt 0.0 0.0
vt 0.0 0.0
vt 0.0 0.0
vt 0.0 0.0
vt 0.0 0.0
vt 0.0 0.0
vt 0.0 0.0
vt 0.0 0.0
vt 0.0 0.0
vt 0.0 0.0
vt 0.0 0.0
vt 0.0 0.0
vt 0.0 0.0
vt 0.0 0.0
vt 0.0 0.0
vt 0.0 0.0
vt 0.0 0.0
vt 0.0 0.0
vt 0.0 0.0
vt 0.0 0.0
vt 0.0 0.0
vt 0.0 0.0
vt 0.0 0.0
vt 0.0 0.0
vt 0.0 0.0
vt 0.0 0.0
vt 0.0 0.0
vt 0.0 0.0
vt 0.0 0.0
vt 0.0 0.0
vt 0.0 0.0
vt 0.0 0.0
vt 0.0 0.0
vt 0.0 0.0
vt 0.0 0.0
vt 0.0 0.0
vt 0.0 0.0
vt 0.0 0.0
vt 0.0 0.0
vt 0.0 0.0
vt 0.0 0.0
vt 0.0 0.0
vt 0.0 0.0
vt 0.0 0.0
vt 0.0 0.0
vt 0.0 0.0
vt 0.0 0.0
vt 0.0 0.0
vt 0.0 0.0
vt 0.0 0.0
vt 0.0 0.0
vt 0.0 0.0
vt 0.0 0.0
vt 0.0 0.0
vt 0.0 0.0
vt 0.0 0.0
vt 0.0 0.0
vt 0.0 0.0
vt 0.0 0.0
vt 0.0 0.0
vt 0.0 0.0
vt 0.0 0.0
vt 0.0 0.0
vt 0.0 0.0
vt 0.0 0.0
vt 0.0 0.0
vt 0.0 0.0
vt 0.0 0.0
vt 0.0 0.0
vt 0.0 0.0
vt 0.0 0.0
vt 0.0 0.0
vt 0.0 0.0
vt 0.0 0.0
vt 0.0 0.0
vt 0.0 0.0
vt 0.0 0.0
vt 0.0 0.0
vt 0.0 0.0
vt 0.0 0.0
vt 0.0 0.0
vt 0.0 0.0
vt 0.0 0.0
vt 0.0 0.0
vt 0.0 0.0
vt 0.0 0.0
vt 0.0 0.0
vt 0.0 0.0
vt 0.0 0.0
vt 0.0 0.0
vt 0.0 0.0
vt 0.0 0.0
vt 0.0 0.0
vt 0.0 0.0
vt 0.0 0.0
vt 0.0 0.0
vt 0.0 0.0
vt 0.0 0.0
vt 0.0 0.0
vt 0.0 0.0
vt 0.0 0.0
vt 0.0 0.0
vt 0.0 0.0
vt 0.0 0.0
vt 0.0 0.0
vt 0.0 0.0
vt 0.0 0.0
vt 0.0 0.0
vt 0.0 0.0
vt 0.0 0.0
vt 0.0 0.0
vt 0.0 0.0
vt 0.0 0.0
vt 0.0 0.0
vt 0.0 0.0
vt 0.0 0.0
vt 0.0 0.0
vt 0.0 0.0
vt 0.0 0.0
vt 0.0 0.0
vt 0.0 0.0
vt 0.0 0.0
vt 0.0 0.0
vt 0.0 0.0
vt 0.0 0.0
vt 0.0 0.0
vt 0.0 0.0
vt 0.0 0.0
vt 0.0 0.0
vt 0.0 0.0
vt 0.0 0.0
vt 0.0 0.0
vt 0.0 0.0
vt 0.0 0.0
vt 0.0 0.0
vt 0.0 0.0
vt 0.0 0.0
vt 0.0 0.0
vt 0.0 0.0
vt 0.0 0.0
vt 0.0 0.0
vt 0.0 0.0
vt 0.0 0.0
vt 0.0 0.0
vt 0.0 0.0
vt 0.0 0.0
vt 0.0 0.0
vt 0.0 0.0
vt 0.0 0.0
vt 0.0 0.0
vt 0.0 0.0
vt 0.0 0.0
vt 0.0 0.0
vt 0.0 0.0
vt 0.0 0.0
vt 0.0 0.0
vt 0.0 0.0
vt 0.0 0.0
vt 0.0 0.0
vt 0.0 0.0
vt 0.0 0.0
vt 0.0 0.0
vt 0.0 0.0
vt 0.0 0.0
vt 0.0 0.0
vt 0.0 0.0
vt 0.0 0.0
vt 0.0 0.0
vt 0.0 0.0
vt 0.0 0.0
vt 0.0 0.0
vt 0.0 0.0
vt 0.0 0.0
vt 0.0 0.0
vt 0.0 0.0
vt 0.0 0.0
vt 0.0 0.0
vt 0.0 0.0
vt 0.0 0.0
vt 0.0 0.0
vt 0.0 0.0
vt 0.0 0.0
vt 0.0 0.0
vt 0.0 0.0
vt 0.0 0.0
vt 0.0 0.0
vt 0.0 0.0
vt 0.0 0.0
vt 0.0 0.0
vt 0.0 0.0
vt 0.0 0.0
vt 0.0 0.0
vt 0.0 0.0
vt 0.0 0.0
vt 0.0 0.0
vt 0.0 0.0
vt 0.0 0.0
vt 0.0 0.0
vt 0.0 0.0
vt 0.0 0.0
vt 0.0 0.0
vt 0.0 0.0
vt 0.0 0.0
vt 0.0 0.0
vt 0.0 0.0
vt 0.0 0.0
vt 0.0 0.0
vt 0.0 0.0
vt 0.0 0.0
vt 0.0 0.0
vt 0.0 0.0
vt 0.0 0.0
vt 0.0 0.0
vt 0.0 0.0
vt 0.0 0.0
vt 0.0 0.0
vt 0.0 0.0
vt 0.0 0.0
vt 0.0 0.0
vt 0.0 0.0
vt 0.0 0.0
vt 0.0 0.0
vt 0.0 0.0
vt 0.0 0.0
vt 0.0 0.0
vt 0.0 0.0
vt 0.0 0.0
vt 0.0 0.0
vt 0.0 0.0
vt 0.0 0.0
vt 0.0 0.0
vt 0.0 0.0
vt 0.0 0.0
vt 0.0 0.0
vt 0.0 0.0
vt 0.0 0.0
vt 0.0 0.0
vt 0.0 0.0
vt 0.0 0.0
vt 0.0 0.0
vt 0.0 0.0
vt 0.0 0.0
vt 0.0 0.0
vt 0.0 0.0
vt 0.0 0.0
vt 0.0 0.0
vt 0.0 0.0
vt 0.0 0.0
vt 0.0 0.0
vt 0.0 0.0
vt 0.0 0.0
vt 0.0 0.0
vt 0.0 0.0
vt 0.0 0.0
vt 0.0 0.0
vt 0.0 0.0
vt 0.0 0.0
vt 0.0 0.0
vt 0.0 0.0
vt 0.0 0.0
vt 0.0 0.0
vt 0.0 0.0
vt 0.0 0.0
vt 0.0 0.0
vt 0.0 0.0
vt 0.0 0.0
vt 0.0 0.0
vt 0.0 0.0
vt 0.0 0.0
vt 0.0 0.0
vt 0.0 0.0
vt 0.0 0.0
vt 0.0 0.0
vt 0.0 0.0
vt 0.0 0.0
vt 0.0 0.0
vt 0.0 0.0
vt 0.0 0.0
vt 0.0 0.0
vt 0.0 0.0
vt 0.0 0.0
vt 0.0 0.0
vt 0.0 0.0
vt 0.0 0.0
vt 0.0 0.0
vt 0.0 0.0
vt 0.0 0.0
vt 0.0 0.0
vt 0.0 0.0
vt 0.0 0.0
vt 0.0 0.0
vt 0.0 0.0
vt 0.0 0.0
vt 0.0 0.0
vt 0.0 0.0
vt 0.0 0.0
vt 0.0 0.0
vt 0.0 0.0
vt 0.0 0.0
vt 0.0 0.0
vt 0.0 0.0
vt 0.0 0.0
vt 0.0 0.0
vt 0.0 0.0
vt 0.0 0.0
vt 0.0 0.0
vt 0.0 0.0
vt 0.0 0.0
vt 0.0 0.0
vt 0.0 0.0
vt 0.0 0.0
vt 0.0 0.0
vt 0.0 0.0
vt 0.0 0.0
vt 0.0 0.0
vt 0.0 0.0
vt 0.0 0.0
vt 0.0 0.0
vt 0.0 0.0
vt 0.0 0.0
vt 0.0 0.0
vt 0.0 0.0
vt 0.0 0.0
vt 0.0 0.0
vt 0.0 0.0
vt 0.0 0.0
vt 0.0 0.0
vt 0.0 0.0
vt 0.0 0.0
vt 0.0 0.0
vt 0.0 0.0
vt 0.0 0.0
vt 0.0 0.0
vt 0.0 0.0
vt 0.0 0.0
vt 0.0 0.0
vt 0.0 0.0
vt 0.0 0.0
vt 0.0 0.0
vt 0.0 0.0
vt 0.0 0.0
vt 0.0 0.0
vt 0.0 0.0
vt 0.0 0.0
vt 0.0 0.0
vt 0.0 0.0
vt 0.0 0.0
vt 0.0 0.0
vt 0.0 0.0
vt 0.0 0.0
vt 0.0 0.0
vt 0.0 0.0
vt 0.0 0.0
vt 0.0 0.0
vt 0.0 0.0
vt 0.0 0.0
vt 0.0 0.0
vt 0.0 0.0
vt 0.0 0.0
vt 0.0 0.0
vt 0.0 0.0
vt 0.0 0.0
vt 0.0 0.0
vt 0.0 0.0
vt 0.0 0.0
vt 0.0 0.0
vt 0.0 0.0
vt 0.0 0.0
vt 0.0 0.0
vt 0.0 0.0
vt 0.0 0.0
vt 0.0 0.0
vt 0.0 0.0
vt 0.0 0.0
vt 0.0 0.0
vt 0.0 0.0
vt 0.0 0.0
vt 0.0 0.0
vt 0.0 0.0
vt 0.0 0.0
vt 0.0 0.0
vt 0.0 0.0
vt 0.0 0.0
vt 0.0 0.0
vt 0.0 0.0
vt 0.0 0.0
vt 0.0 0.0
vt 0.0 0.0
vt 0.0 0.0
vt 0.0 0.0
vt 0.0 0.0
vt 0.0 0.0
vt 0.0 0.0
vt 0.0 0.0
vt 0.0 0.0
vt 0.0 0.0
vt 0.0 0.0
vt 0.0 0.0
vt 0.0 0.0
vt 0.0 0.0
vt 0.0 0.0
vt 0.0 0.0
vt 0.0 0.0
vt 0.0 0.0
vt 0.0 0.0
vt 0.0 0.0
vt 0.0 0.0
vt 0.0 0.0
vt 0.0 0.0
vt 0.0 0.0
vt 0.0 0.0
vt 0.0 0.0
vt 0.0 0.0
vt 0.0 0.0
vt 0.0 0.0
vt 0.0 0.0
vt 0.0 0.0
vt 0.0 0.0
vt 0.0 0.0
vt 0.0 0.0
vt 0.0 0.0
vt 0.0 0.0
vt 0.0 0.0
vt 0.0 0.0
vt 0.0 0.0
vt 0.0 0.0
vt 0.0 0.0
vt 0.0 0.0
vt 0.0 0.0
vt 0.0 0.0
vt 0.0 0.0
vt 0.0 0.0
vt 0.0 0.0
vt 0.0 0.0
vt 0.0 0.0
vt 0.0 0.0
vt 0.0 0.0
vt 0.0 0.0
vt 0.0 0.0
vt 0.0 0.0
vt 0.0 0.0
vt 0.0 0.0
vt 0.0 0.0
vt 0.0 0.0
vt 0.0 0.0
vt 0.0 0.0
vt 0.0 0.0
vt 0.0 0.0
vt 0.0 0.0
vt 0.0 0.0
vt 0.0 0.0
vt 0.0 0.0
vt 0.0 0.0
vt 0.0 0.0
vt 0.0 0.0
vt 0.0 0.0
vt 0.0 0.0
vt 0.0 0.0
vt 0.0 0.0
vt 0.0 0.0
vt 0.0 0.0
vt 0.0 0.0
vt 0.0 0.0
vt 0.0 0.0
vt 0.0 0.0
vt 0.0 0.0
vt 0.0 0.0
vt 0.0 0.0
vt 0.0 0.0
vt 0.0 0.0
vt 0.0 0.0
vt 0.0 0.0
vt 0.0 0.0
vt 0.0 0.0
vt 0.0 0.0
vt 0.0 0.0
vt 0.0 0.0
vt 0.0 0.0
vt 0.0 0.0
vt 0.0 0.0
vt 0.0 0.0
vt 0.0 0.0
vt 0.0 0.0
vt 0.0 0.0
vt 0.0 0.0
vt 0.0 0.0
vt 0.0 0.0
vt 0.0 0.0
vt 0.0 0.0
vt 0.0 0.0
vt 0.0 0.0
vt 0.0 0.0
vt 0.0 0.0
vt 0.0 0.0
vt 0.0 0.0
vt 0.0 0.0
vt 0.0 0.0
vt 0.0 0.0
vt 0.0 0.0
vt 0.0 0.0
vt 0.0 0.0
vt 0.0 0.0
vt 0.0 0.0
vt 0.0 0.0
vt 0.0 0.0
vt 0.0 0.0
vt 0.0 0.0
vt 0.0 0.0
vt 0.0 0.0
vt 0.0 0.0
vt 0.0 0.0
vt 0.0 0.0
vt 0.0 0.0
vt 0.0 0.0
vt 0.0 0.0
vt 0.0 0.0
vt 0.0 0.0
vt 0.0 0.0
vt 0.0 0.0
vt 0.0 0.0
vt 0.0 0.0
vt 0.0 0.0
vt 0.0 0.0
vt 0.0 0.0
vt 0.0 0.0
vt 0.0 0.0
vt 0.0 0.0
vt 0.0 0.0
vt 0.0 0.0
vt 0.0 0.0
vt 0.0 0.0
vt 0.0 0.0
vt 0.0 0.0
vt 0.0 0.0
vt 0.0 0.0
vt 0.0 0.0
vt 0.0 0.0
vt 0.0 0.0
vt 0.0 0.0
vt 0.0 0.0
vt 0.0 0.0
vt 0.0 0.0
vt 0.0 0.0
vt 0.0 0.0
vt 0.0 0.0
vt 0.0 0.0
vt 0.0 0.0
vt 0.0 0.0
vt 0.0 0.0
vt 0.0 0.0
vt 0.0 0.0
vt 0.0 0.0
vt 0.0 0.0
vt 0.0 0.0
vt 0.0 0.0
vt 0.0 0.0
vt 0.0 0.0
vt 0.0 0.0
vt 0.0 0.0
vt 0.0 0.0
vt 0.0 0.0
vt 0.0 0.0
vt 0.0 0.0
vt 0.0 0.0
vt 0.0 0.0
vt 0.0 0.0
vt 0.0 0.0
vt 0.0 0.0
vt 0.0 0.0
vt 0.0 0.0
vt 0.0 0.0
vt 0.0 0.0
vt 0.0 0.0
vt 0.0 0.0
vt 0.0 0.0
vt 0.0 0.0
vt 0.0 0.0
vt 0.0 0.0
vt 0.0 0.0
vt 0.0 0.0
vt 0.0 0.0
vt 0.0 0.0
vt 0.0 0.0
vt 0.0 0.0
vt 0.0 0.0
vt 0.0 0.0
vt 0.0 0.0
vt 0.0 0.0
vt 0.0 0.0
vt 0.0 0.0
vt 0.0 0.0
vt 0.0 0.0
vt 0.0 0.0
vt 0.0 0.0
vt 0.0 0.0
vt 0.0 0.0
vt 0.0 0.0
vt 0.0 0.0
vt 0.0 0.0
vt 0.0 0.0
vt 0.0 0.0
vt 0.0 0.0
vt 0.0 0.0
vt 0.0 0.0
vt 0.0 0.0
vt 0.0 0.0
vt 0.0 0.0
vt 0.0 0.0
vt 0.0 0.0
vt 0.0 0.0
vt 0.0 0.0
vt 0.0 0.0
vt 0.0 0.0
vt 0.0 0.0
vt 0.0 0.0
vt 0.0 0.0
vt 0.0 0.0
vt 0.0 0.0
vt 0.0 0.0
vt 0.0 0.0
vt 0.0 0.0
vt 0.0 0.0
vt 0.0 0.0
vt 0.0 0.0
vt 0.0 0.0
vt 0.0 0.0
vt 0.0 0.0
vt 0.0 0.0
vt 0.0 0.0
vt 0.0 0.0
vt 0.0 0.0
vt 0.0 0.0
vt 0.0 0.0
vt 0.0 0.0
vt 0.0 0.0
vt 0.0 0.0
vt 0.0 0.0
vt 0.0 0.0
vt 0.0 0.0
vt 0.0 0.0
vt 0.0 0.0
vt 0.0 0.0
vt 0.0 0.0
vt 0.0 0.0
vt 0.0 0.0
vt 0.0 0.0
vt 0.0 0.0
vt 0.0 0.0
vt 0.0 0.0
vt 0.0 0.0
vt 0.0 0.0
vt 0.0 0.0
vt 0.0 0.0
vt 0.0 0.0
vt 0.0 0.0
vt 0.0 0.0
vt 0.0 0.0
vt 0.0 0.0
vt 0.0 0.0
vt 0.0 0.0
vt 0.0 0.0
vt 0.0 0.0
vt 0.0 0.0
vt 0.0 0.0
vt 0.0 0.0
vt 0.0 0.0
vt 0.0 0.0
vt 0.0 0.0
vt 0.0 0.0
vt 0.0 0.0
vt 0.0 0.0
vt 0.0 0.0
vt 0.0 0.0
vt 0.0 0.0
vt 0.0 0.0
vt 0.0 0.0
vt 0.0 0.0
vt 0.0 0.0
vt 0.0 0.0
vt 0.0 0.0
vt 0.0 0.0
vt 0.0 0.0
vt 0.0 0.0
vt 0.0 0.0
vt 0.0 0.0
vt 0.0 0.0
vt 0.0 0.0
vt 0.0 0.0
vt 0.0 0.0
vt 0.0 0.0
vt 0.0 0.0
vt 0.0 0.0
vt 0.0 0.0
vt 0.0 0.0
vt 0.0 0.0
vt 0.0 0.0
vt 0.0 0.0
vt 0.0 0.0
vt 0.0 0.0
vt 0.0 0.0
vt 0.0 0.0
vt 0.0 0.0
vt 0.0 0.0
vt 0.0 0.0
vt 0.0 0.0
vt 0.0 0.0
vt 0.0 0.0
vt 0.0 0.0
vt 0.0 0.0
vt 0.0 0.0
vt 0.0 0.0
vt 0.0 0.0
vt 0.0 0.0
vt 0.0 0.0
vt 0.0 0.0
vt 0.0 0.0
vt 0.0 0.0
vt 0.0 0.0
vt 0.0 0.0
vt 0.0 0.0
vt 0.0 0.0
vt 0.0 0.0
vt 0.0 0.0
vt 0.0 0.0
vt 0.0 0.0
vt 0.0 0.0
vt 0.0 0.0
vt 0.0 0.0
vt 0.0 0.0
vt 0.0 0.0
vt 0.0 0.0
vt 0.0 0.0
vt 0.0 0.0
vt 0.0 0.0
vt 0.0 0.0
vt 0.0 0.0
vt 0.0 0.0
vt 0.0 0.0
vt 0.0 0.0
vt 0.0 0.0
vt 0.0 0.0
vt 0.0 0.0
vt 0.0 0.0
vt 0.0 0.0
vt 0.0 0.0
vt 0.0 0.0
vt 0.0 0.0
vt 0.0 0.0
vt 0.0 0.0
vt 0.0 0.0
vt 0.0 0.0
vt 0.0 0.0
vt 0.0 0.0
vt 0.0 0.0
vt 0.0 0.0
vt 0.0 0.0
vt 0.0 0.0
vt 0.0 0.0
vt 0.0 0.0
vt 0.0 0.0
vt 0.0 0.0
vt 0.0 0.0
vt 0.0 0.0
vt 0.0 0.0
vt 0.0 0.0
vt 0.0 0.0
vt 0.0 0.0
vt 0.0 0.0
vt 0.0 0.0
vt 0.0 0.0
vt 0.0 0.0
vt 0.0 0.0
vt 0.0 0.0
vt 0.0 0.0
vt 0.0 0.0
vt 0.0 0.0
vt 0.0 0.0
vt 0.0 0.0
vt 0.0 0.0
vt 0.0 0.0
vt 0.0 0.0
vt 0.0 0.0
vt 0.0 0.0
vt 0.0 0.0
vt 0.0 0.0
vt 0.0 0.0
vt 0.0 0.0
vt 0.0 0.0
vt 0.0 0.0
vt 0.0 0.0
vt 0.0 0.0
vt 0.0 0.0
vt 0.0 0.0
vt 0.0 0.0
vt 0.0 0.0
vt 0.0 0.0
vt 0.0 0.0
vt 0.0 0.0
vt 0.0 0.0
vt 0.0 0.0
vt 0.0 0.0
vt 0.0 0.0
vt 0.0 0.0
vt 0.0 0.0
vt 0.0 0.0
vt 0.0 0.0
vt 0.0 0.0
vt 0.0 0.0
vt 0.0 0.0
vt 0.0 0.0
vt 0.0 0.0
vt 0.0 0.0
vt 0.0 0.0
vt 0.0 0.0
vt 0.0 0.0
vt 0.0 0.0
vt 0.0 0.0
vt 0.0 0.0
vt 0.0 0.0
vt 0.0 0.0
vt 0.0 0.0
vt 0.0 0.0
vt 0.0 0.0
vt 0.0 0.0
vt 0.0 0.0
vt 0.0 0.0
vt 0.0 0.0
vt 0.0 0.0
vt 0.0 0.0
vt 0.0 0.0
vt 0.0 0.0
vt 0.0 0.0
vt 0.0 0.0
vt 0.0 0.0
vt 0.0 0.0
vt 0.0 0.0
vt 0.0 0.0
vt 0.0 0.0
vt 0.0 0.0
vt 0.0 0.0
vt 0.0 0.0
vt 0.0 0.0
vt 0.0 0.0
vt 0.0 0.0
vt 0.0 0.0
vt 0.0 0.0
vt 0.0 0.0
vt 0.0 0.0
vt 0.0 0.0
vt 0.0 0.0
vt 0.0 0.0
vt 0.0 0.0
vt 0.0 0.0
vt 0.0 0.0
vt 0.0 0.0
vt 0.0 0.0
vt 0.0 0.0
vt 0.0 0.0
vt 0.0 0.0
vt 0.0 0.0
vt 0.0 0.0
vt 0.0 0.0
vt 0.0 0.0
vt 0.0 0.0
vt 0.0 0.0
vt 0.0 0.0
vt 0.0 0.0
vt 0.0 0.0
vt 0.0 0.0
vt 0.0 0.0
vt 0.0 0.0
vt 0.0 0.0
vt 0.0 0.0
vt 0.0 0.0
vt 0.0 0.0
vt 0.0 0.0
vt 0.0 0.0
vt 0.0 0.0
vt 0.0 0.0
vt 0.0 0.0
vt 0.0 0.0
vt 0.0 0.0
vt 0.0 0.0
vt 0.0 0.0
vt 0.0 0.0
vt 0.0 0.0
vt 0.0 0.0
vt 0.0 0.0
vt 0.0 0.0
vt 0.0 0.0
vt 0.0 0.0
vt 0.0 0.0
vt 0.0 0.0
vt 0.0 0.0
vt 0.0 0.0
vt 0.0 0.0
vt 0.0 0.0
vt 0.0 0.0
vt 0.0 0.0
vt 0.0 0.0
vt 0.0 0.0
vt 0.0 0.0
vt 0.0 0.0
vt 0.0 0.0
vt 0.0 0.0
vt 0.0 0.0
vt 0.0 0.0
vt 0.0 0.0
vt 0.0 0.0
vt 0.0 0.0
vt 0.0 0.0
vt 0.0 0.0
vt 0.0 0.0
vt 0.0 0.0
vt 0.0 0.0
vt 0.0 0.0
vt 0.0 0.0
vt 0.0 0.0
vt 0.0 0.0
vt 0.0 0.0
vt 0.0 0.0
vt 0.0 0.0
vt 0.0 0.0
vt 0.0 0.0
vt 0.0 0.0
vt 0.0 0.0
vt 0.0 0.0
vt 0.0 0.0
vt 0.0 0.0
vt 0.0 0.0
vt 0.0 0.0
vt 0.0 0.0
vt 0.0 0.0
vt 0.0 0.0
vt 0.0 0.0
vt 0.0 0.0
vt 0.0 0.0
vt 0.0 0.0
vt 0.0 0.0
vt 0.0 0.0
vt 0.0 0.0
vt 0.0 0.0
vt 0.0 0.0
vt 0.0 0.0
vt 0.0 0.0
vt 0.0 0.0
vt 0.0 0.0
vt 0.0 0.0
vt 0.0 0.0
vt 0.0 0.0
vt 0.0 0.0
vt 0.0 0.0
vt 0.0 0.0
vt 0.0 0.0
vt 0.0 0.0
vt 0.0 0.0
vt 0.0 0.0
vt 0.0 0.0
vt 0.0 0.0
vt 0.0 0.0
vt 0.0 0.0
vt 0.0 0.0
vt 0.0 0.0
vt 0.0 0.0
vt 0.0 0.0
vt 0.0 0.0
vt 0.0 0.0
vt 0.0 0.0
vt 0.0 0.0
vt 0.0 0.0
vt 0.0 0.0
vt 0.0 0.0
vt 0.0 0.0
vt 0.0 0.0
vt 0.0 0.0
vt 0.0 0.0
vt 0.0 0.0
vt 0.0 0.0
vt 0.0 0.0
vt 0.0 0.0
vt 0.0 0.0
vt 0.0 0.0
vt 0.0 0.0
vt 0.0 0.0
vt 0.0 0.0
vt 0.0 0.0
vt 0.0 0.0
vt 0.0 0.0
vt 0.0 0.0
vt 0.0 0.0
vt 0.0 0.0
vt 0.0 0.0
vt 0.0 0.0
vt 0.0 0.0
vt 0.0 0.0
vt 0.0 0.0
vt 0.0 0.0
vt 0.0 0.0
vt 0.0 0.0
vt 0.0 0.0
vt 0.0 0.0
vt 0.0 0.0
vt 0.0 0.0
vt 0.0 0.0
vt 0.0 0.0
vt 0.0 0.0
vt 0.0 0.0
vt 0.0 0.0
vt 0.0 0.0
vt 0.0 0.0
vt 0.0 0.0
vt 0.0 0.0
vt 0.0 0.0
vt 0.0 0.0
vt 0.0 0.0
vt 0.0 0.0
vt 0.0 0.0
vt 0.0 0.0
vt 0.0 0.0
vt 0.0 0.0
vt 0.0 0.0
vt 0.0 0.0
vt 0.0 0.0
vt 0.0 0.0
vt 0.0 0.0
vt 0.0 0.0
vt 0.0 0.0
vt 0.0 0.0
vt 0.0 0.0
vt 0.0 0.0
vt 0.0 0.0
vt 0.0 0.0
vt 0.0 0.0
vt 0.0 0.0
vt 0.0 0.0
vt 0.0 0.0
vt 0.0 0.0
vt 0.0 0.0
vt 0.0 0.0
vt 0.0 0.0
vt 0.0 0.0
vt 0.0 0.0
vt 0.0 0.0
vt 0.0 0.0
vt 0.0 0.0
vt 0.0 0.0
vt 0.0 0.0
vt 0.0 0.0
vt 0.0 0.0
vt 0.0 0.0
vt 0.0 0.0
vt 0.0 0.0
vt 0.0 0.0
vt 0.0 0.0
vt 0.0 0.0
vt 0.0 0.0
vt 0.0 0.0
vt 0.0 0.0
vt 0.0 0.0
vt 0.0 0.0
vt 0.0 0.0
vt 0.0 0.0
vt 0.0 0.0
vt 0.0 0.0
vt 0.0 0.0
vt 0.0 0.0
vt 0.0 0.0
vt 0.0 0.0
vt 0.0 0.0
vt 0.0 0.0
vt 0.0 0.0
vt 0.0 0.0
vt 0.0 0.0
vt 0.0 0.0
vt 0.0 0.0
vt 0.0 0.0
vt 0.0 0.0
vt 0.0 0.0
vt 0.0 0.0
vt 0.0 0.0
vt 0.0 0.0
vt 0.0 0.0
vt 0.0 0.0
vt 0.0 0.0
vt 0.0 0.0
vt 0.0 0.0
vt 0.0 0.0
vt 0.0 0.0
vt 0.0 0.0
vt 0.0 0.0
vt 0.0 0.0
vt 0.0 0.0
vt 0.0 0.0
vt 0.0 0.0
vt 0.0 0.0
vt 0.0 0.0
vt 0.0 0.0
vt 0.0 0.0
vt 0.0 0.0
vt 0.0 0.0
vt 0.0 0.0
vt 0.0 0.0
vt 0.0 0.0
vt 0.0 0.0
vt 0.0 0.0
vt 0.0 0.0
vt 0.0 0.0
vt 0.0 0.0
vt 0.0 0.0
vt 0.0 0.0
vt 0.0 0.0
vt 0.0 0.0
vt 0.0 0.0
vt 0.0 0.0
vt 0.0 0.0
vt 0.0 0.0
vt 0.0 0.0
vt 0.0 0.0
vt 0.0 0.0
vt 0.0 0.0
vt 0.0 0.0
vt 0.0 0.0
vt 0.0 0.0
vt 0.0 0.0
vt 0.0 0.0
vt 0.0 0.0
vt 0.0 0.0
vt 0.0 0.0
vt 0.0 0.0
vt 0.0 0.0
vt 0.0 0.0
vt 0.0 0.0
vt 0.0 0.0
vt 0.0 0.0
vt 0.0 0.0
vt 0.0 0.0
vt 0.0 0.0
vt 0.0 0.0
vt 0.0 0.0
vt 0.0 0.0
vt 0.0 0.0
vt 0.0 0.0
vt 0.0 0.0
vt 0.0 0.0
vt 0.0 0.0
vt 0.0 0.0
vt 0.0 0.0
vt 0.0 0.0
vt 0.0 0.0
vt 0.0 0.0
vt 0.0 0.0
vt 0.0 0.0
vt 0.0 0.0
vt 0.0 0.0
vt 0.0 0.0
vt 0.0 0.0
vt 0.0 0.0
vt 0.0 0.0
vt 0.0 0.0
vt 0.0 0.0
vt 0.0 0.0
vt 0.0 0.0
vt 0.0 0.0
vt 0.0 0.0
vt 0.0 0.0
vt 0.0 0.0
vt 0.0 0.0
vt 0.0 0.0
vt 0.0 0.0
vt 0.0 0.0
vt 0.0 0.0
vt 0.0 0.0
vt 0.0 0.0
vt 0.0 0.0
vt 0.0 0.0
vt 0.0 0.0
vt 0.0 0.0
vt 0.0 0.0
vt 0.0 0.0
vt 0.0 0.0
vt 0.0 0.0
vt 0.0 0.0
vt 0.0 0.0
vt 0.0 0.0
vt 0.0 0.0
vt 0.0 0.0
vt 0.0 0.0
vt 0.0 0.0
vt 0.0 0.0
vt 0.0 0.0
vt 0.0 0.0
vt 0.0 0.0
vt 0.0 0.0
vt 0.0 0.0
vt 0.0 0.0
vt 0.0 0.0
vt 0.0 0.0
vt 0.0 0.0
vt 0.0 0.0
vt 0.0 0.0
vt 0.0 0.0
vt 0.0 0.0
vt 0.0 0.0
vt 0.0 0.0
vt 0.0 0.0
vt 0.0 0.0
vt 0.0 0.0
vt 0.0 0.0
vt 0.0 0.0
vt 0.0 0.0
vt 0.0 0.0
vt 0.0 0.0
vt 0.0 0.0
vt 0.0 0.0
vt 0.0 0.0
vt 0.0 0.0
vt 0.0 0.0
vt 0.0 0.0
vt 0.0 0.0
vt 0.0 0.0
vt 0.0 0.0
vt 0.0 0.0
vt 0.0 0.0
vt 0.0 0.0
vt 0.0 0.0
vt 0.0 0.0
vt 0.0 0.0
vt 0.0 0.0
vt 0.0 0.0
vt 0.0 0.0
vt 0.0 0.0
vt 0.0 0.0
vt 0.0 0.0
vt 0.0 0.0
vt 0.0 0.0
vt 0.0 0.0
vt 0.0 0.0
vt 0.0 0.0
vt 0.0 0.0
vt 0.0 0.0
vt 0.0 0.0
vt 0.0 0.0
vt 0.0 0.0
vt 0.0 0.0
vt 0.0 0.0
vt 0.0 0.0
vt 0.0 0.0
vt 0.0 0.0
vt 0.0 0.0
vt 0.0 0.0
vt 0.0 0.0
vt 0.0 0.0
vt 0.0 0.0
vt 0.0 0.0
vt 0.0 0.0
vt 0.0 0.0
vt 0.0 0.0
vt 0.0 0.0
vt 0.0 0.0
vt 0.0 0.0
vt 0.0 0.0
vt 0.0 0.0
vt 0.0 0.0
vt 0.0 0.0
vt 0.0 0.0
vt 0.0 0.0
vt 0.0 0.0
vt 0.0 0.0
vt 0.0 0.0
vt 0.0 0.0
vt 0.0 0.0
vt 0.0 0.0
vt 0.0 0.0
vt 0.0 0.0
vt 0.0 0.0
vt 0.0 0.0
vt 0.0 0.0
vt 0.0 0.0
vt 0.0 0.0
vt 0.0 0.0
vt 0.0 0.0
vt 0.0 0.0
vt 0.0 0.0
vt 0.0 0.0
vt 0.0 0.0
vt 0.0 0.0
vt 0.0 0.0
vt 0.0 0.0
vt 0.0 0.0
vt 0.0 0.0
vt 0.0 0.0
vt 0.0 0.0

# 1347 Vertex Normals
vn -0.531359 0.7443 -0.404569
vn -0.531359 0.7443 -0.404569
vn -0.531359 0.7443 -0.404569
vn 0.020839 -0.928545 -0.370635
vn 0.020839 -0.928545 -0.370635
vn 0.020839 -0.928545 -0.370635
vn 0.246302 -0.919616 0.306009
vn 0.246302 -0.919616 0.306009
vn 0.246302 -0.919616 0.306009
vn 0.007281 -0.923532 0.383452
vn 0.007281 -0.923532 0.383452
vn 0.007281 -0.923532 0.383452
vn -0.216842 -0.93241 -0.289123
vn -0.216842 -0.93241 -0.289123
vn -0.216842 -0.93241 -0.289123
vn -0.072082 0.946576 -0.314321
vn -0.072082 0.946576 -0.314321
vn -0.072082 0.946576 -0.314321
vn 0.123335 0.954322 0.272135
vn 0.123335 0.954322 0.272135
vn 0.123335 0.954322 0.272135
vn -0.048519 0.943582 0.327565
vn -0.048519 0.943582 0.327565
vn -0.048519 0.943582 0.327565
vn -0.242745 0.935885 -0.255332
vn -0.242745 0.935885 -0.255332
vn -0.242745 0.935885 -0.255332
vn 0.518341 -0.721665 0.458827
vn 0.518341 -0.721665 0.458827
vn 0.518341 -0.721665 0.458827
vn -0.000426 -0.731144 0.682223
vn -0.000426 -0.731144 0.682223
vn -0.000426 -0.731144 0.682223
vn 0.145279 -0.736451 -0.660707
vn 0.145279 -0.736451 -0.660707
vn 0.145279 -0.736451 -0.660707
vn -0.403718 -0.747107 -0.528055
vn -0.403718 -0.747107 -0.528055
vn -0.403718 -0.747107 -0.528055
vn -0.09047 0.7218 0.686163
vn -0.09047 0.7218 0.686163
vn -0.09047 0.7218 0.686163
vn 0.468877 0.74934 0.467595
vn 0.468877 0.74934 0.467595
vn 0.468877 0.74934 0.467595
vn 0.088762 0.734238 -0.673065
vn 0.088762 0.734238 -0.673065
vn 0.088762 0.734238 -0.673065
vn -0.489673 0.705906 -0.511778
vn -0.489673 0.705906 -0.511778
vn -0.489673 0.705906 -0.511778
vn 0.521897 -0.602946 0.60339
vn 0.521897 -0.602946 0.60339
vn 0.521897 -0.602946 0.60339
vn 0.210726 -0.639774 0.73911
vn 0.210726 -0.639774 0.73911
vn 0.210726 -0.639774 0.73911
vn -0.352742 -0.658958 -0.66434
vn -0.352742 -0.658958 -0.66434
vn -0.352742 -0.658958 -0.66434
vn 0.028058 -0.611576 -0.790688
vn 0.028058 -0.611576 -0.790688
vn 0.028058 -0.611576 -0.790688
vn -0.333823 -0.64064 0.691479
vn -0.333823 -0.64064 0.691479
vn -0.333823 -0.64064 0.691479
vn 0.358687 -0.464902 -0.80945
vn 0.358687 -0.464902 -0.80945
vn 0.358687 -0.464902 -0.80945
vn 0.048891 -0.347165 -0.936529
vn 0.048891 -0.347165 -0.936529
vn 0.048891 -0.347165 -0.936529
vn 0.307244 -0.491836 0.814677
vn 0.307244 -0.491836 0.814677
vn 0.307244 -0.491836 0.814677
vn -0.199134 -0.663414 0.721268
vn -0.199134 -0.663414 0.721268
vn -0.199134 -0.663414 0.721268
vn 0.15413 -0.483344 -0.861755
vn 0.15413 -0.483344 -0.861755
vn 0.15413 -0.483344 -0.861755
vn -0.071324 -0.318129 -0.945361
vn -0.071324 -0.318129 -0.945361
vn -0.071324 -0.318129 -0.945361
vn 0.427315 -0.401479 0.810072
vn 0.427315 -0.401479 0.810072
vn 0.427315 -0.401479 0.810072
vn -0.317455 -0.450348 0.834511
vn -0.317455 -0.450348 0.834511
vn -0.317455 -0.450348 0.834511
vn 0.137276 -0.435975 -0.889428
vn 0.137276 -0.435975 -0.889428
vn 0.137276 -0.435975 -0.889428
vn -0.149005 -0.267118 -0.952074
vn -0.149005 -0.267118 -0.952074
vn -0.149005 -0.267118 -0.952074
vn 0.48889 -0.317003 0.812709
vn 0.48889 -0.317003 0.812709
vn 0.48889 -0.317003 0.812709
vn -0.317466 -0.459298 0.829615
vn -0.317466 -0.459298 0.829615
vn -0.317466 -0.459298 0.829615
vn 0.13788 -0.388547 -0.911055
vn 0.13788 -0.388547 -0.911055
vn 0.13788 -0.388547 -0.911055
vn -0.250113 -0.239789 -0.938054
vn -0.250113 -0.239789 -0.938054
vn -0.250113 -0.239789 -0.938054
vn 0.619683 -0.262006 0.739829
vn 0.619683 -0.262006 0.739829
vn 0.619683 -0.262006 0.739829
vn -0.730214 -0.575127 -0.368806
vn -0.730214 -0.575127 -0.368806
vn -0.730214 -0.575127 -0.368806
vn 0.732656 -0.368789 0.572023
vn 0.732656 -0.368789 0.572023
vn 0.732656 -0.368789 0.572023
vn 0.405027 -0.230413 0.884795
vn 0.405027 -0.230413 0.884795
vn 0.405027 -0.230413 0.884795
vn 0.090538 -0.286472 -0.953801
vn 0.090538 -0.286472 -0.953801
vn 0.090538 -0.286472 -0.953801
vn -0.682302 -0.603297 -0.412912
vn -0.682302 -0.603297 -0.412912
vn -0.682302 -0.603297 -0.412912
vn 0.731483 -0.392934 0.557258
vn 0.731483 -0.392934 0.557258
vn 0.731483 -0.392934 0.557258
vn 0.501118 -0.249248 0.828707
vn 0.501118 -0.249248 0.828707
vn 0.501118 -0.249248 0.828707
vn -0.012943 -0.3305 -0.943717
vn -0.012943 -0.3305 -0.943717
vn -0.012943 -0.3305 -0.943717
vn -0.634216 -0.684024 -0.360391
vn -0.634216 -0.684024 -0.360391
vn -0.634216 -0.684024 -0.360391
vn 0.591449 -0.559433 0.580709
vn 0.591449 -0.559433 0.580709
vn 0.591449 -0.559433 0.580709
vn 0.469004 -0.359844 0.806565
vn 0.469004 -0.359844 0.806565
vn 0.469004 -0.359844 0.806565
vn -0.132335 -0.479633 -0.867433
vn -0.132335 -0.479633 -0.867433
vn -0.132335 -0.479633 -0.867433
vn -0.655572 -0.693821 -0.298056
vn -0.655572 -0.693821 -0.298056
vn -0.655572 -0.693821 -0.298056
vn 0.759726 -0.517128 0.394201
vn 0.759726 -0.517128 0.394201
vn 0.759726 -0.517128 0.394201
vn 0.57321 -0.390325 0.72047
vn 0.57321 -0.390325 0.72047
vn 0.57321 -0.390325 0.72047
vn -0.182167 -0.537393 -0.823422
vn -0.182167 -0.537393 -0.823422
vn -0.182167 -0.537393 -0.823422
vn -0.751478 0.554692 -0.357208
vn -0.751478 0.554692 -0.357208
vn -0.751478 0.554692 -0.357208
vn 0.687548 0.45952 0.562244
vn 0.687548 0.45952 0.562244
vn 0.687548 0.45952 0.562244
vn 0.381973 0.285855 0.878854
vn 0.381973 0.285855 0.878854
vn 0.381973 0.285855 0.878854
vn 0.065789 0.320325 -0.94502
vn 0.065789 0.320325 -0.94502
vn 0.065789 0.320325 -0.94502
vn -0.704818 0.58692 -0.398443
vn -0.704818 0.58692 -0.398443
vn -0.704818 0.58692 -0.398443
vn 0.682987 0.484516 0.546602
vn 0.682987 0.484516 0.546602
vn 0.682987 0.484516 0.546602
vn 0.474869 0.314021 0.822125
vn 0.474869 0.314021 0.822125
vn 0.474869 0.314021 0.822125
vn -0.039999 0.358894 -0.932521
vn -0.039999 0.358894 -0.932521
vn -0.039999 0.358894 -0.932521
vn -0.588439 0.721822 -0.364297
vn -0.588439 0.721822 -0.364297
vn -0.588439 0.721822 -0.364297
vn 0.584236 0.602461 0.543792
vn 0.584236 0.602461 0.543792
vn 0.584236 0.602461 0.543792
vn 0.469901 0.407701 0.782926
vn 0.469901 0.407701 0.782926
vn 0.469901 0.407701 0.782926
vn -0.120141 0.48925 -0.863829
vn -0.120141 0.48925 -0.863829
vn -0.120141 0.48925 -0.863829
vn -0.642056 0.70329 -0.3052
vn -0.642056 0.70329 -0.3052
vn -0.642056 0.70329 -0.3052
vn 0.729406 0.58644 0.352215
vn 0.729406 0.58644 0.352215
vn 0.729406 0.58644 0.352215
vn 0.560411 0.467704 0.683514
vn 0.560411 0.467704 0.683514
vn 0.560411 0.467704 0.683514
vn -0.198109 0.5348 -0.821427
vn -0.198109 0.5348 -0.821427
vn -0.198109 0.5348 -0.821427
vn -0.276833 0.551898 0.78662
vn -0.276833 0.551898 0.78662
vn -0.276833 0.551898 0.78662
vn 0.162434 0.412974 -0.896141
vn 0.162434 0.412974 -0.896141
vn 0.162434 0.412974 -0.896141
vn -0.131384 0.252004 -0.958766
vn -0.131384 0.252004 -0.958766
vn -0.131384 0.252004 -0.958766
vn 0.505459 0.350073 0.788645
vn 0.505459 0.350073 0.788645
vn 0.505459 0.350073 0.788645
vn -0.323786 0.665017 0.672989
vn -0.323786 0.665017 0.672989
vn -0.323786 0.665017 0.672989
vn 0.345042 0.517201 -0.78323
vn 0.345042 0.517201 -0.78323
vn 0.345042 0.517201 -0.78323
vn 0.043549 0.395711 -0.917342
vn 0.043549 0.395711 -0.917342
vn 0.043549 0.395711 -0.917342
vn 0.297319 0.51585 0.80343
vn 0.297319 0.51585 0.80343
vn 0.297319 0.51585 0.80343
vn -0.298034 0.525283 0.797028
vn -0.298034 0.525283 0.797028
vn -0.298034 0.525283 0.797028
vn 0.11436 0.388025 -0.914526
vn 0.11436 0.388025 -0.914526
vn 0.11436 0.388025 -0.914526
vn -0.269372 0.225883 -0.936171
vn -0.269372 0.225883 -0.936171
vn -0.269372 0.225883 -0.936171
vn 0.626264 0.317797 0.711898
vn 0.626264 0.317797 0.711898
vn 0.626264 0.317797 0.711898
vn -0.221514 0.690547 0.688532
vn -0.221514 0.690547 0.688532
vn -0.221514 0.690547 0.688532
vn -0.111223 0.993267 0.032415
vn -0.111223 0.993267 0.032415
vn -0.111223 0.993267 0.032415
vn 0.275842 0.889198 -0.365019
vn 0.275842 0.889198 -0.365019
vn 0.275842 0.889198 -0.365019
vn 0.389726 0.467676 0.793343
vn 0.389726 0.467676 0.793343
vn 0.389726 0.467676 0.793343
vn 0.406659 0.66921 0.621922
vn 0.406659 0.66921 0.621922
vn 0.406659 0.66921 0.621922
vn 0.099658 0.668177 0.737298
vn 0.099658 0.668177 0.737298
vn 0.099658 0.668177 0.737298
vn -0.375347 0.679669 -0.63021
vn -0.375347 0.679669 -0.63021
vn -0.375347 0.679669 -0.63021
vn -0.003515 0.677274 -0.735722
vn -0.003515 0.677274 -0.735722
vn -0.003515 0.677274 -0.735722
vn 0.254216 -0.832064 -0.492994
vn 0.254216 -0.832064 -0.492994
vn 0.254216 -0.832064 -0.492994
vn 0.495033 -0.769823 0.402883
vn 0.495033 -0.769823 0.402883
vn 0.495033 -0.769823 0.402883
vn -0.102627 -0.811811 0.574831
vn -0.102627 -0.811811 0.574831
vn -0.102627 -0.811811 0.574831
vn -0.398506 -0.872895 -0.281507
vn -0.398506 -0.872895 -0.281507
vn -0.398506 -0.872895 -0.281507
vn 0.211965 0.891394 -0.400609
vn 0.211965 0.891394 -0.400609
vn 0.211965 0.891394 -0.400609
vn 0.419152 0.817131 0.395738
vn 0.419152 0.817131 0.395738
vn 0.419152 0.817131 0.395738
vn -0.177017 0.781224 0.598627
vn -0.177017 0.781224 0.598627
vn -0.177017 0.781224 0.598627
vn -0.474116 0.860873 -0.184696
vn -0.474116 0.860873 -0.184696
vn -0.474116 0.860873 -0.184696
vn 0.184254 -0.857444 -0.480458
vn 0.184254 -0.857444 -0.480458
vn 0.184254 -0.857444 -0.480458
vn 0.423889 -0.884466 0.195032
vn 0.423889 -0.884466 0.195032
vn 0.423889 -0.884466 0.195032
vn -0.071323 -0.926998 0.368223
vn -0.071323 -0.926998 0.368223
vn -0.071323 -0.926998 0.368223
vn -0.295577 -0.896714 -0.329452
vn -0.295577 -0.896714 -0.329452
vn -0.295577 -0.896714 -0.329452
vn 0.103813 0.783257 -0.61297
vn 0.103813 0.783257 -0.61297
vn 0.103813 0.783257 -0.61297
vn 0.386534 0.908117 0.16098
vn 0.386534 0.908117 0.16098
vn 0.386534 0.908117 0.16098
vn -0.270026 0.879343 0.392226
vn -0.270026 0.879343 0.392226
vn -0.270026 0.879343 0.392226
vn -0.035254 -0.979705 0.19732
vn -0.035254 -0.979705 0.19732
vn -0.035254 -0.979705 0.19732
vn 0.137681 -0.980385 0.141028
vn 0.137681 -0.980385 0.141028
vn 0.137681 -0.980385 0.141028
vn -0.138791 -0.983806 -0.113418
vn -0.138791 -0.983806 -0.113418
vn -0.138791 -0.983806 -0.113418
vn 0.033352 -0.984515 -0.172097
vn 0.033352 -0.984515 -0.172097
vn 0.033352 -0.984515 -0.172097
vn 0.195426 0.850574 -0.488192
vn 0.195426 0.850574 -0.488192
vn 0.195426 0.850574 -0.488192
vn 0.442423 0.860378 0.253004
vn 0.442423 0.860378 0.253004
vn 0.442423 0.860378 0.253004
vn -0.191668 0.834646 0.516363
vn -0.191668 0.834646 0.516363
vn -0.191668 0.834646 0.516363
vn -0.46966 0.823606 -0.31795
vn -0.46966 0.823606 -0.31795
vn -0.46966 0.823606 -0.31795
vn 0.101998 -0.7355 0.669804
vn 0.101998 -0.7355 0.669804
vn 0.101998 -0.7355 0.669804
vn -0.313508 -0.753257 -0.578201
vn -0.313508 -0.753257 -0.578201
vn -0.313508 -0.753257 -0.578201
vn -0.130749 -0.917525 -0.375569
vn -0.130749 -0.917525 -0.375569
vn -0.130749 -0.917525 -0.375569
vn -0.134832 0.977724 0.160857
vn -0.134832 0.977724 0.160857
vn -0.134832 0.977724 0.160857
vn 0.069826 -0.987471 0.141514
vn 0.069826 -0.987471 0.141514
vn 0.069826 -0.987471 0.141514
vn 0.07896 -0.986128 0.146003
vn 0.07896 -0.986128 0.146003
vn 0.07896 -0.986128 0.146003
vn 0.019935 0.992294 -0.122293
vn 0.019935 0.992294 -0.122293
vn 0.019935 0.992294 -0.122293
vn 0.013489 0.990594 0.136165
vn 0.013489 0.990594 0.136165
vn 0.013489 0.990594 0.136165
vn 0.011143 -0.981862 0.18927
vn 0.011143 -0.981862 0.18927
vn 0.011143 -0.981862 0.18927
vn -0.054591 0.989659 0.132643
vn -0.054591 0.989659 0.132643
vn -0.054591 0.989659 0.132643
vn -0.099619 0.986294 -0.131529
vn -0.099619 0.986294 -0.131529
vn -0.099619 0.986294 -0.131529
vn -0.141056 0.845164 0.515558
vn -0.141056 0.845164 0.515558
vn -0.141056 0.845164 0.515558
vn -0.0199 -0.988112 -0.152444
vn -0.0199 -0.988112 -0.152444
vn -0.0199 -0.988112 -0.152444
vn -0.080941 0.980696 -0.178001
vn -0.080941 0.980696 -0.178001
vn -0.080941 0.980696 -0.178001
vn -0.411663 0.846247 -0.338231
vn -0.411663 0.846247 -0.338231
vn -0.411663 0.846247 -0.338231
vn -0.098099 0.983423 -0.152501
vn -0.098099 0.983423 -0.152501
vn -0.098099 0.983423 -0.152501
vn -0.002861 -0.983991 -0.178195
vn -0.002861 -0.983991 -0.178195
vn -0.002861 -0.983991 -0.178195
vn -0.097234 0.986104 -0.134698
vn -0.097234 0.986104 -0.134698
vn -0.097234 0.986104 -0.134698
vn 0.009405 0.988376 0.151737
vn 0.009405 0.988376 0.151737
vn 0.009405 0.988376 0.151737
vn 0.000398 0.989291 0.145954
vn 0.000398 0.989291 0.145954
vn 0.000398 0.989291 0.145954
vn -0.008678 0.989902 0.141489
vn -0.008678 0.989902 0.141489
vn -0.008678 0.989902 0.141489
vn -0.021165 -0.991086 -0.131535
vn -0.021165 -0.991086 -0.131535
vn -0.021165 -0.991086 -0.131535
vn -0.363203 0.865111 -0.34593
vn -0.363203 0.865111 -0.34593
vn -0.363203 0.865111 -0.34593
vn 0.168822 0.967419 0.188677
vn 0.168822 0.967419 0.188677
vn 0.168822 0.967419 0.188677
vn -0.090203 0.875597 0.474545
vn -0.090203 0.875597 0.474545
vn -0.090203 0.875597 0.474545
vn -0.124784 0.984798 -0.12084
vn -0.124784 0.984798 -0.12084
vn -0.124784 0.984798 -0.12084
vn -0.066736 0.979649 0.189301
vn -0.066736 0.979649 0.189301
vn -0.066736 0.979649 0.189301
vn -0.127025 -0.801229 -0.58472
vn -0.127025 -0.801229 -0.58472
vn -0.127025 -0.801229 -0.58472
vn 0.25573 -0.785174 0.564007
vn 0.25573 -0.785174 0.564007
vn 0.25573 -0.785174 0.564007
vn 0.074196 -0.899121 0.431366
vn 0.074196 -0.899121 0.431366
vn 0.074196 -0.899121 0.431366
vn -0.196461 0.969222 -0.148362
vn -0.196461 0.969222 -0.148362
vn -0.196461 0.969222 -0.148362
vn 0.030093 0.959405 -0.280421
vn 0.030093 0.959405 -0.280421
vn 0.030093 0.959405 -0.280421
vn 0.209953 0.968223 0.135885
vn 0.209953 0.968223 0.135885
vn 0.209953 0.968223 0.135885
vn 0.014399 0.96141 -0.274742
vn 0.014399 0.96141 -0.274742
vn 0.014399 0.96141 -0.274742
vn -0.239055 0.826772 -0.509216
vn -0.239055 0.826772 -0.509216
vn -0.239055 0.826772 -0.509216
vn 0.107835 0.839876 0.531958
vn 0.107835 0.839876 0.531958
vn 0.107835 0.839876 0.531958
vn 0.081448 0.994732 0.062242
vn 0.081448 0.994732 0.062242
vn 0.081448 0.994732 0.062242
vn -0.212103 0.974661 -0.071058
vn -0.212103 0.974661 -0.071058
vn -0.212103 0.974661 -0.071058
vn 0.185073 0.965389 0.183773
vn 0.185073 0.965389 0.183773
vn 0.185073 0.965389 0.183773
vn 0.0788 0.963113 -0.257303
vn 0.0788 0.963113 -0.257303
vn 0.0788 0.963113 -0.257303
vn -0.168524 0.983006 -0.072787
vn -0.168524 0.983006 -0.072787
vn -0.168524 0.983006 -0.072787
vn -0.009588 -0.988213 -0.152788
vn -0.009588 -0.988213 -0.152788
vn -0.009588 -0.988213 -0.152788
vn -0.172827 -0.84311 -0.509211
vn -0.172827 -0.84311 -0.509211
vn -0.172827 -0.84311 -0.509211
vn 0.174048 -0.828692 0.531956
vn 0.174048 -0.828692 0.531956
vn 0.174048 -0.828692 0.531956
vn -0.168156 -0.978873 -0.116321
vn -0.168156 -0.978873 -0.116321
vn -0.168156 -0.978873 -0.116321
vn 0.160016 -0.985149 0.062259
vn 0.160016 -0.985149 0.062259
vn 0.160016 -0.985149 0.062259
vn -0.134268 -0.988396 -0.071036
vn -0.134268 -0.988396 -0.071036
vn -0.134268 -0.988396 -0.071036
vn 0.22248 -0.968513 0.111734
vn 0.22248 -0.968513 0.111734
vn 0.22248 -0.968513 0.111734
vn -0.056965 -0.974431 0.217347
vn -0.056965 -0.974431 0.217347
vn -0.056965 -0.974431 0.217347
vn -0.293526 -0.891147 -0.345977
vn -0.293526 -0.891147 -0.345977
vn -0.293526 -0.891147 -0.345977
vn -0.020509 -0.879993 0.474544
vn -0.020509 -0.879993 0.474544
vn -0.020509 -0.879993 0.474544
vn -0.056986 -0.985325 0.160897
vn -0.056986 -0.985325 0.160897
vn -0.056986 -0.985325 0.160897
vn -0.098957 0.985757 0.13598
vn -0.098957 0.985757 0.13598
vn -0.098957 0.985757 0.13598
vn 0.118697 -0.972642 -0.199695
vn 0.118697 -0.972642 -0.199695
vn 0.118697 -0.972642 -0.199695
vn 0.091904 -0.986412 0.136183
vn 0.091904 -0.986412 0.136183
vn 0.091904 -0.986412 0.136183
vn 0.016347 -0.994353 -0.104859
vn 0.016347 -0.994353 -0.104859
vn 0.016347 -0.994353 -0.104859
vn 0.228743 -0.75682 0.612291
vn 0.228743 -0.75682 0.612291
vn 0.270643 -0.706053 0.654401
vn 0.228743 -0.75682 0.612291
vn 0.185446 -0.802966 0.566441
vn 0.228743 -0.75682 0.612291
vn 0.325216 -0.768627 0.55086
vn 0.325216 -0.768627 0.55086
vn 0.284871 -0.797517 0.531804
vn 0.325216 -0.768627 0.55086
vn 0.364642 -0.737567 0.568359
vn 0.325216 -0.768627 0.55086
vn -0.064094 -0.784055 -0.617373
vn -0.064094 -0.784055 -0.617373
vn -0.084712 -0.812156 -0.577258
vn -0.064094 -0.784055 -0.617373
vn -0.043294 -0.753741 -0.655744
vn -0.064094 -0.784055 -0.617373
vn -0.178183 -0.772931 -0.608957
vn -0.178183 -0.772931 -0.608957
vn -0.170316 -0.723506 -0.668979
vn -0.178183 -0.772931 -0.608957
vn -0.184962 -0.817635 -0.545217
vn -0.178183 -0.772931 -0.608957
vn 0.171003 0.767338 0.618022
vn 0.171003 0.767338 0.618022
vn 0.21508 0.721512 0.65815
vn 0.171003 0.767338 0.618022
vn 0.125958 0.808825 0.574401
vn 0.171003 0.767338 0.618022
vn 0.267225 0.77891 0.567353
vn 0.267225 0.77891 0.567353
vn 0.287762 0.807898 0.514289
vn 0.267225 0.77891 0.567353
vn 0.245599 0.746746 0.618104
vn 0.267225 0.77891 0.567353
vn -0.127265 0.76773 -0.628008
vn -0.127265 0.76773 -0.628008
vn -0.151958 0.796301 -0.585503
vn -0.127265 0.76773 -0.628008
vn -0.102161 0.736677 -0.668483
vn -0.127265 0.76773 -0.628008
vn -0.239913 0.750996 -0.61518
vn -0.239913 0.750996 -0.61518
vn -0.22834 0.703837 -0.672662
vn -0.239913 0.750996 -0.61518
vn -0.250128 0.793903 -0.554215
vn -0.239913 0.750996 -0.61518
vn -0.06736 -0.266159 -0.961573
vn -0.06736 -0.266159 -0.961573
vn -0.072419 -0.316831 -0.945713
vn -0.06736 -0.266159 -0.961573
vn -0.06211 -0.214729 -0.974697
vn -0.06736 -0.266159 -0.961573
vn 0.557589 -0.211149 0.802814
vn 0.557589 -0.211149 0.802814
vn 0.526351 -0.106666 0.84355
vn 0.557589 -0.211149 0.802814
vn 0.58127 -0.312771 0.751199
vn 0.557589 -0.211149 0.802814
vn 0.169511 -0.241776 0.955411
vn 0.169511 -0.241776 0.955411
vn 0.2206 -0.348688 0.910907
vn 0.169511 -0.241776 0.955411
vn 0.115707 -0.13099 0.984608
vn 0.169511 -0.241776 0.955411
vn -0.546286 -0.206697 -0.811695
vn -0.546286 -0.206697 -0.811695
vn -0.519303 -0.054635 -0.852842
vn -0.546286 -0.206697 -0.811695
vn -0.559315 -0.353479 -0.749813
vn -0.546286 -0.206697 -0.811695
vn 0.048468 -0.557252 0.828928
vn 0.048468 -0.557252 0.828928
vn 0.021218 -0.650695 0.759043
vn 0.048468 -0.557252 0.828928
vn 0.075023 -0.455808 0.886911
vn 0.048468 -0.557252 0.828928
vn 0.275343 -0.426396 -0.86161
vn 0.275343 -0.426396 -0.86161
vn 0.263869 -0.453511 -0.851294
vn 0.275343 -0.426396 -0.86161
vn 0.286549 -0.398867 -0.871089
vn 0.275343 -0.426396 -0.86161
vn 0.250171 -0.520796 0.816202
vn 0.250171 -0.520796 0.816202
vn 0.222635 -0.650136 0.726469
vn 0.250171 -0.520796 0.816202
vn 0.271318 -0.378155 0.88509
vn 0.250171 -0.520796 0.816202
vn 0.166816 -0.418809 -0.892621
vn 0.166816 -0.418809 -0.892621
vn 0.157622 -0.483642 -0.860956
vn 0.166816 -0.418809 -0.892621
vn 0.175128 -0.35176 -0.919562
vn 0.166816 -0.418809 -0.892621
vn 0.230345 -0.394078 0.889744
vn 0.230345 -0.394078 0.889744
vn 0.175092 -0.508934 0.84281
vn 0.230345 -0.394078 0.889744
vn 0.281348 -0.271953 0.920263
vn 0.230345 -0.394078 0.889744
vn 0.10548 -0.377677 -0.91991
vn 0.10548 -0.377677 -0.91991
vn 0.082847 -0.427177 -0.900365
vn 0.10548 -0.377677 -0.91991
vn 0.127759 -0.326915 -0.936378
vn 0.10548 -0.377677 -0.91991
vn 0.333736 -0.375526 0.864639
vn 0.333736 -0.375526 0.864639
vn 0.259752 -0.498565 0.82702
vn 0.333736 -0.375526 0.864639
vn 0.400369 -0.244215 0.883212
vn 0.333736 -0.375526 0.864639
vn 0.066702 -0.332607 -0.940704
vn 0.066702 -0.332607 -0.940704
vn 0.037458 -0.382115 -0.923355
vn 0.066702 -0.332607 -0.940704
vn 0.095705 -0.281899 -0.954659
vn 0.066702 -0.332607 -0.940704
vn -0.23767 -0.418813 -0.876418
vn -0.23767 -0.418813 -0.876418
vn -0.443367 -0.294011 -0.846749
vn -0.23767 -0.418813 -0.876418
vn -0.018006 -0.519003 -0.854583
vn -0.23767 -0.418813 -0.876418
vn 0.698268 -0.310948 0.644774
vn 0.698268 -0.310948 0.644774
vn 0.745527 -0.36802 0.555653
vn 0.698268 -0.310948 0.644774
vn 0.641629 -0.249699 0.725233
vn 0.698268 -0.310948 0.644774
vn -0.289692 -0.442488 -0.848695
vn -0.289692 -0.442488 -0.848695
vn -0.466719 -0.31657 -0.825806
vn -0.289692 -0.442488 -0.848695
vn -0.098841 -0.54729 -0.831086
vn -0.289692 -0.442488 -0.848695
vn 0.723233 -0.332515 0.605283
vn 0.723233 -0.332515 0.605283
vn 0.757056 -0.392534 0.522286
vn 0.723233 -0.332515 0.605283
vn 0.680995 -0.268626 0.681238
vn 0.723233 -0.332515 0.605283
vn -0.326454 -0.561421 -0.760418
vn -0.326454 -0.561421 -0.760418
vn -0.475711 -0.399504 -0.783642
vn -0.326454 -0.561421 -0.760418
vn -0.161188 -0.695808 -0.699906
vn -0.326454 -0.561421 -0.760418
vn 0.635554 -0.493295 0.593912
vn 0.635554 -0.493295 0.593912
vn 0.642935 -0.57046 0.511087
vn 0.635554 -0.493295 0.593912
vn 0.619993 -0.409782 0.669094
vn 0.635554 -0.493295 0.593912
vn -0.442765 -0.594193 -0.671486
vn -0.442765 -0.594193 -0.671486
vn -0.562304 -0.479847 -0.673469
vn -0.442765 -0.594193 -0.671486
vn -0.311109 -0.692276 -0.651125
vn -0.442765 -0.594193 -0.671486
vn 0.723419 -0.477322 0.498827
vn 0.723419 -0.477322 0.498827
vn 0.723073 -0.51059 0.465257
vn 0.723419 -0.477322 0.498827
vn 0.722149 -0.442989 0.531283
vn 0.723419 -0.477322 0.498827
vn -0.248942 0.463463 -0.850429
vn -0.248942 0.463463 -0.850429
vn -0.281064 0.599238 -0.749611
vn -0.248942 0.463463 -0.850429
vn -0.209443 0.313956 -0.926048
vn -0.248942 0.463463 -0.850429
vn 0.655205 0.395894 0.643409
vn 0.655205 0.395894 0.643409
vn 0.612967 0.454811 0.646079
vn 0.655205 0.395894 0.643409
vn 0.693994 0.334894 0.637352
vn 0.655205 0.395894 0.643409
vn -0.298252 0.480038 -0.82499
vn -0.298252 0.480038 -0.82499
vn -0.30037 0.608155 -0.734797
vn -0.298252 0.480038 -0.82499
vn -0.288812 0.340134 -0.894928
vn -0.298252 0.480038 -0.82499
vn 0.678932 0.420536 0.601831
vn 0.678932 0.420536 0.601831
vn 0.64431 0.480568 0.594911
vn 0.678932 0.420536 0.601831
vn 0.710262 0.358464 0.605832
vn 0.678932 0.420536 0.601831
vn -0.279278 0.606052 -0.744785
vn -0.279278 0.606052 -0.744785
vn -0.250948 0.733708 -0.631426
vn -0.279278 0.606052 -0.744785
vn -0.299244 0.460245 -0.835839
vn -0.279278 0.606052 -0.744785
vn 0.627734 0.534172 0.566224
vn 0.627734 0.534172 0.566224
vn 0.586612 0.602889 0.540751
vn 0.627734 0.534172 0.566224
vn 0.664424 0.461683 0.587698
vn 0.627734 0.534172 0.566224
vn -0.420049 0.613345 -0.668854
vn -0.420049 0.613345 -0.668854
vn -0.395817 0.708764 -0.583937
vn -0.420049 0.613345 -0.668854
vn -0.437182 0.507559 -0.742466
vn -0.420049 0.613345 -0.668854
vn 0.699113 0.550663 0.456082
vn 0.699113 0.550663 0.456082
vn 0.67823 0.579412 0.451979
vn 0.699113 0.550663 0.456082
vn 0.719102 0.52121 0.4596
vn 0.699113 0.550663 0.456082
vn 0.244791 0.429982 0.869019
vn 0.244791 0.429982 0.869019
vn 0.116586 0.290025 0.949891
vn 0.244791 0.429982 0.869019
vn 0.362576 0.551636 0.751157
vn 0.244791 0.429982 0.869019
vn 0.134263 0.352266 -0.926219
vn 0.134263 0.352266 -0.926219
vn 0.199366 0.416076 -0.887205
vn 0.134263 0.352266 -0.926219
vn 0.067839 0.284991 -0.956127
vn 0.134263 0.352266 -0.926219
vn 0.024083 0.559898 0.828212
vn 0.024083 0.559898 0.828212
vn -0.061497 0.441632 0.895086
vn 0.024083 0.559898 0.828212
vn 0.109042 0.663727 0.739984
vn 0.024083 0.559898 0.828212
vn 0.263729 0.477315 -0.838223
vn 0.263729 0.477315 -0.838223
vn 0.281218 0.509962 -0.81293
vn 0.263729 0.477315 -0.838223
vn 0.245709 0.443709 -0.861829
vn 0.263729 0.477315 -0.838223
vn 0.337983 0.413673 0.845365
vn 0.337983 0.413673 0.845365
vn 0.189246 0.272175 0.943455
vn 0.337983 0.413673 0.845365
vn 0.469224 0.533756 0.703515
vn 0.337983 0.413673 0.845365
vn 0.053501 0.327201 -0.943439
vn 0.053501 0.327201 -0.943439
vn 0.13224 0.388993 -0.9117
vn 0.053501 0.327201 -0.943439
vn -0.025828 0.261802 -0.964776
vn 0.053501 0.327201 -0.943439
vn 0.17789 0.549685 0.816211
vn 0.17789 0.549685 0.816211
vn 0.081478 0.385217 0.919222
vn 0.17789 0.549685 0.816211
vn 0.265949 0.688343 0.674874
vn 0.17789 0.549685 0.816211
vn 0.241949 0.963203 -0.117052
vn 0.241949 0.963203 -0.117052
vn 0.282139 0.937712 0.202718
vn 0.241949 0.963203 -0.117052
vn 0.176471 0.888022 -0.424588
vn 0.241949 0.963203 -0.117052
vn -0.060696 0.301113 -0.951655
vn -0.060696 0.301113 -0.951655
vn -0.035515 0.371577 -0.927723
vn -0.060696 0.301113 -0.951655
vn -0.085502 0.228791 -0.969713
vn -0.060696 0.301113 -0.951655
vn 0.500922 0.295934 0.813326
vn 0.500922 0.295934 0.813326
vn 0.533562 0.213323 0.818416
vn 0.500922 0.295934 0.813326
vn 0.464317 0.376203 0.801799
vn 0.500922 0.295934 0.813326
vn 0.099489 0.222748 0.969786
vn 0.099489 0.222748 0.969786
vn 0.042705 0.356092 0.933475
vn 0.099489 0.222748 0.969786
vn 0.154052 0.084432 0.984449
vn 0.099489 0.222748 0.969786
vn -0.519125 0.219653 -0.825991
vn -0.519125 0.219653 -0.825991
vn -0.565162 0.069814 -0.82202
vn -0.519125 0.219653 -0.825991
vn -0.460324 0.364092 -0.809653
vn -0.519125 0.219653 -0.825991
vn -0.777375 -0.365732 -0.51179
vn -0.777375 -0.365732 -0.51179
vn -0.736899 -0.481785 -0.474196
vn -0.777375 -0.365732 -0.51179
vn -0.805008 -0.243637 -0.540929
vn -0.777375 -0.365732 -0.51179
vn 0.414421 -0.212563 -0.884914
vn 0.414421 -0.212563 -0.884914
vn 0.427637 -0.172596 -0.88732
vn 0.414421 -0.212563 -0.884914
vn 0.400468 -0.252153 -0.880934
vn 0.414421 -0.212563 -0.884914
vn 0.836836 -0.350901 0.420207
vn 0.836836 -0.350901 0.420207
vn 0.858181 -0.238673 0.45449
vn 0.836836 -0.350901 0.420207
vn 0.803586 -0.458138 0.379946
vn 0.836836 -0.350901 0.420207
vn -0.297301 -0.508465 0.808131
vn -0.297301 -0.508465 0.808131
vn -0.281636 -0.544717 0.789914
vn -0.297301 -0.508465 0.808131
vn -0.312403 -0.471252 0.824819
vn -0.297301 -0.508465 0.808131
vn -0.195763 -0.71543 -0.670699
vn -0.195763 -0.71543 -0.670699
vn -0.195757 -0.715438 -0.670692
vn -0.195763 -0.71543 -0.670699
vn -0.195769 -0.715422 -0.670706
vn -0.195763 -0.71543 -0.670699
vn 0.251394 -0.697705 0.670827
vn 0.251394 -0.697705 0.670827
vn 0.251397 -0.697701 0.67083
vn 0.251394 -0.697705 0.670827
vn 0.251392 -0.697709 0.670824
vn 0.251394 -0.697705 0.670827
vn 0.196014 0.714337 0.67179
vn 0.196014 0.714337 0.67179
vn 0.196013 0.714721 0.671381
vn 0.196014 0.714337 0.67179
vn 0.196015 0.713952 0.672199
vn 0.196014 0.714337 0.67179
vn -0.251689 0.696935 -0.671516
vn -0.251689 0.696935 -0.671516
vn -0.25171 0.697203 -0.671231
vn -0.251689 0.696935 -0.671516
vn -0.251669 0.696667 -0.671802
vn -0.251689 0.696935 -0.671516
vn -0.620843 -0.64802 -0.441162
vn -0.620843 -0.64802 -0.441162
vn -0.620878 -0.648013 -0.441122
vn -0.620843 -0.64802 -0.441162
vn -0.620808 -0.648026 -0.441202
vn -0.620843 -0.64802 -0.441162
vn -0.226975 -0.632411 0.740634
vn -0.226975 -0.632411 0.740634
vn -0.227043 -0.632374 0.740645
vn -0.226975 -0.632411 0.740634
vn -0.226907 -0.632447 0.740624
vn -0.226975 -0.632411 0.740634
vn -0.276158 0.611703 0.741321
vn -0.276158 0.611703 0.741321
vn -0.275975 0.611737 0.74136
vn -0.276158 0.611703 0.741321
vn -0.276341 0.611668 0.741281
vn -0.276158 0.611703 0.741321
vn -0.670398 0.596272 -0.441618
vn -0.670398 0.596272 -0.441618
vn -0.670491 0.596205 -0.441568
vn -0.670398 0.596272 -0.441618
vn -0.670306 0.596339 -0.441667
vn -0.670398 0.596272 -0.441618
vn 0.47736 0.527502 -0.702759
vn 0.47736 0.527502 -0.702759
vn 0.47764 0.5274 -0.702645
vn 0.47736 0.527502 -0.702759
vn 0.477079 0.527604 -0.702872
vn 0.47736 0.527502 -0.702759
vn 0.518953 -0.487809 -0.701947
vn 0.518953 -0.487809 -0.701947
vn 0.518974 -0.487792 -0.701944
vn 0.518953 -0.487809 -0.701947
vn 0.518933 -0.487827 -0.70195
vn 0.518953 -0.487809 -0.701947
vn 0.839628 -0.47554 0.262461
vn 0.839628 -0.47554 0.262461
vn 0.839562 -0.475594 0.262575
vn 0.839628 -0.47554 0.262461
vn 0.839695 -0.475487 0.262346
vn 0.839628 -0.47554 0.262461
vn 0.799145 0.540137 0.263855
vn 0.799145 0.540137 0.263855
vn 0.798941 0.540342 0.264052
vn 0.799145 0.540137 0.263855
vn 0.799349 0.539931 0.263657
vn 0.799145 0.540137 0.263855
vn -0.195763 -0.715411 -0.670719
vn -0.195763 -0.715411 -0.670719
vn -0.19577 -0.715401 -0.670727
vn -0.195763 -0.715411 -0.670719
vn -0.195756 -0.715421 -0.67071
vn -0.195763 -0.715411 -0.670719
vn 0.251397 -0.697701 0.67083
vn 0.251397 -0.697701 0.67083
vn 0.251397 -0.697701 0.67083
vn 0.251397 -0.697701 0.67083
vn 0.251397 -0.697701 0.67083
vn 0.251397 -0.697701 0.67083
vn 0.19602 0.714324 0.671801
vn 0.19602 0.714324 0.671801
vn 0.196019 0.714711 0.67139
vn 0.19602 0.714324 0.671801
vn 0.196021 0.713938 0.672212
vn 0.19602 0.714324 0.671801
vn -0.251687 0.696923 -0.671529
vn -0.251687 0.696923 -0.671529
vn -0.251705 0.697166 -0.671271
vn -0.251687 0.696923 -0.671529
vn -0.251668 0.696681 -0.671788
vn -0.251687 0.696923 -0.671529
vn -0.800663 -0.539399 -0.260746
vn -0.800663 -0.539399 -0.260746
vn -0.800698 -0.539374 -0.260688
vn -0.800663 -0.539399 -0.260746
vn -0.800627 -0.539424 -0.260804
vn -0.800663 -0.539399 -0.260746
vn -0.47982 -0.52676 0.701638
vn -0.47982 -0.52676 0.701638
vn -0.4799 -0.526702 0.701627
vn -0.47982 -0.52676 0.701638
vn -0.47974 -0.526818 0.70165
vn -0.47982 -0.52676 0.701638
vn -0.519942 0.486334 0.702239
vn -0.519942 0.486334 0.702239
vn -0.519773 0.486413 0.702309
vn -0.519942 0.486334 0.702239
vn -0.520111 0.486255 0.702169
vn -0.519942 0.486334 0.702239
vn -0.841024 0.473767 -0.261198
vn -0.841024 0.473767 -0.261198
vn -0.840976 0.473823 -0.261249
vn -0.841024 0.473767 -0.261198
vn -0.841071 0.47371 -0.261148
vn -0.841024 0.473767 -0.261198
vn 0.462594 0.535311 -0.706717
vn 0.462594 0.535311 -0.706717
vn 0.462985 0.535174 -0.706565
vn 0.462594 0.535311 -0.706717
vn 0.462203 0.535448 -0.706869
vn 0.462594 0.535311 -0.706717
vn 0.504821 -0.496735 -0.705982
vn 0.504821 -0.496735 -0.705982
vn 0.504679 -0.496853 -0.706
vn 0.504821 -0.496735 -0.705982
vn 0.504962 -0.496617 -0.705964
vn 0.504821 -0.496735 -0.705982
vn 0.830918 -0.48414 0.274195
vn 0.830918 -0.48414 0.274195
vn 0.830899 -0.484155 0.274227
vn 0.830918 -0.48414 0.274195
vn 0.830937 -0.484125 0.274164
vn 0.830918 -0.48414 0.274195
vn 0.789733 0.54804 0.275634
vn 0.789733 0.54804 0.275634
vn 0.789572 0.548197 0.275783
vn 0.789733 0.54804 0.275634
vn 0.789894 0.547883 0.275485
vn 0.789733 0.54804 0.275634
vn -0.195765 -0.715408 -0.670721
vn -0.195765 -0.715408 -0.670721
vn -0.195744 -0.715437 -0.670697
vn -0.195765 -0.715408 -0.670721
vn -0.195786 -0.715379 -0.670746
vn -0.195765 -0.715408 -0.670721
vn 0.251392 -0.697701 0.670832
vn 0.251392 -0.697701 0.670832
vn 0.251406 -0.697679 0.67085
vn 0.251392 -0.697701 0.670832
vn 0.251379 -0.697723 0.670814
vn 0.251392 -0.697701 0.670832
vn 0.196022 0.71433 0.671795
vn 0.196022 0.71433 0.671795
vn 0.196021 0.714713 0.671388
vn 0.196022 0.71433 0.671795
vn 0.196023 0.713946 0.672202
vn 0.196022 0.71433 0.671795
vn -0.251685 0.696938 -0.671515
vn -0.251685 0.696938 -0.671515
vn -0.251704 0.697187 -0.671249
vn -0.251685 0.696938 -0.671515
vn -0.251666 0.69669 -0.67178
vn -0.251685 0.696938 -0.671515
vn -0.72094 -0.597479 -0.351091
vn -0.72094 -0.597479 -0.351091
vn -0.721023 -0.597444 -0.350979
vn -0.72094 -0.597479 -0.351091
vn -0.720856 -0.597514 -0.351203
vn -0.72094 -0.597479 -0.351091
vn -0.361304 -0.583325 0.727455
vn -0.361304 -0.583325 0.727455
vn -0.361332 -0.583308 0.727455
vn -0.361304 -0.583325 0.727455
vn -0.361277 -0.583342 0.727455
vn -0.361304 -0.583325 0.727455
vn -0.406245 0.552109 0.728108
vn -0.406245 0.552109 0.728108
vn -0.406115 0.552153 0.728147
vn -0.406245 0.552109 0.728108
vn -0.406374 0.552065 0.728069
vn -0.406245 0.552109 0.728108
vn -0.766149 0.537968 -0.351577
vn -0.766149 0.537968 -0.351577
vn -0.766228 0.537892 -0.351519
vn -0.766149 0.537968 -0.351577
vn -0.76607 0.538043 -0.351634
vn -0.766149 0.537968 -0.351577
vn 0.397068 0.567029 -0.721675
vn 0.397068 0.567029 -0.721675
vn 0.397252 0.566976 -0.721616
vn 0.397068 0.567029 -0.721675
vn 0.396885 0.567081 -0.721735
vn 0.397068 0.567029 -0.721675
vn 0.442165 -0.533696 -0.720873
vn 0.442165 -0.533696 -0.720873
vn 0.442173 -0.533693 -0.720871
vn 0.442165 -0.533696 -0.720873
vn 0.442157 -0.533699 -0.720876
vn 0.442165 -0.533696 -0.720873
vn 0.789904 -0.520248 0.324644
vn 0.789904 -0.520248 0.324644
vn 0.789849 -0.520281 0.324725
vn 0.789904 -0.520248 0.324644
vn 0.78996 -0.520214 0.324563
vn 0.789904 -0.520248 0.324644
vn 0.745912 0.580673 0.326241
vn 0.745912 0.580673 0.326241
vn 0.745672 0.580874 0.326433
vn 0.745912 0.580673 0.326241
vn 0.746153 0.580472 0.32605
vn 0.745912 0.580673 0.326241
vn -0.241568 0.816749 -0.52399
vn -0.241568 0.816749 -0.52399
vn -0.104114 0.884403 -0.454963
vn -0.241568 0.816749 -0.52399
vn -0.372202 0.726034 -0.578222
vn -0.241568 0.816749 -0.52399
vn 0.002684 0.902156 0.431402
vn 0.002684 0.902156 0.431402
vn 0.002684 0.902156 0.431402
vn 0.947914 0.039219 -0.316103
vn 0.947914 0.039219 -0.316103
vn 0.947914 0.039219 -0.316103
vn -0.065429 0.924627 -0.375212
vn -0.065429 0.924627 -0.375212
vn 0.051099 0.790527 -0.610292
vn -0.065429 0.924627 -0.375212
vn -0.176276 0.978447 -0.107555
vn -0.065429 0.924627 -0.375212
vn 0.192498 -0.967889 0.161662
vn 0.192498 -0.967889 0.161662
vn 0.268497 -0.875649 0.401433
vn 0.192498 -0.967889 0.161662
vn 0.102682 -0.99066 -0.089712
vn 0.192498 -0.967889 0.161662
vn 0.109748 0.824493 0.555127
vn 0.109748 0.824493 0.555127
vn 0.043388 0.741253 0.669822
vn 0.109748 0.824493 0.555127
vn 0.173421 0.887544 0.426839
vn 0.109748 0.824493 0.555127
vn 0.118798 0.795563 0.59411
vn 0.118798 0.795563 0.59411
vn 0.070521 0.703637 0.707052
vn 0.118798 0.795563 0.59411
vn 0.164279 0.868764 0.467184
vn 0.118798 0.795563 0.59411
vn -0.246964 0.793043 -0.556859
vn -0.246964 0.793043 -0.556859
vn -0.267092 0.868067 -0.418476
vn -0.246964 0.793043 -0.556859
vn -0.220616 0.698047 -0.681219
vn -0.246964 0.793043 -0.556859
vn 0.20222 0.928983 0.309996
vn 0.20222 0.928983 0.309996
vn 0.200959 0.933842 0.295898
vn 0.20222 0.928983 0.309996
vn 0.203436 0.923917 0.324024
vn 0.20222 0.928983 0.309996
vn -0.27465 0.863313 -0.423388
vn -0.27465 0.863313 -0.423388
vn -0.253832 0.825622 -0.503901
vn -0.27465 0.863313 -0.423388
vn -0.293179 0.893807 -0.339346
vn -0.27465 0.863313 -0.423388
vn -0.105637 0.929217 -0.354114
vn -0.145914 0.925015 -0.350793
vn -0.135459 0.92154 -0.363888
vn -0.105637 0.929217 -0.354114
vn -0.090651 0.932699 -0.349077
vn -0.145914 0.925015 -0.350793
vn -0.105637 0.929217 -0.354114
vn -0.02457 0.933014 -0.358999
vn -0.090651 0.932699 -0.349077
vn 0.118151 0.928699 0.351509
vn 0.139576 0.928407 0.344352
vn 0.139987 0.887062 0.439915
vn 0.118151 0.928699 0.351509
vn 0.106761 0.946067 0.305874
vn 0.139576 0.928407 0.344352
vn 0.118151 0.928699 0.351509
vn 0.075354 0.927869 0.365213
vn 0.106761 0.946067 0.305874
vn -0.279232 0.789978 -0.545862
vn -0.279232 0.789978 -0.545862
vn -0.286075 0.805294 -0.51929
vn -0.279232 0.789978 -0.545862
vn -0.272113 0.773881 -0.571894
vn -0.279232 0.789978 -0.545862
vn 0.117388 0.80306 0.584221
vn 0.117388 0.80306 0.584221
vn 0.087736 0.779849 0.619789
vn 0.117388 0.80306 0.584221
vn 0.146726 0.824117 0.547085
vn 0.117388 0.80306 0.584221
vn 0.027356 0.874874 0.483578
vn 0.027356 0.874874 0.483578
vn 0.092789 0.838713 0.53661
vn 0.027356 0.874874 0.483578
vn -0.038307 0.903684 0.426482
vn 0.027356 0.874874 0.483578
vn 0.096627 -0.869966 0.483551
vn 0.096627 -0.869966 0.483551
vn 0.033443 -0.903895 0.426444
vn 0.096627 -0.869966 0.483551
vn 0.158998 -0.828726 0.536594
vn 0.096627 -0.869966 0.483551
vn 0.143096 -0.888587 0.435817
vn 0.143096 -0.888587 0.435817
vn 0.124096 -0.875693 0.46665
vn 0.143096 -0.888587 0.435817
vn 0.161884 -0.900168 0.404341
vn 0.143096 -0.888587 0.435817
vn -0.02833 0.924005 -0.381329
vn -0.02833 0.924005 -0.381329
vn -0.02382 0.922732 -0.384704
vn -0.02833 0.924005 -0.381329
vn -0.032838 0.925247 -0.377941
vn -0.02833 0.924005 -0.381329
vn 0.136157 -0.948778 0.285101
vn 0.136157 -0.948778 0.285101
vn 0.243202 -0.871012 0.426838
vn 0.136157 -0.948778 0.285101
vn 0.023994 -0.990873 0.132645
vn 0.136157 -0.948778 0.285101
vn 0.074779 -0.96053 0.267937
vn 0.173694 -0.947016 0.270169
vn 0.109188 -0.979337 0.170227
vn 0.074779 -0.96053 0.267937
vn 0.056936 -0.946862 0.31656
vn 0.173694 -0.947016 0.270169
vn 0.074779 -0.96053 0.267937
vn -0.123767 -0.95884 0.255553
vn 0.056936 -0.946862 0.31656
vn -0.046597 0.985003 0.166128
vn -0.046597 0.985003 0.166128
vn -0.022757 0.993041 0.115548
vn -0.046597 0.985003 0.166128
vn -0.070289 0.973821 0.216177
vn -0.046597 0.985003 0.166128
vn -0.130997 -0.907185 -0.399819
vn -0.130997 -0.907185 -0.399819
vn -0.116964 -0.895885 -0.428613
vn -0.130997 -0.907185 -0.399819
vn -0.144878 -0.917439 -0.370563
vn -0.130997 -0.907185 -0.399819
vn -0.10163 -0.87512 -0.473113
vn -0.10163 -0.87512 -0.473113
vn 0.044743 -0.966032 -0.254519
vn -0.10163 -0.87512 -0.473113
vn -0.24013 -0.716409 -0.655054
vn -0.10163 -0.87512 -0.473113
vn -0.093125 -0.967262 -0.236077
vn -0.136624 -0.954668 -0.264465
vn -0.244462 -0.963702 -0.107315
vn -0.093125 -0.967262 -0.236077
vn -0.01549 -0.95462 -0.297424
vn -0.136624 -0.954668 -0.264465
vn -0.093125 -0.967262 -0.236077
vn -0.006934 -0.983939 -0.178368
vn -0.01549 -0.95462 -0.297424
vn 0.115916 0.885508 0.449931
vn 0.115916 0.885508 0.449931
vn 0.09397 0.981254 0.168255
vn 0.115916 0.885508 0.449931
vn 0.127546 0.710961 0.691568
vn 0.115916 0.885508 0.449931
vn -0.211302 -0.894547 -0.393875
vn -0.211302 -0.894547 -0.393875
vn -0.187623 -0.843135 -0.503906
vn -0.211302 -0.894547 -0.393875
vn -0.231746 -0.932263 -0.277813
vn -0.211302 -0.894547 -0.393875
vn -0.054241 -0.94944 -0.309226
vn -0.054241 -0.94944 -0.309226
vn -0.260829 -0.900966 -0.346739
vn -0.054241 -0.94944 -0.309226
vn 0.154866 -0.953827 -0.257354
vn -0.054241 -0.94944 -0.309226
vn 0.572749 -0.80066 0.17579
vn 0.572749 -0.80066 0.17579
vn 0.266743 -0.945142 0.188561
vn 0.572749 -0.80066 0.17579
vn 0.813073 -0.56436 0.14286
vn 0.572749 -0.80066 0.17579
vn -0.152189 0.980445 -0.124764
vn -0.152189 0.980445 -0.124764
vn -0.135428 0.974965 -0.176358
vn -0.152189 0.980445 -0.124764
vn -0.168498 0.98301 -0.072798
vn -0.152189 0.980445 -0.124764
vn -0.040651 -0.955428 -0.292412
vn -0.040651 -0.955428 -0.292412
vn -0.046348 -0.991582 -0.120896
vn -0.040651 -0.955428 -0.292412
vn -0.033703 -0.889887 -0.454933
vn -0.040651 -0.955428 -0.292412
vn 0.118427 -0.936663 -0.329603
vn 0.14654 -0.975422 -0.164556
vn 0.108235 -0.988171 -0.108646
vn 0.118427 -0.936663 -0.329603
vn 0.121297 -0.891424 -0.436635
vn 0.14654 -0.975422 -0.164556
vn 0.118427 -0.936663 -0.329603
vn 0.051719 -0.775381 -0.629373
vn 0.121297 -0.891424 -0.436635
vn 0.280124 -0.855769 0.434961
vn 0.280124 -0.855769 0.434961
vn 0.478121 -0.666712 0.571748
vn 0.280124 -0.855769 0.434961
vn 0.055891 -0.964678 0.257436
vn 0.280124 -0.855769 0.434961
vn 0.193345 -0.795156 0.574757
vn 0.193345 -0.795156 0.574757
vn 0.099927 -0.874338 0.474919
vn 0.193345 -0.795156 0.574757
vn 0.281936 -0.696123 0.660246
vn 0.193345 -0.795156 0.574757
vn 0.195482 0.715424 0.670787
vn 0.195482 0.715424 0.670787
vn 0.195483 0.715421 0.67079
vn 0.195482 0.715424 0.670787
vn 0.195481 0.715427 0.670784
vn 0.195482 0.715424 0.670787
vn -0.195482 -0.715424 -0.670787
vn -0.195482 -0.715424 -0.670787
vn -0.195491 -0.715401 -0.670809
vn -0.195482 -0.715424 -0.670787
vn -0.195472 -0.715448 -0.670765
vn -0.195482 -0.715424 -0.670787
vn 0.035307 -0.973588 0.225565
vn 0.035307 -0.973588 0.225565
vn 0.074401 -0.965323 0.250232
vn 0.035307 -0.973588 0.225565
vn -0.003865 -0.979707 0.2004
vn 0.035307 -0.973588 0.225565
vn -0.0927 -0.978958 -0.18179
vn -0.0927 -0.978958 -0.18179
vn -0.047079 -0.986435 -0.157256
vn -0.0927 -0.978958 -0.18179
vn -0.138068 -0.9688 -0.205826
vn -0.0927 -0.978958 -0.18179
vn -0.184259 -0.810401 -0.556146
vn -0.184259 -0.810401 -0.556146
vn -0.16547 -0.713855 -0.680463
vn -0.184259 -0.810401 -0.556146
vn -0.198418 -0.886582 -0.417854
vn -0.184259 -0.810401 -0.556146
vn -0.251563 0.697682 -0.670787
vn -0.251563 0.697682 -0.670787
vn -0.251559 0.697696 -0.670775
vn -0.251563 0.697682 -0.670787
vn -0.251567 0.697669 -0.6708
vn -0.251563 0.697682 -0.670787
vn -0.107357 0.877321 -0.467741
vn -0.107357 0.877321 -0.467741
vn -0.193575 0.968977 -0.153664
vn -0.107357 0.877321 -0.467741
vn -0.008848 0.685231 -0.728272
vn -0.107357 0.877321 -0.467741
vn 0.251562 -0.697682 0.670787
vn 0.251562 -0.697682 0.670787
vn 0.251566 -0.697669 0.6708
vn 0.251562 -0.697682 0.670787
vn 0.251558 -0.697696 0.670775
vn 0.251562 -0.697682 0.670787
vn 0.20966 -0.950621 -0.22883
vn 0.20966 -0.950621 -0.22883
vn 0.160266 -0.837294 -0.522736
vn 0.20966 -0.950621 -0.22883
vn 0.23774 -0.967303 0.088341
vn 0.20966 -0.950621 -0.22883
vn 0.323991 -0.905556 0.273858
vn 0.262587 -0.952382 0.154973
vn 0.276001 -0.904934 0.32391
vn 0.323991 -0.905556 0.273858
vn 0.348452 -0.904149 0.247175
vn 0.262587 -0.952382 0.154973
vn 0.323991 -0.905556 0.273858
vn 0.425674 -0.759628 0.491699
vn 0.348452 -0.904149 0.247175
vn -0.251619 0.697448 -0.67101
vn -0.251619 0.697448 -0.67101
vn -0.251688 0.697226 -0.671215
vn -0.251619 0.697448 -0.67101
vn -0.25155 0.697669 -0.670806
vn -0.251619 0.697448 -0.67101
vn -0.19551 -0.715423 -0.67078
vn -0.19551 -0.715423 -0.67078
vn -0.195519 -0.715401 -0.670801
vn -0.19551 -0.715423 -0.67078
vn -0.195501 -0.715444 -0.67076
vn -0.19551 -0.715423 -0.67078
vn 0.251545 -0.697689 0.670787
vn 0.251545 -0.697689 0.670787
vn 0.251544 -0.697692 0.670784
vn 0.251545 -0.697689 0.670787
vn 0.251546 -0.697685 0.67079
vn 0.251545 -0.697689 0.670787
vn 0.195617 0.715088 0.671105
vn 0.195617 0.715088 0.671105
vn 0.195722 0.714763 0.671421
vn 0.195617 0.715088 0.671105
vn 0.195513 0.715414 0.670789
vn 0.195617 0.715088 0.671105
vn -0.775976 -0.030779 -0.630011
vn -0.775976 -0.030779 -0.630011
vn -0.77598 -0.030787 -0.630006
vn -0.775976 -0.030779 -0.630011
vn -0.775973 -0.03077 -0.630015
vn -0.775976 -0.030779 -0.630011
vn 0.242798 0.009637 -0.970029
vn 0.242798 0.009637 -0.970029
vn 0.2428 0.009639 -0.970028
vn 0.242798 0.009637 -0.970029
vn 0.242796 0.009634 -0.970029
vn 0.242798 0.009637 -0.970029
vn -0.242804 -0.009631 0.970027
vn -0.242804 -0.009631 0.970027
vn -0.242806 -0.009628 0.970027
vn -0.242804 -0.009631 0.970027
vn -0.242803 -0.009633 0.970028
vn -0.242804 -0.009631 0.970027
vn 0.775967 0.030787 0.630021
vn 0.775967 0.030787 0.630021
vn 0.775967 0.030787 0.630021

# 449 Ungrouped triangles

o ungrouped
g ungrouped

f 1/1/1 2/2/2 3/3/3
f 4/4/4 5/5/5 6/6/6
f 7/7/7 8/8/8 9/9/9
f 10/10/10 11/11/11 12/12/12
f 13/13/13 14/14/14 15/15/15
f 16/16/16 17/17/17 18/18/18
f 19/19/19 20/20/20 21/21/21
f 22/22/22 23/23/23 24/24/24
f 25/25/25 26/26/26 27/27/27
f 28/28/28 29/29/29 30/30/30
f 31/31/31 32/32/32 33/33/33
f 34/34/34 35/35/35 36/36/36
f 37/37/37 38/38/38 39/39/39
f 40/40/40 41/41/41 42/42/42
f 43/43/43 44/44/44 45/45/45
f 46/46/46 47/47/47 48/48/48
f 49/49/49 50/50/50 51/51/51
f 52/52/52 53/53/53 54/54/54
f 55/55/55 56/56/56 57/57/57
f 58/58/58 59/59/59 60/60/60
f 61/61/61 62/62/62 63/63/63
f 64/64/64 65/65/65 66/66/66
f 67/67/67 68/68/68 69/69/69
f 70/70/70 71/71/71 72/72/72
f 73/73/73 74/74/74 75/75/75
f 76/76/76 77/77/77 78/78/78
f 79/79/79 80/80/80 81/81/81
f 82/82/82 83/83/83 84/84/84
f 85/85/85 86/86/86 87/87/87
f 88/88/88 89/89/89 90/90/90
f 91/91/91 92/92/92 93/93/93
f 94/94/94 95/95/95 96/96/96
f 97/97/97 98/98/98 99/99/99
f 100/100/100 101/101/101 102/102/102
f 103/103/103 104/104/104 105/105/105
f 106/106/106 107/107/107 108/108/108
f 109/109/109 110/110/110 111/111/111
f 112/112/112 113/113/113 114/114/114
f 115/115/115 116/116/116 117/117/117
f 118/118/118 119/119/119 120/120/120
f 121/121/121 122/122/122 123/123/123
f 124/124/124 125/125/125 126/126/126
f 127/127/127 128/128/128 129/129/129
f 130/130/130 131/131/131 132/132/132
f 133/133/133 134/134/134 135/135/135
f 136/136/136 137/137/137 138/138/138
f 139/139/139 140/140/140 141/141/141
f 142/142/142 143/143/143 144/144/144
f 145/145/145 146/146/146 147/147/147
f 148/148/148 149/149/149 150/150/150
f 151/151/151 152/152/152 153/153/153
f 154/154/154 155/155/155 156/156/156
f 157/157/157 158/158/158 159/159/159
f 160/160/160 161/161/161 162/162/162
f 163/163/163 164/164/164 165/165/165
f 166/166/166 167/167/167 168/168/168
f 169/169/169 170/170/170 171/171/171
f 172/172/172 173/173/173 174/174/174
f 175/175/175 176/176/176 177/177/177
f 178/178/178 179/179/179 180/180/180
f 181/181/181 182/182/182 183/183/183
f 184/184/184 185/185/185 186/186/186
f 187/187/187 188/188/188 189/189/189
f 190/190/190 191/191/191 192/192/192
f 193/193/193 194/194/194 195/195/195
f 196/196/196 197/197/197 198/198/198
f 199/199/199 200/200/200 201/201/201
f 202/202/202 203/203/203 204/204/204
f 205/205/205 206/206/206 207/207/207
f 208/208/208 209/209/209 210/210/210
f 211/211/211 212/212/212 213/213/213
f 214/214/214 215/215/215 216/216/216
f 217/217/217 218/218/218 219/219/219
f 220/220/220 221/221/221 222/222/222
f 223/223/223 224/224/224 225/225/225
f 226/226/226 227/227/227 228/228/228
f 229/229/229 230/230/230 231/231/231
f 232/232/232 233/233/233 234/234/234
f 235/235/235 236/236/236 237/237/237
f 238/238/238 239/239/239 240/240/240
f 241/241/241 242/242/242 243/243/243
f 244/244/244 245/245/245 246/246/246
f 247/247/247 248/248/248 249/249/249
f 250/250/250 251/251/251 252/252/252
f 253/253/253 254/254/254 255/255/255
f 256/256/256 257/257/257 258/258/258
f 259/259/259 260/260/260 261/261/261
f 262/262/262 263/263/263 264/264/264
f 265/265/265 266/266/266 267/267/267
f 268/268/268 269/269/269 270/270/270
f 271/271/271 272/272/272 273/273/273
f 274/274/274 275/275/275 276/276/276
f 277/277/277 278/278/278 279/279/279
f 280/280/280 281/281/281 282/282/282
f 283/283/283 284/284/284 285/285/285
f 286/286/286 287/287/287 288/288/288
f 289/289/289 290/290/290 291/291/291
f 292/292/292 293/293/293 294/294/294
f 295/295/295 296/296/296 297/297/297
f 298/298/298 299/299/299 300/300/300
f 301/301/301 302/302/302 303/303/303
f 304/304/304 305/305/305 306/306/306
f 307/307/307 308/308/308 309/309/309
f 310/310/310 311/311/311 312/312/312
f 313/313/313 314/314/314 315/315/315
f 316/316/316 317/317/317 318/318/318
f 319/319/319 320/320/320 321/321/321
f 322/322/322 323/323/323 324/324/324
f 325/325/325 326/326/326 327/327/327
f 328/328/328 329/329/329 330/330/330
f 331/331/331 332/332/332 333/333/333
f 334/334/334 335/335/335 336/336/336
f 337/337/337 338/338/338 339/339/339
f 340/340/340 341/341/341 342/342/342
f 343/343/343 344/344/344 345/345/345
f 346/346/346 347/347/347 348/348/348
f 349/349/349 350/350/350 351/351/351
f 352/352/352 353/353/353 354/354/354
f 355/355/355 356/356/356 357/357/357
f 358/358/358 359/359/359 360/360/360
f 361/361/361 362/362/362 363/363/363
f 364/364/364 365/365/365 366/366/366
f 367/367/367 368/368/368 369/369/369
f 370/370/370 371/371/371 372/372/372
f 373/373/373 374/374/374 375/375/375
f 376/376/376 377/377/377 378/378/378
f 379/379/379 380/380/380 381/381/381
f 382/382/382 383/383/383 384/384/384
f 385/385/385 386/386/386 387/387/387
f 388/388/388 389/389/389 390/390/390
f 391/391/391 392/392/392 393/393/393
f 394/394/394 395/395/395 396/396/396
f 397/397/397 398/398/398 399/399/399
f 400/400/400 401/401/401 402/402/402
f 403/403/403 404/404/404 405/405/405
f 406/406/406 407/407/407 408/408/408
f 409/409/409 410/410/410 411/411/411
f 412/412/412 413/413/413 414/414/414
f 415/415/415 416/416/416 417/417/417
f 418/418/418 419/419/419 420/420/420
f 421/421/421 422/422/422 423/423/423
f 424/424/424 425/425/425 426/426/426
f 427/427/427 428/428/428 429/429/429
f 430/430/430 431/431/431 432/432/432
f 433/433/433 434/434/434 435/435/435
f 436/436/436 437/437/437 438/438/438
f 439/439/439 440/440/440 441/441/441
f 442/442/442 443/443/443 444/444/444
f 445/445/445 446/446/446 447/447/447
f 448/448/448 449/449/449 450/450/450
f 451/451/451 452/452/452 453/453/453
f 454/454/454 455/455/455 456/456/456
f 457/457/457 458/458/458 459/459/459
f 460/460/460 461/461/461 462/462/462
f 463/463/463 464/464/464 465/465/465
f 466/466/466 467/467/467 468/468/468
f 469/469/469 470/470/470 471/471/471
f 472/472/472 473/473/473 474/474/474
f 475/475/475 476/476/476 477/477/477
f 478/478/478 479/479/479 480/480/480
f 481/481/481 482/482/482 483/483/483
f 484/484/484 485/485/485 486/486/486
f 487/487/487 488/488/488 489/489/489
f 490/490/490 491/491/491 492/492/492
f 493/493/493 494/494/494 495/495/495
f 496/496/496 497/497/497 498/498/498
f 499/499/499 500/500/500 501/501/501
f 502/502/502 503/503/503 504/504/504
f 505/505/505 506/506/506 507/507/507
f 505/508/508 508/509/509 506/510/510
f 509/511/511 510/512/512 511/513/513
f 509/514/514 512/515/515 510/516/516
f 513/517/517 514/518/518 515/519/519
f 513/520/520 516/521/521 514/522/522
f 517/523/523 518/524/524 519/525/525
f 517/526/526 520/527/527 518/528/528
f 521/529/529 522/530/530 523/531/531
f 521/532/532 524/533/533 522/534/534
f 525/535/535 526/536/536 527/537/537
f 525/538/538 528/539/539 526/540/540
f 529/541/541 530/542/542 531/543/543
f 529/544/544 532/545/545 530/546/546
f 533/547/547 534/548/548 535/549/549
f 533/550/550 536/551/551 534/552/552
f 537/553/553 538/554/554 539/555/555
f 537/556/556 540/557/557 538/558/558
f 541/559/559 542/560/560 543/561/561
f 541/562/562 544/563/563 542/564/564
f 545/565/565 546/566/566 547/567/567
f 545/568/568 548/569/569 546/570/570
f 549/571/571 550/572/572 551/573/573
f 549/574/574 552/575/575 550/576/576
f 553/577/577 554/578/578 555/579/579
f 553/580/580 556/581/581 554/582/582
f 557/583/583 558/584/584 559/585/585
f 557/586/586 560/587/587 558/588/588
f 561/589/589 562/590/590 563/591/591
f 561/592/592 564/593/593 562/594/594
f 565/595/595 566/596/596 567/597/597
f 565/598/598 568/599/599 566/600/600
f 569/601/601 570/602/602 571/603/603
f 569/604/604 572/605/605 570/606/606
f 573/607/607 574/608/608 575/609/609
f 573/610/610 576/611/611 574/612/612
f 577/613/613 578/614/614 579/615/615
f 577/616/616 580/617/617 578/618/618
f 581/619/619 582/620/620 583/621/621
f 581/622/622 584/623/623 582/624/624
f 585/625/625 586/626/626 587/627/627
f 585/628/628 588/629/629 586/630/630
f 589/631/631 590/632/632 591/633/633
f 589/634/634 592/635/635 590/636/636
f 593/637/637 594/638/638 595/639/639
f 593/640/640 596/641/641 594/642/642
f 597/643/643 598/644/644 599/645/645
f 597/646/646 600/647/647 598/648/648
f 601/649/649 602/650/650 603/651/651
f 601/652/652 604/653/653 602/654/654
f 605/655/655 606/656/656 607/657/657
f 605/658/658 608/659/659 606/660/660
f 609/661/661 610/662/662 611/663/663
f 609/664/664 612/665/665 610/666/666
f 613/667/667 614/668/668 615/669/669
f 613/670/670 616/671/671 614/672/672
f 617/673/673 618/674/674 619/675/675
f 617/676/676 620/677/677 618/678/678
f 621/679/679 622/680/680 623/681/681
f 621/682/682 624/683/683 622/684/684
f 625/685/685 626/686/686 627/687/687
f 625/688/688 628/689/689 626/690/690
f 629/691/691 630/692/692 631/693/693
f 629/694/694 632/695/695 630/696/696
f 633/697/697 634/698/698 635/699/699
f 633/700/700 636/701/701 634/702/702
f 637/703/703 638/704/704 639/705/705
f 637/706/706 640/707/707 638/708/708
f 641/709/709 642/710/710 643/711/711
f 641/712/712 644/713/713 642/714/714
f 645/715/715 646/716/716 647/717/717
f 645/718/718 648/719/719 646/720/720
f 649/721/721 650/722/722 651/723/723
f 649/724/724 652/725/725 650/726/726
f 653/727/727 654/728/728 655/729/729
f 653/730/730 656/731/731 654/732/732
f 657/733/733 658/734/734 659/735/735
f 657/736/736 660/737/737 658/738/738
f 661/739/739 662/740/740 663/741/741
f 661/742/742 664/743/743 662/744/744
f 665/745/745 666/746/746 667/747/747
f 665/748/748 668/749/749 666/750/750
f 669/751/751 670/752/752 671/753/753
f 669/754/754 672/755/755 670/756/756
f 673/757/757 674/758/758 675/759/759
f 673/760/760 676/761/761 674/762/762
f 677/763/763 678/764/764 679/765/765
f 677/766/766 680/767/767 678/768/768
f 681/769/769 682/770/770 683/771/771
f 681/772/772 684/773/773 682/774/774
f 685/775/775 686/776/776 687/777/777
f 685/778/778 688/779/779 686/780/780
f 689/781/781 690/782/782 691/783/783
f 689/784/784 692/785/785 690/786/786
f 693/787/787 694/788/788 695/789/789
f 693/790/790 696/791/791 694/792/792
f 697/793/793 698/794/794 699/795/795
f 697/796/796 700/797/797 698/798/798
f 701/799/799 702/800/800 703/801/801
f 701/802/802 704/803/803 702/804/804
f 705/805/805 706/806/806 707/807/807
f 705/808/808 708/809/809 706/810/810
f 709/811/811 710/812/812 711/813/813
f 709/814/814 712/815/815 710/816/816
f 713/817/817 714/818/818 715/819/819
f 713/820/820 716/821/821 714/822/822
f 717/823/823 718/824/824 719/825/825
f 717/826/826 720/827/827 718/828/828
f 721/829/829 722/830/830 723/831/831
f 721/832/832 724/833/833 722/834/834
f 725/835/835 726/836/836 727/837/837
f 725/838/838 728/839/839 726/840/840
f 729/841/841 730/842/842 731/843/843
f 729/844/844 732/845/845 730/846/846
f 733/847/847 734/848/848 735/849/849
f 733/850/850 736/851/851 734/852/852
f 737/853/853 738/854/854 739/855/855
f 737/856/856 740/857/857 738/858/858
f 741/859/859 742/860/860 743/861/861
f 741/862/862 744/863/863 742/864/864
f 745/865/865 746/866/866 747/867/867
f 745/868/868 748/869/869 746/870/870
f 749/871/871 750/872/872 751/873/873
f 749/874/874 752/875/875 750/876/876
f 753/877/877 754/878/878 755/879/879
f 753/880/880 756/881/881 754/882/882
f 757/883/883 758/884/884 759/885/885
f 757/886/886 760/887/887 758/888/888
f 761/889/889 762/890/890 763/891/891
f 761/892/892 764/893/893 762/894/894
f 765/895/895 766/896/896 767/897/897
f 765/898/898 768/899/899 766/900/900
f 769/901/901 770/902/902 771/903/903
f 769/904/904 772/905/905 770/906/906
f 773/907/907 774/908/908 775/909/909
f 773/910/910 776/911/911 774/912/912
f 777/913/913 778/914/914 779/915/915
f 777/916/916 780/917/917 778/918/918
f 781/919/919 782/920/920 783/921/921
f 781/922/922 784/923/923 782/924/924
f 785/925/925 786/926/926 787/927/927
f 785/928/928 788/929/929 786/930/930
f 789/931/931 790/932/932 791/933/933
f 789/934/934 792/935/935 790/936/936
f 793/937/937 794/938/938 795/939/939
f 793/940/940 796/941/941 794/942/942
f 797/943/943 798/944/944 799/945/945
f 797/946/946 800/947/947 798/948/948
f 801/949/949 802/950/950 803/951/951
f 801/952/952 804/953/953 802/954/954
f 805/955/955 806/956/956 807/957/957
f 805/958/958 808/959/959 806/960/960
f 809/961/961 810/962/962 811/963/963
f 809/964/964 812/965/965 810/966/966
f 813/967/967 814/968/968 815/969/969
f 813/970/970 816/971/971 814/972/972
f 817/973/973 818/974/974 819/975/975
f 817/976/976 820/977/977 818/978/978
f 821/979/979 822/980/980 823/981/981
f 821/982/982 824/983/983 822/984/984
f 825/985/985 826/986/986 827/987/987
f 825/988/988 828/989/989 826/990/990
f 829/991/991 830/992/992 831/993/993
f 829/994/994 832/995/995 830/996/996
f 833/997/997 834/998/998 835/999/999
f 833/1000/1000 836/1001/1001 834/1002/1002
f 837/1003/1003 838/1004/1004 839/1005/1005
f 837/1006/1006 840/1007/1007 838/1008/1008
f 841/1009/1009 842/1010/1010 843/1011/1011
f 841/1012/1012 844/1013/1013 842/1014/1014
f 845/1015/1015 846/1016/1016 847/1017/1017
f 845/1018/1018 848/1019/1019 846/1020/1020
f 849/1021/1021 850/1022/1022 851/1023/1023
f 849/1024/1024 852/1025/1025 850/1026/1026
f 853/1027/1027 854/1028/1028 855/1029/1029
f 853/1030/1030 856/1031/1031 854/1032/1032
f 857/1033/1033 858/1034/1034 859/1035/1035
f 857/1036/1036 860/1037/1037 858/1038/1038
f 861/1039/1039 862/1040/1040 863/1041/1041
f 861/1042/1042 864/1043/1043 862/1044/1044
f 865/1045/1045 866/1046/1046 867/1047/1047
f 865/1048/1048 868/1049/1049 866/1050/1050
f 869/1051/1051 870/1052/1052 871/1053/1053
f 869/1054/1054 872/1055/1055 870/1056/1056
f 873/1057/1057 874/1058/1058 875/1059/1059
f 873/1060/1060 876/1061/1061 874/1062/1062
f 877/1063/1063 878/1064/1064 879/1065/1065
f 877/1066/1066 880/1067/1067 878/1068/1068
f 881/1069/1069 882/1070/1070 883/1071/1071
f 881/1072/1072 884/1073/1073 882/1074/1074
f 885/1075/1075 886/1076/1076 887/1077/1077
f 885/1078/1078 888/1079/1079 886/1080/1080
f 889/1081/1081 890/1082/1082 891/1083/1083
f 889/1084/1084 892/1085/1085 890/1086/1086
f 893/1087/1087 894/1088/1088 895/1089/1089
f 893/1090/1090 896/1091/1091 894/1092/1092
f 893/1093/1093 897/1094/1094 896/1095/1095
f 898/1096/1096 899/1097/1097 900/1098/1098
f 898/1099/1099 901/1100/1100 899/1101/1101
f 898/1102/1102 902/1103/1103 901/1104/1104
f 903/1105/1105 904/1106/1106 905/1107/1107
f 903/1108/1108 906/1109/1109 904/1110/1110
f 907/1111/1111 908/1112/1112 909/1113/1113
f 907/1114/1114 910/1115/1115 908/1116/1116
f 911/1117/1117 912/1118/1118 913/1119/1119
f 911/1120/1120 914/1121/1121 912/1122/1122
f 915/1123/1123 916/1124/1124 917/1125/1125
f 915/1126/1126 918/1127/1127 916/1128/1128
f 919/1129/1129 920/1130/1130 921/1131/1131
f 919/1132/1132 922/1133/1133 920/1134/1134
f 923/1135/1135 924/1136/1136 925/1137/1137
f 923/1138/1138 926/1139/1139 924/1140/1140
f 927/1141/1141 928/1142/1142 929/1143/1143
f 927/1144/1144 930/1145/1145 928/1146/1146
f 931/1147/1147 932/1148/1148 933/1149/1149
f 931/1150/1150 934/1151/1151 932/1152/1152
f 931/1153/1153 935/1154/1154 934/1155/1155
f 936/1156/1156 937/1157/1157 938/1158/1158
f 936/1159/1159 939/1160/1160 937/1161/1161
f 940/1162/1162 941/1163/1163 942/1164/1164
f 940/1165/1165 943/1166/1166 941/1167/1167
f 944/1168/1168 945/1169/1169 946/1170/1170
f 944/1171/1171 947/1172/1172 945/1173/1173
f 948/1174/1174 949/1175/1175 950/1176/1176
f 948/1177/1177 951/1178/1178 949/1179/1179
f 948/1180/1180 952/1181/1181 951/1182/1182
f 953/1183/1183 954/1184/1184 955/1185/1185
f 953/1186/1186 956/1187/1187 954/1188/1188
f 957/1189/1189 958/1190/1190 959/1191/1191
f 957/1192/1192 960/1193/1193 958/1194/1194
f 961/1195/1195 962/1196/1196 963/1197/1197
f 961/1198/1198 964/1199/1199 962/1200/1200
f 965/1201/1201 966/1202/1202 967/1203/1203
f 965/1204/1204 968/1205/1205 966/1206/1206
f 969/1207/1207 970/1208/1208 971/1209/1209
f 969/1210/1210 972/1211/1211 970/1212/1212
f 973/1213/1213 974/1214/1214 975/1215/1215
f 973/1216/1216 976/1217/1217 974/1218/1218
f 977/1219/1219 978/1220/1220 979/1221/1221
f 977/1222/1222 980/1223/1223 978/1224/1224
f 977/1225/1225 981/1226/1226 980/1227/1227
f 982/1228/1228 983/1229/1229 984/1230/1230
f 982/1231/1231 985/1232/1232 983/1233/1233
f 986/1234/1234 987/1235/1235 988/1236/1236
f 986/1237/1237 989/1238/1238 987/1239/1239
f 990/1240/1240 991/1241/1241 992/1242/1242
f 990/1243/1243 993/1244/1244 991/1245/1245
f 994/1246/1246 995/1247/1247 996/1248/1248
f 994/1249/1249 997/1250/1250 995/1251/1251
f 998/1252/1252 999/1253/1253 1000/1254/1254
f 998/1255/1255 1001/1256/1256 999/1257/1257
f 1002/1258/1258 1003/1259/1259 1004/1260/1260
f 1002/1261/1261 1005/1262/1262 1003/1263/1263
f 1006/1264/1264 1007/1265/1265 1008/1266/1266
f 1006/1267/1267 1009/1268/1268 1007/1269/1269
f 1010/1270/1270 1011/1271/1271 1012/1272/1272
f 1010/1273/1273 1013/1274/1274 1011/1275/1275
f 1014/1276/1276 1015/1277/1277 1016/1278/1278
f 1014/1279/1279 1017/1280/1280 1015/1281/1281
f 1018/1282/1282 1019/1283/1283 1020/1284/1284
f 1018/1285/1285 1021/1286/1286 1019/1287/1287
f 1022/1288/1288 1023/1289/1289 1024/1290/1290
f 1022/1291/1291 1025/1292/1292 1023/1293/1293
f 1026/1294/1294 1027/1295/1295 1028/1296/1296
f 1026/1297/1297 1029/1298/1298 1027/1299/1299
f 1026/1300/1300 1030/1301/1301 1029/1302/1302
f 1031/1303/1303 1032/1304/1304 1033/1305/1305
f 1031/1306/1306 1034/1307/1307 1032/1308/1308
f 1035/1309/1309 1036/1310/1310 1037/1311/1311
f 1035/1312/1312 1038/1313/1313 1036/1314/1314
f 1039/1315/1315 1040/1316/1316 1041/1317/1317
f 1039/1318/1318 1042/1319/1319 1040/1320/1320
f 1043/1321/1321 1044/1322/1322 1045/1323/1323
f 1043/1324/1324 1046/1325/1325 1044/1326/1326
f 1047/1327/1327 1048/1328/1328 1049/1329/1329
f 1047/1330/1330 1050/1331/1331 1048/1332/1332
f 1051/1333/1333 1052/1334/1334 1053/1335/1335
f 1051/1336/1336 1054/1337/1337 1052/1338/1338
f 1055/1339/1339 1056/1340/1340 1057/1341/1341
f 1055/1342/1342 1058/1343/1343 1056/1344/1344
f 1059/1345/1345 1060/1346/1346 1061/1347/1347
