# Wavefront OBJ file
# Exported by Misfit Model 3D 1.3.8
# Thu Sep 12 09:56:14 2024

# 3115 Vertices
v -0.171874 -9.301122 0.021264
v -0.177778 -9.299578 0.021265
v -0.171874 -9.299575 0.018025
v 1.154335 -9.279897 0.022585
v 1.16024 -9.279899 0.025825
v 1.154335 -9.281443 0.025824
v -0.177778 -9.239398 0.111013
v -0.171874 -9.239401 0.114253
v -0.171874 -9.237855 0.111014
v 1.16024 -9.175743 0.125763
v 1.154335 -9.1742 0.125765
v 1.154335 -9.175746 0.129003
v -0.171874 -8.881442 0.02615
v -0.177778 -8.8799 0.026151
v -0.171874 -8.879897 0.022911
v 1.154336 -8.879897 0.022911
v 1.16024 -8.8799 0.026151
v 1.154336 -8.881442 0.02615
v -0.177778 -8.794895 0.121652
v -0.171874 -8.794898 0.124891
v -0.171874 -8.793351 0.121652
v 1.16024 -8.839399 0.111339
v 1.154336 -8.837855 0.11134
v 1.154336 -8.839402 0.114579
v -0.171874 -8.481512 0.111631
v -0.171874 -8.479971 0.114872
v -0.177778 -8.479968 0.111633
v -0.177778 -8.439399 0.111666
v -0.171874 -8.439402 0.114905
v -0.171874 -8.437855 0.111666
v -0.171874 -8.481442 0.026476
v -0.177778 -8.479898 0.026477
v -0.171874 -8.479897 0.023238
v 1.195969 -8.479897 0.023238
v 1.201873 -8.479898 0.026477
v 1.195969 -8.481442 0.026476
v -0.177778 -7.968371 0.12845
v -0.171874 -7.968374 0.131689
v -0.171874 -7.966827 0.128451
v 1.16024 -8.039398 0.11199
v 1.154335 -8.037855 0.111992
v 1.154335 -8.039401 0.11523
v -0.171874 -8.081443 0.026801
v -0.177778 -8.079899 0.026802
v -0.171874 -8.079896 0.023562
v 1.154335 -8.079896 0.023562
v 1.16024 -8.079899 0.026802
v 1.154335 -8.081443 0.026801
v -0.171874 -7.681442 0.027128
v -0.177778 -7.679899 0.027128
v -0.171874 -7.679897 0.023889
v 1.154335 -7.679897 0.023889
v 1.16024 -7.679899 0.027128
v 1.154335 -7.681442 0.027128
v -0.177778 -7.239399 0.112643
v -0.171874 -7.239402 0.115883
v -0.171874 -7.237855 0.112644
v 1.20172 -7.239399 0.112643
v 1.195816 -7.237855 0.112644
v 1.195816 -7.239402 0.115883
v -0.171874 -7.281443 0.027455
v -0.177778 -7.2799 0.027455
v -0.171874 -7.279897 0.024216
v 1.195816 -7.279897 0.024216
v 1.20172 -7.2799 0.027455
v 1.195816 -7.281443 0.027455
v -0.171874 -3.31811 0.115194
v -0.171874 -3.316569 0.118435
v -0.177778 -3.316567 0.115196
v -0.177778 -3.275997 0.115229
v -0.171874 -3.276 0.118468
v -0.171874 -3.274453 0.115229
v -0.171874 -3.318041 0.030039
v -0.177778 -3.316497 0.03004
v -0.171874 -3.316494 0.026801
v 1.195969 -3.316494 0.026801
v 1.201873 -3.316497 0.03004
v 1.195969 -3.318041 0.030039
v 1.16024 -5.274107 0.109055
v 1.154336 -5.272565 0.109057
v 1.154336 -5.274111 0.112295
v -0.177778 -5.274107 0.109055
v -0.171874 -5.274111 0.112295
v -0.171874 -5.272565 0.109057
v 1.154336 -5.314606 0.020627
v 1.16024 -5.314608 0.023868
v 1.154336 -5.316152 0.023866
v 1.154336 -4.914606 0.020955
v 1.16024 -4.914608 0.024195
v 1.154336 -4.916152 0.024193
v -0.171874 -4.916152 0.024193
v -0.177778 -4.914608 0.024195
v -0.171874 -4.914606 0.020955
v 1.16024 -4.874109 0.109382
v 1.154336 -4.872565 0.109384
v 1.154336 -4.874111 0.112623
v 1.16024 -4.474109 0.109708
v 1.154336 -4.472565 0.10971
v 1.154336 -4.474112 0.112948
v -0.177778 -4.474109 0.109708
v -0.171874 -4.474112 0.112948
v -0.171874 -4.472565 0.10971
v 1.154336 -4.567985 0.008911
v 1.16024 -4.567987 0.012151
v 1.154336 -4.56953 0.01215
v -0.171874 -4.516153 0.024519
v -0.177778 -4.514609 0.02452
v -0.171874 -4.514607 0.021281
v 1.16024 -4.07411 0.110034
v 1.154336 -4.072566 0.110035
v 1.154336 -4.074111 0.113274
v -0.177778 -4.07411 0.110034
v -0.171874 -4.074111 0.113274
v -0.171874 -4.072566 0.110035
v 1.154336 -4.114607 0.021606
v 1.16024 -4.114609 0.024846
v 1.154336 -4.116153 0.024845
v -0.171874 -4.116153 0.024845
v -0.177778 -4.114609 0.024846
v -0.171874 -4.114607 0.021606
v -0.21359 -3.716152 0.025171
v -0.219494 -3.714609 0.025172
v -0.21359 -3.714607 0.021932
v -0.219494 -3.608141 0.125647
v -0.21359 -3.608144 0.128886
v -0.21359 -3.606597 0.125648
v -0.171874 -6.881512 0.112934
v -0.171874 -6.879971 0.116176
v -0.177778 -6.879968 0.112936
v -0.177778 -6.839398 0.112969
v -0.171874 -6.839402 0.116209
v -0.171874 -6.837856 0.11297
v 1.16024 -6.839398 0.112969
v 1.154335 -6.837856 0.11297
v 1.154335 -6.839402 0.116209
v -0.171874 -6.881443 0.02778
v -0.177778 -6.879899 0.027781
v -0.171874 -6.879896 0.024541
v 1.154335 -6.879896 0.024541
v 1.16024 -6.879899 0.027781
v 1.154335 -6.881443 0.02778
v -0.171874 -2.935832 0.021264
v -0.177778 -2.934288 0.021265
v -0.171874 -2.934285 0.018025
v 1.154335 -2.914607 0.022585
v 1.16024 -2.914609 0.025825
v 1.154335 -2.916153 0.025824
v -0.177778 -2.874108 0.111013
v -0.171874 -2.874111 0.114253
v -0.171874 -2.872566 0.111014
v 1.16024 -2.810453 0.125763
v 1.154335 -2.80891 0.125765
v 1.154335 -2.810456 0.129003
v -0.171874 -2.516153 0.02615
v -0.177778 -2.51461 0.026151
v -0.171874 -2.514607 0.022911
v 1.154336 -2.514607 0.022911
v 1.16024 -2.51461 0.026151
v 1.154336 -2.516153 0.02615
v -0.177778 -2.429606 0.121652
v -0.171874 -2.429609 0.124891
v -0.171874 -2.428062 0.121652
v 1.16024 -2.474109 0.111339
v 1.154336 -2.472566 0.11134
v 1.154336 -2.474112 0.114579
v -0.171874 -2.116223 0.111631
v -0.171874 -2.114682 0.114872
v -0.177778 -2.11468 0.111633
v -0.177778 -2.07411 0.111666
v -0.171874 -2.074112 0.114905
v -0.171874 -2.072566 0.111666
v -0.171874 -2.116154 0.026476
v -0.177778 -2.11461 0.026477
v -0.171874 -2.114607 0.023238
v 1.195969 -2.114607 0.023238
v 1.201873 -2.11461 0.026477
v 1.195969 -2.116154 0.026476
v -0.177778 -1.603082 0.12845
v -0.171874 -1.603085 0.131689
v -0.171874 -1.601538 0.128451
v 1.16024 -1.67411 0.11199
v 1.154335 -1.672566 0.111992
v 1.154335 -1.674113 0.11523
v -0.171874 -1.716154 0.026801
v -0.177778 -1.71461 0.026802
v -0.171874 -1.714607 0.023562
v 1.154335 -1.714607 0.023562
v 1.16024 -1.71461 0.026802
v 1.154335 -1.716154 0.026801
v -0.171874 -1.316154 0.027128
v -0.177778 -1.314611 0.027128
v -0.171874 -1.314608 0.023889
v 1.154335 -1.314608 0.023889
v 1.16024 -1.314611 0.027128
v 1.154335 -1.316154 0.027128
v -0.177778 -0.87411 0.112643
v -0.171874 -0.874113 0.115883
v -0.171874 -0.872566 0.112644
v 1.20172 -0.87411 0.112643
v 1.195816 -0.872566 0.112644
v 1.195816 -0.874113 0.115883
v -0.171874 -0.916153 0.027455
v -0.177778 -0.91461 0.027455
v -0.171874 -0.914608 0.024216
v 1.195816 -0.914608 0.024216
v 1.20172 -0.91461 0.027455
v 1.195816 -0.916153 0.027455
v -0.171874 -0.516223 0.112934
v -0.171874 -0.514682 0.116176
v -0.177778 -0.514679 0.112936
v -0.177778 -0.47411 0.112969
v -0.171874 -0.474113 0.116209
v -0.171874 -0.472567 0.11297
v 1.16024 -0.47411 0.112969
v 1.154335 -0.472567 0.11297
v 1.154335 -0.474113 0.116209
v -0.171874 -0.516154 0.02778
v -0.177778 -0.51461 0.027781
v -0.171874 -0.514607 0.024541
v 1.154335 -0.514607 0.024541
v 1.16024 -0.51461 0.027781
v 1.154335 -0.516154 0.02778
v -0.219258 -0.07411 0.113295
v -0.213353 -0.074112 0.116535
v -0.213353 -0.072566 0.113296
v 1.16024 -0.07411 0.113295
v 1.154336 -0.072566 0.113296
v 1.154336 -0.074112 0.116535
v 1.154336 -0.114608 0.024867
v 1.16024 -0.114611 0.028107
v 1.154336 -0.116154 0.028106
v -0.219258 -6.439399 0.113295
v -0.213353 -6.439401 0.116535
v -0.213353 -6.437856 0.113296
v 1.16024 -6.439399 0.113295
v 1.154336 -6.437856 0.113296
v 1.154336 -6.439401 0.116535
v 1.154336 -6.479897 0.024867
v 1.16024 -6.4799 0.028107
v 1.154336 -6.481443 0.028106
v -0.171874 -9.683399 0.115194
v -0.171874 -9.681858 0.118435
v -0.177778 -9.681855 0.115196
v -0.177778 -9.641286 0.115229
v -0.171874 -9.641289 0.118468
v -0.171874 -9.639742 0.115229
v -0.171874 -9.68333 0.030039
v -0.177778 -9.681786 0.03004
v -0.171874 -9.681784 0.026801
v 1.195969 -9.681784 0.026801
v 1.201873 -9.681786 0.03004
v 1.195969 -9.68333 0.030039
v -0.171874 -12.881441 0.022888
v -0.177778 -12.879897 0.02289
v -0.171874 -12.879894 0.01965
v 1.16024 -12.839397 0.108078
v 1.154335 -12.837854 0.108079
v 1.154335 -12.8394 0.111317
v -0.177778 -12.839397 0.108078
v -0.171874 -12.8394 0.111317
v -0.171874 -12.837854 0.108079
v -0.224836 -12.395913 0.118481
v -0.218931 -12.395916 0.12172
v -0.218931 -12.394369 0.118481
v 1.154336 -12.479896 0.019975
v 1.16024 -12.479897 0.023216
v 1.154336 -12.481441 0.023214
v -0.218931 -12.506102 0.0175
v -0.224836 -12.504558 0.017501
v -0.218931 -12.504556 0.014262
v -0.171874 -12.081442 0.023541
v -0.177778 -12.079898 0.023543
v -0.171874 -12.079895 0.020302
v -0.177778 -12.01026 0.115482
v -0.171874 -12.010262 0.118721
v -0.171874 -12.008716 0.115483
v 1.210239 -12.039397 0.10873
v 1.204334 -12.037854 0.108731
v 1.204334 -12.0394 0.11197
v 1.204334 -12.079895 0.020302
v 1.210239 -12.079898 0.023543
v 1.204334 -12.081442 0.023541
v 1.16024 -11.639398 0.109055
v 1.154336 -11.637855 0.109057
v 1.154336 -11.6394 0.112295
v -0.177778 -11.639398 0.109055
v -0.171874 -11.6394 0.112295
v -0.171874 -11.637855 0.109057
v 1.154336 -11.679896 0.020627
v 1.16024 -11.679898 0.023868
v 1.154336 -11.681441 0.023866
v 1.154336 -11.279895 0.020955
v 1.16024 -11.279897 0.024195
v 1.154336 -11.281441 0.024193
v -0.171874 -11.281441 0.024193
v -0.177778 -11.279897 0.024195
v -0.171874 -11.279895 0.020955
v 1.16024 -11.239397 0.109382
v 1.154336 -11.237854 0.109384
v 1.154336 -11.2394 0.112623
v 1.16024 -10.839396 0.109708
v 1.154336 -10.837853 0.10971
v 1.154336 -10.8394 0.112948
v -0.177778 -10.839396 0.109708
v -0.171874 -10.8394 0.112948
v -0.171874 -10.837853 0.10971
v 1.154336 -10.933272 0.008911
v 1.16024 -10.933275 0.012151
v 1.154336 -10.934818 0.01215
v -0.171874 -10.881441 0.024519
v -0.177778 -10.879897 0.02452
v -0.171874 -10.879894 0.021281
v 1.16024 -10.439399 0.110034
v 1.154336 -10.437855 0.110035
v 1.154336 -10.439401 0.113274
v -0.177778 -10.439399 0.110034
v -0.171874 -10.439401 0.113274
v -0.171874 -10.437855 0.110035
v 1.154336 -10.479896 0.021606
v 1.16024 -10.479897 0.024846
v 1.154336 -10.481441 0.024845
v -0.171874 -10.481441 0.024845
v -0.177778 -10.479897 0.024846
v -0.171874 -10.479896 0.021606
v -0.21359 -10.081442 0.025171
v -0.219494 -10.079899 0.025172
v -0.21359 -10.079896 0.021932
v -0.219494 -9.973431 0.125647
v -0.21359 -9.973433 0.128886
v -0.21359 -9.971888 0.125648
v -0.177778 -6.0394 0.113621
v -0.171874 -6.039402 0.116861
v -0.171874 -6.037857 0.113623
v 1.19792 -6.0394 0.113621
v 1.192016 -6.037857 0.113623
v 1.192016 -6.039402 0.116861
v -0.171874 -6.081444 0.028432
v -0.177778 -6.0799 0.028434
v -0.171874 -6.079898 0.025194
v -0.177779 -5.6394 0.113947
v -0.171874 -5.639402 0.117187
v -0.171874 -5.637856 0.113949
v 1.160239 -5.6394 0.113947
v 1.154335 -5.637856 0.113949
v 1.154335 -5.639402 0.117187
v 1.154335 -5.679898 0.02552
v 1.160239 -5.679901 0.028759
v 1.154335 -5.681443 0.028759
v 1.16024 -13.239397 0.107752
v 1.154336 -13.237853 0.107754
v 1.154336 -13.2394 0.110992
v -0.171873 -13.281442 0.022563
v -0.177778 -13.279898 0.022565
v -0.171873 -13.279895 0.019324
v -0.171873 -13.239326 0.019357
v -0.177778 -13.239328 0.022598
v -0.171873 -13.237784 0.022598
v 1.154336 -13.279895 0.019324
v 1.16024 -13.279898 0.022565
v 1.154336 -13.281442 0.022563
v -0.177778 -9.299578 0.021265
v -0.177778 -9.239398 0.111013
v -0.177778 -9.239329 0.025858
v -0.177778 -9.299647 0.10642
v 1.16024 -9.279899 0.025825
v 1.16024 -9.175743 0.125763
v 1.16024 -9.279969 0.110979
v 1.16024 -9.175673 0.040609
v 1.154335 -9.175671 0.037369
v 1.154335 -9.17413 0.04061
v 1.16024 -9.175673 0.040609
v 1.154335 -9.279897 0.022585
v 1.16024 -9.279899 0.025825
v -0.171874 -9.30119 0.106418
v -0.171874 -9.29965 0.10966
v -0.177778 -9.299647 0.10642
v -0.177778 -9.239398 0.111013
v -0.171874 -9.239401 0.114253
v 0.906264 -9.20576 0.122048
v 0.905637 -9.279971 0.11422
v 1.154335 -9.279971 0.11422
v 1.154335 -9.175746 0.129003
v 1.16024 -9.279969 0.110979
v 1.16024 -9.175743 0.125763
v 0.905912 -9.281511 0.110978
v 1.154335 -9.281511 0.110978
v -0.171874 -9.30119 0.106418
v -0.177778 -9.299578 0.021265
v -0.171874 -9.239326 0.022618
v -0.171874 -9.299575 0.018025
v -0.177778 -9.239329 0.025858
v -0.171874 -9.237785 0.02586
v 0.914707 -9.205686 0.030414
v 0.914432 -9.204144 0.033654
v 1.154335 -9.175671 0.037369
v 1.154335 -9.281443 0.025824
v 0.91408 -9.279897 0.022585
v 1.154335 -9.279897 0.022585
v 0.913758 -9.281443 0.025824
v 1.16024 -9.279899 0.025825
v 1.16024 -9.279969 0.110979
v 1.154335 -9.281511 0.110978
v 1.154335 -9.281443 0.025824
v 0.905912 -9.281511 0.110978
v 0.913758 -9.281443 0.025824
v -0.171874 -9.301122 0.021264
v -0.171874 -9.30119 0.106418
v -0.177778 -9.299647 0.10642
v -0.177778 -9.299578 0.021265
v -0.171874 -9.237855 0.111014
v -0.177778 -9.239329 0.025858
v -0.177778 -9.239398 0.111013
v -0.171874 -9.237785 0.02586
v 0.906586 -9.204214 0.11881
v 0.914432 -9.204144 0.033654
v 1.154335 -9.1742 0.125765
v 1.154335 -9.17413 0.04061
v -0.171874 -9.239401 0.114253
v 0.906264 -9.20576 0.122048
v 1.154335 -9.17413 0.04061
v 1.16024 -9.175743 0.125763
v 1.16024 -9.175673 0.040609
v 1.154335 -9.175746 0.129003
v 0.906586 -9.204214 0.11881
v 0.906264 -9.20576 0.122048
v 1.154335 -9.1742 0.125765
v -0.171874 -9.301122 0.021264
v 0.91408 -9.279897 0.022585
v 0.913758 -9.281443 0.025824
v -0.171874 -9.299575 0.018025
v 1.154335 -9.175671 0.037369
v 0.91408 -9.279897 0.022585
v 0.914707 -9.205686 0.030414
v 1.154335 -9.279897 0.022585
v -0.171874 -9.299575 0.018025
v 0.91408 -9.279897 0.022585
v -0.177778 -8.8799 0.026151
v -0.177778 -8.794895 0.121652
v -0.177778 -8.794827 0.036496
v -0.177778 -8.879969 0.111306
v 1.16024 -8.8799 0.026151
v 1.16024 -8.839399 0.111339
v 1.16024 -8.879969 0.111306
v 1.16024 -8.83933 0.026184
v -0.171874 -8.794824 0.033257
v -0.177778 -8.794827 0.036496
v -0.171874 -8.793283 0.036498
v 1.154336 -8.839327 0.022944
v -0.171874 -8.879897 0.022911
v 1.154336 -8.879897 0.022911
v 1.154336 -8.837786 0.026185
v 1.16024 -8.83933 0.026184
v 1.154336 -8.881513 0.111304
v 1.16024 -8.879969 0.111306
v 1.154336 -8.879972 0.114546
v -0.171874 -8.881513 0.111304
v -0.171874 -8.879972 0.114546
v 1.154336 -8.839402 0.114579
v -0.171874 -8.794898 0.124891
v -0.177778 -8.794895 0.121652
v -0.177778 -8.879969 0.111306
v -0.171874 -8.881513 0.111304
v 1.16024 -8.879969 0.111306
v 1.16024 -8.839399 0.111339
v -0.177778 -8.8799 0.026151
v -0.171874 -8.794824 0.033257
v -0.171874 -8.879897 0.022911
v 1.16024 -8.83933 0.026184
v 1.154336 -8.879897 0.022911
v 1.16024 -8.8799 0.026151
v 1.154336 -8.881442 0.02615
v -0.171874 -8.879897 0.022911
v 1.154336 -8.879897 0.022911
v -0.171874 -8.881442 0.02615
v 1.16024 -8.8799 0.026151
v 1.16024 -8.879969 0.111306
v 1.154336 -8.881513 0.111304
v 1.154336 -8.881442 0.02615
v -0.171874 -8.881442 0.02615
v -0.171874 -8.881513 0.111304
v -0.177778 -8.879969 0.111306
v -0.177778 -8.8799 0.026151
v -0.171874 -8.793351 0.121652
v -0.177778 -8.794827 0.036496
v -0.177778 -8.794895 0.121652
v -0.171874 -8.793283 0.036498
v 1.154336 -8.837855 0.11134
v 1.154336 -8.837786 0.026185
v 1.16024 -8.839399 0.111339
v 1.16024 -8.83933 0.026184
v -0.171874 -8.794898 0.124891
v 1.154336 -8.839402 0.114579
v 1.195969 -8.481512 0.111631
v 1.201873 -8.479968 0.111633
v 1.195969 -8.479971 0.114872
v 0.872825 -8.481512 0.111631
v 0.872533 -8.479971 0.114872
v -0.171874 -8.481512 0.111631
v 0.873268 -8.371953 0.130535
v -0.171874 -8.439402 0.114905
v -0.177778 -8.439399 0.111666
v -0.177778 -8.479968 0.111633
v 1.195969 -8.439402 0.114905
v 1.201873 -8.479968 0.111633
v 1.201873 -8.439399 0.111666
v 1.201873 -8.439399 0.111666
v 1.195969 -8.437855 0.111666
v 1.195969 -8.439402 0.114905
v 0.873616 -8.370407 0.127296
v 0.873268 -8.371953 0.130535
v -0.177778 -8.479898 0.026477
v -0.171874 -8.439326 0.023271
v -0.171874 -8.479897 0.023238
v -0.177778 -8.439329 0.02651
v 1.201873 -8.439329 0.02651
v 1.195969 -8.479897 0.023238
v 1.195969 -8.439326 0.023271
v 1.201873 -8.479898 0.026477
v 1.195969 -8.481442 0.026476
v 0.881567 -8.479897 0.023238
v 1.195969 -8.479897 0.023238
v 0.881219 -8.481442 0.026476
v -0.171874 -8.481442 0.026476
v -0.171874 -8.479897 0.023238
v 1.201873 -8.479898 0.026477
v 1.201873 -8.479968 0.111633
v 1.195969 -8.481512 0.111631
v 1.195969 -8.481442 0.026476
v 0.881219 -8.481442 0.026476
v -0.171874 -8.481442 0.026476
v -0.171874 -8.481512 0.111631
v -0.177778 -8.479968 0.111633
v -0.177778 -8.479898 0.026477
v -0.171874 -8.437855 0.111666
v -0.177778 -8.439329 0.02651
v -0.177778 -8.439399 0.111666
v -0.171874 -8.437785 0.026512
v 0.873616 -8.370407 0.127296
v 0.88201 -8.370337 0.042141
v 1.195969 -8.437855 0.111666
v 1.195969 -8.437785 0.026512
v 1.201873 -8.439399 0.111666
v 1.201873 -8.439329 0.02651
v -0.171874 -8.439402 0.114905
v 0.873616 -8.370407 0.127296
v 0.873268 -8.371953 0.130535
v 1.195969 -8.479897 0.023238
v 0.881567 -8.479897 0.023238
v 0.882302 -8.371878 0.0389
v 1.195969 -8.437785 0.026512
v 1.201873 -8.439329 0.02651
v -0.171874 -8.479897 0.023238
v -0.171874 -8.437785 0.026512
v 0.88201 -8.370337 0.042141
v -0.177778 -8.439329 0.02651
v -0.177778 -8.479898 0.026477
v -0.177778 -8.439399 0.111666
v -0.177778 -8.439329 0.02651
v -0.177778 -8.479968 0.111633
v 1.201873 -8.479898 0.026477
v 1.201873 -8.439399 0.111666
v 1.201873 -8.479968 0.111633
v 1.201873 -8.439329 0.02651
v 1.154335 -8.081512 0.111956
v 1.16024 -8.079968 0.111957
v 1.154335 -8.079971 0.115197
v -0.092328 -8.081512 0.111956
v -0.092401 -8.079971 0.115197
v -0.171874 -8.079971 0.115197
v -0.171874 -8.081512 0.111956
v -0.091753 -7.968374 0.131689
v -0.171874 -7.968374 0.131689
v -0.177778 -7.968371 0.12845
v -0.177778 -8.079968 0.111957
v -0.171874 -8.081512 0.111956
v 1.154335 -8.039401 0.11523
v 1.16024 -8.079968 0.111957
v 1.16024 -8.039398 0.11199
v -0.177778 -8.079899 0.026802
v -0.171874 -7.968299 0.040055
v -0.171874 -8.079896 0.023562
v -0.177778 -7.968302 0.043294
v -0.171874 -7.966758 0.043296
v -0.088999 -7.968299 0.040055
v -0.089072 -7.966758 0.043296
v 1.154335 -8.037786 0.026837
v 1.154335 -8.039327 0.023595
v -0.089647 -8.079896 0.023562
v 1.154335 -8.079896 0.023562
v 1.16024 -8.03933 0.026835
v 1.16024 -8.03933 0.026835
v 1.154335 -8.079896 0.023562
v 1.154335 -8.039327 0.023595
v 1.16024 -8.079899 0.026802
v 1.154335 -8.081443 0.026801
v -0.089647 -8.079896 0.023562
v 1.154335 -8.079896 0.023562
v -0.089769 -8.081443 0.026801
v -0.171874 -8.081443 0.026801
v -0.171874 -8.079896 0.023562
v 1.16024 -8.079899 0.026802
v 1.16024 -8.079968 0.111957
v 1.154335 -8.081512 0.111956
v 1.154335 -8.081443 0.026801
v -0.092328 -8.081512 0.111956
v -0.089769 -8.081443 0.026801
v -0.171874 -8.081443 0.026801
v -0.171874 -8.081512 0.111956
v -0.177778 -8.079968 0.111957
v -0.177778 -8.079899 0.026802
v -0.171874 -7.966827 0.128451
v -0.177778 -7.968302 0.043294
v -0.177778 -7.968371 0.12845
v -0.171874 -7.966758 0.043296
v -0.091631 -7.966827 0.128451
v -0.089072 -7.966758 0.043296
v 1.154335 -8.037855 0.111992
v 1.154335 -8.037786 0.026837
v 1.16024 -8.039398 0.11199
v 1.16024 -8.03933 0.026835
v -0.171874 -7.968374 0.131689
v -0.091753 -7.968374 0.131689
v 1.154335 -8.039401 0.11523
v -0.171874 -8.079896 0.023562
v -0.088999 -7.968299 0.040055
v -0.089647 -8.079896 0.023562
v -0.171874 -7.968299 0.040055
v -0.177778 -8.079899 0.026802
v -0.177778 -7.968371 0.12845
v -0.177778 -7.968302 0.043294
v -0.177778 -8.079968 0.111957
v 1.16024 -8.079899 0.026802
v 1.16024 -8.039398 0.11199
v 1.16024 -8.079968 0.111957
v 1.16024 -8.03933 0.026835
v 1.16024 -7.679899 0.027128
v 1.16024 -7.679969 0.112284
v 1.154335 -7.681512 0.112282
v 1.154335 -7.681442 0.027128
v 0.888835 -7.681512 0.112282
v 0.890721 -7.681442 0.027128
v -0.171874 -7.681442 0.027128
v -0.171874 -7.681512 0.112282
v -0.177778 -7.679969 0.112284
v -0.177778 -7.679899 0.027128
v -0.171874 -7.679971 0.115523
v -0.177778 -7.639399 0.112317
v -0.177778 -7.679969 0.112284
v -0.171874 -7.639402 0.115556
v -0.171874 -7.637855 0.112318
v -0.177778 -7.639328 0.027162
v -0.177778 -7.639399 0.112317
v -0.171874 -7.637786 0.027163
v 0.888886 -7.572944 0.127359
v 0.890772 -7.572875 0.042205
v 1.154335 -7.637786 0.027163
v 1.16024 -7.639399 0.112317
v 1.16024 -7.639328 0.027162
v 1.154335 -7.637855 0.112318
v 0.890772 -7.572875 0.042205
v 1.154335 -7.639402 0.115556
v 1.16024 -7.679969 0.112284
v 1.16024 -7.639399 0.112317
v 1.154335 -7.679971 0.115523
v -0.171874 -7.681442 0.027128
v -0.171874 -7.679897 0.023889
v 0.890795 -7.679897 0.023889
v 0.890721 -7.681442 0.027128
v 1.154335 -7.681442 0.027128
v 1.154335 -7.679897 0.023889
v 1.154335 -7.679971 0.115523
v 1.154335 -7.639402 0.115556
v 0.888813 -7.574491 0.130598
v 0.888765 -7.679971 0.115523
v 0.888835 -7.681512 0.112282
v 1.154335 -7.681512 0.112282
v 1.16024 -7.679969 0.112284
v -0.171874 -7.679971 0.115523
v -0.171874 -7.681512 0.112282
v -0.177778 -7.679969 0.112284
v -0.171874 -7.639402 0.115556
v 1.154335 -7.639327 0.023922
v 1.154335 -7.679897 0.023889
v 0.890795 -7.679897 0.023889
v 0.890842 -7.574416 0.038964
v 1.154335 -7.637786 0.027163
v 1.16024 -7.639328 0.027162
v -0.171874 -7.679897 0.023889
v -0.171874 -7.639327 0.023922
v -0.171874 -7.637786 0.027163
v 0.890772 -7.572875 0.042205
v -0.177778 -7.639328 0.027162
v -0.177778 -7.679899 0.027128
v -0.177778 -7.639399 0.112317
v -0.177778 -7.639328 0.027162
v -0.177778 -7.679969 0.112284
v 1.16024 -7.679899 0.027128
v 1.16024 -7.639399 0.112317
v 1.16024 -7.679969 0.112284
v 1.16024 -7.639328 0.027162
v -0.177778 -7.639399 0.112317
v -0.171874 -7.639402 0.115556
v -0.171874 -7.637855 0.112318
v 0.888886 -7.572944 0.127359
v 0.888813 -7.574491 0.130598
v 1.154335 -7.639402 0.115556
v 1.154335 -7.637855 0.112318
v 1.16024 -7.639399 0.112317
v -0.177778 -7.679899 0.027128
v -0.171874 -7.679897 0.023889
v -0.177778 -7.639328 0.027162
v 1.16024 -7.639328 0.027162
v 1.154335 -7.679897 0.023889
v 1.16024 -7.679899 0.027128
v 1.195816 -7.328025 0.101831
v 1.20172 -7.326482 0.101831
v 1.195816 -7.326484 0.105072
v 1.195816 -7.239402 0.115883
v -0.171874 -7.279972 0.11585
v -0.171874 -7.281513 0.112609
v 1.195816 -7.328025 0.101831
v 1.20172 -7.239399 0.112643
v -0.177778 -7.279969 0.11261
v -0.171874 -7.239402 0.115883
v -0.177778 -7.239399 0.112643
v -0.177778 -7.279969 0.11261
v -0.177778 -7.2799 0.027455
v -0.171874 -7.239327 0.024249
v -0.171874 -7.279897 0.024216
v -0.177778 -7.23933 0.027488
v 1.20172 -7.23933 0.027488
v 1.195816 -7.279897 0.024216
v 1.195816 -7.239327 0.024249
v 1.20172 -7.2799 0.027455
v 1.195816 -7.281443 0.027455
v -0.171874 -7.279897 0.024216
v 1.195816 -7.279897 0.024216
v -0.171874 -7.281443 0.027455
v 1.20172 -7.2799 0.027455
v 1.20172 -7.326482 0.101831
v 1.195816 -7.328025 0.101831
v 1.195816 -7.281443 0.027455
v -0.171874 -7.281443 0.027455
v -0.171874 -7.281513 0.112609
v -0.177778 -7.279969 0.11261
v -0.177778 -7.2799 0.027455
v -0.171874 -7.237855 0.112644
v -0.177778 -7.23933 0.027488
v -0.177778 -7.239399 0.112643
v -0.171874 -7.237786 0.02749
v 1.195816 -7.237855 0.112644
v 1.195816 -7.237786 0.02749
v 1.20172 -7.239399 0.112643
v 1.20172 -7.23933 0.027488
v -0.171874 -7.239402 0.115883
v 1.195816 -7.239402 0.115883
v -0.171874 -7.279897 0.024216
v 1.195816 -7.239327 0.024249
v 1.195816 -7.279897 0.024216
v -0.171874 -7.239327 0.024249
v -0.177778 -7.2799 0.027455
v -0.177778 -7.239399 0.112643
v -0.177778 -7.23933 0.027488
v -0.177778 -7.279969 0.11261
v 1.20172 -7.2799 0.027455
v 1.20172 -7.239399 0.112643
v 1.20172 -7.326482 0.101831
v 1.20172 -7.23933 0.027488
v -0.171874 -7.239327 0.024249
v -0.177778 -7.23933 0.027488
v -0.171874 -7.237786 0.02749
v 1.195816 -7.239327 0.024249
v 1.195816 -7.237786 0.02749
v 1.20172 -7.23933 0.027488
v 1.195969 -3.31811 0.115194
v 1.201873 -3.316567 0.115196
v 1.195969 -3.316569 0.118435
v 0.872825 -3.31811 0.115194
v 0.872533 -3.316569 0.118435
v -0.171874 -3.31811 0.115194
v 0.873268 -3.208552 0.134098
v -0.171874 -3.276 0.118468
v -0.177778 -3.275997 0.115229
v -0.177778 -3.316567 0.115196
v 1.195969 -3.276 0.118468
v 1.201873 -3.316567 0.115196
v 1.201873 -3.275997 0.115229
v 1.201873 -3.275997 0.115229
v 1.195969 -3.274453 0.115229
v 1.195969 -3.276 0.118468
v 0.873616 -3.207006 0.130859
v 0.873268 -3.208552 0.134098
v -0.177778 -3.316497 0.03004
v -0.171874 -3.275925 0.026834
v -0.171874 -3.316494 0.026801
v -0.177778 -3.275928 0.030073
v 1.201873 -3.275928 0.030073
v 1.195969 -3.316494 0.026801
v 1.195969 -3.275925 0.026834
v 1.201873 -3.316497 0.03004
v 1.195969 -3.318041 0.030039
v 0.881567 -3.316494 0.026801
v 1.195969 -3.316494 0.026801
v 0.881219 -3.318041 0.030039
v -0.171874 -3.318041 0.030039
v -0.171874 -3.316494 0.026801
v 1.201873 -3.316497 0.03004
v 1.201873 -3.316567 0.115196
v 1.195969 -3.31811 0.115194
v 1.195969 -3.318041 0.030039
v 0.881219 -3.318041 0.030039
v -0.171874 -3.318041 0.030039
v -0.171874 -3.31811 0.115194
v -0.177778 -3.316567 0.115196
v -0.177778 -3.316497 0.03004
v -0.171874 -3.274453 0.115229
v -0.177778 -3.275928 0.030073
v -0.177778 -3.275997 0.115229
v -0.171874 -3.274384 0.030075
v 0.873616 -3.207006 0.130859
v 0.88201 -3.206935 0.045704
v 1.195969 -3.274453 0.115229
v 1.195969 -3.274384 0.030075
v 1.201873 -3.275997 0.115229
v 1.201873 -3.275928 0.030073
v -0.171874 -3.276 0.118468
v 0.873616 -3.207006 0.130859
v 0.873268 -3.208552 0.134098
v 1.195969 -3.316494 0.026801
v 0.881567 -3.316494 0.026801
v 0.882302 -3.208477 0.042463
v 1.195969 -3.274384 0.030075
v 1.201873 -3.275928 0.030073
v -0.171874 -3.316494 0.026801
v -0.171874 -3.274384 0.030075
v 0.88201 -3.206935 0.045704
v -0.177778 -3.275928 0.030073
v -0.177778 -3.316497 0.03004
v -0.177778 -3.275997 0.115229
v -0.177778 -3.275928 0.030073
v -0.177778 -3.316567 0.115196
v 1.201873 -3.316497 0.03004
v 1.201873 -3.275997 0.115229
v 1.201873 -3.316567 0.115196
v 1.201873 -3.275928 0.030073
v 0.871518 -5.314606 0.020627
v -0.029447 -5.346412 0.016855
v -0.029092 -5.344865 0.013616
v 0.871449 -5.316152 0.023866
v 1.154336 -5.316152 0.023866
v 1.154336 -5.314606 0.020627
v 1.154336 -5.274035 0.020661
v 1.154336 -5.314606 0.020627
v 0.871518 -5.314606 0.020627
v 0.871451 -5.226693 0.03969
v 1.154336 -5.272495 0.023902
v 1.16024 -5.274038 0.023901
v -0.029092 -5.344865 0.013616
v -0.027671 -5.267492 0.023291
v 0.871401 -5.225152 0.042362
v -0.171874 -5.314606 0.020627
v -0.171874 -5.274035 0.020661
v -0.171874 -5.272495 0.023902
v -0.027911 -5.265962 0.02645
v -0.177778 -5.274038 0.023901
v 1.154336 -5.272565 0.109057
v 1.154336 -5.272495 0.023902
v 0.871401 -5.225152 0.042362
v 0.869992 -5.22521 0.112541
v -0.027911 -5.265962 0.02645
v -0.035637 -5.266372 0.109512
v 0.869935 -5.226755 0.115211
v -0.035986 -5.267934 0.112676
v -0.171874 -5.274111 0.112295
v -0.171874 -5.272565 0.109057
v -0.171874 -5.272495 0.023902
v -0.177778 -5.274038 0.023901
v -0.177778 -5.274107 0.109055
v -0.171874 -5.316152 0.023866
v -0.029092 -5.344865 0.013616
v -0.029447 -5.346412 0.016855
v -0.171874 -5.314606 0.020627
v -0.177778 -5.314608 0.023868
v 1.154336 -5.274111 0.112295
v 0.869992 -5.22521 0.112541
v 0.869935 -5.226755 0.115211
v 1.154336 -5.274111 0.112295
v 1.16024 -5.314678 0.109022
v 1.16024 -5.274107 0.109055
v 1.154336 -5.31468 0.112262
v 0.869935 -5.226755 0.115211
v 0.869678 -5.31468 0.112262
v -0.035986 -5.267934 0.112676
v -0.037603 -5.34494 0.105251
v -0.171874 -5.31468 0.112262
v -0.171874 -5.274111 0.112295
v -0.177778 -5.274107 0.109055
v -0.177778 -5.314678 0.109022
v 1.16024 -5.274107 0.109055
v 1.16024 -5.274038 0.023901
v -0.177778 -5.314678 0.109022
v -0.177778 -5.314608 0.023868
v -0.171874 -5.316152 0.023866
v -0.171874 -5.316221 0.109022
v -0.037356 -5.346481 0.102009
v -0.029447 -5.346412 0.016855
v 0.871449 -5.316152 0.023866
v 0.869739 -5.316221 0.109022
v 1.154336 -5.316152 0.023866
v 1.154336 -5.316221 0.109022
v 1.16024 -5.314608 0.023868
v 1.16024 -5.314678 0.109022
v 1.16024 -5.274038 0.023901
v 1.154336 -5.314606 0.020627
v 1.16024 -5.314608 0.023868
v -0.177778 -5.314608 0.023868
v -0.171874 -5.314606 0.020627
v -0.177778 -5.274038 0.023901
v -0.171874 -5.316221 0.109022
v -0.171874 -5.31468 0.112262
v -0.177778 -5.314678 0.109022
v -0.037356 -5.346481 0.102009
v -0.037603 -5.34494 0.105251
v 0.869739 -5.316221 0.109022
v 0.869678 -5.31468 0.112262
v 1.154336 -5.31468 0.112262
v 1.154336 -5.316221 0.109022
v 1.16024 -5.314678 0.109022
v 1.16024 -5.314608 0.023868
v 1.16024 -5.274107 0.109055
v 1.16024 -5.314678 0.109022
v 1.16024 -5.274038 0.023901
v -0.177778 -5.314608 0.023868
v -0.177778 -5.274107 0.109055
v -0.177778 -5.274038 0.023901
v -0.177778 -5.314678 0.109022
v 1.154336 -4.874037 0.020988
v 1.154336 -4.872496 0.024228
v 1.16024 -4.874039 0.024228
v 0.887457 -4.844939 0.027731
v 0.887073 -4.84339 0.030974
v -0.001438 -4.844071 0.027931
v -0.001767 -4.842531 0.031173
v -0.171874 -4.872496 0.024228
v -0.171874 -4.874037 0.020988
v -0.177778 -4.874039 0.024228
v 0.030655 -4.924547 0.018651
v -0.171874 -4.914606 0.020955
v -0.171874 -4.874037 0.020988
v 0.888381 -4.916959 0.020409
v 1.154336 -4.874037 0.020988
v 1.154336 -4.914606 0.020955
v -0.171874 -4.872496 0.024228
v -0.007377 -4.8426 0.116327
v -0.001767 -4.842531 0.031173
v -0.171874 -4.872565 0.109384
v -0.177778 -4.874039 0.024228
v -0.177778 -4.874109 0.109382
v 1.16024 -4.914608 0.024195
v 1.16024 -4.874109 0.109382
v 1.16024 -4.914679 0.109349
v 1.16024 -4.874039 0.024228
v -0.177778 -4.914608 0.024195
v -0.177778 -4.874109 0.109382
v -0.177778 -4.874039 0.024228
v -0.177778 -4.914679 0.109349
v -0.007475 -4.844145 0.119566
v 0.877198 -4.844785 0.119418
v 0.87754 -4.843247 0.116178
v -0.001767 -4.842531 0.031173
v 0.887073 -4.84339 0.030974
v 1.154336 -4.872565 0.109384
v 1.154336 -4.872496 0.024228
v 1.16024 -4.874109 0.109382
v 1.16024 -4.874039 0.024228
v 1.154336 -4.874111 0.112623
v 0.877198 -4.844785 0.119418
v -0.171874 -4.916152 0.024193
v -0.171874 -4.914606 0.020955
v 0.030655 -4.924547 0.018651
v 0.030557 -4.926094 0.02189
v 0.888381 -4.916959 0.020409
v 0.88804 -4.918508 0.023647
v 1.154336 -4.916152 0.024193
v 1.154336 -4.914606 0.020955
v -0.171874 -4.874111 0.112623
v -0.007475 -4.844145 0.119566
v -0.007377 -4.8426 0.116327
v -0.171874 -4.872565 0.109384
v -0.177778 -4.874109 0.109382
v 1.154336 -4.874111 0.112623
v 1.16024 -4.914679 0.109349
v 1.16024 -4.874109 0.109382
v 1.154336 -4.91468 0.11259
v 0.877198 -4.844785 0.119418
v 0.878134 -4.917111 0.112026
v -0.007475 -4.844145 0.119566
v 0.024618 -4.924622 0.110285
v 0.878518 -4.918649 0.108786
v 1.154336 -4.91468 0.11259
v 1.154336 -4.916221 0.109348
v 1.16024 -4.914679 0.109349
v -0.171874 -4.91468 0.11259
v -0.171874 -4.874111 0.112623
v -0.177778 -4.874109 0.109382
v -0.177778 -4.914679 0.109349
v 0.024946 -4.926163 0.107044
v -0.171874 -4.91468 0.11259
v -0.171874 -4.916221 0.109348
v -0.177778 -4.914679 0.109349
v -0.177778 -4.914679 0.109349
v -0.177778 -4.914608 0.024195
v -0.171874 -4.916152 0.024193
v -0.171874 -4.916221 0.109348
v 0.024946 -4.926163 0.107044
v 0.030557 -4.926094 0.02189
v 0.88804 -4.918508 0.023647
v 0.878518 -4.918649 0.108786
v 1.154336 -4.916152 0.024193
v 1.154336 -4.916221 0.109348
v 1.16024 -4.914608 0.024195
v 1.16024 -4.914679 0.109349
v 1.16024 -4.874039 0.024228
v 1.154336 -4.914606 0.020955
v 1.154336 -4.874037 0.020988
v 1.16024 -4.914608 0.024195
v -0.177778 -4.914608 0.024195
v -0.171874 -4.874037 0.020988
v -0.171874 -4.914606 0.020955
v -0.177778 -4.874039 0.024228
v -0.171874 -4.514607 0.021281
v 1.154336 -4.474037 0.021314
v 1.154336 -4.567985 0.008911
v -0.171874 -4.474037 0.021314
v -0.171874 -4.472496 0.024554
v 1.154336 -4.472496 0.024554
v 1.16024 -4.47404 0.024554
v -0.177778 -4.47404 0.024554
v -0.171874 -4.474112 0.112948
v 1.154336 -4.474112 0.112948
v 1.154336 -4.472565 0.10971
v -0.171874 -4.472565 0.10971
v -0.171874 -4.472496 0.024554
v 1.154336 -4.472496 0.024554
v 1.16024 -4.474109 0.109708
v 1.16024 -4.47404 0.024554
v 1.154336 -4.474112 0.112948
v 1.16024 -4.568057 0.097306
v 1.16024 -4.474109 0.109708
v 1.154336 -4.568059 0.100546
v 1.154336 -4.5696 0.097304
v -0.171874 -4.514681 0.112914
v -0.171874 -4.516222 0.109674
v 1.154336 -4.5696 0.097304
v -0.171874 -4.474112 0.112948
v -0.177778 -4.474109 0.109708
v -0.177778 -4.514679 0.109675
v -0.177778 -4.514679 0.109675
v -0.177778 -4.47404 0.024554
v -0.177778 -4.474109 0.109708
v -0.171874 -4.472496 0.024554
v -0.177778 -4.514679 0.109675
v -0.177778 -4.514609 0.02452
v -0.171874 -4.516153 0.024519
v -0.171874 -4.516222 0.109674
v 1.154336 -4.5696 0.097304
v 1.154336 -4.56953 0.01215
v 1.16024 -4.567987 0.012151
v 1.16024 -4.568057 0.097306
v 1.154336 -4.56953 0.01215
v -0.171874 -4.514607 0.021281
v 1.154336 -4.567985 0.008911
v -0.171874 -4.516153 0.024519
v 1.154336 -4.567985 0.008911
v 1.154336 -4.474037 0.021314
v 1.16024 -4.567987 0.012151
v -0.177778 -4.514609 0.02452
v -0.171874 -4.514607 0.021281
v -0.177778 -4.47404 0.024554
v 1.16024 -4.567987 0.012151
v 1.16024 -4.474109 0.109708
v 1.16024 -4.568057 0.097306
v 1.16024 -4.47404 0.024554
v -0.177778 -4.514609 0.02452
v -0.177778 -4.474109 0.109708
v -0.177778 -4.47404 0.024554
v -0.177778 -4.514679 0.109675
v -0.171874 -4.114607 0.021606
v 1.154336 -4.074038 0.021639
v 1.154336 -4.114607 0.021606
v -0.171874 -4.074038 0.021639
v -0.171874 -4.074111 0.113274
v 1.154336 -4.074111 0.113274
v 1.154336 -4.072566 0.110035
v -0.171874 -4.072566 0.110035
v -0.171874 -4.072497 0.024881
v -0.177778 -4.074039 0.024879
v -0.177778 -4.07411 0.110034
v 1.154336 -4.072497 0.024881
v 1.16024 -4.07411 0.110034
v 1.16024 -4.074039 0.024879
v 1.154336 -4.074111 0.113274
v 1.16024 -4.114679 0.110001
v 1.16024 -4.07411 0.110034
v 1.154336 -4.114681 0.113241
v -0.171874 -4.114681 0.113241
v -0.171874 -4.074111 0.113274
v -0.177778 -4.07411 0.110034
v -0.177778 -4.114679 0.110001
v -0.177778 -4.114679 0.110001
v -0.177778 -4.114609 0.024846
v -0.171874 -4.116153 0.024845
v -0.171874 -4.116222 0.109999
v 1.154336 -4.116222 0.109999
v 1.154336 -4.116153 0.024845
v 1.16024 -4.114609 0.024846
v 1.16024 -4.114679 0.110001
v 1.154336 -4.116153 0.024845
v -0.171874 -4.114607 0.021606
v 1.154336 -4.114607 0.021606
v -0.171874 -4.116153 0.024845
v 1.16024 -4.074039 0.024879
v 1.154336 -4.114607 0.021606
v 1.154336 -4.074038 0.021639
v 1.16024 -4.114609 0.024846
v -0.177778 -4.114609 0.024846
v -0.171874 -4.074038 0.021639
v -0.171874 -4.114607 0.021606
v -0.177778 -4.074039 0.024879
v -0.171874 -4.116222 0.109999
v -0.171874 -4.114681 0.113241
v -0.177778 -4.114679 0.110001
v 1.154336 -4.114681 0.113241
v 1.154336 -4.116222 0.109999
v 1.16024 -4.114679 0.110001
v 1.154336 -4.074038 0.021639
v 1.154336 -4.072497 0.024881
v 1.16024 -4.074039 0.024879
v -0.171874 -4.072497 0.024881
v -0.171874 -4.074038 0.021639
v -0.177778 -4.074039 0.024879
v 1.16024 -4.114609 0.024846
v 1.16024 -4.07411 0.110034
v 1.16024 -4.114679 0.110001
v 1.16024 -4.074039 0.024879
v -0.177778 -4.114609 0.024846
v -0.177778 -4.07411 0.110034
v -0.177778 -4.074039 0.024879
v -0.177778 -4.114679 0.110001
v 1.154335 -3.714607 0.021932
v 1.16024 -3.714609 0.025172
v 1.154335 -3.716152 0.025171
v 0.974171 -3.747 0.014426
v 0.973863 -3.748547 0.017665
v 1.154335 -3.674036 0.021965
v 1.154335 -3.672495 0.025207
v 1.16024 -3.674039 0.025205
v 0.974891 -3.627433 0.032765
v 0.974638 -3.625892 0.036006
v 0.341381 -3.653178 0.026799
v 0.341222 -3.651639 0.030039
v -0.21359 -3.606528 0.040493
v -0.21359 -3.608069 0.037252
v -0.219494 -3.608072 0.040491
v 0.974171 -3.747 0.014426
v 0.34059 -3.729092 0.018576
v -0.21359 -3.714607 0.021932
v 1.154335 -3.714607 0.021932
v 1.16024 -3.714609 0.025172
v 1.16024 -3.674108 0.11036
v 1.16024 -3.714679 0.110327
v 1.16024 -3.674039 0.025205
v -0.219494 -3.714609 0.025172
v -0.219494 -3.608141 0.125647
v -0.219494 -3.608072 0.040491
v -0.219494 -3.714679 0.110327
v 0.966959 -3.627507 0.124399
v 0.336374 -3.651772 0.115179
v 0.336164 -3.653322 0.118418
v 0.967266 -3.625961 0.12116
v 0.341222 -3.651639 0.030039
v -0.21359 -3.606528 0.040493
v -0.21359 -3.606597 0.125648
v -0.219494 -3.608072 0.040491
v -0.219494 -3.608141 0.125647
v 0.974638 -3.625892 0.036006
v 1.154335 -3.672565 0.110361
v 1.154335 -3.672495 0.025207
v 1.16024 -3.674108 0.11036
v 1.16024 -3.674039 0.025205
v 0.966492 -3.748616 0.102819
v 0.966239 -3.747075 0.10606
v 0.335374 -3.729119 0.110221
v 0.335533 -3.730661 0.10698
v -0.21359 -3.714681 0.113567
v -0.21359 -3.716222 0.110326
v 0.974171 -3.747 0.014426
v 0.973863 -3.748547 0.017665
v 0.34038 -3.730635 0.021815
v 0.34059 -3.729092 0.018576
v -0.21359 -3.716152 0.025171
v -0.21359 -3.714607 0.021932
v 1.154335 -3.674111 0.1136
v 0.967266 -3.625961 0.12116
v 0.966959 -3.627507 0.124399
v 1.154335 -3.672565 0.110361
v 1.16024 -3.674108 0.11036
v -0.21359 -3.608144 0.128886
v -0.21359 -3.606597 0.125648
v 0.336164 -3.653322 0.118418
v 1.154335 -3.674111 0.1136
v 1.16024 -3.714679 0.110327
v 1.16024 -3.674108 0.11036
v 1.154335 -3.714681 0.113567
v 0.966959 -3.627507 0.124399
v 0.966492 -3.748616 0.102819
v 1.154335 -3.716222 0.110326
v 1.16024 -3.714679 0.110327
v 0.336164 -3.653322 0.118418
v 0.335374 -3.729119 0.110221
v -0.21359 -3.714681 0.113567
v -0.21359 -3.608144 0.128886
v -0.219494 -3.608141 0.125647
v -0.219494 -3.714679 0.110327
v -0.219494 -3.714679 0.110327
v -0.219494 -3.714609 0.025172
v -0.21359 -3.716152 0.025171
v -0.21359 -3.716222 0.110326
v 0.335533 -3.730661 0.10698
v 0.34038 -3.730635 0.021815
v 0.973863 -3.748547 0.017665
v 0.966492 -3.748616 0.102819
v 1.154335 -3.716152 0.025171
v 1.154335 -3.716222 0.110326
v 1.16024 -3.714609 0.025172
v 1.16024 -3.714679 0.110327
v 1.16024 -3.674039 0.025205
v 1.154335 -3.714607 0.021932
v 1.16024 -3.714609 0.025172
v -0.219494 -3.714609 0.025172
v -0.21359 -3.608069 0.037252
v -0.21359 -3.714607 0.021932
v 1.154335 -6.881512 0.112934
v 1.16024 -6.879968 0.112936
v 1.154335 -6.879971 0.116176
v 0.6507 -6.881512 0.112934
v 0.6507 -6.879971 0.116176
v -0.171874 -6.881512 0.112934
v 0.6507 -6.788793 0.127936
v -0.171874 -6.839402 0.116209
v -0.177778 -6.839398 0.112969
v -0.177778 -6.879968 0.112936
v 1.154335 -6.839402 0.116209
v 1.16024 -6.879968 0.112936
v 1.16024 -6.839398 0.112969
v -0.177778 -6.879899 0.027781
v -0.171874 -6.839326 0.024574
v -0.171874 -6.879896 0.024541
v -0.177778 -6.839329 0.027814
v 1.16024 -6.839329 0.027814
v 1.154335 -6.879896 0.024541
v 1.154335 -6.839326 0.024574
v 1.16024 -6.879899 0.027781
v 1.154335 -6.881443 0.02778
v 0.6507 -6.879896 0.024541
v 1.154335 -6.879896 0.024541
v 0.6507 -6.881443 0.02778
v -0.171874 -6.881443 0.02778
v -0.171874 -6.879896 0.024541
v 1.16024 -6.879899 0.027781
v 1.16024 -6.879968 0.112936
v 1.154335 -6.881512 0.112934
v 1.154335 -6.881443 0.02778
v 0.6507 -6.881512 0.112934
v 0.6507 -6.881443 0.02778
v -0.171874 -6.881443 0.02778
v -0.171874 -6.881512 0.112934
v -0.177778 -6.879968 0.112936
v -0.177778 -6.879899 0.027781
v -0.171874 -6.837856 0.11297
v -0.177778 -6.839329 0.027814
v -0.177778 -6.839398 0.112969
v -0.171874 -6.837786 0.027816
v 0.6507 -6.787247 0.124697
v 0.6507 -6.787178 0.039543
v 1.154335 -6.837856 0.11297
v 1.154335 -6.837786 0.027816
v 1.16024 -6.839398 0.112969
v 1.16024 -6.839329 0.027814
v 1.154335 -6.839402 0.116209
v 0.6507 -6.788793 0.127936
v -0.171874 -6.839402 0.116209
v 0.6507 -6.787247 0.124697
v 0.6507 -6.788793 0.127936
v 1.154335 -6.839326 0.024574
v 1.154335 -6.879896 0.024541
v 0.6507 -6.879896 0.024541
v 0.6507 -6.788718 0.036301
v 1.154335 -6.837786 0.027816
v 1.16024 -6.839329 0.027814
v -0.171874 -6.879896 0.024541
v -0.171874 -6.837786 0.027816
v 0.6507 -6.787178 0.039543
v -0.177778 -6.839329 0.027814
v -0.177778 -6.879899 0.027781
v -0.177778 -6.839398 0.112969
v -0.177778 -6.839329 0.027814
v -0.177778 -6.879968 0.112936
v 1.16024 -6.879899 0.027781
v 1.16024 -6.839398 0.112969
v 1.16024 -6.879968 0.112936
v 1.16024 -6.839329 0.027814
v -0.177778 -2.934288 0.021265
v -0.177778 -2.874108 0.111013
v -0.177778 -2.874039 0.025858
v -0.177778 -2.934357 0.10642
v 1.16024 -2.914609 0.025825
v 1.16024 -2.810453 0.125763
v 1.16024 -2.914679 0.110979
v 1.16024 -2.810384 0.040609
v 1.154335 -2.810381 0.037369
v 1.154335 -2.808841 0.04061
v 1.16024 -2.810384 0.040609
v 1.154335 -2.914607 0.022585
v 1.16024 -2.914609 0.025825
v -0.171874 -2.935901 0.106418
v -0.171874 -2.93436 0.10966
v -0.177778 -2.934357 0.10642
v -0.177778 -2.874108 0.111013
v -0.171874 -2.874111 0.114253
v 0.906264 -2.84047 0.122048
v 0.905637 -2.914681 0.11422
v 1.154335 -2.914681 0.11422
v 1.154335 -2.810456 0.129003
v 1.16024 -2.914679 0.110979
v 1.16024 -2.810453 0.125763
v 0.905912 -2.916222 0.110978
v 1.154335 -2.916222 0.110978
v -0.171874 -2.935901 0.106418
v -0.177778 -2.934288 0.021265
v -0.171874 -2.874036 0.022618
v -0.171874 -2.934285 0.018025
v -0.177778 -2.874039 0.025858
v -0.171874 -2.872496 0.02586
v 0.914707 -2.840396 0.030414
v 0.914432 -2.838855 0.033654
v 1.154335 -2.810381 0.037369
v 1.154335 -2.916153 0.025824
v 0.91408 -2.914607 0.022585
v 1.154335 -2.914607 0.022585
v 0.913758 -2.916153 0.025824
v 1.16024 -2.914609 0.025825
v 1.16024 -2.914679 0.110979
v 1.154335 -2.916222 0.110978
v 1.154335 -2.916153 0.025824
v 0.905912 -2.916222 0.110978
v 0.913758 -2.916153 0.025824
v -0.171874 -2.935832 0.021264
v -0.171874 -2.935901 0.106418
v -0.177778 -2.934357 0.10642
v -0.177778 -2.934288 0.021265
v -0.171874 -2.872566 0.111014
v -0.177778 -2.874039 0.025858
v -0.177778 -2.874108 0.111013
v -0.171874 -2.872496 0.02586
v 0.906586 -2.838924 0.11881
v 0.914432 -2.838855 0.033654
v 1.154335 -2.80891 0.125765
v 1.154335 -2.808841 0.04061
v -0.171874 -2.874111 0.114253
v 0.906264 -2.84047 0.122048
v 1.154335 -2.808841 0.04061
v 1.16024 -2.810453 0.125763
v 1.16024 -2.810384 0.040609
v 1.154335 -2.810456 0.129003
v 0.906586 -2.838924 0.11881
v 0.906264 -2.84047 0.122048
v 1.154335 -2.80891 0.125765
v -0.171874 -2.935832 0.021264
v 0.91408 -2.914607 0.022585
v 0.913758 -2.916153 0.025824
v -0.171874 -2.934285 0.018025
v 1.154335 -2.810381 0.037369
v 0.91408 -2.914607 0.022585
v 0.914707 -2.840396 0.030414
v 1.154335 -2.914607 0.022585
v -0.171874 -2.934285 0.018025
v 0.91408 -2.914607 0.022585
v -0.177778 -2.51461 0.026151
v -0.177778 -2.429606 0.121652
v -0.177778 -2.429537 0.036496
v -0.177778 -2.514679 0.111306
v 1.16024 -2.51461 0.026151
v 1.16024 -2.474109 0.111339
v 1.16024 -2.514679 0.111306
v 1.16024 -2.47404 0.026184
v -0.171874 -2.429534 0.033257
v -0.177778 -2.429537 0.036496
v -0.171874 -2.427993 0.036498
v 1.154336 -2.474037 0.022944
v -0.171874 -2.514607 0.022911
v 1.154336 -2.514607 0.022911
v 1.154336 -2.472496 0.026185
v 1.16024 -2.47404 0.026184
v 1.154336 -2.516223 0.111304
v 1.16024 -2.514679 0.111306
v 1.154336 -2.514682 0.114546
v -0.171874 -2.516223 0.111304
v -0.171874 -2.514682 0.114546
v 1.154336 -2.474112 0.114579
v -0.171874 -2.429609 0.124891
v -0.177778 -2.429606 0.121652
v -0.177778 -2.514679 0.111306
v -0.171874 -2.516223 0.111304
v 1.16024 -2.514679 0.111306
v 1.16024 -2.474109 0.111339
v -0.177778 -2.51461 0.026151
v -0.171874 -2.429534 0.033257
v -0.171874 -2.514607 0.022911
v 1.16024 -2.47404 0.026184
v 1.154336 -2.514607 0.022911
v 1.16024 -2.51461 0.026151
v 1.154336 -2.516153 0.02615
v -0.171874 -2.514607 0.022911
v 1.154336 -2.514607 0.022911
v -0.171874 -2.516153 0.02615
v 1.16024 -2.51461 0.026151
v 1.16024 -2.514679 0.111306
v 1.154336 -2.516223 0.111304
v 1.154336 -2.516153 0.02615
v -0.171874 -2.516153 0.02615
v -0.171874 -2.516223 0.111304
v -0.177778 -2.514679 0.111306
v -0.177778 -2.51461 0.026151
v -0.171874 -2.428062 0.121652
v -0.177778 -2.429537 0.036496
v -0.177778 -2.429606 0.121652
v -0.171874 -2.427993 0.036498
v 1.154336 -2.472566 0.11134
v 1.154336 -2.472496 0.026185
v 1.16024 -2.474109 0.111339
v 1.16024 -2.47404 0.026184
v -0.171874 -2.429609 0.124891
v 1.154336 -2.474112 0.114579
v 1.195969 -2.116223 0.111631
v 1.201873 -2.11468 0.111633
v 1.195969 -2.114682 0.114872
v 0.872825 -2.116223 0.111631
v 0.872533 -2.114682 0.114872
v -0.171874 -2.116223 0.111631
v 0.873268 -2.006665 0.130535
v -0.171874 -2.074112 0.114905
v -0.177778 -2.07411 0.111666
v -0.177778 -2.11468 0.111633
v 1.195969 -2.074112 0.114905
v 1.201873 -2.11468 0.111633
v 1.201873 -2.07411 0.111666
v 1.201873 -2.07411 0.111666
v 1.195969 -2.072566 0.111666
v 1.195969 -2.074112 0.114905
v 0.873616 -2.005119 0.127296
v 0.873268 -2.006665 0.130535
v -0.177778 -2.11461 0.026477
v -0.171874 -2.074038 0.023271
v -0.171874 -2.114607 0.023238
v -0.177778 -2.07404 0.02651
v 1.201873 -2.07404 0.02651
v 1.195969 -2.114607 0.023238
v 1.195969 -2.074038 0.023271
v 1.201873 -2.11461 0.026477
v 1.195969 -2.116154 0.026476
v 0.881567 -2.114607 0.023238
v 1.195969 -2.114607 0.023238
v 0.881219 -2.116154 0.026476
v -0.171874 -2.116154 0.026476
v -0.171874 -2.114607 0.023238
v 1.201873 -2.11461 0.026477
v 1.201873 -2.11468 0.111633
v 1.195969 -2.116223 0.111631
v 1.195969 -2.116154 0.026476
v 0.881219 -2.116154 0.026476
v -0.171874 -2.116154 0.026476
v -0.171874 -2.116223 0.111631
v -0.177778 -2.11468 0.111633
v -0.177778 -2.11461 0.026477
v -0.171874 -2.072566 0.111666
v -0.177778 -2.07404 0.02651
v -0.177778 -2.07411 0.111666
v -0.171874 -2.072497 0.026512
v 0.873616 -2.005119 0.127296
v 0.88201 -2.005048 0.042141
v 1.195969 -2.072566 0.111666
v 1.195969 -2.072497 0.026512
v 1.201873 -2.07411 0.111666
v 1.201873 -2.07404 0.02651
v -0.171874 -2.074112 0.114905
v 0.873616 -2.005119 0.127296
v 0.873268 -2.006665 0.130535
v 1.195969 -2.114607 0.023238
v 0.881567 -2.114607 0.023238
v 0.882302 -2.006589 0.0389
v 1.195969 -2.072497 0.026512
v 1.201873 -2.07404 0.02651
v -0.171874 -2.114607 0.023238
v -0.171874 -2.072497 0.026512
v 0.88201 -2.005048 0.042141
v -0.177778 -2.07404 0.02651
v -0.177778 -2.11461 0.026477
v -0.177778 -2.07411 0.111666
v -0.177778 -2.07404 0.02651
v -0.177778 -2.11468 0.111633
v 1.201873 -2.11461 0.026477
v 1.201873 -2.07411 0.111666
v 1.201873 -2.11468 0.111633
v 1.201873 -2.07404 0.02651
v 1.154335 -1.716223 0.111956
v 1.16024 -1.714679 0.111957
v 1.154335 -1.714682 0.115197
v -0.092328 -1.716223 0.111956
v -0.092401 -1.714682 0.115197
v -0.171874 -1.714682 0.115197
v -0.171874 -1.716223 0.111956
v -0.091753 -1.603085 0.131689
v -0.171874 -1.603085 0.131689
v -0.177778 -1.603082 0.12845
v -0.177778 -1.714679 0.111957
v -0.171874 -1.716223 0.111956
v 1.154335 -1.674113 0.11523
v 1.16024 -1.714679 0.111957
v 1.16024 -1.67411 0.11199
v -0.177778 -1.71461 0.026802
v -0.171874 -1.60301 0.040055
v -0.171874 -1.714607 0.023562
v -0.177778 -1.603013 0.043294
v -0.171874 -1.601469 0.043296
v -0.088999 -1.60301 0.040055
v -0.089072 -1.601469 0.043296
v 1.154335 -1.672497 0.026837
v 1.154335 -1.674038 0.023595
v -0.089647 -1.714607 0.023562
v 1.154335 -1.714607 0.023562
v 1.16024 -1.674041 0.026835
v 1.16024 -1.674041 0.026835
v 1.154335 -1.714607 0.023562
v 1.154335 -1.674038 0.023595
v 1.16024 -1.71461 0.026802
v 1.154335 -1.716154 0.026801
v -0.089647 -1.714607 0.023562
v 1.154335 -1.714607 0.023562
v -0.089769 -1.716154 0.026801
v -0.171874 -1.716154 0.026801
v -0.171874 -1.714607 0.023562
v 1.16024 -1.71461 0.026802
v 1.16024 -1.714679 0.111957
v 1.154335 -1.716223 0.111956
v 1.154335 -1.716154 0.026801
v -0.092328 -1.716223 0.111956
v -0.089769 -1.716154 0.026801
v -0.171874 -1.716154 0.026801
v -0.171874 -1.716223 0.111956
v -0.177778 -1.714679 0.111957
v -0.177778 -1.71461 0.026802
v -0.171874 -1.601538 0.128451
v -0.177778 -1.603013 0.043294
v -0.177778 -1.603082 0.12845
v -0.171874 -1.601469 0.043296
v -0.091631 -1.601538 0.128451
v -0.089072 -1.601469 0.043296
v 1.154335 -1.672566 0.111992
v 1.154335 -1.672497 0.026837
v 1.16024 -1.67411 0.11199
v 1.16024 -1.674041 0.026835
v -0.171874 -1.603085 0.131689
v -0.091753 -1.603085 0.131689
v 1.154335 -1.674113 0.11523
v -0.171874 -1.714607 0.023562
v -0.088999 -1.60301 0.040055
v -0.089647 -1.714607 0.023562
v -0.171874 -1.60301 0.040055
v -0.177778 -1.71461 0.026802
v -0.177778 -1.603082 0.12845
v -0.177778 -1.603013 0.043294
v -0.177778 -1.714679 0.111957
v 1.16024 -1.71461 0.026802
v 1.16024 -1.67411 0.11199
v 1.16024 -1.714679 0.111957
v 1.16024 -1.674041 0.026835
v 1.16024 -1.314611 0.027128
v 1.16024 -1.31468 0.112284
v 1.154335 -1.316224 0.112282
v 1.154335 -1.316154 0.027128
v 0.888835 -1.316224 0.112282
v 0.890721 -1.316154 0.027128
v -0.171874 -1.316154 0.027128
v -0.171874 -1.316224 0.112282
v -0.177778 -1.31468 0.112284
v -0.177778 -1.314611 0.027128
v -0.171874 -1.314683 0.115523
v -0.177778 -1.27411 0.112317
v -0.177778 -1.31468 0.112284
v -0.171874 -1.274113 0.115556
v -0.171874 -1.272566 0.112318
v -0.177778 -1.27404 0.027162
v -0.177778 -1.27411 0.112317
v -0.171874 -1.272497 0.027163
v 0.888886 -1.207655 0.127359
v 0.890772 -1.207586 0.042205
v 1.154335 -1.272497 0.027163
v 1.16024 -1.27411 0.112317
v 1.16024 -1.27404 0.027162
v 1.154335 -1.272566 0.112318
v 0.890772 -1.207586 0.042205
v 1.154335 -1.274113 0.115556
v 1.16024 -1.31468 0.112284
v 1.16024 -1.27411 0.112317
v 1.154335 -1.314683 0.115523
v -0.171874 -1.316154 0.027128
v -0.171874 -1.314608 0.023889
v 0.890795 -1.314608 0.023889
v 0.890721 -1.316154 0.027128
v 1.154335 -1.316154 0.027128
v 1.154335 -1.314608 0.023889
v 1.154335 -1.314683 0.115523
v 1.154335 -1.274113 0.115556
v 0.888813 -1.209202 0.130598
v 0.888765 -1.314683 0.115523
v 0.888835 -1.316224 0.112282
v 1.154335 -1.316224 0.112282
v 1.16024 -1.31468 0.112284
v -0.171874 -1.314683 0.115523
v -0.171874 -1.316224 0.112282
v -0.177778 -1.31468 0.112284
v -0.171874 -1.274113 0.115556
v 1.154335 -1.274038 0.023922
v 1.154335 -1.314608 0.023889
v 0.890795 -1.314608 0.023889
v 0.890842 -1.209127 0.038964
v 1.154335 -1.272497 0.027163
v 1.16024 -1.27404 0.027162
v -0.171874 -1.314608 0.023889
v -0.171874 -1.274038 0.023922
v -0.171874 -1.272497 0.027163
v 0.890772 -1.207586 0.042205
v -0.177778 -1.27404 0.027162
v -0.177778 -1.314611 0.027128
v -0.177778 -1.27411 0.112317
v -0.177778 -1.27404 0.027162
v -0.177778 -1.31468 0.112284
v 1.16024 -1.314611 0.027128
v 1.16024 -1.27411 0.112317
v 1.16024 -1.31468 0.112284
v 1.16024 -1.27404 0.027162
v -0.177778 -1.27411 0.112317
v -0.171874 -1.274113 0.115556
v -0.171874 -1.272566 0.112318
v 0.888886 -1.207655 0.127359
v 0.888813 -1.209202 0.130598
v 1.154335 -1.274113 0.115556
v 1.154335 -1.272566 0.112318
v 1.16024 -1.27411 0.112317
v -0.177778 -1.314611 0.027128
v -0.171874 -1.314608 0.023889
v -0.177778 -1.27404 0.027162
v 1.16024 -1.27404 0.027162
v 1.154335 -1.314608 0.023889
v 1.16024 -1.314611 0.027128
v 1.195816 -0.962736 0.101831
v 1.20172 -0.961193 0.101831
v 1.195816 -0.961195 0.105072
v 1.195816 -0.874113 0.115883
v -0.171874 -0.914682 0.11585
v -0.171874 -0.916223 0.112609
v 1.195816 -0.962736 0.101831
v 1.20172 -0.87411 0.112643
v -0.177778 -0.91468 0.11261
v -0.171874 -0.874113 0.115883
v -0.177778 -0.87411 0.112643
v -0.177778 -0.91468 0.11261
v -0.177778 -0.91461 0.027455
v -0.171874 -0.874038 0.024249
v -0.171874 -0.914608 0.024216
v -0.177778 -0.874041 0.027488
v 1.20172 -0.874041 0.027488
v 1.195816 -0.914608 0.024216
v 1.195816 -0.874038 0.024249
v 1.20172 -0.91461 0.027455
v 1.195816 -0.916153 0.027455
v -0.171874 -0.914608 0.024216
v 1.195816 -0.914608 0.024216
v -0.171874 -0.916153 0.027455
v 1.20172 -0.91461 0.027455
v 1.20172 -0.961193 0.101831
v 1.195816 -0.962736 0.101831
v 1.195816 -0.916153 0.027455
v -0.171874 -0.916153 0.027455
v -0.171874 -0.916223 0.112609
v -0.177778 -0.91468 0.11261
v -0.177778 -0.91461 0.027455
v -0.171874 -0.872566 0.112644
v -0.177778 -0.874041 0.027488
v -0.177778 -0.87411 0.112643
v -0.171874 -0.872497 0.02749
v 1.195816 -0.872566 0.112644
v 1.195816 -0.872497 0.02749
v 1.20172 -0.87411 0.112643
v 1.20172 -0.874041 0.027488
v -0.171874 -0.874113 0.115883
v 1.195816 -0.874113 0.115883
v -0.171874 -0.914608 0.024216
v 1.195816 -0.874038 0.024249
v 1.195816 -0.914608 0.024216
v -0.171874 -0.874038 0.024249
v -0.177778 -0.91461 0.027455
v -0.177778 -0.87411 0.112643
v -0.177778 -0.874041 0.027488
v -0.177778 -0.91468 0.11261
v 1.20172 -0.91461 0.027455
v 1.20172 -0.87411 0.112643
v 1.20172 -0.961193 0.101831
v 1.20172 -0.874041 0.027488
v -0.171874 -0.874038 0.024249
v -0.177778 -0.874041 0.027488
v -0.171874 -0.872497 0.02749
v 1.195816 -0.874038 0.024249
v 1.195816 -0.872497 0.02749
v 1.20172 -0.874041 0.027488
v 1.154335 -0.516223 0.112934
v 1.16024 -0.514679 0.112936
v 1.154335 -0.514682 0.116176
v 0.6507 -0.516223 0.112934
v 0.6507 -0.514682 0.116176
v -0.171874 -0.516223 0.112934
v 0.6507 -0.423504 0.127936
v -0.171874 -0.474113 0.116209
v -0.177778 -0.47411 0.112969
v -0.177778 -0.514679 0.112936
v 1.154335 -0.474113 0.116209
v 1.16024 -0.514679 0.112936
v 1.16024 -0.47411 0.112969
v -0.177778 -0.51461 0.027781
v -0.171874 -0.474038 0.024574
v -0.171874 -0.514607 0.024541
v -0.177778 -0.474041 0.027814
v 1.16024 -0.474041 0.027814
v 1.154335 -0.514607 0.024541
v 1.154335 -0.474038 0.024574
v 1.16024 -0.51461 0.027781
v 1.154335 -0.516154 0.02778
v 0.6507 -0.514607 0.024541
v 1.154335 -0.514607 0.024541
v 0.6507 -0.516154 0.02778
v -0.171874 -0.516154 0.02778
v -0.171874 -0.514607 0.024541
v 1.16024 -0.51461 0.027781
v 1.16024 -0.514679 0.112936
v 1.154335 -0.516223 0.112934
v 1.154335 -0.516154 0.02778
v 0.6507 -0.516223 0.112934
v 0.6507 -0.516154 0.02778
v -0.171874 -0.516154 0.02778
v -0.171874 -0.516223 0.112934
v -0.177778 -0.514679 0.112936
v -0.177778 -0.51461 0.027781
v -0.171874 -0.472567 0.11297
v -0.177778 -0.474041 0.027814
v -0.177778 -0.47411 0.112969
v -0.171874 -0.472497 0.027816
v 0.6507 -0.421958 0.124697
v 0.6507 -0.421889 0.039543
v 1.154335 -0.472567 0.11297
v 1.154335 -0.472497 0.027816
v 1.16024 -0.47411 0.112969
v 1.16024 -0.474041 0.027814
v 1.154335 -0.474113 0.116209
v 0.6507 -0.423504 0.127936
v -0.171874 -0.474113 0.116209
v 0.6507 -0.421958 0.124697
v 0.6507 -0.423504 0.127936
v 1.154335 -0.474038 0.024574
v 1.154335 -0.514607 0.024541
v 0.6507 -0.514607 0.024541
v 0.6507 -0.423429 0.036301
v 1.154335 -0.472497 0.027816
v 1.16024 -0.474041 0.027814
v -0.171874 -0.514607 0.024541
v -0.171874 -0.472497 0.027816
v 0.6507 -0.421889 0.039543
v -0.177778 -0.474041 0.027814
v -0.177778 -0.51461 0.027781
v -0.177778 -0.47411 0.112969
v -0.177778 -0.474041 0.027814
v -0.177778 -0.514679 0.112936
v 1.16024 -0.51461 0.027781
v 1.16024 -0.47411 0.112969
v 1.16024 -0.514679 0.112936
v 1.16024 -0.474041 0.027814
v 1.154336 -0.116223 0.113261
v 1.16024 -0.11468 0.113262
v 1.154336 -0.114683 0.116502
v -0.052307 -0.172325 0.10026
v -0.052275 -0.170784 0.103502
v -0.051924 -0.074112 0.116535
v -0.213353 -0.114683 0.116502
v -0.213353 -0.074112 0.116535
v -0.219258 -0.07411 0.113295
v -0.219258 -0.11468 0.113262
v 1.154336 -0.074112 0.116535
v 1.16024 -0.11468 0.113262
v 1.16024 -0.07411 0.113295
v -0.213353 -0.116223 0.113261
v -0.213353 -0.114683 0.116502
v -0.219258 -0.11468 0.113262
v -0.052307 -0.172325 0.10026
v -0.219258 -0.114611 0.028107
v -0.213353 -0.074038 0.0249
v -0.213353 -0.114608 0.024867
v -0.219258 -0.07404 0.028141
v 1.16024 -0.07404 0.028141
v 1.154336 -0.114608 0.024867
v 1.154336 -0.074038 0.0249
v 1.16024 -0.114611 0.028107
v 1.154336 -0.116154 0.028106
v -0.052799 -0.170709 0.011867
v 1.154336 -0.114608 0.024867
v -0.052794 -0.172256 0.015105
v 1.16024 -0.114611 0.028107
v 1.16024 -0.11468 0.113262
v 1.154336 -0.116223 0.113261
v 1.154336 -0.116154 0.028106
v -0.052307 -0.172325 0.10026
v -0.052794 -0.172256 0.015105
v -0.213353 -0.116154 0.028106
v -0.213353 -0.116223 0.113261
v -0.219258 -0.11468 0.113262
v -0.219258 -0.114611 0.028107
v -0.213353 -0.072566 0.113296
v -0.219258 -0.07404 0.028141
v -0.219258 -0.07411 0.113295
v -0.213353 -0.072497 0.028141
v -0.051929 -0.072566 0.113296
v -0.052416 -0.072497 0.028141
v 1.154336 -0.072566 0.113296
v 1.154336 -0.072497 0.028141
v 1.16024 -0.07411 0.113295
v 1.16024 -0.07404 0.028141
v -0.213353 -0.074112 0.116535
v -0.051924 -0.074112 0.116535
v 1.154336 -0.074112 0.116535
v -0.213353 -0.116154 0.028106
v -0.052799 -0.170709 0.011867
v -0.052794 -0.172256 0.015105
v -0.213353 -0.114608 0.024867
v -0.219258 -0.114611 0.028107
v 1.154336 -0.074038 0.0249
v 1.154336 -0.114608 0.024867
v -0.052799 -0.170709 0.011867
v -0.052448 -0.074038 0.0249
v 1.154336 -0.072497 0.028141
v 1.16024 -0.07404 0.028141
v -0.213353 -0.114608 0.024867
v -0.213353 -0.072497 0.028141
v -0.052416 -0.072497 0.028141
v -0.219258 -0.07404 0.028141
v -0.219258 -0.114611 0.028107
v -0.219258 -0.07411 0.113295
v -0.219258 -0.07404 0.028141
v -0.219258 -0.11468 0.113262
v 1.16024 -0.114611 0.028107
v 1.16024 -0.07411 0.113295
v 1.16024 -0.11468 0.113262
v 1.16024 -0.07404 0.028141
v 1.154336 -6.481512 0.113261
v 1.16024 -6.479969 0.113262
v 1.154336 -6.479972 0.116502
v -0.052307 -6.537614 0.10026
v -0.052275 -6.536073 0.103502
v -0.051924 -6.439401 0.116535
v -0.213353 -6.479972 0.116502
v -0.213353 -6.439401 0.116535
v -0.219258 -6.439399 0.113295
v -0.219258 -6.479969 0.113262
v 1.154336 -6.439401 0.116535
v 1.16024 -6.479969 0.113262
v 1.16024 -6.439399 0.113295
v -0.213353 -6.481512 0.113261
v -0.213353 -6.479972 0.116502
v -0.219258 -6.479969 0.113262
v -0.052307 -6.537614 0.10026
v -0.219258 -6.4799 0.028107
v -0.213353 -6.439327 0.0249
v -0.213353 -6.479897 0.024867
v -0.219258 -6.439329 0.028141
v 1.16024 -6.439329 0.028141
v 1.154336 -6.479897 0.024867
v 1.154336 -6.439327 0.0249
v 1.16024 -6.4799 0.028107
v 1.154336 -6.481443 0.028106
v -0.052799 -6.535998 0.011867
v 1.154336 -6.479897 0.024867
v -0.052794 -6.537545 0.015105
v 1.16024 -6.4799 0.028107
v 1.16024 -6.479969 0.113262
v 1.154336 -6.481512 0.113261
v 1.154336 -6.481443 0.028106
v -0.052307 -6.537614 0.10026
v -0.052794 -6.537545 0.015105
v -0.213353 -6.481443 0.028106
v -0.213353 -6.481512 0.113261
v -0.219258 -6.479969 0.113262
v -0.219258 -6.4799 0.028107
v -0.213353 -6.437856 0.113296
v -0.219258 -6.439329 0.028141
v -0.219258 -6.439399 0.113295
v -0.213353 -6.437786 0.028141
v -0.051929 -6.437856 0.113296
v -0.052416 -6.437786 0.028141
v 1.154336 -6.437856 0.113296
v 1.154336 -6.437786 0.028141
v 1.16024 -6.439399 0.113295
v 1.16024 -6.439329 0.028141
v -0.213353 -6.439401 0.116535
v -0.051924 -6.439401 0.116535
v 1.154336 -6.439401 0.116535
v -0.213353 -6.481443 0.028106
v -0.052799 -6.535998 0.011867
v -0.052794 -6.537545 0.015105
v -0.213353 -6.479897 0.024867
v -0.219258 -6.4799 0.028107
v 1.154336 -6.439327 0.0249
v 1.154336 -6.479897 0.024867
v -0.052799 -6.535998 0.011867
v -0.052448 -6.439327 0.0249
v 1.154336 -6.437786 0.028141
v 1.16024 -6.439329 0.028141
v -0.213353 -6.479897 0.024867
v -0.213353 -6.437786 0.028141
v -0.052416 -6.437786 0.028141
v -0.219258 -6.439329 0.028141
v -0.219258 -6.4799 0.028107
v -0.219258 -6.439399 0.113295
v -0.219258 -6.439329 0.028141
v -0.219258 -6.479969 0.113262
v 1.16024 -6.4799 0.028107
v 1.16024 -6.439399 0.113295
v 1.16024 -6.479969 0.113262
v 1.16024 -6.439329 0.028141
v 1.195969 -9.683399 0.115194
v 1.201873 -9.681855 0.115196
v 1.195969 -9.681858 0.118435
v 0.872825 -9.683399 0.115194
v 0.872533 -9.681858 0.118435
v -0.171874 -9.683399 0.115194
v 0.873268 -9.57384 0.134098
v -0.171874 -9.641289 0.118468
v -0.177778 -9.641286 0.115229
v -0.177778 -9.681855 0.115196
v 1.195969 -9.641289 0.118468
v 1.201873 -9.681855 0.115196
v 1.201873 -9.641286 0.115229
v 1.201873 -9.641286 0.115229
v 1.195969 -9.639742 0.115229
v 1.195969 -9.641289 0.118468
v 0.873616 -9.572294 0.130859
v 0.873268 -9.57384 0.134098
v -0.177778 -9.681786 0.03004
v -0.171874 -9.641213 0.026834
v -0.171874 -9.681784 0.026801
v -0.177778 -9.641216 0.030073
v 1.201873 -9.641216 0.030073
v 1.195969 -9.681784 0.026801
v 1.195969 -9.641213 0.026834
v 1.201873 -9.681786 0.03004
v 1.195969 -9.68333 0.030039
v 0.881567 -9.681784 0.026801
v 1.195969 -9.681784 0.026801
v 0.881219 -9.68333 0.030039
v -0.171874 -9.68333 0.030039
v -0.171874 -9.681784 0.026801
v 1.201873 -9.681786 0.03004
v 1.201873 -9.681855 0.115196
v 1.195969 -9.683399 0.115194
v 1.195969 -9.68333 0.030039
v 0.881219 -9.68333 0.030039
v -0.171874 -9.68333 0.030039
v -0.171874 -9.683399 0.115194
v -0.177778 -9.681855 0.115196
v -0.177778 -9.681786 0.03004
v -0.171874 -9.639742 0.115229
v -0.177778 -9.641216 0.030073
v -0.177778 -9.641286 0.115229
v -0.171874 -9.639672 0.030075
v 0.873616 -9.572294 0.130859
v 0.88201 -9.572225 0.045704
v 1.195969 -9.639742 0.115229
v 1.195969 -9.639672 0.030075
v 1.201873 -9.641286 0.115229
v 1.201873 -9.641216 0.030073
v -0.171874 -9.641289 0.118468
v 0.873616 -9.572294 0.130859
v 0.873268 -9.57384 0.134098
v 1.195969 -9.681784 0.026801
v 0.881567 -9.681784 0.026801
v 0.882302 -9.573765 0.042463
v 1.195969 -9.639672 0.030075
v 1.201873 -9.641216 0.030073
v -0.171874 -9.681784 0.026801
v -0.171874 -9.639672 0.030075
v 0.88201 -9.572225 0.045704
v -0.177778 -9.641216 0.030073
v -0.177778 -9.681786 0.03004
v -0.177778 -9.641286 0.115229
v -0.177778 -9.641216 0.030073
v -0.177778 -9.681855 0.115196
v 1.201873 -9.681786 0.03004
v 1.201873 -9.641286 0.115229
v 1.201873 -9.681855 0.115196
v 1.201873 -9.641216 0.030073
v -0.177778 -12.879897 0.02289
v -0.171874 -12.839325 0.019684
v -0.171874 -12.879894 0.01965
v -0.177778 -12.839328 0.022923
v 1.154335 -12.879894 0.01965
v 1.16024 -12.879897 0.02289
v 1.154335 -12.881441 0.022888
v 0.95655 -12.908691 -0.003938
v 0.956299 -12.910242 -0.0007
v 1.154335 -12.839325 0.019684
v 1.154335 -12.837784 0.022924
v 1.16024 -12.839328 0.022923
v 0.956848 -12.830873 0.021642
v 0.956626 -12.829324 0.024884
v 0.473427 -12.810182 0.026436
v 0.473289 -12.80864 0.029677
v -0.171874 -12.837784 0.022924
v -0.177778 -12.839328 0.022923
v 0.95655 -12.908691 -0.003938
v 0.472833 -12.893571 0.016481
v -0.171874 -12.879894 0.01965
v 1.154335 -12.879894 0.01965
v 1.16024 -12.879897 0.02289
v 1.16024 -12.839397 0.108078
v 1.16024 -12.879967 0.108044
v 1.16024 -12.839328 0.022923
v -0.177778 -12.879897 0.02289
v -0.177778 -12.839397 0.108078
v -0.177778 -12.839328 0.022923
v -0.177778 -12.879967 0.108044
v 0.47265 -12.895118 0.019719
v 0.95655 -12.908691 -0.003938
v 0.956299 -12.910242 -0.0007
v 0.472833 -12.893571 0.016481
v -0.171874 -12.881441 0.022888
v -0.171874 -12.879894 0.01965
v -0.171874 -12.881511 0.108044
v -0.171874 -12.87997 0.111284
v -0.177778 -12.879967 0.108044
v 0.468434 -12.890477 0.084548
v 0.468296 -12.888936 0.08779
v 0.950071 -12.910411 0.084432
v 0.949848 -12.908874 0.087671
v 1.154335 -12.87997 0.111284
v 1.154335 -12.881511 0.108044
v 1.16024 -12.879967 0.108044
v 1.16024 -12.839328 0.022923
v 1.154335 -12.879894 0.01965
v 1.16024 -12.879897 0.02289
v 1.16024 -12.879897 0.02289
v 1.16024 -12.879967 0.108044
v 1.154335 -12.881511 0.108044
v 1.154335 -12.881441 0.022888
v 0.950071 -12.910411 0.084432
v 0.956299 -12.910242 -0.0007
v 0.468434 -12.890477 0.084548
v 0.47265 -12.895118 0.019719
v -0.171874 -12.881441 0.022888
v -0.171874 -12.881511 0.108044
v -0.177778 -12.879967 0.108044
v -0.177778 -12.879897 0.02289
v -0.171874 -12.87997 0.111284
v -0.177778 -12.839397 0.108078
v -0.177778 -12.879967 0.108044
v -0.171874 -12.8394 0.111317
v 0.46889 -12.804114 0.091562
v 0.468296 -12.888936 0.08779
v 0.949848 -12.908874 0.087671
v 0.950738 -12.825248 0.089608
v 1.154335 -12.87997 0.111284
v 1.154335 -12.8394 0.111317
v 1.16024 -12.879967 0.108044
v 1.16024 -12.839397 0.108078
v -0.171874 -12.837854 0.108079
v -0.177778 -12.839328 0.022923
v -0.177778 -12.839397 0.108078
v -0.171874 -12.837784 0.022924
v 0.469073 -12.802567 0.088323
v 0.473289 -12.80864 0.029677
v 0.950989 -12.823711 0.086375
v 0.956626 -12.829324 0.024884
v 1.154335 -12.837854 0.108079
v 1.154335 -12.837784 0.022924
v -0.171874 -12.8394 0.111317
v 0.46889 -12.804114 0.091562
v 0.950738 -12.825248 0.089608
v 1.154335 -12.8394 0.111317
v 1.16024 -12.839397 0.108078
v 1.16024 -12.839328 0.022923
v 1.16024 -12.439399 0.108403
v 1.154336 -12.437855 0.108405
v 1.154336 -12.439401 0.111643
v 1.034204 -12.406809 0.115599
v 1.034019 -12.408349 0.118839
v -0.224836 -12.504558 0.017501
v -0.218931 -12.395841 0.030086
v -0.218931 -12.504556 0.014262
v -0.224836 -12.395844 0.033325
v -0.218931 -12.3943 0.033327
v 1.039076 -12.40844 0.027166
v -0.218931 -12.504556 0.014262
v 1.038967 -12.482041 0.019479
v 1.154336 -12.439326 0.020008
v 1.154336 -12.479896 0.019975
v 1.038904 -12.406894 0.030408
v 1.154336 -12.437785 0.02325
v 1.154336 -12.439326 0.020008
v 1.16024 -12.439328 0.023249
v 1.16024 -12.439328 0.023249
v 1.154336 -12.479896 0.019975
v 1.154336 -12.439326 0.020008
v 1.16024 -12.479897 0.023216
v 1.154336 -12.481441 0.023214
v 1.038967 -12.482041 0.019479
v 1.154336 -12.479896 0.019975
v 1.038782 -12.483591 0.022717
v -0.218931 -12.506102 0.0175
v -0.218931 -12.504556 0.014262
v 1.16024 -12.479897 0.023216
v 1.16024 -12.479968 0.10837
v 1.154336 -12.481511 0.10837
v 1.154336 -12.481441 0.023214
v 1.034084 -12.483747 0.107851
v 1.038782 -12.483591 0.022717
v -0.218931 -12.506102 0.0175
v -0.218931 -12.50617 0.102655
v -0.224836 -12.504628 0.102656
v -0.224836 -12.504558 0.017501
v 1.16024 -12.479897 0.023216
v 1.16024 -12.439399 0.108403
v 1.16024 -12.479968 0.10837
v 1.16024 -12.439328 0.023249
v -0.224836 -12.504558 0.017501
v -0.224836 -12.395913 0.118481
v -0.224836 -12.395844 0.033325
v -0.224836 -12.504628 0.102656
v 1.154336 -12.481511 0.10837
v 1.16024 -12.479968 0.10837
v 1.154336 -12.47997 0.11161
v 1.034084 -12.483747 0.107851
v 1.033911 -12.482209 0.111091
v -0.218931 -12.50463 0.105896
v -0.218931 -12.50617 0.102655
v -0.224836 -12.504628 0.102656
v -0.224836 -12.395913 0.118481
v -0.218931 -12.395916 0.12172
v 1.034019 -12.408349 0.118839
v 1.154336 -12.47997 0.11161
v 1.154336 -12.439401 0.111643
v 1.16024 -12.479968 0.10837
v 1.16024 -12.439399 0.108403
v -0.218931 -12.394369 0.118481
v -0.224836 -12.395844 0.033325
v -0.224836 -12.395913 0.118481
v -0.218931 -12.3943 0.033327
v 1.034204 -12.406809 0.115599
v 1.038904 -12.406894 0.030408
v 1.154336 -12.437855 0.108405
v 1.154336 -12.437785 0.02325
v 1.16024 -12.439399 0.108403
v 1.16024 -12.439328 0.023249
v -0.218931 -12.395916 0.12172
v 1.034019 -12.408349 0.118839
v -0.177778 -12.079967 0.108697
v -0.177778 -12.079898 0.023543
v -0.171874 -12.081442 0.023541
v -0.171874 -12.081511 0.108696
v 0.470767 -12.081511 0.108696
v 0.48227 -12.081442 0.023541
v 1.204334 -12.081442 0.023541
v 1.204334 -12.081511 0.108696
v 1.210239 -12.079898 0.023543
v 1.210239 -12.079967 0.108697
v -0.171874 -12.008716 0.115483
v -0.177778 -12.010191 0.030327
v -0.177778 -12.01026 0.115482
v -0.171874 -12.008647 0.030328
v 0.471845 -11.997293 0.118131
v 0.483348 -11.997223 0.032976
v 1.204334 -12.037854 0.108731
v 1.204334 -12.037785 0.023576
v 1.204334 -12.037785 0.023576
v 1.210239 -12.039397 0.10873
v 1.210239 -12.039329 0.023576
v 1.204334 -12.037854 0.108731
v 1.204334 -12.0394 0.11197
v 1.210239 -12.079967 0.108697
v 1.210239 -12.039397 0.10873
v 1.204334 -12.07997 0.111937
v 0.471369 -11.998838 0.121369
v 0.470368 -12.07997 0.111937
v -0.171874 -12.07997 0.111937
v 0.470767 -12.081511 0.108696
v 1.204334 -12.07997 0.111937
v 1.204334 -12.081511 0.108696
v 1.210239 -12.079967 0.108697
v -0.171874 -12.010262 0.118721
v -0.177778 -12.01026 0.115482
v -0.177778 -12.079967 0.108697
v -0.171874 -12.081511 0.108696
v 0.471845 -11.997293 0.118131
v -0.171874 -12.008716 0.115483
v 0.471369 -11.998838 0.121369
v 1.204334 -12.0394 0.11197
v 1.204334 -12.037854 0.108731
v -0.171874 -12.010188 0.027088
v -0.177778 -12.010191 0.030327
v -0.171874 -12.008647 0.030328
v 0.483747 -11.998764 0.029735
v -0.171874 -12.079895 0.020302
v 0.482746 -12.079895 0.020302
v 1.204334 -12.039325 0.020335
v 1.204334 -12.079895 0.020302
v 0.483348 -11.997223 0.032976
v 1.204334 -12.037785 0.023576
v 1.204334 -12.039325 0.020335
v 1.210239 -12.039329 0.023576
v -0.177778 -12.079898 0.023543
v -0.171874 -12.010188 0.027088
v -0.171874 -12.079895 0.020302
v 1.210239 -12.039329 0.023576
v 1.204334 -12.079895 0.020302
v 1.204334 -12.039325 0.020335
v 1.210239 -12.079898 0.023543
v 1.204334 -12.081442 0.023541
v 0.482746 -12.079895 0.020302
v 1.204334 -12.079895 0.020302
v 0.48227 -12.081442 0.023541
v -0.171874 -12.081442 0.023541
v -0.171874 -12.079895 0.020302
v 1.210239 -12.079898 0.023543
v 1.210239 -12.039397 0.10873
v 1.210239 -12.079967 0.108697
v 1.210239 -12.039329 0.023576
v -0.177778 -12.079898 0.023543
v -0.177778 -12.01026 0.115482
v -0.177778 -12.010191 0.030327
v -0.177778 -12.079967 0.108697
v 0.871518 -11.679896 0.020627
v -0.029447 -11.711701 0.016855
v -0.029092 -11.710155 0.013616
v 0.871449 -11.681441 0.023866
v 1.154336 -11.681441 0.023866
v 1.154336 -11.679896 0.020627
v 1.154336 -11.639325 0.020661
v 1.154336 -11.679896 0.020627
v 0.871518 -11.679896 0.020627
v 0.871451 -11.591983 0.03969
v 1.154336 -11.637785 0.023902
v 1.16024 -11.639328 0.023901
v -0.029092 -11.710155 0.013616
v -0.027671 -11.632782 0.023291
v 0.871401 -11.590442 0.042362
v -0.171874 -11.679896 0.020627
v -0.171874 -11.639325 0.020661
v -0.171874 -11.637785 0.023902
v -0.027911 -11.631251 0.02645
v -0.177778 -11.639328 0.023901
v 1.154336 -11.637855 0.109057
v 1.154336 -11.637785 0.023902
v 0.871401 -11.590442 0.042362
v 0.869992 -11.5905 0.112541
v -0.027911 -11.631251 0.02645
v -0.035637 -11.631662 0.109512
v 0.869935 -11.592045 0.115211
v -0.035986 -11.633224 0.112676
v -0.171874 -11.6394 0.112295
v -0.171874 -11.637855 0.109057
v -0.171874 -11.637785 0.023902
v -0.177778 -11.639328 0.023901
v -0.177778 -11.639398 0.109055
v -0.171874 -11.681441 0.023866
v -0.029092 -11.710155 0.013616
v -0.029447 -11.711701 0.016855
v -0.171874 -11.679896 0.020627
v -0.177778 -11.679898 0.023868
v 1.154336 -11.6394 0.112295
v 0.869992 -11.5905 0.112541
v 0.869935 -11.592045 0.115211
v 1.154336 -11.6394 0.112295
v 1.16024 -11.679968 0.109022
v 1.16024 -11.639398 0.109055
v 1.154336 -11.67997 0.112262
v 0.869935 -11.592045 0.115211
v 0.869678 -11.67997 0.112262
v -0.035986 -11.633224 0.112676
v -0.037603 -11.71023 0.105251
v -0.171874 -11.67997 0.112262
v -0.171874 -11.6394 0.112295
v -0.177778 -11.639398 0.109055
v -0.177778 -11.679968 0.109022
v 1.16024 -11.639398 0.109055
v 1.16024 -11.639328 0.023901
v -0.177778 -11.679968 0.109022
v -0.177778 -11.679898 0.023868
v -0.171874 -11.681441 0.023866
v -0.171874 -11.681511 0.109022
v -0.037356 -11.71177 0.102009
v -0.029447 -11.711701 0.016855
v 0.871449 -11.681441 0.023866
v 0.869739 -11.681511 0.109022
v 1.154336 -11.681441 0.023866
v 1.154336 -11.681511 0.109022
v 1.16024 -11.679898 0.023868
v 1.16024 -11.679968 0.109022
v 1.16024 -11.639328 0.023901
v 1.154336 -11.679896 0.020627
v 1.16024 -11.679898 0.023868
v -0.177778 -11.679898 0.023868
v -0.171874 -11.679896 0.020627
v -0.177778 -11.639328 0.023901
v -0.171874 -11.681511 0.109022
v -0.171874 -11.67997 0.112262
v -0.177778 -11.679968 0.109022
v -0.037356 -11.71177 0.102009
v -0.037603 -11.71023 0.105251
v 0.869739 -11.681511 0.109022
v 0.869678 -11.67997 0.112262
v 1.154336 -11.67997 0.112262
v 1.154336 -11.681511 0.109022
v 1.16024 -11.679968 0.109022
v 1.16024 -11.679898 0.023868
v 1.16024 -11.639398 0.109055
v 1.16024 -11.679968 0.109022
v 1.16024 -11.639328 0.023901
v -0.177778 -11.679898 0.023868
v -0.177778 -11.639398 0.109055
v -0.177778 -11.639328 0.023901
v -0.177778 -11.679968 0.109022
v 1.154336 -11.239326 0.020988
v 1.154336 -11.237784 0.024228
v 1.16024 -11.239327 0.024228
v 0.887457 -11.210228 0.027731
v 0.887073 -11.208679 0.030974
v -0.001438 -11.20936 0.027931
v -0.001767 -11.207819 0.031173
v -0.171874 -11.237784 0.024228
v -0.171874 -11.239326 0.020988
v -0.177778 -11.239327 0.024228
v 0.030655 -11.289836 0.018651
v -0.171874 -11.279895 0.020955
v -0.171874 -11.239326 0.020988
v 0.888381 -11.282248 0.020409
v 1.154336 -11.239326 0.020988
v 1.154336 -11.279895 0.020955
v -0.171874 -11.237784 0.024228
v -0.007377 -11.207889 0.116327
v -0.001767 -11.207819 0.031173
v -0.171874 -11.237854 0.109384
v -0.177778 -11.239327 0.024228
v -0.177778 -11.239397 0.109382
v 1.16024 -11.279897 0.024195
v 1.16024 -11.239397 0.109382
v 1.16024 -11.279967 0.109349
v 1.16024 -11.239327 0.024228
v -0.177778 -11.279897 0.024195
v -0.177778 -11.239397 0.109382
v -0.177778 -11.239327 0.024228
v -0.177778 -11.279967 0.109349
v -0.007475 -11.209435 0.119566
v 0.877198 -11.210073 0.119418
v 0.87754 -11.208536 0.116178
v -0.001767 -11.207819 0.031173
v 0.887073 -11.208679 0.030974
v 1.154336 -11.237854 0.109384
v 1.154336 -11.237784 0.024228
v 1.16024 -11.239397 0.109382
v 1.16024 -11.239327 0.024228
v 1.154336 -11.2394 0.112623
v 0.877198 -11.210073 0.119418
v -0.171874 -11.281441 0.024193
v -0.171874 -11.279895 0.020955
v 0.030655 -11.289836 0.018651
v 0.030557 -11.291383 0.02189
v 0.888381 -11.282248 0.020409
v 0.88804 -11.283796 0.023647
v 1.154336 -11.281441 0.024193
v 1.154336 -11.279895 0.020955
v -0.171874 -11.2394 0.112623
v -0.007475 -11.209435 0.119566
v -0.007377 -11.207889 0.116327
v -0.171874 -11.237854 0.109384
v -0.177778 -11.239397 0.109382
v 1.154336 -11.2394 0.112623
v 1.16024 -11.279967 0.109349
v 1.16024 -11.239397 0.109382
v 1.154336 -11.279969 0.11259
v 0.877198 -11.210073 0.119418
v 0.878134 -11.2824 0.112026
v -0.007475 -11.209435 0.119566
v 0.024618 -11.289911 0.110285
v 0.878518 -11.283937 0.108786
v 1.154336 -11.279969 0.11259
v 1.154336 -11.281509 0.109348
v 1.16024 -11.279967 0.109349
v -0.171874 -11.279969 0.11259
v -0.171874 -11.2394 0.112623
v -0.177778 -11.239397 0.109382
v -0.177778 -11.279967 0.109349
v 0.024946 -11.291451 0.107044
v -0.171874 -11.279969 0.11259
v -0.171874 -11.281509 0.109348
v -0.177778 -11.279967 0.109349
v -0.177778 -11.279967 0.109349
v -0.177778 -11.279897 0.024195
v -0.171874 -11.281441 0.024193
v -0.171874 -11.281509 0.109348
v 0.024946 -11.291451 0.107044
v 0.030557 -11.291383 0.02189
v 0.88804 -11.283796 0.023647
v 0.878518 -11.283937 0.108786
v 1.154336 -11.281441 0.024193
v 1.154336 -11.281509 0.109348
v 1.16024 -11.279897 0.024195
v 1.16024 -11.279967 0.109349
v 1.16024 -11.239327 0.024228
v 1.154336 -11.279895 0.020955
v 1.154336 -11.239326 0.020988
v 1.16024 -11.279897 0.024195
v -0.177778 -11.279897 0.024195
v -0.171874 -11.239326 0.020988
v -0.171874 -11.279895 0.020955
v -0.177778 -11.239327 0.024228
v -0.171874 -10.879894 0.021281
v 1.154336 -10.839325 0.021314
v 1.154336 -10.933272 0.008911
v -0.171874 -10.839325 0.021314
v -0.171874 -10.837784 0.024554
v 1.154336 -10.837784 0.024554
v 1.16024 -10.839328 0.024554
v -0.177778 -10.839328 0.024554
v -0.171874 -10.8394 0.112948
v 1.154336 -10.8394 0.112948
v 1.154336 -10.837853 0.10971
v -0.171874 -10.837853 0.10971
v -0.171874 -10.837784 0.024554
v 1.154336 -10.837784 0.024554
v 1.16024 -10.839396 0.109708
v 1.16024 -10.839328 0.024554
v 1.154336 -10.8394 0.112948
v 1.16024 -10.933344 0.097306
v 1.16024 -10.839396 0.109708
v 1.154336 -10.933348 0.100546
v 1.154336 -10.934888 0.097304
v -0.171874 -10.87997 0.112914
v -0.171874 -10.881511 0.109674
v 1.154336 -10.934888 0.097304
v -0.171874 -10.8394 0.112948
v -0.177778 -10.839396 0.109708
v -0.177778 -10.879967 0.109675
v -0.177778 -10.879967 0.109675
v -0.177778 -10.839328 0.024554
v -0.177778 -10.839396 0.109708
v -0.171874 -10.837784 0.024554
v -0.177778 -10.879967 0.109675
v -0.177778 -10.879897 0.02452
v -0.171874 -10.881441 0.024519
v -0.171874 -10.881511 0.109674
v 1.154336 -10.934888 0.097304
v 1.154336 -10.934818 0.01215
v 1.16024 -10.933275 0.012151
v 1.16024 -10.933344 0.097306
v 1.154336 -10.934818 0.01215
v -0.171874 -10.879894 0.021281
v 1.154336 -10.933272 0.008911
v -0.171874 -10.881441 0.024519
v 1.154336 -10.933272 0.008911
v 1.154336 -10.839325 0.021314
v 1.16024 -10.933275 0.012151
v -0.177778 -10.879897 0.02452
v -0.171874 -10.879894 0.021281
v -0.177778 -10.839328 0.024554
v 1.16024 -10.933275 0.012151
v 1.16024 -10.839396 0.109708
v 1.16024 -10.933344 0.097306
v 1.16024 -10.839328 0.024554
v -0.177778 -10.879897 0.02452
v -0.177778 -10.839396 0.109708
v -0.177778 -10.839328 0.024554
v -0.177778 -10.879967 0.109675
v -0.171874 -10.479896 0.021606
v 1.154336 -10.439326 0.021639
v 1.154336 -10.479896 0.021606
v -0.171874 -10.439326 0.021639
v -0.171874 -10.439401 0.113274
v 1.154336 -10.439401 0.113274
v 1.154336 -10.437855 0.110035
v -0.171874 -10.437855 0.110035
v -0.171874 -10.437785 0.024881
v -0.177778 -10.439328 0.024879
v -0.177778 -10.439399 0.110034
v 1.154336 -10.437785 0.024881
v 1.16024 -10.439399 0.110034
v 1.16024 -10.439328 0.024879
v 1.154336 -10.439401 0.113274
v 1.16024 -10.479968 0.110001
v 1.16024 -10.439399 0.110034
v 1.154336 -10.47997 0.113241
v -0.171874 -10.47997 0.113241
v -0.171874 -10.439401 0.113274
v -0.177778 -10.439399 0.110034
v -0.177778 -10.479968 0.110001
v -0.177778 -10.479968 0.110001
v -0.177778 -10.479897 0.024846
v -0.171874 -10.481441 0.024845
v -0.171874 -10.481511 0.109999
v 1.154336 -10.481511 0.109999
v 1.154336 -10.481441 0.024845
v 1.16024 -10.479897 0.024846
v 1.16024 -10.479968 0.110001
v 1.154336 -10.481441 0.024845
v -0.171874 -10.479896 0.021606
v 1.154336 -10.479896 0.021606
v -0.171874 -10.481441 0.024845
v 1.16024 -10.439328 0.024879
v 1.154336 -10.479896 0.021606
v 1.154336 -10.439326 0.021639
v 1.16024 -10.479897 0.024846
v -0.177778 -10.479897 0.024846
v -0.171874 -10.439326 0.021639
v -0.171874 -10.479896 0.021606
v -0.177778 -10.439328 0.024879
v -0.171874 -10.481511 0.109999
v -0.171874 -10.47997 0.113241
v -0.177778 -10.479968 0.110001
v 1.154336 -10.47997 0.113241
v 1.154336 -10.481511 0.109999
v 1.16024 -10.479968 0.110001
v 1.154336 -10.439326 0.021639
v 1.154336 -10.437785 0.024881
v 1.16024 -10.439328 0.024879
v -0.171874 -10.437785 0.024881
v -0.171874 -10.439326 0.021639
v -0.177778 -10.439328 0.024879
v 1.16024 -10.479897 0.024846
v 1.16024 -10.439399 0.110034
v 1.16024 -10.479968 0.110001
v 1.16024 -10.439328 0.024879
v -0.177778 -10.479897 0.024846
v -0.177778 -10.439399 0.110034
v -0.177778 -10.439328 0.024879
v -0.177778 -10.479968 0.110001
v 1.154335 -10.079896 0.021932
v 1.16024 -10.079899 0.025172
v 1.154335 -10.081442 0.025171
v 0.974171 -10.112289 0.014426
v 0.973863 -10.113836 0.017665
v 1.154335 -10.039326 0.021965
v 1.154335 -10.037785 0.025207
v 1.16024 -10.039329 0.025205
v 0.974891 -9.992723 0.032765
v 0.974638 -9.991182 0.036006
v 0.341381 -10.018468 0.026799
v 0.341222 -10.016929 0.030039
v -0.21359 -9.971818 0.040493
v -0.21359 -9.973359 0.037252
v -0.219494 -9.973362 0.040491
v 0.974171 -10.112289 0.014426
v 0.34059 -10.094381 0.018576
v -0.21359 -10.079896 0.021932
v 1.154335 -10.079896 0.021932
v 1.16024 -10.079899 0.025172
v 1.16024 -10.039398 0.11036
v 1.16024 -10.079968 0.110327
v 1.16024 -10.039329 0.025205
v -0.219494 -10.079899 0.025172
v -0.219494 -9.973431 0.125647
v -0.219494 -9.973362 0.040491
v -0.219494 -10.079968 0.110327
v 0.966959 -9.992797 0.124399
v 0.336374 -10.017061 0.115179
v 0.336164 -10.018611 0.118418
v 0.967266 -9.991251 0.12116
v 0.341222 -10.016929 0.030039
v -0.21359 -9.971818 0.040493
v -0.21359 -9.971888 0.125648
v -0.219494 -9.973362 0.040491
v -0.219494 -9.973431 0.125647
v 0.974638 -9.991182 0.036006
v 1.154335 -10.037855 0.110361
v 1.154335 -10.037785 0.025207
v 1.16024 -10.039398 0.11036
v 1.16024 -10.039329 0.025205
v 0.966492 -10.113906 0.102819
v 0.966239 -10.112365 0.10606
v 0.335374 -10.094408 0.110221
v 0.335533 -10.09595 0.10698
v -0.21359 -10.07997 0.113567
v -0.21359 -10.081511 0.110326
v 0.974171 -10.112289 0.014426
v 0.973863 -10.113836 0.017665
v 0.34038 -10.095925 0.021815
v 0.34059 -10.094381 0.018576
v -0.21359 -10.081442 0.025171
v -0.21359 -10.079896 0.021932
v 1.154335 -10.039401 0.1136
v 0.967266 -9.991251 0.12116
v 0.966959 -9.992797 0.124399
v 1.154335 -10.037855 0.110361
v 1.16024 -10.039398 0.11036
v -0.21359 -9.973433 0.128886
v -0.21359 -9.971888 0.125648
v 0.336164 -10.018611 0.118418
v 1.154335 -10.039401 0.1136
v 1.16024 -10.079968 0.110327
v 1.16024 -10.039398 0.11036
v 1.154335 -10.07997 0.113567
v 0.966959 -9.992797 0.124399
v 0.966492 -10.113906 0.102819
v 1.154335 -10.081511 0.110326
v 1.16024 -10.079968 0.110327
v 0.336164 -10.018611 0.118418
v 0.335374 -10.094408 0.110221
v -0.21359 -10.07997 0.113567
v -0.21359 -9.973433 0.128886
v -0.219494 -9.973431 0.125647
v -0.219494 -10.079968 0.110327
v -0.219494 -10.079968 0.110327
v -0.219494 -10.079899 0.025172
v -0.21359 -10.081442 0.025171
v -0.21359 -10.081511 0.110326
v 0.335533 -10.09595 0.10698
v 0.34038 -10.095925 0.021815
v 0.973863 -10.113836 0.017665
v 0.966492 -10.113906 0.102819
v 1.154335 -10.081442 0.025171
v 1.154335 -10.081511 0.110326
v 1.16024 -10.079899 0.025172
v 1.16024 -10.079968 0.110327
v 1.16024 -10.039329 0.025205
v 1.154335 -10.079896 0.021932
v 1.16024 -10.079899 0.025172
v -0.219494 -10.079899 0.025172
v -0.21359 -9.973359 0.037252
v -0.21359 -10.079896 0.021932
v 1.192016 -6.081513 0.113587
v 1.19792 -6.07997 0.113588
v 1.192016 -6.079972 0.116828
v 1.002118 -6.140323 0.099959
v 1.001927 -6.138782 0.103201
v -0.171874 -6.079972 0.116828
v -0.171874 -6.081513 0.113587
v -0.177778 -6.07997 0.113588
v 1.002187 -6.039402 0.116861
v -0.171874 -6.039402 0.116861
v -0.177778 -6.0394 0.113621
v -0.177778 -6.07997 0.113588
v 1.192016 -6.039402 0.116861
v 1.19792 -6.07997 0.113588
v 1.19792 -6.0394 0.113621
v -0.177778 -6.0799 0.028434
v -0.171874 -6.039327 0.025227
v -0.171874 -6.079898 0.025194
v -0.177778 -6.03933 0.028467
v 1.19792 -6.03933 0.028467
v 1.192016 -6.079898 0.025194
v 1.192016 -6.039327 0.025227
v 1.19792 -6.0799 0.028434
v 1.192016 -6.081444 0.028432
v 1.0074 -6.140254 0.014804
v 1.007611 -6.138708 0.011566
v 1.192016 -6.079898 0.025194
v 1.19792 -6.0799 0.028434
v 1.19792 -6.0799 0.028434
v 1.19792 -6.07997 0.113588
v 1.192016 -6.081513 0.113587
v 1.192016 -6.081444 0.028432
v 1.0074 -6.140254 0.014804
v -0.171874 -6.081444 0.028432
v -0.171874 -6.081513 0.113587
v -0.177778 -6.07997 0.113588
v -0.177778 -6.0799 0.028434
v -0.171874 -6.037857 0.113623
v -0.177778 -6.03933 0.028467
v -0.177778 -6.0394 0.113621
v -0.171874 -6.037786 0.028468
v 1.002398 -6.037857 0.113623
v 1.00768 -6.037786 0.028468
v 1.192016 -6.037857 0.113623
v 1.192016 -6.037786 0.028468
v 1.19792 -6.0394 0.113621
v 1.19792 -6.03933 0.028467
v -0.171874 -6.039402 0.116861
v 1.002187 -6.039402 0.116861
v 1.192016 -6.039402 0.116861
v -0.171874 -6.081444 0.028432
v 1.007611 -6.138708 0.011566
v 1.0074 -6.140254 0.014804
v -0.171874 -6.079898 0.025194
v 1.192016 -6.039327 0.025227
v 1.192016 -6.079898 0.025194
v 1.007611 -6.138708 0.011566
v 1.007871 -6.039327 0.025227
v 1.192016 -6.037786 0.028468
v 1.19792 -6.03933 0.028467
v -0.171874 -6.079898 0.025194
v -0.171874 -6.037786 0.028468
v 1.00768 -6.037786 0.028468
v -0.177778 -6.03933 0.028467
v -0.177778 -6.0799 0.028434
v -0.177778 -6.0394 0.113621
v -0.177778 -6.03933 0.028467
v -0.177778 -6.07997 0.113588
v 1.19792 -6.0799 0.028434
v 1.19792 -6.0394 0.113621
v 1.19792 -6.07997 0.113588
v 1.19792 -6.03933 0.028467
v 1.154335 -5.681513 0.113913
v 1.160239 -5.67997 0.113914
v 1.154335 -5.679973 0.117154
v 0.051216 -5.722192 0.104486
v 0.050832 -5.720651 0.107728
v -0.171874 -5.679973 0.117154
v -0.171874 -5.681513 0.113913
v -0.177779 -5.67997 0.113914
v -0.177779 -5.679901 0.028759
v -0.171874 -5.639328 0.025553
v -0.171874 -5.679898 0.02552
v -0.177779 -5.63933 0.028792
v 1.160239 -5.63933 0.028792
v 1.154335 -5.679898 0.02552
v 1.154335 -5.639328 0.025553
v 1.160239 -5.679901 0.028759
v 1.154335 -5.681443 0.028759
v 0.063414 -5.720576 0.016093
v 1.154335 -5.679898 0.02552
v 0.062909 -5.722123 0.019332
v 1.160239 -5.679901 0.028759
v 1.160239 -5.67997 0.113914
v 1.154335 -5.681513 0.113913
v 1.154335 -5.681443 0.028759
v 0.051216 -5.722192 0.104486
v 0.062909 -5.722123 0.019332
v -0.171874 -5.681443 0.028759
v -0.171874 -5.681513 0.113913
v -0.177779 -5.67997 0.113914
v -0.177779 -5.679901 0.028759
v -0.171874 -5.679973 0.117154
v -0.177779 -5.6394 0.113947
v -0.177779 -5.67997 0.113914
v -0.171874 -5.639402 0.117187
v 0.052435 -5.639402 0.117187
v 0.050832 -5.720651 0.107728
v 1.154335 -5.679973 0.117154
v 1.154335 -5.639402 0.117187
v 1.160239 -5.67997 0.113914
v 1.160239 -5.6394 0.113947
v -0.171874 -5.637856 0.113949
v -0.177779 -5.63933 0.028792
v -0.177779 -5.6394 0.113947
v -0.171874 -5.637787 0.028793
v 0.052941 -5.637856 0.113949
v 0.064634 -5.637787 0.028793
v 1.154335 -5.637856 0.113949
v 1.154335 -5.637787 0.028793
v 1.160239 -5.6394 0.113947
v 1.160239 -5.63933 0.028792
v -0.171874 -5.639402 0.117187
v 0.052435 -5.639402 0.117187
v 1.154335 -5.639402 0.117187
v -0.171874 -5.681443 0.028759
v 0.063414 -5.720576 0.016093
v 0.062909 -5.722123 0.019332
v -0.171874 -5.679898 0.02552
v -0.177779 -5.679901 0.028759
v 1.154335 -5.639328 0.025553
v 1.154335 -5.679898 0.02552
v 0.063414 -5.720576 0.016093
v 0.065017 -5.639328 0.025553
v -0.171874 -5.679898 0.02552
v -0.171874 -5.639328 0.025553
v -0.177779 -5.679901 0.028759
v -0.177779 -5.6394 0.113947
v -0.177779 -5.63933 0.028792
v -0.177779 -5.67997 0.113914
v 1.160239 -5.679901 0.028759
v 1.160239 -5.6394 0.113947
v 1.160239 -5.67997 0.113914
v 1.160239 -5.63933 0.028792
v -0.171874 -5.639328 0.025553
v -0.177779 -5.63933 0.028792
v -0.171874 -5.637787 0.028793
v 0.065017 -5.639328 0.025553
v 0.064634 -5.637787 0.028793
v 1.154335 -5.637787 0.028793
v 1.154335 -5.639328 0.025553
v 1.160239 -5.63933 0.028792
v 1.16024 -13.239328 0.022598
v 1.154336 -13.279895 0.019324
v 1.154336 -13.239326 0.019357
v 1.16024 -13.279898 0.022565
v 1.154336 -13.281442 0.022563
v 0.740202 -13.297656 0.015208
v 1.154336 -13.279895 0.019324
v 0.740115 -13.299203 0.018447
v -0.064209 -13.284374 0.021883
v -0.064014 -13.282828 0.018645
v -0.171873 -13.281442 0.022563
v -0.171873 -13.279895 0.019324
v 1.16024 -13.279898 0.022565
v 1.16024 -13.279967 0.107719
v 1.154336 -13.28151 0.107717
v 1.154336 -13.281442 0.022563
v 0.738221 -13.299273 0.103602
v 0.740115 -13.299203 0.018447
v -0.069187 -13.284444 0.107038
v -0.064209 -13.284374 0.021883
v -0.171873 -13.281442 0.022563
v -0.171873 -13.28151 0.107717
v -0.177778 -13.279967 0.107719
v -0.177778 -13.279898 0.022565
v -0.171873 -13.27997 0.110959
v -0.177778 -13.239397 0.107752
v -0.177778 -13.279967 0.107719
v -0.171873 -13.2394 0.110992
v -0.069203 -13.203237 0.119372
v -0.06937 -13.282903 0.110279
v 0.738165 -13.297731 0.106843
v 0.738637 -13.244013 0.109922
v 1.154336 -13.27997 0.110959
v 1.154336 -13.2394 0.110992
v 1.16024 -13.279967 0.107719
v 1.16024 -13.239397 0.107752
v 1.154336 -13.27997 0.110959
v 1.154336 -13.28151 0.107717
v 1.16024 -13.279967 0.107719
v -0.069187 -13.284444 0.107038
v -0.171873 -13.27997 0.110959
v -0.171873 -13.28151 0.107717
v -0.177778 -13.279967 0.107719
v -0.171873 -13.237853 0.107754
v -0.171873 -13.237784 0.022598
v -0.177778 -13.239328 0.022598
v -0.177778 -13.239397 0.107752
v -0.171873 -13.2394 0.110992
v 1.154336 -13.237784 0.022598
v 1.16024 -13.239397 0.107752
v 1.16024 -13.239328 0.022598
v 1.154336 -13.237853 0.107754
v 0.740618 -13.242404 0.021528
v 0.738725 -13.242467 0.106684
v 1.154336 -13.2394 0.110992
v 0.738637 -13.244013 0.109922
v -0.069007 -13.20169 0.116134
v -0.069203 -13.203237 0.119372
v -0.06403 -13.207151 0.054848
v -0.171873 -13.237784 0.022598
v -0.06403 -13.207151 0.054848
v -0.063847 -13.208693 0.051607
v -0.171873 -13.279895 0.019324
v -0.064014 -13.282828 0.018645
v 0.740674 -13.243945 0.018287
v 0.740202 -13.297656 0.015208
v 1.154336 -13.239326 0.019357
v 1.154336 -13.279895 0.019324
v 0.740618 -13.242404 0.021528
v 1.154336 -13.237784 0.022598
v 1.154336 -13.239326 0.019357
v 1.16024 -13.239328 0.022598
v -0.06403 -13.207151 0.054848
v -0.177778 -13.279898 0.022565
v -0.171873 -13.279895 0.019324
v -0.177778 -13.239328 0.022598
v -0.171873 -13.2394 0.110992
v -0.171873 -13.237853 0.107754
v -0.069203 -13.203237 0.119372
v -0.177778 -13.279898 0.022565
v -0.177778 -13.239397 0.107752
v -0.177778 -13.239328 0.022598
v -0.177778 -13.279967 0.107719
v 1.16024 -13.279898 0.022565
v 1.16024 -13.239397 0.107752
v 1.16024 -13.279967 0.107719
v 1.16024 -13.239328 0.022598
v -0.171873 -13.237784 0.022598
v -0.069007 -13.20169 0.116134
v -0.06403 -13.207151 0.054848
v -0.171873 -13.237853 0.107754
v 0.850512 2.213743 0.033664
v 0.834716 2.243544 0.041363
v 0.885692 2.01845 0.041763
v 0.909182 2.019725 0.035579
v 0.854594 2.214818 0.011166
v 0.909539 2.035505 0.005839
v 0.957897 1.860543 0.03715
v 0.958306 1.877614 0.001149
v 1.009913 1.656179 0.039168
v 1.009941 1.674909 -0.004873
v 0.92263 1.859533 0.042046
v 0.957897 1.860543 0.03715
v 0.960464 1.65551 0.042409
v 1.009913 1.656179 0.039168
v 0.986045 1.586539 0.042532
v 1.034078 1.547505 0.04024
v 0.991138 1.547018 0.042602
v 0.996174 1.489049 0.038737
v 0.992763 1.393552 0.03237
v 1.057614 1.39385 0.030925
v 0.993941 1.1992 0.021904
v 1.098599 1.199423 0.023761
v 0.980081 1.080364 0.033751
v 1.049596 1.080364 0.033751
v 0.980081 0.968349 0.034506
v 1.049596 0.968349 0.034506
v 1.034078 1.547505 0.04024
v 1.033904 1.567116 -0.008075
v 1.057614 1.39385 0.030925
v 1.057229 1.414381 -0.021846
v 1.098599 1.199423 0.023761
v 1.102681 1.200497 -0.036654
v 1.102681 1.200497 -0.036654
v 0.998024 1.200274 -0.038511
v 0.993719 1.414101 -0.020491
v 1.057229 1.414381 -0.021846
v 0.997415 1.488882 -0.013364
v 1.033904 1.567116 -0.008075
v 0.992237 1.566678 -0.005951
v 0.992968 1.585536 -0.00526
v 0.9617 1.674318 -0.002011
v 1.009941 1.674909 -0.004873
v 0.924124 1.876737 0.005399
v 0.958306 1.877614 0.001149
v 0.887094 2.034405 0.01117
v 0.909539 2.035505 0.005839
v 0.838799 2.244617 0.018864
v 0.854594 2.214818 0.011166
v 0.980081 1.080364 0.033751
v 0.984164 0.969423 -0.05238
v 0.980081 0.968349 0.034506
v 0.984164 1.081438 -0.053135
v 0.993941 1.1992 0.021904
v 0.998024 1.200274 -0.038511
v 0.992763 1.393552 0.03237
v 0.993719 1.414101 -0.020491
v 0.996174 1.489049 0.038737
v 0.997415 1.488882 -0.013364
v 0.991138 1.547018 0.042602
v 0.992237 1.566678 -0.005951
v 0.986045 1.586539 0.042532
v 0.992968 1.585536 -0.00526
v 0.960464 1.65551 0.042409
v 0.9617 1.674318 -0.002011
v 0.92263 1.859533 0.042046
v 0.924124 1.876737 0.005399
v 0.885692 2.01845 0.041763
v 0.887094 2.034405 0.01117
v 0.834716 2.243544 0.041363
v 0.838799 2.244617 0.018864
v 1.053679 1.081438 -0.053135
v 1.049596 0.968349 0.034506
v 1.053679 0.969423 -0.05238
v 1.049596 1.080364 0.033751
v 1.102681 1.200497 -0.036654
v 0.984164 1.081438 -0.053135
v 1.053679 0.969423 -0.05238
v 0.984164 0.969423 -0.05238
v 1.053679 1.081438 -0.053135
v 0.850512 2.213743 0.033664
v 0.838799 2.244617 0.018864
v 0.834716 2.243544 0.041363
v 0.854594 2.214818 0.011166
v 1.053679 1.081438 -0.053135
v 0.998024 1.200274 -0.038511
v 1.102681 1.200497 -0.036654
v 0.984164 1.081438 -0.053135
v 0.984164 0.969423 -0.05238
v 1.049596 0.968349 0.034506
v 0.980081 0.968349 0.034506
v 1.053679 0.969423 -0.05238
v 1.026488 -13.746548 0.058919
v 1.026488 1.044224 -0.062494
v 1.026488 1.008618 0.065896
v 1.026488 -13.746443 -0.0695
v 0.956972 -13.791496 0.058919
v 0.956972 1.044224 -0.062494
v 0.956972 -13.809538 -0.0695
v 0.956972 1.008618 0.065896
v 1.026488 -13.746548 0.058919
v 0.956972 1.008618 0.065896
v 0.956972 -13.791496 0.058919
v 1.026488 1.008618 0.065896
v 1.026488 -13.746548 0.058919
v 0.956972 -13.809538 -0.0695
v 1.026488 -13.746443 -0.0695
v 0.956972 -13.791496 0.058919
v 1.026488 -13.746443 -0.0695
v 0.956972 1.044224 -0.062494
v 1.026488 1.044224 -0.062494
v 0.956972 -13.809538 -0.0695
v 0.956972 1.044224 -0.062494
v 1.026488 1.008618 0.065896
v 1.026488 1.044224 -0.062494
v 0.956972 1.008618 0.065896
v -0.043028 1.044224 -0.062494
v 0.026488 1.008618 0.065897
v 0.026488 1.044224 -0.062494
v -0.043028 1.008618 0.065897
v -0.043028 -13.773077 -0.0695
v 0.026488 1.044224 -0.062494
v 0.026488 -13.809538 -0.0695
v -0.043028 1.044224 -0.062494
v -0.043028 -13.773077 -0.0695
v 0.026488 -13.78646 0.058919
v -0.043028 -13.773182 0.058919
v 0.026488 -13.809538 -0.0695
v -0.043028 -13.773077 -0.0695
v -0.043028 1.008618 0.065897
v -0.043028 1.044224 -0.062494
v -0.043028 -13.773182 0.058919
v 0.026488 -13.809538 -0.0695
v 0.026488 1.008618 0.065897
v 0.026488 -13.78646 0.058919
v 0.026488 1.044224 -0.062494
v -0.043028 -13.773182 0.058919
v 0.026488 1.008618 0.065897
v -0.043028 1.008618 0.065897
v 0.026488 -13.78646 0.058919
v -0.06618 0.960751 -0.055063
v -0.001711 0.958894 0.032331
v -0.062018 0.959083 0.031856
v -0.005873 0.960562 -0.054588
v -0.005873 1.072577 -0.055343
v -0.001711 0.958894 0.032331
v -0.005873 0.960562 -0.054588
v -0.001711 1.070909 0.031576
v -0.011944 1.191417 -0.040648
v -0.007783 1.189749 0.019799
v -0.06618 1.072766 -0.055818
v -0.005873 0.960562 -0.054588
v -0.06618 0.960751 -0.055063
v -0.005873 1.072577 -0.055343
v -0.110853 1.191606 -0.041123
v -0.011944 1.191417 -0.040648
v -0.091377 1.338654 -0.027716
v -0.032553 1.287423 -0.022248
v -0.01338 1.348403 -0.025197
v 0.011977 1.558654 -0.011773
v -0.050341 1.559362 -0.015207
v 0.02726 1.871023 -0.011619
v 0.056291 1.869924 -0.006291
v 0.066721 2.029505 -0.009795
v 0.09275 2.028207 -0.003504
v 0.094316 2.140333 -0.008519
v 0.117032 2.169367 -0.001019
v -0.001711 1.070909 0.031576
v -0.062018 0.959083 0.031856
v -0.001711 0.958894 0.032331
v -0.062018 1.071098 0.031101
v -0.062018 1.071098 0.031101
v -0.06618 0.960751 -0.055063
v -0.062018 0.959083 0.031856
v -0.06618 1.072766 -0.055818
v -0.106691 1.189938 0.019324
v -0.110853 1.191606 -0.041123
v -0.091671 1.31698 0.027754
v -0.091377 1.338654 -0.027716
v -0.050341 1.559362 -0.015207
v -0.050362 1.539277 0.032559
v 0.027712 1.853685 0.02283
v 0.02726 1.871023 -0.011619
v 0.067413 2.013564 0.017882
v 0.066721 2.029505 -0.009795
v 0.098478 2.138665 0.014011
v 0.094316 2.140333 -0.008519
v 0.121194 2.167699 0.021512
v 0.094555 2.012045 0.025244
v 0.027712 1.853685 0.02283
v 0.058 1.852398 0.029072
v -0.050362 1.539277 0.032559
v 0.013499 1.538444 0.036599
v -0.011959 1.326729 0.030273
v -0.091671 1.31698 0.027754
v -0.03056 1.282983 0.036105
v -0.106691 1.189938 0.019324
v -0.007783 1.189749 0.019799
v -0.01338 1.348403 -0.025197
v -0.03056 1.282983 0.036105
v -0.032553 1.287423 -0.022248
v -0.011959 1.326729 0.030273
v 0.013499 1.538444 0.036599
v 0.011977 1.558654 -0.011773
v 0.056291 1.869924 -0.006291
v 0.058 1.852398 0.029072
v 0.09275 2.028207 -0.003504
v 0.094555 2.012045 0.025244
v 0.117032 2.169367 -0.001019
v 0.121194 2.167699 0.021512
v -0.007783 1.189749 0.019799
v -0.032553 1.287423 -0.022248
v -0.03056 1.282983 0.036105
v -0.011944 1.191417 -0.040648
v -0.007783 1.189749 0.019799
v -0.106691 1.189938 0.019324
v -0.001711 1.070909 0.031576
v 0.094316 2.140333 -0.008519
v 0.121194 2.167699 0.021512
v 0.117032 2.169367 -0.001019
v 0.098478 2.138665 0.014011

# 6609 Texture Coordinates
vt -0.078088 0.90198
vt -0.079518 0.902337
vt -0.078088 0.902164
vt 0.24293 0.906954
vt 0.244359 0.907126
vt 0.24293 0.90677
vt -0.079518 0.921041
vt -0.078088 0.921214
vt -0.078088 0.921398
vt 0.244359 0.936534
vt 0.24293 0.93689
vt 0.24293 0.936706
vt -0.083726 0.916913
vt -0.085353 0.917319
vt -0.083726 0.917122
vt 0.281619 0.917122
vt 0.283246 0.917319
vt 0.281619 0.916913
vt -0.085353 0.945482
vt -0.083726 0.945678
vt -0.083726 0.945887
vt 0.283246 0.933154
vt 0.281619 0.93356
vt 0.281619 0.933351
vt 0.540407 0.906264
vt 0.540407 0.906781
vt 0.53901 0.906612
vt 0.53901 0.915778
vt 0.540407 0.915947
vt 0.540407 0.916127
vt 0.540407 0.901822
vt 0.53901 0.902171
vt 0.540407 0.902001
vt 0.864202 0.902001
vt 0.865599 0.902171
vt 0.864202 0.901822
vt 0.568983 0.9461
vt 0.570372 0.946268
vt 0.570372 0.946447
vt 0.883575 0.929309
vt 0.882186 0.929655
vt 0.882186 0.929476
vt 0.570372 0.915447
vt 0.568983 0.915793
vt 0.570372 0.915625
vt 0.882186 0.915625
vt 0.883575 0.915793
vt 0.882186 0.915447
vt 0.497925 0.936302
vt 0.496509 0.936655
vt 0.497925 0.936484
vt 0.81593 0.936484
vt 0.817346 0.936655
vt 0.81593 0.936302
vt 0.342005 0.888457
vt 0.343627 0.888653
vt 0.343627 0.888862
vt 0.72086 0.888457
vt 0.719238 0.888862
vt 0.719238 0.888653
vt 0.343627 0.872265
vt 0.342005 0.87267
vt 0.343627 0.872474
vt 0.719238 0.872474
vt 0.72086 0.87267
vt 0.719238 0.872265
vt 0.604121 0.900037
vt 0.604121 0.900441
vt 0.603029 0.900309
vt 0.603029 0.907473
vt 0.604121 0.907605
vt 0.604121 0.907745
vt 0.604121 0.896565
vt 0.603029 0.896838
vt 0.604121 0.896706
vt 0.857174 0.896706
vt 0.858267 0.896838
vt 0.857174 0.896565
vt 0.875305 0.926318
vt 0.873973 0.926651
vt 0.873973 0.926479
vt 0.573395 0.926318
vt 0.574727 0.926479
vt 0.574727 0.926651
vt 0.873973 0.913186
vt 0.875305 0.913347
vt 0.873973 0.913015
vt 0.789536 0.93958
vt 0.79124 0.939786
vt 0.789536 0.939361
vt 0.406827 0.939361
vt 0.405123 0.939786
vt 0.406827 0.93958
vt 0.79124 0.956375
vt 0.789536 0.9568
vt 0.789536 0.956581
vt 0.388195 0.905812
vt 0.386988 0.906113
vt 0.386988 0.905958
vt 0.114695 0.905812
vt 0.115902 0.905958
vt 0.115902 0.906113
vt 0.386988 0.882945
vt 0.388195 0.883091
vt 0.386988 0.88279
vt 0.115902 0.89376
vt 0.114695 0.894061
vt 0.115902 0.893916
vt 0.509274 0.913988
vt 0.507722 0.914375
vt 0.507722 0.914176
vt 0.157678 0.913988
vt 0.15923 0.914176
vt 0.15923 0.914375
vt 0.507722 0.898695
vt 0.509274 0.898883
vt 0.507722 0.898496
vt 0.15923 0.898496
vt 0.157678 0.898883
vt 0.15923 0.898695
vt 0.058003 0.894048
vt 0.056697 0.894374
vt 0.058003 0.894216
vt 0.056697 0.921748
vt 0.058003 0.921906
vt 0.058003 0.922074
vt 0.382734 0.918814
vt 0.382734 0.919326
vt 0.381354 0.919159
vt 0.381354 0.928211
vt 0.382734 0.928378
vt 0.382734 0.928555
vt 0.694151 0.928211
vt 0.69277 0.928555
vt 0.69277 0.928378
vt 0.382734 0.914428
vt 0.381354 0.914772
vt 0.382734 0.914605
vt 0.69277 0.914605
vt 0.694151 0.914772
vt 0.69277 0.914428
vt -0.078088 0.90198
vt -0.079518 0.902337
vt -0.078088 0.902164
vt 0.24293 0.906954
vt 0.244359 0.907126
vt 0.24293 0.90677
vt -0.079518 0.921041
vt -0.078088 0.921214
vt -0.078088 0.921398
vt 0.244359 0.936534
vt 0.24293 0.93689
vt 0.24293 0.936706
vt -0.083726 0.916913
vt -0.085353 0.917319
vt -0.083726 0.917122
vt 0.281619 0.917122
vt 0.283246 0.917319
vt 0.281619 0.916913
vt -0.085353 0.945482
vt -0.083726 0.945678
vt -0.083726 0.945887
vt 0.283246 0.933154
vt 0.281619 0.93356
vt 0.281619 0.933351
vt 0.540407 0.906264
vt 0.540407 0.906781
vt 0.53901 0.906612
vt 0.53901 0.915778
vt 0.540407 0.915947
vt 0.540407 0.916127
vt 0.540407 0.901822
vt 0.53901 0.902171
vt 0.540407 0.902001
vt 0.864202 0.902001
vt 0.865599 0.902171
vt 0.864202 0.901822
vt 0.568983 0.9461
vt 0.570372 0.946268
vt 0.570372 0.946447
vt 0.883575 0.929309
vt 0.882186 0.929655
vt 0.882186 0.929476
vt 0.570372 0.915447
vt 0.568983 0.915793
vt 0.570372 0.915625
vt 0.882186 0.915625
vt 0.883575 0.915793
vt 0.882186 0.915447
vt 0.497925 0.936302
vt 0.496509 0.936655
vt 0.497925 0.936484
vt 0.81593 0.936484
vt 0.817346 0.936655
vt 0.81593 0.936302
vt 0.342005 0.888457
vt 0.343627 0.888653
vt 0.343627 0.888862
vt 0.72086 0.888457
vt 0.719238 0.888862
vt 0.719238 0.888653
vt 0.343627 0.872265
vt 0.342005 0.87267
vt 0.343627 0.872474
vt 0.719238 0.872474
vt 0.72086 0.87267
vt 0.719238 0.872265
vt 0.382734 0.918814
vt 0.382734 0.919326
vt 0.381354 0.919159
vt 0.381354 0.928211
vt 0.382734 0.928378
vt 0.382734 0.928555
vt 0.694151 0.928211
vt 0.69277 0.928555
vt 0.69277 0.928378
vt 0.382734 0.914428
vt 0.381354 0.914772
vt 0.382734 0.914605
vt 0.69277 0.914605
vt 0.694151 0.914772
vt 0.69277 0.914428
vt 0.423271 0.918419
vt 0.42452 0.91857
vt 0.42452 0.918731
vt 0.715034 0.918419
vt 0.713786 0.918731
vt 0.713786 0.91857
vt 0.713786 0.90611
vt 0.715034 0.906261
vt 0.713786 0.90595
vt 0.423271 0.918419
vt 0.42452 0.91857
vt 0.42452 0.918731
vt 0.715034 0.918419
vt 0.713786 0.918731
vt 0.713786 0.91857
vt 0.713786 0.90611
vt 0.715034 0.906261
vt 0.713786 0.90595
vt 0.604121 0.900037
vt 0.604121 0.900441
vt 0.603029 0.900309
vt 0.603029 0.907473
vt 0.604121 0.907605
vt 0.604121 0.907745
vt 0.604121 0.896565
vt 0.603029 0.896838
vt 0.604121 0.896706
vt 0.857174 0.896706
vt 0.858267 0.896838
vt 0.857174 0.896565
vt 0.000163 0.911116
vt -0.001792 0.911604
vt 0.000163 0.911367
vt 0.441186 0.930635
vt 0.43923 0.931122
vt 0.43923 0.930871
vt -0.001792 0.930635
vt 0.000163 0.930871
vt 0.000163 0.931122
vt 0.160671 0.955714
vt 0.162198 0.955899
vt 0.162198 0.956095
vt 0.517345 0.929355
vt 0.518873 0.92954
vt 0.517345 0.929159
vt 0.162198 0.922747
vt 0.160671 0.923128
vt 0.162198 0.922943
vt 0.152572 0.926257
vt 0.151008 0.926647
vt 0.152572 0.926458
vt 0.151008 0.949624
vt 0.152572 0.949813
vt 0.152572 0.946664
vt 0.518507 0.941867
vt 0.516944 0.932489
vt 0.516944 0.942056
vt 0.516944 0.926458
vt 0.518507 0.926647
vt 0.516944 0.926257
vt 0.875305 0.926318
vt 0.873973 0.926651
vt 0.873973 0.926479
vt 0.573395 0.926318
vt 0.574727 0.926479
vt 0.574727 0.926651
vt 0.873973 0.913186
vt 0.875305 0.913347
vt 0.873973 0.913015
vt 0.789536 0.93958
vt 0.79124 0.939786
vt 0.789536 0.939361
vt 0.406827 0.939361
vt 0.405123 0.939786
vt 0.406827 0.93958
vt 0.79124 0.956375
vt 0.789536 0.9568
vt 0.789536 0.956581
vt 0.388195 0.905812
vt 0.386988 0.906113
vt 0.386988 0.905958
vt 0.114695 0.905812
vt 0.115902 0.905958
vt 0.115902 0.906113
vt 0.386988 0.882945
vt 0.388195 0.883091
vt 0.386988 0.88279
vt 0.115902 0.89376
vt 0.114695 0.894061
vt 0.115902 0.893916
vt 0.509274 0.913988
vt 0.507722 0.914375
vt 0.507722 0.914176
vt 0.157678 0.913988
vt 0.15923 0.914176
vt 0.15923 0.914375
vt 0.507722 0.898695
vt 0.509274 0.898883
vt 0.507722 0.898496
vt 0.15923 0.898496
vt 0.157678 0.898883
vt 0.15923 0.898695
vt 0.058003 0.894048
vt 0.056697 0.894374
vt 0.058003 0.894216
vt 0.056697 0.921748
vt 0.058003 0.921906
vt 0.058003 0.922074
vt 0.01121 0.909305
vt 0.012908 0.90951
vt 0.012908 0.909728
vt 0.406753 0.909305
vt 0.405056 0.909728
vt 0.405056 0.90951
vt 0.012908 0.892353
vt 0.01121 0.892777
vt 0.012908 0.892572
vt 0.041039 0.923074
vt 0.042868 0.923295
vt 0.042868 0.92353
vt 0.455534 0.923074
vt 0.453705 0.92353
vt 0.453705 0.923295
vt 0.453705 0.905045
vt 0.455534 0.905266
vt 0.453705 0.904809
vt 1.021077 0.938905
vt 1.018814 0.939469
vt 1.018814 0.939178
vt 0.510603 0.916312
vt 0.508341 0.916876
vt 0.510603 0.916603
vt 0.510603 0.931441
vt 0.508341 0.969756
vt 0.510603 0.989958
vt 1.018814 0.916603
vt 1.021077 0.916876
vt 1.018814 0.916312
vt -0.066613 1.007773
vt -0.053715 0.992144
vt -0.053691 1.007767
vt -0.066613 1.007773
vt -0.066637 0.99215
vt -0.053715 0.992144
vt -0.066637 0.99215
vt -0.053691 1.007767
vt -0.066613 1.007773
vt -0.066637 0.99215
vt -0.053715 0.992144
vt -0.053691 1.007767
vt 0.24293 0.931819
vt 0.24293 0.956498
vt 0.244359 0.956141
vt 0.244359 0.956141
vt 0.24293 0.906954
vt 0.24293 0.931819
vt 0.244359 0.956141
vt 0.244359 0.907126
vt 0.24293 0.906954
vt -0.078088 0.906522
vt -0.078088 0.907051
vt -0.079518 0.906879
vt -0.078088 0.907051
vt -0.079518 0.921041
vt -0.079518 0.906879
vt -0.078088 0.907051
vt -0.078088 0.921214
vt -0.079518 0.921041
vt -0.078088 0.907051
vt 0.182882 0.929401
vt -0.078088 0.921214
vt -0.078088 0.907051
vt 0.182731 0.911841
vt 0.182882 0.929401
vt 0.24293 0.911841
vt 0.182882 0.929401
vt 0.182731 0.911841
vt 0.24293 0.911841
vt 0.24293 0.936706
vt 0.182882 0.929401
vt 0.24293 0.936706
vt 0.24293 0.911841
vt 0.244359 0.911668
vt 0.24293 0.936706
vt 0.244359 0.911668
vt 0.244359 0.936534
vt -0.078088 0.907051
vt 0.182797 0.911311
vt 0.182731 0.911841
vt 0.24293 0.911841
vt 0.182731 0.911841
vt 0.182797 0.911311
vt 0.24293 0.911841
vt 0.182797 0.911311
vt 0.24293 0.911311
vt 0.24293 0.911311
vt 0.244359 0.911668
vt 0.24293 0.911841
vt -0.078088 0.907051
vt -0.078088 0.906522
vt 0.182797 0.911311
vt -0.079518 0.902337
vt -0.078088 0.916326
vt -0.078088 0.902164
vt -0.079518 0.902337
vt -0.079518 0.940648
vt -0.078088 0.916326
vt -0.078088 0.916326
vt -0.079518 0.940648
vt -0.078088 0.941005
vt -0.078088 0.941005
vt 0.184926 0.924514
vt -0.078088 0.916326
vt -0.078088 0.941005
vt 0.18486 0.949193
vt 0.184926 0.924514
vt 0.24293 0.956498
vt 0.184926 0.924514
vt 0.18486 0.949193
vt 0.24293 0.956498
vt 0.24293 0.931819
vt 0.184926 0.924514
vt 0.24293 0.90677
vt 0.184775 0.931103
vt 0.24293 0.906954
vt 0.24293 0.90677
vt 0.184696 0.90677
vt 0.184775 0.931103
vt 0.246274 0.887338
vt 0.246238 0.907522
vt 0.24481 0.907507
vt 0.246274 0.887338
vt 0.24481 0.907507
vt 0.244845 0.887324
vt 0.244845 0.887324
vt 0.24481 0.907507
vt 0.184696 0.90677
vt 0.244845 0.887324
vt 0.184696 0.90677
vt 0.186631 0.88661
vt -0.076069 0.882348
vt 0.186631 0.88661
vt 0.184696 0.90677
vt -0.076069 0.882348
vt 0.184696 0.90677
vt -0.076104 0.902531
vt -0.077533 0.90251
vt -0.076069 0.882348
vt -0.076104 0.902531
vt -0.077533 0.90251
vt -0.077497 0.882327
vt -0.076069 0.882348
vt -0.078088 0.921398
vt -0.079518 0.940648
vt -0.079518 0.921041
vt -0.078088 0.921398
vt -0.078088 0.941005
vt -0.079518 0.940648
vt -0.078088 0.941005
vt -0.078088 0.921398
vt 0.182961 0.929585
vt -0.078088 0.941005
vt 0.182961 0.929585
vt 0.18486 0.949193
vt 0.24293 0.93689
vt 0.18486 0.949193
vt 0.182961 0.929585
vt 0.24293 0.93689
vt 0.24293 0.956498
vt 0.18486 0.949193
vt -0.078088 0.921214
vt 0.182961 0.929585
vt -0.078088 0.921398
vt -0.078088 0.921214
vt 0.182882 0.929401
vt 0.182961 0.929585
vt 0.24293 0.956498
vt 0.244359 0.936534
vt 0.244359 0.956141
vt 0.24293 0.956498
vt 0.24293 0.93689
vt 0.244359 0.936534
vt 0.24293 0.936706
vt 0.182961 0.929585
vt 0.182882 0.929401
vt 0.24293 0.936706
vt 0.24293 0.93689
vt 0.182961 0.929585
vt -0.078088 0.90198
vt 0.184775 0.931103
vt 0.184696 0.90677
vt -0.078088 0.90198
vt -0.078088 0.902164
vt 0.184775 0.931103
vt 0.24293 0.931819
vt 0.184775 0.931103
vt 0.184926 0.924514
vt 0.24293 0.931819
vt 0.24293 0.906954
vt 0.184775 0.931103
vt -0.078088 0.902164
vt 0.184926 0.924514
vt 0.184775 0.931103
vt -0.078088 0.902164
vt -0.078088 0.916326
vt 0.184926 0.924514
vt -0.06656 0.957691
vt -0.031561 0.928522
vt -0.031496 0.957679
vt -0.06656 0.957691
vt -0.066624 0.928534
vt -0.031561 0.928522
vt -0.07731 0.928534
vt -0.058191 0.957679
vt -0.077275 0.957691
vt -0.07731 0.928534
vt -0.058226 0.928522
vt -0.058191 0.957679
vt -0.083726 0.940116
vt -0.085353 0.967796
vt -0.083726 0.968202
vt -0.083726 0.968202
vt 0.281619 0.927789
vt -0.083726 0.940116
vt -0.083726 0.917122
vt -0.083726 0.940116
vt 0.281619 0.927789
vt -0.083726 0.917122
vt 0.281619 0.927789
vt 0.281619 0.917122
vt -0.083726 0.968202
vt 0.281619 0.955875
vt 0.281619 0.927789
vt 0.281619 0.927789
vt 0.281619 0.955875
vt 0.283246 0.955469
vt 0.281619 0.922082
vt 0.283246 0.922488
vt 0.281619 0.922684
vt 0.281619 0.922684
vt -0.083726 0.922082
vt 0.281619 0.922082
vt 0.281619 0.922684
vt -0.083726 0.922684
vt -0.083726 0.922082
vt -0.083726 0.922684
vt 0.281619 0.922684
vt 0.281619 0.933351
vt -0.083726 0.922684
vt 0.281619 0.933351
vt -0.083726 0.945678
vt -0.083726 0.922684
vt -0.083726 0.945678
vt -0.085353 0.945482
vt -0.083726 0.922684
vt -0.085353 0.945482
vt -0.085353 0.922488
vt -0.083726 0.922082
vt -0.083726 0.922684
vt -0.085353 0.922488
vt 0.281619 0.933351
vt 0.281619 0.922684
vt 0.283246 0.922488
vt 0.281619 0.933351
vt 0.283246 0.922488
vt 0.283246 0.933154
vt -0.085353 0.917319
vt -0.083726 0.940116
vt -0.083726 0.917122
vt -0.085353 0.917319
vt -0.085353 0.967796
vt -0.083726 0.940116
vt 0.283246 0.955469
vt 0.281619 0.917122
vt 0.281619 0.927789
vt 0.283246 0.955469
vt 0.283246 0.917319
vt 0.281619 0.917122
vt 0.281619 0.916913
vt -0.083726 0.917122
vt 0.281619 0.917122
vt 0.281619 0.916913
vt -0.083726 0.916913
vt -0.083726 0.917122
vt 0.283287 0.894349
vt 0.283246 0.917319
vt 0.28162 0.917302
vt 0.283287 0.894349
vt 0.28162 0.917302
vt 0.28166 0.894333
vt -0.083551 0.889854
vt 0.28166 0.894333
vt 0.28162 0.917302
vt -0.083551 0.889854
vt 0.28162 0.917302
vt -0.083592 0.912823
vt -0.085218 0.9128
vt -0.083551 0.889854
vt -0.083592 0.912823
vt -0.085218 0.9128
vt -0.085177 0.889831
vt -0.083551 0.889854
vt -0.083726 0.945887
vt -0.085353 0.967796
vt -0.085353 0.945482
vt -0.083726 0.945887
vt -0.083726 0.968202
vt -0.085353 0.967796
vt -0.083726 0.968202
vt -0.083726 0.945887
vt 0.281619 0.93356
vt -0.083726 0.968202
vt 0.281619 0.93356
vt 0.281619 0.955875
vt 0.281619 0.955875
vt 0.281619 0.93356
vt 0.283246 0.933154
vt 0.281619 0.955875
vt 0.283246 0.933154
vt 0.283246 0.955469
vt -0.083726 0.945678
vt 0.281619 0.93356
vt -0.083726 0.945887
vt -0.083726 0.945678
vt 0.281619 0.933351
vt 0.281619 0.93356
vt 0.864202 0.906264
vt 0.865599 0.906612
vt 0.864202 0.906781
vt 0.864202 0.906781
vt 0.787707 0.906264
vt 0.864202 0.906264
vt 0.864202 0.906781
vt 0.787638 0.906781
vt 0.787707 0.906264
vt 0.540407 0.906781
vt 0.787707 0.906264
vt 0.787638 0.906781
vt 0.540407 0.906781
vt 0.540407 0.906264
vt 0.787707 0.906264
vt 0.864202 0.906781
vt 0.787812 0.932001
vt 0.787638 0.906781
vt 0.540407 0.906781
vt 0.787638 0.906781
vt 0.787812 0.932001
vt 0.540407 0.906781
vt 0.787812 0.932001
vt 0.540407 0.915947
vt 0.540407 0.906781
vt 0.540407 0.915947
vt 0.53901 0.915778
vt 0.540407 0.906781
vt 0.53901 0.915778
vt 0.53901 0.906612
vt 0.864202 0.906781
vt 0.864202 0.915947
vt 0.787812 0.932001
vt 0.864202 0.915947
vt 0.864202 0.906781
vt 0.865599 0.906612
vt 0.864202 0.915947
vt 0.865599 0.906612
vt 0.865599 0.915778
vt 0.865599 0.915778
vt 0.864202 0.916127
vt 0.864202 0.915947
vt 0.864202 0.915947
vt 0.864202 0.916127
vt 0.787895 0.932181
vt 0.864202 0.915947
vt 0.787895 0.932181
vt 0.787812 0.932001
vt 0.53901 0.902171
vt 0.540407 0.911168
vt 0.540407 0.902001
vt 0.53901 0.902171
vt 0.53901 0.932948
vt 0.540407 0.911168
vt 0.865599 0.932948
vt 0.864202 0.902001
vt 0.864202 0.911168
vt 0.865599 0.932948
vt 0.865599 0.902171
vt 0.864202 0.902001
vt 0.864202 0.901822
vt 0.789776 0.902001
vt 0.864202 0.902001
vt 0.864202 0.901822
vt 0.789694 0.901822
vt 0.789776 0.902001
vt 0.540407 0.901822
vt 0.789776 0.902001
vt 0.789694 0.901822
vt 0.540407 0.901822
vt 0.540407 0.902001
vt 0.789776 0.902001
vt 0.866164 0.887344
vt 0.866128 0.907222
vt 0.864721 0.907208
vt 0.866164 0.887344
vt 0.864721 0.907208
vt 0.864756 0.887329
vt 0.864756 0.887329
vt 0.864721 0.907208
vt 0.787707 0.906264
vt 0.864756 0.887329
vt 0.787707 0.906264
vt 0.789743 0.88641
vt 0.538764 0.883331
vt 0.789743 0.88641
vt 0.787707 0.906264
vt 0.538764 0.883331
vt 0.787707 0.906264
vt 0.538728 0.90321
vt 0.537321 0.90319
vt 0.538764 0.883331
vt 0.538728 0.90321
vt 0.537321 0.90319
vt 0.537356 0.883312
vt 0.538764 0.883331
vt 0.540407 0.916127
vt 0.53901 0.932948
vt 0.53901 0.915778
vt 0.540407 0.916127
vt 0.540407 0.933296
vt 0.53901 0.932948
vt 0.540407 0.933296
vt 0.540407 0.916127
vt 0.787895 0.932181
vt 0.540407 0.933296
vt 0.787895 0.932181
vt 0.789882 0.94935
vt 0.864202 0.916127
vt 0.789882 0.94935
vt 0.787895 0.932181
vt 0.864202 0.916127
vt 0.864202 0.933296
vt 0.789882 0.94935
vt 0.864202 0.933296
vt 0.864202 0.916127
vt 0.865599 0.915778
vt 0.864202 0.933296
vt 0.865599 0.915778
vt 0.865599 0.932948
vt 0.540407 0.915947
vt 0.787895 0.932181
vt 0.540407 0.916127
vt 0.540407 0.915947
vt 0.787812 0.932001
vt 0.787895 0.932181
vt 0.864202 0.911168
vt 0.864202 0.902001
vt 0.789776 0.902001
vt 0.864202 0.911168
vt 0.789776 0.902001
vt 0.789951 0.927221
vt 0.864202 0.933296
vt 0.864202 0.911168
vt 0.789951 0.927221
vt 0.864202 0.911168
vt 0.864202 0.933296
vt 0.865599 0.932948
vt 0.540407 0.902001
vt 0.789951 0.927221
vt 0.789776 0.902001
vt 0.540407 0.902001
vt 0.540407 0.911168
vt 0.789951 0.927221
vt 0.540407 0.933296
vt 0.789951 0.927221
vt 0.540407 0.911168
vt 0.540407 0.933296
vt 0.789882 0.94935
vt 0.789951 0.927221
vt 0.864202 0.933296
vt 0.789951 0.927221
vt 0.789882 0.94935
vt 0.540407 0.911168
vt 0.53901 0.932948
vt 0.540407 0.933296
vt 0.007151 0.972249
vt 0.013575 0.963325
vt 0.013586 0.972245
vt 0.007151 0.972249
vt 0.007139 0.963328
vt 0.013575 0.963325
vt 0.007139 0.963328
vt 0.013586 0.972245
vt 0.007151 0.972249
vt 0.007139 0.963328
vt 0.013575 0.963325
vt 0.013586 0.972245
vt 0.882186 0.919858
vt 0.883575 0.920205
vt 0.882186 0.920372
vt 0.882186 0.920372
vt 0.589074 0.919858
vt 0.882186 0.919858
vt 0.882186 0.920372
vt 0.589057 0.920372
vt 0.589074 0.919858
vt 0.570372 0.920372
vt 0.589074 0.919858
vt 0.589057 0.920372
vt 0.570372 0.920372
vt 0.570372 0.919858
vt 0.589074 0.919858
vt 0.882186 0.920372
vt 0.589209 0.946268
vt 0.589057 0.920372
vt 0.570372 0.920372
vt 0.589057 0.920372
vt 0.589209 0.946268
vt 0.570372 0.920372
vt 0.589209 0.946268
vt 0.570372 0.946268
vt 0.570372 0.920372
vt 0.570372 0.946268
vt 0.568983 0.9461
vt 0.570372 0.920372
vt 0.568983 0.9461
vt 0.568983 0.920205
vt 0.570372 0.919858
vt 0.570372 0.920372
vt 0.568983 0.920205
vt 0.882186 0.920372
vt 0.882186 0.929476
vt 0.589209 0.946268
vt 0.882186 0.929476
vt 0.882186 0.920372
vt 0.883575 0.920205
vt 0.882186 0.929476
vt 0.883575 0.920205
vt 0.883575 0.929309
vt 0.568983 0.915793
vt 0.570372 0.941521
vt 0.570372 0.915625
vt 0.568983 0.915793
vt 0.568983 0.963408
vt 0.570372 0.941521
vt 0.570372 0.941521
vt 0.568983 0.963408
vt 0.570372 0.963754
vt 0.570372 0.963754
vt 0.589857 0.96324
vt 0.570372 0.941521
vt 0.570372 0.963754
vt 0.58984 0.963754
vt 0.589857 0.96324
vt 0.882186 0.946963
vt 0.589857 0.96324
vt 0.58984 0.963754
vt 0.882186 0.946963
vt 0.882186 0.924729
vt 0.589857 0.96324
vt 0.882186 0.924729
vt 0.589705 0.915625
vt 0.589857 0.96324
vt 0.882186 0.924729
vt 0.882186 0.915625
vt 0.589705 0.915625
vt 0.882186 0.924729
vt 0.882186 0.946963
vt 0.883575 0.946616
vt 0.883575 0.946616
vt 0.882186 0.915625
vt 0.882186 0.924729
vt 0.883575 0.946616
vt 0.883575 0.915793
vt 0.882186 0.915625
vt 0.882186 0.915447
vt 0.589705 0.915625
vt 0.882186 0.915625
vt 0.882186 0.915447
vt 0.589676 0.915447
vt 0.589705 0.915625
vt 0.570372 0.915447
vt 0.589705 0.915625
vt 0.589676 0.915447
vt 0.570372 0.915447
vt 0.570372 0.915625
vt 0.589705 0.915625
vt 0.884703 0.899619
vt 0.884668 0.919299
vt 0.883275 0.919284
vt 0.884703 0.899619
vt 0.883275 0.919284
vt 0.88331 0.899605
vt 0.88331 0.899605
vt 0.883275 0.919284
vt 0.589139 0.915677
vt 0.88331 0.899605
vt 0.589139 0.915677
vt 0.589778 0.896005
vt 0.570406 0.895768
vt 0.589778 0.896005
vt 0.589139 0.915677
vt 0.570406 0.895768
vt 0.589139 0.915677
vt 0.570372 0.915447
vt 0.568978 0.915427
vt 0.570406 0.895768
vt 0.570372 0.915447
vt 0.568978 0.915427
vt 0.569013 0.895747
vt 0.570406 0.895768
vt 0.570372 0.946447
vt 0.568983 0.963408
vt 0.568983 0.9461
vt 0.570372 0.946447
vt 0.570372 0.963754
vt 0.568983 0.963408
vt 0.570372 0.963754
vt 0.570372 0.946447
vt 0.589238 0.946447
vt 0.570372 0.963754
vt 0.589238 0.946447
vt 0.58984 0.963754
vt 0.882186 0.929655
vt 0.58984 0.963754
vt 0.589238 0.946447
vt 0.882186 0.929655
vt 0.882186 0.946963
vt 0.58984 0.963754
vt 0.882186 0.946963
vt 0.882186 0.929655
vt 0.883575 0.929309
vt 0.882186 0.946963
vt 0.883575 0.929309
vt 0.883575 0.946616
vt 0.570372 0.946268
vt 0.589238 0.946447
vt 0.570372 0.946447
vt 0.570372 0.946268
vt 0.589209 0.946268
vt 0.589238 0.946447
vt 0.882186 0.929476
vt 0.589238 0.946447
vt 0.589209 0.946268
vt 0.882186 0.929476
vt 0.882186 0.929655
vt 0.589238 0.946447
vt 0.570372 0.915625
vt 0.589857 0.96324
vt 0.589705 0.915625
vt 0.570372 0.915625
vt 0.570372 0.941521
vt 0.589857 0.96324
vt 0.021991 0.958785
vt 0.030185 0.947557
vt 0.0302 0.958781
vt 0.021991 0.958785
vt 0.021976 0.947561
vt 0.030185 0.947557
vt 0.011203 0.963328
vt 0.016262 0.972245
vt 0.011212 0.972249
vt 0.011203 0.963328
vt 0.016253 0.963325
vt 0.016262 0.972245
vt 0.817865 0.917087
vt 0.817829 0.937097
vt 0.816413 0.937083
vt 0.817865 0.917087
vt 0.816413 0.937083
vt 0.816449 0.917073
vt 0.816449 0.917073
vt 0.816413 0.937083
vt 0.75272 0.936302
vt 0.816449 0.917073
vt 0.75272 0.936302
vt 0.753208 0.916297
vt 0.498292 0.913171
vt 0.753208 0.916297
vt 0.75272 0.936302
vt 0.498292 0.913171
vt 0.75272 0.936302
vt 0.498257 0.933181
vt 0.49684 0.933161
vt 0.498292 0.913171
vt 0.498257 0.933181
vt 0.49684 0.933161
vt 0.496876 0.913151
vt 0.498292 0.913171
vt 0.497925 0.941326
vt 0.496509 0.930947
vt 0.496509 0.941154
vt 0.497925 0.941326
vt 0.497925 0.95061
vt 0.496509 0.930947
vt 0.497925 0.9313
vt 0.496509 0.948598
vt 0.496509 0.930947
vt 0.497925 0.9313
vt 0.497925 0.948951
vt 0.496509 0.948598
vt 0.497925 0.948951
vt 0.497925 0.9313
vt 0.75228 0.94695
vt 0.497925 0.948951
vt 0.75228 0.94695
vt 0.752732 0.964601
vt 0.81593 0.948951
vt 0.817346 0.930947
vt 0.817346 0.948598
vt 0.81593 0.948951
vt 0.81593 0.9313
vt 0.817346 0.930947
vt 0.81593 0.9313
vt 0.81593 0.948951
vt 0.752732 0.964601
vt 0.81593 0.9313
vt 0.752732 0.964601
vt 0.75228 0.94695
vt 0.81593 0.95061
vt 0.817346 0.941154
vt 0.817346 0.930947
vt 0.81593 0.95061
vt 0.81593 0.941326
vt 0.817346 0.941154
vt 0.497925 0.936302
vt 0.497925 0.936484
vt 0.752737 0.936484
vt 0.497925 0.936302
vt 0.752737 0.936484
vt 0.75272 0.936302
vt 0.81593 0.936302
vt 0.75272 0.936302
vt 0.752737 0.936484
vt 0.81593 0.936302
vt 0.752737 0.936484
vt 0.81593 0.936484
vt 0.81593 0.941326
vt 0.81593 0.95061
vt 0.752262 0.96626
vt 0.81593 0.941326
vt 0.752262 0.96626
vt 0.752251 0.941326
vt 0.81593 0.941326
vt 0.752251 0.941326
vt 0.752268 0.940801
vt 0.81593 0.941326
vt 0.752268 0.940801
vt 0.81593 0.940801
vt 0.81593 0.940801
vt 0.817346 0.941154
vt 0.81593 0.941326
vt 0.497925 0.941326
vt 0.752251 0.941326
vt 0.752262 0.96626
vt 0.497925 0.941326
vt 0.752268 0.940801
vt 0.752251 0.941326
vt 0.497925 0.941326
vt 0.497925 0.940801
vt 0.752268 0.940801
vt 0.497925 0.940801
vt 0.497925 0.941326
vt 0.496509 0.941154
vt 0.497925 0.941326
vt 0.752262 0.96626
vt 0.497925 0.95061
vt 0.81593 0.945769
vt 0.81593 0.936484
vt 0.752737 0.936484
vt 0.81593 0.945769
vt 0.752737 0.936484
vt 0.752749 0.961419
vt 0.81593 0.948951
vt 0.81593 0.945769
vt 0.752749 0.961419
vt 0.81593 0.945769
vt 0.81593 0.948951
vt 0.817346 0.948598
vt 0.497925 0.936484
vt 0.752749 0.961419
vt 0.752737 0.936484
vt 0.497925 0.936484
vt 0.497925 0.945769
vt 0.752749 0.961419
vt 0.497925 0.948951
vt 0.752749 0.961419
vt 0.497925 0.945769
vt 0.497925 0.948951
vt 0.752732 0.964601
vt 0.752749 0.961419
vt 0.81593 0.948951
vt 0.752749 0.961419
vt 0.752732 0.964601
vt 0.497925 0.945769
vt 0.496509 0.948598
vt 0.497925 0.948951
vt 0.003674 0.972439
vt 0.008066 0.963135
vt 0.008074 0.972435
vt 0.003674 0.972439
vt 0.003666 0.963139
vt 0.008066 0.963135
vt 0.003666 0.963139
vt 0.008074 0.972435
vt 0.003674 0.972439
vt 0.003666 0.963139
vt 0.008066 0.963135
vt 0.008074 0.972435
vt 0.496509 0.930947
vt 0.497925 0.95061
vt 0.497925 0.9313
vt 0.497925 0.95061
vt 0.75228 0.94695
vt 0.497925 0.9313
vt 0.497925 0.95061
vt 0.752262 0.96626
vt 0.75228 0.94695
vt 0.81593 0.95061
vt 0.75228 0.94695
vt 0.752262 0.96626
vt 0.81593 0.95061
vt 0.81593 0.9313
vt 0.75228 0.94695
vt 0.817346 0.930947
vt 0.81593 0.9313
vt 0.81593 0.95061
vt 0.496509 0.936655
vt 0.497925 0.945769
vt 0.497925 0.936484
vt 0.496509 0.936655
vt 0.496509 0.948598
vt 0.497925 0.945769
vt 0.817346 0.948598
vt 0.81593 0.936484
vt 0.81593 0.945769
vt 0.817346 0.948598
vt 0.817346 0.936655
vt 0.81593 0.936484
vt 0.719238 0.864574
vt 0.72086 0.864979
vt 0.719238 0.865175
vt 0.719238 0.888653
vt 0.719238 0.865175
vt 0.72086 0.864979
vt 0.343627 0.878019
vt 0.719238 0.865175
vt 0.719238 0.888653
vt 0.719238 0.865175
vt 0.343627 0.878019
vt 0.343627 0.877418
vt 0.719238 0.865175
vt 0.343627 0.877418
vt 0.719238 0.864574
vt 0.719238 0.888653
vt 0.72086 0.864979
vt 0.72086 0.888457
vt 0.343627 0.877418
vt 0.343627 0.878019
vt 0.342005 0.877823
vt 0.343627 0.878019
vt 0.719238 0.888653
vt 0.343627 0.888653
vt 0.343627 0.878019
vt 0.343627 0.888653
vt 0.342005 0.888457
vt 0.343627 0.878019
vt 0.342005 0.888457
vt 0.342005 0.877823
vt 0.342005 0.87267
vt 0.343627 0.883108
vt 0.343627 0.872474
vt 0.342005 0.87267
vt 0.342005 0.917775
vt 0.343627 0.883108
vt 0.72086 0.917775
vt 0.719238 0.872474
vt 0.719238 0.883108
vt 0.72086 0.917775
vt 0.72086 0.87267
vt 0.719238 0.872474
vt 0.719238 0.872265
vt 0.343627 0.872474
vt 0.719238 0.872474
vt 0.719238 0.872265
vt 0.343627 0.872265
vt 0.343627 0.872474
vt 0.720397 0.853784
vt 0.720357 0.873785
vt 0.718744 0.873768
vt 0.720397 0.853784
vt 0.718744 0.873768
vt 0.718785 0.853768
vt 0.34531 0.849187
vt 0.718785 0.853768
vt 0.718744 0.873768
vt 0.34531 0.849187
vt 0.718744 0.873768
vt 0.345269 0.871964
vt 0.343657 0.87194
vt 0.34531 0.849187
vt 0.345269 0.871964
vt 0.343657 0.87194
vt 0.343698 0.849164
vt 0.34531 0.849187
vt 0.343627 0.888862
vt 0.342005 0.917775
vt 0.342005 0.888457
vt 0.343627 0.888862
vt 0.343627 0.91818
vt 0.342005 0.917775
vt 0.343627 0.91818
vt 0.343627 0.888862
vt 0.719238 0.888862
vt 0.343627 0.91818
vt 0.719238 0.888862
vt 0.719238 0.91818
vt 0.719238 0.91818
vt 0.719238 0.888862
vt 0.72086 0.888457
vt 0.719238 0.91818
vt 0.72086 0.888457
vt 0.72086 0.917775
vt 0.343627 0.888653
vt 0.719238 0.888862
vt 0.343627 0.888862
vt 0.343627 0.888653
vt 0.719238 0.888653
vt 0.719238 0.888862
vt 0.343627 0.872474
vt 0.719238 0.883108
vt 0.719238 0.872474
vt 0.343627 0.872474
vt 0.343627 0.883108
vt 0.719238 0.883108
vt -0.000458 0.972249
vt 0.004335 0.963325
vt 0.004344 0.972245
vt -0.000458 0.972249
vt -0.000467 0.963328
vt 0.004335 0.963325
vt 0.008132 0.966701
vt 0.015963 0.972245
vt 0.008146 0.972249
vt 0.008132 0.966701
vt 0.015949 0.963325
vt 0.015963 0.972245
vt 0.343627 0.883108
vt 0.342005 0.917775
vt 0.343627 0.91818
vt 0.343627 0.91818
vt 0.719238 0.883108
vt 0.343627 0.883108
vt 0.343627 0.91818
vt 0.719238 0.91818
vt 0.719238 0.883108
vt 0.719238 0.883108
vt 0.719238 0.91818
vt 0.72086 0.917775
vt 0.857174 0.900037
vt 0.858267 0.900309
vt 0.857174 0.900441
vt 0.857174 0.900441
vt 0.797392 0.900037
vt 0.857174 0.900037
vt 0.857174 0.900441
vt 0.797338 0.900441
vt 0.797392 0.900037
vt 0.604121 0.900441
vt 0.797392 0.900037
vt 0.797338 0.900441
vt 0.604121 0.900441
vt 0.604121 0.900037
vt 0.797392 0.900037
vt 0.857174 0.900441
vt 0.797474 0.920151
vt 0.797338 0.900441
vt 0.604121 0.900441
vt 0.797338 0.900441
vt 0.797474 0.920151
vt 0.604121 0.900441
vt 0.797474 0.920151
vt 0.604121 0.907605
vt 0.604121 0.900441
vt 0.604121 0.907605
vt 0.603029 0.907473
vt 0.604121 0.900441
vt 0.603029 0.907473
vt 0.603029 0.900309
vt 0.857174 0.900441
vt 0.857174 0.907605
vt 0.797474 0.920151
vt 0.857174 0.907605
vt 0.857174 0.900441
vt 0.858267 0.900309
vt 0.857174 0.907605
vt 0.858267 0.900309
vt 0.858267 0.907473
vt 0.858267 0.907473
vt 0.857174 0.907745
vt 0.857174 0.907605
vt 0.857174 0.907605
vt 0.857174 0.907745
vt 0.797539 0.920292
vt 0.857174 0.907605
vt 0.797539 0.920292
vt 0.797474 0.920151
vt 0.603029 0.896838
vt 0.604121 0.903869
vt 0.604121 0.896706
vt 0.603029 0.896838
vt 0.603029 0.920891
vt 0.604121 0.903869
vt 0.858267 0.920891
vt 0.857174 0.896706
vt 0.857174 0.903869
vt 0.858267 0.920891
vt 0.858267 0.896838
vt 0.857174 0.896706
vt 0.857174 0.896565
vt 0.799009 0.896706
vt 0.857174 0.896706
vt 0.857174 0.896565
vt 0.798945 0.896565
vt 0.799009 0.896706
vt 0.604121 0.896565
vt 0.799009 0.896706
vt 0.798945 0.896565
vt 0.604121 0.896565
vt 0.604121 0.896706
vt 0.799009 0.896706
vt 0.858708 0.88525
vt 0.85868 0.900786
vt 0.85758 0.900775
vt 0.858708 0.88525
vt 0.85758 0.900775
vt 0.857608 0.885239
vt 0.857608 0.885239
vt 0.85758 0.900775
vt 0.797392 0.900037
vt 0.857608 0.885239
vt 0.797392 0.900037
vt 0.798983 0.88452
vt 0.602837 0.882115
vt 0.798983 0.88452
vt 0.797392 0.900037
vt 0.602837 0.882115
vt 0.797392 0.900037
vt 0.602809 0.89765
vt 0.601709 0.897635
vt 0.602837 0.882115
vt 0.602809 0.89765
vt 0.601709 0.897635
vt 0.601737 0.882099
vt 0.602837 0.882115
vt 0.604121 0.907745
vt 0.603029 0.920891
vt 0.603029 0.907473
vt 0.604121 0.907745
vt 0.604121 0.921164
vt 0.603029 0.920891
vt 0.604121 0.921164
vt 0.604121 0.907745
vt 0.797539 0.920292
vt 0.604121 0.921164
vt 0.797539 0.920292
vt 0.799092 0.93371
vt 0.857174 0.907745
vt 0.799092 0.93371
vt 0.797539 0.920292
vt 0.857174 0.907745
vt 0.857174 0.921164
vt 0.799092 0.93371
vt 0.857174 0.921164
vt 0.857174 0.907745
vt 0.858267 0.907473
vt 0.857174 0.921164
vt 0.858267 0.907473
vt 0.858267 0.920891
vt 0.604121 0.907605
vt 0.797539 0.920292
vt 0.604121 0.907745
vt 0.604121 0.907605
vt 0.797474 0.920151
vt 0.797539 0.920292
vt 0.857174 0.903869
vt 0.857174 0.896706
vt 0.799009 0.896706
vt 0.857174 0.903869
vt 0.799009 0.896706
vt 0.799145 0.916416
vt 0.857174 0.921164
vt 0.857174 0.903869
vt 0.799145 0.916416
vt 0.857174 0.903869
vt 0.857174 0.921164
vt 0.858267 0.920891
vt 0.604121 0.896706
vt 0.799145 0.916416
vt 0.799009 0.896706
vt 0.604121 0.896706
vt 0.604121 0.903869
vt 0.799145 0.916416
vt 0.604121 0.921164
vt 0.799145 0.916416
vt 0.604121 0.903869
vt 0.604121 0.921164
vt 0.799092 0.93371
vt 0.799145 0.916416
vt 0.857174 0.921164
vt 0.799145 0.916416
vt 0.799092 0.93371
vt 0.604121 0.903869
vt 0.603029 0.920891
vt 0.604121 0.921164
vt -0.314413 1.001389
vt -0.30493 0.988216
vt -0.304913 1.001384
vt -0.314413 1.001389
vt -0.31443 0.988221
vt -0.30493 0.988216
vt -0.31443 0.988221
vt -0.304913 1.001384
vt -0.314413 1.001389
vt -0.31443 0.988221
vt -0.30493 0.988216
vt -0.304913 1.001384
vt 0.810158 0.913186
vt 0.606864 0.90615
vt 0.606944 0.906321
vt 0.810158 0.913186
vt 0.810142 0.913015
vt 0.606864 0.90615
vt 0.873973 0.913015
vt 0.810142 0.913015
vt 0.810158 0.913186
vt 0.873973 0.913015
vt 0.810158 0.913186
vt 0.873973 0.913186
vt 0.873973 0.921923
vt 0.873973 0.913186
vt 0.810158 0.913186
vt 0.873973 0.921923
vt 0.810158 0.913186
vt 0.810143 0.933066
vt 0.873973 0.942427
vt 0.873973 0.921923
vt 0.810143 0.933066
vt 0.873973 0.921923
vt 0.873973 0.942427
vt 0.875305 0.942094
vt 0.810143 0.933066
vt 0.810158 0.913186
vt 0.606944 0.906321
vt 0.810143 0.933066
vt 0.606944 0.906321
vt 0.607265 0.923463
vt 0.810132 0.953542
vt 0.810143 0.933066
vt 0.607265 0.923463
vt 0.873973 0.942427
vt 0.810143 0.933066
vt 0.810132 0.953542
vt 0.574727 0.913186
vt 0.607265 0.923463
vt 0.606944 0.906321
vt 0.574727 0.913186
vt 0.574727 0.921923
vt 0.607265 0.923463
vt 0.574727 0.942427
vt 0.607265 0.923463
vt 0.574727 0.921923
vt 0.574727 0.942427
vt 0.607211 0.94396
vt 0.607265 0.923463
vt 0.810132 0.953542
vt 0.607265 0.923463
vt 0.607211 0.94396
vt 0.574727 0.921923
vt 0.573395 0.942094
vt 0.574727 0.942427
vt 0.873973 0.926651
vt 0.873973 0.942427
vt 0.810132 0.953542
vt 0.873973 0.926651
vt 0.810132 0.953542
vt 0.809813 0.937021
vt 0.809813 0.937021
vt 0.810132 0.953542
vt 0.607211 0.94396
vt 0.809813 0.937021
vt 0.607211 0.94396
vt 0.605467 0.928007
vt 0.809801 0.936821
vt 0.809813 0.937021
vt 0.605467 0.928007
vt 0.809801 0.936821
vt 0.605467 0.928007
vt 0.605389 0.927828
vt 0.574727 0.926479
vt 0.605389 0.927828
vt 0.605467 0.928007
vt 0.574727 0.926479
vt 0.605467 0.928007
vt 0.574727 0.926651
vt 0.574727 0.942427
vt 0.605467 0.928007
vt 0.607211 0.94396
vt 0.574727 0.942427
vt 0.574727 0.926651
vt 0.605467 0.928007
vt 0.574727 0.926651
vt 0.574727 0.942427
vt 0.573395 0.942094
vt 0.574727 0.926651
vt 0.573395 0.942094
vt 0.573395 0.926318
vt 0.574727 0.913015
vt 0.606944 0.906321
vt 0.606864 0.90615
vt 0.574727 0.913015
vt 0.574727 0.913186
vt 0.606944 0.906321
vt 0.574727 0.913015
vt 0.573395 0.913347
vt 0.574727 0.913186
vt 0.873973 0.926479
vt 0.809813 0.937021
vt 0.809801 0.936821
vt 0.873973 0.926479
vt 0.873973 0.926651
vt 0.809813 0.937021
vt 0.873973 0.926479
vt 0.875305 0.917581
vt 0.875305 0.926318
vt 0.873973 0.926479
vt 0.873973 0.917742
vt 0.875305 0.917581
vt 0.873973 0.917742
vt 0.873973 0.926479
vt 0.809801 0.936821
vt 0.873973 0.917742
vt 0.809801 0.936821
vt 0.809743 0.917742
vt 0.809743 0.917742
vt 0.809801 0.936821
vt 0.605389 0.927828
vt 0.809743 0.917742
vt 0.605389 0.927828
vt 0.605024 0.910877
vt 0.574727 0.917742
vt 0.605024 0.910877
vt 0.605389 0.927828
vt 0.574727 0.917742
vt 0.605389 0.927828
vt 0.574727 0.926479
vt 0.574727 0.917742
vt 0.574727 0.926479
vt 0.573395 0.926318
vt 0.574727 0.917742
vt 0.573395 0.926318
vt 0.573395 0.917581
vt 0.873973 0.942427
vt 0.875305 0.926318
vt 0.875305 0.942094
vt 0.873973 0.942427
vt 0.873973 0.926651
vt 0.875305 0.926318
vt 0.575543 0.910135
vt 0.575576 0.891455
vt 0.576898 0.891474
vt 0.575543 0.910135
vt 0.576898 0.891474
vt 0.576865 0.910154
vt 0.576898 0.891474
vt 0.606991 0.909042
vt 0.576865 0.910154
vt 0.576898 0.891474
vt 0.608796 0.890384
vt 0.606991 0.909042
vt 0.810558 0.894339
vt 0.606991 0.909042
vt 0.608796 0.890384
vt 0.810558 0.894339
vt 0.810142 0.913015
vt 0.606991 0.909042
vt 0.873913 0.895116
vt 0.810142 0.913015
vt 0.810558 0.894339
vt 0.873913 0.895116
vt 0.87388 0.913797
vt 0.810142 0.913015
vt 0.875235 0.89513
vt 0.87388 0.913797
vt 0.873913 0.895116
vt 0.875235 0.89513
vt 0.875202 0.91381
vt 0.87388 0.913797
vt 0.875305 0.942094
vt 0.873973 0.913186
vt 0.873973 0.921923
vt 0.875305 0.942094
vt 0.875305 0.913347
vt 0.873973 0.913186
vt 0.573395 0.913347
vt 0.574727 0.921923
vt 0.574727 0.913186
vt 0.573395 0.913347
vt 0.573395 0.942094
vt 0.574727 0.921923
vt 0.574727 0.917249
vt 0.574727 0.917742
vt 0.573395 0.917581
vt 0.574727 0.917742
vt 0.574727 0.917249
vt 0.605079 0.910383
vt 0.574727 0.917742
vt 0.605079 0.910383
vt 0.605024 0.910877
vt 0.809757 0.917249
vt 0.605024 0.910877
vt 0.605079 0.910383
vt 0.809757 0.917249
vt 0.809743 0.917742
vt 0.605024 0.910877
vt 0.873973 0.917742
vt 0.809743 0.917742
vt 0.809757 0.917249
vt 0.873973 0.917742
vt 0.809757 0.917249
vt 0.873973 0.917249
vt 0.873973 0.917249
vt 0.875305 0.917581
vt 0.873973 0.917742
vt -0.393454 0.951825
vt -0.385794 0.970429
vt -0.39344 0.970437
vt -0.393454 0.951825
vt -0.385808 0.951817
vt -0.385794 0.970429
vt -0.39344 0.970437
vt -0.385808 0.951817
vt -0.385794 0.970429
vt -0.39344 0.970437
vt -0.393454 0.951825
vt -0.385808 0.951817
vt 0.789536 0.950754
vt 0.789536 0.970578
vt 0.79124 0.970153
vt 0.789536 0.970578
vt 0.789536 0.950754
vt 0.712522 0.959197
vt 0.789536 0.970578
vt 0.712522 0.959197
vt 0.712411 0.979024
vt 0.45601 0.959449
vt 0.712411 0.979024
vt 0.712522 0.959197
vt 0.45601 0.959449
vt 0.455915 0.979273
vt 0.712411 0.979024
vt 0.406827 0.970578
vt 0.455915 0.979273
vt 0.45601 0.959449
vt 0.406827 0.970578
vt 0.45601 0.959449
vt 0.406827 0.950754
vt 0.406827 0.950754
vt 0.405123 0.970153
vt 0.406827 0.970578
vt 0.465271 0.936696
vt 0.45601 0.959449
vt 0.712522 0.959197
vt 0.406827 0.93958
vt 0.45601 0.959449
vt 0.465271 0.936696
vt 0.406827 0.93958
vt 0.406827 0.950754
vt 0.45601 0.959449
vt 0.465271 0.936696
vt 0.712522 0.959197
vt 0.712788 0.938897
vt 0.789536 0.950754
vt 0.712788 0.938897
vt 0.712522 0.959197
vt 0.789536 0.950754
vt 0.789536 0.93958
vt 0.712788 0.938897
vt 0.406827 0.970578
vt 0.454296 0.965494
vt 0.455915 0.979273
vt 0.406827 0.970578
vt 0.406827 0.9568
vt 0.454296 0.965494
vt 0.406827 0.9568
vt 0.406827 0.970578
vt 0.405123 0.970153
vt 0.406827 0.9568
vt 0.405123 0.970153
vt 0.405123 0.956375
vt 0.281629 0.941401
vt 0.294435 0.965195
vt 0.281652 0.965205
vt 0.281629 0.941401
vt 0.294411 0.941391
vt 0.294435 0.965195
vt 0.281652 0.965205
vt 0.294411 0.941391
vt 0.294435 0.965195
vt 0.281652 0.965205
vt 0.281629 0.941401
vt 0.294411 0.941391
vt 0.454296 0.965494
vt 0.454268 0.965275
vt 0.709561 0.96509
vt 0.454296 0.965494
vt 0.709561 0.96509
vt 0.70966 0.965306
vt 0.455915 0.979273
vt 0.454296 0.965494
vt 0.70966 0.965306
vt 0.455915 0.979273
vt 0.70966 0.965306
vt 0.712411 0.979024
vt 0.789536 0.9568
vt 0.712411 0.979024
vt 0.70966 0.965306
vt 0.789536 0.9568
vt 0.789536 0.970578
vt 0.712411 0.979024
vt 0.789536 0.970578
vt 0.789536 0.9568
vt 0.79124 0.956375
vt 0.789536 0.970578
vt 0.79124 0.956375
vt 0.79124 0.970153
vt 0.789536 0.956581
vt 0.789536 0.9568
vt 0.70966 0.965306
vt 0.789536 0.956581
vt 0.70966 0.965306
vt 0.709561 0.96509
vt 0.406827 0.939361
vt 0.406827 0.93958
vt 0.465271 0.936696
vt 0.406827 0.939361
vt 0.465271 0.936696
vt 0.465243 0.936477
vt 0.465243 0.936477
vt 0.465271 0.936696
vt 0.712788 0.938897
vt 0.465243 0.936477
vt 0.712788 0.938897
vt 0.71269 0.938678
vt 0.789536 0.939361
vt 0.71269 0.938678
vt 0.712788 0.938897
vt 0.789536 0.939361
vt 0.712788 0.938897
vt 0.789536 0.93958
vt 0.406827 0.956581
vt 0.454268 0.965275
vt 0.454296 0.965494
vt 0.406827 0.956581
vt 0.454296 0.965494
vt 0.406827 0.9568
vt 0.405123 0.956375
vt 0.406827 0.956581
vt 0.406827 0.9568
vt 0.789536 0.956581
vt 0.79124 0.945201
vt 0.79124 0.956375
vt 0.789536 0.956581
vt 0.789536 0.945407
vt 0.79124 0.945201
vt 0.789536 0.945407
vt 0.789536 0.956581
vt 0.709561 0.96509
vt 0.789536 0.945407
vt 0.709561 0.96509
vt 0.709831 0.944701
vt 0.454268 0.965275
vt 0.709831 0.944701
vt 0.709561 0.96509
vt 0.454268 0.965275
vt 0.463529 0.942522
vt 0.709831 0.944701
vt 0.463529 0.942522
vt 0.709942 0.944071
vt 0.709831 0.944701
vt 0.789536 0.945407
vt 0.709831 0.944701
vt 0.709942 0.944071
vt 0.789536 0.945407
vt 0.709942 0.944071
vt 0.789536 0.944776
vt 0.789536 0.944776
vt 0.79124 0.945201
vt 0.789536 0.945407
vt 0.406827 0.945407
vt 0.463529 0.942522
vt 0.454268 0.965275
vt 0.406827 0.945407
vt 0.454268 0.965275
vt 0.406827 0.956581
vt 0.406827 0.945407
vt 0.406827 0.956581
vt 0.405123 0.956375
vt 0.406827 0.945407
vt 0.405123 0.956375
vt 0.405123 0.945201
vt 0.463529 0.942522
vt 0.463624 0.941891
vt 0.709942 0.944071
vt 0.406827 0.945407
vt 0.463624 0.941891
vt 0.463529 0.942522
vt 0.406827 0.945407
vt 0.406827 0.944776
vt 0.463624 0.941891
vt 0.406827 0.944776
vt 0.406827 0.945407
vt 0.405123 0.945201
vt 0.403355 0.936619
vt 0.403398 0.912433
vt 0.40511 0.912458
vt 0.403355 0.936619
vt 0.40511 0.912458
vt 0.405067 0.936644
vt 0.40511 0.912458
vt 0.462138 0.936714
vt 0.405067 0.936644
vt 0.40511 0.912458
vt 0.463808 0.912548
vt 0.462138 0.936714
vt 0.462138 0.936714
vt 0.463808 0.912548
vt 0.712449 0.916078
vt 0.462138 0.936714
vt 0.712449 0.916078
vt 0.709645 0.940225
vt 0.789666 0.917174
vt 0.709645 0.940225
vt 0.712449 0.916078
vt 0.789666 0.917174
vt 0.789623 0.94136
vt 0.709645 0.940225
vt 0.791378 0.917192
vt 0.789623 0.94136
vt 0.789666 0.917174
vt 0.791378 0.917192
vt 0.791335 0.941378
vt 0.789623 0.94136
vt 0.79124 0.970153
vt 0.789536 0.93958
vt 0.789536 0.950754
vt 0.79124 0.970153
vt 0.79124 0.939786
vt 0.789536 0.93958
vt 0.405123 0.939786
vt 0.406827 0.950754
vt 0.406827 0.93958
vt 0.405123 0.939786
vt 0.405123 0.970153
vt 0.406827 0.950754
vt 0.115902 0.893916
vt 0.386988 0.90183
vt 0.386988 0.882945
vt 0.115902 0.893916
vt 0.115902 0.90183
vt 0.386988 0.90183
vt 0.115902 0.918607
vt 0.386988 0.90183
vt 0.115902 0.90183
vt 0.115902 0.918607
vt 0.386988 0.918607
vt 0.386988 0.90183
vt 0.386988 0.90183
vt 0.386988 0.918607
vt 0.388195 0.918306
vt 0.115902 0.90183
vt 0.114695 0.918306
vt 0.115902 0.918607
vt 0.115902 0.905958
vt 0.386988 0.905958
vt 0.386988 0.906113
vt 0.115902 0.905958
vt 0.386988 0.906113
vt 0.115902 0.906113
vt 0.115902 0.918607
vt 0.115902 0.906113
vt 0.386988 0.906113
vt 0.115902 0.918607
vt 0.386988 0.906113
vt 0.386988 0.918607
vt 0.386988 0.918607
vt 0.386988 0.906113
vt 0.388195 0.905812
vt 0.386988 0.918607
vt 0.388195 0.905812
vt 0.388195 0.918306
vt 0.386988 0.905958
vt 0.388195 0.886926
vt 0.388195 0.905812
vt 0.386988 0.905958
vt 0.386988 0.887072
vt 0.388195 0.886926
vt 0.386988 0.886625
vt 0.388195 0.886926
vt 0.386988 0.887072
vt 0.115902 0.898043
vt 0.386988 0.887072
vt 0.386988 0.905958
vt 0.386988 0.887072
vt 0.115902 0.898043
vt 0.115902 0.897596
vt 0.386988 0.887072
vt 0.115902 0.897596
vt 0.386988 0.886625
vt 0.115902 0.898043
vt 0.386988 0.905958
vt 0.115902 0.905958
vt 0.115902 0.898043
vt 0.115902 0.905958
vt 0.114695 0.905812
vt 0.115902 0.898043
vt 0.114695 0.905812
vt 0.114695 0.897897
vt 0.115902 0.897596
vt 0.115902 0.898043
vt 0.114695 0.897897
vt 0.115902 0.906113
vt 0.114695 0.918306
vt 0.114695 0.905812
vt 0.115902 0.906113
vt 0.115902 0.918607
vt 0.114695 0.918306
vt 0.114695 0.894061
vt 0.114726 0.877094
vt 0.115927 0.877111
vt 0.114695 0.894061
vt 0.115927 0.877111
vt 0.115896 0.894079
vt 0.115927 0.877111
vt 0.386988 0.88279
vt 0.115896 0.894079
vt 0.115927 0.877111
vt 0.387018 0.865822
vt 0.386988 0.88279
vt 0.388219 0.865835
vt 0.386988 0.88279
vt 0.387018 0.865822
vt 0.388219 0.865835
vt 0.388189 0.882802
vt 0.386988 0.88279
vt 0.386988 0.88279
vt 0.115902 0.893916
vt 0.386988 0.882945
vt 0.386988 0.88279
vt 0.115902 0.89376
vt 0.115902 0.893916
vt 0.388195 0.918306
vt 0.386988 0.882945
vt 0.386988 0.90183
vt 0.388195 0.918306
vt 0.388195 0.883091
vt 0.386988 0.882945
vt 0.114695 0.894061
vt 0.115902 0.90183
vt 0.115902 0.893916
vt 0.114695 0.894061
vt 0.114695 0.918306
vt 0.115902 0.90183
vt -0.037584 0.98465
vt -0.02796 1.001504
vt -0.037566 1.001511
vt -0.037584 0.98465
vt -0.027977 0.984643
vt -0.02796 1.001504
vt -0.037566 1.001511
vt -0.027977 0.984643
vt -0.02796 1.001504
vt -0.037566 1.001511
vt -0.037584 0.98465
vt -0.027977 0.984643
vt 0.15923 0.898695
vt 0.507722 0.90887
vt 0.507722 0.898695
vt 0.15923 0.898695
vt 0.15923 0.90887
vt 0.507722 0.90887
vt 0.15923 0.914176
vt 0.507722 0.914176
vt 0.507722 0.914375
vt 0.15923 0.914176
vt 0.507722 0.914375
vt 0.15923 0.914375
vt 0.15923 0.933436
vt 0.15923 0.914375
vt 0.507722 0.914375
vt 0.15923 0.914375
vt 0.15923 0.933436
vt 0.157678 0.933049
vt 0.15923 0.914375
vt 0.157678 0.933049
vt 0.157678 0.913988
vt 0.15923 0.933436
vt 0.507722 0.914375
vt 0.507722 0.933436
vt 0.507722 0.933436
vt 0.507722 0.914375
vt 0.509274 0.913988
vt 0.507722 0.933436
vt 0.509274 0.913988
vt 0.509274 0.933049
vt 0.507722 0.914176
vt 0.509274 0.903813
vt 0.509274 0.913988
vt 0.507722 0.914176
vt 0.507722 0.904001
vt 0.509274 0.903813
vt 0.15923 0.904001
vt 0.507722 0.904001
vt 0.507722 0.914176
vt 0.15923 0.904001
vt 0.507722 0.914176
vt 0.15923 0.914176
vt 0.15923 0.904001
vt 0.15923 0.914176
vt 0.157678 0.913988
vt 0.15923 0.904001
vt 0.157678 0.913988
vt 0.157678 0.903813
vt 0.157678 0.898883
vt 0.157717 0.876983
vt 0.159268 0.877005
vt 0.157678 0.898883
vt 0.159268 0.877005
vt 0.159229 0.898905
vt 0.159268 0.877005
vt 0.507443 0.903176
vt 0.159229 0.898905
vt 0.159268 0.877005
vt 0.507482 0.881275
vt 0.507443 0.903176
vt 0.509032 0.881291
vt 0.507443 0.903176
vt 0.507482 0.881275
vt 0.509032 0.881291
vt 0.508993 0.903192
vt 0.507443 0.903176
vt 0.507722 0.898496
vt 0.15923 0.898695
vt 0.507722 0.898695
vt 0.507722 0.898496
vt 0.15923 0.898496
vt 0.15923 0.898695
vt 0.509274 0.933049
vt 0.507722 0.898695
vt 0.507722 0.90887
vt 0.509274 0.933049
vt 0.509274 0.898883
vt 0.507722 0.898695
vt 0.157678 0.898883
vt 0.15923 0.90887
vt 0.15923 0.898695
vt 0.157678 0.898883
vt 0.157678 0.933049
vt 0.15923 0.90887
vt 0.15923 0.903426
vt 0.15923 0.904001
vt 0.157678 0.903813
vt 0.507722 0.904001
vt 0.15923 0.904001
vt 0.15923 0.903426
vt 0.507722 0.904001
vt 0.15923 0.903426
vt 0.507722 0.903426
vt 0.507722 0.903426
vt 0.509274 0.903813
vt 0.507722 0.904001
vt 0.507722 0.90887
vt 0.507722 0.933436
vt 0.509274 0.933049
vt 0.15923 0.933436
vt 0.507722 0.933436
vt 0.507722 0.90887
vt 0.15923 0.933436
vt 0.507722 0.90887
vt 0.15923 0.90887
vt 0.15923 0.90887
vt 0.157678 0.933049
vt 0.15923 0.933436
vt -0.208571 0.97294
vt -0.197691 0.994606
vt -0.208551 0.994615
vt -0.208571 0.97294
vt -0.197711 0.972931
vt -0.197691 0.994606
vt -0.208551 0.994615
vt -0.197711 0.972931
vt -0.197691 0.994606
vt -0.208551 0.994615
vt -0.208571 0.97294
vt -0.197711 0.972931
vt 0.360441 0.894216
vt 0.361747 0.894374
vt 0.360441 0.894048
vt 0.360441 0.894048
vt 0.320608 0.887015
vt 0.360441 0.894216
vt 0.360441 0.894048
vt 0.32054 0.886847
vt 0.320608 0.887015
vt 0.360441 0.902777
vt 0.360441 0.929334
vt 0.361747 0.929008
vt 0.360441 0.929334
vt 0.360441 0.902777
vt 0.320768 0.913137
vt 0.360441 0.929334
vt 0.320768 0.913137
vt 0.320712 0.939694
vt 0.320712 0.939694
vt 0.320768 0.913137
vt 0.180703 0.907414
vt 0.320712 0.939694
vt 0.180703 0.907414
vt 0.180668 0.93397
vt 0.058003 0.943999
vt 0.180668 0.93397
vt 0.180703 0.907414
vt 0.058003 0.943999
vt 0.180703 0.907414
vt 0.058003 0.917442
vt 0.058003 0.917442
vt 0.056697 0.943673
vt 0.058003 0.943999
vt 0.360441 0.902777
vt 0.320608 0.887015
vt 0.320768 0.913137
vt 0.320768 0.913137
vt 0.320608 0.887015
vt 0.180528 0.890996
vt 0.320768 0.913137
vt 0.180528 0.890996
vt 0.180703 0.907414
vt 0.058003 0.894216
vt 0.180703 0.907414
vt 0.180528 0.890996
vt 0.058003 0.894216
vt 0.058003 0.917442
vt 0.180703 0.907414
vt 0.360441 0.902777
vt 0.360441 0.894216
vt 0.320608 0.887015
vt -0.149482 0.938912
vt -0.13958 0.953664
vt -0.149464 0.95367
vt -0.149482 0.938912
vt -0.139598 0.938906
vt -0.13958 0.953664
vt -0.134273 0.955921
vt -0.121683 0.936655
vt -0.12166 0.955913
vt -0.134273 0.955921
vt -0.134296 0.936663
vt -0.121683 0.936655
vt 0.319014 0.917601
vt 0.179596 0.912031
vt 0.179549 0.911863
vt 0.319014 0.917601
vt 0.319082 0.917769
vt 0.179596 0.912031
vt 0.319082 0.917769
vt 0.180668 0.93397
vt 0.179596 0.912031
vt 0.058003 0.943999
vt 0.179596 0.912031
vt 0.180668 0.93397
vt 0.058003 0.943999
vt 0.058003 0.922074
vt 0.179596 0.912031
vt 0.058003 0.922074
vt 0.058003 0.943999
vt 0.056697 0.943673
vt 0.058003 0.922074
vt 0.056697 0.943673
vt 0.056697 0.921748
vt 0.319082 0.917769
vt 0.320712 0.939694
vt 0.180668 0.93397
vt 0.360441 0.907409
vt 0.320712 0.939694
vt 0.319082 0.917769
vt 0.360441 0.907409
vt 0.360441 0.929334
vt 0.320712 0.939694
vt 0.360441 0.929334
vt 0.360441 0.907409
vt 0.361747 0.907083
vt 0.360441 0.929334
vt 0.361747 0.907083
vt 0.361747 0.929008
vt 0.318911 0.890995
vt 0.318855 0.891479
vt 0.179375 0.89547
vt 0.318911 0.890995
vt 0.179375 0.89547
vt 0.179375 0.89547
vt 0.058003 0.89868
vt 0.179375 0.89547
vt 0.179375 0.89547
vt 0.058003 0.89868
vt 0.058003 0.898196
vt 0.179375 0.89547
vt 0.320608 0.887015
vt 0.32054 0.886847
vt 0.180482 0.890828
vt 0.320608 0.887015
vt 0.180482 0.890828
vt 0.180528 0.890996
vt 0.058003 0.894048
vt 0.180528 0.890996
vt 0.180482 0.890828
vt 0.058003 0.894048
vt 0.058003 0.894216
vt 0.180528 0.890996
vt 0.360441 0.907241
vt 0.319082 0.917769
vt 0.319014 0.917601
vt 0.360441 0.907241
vt 0.360441 0.907409
vt 0.319082 0.917769
vt 0.361747 0.907083
vt 0.360441 0.907409
vt 0.360441 0.907241
vt 0.058003 0.921906
vt 0.179596 0.912031
vt 0.058003 0.922074
vt 0.058003 0.921906
vt 0.179549 0.911863
vt 0.179596 0.912031
vt 0.360441 0.907241
vt 0.361747 0.898522
vt 0.361747 0.907083
vt 0.360441 0.907241
vt 0.360441 0.89868
vt 0.361747 0.898522
vt 0.360441 0.89868
vt 0.360441 0.907241
vt 0.319014 0.917601
vt 0.360441 0.89868
vt 0.319014 0.917601
vt 0.318855 0.891479
vt 0.360441 0.89868
vt 0.318855 0.891479
vt 0.318911 0.890995
vt 0.360441 0.89868
vt 0.318911 0.890995
vt 0.360441 0.898196
vt 0.360441 0.898196
vt 0.361747 0.898522
vt 0.360441 0.89868
vt 0.318855 0.891479
vt 0.319014 0.917601
vt 0.179549 0.911863
vt 0.318855 0.891479
vt 0.179549 0.911863
vt 0.179375 0.89547
vt 0.058003 0.89868
vt 0.179375 0.89547
vt 0.179549 0.911863
vt 0.058003 0.89868
vt 0.179549 0.911863
vt 0.058003 0.921906
vt 0.058003 0.89868
vt 0.058003 0.921906
vt 0.056697 0.921748
vt 0.058003 0.89868
vt 0.056697 0.921748
vt 0.056697 0.898522
vt 0.058003 0.898196
vt 0.058003 0.89868
vt 0.056697 0.898522
vt 0.056034 0.894657
vt 0.056067 0.876121
vt 0.057379 0.876139
vt 0.056034 0.894657
vt 0.057379 0.876139
vt 0.057346 0.894675
vt 0.057379 0.876139
vt 0.179375 0.89547
vt 0.057346 0.894675
vt 0.057379 0.876139
vt 0.180485 0.876946
vt 0.179375 0.89547
vt 0.32126 0.877803
vt 0.179375 0.89547
vt 0.180485 0.876946
vt 0.32126 0.877803
vt 0.319589 0.896318
vt 0.179375 0.89547
vt 0.361366 0.879868
vt 0.319589 0.896318
vt 0.32126 0.877803
vt 0.361366 0.879868
vt 0.361333 0.898403
vt 0.319589 0.896318
vt 0.362678 0.879881
vt 0.361333 0.898403
vt 0.361366 0.879868
vt 0.362678 0.879881
vt 0.362645 0.898417
vt 0.361333 0.898403
vt 0.361747 0.929008
vt 0.360441 0.894216
vt 0.360441 0.902777
vt 0.361747 0.929008
vt 0.361747 0.894374
vt 0.360441 0.894216
vt 0.056697 0.894374
vt 0.058003 0.917442
vt 0.058003 0.894216
vt 0.056697 0.894374
vt 0.056697 0.943673
vt 0.058003 0.917442
vt 0.69277 0.918814
vt 0.694151 0.919159
vt 0.69277 0.919326
vt 0.69277 0.919326
vt 0.575033 0.918814
vt 0.69277 0.918814
vt 0.69277 0.919326
vt 0.575033 0.919326
vt 0.575033 0.918814
vt 0.382734 0.919326
vt 0.575033 0.918814
vt 0.575033 0.919326
vt 0.382734 0.919326
vt 0.382734 0.918814
vt 0.575033 0.918814
vt 0.69277 0.919326
vt 0.575033 0.940274
vt 0.575033 0.919326
vt 0.382734 0.919326
vt 0.575033 0.919326
vt 0.575033 0.940274
vt 0.382734 0.919326
vt 0.575033 0.940274
vt 0.382734 0.928378
vt 0.382734 0.919326
vt 0.382734 0.928378
vt 0.381354 0.928211
vt 0.382734 0.919326
vt 0.381354 0.928211
vt 0.381354 0.919159
vt 0.69277 0.919326
vt 0.69277 0.928378
vt 0.575033 0.940274
vt 0.69277 0.928378
vt 0.69277 0.919326
vt 0.694151 0.919159
vt 0.69277 0.928378
vt 0.694151 0.919159
vt 0.694151 0.928211
vt 0.381354 0.914772
vt 0.382734 0.923657
vt 0.382734 0.914605
vt 0.381354 0.914772
vt 0.381354 0.947832
vt 0.382734 0.923657
vt 0.694151 0.947832
vt 0.69277 0.914605
vt 0.69277 0.923657
vt 0.694151 0.947832
vt 0.694151 0.914772
vt 0.69277 0.914605
vt 0.69277 0.914428
vt 0.575033 0.914605
vt 0.69277 0.914605
vt 0.69277 0.914428
vt 0.575033 0.914428
vt 0.575033 0.914605
vt 0.382734 0.914428
vt 0.575033 0.914605
vt 0.575033 0.914428
vt 0.382734 0.914428
vt 0.382734 0.914605
vt 0.575033 0.914605
vt 0.693657 0.896644
vt 0.693623 0.916057
vt 0.692248 0.916043
vt 0.693657 0.896644
vt 0.692248 0.916043
vt 0.692282 0.89663
vt 0.692282 0.89663
vt 0.692248 0.916043
vt 0.575033 0.914605
vt 0.692282 0.89663
vt 0.575033 0.914605
vt 0.575067 0.895193
vt 0.383622 0.892845
vt 0.575067 0.895193
vt 0.575033 0.914605
vt 0.383622 0.892845
vt 0.575033 0.914605
vt 0.383587 0.912257
vt 0.382213 0.912238
vt 0.383622 0.892845
vt 0.383587 0.912257
vt 0.382213 0.912238
vt 0.382248 0.892825
vt 0.383622 0.892845
vt 0.382734 0.928555
vt 0.381354 0.947832
vt 0.381354 0.928211
vt 0.382734 0.928555
vt 0.382734 0.948177
vt 0.381354 0.947832
vt 0.382734 0.948177
vt 0.382734 0.928555
vt 0.575033 0.940451
vt 0.382734 0.948177
vt 0.575033 0.940451
vt 0.575033 0.960072
vt 0.69277 0.928555
vt 0.575033 0.960072
vt 0.575033 0.940451
vt 0.69277 0.928555
vt 0.69277 0.948177
vt 0.575033 0.960072
vt 0.69277 0.948177
vt 0.69277 0.928555
vt 0.694151 0.928211
vt 0.69277 0.948177
vt 0.694151 0.928211
vt 0.694151 0.947832
vt 0.69277 0.928378
vt 0.69277 0.928555
vt 0.575033 0.940451
vt 0.69277 0.928378
vt 0.575033 0.940451
vt 0.575033 0.940274
vt 0.382734 0.928378
vt 0.575033 0.940451
vt 0.382734 0.928555
vt 0.382734 0.928378
vt 0.575033 0.940274
vt 0.575033 0.940451
vt 0.69277 0.923657
vt 0.69277 0.914605
vt 0.575033 0.914605
vt 0.69277 0.923657
vt 0.575033 0.914605
vt 0.575033 0.935553
vt 0.69277 0.948177
vt 0.69277 0.923657
vt 0.575033 0.935553
vt 0.69277 0.923657
vt 0.69277 0.948177
vt 0.694151 0.947832
vt 0.382734 0.914605
vt 0.575033 0.935553
vt 0.575033 0.914605
vt 0.382734 0.914605
vt 0.382734 0.923657
vt 0.575033 0.935553
vt 0.382734 0.948177
vt 0.575033 0.935553
vt 0.382734 0.923657
vt 0.382734 0.948177
vt 0.575033 0.960072
vt 0.575033 0.935553
vt 0.69277 0.948177
vt 0.575033 0.935553
vt 0.575033 0.960072
vt 0.382734 0.923657
vt 0.381354 0.947832
vt 0.382734 0.948177
vt 0.016479 0.972249
vt 0.019971 0.963325
vt 0.019978 0.972245
vt 0.016479 0.972249
vt 0.016473 0.963328
vt 0.019971 0.963325
vt 0.016473 0.963328
vt 0.019978 0.972245
vt 0.016479 0.972249
vt 0.016473 0.963328
vt 0.019971 0.963325
vt 0.019978 0.972245
vt -0.066613 1.007773
vt -0.053715 0.992144
vt -0.053691 1.007767
vt -0.066613 1.007773
vt -0.066637 0.99215
vt -0.053715 0.992144
vt -0.066637 0.99215
vt -0.053691 1.007767
vt -0.066613 1.007773
vt -0.066637 0.99215
vt -0.053715 0.992144
vt -0.053691 1.007767
vt 0.24293 0.931819
vt 0.24293 0.956498
vt 0.244359 0.956141
vt 0.244359 0.956141
vt 0.24293 0.906954
vt 0.24293 0.931819
vt 0.244359 0.956141
vt 0.244359 0.907126
vt 0.24293 0.906954
vt -0.078088 0.906522
vt -0.078088 0.907051
vt -0.079518 0.906879
vt -0.078088 0.907051
vt -0.079518 0.921041
vt -0.079518 0.906879
vt -0.078088 0.907051
vt -0.078088 0.921214
vt -0.079518 0.921041
vt -0.078088 0.907051
vt 0.182882 0.929401
vt -0.078088 0.921214
vt -0.078088 0.907051
vt 0.182731 0.911841
vt 0.182882 0.929401
vt 0.24293 0.911841
vt 0.182882 0.929401
vt 0.182731 0.911841
vt 0.24293 0.911841
vt 0.24293 0.936706
vt 0.182882 0.929401
vt 0.24293 0.936706
vt 0.24293 0.911841
vt 0.244359 0.911668
vt 0.24293 0.936706
vt 0.244359 0.911668
vt 0.244359 0.936534
vt -0.078088 0.907051
vt 0.182797 0.911311
vt 0.182731 0.911841
vt 0.24293 0.911841
vt 0.182731 0.911841
vt 0.182797 0.911311
vt 0.24293 0.911841
vt 0.182797 0.911311
vt 0.24293 0.911311
vt 0.24293 0.911311
vt 0.244359 0.911668
vt 0.24293 0.911841
vt -0.078088 0.907051
vt -0.078088 0.906522
vt 0.182797 0.911311
vt -0.079518 0.902337
vt -0.078088 0.916326
vt -0.078088 0.902164
vt -0.079518 0.902337
vt -0.079518 0.940648
vt -0.078088 0.916326
vt -0.078088 0.916326
vt -0.079518 0.940648
vt -0.078088 0.941005
vt -0.078088 0.941005
vt 0.184926 0.924514
vt -0.078088 0.916326
vt -0.078088 0.941005
vt 0.18486 0.949193
vt 0.184926 0.924514
vt 0.24293 0.956498
vt 0.184926 0.924514
vt 0.18486 0.949193
vt 0.24293 0.956498
vt 0.24293 0.931819
vt 0.184926 0.924514
vt 0.24293 0.90677
vt 0.184775 0.931103
vt 0.24293 0.906954
vt 0.24293 0.90677
vt 0.184696 0.90677
vt 0.184775 0.931103
vt 0.246274 0.887338
vt 0.246238 0.907522
vt 0.24481 0.907507
vt 0.246274 0.887338
vt 0.24481 0.907507
vt 0.244845 0.887324
vt 0.244845 0.887324
vt 0.24481 0.907507
vt 0.184696 0.90677
vt 0.244845 0.887324
vt 0.184696 0.90677
vt 0.186631 0.88661
vt -0.076069 0.882348
vt 0.186631 0.88661
vt 0.184696 0.90677
vt -0.076069 0.882348
vt 0.184696 0.90677
vt -0.076104 0.902531
vt -0.077533 0.90251
vt -0.076069 0.882348
vt -0.076104 0.902531
vt -0.077533 0.90251
vt -0.077497 0.882327
vt -0.076069 0.882348
vt -0.078088 0.921398
vt -0.079518 0.940648
vt -0.079518 0.921041
vt -0.078088 0.921398
vt -0.078088 0.941005
vt -0.079518 0.940648
vt -0.078088 0.941005
vt -0.078088 0.921398
vt 0.182961 0.929585
vt -0.078088 0.941005
vt 0.182961 0.929585
vt 0.18486 0.949193
vt 0.24293 0.93689
vt 0.18486 0.949193
vt 0.182961 0.929585
vt 0.24293 0.93689
vt 0.24293 0.956498
vt 0.18486 0.949193
vt -0.078088 0.921214
vt 0.182961 0.929585
vt -0.078088 0.921398
vt -0.078088 0.921214
vt 0.182882 0.929401
vt 0.182961 0.929585
vt 0.24293 0.956498
vt 0.244359 0.936534
vt 0.244359 0.956141
vt 0.24293 0.956498
vt 0.24293 0.93689
vt 0.244359 0.936534
vt 0.24293 0.936706
vt 0.182961 0.929585
vt 0.182882 0.929401
vt 0.24293 0.936706
vt 0.24293 0.93689
vt 0.182961 0.929585
vt -0.078088 0.90198
vt 0.184775 0.931103
vt 0.184696 0.90677
vt -0.078088 0.90198
vt -0.078088 0.902164
vt 0.184775 0.931103
vt 0.24293 0.931819
vt 0.184775 0.931103
vt 0.184926 0.924514
vt 0.24293 0.931819
vt 0.24293 0.906954
vt 0.184775 0.931103
vt -0.078088 0.902164
vt 0.184926 0.924514
vt 0.184775 0.931103
vt -0.078088 0.902164
vt -0.078088 0.916326
vt 0.184926 0.924514
vt -0.06656 0.957691
vt -0.031561 0.928522
vt -0.031496 0.957679
vt -0.06656 0.957691
vt -0.066624 0.928534
vt -0.031561 0.928522
vt -0.07731 0.928534
vt -0.058191 0.957679
vt -0.077275 0.957691
vt -0.07731 0.928534
vt -0.058226 0.928522
vt -0.058191 0.957679
vt -0.083726 0.940116
vt -0.085353 0.967796
vt -0.083726 0.968202
vt -0.083726 0.968202
vt 0.281619 0.927789
vt -0.083726 0.940116
vt -0.083726 0.917122
vt -0.083726 0.940116
vt 0.281619 0.927789
vt -0.083726 0.917122
vt 0.281619 0.927789
vt 0.281619 0.917122
vt -0.083726 0.968202
vt 0.281619 0.955875
vt 0.281619 0.927789
vt 0.281619 0.927789
vt 0.281619 0.955875
vt 0.283246 0.955469
vt 0.281619 0.922082
vt 0.283246 0.922488
vt 0.281619 0.922684
vt 0.281619 0.922684
vt -0.083726 0.922082
vt 0.281619 0.922082
vt 0.281619 0.922684
vt -0.083726 0.922684
vt -0.083726 0.922082
vt -0.083726 0.922684
vt 0.281619 0.922684
vt 0.281619 0.933351
vt -0.083726 0.922684
vt 0.281619 0.933351
vt -0.083726 0.945678
vt -0.083726 0.922684
vt -0.083726 0.945678
vt -0.085353 0.945482
vt -0.083726 0.922684
vt -0.085353 0.945482
vt -0.085353 0.922488
vt -0.083726 0.922082
vt -0.083726 0.922684
vt -0.085353 0.922488
vt 0.281619 0.933351
vt 0.281619 0.922684
vt 0.283246 0.922488
vt 0.281619 0.933351
vt 0.283246 0.922488
vt 0.283246 0.933154
vt -0.085353 0.917319
vt -0.083726 0.940116
vt -0.083726 0.917122
vt -0.085353 0.917319
vt -0.085353 0.967796
vt -0.083726 0.940116
vt 0.283246 0.955469
vt 0.281619 0.917122
vt 0.281619 0.927789
vt 0.283246 0.955469
vt 0.283246 0.917319
vt 0.281619 0.917122
vt 0.281619 0.916913
vt -0.083726 0.917122
vt 0.281619 0.917122
vt 0.281619 0.916913
vt -0.083726 0.916913
vt -0.083726 0.917122
vt 0.283287 0.894349
vt 0.283246 0.917319
vt 0.28162 0.917302
vt 0.283287 0.894349
vt 0.28162 0.917302
vt 0.28166 0.894333
vt -0.083551 0.889854
vt 0.28166 0.894333
vt 0.28162 0.917302
vt -0.083551 0.889854
vt 0.28162 0.917302
vt -0.083592 0.912823
vt -0.085218 0.9128
vt -0.083551 0.889854
vt -0.083592 0.912823
vt -0.085218 0.9128
vt -0.085177 0.889831
vt -0.083551 0.889854
vt -0.083726 0.945887
vt -0.085353 0.967796
vt -0.085353 0.945482
vt -0.083726 0.945887
vt -0.083726 0.968202
vt -0.085353 0.967796
vt -0.083726 0.968202
vt -0.083726 0.945887
vt 0.281619 0.93356
vt -0.083726 0.968202
vt 0.281619 0.93356
vt 0.281619 0.955875
vt 0.281619 0.955875
vt 0.281619 0.93356
vt 0.283246 0.933154
vt 0.281619 0.955875
vt 0.283246 0.933154
vt 0.283246 0.955469
vt -0.083726 0.945678
vt 0.281619 0.93356
vt -0.083726 0.945887
vt -0.083726 0.945678
vt 0.281619 0.933351
vt 0.281619 0.93356
vt 0.864202 0.906264
vt 0.865599 0.906612
vt 0.864202 0.906781
vt 0.864202 0.906781
vt 0.787707 0.906264
vt 0.864202 0.906264
vt 0.864202 0.906781
vt 0.787638 0.906781
vt 0.787707 0.906264
vt 0.540407 0.906781
vt 0.787707 0.906264
vt 0.787638 0.906781
vt 0.540407 0.906781
vt 0.540407 0.906264
vt 0.787707 0.906264
vt 0.864202 0.906781
vt 0.787812 0.932001
vt 0.787638 0.906781
vt 0.540407 0.906781
vt 0.787638 0.906781
vt 0.787812 0.932001
vt 0.540407 0.906781
vt 0.787812 0.932001
vt 0.540407 0.915947
vt 0.540407 0.906781
vt 0.540407 0.915947
vt 0.53901 0.915778
vt 0.540407 0.906781
vt 0.53901 0.915778
vt 0.53901 0.906612
vt 0.864202 0.906781
vt 0.864202 0.915947
vt 0.787812 0.932001
vt 0.864202 0.915947
vt 0.864202 0.906781
vt 0.865599 0.906612
vt 0.864202 0.915947
vt 0.865599 0.906612
vt 0.865599 0.915778
vt 0.865599 0.915778
vt 0.864202 0.916127
vt 0.864202 0.915947
vt 0.864202 0.915947
vt 0.864202 0.916127
vt 0.787895 0.932181
vt 0.864202 0.915947
vt 0.787895 0.932181
vt 0.787812 0.932001
vt 0.53901 0.902171
vt 0.540407 0.911168
vt 0.540407 0.902001
vt 0.53901 0.902171
vt 0.53901 0.932948
vt 0.540407 0.911168
vt 0.865599 0.932948
vt 0.864202 0.902001
vt 0.864202 0.911168
vt 0.865599 0.932948
vt 0.865599 0.902171
vt 0.864202 0.902001
vt 0.864202 0.901822
vt 0.789776 0.902001
vt 0.864202 0.902001
vt 0.864202 0.901822
vt 0.789694 0.901822
vt 0.789776 0.902001
vt 0.540407 0.901822
vt 0.789776 0.902001
vt 0.789694 0.901822
vt 0.540407 0.901822
vt 0.540407 0.902001
vt 0.789776 0.902001
vt 0.866164 0.887344
vt 0.866128 0.907222
vt 0.864721 0.907208
vt 0.866164 0.887344
vt 0.864721 0.907208
vt 0.864756 0.887329
vt 0.864756 0.887329
vt 0.864721 0.907208
vt 0.787707 0.906264
vt 0.864756 0.887329
vt 0.787707 0.906264
vt 0.789743 0.88641
vt 0.538764 0.883331
vt 0.789743 0.88641
vt 0.787707 0.906264
vt 0.538764 0.883331
vt 0.787707 0.906264
vt 0.538728 0.90321
vt 0.537321 0.90319
vt 0.538764 0.883331
vt 0.538728 0.90321
vt 0.537321 0.90319
vt 0.537356 0.883312
vt 0.538764 0.883331
vt 0.540407 0.916127
vt 0.53901 0.932948
vt 0.53901 0.915778
vt 0.540407 0.916127
vt 0.540407 0.933296
vt 0.53901 0.932948
vt 0.540407 0.933296
vt 0.540407 0.916127
vt 0.787895 0.932181
vt 0.540407 0.933296
vt 0.787895 0.932181
vt 0.789882 0.94935
vt 0.864202 0.916127
vt 0.789882 0.94935
vt 0.787895 0.932181
vt 0.864202 0.916127
vt 0.864202 0.933296
vt 0.789882 0.94935
vt 0.864202 0.933296
vt 0.864202 0.916127
vt 0.865599 0.915778
vt 0.864202 0.933296
vt 0.865599 0.915778
vt 0.865599 0.932948
vt 0.540407 0.915947
vt 0.787895 0.932181
vt 0.540407 0.916127
vt 0.540407 0.915947
vt 0.787812 0.932001
vt 0.787895 0.932181
vt 0.864202 0.911168
vt 0.864202 0.902001
vt 0.789776 0.902001
vt 0.864202 0.911168
vt 0.789776 0.902001
vt 0.789951 0.927221
vt 0.864202 0.933296
vt 0.864202 0.911168
vt 0.789951 0.927221
vt 0.864202 0.911168
vt 0.864202 0.933296
vt 0.865599 0.932948
vt 0.540407 0.902001
vt 0.789951 0.927221
vt 0.789776 0.902001
vt 0.540407 0.902001
vt 0.540407 0.911168
vt 0.789951 0.927221
vt 0.540407 0.933296
vt 0.789951 0.927221
vt 0.540407 0.911168
vt 0.540407 0.933296
vt 0.789882 0.94935
vt 0.789951 0.927221
vt 0.864202 0.933296
vt 0.789951 0.927221
vt 0.789882 0.94935
vt 0.540407 0.911168
vt 0.53901 0.932948
vt 0.540407 0.933296
vt 0.007151 0.972249
vt 0.013575 0.963325
vt 0.013586 0.972245
vt 0.007151 0.972249
vt 0.007139 0.963328
vt 0.013575 0.963325
vt 0.007139 0.963328
vt 0.013586 0.972245
vt 0.007151 0.972249
vt 0.007139 0.963328
vt 0.013575 0.963325
vt 0.013586 0.972245
vt 0.882186 0.919858
vt 0.883575 0.920205
vt 0.882186 0.920372
vt 0.882186 0.920372
vt 0.589074 0.919858
vt 0.882186 0.919858
vt 0.882186 0.920372
vt 0.589057 0.920372
vt 0.589074 0.919858
vt 0.570372 0.920372
vt 0.589074 0.919858
vt 0.589057 0.920372
vt 0.570372 0.920372
vt 0.570372 0.919858
vt 0.589074 0.919858
vt 0.882186 0.920372
vt 0.589209 0.946268
vt 0.589057 0.920372
vt 0.570372 0.920372
vt 0.589057 0.920372
vt 0.589209 0.946268
vt 0.570372 0.920372
vt 0.589209 0.946268
vt 0.570372 0.946268
vt 0.570372 0.920372
vt 0.570372 0.946268
vt 0.568983 0.9461
vt 0.570372 0.920372
vt 0.568983 0.9461
vt 0.568983 0.920205
vt 0.570372 0.919858
vt 0.570372 0.920372
vt 0.568983 0.920205
vt 0.882186 0.920372
vt 0.882186 0.929476
vt 0.589209 0.946268
vt 0.882186 0.929476
vt 0.882186 0.920372
vt 0.883575 0.920205
vt 0.882186 0.929476
vt 0.883575 0.920205
vt 0.883575 0.929309
vt 0.568983 0.915793
vt 0.570372 0.941521
vt 0.570372 0.915625
vt 0.568983 0.915793
vt 0.568983 0.963408
vt 0.570372 0.941521
vt 0.570372 0.941521
vt 0.568983 0.963408
vt 0.570372 0.963754
vt 0.570372 0.963754
vt 0.589857 0.96324
vt 0.570372 0.941521
vt 0.570372 0.963754
vt 0.58984 0.963754
vt 0.589857 0.96324
vt 0.882186 0.946963
vt 0.589857 0.96324
vt 0.58984 0.963754
vt 0.882186 0.946963
vt 0.882186 0.924729
vt 0.589857 0.96324
vt 0.882186 0.924729
vt 0.589705 0.915625
vt 0.589857 0.96324
vt 0.882186 0.924729
vt 0.882186 0.915625
vt 0.589705 0.915625
vt 0.882186 0.924729
vt 0.882186 0.946963
vt 0.883575 0.946616
vt 0.883575 0.946616
vt 0.882186 0.915625
vt 0.882186 0.924729
vt 0.883575 0.946616
vt 0.883575 0.915793
vt 0.882186 0.915625
vt 0.882186 0.915447
vt 0.589705 0.915625
vt 0.882186 0.915625
vt 0.882186 0.915447
vt 0.589676 0.915447
vt 0.589705 0.915625
vt 0.570372 0.915447
vt 0.589705 0.915625
vt 0.589676 0.915447
vt 0.570372 0.915447
vt 0.570372 0.915625
vt 0.589705 0.915625
vt 0.884703 0.899619
vt 0.884668 0.919299
vt 0.883275 0.919284
vt 0.884703 0.899619
vt 0.883275 0.919284
vt 0.88331 0.899605
vt 0.88331 0.899605
vt 0.883275 0.919284
vt 0.589139 0.915677
vt 0.88331 0.899605
vt 0.589139 0.915677
vt 0.589778 0.896005
vt 0.570406 0.895768
vt 0.589778 0.896005
vt 0.589139 0.915677
vt 0.570406 0.895768
vt 0.589139 0.915677
vt 0.570372 0.915447
vt 0.568978 0.915427
vt 0.570406 0.895768
vt 0.570372 0.915447
vt 0.568978 0.915427
vt 0.569013 0.895747
vt 0.570406 0.895768
vt 0.570372 0.946447
vt 0.568983 0.963408
vt 0.568983 0.9461
vt 0.570372 0.946447
vt 0.570372 0.963754
vt 0.568983 0.963408
vt 0.570372 0.963754
vt 0.570372 0.946447
vt 0.589238 0.946447
vt 0.570372 0.963754
vt 0.589238 0.946447
vt 0.58984 0.963754
vt 0.882186 0.929655
vt 0.58984 0.963754
vt 0.589238 0.946447
vt 0.882186 0.929655
vt 0.882186 0.946963
vt 0.58984 0.963754
vt 0.882186 0.946963
vt 0.882186 0.929655
vt 0.883575 0.929309
vt 0.882186 0.946963
vt 0.883575 0.929309
vt 0.883575 0.946616
vt 0.570372 0.946268
vt 0.589238 0.946447
vt 0.570372 0.946447
vt 0.570372 0.946268
vt 0.589209 0.946268
vt 0.589238 0.946447
vt 0.882186 0.929476
vt 0.589238 0.946447
vt 0.589209 0.946268
vt 0.882186 0.929476
vt 0.882186 0.929655
vt 0.589238 0.946447
vt 0.570372 0.915625
vt 0.589857 0.96324
vt 0.589705 0.915625
vt 0.570372 0.915625
vt 0.570372 0.941521
vt 0.589857 0.96324
vt 0.021991 0.958785
vt 0.030185 0.947557
vt 0.0302 0.958781
vt 0.021991 0.958785
vt 0.021976 0.947561
vt 0.030185 0.947557
vt 0.011203 0.963328
vt 0.016262 0.972245
vt 0.011212 0.972249
vt 0.011203 0.963328
vt 0.016253 0.963325
vt 0.016262 0.972245
vt 0.817865 0.917087
vt 0.817829 0.937097
vt 0.816413 0.937083
vt 0.817865 0.917087
vt 0.816413 0.937083
vt 0.816449 0.917073
vt 0.816449 0.917073
vt 0.816413 0.937083
vt 0.75272 0.936302
vt 0.816449 0.917073
vt 0.75272 0.936302
vt 0.753208 0.916297
vt 0.498292 0.913171
vt 0.753208 0.916297
vt 0.75272 0.936302
vt 0.498292 0.913171
vt 0.75272 0.936302
vt 0.498257 0.933181
vt 0.49684 0.933161
vt 0.498292 0.913171
vt 0.498257 0.933181
vt 0.49684 0.933161
vt 0.496876 0.913151
vt 0.498292 0.913171
vt 0.497925 0.941326
vt 0.496509 0.930947
vt 0.496509 0.941154
vt 0.497925 0.941326
vt 0.497925 0.95061
vt 0.496509 0.930947
vt 0.497925 0.9313
vt 0.496509 0.948598
vt 0.496509 0.930947
vt 0.497925 0.9313
vt 0.497925 0.948951
vt 0.496509 0.948598
vt 0.497925 0.948951
vt 0.497925 0.9313
vt 0.75228 0.94695
vt 0.497925 0.948951
vt 0.75228 0.94695
vt 0.752732 0.964601
vt 0.81593 0.948951
vt 0.817346 0.930947
vt 0.817346 0.948598
vt 0.81593 0.948951
vt 0.81593 0.9313
vt 0.817346 0.930947
vt 0.81593 0.9313
vt 0.81593 0.948951
vt 0.752732 0.964601
vt 0.81593 0.9313
vt 0.752732 0.964601
vt 0.75228 0.94695
vt 0.81593 0.95061
vt 0.817346 0.941154
vt 0.817346 0.930947
vt 0.81593 0.95061
vt 0.81593 0.941326
vt 0.817346 0.941154
vt 0.497925 0.936302
vt 0.497925 0.936484
vt 0.752737 0.936484
vt 0.497925 0.936302
vt 0.752737 0.936484
vt 0.75272 0.936302
vt 0.81593 0.936302
vt 0.75272 0.936302
vt 0.752737 0.936484
vt 0.81593 0.936302
vt 0.752737 0.936484
vt 0.81593 0.936484
vt 0.81593 0.941326
vt 0.81593 0.95061
vt 0.752262 0.96626
vt 0.81593 0.941326
vt 0.752262 0.96626
vt 0.752251 0.941326
vt 0.81593 0.941326
vt 0.752251 0.941326
vt 0.752268 0.940801
vt 0.81593 0.941326
vt 0.752268 0.940801
vt 0.81593 0.940801
vt 0.81593 0.940801
vt 0.817346 0.941154
vt 0.81593 0.941326
vt 0.497925 0.941326
vt 0.752251 0.941326
vt 0.752262 0.96626
vt 0.497925 0.941326
vt 0.752268 0.940801
vt 0.752251 0.941326
vt 0.497925 0.941326
vt 0.497925 0.940801
vt 0.752268 0.940801
vt 0.497925 0.940801
vt 0.497925 0.941326
vt 0.496509 0.941154
vt 0.497925 0.941326
vt 0.752262 0.96626
vt 0.497925 0.95061
vt 0.81593 0.945769
vt 0.81593 0.936484
vt 0.752737 0.936484
vt 0.81593 0.945769
vt 0.752737 0.936484
vt 0.752749 0.961419
vt 0.81593 0.948951
vt 0.81593 0.945769
vt 0.752749 0.961419
vt 0.81593 0.945769
vt 0.81593 0.948951
vt 0.817346 0.948598
vt 0.497925 0.936484
vt 0.752749 0.961419
vt 0.752737 0.936484
vt 0.497925 0.936484
vt 0.497925 0.945769
vt 0.752749 0.961419
vt 0.497925 0.948951
vt 0.752749 0.961419
vt 0.497925 0.945769
vt 0.497925 0.948951
vt 0.752732 0.964601
vt 0.752749 0.961419
vt 0.81593 0.948951
vt 0.752749 0.961419
vt 0.752732 0.964601
vt 0.497925 0.945769
vt 0.496509 0.948598
vt 0.497925 0.948951
vt 0.003674 0.972439
vt 0.008066 0.963135
vt 0.008074 0.972435
vt 0.003674 0.972439
vt 0.003666 0.963139
vt 0.008066 0.963135
vt 0.003666 0.963139
vt 0.008074 0.972435
vt 0.003674 0.972439
vt 0.003666 0.963139
vt 0.008066 0.963135
vt 0.008074 0.972435
vt 0.496509 0.930947
vt 0.497925 0.95061
vt 0.497925 0.9313
vt 0.497925 0.95061
vt 0.75228 0.94695
vt 0.497925 0.9313
vt 0.497925 0.95061
vt 0.752262 0.96626
vt 0.75228 0.94695
vt 0.81593 0.95061
vt 0.75228 0.94695
vt 0.752262 0.96626
vt 0.81593 0.95061
vt 0.81593 0.9313
vt 0.75228 0.94695
vt 0.817346 0.930947
vt 0.81593 0.9313
vt 0.81593 0.95061
vt 0.496509 0.936655
vt 0.497925 0.945769
vt 0.497925 0.936484
vt 0.496509 0.936655
vt 0.496509 0.948598
vt 0.497925 0.945769
vt 0.817346 0.948598
vt 0.81593 0.936484
vt 0.81593 0.945769
vt 0.817346 0.948598
vt 0.817346 0.936655
vt 0.81593 0.936484
vt 0.719238 0.864574
vt 0.72086 0.864979
vt 0.719238 0.865175
vt 0.719238 0.888653
vt 0.719238 0.865175
vt 0.72086 0.864979
vt 0.343627 0.878019
vt 0.719238 0.865175
vt 0.719238 0.888653
vt 0.719238 0.865175
vt 0.343627 0.878019
vt 0.343627 0.877418
vt 0.719238 0.865175
vt 0.343627 0.877418
vt 0.719238 0.864574
vt 0.719238 0.888653
vt 0.72086 0.864979
vt 0.72086 0.888457
vt 0.343627 0.877418
vt 0.343627 0.878019
vt 0.342005 0.877823
vt 0.343627 0.878019
vt 0.719238 0.888653
vt 0.343627 0.888653
vt 0.343627 0.878019
vt 0.343627 0.888653
vt 0.342005 0.888457
vt 0.343627 0.878019
vt 0.342005 0.888457
vt 0.342005 0.877823
vt 0.342005 0.87267
vt 0.343627 0.883108
vt 0.343627 0.872474
vt 0.342005 0.87267
vt 0.342005 0.917775
vt 0.343627 0.883108
vt 0.72086 0.917775
vt 0.719238 0.872474
vt 0.719238 0.883108
vt 0.72086 0.917775
vt 0.72086 0.87267
vt 0.719238 0.872474
vt 0.719238 0.872265
vt 0.343627 0.872474
vt 0.719238 0.872474
vt 0.719238 0.872265
vt 0.343627 0.872265
vt 0.343627 0.872474
vt 0.720397 0.853784
vt 0.720357 0.873785
vt 0.718744 0.873768
vt 0.720397 0.853784
vt 0.718744 0.873768
vt 0.718785 0.853768
vt 0.34531 0.849187
vt 0.718785 0.853768
vt 0.718744 0.873768
vt 0.34531 0.849187
vt 0.718744 0.873768
vt 0.345269 0.871964
vt 0.343657 0.87194
vt 0.34531 0.849187
vt 0.345269 0.871964
vt 0.343657 0.87194
vt 0.343698 0.849164
vt 0.34531 0.849187
vt 0.343627 0.888862
vt 0.342005 0.917775
vt 0.342005 0.888457
vt 0.343627 0.888862
vt 0.343627 0.91818
vt 0.342005 0.917775
vt 0.343627 0.91818
vt 0.343627 0.888862
vt 0.719238 0.888862
vt 0.343627 0.91818
vt 0.719238 0.888862
vt 0.719238 0.91818
vt 0.719238 0.91818
vt 0.719238 0.888862
vt 0.72086 0.888457
vt 0.719238 0.91818
vt 0.72086 0.888457
vt 0.72086 0.917775
vt 0.343627 0.888653
vt 0.719238 0.888862
vt 0.343627 0.888862
vt 0.343627 0.888653
vt 0.719238 0.888653
vt 0.719238 0.888862
vt 0.343627 0.872474
vt 0.719238 0.883108
vt 0.719238 0.872474
vt 0.343627 0.872474
vt 0.343627 0.883108
vt 0.719238 0.883108
vt -0.000458 0.972249
vt 0.004335 0.963325
vt 0.004344 0.972245
vt -0.000458 0.972249
vt -0.000467 0.963328
vt 0.004335 0.963325
vt 0.008132 0.966701
vt 0.015963 0.972245
vt 0.008146 0.972249
vt 0.008132 0.966701
vt 0.015949 0.963325
vt 0.015963 0.972245
vt 0.343627 0.883108
vt 0.342005 0.917775
vt 0.343627 0.91818
vt 0.343627 0.91818
vt 0.719238 0.883108
vt 0.343627 0.883108
vt 0.343627 0.91818
vt 0.719238 0.91818
vt 0.719238 0.883108
vt 0.719238 0.883108
vt 0.719238 0.91818
vt 0.72086 0.917775
vt 0.69277 0.918814
vt 0.694151 0.919159
vt 0.69277 0.919326
vt 0.69277 0.919326
vt 0.575033 0.918814
vt 0.69277 0.918814
vt 0.69277 0.919326
vt 0.575033 0.919326
vt 0.575033 0.918814
vt 0.382734 0.919326
vt 0.575033 0.918814
vt 0.575033 0.919326
vt 0.382734 0.919326
vt 0.382734 0.918814
vt 0.575033 0.918814
vt 0.69277 0.919326
vt 0.575033 0.940274
vt 0.575033 0.919326
vt 0.382734 0.919326
vt 0.575033 0.919326
vt 0.575033 0.940274
vt 0.382734 0.919326
vt 0.575033 0.940274
vt 0.382734 0.928378
vt 0.382734 0.919326
vt 0.382734 0.928378
vt 0.381354 0.928211
vt 0.382734 0.919326
vt 0.381354 0.928211
vt 0.381354 0.919159
vt 0.69277 0.919326
vt 0.69277 0.928378
vt 0.575033 0.940274
vt 0.69277 0.928378
vt 0.69277 0.919326
vt 0.694151 0.919159
vt 0.69277 0.928378
vt 0.694151 0.919159
vt 0.694151 0.928211
vt 0.381354 0.914772
vt 0.382734 0.923657
vt 0.382734 0.914605
vt 0.381354 0.914772
vt 0.381354 0.947832
vt 0.382734 0.923657
vt 0.694151 0.947832
vt 0.69277 0.914605
vt 0.69277 0.923657
vt 0.694151 0.947832
vt 0.694151 0.914772
vt 0.69277 0.914605
vt 0.69277 0.914428
vt 0.575033 0.914605
vt 0.69277 0.914605
vt 0.69277 0.914428
vt 0.575033 0.914428
vt 0.575033 0.914605
vt 0.382734 0.914428
vt 0.575033 0.914605
vt 0.575033 0.914428
vt 0.382734 0.914428
vt 0.382734 0.914605
vt 0.575033 0.914605
vt 0.693657 0.896644
vt 0.693623 0.916057
vt 0.692248 0.916043
vt 0.693657 0.896644
vt 0.692248 0.916043
vt 0.692282 0.89663
vt 0.692282 0.89663
vt 0.692248 0.916043
vt 0.575033 0.914605
vt 0.692282 0.89663
vt 0.575033 0.914605
vt 0.575067 0.895193
vt 0.383622 0.892845
vt 0.575067 0.895193
vt 0.575033 0.914605
vt 0.383622 0.892845
vt 0.575033 0.914605
vt 0.383587 0.912257
vt 0.382213 0.912238
vt 0.383622 0.892845
vt 0.383587 0.912257
vt 0.382213 0.912238
vt 0.382248 0.892825
vt 0.383622 0.892845
vt 0.382734 0.928555
vt 0.381354 0.947832
vt 0.381354 0.928211
vt 0.382734 0.928555
vt 0.382734 0.948177
vt 0.381354 0.947832
vt 0.382734 0.948177
vt 0.382734 0.928555
vt 0.575033 0.940451
vt 0.382734 0.948177
vt 0.575033 0.940451
vt 0.575033 0.960072
vt 0.69277 0.928555
vt 0.575033 0.960072
vt 0.575033 0.940451
vt 0.69277 0.928555
vt 0.69277 0.948177
vt 0.575033 0.960072
vt 0.69277 0.948177
vt 0.69277 0.928555
vt 0.694151 0.928211
vt 0.69277 0.948177
vt 0.694151 0.928211
vt 0.694151 0.947832
vt 0.69277 0.928378
vt 0.69277 0.928555
vt 0.575033 0.940451
vt 0.69277 0.928378
vt 0.575033 0.940451
vt 0.575033 0.940274
vt 0.382734 0.928378
vt 0.575033 0.940451
vt 0.382734 0.928555
vt 0.382734 0.928378
vt 0.575033 0.940274
vt 0.575033 0.940451
vt 0.69277 0.923657
vt 0.69277 0.914605
vt 0.575033 0.914605
vt 0.69277 0.923657
vt 0.575033 0.914605
vt 0.575033 0.935553
vt 0.69277 0.948177
vt 0.69277 0.923657
vt 0.575033 0.935553
vt 0.69277 0.923657
vt 0.69277 0.948177
vt 0.694151 0.947832
vt 0.382734 0.914605
vt 0.575033 0.935553
vt 0.575033 0.914605
vt 0.382734 0.914605
vt 0.382734 0.923657
vt 0.575033 0.935553
vt 0.382734 0.948177
vt 0.575033 0.935553
vt 0.382734 0.923657
vt 0.382734 0.948177
vt 0.575033 0.960072
vt 0.575033 0.935553
vt 0.69277 0.948177
vt 0.575033 0.935553
vt 0.575033 0.960072
vt 0.382734 0.923657
vt 0.381354 0.947832
vt 0.382734 0.948177
vt 0.016479 0.972249
vt 0.019971 0.963325
vt 0.019978 0.972245
vt 0.016479 0.972249
vt 0.016473 0.963328
vt 0.019971 0.963325
vt 0.016473 0.963328
vt 0.019978 0.972245
vt 0.016479 0.972249
vt 0.016473 0.963328
vt 0.019971 0.963325
vt 0.019978 0.972245
vt 0.713786 0.909918
vt 0.715034 0.91023
vt 0.713786 0.910381
vt 0.713786 0.910381
vt 0.458581 0.897988
vt 0.713786 0.909918
vt 0.713786 0.910381
vt 0.458588 0.89845
vt 0.458581 0.897988
vt 0.713786 0.910381
vt 0.458662 0.91857
vt 0.458588 0.89845
vt 0.42452 0.910381
vt 0.458588 0.89845
vt 0.458662 0.91857
vt 0.42452 0.910381
vt 0.458662 0.91857
vt 0.42452 0.91857
vt 0.42452 0.910381
vt 0.42452 0.91857
vt 0.423271 0.918419
vt 0.42452 0.910381
vt 0.423271 0.918419
vt 0.423271 0.91023
vt 0.713786 0.910381
vt 0.713786 0.91857
vt 0.458662 0.91857
vt 0.713786 0.91857
vt 0.713786 0.910381
vt 0.715034 0.91023
vt 0.713786 0.91857
vt 0.715034 0.91023
vt 0.715034 0.918419
vt 0.42452 0.909918
vt 0.42452 0.910381
vt 0.423271 0.91023
vt 0.42452 0.910381
vt 0.42452 0.909918
vt 0.458581 0.897988
vt 0.42452 0.910381
vt 0.458581 0.897988
vt 0.458588 0.89845
vt 0.423271 0.906261
vt 0.42452 0.9143
vt 0.42452 0.90611
vt 0.423271 0.906261
vt 0.423271 0.939389
vt 0.42452 0.9143
vt 0.715034 0.939389
vt 0.713786 0.90611
vt 0.713786 0.9143
vt 0.715034 0.939389
vt 0.715034 0.906261
vt 0.713786 0.90611
vt 0.713786 0.90595
vt 0.458477 0.89418
vt 0.713786 0.90611
vt 0.713786 0.90595
vt 0.458478 0.894019
vt 0.458477 0.89418
vt 0.716704 0.882033
vt 0.716673 0.899794
vt 0.715415 0.899781
vt 0.716704 0.882033
vt 0.715415 0.899781
vt 0.715447 0.882021
vt 0.715447 0.882021
vt 0.715415 0.899781
vt 0.458478 0.894019
vt 0.715447 0.882021
vt 0.458478 0.894019
vt 0.458406 0.876257
vt 0.424217 0.878449
vt 0.458406 0.876257
vt 0.458478 0.894019
vt 0.424217 0.878449
vt 0.458478 0.894019
vt 0.424185 0.896209
vt 0.422928 0.896191
vt 0.424217 0.878449
vt 0.424185 0.896209
vt 0.422928 0.896191
vt 0.42296 0.878431
vt 0.424217 0.878449
vt 0.42452 0.918731
vt 0.423271 0.939389
vt 0.423271 0.918419
vt 0.42452 0.918731
vt 0.42452 0.939701
vt 0.423271 0.939389
vt 0.42452 0.939701
vt 0.42452 0.918731
vt 0.458661 0.918731
vt 0.42452 0.939701
vt 0.458661 0.918731
vt 0.458558 0.939701
vt 0.713786 0.918731
vt 0.458558 0.939701
vt 0.458661 0.918731
vt 0.713786 0.918731
vt 0.713786 0.939701
vt 0.458558 0.939701
vt 0.713786 0.939701
vt 0.713786 0.918731
vt 0.715034 0.918419
vt 0.713786 0.939701
vt 0.715034 0.918419
vt 0.715034 0.939389
vt 0.42452 0.91857
vt 0.458661 0.918731
vt 0.42452 0.918731
vt 0.42452 0.91857
vt 0.458662 0.91857
vt 0.458661 0.918731
vt 0.713786 0.91857
vt 0.458661 0.918731
vt 0.458662 0.91857
vt 0.713786 0.91857
vt 0.713786 0.918731
vt 0.458661 0.918731
vt 0.42452 0.90595
vt 0.458477 0.89418
vt 0.458478 0.894019
vt 0.42452 0.90595
vt 0.42452 0.90611
vt 0.458477 0.89418
vt 0.42452 0.90595
vt 0.423271 0.906261
vt 0.42452 0.90611
vt 0.713786 0.9143
vt 0.713786 0.90611
vt 0.458477 0.89418
vt 0.713786 0.9143
vt 0.458477 0.89418
vt 0.458551 0.9143
vt 0.713786 0.939701
vt 0.713786 0.9143
vt 0.458551 0.9143
vt 0.713786 0.9143
vt 0.713786 0.939701
vt 0.715034 0.939389
vt 0.42452 0.90611
vt 0.458551 0.9143
vt 0.458477 0.89418
vt 0.42452 0.90611
vt 0.42452 0.9143
vt 0.458551 0.9143
vt 0.42452 0.939701
vt 0.458551 0.9143
vt 0.42452 0.9143
vt 0.42452 0.939701
vt 0.458558 0.939701
vt 0.458551 0.9143
vt 0.713786 0.939701
vt 0.458551 0.9143
vt 0.458558 0.939701
vt 0.42452 0.9143
vt 0.423271 0.939389
vt 0.42452 0.939701
vt -0.320989 0.94319
vt -0.314454 0.928129
vt -0.314442 0.943184
vt -0.320989 0.94319
vt -0.321001 0.928136
vt -0.314454 0.928129
vt -0.321001 0.928136
vt -0.314442 0.943184
vt -0.320989 0.94319
vt -0.321001 0.928136
vt -0.314454 0.928129
vt -0.314442 0.943184
vt 0.713786 0.909918
vt 0.715034 0.91023
vt 0.713786 0.910381
vt 0.713786 0.910381
vt 0.458581 0.897988
vt 0.713786 0.909918
vt 0.713786 0.910381
vt 0.458588 0.89845
vt 0.458581 0.897988
vt 0.713786 0.910381
vt 0.458662 0.91857
vt 0.458588 0.89845
vt 0.42452 0.910381
vt 0.458588 0.89845
vt 0.458662 0.91857
vt 0.42452 0.910381
vt 0.458662 0.91857
vt 0.42452 0.91857
vt 0.42452 0.910381
vt 0.42452 0.91857
vt 0.423271 0.918419
vt 0.42452 0.910381
vt 0.423271 0.918419
vt 0.423271 0.91023
vt 0.713786 0.910381
vt 0.713786 0.91857
vt 0.458662 0.91857
vt 0.713786 0.91857
vt 0.713786 0.910381
vt 0.715034 0.91023
vt 0.713786 0.91857
vt 0.715034 0.91023
vt 0.715034 0.918419
vt 0.42452 0.909918
vt 0.42452 0.910381
vt 0.423271 0.91023
vt 0.42452 0.910381
vt 0.42452 0.909918
vt 0.458581 0.897988
vt 0.42452 0.910381
vt 0.458581 0.897988
vt 0.458588 0.89845
vt 0.423271 0.906261
vt 0.42452 0.9143
vt 0.42452 0.90611
vt 0.423271 0.906261
vt 0.423271 0.939389
vt 0.42452 0.9143
vt 0.715034 0.939389
vt 0.713786 0.90611
vt 0.713786 0.9143
vt 0.715034 0.939389
vt 0.715034 0.906261
vt 0.713786 0.90611
vt 0.713786 0.90595
vt 0.458477 0.89418
vt 0.713786 0.90611
vt 0.713786 0.90595
vt 0.458478 0.894019
vt 0.458477 0.89418
vt 0.716704 0.882033
vt 0.716673 0.899794
vt 0.715415 0.899781
vt 0.716704 0.882033
vt 0.715415 0.899781
vt 0.715447 0.882021
vt 0.715447 0.882021
vt 0.715415 0.899781
vt 0.458478 0.894019
vt 0.715447 0.882021
vt 0.458478 0.894019
vt 0.458406 0.876257
vt 0.424217 0.878449
vt 0.458406 0.876257
vt 0.458478 0.894019
vt 0.424217 0.878449
vt 0.458478 0.894019
vt 0.424185 0.896209
vt 0.422928 0.896191
vt 0.424217 0.878449
vt 0.424185 0.896209
vt 0.422928 0.896191
vt 0.42296 0.878431
vt 0.424217 0.878449
vt 0.42452 0.918731
vt 0.423271 0.939389
vt 0.423271 0.918419
vt 0.42452 0.918731
vt 0.42452 0.939701
vt 0.423271 0.939389
vt 0.42452 0.939701
vt 0.42452 0.918731
vt 0.458661 0.918731
vt 0.42452 0.939701
vt 0.458661 0.918731
vt 0.458558 0.939701
vt 0.713786 0.918731
vt 0.458558 0.939701
vt 0.458661 0.918731
vt 0.713786 0.918731
vt 0.713786 0.939701
vt 0.458558 0.939701
vt 0.713786 0.939701
vt 0.713786 0.918731
vt 0.715034 0.918419
vt 0.713786 0.939701
vt 0.715034 0.918419
vt 0.715034 0.939389
vt 0.42452 0.91857
vt 0.458661 0.918731
vt 0.42452 0.918731
vt 0.42452 0.91857
vt 0.458662 0.91857
vt 0.458661 0.918731
vt 0.713786 0.91857
vt 0.458661 0.918731
vt 0.458662 0.91857
vt 0.713786 0.91857
vt 0.713786 0.918731
vt 0.458661 0.918731
vt 0.42452 0.90595
vt 0.458477 0.89418
vt 0.458478 0.894019
vt 0.42452 0.90595
vt 0.42452 0.90611
vt 0.458477 0.89418
vt 0.42452 0.90595
vt 0.423271 0.906261
vt 0.42452 0.90611
vt 0.713786 0.9143
vt 0.713786 0.90611
vt 0.458477 0.89418
vt 0.713786 0.9143
vt 0.458477 0.89418
vt 0.458551 0.9143
vt 0.713786 0.939701
vt 0.713786 0.9143
vt 0.458551 0.9143
vt 0.713786 0.9143
vt 0.713786 0.939701
vt 0.715034 0.939389
vt 0.42452 0.90611
vt 0.458551 0.9143
vt 0.458477 0.89418
vt 0.42452 0.90611
vt 0.42452 0.9143
vt 0.458551 0.9143
vt 0.42452 0.939701
vt 0.458551 0.9143
vt 0.42452 0.9143
vt 0.42452 0.939701
vt 0.458558 0.939701
vt 0.458551 0.9143
vt 0.713786 0.939701
vt 0.458551 0.9143
vt 0.458558 0.939701
vt 0.42452 0.9143
vt 0.423271 0.939389
vt 0.42452 0.939701
vt -0.320989 0.94319
vt -0.314454 0.928129
vt -0.314442 0.943184
vt -0.320989 0.94319
vt -0.321001 0.928136
vt -0.314454 0.928129
vt -0.321001 0.928136
vt -0.314442 0.943184
vt -0.320989 0.94319
vt -0.321001 0.928136
vt -0.314454 0.928129
vt -0.314442 0.943184
vt 0.857174 0.900037
vt 0.858267 0.900309
vt 0.857174 0.900441
vt 0.857174 0.900441
vt 0.797392 0.900037
vt 0.857174 0.900037
vt 0.857174 0.900441
vt 0.797338 0.900441
vt 0.797392 0.900037
vt 0.604121 0.900441
vt 0.797392 0.900037
vt 0.797338 0.900441
vt 0.604121 0.900441
vt 0.604121 0.900037
vt 0.797392 0.900037
vt 0.857174 0.900441
vt 0.797474 0.920151
vt 0.797338 0.900441
vt 0.604121 0.900441
vt 0.797338 0.900441
vt 0.797474 0.920151
vt 0.604121 0.900441
vt 0.797474 0.920151
vt 0.604121 0.907605
vt 0.604121 0.900441
vt 0.604121 0.907605
vt 0.603029 0.907473
vt 0.604121 0.900441
vt 0.603029 0.907473
vt 0.603029 0.900309
vt 0.857174 0.900441
vt 0.857174 0.907605
vt 0.797474 0.920151
vt 0.857174 0.907605
vt 0.857174 0.900441
vt 0.858267 0.900309
vt 0.857174 0.907605
vt 0.858267 0.900309
vt 0.858267 0.907473
vt 0.858267 0.907473
vt 0.857174 0.907745
vt 0.857174 0.907605
vt 0.857174 0.907605
vt 0.857174 0.907745
vt 0.797539 0.920292
vt 0.857174 0.907605
vt 0.797539 0.920292
vt 0.797474 0.920151
vt 0.603029 0.896838
vt 0.604121 0.903869
vt 0.604121 0.896706
vt 0.603029 0.896838
vt 0.603029 0.920891
vt 0.604121 0.903869
vt 0.858267 0.920891
vt 0.857174 0.896706
vt 0.857174 0.903869
vt 0.858267 0.920891
vt 0.858267 0.896838
vt 0.857174 0.896706
vt 0.857174 0.896565
vt 0.799009 0.896706
vt 0.857174 0.896706
vt 0.857174 0.896565
vt 0.798945 0.896565
vt 0.799009 0.896706
vt 0.604121 0.896565
vt 0.799009 0.896706
vt 0.798945 0.896565
vt 0.604121 0.896565
vt 0.604121 0.896706
vt 0.799009 0.896706
vt 0.858708 0.88525
vt 0.85868 0.900786
vt 0.85758 0.900775
vt 0.858708 0.88525
vt 0.85758 0.900775
vt 0.857608 0.885239
vt 0.857608 0.885239
vt 0.85758 0.900775
vt 0.797392 0.900037
vt 0.857608 0.885239
vt 0.797392 0.900037
vt 0.798983 0.88452
vt 0.602837 0.882115
vt 0.798983 0.88452
vt 0.797392 0.900037
vt 0.602837 0.882115
vt 0.797392 0.900037
vt 0.602809 0.89765
vt 0.601709 0.897635
vt 0.602837 0.882115
vt 0.602809 0.89765
vt 0.601709 0.897635
vt 0.601737 0.882099
vt 0.602837 0.882115
vt 0.604121 0.907745
vt 0.603029 0.920891
vt 0.603029 0.907473
vt 0.604121 0.907745
vt 0.604121 0.921164
vt 0.603029 0.920891
vt 0.604121 0.921164
vt 0.604121 0.907745
vt 0.797539 0.920292
vt 0.604121 0.921164
vt 0.797539 0.920292
vt 0.799092 0.93371
vt 0.857174 0.907745
vt 0.799092 0.93371
vt 0.797539 0.920292
vt 0.857174 0.907745
vt 0.857174 0.921164
vt 0.799092 0.93371
vt 0.857174 0.921164
vt 0.857174 0.907745
vt 0.858267 0.907473
vt 0.857174 0.921164
vt 0.858267 0.907473
vt 0.858267 0.920891
vt 0.604121 0.907605
vt 0.797539 0.920292
vt 0.604121 0.907745
vt 0.604121 0.907605
vt 0.797474 0.920151
vt 0.797539 0.920292
vt 0.857174 0.903869
vt 0.857174 0.896706
vt 0.799009 0.896706
vt 0.857174 0.903869
vt 0.799009 0.896706
vt 0.799145 0.916416
vt 0.857174 0.921164
vt 0.857174 0.903869
vt 0.799145 0.916416
vt 0.857174 0.903869
vt 0.857174 0.921164
vt 0.858267 0.920891
vt 0.604121 0.896706
vt 0.799145 0.916416
vt 0.799009 0.896706
vt 0.604121 0.896706
vt 0.604121 0.903869
vt 0.799145 0.916416
vt 0.604121 0.921164
vt 0.799145 0.916416
vt 0.604121 0.903869
vt 0.604121 0.921164
vt 0.799092 0.93371
vt 0.799145 0.916416
vt 0.857174 0.921164
vt 0.799145 0.916416
vt 0.799092 0.93371
vt 0.604121 0.903869
vt 0.603029 0.920891
vt 0.604121 0.921164
vt -0.314413 1.001389
vt -0.30493 0.988216
vt -0.304913 1.001384
vt -0.314413 1.001389
vt -0.31443 0.988221
vt -0.30493 0.988216
vt -0.31443 0.988221
vt -0.304913 1.001384
vt -0.314413 1.001389
vt -0.31443 0.988221
vt -0.30493 0.988216
vt -0.304913 1.001384
vt -0.001792 0.911604
vt 0.000163 0.924187
vt 0.000163 0.911367
vt -0.001792 0.911604
vt -0.001792 0.956025
vt 0.000163 0.924187
vt 0.43923 0.911367
vt 0.441186 0.911604
vt 0.43923 0.911116
vt 0.43923 0.911116
vt 0.37375 0.900543
vt 0.43923 0.911367
vt 0.43923 0.911116
vt 0.373666 0.90029
vt 0.37375 0.900543
vt 0.43923 0.924187
vt 0.43923 0.956513
vt 0.441186 0.956025
vt 0.43923 0.956513
vt 0.43923 0.924187
vt 0.373848 0.927
vt 0.43923 0.956513
vt 0.373848 0.927
vt 0.373775 0.959329
vt 0.213802 0.933888
vt 0.373775 0.959329
vt 0.373848 0.927
vt 0.213802 0.933888
vt 0.213757 0.966214
vt 0.373775 0.959329
vt 0.000163 0.956513
vt 0.213757 0.966214
vt 0.213802 0.933888
vt 0.000163 0.956513
vt 0.213802 0.933888
vt 0.000163 0.924187
vt 0.000163 0.924187
vt -0.001792 0.956025
vt 0.000163 0.956513
vt 0.43923 0.924187
vt 0.37375 0.900543
vt 0.373848 0.927
vt 0.213606 0.906814
vt 0.373848 0.927
vt 0.37375 0.900543
vt 0.213606 0.906814
vt 0.213802 0.933888
vt 0.373848 0.927
vt 0.000163 0.911367
vt 0.213802 0.933888
vt 0.213606 0.906814
vt 0.000163 0.911367
vt 0.000163 0.924187
vt 0.213802 0.933888
vt 0.43923 0.924187
vt 0.43923 0.911367
vt 0.37375 0.900543
vt -0.220403 0.961597
vt -0.206265 0.988895
vt -0.220377 0.988906
vt -0.220403 0.961597
vt -0.206291 0.961586
vt -0.206265 0.988895
vt -0.220377 0.988906
vt -0.206291 0.961586
vt -0.206265 0.988895
vt -0.220377 0.988906
vt -0.220403 0.961597
vt -0.206291 0.961586
vt 0.213545 0.906563
vt 0.37375 0.900543
vt 0.373666 0.90029
vt 0.213545 0.906563
vt 0.213606 0.906814
vt 0.37375 0.900543
vt 0.000163 0.911116
vt 0.213606 0.906814
vt 0.213545 0.906563
vt 0.000163 0.911116
vt 0.000163 0.911367
vt 0.213606 0.906814
vt 0.000163 0.917328
vt 0.000163 0.918052
vt -0.001792 0.917815
vt 0.000163 0.918052
vt 0.000163 0.917328
vt 0.21215 0.912775
vt 0.000163 0.918052
vt 0.21215 0.912775
vt 0.212104 0.913499
vt 0.212104 0.913499
vt 0.21215 0.912775
vt 0.371605 0.906469
vt 0.212104 0.913499
vt 0.371605 0.906469
vt 0.371531 0.907192
vt 0.43923 0.918052
vt 0.371531 0.907192
vt 0.371605 0.906469
vt 0.43923 0.918052
vt 0.371605 0.906469
vt 0.43923 0.917328
vt 0.43923 0.917328
vt 0.441186 0.917815
vt 0.43923 0.918052
vt 0.441186 0.956025
vt 0.43923 0.911367
vt 0.43923 0.924187
vt 0.441186 0.956025
vt 0.441186 0.911604
vt 0.43923 0.911367
vt 0.441755 0.889829
vt 0.441706 0.917464
vt 0.43975 0.917444
vt 0.441755 0.889829
vt 0.43975 0.917444
vt 0.439799 0.889809
vt 0.439799 0.889809
vt 0.43975 0.917444
vt 0.372082 0.909032
vt 0.439799 0.889809
vt 0.372082 0.909032
vt 0.374195 0.88143
vt 0.212508 0.907057
vt 0.374195 0.88143
vt 0.372082 0.909032
vt 0.212508 0.907057
vt 0.213941 0.886049
vt 0.374195 0.88143
vt 0.000396 0.88442
vt 0.213941 0.886049
vt 0.212508 0.907057
vt 0.000396 0.88442
vt 0.212508 0.907057
vt 0.000347 0.912056
vt -0.001609 0.912027
vt 0.000396 0.88442
vt 0.000347 0.912056
vt -0.001609 0.912027
vt -0.00156 0.884392
vt 0.000396 0.88442
vt 0.000163 0.918052
vt -0.001792 0.930635
vt -0.001792 0.917815
vt 0.000163 0.918052
vt 0.000163 0.930871
vt -0.001792 0.930635
vt 0.000163 0.918052
vt 0.2123 0.940573
vt 0.000163 0.930871
vt 0.000163 0.918052
vt 0.212104 0.913499
vt 0.2123 0.940573
vt 0.2123 0.940573
vt 0.212104 0.913499
vt 0.371531 0.907192
vt 0.2123 0.940573
vt 0.371531 0.907192
vt 0.371825 0.933753
vt 0.43923 0.918052
vt 0.371825 0.933753
vt 0.371531 0.907192
vt 0.43923 0.918052
vt 0.43923 0.930871
vt 0.371825 0.933753
vt 0.43923 0.930871
vt 0.43923 0.918052
vt 0.441186 0.917815
vt 0.43923 0.930871
vt 0.441186 0.917815
vt 0.441186 0.930635
vt 0.000163 0.931122
vt -0.001792 0.956025
vt -0.001792 0.930635
vt 0.000163 0.931122
vt 0.000163 0.956513
vt -0.001792 0.956025
vt 0.000163 0.956513
vt 0.000163 0.931122
vt 0.212361 0.940824
vt 0.000163 0.956513
vt 0.212361 0.940824
vt 0.213757 0.966214
vt 0.213757 0.966214
vt 0.212361 0.940824
vt 0.371908 0.934002
vt 0.213757 0.966214
vt 0.371908 0.934002
vt 0.373775 0.959329
vt 0.43923 0.931122
vt 0.373775 0.959329
vt 0.371908 0.934002
vt 0.43923 0.931122
vt 0.43923 0.956513
vt 0.373775 0.959329
vt 0.000163 0.930871
vt 0.212361 0.940824
vt 0.000163 0.931122
vt 0.000163 0.930871
vt 0.2123 0.940573
vt 0.212361 0.940824
vt 0.212361 0.940824
vt 0.2123 0.940573
vt 0.371825 0.933753
vt 0.212361 0.940824
vt 0.371825 0.933753
vt 0.371908 0.934002
vt 0.43923 0.930871
vt 0.371908 0.934002
vt 0.371825 0.933753
vt 0.43923 0.930871
vt 0.43923 0.931122
vt 0.371908 0.934002
vt 0.43923 0.956513
vt 0.43923 0.931122
vt 0.441186 0.930635
vt 0.43923 0.956513
vt 0.441186 0.930635
vt 0.441186 0.956025
vt 0.518873 0.944407
vt 0.517345 0.944787
vt 0.517345 0.944591
vt 0.517345 0.944591
vt 0.517345 0.944787
vt 0.486277 0.95286
vt 0.517345 0.944591
vt 0.486277 0.95286
vt 0.48623 0.952666
vt 0.160671 0.923128
vt 0.162198 0.950677
vt 0.162198 0.922943
vt 0.160671 0.923128
vt 0.160671 0.976535
vt 0.162198 0.950677
vt 0.162198 0.950677
vt 0.160671 0.976535
vt 0.162198 0.976916
vt 0.162198 0.976916
vt 0.487538 0.947401
vt 0.162198 0.950677
vt 0.162198 0.922943
vt 0.162198 0.950677
vt 0.487538 0.947401
vt 0.162198 0.922943
vt 0.487538 0.947401
vt 0.487509 0.928798
vt 0.517345 0.939369
vt 0.487509 0.928798
vt 0.487538 0.947401
vt 0.517345 0.939369
vt 0.517345 0.929355
vt 0.487509 0.928798
vt 0.162198 0.976916
vt 0.487493 0.973641
vt 0.487538 0.947401
vt 0.517345 0.965608
vt 0.487538 0.947401
vt 0.487493 0.973641
vt 0.517345 0.965608
vt 0.517345 0.939369
vt 0.487538 0.947401
vt 0.517345 0.939369
vt 0.517345 0.965608
vt 0.518873 0.965227
vt 0.518873 0.965227
vt 0.517345 0.929355
vt 0.517345 0.939369
vt 0.518873 0.965227
vt 0.518873 0.92954
vt 0.517345 0.929355
vt 0.517345 0.929159
vt 0.487509 0.928798
vt 0.517345 0.929355
vt 0.517345 0.929159
vt 0.487462 0.928601
vt 0.487509 0.928798
vt 0.162198 0.922747
vt 0.487509 0.928798
vt 0.487462 0.928601
vt 0.162198 0.922747
vt 0.162198 0.922943
vt 0.487509 0.928798
vt 0.517066 0.912441
vt 0.517028 0.9339
vt 0.515509 0.933885
vt 0.517066 0.912441
vt 0.515509 0.933885
vt 0.515547 0.912425
vt 0.515547 0.912425
vt 0.515509 0.933885
vt 0.484571 0.933379
vt 0.515547 0.912425
vt 0.484571 0.933379
vt 0.485818 0.91194
vt 0.162236 0.906705
vt 0.485818 0.91194
vt 0.484571 0.933379
vt 0.162236 0.906705
vt 0.484571 0.933379
vt 0.162198 0.928165
vt 0.160679 0.928143
vt 0.162236 0.906705
vt 0.162198 0.928165
vt 0.160679 0.928143
vt 0.160718 0.906684
vt 0.162236 0.906705
vt -0.046776 0.9298
vt -0.034145 0.951123
vt -0.046753 0.951132
vt -0.046776 0.9298
vt -0.034169 0.929791
vt -0.034145 0.951123
vt -0.055116 0.951132
vt -0.025806 0.929791
vt -0.025752 0.951123
vt -0.055116 0.951132
vt -0.055169 0.9298
vt -0.025806 0.929791
vt 0.517345 0.934012
vt 0.518873 0.934393
vt 0.517345 0.934577
vt 0.517345 0.934577
vt 0.486247 0.93343
vt 0.517345 0.934012
vt 0.517345 0.934577
vt 0.486202 0.933995
vt 0.486247 0.93343
vt 0.162198 0.928165
vt 0.486247 0.93343
vt 0.486202 0.933995
vt 0.162198 0.928165
vt 0.162198 0.927599
vt 0.486247 0.93343
vt 0.162198 0.927599
vt 0.162198 0.928165
vt 0.160671 0.92798
vt 0.162198 0.928165
vt 0.160671 0.955714
vt 0.160671 0.92798
vt 0.162198 0.928165
vt 0.162198 0.955899
vt 0.160671 0.955714
vt 0.162198 0.928165
vt 0.48623 0.952666
vt 0.162198 0.955899
vt 0.162198 0.928165
vt 0.486202 0.933995
vt 0.48623 0.952666
vt 0.517345 0.934577
vt 0.48623 0.952666
vt 0.486202 0.933995
vt 0.517345 0.934577
vt 0.517345 0.944591
vt 0.48623 0.952666
vt 0.517345 0.944591
vt 0.517345 0.934577
vt 0.518873 0.934393
vt 0.517345 0.944591
vt 0.518873 0.934393
vt 0.518873 0.944407
vt 0.162198 0.956095
vt 0.160671 0.976535
vt 0.160671 0.955714
vt 0.162198 0.956095
vt 0.162198 0.976916
vt 0.160671 0.976535
vt 0.162198 0.976916
vt 0.162198 0.956095
vt 0.486277 0.95286
vt 0.162198 0.976916
vt 0.486277 0.95286
vt 0.487493 0.973641
vt 0.517345 0.944787
vt 0.487493 0.973641
vt 0.486277 0.95286
vt 0.517345 0.944787
vt 0.517345 0.965608
vt 0.487493 0.973641
vt 0.517345 0.965608
vt 0.517345 0.944787
vt 0.518873 0.944407
vt 0.517345 0.965608
vt 0.518873 0.944407
vt 0.518873 0.965227
vt 0.162198 0.955899
vt 0.486277 0.95286
vt 0.162198 0.956095
vt 0.162198 0.955899
vt 0.48623 0.952666
vt 0.486277 0.95286
vt 0.156 0.924172
vt 0.156039 0.902339
vt 0.157585 0.902361
vt 0.156 0.924172
vt 0.157585 0.902361
vt 0.157546 0.924194
vt 0.157585 0.902361
vt 0.325766 0.926257
vt 0.157546 0.924194
vt 0.157585 0.902361
vt 0.328816 0.904461
vt 0.325766 0.926257
vt 0.517826 0.906779
vt 0.325766 0.926257
vt 0.328816 0.904461
vt 0.517826 0.906779
vt 0.517787 0.928612
vt 0.325766 0.926257
vt 0.519372 0.906795
vt 0.517787 0.928612
vt 0.517826 0.906779
vt 0.519372 0.906795
vt 0.519333 0.928628
vt 0.517787 0.928612
vt 0.152572 0.946664
vt 0.151008 0.960863
vt 0.151008 0.949624
vt 0.152572 0.946664
vt 0.152572 0.967205
vt 0.151008 0.960863
vt 0.152572 0.967205
vt 0.152572 0.946664
vt 0.323006 0.952223
vt 0.152572 0.967205
vt 0.323006 0.952223
vt 0.326052 0.972763
vt 0.516944 0.932489
vt 0.326052 0.972763
vt 0.323006 0.952223
vt 0.516944 0.932489
vt 0.516944 0.953029
vt 0.326052 0.972763
vt 0.516944 0.953029
vt 0.518507 0.941867
vt 0.518507 0.953106
vt 0.516944 0.953029
vt 0.516944 0.932489
vt 0.518507 0.941867
vt 0.516944 0.942056
vt 0.518507 0.931615
vt 0.518507 0.941867
vt 0.516944 0.942056
vt 0.516944 0.931804
vt 0.518507 0.931615
vt 0.516944 0.931804
vt 0.516944 0.942056
vt 0.32288 0.952854
vt 0.516944 0.931804
vt 0.32288 0.952854
vt 0.322615 0.931804
vt 0.152572 0.931804
vt 0.322615 0.931804
vt 0.32288 0.952854
vt 0.152572 0.931804
vt 0.322721 0.931225
vt 0.322615 0.931804
vt 0.516944 0.931804
vt 0.322615 0.931804
vt 0.322721 0.931225
vt 0.516944 0.931804
vt 0.322721 0.931225
vt 0.516944 0.931225
vt 0.516944 0.931225
vt 0.518507 0.931615
vt 0.516944 0.931804
vt 0.152572 0.931804
vt 0.32288 0.952854
vt 0.152572 0.949813
vt 0.152572 0.931804
vt 0.152572 0.949813
vt 0.151008 0.949624
vt 0.152572 0.931804
vt 0.151008 0.949624
vt 0.151008 0.931615
vt 0.152572 0.931225
vt 0.152572 0.931804
vt 0.151008 0.931615
vt 0.152572 0.931804
vt 0.152572 0.931225
vt 0.322721 0.931225
vt 0.152572 0.949813
vt 0.323006 0.952223
vt 0.152572 0.946664
vt 0.152572 0.949813
vt 0.32288 0.952854
vt 0.323006 0.952223
vt 0.516944 0.942056
vt 0.323006 0.952223
vt 0.32288 0.952854
vt 0.516944 0.942056
vt 0.516944 0.932489
vt 0.323006 0.952223
vt 0.152572 0.944467
vt 0.151008 0.960863
vt 0.152572 0.967205
vt 0.152572 0.967205
vt 0.326157 0.947508
vt 0.152572 0.944467
vt 0.152572 0.926458
vt 0.152572 0.944467
vt 0.326157 0.947508
vt 0.152572 0.926458
vt 0.326157 0.947508
vt 0.325892 0.926458
vt 0.516944 0.93671
vt 0.325892 0.926458
vt 0.326157 0.947508
vt 0.516944 0.93671
vt 0.516944 0.926458
vt 0.325892 0.926458
vt 0.152572 0.967205
vt 0.326052 0.972763
vt 0.326157 0.947508
vt 0.516944 0.953029
vt 0.326157 0.947508
vt 0.326052 0.972763
vt 0.516944 0.953029
vt 0.516944 0.93671
vt 0.326157 0.947508
vt 0.516944 0.93671
vt 0.516944 0.953029
vt 0.518507 0.953106
vt 0.151008 0.926647
vt 0.152572 0.944467
vt 0.152572 0.926458
vt 0.151008 0.926647
vt 0.151008 0.960863
vt 0.152572 0.944467
vt 0.518507 0.953106
vt 0.516944 0.926458
vt 0.516944 0.93671
vt 0.518507 0.953106
vt 0.518507 0.926647
vt 0.516944 0.926458
vt 0.516944 0.926257
vt 0.325892 0.926458
vt 0.516944 0.926458
vt 0.516944 0.926257
vt 0.325766 0.926257
vt 0.325892 0.926458
vt 0.152572 0.926257
vt 0.325892 0.926458
vt 0.325766 0.926257
vt 0.152572 0.926257
vt 0.152572 0.926458
vt 0.325892 0.926458
vt -0.093165 0.963639
vt -0.089195 0.98547
vt -0.093157 0.985479
vt -0.093165 0.963639
vt -0.089203 0.96363
vt -0.089195 0.98547
vt -0.093157 0.985479
vt -0.089203 0.96363
vt -0.089195 0.98547
vt -0.093157 0.985479
vt -0.093165 0.963639
vt -0.089203 0.96363
vt 0.810158 0.913186
vt 0.606864 0.90615
vt 0.606944 0.906321
vt 0.810158 0.913186
vt 0.810142 0.913015
vt 0.606864 0.90615
vt 0.873973 0.913015
vt 0.810142 0.913015
vt 0.810158 0.913186
vt 0.873973 0.913015
vt 0.810158 0.913186
vt 0.873973 0.913186
vt 0.873973 0.921923
vt 0.873973 0.913186
vt 0.810158 0.913186
vt 0.873973 0.921923
vt 0.810158 0.913186
vt 0.810143 0.933066
vt 0.873973 0.942427
vt 0.873973 0.921923
vt 0.810143 0.933066
vt 0.873973 0.921923
vt 0.873973 0.942427
vt 0.875305 0.942094
vt 0.810143 0.933066
vt 0.810158 0.913186
vt 0.606944 0.906321
vt 0.810143 0.933066
vt 0.606944 0.906321
vt 0.607265 0.923463
vt 0.810132 0.953542
vt 0.810143 0.933066
vt 0.607265 0.923463
vt 0.873973 0.942427
vt 0.810143 0.933066
vt 0.810132 0.953542
vt 0.574727 0.913186
vt 0.607265 0.923463
vt 0.606944 0.906321
vt 0.574727 0.913186
vt 0.574727 0.921923
vt 0.607265 0.923463
vt 0.574727 0.942427
vt 0.607265 0.923463
vt 0.574727 0.921923
vt 0.574727 0.942427
vt 0.607211 0.94396
vt 0.607265 0.923463
vt 0.810132 0.953542
vt 0.607265 0.923463
vt 0.607211 0.94396
vt 0.574727 0.921923
vt 0.573395 0.942094
vt 0.574727 0.942427
vt 0.873973 0.926651
vt 0.873973 0.942427
vt 0.810132 0.953542
vt 0.873973 0.926651
vt 0.810132 0.953542
vt 0.809813 0.937021
vt 0.809813 0.937021
vt 0.810132 0.953542
vt 0.607211 0.94396
vt 0.809813 0.937021
vt 0.607211 0.94396
vt 0.605467 0.928007
vt 0.809801 0.936821
vt 0.809813 0.937021
vt 0.605467 0.928007
vt 0.809801 0.936821
vt 0.605467 0.928007
vt 0.605389 0.927828
vt 0.574727 0.926479
vt 0.605389 0.927828
vt 0.605467 0.928007
vt 0.574727 0.926479
vt 0.605467 0.928007
vt 0.574727 0.926651
vt 0.574727 0.942427
vt 0.605467 0.928007
vt 0.607211 0.94396
vt 0.574727 0.942427
vt 0.574727 0.926651
vt 0.605467 0.928007
vt 0.574727 0.926651
vt 0.574727 0.942427
vt 0.573395 0.942094
vt 0.574727 0.926651
vt 0.573395 0.942094
vt 0.573395 0.926318
vt 0.574727 0.913015
vt 0.606944 0.906321
vt 0.606864 0.90615
vt 0.574727 0.913015
vt 0.574727 0.913186
vt 0.606944 0.906321
vt 0.574727 0.913015
vt 0.573395 0.913347
vt 0.574727 0.913186
vt 0.873973 0.926479
vt 0.809813 0.937021
vt 0.809801 0.936821
vt 0.873973 0.926479
vt 0.873973 0.926651
vt 0.809813 0.937021
vt 0.873973 0.926479
vt 0.875305 0.917581
vt 0.875305 0.926318
vt 0.873973 0.926479
vt 0.873973 0.917742
vt 0.875305 0.917581
vt 0.873973 0.917742
vt 0.873973 0.926479
vt 0.809801 0.936821
vt 0.873973 0.917742
vt 0.809801 0.936821
vt 0.809743 0.917742
vt 0.809743 0.917742
vt 0.809801 0.936821
vt 0.605389 0.927828
vt 0.809743 0.917742
vt 0.605389 0.927828
vt 0.605024 0.910877
vt 0.574727 0.917742
vt 0.605024 0.910877
vt 0.605389 0.927828
vt 0.574727 0.917742
vt 0.605389 0.927828
vt 0.574727 0.926479
vt 0.574727 0.917742
vt 0.574727 0.926479
vt 0.573395 0.926318
vt 0.574727 0.917742
vt 0.573395 0.926318
vt 0.573395 0.917581
vt 0.873973 0.942427
vt 0.875305 0.926318
vt 0.875305 0.942094
vt 0.873973 0.942427
vt 0.873973 0.926651
vt 0.875305 0.926318
vt 0.575543 0.910135
vt 0.575576 0.891455
vt 0.576898 0.891474
vt 0.575543 0.910135
vt 0.576898 0.891474
vt 0.576865 0.910154
vt 0.576898 0.891474
vt 0.606991 0.909042
vt 0.576865 0.910154
vt 0.576898 0.891474
vt 0.608796 0.890384
vt 0.606991 0.909042
vt 0.810558 0.894339
vt 0.606991 0.909042
vt 0.608796 0.890384
vt 0.810558 0.894339
vt 0.810142 0.913015
vt 0.606991 0.909042
vt 0.873913 0.895116
vt 0.810142 0.913015
vt 0.810558 0.894339
vt 0.873913 0.895116
vt 0.87388 0.913797
vt 0.810142 0.913015
vt 0.875235 0.89513
vt 0.87388 0.913797
vt 0.873913 0.895116
vt 0.875235 0.89513
vt 0.875202 0.91381
vt 0.87388 0.913797
vt 0.875305 0.942094
vt 0.873973 0.913186
vt 0.873973 0.921923
vt 0.875305 0.942094
vt 0.875305 0.913347
vt 0.873973 0.913186
vt 0.573395 0.913347
vt 0.574727 0.921923
vt 0.574727 0.913186
vt 0.573395 0.913347
vt 0.573395 0.942094
vt 0.574727 0.921923
vt 0.574727 0.917249
vt 0.574727 0.917742
vt 0.573395 0.917581
vt 0.574727 0.917742
vt 0.574727 0.917249
vt 0.605079 0.910383
vt 0.574727 0.917742
vt 0.605079 0.910383
vt 0.605024 0.910877
vt 0.809757 0.917249
vt 0.605024 0.910877
vt 0.605079 0.910383
vt 0.809757 0.917249
vt 0.809743 0.917742
vt 0.605024 0.910877
vt 0.873973 0.917742
vt 0.809743 0.917742
vt 0.809757 0.917249
vt 0.873973 0.917742
vt 0.809757 0.917249
vt 0.873973 0.917249
vt 0.873973 0.917249
vt 0.875305 0.917581
vt 0.873973 0.917742
vt -0.393454 0.951825
vt -0.385794 0.970429
vt -0.39344 0.970437
vt -0.393454 0.951825
vt -0.385808 0.951817
vt -0.385794 0.970429
vt -0.39344 0.970437
vt -0.385808 0.951817
vt -0.385794 0.970429
vt -0.39344 0.970437
vt -0.393454 0.951825
vt -0.385808 0.951817
vt 0.789536 0.950754
vt 0.789536 0.970578
vt 0.79124 0.970153
vt 0.789536 0.970578
vt 0.789536 0.950754
vt 0.712522 0.959197
vt 0.789536 0.970578
vt 0.712522 0.959197
vt 0.712411 0.979024
vt 0.45601 0.959449
vt 0.712411 0.979024
vt 0.712522 0.959197
vt 0.45601 0.959449
vt 0.455915 0.979273
vt 0.712411 0.979024
vt 0.406827 0.970578
vt 0.455915 0.979273
vt 0.45601 0.959449
vt 0.406827 0.970578
vt 0.45601 0.959449
vt 0.406827 0.950754
vt 0.406827 0.950754
vt 0.405123 0.970153
vt 0.406827 0.970578
vt 0.465271 0.936696
vt 0.45601 0.959449
vt 0.712522 0.959197
vt 0.406827 0.93958
vt 0.45601 0.959449
vt 0.465271 0.936696
vt 0.406827 0.93958
vt 0.406827 0.950754
vt 0.45601 0.959449
vt 0.465271 0.936696
vt 0.712522 0.959197
vt 0.712788 0.938897
vt 0.789536 0.950754
vt 0.712788 0.938897
vt 0.712522 0.959197
vt 0.789536 0.950754
vt 0.789536 0.93958
vt 0.712788 0.938897
vt 0.406827 0.970578
vt 0.454296 0.965494
vt 0.455915 0.979273
vt 0.406827 0.970578
vt 0.406827 0.9568
vt 0.454296 0.965494
vt 0.406827 0.9568
vt 0.406827 0.970578
vt 0.405123 0.970153
vt 0.406827 0.9568
vt 0.405123 0.970153
vt 0.405123 0.956375
vt 0.281629 0.941401
vt 0.294435 0.965195
vt 0.281652 0.965205
vt 0.281629 0.941401
vt 0.294411 0.941391
vt 0.294435 0.965195
vt 0.281652 0.965205
vt 0.294411 0.941391
vt 0.294435 0.965195
vt 0.281652 0.965205
vt 0.281629 0.941401
vt 0.294411 0.941391
vt 0.454296 0.965494
vt 0.454268 0.965275
vt 0.709561 0.96509
vt 0.454296 0.965494
vt 0.709561 0.96509
vt 0.70966 0.965306
vt 0.455915 0.979273
vt 0.454296 0.965494
vt 0.70966 0.965306
vt 0.455915 0.979273
vt 0.70966 0.965306
vt 0.712411 0.979024
vt 0.789536 0.9568
vt 0.712411 0.979024
vt 0.70966 0.965306
vt 0.789536 0.9568
vt 0.789536 0.970578
vt 0.712411 0.979024
vt 0.789536 0.970578
vt 0.789536 0.9568
vt 0.79124 0.956375
vt 0.789536 0.970578
vt 0.79124 0.956375
vt 0.79124 0.970153
vt 0.789536 0.956581
vt 0.789536 0.9568
vt 0.70966 0.965306
vt 0.789536 0.956581
vt 0.70966 0.965306
vt 0.709561 0.96509
vt 0.406827 0.939361
vt 0.406827 0.93958
vt 0.465271 0.936696
vt 0.406827 0.939361
vt 0.465271 0.936696
vt 0.465243 0.936477
vt 0.465243 0.936477
vt 0.465271 0.936696
vt 0.712788 0.938897
vt 0.465243 0.936477
vt 0.712788 0.938897
vt 0.71269 0.938678
vt 0.789536 0.939361
vt 0.71269 0.938678
vt 0.712788 0.938897
vt 0.789536 0.939361
vt 0.712788 0.938897
vt 0.789536 0.93958
vt 0.406827 0.956581
vt 0.454268 0.965275
vt 0.454296 0.965494
vt 0.406827 0.956581
vt 0.454296 0.965494
vt 0.406827 0.9568
vt 0.405123 0.956375
vt 0.406827 0.956581
vt 0.406827 0.9568
vt 0.789536 0.956581
vt 0.79124 0.945201
vt 0.79124 0.956375
vt 0.789536 0.956581
vt 0.789536 0.945407
vt 0.79124 0.945201
vt 0.789536 0.945407
vt 0.789536 0.956581
vt 0.709561 0.96509
vt 0.789536 0.945407
vt 0.709561 0.96509
vt 0.709831 0.944701
vt 0.454268 0.965275
vt 0.709831 0.944701
vt 0.709561 0.96509
vt 0.454268 0.965275
vt 0.463529 0.942522
vt 0.709831 0.944701
vt 0.463529 0.942522
vt 0.709942 0.944071
vt 0.709831 0.944701
vt 0.789536 0.945407
vt 0.709831 0.944701
vt 0.709942 0.944071
vt 0.789536 0.945407
vt 0.709942 0.944071
vt 0.789536 0.944776
vt 0.789536 0.944776
vt 0.79124 0.945201
vt 0.789536 0.945407
vt 0.406827 0.945407
vt 0.463529 0.942522
vt 0.454268 0.965275
vt 0.406827 0.945407
vt 0.454268 0.965275
vt 0.406827 0.956581
vt 0.406827 0.945407
vt 0.406827 0.956581
vt 0.405123 0.956375
vt 0.406827 0.945407
vt 0.405123 0.956375
vt 0.405123 0.945201
vt 0.463529 0.942522
vt 0.463624 0.941891
vt 0.709942 0.944071
vt 0.406827 0.945407
vt 0.463624 0.941891
vt 0.463529 0.942522
vt 0.406827 0.945407
vt 0.406827 0.944776
vt 0.463624 0.941891
vt 0.406827 0.944776
vt 0.406827 0.945407
vt 0.405123 0.945201
vt 0.403355 0.936619
vt 0.403398 0.912433
vt 0.40511 0.912458
vt 0.403355 0.936619
vt 0.40511 0.912458
vt 0.405067 0.936644
vt 0.40511 0.912458
vt 0.462138 0.936714
vt 0.405067 0.936644
vt 0.40511 0.912458
vt 0.463808 0.912548
vt 0.462138 0.936714
vt 0.462138 0.936714
vt 0.463808 0.912548
vt 0.712449 0.916078
vt 0.462138 0.936714
vt 0.712449 0.916078
vt 0.709645 0.940225
vt 0.789666 0.917174
vt 0.709645 0.940225
vt 0.712449 0.916078
vt 0.789666 0.917174
vt 0.789623 0.94136
vt 0.709645 0.940225
vt 0.791378 0.917192
vt 0.789623 0.94136
vt 0.789666 0.917174
vt 0.791378 0.917192
vt 0.791335 0.941378
vt 0.789623 0.94136
vt 0.79124 0.970153
vt 0.789536 0.93958
vt 0.789536 0.950754
vt 0.79124 0.970153
vt 0.79124 0.939786
vt 0.789536 0.93958
vt 0.405123 0.939786
vt 0.406827 0.950754
vt 0.406827 0.93958
vt 0.405123 0.939786
vt 0.405123 0.970153
vt 0.406827 0.950754
vt 0.115902 0.893916
vt 0.386988 0.90183
vt 0.386988 0.882945
vt 0.115902 0.893916
vt 0.115902 0.90183
vt 0.386988 0.90183
vt 0.115902 0.918607
vt 0.386988 0.90183
vt 0.115902 0.90183
vt 0.115902 0.918607
vt 0.386988 0.918607
vt 0.386988 0.90183
vt 0.386988 0.90183
vt 0.386988 0.918607
vt 0.388195 0.918306
vt 0.115902 0.90183
vt 0.114695 0.918306
vt 0.115902 0.918607
vt 0.115902 0.905958
vt 0.386988 0.905958
vt 0.386988 0.906113
vt 0.115902 0.905958
vt 0.386988 0.906113
vt 0.115902 0.906113
vt 0.115902 0.918607
vt 0.115902 0.906113
vt 0.386988 0.906113
vt 0.115902 0.918607
vt 0.386988 0.906113
vt 0.386988 0.918607
vt 0.386988 0.918607
vt 0.386988 0.906113
vt 0.388195 0.905812
vt 0.386988 0.918607
vt 0.388195 0.905812
vt 0.388195 0.918306
vt 0.386988 0.905958
vt 0.388195 0.886926
vt 0.388195 0.905812
vt 0.386988 0.905958
vt 0.386988 0.887072
vt 0.388195 0.886926
vt 0.386988 0.886625
vt 0.388195 0.886926
vt 0.386988 0.887072
vt 0.115902 0.898043
vt 0.386988 0.887072
vt 0.386988 0.905958
vt 0.386988 0.887072
vt 0.115902 0.898043
vt 0.115902 0.897596
vt 0.386988 0.887072
vt 0.115902 0.897596
vt 0.386988 0.886625
vt 0.115902 0.898043
vt 0.386988 0.905958
vt 0.115902 0.905958
vt 0.115902 0.898043
vt 0.115902 0.905958
vt 0.114695 0.905812
vt 0.115902 0.898043
vt 0.114695 0.905812
vt 0.114695 0.897897
vt 0.115902 0.897596
vt 0.115902 0.898043
vt 0.114695 0.897897
vt 0.115902 0.906113
vt 0.114695 0.918306
vt 0.114695 0.905812
vt 0.115902 0.906113
vt 0.115902 0.918607
vt 0.114695 0.918306
vt 0.114695 0.894061
vt 0.114726 0.877094
vt 0.115927 0.877111
vt 0.114695 0.894061
vt 0.115927 0.877111
vt 0.115896 0.894079
vt 0.115927 0.877111
vt 0.386988 0.88279
vt 0.115896 0.894079
vt 0.115927 0.877111
vt 0.387018 0.865822
vt 0.386988 0.88279
vt 0.388219 0.865835
vt 0.386988 0.88279
vt 0.387018 0.865822
vt 0.388219 0.865835
vt 0.388189 0.882802
vt 0.386988 0.88279
vt 0.386988 0.88279
vt 0.115902 0.893916
vt 0.386988 0.882945
vt 0.386988 0.88279
vt 0.115902 0.89376
vt 0.115902 0.893916
vt 0.388195 0.918306
vt 0.386988 0.882945
vt 0.386988 0.90183
vt 0.388195 0.918306
vt 0.388195 0.883091
vt 0.386988 0.882945
vt 0.114695 0.894061
vt 0.115902 0.90183
vt 0.115902 0.893916
vt 0.114695 0.894061
vt 0.114695 0.918306
vt 0.115902 0.90183
vt -0.037584 0.98465
vt -0.02796 1.001504
vt -0.037566 1.001511
vt -0.037584 0.98465
vt -0.027977 0.984643
vt -0.02796 1.001504
vt -0.037566 1.001511
vt -0.027977 0.984643
vt -0.02796 1.001504
vt -0.037566 1.001511
vt -0.037584 0.98465
vt -0.027977 0.984643
vt 0.15923 0.898695
vt 0.507722 0.90887
vt 0.507722 0.898695
vt 0.15923 0.898695
vt 0.15923 0.90887
vt 0.507722 0.90887
vt 0.15923 0.914176
vt 0.507722 0.914176
vt 0.507722 0.914375
vt 0.15923 0.914176
vt 0.507722 0.914375
vt 0.15923 0.914375
vt 0.15923 0.933436
vt 0.15923 0.914375
vt 0.507722 0.914375
vt 0.15923 0.914375
vt 0.15923 0.933436
vt 0.157678 0.933049
vt 0.15923 0.914375
vt 0.157678 0.933049
vt 0.157678 0.913988
vt 0.15923 0.933436
vt 0.507722 0.914375
vt 0.507722 0.933436
vt 0.507722 0.933436
vt 0.507722 0.914375
vt 0.509274 0.913988
vt 0.507722 0.933436
vt 0.509274 0.913988
vt 0.509274 0.933049
vt 0.507722 0.914176
vt 0.509274 0.903813
vt 0.509274 0.913988
vt 0.507722 0.914176
vt 0.507722 0.904001
vt 0.509274 0.903813
vt 0.15923 0.904001
vt 0.507722 0.904001
vt 0.507722 0.914176
vt 0.15923 0.904001
vt 0.507722 0.914176
vt 0.15923 0.914176
vt 0.15923 0.904001
vt 0.15923 0.914176
vt 0.157678 0.913988
vt 0.15923 0.904001
vt 0.157678 0.913988
vt 0.157678 0.903813
vt 0.157678 0.898883
vt 0.157717 0.876983
vt 0.159268 0.877005
vt 0.157678 0.898883
vt 0.159268 0.877005
vt 0.159229 0.898905
vt 0.159268 0.877005
vt 0.507443 0.903176
vt 0.159229 0.898905
vt 0.159268 0.877005
vt 0.507482 0.881275
vt 0.507443 0.903176
vt 0.509032 0.881291
vt 0.507443 0.903176
vt 0.507482 0.881275
vt 0.509032 0.881291
vt 0.508993 0.903192
vt 0.507443 0.903176
vt 0.507722 0.898496
vt 0.15923 0.898695
vt 0.507722 0.898695
vt 0.507722 0.898496
vt 0.15923 0.898496
vt 0.15923 0.898695
vt 0.509274 0.933049
vt 0.507722 0.898695
vt 0.507722 0.90887
vt 0.509274 0.933049
vt 0.509274 0.898883
vt 0.507722 0.898695
vt 0.157678 0.898883
vt 0.15923 0.90887
vt 0.15923 0.898695
vt 0.157678 0.898883
vt 0.157678 0.933049
vt 0.15923 0.90887
vt 0.15923 0.903426
vt 0.15923 0.904001
vt 0.157678 0.903813
vt 0.507722 0.904001
vt 0.15923 0.904001
vt 0.15923 0.903426
vt 0.507722 0.904001
vt 0.15923 0.903426
vt 0.507722 0.903426
vt 0.507722 0.903426
vt 0.509274 0.903813
vt 0.507722 0.904001
vt 0.507722 0.90887
vt 0.507722 0.933436
vt 0.509274 0.933049
vt 0.15923 0.933436
vt 0.507722 0.933436
vt 0.507722 0.90887
vt 0.15923 0.933436
vt 0.507722 0.90887
vt 0.15923 0.90887
vt 0.15923 0.90887
vt 0.157678 0.933049
vt 0.15923 0.933436
vt -0.208571 0.97294
vt -0.197691 0.994606
vt -0.208551 0.994615
vt -0.208571 0.97294
vt -0.197711 0.972931
vt -0.197691 0.994606
vt -0.208551 0.994615
vt -0.197711 0.972931
vt -0.197691 0.994606
vt -0.208551 0.994615
vt -0.208571 0.97294
vt -0.197711 0.972931
vt 0.360441 0.894216
vt 0.361747 0.894374
vt 0.360441 0.894048
vt 0.360441 0.894048
vt 0.320608 0.887015
vt 0.360441 0.894216
vt 0.360441 0.894048
vt 0.32054 0.886847
vt 0.320608 0.887015
vt 0.360441 0.902777
vt 0.360441 0.929334
vt 0.361747 0.929008
vt 0.360441 0.929334
vt 0.360441 0.902777
vt 0.320768 0.913137
vt 0.360441 0.929334
vt 0.320768 0.913137
vt 0.320712 0.939694
vt 0.320712 0.939694
vt 0.320768 0.913137
vt 0.180703 0.907414
vt 0.320712 0.939694
vt 0.180703 0.907414
vt 0.180668 0.93397
vt 0.058003 0.943999
vt 0.180668 0.93397
vt 0.180703 0.907414
vt 0.058003 0.943999
vt 0.180703 0.907414
vt 0.058003 0.917442
vt 0.058003 0.917442
vt 0.056697 0.943673
vt 0.058003 0.943999
vt 0.360441 0.902777
vt 0.320608 0.887015
vt 0.320768 0.913137
vt 0.320768 0.913137
vt 0.320608 0.887015
vt 0.180528 0.890996
vt 0.320768 0.913137
vt 0.180528 0.890996
vt 0.180703 0.907414
vt 0.058003 0.894216
vt 0.180703 0.907414
vt 0.180528 0.890996
vt 0.058003 0.894216
vt 0.058003 0.917442
vt 0.180703 0.907414
vt 0.360441 0.902777
vt 0.360441 0.894216
vt 0.320608 0.887015
vt -0.149482 0.938912
vt -0.13958 0.953664
vt -0.149464 0.95367
vt -0.149482 0.938912
vt -0.139598 0.938906
vt -0.13958 0.953664
vt -0.134273 0.955921
vt -0.121683 0.936655
vt -0.12166 0.955913
vt -0.134273 0.955921
vt -0.134296 0.936663
vt -0.121683 0.936655
vt 0.319014 0.917601
vt 0.179596 0.912031
vt 0.179549 0.911863
vt 0.319014 0.917601
vt 0.319082 0.917769
vt 0.179596 0.912031
vt 0.319082 0.917769
vt 0.180668 0.93397
vt 0.179596 0.912031
vt 0.058003 0.943999
vt 0.179596 0.912031
vt 0.180668 0.93397
vt 0.058003 0.943999
vt 0.058003 0.922074
vt 0.179596 0.912031
vt 0.058003 0.922074
vt 0.058003 0.943999
vt 0.056697 0.943673
vt 0.058003 0.922074
vt 0.056697 0.943673
vt 0.056697 0.921748
vt 0.319082 0.917769
vt 0.320712 0.939694
vt 0.180668 0.93397
vt 0.360441 0.907409
vt 0.320712 0.939694
vt 0.319082 0.917769
vt 0.360441 0.907409
vt 0.360441 0.929334
vt 0.320712 0.939694
vt 0.360441 0.929334
vt 0.360441 0.907409
vt 0.361747 0.907083
vt 0.360441 0.929334
vt 0.361747 0.907083
vt 0.361747 0.929008
vt 0.318911 0.890995
vt 0.318855 0.891479
vt 0.179375 0.89547
vt 0.318911 0.890995
vt 0.179375 0.89547
vt 0.179375 0.89547
vt 0.058003 0.89868
vt 0.179375 0.89547
vt 0.179375 0.89547
vt 0.058003 0.89868
vt 0.058003 0.898196
vt 0.179375 0.89547
vt 0.320608 0.887015
vt 0.32054 0.886847
vt 0.180482 0.890828
vt 0.320608 0.887015
vt 0.180482 0.890828
vt 0.180528 0.890996
vt 0.058003 0.894048
vt 0.180528 0.890996
vt 0.180482 0.890828
vt 0.058003 0.894048
vt 0.058003 0.894216
vt 0.180528 0.890996
vt 0.360441 0.907241
vt 0.319082 0.917769
vt 0.319014 0.917601
vt 0.360441 0.907241
vt 0.360441 0.907409
vt 0.319082 0.917769
vt 0.361747 0.907083
vt 0.360441 0.907409
vt 0.360441 0.907241
vt 0.058003 0.921906
vt 0.179596 0.912031
vt 0.058003 0.922074
vt 0.058003 0.921906
vt 0.179549 0.911863
vt 0.179596 0.912031
vt 0.360441 0.907241
vt 0.361747 0.898522
vt 0.361747 0.907083
vt 0.360441 0.907241
vt 0.360441 0.89868
vt 0.361747 0.898522
vt 0.360441 0.89868
vt 0.360441 0.907241
vt 0.319014 0.917601
vt 0.360441 0.89868
vt 0.319014 0.917601
vt 0.318855 0.891479
vt 0.360441 0.89868
vt 0.318855 0.891479
vt 0.318911 0.890995
vt 0.360441 0.89868
vt 0.318911 0.890995
vt 0.360441 0.898196
vt 0.360441 0.898196
vt 0.361747 0.898522
vt 0.360441 0.89868
vt 0.318855 0.891479
vt 0.319014 0.917601
vt 0.179549 0.911863
vt 0.318855 0.891479
vt 0.179549 0.911863
vt 0.179375 0.89547
vt 0.058003 0.89868
vt 0.179375 0.89547
vt 0.179549 0.911863
vt 0.058003 0.89868
vt 0.179549 0.911863
vt 0.058003 0.921906
vt 0.058003 0.89868
vt 0.058003 0.921906
vt 0.056697 0.921748
vt 0.058003 0.89868
vt 0.056697 0.921748
vt 0.056697 0.898522
vt 0.058003 0.898196
vt 0.058003 0.89868
vt 0.056697 0.898522
vt 0.056034 0.894657
vt 0.056067 0.876121
vt 0.057379 0.876139
vt 0.056034 0.894657
vt 0.057379 0.876139
vt 0.057346 0.894675
vt 0.057379 0.876139
vt 0.179375 0.89547
vt 0.057346 0.894675
vt 0.057379 0.876139
vt 0.180485 0.876946
vt 0.179375 0.89547
vt 0.32126 0.877803
vt 0.179375 0.89547
vt 0.180485 0.876946
vt 0.32126 0.877803
vt 0.319589 0.896318
vt 0.179375 0.89547
vt 0.361366 0.879868
vt 0.319589 0.896318
vt 0.32126 0.877803
vt 0.361366 0.879868
vt 0.361333 0.898403
vt 0.319589 0.896318
vt 0.362678 0.879881
vt 0.361333 0.898403
vt 0.361366 0.879868
vt 0.362678 0.879881
vt 0.362645 0.898417
vt 0.361333 0.898403
vt 0.361747 0.929008
vt 0.360441 0.894216
vt 0.360441 0.902777
vt 0.361747 0.929008
vt 0.361747 0.894374
vt 0.360441 0.894216
vt 0.056697 0.894374
vt 0.058003 0.917442
vt 0.058003 0.894216
vt 0.056697 0.894374
vt 0.056697 0.943673
vt 0.058003 0.917442
vt 0.405056 0.897748
vt 0.406753 0.898172
vt 0.405056 0.898377
vt 0.405056 0.898377
vt 0.351975 0.875351
vt 0.405056 0.897748
vt 0.405056 0.898377
vt 0.350401 0.881375
vt 0.351975 0.875351
vt 0.012908 0.898377
vt 0.351975 0.875351
vt 0.350401 0.881375
vt 0.012908 0.898377
vt 0.012908 0.897748
vt 0.351975 0.875351
vt 0.012908 0.897748
vt 0.012908 0.898377
vt 0.01121 0.898172
vt 0.405056 0.898377
vt 0.350476 0.90951
vt 0.350401 0.881375
vt 0.012908 0.898377
vt 0.350401 0.881375
vt 0.350476 0.90951
vt 0.012908 0.898377
vt 0.350476 0.90951
vt 0.012908 0.90951
vt 0.012908 0.898377
vt 0.012908 0.90951
vt 0.01121 0.909305
vt 0.012908 0.898377
vt 0.01121 0.909305
vt 0.01121 0.898172
vt 0.405056 0.898377
vt 0.405056 0.90951
vt 0.350476 0.90951
vt 0.405056 0.90951
vt 0.405056 0.898377
vt 0.406753 0.898172
vt 0.405056 0.90951
vt 0.406753 0.898172
vt 0.406753 0.909305
vt 0.01121 0.892777
vt 0.012908 0.903705
vt 0.012908 0.892572
vt 0.01121 0.892777
vt 0.01121 0.93047
vt 0.012908 0.903705
vt 0.406753 0.93047
vt 0.405056 0.892572
vt 0.405056 0.903705
vt 0.406753 0.93047
vt 0.406753 0.892777
vt 0.405056 0.892572
vt 0.405056 0.892353
vt 0.351975 0.875351
vt 0.352035 0.87557
vt 0.405056 0.892353
vt 0.352035 0.87557
vt 0.405056 0.892572
vt 0.405056 0.892572
vt 0.406753 0.892777
vt 0.405056 0.892353
vt 0.408391 0.855725
vt 0.408349 0.87974
vt 0.406648 0.879723
vt 0.408391 0.855725
vt 0.406648 0.879723
vt 0.406691 0.855708
vt 0.406691 0.855708
vt 0.406648 0.879723
vt 0.351975 0.875351
vt 0.406691 0.855708
vt 0.351975 0.875351
vt 0.353538 0.851355
vt 0.01401 0.850892
vt 0.353538 0.851355
vt 0.351975 0.875351
vt 0.01401 0.850892
vt 0.351975 0.875351
vt 0.013967 0.874907
vt 0.012267 0.874882
vt 0.01401 0.850892
vt 0.013967 0.874907
vt 0.012267 0.874882
vt 0.01231 0.850868
vt 0.01401 0.850892
vt 0.012908 0.909728
vt 0.01121 0.93047
vt 0.01121 0.909305
vt 0.012908 0.909728
vt 0.012908 0.930894
vt 0.01121 0.93047
vt 0.012908 0.930894
vt 0.012908 0.909728
vt 0.350536 0.909728
vt 0.012908 0.930894
vt 0.350536 0.909728
vt 0.352055 0.930894
vt 0.405056 0.909728
vt 0.352055 0.930894
vt 0.350536 0.909728
vt 0.405056 0.909728
vt 0.405056 0.930894
vt 0.352055 0.930894
vt 0.405056 0.930894
vt 0.405056 0.909728
vt 0.406753 0.909305
vt 0.405056 0.930894
vt 0.406753 0.909305
vt 0.406753 0.93047
vt 0.012908 0.90951
vt 0.350536 0.909728
vt 0.012908 0.909728
vt 0.012908 0.90951
vt 0.350476 0.90951
vt 0.350536 0.909728
vt 0.405056 0.90951
vt 0.350536 0.909728
vt 0.350476 0.90951
vt 0.405056 0.90951
vt 0.405056 0.909728
vt 0.350536 0.909728
vt 0.012908 0.892353
vt 0.352035 0.87557
vt 0.351975 0.875351
vt 0.012908 0.892353
vt 0.012908 0.892572
vt 0.352035 0.87557
vt 0.405056 0.903705
vt 0.405056 0.892572
vt 0.352035 0.87557
vt 0.405056 0.903705
vt 0.352035 0.87557
vt 0.35211 0.903705
vt 0.405056 0.930894
vt 0.405056 0.903705
vt 0.35211 0.903705
vt 0.405056 0.903705
vt 0.405056 0.930894
vt 0.406753 0.93047
vt 0.012908 0.892572
vt 0.35211 0.903705
vt 0.352035 0.87557
vt 0.012908 0.892572
vt 0.012908 0.903705
vt 0.35211 0.903705
vt 0.012908 0.930894
vt 0.35211 0.903705
vt 0.012908 0.903705
vt 0.012908 0.930894
vt 0.352055 0.930894
vt 0.35211 0.903705
vt 0.405056 0.930894
vt 0.35211 0.903705
vt 0.352055 0.930894
vt 0.012908 0.903705
vt 0.01121 0.93047
vt 0.012908 0.930894
vt -0.217178 1.017213
vt -0.207351 0.997573
vt -0.207333 1.017205
vt -0.217178 1.017213
vt -0.217196 0.997581
vt -0.207351 0.997573
vt -0.217196 0.997581
vt -0.207333 1.017205
vt -0.217178 1.017213
vt -0.217196 0.997581
vt -0.207351 0.997573
vt -0.207333 1.017205
vt 0.453705 0.910622
vt 0.455534 0.911078
vt 0.453705 0.9113
vt 0.453705 0.9113
vt 0.111978 0.897951
vt 0.453705 0.910622
vt 0.453705 0.9113
vt 0.111859 0.898629
vt 0.111978 0.897951
vt 0.042868 0.9113
vt 0.111978 0.897951
vt 0.111859 0.898629
vt 0.042868 0.9113
vt 0.042868 0.910622
vt 0.111978 0.897951
vt 0.042868 0.910622
vt 0.042868 0.9113
vt 0.041039 0.911078
vt 0.041039 0.905266
vt 0.042868 0.91704
vt 0.042868 0.905045
vt 0.041039 0.905266
vt 0.041039 0.949311
vt 0.042868 0.91704
vt 0.455534 0.949311
vt 0.453705 0.905045
vt 0.453705 0.91704
vt 0.455534 0.949311
vt 0.455534 0.905266
vt 0.453705 0.905045
vt 0.453705 0.904809
vt 0.115756 0.892374
vt 0.453705 0.905045
vt 0.453705 0.904809
vt 0.1156 0.892139
vt 0.115756 0.892374
vt 0.459088 0.873271
vt 0.459042 0.899101
vt 0.457213 0.899082
vt 0.459088 0.873271
vt 0.457213 0.899082
vt 0.457259 0.873252
vt 0.457259 0.873252
vt 0.457213 0.899082
vt 0.1156 0.892139
vt 0.457259 0.873252
vt 0.1156 0.892139
vt 0.119267 0.866353
vt 0.046559 0.868215
vt 0.119267 0.866353
vt 0.1156 0.892139
vt 0.046559 0.868215
vt 0.1156 0.892139
vt 0.046513 0.894045
vt 0.044685 0.894019
vt 0.046559 0.868215
vt 0.046513 0.894045
vt 0.044685 0.894019
vt 0.044731 0.868188
vt 0.046559 0.868215
vt 0.042868 0.9113
vt 0.041039 0.923074
vt 0.041039 0.911078
vt 0.042868 0.9113
vt 0.042868 0.923295
vt 0.041039 0.923074
vt 0.042868 0.9113
vt 0.112355 0.923295
vt 0.042868 0.923295
vt 0.042868 0.9113
vt 0.111859 0.898629
vt 0.112355 0.923295
vt 0.453705 0.9113
vt 0.112355 0.923295
vt 0.111859 0.898629
vt 0.453705 0.9113
vt 0.453705 0.923295
vt 0.112355 0.923295
vt 0.453705 0.923295
vt 0.453705 0.9113
vt 0.455534 0.911078
vt 0.453705 0.923295
vt 0.455534 0.911078
vt 0.455534 0.923074
vt 0.042868 0.92353
vt 0.041039 0.949311
vt 0.041039 0.923074
vt 0.042868 0.92353
vt 0.042868 0.949768
vt 0.041039 0.949311
vt 0.042868 0.949768
vt 0.042868 0.92353
vt 0.112512 0.92353
vt 0.042868 0.949768
vt 0.112512 0.92353
vt 0.116134 0.949768
vt 0.453705 0.92353
vt 0.116134 0.949768
vt 0.112512 0.92353
vt 0.453705 0.92353
vt 0.453705 0.949768
vt 0.116134 0.949768
vt 0.453705 0.949768
vt 0.453705 0.92353
vt 0.455534 0.923074
vt 0.453705 0.949768
vt 0.455534 0.923074
vt 0.455534 0.949311
vt 0.042868 0.923295
vt 0.112512 0.92353
vt 0.042868 0.92353
vt 0.042868 0.923295
vt 0.112355 0.923295
vt 0.112512 0.92353
vt 0.453705 0.923295
vt 0.112512 0.92353
vt 0.112355 0.923295
vt 0.453705 0.923295
vt 0.453705 0.92353
vt 0.112512 0.92353
vt 0.042868 0.904809
vt 0.115756 0.892374
vt 0.1156 0.892139
vt 0.042868 0.904809
vt 0.042868 0.905045
vt 0.115756 0.892374
vt 0.042868 0.904809
vt 0.041039 0.905266
vt 0.042868 0.905045
vt 0.453705 0.91704
vt 0.453705 0.905045
vt 0.115756 0.892374
vt 0.453705 0.91704
vt 0.115756 0.892374
vt 0.116253 0.91704
vt 0.042868 0.905045
vt 0.116253 0.91704
vt 0.115756 0.892374
vt 0.042868 0.905045
vt 0.042868 0.91704
vt 0.116253 0.91704
vt -0.238339 1.04582
vt -0.221802 1.020257
vt -0.221772 1.04581
vt -0.238339 1.04582
vt -0.238369 1.020268
vt -0.221802 1.020257
vt -0.238369 1.020268
vt -0.221772 1.04581
vt -0.238339 1.04582
vt -0.238369 1.020268
vt -0.221802 1.020257
vt -0.221772 1.04581
vt 0.042868 0.91704
vt 0.041039 0.949311
vt 0.042868 0.949768
vt 0.042868 0.949768
vt 0.116253 0.91704
vt 0.042868 0.91704
vt 0.042868 0.949768
vt 0.116134 0.949768
vt 0.116253 0.91704
vt 0.453705 0.949768
vt 0.116253 0.91704
vt 0.116134 0.949768
vt 0.453705 0.949768
vt 0.453705 0.91704
vt 0.116253 0.91704
vt 0.453705 0.91704
vt 0.453705 0.949768
vt 0.455534 0.949311
vt 1.021077 0.969756
vt 1.018814 0.916603
vt 1.018814 0.931441
vt 1.021077 0.969756
vt 1.021077 0.916876
vt 1.018814 0.916603
vt 1.018814 0.916312
vt 0.860116 0.909759
vt 1.018814 0.916603
vt 1.018814 0.916312
vt 0.860082 0.909468
vt 0.860116 0.909759
vt 0.551861 0.915182
vt 0.860116 0.909759
vt 0.860082 0.909468
vt 0.551861 0.915182
vt 0.551935 0.915473
vt 0.860116 0.909759
vt 0.510603 0.916312
vt 0.551935 0.915473
vt 0.551861 0.915182
vt 0.510603 0.916312
vt 0.510603 0.916603
vt 0.551935 0.915473
vt 1.020025 0.881295
vt 1.019969 0.912896
vt 1.017732 0.912873
vt 1.020025 0.881295
vt 1.017732 0.912873
vt 1.017788 0.881272
vt 1.017788 0.881272
vt 1.017732 0.912873
vt 0.860082 0.909468
vt 1.017788 0.881272
vt 0.860082 0.909468
vt 0.860856 0.877877
vt 0.554186 0.906945
vt 0.860856 0.877877
vt 0.860082 0.909468
vt 0.554186 0.906945
vt 0.556128 0.875367
vt 0.860856 0.877877
vt 0.515338 0.87511
vt 0.556128 0.875367
vt 0.554186 0.906945
vt 0.515338 0.87511
vt 0.554186 0.906945
vt 0.515282 0.90671
vt 0.513045 0.906679
vt 0.515338 0.87511
vt 0.515282 0.90671
vt 0.513045 0.906679
vt 0.513101 0.875078
vt 0.515338 0.87511
vt 0.510603 0.92434
vt 0.508341 0.938905
vt 0.508341 0.924067
vt 0.510603 0.92434
vt 0.510603 0.939178
vt 0.508341 0.938905
vt 0.510603 0.92434
vt 0.549947 0.953113
vt 0.510603 0.939178
vt 0.510603 0.92434
vt 0.549883 0.92321
vt 0.549947 0.953113
vt 0.549947 0.953113
vt 0.549883 0.92321
vt 0.859335 0.917497
vt 0.549947 0.953113
vt 0.859335 0.917497
vt 0.859516 0.9374
vt 1.018814 0.92434
vt 0.859516 0.9374
vt 0.859335 0.917497
vt 1.018814 0.92434
vt 1.018814 0.939178
vt 0.859516 0.9374
vt 1.018814 0.939178
vt 1.018814 0.92434
vt 1.021077 0.924067
vt 1.018814 0.939178
vt 1.021077 0.924067
vt 1.021077 0.938905
vt 0.549883 0.92321
vt 0.860082 0.909468
vt 0.859335 0.917497
vt 1.018814 0.92434
vt 0.859335 0.917497
vt 0.860082 0.909468
vt 1.018814 0.92434
vt 0.860082 0.909468
vt 1.018814 0.923503
vt 1.018814 0.923503
vt 1.021077 0.924067
vt 1.018814 0.92434
vt 0.549883 0.92321
vt 0.549953 0.922372
vt 0.860082 0.909468
vt 0.510603 0.92434
vt 0.549953 0.922372
vt 0.549883 0.92321
vt 0.510603 0.92434
vt 0.510603 0.923503
vt 0.549953 0.922372
vt 0.510603 0.923503
vt 0.510603 0.92434
vt 0.508341 0.924067
vt 0.510603 0.939469
vt 0.510603 0.989958
vt 0.508341 0.969756
vt 0.510603 0.939469
vt 0.508341 0.969756
vt 0.508341 0.938905
vt 0.508341 0.938905
vt 0.510603 0.939178
vt 0.510603 0.939469
vt 1.018814 0.97032
vt 1.021077 0.938905
vt 1.021077 0.969756
vt 1.018814 0.97032
vt 1.018814 0.939469
vt 1.021077 0.938905
vt 1.018814 0.939469
vt 1.018814 0.97032
vt 0.860275 0.96854
vt 1.018814 0.939469
vt 0.860275 0.96854
vt 0.85955 0.937691
vt 1.018814 0.939178
vt 1.018814 0.939469
vt 0.85955 0.937691
vt 1.018814 0.939178
vt 0.85955 0.937691
vt 0.859516 0.9374
vt 0.585172 0.953404
vt 0.859516 0.9374
vt 0.85955 0.937691
vt 0.585172 0.953404
vt 0.549947 0.953113
vt 0.859516 0.9374
vt 0.58708 0.984255
vt 0.85955 0.937691
vt 0.860275 0.96854
vt 0.58708 0.984255
vt 0.585172 0.953404
vt 0.85955 0.937691
vt 0.510603 0.989958
vt 0.58708 0.984255
vt 0.552 0.945375
vt 0.510603 0.989958
vt 0.552 0.945375
vt 0.510603 0.931441
vt 0.510603 0.916603
vt 0.510603 0.931441
vt 0.552 0.945375
vt 0.510603 0.916603
vt 0.552 0.945375
vt 0.551935 0.915473
vt 0.551935 0.915473
vt 0.552 0.945375
vt 0.860297 0.929661
vt 0.551935 0.915473
vt 0.860297 0.929661
vt 0.860116 0.909759
vt 1.018814 0.931441
vt 0.860116 0.909759
vt 0.860297 0.929661
vt 1.018814 0.931441
vt 1.018814 0.916603
vt 0.860116 0.909759
vt 0.552 0.945375
vt 0.860275 0.96854
vt 0.860297 0.929661
vt 1.018814 0.97032
vt 0.860297 0.929661
vt 0.860275 0.96854
vt 1.018814 0.97032
vt 1.018814 0.931441
vt 0.860297 0.929661
vt 1.018814 0.931441
vt 1.018814 0.97032
vt 1.021077 0.969756
vt 0.552 0.945375
vt 0.58708 0.984255
vt 0.860275 0.96854
vt 0.508341 0.916876
vt 0.510603 0.931441
vt 0.510603 0.916603
vt 0.508341 0.916876
vt 0.508341 0.969756
vt 0.510603 0.931441
vt 0.510603 0.939178
vt 0.585172 0.953404
vt 0.510603 0.939469
vt 0.510603 0.939178
vt 0.549947 0.953113
vt 0.585172 0.953404
vt 0.359166 0.917778
vt 0.376923 0.886156
vt 0.376956 0.917765
vt 0.359166 0.917778
vt 0.359133 0.886169
vt 0.376923 0.886156
vt 0.359133 0.886169
vt 0.376956 0.917765
vt 0.359166 0.917778
vt 0.359133 0.886169
vt 0.376923 0.886156
vt 0.376956 0.917765
vt 0.510603 0.989958
vt 0.585172 0.953404
vt 0.58708 0.984255
vt 0.510603 0.989958
vt 0.510603 0.939469
vt 0.585172 0.953404
vt 0.599301 0.302002
vt 0.612855 0.297993
vt 0.517209 0.279796
vt 0.599301 0.302002
vt 0.517209 0.279796
vt 0.516639 0.288565
vt 0.599864 0.310806
vt 0.599301 0.302002
vt 0.516639 0.288565
vt 0.599864 0.310806
vt 0.516639 0.288565
vt 0.522949 0.29984
vt 0.448409 0.27642
vt 0.522949 0.29984
vt 0.516639 0.288565
vt 0.448409 0.27642
vt 0.455205 0.290042
vt 0.522949 0.29984
vt 0.455205 0.290042
vt 0.448409 0.27642
vt 0.361308 0.264909
vt 0.455205 0.290042
vt 0.361308 0.264909
vt 0.368746 0.281527
vt 0.44964 0.263301
vt 0.516639 0.288565
vt 0.517209 0.279796
vt 0.44964 0.263301
vt 0.448409 0.27642
vt 0.516639 0.288565
vt 0.448409 0.27642
vt 0.44964 0.263301
vt 0.363345 0.246553
vt 0.448409 0.27642
vt 0.363345 0.246553
vt 0.361308 0.264909
vt 0.361308 0.264909
vt 0.363345 0.246553
vt 0.325447 0.245293
vt 0.361308 0.264909
vt 0.325447 0.245293
vt 0.307015 0.261045
vt 0.308823 0.24511
vt 0.307015 0.261045
vt 0.325447 0.245293
vt 0.308823 0.24511
vt 0.284552 0.243939
vt 0.307015 0.261045
vt 0.244763 0.234668
vt 0.307015 0.261045
vt 0.284552 0.243939
vt 0.244763 0.234668
vt 0.241851 0.258712
vt 0.307015 0.261045
vt 0.172455 0.238555
vt 0.241851 0.258712
vt 0.244763 0.234668
vt 0.172455 0.238555
vt 0.167648 0.277344
vt 0.241851 0.258712
vt 0.124039 0.239759
vt 0.167648 0.277344
vt 0.172455 0.238555
vt 0.124039 0.239759
vt 0.120785 0.265515
vt 0.167648 0.277344
vt 0.120785 0.265515
vt 0.124039 0.239759
vt 0.077851 0.244057
vt 0.120785 0.265515
vt 0.077851 0.244057
vt 0.074598 0.269813
vt 0.368746 0.281527
vt 0.361308 0.264909
vt 0.307015 0.261045
vt 0.368746 0.281527
vt 0.307015 0.261045
vt 0.32022 0.278615
vt 0.241851 0.258712
vt 0.32022 0.278615
vt 0.307015 0.261045
vt 0.241851 0.258712
vt 0.254252 0.278119
vt 0.32022 0.278615
vt 0.167648 0.277344
vt 0.254252 0.278119
vt 0.241851 0.258712
vt 0.167648 0.277344
vt 0.167586 0.299177
vt 0.254252 0.278119
vt 0.167586 0.299177
vt 0.172519 0.33718
vt 0.261373 0.301197
vt 0.167586 0.299177
vt 0.261373 0.301197
vt 0.254252 0.278119
vt 0.254252 0.278119
vt 0.261373 0.301197
vt 0.292205 0.295911
vt 0.254252 0.278119
vt 0.292205 0.295911
vt 0.32022 0.278615
vt 0.324702 0.293755
vt 0.32022 0.278615
vt 0.292205 0.295911
vt 0.324702 0.293755
vt 0.332486 0.292497
vt 0.32022 0.278615
vt 0.370759 0.299432
vt 0.32022 0.278615
vt 0.332486 0.292497
vt 0.370759 0.299432
vt 0.368746 0.281527
vt 0.32022 0.278615
vt 0.456441 0.302752
vt 0.368746 0.281527
vt 0.370759 0.299432
vt 0.456441 0.302752
vt 0.455205 0.290042
vt 0.368746 0.281527
vt 0.455205 0.290042
vt 0.456441 0.302752
vt 0.523543 0.308214
vt 0.455205 0.290042
vt 0.523543 0.308214
vt 0.522949 0.29984
vt 0.61296 0.315097
vt 0.522949 0.29984
vt 0.523543 0.308214
vt 0.61296 0.315097
vt 0.599864 0.310806
vt 0.522949 0.29984
vt 0.124039 0.239759
vt 0.077317 0.21163
vt 0.077851 0.244057
vt 0.124039 0.239759
vt 0.123574 0.207316
vt 0.077317 0.21163
vt 0.123574 0.207316
vt 0.124039 0.239759
vt 0.172455 0.238555
vt 0.123574 0.207316
vt 0.172455 0.238555
vt 0.172265 0.215937
vt 0.172265 0.215937
vt 0.172455 0.238555
vt 0.244763 0.234668
vt 0.172265 0.215937
vt 0.244763 0.234668
vt 0.252851 0.214714
vt 0.252851 0.214714
vt 0.244763 0.234668
vt 0.284552 0.243939
vt 0.252851 0.214714
vt 0.284552 0.243939
vt 0.284028 0.224528
vt 0.308823 0.24511
vt 0.284028 0.224528
vt 0.284552 0.243939
vt 0.308823 0.24511
vt 0.316568 0.226764
vt 0.284028 0.224528
vt 0.316568 0.226764
vt 0.308823 0.24511
vt 0.32545 0.244747
vt 0.316568 0.226764
vt 0.32545 0.244747
vt 0.324379 0.22675
vt 0.363345 0.246553
vt 0.324379 0.22675
vt 0.32545 0.244747
vt 0.363345 0.246553
vt 0.370763 0.229751
vt 0.324379 0.22675
vt 0.44964 0.263301
vt 0.370763 0.229751
vt 0.363345 0.246553
vt 0.44964 0.263301
vt 0.456443 0.2494
vt 0.370763 0.229751
vt 0.456443 0.2494
vt 0.44964 0.263301
vt 0.517209 0.279796
vt 0.456443 0.2494
vt 0.517209 0.279796
vt 0.523543 0.268165
vt 0.612855 0.297993
vt 0.523543 0.268165
vt 0.517209 0.279796
vt 0.612855 0.297993
vt 0.612959 0.289472
vt 0.523543 0.268165
vt 0.120517 0.29719
vt 0.074598 0.269813
vt 0.074203 0.302273
vt 0.120517 0.29719
vt 0.120785 0.265515
vt 0.074598 0.269813
vt 0.120785 0.265515
vt 0.120517 0.29719
vt 0.167586 0.299177
vt 0.120785 0.265515
vt 0.167586 0.299177
vt 0.167648 0.277344
vt 0.123898 0.322162
vt 0.074203 0.302273
vt 0.077456 0.328029
vt 0.123898 0.322162
vt 0.120517 0.29719
vt 0.074203 0.302273
vt 0.599301 0.302002
vt 0.609491 0.308278
vt 0.59814 0.3082
vt 0.599301 0.302002
vt 0.610652 0.302081
vt 0.609491 0.308278
vt 0.120517 0.29719
vt 0.172519 0.33718
vt 0.167586 0.299177
vt 0.120517 0.29719
vt 0.123898 0.322162
vt 0.172519 0.33718
vt 0.077456 0.328029
vt 0.037021 0.304282
vt 0.040275 0.330038
vt 0.077456 0.328029
vt 0.074203 0.302273
vt 0.037021 0.304282
vt -1.113871 0.762436
vt 1.209926 0.797461
vt 1.200327 0.762436
vt -1.113871 0.762436
vt -1.113871 0.797461
vt 1.209926 0.797461
vt -1.113871 0.797461
vt 1.209926 0.762436
vt -1.113871 0.762436
vt -1.113871 0.797461
vt 1.200327 0.797461
vt 1.209926 0.762436
vt 4.761827 0.816259
vt 2.44763 0.797461
vt 4.761827 0.797461
vt 4.761827 0.816259
vt 2.44763 0.816259
vt 2.44763 0.797461
vt 2.869535 0.889205
vt 2.823847 0.864474
vt 2.823847 0.889205
vt 2.869535 0.889205
vt 2.869535 0.864474
vt 2.823847 0.864474
vt -1.113871 0.797461
vt 1.209926 0.816259
vt 1.209926 0.797461
vt -1.113871 0.797461
vt -1.113871 0.816259
vt 1.209926 0.816259
vt 1.060009 0.794925
vt 1.068117 0.779385
vt 1.068117 0.794925
vt 1.060009 0.794925
vt 1.060009 0.779385
vt 1.068117 0.779385
vt 1.060009 0.794925
vt 1.068117 0.779385
vt 1.068117 0.794925
vt 1.060009 0.794925
vt 1.060009 0.779385
vt 1.068117 0.779385
vt -2.515965 0.792533
vt 0.387029 0.769051
vt -2.515965 0.769051
vt -2.515965 0.792533
vt 0.387029 0.792533
vt 0.387029 0.769051
vt 1.971346 0.842225
vt 1.925658 0.817494
vt 1.925658 0.842225
vt 1.971346 0.842225
vt 1.971346 0.817494
vt 1.925658 0.817494
vt -2.515965 0.725295
vt 0.375036 0.769051
vt 0.387029 0.725295
vt -2.515965 0.725295
vt -2.515965 0.769051
vt 0.375036 0.769051
vt -2.515965 0.769051
vt 0.375036 0.725295
vt -2.515965 0.725295
vt -2.515965 0.769051
vt 0.387029 0.76905
vt 0.375036 0.725295
vt 4.824225 0.769051
vt 1.933224 0.792533
vt 1.933223 0.769051
vt 4.824225 0.769051
vt 4.824225 0.792533
vt 1.933224 0.792533
vt 0.057532 0.368785
vt 0.035554 0.400789
vt 0.056801 0.400978
vt 0.057532 0.368785
vt 0.036807 0.369454
vt 0.035554 0.400789
vt 0.105986 0.351507
vt 0.059485 0.316214
vt 0.05932 0.347835
vt 0.105986 0.351507
vt 0.106151 0.319886
vt 0.059485 0.316214
vt 0.106151 0.319886
vt 0.105986 0.351507
vt 0.155318 0.342148
vt 0.106151 0.319886
vt 0.155318 0.342148
vt 0.155268 0.320108
vt 0.103376 0.370493
vt 0.05932 0.347835
vt 0.057532 0.368785
vt 0.103376 0.370493
vt 0.105986 0.351507
vt 0.05932 0.347835
vt 0.105986 0.351507
vt 0.103376 0.370493
vt 0.152499 0.378978
vt 0.105986 0.351507
vt 0.152499 0.378978
vt 0.155318 0.342148
vt 0.155318 0.342148
vt 0.152499 0.378978
vt 0.214331 0.376548
vt 0.155318 0.342148
vt 0.214331 0.376548
vt 0.194711 0.352968
vt 0.220678 0.347829
vt 0.194711 0.352968
vt 0.214331 0.376548
vt 0.214331 0.376548
vt 0.309013 0.360799
vt 0.220678 0.347829
vt 0.214331 0.376548
vt 0.307482 0.384024
vt 0.309013 0.360799
vt 0.435992 0.364983
vt 0.309013 0.360799
vt 0.307482 0.384024
vt 0.435992 0.364983
vt 0.43999 0.354507
vt 0.309013 0.360799
vt 0.43999 0.354507
vt 0.435992 0.364983
vt 0.503468 0.355466
vt 0.43999 0.354507
vt 0.503468 0.355466
vt 0.507 0.346123
vt 0.549863 0.352155
vt 0.507 0.346123
vt 0.503468 0.355466
vt 0.549863 0.352155
vt 0.56652 0.341711
vt 0.507 0.346123
vt 0.104307 0.421099
vt 0.056801 0.400978
vt 0.057641 0.424772
vt 0.104307 0.421099
vt 0.102618 0.398641
vt 0.056801 0.400978
vt 0.102618 0.398641
vt 0.057532 0.368785
vt 0.056801 0.400978
vt 0.102618 0.398641
vt 0.103376 0.370493
vt 0.057532 0.368785
vt 0.103376 0.370493
vt 0.102618 0.398641
vt 0.152448 0.401018
vt 0.103376 0.370493
vt 0.152448 0.401018
vt 0.152499 0.378978
vt 0.152499 0.378978
vt 0.152448 0.401018
vt 0.205989 0.396885
vt 0.152499 0.378978
vt 0.205989 0.396885
vt 0.214331 0.376548
vt 0.205989 0.396885
vt 0.307482 0.384024
vt 0.214331 0.376548
vt 0.205989 0.396885
vt 0.29973 0.401561
vt 0.307482 0.384024
vt 0.425656 0.377314
vt 0.307482 0.384024
vt 0.29973 0.401561
vt 0.425656 0.377314
vt 0.435992 0.364983
vt 0.307482 0.384024
vt 0.435992 0.364983
vt 0.425656 0.377314
vt 0.493944 0.365316
vt 0.435992 0.364983
vt 0.493944 0.365316
vt 0.503468 0.355466
vt 0.545608 0.363411
vt 0.503468 0.355466
vt 0.493944 0.365316
vt 0.545608 0.363411
vt 0.549863 0.352155
vt 0.503468 0.355466
vt 0.558369 0.370916
vt 0.545608 0.363411
vt 0.493944 0.365316
vt 0.558369 0.370916
vt 0.493944 0.365316
vt 0.494107 0.375471
vt 0.425656 0.377314
vt 0.494107 0.375471
vt 0.493944 0.365316
vt 0.425656 0.377314
vt 0.426007 0.388633
vt 0.494107 0.375471
vt 0.426007 0.388633
vt 0.425656 0.377314
vt 0.29973 0.401561
vt 0.426007 0.388633
vt 0.29973 0.401561
vt 0.301254 0.425364
vt 0.212386 0.426242
vt 0.301254 0.425364
vt 0.29973 0.401561
vt 0.212386 0.426242
vt 0.29973 0.401561
vt 0.205989 0.396885
vt 0.212386 0.426242
vt 0.205989 0.396885
vt 0.193616 0.420751
vt 0.151926 0.40119
vt 0.193616 0.420751
vt 0.205989 0.396885
vt 0.151926 0.40119
vt 0.154745 0.438021
vt 0.193616 0.420751
vt 0.220678 0.347829
vt 0.193451 0.331725
vt 0.194711 0.352968
vt 0.220678 0.347829
vt 0.21239 0.327434
vt 0.193451 0.331725
vt 0.220678 0.347829
vt 0.301265 0.342988
vt 0.21239 0.327434
vt 0.220678 0.347829
vt 0.309013 0.360799
vt 0.301265 0.342988
vt 0.43999 0.354507
vt 0.301265 0.342988
vt 0.309013 0.360799
vt 0.43999 0.354507
vt 0.433229 0.341431
vt 0.301265 0.342988
vt 0.433229 0.341431
vt 0.43999 0.354507
vt 0.507 0.346123
vt 0.433229 0.341431
vt 0.507 0.346123
vt 0.500741 0.335455
vt 0.56652 0.341711
vt 0.500741 0.335455
vt 0.507 0.346123
vt 0.56652 0.341711
vt 0.566161 0.333394
vt 0.500741 0.335455
vt 0.155268 0.320108
vt 0.194711 0.352968
vt 0.193451 0.331725
vt 0.155268 0.320108
vt 0.155318 0.342148
vt 0.194711 0.352968
vt 0.102618 0.398641
vt 0.154745 0.438021
vt 0.151926 0.40119
vt 0.102618 0.398641
vt 0.104307 0.421099
vt 0.154745 0.438021
vt 0.564736 0.347086
vt 0.552109 0.358947
vt 0.553759 0.349216

# 6609 Vertex Normals
vn -0.229764 -0.878234 -0.419421
vn -0.229764 -0.878234 -0.419421
vn -0.229764 -0.878234 -0.419421
vn 0.229714 -0.878345 -0.419215
vn 0.229714 -0.878345 -0.419215
vn 0.229714 -0.878345 -0.419215
vn -0.229615 0.878366 0.419226
vn -0.229615 0.878366 0.419226
vn -0.229615 0.878366 0.419226
vn 0.22962 0.878315 0.41933
vn 0.22962 0.878315 0.41933
vn 0.22962 0.878315 0.41933
vn -0.229527 -0.878485 -0.419024
vn -0.229527 -0.878485 -0.419024
vn -0.229527 -0.878485 -0.419024
vn 0.229489 -0.878494 -0.419027
vn 0.229489 -0.878494 -0.419027
vn 0.229489 -0.878494 -0.419027
vn -0.229654 0.878257 0.419432
vn -0.229654 0.878257 0.419432
vn -0.229654 0.878257 0.419432
vn 0.22977 0.878231 0.419423
vn 0.22977 0.878231 0.419423
vn 0.22977 0.878231 0.419423
vn -0.22969 -0.878953 0.417953
vn -0.077022 -0.900415 0.428159
vn -0.22969 -0.878953 0.417953
vn -0.229673 0.878253 0.41943
vn -0.229673 0.878253 0.41943
vn -0.229673 0.878253 0.41943
vn -0.229732 -0.878291 -0.41932
vn -0.229732 -0.878291 -0.41932
vn -0.229732 -0.878291 -0.41932
vn 0.229793 -0.878278 -0.419312
vn 0.229793 -0.878278 -0.419312
vn 0.229793 -0.878278 -0.419312
vn -0.229769 0.878182 0.419527
vn -0.229769 0.878182 0.419527
vn -0.229769 0.878182 0.419527
vn 0.229625 0.878313 0.419331
vn 0.229625 0.878313 0.419331
vn 0.229625 0.878313 0.419331
vn -0.229769 -0.878233 -0.41942
vn -0.229769 -0.878233 -0.41942
vn -0.229769 -0.878233 -0.41942
vn 0.229706 -0.878246 -0.419427
vn 0.229706 -0.878246 -0.419427
vn 0.229706 -0.878246 -0.419427
vn -0.229514 -0.878488 -0.419025
vn -0.229514 -0.878488 -0.419025
vn -0.229514 -0.878488 -0.419025
vn 0.229467 -0.878497 -0.419032
vn 0.229467 -0.878497 -0.419032
vn 0.229467 -0.878497 -0.419032
vn -0.229752 0.878236 0.419422
vn -0.229752 0.878236 0.419422
vn -0.229752 0.878236 0.419422
vn 0.22978 0.87823 0.41942
vn 0.22978 0.87823 0.41942
vn 0.22978 0.87823 0.41942
vn -0.22953 -0.878384 -0.419235
vn -0.22953 -0.878384 -0.419235
vn -0.22953 -0.878384 -0.419235
vn 0.229589 -0.878371 -0.419229
vn 0.229589 -0.878371 -0.419229
vn 0.229589 -0.878371 -0.419229
vn -0.229612 -0.878994 0.417908
vn -0.076996 -0.900443 0.428106
vn -0.229612 -0.878994 0.417908
vn -0.229658 0.878231 0.419484
vn -0.229658 0.878231 0.419484
vn -0.229658 0.878231 0.419484
vn -0.229719 -0.878168 -0.419583
vn -0.229719 -0.878168 -0.419583
vn -0.229719 -0.878168 -0.419583
vn 0.229744 -0.878163 -0.419581
vn 0.229744 -0.878163 -0.419581
vn 0.229744 -0.878163 -0.419581
vn 0.229531 0.878333 0.419341
vn 0.216676 0.932735 0.288197
vn 0.229531 0.878333 0.419341
vn -0.229538 0.878332 0.419339
vn -0.229538 0.878332 0.419339
vn -0.229538 0.878332 0.419339
vn 0.229816 -0.878324 -0.419203
vn 0.229816 -0.878324 -0.419203
vn 0.229816 -0.878324 -0.419203
vn 0.229811 -0.878275 -0.419309
vn 0.229811 -0.878275 -0.419309
vn 0.229811 -0.878275 -0.419309
vn -0.229858 -0.878264 -0.419307
vn -0.229858 -0.878264 -0.419307
vn -0.229858 -0.878264 -0.419307
vn 0.229842 0.878268 0.419306
vn 0.229842 0.878268 0.419306
vn 0.229842 0.878268 0.419306
vn 0.229781 0.878179 0.419527
vn 0.229781 0.878179 0.419527
vn 0.229781 0.878179 0.419527
vn -0.229764 0.878183 0.419527
vn -0.229764 0.878183 0.419527
vn -0.229764 0.878183 0.419527
vn 0.229677 -0.878453 -0.41901
vn 0.229677 -0.878453 -0.41901
vn 0.229677 -0.878453 -0.41901
vn -0.229749 -0.878287 -0.419318
vn -0.229749 -0.878287 -0.419318
vn -0.229749 -0.878287 -0.419318
vn 0.229776 0.878432 0.418999
vn 0.229776 0.878432 0.418999
vn 0.229776 0.878432 0.418999
vn -0.229777 0.878432 0.418998
vn -0.229777 0.878432 0.418998
vn -0.229777 0.878432 0.418998
vn 0.229775 -0.878333 -0.419207
vn 0.229775 -0.878333 -0.419207
vn 0.229775 -0.878333 -0.419207
vn -0.229785 -0.87833 -0.419209
vn -0.229785 -0.87833 -0.419209
vn -0.229785 -0.87833 -0.419209
vn -0.229652 -0.878459 -0.419011
vn -0.229652 -0.878459 -0.419011
vn -0.229652 -0.878459 -0.419011
vn -0.229742 0.878163 0.419582
vn -0.229742 0.878163 0.419582
vn -0.229742 0.878163 0.419582
vn -0.22973 -0.878994 0.417844
vn -0.077036 -0.900465 0.428051
vn -0.22973 -0.878994 0.417844
vn -0.229482 0.878344 0.419344
vn -0.229482 0.878344 0.419344
vn -0.229482 0.878344 0.419344
vn 0.229438 0.878353 0.41935
vn 0.229438 0.878353 0.41935
vn 0.229438 0.878353 0.41935
vn -0.229774 -0.878232 -0.41942
vn -0.229774 -0.878232 -0.41942
vn -0.229774 -0.878232 -0.41942
vn 0.229701 -0.878247 -0.419427
vn 0.229701 -0.878247 -0.419427
vn 0.229701 -0.878247 -0.419427
vn -0.22972 -0.878218 -0.419478
vn -0.22972 -0.878218 -0.419478
vn -0.22972 -0.878218 -0.419478
vn 0.229741 -0.878339 -0.419213
vn 0.229741 -0.878339 -0.419213
vn 0.229741 -0.878339 -0.419213
vn -0.229523 0.878486 0.419024
vn -0.229523 0.878486 0.419024
vn -0.229523 0.878486 0.419024
vn 0.229654 0.878283 0.419379
vn 0.229654 0.878283 0.419379
vn 0.229654 0.878283 0.419379
vn -0.229614 -0.878341 -0.419278
vn -0.229614 -0.878341 -0.419278
vn -0.229614 -0.878341 -0.419278
vn 0.229637 -0.878336 -0.419277
vn 0.229637 -0.878336 -0.419277
vn 0.229637 -0.878336 -0.419277
vn -0.229662 0.87823 0.419484
vn -0.229662 0.87823 0.419484
vn -0.229662 0.87823 0.419484
vn 0.229635 0.878336 0.419277
vn 0.229635 0.878336 0.419277
vn 0.229635 0.878336 0.419277
vn -0.229601 -0.878972 0.417962
vn -0.076992 -0.900417 0.42816
vn -0.229601 -0.878972 0.417962
vn -0.229706 0.878346 0.419217
vn -0.229706 0.878346 0.419217
vn -0.229706 0.878346 0.419217
vn -0.229732 -0.87819 -0.41953
vn -0.229732 -0.87819 -0.41953
vn -0.229732 -0.87819 -0.41953
vn 0.229744 -0.878188 -0.419528
vn 0.229744 -0.878188 -0.419528
vn 0.229744 -0.878188 -0.419528
vn -0.229726 0.878166 0.419583
vn -0.229726 0.878166 0.419583
vn -0.229726 0.878166 0.419583
vn 0.229753 0.878172 0.419556
vn 0.229753 0.878172 0.419556
vn 0.229753 0.878172 0.419556
vn -0.229752 -0.878224 -0.419448
vn -0.229752 -0.878224 -0.419448
vn -0.229752 -0.878224 -0.419448
vn 0.229697 -0.878236 -0.419454
vn 0.229697 -0.878236 -0.419454
vn 0.229697 -0.878236 -0.419454
vn -0.229557 -0.878366 -0.419258
vn -0.229557 -0.878366 -0.419258
vn -0.229557 -0.878366 -0.419258
vn 0.229537 -0.878371 -0.419258
vn 0.229537 -0.878371 -0.419258
vn 0.229537 -0.878371 -0.419258
vn -0.229742 0.87822 0.419462
vn -0.229742 0.87822 0.419462
vn -0.229742 0.87822 0.419462
vn 0.229746 0.878219 0.419463
vn 0.229746 0.878219 0.419463
vn 0.229746 0.878219 0.419463
vn -0.229583 -0.878467 -0.419031
vn -0.229583 -0.878467 -0.419031
vn -0.229583 -0.878467 -0.419031
vn 0.229585 -0.878467 -0.419031
vn 0.229585 -0.878467 -0.419031
vn 0.229585 -0.878467 -0.419031
vn -0.229737 -0.879005 0.417817
vn -0.077038 -0.900478 0.428024
vn -0.229737 -0.879005 0.417817
vn -0.229627 0.878354 0.419244
vn -0.229627 0.878354 0.419244
vn -0.229627 0.878354 0.419244
vn 0.22959 0.878362 0.419249
vn 0.22959 0.878362 0.419249
vn 0.22959 0.878362 0.419249
vn -0.229742 -0.878226 -0.419449
vn -0.229742 -0.878226 -0.419449
vn -0.229742 -0.878226 -0.419449
vn 0.229706 -0.878234 -0.419453
vn 0.229706 -0.878234 -0.419453
vn 0.229706 -0.878234 -0.419453
vn -0.229731 0.878332 0.419234
vn -0.229731 0.878332 0.419234
vn -0.229731 0.878332 0.419234
vn 0.229765 0.878324 0.419231
vn 0.229765 0.878324 0.419231
vn 0.229765 0.878324 0.419231
vn 0.229624 -0.878354 -0.419246
vn 0.229624 -0.878354 -0.419246
vn 0.229624 -0.878354 -0.419246
vn -0.22953 0.878484 0.419024
vn -0.22953 0.878484 0.419024
vn -0.22953 0.878484 0.419024
vn 0.229586 0.878474 0.419016
vn 0.229586 0.878474 0.419016
vn 0.229586 0.878474 0.419016
vn 0.229601 -0.878368 -0.419228
vn 0.229601 -0.878368 -0.419228
vn 0.229601 -0.878368 -0.419228
vn -0.229641 -0.878963 0.417958
vn -0.077006 -0.900416 0.428159
vn -0.229641 -0.878963 0.417958
vn -0.229643 0.878259 0.419434
vn -0.229643 0.878259 0.419434
vn -0.229643 0.878259 0.419434
vn -0.229766 -0.878283 -0.419316
vn -0.229766 -0.878283 -0.419316
vn -0.229766 -0.878283 -0.419316
vn 0.22984 -0.878268 -0.419308
vn 0.22984 -0.878268 -0.419308
vn 0.22984 -0.878268 -0.419308
vn -0.229855 -0.878164 -0.419517
vn -0.229855 -0.878164 -0.419517
vn -0.229855 -0.878164 -0.419517
vn 0.229551 0.878329 0.419338
vn 0.229551 0.878329 0.419338
vn 0.229551 0.878329 0.419338
vn -0.229596 0.878319 0.419334
vn -0.229596 0.878319 0.419334
vn -0.229596 0.878319 0.419334
vn -0.229574 0.878274 0.41944
vn -0.229574 0.878274 0.41944
vn -0.229574 0.878274 0.41944
vn 0.22982 -0.878424 -0.418992
vn 0.22982 -0.878424 -0.418992
vn 0.22982 -0.878424 -0.418992
vn -0.229661 -0.878306 -0.419326
vn -0.229661 -0.878306 -0.419326
vn -0.229661 -0.878306 -0.419326
vn -0.229749 -0.878237 -0.419422
vn -0.229749 -0.878237 -0.419422
vn -0.229749 -0.878237 -0.419422
vn -0.229862 0.878263 0.419306
vn -0.088936 0.899227 0.428348
vn -0.229862 0.878263 0.419306
vn 0.229533 0.878384 0.419232
vn 0.229533 0.878384 0.419232
vn 0.229533 0.878384 0.419232
vn 0.229793 -0.878227 -0.419418
vn 0.229793 -0.878227 -0.419418
vn 0.229793 -0.878227 -0.419418
vn 0.229782 0.878382 0.419101
vn 0.21682 0.932752 0.288034
vn 0.229782 0.878382 0.419101
vn -0.229785 0.87838 0.419103
vn -0.229785 0.87838 0.419103
vn -0.229785 0.87838 0.419103
vn 0.229668 -0.878455 -0.419011
vn 0.229668 -0.878455 -0.419011
vn 0.229668 -0.878455 -0.419011
vn 0.229801 -0.878277 -0.41931
vn 0.229801 -0.878277 -0.41931
vn 0.229801 -0.878277 -0.41931
vn -0.229868 -0.878262 -0.419306
vn -0.229868 -0.878262 -0.419306
vn -0.229868 -0.878262 -0.419306
vn 0.229759 0.878335 0.419212
vn 0.229759 0.878335 0.419212
vn 0.229759 0.878335 0.419212
vn 0.229601 0.878216 0.419547
vn 0.229601 0.878216 0.419547
vn 0.229601 0.878216 0.419547
vn -0.229617 0.878214 0.419542
vn -0.229617 0.878214 0.419542
vn -0.229617 0.878214 0.419542
vn 0.229696 -0.878348 -0.419218
vn 0.229696 -0.878348 -0.419218
vn 0.229696 -0.878348 -0.419218
vn -0.229733 -0.87819 -0.41953
vn -0.229733 -0.87819 -0.41953
vn -0.229733 -0.87819 -0.41953
vn 0.229844 0.878318 0.419202
vn 0.229844 0.878318 0.419202
vn 0.229844 0.878318 0.419202
vn -0.229905 0.878304 0.419196
vn -0.229905 0.878304 0.419196
vn -0.229905 0.878304 0.419196
vn 0.229777 -0.878433 -0.418996
vn 0.229777 -0.878433 -0.418996
vn 0.229777 -0.878433 -0.418996
vn -0.229833 -0.87842 -0.418993
vn -0.229833 -0.87842 -0.418993
vn -0.229833 -0.87842 -0.418993
vn -0.229713 -0.878345 -0.419215
vn -0.229713 -0.878345 -0.419215
vn -0.229713 -0.878345 -0.419215
vn -0.229666 0.878405 0.419116
vn -0.229666 0.878405 0.419116
vn -0.229666 0.878405 0.419116
vn -0.229711 0.878396 0.419111
vn -0.229711 0.878396 0.419111
vn -0.229711 0.878396 0.419111
vn 0.229745 0.878388 0.419109
vn 0.229745 0.878388 0.419109
vn 0.229745 0.878388 0.419109
vn -0.229795 -0.878277 -0.419313
vn -0.229795 -0.878277 -0.419313
vn -0.229795 -0.878277 -0.419313
vn -0.229765 0.878283 0.419317
vn -0.229765 0.878283 0.419317
vn -0.229765 0.878283 0.419317
vn 0.229803 0.878276 0.419311
vn 0.229803 0.878276 0.419311
vn 0.229803 0.878276 0.419311
vn 0.229453 -0.87845 -0.419138
vn 0.229453 -0.87845 -0.419138
vn 0.229453 -0.87845 -0.419138
vn 0.22972 0.878192 0.419533
vn 0.22972 0.878192 0.419533
vn 0.22972 0.878192 0.419533
vn -0.229778 -0.878231 -0.419419
vn -0.229778 -0.878231 -0.419419
vn -0.229778 -0.878231 -0.419419
vn -0.178583 0.88858 -0.422532
vn -0.229803 0.878928 -0.417942
vn -0.229803 0.878928 -0.417942
vn 0.229763 -0.878235 -0.419419
vn 0.229763 -0.878235 -0.419419
vn 0.229763 -0.878235 -0.419419
vn -1.0 0.0 0.0
vn -1.0 0.0 0.0
vn -1.0 0.0 0.0
vn -1.0 0.0 0.0
vn -1.0 0.0 0.0
vn -1.0 0.0 0.0
vn 1.0 0.0 0.0
vn 1.0 0.0 0.0
vn 1.0 0.0 -0.0
vn 1.0 0.0 0.0
vn 1.0 0.0 0.0
vn 1.0 0.0 0.0
vn 0.229539 0.879084 -0.417761
vn 0.010114 0.901961 -0.431699
vn 0.229539 0.879084 -0.417761
vn 0.477384 0.123404 -0.869986
vn 0.477384 0.123404 -0.869986
vn 0.477389 0.123404 -0.869984
vn 0.477384 0.123404 -0.869986
vn 0.477379 0.123404 -0.869989
vn 0.477384 0.123404 -0.869986
vn -0.229618 -0.879118 0.417645
vn -0.067211 -0.901048 0.42848
vn -0.229618 -0.879118 0.417645
vn -0.249496 -0.081062 0.964977
vn -0.480052 -0.066681 0.874702
vn -0.480052 -0.066681 0.874702
vn -0.249496 -0.081062 0.964977
vn -0.250093 -0.073597 0.965421
vn -0.480052 -0.066681 0.874702
vn -0.249496 -0.081062 0.964977
vn -0.004476 -0.106583 0.994294
vn -0.250093 -0.073597 0.965421
vn -0.249496 -0.081062 0.964977
vn -0.001147 -0.104891 0.994483
vn -0.004476 -0.106583 0.994294
vn 0.160077 -0.126455 0.978971
vn -0.004476 -0.106583 0.994294
vn -0.001147 -0.104891 0.994483
vn 0.160077 -0.126455 0.978971
vn 0.32396 -0.13286 0.936695
vn -0.004476 -0.106583 0.994294
vn 0.32396 -0.13286 0.936695
vn 0.160077 -0.126455 0.978971
vn 0.477461 -0.123394 0.869945
vn 0.32396 -0.13286 0.936695
vn 0.477461 -0.123394 0.869945
vn 0.477412 -0.1234 0.869971
vn -0.067211 -0.901048 0.42848
vn 0.007336 -0.903107 0.429352
vn 0.007333 -0.902987 0.429606
vn 0.076972 -0.900573 0.427836
vn 0.007333 -0.902987 0.429606
vn 0.007336 -0.903107 0.429352
vn 0.076972 -0.900573 0.427836
vn 0.007336 -0.903107 0.429352
vn 0.115546 -0.897203 0.426235
vn 0.115546 -0.897203 0.426235
vn 0.229542 -0.879135 0.417651
vn 0.076972 -0.900573 0.427836
vn -0.067211 -0.901048 0.42848
vn 0.014676 -0.903155 0.429064
vn 0.007336 -0.903107 0.429352
vn -0.480058 0.066682 -0.874699
vn -0.327676 0.071816 -0.942057
vn -0.480055 0.066681 -0.8747
vn -0.480058 0.066682 -0.874699
vn -0.480061 0.066682 -0.874697
vn -0.327676 0.071816 -0.942057
vn -0.127989 0.895824 -0.425581
vn -0.229732 0.879094 -0.417633
vn -0.093593 0.89891 -0.42802
vn -0.093593 0.89891 -0.42802
vn -0.062364 0.900302 -0.430776
vn -0.127989 0.895824 -0.425581
vn -0.093593 0.89891 -0.42802
vn -0.062158 0.89914 -0.433226
vn -0.062364 0.900302 -0.430776
vn 0.010114 0.901961 -0.431699
vn -0.062364 0.900302 -0.430776
vn -0.062158 0.89914 -0.433226
vn 0.010114 0.901961 -0.431699
vn -0.100171 0.898658 -0.427059
vn -0.062364 0.900302 -0.430776
vn 0.0 -0.902479 -0.430734
vn 0.0 -0.902479 -0.430734
vn -0.0 -0.902479 -0.430734
vn 0.0 -0.902479 -0.430734
vn 0.000001 -0.902479 -0.430734
vn 0.0 -0.902479 -0.430734
vn 0.252856 -0.967504 -0.000791
vn 0.252725 -0.967538 -0.000802
vn 0.169801 -0.985478 -0.000802
vn 0.252856 -0.967504 -0.000791
vn 0.169801 -0.985478 -0.000802
vn 0.084945 -0.996385 -0.000803
vn 0.084945 -0.996385 -0.000803
vn 0.169801 -0.985478 -0.000802
vn 0.009095 -0.999959 -0.000389
vn 0.084945 -0.996385 -0.000803
vn 0.009095 -0.999959 -0.000389
vn 0.00906 -0.999959 0.000028
vn -0.118456 -0.992959 -0.000382
vn 0.00906 -0.999959 0.000028
vn 0.009095 -0.999959 -0.000389
vn -0.118456 -0.992959 -0.000382
vn 0.009095 -0.999959 -0.000389
vn -0.118372 -0.992969 -0.000801
vn -0.252883 -0.967496 -0.000786
vn -0.118456 -0.992959 -0.000382
vn -0.118372 -0.992969 -0.000801
vn -0.252883 -0.967496 -0.000786
vn -0.25298 -0.967471 -0.000791
vn -0.118456 -0.992959 -0.000382
vn -0.145608 0.983103 0.110933
vn -0.252898 0.967493 0.000786
vn -0.2528 0.967518 0.00078
vn -0.145608 0.983103 0.110933
vn -0.105632 0.994405 -0.000139
vn -0.252898 0.967493 0.000786
vn -0.105632 0.994405 -0.000139
vn -0.145608 0.983103 0.110933
vn -0.050156 0.983521 0.173697
vn -0.105632 0.994405 -0.000139
vn -0.050156 0.983521 0.173697
vn -0.09178 0.995772 -0.003818
vn 0.002942 0.999991 -0.002923
vn -0.09178 0.995772 -0.003818
vn -0.050156 0.983521 0.173697
vn 0.002942 0.999991 -0.002923
vn -0.124162 0.992262 0.000811
vn -0.09178 0.995772 -0.003818
vn -0.031264 0.902615 0.429311
vn -0.050156 0.983521 0.173697
vn -0.145608 0.983103 0.110933
vn -0.031264 0.902615 0.429311
vn -0.031277 0.903191 0.428098
vn -0.050156 0.983521 0.173697
vn 0.25271 0.967542 0.000797
vn 0.25271 0.967542 0.000797
vn 0.252593 0.967572 0.000802
vn 0.25271 0.967542 0.000797
vn 0.002942 0.999991 -0.002923
vn 0.25271 0.967542 0.000797
vn -0.120598 0.89816 0.422805
vn -0.120598 0.89816 0.422805
vn -0.120656 0.900446 0.417898
vn -0.120598 0.89816 0.422805
vn -0.120535 0.895849 0.427699
vn -0.120598 0.89816 0.422805
vn 0.018165 -0.902629 -0.430035
vn 0.018165 -0.902629 -0.430035
vn 0.018172 -0.903031 -0.429191
vn 0.018165 -0.902629 -0.430035
vn 0.018158 -0.902227 -0.430879
vn 0.018165 -0.902629 -0.430035
vn 0.007871 0.122628 -0.992422
vn 0.007871 0.122628 -0.992422
vn 0.007605 0.095236 -0.995426
vn 0.007871 0.122628 -0.992422
vn 0.0 0.14044 -0.990089
vn 0.007871 0.122628 -0.992422
vn 0.003538 0.090463 -0.995894
vn 0.007605 0.095236 -0.995426
vn 0.002275 0.104895 -0.994481
vn 0.003538 0.090463 -0.995894
vn -0.327676 0.071816 -0.942057
vn 0.007605 0.095236 -0.995426
vn -1.0 0.0 0.0
vn -1.0 0.0 0.0
vn -1.0 0.0 0.0
vn -1.0 0.0 0.0
vn -1.0 0.0 0.0
vn -1.0 0.0 0.0
vn 1.0 0.0 0.0
vn 1.0 0.0 0.0
vn 1.0 0.0 -0.0
vn 1.0 0.0 0.0
vn 1.0 0.0 0.0
vn 1.0 0.0 0.0
vn -0.102264 0.898466 -0.426968
vn -0.229779 0.879034 -0.417733
vn -0.05906 0.90159 -0.428542
vn -0.05906 0.90159 -0.428542
vn 0.095013 0.899047 -0.427419
vn -0.102264 0.898466 -0.426968
vn -0.001837 0.060878 -0.998144
vn -0.003668 0.120722 -0.99268
vn 0.163987 0.04199 -0.985568
vn -0.001837 0.060878 -0.998144
vn 0.163987 0.04199 -0.985568
vn -0.0 0.000813 -1.0
vn -0.05906 0.90159 -0.428542
vn 0.129052 0.895546 -0.425843
vn 0.095013 0.899047 -0.427419
vn 0.095013 0.899047 -0.427419
vn 0.129052 0.895546 -0.425843
vn 0.229794 0.878931 -0.417941
vn 0.115673 -0.897189 0.426229
vn 0.229793 -0.879081 0.417627
vn 0.077057 -0.900567 0.427834
vn 0.077057 -0.900567 0.427834
vn -0.0 -0.903252 0.42911
vn 0.115673 -0.897189 0.426229
vn 0.077057 -0.900567 0.427834
vn -0.115661 -0.89719 0.42623
vn -0.0 -0.903252 0.42911
vn -0.246263 -0.086181 0.965364
vn 0.248324 -0.000788 0.968677
vn 0.249543 -0.031766 0.967843
vn -0.246263 -0.086181 0.965364
vn 0.249543 -0.031766 0.967843
vn -0.245012 -0.117031 0.962431
vn -0.246263 -0.086181 0.965364
vn -0.245012 -0.117031 0.962431
vn -0.478377 -0.106008 0.871733
vn -0.246263 -0.086181 0.965364
vn -0.478377 -0.106008 0.871733
vn -0.478441 -0.106009 0.871697
vn -0.229769 -0.879086 0.417629
vn -0.115661 -0.89719 0.42623
vn -0.229769 -0.879086 0.417629
vn 0.249543 -0.031766 0.967843
vn 0.248324 -0.000788 0.968677
vn 0.481091 -0.000713 0.87667
vn 0.249543 -0.031766 0.967843
vn 0.481091 -0.000713 0.87667
vn 0.481092 -0.000713 0.87667
vn -0.478376 0.106009 -0.871733
vn -0.478376 0.106009 -0.871733
vn -0.478431 0.10601 -0.871703
vn -0.478376 0.106009 -0.871733
vn -0.478321 0.106008 -0.871763
vn -0.478376 0.106009 -0.871733
vn 0.481093 0.000713 -0.876669
vn 0.481093 0.000713 -0.876669
vn 0.163987 0.04199 -0.985568
vn 0.481093 0.000713 -0.876669
vn 0.481092 0.000713 -0.87667
vn 0.481093 0.000713 -0.876669
vn -0.0 -0.902582 -0.430518
vn -0.0 -0.902582 -0.430518
vn -0.0 -0.902582 -0.430518
vn -0.0 -0.902582 -0.430518
vn -0.0 -0.902582 -0.430518
vn -0.0 -0.902582 -0.430518
vn 0.252835 -0.967509 -0.000791
vn 0.25296 -0.967476 -0.00078
vn 0.127457 -0.991844 -0.000817
vn 0.252835 -0.967509 -0.000791
vn 0.127457 -0.991844 -0.000817
vn 0.127393 -0.991852 -0.000822
vn -0.127474 -0.991841 -0.000817
vn 0.127393 -0.991852 -0.000822
vn 0.127457 -0.991844 -0.000817
vn -0.127474 -0.991841 -0.000817
vn 0.127457 -0.991844 -0.000817
vn -0.127527 -0.991835 -0.000822
vn -0.252869 -0.9675 -0.000791
vn -0.127474 -0.991841 -0.000817
vn -0.127527 -0.991835 -0.000822
vn -0.252869 -0.9675 -0.000791
vn -0.252767 -0.967527 -0.00078
vn -0.127474 -0.991841 -0.000817
vn -0.11295 0.98733 0.111452
vn -0.253011 0.967463 0.000769
vn -0.253057 0.967451 0.000769
vn -0.11295 0.98733 0.111452
vn -0.062539 0.998042 0.000801
vn -0.253011 0.967463 0.000769
vn -0.062539 0.998042 0.000801
vn -0.11295 0.98733 0.111452
vn 0.079653 0.980869 0.177627
vn -0.062539 0.998042 0.000801
vn 0.079653 0.980869 0.177627
vn 0.180851 0.98351 0.000804
vn 0.180851 0.98351 0.000804
vn 0.079653 0.980869 0.177627
vn 0.253018 0.967461 0.000791
vn 0.180851 0.98351 0.000804
vn 0.253018 0.967461 0.000791
vn 0.25299 0.967469 0.000791
vn 0.033614 0.901865 0.430707
vn 0.079653 0.980869 0.177627
vn -0.11295 0.98733 0.111452
vn 0.033614 0.901865 0.430707
vn 0.033614 0.901865 0.430707
vn 0.079653 0.980869 0.177627
vn 0.11564 -0.897039 0.426553
vn 0.229728 -0.878945 0.417949
vn 0.077035 -0.900414 0.428158
vn 0.077035 -0.900414 0.428158
vn 0.0 -0.975564 0.219717
vn 0.11564 -0.897039 0.426553
vn 0.077035 -0.900414 0.428158
vn 0.0 -0.903098 0.429434
vn 0.0 -0.975564 0.219717
vn -0.077022 -0.900415 0.428159
vn 0.0 -0.975564 0.219717
vn 0.0 -0.903098 0.429434
vn -0.077022 -0.900415 0.428159
vn -0.0 -0.903098 0.429435
vn 0.0 -0.975564 0.219717
vn 0.181399 -0.049714 0.982152
vn 0.008351 -0.072364 0.997343
vn 0.0 -0.143503 0.98965
vn -0.252348 -0.037649 0.966904
vn 0.0 -0.143503 0.98965
vn 0.008351 -0.072364 0.997343
vn -0.252348 -0.037649 0.966904
vn 0.008351 -0.072364 0.997343
vn -0.255475 -0.000786 0.966815
vn -0.252348 -0.037649 0.966904
vn -0.255475 -0.000786 0.966815
vn -0.480983 -0.000713 0.87673
vn -0.252348 -0.037649 0.966904
vn -0.480983 -0.000713 0.87673
vn -0.480983 -0.000713 0.87673
vn 0.181399 -0.049714 0.982152
vn 0.344555 -0.000764 0.938766
vn 0.008351 -0.072364 0.997343
vn 0.344555 -0.000764 0.938766
vn 0.181399 -0.049714 0.982152
vn 0.480984 -0.000713 0.876729
vn 0.344555 -0.000764 0.938766
vn 0.480984 -0.000713 0.876729
vn 0.480982 -0.000713 0.87673
vn 0.229675 0.878253 0.419429
vn 0.217472 0.880779 0.420636
vn 0.213036 0.878832 0.426931
vn 0.213036 0.878832 0.426931
vn 0.217472 0.880779 0.420636
vn 0.204689 0.879012 0.430629
vn 0.213036 0.878832 0.426931
vn 0.204689 0.879012 0.430629
vn 0.204123 0.874772 0.43944
vn -0.480983 0.000713 -0.87673
vn -0.325304 0.000769 -0.945609
vn -0.480984 0.000713 -0.876729
vn -0.480983 0.000713 -0.87673
vn -0.480981 0.000713 -0.876731
vn -0.325304 0.000769 -0.945609
vn 0.480991 0.000713 -0.876725
vn 0.480991 0.000713 -0.876725
vn 0.159128 0.049922 -0.985995
vn 0.480991 0.000713 -0.876725
vn 0.480987 0.000713 -0.876727
vn 0.480991 0.000713 -0.876725
vn -0.000001 -0.902427 -0.430842
vn -0.0 -0.902427 -0.430842
vn -0.000001 -0.902427 -0.430842
vn -0.000001 -0.902427 -0.430842
vn -0.0 -0.902427 -0.430842
vn -0.0 -0.902427 -0.430842
vn -0.0 -0.902427 -0.430842
vn -0.0 -0.902427 -0.430842
vn -0.0 -0.902427 -0.430842
vn -0.0 -0.902427 -0.430842
vn -0.0 -0.902427 -0.430842
vn -0.0 -0.902427 -0.430842
vn 0.253014 -0.967462 -0.000791
vn 0.253048 -0.967454 -0.000791
vn 0.169909 -0.985459 -0.000806
vn 0.253014 -0.967462 -0.000791
vn 0.169909 -0.985459 -0.000806
vn 0.084943 -0.996385 -0.000815
vn 0.084943 -0.996385 -0.000815
vn 0.169909 -0.985459 -0.000806
vn 0.0 -0.975564 0.219717
vn 0.084943 -0.996385 -0.000815
vn 0.0 -0.975564 0.219717
vn -0.0 -1.0 -0.000818
vn -0.127535 -0.991834 -0.000811
vn -0.0 -1.0 -0.000818
vn 0.0 -0.975564 0.219717
vn -0.127535 -0.991834 -0.000811
vn 0.0 -0.975564 0.219717
vn -0.12753 -0.991834 -0.000811
vn -0.252986 -0.96747 -0.000791
vn -0.127535 -0.991834 -0.000811
vn -0.12753 -0.991834 -0.000811
vn -0.252986 -0.96747 -0.000791
vn -0.252996 -0.967467 -0.000791
vn -0.127535 -0.991834 -0.000811
vn -0.162393 0.980507 0.110613
vn -0.252986 0.96747 0.000791
vn -0.252968 0.967474 0.000791
vn -0.162393 0.980507 0.110613
vn -0.127582 0.991827 -0.00129
vn -0.252986 0.96747 0.000791
vn -0.127582 0.991827 -0.00129
vn -0.162393 0.980507 0.110613
vn 0.026066 0.999645 0.005527
vn -0.127582 0.991827 -0.00129
vn 0.026066 0.999645 0.005527
vn 0.118329 0.992959 0.005523
vn 0.22302 0.974785 0.007563
vn 0.118329 0.992959 0.005523
vn 0.026066 0.999645 0.005527
vn 0.22302 0.974785 0.007563
vn 0.238763 0.971077 0.000794
vn 0.118329 0.992959 0.005523
vn 0.238763 0.971077 0.000794
vn 0.22302 0.974785 0.007563
vn 0.253029 0.967458 0.000791
vn 0.238763 0.971077 0.000794
vn 0.253029 0.967458 0.000791
vn 0.253001 0.967466 0.000791
vn -0.06458 0.901889 0.427112
vn -0.06458 0.901889 0.427112
vn -0.162393 0.980507 0.110613
vn -0.06458 0.901889 0.427112
vn -0.064636 0.903274 0.424168
vn -0.06458 0.901889 0.427112
vn 0.159128 0.049922 -0.985995
vn 0.0 0.000813 -1.0
vn -0.006156 0.096189 -0.995344
vn 0.159128 0.049922 -0.985995
vn -0.006156 0.096189 -0.995344
vn -0.001221 0.096194 -0.995362
vn 0.190743 0.888511 -0.417331
vn 0.200102 0.884833 -0.420749
vn 0.060302 0.902513 -0.426419
vn 0.200102 0.884833 -0.420749
vn 0.190743 0.888511 -0.417331
vn 0.22975 0.87894 -0.417946
vn 0.007405 0.07234 -0.997353
vn -0.001221 0.096194 -0.995362
vn -0.006156 0.096189 -0.995344
vn 0.007405 0.07234 -0.997353
vn -0.325304 0.000769 -0.945609
vn -0.001221 0.096194 -0.995362
vn -0.111141 0.896904 -0.428032
vn 0.060302 0.902513 -0.426419
vn -0.141087 0.894064 -0.425139
vn -0.111141 0.896904 -0.428032
vn 0.060773 0.903541 -0.42417
vn 0.060302 0.902513 -0.426419
vn 0.190743 0.888511 -0.417331
vn 0.060302 0.902513 -0.426419
vn 0.060773 0.903541 -0.42417
vn -0.141087 0.894064 -0.425139
vn -0.229682 0.878954 -0.417954
vn -0.111141 0.896904 -0.428032
vn -1.0 0.0 -0.0
vn -1.0 0.0 -0.0
vn -1.0 0.0 -0.0
vn -1.0 0.0 -0.0
vn -1.0 0.0 -0.0
vn -1.0 0.0 -0.0
vn 1.0 0.0 -0.0
vn 1.0 0.0 -0.0
vn 1.0 0.0 -0.0
vn 1.0 0.0 -0.0
vn 1.0 0.0 0.0
vn 1.0 0.0 -0.0
vn 0.115651 -0.897039 0.426552
vn 0.229749 -0.878941 0.417945
vn 0.077043 -0.900414 0.428157
vn 0.077043 -0.900414 0.428157
vn 0.0 -0.903098 0.429435
vn 0.115651 -0.897039 0.426552
vn 0.077043 -0.900414 0.428157
vn -0.0 -0.903098 0.429435
vn 0.0 -0.903098 0.429435
vn -0.077059 -0.900413 0.428158
vn 0.0 -0.903098 0.429435
vn -0.0 -0.903098 0.429435
vn -0.077059 -0.900413 0.428158
vn 0.000002 -0.903098 0.429435
vn 0.0 -0.903098 0.429435
vn 0.169714 -0.050729 0.984187
vn 0.003297 -0.11007 0.993918
vn 0.0 -0.146193 0.989256
vn -0.246119 -0.141698 0.958826
vn 0.0 -0.146193 0.989256
vn 0.003297 -0.11007 0.993918
vn -0.246119 -0.141698 0.958826
vn 0.003297 -0.11007 0.993918
vn -0.246091 -0.141697 0.958833
vn -0.246119 -0.141698 0.958826
vn -0.246091 -0.141697 0.958833
vn -0.477098 -0.128486 0.869408
vn -0.246119 -0.141698 0.958826
vn -0.477098 -0.128486 0.869408
vn -0.477149 -0.128486 0.86938
vn -0.229798 -0.878929 0.417942
vn -0.077059 -0.900413 0.428158
vn -0.229798 -0.878929 0.417942
vn 0.169714 -0.050729 0.984187
vn 0.333875 -0.000767 0.942617
vn 0.003297 -0.11007 0.993918
vn 0.333875 -0.000767 0.942617
vn 0.169714 -0.050729 0.984187
vn 0.481033 -0.000713 0.876702
vn 0.333875 -0.000767 0.942617
vn 0.481033 -0.000713 0.876702
vn 0.481033 -0.000713 0.876702
vn -0.477101 0.128486 -0.869406
vn -0.477101 0.128486 -0.869406
vn -0.477158 0.128485 -0.869374
vn -0.477101 0.128486 -0.869406
vn -0.477044 0.128487 -0.869437
vn -0.477101 0.128486 -0.869406
vn -0.11563 0.89704 -0.426554
vn -0.229707 0.878949 -0.417951
vn -0.077029 0.900415 -0.428159
vn -0.077029 0.900415 -0.428159
vn 0.022943 0.902973 -0.429084
vn -0.11563 0.89704 -0.426554
vn -0.077029 0.900415 -0.428159
vn 0.022949 0.903061 -0.4289
vn 0.022943 0.902973 -0.429084
vn 0.107553 0.898027 -0.42659
vn 0.022943 0.902973 -0.429084
vn 0.022949 0.903061 -0.4289
vn 0.107553 0.898027 -0.42659
vn 0.138363 0.894462 -0.425197
vn 0.022943 0.902973 -0.429084
vn -0.002378 0.073717 -0.997276
vn -0.002378 0.073717 -0.997276
vn -0.004743 0.146228 -0.98924
vn -0.002378 0.073717 -0.997276
vn -0.0 0.000813 -1.0
vn -0.002378 0.073717 -0.997276
vn 0.138363 0.894462 -0.425197
vn 0.107553 0.898027 -0.42659
vn 0.229671 0.879007 -0.41785
vn 0.481034 0.000713 -0.876702
vn 0.481034 0.000713 -0.876702
vn 0.481035 0.000713 -0.876701
vn 0.481034 0.000713 -0.876702
vn 0.481032 0.000713 -0.876703
vn 0.481034 0.000713 -0.876702
vn -0.0 -0.902376 -0.43095
vn -0.0 -0.902376 -0.43095
vn -0.0 -0.902376 -0.43095
vn -0.0 -0.902376 -0.43095
vn 0.0 -0.902376 -0.430951
vn -0.0 -0.902376 -0.43095
vn -0.0 -0.902376 -0.43095
vn -0.0 -0.902376 -0.43095
vn 0.0 -0.902376 -0.430951
vn -0.0 -0.902376 -0.43095
vn -0.000001 -0.902376 -0.43095
vn -0.0 -0.902376 -0.43095
vn 0.25298 -0.967471 -0.000791
vn 0.252917 -0.967488 -0.000791
vn 0.169886 -0.985463 -0.000806
vn 0.25298 -0.967471 -0.000791
vn 0.169886 -0.985463 -0.000806
vn 0.084964 -0.996384 -0.000815
vn 0.084964 -0.996384 -0.000815
vn 0.169886 -0.985463 -0.000806
vn -0.000001 -1.0 -0.000818
vn 0.084964 -0.996384 -0.000815
vn -0.000001 -1.0 -0.000818
vn -0.000001 -1.0 -0.000818
vn -0.127553 -0.991831 -0.000811
vn -0.000001 -1.0 -0.000818
vn -0.000001 -1.0 -0.000818
vn -0.127553 -0.991831 -0.000811
vn -0.000001 -1.0 -0.000818
vn -0.127556 -0.991831 -0.000811
vn -0.253021 -0.967461 -0.000791
vn -0.127553 -0.991831 -0.000811
vn -0.127556 -0.991831 -0.000811
vn -0.253021 -0.967461 -0.000791
vn -0.253016 -0.967462 -0.000791
vn -0.127553 -0.991831 -0.000811
vn -0.129934 0.985257 0.111291
vn -0.253022 0.96746 0.000786
vn -0.253033 0.967457 0.000786
vn -0.129934 0.985257 0.111291
vn -0.084954 0.996385 0.000809
vn -0.253022 0.96746 0.000786
vn -0.084954 0.996385 0.000809
vn -0.129934 0.985257 0.111291
vn 0.025041 0.967109 0.253128
vn -0.084954 0.996385 0.000809
vn 0.025041 0.967109 0.253128
vn 0.03801 0.999276 0.001384
vn 0.108332 0.987899 0.110994
vn 0.03801 0.999276 0.001384
vn 0.025041 0.967109 0.253128
vn 0.108332 0.987899 0.110994
vn 0.188445 0.982083 0.000799
vn 0.03801 0.999276 0.001384
vn 0.188445 0.982083 0.000799
vn 0.108332 0.987899 0.110994
vn 0.252909 0.96749 0.000786
vn 0.188445 0.982083 0.000799
vn 0.252909 0.96749 0.000786
vn 0.252994 0.967468 0.00078
vn 0.0 0.902324 0.431059
vn 0.025041 0.967109 0.253128
vn -0.129934 0.985257 0.111291
vn 0.0 0.902324 0.431059
vn 0.028518 0.901538 0.431759
vn 0.025041 0.967109 0.253128
vn 0.057025 0.900489 0.431124
vn 0.025041 0.967109 0.253128
vn 0.028518 0.901538 0.431759
vn 0.057025 0.900489 0.431124
vn 0.108332 0.987899 0.110994
vn 0.025041 0.967109 0.253128
vn 0.0 0.146203 -0.989255
vn 0.0 0.146203 -0.989255
vn -0.0 0.146203 -0.989255
vn 0.0 0.146203 -0.989255
vn 0.000001 0.146203 -0.989255
vn 0.0 0.146203 -0.989255
vn -1.0 0.0 0.0
vn -1.0 0.0 0.0
vn -1.0 0.0 -0.0
vn -1.0 0.0 0.0
vn -1.0 0.0 0.0
vn -1.0 0.0 0.0
vn 1.0 0.0 0.0
vn 1.0 0.0 0.0
vn 1.0 0.0 -0.0
vn 1.0 0.0 0.0
vn 1.0 0.0 0.0
vn 1.0 0.0 0.0
vn 0.252819 -0.967513 -0.000794
vn 0.252842 -0.967507 -0.000791
vn 0.169777 -0.985482 -0.000809
vn 0.252819 -0.967513 -0.000794
vn 0.169777 -0.985482 -0.000809
vn 0.084881 -0.996391 -0.00082
vn 0.084881 -0.996391 -0.00082
vn 0.169777 -0.985482 -0.000809
vn 0.0 -1.0 -0.000823
vn 0.084881 -0.996391 -0.00082
vn 0.0 -1.0 -0.000823
vn 0.0 -1.0 -0.000823
vn -0.127452 -0.991844 -0.000815
vn 0.0 -1.0 -0.000823
vn 0.0 -1.0 -0.000823
vn -0.127452 -0.991844 -0.000815
vn 0.0 -1.0 -0.000823
vn -0.127484 -0.99184 -0.000816
vn -0.252824 -0.967512 -0.000794
vn -0.127452 -0.991844 -0.000815
vn -0.127484 -0.99184 -0.000816
vn -0.252824 -0.967512 -0.000794
vn -0.25276 -0.967529 -0.000791
vn -0.127452 -0.991844 -0.000815
vn -0.480982 -0.000713 0.87673
vn -0.480982 -0.000713 0.87673
vn -0.480983 -0.000713 0.87673
vn -0.480982 -0.000713 0.87673
vn -0.480982 -0.000713 0.87673
vn -0.480982 -0.000713 0.87673
vn -0.189703 0.981841 0.000804
vn -0.252816 0.967514 0.000796
vn -0.252961 0.967476 0.000807
vn -0.189703 0.981841 0.000804
vn -0.125434 0.992102 0.000354
vn -0.252816 0.967514 0.000796
vn -0.125434 0.992102 0.000354
vn -0.189703 0.981841 0.000804
vn 0.038992 0.999237 0.002131
vn -0.125434 0.992102 0.000354
vn 0.038992 0.999237 0.002131
vn -0.060963 0.99814 -0.00054
vn 0.248278 0.968688 0.000794
vn 0.25282 0.967513 0.000796
vn 0.252634 0.967562 0.000807
vn 0.248278 0.968688 0.000794
vn 0.243353 0.969935 0.002544
vn 0.25282 0.967513 0.000796
vn 0.243353 0.969935 0.002544
vn 0.248278 0.968688 0.000794
vn 0.238517 0.971132 0.003423
vn 0.243353 0.969935 0.002544
vn 0.238517 0.971132 0.003423
vn 0.038992 0.999237 0.002131
vn 0.480917 -0.000713 0.876766
vn 0.480917 -0.000713 0.876766
vn 0.480917 -0.000713 0.876766
vn 0.480917 -0.000713 0.876766
vn 0.480917 -0.000713 0.876766
vn 0.480917 -0.000713 0.876766
vn 0.0 -0.902582 -0.430518
vn 0.0 -0.902582 -0.430518
vn 0.0 -0.902582 -0.430518
vn 0.0 -0.902582 -0.430518
vn 0.0 -0.902582 -0.430518
vn 0.0 -0.902582 -0.430518
vn 0.000001 -0.902582 -0.430518
vn 0.0 -0.902582 -0.430518
vn 0.0 -0.902582 -0.430518
vn 0.000001 -0.902582 -0.430518
vn 0.0 -0.902582 -0.430518
vn 0.000001 -0.902582 -0.430518
vn 0.028262 -0.071352 0.997051
vn 0.056362 -0.000812 0.99841
vn 0.010588 -0.07135 0.997395
vn 0.028262 -0.071352 0.997051
vn 0.010588 -0.07135 0.997395
vn -0.0 -0.14148 0.989941
vn 0.076975 -0.90047 0.428052
vn -0.0 -0.903149 0.429326
vn 0.0 -0.903149 0.429326
vn 0.076975 -0.90047 0.428052
vn 0.0 -0.903149 0.429326
vn 0.11555 -0.8971 0.42645
vn 0.11555 -0.8971 0.42645
vn 0.229551 -0.879032 0.417862
vn 0.076975 -0.90047 0.428052
vn -0.007083 -0.071326 0.997428
vn -0.0 -0.14148 0.989941
vn 0.010588 -0.07135 0.997395
vn -0.07699 -0.900469 0.428052
vn 0.0 -0.903149 0.429326
vn -0.0 -0.903149 0.429326
vn -0.07699 -0.900469 0.428052
vn -0.115572 -0.897098 0.426449
vn 0.0 -0.903149 0.429326
vn -0.115572 -0.897098 0.426449
vn -0.07699 -0.900469 0.428052
vn -0.229595 -0.879023 0.417857
vn -0.007083 -0.071326 0.997428
vn 0.010588 -0.07135 0.997395
vn -0.01413 -0.000813 0.9999
vn 0.158055 0.049194 -0.986204
vn 0.0 0.000813 -1.0
vn -0.007234 0.094798 -0.99547
vn 0.158055 0.049194 -0.986204
vn -0.007234 0.094798 -0.99547
vn -0.002522 0.094803 -0.995493
vn 0.206149 0.884244 -0.419065
vn 0.211857 0.882599 -0.419686
vn 0.073271 0.900978 -0.427633
vn 0.211857 0.882599 -0.419686
vn 0.206149 0.884244 -0.419065
vn 0.229452 0.879003 -0.417977
vn 0.007069 0.071326 -0.997428
vn -0.002522 0.094803 -0.995493
vn -0.007234 0.094798 -0.99547
vn 0.007069 0.071326 -0.997428
vn -0.325551 0.000777 -0.945524
vn -0.002522 0.094803 -0.995493
vn -0.109588 0.897521 -0.427137
vn 0.073271 0.900978 -0.427633
vn -0.139862 0.894221 -0.425214
vn -0.109588 0.897521 -0.427137
vn 0.073412 0.901276 -0.426981
vn 0.073271 0.900978 -0.427633
vn 0.206149 0.884244 -0.419065
vn 0.073271 0.900978 -0.427633
vn 0.073412 0.901276 -0.426981
vn -0.139862 0.894221 -0.425214
vn -0.229535 0.878986 -0.417969
vn -0.109588 0.897521 -0.427137
vn -1.0 0.0 -0.0
vn -1.0 0.0 -0.0
vn -1.0 0.0 -0.0
vn -1.0 0.0 -0.0
vn -1.0 0.0 -0.0
vn -1.0 0.0 -0.0
vn 1.0 0.0 -0.0
vn 1.0 0.0 -0.0
vn 1.0 0.0 -0.000001
vn 1.0 0.0 -0.0
vn 1.0 0.0 0.0
vn 1.0 0.0 -0.0
vn -0.229785 0.878179 0.419524
vn -0.117792 0.896239 0.427647
vn -0.14603 0.892651 0.426438
vn -0.117792 0.896239 0.427647
vn 0.089339 0.89835 0.4301
vn -0.14603 0.892651 0.426438
vn -0.117792 0.896239 0.427647
vn 0.089255 0.897991 0.430867
vn 0.089339 0.89835 0.4301
vn 0.235162 0.87634 0.420389
vn 0.089339 0.89835 0.4301
vn 0.089255 0.897991 0.430867
vn 0.235162 0.87634 0.420389
vn 0.23388 0.877297 0.419106
vn 0.089339 0.89835 0.4301
vn 0.229724 0.878191 0.419533
vn 0.23388 0.877297 0.419106
vn 0.235162 0.87634 0.420389
vn -0.481041 0.000724 -0.876698
vn -0.325551 0.000777 -0.945524
vn -0.480984 0.000713 -0.876729
vn -0.481041 0.000724 -0.876698
vn -0.481099 0.000735 -0.876666
vn -0.325551 0.000777 -0.945524
vn 0.480979 0.000724 -0.876732
vn 0.480979 0.000724 -0.876732
vn 0.158055 0.049194 -0.986204
vn 0.480979 0.000724 -0.876732
vn 0.48092 0.000735 -0.876764
vn 0.480979 0.000724 -0.876732
vn 0.22971 -0.878999 0.417844
vn 0.22971 -0.878999 0.417844
vn 0.058795 -0.90157 0.428619
vn 0.248046 -0.087919 0.964751
vn 0.248613 -0.119333 0.961224
vn 0.478374 -0.108195 0.871465
vn -0.24779 -0.032426 0.968271
vn 0.248613 -0.119333 0.961224
vn 0.248046 -0.087919 0.964751
vn 0.058795 -0.90157 0.428619
vn -0.12922 -0.895526 0.425834
vn -0.095246 -0.89901 0.427446
vn 0.058795 -0.90157 0.428619
vn -0.095246 -0.89901 0.427446
vn -0.027321 -0.902813 0.429166
vn 0.248046 -0.087919 0.964751
vn 0.478374 -0.108195 0.871465
vn 0.47832 -0.108203 0.871494
vn -0.095246 -0.89901 0.427446
vn -0.12922 -0.895526 0.425834
vn -0.229772 -0.878935 0.417945
vn -0.24779 -0.032426 0.968271
vn 0.248046 -0.087919 0.964751
vn -0.248326 -0.000788 0.968676
vn -0.24779 -0.032426 0.968271
vn -0.248326 -0.000788 0.968676
vn -0.481096 -0.000713 0.876667
vn -0.24779 -0.032426 0.968271
vn -0.481096 -0.000713 0.876667
vn -0.481097 -0.000713 0.876667
vn -0.480982 0.000713 -0.87673
vn -0.480982 0.000713 -0.87673
vn -0.480982 0.000713 -0.87673
vn -0.480982 0.000713 -0.87673
vn -0.480982 0.000713 -0.87673
vn -0.480982 0.000713 -0.87673
vn 0.480982 0.000713 -0.87673
vn 0.480982 0.000713 -0.87673
vn 0.480981 0.000713 -0.876731
vn 0.480982 0.000713 -0.87673
vn 0.480983 0.000713 -0.876729
vn 0.480982 0.000713 -0.87673
vn 0.0 -0.902479 -0.430734
vn 0.0 -0.902479 -0.430734
vn -0.0 -0.902479 -0.430734
vn 0.0 -0.902479 -0.430734
vn 0.0 -0.902479 -0.430734
vn 0.0 -0.902479 -0.430734
vn 0.216256 -0.827446 -0.518234
vn 0.216296 -0.827439 -0.518229
vn 0.10331 -0.907791 -0.406501
vn 0.216256 -0.827446 -0.518234
vn 0.10331 -0.907791 -0.406501
vn 0.108754 -0.842474 -0.527645
vn -0.139959 -0.980461 -0.138232
vn 0.108754 -0.842474 -0.527645
vn 0.10331 -0.907791 -0.406501
vn -0.139959 -0.980461 -0.138232
vn 0.10331 -0.907791 -0.406501
vn -0.144409 -0.989518 -0.000815
vn -0.252932 -0.967484 -0.000791
vn -0.139959 -0.980461 -0.138232
vn -0.144409 -0.989518 -0.000815
vn -0.252932 -0.967484 -0.000791
vn -0.252816 -0.967514 -0.000786
vn -0.139959 -0.980461 -0.138232
vn -0.12992 0.985262 0.111262
vn -0.253 0.967466 0.000786
vn -0.253027 0.967459 0.000786
vn -0.12992 0.985262 0.111262
vn -0.084941 0.996386 0.000809
vn -0.253 0.967466 0.000786
vn -0.084941 0.996386 0.000809
vn -0.12992 0.985262 0.111262
vn 0.052108 0.982655 0.177972
vn -0.084941 0.996386 0.000809
vn 0.052108 0.982655 0.177972
vn 0.169937 0.985455 0.0008
vn 0.169937 0.985455 0.0008
vn 0.052108 0.982655 0.177972
vn 0.253055 0.967452 0.000785
vn 0.169937 0.985455 0.0008
vn 0.253055 0.967452 0.000785
vn 0.253052 0.967452 0.000785
vn -0.0 0.902376 0.43095
vn 0.052108 0.982655 0.177972
vn -0.12992 0.985262 0.111262
vn -0.0 0.902376 0.43095
vn -0.0 0.902376 0.43095
vn 0.052108 0.982655 0.177972
vn 0.0 0.000813 -1.0
vn 0.0 0.000813 -1.0
vn 0.0 0.000813 -1.0
vn 0.0 0.000813 -1.0
vn -0.0 0.000813 -1.0
vn 0.0 0.000813 -1.0
vn -1.0 0.0 -0.0
vn -1.0 0.0 -0.0
vn -1.0 0.0 -0.0
vn -1.0 0.0 -0.0
vn -1.0 0.0 -0.0
vn -1.0 0.0 -0.0
vn 1.0 0.0 -0.0
vn 1.0 0.0 -0.0
vn 1.0 0.0 -0.0
vn 1.0 0.0 -0.0
vn 1.0 0.0 0.0
vn 1.0 0.0 -0.0
vn -0.115651 0.897038 -0.426553
vn -0.22975 0.87894 -0.417947
vn -0.077043 0.900414 -0.428159
vn -0.077043 0.900414 -0.428159
vn 0.077046 0.900413 -0.428158
vn -0.115651 0.897038 -0.426553
vn -0.077043 0.900414 -0.428159
vn 0.115656 0.897037 -0.426553
vn 0.077046 0.900413 -0.428158
vn 0.077046 0.900413 -0.428158
vn 0.115656 0.897037 -0.426553
vn 0.22976 0.878937 -0.417946
vn 0.115576 -0.897071 0.426504
vn 0.229602 -0.878995 0.417911
vn 0.076993 -0.900443 0.428106
vn 0.076993 -0.900443 0.428106
vn -0.0 -0.975569 0.219692
vn 0.115576 -0.897071 0.426504
vn 0.076993 -0.900443 0.428106
vn 0.0 -0.903124 0.42938
vn -0.0 -0.975569 0.219692
vn -0.076996 -0.900443 0.428106
vn -0.0 -0.975569 0.219692
vn 0.0 -0.903124 0.42938
vn -0.076996 -0.900443 0.428106
vn 0.0 -0.903124 0.42938
vn -0.0 -0.975569 0.219692
vn 0.181401 -0.049714 0.982152
vn 0.008351 -0.072364 0.997343
vn 0.0 -0.143504 0.98965
vn -0.252348 -0.037649 0.966904
vn 0.0 -0.143504 0.98965
vn 0.008351 -0.072364 0.997343
vn -0.252348 -0.037649 0.966904
vn 0.008351 -0.072364 0.997343
vn -0.255474 -0.000786 0.966816
vn -0.252348 -0.037649 0.966904
vn -0.255474 -0.000786 0.966816
vn -0.480984 -0.000713 0.876729
vn -0.252348 -0.037649 0.966904
vn -0.480984 -0.000713 0.876729
vn -0.480985 -0.000713 0.876729
vn 0.181401 -0.049714 0.982152
vn 0.344558 -0.000764 0.938765
vn 0.008351 -0.072364 0.997343
vn 0.344558 -0.000764 0.938765
vn 0.181401 -0.049714 0.982152
vn 0.480988 -0.000713 0.876727
vn 0.344558 -0.000764 0.938765
vn 0.480988 -0.000713 0.876727
vn 0.480986 -0.000713 0.876728
vn 0.229659 0.87823 0.419487
vn 0.217464 0.880754 0.420692
vn 0.21303 0.878815 0.426969
vn 0.21303 0.878815 0.426969
vn 0.217464 0.880754 0.420692
vn 0.204688 0.878998 0.430656
vn 0.21303 0.878815 0.426969
vn 0.204688 0.878998 0.430656
vn 0.204123 0.874772 0.439441
vn -0.480983 0.000713 -0.87673
vn -0.325304 0.000769 -0.945609
vn -0.480983 0.000713 -0.87673
vn -0.480983 0.000713 -0.87673
vn -0.480983 0.000713 -0.87673
vn -0.325304 0.000769 -0.945609
vn 0.480986 0.000713 -0.876728
vn 0.480986 0.000713 -0.876728
vn 0.159125 0.049923 -0.985995
vn 0.480986 0.000713 -0.876728
vn 0.480986 0.000713 -0.876728
vn 0.480986 0.000713 -0.876728
vn -0.0 -0.902298 -0.431113
vn 0.0 -0.902298 -0.431113
vn 0.0 -0.902298 -0.431113
vn -0.0 -0.902298 -0.431113
vn -0.0 -0.902298 -0.431113
vn 0.0 -0.902298 -0.431113
vn 0.0 -0.902298 -0.431113
vn 0.0 -0.902298 -0.431113
vn -0.0 -0.902298 -0.431113
vn 0.0 -0.902298 -0.431113
vn 0.0 -0.902298 -0.431113
vn 0.0 -0.902298 -0.431113
vn 0.252938 -0.967482 -0.000788
vn 0.252888 -0.967495 -0.000794
vn 0.169857 -0.985468 -0.000801
vn 0.252938 -0.967482 -0.000788
vn 0.169857 -0.985468 -0.000801
vn 0.084945 -0.996385 -0.000806
vn 0.084945 -0.996385 -0.000806
vn 0.169857 -0.985468 -0.000801
vn -0.0 -0.975569 0.219692
vn 0.084945 -0.996385 -0.000806
vn -0.0 -0.975569 0.219692
vn -0.0 -1.0 -0.000809
vn -0.127505 -0.991838 -0.000805
vn -0.0 -1.0 -0.000809
vn -0.0 -0.975569 0.219692
vn -0.127505 -0.991838 -0.000805
vn -0.0 -0.975569 0.219692
vn -0.127467 -0.991842 -0.000803
vn -0.252928 -0.967485 -0.000788
vn -0.127505 -0.991838 -0.000805
vn -0.127467 -0.991842 -0.000803
vn -0.252928 -0.967485 -0.000788
vn -0.253 -0.967466 -0.000794
vn -0.127505 -0.991838 -0.000805
vn -0.162412 0.980502 0.110622
vn -0.253023 0.96746 0.000783
vn -0.253014 0.967462 0.000783
vn -0.162412 0.980502 0.110622
vn -0.127591 0.991826 -0.001294
vn -0.253023 0.96746 0.000783
vn -0.127591 0.991826 -0.001294
vn -0.162412 0.980502 0.110622
vn 0.026066 0.999645 0.005528
vn -0.127591 0.991826 -0.001294
vn 0.026066 0.999645 0.005528
vn 0.118329 0.992959 0.005523
vn 0.22301 0.974787 0.007559
vn 0.118329 0.992959 0.005523
vn 0.026066 0.999645 0.005528
vn 0.22301 0.974787 0.007559
vn 0.238763 0.971078 0.000786
vn 0.118329 0.992959 0.005523
vn 0.238763 0.971078 0.000786
vn 0.22301 0.974787 0.007559
vn 0.253027 0.967459 0.000783
vn 0.238763 0.971078 0.000786
vn 0.253027 0.967459 0.000783
vn 0.253028 0.967459 0.000783
vn -0.064579 0.901876 0.427141
vn -0.064579 0.901876 0.427141
vn -0.162412 0.980502 0.110622
vn -0.064579 0.901876 0.427141
vn -0.064636 0.903273 0.42417
vn -0.064579 0.901876 0.427141
vn 0.159125 0.049923 -0.985995
vn 0.0 0.000813 -1.0
vn -0.006156 0.09619 -0.995344
vn 0.159125 0.049923 -0.985995
vn -0.006156 0.09619 -0.995344
vn -0.00122 0.096195 -0.995362
vn 0.19073 0.888496 -0.417369
vn 0.200099 0.884859 -0.420695
vn 0.060298 0.902475 -0.426501
vn 0.200099 0.884859 -0.420695
vn 0.19073 0.888496 -0.417369
vn 0.229733 0.87897 -0.417894
vn 0.007405 0.072342 -0.997352
vn -0.00122 0.096195 -0.995362
vn -0.006156 0.09619 -0.995344
vn 0.007405 0.072342 -0.997352
vn -0.325304 0.000769 -0.945609
vn -0.00122 0.096195 -0.995362
vn -0.111151 0.896885 -0.428068
vn 0.060298 0.902475 -0.426501
vn -0.141105 0.894087 -0.425084
vn -0.111151 0.896885 -0.428068
vn 0.06076 0.903439 -0.424389
vn 0.060298 0.902475 -0.426501
vn 0.19073 0.888496 -0.417369
vn 0.060298 0.902475 -0.426501
vn 0.06076 0.903439 -0.424389
vn -0.141105 0.894087 -0.425084
vn -0.229713 0.878973 -0.417898
vn -0.111151 0.896885 -0.428068
vn -1.0 0.0 -0.0
vn -1.0 0.0 -0.0
vn -1.0 0.0 -0.0
vn -1.0 0.0 -0.0
vn -1.0 0.0 -0.0
vn -1.0 0.0 -0.0
vn 1.0 0.0 0.0
vn 1.0 0.0 0.0
vn 1.0 0.0 -0.0
vn 1.0 0.0 0.0
vn 1.0 0.0 0.0
vn 1.0 0.0 0.0
vn 0.016835 -0.90274 -0.429856
vn 0.033664 -0.902745 -0.428856
vn 0.033677 -0.903243 -0.427807
vn 0.016835 -0.90274 -0.429856
vn 0.016828 -0.90249 -0.430381
vn 0.033664 -0.902745 -0.428856
vn 0.0 -0.902479 -0.430734
vn 0.016828 -0.90249 -0.430381
vn 0.016835 -0.90274 -0.429856
vn 0.0 -0.902479 -0.430734
vn 0.016835 -0.90274 -0.429856
vn 0.000001 -0.902479 -0.430734
vn 0.155631 0.073657 -0.985065
vn -0.0 0.000838 -1.0
vn -0.009977 0.142245 -0.989781
vn 0.155631 0.073657 -0.985065
vn -0.009977 0.142245 -0.989781
vn -0.005773 0.182709 -0.98315
vn 0.154658 0.880969 -0.447185
vn 0.175812 0.889132 -0.422533
vn 0.067915 0.877327 -0.475063
vn 0.175812 0.889132 -0.422533
vn 0.154658 0.880969 -0.447185
vn 0.229713 0.879047 -0.417741
vn -0.005773 0.182709 -0.98315
vn -0.009977 0.142245 -0.989781
vn -0.003126 0.153554 -0.988135
vn -0.005773 0.182709 -0.98315
vn -0.003126 0.153554 -0.988135
vn 0.002785 0.083198 -0.996529
vn 0.01628 0.87777 -0.478805
vn 0.067915 0.877327 -0.475063
vn -0.032357 0.891814 -0.451243
vn 0.154658 0.880969 -0.447185
vn 0.067915 0.877327 -0.475063
vn 0.01628 0.87777 -0.478805
vn -0.002073 0.062777 -0.998025
vn 0.002785 0.083198 -0.996529
vn -0.003126 0.153554 -0.988135
vn -0.002073 0.062777 -0.998025
vn -0.324383 0.000785 -0.945926
vn 0.002785 0.083198 -0.996529
vn -0.099037 0.897379 -0.430003
vn -0.032357 0.891814 -0.451243
vn -0.13204 0.895293 -0.42546
vn -0.099037 0.897379 -0.430003
vn -0.033032 0.898554 -0.437619
vn -0.032357 0.891814 -0.451243
vn 0.01628 0.87777 -0.478805
vn -0.032357 0.891814 -0.451243
vn -0.033032 0.898554 -0.437619
vn -0.13204 0.895293 -0.42546
vn -0.229642 0.879063 -0.417747
vn -0.099037 0.897379 -0.430003
vn 0.164705 0.98634 0.002464
vn 0.223741 0.974648 0.000799
vn 0.095162 0.99546 0.001624
vn 0.164705 0.98634 0.002464
vn 0.095162 0.99546 0.001624
vn 0.008394 0.991486 0.129939
vn 0.008394 0.991486 0.129939
vn 0.095162 0.99546 0.001624
vn -0.04536 0.998971 0.000447
vn 0.008394 0.991486 0.129939
vn -0.04536 0.998971 0.000447
vn -0.044582 0.963036 0.265657
vn -0.04154 0.882011 0.469394
vn 0.008394 0.991486 0.129939
vn -0.044582 0.963036 0.265657
vn -0.04154 0.882011 0.469394
vn -0.044582 0.963036 0.265657
vn -0.042037 0.897763 0.438468
vn -0.04223 0.899698 0.434466
vn -0.042037 0.897763 0.438468
vn -0.044582 0.963036 0.265657
vn -0.04223 0.899698 0.434466
vn -0.044582 0.963036 0.265657
vn -0.15195 0.982154 0.110838
vn -0.11511 0.993352 0.000782
vn -0.044582 0.963036 0.265657
vn -0.04536 0.998971 0.000447
vn -0.11511 0.993352 0.000782
vn -0.15195 0.982154 0.110838
vn -0.044582 0.963036 0.265657
vn -0.15195 0.982154 0.110838
vn -0.11511 0.993352 0.000782
vn -0.252791 0.967521 0.000791
vn -0.15195 0.982154 0.110838
vn -0.252791 0.967521 0.000791
vn -0.2527 0.967544 0.000786
vn -0.214981 -0.878361 -0.426926
vn -0.207543 -0.878287 -0.430741
vn -0.207293 -0.873694 -0.440101
vn -0.214981 -0.878361 -0.426926
vn -0.218804 -0.880611 -0.420297
vn -0.207543 -0.878287 -0.430741
vn -0.214981 -0.878361 -0.426926
vn -0.229811 -0.878324 -0.419206
vn -0.218804 -0.880611 -0.420297
vn 0.150696 0.873931 0.4621
vn 0.150696 0.873931 0.4621
vn 0.147422 0.854719 0.497717
vn 0.150696 0.873931 0.4621
vn 0.216676 0.932735 0.288197
vn 0.150696 0.873931 0.4621
vn 0.332991 -0.000767 0.94293
vn 0.481096 -0.000713 0.876668
vn 0.481097 -0.000713 0.876667
vn 0.332991 -0.000767 0.94293
vn 0.168343 -0.012011 0.985655
vn 0.481096 -0.000713 0.876668
vn 0.168343 -0.012011 0.985655
vn 0.332991 -0.000767 0.94293
vn 0.002948 -0.02262 0.99974
vn 0.168343 -0.012011 0.985655
vn 0.002948 -0.02262 0.99974
vn -0.001923 -0.05433 0.998521
vn -0.001923 -0.05433 0.998521
vn 0.002948 -0.02262 0.99974
vn 0.005418 -0.056747 0.998374
vn -0.001923 -0.05433 0.998521
vn 0.005418 -0.056747 0.998374
vn 0.012848 -0.096235 0.995276
vn -0.241904 -0.025567 0.969963
vn 0.012848 -0.096235 0.995276
vn 0.005418 -0.056747 0.998374
vn -0.241904 -0.025567 0.969963
vn 0.005418 -0.056747 0.998374
vn -0.249668 -0.000788 0.968331
vn -0.241904 -0.025567 0.969963
vn -0.249668 -0.000788 0.968331
vn -0.4811 -0.000713 0.876666
vn -0.241904 -0.025567 0.969963
vn -0.4811 -0.000713 0.876666
vn -0.4811 -0.000713 0.876666
vn 0.223741 0.974648 0.000799
vn 0.252769 0.967526 0.000791
vn 0.252844 0.967507 0.000786
vn 0.223741 0.974648 0.000799
vn 0.216676 0.932735 0.288197
vn 0.252769 0.967526 0.000791
vn -0.252945 -0.96748 -0.000791
vn -0.253017 -0.967461 -0.000796
vn -0.233587 -0.97232 -0.005639
vn -0.252945 -0.96748 -0.000791
vn -0.233587 -0.97232 -0.005639
vn -0.236223 -0.971698 -0.000789
vn -0.233587 -0.97232 -0.005639
vn -0.091046 -0.995835 -0.004737
vn -0.236223 -0.971698 -0.000789
vn -0.233587 -0.97232 -0.005639
vn -0.088249 -0.996058 -0.009
vn -0.091046 -0.995835 -0.004737
vn 0.0223 -0.999751 0.000452
vn -0.091046 -0.995835 -0.004737
vn -0.088249 -0.996058 -0.009
vn 0.0223 -0.999751 0.000452
vn 0.011115 -0.999938 -0.000589
vn -0.091046 -0.995835 -0.004737
vn 0.084953 -0.996385 -0.000809
vn 0.011115 -0.999938 -0.000589
vn 0.0223 -0.999751 0.000452
vn 0.084953 -0.996385 -0.000809
vn 0.169863 -0.985467 -0.000804
vn 0.011115 -0.999938 -0.000589
vn 0.252946 -0.96748 -0.000791
vn 0.169863 -0.985467 -0.000804
vn 0.084953 -0.996385 -0.000809
vn 0.252946 -0.96748 -0.000791
vn 0.252883 -0.967497 -0.000796
vn 0.169863 -0.985467 -0.000804
vn 0.481149 0.000724 -0.876639
vn 0.481149 0.000724 -0.876639
vn 0.155631 0.073657 -0.985065
vn 0.481149 0.000724 -0.876639
vn 0.481203 0.000713 -0.876609
vn 0.481149 0.000724 -0.876639
vn -0.481155 0.000724 -0.876635
vn -0.324383 0.000785 -0.945926
vn -0.481211 0.000735 -0.876605
vn -0.481155 0.000724 -0.876635
vn -0.481099 0.000713 -0.876666
vn -0.324383 0.000785 -0.945926
vn -0.203837 -0.884087 0.420524
vn -0.195888 -0.887367 0.417382
vn -0.229668 -0.878907 0.41806
vn -0.195888 -0.887367 0.417382
vn -0.203837 -0.884087 0.420524
vn -0.110877 -0.899091 0.423488
vn -0.195888 -0.887367 0.417382
vn -0.110877 -0.899091 0.423488
vn -0.042338 -0.903784 0.425889
vn 0.013387 -0.902758 0.429941
vn -0.042338 -0.903784 0.425889
vn -0.110877 -0.899091 0.423488
vn 0.013387 -0.902758 0.429941
vn 0.013391 -0.902868 0.429709
vn -0.042338 -0.903784 0.425889
vn 0.077014 -0.900365 0.428267
vn 0.013391 -0.902868 0.429709
vn 0.013387 -0.902758 0.429941
vn 0.077014 -0.900365 0.428267
vn 0.013387 -0.902758 0.429941
vn 0.115608 -0.896992 0.426662
vn 0.115608 -0.896992 0.426662
vn 0.229666 -0.878908 0.418061
vn 0.077014 -0.900365 0.428267
vn 1.0 0.0 0.0
vn 1.0 0.0 0.0
vn 1.0 0.0 0.0
vn 1.0 0.0 0.0
vn 1.0 0.0 0.0
vn 1.0 0.0 0.0
vn -1.0 0.0 -0.0
vn -1.0 0.0 -0.0
vn -1.0 0.0 -0.0
vn -1.0 0.0 -0.0
vn -1.0 0.0 -0.0
vn -1.0 0.0 -0.0
vn 0.15891 0.891622 -0.423979
vn 0.13521 0.895889 -0.423204
vn 0.229714 0.878947 -0.417953
vn 0.13521 0.895889 -0.423204
vn 0.15891 0.891622 -0.423979
vn 0.058637 0.902383 -0.426928
vn 0.13521 0.895889 -0.423204
vn 0.058637 0.902383 -0.426928
vn 0.029779 0.903615 -0.42731
vn -0.069455 0.899469 -0.431431
vn 0.029779 0.903615 -0.42731
vn 0.058637 0.902383 -0.426928
vn -0.069455 0.899469 -0.431431
vn -0.069177 0.898401 -0.433693
vn 0.029779 0.903615 -0.42731
vn -0.16963 0.888247 -0.426898
vn -0.069177 0.898401 -0.433693
vn -0.069455 0.899469 -0.431431
vn -0.16963 0.888247 -0.426898
vn -0.069455 0.899469 -0.431431
vn -0.185 0.887509 -0.422022
vn -0.185 0.887509 -0.422022
vn -0.229713 0.878948 -0.417951
vn -0.16963 0.888247 -0.426898
vn -0.001587 0.109317 -0.994006
vn 0.011571 0.075989 -0.997042
vn -0.004365 0.105547 -0.994405
vn 0.017415 0.056646 -0.998242
vn 0.011571 0.075989 -0.997042
vn -0.001587 0.109317 -0.994006
vn 0.017415 0.056646 -0.998242
vn 0.04056 0.000813 -0.999177
vn 0.011571 0.075989 -0.997042
vn -0.001587 0.109317 -0.994006
vn -0.004365 0.105547 -0.994405
vn -0.00365 0.067721 -0.997698
vn -0.006049 0.05095 -0.998683
vn -0.00365 0.067721 -0.997698
vn -0.004365 0.105547 -0.994405
vn -0.006049 0.05095 -0.998683
vn 0.002046 0.000813 -0.999998
vn -0.00365 0.067721 -0.997698
vn -0.201855 0.979411 -0.003013
vn -0.072004 0.981946 0.174922
vn -0.173053 0.984855 -0.010607
vn -0.201855 0.979411 -0.003013
vn -0.228508 0.973542 0.000789
vn -0.072004 0.981946 0.174922
vn -0.228508 0.973542 0.000789
vn -0.201855 0.979411 -0.003013
vn -0.252923 0.967486 0.000786
vn -0.228508 0.973542 0.000789
vn -0.252923 0.967486 0.000786
vn -0.253005 0.967465 0.000791
vn 1.0 0.0 0.0
vn 1.0 0.0 0.0
vn 1.0 0.0 0.0
vn 1.0 0.0 0.0
vn 1.0 0.0 -0.0
vn 1.0 0.0 0.0
vn -1.0 0.0 -0.0
vn -1.0 0.0 -0.0
vn -1.0 0.0 -0.0
vn -1.0 0.0 -0.0
vn -1.0 0.0 -0.0
vn -1.0 0.0 -0.0
vn -0.072004 0.981946 0.174922
vn 0.000725 0.902573 0.430536
vn 0.000729 0.90295 0.429745
vn -0.072004 0.981946 0.174922
vn 0.000729 0.90295 0.429745
vn 0.05455 0.973332 0.222821
vn 0.000849 1.0 -0.000358
vn -0.072004 0.981946 0.174922
vn 0.05455 0.973332 0.222821
vn 0.000849 1.0 -0.000358
vn 0.05455 0.973332 0.222821
vn 0.071697 0.997422 0.003128
vn 0.146009 0.982892 0.112274
vn 0.071697 0.997422 0.003128
vn 0.05455 0.973332 0.222821
vn 0.146009 0.982892 0.112274
vn 0.20521 0.978718 0.000793
vn 0.071697 0.997422 0.003128
vn 0.20521 0.978718 0.000793
vn 0.146009 0.982892 0.112274
vn 0.252932 0.967484 0.000786
vn 0.20521 0.978718 0.000793
vn 0.252932 0.967484 0.000786
vn 0.252868 0.9675 0.000791
vn 0.105422 0.895692 0.431998
vn 0.146009 0.982892 0.112274
vn 0.05455 0.973332 0.222821
vn 0.105422 0.895692 0.431998
vn 0.05455 0.973332 0.222821
vn 0.105277 0.893984 0.435556
vn -0.049142 -0.901022 -0.430981
vn -0.049138 -0.901337 -0.430322
vn -0.029817 -0.901833 -0.431054
vn -0.049142 -0.901022 -0.430981
vn -0.029817 -0.901833 -0.431054
vn -0.010475 -0.902186 -0.431221
vn -0.010475 -0.902186 -0.431221
vn -0.029817 -0.901833 -0.431054
vn 0.008867 -0.902406 -0.430796
vn -0.010475 -0.902186 -0.431221
vn 0.008867 -0.902406 -0.430796
vn 0.008866 -0.902393 -0.430823
vn 0.008867 -0.902392 -0.430824
vn 0.008866 -0.902393 -0.430823
vn 0.008867 -0.902406 -0.430796
vn 0.008867 -0.902392 -0.430824
vn 0.008867 -0.902406 -0.430796
vn 0.008868 -0.902392 -0.430825
vn -0.196512 0.885587 0.420856
vn -0.179919 0.889957 0.419053
vn -0.179762 0.888858 0.421446
vn -0.196512 0.885587 0.420856
vn -0.179762 0.888858 0.421446
vn -0.204789 0.883301 0.42171
vn -0.229841 0.878268 0.419307
vn -0.196512 0.885587 0.420856
vn -0.204789 0.883301 0.42171
vn 0.337443 -0.000766 0.941346
vn 0.481205 -0.000713 0.876608
vn 0.481201 -0.000713 0.87661
vn 0.337443 -0.000766 0.941346
vn 0.172955 -0.035385 0.984294
vn 0.481205 -0.000713 0.876608
vn 0.172955 -0.035385 0.984294
vn 0.337443 -0.000766 0.941346
vn 0.007803 -0.068141 0.997645
vn 0.172955 -0.035385 0.984294
vn 0.007803 -0.068141 0.997645
vn -0.000686 -0.106111 0.994354
vn -0.00926 -0.082523 0.996546
vn -0.000686 -0.106111 0.994354
vn 0.007803 -0.068141 0.997645
vn -0.00926 -0.082523 0.996546
vn 0.002482 -0.113588 0.993525
vn -0.000686 -0.106111 0.994354
vn -0.00887 -0.90348 0.428538
vn 0.007072 -0.902985 0.429614
vn 0.007071 -0.903008 0.429565
vn 0.081687 -0.900091 0.427976
vn 0.007071 -0.903008 0.429565
vn 0.007072 -0.902985 0.429614
vn 0.081687 -0.900091 0.427976
vn 0.007072 -0.902985 0.429614
vn 0.119058 -0.896725 0.426273
vn 0.119058 -0.896725 0.426273
vn 0.229543 -0.879034 0.417864
vn 0.081687 -0.900091 0.427976
vn -0.257445 -0.029509 0.965842
vn 0.002482 -0.113588 0.993525
vn -0.00926 -0.082523 0.996546
vn -0.257445 -0.029509 0.965842
vn -0.00926 -0.082523 0.996546
vn -0.268705 -0.000783 0.963222
vn -0.257445 -0.029509 0.965842
vn -0.268705 -0.000783 0.963222
vn -0.481213 -0.000713 0.876603
vn -0.257445 -0.029509 0.965842
vn -0.481213 -0.000713 0.876603
vn -0.481213 -0.000713 0.876604
vn -0.00887 -0.90348 0.428538
vn -0.024752 -0.903278 0.42834
vn 0.007072 -0.902985 0.429614
vn -0.104031 -0.898766 0.425907
vn -0.024752 -0.903278 0.42834
vn -0.00887 -0.90348 0.428538
vn -0.104031 -0.898766 0.425907
vn -0.135662 -0.8948 0.425358
vn -0.024752 -0.903278 0.42834
vn -0.135662 -0.8948 0.425358
vn -0.104031 -0.898766 0.425907
vn -0.229524 -0.879038 0.417865
vn -0.252859 -0.967503 -0.000796
vn -0.253006 -0.967464 -0.000807
vn -0.152124 -0.98836 -0.001621
vn -0.252859 -0.967503 -0.000796
vn -0.152124 -0.98836 -0.001621
vn -0.152385 -0.988321 -0.000802
vn -0.152124 -0.98836 -0.001621
vn -0.020486 -0.999789 -0.00144
vn -0.152385 -0.988321 -0.000802
vn -0.152124 -0.98836 -0.001621
vn -0.020135 -0.999795 -0.002139
vn -0.020486 -0.999789 -0.00144
vn -0.020486 -0.999789 -0.00144
vn -0.020135 -0.999795 -0.002139
vn 0.008833 -0.999961 -0.000523
vn -0.020486 -0.999789 -0.00144
vn 0.008833 -0.999961 -0.000523
vn 0.008819 -0.999961 -0.000718
vn 0.090838 -0.995865 -0.00076
vn 0.008819 -0.999961 -0.000718
vn 0.008833 -0.999961 -0.000523
vn 0.090838 -0.995865 -0.00076
vn 0.172678 -0.984978 -0.000807
vn 0.008819 -0.999961 -0.000718
vn 0.252864 -0.967502 -0.000796
vn 0.172678 -0.984978 -0.000807
vn 0.090838 -0.995865 -0.00076
vn 0.252864 -0.967502 -0.000796
vn 0.252711 -0.967542 -0.000807
vn 0.172678 -0.984978 -0.000807
vn 0.481093 0.000713 -0.876669
vn 0.481093 0.000713 -0.876669
vn 0.481092 0.000713 -0.87667
vn 0.481093 0.000713 -0.876669
vn 0.481093 0.000713 -0.876669
vn 0.481093 0.000713 -0.876669
vn -0.481097 0.000713 -0.876667
vn -0.481097 0.000713 -0.876667
vn -0.481096 0.000713 -0.876668
vn -0.481097 0.000713 -0.876667
vn -0.481098 0.000713 -0.876667
vn -0.481097 0.000713 -0.876667
vn -0.001994 0.065989 -0.997818
vn -0.001994 0.065989 -0.997818
vn -0.003979 0.130883 -0.99139
vn -0.001994 0.065989 -0.997818
vn -0.329859 0.000775 -0.94403
vn -0.001994 0.065989 -0.997818
vn -0.077069 0.90036 -0.428266
vn 0.07707 0.900361 -0.428265
vn -0.115691 0.896983 -0.426659
vn -0.077069 0.90036 -0.428266
vn 0.115692 0.896983 -0.426658
vn 0.07707 0.900361 -0.428265
vn 0.07707 0.900361 -0.428265
vn 0.115692 0.896983 -0.426658
vn 0.229831 0.878873 -0.418043
vn -0.115691 0.896983 -0.426659
vn -0.229828 0.878873 -0.418045
vn -0.077069 0.90036 -0.428266
vn 0.0 0.902324 0.431059
vn 0.0 0.902324 0.431059
vn 0.052102 0.982647 0.178019
vn 0.0 0.902324 0.431059
vn 0.052102 0.982647 0.178019
vn -0.129917 0.985259 0.111291
vn 0.0 1.0 0.000812
vn -0.129917 0.985259 0.111291
vn 0.052102 0.982647 0.178019
vn 0.0 1.0 0.000812
vn 0.052102 0.982647 0.178019
vn 0.169914 0.985459 0.0008
vn 0.169914 0.985459 0.0008
vn 0.052102 0.982647 0.178019
vn 0.253022 0.96746 0.000786
vn 0.169914 0.985459 0.0008
vn 0.253022 0.96746 0.000786
vn 0.253016 0.967462 0.000785
vn 0.247931 -0.09341 0.964264
vn 0.477934 -0.114959 0.87084
vn 0.47794 -0.114958 0.870838
vn 0.247931 -0.09341 0.964264
vn 0.248505 -0.126769 0.960299
vn 0.477934 -0.114959 0.87084
vn 0.229603 -0.879021 0.417857
vn 0.229603 -0.879021 0.417857
vn 0.055412 -0.901727 0.428739
vn -0.247719 -0.034429 0.96822
vn 0.248505 -0.126769 0.960299
vn 0.247931 -0.09341 0.964264
vn 0.055412 -0.901727 0.428739
vn -0.131644 -0.895188 0.425804
vn -0.098538 -0.898686 0.42738
vn 0.055412 -0.901727 0.428739
vn -0.098538 -0.898686 0.42738
vn -0.03233 -0.902677 0.429103
vn -0.247719 -0.034429 0.96822
vn 0.247931 -0.09341 0.964264
vn -0.248328 -0.000812 0.968676
vn -0.247719 -0.034429 0.96822
vn -0.248328 -0.000812 0.968676
vn -0.481041 -0.000724 0.876698
vn -0.247719 -0.034429 0.96822
vn -0.481041 -0.000724 0.876698
vn -0.480984 -0.000713 0.876729
vn -0.098538 -0.898686 0.42738
vn -0.131644 -0.895188 0.425804
vn -0.229658 -0.878909 0.418061
vn -0.129917 0.985259 0.111291
vn -0.252992 0.967468 0.000786
vn -0.252983 0.96747 0.000786
vn -0.129917 0.985259 0.111291
vn -0.253001 0.967466 0.000786
vn -0.252992 0.967468 0.000786
vn -0.252949 -0.967479 -0.000791
vn -0.253026 -0.967459 -0.000796
vn -0.147441 -0.98907 -0.000809
vn -0.252949 -0.967479 -0.000791
vn -0.147441 -0.98907 -0.000809
vn -0.147402 -0.989076 -0.000803
vn -0.147441 -0.98907 -0.000809
vn 0.1075 -0.994205 -0.000816
vn -0.147402 -0.989076 -0.000803
vn -0.147441 -0.98907 -0.000809
vn 0.107495 -0.994205 -0.000818
vn 0.1075 -0.994205 -0.000816
vn 0.252875 -0.967499 -0.000796
vn 0.1075 -0.994205 -0.000816
vn 0.107495 -0.994205 -0.000818
vn 0.252875 -0.967499 -0.000796
vn 0.252885 -0.967496 -0.000796
vn 0.1075 -0.994205 -0.000816
vn -0.040308 -0.901771 -0.43033
vn -0.040308 -0.901771 -0.43033
vn -0.040311 -0.901848 -0.430168
vn -0.040308 -0.901771 -0.43033
vn -0.040306 -0.901694 -0.430492
vn -0.040308 -0.901771 -0.43033
vn 0.477938 0.114969 -0.870837
vn 0.477938 0.114969 -0.870837
vn 0.477945 0.114968 -0.870833
vn 0.477938 0.114969 -0.870837
vn 0.477931 0.11497 -0.870841
vn 0.477938 0.114969 -0.870837
vn -0.48104 0.000724 -0.876698
vn -0.329859 0.000775 -0.94403
vn -0.480982 0.000713 -0.87673
vn -0.48104 0.000724 -0.876698
vn -0.481097 0.000735 -0.876667
vn -0.329859 0.000775 -0.94403
vn 1.0 0.0 -0.0
vn 1.0 0.0 -0.0
vn 1.0 0.0 -0.000001
vn 1.0 0.0 -0.0
vn 1.0 0.0 0.0
vn 1.0 0.0 -0.0
vn -1.0 0.0 -0.0
vn -1.0 0.0 -0.0
vn -1.0 0.0 -0.0
vn -1.0 0.0 -0.0
vn -1.0 0.0 -0.0
vn -1.0 0.0 -0.0
vn -0.0 0.000813 -1.0
vn -0.0 0.000813 -1.0
vn -0.0 0.000813 -1.0
vn -0.0 0.000813 -1.0
vn -0.0 0.000813 -1.0
vn -0.0 0.000813 -1.0
vn 0.0 0.902582 0.430518
vn -0.0 0.902582 0.430518
vn 0.052097 0.982689 0.177785
vn 0.0 0.902582 0.430518
vn 0.052097 0.982689 0.177785
vn -0.129848 0.985284 0.111151
vn -0.084847 0.996394 0.000809
vn -0.129848 0.985284 0.111151
vn 0.052097 0.982689 0.177785
vn -0.129848 0.985284 0.111151
vn -0.084847 0.996394 0.000809
vn -0.252872 0.967499 0.000796
vn -0.129848 0.985284 0.111151
vn -0.252872 0.967499 0.000796
vn -0.253045 0.967454 0.000807
vn -0.084847 0.996394 0.000809
vn 0.052097 0.982689 0.177785
vn 0.169792 0.98548 0.000807
vn 0.169792 0.98548 0.000807
vn 0.052097 0.982689 0.177785
vn 0.252843 0.967507 0.000796
vn 0.169792 0.98548 0.000807
vn 0.252843 0.967507 0.000796
vn 0.252667 0.967553 0.000807
vn 0.248325 -0.000788 0.968676
vn 0.481094 -0.000713 0.876669
vn 0.481092 -0.000713 0.87667
vn 0.248325 -0.000788 0.968676
vn 0.248326 -0.000788 0.968676
vn 0.481094 -0.000713 0.876669
vn -0.248327 -0.000788 0.968676
vn 0.248326 -0.000788 0.968676
vn 0.248325 -0.000788 0.968676
vn -0.248327 -0.000788 0.968676
vn 0.248325 -0.000788 0.968676
vn -0.248327 -0.000788 0.968676
vn -0.248327 -0.000788 0.968676
vn -0.248327 -0.000788 0.968676
vn -0.481098 -0.000713 0.876667
vn -0.248327 -0.000788 0.968676
vn -0.481098 -0.000713 0.876667
vn -0.481098 -0.000713 0.876666
vn -0.252923 -0.967486 -0.000791
vn -0.25301 -0.967463 -0.000796
vn -0.127502 -0.991838 -0.000808
vn -0.252923 -0.967486 -0.000791
vn -0.127502 -0.991838 -0.000808
vn -0.127458 -0.991844 -0.000805
vn -0.127502 -0.991838 -0.000808
vn 0.127515 -0.991836 -0.000808
vn -0.127458 -0.991844 -0.000805
vn -0.127502 -0.991838 -0.000808
vn 0.127553 -0.991831 -0.000805
vn 0.127515 -0.991836 -0.000808
vn 0.252949 -0.967479 -0.000791
vn 0.127515 -0.991836 -0.000808
vn 0.127553 -0.991831 -0.000805
vn 0.252949 -0.967479 -0.000791
vn 0.252876 -0.967498 -0.000796
vn 0.127515 -0.991836 -0.000808
vn -0.0 -0.902479 -0.430734
vn -0.0 -0.902479 -0.430734
vn -0.0 -0.902479 -0.430734
vn -0.0 -0.902479 -0.430734
vn -0.0 -0.902479 -0.430734
vn -0.0 -0.902479 -0.430734
vn 0.481095 0.000713 -0.876668
vn 0.481095 0.000713 -0.876668
vn 0.481097 0.000713 -0.876667
vn 0.481095 0.000713 -0.876668
vn 0.481094 0.000713 -0.876669
vn 0.481095 0.000713 -0.876668
vn -0.481097 0.000713 -0.876667
vn -0.481097 0.000713 -0.876667
vn -0.481097 0.000713 -0.876667
vn -0.481097 0.000713 -0.876667
vn -0.481098 0.000713 -0.876667
vn -0.481097 0.000713 -0.876667
vn -0.076997 -0.900468 0.428052
vn -0.115583 -0.897096 0.426449
vn -0.229616 -0.879018 0.417856
vn 0.076995 -0.900469 0.428052
vn -0.115583 -0.897096 0.426449
vn -0.076997 -0.900468 0.428052
vn 0.076995 -0.900469 0.428052
vn -0.076997 -0.900468 0.428052
vn 0.115579 -0.897097 0.426449
vn 0.115579 -0.897097 0.426449
vn 0.229608 -0.87902 0.417856
vn 0.076995 -0.900469 0.428052
vn 0.076945 0.900472 -0.428054
vn 0.115504 0.897105 -0.426453
vn 0.229461 0.879052 -0.41787
vn -0.076947 0.900472 -0.428054
vn 0.115504 0.897105 -0.426453
vn 0.076945 0.900472 -0.428054
vn -0.076947 0.900472 -0.428054
vn 0.076945 0.900472 -0.428054
vn -0.115507 0.897104 -0.426453
vn -0.115507 0.897104 -0.426453
vn -0.229468 0.87905 -0.417871
vn -0.076947 0.900472 -0.428054
vn 1.0 0.0 -0.0
vn 1.0 0.0 -0.0
vn 1.0 0.0 -0.0
vn 1.0 0.0 -0.0
vn 1.0 0.0 -0.0
vn 1.0 0.0 -0.0
vn -1.0 0.0 -0.0
vn -1.0 0.0 -0.0
vn -1.0 0.0 -0.0
vn -1.0 0.0 -0.0
vn -1.0 0.0 -0.0
vn -1.0 0.0 -0.0
vn 0.203565 -0.883684 -0.421502
vn 0.229626 -0.878465 -0.419012
vn 0.194937 -0.887368 -0.417825
vn 0.194937 -0.887368 -0.417825
vn 0.177498 -0.891392 -0.417031
vn 0.203565 -0.883684 -0.421502
vn 0.194937 -0.887368 -0.417825
vn 0.177626 -0.894463 -0.410348
vn 0.177498 -0.891392 -0.417031
vn 0.217023 0.881624 -0.419095
vn 0.213459 0.884388 -0.415082
vn 0.229696 0.879001 -0.417848
vn 0.213459 0.884388 -0.415082
vn 0.217023 0.881624 -0.419095
vn 0.126824 0.897579 -0.422217
vn 0.213459 0.884388 -0.415082
vn 0.126824 0.897579 -0.422217
vn 0.047342 0.903696 -0.425549
vn 0.047342 0.903696 -0.425549
vn 0.126824 0.897579 -0.422217
vn 0.016358 0.902983 -0.429365
vn 0.047342 0.903696 -0.425549
vn 0.016358 0.902983 -0.429365
vn 0.016395 0.903469 -0.428341
vn -0.033383 0.903091 -0.428151
vn 0.016395 0.903469 -0.428341
vn 0.016358 0.902983 -0.429365
vn -0.033383 0.903091 -0.428151
vn 0.016358 0.902983 -0.429365
vn -0.083184 0.899994 -0.427892
vn -0.083184 0.899994 -0.427892
vn -0.229718 0.878972 -0.417897
vn -0.033383 0.903091 -0.428151
vn 0.17255 0.052619 -0.983594
vn 0.006422 0.101667 -0.994798
vn -0.005762 0.137021 -0.990551
vn -0.005762 0.137021 -0.990551
vn 0.006422 0.101667 -0.994798
vn -0.000135 0.122354 -0.992487
vn -0.005762 0.137021 -0.990551
vn -0.000135 0.122354 -0.992487
vn -0.001764 0.119248 -0.992863
vn -0.00514 0.125046 -0.992138
vn -0.001764 0.119248 -0.992863
vn -0.000135 0.122354 -0.992487
vn -0.00514 0.125046 -0.992138
vn -0.007074 0.142331 -0.989794
vn -0.001764 0.119248 -0.992863
vn 0.17255 0.052619 -0.983594
vn 0.04148 0.000813 -0.999139
vn 0.006422 0.101667 -0.994798
vn 1.0 0.0 -0.0
vn 1.0 0.0 -0.0
vn 1.0 0.0 -0.0
vn 1.0 0.0 -0.0
vn 1.0 0.0 -0.0
vn 1.0 0.0 -0.0
vn -1.0 0.0 0.0
vn -1.0 0.0 0.0
vn -1.0 0.0 -0.0
vn -1.0 0.0 0.0
vn -1.0 0.0 0.0
vn -1.0 0.0 0.0
vn -0.040999 0.90277 0.428166
vn 0.029942 0.96695 0.253201
vn -0.040996 0.902313 0.429127
vn -0.040999 0.90277 0.428166
vn 0.030882 0.992969 0.114279
vn 0.029942 0.96695 0.253201
vn 0.030882 0.992969 0.114279
vn -0.000101 1.0 0.000905
vn 0.029942 0.96695 0.253201
vn -0.030376 0.999535 0.002622
vn 0.029942 0.96695 0.253201
vn -0.000101 1.0 0.000905
vn -0.030376 0.999535 0.002622
vn -0.143192 0.989695 0.000801
vn 0.029942 0.96695 0.253201
vn -0.143192 0.989695 0.000801
vn -0.030376 0.999535 0.002622
vn -0.253015 0.967462 0.000783
vn -0.143192 0.989695 0.000801
vn -0.253015 0.967462 0.000783
vn -0.253016 0.967462 0.000783
vn 0.030882 0.992969 0.114279
vn 0.152554 0.988272 0.006699
vn -0.000101 1.0 0.000905
vn 0.24893 0.96849 0.007803
vn 0.152554 0.988272 0.006699
vn 0.030882 0.992969 0.114279
vn 0.24893 0.96849 0.007803
vn 0.252287 0.967652 0.000793
vn 0.152554 0.988272 0.006699
vn 0.252287 0.967652 0.000793
vn 0.24893 0.96849 0.007803
vn 0.252889 0.967495 0.000791
vn 0.252287 0.967652 0.000793
vn 0.252889 0.967495 0.000791
vn 0.252981 0.967471 0.000786
vn -0.022887 -0.903399 0.42819
vn 0.056758 -0.899942 0.4323
vn -0.022305 -0.90334 0.428345
vn -0.022887 -0.903399 0.42819
vn -0.022305 -0.90334 0.428345
vn -0.021715 -0.903112 0.428855
vn -0.021134 -0.903059 0.428997
vn -0.021715 -0.903112 0.428855
vn -0.022305 -0.90334 0.428345
vn -0.021134 -0.903059 0.428997
vn -0.126085 -0.895891 0.426007
vn -0.021715 -0.903112 0.428855
vn -0.028312 -0.901326 -0.432215
vn -0.028311 -0.900938 -0.433022
vn -0.027605 -0.901491 -0.431917
vn -0.028312 -0.901326 -0.432215
vn -0.027605 -0.901491 -0.431917
vn -0.026897 -0.901935 -0.431033
vn -0.02619 -0.902046 -0.430845
vn -0.026897 -0.901935 -0.431033
vn -0.027605 -0.901491 -0.431917
vn -0.02619 -0.902046 -0.430845
vn -0.026189 -0.902273 -0.43037
vn -0.026897 -0.901935 -0.431033
vn 0.237553 0.873665 0.424592
vn 0.241526 0.871274 0.427255
vn 0.240764 0.866861 0.436559
vn 0.237553 0.873665 0.424592
vn 0.23593 0.877001 0.418576
vn 0.241526 0.871274 0.427255
vn 0.229588 0.878371 0.419229
vn 0.23593 0.877001 0.418576
vn 0.237553 0.873665 0.424592
vn 0.082013 0.898093 0.432092
vn 0.029942 0.96695 0.253201
vn 0.082045 0.899256 0.42966
vn 0.082013 0.898093 0.432092
vn 0.081981 0.896923 0.434521
vn 0.029942 0.96695 0.253201
vn 0.347385 -0.000763 0.937722
vn 0.481035 -0.000713 0.876701
vn 0.481037 -0.000713 0.8767
vn 0.347385 -0.000763 0.937722
vn 0.180098 -0.052497 0.982247
vn 0.481035 -0.000713 0.876701
vn 0.180098 -0.052497 0.982247
vn 0.347385 -0.000763 0.937722
vn 0.013646 -0.101611 0.994731
vn 0.180098 -0.052497 0.982247
vn 0.013646 -0.101611 0.994731
vn -0.004343 -0.136916 0.990573
vn 0.167813 -0.88892 0.426215
vn 0.056758 -0.899942 0.4323
vn 0.136661 -0.892567 0.429706
vn 0.167813 -0.88892 0.426215
vn 0.136661 -0.892567 0.429706
vn 0.183645 -0.887739 0.422131
vn 0.183645 -0.887739 0.422131
vn 0.229616 -0.878968 0.417961
vn 0.167813 -0.88892 0.426215
vn -0.004343 -0.136916 0.990573
vn 0.013646 -0.101611 0.994731
vn 0.002678 -0.127279 0.991863
vn -0.004343 -0.136916 0.990573
vn 0.002678 -0.127279 0.991863
vn 0.003364 -0.107551 0.994194
vn -0.243745 -0.129075 0.961212
vn 0.003364 -0.107551 0.994194
vn 0.002678 -0.127279 0.991863
vn -0.243745 -0.129075 0.961212
vn 0.002678 -0.127279 0.991863
vn -0.242741 -0.13807 0.960215
vn -0.243745 -0.129075 0.961212
vn -0.242741 -0.13807 0.960215
vn -0.477304 -0.125071 0.869792
vn -0.243745 -0.129075 0.961212
vn -0.477304 -0.125071 0.869792
vn -0.477349 -0.125071 0.869767
vn -0.126085 -0.895891 0.426007
vn -0.229648 -0.878962 0.417957
vn -0.229648 -0.878962 0.417957
vn -0.252885 -0.967496 -0.000796
vn -0.252884 -0.967496 -0.000796
vn -0.140475 -0.990084 -0.001059
vn -0.252885 -0.967496 -0.000796
vn -0.140475 -0.990084 -0.001059
vn -0.140511 -0.990079 -0.000815
vn -0.140475 -0.990084 -0.001059
vn -0.027295 -0.999626 -0.001951
vn -0.140511 -0.990079 -0.000815
vn -0.140475 -0.990084 -0.001059
vn -0.027211 -0.999628 -0.001854
vn -0.027295 -0.999626 -0.001951
vn 0.039967 -0.999196 0.003101
vn -0.027295 -0.999626 -0.001951
vn -0.027211 -0.999628 -0.001854
vn 0.039967 -0.999196 0.003101
vn 0.10635 -0.994323 0.00347
vn -0.027295 -0.999626 -0.001951
vn 0.199778 -0.979832 0.004282
vn 0.10635 -0.994323 0.00347
vn 0.039967 -0.999196 0.003101
vn 0.199778 -0.979832 0.004282
vn 0.225379 -0.974271 -0.000802
vn 0.10635 -0.994323 0.00347
vn 0.252811 -0.967515 -0.000796
vn 0.225379 -0.974271 -0.000802
vn 0.199778 -0.979832 0.004282
vn 0.252811 -0.967515 -0.000796
vn 0.252805 -0.967517 -0.000796
vn 0.225379 -0.974271 -0.000802
vn 0.481037 0.000713 -0.8767
vn 0.481037 0.000713 -0.8767
vn 0.17255 0.052619 -0.983594
vn 0.481037 0.000713 -0.8767
vn 0.481036 0.000713 -0.876701
vn 0.481037 0.000713 -0.8767
vn -0.477305 0.125071 -0.869792
vn -0.477305 0.125071 -0.869792
vn -0.477353 0.125071 -0.869765
vn -0.477305 0.125071 -0.869792
vn -0.477256 0.125072 -0.869818
vn -0.477305 0.125071 -0.869792
vn 0.115635 -0.897091 0.426446
vn 0.229719 -0.878997 0.417843
vn 0.077032 -0.900466 0.42805
vn 0.077032 -0.900466 0.42805
vn 0.0 -0.903149 0.429327
vn 0.115635 -0.897091 0.426446
vn 0.077032 -0.900466 0.42805
vn 0.0 -0.903149 0.429327
vn 0.0 -0.903149 0.429327
vn -0.077036 -0.900465 0.428051
vn 0.0 -0.903149 0.429327
vn 0.0 -0.903149 0.429327
vn -0.077036 -0.900465 0.428051
vn 0.0 -0.903149 0.429327
vn 0.0 -0.903149 0.429327
vn 0.172974 -0.044405 0.983925
vn 0.002253 -0.064503 0.997915
vn 0.0 -0.127919 0.991785
vn -0.252144 -0.033612 0.967106
vn 0.0 -0.127919 0.991785
vn 0.002253 -0.064503 0.997915
vn -0.252144 -0.033612 0.967106
vn 0.002253 -0.064503 0.997915
vn -0.2552 -0.000787 0.966888
vn -0.252144 -0.033612 0.967106
vn -0.2552 -0.000787 0.966888
vn -0.481098 -0.000713 0.876667
vn -0.252144 -0.033612 0.967106
vn -0.481098 -0.000713 0.876667
vn -0.4811 -0.000713 0.876666
vn 0.172974 -0.044405 0.983925
vn 0.336944 -0.000766 0.941525
vn 0.002253 -0.064503 0.997915
vn 0.336944 -0.000766 0.941525
vn 0.172974 -0.044405 0.983925
vn 0.481034 -0.000713 0.876702
vn 0.336944 -0.000766 0.941525
vn 0.481034 -0.000713 0.876702
vn 0.481033 -0.000713 0.876702
vn -0.481099 0.000713 -0.876666
vn -0.325562 0.000769 -0.94552
vn -0.4811 0.000713 -0.876666
vn -0.481099 0.000713 -0.876666
vn -0.481098 0.000713 -0.876666
vn -0.325562 0.000769 -0.94552
vn 0.481033 0.000713 -0.876702
vn 0.481033 0.000713 -0.876702
vn 0.481032 0.000713 -0.876703
vn 0.481033 0.000713 -0.876702
vn 0.481034 0.000713 -0.876702
vn 0.481033 0.000713 -0.876702
vn -0.0 -0.902376 -0.43095
vn -0.0 -0.902376 -0.43095
vn -0.0 -0.902376 -0.430951
vn -0.0 -0.902376 -0.43095
vn 0.0 -0.902376 -0.43095
vn -0.0 -0.902376 -0.43095
vn -0.0 -0.902376 -0.43095
vn -0.0 -0.902376 -0.43095
vn 0.0 -0.902376 -0.43095
vn -0.0 -0.902376 -0.43095
vn -0.0 -0.902376 -0.43095
vn -0.0 -0.902376 -0.43095
vn 0.252934 -0.967483 -0.000786
vn 0.253003 -0.967465 -0.000786
vn 0.169855 -0.985469 -0.0008
vn 0.252934 -0.967483 -0.000786
vn 0.169855 -0.985469 -0.0008
vn 0.084904 -0.996389 -0.000809
vn 0.084904 -0.996389 -0.000809
vn 0.169855 -0.985469 -0.0008
vn 0.0 -1.0 -0.000812
vn 0.084904 -0.996389 -0.000809
vn 0.0 -1.0 -0.000812
vn 0.0 -1.0 -0.000812
vn -0.127529 -0.991834 -0.000805
vn 0.0 -1.0 -0.000812
vn 0.0 -1.0 -0.000812
vn -0.127529 -0.991834 -0.000805
vn 0.0 -1.0 -0.000812
vn -0.127537 -0.991833 -0.000805
vn -0.252976 -0.967472 -0.000786
vn -0.127529 -0.991834 -0.000805
vn -0.127537 -0.991833 -0.000805
vn -0.252976 -0.967472 -0.000786
vn -0.252961 -0.967476 -0.000786
vn -0.127529 -0.991834 -0.000805
vn -0.16076 0.980775 0.11062
vn -0.252727 0.967537 0.000788
vn -0.252624 0.967564 0.000786
vn -0.16076 0.980775 0.11062
vn -0.125749 0.992062 0.000809
vn -0.252727 0.967537 0.000788
vn -0.125749 0.992062 0.000809
vn -0.16076 0.980775 0.11062
vn 0.036488 0.983599 0.176638
vn -0.125749 0.992062 0.000809
vn 0.036488 0.983599 0.176638
vn 0.046329 0.998926 0.000813
vn 0.141087 0.983866 0.110009
vn 0.046329 0.998926 0.000813
vn 0.036488 0.983599 0.176638
vn 0.141087 0.983866 0.110009
vn 0.202336 0.979316 0.000799
vn 0.046329 0.998926 0.000813
vn 0.202336 0.979316 0.000799
vn 0.141087 0.983866 0.110009
vn 0.252692 0.967547 0.000788
vn 0.202336 0.979316 0.000799
vn 0.252692 0.967547 0.000788
vn 0.252726 0.967538 0.000786
vn 0.10021 0.897911 0.428619
vn 0.141087 0.983866 0.110009
vn 0.036488 0.983599 0.176638
vn 0.10021 0.897911 0.428619
vn 0.036488 0.983599 0.176638
vn 0.100211 0.897936 0.428566
vn -0.061549 0.900742 0.429971
vn -0.061549 0.900742 0.429971
vn -0.16076 0.980775 0.11062
vn -0.061549 0.900742 0.429971
vn -0.06155 0.900768 0.429917
vn -0.061549 0.900742 0.429971
vn -0.00513 0.064495 -0.997905
vn -0.0 0.000813 -1.0
vn -0.003419 0.085704 -0.996315
vn -0.00513 0.064495 -0.997905
vn -0.003419 0.085704 -0.996315
vn 0.001324 0.085707 -0.996319
vn 0.130511 0.89556 -0.425369
vn 0.155459 0.892321 -0.423787
vn 0.015592 0.903168 -0.429003
vn 0.155459 0.892321 -0.423787
vn 0.130511 0.89556 -0.425369
vn 0.229516 0.879189 -0.417552
vn 0.007117 0.064499 -0.997892
vn 0.001324 0.085707 -0.996319
vn -0.003419 0.085704 -0.996315
vn 0.007117 0.064499 -0.997892
vn -0.325562 0.000769 -0.94552
vn 0.001324 0.085707 -0.996319
vn -0.109843 0.897821 -0.426442
vn 0.015592 0.903168 -0.429003
vn -0.140042 0.894402 -0.424774
vn -0.109843 0.897821 -0.426442
vn 0.015592 0.903143 -0.429058
vn 0.015592 0.903168 -0.429003
vn 0.130511 0.89556 -0.425369
vn 0.015592 0.903168 -0.429003
vn 0.015592 0.903143 -0.429058
vn -0.140042 0.894402 -0.424774
vn -0.229526 0.879188 -0.417549
vn -0.109843 0.897821 -0.426442
vn -1.0 0.0 -0.0
vn -1.0 0.0 -0.0
vn -1.0 0.0 -0.0
vn -1.0 0.0 -0.0
vn -1.0 0.0 -0.0
vn -1.0 0.0 -0.0
vn 1.0 0.0 0.0
vn 1.0 0.0 0.0
vn 1.0 0.0 0.0
vn 1.0 0.0 0.0
vn 1.0 0.0 0.0
vn 1.0 0.0 0.0
vn -1.0 0.0 0.0
vn -1.0 0.0 0.0
vn -1.0 0.0 -0.0
vn -1.0 0.0 0.0
vn -1.0 0.0 0.0
vn -1.0 0.0 0.0
vn 1.0 0.0 -0.0
vn 1.0 0.0 -0.0
vn 1.0 0.0 -0.0
vn 1.0 0.0 -0.0
vn 1.0 0.0 -0.0
vn 1.0 0.0 -0.0
vn 0.229647 0.879088 -0.417692
vn 0.010142 0.902022 -0.431571
vn 0.229647 0.879088 -0.417692
vn 0.477395 0.123403 -0.86998
vn 0.477395 0.123403 -0.86998
vn 0.477405 0.123401 -0.869975
vn 0.477395 0.123403 -0.86998
vn 0.477386 0.123405 -0.869985
vn 0.477395 0.123403 -0.86998
vn -0.229729 -0.879019 0.417792
vn -0.067251 -0.90096 0.428659
vn -0.229729 -0.879019 0.417792
vn -0.249496 -0.081062 0.964977
vn -0.480052 -0.066682 0.874702
vn -0.480054 -0.066682 0.874701
vn -0.249496 -0.081062 0.964977
vn -0.250091 -0.073597 0.965421
vn -0.480052 -0.066682 0.874702
vn -0.249496 -0.081062 0.964977
vn -0.004476 -0.106584 0.994294
vn -0.250091 -0.073597 0.965421
vn -0.249496 -0.081062 0.964977
vn -0.001147 -0.104891 0.994483
vn -0.004476 -0.106584 0.994294
vn 0.160074 -0.126456 0.978971
vn -0.004476 -0.106584 0.994294
vn -0.001147 -0.104891 0.994483
vn 0.160074 -0.126456 0.978971
vn 0.323955 -0.132861 0.936697
vn -0.004476 -0.106584 0.994294
vn 0.323955 -0.132861 0.936697
vn 0.160074 -0.126456 0.978971
vn 0.477454 -0.123395 0.869949
vn 0.323955 -0.132861 0.936697
vn 0.477454 -0.123395 0.869949
vn 0.477404 -0.123401 0.869976
vn -0.067251 -0.90096 0.428659
vn 0.007334 -0.903011 0.429555
vn 0.007332 -0.902884 0.429822
vn 0.077002 -0.900468 0.428052
vn 0.007332 -0.902884 0.429822
vn 0.007334 -0.903011 0.429555
vn 0.077002 -0.900468 0.428052
vn 0.007334 -0.903011 0.429555
vn 0.11559 -0.897096 0.426449
vn 0.11559 -0.897096 0.426449
vn 0.22963 -0.879015 0.417854
vn 0.077002 -0.900468 0.428052
vn -0.067251 -0.90096 0.428659
vn 0.014673 -0.903078 0.429226
vn 0.007334 -0.903011 0.429555
vn -0.480053 0.066682 -0.874702
vn -0.327673 0.071817 -0.942058
vn -0.480054 0.066682 -0.874701
vn -0.480053 0.066682 -0.874702
vn -0.480051 0.066682 -0.874703
vn -0.327673 0.071817 -0.942058
vn -0.127932 0.89583 -0.425584
vn -0.229619 0.879118 -0.417644
vn -0.093557 0.898956 -0.427931
vn -0.093557 0.898956 -0.427931
vn -0.062371 0.900372 -0.430628
vn -0.127932 0.89583 -0.425584
vn -0.093557 0.898956 -0.427931
vn -0.062173 0.899268 -0.432957
vn -0.062371 0.900372 -0.430628
vn 0.010142 0.902022 -0.431571
vn -0.062371 0.900372 -0.430628
vn -0.062173 0.899268 -0.432957
vn 0.010142 0.902022 -0.431571
vn -0.100172 0.898684 -0.427005
vn -0.062371 0.900372 -0.430628
vn -0.0 -0.902479 -0.430734
vn -0.0 -0.902479 -0.430734
vn -0.0 -0.902479 -0.430734
vn -0.0 -0.902479 -0.430734
vn -0.0 -0.902479 -0.430734
vn -0.0 -0.902479 -0.430734
vn 0.252903 -0.967491 -0.000791
vn 0.252829 -0.967511 -0.000796
vn 0.169833 -0.985473 -0.000804
vn 0.252903 -0.967491 -0.000791
vn 0.169833 -0.985473 -0.000804
vn 0.084942 -0.996386 -0.000809
vn 0.084942 -0.996386 -0.000809
vn 0.169833 -0.985473 -0.000804
vn 0.009095 -0.999959 -0.000394
vn 0.084942 -0.996386 -0.000809
vn 0.009095 -0.999959 -0.000394
vn 0.009061 -0.999959 0.000023
vn -0.118522 -0.992951 -0.000383
vn 0.009061 -0.999959 0.000023
vn 0.009095 -0.999959 -0.000394
vn -0.118522 -0.992951 -0.000383
vn 0.009095 -0.999959 -0.000394
vn -0.118487 -0.992955 -0.000803
vn -0.253013 -0.967463 -0.000783
vn -0.118522 -0.992951 -0.000383
vn -0.118487 -0.992955 -0.000803
vn -0.253013 -0.967463 -0.000783
vn -0.253014 -0.967462 -0.000783
vn -0.118522 -0.992951 -0.000383
vn -0.145548 0.983118 0.110878
vn -0.252787 0.967522 0.000791
vn -0.252704 0.967543 0.000786
vn -0.145548 0.983118 0.110878
vn -0.105589 0.99441 -0.000142
vn -0.252787 0.967522 0.000791
vn -0.105589 0.99441 -0.000142
vn -0.145548 0.983118 0.110878
vn -0.050156 0.983528 0.173656
vn -0.105589 0.99441 -0.000142
vn -0.050156 0.983528 0.173656
vn -0.09178 0.995772 -0.003834
vn 0.002939 0.999991 -0.002935
vn -0.09178 0.995772 -0.003834
vn -0.050156 0.983528 0.173656
vn 0.002939 0.999991 -0.002935
vn -0.124164 0.992261 0.000803
vn -0.09178 0.995772 -0.003834
vn -0.031265 0.902654 0.42923
vn -0.050156 0.983528 0.173656
vn -0.145548 0.983118 0.110878
vn -0.031265 0.902654 0.42923
vn -0.031277 0.903165 0.428152
vn -0.050156 0.983528 0.173656
vn 0.252817 0.967514 0.000783
vn 0.252817 0.967514 0.000783
vn 0.252813 0.967515 0.000783
vn 0.252817 0.967514 0.000783
vn 0.002939 0.999991 -0.002935
vn 0.252817 0.967514 0.000783
vn -0.120598 0.898135 0.422858
vn -0.120598 0.898135 0.422858
vn -0.120659 0.900421 0.417951
vn -0.120598 0.898135 0.422858
vn -0.120534 0.895823 0.427753
vn -0.120598 0.898135 0.422858
vn 0.018165 -0.902616 -0.430062
vn 0.018165 -0.902616 -0.430062
vn 0.018172 -0.903031 -0.429191
vn 0.018165 -0.902616 -0.430062
vn 0.018158 -0.902201 -0.430933
vn 0.018165 -0.902616 -0.430062
vn 0.00787 0.122628 -0.992422
vn 0.00787 0.122628 -0.992422
vn 0.007605 0.095236 -0.995426
vn 0.00787 0.122628 -0.992422
vn 0.0 0.14044 -0.990089
vn 0.00787 0.122628 -0.992422
vn 0.003538 0.090463 -0.995894
vn 0.007605 0.095236 -0.995426
vn 0.002275 0.104895 -0.994481
vn 0.003538 0.090463 -0.995894
vn -0.327673 0.071817 -0.942058
vn 0.007605 0.095236 -0.995426
vn -1.0 0.0 -0.0
vn -1.0 0.0 -0.0
vn -1.0 0.0 -0.0
vn -1.0 0.0 -0.0
vn -1.0 0.0 -0.0
vn -1.0 0.0 -0.0
vn 1.0 0.0 -0.000001
vn 1.0 0.0 -0.000001
vn 1.0 0.0 -0.000001
vn 1.0 0.0 -0.000001
vn 1.0 0.0 -0.0
vn 1.0 0.0 -0.000001
vn -0.102246 0.89839 -0.42713
vn -0.22974 0.878967 -0.417896
vn -0.059047 0.901548 -0.428631
vn -0.059047 0.901548 -0.428631
vn 0.095009 0.899039 -0.427438
vn -0.102246 0.89839 -0.42713
vn -0.001837 0.060878 -0.998144
vn -0.003668 0.120723 -0.992679
vn 0.163987 0.04199 -0.985568
vn -0.001837 0.060878 -0.998144
vn 0.163987 0.04199 -0.985568
vn -0.0 0.000813 -1.0
vn -0.059047 0.901548 -0.428631
vn 0.129047 0.895573 -0.425789
vn 0.095009 0.899039 -0.427438
vn 0.095009 0.899039 -0.427438
vn 0.129047 0.895573 -0.425789
vn 0.229785 0.878958 -0.417889
vn 0.115633 -0.897117 0.426392
vn 0.229715 -0.879023 0.417792
vn 0.077031 -0.900492 0.427997
vn 0.077031 -0.900492 0.427997
vn 0.0 -0.903175 0.429273
vn 0.115633 -0.897117 0.426392
vn 0.077031 -0.900492 0.427997
vn -0.115624 -0.897117 0.426393
vn 0.0 -0.903175 0.429273
vn -0.246261 -0.086183 0.965364
vn 0.248323 -0.000788 0.968677
vn 0.249542 -0.031766 0.967843
vn -0.246261 -0.086183 0.965364
vn 0.249542 -0.031766 0.967843
vn -0.245013 -0.117033 0.96243
vn -0.246261 -0.086183 0.965364
vn -0.245013 -0.117033 0.96243
vn -0.478373 -0.106009 0.871735
vn -0.246261 -0.086183 0.965364
vn -0.478373 -0.106009 0.871735
vn -0.47843 -0.106011 0.871703
vn -0.229698 -0.879026 0.417795
vn -0.115624 -0.897117 0.426393
vn -0.229698 -0.879026 0.417795
vn 0.249542 -0.031766 0.967843
vn 0.248323 -0.000788 0.968677
vn 0.48109 -0.000713 0.876671
vn 0.249542 -0.031766 0.967843
vn 0.48109 -0.000713 0.876671
vn 0.481091 -0.000713 0.876671
vn -0.478374 0.106009 -0.871734
vn -0.478374 0.106009 -0.871734
vn -0.478431 0.106011 -0.871703
vn -0.478374 0.106009 -0.871734
vn -0.478317 0.106008 -0.871766
vn -0.478374 0.106009 -0.871734
vn 0.481095 0.000713 -0.876668
vn 0.481095 0.000713 -0.876668
vn 0.163987 0.04199 -0.985568
vn 0.481095 0.000713 -0.876668
vn 0.481096 0.000713 -0.876668
vn 0.481095 0.000713 -0.876668
vn 0.0 -0.902453 -0.430788
vn 0.0 -0.902453 -0.430788
vn 0.0 -0.902453 -0.430788
vn 0.0 -0.902453 -0.430788
vn 0.0 -0.902453 -0.430788
vn 0.0 -0.902453 -0.430788
vn 0.252934 -0.967483 -0.000788
vn 0.253005 -0.967465 -0.000783
vn 0.127508 -0.991837 -0.000811
vn 0.252934 -0.967483 -0.000788
vn 0.127508 -0.991837 -0.000811
vn 0.127472 -0.991842 -0.000814
vn -0.12751 -0.991837 -0.000811
vn 0.127472 -0.991842 -0.000814
vn 0.127508 -0.991837 -0.000811
vn -0.12751 -0.991837 -0.000811
vn 0.127508 -0.991837 -0.000811
vn -0.127546 -0.991832 -0.000814
vn -0.252938 -0.967482 -0.000788
vn -0.12751 -0.991837 -0.000811
vn -0.127546 -0.991832 -0.000814
vn -0.252938 -0.967482 -0.000788
vn -0.252868 -0.9675 -0.000783
vn -0.12751 -0.991837 -0.000811
vn -0.112949 0.987327 0.111477
vn -0.253008 0.967464 0.000783
vn -0.253017 0.967461 0.000783
vn -0.112949 0.987327 0.111477
vn -0.06255 0.998042 0.000811
vn -0.253008 0.967464 0.000783
vn -0.06255 0.998042 0.000811
vn -0.112949 0.987327 0.111477
vn 0.079613 0.980876 0.177606
vn -0.06255 0.998042 0.000811
vn 0.079613 0.980876 0.177606
vn 0.180792 0.983521 0.000803
vn 0.180792 0.983521 0.000803
vn 0.079613 0.980876 0.177606
vn 0.252931 0.967484 0.000788
vn 0.180792 0.983521 0.000803
vn 0.252931 0.967484 0.000788
vn 0.253005 0.967465 0.000783
vn 0.033613 0.901891 0.430653
vn 0.079613 0.980876 0.177606
vn -0.112949 0.987327 0.111477
vn 0.033613 0.901891 0.430653
vn 0.033614 0.901943 0.430545
vn 0.079613 0.980876 0.177606
vn 0.115572 -0.897046 0.426557
vn 0.229594 -0.878973 0.417964
vn 0.07699 -0.900417 0.42816
vn 0.07699 -0.900417 0.42816
vn 0.0 -0.975563 0.21972
vn 0.115572 -0.897046 0.426557
vn 0.07699 -0.900417 0.42816
vn 0.0 -0.903098 0.429434
vn 0.0 -0.975563 0.21972
vn -0.076992 -0.900417 0.42816
vn 0.0 -0.975563 0.21972
vn 0.0 -0.903098 0.429434
vn -0.076992 -0.900417 0.42816
vn 0.0 -0.903098 0.429435
vn 0.0 -0.975563 0.21972
vn 0.1814 -0.049714 0.982152
vn 0.008351 -0.072364 0.997343
vn -0.0 -0.143504 0.98965
vn -0.252348 -0.037649 0.966904
vn -0.0 -0.143504 0.98965
vn 0.008351 -0.072364 0.997343
vn -0.252348 -0.037649 0.966904
vn 0.008351 -0.072364 0.997343
vn -0.255475 -0.000786 0.966815
vn -0.252348 -0.037649 0.966904
vn -0.255475 -0.000786 0.966815
vn -0.480983 -0.000713 0.876729
vn -0.252348 -0.037649 0.966904
vn -0.480983 -0.000713 0.876729
vn -0.480983 -0.000713 0.87673
vn 0.1814 -0.049714 0.982152
vn 0.344558 -0.000764 0.938765
vn 0.008351 -0.072364 0.997343
vn 0.344558 -0.000764 0.938765
vn 0.1814 -0.049714 0.982152
vn 0.480987 -0.000713 0.876727
vn 0.344558 -0.000764 0.938765
vn 0.480987 -0.000713 0.876727
vn 0.480988 -0.000713 0.876727
vn 0.229708 0.878346 0.419217
vn 0.217495 0.880874 0.420424
vn 0.213049 0.878897 0.426791
vn 0.213049 0.878897 0.426791
vn 0.217495 0.880874 0.420424
vn 0.204693 0.879062 0.430524
vn 0.213049 0.878897 0.426791
vn 0.204693 0.879062 0.430524
vn 0.204118 0.874773 0.439441
vn -0.480983 0.000713 -0.876729
vn -0.325304 0.000769 -0.945609
vn -0.480984 0.000713 -0.876729
vn -0.480983 0.000713 -0.876729
vn -0.480983 0.000713 -0.87673
vn -0.325304 0.000769 -0.945609
vn 0.480984 0.000713 -0.876729
vn 0.480984 0.000713 -0.876729
vn 0.159124 0.049922 -0.985995
vn 0.480984 0.000713 -0.876729
vn 0.480983 0.000713 -0.876729
vn 0.480984 0.000713 -0.876729
vn -0.0 -0.902324 -0.431059
vn -0.0 -0.902324 -0.431059
vn -0.0 -0.902324 -0.431059
vn -0.0 -0.902324 -0.431059
vn -0.0 -0.902324 -0.431059
vn -0.0 -0.902324 -0.431059
vn 0.0 -0.902324 -0.431059
vn -0.0 -0.902324 -0.431059
vn -0.0 -0.902324 -0.431059
vn 0.0 -0.902324 -0.431059
vn -0.0 -0.902324 -0.431059
vn -0.0 -0.902324 -0.431059
vn 0.252934 -0.967483 -0.000791
vn 0.252862 -0.967502 -0.000796
vn 0.169855 -0.985469 -0.000804
vn 0.252934 -0.967483 -0.000791
vn 0.169855 -0.985469 -0.000804
vn 0.084952 -0.996385 -0.000809
vn 0.084952 -0.996385 -0.000809
vn 0.169855 -0.985469 -0.000804
vn 0.0 -0.975563 0.21972
vn 0.084952 -0.996385 -0.000809
vn 0.0 -0.975563 0.21972
vn 0.0 -1.0 -0.000812
vn -0.127512 -0.991837 -0.000808
vn 0.0 -1.0 -0.000812
vn 0.0 -0.975563 0.21972
vn -0.127512 -0.991837 -0.000808
vn 0.0 -0.975563 0.21972
vn -0.127472 -0.991842 -0.000805
vn -0.252941 -0.967481 -0.000791
vn -0.127512 -0.991837 -0.000808
vn -0.127472 -0.991842 -0.000805
vn -0.252941 -0.967481 -0.000791
vn -0.253018 -0.967461 -0.000796
vn -0.127512 -0.991837 -0.000808
vn -0.162365 0.980518 0.110554
vn -0.252937 0.967482 0.000791
vn -0.253001 0.967466 0.000796
vn -0.162365 0.980518 0.110554
vn -0.127537 0.991833 -0.001292
vn -0.252937 0.967482 0.000791
vn -0.127537 0.991833 -0.001292
vn -0.162365 0.980518 0.110554
vn 0.026066 0.999645 0.005529
vn -0.127537 0.991833 -0.001292
vn 0.026066 0.999645 0.005529
vn 0.118329 0.992959 0.005524
vn 0.223009 0.974787 0.007561
vn 0.118329 0.992959 0.005524
vn 0.026066 0.999645 0.005529
vn 0.223009 0.974787 0.007561
vn 0.238699 0.971093 0.000792
vn 0.118329 0.992959 0.005524
vn 0.238699 0.971093 0.000792
vn 0.223009 0.974787 0.007561
vn 0.252933 0.967484 0.000791
vn 0.238699 0.971093 0.000792
vn 0.252933 0.967484 0.000791
vn 0.252842 0.967507 0.000796
vn -0.06458 0.901941 0.427004
vn -0.06458 0.901941 0.427004
vn -0.162365 0.980518 0.110554
vn -0.06458 0.901941 0.427004
vn -0.064635 0.903274 0.424168
vn -0.06458 0.901941 0.427004
vn 0.159124 0.049922 -0.985995
vn -0.0 0.000813 -1.0
vn -0.006156 0.096189 -0.995344
vn 0.159124 0.049922 -0.985995
vn -0.006156 0.096189 -0.995344
vn -0.00122 0.096194 -0.995362
vn 0.19069 0.888528 -0.41732
vn 0.200019 0.884847 -0.420759
vn 0.060304 0.902526 -0.426393
vn 0.200019 0.884847 -0.420759
vn 0.19069 0.888528 -0.41732
vn 0.229579 0.878975 -0.417968
vn 0.007405 0.072341 -0.997352
vn -0.00122 0.096194 -0.995362
vn -0.006156 0.096189 -0.995344
vn 0.007405 0.072341 -0.997352
vn -0.325304 0.000769 -0.945609
vn -0.00122 0.096194 -0.995362
vn -0.111113 0.896915 -0.428016
vn 0.060304 0.902526 -0.426393
vn -0.141043 0.89407 -0.425142
vn -0.111113 0.896915 -0.428016
vn 0.060774 0.903566 -0.424116
vn 0.060304 0.902526 -0.426393
vn 0.19069 0.888528 -0.41732
vn 0.060304 0.902526 -0.426393
vn 0.060774 0.903566 -0.424116
vn -0.141043 0.89407 -0.425142
vn -0.229592 0.878973 -0.417963
vn -0.111113 0.896915 -0.428016
vn -1.0 0.0 -0.0
vn -1.0 0.0 -0.0
vn -1.0 0.0 -0.0
vn -1.0 0.0 -0.0
vn -1.0 0.0 -0.0
vn -1.0 0.0 -0.0
vn 1.0 0.0 0.000001
vn 1.0 0.0 0.000001
vn 1.0 0.0 0.000001
vn 1.0 0.0 0.000001
vn 1.0 0.0 0.0
vn 1.0 0.0 0.000001
vn 0.115656 -0.897051 0.426525
vn 0.22976 -0.878951 0.417918
vn 0.077046 -0.900427 0.42813
vn 0.077046 -0.900427 0.42813
vn 0.0 -0.903111 0.429407
vn 0.115656 -0.897051 0.426525
vn 0.077046 -0.900427 0.42813
vn 0.0 -0.903111 0.429408
vn 0.0 -0.903111 0.429407
vn -0.077057 -0.900426 0.428131
vn 0.0 -0.903111 0.429407
vn 0.0 -0.903111 0.429408
vn -0.077057 -0.900426 0.428131
vn -0.0 -0.903111 0.429407
vn 0.0 -0.903111 0.429407
vn 0.169716 -0.05073 0.984187
vn 0.003297 -0.11007 0.993918
vn 0.0 -0.146194 0.989256
vn -0.246123 -0.141699 0.958825
vn 0.0 -0.146194 0.989256
vn 0.003297 -0.11007 0.993918
vn -0.246123 -0.141699 0.958825
vn 0.003297 -0.11007 0.993918
vn -0.246091 -0.141698 0.958833
vn -0.246123 -0.141699 0.958825
vn -0.246091 -0.141698 0.958833
vn -0.477104 -0.128486 0.869404
vn -0.246123 -0.141699 0.958825
vn -0.477104 -0.128486 0.869404
vn -0.477161 -0.128485 0.869373
vn -0.229793 -0.878943 0.417916
vn -0.077057 -0.900426 0.428131
vn -0.229793 -0.878943 0.417916
vn 0.169716 -0.05073 0.984187
vn 0.333878 -0.000767 0.942616
vn 0.003297 -0.11007 0.993918
vn 0.333878 -0.000767 0.942616
vn 0.169716 -0.05073 0.984187
vn 0.481037 -0.000713 0.8767
vn 0.333878 -0.000767 0.942616
vn 0.481037 -0.000713 0.8767
vn 0.481037 -0.000713 0.8767
vn -0.477103 0.128486 -0.869405
vn -0.477103 0.128486 -0.869405
vn -0.477159 0.128485 -0.869374
vn -0.477103 0.128486 -0.869405
vn -0.477046 0.128487 -0.869436
vn -0.477103 0.128486 -0.869405
vn -0.115634 0.897053 -0.426527
vn -0.229717 0.878959 -0.417924
vn -0.077032 0.900427 -0.428131
vn -0.077032 0.900427 -0.428131
vn 0.022944 0.902986 -0.429057
vn -0.115634 0.897053 -0.426527
vn -0.077032 0.900427 -0.428131
vn 0.022951 0.903073 -0.428873
vn 0.022944 0.902986 -0.429057
vn 0.107561 0.898039 -0.426563
vn 0.022944 0.902986 -0.429057
vn 0.022951 0.903073 -0.428873
vn 0.107561 0.898039 -0.426563
vn 0.138375 0.894474 -0.425169
vn 0.022944 0.902986 -0.429057
vn -0.002378 0.073717 -0.997276
vn -0.002378 0.073717 -0.997276
vn -0.004743 0.146228 -0.98924
vn -0.002378 0.073717 -0.997276
vn -0.0 0.000813 -1.0
vn -0.002378 0.073717 -0.997276
vn 0.138375 0.894474 -0.425169
vn 0.107561 0.898039 -0.426563
vn 0.229692 0.879015 -0.417821
vn 0.481034 0.000713 -0.876702
vn 0.481034 0.000713 -0.876702
vn 0.481032 0.000713 -0.876703
vn 0.481034 0.000713 -0.876702
vn 0.481035 0.000713 -0.876701
vn 0.481034 0.000713 -0.876702
vn 0.0 -0.902363 -0.430977
vn -0.0 -0.902363 -0.430977
vn 0.0 -0.902363 -0.430977
vn 0.0 -0.902363 -0.430977
vn -0.0 -0.902363 -0.430978
vn -0.0 -0.902363 -0.430977
vn -0.0 -0.902363 -0.430977
vn -0.0 -0.902363 -0.430977
vn -0.0 -0.902363 -0.430978
vn -0.0 -0.902363 -0.430977
vn 0.0 -0.902363 -0.430977
vn -0.0 -0.902363 -0.430977
vn 0.252971 -0.967474 -0.000784
vn 0.252977 -0.967472 -0.000784
vn 0.16988 -0.985464 -0.000799
vn 0.252971 -0.967474 -0.000784
vn 0.16988 -0.985464 -0.000799
vn 0.084938 -0.996386 -0.000808
vn 0.084938 -0.996386 -0.000808
vn 0.16988 -0.985464 -0.000799
vn 0.0 -1.0 -0.000811
vn 0.084938 -0.996386 -0.000808
vn 0.0 -1.0 -0.000811
vn 0.0 -1.0 -0.000811
vn -0.127542 -0.991833 -0.000804
vn 0.0 -1.0 -0.000811
vn 0.0 -1.0 -0.000811
vn -0.127542 -0.991833 -0.000804
vn 0.0 -1.0 -0.000811
vn -0.12754 -0.991833 -0.000804
vn -0.253002 -0.967466 -0.000784
vn -0.127542 -0.991833 -0.000804
vn -0.12754 -0.991833 -0.000804
vn -0.253002 -0.967466 -0.000784
vn -0.253006 -0.967464 -0.000784
vn -0.127542 -0.991833 -0.000804
vn -0.12993 0.985256 0.111304
vn -0.253016 0.967462 0.000783
vn -0.253028 0.967459 0.000783
vn -0.12993 0.985256 0.111304
vn -0.084952 0.996385 0.000806
vn -0.253016 0.967462 0.000783
vn -0.084952 0.996385 0.000806
vn -0.12993 0.985256 0.111304
vn 0.025041 0.967093 0.25319
vn -0.084952 0.996385 0.000806
vn 0.025041 0.967093 0.25319
vn 0.03801 0.999276 0.00138
vn 0.108368 0.987888 0.111055
vn 0.03801 0.999276 0.00138
vn 0.025041 0.967093 0.25319
vn 0.108368 0.987888 0.111055
vn 0.188481 0.982077 0.000796
vn 0.03801 0.999276 0.00138
vn 0.188481 0.982077 0.000796
vn 0.108368 0.987888 0.111055
vn 0.252962 0.967476 0.000784
vn 0.188481 0.982077 0.000796
vn 0.252962 0.967476 0.000784
vn 0.252967 0.967474 0.000784
vn -0.0 0.902298 0.431113
vn 0.025041 0.967093 0.25319
vn -0.12993 0.985256 0.111304
vn -0.0 0.902298 0.431113
vn 0.028516 0.901512 0.431813
vn 0.025041 0.967093 0.25319
vn 0.057024 0.900418 0.431272
vn 0.025041 0.967093 0.25319
vn 0.028516 0.901512 0.431813
vn 0.057024 0.900418 0.431272
vn 0.108368 0.987888 0.111055
vn 0.025041 0.967093 0.25319
vn -0.0 0.146203 -0.989255
vn -0.0 0.146203 -0.989255
vn -0.0 0.146203 -0.989255
vn -0.0 0.146203 -0.989255
vn 0.0 0.146203 -0.989255
vn -0.0 0.146203 -0.989255
vn -1.0 0.0 0.0
vn -1.0 0.0 0.0
vn -1.0 0.0 0.0
vn -1.0 0.0 0.0
vn -1.0 0.0 -0.0
vn -1.0 0.0 0.0
vn 1.0 0.0 -0.0
vn 1.0 0.0 -0.0
vn 1.0 0.0 -0.0
vn 1.0 0.0 -0.0
vn 1.0 0.0 -0.0
vn 1.0 0.0 -0.0
vn 0.252891 -0.967494 -0.00079
vn 0.252965 -0.967475 -0.000784
vn 0.169825 -0.985474 -0.000806
vn 0.252891 -0.967494 -0.00079
vn 0.169825 -0.985474 -0.000806
vn 0.084887 -0.99639 -0.000819
vn 0.084887 -0.99639 -0.000819
vn 0.169825 -0.985474 -0.000806
vn 0.0 -1.0 -0.000822
vn 0.084887 -0.99639 -0.000819
vn 0.0 -1.0 -0.000822
vn 0.0 -1.0 -0.000822
vn -0.127506 -0.991837 -0.000812
vn 0.0 -1.0 -0.000822
vn 0.0 -1.0 -0.000822
vn -0.127506 -0.991837 -0.000812
vn 0.0 -1.0 -0.000822
vn -0.127541 -0.991833 -0.000815
vn -0.25293 -0.967484 -0.00079
vn -0.127506 -0.991837 -0.000812
vn -0.127541 -0.991833 -0.000815
vn -0.25293 -0.967484 -0.00079
vn -0.252862 -0.967502 -0.000784
vn -0.127506 -0.991837 -0.000812
vn -0.480984 -0.000713 0.876729
vn -0.480984 -0.000713 0.876729
vn -0.480985 -0.000713 0.876729
vn -0.480984 -0.000713 0.876729
vn -0.480983 -0.000713 0.876729
vn -0.480984 -0.000713 0.876729
vn -0.189779 0.981826 0.000799
vn -0.252927 0.967485 0.000789
vn -0.253007 0.967464 0.000795
vn -0.189779 0.981826 0.000799
vn -0.125494 0.992094 0.000351
vn -0.252927 0.967485 0.000789
vn -0.125494 0.992094 0.000351
vn -0.189779 0.981826 0.000799
vn 0.038992 0.999237 0.002128
vn -0.125494 0.992094 0.000351
vn 0.038992 0.999237 0.002128
vn -0.060963 0.99814 -0.000543
vn 0.248319 0.968678 0.000788
vn 0.252881 0.967497 0.000789
vn 0.252797 0.967519 0.000795
vn 0.248319 0.968678 0.000788
vn 0.243339 0.969938 0.002541
vn 0.252881 0.967497 0.000789
vn 0.243339 0.969938 0.002541
vn 0.248319 0.968678 0.000788
vn 0.238517 0.971132 0.00342
vn 0.243339 0.969938 0.002541
vn 0.238517 0.971132 0.00342
vn 0.038992 0.999237 0.002128
vn 0.48092 -0.000713 0.876764
vn 0.48092 -0.000713 0.876764
vn 0.48092 -0.000713 0.876764
vn 0.48092 -0.000713 0.876764
vn 0.48092 -0.000713 0.876764
vn 0.48092 -0.000713 0.876764
vn -0.0 -0.902466 -0.430761
vn 0.0 -0.902466 -0.430761
vn 0.0 -0.902466 -0.430761
vn -0.0 -0.902466 -0.430761
vn 0.0 -0.902466 -0.430761
vn 0.0 -0.902466 -0.430761
vn 0.0 -0.902466 -0.430761
vn 0.0 -0.902466 -0.430761
vn 0.0 -0.902466 -0.430761
vn 0.0 -0.902466 -0.430761
vn 0.0 -0.902466 -0.430761
vn 0.0 -0.902466 -0.430761
vn 0.028263 -0.071351 0.997051
vn 0.056362 -0.000812 0.99841
vn 0.010588 -0.07135 0.997395
vn 0.028263 -0.071351 0.997051
vn 0.010588 -0.07135 0.997395
vn 0.0 -0.141479 0.989941
vn 0.077021 -0.900428 0.428131
vn 0.0 -0.903111 0.429408
vn 0.0 -0.903111 0.429407
vn 0.077021 -0.900428 0.428131
vn 0.0 -0.903111 0.429407
vn 0.115618 -0.897055 0.426527
vn 0.115618 -0.897055 0.426527
vn 0.229685 -0.878967 0.417925
vn 0.077021 -0.900428 0.428131
vn -0.007083 -0.071325 0.997428
vn 0.0 -0.141479 0.989941
vn 0.010588 -0.07135 0.997395
vn -0.077031 -0.900427 0.428132
vn 0.0 -0.903111 0.429407
vn 0.0 -0.903111 0.429408
vn -0.077031 -0.900427 0.428132
vn -0.115633 -0.897053 0.426527
vn 0.0 -0.903111 0.429407
vn -0.115633 -0.897053 0.426527
vn -0.077031 -0.900427 0.428132
vn -0.229716 -0.87896 0.417924
vn -0.007083 -0.071325 0.997428
vn 0.010588 -0.07135 0.997395
vn -0.01413 -0.000813 0.9999
vn 0.158054 0.049194 -0.986204
vn 0.0 0.000813 -1.0
vn -0.007234 0.094797 -0.99547
vn 0.158054 0.049194 -0.986204
vn -0.007234 0.094797 -0.99547
vn -0.002522 0.094803 -0.995493
vn 0.206205 0.884257 -0.419009
vn 0.211934 0.882608 -0.419627
vn 0.073275 0.901003 -0.42758
vn 0.211934 0.882608 -0.419627
vn 0.206205 0.884257 -0.419009
vn 0.229597 0.878998 -0.41791
vn 0.007069 0.071326 -0.997428
vn -0.002522 0.094803 -0.995493
vn -0.007234 0.094797 -0.99547
vn 0.007069 0.071326 -0.997428
vn -0.32555 0.000777 -0.945524
vn -0.002522 0.094803 -0.995493
vn -0.109629 0.897543 -0.427081
vn 0.073275 0.901003 -0.42758
vn -0.139921 0.894239 -0.425157
vn -0.109629 0.897543 -0.427081
vn 0.073417 0.9013 -0.426928
vn 0.073275 0.901003 -0.42758
vn 0.206205 0.884257 -0.419009
vn 0.073275 0.901003 -0.42758
vn 0.073417 0.9013 -0.426928
vn -0.139921 0.894239 -0.425157
vn -0.229649 0.878986 -0.417905
vn -0.109629 0.897543 -0.427081
vn -1.0 0.0 0.0
vn -1.0 0.0 0.0
vn -1.0 0.0 0.0
vn -1.0 0.0 0.0
vn -1.0 0.0 -0.0
vn -1.0 0.0 0.0
vn 1.0 0.0 -0.0
vn 1.0 0.0 -0.0
vn 1.0 0.0 -0.000001
vn 1.0 0.0 -0.0
vn 1.0 0.0 -0.0
vn 1.0 0.0 -0.0
vn -0.229736 0.878164 0.419582
vn -0.117775 0.896215 0.427701
vn -0.146004 0.892629 0.426493
vn -0.117775 0.896215 0.427701
vn 0.089338 0.898324 0.430154
vn -0.146004 0.892629 0.426493
vn -0.117775 0.896215 0.427701
vn 0.089255 0.897964 0.430922
vn 0.089338 0.898324 0.430154
vn 0.235149 0.876318 0.420442
vn 0.089338 0.898324 0.430154
vn 0.089255 0.897964 0.430922
vn 0.235149 0.876318 0.420442
vn 0.233861 0.877277 0.419158
vn 0.089338 0.898324 0.430154
vn 0.229692 0.878173 0.419588
vn 0.233861 0.877277 0.419158
vn 0.235149 0.876318 0.420442
vn -0.481041 0.000724 -0.876698
vn -0.32555 0.000777 -0.945524
vn -0.480984 0.000713 -0.876729
vn -0.481041 0.000724 -0.876698
vn -0.481098 0.000735 -0.876667
vn -0.32555 0.000777 -0.945524
vn 0.480979 0.000724 -0.876732
vn 0.480979 0.000724 -0.876732
vn 0.158054 0.049194 -0.986204
vn 0.480979 0.000724 -0.876732
vn 0.480922 0.000735 -0.876763
vn 0.480979 0.000724 -0.876732
vn 0.229711 -0.878961 0.417923
vn 0.229711 -0.878961 0.417923
vn 0.058795 -0.901549 0.428664
vn 0.248043 -0.087919 0.964751
vn 0.248607 -0.119334 0.961225
vn 0.478369 -0.108195 0.871468
vn -0.247791 -0.032427 0.968271
vn 0.248607 -0.119334 0.961225
vn 0.248043 -0.087919 0.964751
vn 0.058795 -0.901549 0.428664
vn -0.129154 -0.895547 0.425811
vn -0.095201 -0.899009 0.427457
vn 0.058795 -0.901549 0.428664
vn -0.095201 -0.899009 0.427457
vn -0.027319 -0.902774 0.429247
vn 0.248043 -0.087919 0.964751
vn 0.478369 -0.108195 0.871468
vn 0.47832 -0.108203 0.871494
vn -0.095201 -0.899009 0.427457
vn -0.129154 -0.895547 0.425811
vn -0.229641 -0.878976 0.417932
vn -0.247791 -0.032427 0.968271
vn 0.248043 -0.087919 0.964751
vn -0.248327 -0.000788 0.968676
vn -0.247791 -0.032427 0.968271
vn -0.248327 -0.000788 0.968676
vn -0.481098 -0.000713 0.876667
vn -0.247791 -0.032427 0.968271
vn -0.481098 -0.000713 0.876667
vn -0.481098 -0.000713 0.876666
vn -0.480984 0.000713 -0.876729
vn -0.480984 0.000713 -0.876729
vn -0.480983 0.000713 -0.876729
vn -0.480984 0.000713 -0.876729
vn -0.480984 0.000713 -0.876729
vn -0.480984 0.000713 -0.876729
vn 0.480987 0.000713 -0.876727
vn 0.480987 0.000713 -0.876727
vn 0.480987 0.000713 -0.876727
vn 0.480987 0.000713 -0.876727
vn 0.480987 0.000713 -0.876728
vn 0.480987 0.000713 -0.876727
vn 0.0 -0.902576 -0.430531
vn 0.0 -0.902576 -0.430531
vn 0.0 -0.902576 -0.430531
vn 0.0 -0.902576 -0.430531
vn 0.0 -0.902576 -0.430531
vn 0.0 -0.902576 -0.430531
vn 0.21625 -0.827445 -0.518239
vn 0.216245 -0.827445 -0.518241
vn 0.103306 -0.907789 -0.406506
vn 0.21625 -0.827445 -0.518239
vn 0.103306 -0.907789 -0.406506
vn 0.108773 -0.842469 -0.52765
vn -0.139916 -0.980466 -0.138236
vn 0.108773 -0.842469 -0.52765
vn 0.103306 -0.907789 -0.406506
vn -0.139916 -0.980466 -0.138236
vn 0.103306 -0.907789 -0.406506
vn -0.144308 -0.989533 -0.000813
vn -0.25285 -0.967505 -0.000795
vn -0.139916 -0.980466 -0.138236
vn -0.144308 -0.989533 -0.000813
vn -0.25285 -0.967505 -0.000795
vn -0.25285 -0.967505 -0.000795
vn -0.139916 -0.980466 -0.138236
vn -0.129924 0.985261 0.111271
vn -0.253007 0.967464 0.000784
vn -0.25301 0.967463 0.000783
vn -0.129924 0.985261 0.111271
vn -0.084951 0.996385 0.000807
vn -0.253007 0.967464 0.000784
vn -0.084951 0.996385 0.000807
vn -0.129924 0.985261 0.111271
vn 0.052098 0.982653 0.177988
vn -0.084951 0.996385 0.000807
vn 0.052098 0.982653 0.177988
vn 0.169903 0.98546 0.000798
vn 0.169903 0.98546 0.000798
vn 0.052098 0.982653 0.177988
vn 0.253005 0.967465 0.000783
vn 0.169903 0.98546 0.000798
vn 0.253005 0.967465 0.000783
vn 0.253002 0.967466 0.000783
vn -0.0 0.902356 0.430991
vn 0.052098 0.982653 0.177988
vn -0.129924 0.985261 0.111271
vn -0.0 0.902356 0.430991
vn -0.0 0.902356 0.430991
vn 0.052098 0.982653 0.177988
vn -0.0 0.000813 -1.0
vn -0.0 0.000813 -1.0
vn -0.0 0.000813 -1.0
vn -0.0 0.000813 -1.0
vn -0.0 0.000813 -1.0
vn -0.0 0.000813 -1.0
vn -1.0 0.0 -0.0
vn -1.0 0.0 -0.0
vn -1.0 0.0 0.0
vn -1.0 0.0 -0.0
vn -1.0 0.0 -0.0
vn -1.0 0.0 -0.0
vn 1.0 0.0 0.0
vn 1.0 0.0 0.0
vn 1.0 0.0 0.0
vn 1.0 0.0 0.0
vn 1.0 0.0 -0.0
vn 1.0 0.0 0.0
vn -0.115636 0.897059 -0.426514
vn -0.22972 0.878965 -0.417911
vn -0.077032 0.900434 -0.428118
vn -0.077032 0.900434 -0.428118
vn 0.077033 0.900433 -0.428119
vn -0.115636 0.897059 -0.426514
vn -0.077032 0.900434 -0.428118
vn 0.115637 0.897058 -0.426514
vn 0.077033 0.900433 -0.428119
vn 0.077033 0.900433 -0.428119
vn 0.115637 0.897058 -0.426514
vn 0.229722 0.878964 -0.417912
vn 0.115625 -0.897105 0.426419
vn 0.229698 -0.879014 0.417819
vn 0.077025 -0.900479 0.428023
vn 0.077025 -0.900479 0.428023
vn 0.0 -0.903162 0.4293
vn 0.115625 -0.897105 0.426419
vn 0.077025 -0.900479 0.428023
vn -0.0 -0.903162 0.4293
vn 0.0 -0.903162 0.4293
vn -0.077038 -0.900478 0.428024
vn 0.0 -0.903162 0.4293
vn -0.0 -0.903162 0.4293
vn -0.077038 -0.900478 0.428024
vn 0.0 -0.903162 0.4293
vn 0.0 -0.903162 0.4293
vn 0.172973 -0.044405 0.983925
vn 0.002253 -0.064503 0.997915
vn 0.0 -0.127919 0.991785
vn -0.252144 -0.033612 0.967106
vn 0.0 -0.127919 0.991785
vn 0.002253 -0.064503 0.997915
vn -0.252144 -0.033612 0.967106
vn 0.002253 -0.064503 0.997915
vn -0.255201 -0.000787 0.966888
vn -0.252144 -0.033612 0.967106
vn -0.255201 -0.000787 0.966888
vn -0.481098 -0.000713 0.876667
vn -0.252144 -0.033612 0.967106
vn -0.481098 -0.000713 0.876667
vn -0.481098 -0.000713 0.876666
vn 0.172973 -0.044405 0.983925
vn 0.336943 -0.000766 0.941525
vn 0.002253 -0.064503 0.997915
vn 0.336943 -0.000766 0.941525
vn 0.172973 -0.044405 0.983925
vn 0.481033 -0.000713 0.876702
vn 0.336943 -0.000766 0.941525
vn 0.481033 -0.000713 0.876702
vn 0.481033 -0.000713 0.876702
vn -0.481098 0.000713 -0.876667
vn -0.325561 0.000769 -0.945521
vn -0.481098 0.000713 -0.876667
vn -0.481098 0.000713 -0.876667
vn -0.481098 0.000713 -0.876667
vn -0.325561 0.000769 -0.945521
vn 0.481031 0.000713 -0.876703
vn 0.481031 0.000713 -0.876703
vn 0.48103 0.000713 -0.876704
vn 0.481031 0.000713 -0.876703
vn 0.481032 0.000713 -0.876702
vn 0.481031 0.000713 -0.876703
vn 0.0 -0.902363 -0.430977
vn 0.0 -0.902363 -0.430977
vn 0.0 -0.902363 -0.430977
vn 0.0 -0.902363 -0.430977
vn 0.0 -0.902363 -0.430977
vn 0.0 -0.902363 -0.430977
vn -0.0 -0.902363 -0.430977
vn 0.0 -0.902363 -0.430977
vn 0.0 -0.902363 -0.430977
vn -0.0 -0.902363 -0.430977
vn 0.0 -0.902363 -0.430977
vn 0.0 -0.902363 -0.430977
vn 0.252969 -0.967474 -0.000784
vn 0.252969 -0.967474 -0.000784
vn 0.169878 -0.985465 -0.000799
vn 0.252969 -0.967474 -0.000784
vn 0.169878 -0.985465 -0.000799
vn 0.084939 -0.996386 -0.000808
vn 0.084939 -0.996386 -0.000808
vn 0.169878 -0.985465 -0.000799
vn -0.0 -1.0 -0.000811
vn 0.084939 -0.996386 -0.000808
vn -0.0 -1.0 -0.000811
vn 0.0 -1.0 -0.000811
vn -0.127544 -0.991833 -0.000804
vn 0.0 -1.0 -0.000811
vn -0.0 -1.0 -0.000811
vn -0.127544 -0.991833 -0.000804
vn -0.0 -1.0 -0.000811
vn -0.127543 -0.991833 -0.000804
vn -0.253004 -0.967465 -0.000784
vn -0.127544 -0.991833 -0.000804
vn -0.127543 -0.991833 -0.000804
vn -0.253004 -0.967465 -0.000784
vn -0.253005 -0.967465 -0.000784
vn -0.127544 -0.991833 -0.000804
vn -0.160867 0.98076 0.110599
vn -0.252934 0.967483 0.00079
vn -0.25286 0.967503 0.000784
vn -0.160867 0.98076 0.110599
vn -0.12581 0.992054 0.000812
vn -0.252934 0.967483 0.00079
vn -0.12581 0.992054 0.000812
vn -0.160867 0.98076 0.110599
vn 0.036488 0.983602 0.176624
vn -0.12581 0.992054 0.000812
vn 0.036488 0.983602 0.176624
vn 0.046329 0.998926 0.000813
vn 0.141128 0.983863 0.109988
vn 0.046329 0.998926 0.000813
vn 0.036488 0.983602 0.176624
vn 0.141128 0.983863 0.109988
vn 0.202472 0.979288 0.000801
vn 0.046329 0.998926 0.000813
vn 0.202472 0.979288 0.000801
vn 0.141128 0.983863 0.109988
vn 0.252892 0.967494 0.00079
vn 0.202472 0.979288 0.000801
vn 0.252892 0.967494 0.00079
vn 0.252965 0.967475 0.000784
vn 0.10021 0.897927 0.428586
vn 0.141128 0.983863 0.109988
vn 0.036488 0.983602 0.176624
vn 0.10021 0.897927 0.428586
vn 0.036488 0.983602 0.176624
vn 0.10021 0.897927 0.428586
vn -0.061549 0.900758 0.429937
vn -0.061549 0.900758 0.429937
vn -0.160867 0.98076 0.110599
vn -0.061549 0.900758 0.429937
vn -0.061549 0.900758 0.429937
vn -0.061549 0.900758 0.429937
vn -0.00513 0.064495 -0.997905
vn -0.0 0.000813 -1.0
vn -0.003419 0.085704 -0.996315
vn -0.00513 0.064495 -0.997905
vn -0.003419 0.085704 -0.996315
vn 0.001325 0.085707 -0.996319
vn 0.130567 0.895467 -0.425548
vn 0.155542 0.89217 -0.424075
vn 0.01559 0.903107 -0.429133
vn 0.155542 0.89217 -0.424075
vn 0.130567 0.895467 -0.425548
vn 0.229696 0.879014 -0.417821
vn 0.007117 0.064499 -0.997892
vn 0.001325 0.085707 -0.996319
vn -0.003419 0.085704 -0.996315
vn 0.007117 0.064499 -0.997892
vn -0.325561 0.000769 -0.945521
vn 0.001325 0.085707 -0.996319
vn -0.109912 0.897727 -0.426622
vn 0.01559 0.903107 -0.429133
vn -0.140144 0.894249 -0.425063
vn -0.109912 0.897727 -0.426622
vn 0.015591 0.903162 -0.429017
vn 0.01559 0.903107 -0.429133
vn 0.130567 0.895467 -0.425548
vn 0.01559 0.903107 -0.429133
vn 0.015591 0.903162 -0.429017
vn -0.140144 0.894249 -0.425063
vn -0.229736 0.879005 -0.417817
vn -0.109912 0.897727 -0.426622
vn -1.0 0.0 0.0
vn -1.0 0.0 0.0
vn -1.0 0.0 0.0
vn -1.0 0.0 0.0
vn -1.0 0.0 -0.0
vn -1.0 0.0 0.0
vn 1.0 0.0 0.0
vn 1.0 0.0 0.0
vn 1.0 0.0 0.0
vn 1.0 0.0 0.0
vn 1.0 0.0 0.0
vn 1.0 0.0 0.0
vn 0.134141 -0.895058 0.425297
vn 0.229671 -0.879076 0.417703
vn 0.101883 -0.89855 0.426882
vn 0.101883 -0.89855 0.426882
vn 0.037348 -0.902634 0.428786
vn 0.134141 -0.895058 0.425297
vn 0.101883 -0.89855 0.426882
vn -0.117256 -0.896484 0.427279
vn 0.037348 -0.902634 0.428786
vn 0.163779 -0.046429 0.985404
vn 0.007247 -0.067375 0.997701
vn 0.014463 -0.133646 0.990924
vn -0.240609 -0.035208 0.969983
vn 0.014463 -0.133646 0.990924
vn 0.007247 -0.067375 0.997701
vn -0.240609 -0.035208 0.969983
vn 0.007247 -0.067375 0.997701
vn -0.248293 -0.000788 0.968685
vn -0.240609 -0.035208 0.969983
vn -0.248293 -0.000788 0.968685
vn -0.481035 -0.000713 0.876701
vn -0.240609 -0.035208 0.969983
vn -0.481035 -0.000713 0.876701
vn -0.481036 -0.000713 0.876701
vn 0.163779 -0.046429 0.985404
vn 0.329898 -0.000768 0.944016
vn 0.007247 -0.067375 0.997701
vn 0.329898 -0.000768 0.944016
vn 0.163779 -0.046429 0.985404
vn 0.481094 -0.000713 0.876669
vn 0.329898 -0.000768 0.944016
vn 0.481094 -0.000713 0.876669
vn 0.481095 -0.000713 0.876668
vn -0.249686 -0.874613 0.415582
vn -0.256155 -0.872724 0.415617
vn -0.229637 -0.879084 0.417707
vn -0.256155 -0.872724 0.415617
vn -0.249686 -0.874613 0.415582
vn -0.269343 -0.869299 0.414456
vn -0.256155 -0.872724 0.415617
vn -0.269343 -0.869299 0.414456
vn -0.117256 -0.896484 0.427279
vn -0.481092 0.000724 -0.87667
vn -0.329897 0.000775 -0.944017
vn -0.481035 0.000713 -0.876701
vn -0.481092 0.000724 -0.87667
vn -0.481149 0.000735 -0.876639
vn -0.329897 0.000775 -0.944017
vn 0.481152 0.000724 -0.876637
vn 0.481152 0.000724 -0.876637
vn 0.481209 0.000713 -0.876605
vn 0.481152 0.000724 -0.876637
vn 0.481095 0.000735 -0.876668
vn 0.481152 0.000724 -0.876637
vn 0.046529 -0.901398 -0.430485
vn 0.046529 -0.901398 -0.430485
vn 0.04653 -0.901491 -0.43029
vn 0.046529 -0.901398 -0.430485
vn 0.046527 -0.901304 -0.430681
vn 0.046529 -0.901398 -0.430485
vn 0.252852 -0.967505 -0.000784
vn 0.252853 -0.967504 -0.000784
vn 0.184951 -0.982747 -0.000796
vn 0.252852 -0.967505 -0.000784
vn 0.184951 -0.982747 -0.000796
vn 0.11581 -0.993271 -0.000894
vn 0.11581 -0.993271 -0.000894
vn 0.184951 -0.982747 -0.000796
vn -0.144101 -0.989563 -0.000389
vn 0.11581 -0.993271 -0.000894
vn -0.144101 -0.989563 -0.000389
vn -0.144302 -0.989534 0.000023
vn -0.291342 -0.956619 -0.000303
vn -0.144302 -0.989534 0.000023
vn -0.144101 -0.989563 -0.000389
vn -0.291342 -0.956619 -0.000303
vn -0.144101 -0.989563 -0.000389
vn -0.291151 -0.956677 -0.000775
vn -0.252815 -0.967514 -0.000784
vn -0.291342 -0.956619 -0.000303
vn -0.291151 -0.956677 -0.000775
vn -0.252815 -0.967514 -0.000784
vn -0.252816 -0.967514 -0.000784
vn -0.291342 -0.956619 -0.000303
vn -0.129861 0.985276 0.111211
vn -0.252892 0.967494 0.00079
vn -0.252968 0.967474 0.000795
vn -0.129861 0.985276 0.111211
vn -0.084887 0.99639 0.000807
vn -0.252892 0.967494 0.00079
vn -0.084887 0.99639 0.000807
vn -0.129861 0.985276 0.111211
vn -0.0 0.967577 0.252577
vn -0.084887 0.99639 0.000807
vn -0.0 0.967577 0.252577
vn -0.0 1.0 0.00081
vn 0.064835 0.991703 0.111001
vn -0.0 1.0 0.00081
vn -0.0 0.967577 0.252577
vn 0.064835 0.991703 0.111001
vn 0.169851 0.985469 0.000802
vn -0.0 1.0 0.00081
vn 0.169851 0.985469 0.000802
vn 0.064835 0.991703 0.111001
vn 0.252929 0.967484 0.00079
vn 0.169851 0.985469 0.000802
vn 0.252929 0.967484 0.00079
vn 0.252852 0.967505 0.000795
vn 0.0 0.902469 0.430755
vn -0.0 0.967577 0.252577
vn -0.129861 0.985276 0.111211
vn 0.0 0.902469 0.430755
vn -0.0 0.902469 0.430755
vn -0.0 0.967577 0.252577
vn 0.0 0.902469 0.430755
vn -0.0 0.967577 0.252577
vn -0.0 0.902469 0.430755
vn 0.0 0.902469 0.430755
vn 0.064835 0.991703 0.111001
vn -0.0 0.967577 0.252577
vn -0.297254 -0.861691 -0.411251
vn -0.330538 -0.851767 -0.406494
vn -0.330541 -0.851791 -0.406443
vn -0.297254 -0.861691 -0.411251
vn -0.280451 -0.866251 -0.413469
vn -0.330538 -0.851767 -0.406494
vn -0.297254 -0.861691 -0.411251
vn -0.22959 -0.878361 -0.41925
vn -0.280451 -0.866251 -0.413469
vn 0.005377 0.067362 -0.997714
vn 0.010731 0.000813 -0.999942
vn -0.007605 0.089551 -0.995953
vn 0.005377 0.067362 -0.997714
vn -0.007605 0.089551 -0.995953
vn -0.011189 0.089547 -0.99592
vn 0.07703 0.90043 -0.428127
vn 0.115632 0.897055 -0.426522
vn -0.0 0.903113 -0.429403
vn 0.115632 0.897055 -0.426522
vn 0.07703 0.90043 -0.428127
vn 0.229712 0.878963 -0.41792
vn -0.016788 0.067393 -0.997585
vn -0.011189 0.089547 -0.99592
vn -0.007605 0.089551 -0.995953
vn -0.016788 0.067393 -0.997585
vn -0.329897 0.000775 -0.944017
vn -0.011189 0.089547 -0.99592
vn -0.077018 0.900431 -0.428127
vn -0.0 0.903113 -0.429403
vn -0.115615 0.897057 -0.426523
vn -0.077018 0.900431 -0.428127
vn -0.0 0.903113 -0.429403
vn -0.0 0.903113 -0.429403
vn 0.07703 0.90043 -0.428127
vn -0.0 0.903113 -0.429403
vn -0.0 0.903113 -0.429403
vn -0.115615 0.897057 -0.426523
vn -0.229678 0.87897 -0.417924
vn -0.077018 0.900431 -0.428127
vn -1.0 0.0 -0.0
vn -1.0 0.0 -0.0
vn -1.0 0.0 -0.0
vn -1.0 0.0 -0.0
vn -1.0 0.0 0.0
vn -1.0 0.0 -0.0
vn 1.0 0.0 -0.0
vn 1.0 0.0 -0.0
vn 1.0 0.0 -0.000001
vn 1.0 0.0 -0.0
vn 1.0 0.0 -0.0
vn 1.0 0.0 -0.0
vn 0.134144 -0.895037 0.425339
vn 0.22968 -0.879054 0.417745
vn 0.101886 -0.898548 0.426884
vn 0.101886 -0.898548 0.426884
vn 0.037348 -0.902642 0.428768
vn 0.134144 -0.895037 0.425339
vn 0.101886 -0.898548 0.426884
vn -0.117267 -0.89652 0.427201
vn 0.037348 -0.902642 0.428768
vn 0.16378 -0.046429 0.985404
vn 0.007247 -0.067375 0.997701
vn 0.014463 -0.133646 0.990924
vn -0.24061 -0.035208 0.969983
vn 0.014463 -0.133646 0.990924
vn 0.007247 -0.067375 0.997701
vn -0.24061 -0.035208 0.969983
vn 0.007247 -0.067375 0.997701
vn -0.248294 -0.000788 0.968684
vn -0.24061 -0.035208 0.969983
vn -0.248294 -0.000788 0.968684
vn -0.481037 -0.000713 0.8767
vn -0.24061 -0.035208 0.969983
vn -0.481037 -0.000713 0.8767
vn -0.481037 -0.000713 0.8767
vn 0.16378 -0.046429 0.985404
vn 0.329896 -0.000768 0.944017
vn 0.007247 -0.067375 0.997701
vn 0.329896 -0.000768 0.944017
vn 0.16378 -0.046429 0.985404
vn 0.481091 -0.000713 0.87667
vn 0.329896 -0.000768 0.944017
vn 0.481091 -0.000713 0.87667
vn 0.481088 -0.000713 0.876672
vn -0.249674 -0.874597 0.415624
vn -0.256155 -0.872723 0.415619
vn -0.229625 -0.879067 0.417748
vn -0.256155 -0.872723 0.415619
vn -0.249674 -0.874597 0.415624
vn -0.269348 -0.869306 0.414438
vn -0.256155 -0.872723 0.415619
vn -0.269348 -0.869306 0.414438
vn -0.117267 -0.89652 0.427201
vn -0.481092 0.000724 -0.87667
vn -0.329897 0.000775 -0.944017
vn -0.481035 0.000713 -0.876701
vn -0.481092 0.000724 -0.87667
vn -0.481149 0.000735 -0.876638
vn -0.329897 0.000775 -0.944017
vn 0.48115 0.000724 -0.876638
vn 0.48115 0.000724 -0.876638
vn 0.481204 0.000713 -0.876608
vn 0.48115 0.000724 -0.876638
vn 0.481096 0.000735 -0.876668
vn 0.48115 0.000724 -0.876638
vn 0.046529 -0.901384 -0.430513
vn 0.046529 -0.901384 -0.430513
vn 0.046531 -0.901501 -0.430268
vn 0.046529 -0.901384 -0.430513
vn 0.046527 -0.901267 -0.430759
vn 0.046529 -0.901384 -0.430513
vn 0.2529 -0.967492 -0.000786
vn 0.252864 -0.967501 -0.000786
vn 0.184982 -0.982742 -0.000798
vn 0.2529 -0.967492 -0.000786
vn 0.184982 -0.982742 -0.000798
vn 0.115838 -0.993268 -0.000894
vn 0.115838 -0.993268 -0.000894
vn 0.184982 -0.982742 -0.000798
vn -0.144101 -0.989563 -0.000388
vn 0.115838 -0.993268 -0.000894
vn -0.144101 -0.989563 -0.000388
vn -0.144302 -0.989534 0.000027
vn -0.291348 -0.956617 -0.000304
vn -0.144302 -0.989534 0.000027
vn -0.144101 -0.989563 -0.000388
vn -0.291348 -0.956617 -0.000304
vn -0.144101 -0.989563 -0.000388
vn -0.291145 -0.956679 -0.000777
vn -0.252827 -0.967511 -0.000786
vn -0.291348 -0.956617 -0.000304
vn -0.291145 -0.956679 -0.000777
vn -0.252827 -0.967511 -0.000786
vn -0.252851 -0.967505 -0.000786
vn -0.291348 -0.956617 -0.000304
vn -0.129804 0.98529 0.111152
vn -0.252788 0.967521 0.000794
vn -0.252707 0.967543 0.000791
vn -0.129804 0.98529 0.111152
vn -0.084905 0.996389 0.00082
vn -0.252788 0.967521 0.000794
vn -0.084905 0.996389 0.00082
vn -0.129804 0.98529 0.111152
vn 0.0 0.967613 0.252437
vn -0.084905 0.996389 0.00082
vn 0.0 0.967613 0.252437
vn 0.000001 1.0 0.000823
vn 0.064765 0.991714 0.110946
vn 0.000001 1.0 0.000823
vn 0.0 0.967613 0.252437
vn 0.064765 0.991714 0.110946
vn 0.169756 0.985486 0.000809
vn 0.000001 1.0 0.000823
vn 0.169756 0.985486 0.000809
vn 0.064765 0.991714 0.110946
vn 0.252789 0.967521 0.000794
vn 0.169756 0.985486 0.000809
vn 0.252789 0.967521 0.000794
vn 0.252838 0.967508 0.000791
vn 0.000001 0.902582 0.430518
vn 0.0 0.967613 0.252437
vn -0.129804 0.98529 0.111152
vn 0.000001 0.902582 0.430518
vn 0.0 0.902582 0.430518
vn 0.0 0.967613 0.252437
vn 0.0 0.902582 0.430518
vn 0.0 0.967613 0.252437
vn 0.0 0.902582 0.430518
vn 0.0 0.902582 0.430518
vn 0.064765 0.991714 0.110946
vn 0.0 0.967613 0.252437
vn -0.297262 -0.861684 -0.411261
vn -0.330532 -0.851757 -0.406521
vn -0.330532 -0.851758 -0.406518
vn -0.297262 -0.861684 -0.411261
vn -0.280466 -0.866257 -0.413446
vn -0.330532 -0.851757 -0.406521
vn -0.297262 -0.861684 -0.411261
vn -0.229625 -0.878364 -0.419225
vn -0.280466 -0.866257 -0.413446
vn 0.005377 0.067362 -0.997714
vn 0.010731 0.000813 -0.999942
vn -0.007605 0.089551 -0.995953
vn 0.005377 0.067362 -0.997714
vn -0.007605 0.089551 -0.995953
vn -0.011189 0.089546 -0.99592
vn 0.077033 0.900465 -0.428052
vn 0.115637 0.89709 -0.426447
vn 0.0 0.903149 -0.429327
vn 0.115637 0.89709 -0.426447
vn 0.077033 0.900465 -0.428052
vn 0.229722 0.878995 -0.417847
vn -0.016788 0.067393 -0.997585
vn -0.011189 0.089546 -0.99592
vn -0.007605 0.089551 -0.995953
vn -0.016788 0.067393 -0.997585
vn -0.329897 0.000775 -0.944017
vn -0.011189 0.089546 -0.99592
vn -0.077028 0.900466 -0.428051
vn 0.0 0.903149 -0.429327
vn -0.115628 0.897092 -0.426447
vn -0.077028 0.900466 -0.428051
vn -0.0 0.903149 -0.429327
vn 0.0 0.903149 -0.429327
vn 0.077033 0.900465 -0.428052
vn 0.0 0.903149 -0.429327
vn -0.0 0.903149 -0.429327
vn -0.115628 0.897092 -0.426447
vn -0.229706 0.878999 -0.417846
vn -0.077028 0.900466 -0.428051
vn -1.0 0.0 -0.0
vn -1.0 0.0 -0.0
vn -1.0 0.0 -0.0
vn -1.0 0.0 -0.0
vn -1.0 0.0 -0.0
vn -1.0 0.0 -0.0
vn 1.0 0.0 0.0
vn 1.0 0.0 0.0
vn 1.0 0.0 0.0
vn 1.0 0.0 0.0
vn 1.0 0.0 -0.0
vn 1.0 0.0 0.0
vn 0.115635 -0.89704 0.426553
vn 0.22972 -0.878946 0.41795
vn 0.077032 -0.900415 0.428158
vn 0.077032 -0.900415 0.428158
vn -0.0 -0.975564 0.219717
vn 0.115635 -0.89704 0.426553
vn 0.077032 -0.900415 0.428158
vn -0.000001 -0.903098 0.429434
vn -0.0 -0.975564 0.219717
vn -0.077006 -0.900416 0.428159
vn -0.0 -0.975564 0.219717
vn -0.000001 -0.903098 0.429434
vn -0.077006 -0.900416 0.428159
vn -0.0 -0.903098 0.429435
vn -0.0 -0.975564 0.219717
vn 0.181399 -0.049714 0.982152
vn 0.008351 -0.072364 0.997343
vn -0.0 -0.143503 0.98965
vn -0.252349 -0.037649 0.966904
vn -0.0 -0.143503 0.98965
vn 0.008351 -0.072364 0.997343
vn -0.252349 -0.037649 0.966904
vn 0.008351 -0.072364 0.997343
vn -0.255476 -0.000786 0.966815
vn -0.252349 -0.037649 0.966904
vn -0.255476 -0.000786 0.966815
vn -0.480987 -0.000713 0.876728
vn -0.252349 -0.037649 0.966904
vn -0.480987 -0.000713 0.876728
vn -0.480986 -0.000713 0.876728
vn 0.181399 -0.049714 0.982152
vn 0.344556 -0.000764 0.938765
vn 0.008351 -0.072364 0.997343
vn 0.344556 -0.000764 0.938765
vn 0.181399 -0.049714 0.982152
vn 0.480985 -0.000713 0.876729
vn 0.344556 -0.000764 0.938765
vn 0.480985 -0.000713 0.876729
vn 0.480985 -0.000713 0.876729
vn 0.229644 0.87826 0.419432
vn 0.217461 0.880781 0.420637
vn 0.213028 0.878833 0.426932
vn 0.213028 0.878833 0.426932
vn 0.217461 0.880781 0.420637
vn 0.204693 0.87901 0.430629
vn 0.213028 0.878833 0.426932
vn 0.204693 0.87901 0.430629
vn 0.204123 0.874772 0.439441
vn -0.480981 0.000713 -0.876731
vn -0.325302 0.000769 -0.94561
vn -0.480983 0.000713 -0.87673
vn -0.480981 0.000713 -0.876731
vn -0.480978 0.000713 -0.876732
vn -0.325302 0.000769 -0.94561
vn 0.480991 0.000713 -0.876725
vn 0.480991 0.000713 -0.876725
vn 0.159129 0.049922 -0.985995
vn 0.480991 0.000713 -0.876725
vn 0.480985 0.000713 -0.876728
vn 0.480991 0.000713 -0.876725
vn -0.000001 -0.902427 -0.430842
vn -0.0 -0.902427 -0.430842
vn -0.000001 -0.902427 -0.430843
vn -0.000001 -0.902427 -0.430842
vn -0.0 -0.902427 -0.430842
vn -0.0 -0.902427 -0.430842
vn -0.0 -0.902427 -0.430842
vn -0.0 -0.902427 -0.430842
vn -0.0 -0.902427 -0.430842
vn -0.0 -0.902427 -0.430842
vn -0.0 -0.902427 -0.430842
vn -0.0 -0.902427 -0.430842
vn 0.253002 -0.967465 -0.000791
vn 0.253046 -0.967454 -0.000791
vn 0.169901 -0.985461 -0.000806
vn 0.253002 -0.967465 -0.000791
vn 0.169901 -0.985461 -0.000806
vn 0.084935 -0.996386 -0.000815
vn 0.084935 -0.996386 -0.000815
vn 0.169901 -0.985461 -0.000806
vn -0.0 -0.975564 0.219717
vn 0.084935 -0.996386 -0.000815
vn -0.0 -0.975564 0.219717
vn -0.0 -1.0 -0.000818
vn -0.127566 -0.99183 -0.000811
vn -0.0 -1.0 -0.000818
vn -0.0 -0.975564 0.219717
vn -0.127566 -0.99183 -0.000811
vn -0.0 -0.975564 0.219717
vn -0.127593 -0.991826 -0.000811
vn -0.253048 -0.967453 -0.000791
vn -0.127566 -0.99183 -0.000811
vn -0.127593 -0.991826 -0.000811
vn -0.253048 -0.967453 -0.000791
vn -0.252995 -0.967467 -0.000791
vn -0.127566 -0.99183 -0.000811
vn -0.162393 0.980507 0.110613
vn -0.252985 0.96747 0.000791
vn -0.252985 0.96747 0.000791
vn -0.162393 0.980507 0.110613
vn -0.127575 0.991828 -0.001294
vn -0.252985 0.96747 0.000791
vn -0.127575 0.991828 -0.001294
vn -0.162393 0.980507 0.110613
vn 0.026066 0.999645 0.00552
vn -0.127575 0.991828 -0.001294
vn 0.026066 0.999645 0.00552
vn 0.118328 0.992959 0.005515
vn 0.223013 0.974786 0.007559
vn 0.118328 0.992959 0.005515
vn 0.026066 0.999645 0.00552
vn 0.223013 0.974786 0.007559
vn 0.238785 0.971072 0.000794
vn 0.118328 0.992959 0.005515
vn 0.238785 0.971072 0.000794
vn 0.223013 0.974786 0.007559
vn 0.253063 0.96745 0.000791
vn 0.238785 0.971072 0.000794
vn 0.253063 0.96745 0.000791
vn 0.253089 0.967443 0.000791
vn -0.06458 0.901889 0.427114
vn -0.06458 0.901889 0.427114
vn -0.162393 0.980507 0.110613
vn -0.06458 0.901889 0.427114
vn -0.064636 0.903273 0.424171
vn -0.06458 0.901889 0.427114
vn 0.159129 0.049922 -0.985995
vn -0.0 0.000813 -1.0
vn -0.006156 0.096189 -0.995344
vn 0.159129 0.049922 -0.985995
vn -0.006156 0.096189 -0.995344
vn -0.001221 0.096194 -0.995362
vn 0.190737 0.888546 -0.417259
vn 0.200079 0.884837 -0.420751
vn 0.060307 0.902565 -0.42631
vn 0.200079 0.884837 -0.420751
vn 0.190737 0.888546 -0.417259
vn 0.229702 0.87895 -0.417951
vn 0.007405 0.07234 -0.997353
vn -0.001221 0.096194 -0.995362
vn -0.006156 0.096189 -0.995344
vn 0.007405 0.07234 -0.997353
vn -0.325302 0.000769 -0.94561
vn -0.001221 0.096194 -0.995362
vn -0.111157 0.896936 -0.42796
vn 0.060307 0.902565 -0.42631
vn -0.141106 0.894062 -0.425138
vn -0.111157 0.896936 -0.42796
vn 0.060782 0.903643 -0.423951
vn 0.060307 0.902565 -0.42631
vn 0.190737 0.888546 -0.417259
vn 0.060307 0.902565 -0.42631
vn 0.060782 0.903643 -0.423951
vn -0.141106 0.894062 -0.425138
vn -0.229716 0.878947 -0.417951
vn -0.111157 0.896936 -0.42796
vn -1.0 0.0 -0.0
vn -1.0 0.0 -0.0
vn -1.0 0.0 -0.0
vn -1.0 0.0 -0.0
vn -1.0 0.0 -0.0
vn -1.0 0.0 -0.0
vn 1.0 0.0 -0.0
vn 1.0 0.0 -0.0
vn 1.0 0.0 -0.0
vn 1.0 0.0 -0.0
vn 1.0 0.0 0.0
vn 1.0 0.0 -0.0
vn -0.481044 0.000724 -0.876696
vn -0.326676 0.000785 -0.945136
vn -0.481099 0.000735 -0.876666
vn -0.481044 0.000724 -0.876696
vn -0.480988 0.000713 -0.876727
vn -0.326676 0.000785 -0.945136
vn 0.204846 -0.883189 -0.421918
vn 0.22973 -0.878191 -0.41953
vn 0.196272 -0.88643 -0.419188
vn 0.196272 -0.88643 -0.419188
vn 0.179456 -0.890155 -0.418831
vn 0.204846 -0.883189 -0.421918
vn 0.196272 -0.88643 -0.419188
vn 0.179076 -0.892667 -0.413615
vn 0.179456 -0.890155 -0.418831
vn 0.132697 0.895061 -0.425744
vn 0.099923 0.898591 -0.427258
vn 0.22973 0.878894 -0.418054
vn 0.099923 0.898591 -0.427258
vn 0.132697 0.895061 -0.425744
vn 0.034376 0.902641 -0.42902
vn 0.099923 0.898591 -0.427258
vn 0.034376 0.902641 -0.42902
vn 0.034385 0.902812 -0.428658
vn -0.000929 0.903061 -0.429512
vn 0.034385 0.902812 -0.428658
vn 0.034376 0.902641 -0.42902
vn -0.000929 0.903061 -0.429512
vn -0.000916 0.902979 -0.429683
vn 0.034385 0.902812 -0.428658
vn -0.101183 0.898194 -0.427796
vn -0.000916 0.902979 -0.429683
vn -0.000929 0.903061 -0.429512
vn -0.101183 0.898194 -0.427796
vn -0.000929 0.903061 -0.429512
vn -0.133654 0.894944 -0.425689
vn -0.133654 0.894944 -0.425689
vn -0.229763 0.878887 -0.418051
vn -0.101183 0.898194 -0.427796
vn 0.207951 0.108195 -0.972137
vn 0.031048 0.211206 -0.976948
vn -0.010429 0.248805 -0.968497
vn -0.012542 0.183942 -0.982857
vn -0.010429 0.248805 -0.968497
vn 0.031048 0.211206 -0.976948
vn -0.012542 0.183942 -0.982857
vn 0.001098 0.079446 -0.996839
vn -0.010429 0.248805 -0.968497
vn 0.004037 0.059802 -0.998202
vn 0.001098 0.079446 -0.996839
vn -0.012542 0.183942 -0.982857
vn 0.004037 0.059802 -0.998202
vn -0.326676 0.000785 -0.945136
vn 0.001098 0.079446 -0.996839
vn 0.207951 0.108195 -0.972137
vn 0.118301 0.000832 -0.992977
vn 0.031048 0.211206 -0.976948
vn 1.0 0.0 0.0
vn 1.0 0.0 0.0
vn 1.0 0.0 -0.0
vn 1.0 0.0 0.0
vn 1.0 0.0 0.0
vn 1.0 0.0 0.0
vn -1.0 0.0 -0.0
vn -1.0 0.0 -0.0
vn -1.0 0.0 -0.0
vn -1.0 0.0 -0.0
vn -1.0 0.0 -0.0
vn -1.0 0.0 -0.0
vn -0.038047 -0.900567 -0.433049
vn -0.046438 -0.899929 -0.433557
vn -0.046465 -0.899528 -0.434385
vn -0.038047 -0.900567 -0.433049
vn -0.029644 -0.901431 -0.431907
vn -0.046438 -0.899929 -0.433557
vn -0.021257 -0.901886 -0.43145
vn -0.029644 -0.901431 -0.431907
vn -0.038047 -0.900567 -0.433049
vn -0.021257 -0.901886 -0.43145
vn -0.021256 -0.90212 -0.430961
vn -0.029644 -0.901431 -0.431907
vn -0.114144 -0.897145 0.426735
vn -0.074995 -0.900521 0.428297
vn -0.229825 -0.878874 0.418045
vn -0.074995 -0.900521 0.428297
vn -0.114144 -0.897145 0.426735
vn -0.010354 -0.903255 0.42898
vn -0.074995 -0.900521 0.428297
vn -0.010354 -0.903255 0.42898
vn -0.023831 -0.903498 0.427929
vn -0.023831 -0.903498 0.427929
vn -0.010354 -0.903255 0.42898
vn 0.020151 -0.902957 0.429258
vn -0.023831 -0.903498 0.427929
vn 0.020151 -0.902957 0.429258
vn 0.019955 -0.902694 0.429819
vn 0.128622 -0.894977 0.427168
vn 0.019955 -0.902694 0.429819
vn 0.020151 -0.902957 0.429258
vn 0.128622 -0.894977 0.427168
vn 0.020151 -0.902957 0.429258
vn 0.154301 -0.892233 0.424396
vn 0.154301 -0.892233 0.424396
vn 0.229787 -0.878883 0.418047
vn 0.128622 -0.894977 0.427168
vn 0.48098 0.000724 -0.876731
vn 0.48098 0.000724 -0.876731
vn 0.207951 0.108195 -0.972137
vn 0.48098 0.000724 -0.876731
vn 0.481036 0.000713 -0.876701
vn 0.48098 0.000724 -0.876731
vn 0.252912 -0.967489 -0.000791
vn 0.252993 -0.967468 -0.000791
vn 0.215651 -0.97647 -0.000798
vn 0.252912 -0.967489 -0.000791
vn 0.215651 -0.97647 -0.000798
vn 0.178901 -0.983864 0.002301
vn 0.178901 -0.983864 0.002301
vn 0.215651 -0.97647 -0.000798
vn 0.080885 -0.996723 0.000896
vn 0.178901 -0.983864 0.002301
vn 0.080885 -0.996723 0.000896
vn 0.02454 -0.9994 0.024443
vn -0.026131 -0.999098 0.033463
vn 0.02454 -0.9994 0.024443
vn 0.080885 -0.996723 0.000896
vn -0.026131 -0.999098 0.033463
vn -0.024533 -0.99726 0.06979
vn 0.02454 -0.9994 0.024443
vn -0.136283 -0.990523 0.017038
vn -0.024533 -0.99726 0.06979
vn -0.026131 -0.999098 0.033463
vn -0.136283 -0.990523 0.017038
vn -0.026131 -0.999098 0.033463
vn -0.134531 -0.990909 -0.00081
vn -0.253078 -0.967445 -0.000791
vn -0.136283 -0.990523 0.017038
vn -0.134531 -0.990909 -0.00081
vn -0.253078 -0.967445 -0.000791
vn -0.253092 -0.967442 -0.000791
vn -0.136283 -0.990523 0.017038
vn -0.232107 -0.012163 0.972614
vn -0.481042 -0.000724 0.876697
vn -0.481103 -0.000735 0.876664
vn -0.232107 -0.012163 0.972614
vn -0.233285 -0.000791 0.972408
vn -0.481042 -0.000724 0.876697
vn -0.232107 -0.012163 0.972614
vn 0.017085 -0.028275 0.999454
vn -0.233285 -0.000791 0.972408
vn -0.232107 -0.012163 0.972614
vn 0.017214 -0.04454 0.998859
vn 0.017085 -0.028275 0.999454
vn 0.017085 -0.028275 0.999454
vn 0.017214 -0.04454 0.998859
vn -0.036785 -0.029853 0.998877
vn 0.017085 -0.028275 0.999454
vn -0.036785 -0.029853 0.998877
vn -0.071665 -0.015296 0.997311
vn 0.091532 -0.008115 0.995769
vn -0.071665 -0.015296 0.997311
vn -0.036785 -0.029853 0.998877
vn 0.091532 -0.008115 0.995769
vn 0.297382 -0.000784 0.954758
vn -0.071665 -0.015296 0.997311
vn 0.297382 -0.000784 0.954758
vn 0.091532 -0.008115 0.995769
vn 0.480977 -0.000724 0.876733
vn 0.297382 -0.000784 0.954758
vn 0.480977 -0.000724 0.876733
vn 0.48092 -0.000735 0.876764
vn -0.152892 0.982005 0.110861
vn -0.252904 0.967491 0.000796
vn -0.252846 0.967506 0.000791
vn -0.152892 0.982005 0.110861
vn -0.117931 0.992405 -0.035006
vn -0.252904 0.967491 0.000796
vn -0.117931 0.992405 -0.035006
vn -0.152892 0.982005 0.110861
vn -0.00677 0.974445 0.224525
vn -0.117931 0.992405 -0.035006
vn -0.00677 0.974445 0.224525
vn 0.013739 0.99512 -0.097707
vn 0.013739 0.99512 -0.097707
vn -0.00677 0.974445 0.224525
vn 0.041122 0.983408 0.176683
vn 0.013739 0.99512 -0.097707
vn 0.041122 0.983408 0.176683
vn 0.05422 0.996922 -0.056626
vn 0.100168 0.990936 0.089512
vn 0.05422 0.996922 -0.056626
vn 0.041122 0.983408 0.176683
vn 0.100168 0.990936 0.089512
vn 0.183806 0.982962 0.000811
vn 0.05422 0.996922 -0.056626
vn -0.036419 0.902151 0.42988
vn -0.00677 0.974445 0.224525
vn -0.152892 0.982005 0.110861
vn -0.036419 0.902151 0.42988
vn 0.002399 0.902217 0.431275
vn -0.00677 0.974445 0.224525
vn -0.00677 0.974445 0.224525
vn 0.002399 0.902217 0.431275
vn 0.033135 0.90151 0.431489
vn -0.00677 0.974445 0.224525
vn 0.033135 0.90151 0.431489
vn 0.041122 0.983408 0.176683
vn 0.016825 0.902433 0.430501
vn 0.041122 0.983408 0.176683
vn 0.033135 0.90151 0.431489
vn 0.016825 0.902433 0.430501
vn 0.100168 0.990936 0.089512
vn 0.041122 0.983408 0.176683
vn 0.183806 0.982962 0.000811
vn 0.100168 0.990936 0.089512
vn 0.252942 0.967481 0.000796
vn 0.183806 0.982962 0.000811
vn 0.252942 0.967481 0.000796
vn 0.253022 0.96746 0.000791
vn 0.22986 0.878264 0.419305
vn 0.240319 0.875981 0.418215
vn 0.243488 0.873645 0.421257
vn 0.243488 0.873645 0.421257
vn 0.240319 0.875981 0.418215
vn 0.250283 0.871266 0.4222
vn 0.243488 0.873645 0.421257
vn 0.250283 0.871266 0.4222
vn 0.24981 0.868908 0.42731
vn -0.4771 0.126588 -0.869685
vn -0.327253 0.136107 -0.935083
vn -0.477083 0.126588 -0.869694
vn -0.4771 0.126588 -0.869685
vn -0.477117 0.126588 -0.869675
vn -0.327253 0.136107 -0.935083
vn -0.111621 0.897557 -0.426536
vn -0.229688 0.879053 -0.417742
vn -0.071656 0.900745 -0.428398
vn -0.071656 0.900745 -0.428398
vn 0.110163 0.898543 -0.424835
vn -0.111621 0.897557 -0.426536
vn 0.000706 0.12398 -0.992284
vn -0.327253 0.136107 -0.935083
vn -0.010832 0.117295 -0.993038
vn 0.000706 0.12398 -0.992284
vn -0.010832 0.117295 -0.993038
vn -0.009128 0.06961 -0.997532
vn -0.014829 0.052419 -0.998515
vn -0.009128 0.06961 -0.997532
vn -0.010832 0.117295 -0.993038
vn -0.014829 0.052419 -0.998515
vn 0.004284 0.000813 -0.99999
vn -0.009128 0.06961 -0.997532
vn -0.071656 0.900745 -0.428398
vn 0.110462 0.899375 -0.422994
vn 0.110163 0.898543 -0.424835
vn 0.217305 0.882846 -0.416367
vn 0.110163 0.898543 -0.424835
vn 0.110462 0.899375 -0.422994
vn 0.217305 0.882846 -0.416367
vn 0.220094 0.881002 -0.418802
vn 0.110163 0.898543 -0.424835
vn 0.220094 0.881002 -0.418802
vn 0.217305 0.882846 -0.416367
vn 0.229631 0.879014 -0.417857
vn 0.481208 0.000713 -0.876606
vn 0.481208 0.000713 -0.876606
vn 0.481208 0.000713 -0.876606
vn 0.481208 0.000713 -0.876606
vn 0.481208 0.000713 -0.876606
vn 0.481208 0.000713 -0.876606
vn 0.018643 -0.902348 -0.430604
vn 0.018289 -0.902312 -0.430696
vn 0.018637 -0.902426 -0.430443
vn 0.018643 -0.902348 -0.430604
vn 0.018292 -0.902269 -0.430785
vn 0.018289 -0.902312 -0.430696
vn 0.017936 -0.902275 -0.430789
vn 0.018289 -0.902312 -0.430696
vn 0.018292 -0.902269 -0.430785
vn 0.017936 -0.902275 -0.430789
vn 0.017935 -0.902282 -0.430773
vn 0.018289 -0.902312 -0.430696
vn 0.252848 -0.967506 -0.000807
vn 0.252788 -0.967521 -0.000813
vn 0.175858 -0.984415 -0.000819
vn 0.252848 -0.967506 -0.000807
vn 0.175858 -0.984415 -0.000819
vn 0.09731 -0.995254 -0.000815
vn 0.09731 -0.995254 -0.000815
vn 0.175858 -0.984415 -0.000819
vn 0.018249 -0.999833 -0.000818
vn 0.09731 -0.995254 -0.000815
vn 0.018249 -0.999833 -0.000818
vn 0.018255 -0.999833 -0.000818
vn -0.118585 -0.992944 -0.000814
vn 0.018255 -0.999833 -0.000818
vn 0.018249 -0.999833 -0.000818
vn -0.118585 -0.992944 -0.000814
vn 0.018249 -0.999833 -0.000818
vn -0.118475 -0.992957 -0.000801
vn -0.252854 -0.967504 -0.000791
vn -0.118585 -0.992944 -0.000814
vn -0.118475 -0.992957 -0.000801
vn -0.252854 -0.967504 -0.000791
vn -0.25307 -0.967448 -0.000802
vn -0.118585 -0.992944 -0.000814
vn 1.0 0.0 0.0
vn 1.0 0.0 0.0
vn 1.0 0.0 -0.0
vn 1.0 0.0 0.0
vn 1.0 0.0 0.0
vn 1.0 0.0 0.0
vn -1.0 0.0 0.0
vn -1.0 0.0 0.0
vn -1.0 0.0 -0.0
vn -1.0 0.0 0.0
vn -1.0 0.0 0.0
vn -1.0 0.0 0.0
vn 0.123069 -0.896182 0.426277
vn 0.229763 -0.878887 0.41805
vn 0.087 -0.899657 0.427841
vn 0.087 -0.899657 0.427841
vn 0.014659 -0.903043 0.4293
vn 0.123069 -0.896182 0.426277
vn 0.087 -0.899657 0.427841
vn 0.014663 -0.903059 0.429267
vn 0.014659 -0.903043 0.4293
vn -0.067325 -0.901138 0.428272
vn 0.014659 -0.903043 0.4293
vn 0.014663 -0.903059 0.429267
vn -0.067325 -0.901138 0.428272
vn -0.108319 -0.897887 0.426692
vn 0.014659 -0.903043 0.4293
vn -0.108319 -0.897887 0.426692
vn -0.067325 -0.901138 0.428272
vn -0.229387 -0.879118 0.417773
vn -0.246523 -0.129372 0.960463
vn -0.477143 -0.126588 0.869661
vn -0.477188 -0.126588 0.869636
vn -0.246523 -0.129372 0.960463
vn -0.24571 -0.139622 0.959235
vn -0.477143 -0.126588 0.869661
vn -0.246523 -0.129372 0.960463
vn 0.013959 -0.088531 0.995976
vn -0.24571 -0.139622 0.959235
vn -0.246523 -0.129372 0.960463
vn -0.002302 -0.104325 0.994541
vn 0.013959 -0.088531 0.995976
vn 0.18424 -0.036233 0.982213
vn 0.013959 -0.088531 0.995976
vn -0.002302 -0.104325 0.994541
vn 0.18424 -0.036233 0.982213
vn 0.348088 -0.000763 0.937461
vn 0.013959 -0.088531 0.995976
vn 0.348088 -0.000763 0.937461
vn 0.18424 -0.036233 0.982213
vn 0.481095 -0.000713 0.876668
vn 0.348088 -0.000763 0.937461
vn 0.481095 -0.000713 0.876668
vn 0.481097 -0.000713 0.876667
vn -0.124849 0.98591 0.111327
vn -0.252901 0.967492 0.00078
vn -0.252864 0.967501 0.00078
vn -0.124849 0.98591 0.111327
vn -0.078279 0.996931 0.000384
vn -0.252901 0.967492 0.00078
vn -0.078279 0.996931 0.000384
vn -0.124849 0.98591 0.111327
vn 0.059812 0.981886 0.179782
vn -0.078279 0.996931 0.000384
vn 0.059812 0.981886 0.179782
vn 0.174353 0.984673 0.004438
vn 0.254146 0.967154 0.00482
vn 0.174353 0.984673 0.004438
vn 0.059812 0.981886 0.179782
vn 0.254146 0.967154 0.00482
vn 0.254777 0.966999 0.000794
vn 0.174353 0.984673 0.004438
vn 0.254777 0.966999 0.000794
vn 0.254146 0.967154 0.00482
vn 0.252883 0.967496 0.000796
vn 0.254777 0.966999 0.000794
vn 0.252883 0.967496 0.000796
vn 0.252826 0.967511 0.000802
vn 0.009948 0.902608 0.430349
vn 0.059812 0.981886 0.179782
vn -0.124849 0.98591 0.111327
vn 0.009948 0.902608 0.430349
vn 0.009948 0.902885 0.429768
vn 0.059812 0.981886 0.179782
vn -0.25297 -0.967474 -0.00078
vn -0.252994 -0.967467 -0.00078
vn -0.127526 -0.991835 -0.0008
vn -0.25297 -0.967474 -0.00078
vn -0.127526 -0.991835 -0.0008
vn -0.127514 -0.991836 -0.0008
vn -0.127526 -0.991835 -0.0008
vn 0.0 -1.0 -0.000806
vn -0.127514 -0.991836 -0.0008
vn -0.127526 -0.991835 -0.0008
vn -0.0 -1.0 -0.000806
vn 0.0 -1.0 -0.000806
vn 0.084993 -0.996381 -0.000803
vn 0.0 -1.0 -0.000806
vn -0.0 -1.0 -0.000806
vn 0.084993 -0.996381 -0.000803
vn 0.16993 -0.985456 -0.000795
vn 0.0 -1.0 -0.000806
vn 0.253045 -0.967454 -0.00078
vn 0.16993 -0.985456 -0.000795
vn 0.084993 -0.996381 -0.000803
vn 0.253045 -0.967454 -0.00078
vn 0.252963 -0.967476 -0.00078
vn 0.16993 -0.985456 -0.000795
vn -0.175659 0.984451 0.000794
vn -0.252961 0.967476 0.00078
vn -0.252942 0.967481 0.00078
vn -0.175659 0.984451 0.000794
vn -0.096658 0.995318 0.00002
vn -0.252961 0.967476 0.00078
vn -0.096658 0.995318 0.00002
vn -0.175659 0.984451 0.000794
vn 0.006746 0.999974 0.002532
vn -0.096658 0.995318 0.00002
vn 0.006746 0.999974 0.002532
vn 0.031402 0.999504 0.002535
vn 0.055787 0.998432 0.004563
vn 0.031402 0.999504 0.002535
vn 0.006746 0.999974 0.002532
vn 0.055787 0.998432 0.004563
vn 0.05618 0.99842 0.000816
vn 0.031402 0.999504 0.002535
vn 0.25284 0.967508 0.000786
vn 0.25284 0.967508 0.000786
vn 0.252962 0.967476 0.00078
vn 0.25284 0.967508 0.000786
vn 0.252718 0.96754 0.000791
vn 0.25284 0.967508 0.000786
vn 0.333758 -0.000767 0.942659
vn 0.481032 -0.000713 0.876703
vn 0.481034 -0.000713 0.876702
vn 0.333758 -0.000767 0.942659
vn 0.169434 -0.040146 0.984724
vn 0.481032 -0.000713 0.876703
vn 0.169434 -0.040146 0.984724
vn 0.333758 -0.000767 0.942659
vn 0.002603 -0.082252 0.996608
vn 0.169434 -0.040146 0.984724
vn 0.002603 -0.082252 0.996608
vn 0.0 -0.115477 0.99331
vn -0.247934 -0.098647 0.963741
vn 0.0 -0.115477 0.99331
vn 0.002603 -0.082252 0.996608
vn -0.077021 -0.900518 0.427943
vn -0.0 -0.903201 0.429218
vn -0.0 -0.903201 0.429218
vn 0.077032 -0.900517 0.427942
vn -0.0 -0.903201 0.429218
vn -0.0 -0.903201 0.429218
vn 0.077032 -0.900517 0.427942
vn -0.0 -0.903201 0.429218
vn 0.115635 -0.897142 0.426338
vn 0.115635 -0.897142 0.426338
vn 0.229719 -0.879047 0.417739
vn 0.077032 -0.900517 0.427942
vn -0.247934 -0.098647 0.963741
vn 0.002603 -0.082252 0.996608
vn -0.248465 -0.093824 0.964086
vn -0.247934 -0.098647 0.963741
vn -0.248465 -0.093824 0.964086
vn -0.479328 -0.085016 0.873509
vn -0.247934 -0.098647 0.963741
vn -0.479328 -0.085016 0.873509
vn -0.479393 -0.08502 0.873472
vn -0.115619 -0.897144 0.426339
vn -0.077021 -0.900518 0.427943
vn -0.229687 -0.879053 0.417743
vn -0.077021 -0.900518 0.427943
vn -0.115619 -0.897144 0.426339
vn -0.0 -0.903201 0.429218
vn -0.088936 0.899227 0.428348
vn 0.018792 0.901796 0.431753
vn -0.017782 0.902285 0.430774
vn -0.088936 0.899227 0.428348
vn 0.018754 0.901297 0.432795
vn 0.018792 0.901796 0.431753
vn 0.055354 0.899535 0.433327
vn 0.018792 0.901796 0.431753
vn 0.018754 0.901297 0.432795
vn 0.055354 0.899535 0.433327
vn 0.055417 0.901092 0.430072
vn 0.018792 0.901796 0.431753
vn -0.122641 0.896229 -0.4263
vn -0.229828 0.878873 -0.418045
vn -0.086395 0.899463 -0.428371
vn -0.086395 0.899463 -0.428371
vn 0.015644 0.903374 -0.428568
vn -0.122641 0.896229 -0.4263
vn 0.001165 0.106196 -0.994345
vn 0.00233 0.096892 -0.995292
vn -0.001374 0.109322 -0.994006
vn 0.001165 0.106196 -0.994345
vn -0.001374 0.109322 -0.994006
vn -0.002154 0.077404 -0.996997
vn -0.003231 0.058287 -0.998295
vn -0.002154 0.077404 -0.996997
vn -0.001374 0.109322 -0.994006
vn -0.003231 0.058287 -0.998295
vn -0.0 0.000813 -1.0
vn -0.002154 0.077404 -0.996997
vn -0.086395 0.899463 -0.428371
vn 0.015683 0.903734 -0.427807
vn 0.015644 0.903374 -0.428568
vn 0.107183 0.898686 -0.425294
vn 0.015644 0.903374 -0.428568
vn 0.015683 0.903734 -0.427807
vn 0.107183 0.898686 -0.425294
vn 0.138083 0.894548 -0.425107
vn 0.015644 0.903374 -0.428568
vn 0.138083 0.894548 -0.425107
vn 0.107183 0.898686 -0.425294
vn 0.229768 0.879035 -0.417736
vn -0.479385 0.085021 -0.873477
vn -0.479385 0.085021 -0.873477
vn -0.479497 0.085027 -0.873415
vn -0.479385 0.085021 -0.873477
vn -0.479274 0.085014 -0.873538
vn -0.479385 0.085021 -0.873477
vn 0.481144 0.000713 -0.876641
vn 0.481144 0.000713 -0.876641
vn 0.481143 0.000713 -0.876642
vn 0.481144 0.000713 -0.876641
vn 0.481144 0.000713 -0.876641
vn 0.481144 0.000713 -0.876641
vn -0.0 -0.902376 -0.43095
vn 0.0 -0.902376 -0.43095
vn 0.0 -0.902376 -0.430951
vn -0.0 -0.902376 -0.43095
vn 0.0 -0.902376 -0.43095
vn 0.0 -0.902376 -0.43095
vn 0.0 -0.902376 -0.43095
vn 0.0 -0.902376 -0.43095
vn 0.0 -0.902376 -0.43095
vn 0.0 -0.902376 -0.43095
vn 0.0 -0.902376 -0.43095
vn 0.0 -0.902376 -0.43095
vn 1.0 0.0 0.0
vn 1.0 0.0 0.0
vn 1.0 0.0 0.0
vn 1.0 0.0 0.0
vn 1.0 0.0 0.0
vn 1.0 0.0 0.0
vn -1.0 0.0 0.0
vn -1.0 0.0 0.0
vn -1.0 0.0 0.0
vn -1.0 0.0 0.0
vn -1.0 0.0 0.0
vn -1.0 0.0 0.0
vn 0.016836 -0.902831 -0.429667
vn 0.033666 -0.902822 -0.428694
vn 0.033678 -0.903294 -0.427698
vn 0.016836 -0.902831 -0.429667
vn 0.016829 -0.902594 -0.430164
vn 0.033666 -0.902822 -0.428694
vn 0.000001 -0.902582 -0.430518
vn 0.016829 -0.902594 -0.430164
vn 0.016836 -0.902831 -0.429667
vn 0.000001 -0.902582 -0.430518
vn 0.016836 -0.902831 -0.429667
vn 0.0 -0.902582 -0.430518
vn 0.155631 0.073657 -0.985065
vn 0.0 0.000838 -1.0
vn -0.009977 0.142244 -0.989781
vn 0.155631 0.073657 -0.985065
vn -0.009977 0.142244 -0.989781
vn -0.005773 0.182709 -0.98315
vn 0.15462 0.880974 -0.447189
vn 0.17575 0.889142 -0.422538
vn 0.067916 0.877326 -0.475064
vn 0.17575 0.889142 -0.422538
vn 0.15462 0.880974 -0.447189
vn 0.229593 0.879073 -0.417753
vn -0.005773 0.182709 -0.98315
vn -0.009977 0.142244 -0.989781
vn -0.003126 0.153554 -0.988135
vn -0.005773 0.182709 -0.98315
vn -0.003126 0.153554 -0.988135
vn 0.002785 0.083198 -0.996529
vn 0.016285 0.877731 -0.478877
vn 0.067916 0.877326 -0.475064
vn -0.032354 0.891759 -0.451352
vn 0.15462 0.880974 -0.447189
vn 0.067916 0.877326 -0.475064
vn 0.016285 0.877731 -0.478877
vn -0.002074 0.062778 -0.998025
vn 0.002785 0.083198 -0.996529
vn -0.003126 0.153554 -0.988135
vn -0.002074 0.062778 -0.998025
vn -0.324383 0.000785 -0.945925
vn 0.002785 0.083198 -0.996529
vn -0.099026 0.897345 -0.430077
vn -0.032354 0.891759 -0.451352
vn -0.132024 0.895295 -0.425461
vn -0.099026 0.897345 -0.430077
vn -0.033025 0.898447 -0.437838
vn -0.032354 0.891759 -0.451352
vn 0.016285 0.877731 -0.478877
vn -0.032354 0.891759 -0.451352
vn -0.033025 0.898447 -0.437838
vn -0.132024 0.895295 -0.425461
vn -0.229613 0.879069 -0.41775
vn -0.099026 0.897345 -0.430077
vn 0.164705 0.98634 0.002462
vn 0.223776 0.97464 0.000797
vn 0.095162 0.99546 0.001622
vn 0.164705 0.98634 0.002462
vn 0.095162 0.99546 0.001622
vn 0.008393 0.991486 0.129941
vn 0.008393 0.991486 0.129941
vn 0.095162 0.99546 0.001622
vn -0.045362 0.998971 0.000454
vn 0.008393 0.991486 0.129941
vn -0.045362 0.998971 0.000454
vn -0.044582 0.963054 0.265592
vn -0.041542 0.88204 0.469341
vn 0.008393 0.991486 0.129941
vn -0.044582 0.963054 0.265592
vn -0.041542 0.88204 0.469341
vn -0.044582 0.963054 0.265592
vn -0.042034 0.897816 0.438359
vn -0.042228 0.899776 0.434303
vn -0.042034 0.897816 0.438359
vn -0.044582 0.963054 0.265592
vn -0.042228 0.899776 0.434303
vn -0.044582 0.963054 0.265592
vn -0.151984 0.982155 0.11078
vn -0.11509 0.993355 0.000781
vn -0.044582 0.963054 0.265592
vn -0.045362 0.998971 0.000454
vn -0.11509 0.993355 0.000781
vn -0.151984 0.982155 0.11078
vn -0.044582 0.963054 0.265592
vn -0.151984 0.982155 0.11078
vn -0.11509 0.993355 0.000781
vn -0.252862 0.967502 0.000791
vn -0.151984 0.982155 0.11078
vn -0.252862 0.967502 0.000791
vn -0.252905 0.967491 0.000791
vn -0.214954 -0.878451 -0.426753
vn -0.207552 -0.878362 -0.430583
vn -0.207301 -0.873744 -0.439997
vn -0.214954 -0.878451 -0.426753
vn -0.21876 -0.880721 -0.42009
vn -0.207552 -0.878362 -0.430583
vn -0.214954 -0.878451 -0.426753
vn -0.229712 -0.878446 -0.419005
vn -0.21876 -0.880721 -0.42009
vn 0.150702 0.873985 0.461994
vn 0.150702 0.873985 0.461994
vn 0.14742 0.85472 0.497717
vn 0.150702 0.873985 0.461994
vn 0.21682 0.932752 0.288034
vn 0.150702 0.873985 0.461994
vn 0.33299 -0.000767 0.94293
vn 0.481095 -0.000713 0.876668
vn 0.481096 -0.000713 0.876668
vn 0.33299 -0.000767 0.94293
vn 0.168343 -0.012011 0.985655
vn 0.481095 -0.000713 0.876668
vn 0.168343 -0.012011 0.985655
vn 0.33299 -0.000767 0.94293
vn 0.002948 -0.02262 0.99974
vn 0.168343 -0.012011 0.985655
vn 0.002948 -0.02262 0.99974
vn -0.001923 -0.05433 0.998521
vn -0.001923 -0.05433 0.998521
vn 0.002948 -0.02262 0.99974
vn 0.005418 -0.056747 0.998374
vn -0.001923 -0.05433 0.998521
vn 0.005418 -0.056747 0.998374
vn 0.012848 -0.096235 0.995276
vn -0.241903 -0.025567 0.969964
vn 0.012848 -0.096235 0.995276
vn 0.005418 -0.056747 0.998374
vn -0.241903 -0.025567 0.969964
vn 0.005418 -0.056747 0.998374
vn -0.249665 -0.000788 0.968332
vn -0.241903 -0.025567 0.969964
vn -0.249665 -0.000788 0.968332
vn -0.481097 -0.000713 0.876667
vn -0.241903 -0.025567 0.969964
vn -0.481097 -0.000713 0.876667
vn -0.481102 -0.000713 0.876664
vn 0.223776 0.97464 0.000797
vn 0.252821 0.967513 0.000791
vn 0.252778 0.967524 0.000791
vn 0.223776 0.97464 0.000797
vn 0.21682 0.932752 0.288034
vn 0.252821 0.967513 0.000791
vn -0.252885 -0.967496 -0.000791
vn -0.25286 -0.967503 -0.000791
vn -0.233557 -0.972327 -0.00564
vn -0.252885 -0.967496 -0.000791
vn -0.233557 -0.972327 -0.00564
vn -0.23624 -0.971695 -0.000794
vn -0.233557 -0.972327 -0.00564
vn -0.091045 -0.995836 -0.004739
vn -0.23624 -0.971695 -0.000794
vn -0.233557 -0.972327 -0.00564
vn -0.08825 -0.996058 -0.009
vn -0.091045 -0.995836 -0.004739
vn 0.0223 -0.999751 0.000448
vn -0.091045 -0.995836 -0.004739
vn -0.08825 -0.996058 -0.009
vn 0.0223 -0.999751 0.000448
vn 0.011115 -0.999938 -0.000594
vn -0.091045 -0.995836 -0.004739
vn 0.084899 -0.996389 -0.000815
vn 0.011115 -0.999938 -0.000594
vn 0.0223 -0.999751 0.000448
vn 0.084899 -0.996389 -0.000815
vn 0.169817 -0.985475 -0.000806
vn 0.011115 -0.999938 -0.000594
vn 0.252879 -0.967498 -0.000791
vn 0.169817 -0.985475 -0.000806
vn 0.084899 -0.996389 -0.000815
vn 0.252879 -0.967498 -0.000791
vn 0.252906 -0.96749 -0.000791
vn 0.169817 -0.985475 -0.000806
vn 0.481147 0.000724 -0.87664
vn 0.481147 0.000724 -0.87664
vn 0.155631 0.073657 -0.985065
vn 0.481147 0.000724 -0.87664
vn 0.4812 0.000713 -0.87661
vn 0.481147 0.000724 -0.87664
vn -0.481155 0.000724 -0.876635
vn -0.324383 0.000785 -0.945925
vn -0.481208 0.000735 -0.876606
vn -0.481155 0.000724 -0.876635
vn -0.481102 0.000713 -0.876664
vn -0.324383 0.000785 -0.945925
vn -0.203862 -0.884082 0.420522
vn -0.195913 -0.88738 0.417344
vn -0.229728 -0.878895 0.418054
vn -0.195913 -0.88738 0.417344
vn -0.203862 -0.884082 0.420522
vn -0.110881 -0.899125 0.423415
vn -0.195913 -0.88738 0.417344
vn -0.110881 -0.899125 0.423415
vn -0.042345 -0.903818 0.425816
vn 0.013388 -0.90277 0.429914
vn -0.042345 -0.903818 0.425816
vn -0.110881 -0.899125 0.423415
vn 0.013388 -0.90277 0.429914
vn 0.013393 -0.902868 0.429709
vn -0.042345 -0.903818 0.425816
vn 0.077035 -0.900363 0.428266
vn 0.013393 -0.902868 0.429709
vn 0.013388 -0.90277 0.429914
vn 0.077035 -0.900363 0.428266
vn 0.013388 -0.90277 0.429914
vn 0.115639 -0.896988 0.426661
vn 0.115639 -0.896988 0.426661
vn 0.229726 -0.878895 0.418055
vn 0.077035 -0.900363 0.428266
vn 1.0 0.0 0.0
vn 1.0 0.0 0.0
vn 1.0 0.0 -0.0
vn 1.0 0.0 0.0
vn 1.0 0.0 0.0
vn 1.0 0.0 0.0
vn -1.0 0.0 -0.0
vn -1.0 0.0 -0.0
vn -1.0 0.0 -0.0
vn -1.0 0.0 -0.0
vn -1.0 0.0 -0.0
vn -1.0 0.0 -0.0
vn 0.158888 0.891574 -0.424088
vn 0.135196 0.895874 -0.42324
vn 0.229675 0.878904 -0.418063
vn 0.135196 0.895874 -0.42324
vn 0.158888 0.891574 -0.424088
vn 0.058636 0.9024 -0.426892
vn 0.135196 0.895874 -0.42324
vn 0.058636 0.9024 -0.426892
vn 0.02978 0.903597 -0.427346
vn -0.069442 0.899392 -0.431592
vn 0.02978 0.903597 -0.427346
vn 0.058636 0.9024 -0.426892
vn -0.069442 0.899392 -0.431592
vn -0.069162 0.898247 -0.434015
vn 0.02978 0.903597 -0.427346
vn -0.169618 0.888165 -0.427076
vn -0.069162 0.898247 -0.434015
vn -0.069442 0.899392 -0.431592
vn -0.169618 0.888165 -0.427076
vn -0.069442 0.899392 -0.431592
vn -0.184997 0.887459 -0.422129
vn -0.184997 0.887459 -0.422129
vn -0.229727 0.878895 -0.418055
vn -0.169618 0.888165 -0.427076
vn -0.001587 0.109317 -0.994006
vn 0.011571 0.075989 -0.997042
vn -0.004365 0.105547 -0.994405
vn 0.017415 0.056646 -0.998242
vn 0.011571 0.075989 -0.997042
vn -0.001587 0.109317 -0.994006
vn 0.017415 0.056646 -0.998242
vn 0.04056 0.000813 -0.999177
vn 0.011571 0.075989 -0.997042
vn -0.001587 0.109317 -0.994006
vn -0.004365 0.105547 -0.994405
vn -0.00365 0.067721 -0.997698
vn -0.006049 0.05095 -0.998683
vn -0.00365 0.067721 -0.997698
vn -0.004365 0.105547 -0.994405
vn -0.006049 0.05095 -0.998683
vn 0.002046 0.000813 -0.999998
vn -0.00365 0.067721 -0.997698
vn -0.201856 0.979411 -0.003002
vn -0.072006 0.981936 0.174975
vn -0.173054 0.984855 -0.010596
vn -0.201856 0.979411 -0.003002
vn -0.228437 0.973558 0.000796
vn -0.072006 0.981936 0.174975
vn -0.228437 0.973558 0.000796
vn -0.201856 0.979411 -0.003002
vn -0.252817 0.967514 0.000791
vn -0.228437 0.973558 0.000796
vn -0.252817 0.967514 0.000791
vn -0.252791 0.967521 0.000791
vn 1.0 0.0 0.0
vn 1.0 0.0 0.0
vn 1.0 0.0 -0.0
vn 1.0 0.0 0.0
vn 1.0 0.0 0.0
vn 1.0 0.0 0.0
vn -1.0 0.0 -0.0
vn -1.0 0.0 -0.0
vn -1.0 0.0 -0.0
vn -1.0 0.0 -0.0
vn -1.0 0.0 -0.0
vn -1.0 0.0 -0.0
vn -0.072006 0.981936 0.174975
vn 0.000723 0.902367 0.430968
vn 0.000728 0.902898 0.429853
vn -0.072006 0.981936 0.174975
vn 0.000728 0.902898 0.429853
vn 0.054553 0.973354 0.222725
vn 0.00085 1.0 -0.000352
vn -0.072006 0.981936 0.174975
vn 0.054553 0.973354 0.222725
vn 0.00085 1.0 -0.000352
vn 0.054553 0.973354 0.222725
vn 0.071698 0.997422 0.003132
vn 0.145982 0.982898 0.11225
vn 0.071698 0.997422 0.003132
vn 0.054553 0.973354 0.222725
vn 0.145982 0.982898 0.11225
vn 0.205183 0.978723 0.0008
vn 0.071698 0.997422 0.003132
vn 0.205183 0.978723 0.0008
vn 0.145982 0.982898 0.11225
vn 0.252893 0.967494 0.000791
vn 0.205183 0.978723 0.0008
vn 0.252893 0.967494 0.000791
vn 0.252897 0.967493 0.000791
vn 0.105429 0.895769 0.431837
vn 0.145982 0.982898 0.11225
vn 0.054553 0.973354 0.222725
vn 0.105429 0.895769 0.431837
vn 0.054553 0.973354 0.222725
vn 0.105286 0.894088 0.435341
vn -0.04914 -0.901022 -0.430981
vn -0.049136 -0.901337 -0.430322
vn -0.029816 -0.901834 -0.431054
vn -0.04914 -0.901022 -0.430981
vn -0.029816 -0.901834 -0.431054
vn -0.010474 -0.902203 -0.431185
vn -0.010474 -0.902203 -0.431185
vn -0.029816 -0.901834 -0.431054
vn 0.008866 -0.902431 -0.430742
vn -0.010474 -0.902203 -0.431185
vn 0.008866 -0.902431 -0.430742
vn 0.008866 -0.902445 -0.430714
vn 0.008865 -0.902418 -0.43077
vn 0.008866 -0.902445 -0.430714
vn 0.008866 -0.902431 -0.430742
vn 0.008865 -0.902418 -0.43077
vn 0.008866 -0.902431 -0.430742
vn 0.008865 -0.902392 -0.430825
vn -0.196463 0.885561 0.420932
vn -0.17989 0.88976 0.419483
vn -0.179754 0.888783 0.421607
vn -0.196463 0.885561 0.420932
vn -0.179754 0.888783 0.421607
vn -0.20473 0.883363 0.42161
vn -0.22971 0.878346 0.419216
vn -0.196463 0.885561 0.420932
vn -0.20473 0.883363 0.42161
vn 0.337444 -0.000766 0.941345
vn 0.481206 -0.000713 0.876607
vn 0.481204 -0.000713 0.876608
vn 0.337444 -0.000766 0.941345
vn 0.172954 -0.035384 0.984294
vn 0.481206 -0.000713 0.876607
vn 0.172954 -0.035384 0.984294
vn 0.337444 -0.000766 0.941345
vn 0.007803 -0.06814 0.997645
vn 0.172954 -0.035384 0.984294
vn 0.007803 -0.06814 0.997645
vn -0.000686 -0.106111 0.994354
vn -0.00926 -0.082524 0.996546
vn -0.000686 -0.106111 0.994354
vn 0.007803 -0.06814 0.997645
vn -0.00926 -0.082524 0.996546
vn 0.002482 -0.11359 0.993525
vn -0.000686 -0.106111 0.994354
vn -0.008874 -0.903583 0.428321
vn 0.007073 -0.903088 0.429397
vn 0.007071 -0.903111 0.429349
vn 0.08168 -0.900195 0.427759
vn 0.007071 -0.903111 0.429349
vn 0.007073 -0.903088 0.429397
vn 0.08168 -0.900195 0.427759
vn 0.007073 -0.903088 0.429397
vn 0.119049 -0.896829 0.426057
vn 0.119049 -0.896829 0.426057
vn 0.229522 -0.87914 0.417652
vn 0.08168 -0.900195 0.427759
vn -0.257445 -0.029509 0.965842
vn 0.002482 -0.11359 0.993525
vn -0.00926 -0.082524 0.996546
vn -0.257445 -0.029509 0.965842
vn -0.00926 -0.082524 0.996546
vn -0.268707 -0.000783 0.963222
vn -0.257445 -0.029509 0.965842
vn -0.268707 -0.000783 0.963222
vn -0.481213 -0.000713 0.876604
vn -0.257445 -0.029509 0.965842
vn -0.481213 -0.000713 0.876604
vn -0.481211 -0.000713 0.876605
vn -0.008874 -0.903583 0.428321
vn -0.024759 -0.903381 0.428123
vn 0.007073 -0.903088 0.429397
vn -0.104037 -0.898868 0.425691
vn -0.024759 -0.903381 0.428123
vn -0.008874 -0.903583 0.428321
vn -0.104037 -0.898868 0.425691
vn -0.135663 -0.894902 0.425143
vn -0.024759 -0.903381 0.428123
vn -0.135663 -0.894902 0.425143
vn -0.104037 -0.898868 0.425691
vn -0.22952 -0.879139 0.417655
vn -0.252846 -0.967506 -0.000791
vn -0.252969 -0.967474 -0.000802
vn -0.152118 -0.988361 -0.001616
vn -0.252846 -0.967506 -0.000791
vn -0.152118 -0.988361 -0.001616
vn -0.152391 -0.98832 -0.000797
vn -0.152118 -0.988361 -0.001616
vn -0.020486 -0.999789 -0.001436
vn -0.152391 -0.98832 -0.000797
vn -0.152118 -0.988361 -0.001616
vn -0.020135 -0.999795 -0.002133
vn -0.020486 -0.999789 -0.001436
vn -0.020486 -0.999789 -0.001436
vn -0.020135 -0.999795 -0.002133
vn 0.008833 -0.999961 -0.000522
vn -0.020486 -0.999789 -0.001436
vn 0.008833 -0.999961 -0.000522
vn 0.008818 -0.999961 -0.000716
vn 0.090857 -0.995864 -0.000757
vn 0.008818 -0.999961 -0.000716
vn 0.008833 -0.999961 -0.000522
vn 0.090857 -0.995864 -0.000757
vn 0.172714 -0.984972 -0.000802
vn 0.008818 -0.999961 -0.000716
vn 0.252918 -0.967487 -0.000791
vn 0.172714 -0.984972 -0.000802
vn 0.090857 -0.995864 -0.000757
vn 0.252918 -0.967487 -0.000791
vn 0.252762 -0.967528 -0.000802
vn 0.172714 -0.984972 -0.000802
vn 0.481092 0.000713 -0.87667
vn 0.481092 0.000713 -0.87667
vn 0.481089 0.000713 -0.876671
vn 0.481092 0.000713 -0.87667
vn 0.481096 0.000713 -0.876668
vn 0.481092 0.000713 -0.87667
vn -0.481096 0.000713 -0.876668
vn -0.481096 0.000713 -0.876668
vn -0.481096 0.000713 -0.876667
vn -0.481096 0.000713 -0.876668
vn -0.481095 0.000713 -0.876668
vn -0.481096 0.000713 -0.876668
vn -0.001994 0.065989 -0.997818
vn -0.001994 0.065989 -0.997818
vn -0.003979 0.130884 -0.99139
vn -0.001994 0.065989 -0.997818
vn -0.329858 0.000775 -0.94403
vn -0.001994 0.065989 -0.997818
vn -0.077073 0.90036 -0.428265
vn 0.07708 0.90036 -0.428265
vn -0.115697 0.896982 -0.426659
vn -0.077073 0.90036 -0.428265
vn 0.115707 0.896981 -0.426657
vn 0.07708 0.90036 -0.428265
vn 0.07708 0.90036 -0.428265
vn 0.115707 0.896981 -0.426657
vn 0.229859 0.878867 -0.41804
vn -0.115697 0.896982 -0.426659
vn -0.22984 0.87887 -0.418044
vn -0.077073 0.90036 -0.428265
vn -0.0 0.902324 0.431059
vn -0.0 0.902324 0.431059
vn 0.052072 0.982648 0.178021
vn -0.0 0.902324 0.431059
vn 0.052072 0.982648 0.178021
vn -0.129888 0.985263 0.111292
vn -0.0 1.0 0.000818
vn -0.129888 0.985263 0.111292
vn 0.052072 0.982648 0.178021
vn -0.0 1.0 0.000818
vn 0.052072 0.982648 0.178021
vn 0.16985 0.98547 0.000802
vn 0.16985 0.98547 0.000802
vn 0.052072 0.982648 0.178021
vn 0.252927 0.967485 0.000785
vn 0.16985 0.98547 0.000802
vn 0.252927 0.967485 0.000785
vn 0.252972 0.967473 0.00078
vn 0.247946 -0.093409 0.96426
vn 0.477961 -0.114957 0.870826
vn 0.477956 -0.114958 0.870829
vn 0.247946 -0.093409 0.96426
vn 0.248526 -0.126768 0.960294
vn 0.477961 -0.114957 0.870826
vn 0.229767 -0.879086 0.417629
vn 0.229767 -0.879086 0.417629
vn 0.055466 -0.901793 0.428594
vn -0.24772 -0.034429 0.96822
vn 0.248526 -0.126768 0.960294
vn 0.247946 -0.093409 0.96426
vn 0.055466 -0.901793 0.428594
vn -0.131729 -0.895177 0.425799
vn -0.098597 -0.898715 0.427305
vn 0.055466 -0.901793 0.428594
vn -0.098597 -0.898715 0.427305
vn -0.032335 -0.90278 0.428886
vn -0.24772 -0.034429 0.96822
vn 0.247946 -0.093409 0.96426
vn -0.248327 -0.000812 0.968676
vn -0.24772 -0.034429 0.96822
vn -0.248327 -0.000812 0.968676
vn -0.481043 -0.000724 0.876696
vn -0.24772 -0.034429 0.96822
vn -0.481043 -0.000724 0.876696
vn -0.480989 -0.000713 0.876726
vn -0.098597 -0.898715 0.427305
vn -0.131729 -0.895177 0.425799
vn -0.229825 -0.878874 0.418045
vn -0.129888 0.985263 0.111292
vn -0.252936 0.967483 0.000786
vn -0.252891 0.967495 0.00078
vn -0.129888 0.985263 0.111292
vn -0.252982 0.967471 0.000791
vn -0.252936 0.967483 0.000786
vn -0.253007 -0.967464 -0.000791
vn -0.253004 -0.967465 -0.000791
vn -0.147471 -0.989066 -0.000809
vn -0.253007 -0.967464 -0.000791
vn -0.147471 -0.989066 -0.000809
vn -0.147473 -0.989066 -0.000809
vn -0.147471 -0.989066 -0.000809
vn 0.107524 -0.994202 -0.00081
vn -0.147473 -0.989066 -0.000809
vn -0.147471 -0.989066 -0.000809
vn 0.107503 -0.994204 -0.000813
vn 0.107524 -0.994202 -0.00081
vn 0.252921 -0.967487 -0.000786
vn 0.107524 -0.994202 -0.00081
vn 0.107503 -0.994204 -0.000813
vn 0.252921 -0.967487 -0.000786
vn 0.252961 -0.967476 -0.00078
vn 0.107524 -0.994202 -0.00081
vn -0.040307 -0.901668 -0.430546
vn -0.040307 -0.901668 -0.430546
vn -0.040309 -0.901745 -0.430384
vn -0.040307 -0.901668 -0.430546
vn -0.040305 -0.901591 -0.430708
vn -0.040307 -0.901668 -0.430546
vn 0.477949 0.114968 -0.870831
vn 0.477949 0.114968 -0.870831
vn 0.477948 0.114968 -0.870832
vn 0.477949 0.114968 -0.870831
vn 0.477949 0.114968 -0.870831
vn 0.477949 0.114968 -0.870831
vn -0.481039 0.000724 -0.876699
vn -0.329858 0.000775 -0.94403
vn -0.480984 0.000713 -0.876729
vn -0.481039 0.000724 -0.876699
vn -0.481094 0.000735 -0.876669
vn -0.329858 0.000775 -0.94403
vn 1.0 0.0 -0.0
vn 1.0 0.0 -0.0
vn 1.0 0.0 -0.0
vn 1.0 0.0 -0.0
vn 1.0 0.0 -0.0
vn 1.0 0.0 -0.0
vn -1.0 0.0 -0.0
vn -1.0 0.0 -0.0
vn -1.0 0.0 -0.0
vn -1.0 0.0 -0.0
vn -1.0 0.0 -0.0
vn -1.0 0.0 -0.0
vn -0.0 0.000813 -1.0
vn -0.0 0.000813 -1.0
vn -0.0 0.000813 -1.0
vn -0.0 0.000813 -1.0
vn -0.0 0.000813 -1.0
vn -0.0 0.000813 -1.0
vn 0.0 0.902479 0.430735
vn 0.0 0.902479 0.430735
vn 0.052093 0.982672 0.177882
vn 0.0 0.902479 0.430735
vn 0.052093 0.982672 0.177882
vn -0.129901 0.98527 0.111211
vn -0.084918 0.996388 0.000815
vn -0.129901 0.98527 0.111211
vn 0.052093 0.982672 0.177882
vn -0.129901 0.98527 0.111211
vn -0.084918 0.996388 0.000815
vn -0.25297 0.967474 0.000796
vn -0.129901 0.98527 0.111211
vn -0.25297 0.967474 0.000796
vn -0.253033 0.967457 0.000802
vn -0.084918 0.996388 0.000815
vn 0.052093 0.982672 0.177882
vn 0.169821 0.985475 0.000809
vn 0.169821 0.985475 0.000809
vn 0.052093 0.982672 0.177882
vn 0.252884 0.967496 0.000796
vn 0.169821 0.985475 0.000809
vn 0.252884 0.967496 0.000796
vn 0.252776 0.967524 0.000802
vn 0.248326 -0.000788 0.968676
vn 0.481095 -0.000713 0.876668
vn 0.481097 -0.000713 0.876667
vn 0.248326 -0.000788 0.968676
vn 0.248325 -0.000788 0.968677
vn 0.481095 -0.000713 0.876668
vn -0.248326 -0.000788 0.968676
vn 0.248325 -0.000788 0.968677
vn 0.248326 -0.000788 0.968676
vn -0.248326 -0.000788 0.968676
vn 0.248326 -0.000788 0.968676
vn -0.248326 -0.000788 0.968676
vn -0.248326 -0.000788 0.968676
vn -0.248326 -0.000788 0.968676
vn -0.481094 -0.000713 0.876669
vn -0.248326 -0.000788 0.968676
vn -0.481094 -0.000713 0.876669
vn -0.481094 -0.000713 0.876669
vn -0.252901 -0.967492 -0.000807
vn -0.252968 -0.967474 -0.000813
vn -0.127491 -0.991839 -0.000825
vn -0.252901 -0.967492 -0.000807
vn -0.127491 -0.991839 -0.000825
vn -0.127456 -0.991844 -0.000822
vn -0.127491 -0.991839 -0.000825
vn 0.127516 -0.991836 -0.000825
vn -0.127456 -0.991844 -0.000822
vn -0.127491 -0.991839 -0.000825
vn 0.127573 -0.991829 -0.000822
vn 0.127516 -0.991836 -0.000825
vn 0.25295 -0.967479 -0.000807
vn 0.127516 -0.991836 -0.000825
vn 0.127573 -0.991829 -0.000822
vn 0.25295 -0.967479 -0.000807
vn 0.252839 -0.967508 -0.000813
vn 0.127516 -0.991836 -0.000825
vn 0.0 -0.902582 -0.430518
vn 0.0 -0.902582 -0.430518
vn -0.0 -0.902582 -0.430518
vn 0.0 -0.902582 -0.430518
vn 0.0 -0.902582 -0.430518
vn 0.0 -0.902582 -0.430518
vn 0.481094 0.000713 -0.876669
vn 0.481094 0.000713 -0.876669
vn 0.481095 0.000713 -0.876668
vn 0.481094 0.000713 -0.876669
vn 0.481094 0.000713 -0.876669
vn 0.481094 0.000713 -0.876669
vn -0.481097 0.000713 -0.876667
vn -0.481097 0.000713 -0.876667
vn -0.481093 0.000713 -0.876669
vn -0.481097 0.000713 -0.876667
vn -0.481101 0.000713 -0.876665
vn -0.481097 0.000713 -0.876667
vn -0.076997 -0.900468 0.428052
vn -0.115582 -0.897096 0.426449
vn -0.229614 -0.879019 0.417856
vn 0.07701 -0.900468 0.428051
vn -0.115582 -0.897096 0.426449
vn -0.076997 -0.900468 0.428052
vn 0.07701 -0.900468 0.428051
vn -0.076997 -0.900468 0.428052
vn 0.115602 -0.897094 0.426448
vn 0.115602 -0.897094 0.426448
vn 0.229654 -0.87901 0.417851
vn 0.07701 -0.900468 0.428051
vn 0.07699 0.900468 -0.428054
vn 0.115572 0.897097 -0.426451
vn 0.229595 0.879021 -0.417861
vn -0.076983 0.900469 -0.428053
vn 0.115572 0.897097 -0.426451
vn 0.07699 0.900468 -0.428054
vn -0.076983 0.900469 -0.428053
vn 0.07699 0.900468 -0.428054
vn -0.115562 0.897098 -0.426451
vn -0.115562 0.897098 -0.426451
vn -0.229575 0.879027 -0.41786
vn -0.076983 0.900469 -0.428053
vn 1.0 0.0 0.0
vn 1.0 0.0 0.0
vn 1.0 0.0 -0.0
vn 1.0 0.0 0.0
vn 1.0 0.0 0.0
vn 1.0 0.0 0.0
vn -1.0 0.0 0.0
vn -1.0 0.0 0.0
vn -1.0 0.0 0.0
vn -1.0 0.0 0.0
vn -1.0 0.0 -0.0
vn -1.0 0.0 0.0
vn 0.203587 -0.883579 -0.421711
vn 0.229678 -0.878353 -0.419217
vn 0.194949 -0.887308 -0.417947
vn 0.194949 -0.887308 -0.417947
vn 0.17749 -0.891357 -0.417109
vn 0.203587 -0.883579 -0.421711
vn 0.194949 -0.887308 -0.417947
vn 0.177619 -0.89449 -0.410292
vn 0.17749 -0.891357 -0.417109
vn 0.216983 0.881632 -0.419098
vn 0.213432 0.884393 -0.415085
vn 0.229614 0.879019 -0.417856
vn 0.213432 0.884393 -0.415085
vn 0.216983 0.881632 -0.419098
vn 0.126825 0.897579 -0.422218
vn 0.213432 0.884393 -0.415085
vn 0.126825 0.897579 -0.422218
vn 0.047342 0.903687 -0.425569
vn 0.047342 0.903687 -0.425569
vn 0.126825 0.897579 -0.422218
vn 0.016357 0.902963 -0.429406
vn 0.047342 0.903687 -0.425569
vn 0.016357 0.902963 -0.429406
vn 0.016396 0.903443 -0.428395
vn -0.03337 0.903065 -0.428205
vn 0.016396 0.903443 -0.428395
vn 0.016357 0.902963 -0.429406
vn -0.03337 0.903065 -0.428205
vn 0.016357 0.902963 -0.429406
vn -0.083165 0.899969 -0.427947
vn -0.083165 0.899969 -0.427947
vn -0.229678 0.878955 -0.417954
vn -0.03337 0.903065 -0.428205
vn 0.172547 0.05262 -0.983595
vn 0.006422 0.101668 -0.994798
vn -0.005762 0.137022 -0.990551
vn -0.005762 0.137022 -0.990551
vn 0.006422 0.101668 -0.994798
vn -0.000135 0.122354 -0.992486
vn -0.005762 0.137022 -0.990551
vn -0.000135 0.122354 -0.992486
vn -0.001764 0.119249 -0.992863
vn -0.00514 0.125047 -0.992137
vn -0.001764 0.119249 -0.992863
vn -0.000135 0.122354 -0.992486
vn -0.00514 0.125047 -0.992137
vn -0.007074 0.142332 -0.989794
vn -0.001764 0.119249 -0.992863
vn 0.172547 0.05262 -0.983595
vn 0.04148 0.000813 -0.999139
vn 0.006422 0.101668 -0.994798
vn 1.0 0.0 0.0
vn 1.0 0.0 0.0
vn 1.0 0.0 -0.0
vn 1.0 0.0 0.0
vn 1.0 0.0 0.0
vn 1.0 0.0 0.0
vn -1.0 0.0 0.0
vn -1.0 0.0 0.0
vn -1.0 0.0 -0.0
vn -1.0 0.0 0.0
vn -1.0 0.0 0.0
vn -1.0 0.0 0.0
vn -0.040998 0.902783 0.428139
vn 0.029943 0.966974 0.253109
vn -0.040994 0.902339 0.429073
vn -0.040998 0.902783 0.428139
vn 0.030883 0.992969 0.114275
vn 0.029943 0.966974 0.253109
vn 0.030883 0.992969 0.114275
vn -0.000101 1.0 0.000899
vn 0.029943 0.966974 0.253109
vn -0.030365 0.999535 0.002626
vn 0.029943 0.966974 0.253109
vn -0.000101 1.0 0.000899
vn -0.030365 0.999535 0.002626
vn -0.143124 0.989704 0.000805
vn 0.029943 0.966974 0.253109
vn -0.143124 0.989704 0.000805
vn -0.030365 0.999535 0.002626
vn -0.252915 0.967488 0.000786
vn -0.143124 0.989704 0.000805
vn -0.252915 0.967488 0.000786
vn -0.252851 0.967505 0.00078
vn 0.030883 0.992969 0.114275
vn 0.152552 0.988273 0.006697
vn -0.000101 1.0 0.000899
vn 0.248921 0.968492 0.007804
vn 0.152552 0.988273 0.006697
vn 0.030883 0.992969 0.114275
vn 0.248921 0.968492 0.007804
vn 0.252285 0.967653 0.000798
vn 0.152552 0.988273 0.006697
vn 0.252285 0.967653 0.000798
vn 0.248921 0.968492 0.007804
vn 0.252889 0.967495 0.000796
vn 0.252285 0.967653 0.000798
vn 0.252889 0.967495 0.000796
vn 0.253002 0.967465 0.000791
vn -0.022887 -0.903373 0.428244
vn 0.056755 -0.899916 0.432353
vn -0.022304 -0.903314 0.4284
vn -0.022887 -0.903373 0.428244
vn -0.022304 -0.903314 0.4284
vn -0.021715 -0.903129 0.428819
vn -0.021134 -0.903097 0.428916
vn -0.021715 -0.903129 0.428819
vn -0.022304 -0.903314 0.4284
vn -0.021134 -0.903097 0.428916
vn -0.12597 -0.896006 0.425799
vn -0.021715 -0.903129 0.428819
vn -0.028311 -0.901287 -0.432296
vn -0.028311 -0.900965 -0.432968
vn -0.027604 -0.90143 -0.432043
vn -0.028311 -0.901287 -0.432296
vn -0.027604 -0.90143 -0.432043
vn -0.026897 -0.901832 -0.431249
vn -0.02619 -0.901942 -0.431062
vn -0.026897 -0.901832 -0.431249
vn -0.027604 -0.90143 -0.432043
vn -0.02619 -0.901942 -0.431062
vn -0.02619 -0.902169 -0.430586
vn -0.026897 -0.901832 -0.431249
vn 0.237547 0.873667 0.424591
vn 0.241529 0.871274 0.427252
vn 0.240768 0.866862 0.436555
vn 0.237547 0.873667 0.424591
vn 0.235918 0.877004 0.418577
vn 0.241529 0.871274 0.427252
vn 0.229561 0.878377 0.419232
vn 0.235918 0.877004 0.418577
vn 0.237547 0.873667 0.424591
vn 0.082017 0.898222 0.431823
vn 0.029943 0.966974 0.253109
vn 0.082052 0.899487 0.429174
vn 0.082017 0.898222 0.431823
vn 0.081981 0.896949 0.434467
vn 0.029943 0.966974 0.253109
vn 0.347384 -0.000763 0.937723
vn 0.481034 -0.000713 0.876702
vn 0.481033 -0.000713 0.876702
vn 0.347384 -0.000763 0.937723
vn 0.180098 -0.052497 0.982247
vn 0.481034 -0.000713 0.876702
vn 0.180098 -0.052497 0.982247
vn 0.347384 -0.000763 0.937723
vn 0.013646 -0.101611 0.994731
vn 0.180098 -0.052497 0.982247
vn 0.013646 -0.101611 0.994731
vn -0.004343 -0.136917 0.990573
vn 0.167766 -0.888987 0.426095
vn 0.056755 -0.899916 0.432353
vn 0.136674 -0.892604 0.429626
vn 0.167766 -0.888987 0.426095
vn 0.136674 -0.892604 0.429626
vn 0.183577 -0.887851 0.421924
vn 0.183577 -0.887851 0.421924
vn 0.22945 -0.879105 0.417765
vn 0.167766 -0.888987 0.426095
vn -0.004343 -0.136917 0.990573
vn 0.013646 -0.101611 0.994731
vn 0.002678 -0.127279 0.991863
vn -0.004343 -0.136917 0.990573
vn 0.002678 -0.127279 0.991863
vn 0.003364 -0.107551 0.994194
vn -0.243738 -0.129075 0.961214
vn 0.003364 -0.107551 0.994194
vn 0.002678 -0.127279 0.991863
vn -0.243738 -0.129075 0.961214
vn 0.002678 -0.127279 0.991863
vn -0.242728 -0.138069 0.960219
vn -0.243738 -0.129075 0.961214
vn -0.242728 -0.138069 0.960219
vn -0.477291 -0.125072 0.869799
vn -0.243738 -0.129075 0.961214
vn -0.477291 -0.125072 0.869799
vn -0.477349 -0.125072 0.869767
vn -0.12597 -0.896006 0.425799
vn -0.229418 -0.879111 0.41777
vn -0.229418 -0.879111 0.41777
vn -0.252811 -0.967515 -0.000786
vn -0.252903 -0.967491 -0.000791
vn -0.140438 -0.990089 -0.001046
vn -0.252811 -0.967515 -0.000786
vn -0.140438 -0.990089 -0.001046
vn -0.140426 -0.990091 -0.000798
vn -0.140438 -0.990089 -0.001046
vn -0.027295 -0.999626 -0.001942
vn -0.140426 -0.990091 -0.000798
vn -0.140438 -0.990089 -0.001046
vn -0.027211 -0.999628 -0.00184
vn -0.027295 -0.999626 -0.001942
vn 0.039965 -0.999196 0.0031
vn -0.027295 -0.999626 -0.001942
vn -0.027211 -0.999628 -0.00184
vn 0.039965 -0.999196 0.0031
vn 0.106349 -0.994323 0.003469
vn -0.027295 -0.999626 -0.001942
vn 0.199761 -0.979835 0.004291
vn 0.106349 -0.994323 0.003469
vn 0.039965 -0.999196 0.0031
vn 0.199761 -0.979835 0.004291
vn 0.225315 -0.974286 -0.000789
vn 0.106349 -0.994323 0.003469
vn 0.252714 -0.967541 -0.000786
vn 0.225315 -0.974286 -0.000789
vn 0.199761 -0.979835 0.004291
vn 0.252714 -0.967541 -0.000786
vn 0.252658 -0.967555 -0.000791
vn 0.225315 -0.974286 -0.000789
vn 0.481032 0.000713 -0.876703
vn 0.481032 0.000713 -0.876703
vn 0.172547 0.05262 -0.983595
vn 0.481032 0.000713 -0.876703
vn 0.481034 0.000713 -0.876702
vn 0.481032 0.000713 -0.876703
vn -0.477309 0.125072 -0.869789
vn -0.477309 0.125072 -0.869789
vn -0.477359 0.125072 -0.869762
vn -0.477309 0.125072 -0.869789
vn -0.477258 0.125072 -0.869817
vn -0.477309 0.125072 -0.869789
vn 0.235591 -0.877679 0.417345
vn 0.229669 -0.878958 0.417954
vn 0.236703 -0.875623 0.421017
vn 0.236703 -0.875623 0.421017
vn 0.11655 -0.967969 0.222377
vn 0.235591 -0.877679 0.417345
vn 0.236703 -0.875623 0.421017
vn 0.100301 -0.896291 0.431975
vn 0.11655 -0.967969 0.222377
vn -0.103823 -0.898543 0.426429
vn 0.11655 -0.967969 0.222377
vn 0.100301 -0.896291 0.431975
vn -0.103823 -0.898543 0.426429
vn -0.135571 -0.89476 0.42547
vn 0.11655 -0.967969 0.222377
vn -0.135571 -0.89476 0.42547
vn -0.103823 -0.898543 0.426429
vn -0.229678 -0.878955 0.417955
vn 0.155628 -0.047345 0.98668
vn -0.006071 -0.068627 0.997624
vn -0.012114 -0.136131 0.990617
vn -0.247614 -0.035796 0.968197
vn -0.012114 -0.136131 0.990617
vn -0.006071 -0.068627 0.997624
vn -0.247614 -0.035796 0.968197
vn -0.006071 -0.068627 0.997624
vn -0.248327 -0.000788 0.968676
vn -0.247614 -0.035796 0.968197
vn -0.248327 -0.000788 0.968676
vn -0.481098 -0.000713 0.876666
vn -0.247614 -0.035796 0.968197
vn -0.481098 -0.000713 0.876666
vn -0.481099 -0.000713 0.876666
vn 0.155628 -0.047345 0.98668
vn 0.329905 -0.000768 0.944014
vn -0.006071 -0.068627 0.997624
vn 0.329905 -0.000768 0.944014
vn 0.155628 -0.047345 0.98668
vn 0.481104 -0.000713 0.876664
vn 0.329905 -0.000768 0.944014
vn 0.481104 -0.000713 0.876664
vn 0.481104 -0.000713 0.876663
vn -0.481098 0.000713 -0.876667
vn -0.329901 0.000768 -0.944015
vn -0.481096 0.000713 -0.876668
vn -0.481098 0.000713 -0.876667
vn -0.4811 0.000713 -0.876666
vn -0.329901 0.000768 -0.944015
vn 0.481099 0.000713 -0.876666
vn 0.481099 0.000713 -0.876666
vn 0.481097 0.000713 -0.876667
vn 0.481099 0.000713 -0.876666
vn 0.481102 0.000713 -0.876664
vn 0.481099 0.000713 -0.876666
vn 0.280038 -0.868882 -0.408195
vn 0.305255 -0.866935 -0.394008
vn 0.304872 -0.863293 -0.402217
vn 0.280038 -0.868882 -0.408195
vn 0.304872 -0.863293 -0.402217
vn 0.267332 -0.869581 -0.415165
vn 0.267332 -0.869581 -0.415165
vn 0.229798 -0.878277 -0.419313
vn 0.280038 -0.868882 -0.408195
vn 0.252907 -0.96749 -0.000791
vn 0.252835 -0.967509 -0.000796
vn 0.267291 -0.963616 -0.000786
vn 0.252907 -0.96749 -0.000791
vn 0.267291 -0.963616 -0.000786
vn 0.283795 -0.958869 0.005473
vn 0.283795 -0.958869 0.005473
vn 0.267291 -0.963616 -0.000786
vn 0.11655 -0.967969 0.222377
vn 0.283795 -0.958869 0.005473
vn 0.11655 -0.967969 0.222377
vn 0.128255 -0.991715 0.00715
vn -0.15223 -0.988344 -0.001582
vn 0.128255 -0.991715 0.00715
vn 0.11655 -0.967969 0.222377
vn -0.15223 -0.988344 -0.001582
vn 0.11655 -0.967969 0.222377
vn -0.152245 -0.988342 -0.000802
vn -0.252904 -0.967491 -0.000791
vn -0.15223 -0.988344 -0.001582
vn -0.152245 -0.988342 -0.000802
vn -0.252904 -0.967491 -0.000791
vn -0.252965 -0.967475 -0.000796
vn -0.15223 -0.988344 -0.001582
vn -0.129882 0.985275 0.111189
vn -0.252936 0.967483 0.000802
vn -0.25291 0.96749 0.000796
vn -0.129882 0.985275 0.111189
vn -0.084937 0.996386 0.000831
vn -0.252936 0.967483 0.000802
vn -0.084937 0.996386 0.000831
vn -0.129882 0.985275 0.111189
vn -0.0 0.967595 0.252508
vn -0.084937 0.996386 0.000831
vn -0.0 0.967595 0.252508
vn 0.0 1.0 0.000834
vn 0.064799 0.991707 0.110984
vn 0.0 1.0 0.000834
vn -0.0 0.967595 0.252508
vn 0.064799 0.991707 0.110984
vn 0.169842 0.985471 0.000819
vn 0.0 1.0 0.000834
vn 0.169842 0.985471 0.000819
vn 0.064799 0.991707 0.110984
vn 0.252915 0.967488 0.000802
vn 0.169842 0.985471 0.000819
vn 0.252915 0.967488 0.000802
vn 0.252958 0.967477 0.000796
vn -0.0 0.90253 0.430626
vn -0.0 0.967595 0.252508
vn -0.129882 0.985275 0.111189
vn -0.0 0.90253 0.430626
vn 0.0 0.902531 0.430626
vn -0.0 0.967595 0.252508
vn -0.0 0.902531 0.430626
vn -0.0 0.967595 0.252508
vn 0.0 0.902531 0.430626
vn -0.0 0.902531 0.430626
vn 0.064799 0.991707 0.110984
vn -0.0 0.967595 0.252508
vn -0.0499 -0.90067 -0.431629
vn -0.0499 -0.90067 -0.431629
vn -0.049889 -0.900036 -0.432951
vn -0.0499 -0.90067 -0.431629
vn -0.049912 -0.901302 -0.430305
vn -0.0499 -0.90067 -0.431629
vn 0.036832 0.0687 -0.996957
vn 0.073444 0.000811 -0.997299
vn 0.022991 0.091306 -0.995557
vn 0.036832 0.0687 -0.996957
vn 0.022991 0.091306 -0.995557
vn -0.001555 0.091249 -0.995827
vn 0.077067 0.900412 -0.428158
vn 0.115688 0.897034 -0.426552
vn 0.0 0.903098 -0.429435
vn 0.115688 0.897034 -0.426552
vn 0.077067 0.900412 -0.428158
vn 0.229823 0.878924 -0.41794
vn -0.002333 0.06866 -0.997637
vn -0.001555 0.091249 -0.995827
vn 0.022991 0.091306 -0.995557
vn -0.002333 0.06866 -0.997637
vn -0.329901 0.000768 -0.944015
vn -0.001555 0.091249 -0.995827
vn -0.077053 0.900413 -0.428158
vn 0.0 0.903098 -0.429435
vn -0.115667 0.897036 -0.426552
vn -0.077053 0.900413 -0.428158
vn 0.0 0.903098 -0.429435
vn 0.0 0.903098 -0.429435
vn 0.077067 0.900412 -0.428158
vn 0.0 0.903098 -0.429435
vn 0.0 0.903098 -0.429435
vn -0.115667 0.897036 -0.426552
vn -0.229781 0.878933 -0.417944
vn -0.077053 0.900413 -0.428158
vn -1.0 0.0 -0.0
vn -1.0 0.0 -0.0
vn -1.0 0.0 -0.0
vn -1.0 0.0 -0.0
vn -1.0 0.0 -0.0
vn -1.0 0.0 -0.0
vn 1.0 0.0 -0.0
vn 1.0 0.0 -0.0
vn 1.0 0.0 -0.0
vn 1.0 0.0 -0.0
vn 1.0 0.0 -0.0
vn 1.0 0.0 -0.0
vn 0.130323 -0.895549 0.425449
vn 0.229687 -0.879104 0.417636
vn 0.096724 -0.898546 0.428089
vn 0.096724 -0.898546 0.428089
vn -0.058448 -0.903032 0.425579
vn 0.130323 -0.895549 0.425449
vn 0.096724 -0.898546 0.428089
vn -0.058978 -0.904318 0.422765
vn -0.058448 -0.903032 0.425579
vn -0.174032 -0.891691 0.417852
vn -0.058448 -0.903032 0.425579
vn -0.058978 -0.904318 0.422765
vn -0.174032 -0.891691 0.417852
vn -0.187489 -0.887235 0.4215
vn -0.058448 -0.903032 0.425579
vn -0.187489 -0.887235 0.4215
vn -0.174032 -0.891691 0.417852
vn -0.22961 -0.87912 0.417645
vn -0.480922 0.000713 -0.876763
vn -0.480922 0.000713 -0.876763
vn -0.480923 0.000713 -0.876763
vn -0.480922 0.000713 -0.876763
vn -0.480921 0.000713 -0.876764
vn -0.480922 0.000713 -0.876763
vn 0.480988 0.000713 -0.876727
vn 0.480988 0.000713 -0.876727
vn 0.480991 0.000713 -0.876725
vn 0.480988 0.000713 -0.876727
vn 0.480985 0.000713 -0.876728
vn 0.480988 0.000713 -0.876727
vn 0.037361 -0.902927 -0.428168
vn 0.037361 -0.902927 -0.428168
vn 0.037349 -0.901901 -0.430326
vn 0.037361 -0.902927 -0.428168
vn 0.037372 -0.903947 -0.426008
vn 0.037361 -0.902927 -0.428168
vn 0.25279 -0.967521 -0.000786
vn 0.252876 -0.967498 -0.00078
vn 0.181778 -0.983339 -0.0008
vn 0.25279 -0.967521 -0.000786
vn 0.181778 -0.983339 -0.0008
vn 0.109504 -0.993986 0.000903
vn 0.109504 -0.993986 0.000903
vn 0.181778 -0.983339 -0.0008
vn -0.069644 -0.997557 -0.005451
vn 0.109504 -0.993986 0.000903
vn -0.069644 -0.997557 -0.005451
vn -0.067584 -0.997663 -0.010085
vn -0.214318 -0.976741 -0.00669
vn -0.067584 -0.997663 -0.010085
vn -0.069644 -0.997557 -0.005451
vn -0.214318 -0.976741 -0.00669
vn -0.069644 -0.997557 -0.005451
vn -0.216281 -0.976331 -0.000798
vn -0.252757 -0.967529 -0.000786
vn -0.214318 -0.976741 -0.00669
vn -0.216281 -0.976331 -0.000798
vn -0.252757 -0.967529 -0.000786
vn -0.252678 -0.96755 -0.00078
vn -0.214318 -0.976741 -0.00669
vn -0.243548 -0.0306 0.969406
vn -0.481036 -0.000713 0.876701
vn -0.481035 -0.000713 0.876701
vn -0.243548 -0.0306 0.969406
vn -0.248294 -0.000788 0.968684
vn -0.481036 -0.000713 0.876701
vn -0.243548 -0.0306 0.969406
vn 0.00416 -0.0584 0.998285
vn -0.248294 -0.000788 0.968684
vn -0.243548 -0.0306 0.969406
vn 0.008307 -0.115796 0.993238
vn 0.00416 -0.0584 0.998285
vn 0.16378 -0.040211 0.985677
vn 0.00416 -0.0584 0.998285
vn 0.008307 -0.115796 0.993238
vn 0.16378 -0.040211 0.985677
vn 0.329902 -0.000768 0.944015
vn 0.00416 -0.0584 0.998285
vn 0.329902 -0.000768 0.944015
vn 0.16378 -0.040211 0.985677
vn 0.481099 -0.000713 0.876666
vn 0.329902 -0.000768 0.944015
vn 0.481099 -0.000713 0.876666
vn 0.481102 -0.000713 0.876664
vn -0.129869 0.985272 0.111235
vn -0.252904 0.967491 0.000791
vn -0.253001 0.967466 0.000796
vn -0.129869 0.985272 0.111235
vn -0.084884 0.996391 0.000809
vn -0.252904 0.967491 0.000791
vn -0.084884 0.996391 0.000809
vn -0.129869 0.985272 0.111235
vn -0.0 0.967562 0.252632
vn -0.084884 0.996391 0.000809
vn -0.0 0.967562 0.252632
vn -0.0 1.0 0.000812
vn 0.064841 0.9917 0.111025
vn -0.0 1.0 0.000812
vn -0.0 0.967562 0.252632
vn 0.064841 0.9917 0.111025
vn 0.169853 0.985469 0.000804
vn -0.0 1.0 0.000812
vn 0.169853 0.985469 0.000804
vn 0.064841 0.9917 0.111025
vn 0.252932 0.967484 0.000791
vn 0.169853 0.985469 0.000804
vn 0.252932 0.967484 0.000791
vn 0.252839 0.967508 0.000796
vn -0.000001 0.902427 0.430842
vn -0.0 0.967562 0.252632
vn -0.129869 0.985272 0.111235
vn -0.000001 0.902427 0.430842
vn -0.0 0.902427 0.430842
vn -0.0 0.967562 0.252632
vn 0.0 0.902427 0.430842
vn -0.0 0.967562 0.252632
vn -0.0 0.902427 0.430842
vn 0.0 0.902427 0.430842
vn 0.064841 0.9917 0.111025
vn -0.0 0.967562 0.252632
vn -0.190198 -0.88252 -0.430097
vn -0.170457 -0.883998 -0.435307
vn -0.170145 -0.878587 -0.446247
vn -0.190198 -0.88252 -0.430097
vn -0.200181 -0.884262 -0.42191
vn -0.170457 -0.883998 -0.435307
vn -0.190198 -0.88252 -0.430097
vn -0.229439 -0.878454 -0.419138
vn -0.200181 -0.884262 -0.42191
vn 0.004313 0.05833 -0.998288
vn 0.008611 0.000813 -0.999963
vn -0.003712 0.077613 -0.996977
vn 0.004313 0.05833 -0.998288
vn -0.003712 0.077613 -0.996977
vn -0.006587 0.077611 -0.996962
vn -0.009882 0.058514 -0.998238
vn -0.006587 0.077611 -0.996962
vn -0.003712 0.077613 -0.996977
vn -0.009882 0.058514 -0.998238
vn -0.0 0.000813 -1.0
vn -0.006587 0.077611 -0.996962
vn -1.0 0.0 -0.0
vn -1.0 0.0 -0.0
vn -1.0 0.0 -0.0
vn -1.0 0.0 -0.0
vn -1.0 0.0 -0.0
vn -1.0 0.0 -0.0
vn 1.0 0.0 -0.000001
vn 1.0 0.0 -0.000001
vn 1.0 0.0 -0.000001
vn 1.0 0.0 -0.000001
vn 1.0 0.0 -0.0
vn 1.0 0.0 -0.000001
vn -0.115585 0.896994 -0.426664
vn -0.229621 0.878917 -0.418066
vn -0.076999 0.900365 -0.428268
vn -0.076999 0.900365 -0.428268
vn 0.0 0.903046 -0.429543
vn -0.115585 0.896994 -0.426664
vn -0.076999 0.900365 -0.428268
vn 0.0 0.903046 -0.429543
vn 0.0 0.903046 -0.429543
vn 0.077001 0.900365 -0.428268
vn 0.0 0.903046 -0.429543
vn 0.0 0.903046 -0.429543
vn 0.077001 0.900365 -0.428268
vn 0.115588 0.896994 -0.426664
vn 0.0 0.903046 -0.429543
vn 0.115588 0.896994 -0.426664
vn 0.077001 0.900365 -0.428268
vn 0.229627 0.878916 -0.418065
vn 0.48121 0.000713 -0.876605
vn 0.48121 0.000713 -0.876605
vn 0.48121 0.000713 -0.876605
vn 0.48121 0.000713 -0.876605
vn 0.48121 0.000713 -0.876605
vn 0.48121 0.000713 -0.876605
vn 0.042945 -0.901767 -0.430083
vn 0.012242 -0.902277 -0.430984
vn 0.042943 -0.901543 -0.430553
vn 0.042945 -0.901767 -0.430083
vn 0.012243 -0.902436 -0.43065
vn 0.012242 -0.902277 -0.430984
vn -0.021412 -0.901781 -0.431662
vn 0.012242 -0.902277 -0.430984
vn 0.012243 -0.902436 -0.43065
vn -0.021412 -0.901781 -0.431662
vn -0.024336 -0.901785 -0.431499
vn 0.012242 -0.902277 -0.430984
vn -0.027267 -0.901746 -0.431405
vn -0.024336 -0.901785 -0.431499
vn -0.021412 -0.901781 -0.431662
vn -0.027267 -0.901746 -0.431405
vn -0.027245 -0.902041 -0.430791
vn -0.024336 -0.901785 -0.431499
vn 0.25296 -0.967476 -0.000786
vn 0.252801 -0.967518 -0.000791
vn 0.183784 -0.982966 -0.000796
vn 0.25296 -0.967476 -0.000786
vn 0.183784 -0.982966 -0.000796
vn 0.113443 -0.993544 -0.000486
vn 0.113443 -0.993544 -0.000486
vn 0.183784 -0.982966 -0.000796
vn 0.015545 -0.967846 0.251062
vn 0.113443 -0.993544 -0.000486
vn 0.015545 -0.967846 0.251062
vn 0.00201 -0.999997 -0.000996
vn -0.023151 -0.999731 -0.001584
vn 0.00201 -0.999997 -0.000996
vn 0.015545 -0.967846 0.251062
vn -0.023151 -0.999731 -0.001584
vn -0.02284 -0.999737 -0.002153
vn 0.00201 -0.999997 -0.000996
vn -0.141345 -0.98996 -0.001205
vn -0.02284 -0.999737 -0.002153
vn -0.023151 -0.999731 -0.001584
vn -0.141345 -0.98996 -0.001205
vn -0.023151 -0.999731 -0.001584
vn -0.141667 -0.989914 -0.000798
vn -0.25296 -0.967476 -0.000786
vn -0.141345 -0.98996 -0.001205
vn -0.141667 -0.989914 -0.000798
vn -0.25296 -0.967476 -0.000786
vn -0.252968 -0.967474 -0.000791
vn -0.141345 -0.98996 -0.001205
vn -0.267496 -0.029751 0.963099
vn -0.481031 -0.000713 0.876703
vn -0.481033 -0.000713 0.876702
vn -0.267496 -0.029751 0.963099
vn -0.287382 -0.000779 0.957816
vn -0.481031 -0.000713 0.876703
vn -0.267496 -0.029751 0.963099
vn -0.016727 -0.071359 0.99731
vn -0.287382 -0.000779 0.957816
vn -0.267496 -0.029751 0.963099
vn 0.002746 -0.113408 0.993545
vn -0.016727 -0.071359 0.99731
vn -0.016727 -0.071359 0.99731
vn 0.002746 -0.113408 0.993545
vn 0.001166 -0.075982 0.997108
vn -0.016727 -0.071359 0.99731
vn 0.001166 -0.075982 0.997108
vn -0.000405 -0.038437 0.999261
vn 0.161668 -0.020139 0.98664
vn -0.000405 -0.038437 0.999261
vn 0.001166 -0.075982 0.997108
vn 0.161668 -0.020139 0.98664
vn 0.329111 -0.000768 0.944291
vn -0.000405 -0.038437 0.999261
vn 0.329111 -0.000768 0.944291
vn 0.161668 -0.020139 0.98664
vn 0.48109 -0.000713 0.876671
vn 0.329111 -0.000768 0.944291
vn 0.48109 -0.000713 0.876671
vn 0.481091 -0.000713 0.876671
vn -0.01751 -0.903268 0.42872
vn 0.015545 -0.967846 0.251062
vn 0.009755 -0.90299 0.429552
vn 0.099847 -0.89861 0.427236
vn 0.009755 -0.90299 0.429552
vn 0.015545 -0.967846 0.251062
vn 0.099847 -0.89861 0.427236
vn 0.015545 -0.967846 0.251062
vn 0.132637 -0.895271 0.425319
vn 0.132637 -0.895271 0.425319
vn 0.229689 -0.879102 0.417639
vn 0.099847 -0.89861 0.427236
vn -0.01751 -0.903268 0.42872
vn -0.020245 -0.90324 0.428659
vn 0.015545 -0.967846 0.251062
vn -0.092318 -0.899512 0.427032
vn -0.020245 -0.90324 0.428659
vn -0.01751 -0.903268 0.42872
vn -0.092318 -0.899512 0.427032
vn -0.126995 -0.895939 0.425636
vn -0.020245 -0.90324 0.428659
vn -0.126995 -0.895939 0.425636
vn -0.092318 -0.899512 0.427032
vn -0.229645 -0.879112 0.417642
vn -0.250339 0.957491 0.143325
vn -0.252931 0.967484 0.00078
vn -0.25294 0.967482 0.00078
vn -0.250339 0.957491 0.143325
vn -0.25294 0.967482 0.00078
vn -0.247036 0.944816 0.215163
vn -0.247036 0.944816 0.215163
vn -0.229634 0.878211 0.41954
vn -0.250339 0.957491 0.143325
vn 0.166259 0.986082 0.000795
vn 0.253003 0.967465 0.00078
vn 0.253026 0.967459 0.00078
vn 0.166259 0.986082 0.000795
vn 0.056304 0.992218 0.111055
vn 0.253003 0.967465 0.00078
vn 0.056304 0.992218 0.111055
vn 0.166259 0.986082 0.000795
vn 0.007192 0.999974 0.001004
vn 0.056304 0.992218 0.111055
vn 0.007192 0.999974 0.001004
vn 0.018919 0.978006 0.207715
vn -0.011124 0.902378 0.430801
vn 0.056304 0.992218 0.111055
vn 0.018919 0.978006 0.207715
vn -0.011124 0.902378 0.430801
vn 0.018919 0.978006 0.207715
vn 0.029976 0.901451 0.431841
vn -0.107514 0.938437 0.328293
vn 0.029976 0.901451 0.431841
vn 0.018919 0.978006 0.207715
vn -0.107514 0.938437 0.328293
vn 0.050491 0.899981 0.432996
vn 0.029976 0.901451 0.431841
vn 0.046589 0.998051 -0.041527
vn 0.018919 0.978006 0.207715
vn 0.007192 0.999974 0.001004
vn 0.046589 0.998051 -0.041527
vn -0.107514 0.938437 0.328293
vn 0.018919 0.978006 0.207715
vn -0.125749 0.89456 -0.428893
vn -0.124623 0.89331 -0.431817
vn -0.039332 0.778879 -0.625939
vn -0.125749 0.89456 -0.428893
vn -0.039332 0.778879 -0.625939
vn -0.178583 0.88858 -0.422532
vn 0.150254 0.210054 -0.966075
vn 0.285859 0.000779 -0.958271
vn 0.093024 0.27904 -0.955763
vn 0.150254 0.210054 -0.966075
vn 0.010041 0.699737 -0.71433
vn -0.006072 0.294176 -0.955732
vn -0.006072 0.294176 -0.955732
vn 0.010041 0.699737 -0.71433
vn -0.003295 0.609751 -0.792586
vn -0.006072 0.294176 -0.955732
vn -0.007205 0.176117 -0.984343
vn 0.00288 0.038443 -0.999257
vn 0.005926 0.029026 -0.999561
vn 0.00288 0.038443 -0.999257
vn -0.007205 0.176117 -0.984343
vn 0.005926 0.029026 -0.999561
vn 0.009903 0.000813 -0.999951
vn 0.00288 0.038443 -0.999257
vn -0.039332 0.778879 -0.625939
vn 0.011558 0.903226 -0.42901
vn -0.004242 0.816653 -0.577114
vn 0.071081 0.900794 -0.42839
vn -0.004242 0.816653 -0.577114
vn 0.011558 0.903226 -0.42901
vn 0.071081 0.900794 -0.42839
vn 0.111227 0.897495 -0.426769
vn -0.004242 0.816653 -0.577114
vn 0.111227 0.897495 -0.426769
vn 0.071081 0.900794 -0.42839
vn 0.229817 0.878926 -0.417939
vn -0.039332 0.778879 -0.625939
vn 0.021843 0.90336 -0.428326
vn 0.011558 0.903226 -0.42901
vn -0.481146 0.000713 -0.87664
vn -0.481146 0.000713 -0.87664
vn -0.481145 0.000713 -0.876641
vn -0.481146 0.000713 -0.87664
vn -0.481146 0.000713 -0.87664
vn -0.481146 0.000713 -0.87664
vn -0.333215 0.85465 0.398172
vn -0.107514 0.938437 0.328293
vn -0.33231 0.851045 0.406562
vn -0.333215 0.85465 0.398172
vn -0.334092 0.858183 0.389749
vn -0.107514 0.938437 0.328293
vn -1.0 0.0 -0.0
vn -1.0 0.0 -0.0
vn -1.0 0.0 -0.0
vn -1.0 0.0 -0.0
vn -1.0 0.0 -0.0
vn -1.0 0.0 -0.0
vn 1.0 0.0 0.0
vn 1.0 0.0 0.0
vn 1.0 0.0 -0.0
vn 1.0 0.0 0.0
vn 1.0 0.0 0.0
vn 1.0 0.0 0.0
vn -0.28775 0.956262 -0.052564
vn -0.28775 0.956262 -0.052564
vn -0.242361 0.964419 -0.105629
vn -0.28775 0.956262 -0.052564
vn -0.331718 0.943378 0.000761
vn -0.28775 0.956262 -0.052564
vn 0.68134 0.192582 0.706179
vn 0.643586 0.147085 0.751108
vn 0.39041 0.099679 0.915229
vn 0.458364 0.119095 0.880749
vn 0.39041 0.099679 0.915229
vn 0.212448 0.065557 0.974971
vn 0.942592 0.285434 0.173343
vn 0.838123 0.229254 0.494966
vn 0.942611 0.286993 0.170645
vn 0.942592 0.285434 0.173343
vn 0.942611 0.286993 0.170645
vn 0.944587 0.287567 0.158305
vn 0.950268 0.274708 0.146718
vn 0.944587 0.287567 0.158305
vn 0.942611 0.286993 0.170645
vn 0.950268 0.274708 0.146718
vn 0.957624 0.258885 0.126233
vn 0.944587 0.287567 0.158305
vn 0.957624 0.258885 0.126233
vn 0.950268 0.274708 0.146718
vn 0.96592 0.235194 0.108083
vn 0.957624 0.258885 0.126233
vn 0.96592 0.235194 0.108083
vn 0.969986 0.22453 0.093349
vn 0.174836 0.046255 0.983511
vn 0.212448 0.065557 0.974971
vn 0.39041 0.099679 0.915229
vn 0.174836 0.046255 0.983511
vn 0.112606 0.034976 0.993024
vn 0.212448 0.065557 0.974971
vn 0.112606 0.034976 0.993024
vn 0.174836 0.046255 0.983511
vn 0.088968 0.026485 0.995682
vn 0.112606 0.034976 0.993024
vn 0.088968 0.026485 0.995682
vn 0.065968 0.025742 0.99749
vn 0.065968 0.025742 0.99749
vn 0.088968 0.026485 0.995682
vn 0.06257 0.019887 0.997842
vn 0.065968 0.025742 0.99749
vn 0.06257 0.019887 0.997842
vn 0.053496 -0.030762 0.998094
vn 0.055203 -0.02641 0.998126
vn 0.053496 -0.030762 0.998094
vn 0.06257 0.019887 0.997842
vn 0.055203 -0.02641 0.998126
vn 0.061032 -0.065183 0.996005
vn 0.053496 -0.030762 0.998094
vn 0.037188 -0.059824 0.997516
vn 0.053496 -0.030762 0.998094
vn 0.061032 -0.065183 0.996005
vn 0.037188 -0.059824 0.997516
vn 0.009119 -0.050415 0.998687
vn 0.053496 -0.030762 0.998094
vn -0.00435 0.002371 0.999988
vn 0.009119 -0.050415 0.998687
vn 0.037188 -0.059824 0.997516
vn -0.00435 0.002371 0.999988
vn -0.011859 0.048209 0.998767
vn 0.009119 -0.050415 0.998687
vn -0.00596 0.063923 0.997937
vn -0.011859 0.048209 0.998767
vn -0.00435 0.002371 0.999988
vn -0.00596 0.063923 0.997937
vn 0.0 0.032386 0.999475
vn -0.011859 0.048209 0.998767
vn 0.0 0.032386 0.999475
vn -0.00596 0.063923 0.997937
vn -0.0 0.00674 0.999977
vn 0.0 0.032386 0.999475
vn -0.0 0.00674 0.999977
vn -0.0 0.00674 0.999977
vn 0.969986 0.22453 0.093349
vn 0.96592 0.235194 0.108083
vn 0.978119 0.19303 0.077604
vn 0.969986 0.22453 0.093349
vn 0.978119 0.19303 0.077604
vn 0.983505 0.169476 0.063208
vn 0.984357 0.165871 0.059399
vn 0.983505 0.169476 0.063208
vn 0.978119 0.19303 0.077604
vn 0.984357 0.165871 0.059399
vn 0.980819 0.184189 0.063788
vn 0.983505 0.169476 0.063208
vn 0.997604 0.010376 0.068401
vn 0.980819 0.184189 0.063788
vn 0.984357 0.165871 0.059399
vn 0.997604 0.010376 0.068401
vn 0.976754 0.202749 0.069602
vn 0.980819 0.184189 0.063788
vn -0.002037 0.074419 -0.997225
vn 0.017498 0.084313 -0.996286
vn -0.008578 0.081593 -0.996629
vn -0.002037 0.074419 -0.997225
vn -0.008578 0.081593 -0.996629
vn -0.026505 0.081557 -0.996316
vn -0.026505 0.081557 -0.996316
vn -0.008578 0.081593 -0.996629
vn -0.036533 0.090501 -0.995226
vn -0.026505 0.081557 -0.996316
vn -0.036533 0.090501 -0.995226
vn -0.05216 0.049076 -0.997432
vn -0.051483 0.064962 -0.996559
vn -0.05216 0.049076 -0.997432
vn -0.036533 0.090501 -0.995226
vn -0.051483 0.064962 -0.996559
vn -0.056654 0.026618 -0.998039
vn -0.05216 0.049076 -0.997432
vn -0.060318 0.018867 -0.998001
vn -0.05216 0.049076 -0.997432
vn -0.056654 0.026618 -0.998039
vn -0.060318 0.018867 -0.998001
vn -0.080798 0.013336 -0.996641
vn -0.05216 0.049076 -0.997432
vn -0.102192 0.010288 -0.994712
vn -0.080798 0.013336 -0.996641
vn -0.060318 0.018867 -0.998001
vn -0.102192 0.010288 -0.994712
vn -0.158854 -0.012172 -0.987227
vn -0.080798 0.013336 -0.996641
vn -0.158854 -0.012172 -0.987227
vn -0.102192 0.010288 -0.994712
vn -0.194543 -0.017296 -0.980742
vn -0.158854 -0.012172 -0.987227
vn -0.194543 -0.017296 -0.980742
vn -0.401931 -0.08784 -0.911447
vn -0.486594 -0.110631 -0.866595
vn -0.401931 -0.08784 -0.911447
vn -0.194543 -0.017296 -0.980742
vn -0.486594 -0.110631 -0.866595
vn -0.701218 -0.19449 -0.685906
vn -0.401931 -0.08784 -0.911447
vn -0.998238 0.036931 -0.046453
vn -0.998897 -0.000316 -0.046945
vn -0.998897 -0.000316 -0.046945
vn -0.998238 0.036931 -0.046453
vn -0.995555 0.078263 -0.0524
vn -0.998897 -0.000316 -0.046945
vn -0.995555 0.078263 -0.0524
vn -0.998238 0.036931 -0.046453
vn -0.995225 0.077568 -0.059257
vn -0.995555 0.078263 -0.0524
vn -0.995225 0.077568 -0.059257
vn -0.998025 0.03442 -0.052541
vn -0.998025 0.03442 -0.052541
vn -0.995225 0.077568 -0.059257
vn -0.999467 0.005184 -0.032233
vn -0.998025 0.03442 -0.052541
vn -0.999467 0.005184 -0.032233
vn -0.999574 0.023206 -0.017714
vn -0.999574 0.023206 -0.017714
vn -0.999467 0.005184 -0.032233
vn -0.999852 0.000876 -0.017197
vn -0.999574 0.023206 -0.017714
vn -0.999852 0.000876 -0.017197
vn -0.998991 -0.031781 -0.031725
vn -0.994627 -0.091515 -0.048396
vn -0.998991 -0.031781 -0.031725
vn -0.999852 0.000876 -0.017197
vn -0.994627 -0.091515 -0.048396
vn -0.994847 -0.048764 -0.088886
vn -0.998991 -0.031781 -0.031725
vn -0.994847 -0.048764 -0.088886
vn -0.994627 -0.091515 -0.048396
vn -0.982514 -0.145 -0.116795
vn -0.994847 -0.048764 -0.088886
vn -0.982514 -0.145 -0.116795
vn -0.966248 -0.211479 -0.147112
vn -0.949749 -0.283933 -0.131753
vn -0.966248 -0.211479 -0.147112
vn -0.982514 -0.145 -0.116795
vn -0.949749 -0.283933 -0.131753
vn -0.965025 -0.227568 -0.130153
vn -0.966248 -0.211479 -0.147112
vn -0.973097 -0.194266 -0.123863
vn -0.965025 -0.227568 -0.130153
vn -0.949749 -0.283933 -0.131753
vn -0.973097 -0.194266 -0.123863
vn -0.967922 -0.207164 -0.142162
vn -0.965025 -0.227568 -0.130153
vn -0.967922 -0.207164 -0.142162
vn -0.973097 -0.194266 -0.123863
vn -0.963073 -0.220954 -0.15385
vn -0.967922 -0.207164 -0.142162
vn -0.963073 -0.220954 -0.15385
vn -0.961666 -0.217432 -0.167099
vn -0.961265 -0.216034 -0.171168
vn -0.961666 -0.217432 -0.167099
vn -0.963073 -0.220954 -0.15385
vn -0.961265 -0.216034 -0.171168
vn -0.959367 -0.213664 -0.18429
vn -0.961666 -0.217432 -0.167099
vn 0.990451 -0.130337 0.044933
vn 0.998897 0.000316 0.046945
vn 0.998897 0.000316 0.046945
vn 0.990451 -0.130337 0.044933
vn 0.964986 -0.257886 0.047922
vn 0.998897 0.000316 0.046945
vn 0.964986 -0.257886 0.047922
vn 0.990451 -0.130337 0.044933
vn 0.923591 -0.380462 0.047196
vn 0.964986 -0.257886 0.047922
vn 0.923591 -0.380462 0.047196
vn 0.997604 0.010376 0.068401
vn -0.0 -0.00674 -0.999977
vn -0.0 -0.00674 -0.999977
vn -0.0 -0.00674 -0.999977
vn -0.0 -0.00674 -0.999977
vn -0.0 -0.00674 -0.999977
vn -0.0 -0.00674 -0.999977
vn 0.887525 0.423604 0.181267
vn 0.887525 0.423604 0.181267
vn 0.887527 0.423603 0.181263
vn 0.887525 0.423604 0.181267
vn 0.887524 0.423606 0.181272
vn 0.887525 0.423604 0.181267
vn 0.008657 0.126127 -0.991976
vn 0.008657 0.126127 -0.991976
vn 0.017313 0.130104 -0.991349
vn 0.008657 0.126127 -0.991976
vn -0.0 0.122139 -0.992513
vn 0.008657 0.126127 -0.991976
vn 0.0 -0.999924 -0.01236
vn 0.0 -0.999924 -0.01236
vn 0.0 -0.999924 -0.01236
vn 0.0 -0.999924 -0.01236
vn 0.000001 -0.999924 -0.01236
vn 0.0 -0.999924 -0.01236
vn 1.0 0.0 0.0
vn 1.0 0.0 0.0
vn 1.0 0.0 -0.0
vn 1.0 0.0 0.0
vn 1.0 0.0 0.0
vn 1.0 0.0 0.0
vn -1.0 0.0 -0.0
vn -1.0 0.0 -0.0
vn -1.0 0.0 -0.0
vn -1.0 0.0 -0.0
vn -1.0 0.0 -0.0
vn -1.0 0.0 -0.0
vn 0.000152 -0.000472 1.0
vn 0.000152 -0.000472 1.0
vn 0.000305 -0.000471 1.0
vn 0.000152 -0.000472 1.0
vn -0.0 -0.000473 1.0
vn 0.000152 -0.000472 1.0
vn 0.608731 -0.791211 0.058575
vn 0.608731 -0.791211 0.058575
vn 0.672084 -0.740474 -0.000605
vn 0.608731 -0.791211 0.058575
vn 0.539236 -0.833965 0.117164
vn 0.608731 -0.791211 0.058575
vn -0.000214 0.000473 -1.0
vn -0.000214 0.000473 -1.0
vn -0.0 0.000474 -1.0
vn -0.000214 0.000473 -1.0
vn -0.000428 0.000472 -1.0
vn -0.000214 0.000473 -1.0
vn 0.0 0.96363 0.267241
vn 0.0 0.96363 0.267241
vn 0.000001 0.96363 0.267241
vn 0.0 0.96363 0.267241
vn -0.000001 0.96363 0.267241
vn 0.0 0.96363 0.267241
vn -0.0 0.96363 0.267239
vn -0.0 0.96363 0.267239
vn -0.0 0.96363 0.267239
vn -0.0 0.96363 0.267239
vn -0.000001 0.96363 0.267239
vn -0.0 0.96363 0.267239
vn 0.000124 0.000472 -1.0
vn 0.000124 0.000472 -1.0
vn 0.000247 0.000472 -1.0
vn 0.000124 0.000472 -1.0
vn -0.0 0.000473 -1.0
vn 0.000124 0.000472 -1.0
vn -0.327703 -0.941448 0.079281
vn -0.327703 -0.941448 0.079281
vn -0.187618 -0.982242 -0.000802
vn -0.327703 -0.941448 0.079281
vn -0.45871 -0.874576 0.157169
vn -0.327703 -0.941448 0.079281
vn -1.0 0.0 -0.0
vn -1.0 0.0 -0.0
vn -1.0 0.0 -0.0
vn -1.0 0.0 -0.0
vn -1.0 0.0 -0.0
vn -1.0 0.0 -0.0
vn 1.0 0.0 -0.0
vn 1.0 0.0 -0.0
vn 1.0 0.0 0.0
vn 1.0 0.0 -0.0
vn 1.0 0.0 -0.0
vn 1.0 0.0 -0.0
vn -0.000045 -0.000472 1.0
vn -0.000045 -0.000472 1.0
vn 0.0 -0.000472 1.0
vn -0.000045 -0.000472 1.0
vn -0.00009 -0.000472 1.0
vn -0.000045 -0.000472 1.0
vn -0.002983 -0.999814 -0.019044
vn -0.002983 -0.999814 -0.019044
vn -0.002983 -0.999814 -0.019044
vn -0.002983 -0.999814 -0.019044
vn -0.002983 -0.999814 -0.019044
vn -0.002983 -0.999814 -0.019044
vn 0.998698 0.018698 -0.047463
vn 0.998855 -0.000322 -0.047835
vn 0.998855 -0.000322 -0.047835
vn 0.998698 0.018698 -0.047463
vn 0.997978 0.03356 -0.053983
vn 0.998855 -0.000322 -0.047835
vn 0.997978 0.03356 -0.053983
vn 0.998698 0.018698 -0.047463
vn 0.997095 0.050487 -0.057033
vn 0.997978 0.03356 -0.053983
vn 0.997095 0.050487 -0.057033
vn 0.996745 0.044249 -0.067392
vn 0.007988 0.037498 -0.999265
vn 0.007855 -0.00674 -0.999946
vn 0.007855 -0.00674 -0.999946
vn 0.007988 0.037498 -0.999265
vn 0.007035 0.080816 -0.996704
vn 0.007855 -0.00674 -0.999946
vn 0.007035 0.080816 -0.996704
vn 0.007988 0.037498 -0.999265
vn 0.006055 0.112971 -0.99358
vn 0.007035 0.080816 -0.996704
vn 0.006055 0.112971 -0.99358
vn 0.103066 0.153096 -0.982822
vn 0.103066 0.153096 -0.982822
vn 0.006055 0.112971 -0.99358
vn 0.085006 0.076228 -0.99346
vn 0.103066 0.153096 -0.982822
vn 0.085006 0.076228 -0.99346
vn 0.171147 0.091813 -0.980958
vn 0.03228 -0.000004 -0.999479
vn 0.171147 0.091813 -0.980958
vn 0.085006 0.076228 -0.99346
vn 0.085006 0.076228 -0.99346
vn 0.079008 0.02416 -0.996581
vn 0.03228 -0.000004 -0.999479
vn 0.085006 0.076228 -0.99346
vn 0.055257 0.022013 -0.998229
vn 0.079008 0.02416 -0.996581
vn 0.138386 -0.014638 -0.99027
vn 0.079008 0.02416 -0.996581
vn 0.055257 0.022013 -0.998229
vn 0.138386 -0.014638 -0.99027
vn 0.197562 -0.026078 -0.979943
vn 0.079008 0.02416 -0.996581
vn 0.197562 -0.026078 -0.979943
vn 0.138386 -0.014638 -0.99027
vn 0.214979 -0.03887 -0.975845
vn 0.197562 -0.026078 -0.979943
vn 0.214979 -0.03887 -0.975845
vn 0.277941 -0.043411 -0.959617
vn 0.300213 -0.046805 -0.952723
vn 0.277941 -0.043411 -0.959617
vn 0.214979 -0.03887 -0.975845
vn 0.300213 -0.046805 -0.952723
vn 0.366472 -0.046681 -0.929258
vn 0.277941 -0.043411 -0.959617
vn -0.007855 0.00674 0.999946
vn -0.007855 0.00674 0.999946
vn -0.007855 0.00674 0.999946
vn -0.007855 0.00674 0.999946
vn -0.006666 0.067355 0.997707
vn -0.007855 0.00674 0.999946
vn -0.992037 -0.117535 0.045247
vn -0.998855 0.000322 0.047835
vn -0.998855 0.000322 0.047835
vn -0.992037 -0.117535 0.045247
vn -0.969978 -0.238514 0.047467
vn -0.998855 0.000322 0.047835
vn -0.969978 -0.238514 0.047467
vn -0.992037 -0.117535 0.045247
vn -0.977633 -0.202724 0.056007
vn -0.969978 -0.238514 0.047467
vn -0.977633 -0.202724 0.056007
vn -0.997491 -0.04025 0.058229
vn -0.997491 -0.04025 0.058229
vn -0.977633 -0.202724 0.056007
vn -0.986632 0.149856 0.064031
vn -0.997491 -0.04025 0.058229
vn -0.986632 0.149856 0.064031
vn -0.986704 0.153088 0.054587
vn -0.986632 0.149856 0.064031
vn -0.973155 0.210236 0.093645
vn -0.986704 0.153088 0.054587
vn -0.986632 0.149856 0.064031
vn -0.97329 0.211785 0.088625
vn -0.973155 0.210236 0.093645
vn -0.962656 0.241193 0.122961
vn -0.973155 0.210236 0.093645
vn -0.97329 0.211785 0.088625
vn -0.962656 0.241193 0.122961
vn -0.960454 0.239197 0.14252
vn -0.973155 0.210236 0.093645
vn -0.960454 0.239197 0.14252
vn -0.962656 0.241193 0.122961
vn -0.958483 0.240688 0.152907
vn -0.960454 0.239197 0.14252
vn -0.958483 0.240688 0.152907
vn -0.955808 0.238104 0.172446
vn -0.954531 0.238766 0.1785
vn -0.955808 0.238104 0.172446
vn -0.958483 0.240688 0.152907
vn -0.954531 0.238766 0.1785
vn -0.952578 0.234956 0.193366
vn -0.955808 0.238104 0.172446
vn -0.367287 0.106393 0.924003
vn -0.47133 0.143965 0.870128
vn -0.330445 0.102164 0.93828
vn -0.367287 0.106393 0.924003
vn -0.330445 0.102164 0.93828
vn -0.237449 0.076506 0.968382
vn -0.21753 0.080566 0.972723
vn -0.237449 0.076506 0.968382
vn -0.330445 0.102164 0.93828
vn -0.21753 0.080566 0.972723
vn -0.15342 0.060504 0.986307
vn -0.237449 0.076506 0.968382
vn -0.15342 0.060504 0.986307
vn -0.21753 0.080566 0.972723
vn -0.088683 0.018531 0.995888
vn -0.15342 0.060504 0.986307
vn -0.088683 0.018531 0.995888
vn -0.063066 0.005308 0.997995
vn -0.047796 0.038298 0.998123
vn -0.063066 0.005308 0.997995
vn -0.088683 0.018531 0.995888
vn -0.047796 0.038298 0.998123
vn -0.088683 0.018531 0.995888
vn -0.080464 0.030251 0.996298
vn -0.047796 0.038298 0.998123
vn -0.080464 0.030251 0.996298
vn -0.072649 -0.022629 0.997101
vn -0.083234 -0.110516 0.990383
vn -0.072649 -0.022629 0.997101
vn -0.080464 0.030251 0.996298
vn -0.083234 -0.110516 0.990383
vn -0.005061 -0.173476 0.984825
vn -0.072649 -0.022629 0.997101
vn 0.966606 -0.236934 -0.097651
vn 0.927337 -0.354866 -0.118816
vn 0.951719 -0.301917 -0.055478
vn 0.966606 -0.236934 -0.097651
vn 0.955858 -0.264554 -0.127856
vn 0.927337 -0.354866 -0.118816
vn 0.966606 -0.236934 -0.097651
vn 0.987732 -0.128121 -0.089277
vn 0.955858 -0.264554 -0.127856
vn 0.966606 -0.236934 -0.097651
vn 0.988386 -0.126631 -0.084006
vn 0.987732 -0.128121 -0.089277
vn 0.978541 -0.166894 -0.120848
vn 0.987732 -0.128121 -0.089277
vn 0.988386 -0.126631 -0.084006
vn 0.978541 -0.166894 -0.120848
vn 0.968743 -0.195165 -0.153126
vn 0.987732 -0.128121 -0.089277
vn 0.968743 -0.195165 -0.153126
vn 0.978541 -0.166894 -0.120848
vn 0.965255 -0.202623 -0.165007
vn 0.968743 -0.195165 -0.153126
vn 0.965255 -0.202623 -0.165007
vn 0.966425 -0.186246 -0.177017
vn 0.970658 -0.167485 -0.172545
vn 0.966425 -0.186246 -0.177017
vn 0.965255 -0.202623 -0.165007
vn 0.970658 -0.167485 -0.172545
vn 0.96672 -0.17003 -0.191163
vn 0.966425 -0.186246 -0.177017
vn 0.972388 0.230269 -0.037928
vn 0.972388 0.230269 -0.037928
vn 0.970719 0.239754 -0.014911
vn 0.972388 0.230269 -0.037928
vn 0.973451 0.22064 -0.060921
vn 0.972388 0.230269 -0.037928
vn -0.006666 0.067355 0.997707
vn -0.006063 0.097569 0.99521
vn -0.004595 0.096905 0.995283
vn -0.006666 0.067355 0.997707
vn -0.00753 0.098233 0.995135
vn -0.006063 0.097569 0.99521
vn -0.796474 0.574168 0.189633
vn -0.796474 0.574168 0.189633
vn -0.796474 0.574168 0.189633

# 2203 Ungrouped triangles

o ungrouped
g ungrouped

f 1/1/1 2/2/2 3/3/3
f 4/4/4 5/5/5 6/6/6
f 7/7/7 8/8/8 9/9/9
f 10/10/10 11/11/11 12/12/12
f 13/13/13 14/14/14 15/15/15
f 16/16/16 17/17/17 18/18/18
f 19/19/19 20/20/20 21/21/21
f 22/22/22 23/23/23 24/24/24
f 25/25/25 26/26/26 27/27/27
f 28/28/28 29/29/29 30/30/30
f 31/31/31 32/32/32 33/33/33
f 34/34/34 35/35/35 36/36/36
f 37/37/37 38/38/38 39/39/39
f 40/40/40 41/41/41 42/42/42
f 43/43/43 44/44/44 45/45/45
f 46/46/46 47/47/47 48/48/48
f 49/49/49 50/50/50 51/51/51
f 52/52/52 53/53/53 54/54/54
f 55/55/55 56/56/56 57/57/57
f 58/58/58 59/59/59 60/60/60
f 61/61/61 62/62/62 63/63/63
f 64/64/64 65/65/65 66/66/66
f 67/67/67 68/68/68 69/69/69
f 70/70/70 71/71/71 72/72/72
f 73/73/73 74/74/74 75/75/75
f 76/76/76 77/77/77 78/78/78
f 79/79/79 80/80/80 81/81/81
f 82/82/82 83/83/83 84/84/84
f 85/85/85 86/86/86 87/87/87
f 88/88/88 89/89/89 90/90/90
f 91/91/91 92/92/92 93/93/93
f 94/94/94 95/95/95 96/96/96
f 97/97/97 98/98/98 99/99/99
f 100/100/100 101/101/101 102/102/102
f 103/103/103 104/104/104 105/105/105
f 106/106/106 107/107/107 108/108/108
f 109/109/109 110/110/110 111/111/111
f 112/112/112 113/113/113 114/114/114
f 115/115/115 116/116/116 117/117/117
f 118/118/118 119/119/119 120/120/120
f 121/121/121 122/122/122 123/123/123
f 124/124/124 125/125/125 126/126/126
f 127/127/127 128/128/128 129/129/129
f 130/130/130 131/131/131 132/132/132
f 133/133/133 134/134/134 135/135/135
f 136/136/136 137/137/137 138/138/138
f 139/139/139 140/140/140 141/141/141
f 142/142/142 143/143/143 144/144/144
f 145/145/145 146/146/146 147/147/147
f 148/148/148 149/149/149 150/150/150
f 151/151/151 152/152/152 153/153/153
f 154/154/154 155/155/155 156/156/156
f 157/157/157 158/158/158 159/159/159
f 160/160/160 161/161/161 162/162/162
f 163/163/163 164/164/164 165/165/165
f 166/166/166 167/167/167 168/168/168
f 169/169/169 170/170/170 171/171/171
f 172/172/172 173/173/173 174/174/174
f 175/175/175 176/176/176 177/177/177
f 178/178/178 179/179/179 180/180/180
f 181/181/181 182/182/182 183/183/183
f 184/184/184 185/185/185 186/186/186
f 187/187/187 188/188/188 189/189/189
f 190/190/190 191/191/191 192/192/192
f 193/193/193 194/194/194 195/195/195
f 196/196/196 197/197/197 198/198/198
f 199/199/199 200/200/200 201/201/201
f 202/202/202 203/203/203 204/204/204
f 205/205/205 206/206/206 207/207/207
f 208/208/208 209/209/209 210/210/210
f 211/211/211 212/212/212 213/213/213
f 214/214/214 215/215/215 216/216/216
f 217/217/217 218/218/218 219/219/219
f 220/220/220 221/221/221 222/222/222
f 223/223/223 224/224/224 225/225/225
f 226/226/226 227/227/227 228/228/228
f 229/229/229 230/230/230 231/231/231
f 232/232/232 233/233/233 234/234/234
f 235/235/235 236/236/236 237/237/237
f 238/238/238 239/239/239 240/240/240
f 241/241/241 242/242/242 243/243/243
f 244/244/244 245/245/245 246/246/246
f 247/247/247 248/248/248 249/249/249
f 250/250/250 251/251/251 252/252/252
f 253/253/253 254/254/254 255/255/255
f 256/256/256 257/257/257 258/258/258
f 259/259/259 260/260/260 261/261/261
f 262/262/262 263/263/263 264/264/264
f 265/265/265 266/266/266 267/267/267
f 268/268/268 269/269/269 270/270/270
f 271/271/271 272/272/272 273/273/273
f 274/274/274 275/275/275 276/276/276
f 277/277/277 278/278/278 279/279/279
f 280/280/280 281/281/281 282/282/282
f 283/283/283 284/284/284 285/285/285
f 286/286/286 287/287/287 288/288/288
f 289/289/289 290/290/290 291/291/291
f 292/292/292 293/293/293 294/294/294
f 295/295/295 296/296/296 297/297/297
f 298/298/298 299/299/299 300/300/300
f 301/301/301 302/302/302 303/303/303
f 304/304/304 305/305/305 306/306/306
f 307/307/307 308/308/308 309/309/309
f 310/310/310 311/311/311 312/312/312
f 313/313/313 314/314/314 315/315/315
f 316/316/316 317/317/317 318/318/318
f 319/319/319 320/320/320 321/321/321
f 322/322/322 323/323/323 324/324/324
f 325/325/325 326/326/326 327/327/327
f 328/328/328 329/329/329 330/330/330
f 331/331/331 332/332/332 333/333/333
f 334/334/334 335/335/335 336/336/336
f 337/337/337 338/338/338 339/339/339
f 340/340/340 341/341/341 342/342/342
f 343/343/343 344/344/344 345/345/345
f 346/346/346 347/347/347 348/348/348
f 349/349/349 350/350/350 351/351/351
f 352/352/352 353/353/353 354/354/354
f 355/355/355 356/356/356 357/357/357
f 358/358/358 359/359/359 360/360/360
f 361/361/361 362/362/362 363/363/363
f 361/364/364 364/365/365 362/366/366
f 365/367/367 366/368/368 367/369/369
f 365/370/370 368/371/371 366/372/372
f 369/373/373 370/374/374 371/375/375
f 371/376/376 372/377/377 369/378/378
f 371/379/379 373/380/380 372/381/381
f 374/382/382 375/383/383 376/384/384
f 375/385/385 377/386/386 376/387/387
f 375/388/388 378/389/389 377/390/390
f 375/391/391 379/392/392 378/393/393
f 375/394/394 380/395/395 379/396/396
f 381/397/397 379/398/398 380/399/399
f 381/400/400 382/401/401 379/402/402
f 382/403/403 381/404/404 383/405/405
f 382/406/406 383/407/407 384/408/408
f 375/409/409 385/410/410 380/411/411
f 381/412/412 380/413/413 385/414/414
f 381/415/415 385/416/416 386/417/417
f 386/418/418 383/419/419 381/420/420
f 375/421/421 387/422/422 385/423/423
f 388/424/424 389/425/425 390/426/426
f 388/427/427 391/428/428 389/429/429
f 389/430/430 391/431/431 392/432/432
f 392/433/433 393/434/434 389/435/435
f 392/436/436 394/437/437 393/438/438
f 370/439/439 393/440/440 394/441/441
f 370/442/442 395/443/443 393/444/444
f 396/445/445 397/446/446 398/447/447
f 396/448/448 399/449/449 397/450/450
f 400/451/451 401/452/452 402/453/453
f 400/454/454 402/455/455 403/456/456
f 403/457/457 402/458/458 404/459/459
f 403/460/460 404/461/461 405/462/462
f 406/463/463 405/464/464 404/465/465
f 406/466/466 404/467/467 407/468/468
f 408/469/469 406/470/470 407/471/471
f 408/472/472 409/473/473 406/474/474
f 410/475/475 411/476/476 412/477/477
f 410/478/478 413/479/479 411/480/480
f 413/481/481 410/482/482 414/483/483
f 413/484/484 414/485/485 415/486/486
f 416/487/487 415/488/488 414/489/489
f 416/490/490 417/491/491 415/492/492
f 418/493/493 414/494/494 410/495/495
f 418/496/496 419/497/497 414/498/498
f 420/499/499 421/500/500 422/501/501
f 420/502/502 416/503/503 421/504/504
f 423/505/505 424/506/506 425/507/507
f 423/508/508 426/509/509 424/510/510
f 427/511/511 428/512/512 429/513/513
f 427/514/514 430/515/515 428/516/516
f 431/517/517 432/518/518 433/519/519
f 431/520/520 434/521/521 432/522/522
f 435/523/523 433/524/524 436/525/525
f 435/526/526 389/527/527 433/528/528
f 437/529/529 438/530/530 439/531/531
f 437/532/532 440/533/533 438/534/534
f 441/535/535 442/536/536 443/537/537
f 441/538/538 444/539/539 442/540/540
f 445/541/541 446/542/542 447/543/543
f 447/544/544 448/545/545 445/546/546
f 449/547/547 445/548/548 448/549/549
f 449/550/550 448/551/551 450/552/552
f 447/553/553 451/554/554 448/555/555
f 448/556/556 451/557/557 452/558/558
f 453/559/559 454/560/560 455/561/561
f 455/562/562 456/563/563 453/564/564
f 455/565/565 457/566/566 456/567/567
f 457/568/568 455/569/569 458/570/570
f 457/571/571 458/572/572 459/573/573
f 457/574/574 459/575/575 460/576/576
f 457/577/577 460/578/578 461/579/579
f 462/580/580 457/581/581 461/582/582
f 458/583/583 455/584/584 463/585/585
f 458/586/586 463/587/587 464/588/588
f 465/589/589 466/590/590 467/591/591
f 465/592/592 446/593/593 466/594/594
f 468/595/595 469/596/596 448/597/597
f 468/598/598 470/599/599 469/600/600
f 471/601/601 472/602/602 473/603/603
f 471/604/604 474/605/605 472/606/606
f 475/607/607 476/608/608 477/609/609
f 475/610/610 477/611/611 478/612/612
f 479/613/613 478/614/614 477/615/615
f 479/616/616 477/617/617 480/618/618
f 481/619/619 479/620/620 480/621/621
f 481/622/622 482/623/623 479/624/624
f 483/625/625 484/626/626 485/627/627
f 483/628/628 486/629/629 484/630/630
f 486/631/631 483/632/632 487/633/633
f 486/634/634 487/635/635 488/636/636
f 488/637/637 487/638/638 489/639/639
f 488/640/640 489/641/641 490/642/642
f 491/643/643 487/644/644 483/645/645
f 491/646/646 492/647/647 487/648/648
f 493/649/649 494/650/650 495/651/651
f 495/652/652 496/653/653 493/654/654
f 495/655/655 497/656/656 496/657/657
f 26/658/658 496/659/659 497/660/660
f 26/661/661 498/662/662 496/663/663
f 495/664/664 499/665/665 497/666/666
f 26/667/667 497/668/668 499/669/669
f 26/670/670 499/671/671 500/672/672
f 26/673/673 500/674/674 501/675/675
f 26/676/676 501/677/677 502/678/678
f 495/679/679 503/680/680 499/681/681
f 503/682/682 495/683/683 504/684/684
f 503/685/685 504/686/686 505/687/687
f 506/688/688 507/689/689 508/690/690
f 508/691/691 507/692/692 509/693/693
f 508/694/694 509/695/695 510/696/696
f 511/697/697 512/698/698 513/699/699
f 511/700/700 514/701/701 512/702/702
f 515/703/703 516/704/704 517/705/705
f 515/706/706 518/707/707 516/708/708
f 519/709/709 520/710/710 521/711/711
f 519/712/712 522/713/713 520/714/714
f 523/715/715 520/716/716 522/717/717
f 523/718/718 524/719/719 520/720/720
f 525/721/721 526/722/722 527/723/723
f 525/724/724 527/725/725 528/726/726
f 528/727/727 527/728/728 496/729/729
f 528/730/730 496/731/731 529/732/732
f 530/733/733 529/734/734 496/735/735
f 530/736/736 496/737/737 531/738/738
f 532/739/739 530/740/740 531/741/741
f 532/742/742 533/743/743 530/744/744
f 534/745/745 535/746/746 536/747/747
f 534/748/748 537/749/749 535/750/750
f 537/751/751 534/752/752 538/753/753
f 537/754/754 538/755/755 539/756/756
f 540/757/757 539/758/758 538/759/759
f 540/760/760 541/761/761 539/762/762
f 541/763/763 540/764/764 542/765/765
f 541/766/766 542/767/767 543/768/768
f 544/769/769 545/770/770 534/771/771
f 544/772/772 546/773/773 545/774/774
f 517/775/775 547/776/776 548/777/777
f 517/778/778 548/779/779 549/780/780
f 550/781/781 517/782/782 549/783/783
f 517/784/784 550/785/785 551/786/786
f 552/787/787 549/788/788 548/789/789
f 552/790/790 512/791/791 549/792/792
f 553/793/793 549/794/794 512/795/795
f 553/796/796 554/797/797 549/798/798
f 550/799/799 549/800/800 554/801/801
f 512/802/802 555/803/803 553/804/804
f 556/805/805 557/806/806 558/807/807
f 556/808/808 559/809/809 557/810/810
f 560/811/811 561/812/812 562/813/813
f 560/814/814 563/815/815 561/816/816
f 564/817/817 565/818/818 566/819/819
f 566/820/820 567/821/821 564/822/822
f 566/823/823 568/824/824 567/825/825
f 569/826/826 567/827/827 568/828/828
f 569/829/829 570/830/830 567/831/831
f 566/832/832 571/833/833 568/834/834
f 569/835/835 568/836/836 571/837/837
f 569/838/838 571/839/839 572/840/840
f 569/841/841 572/842/842 573/843/843
f 569/844/844 573/845/845 574/846/846
f 575/847/847 569/848/848 574/849/849
f 566/850/850 576/851/851 571/852/852
f 576/853/853 566/854/854 577/855/855
f 576/856/856 577/857/857 578/858/858
f 579/859/859 580/860/860 581/861/861
f 579/862/862 582/863/863 580/864/864
f 580/865/865 582/866/866 583/867/867
f 583/868/868 584/869/869 580/870/870
f 583/871/871 585/872/872 584/873/873
f 586/874/874 584/875/875 585/876/876
f 586/877/877 587/878/878 584/879/879
f 587/880/880 588/881/881 584/882/882
f 587/883/883 589/884/884 588/885/885
f 587/886/886 586/887/887 590/888/888
f 591/889/889 592/890/890 593/891/891
f 591/892/892 594/893/893 592/894/894
f 595/895/895 596/896/896 597/897/897
f 595/898/898 598/899/899 596/900/900
f 599/901/901 596/902/902 598/903/903
f 599/904/904 600/905/905 596/906/906
f 601/907/907 602/908/908 603/909/909
f 601/910/910 603/911/911 604/912/912
f 604/913/913 603/914/914 605/915/915
f 604/916/916 605/917/917 606/918/918
f 607/919/919 606/920/920 605/921/921
f 607/922/922 605/923/923 608/924/924
f 609/925/925 607/926/926 608/927/927
f 609/928/928 610/929/929 607/930/930
f 611/931/931 612/932/932 613/933/933
f 611/934/934 614/935/935 612/936/936
f 614/937/937 611/938/938 615/939/939
f 614/940/940 615/941/941 616/942/942
f 617/943/943 616/944/944 615/945/945
f 617/946/946 618/947/947 616/948/948
f 618/949/949 617/950/950 619/951/951
f 618/952/952 619/953/953 620/954/954
f 621/955/955 615/956/956 611/957/957
f 621/958/958 622/959/959 615/960/960
f 623/961/961 615/962/962 622/963/963
f 623/964/964 617/965/965 615/966/966
f 624/967/967 625/968/968 626/969/969
f 624/970/970 627/971/971 625/972/972
f 628/973/973 629/974/974 630/975/975
f 628/976/976 631/977/977 629/978/978
f 632/979/979 633/980/980 634/981/981
f 632/982/982 635/983/983 633/984/984
f 636/985/985 637/986/986 638/987/987
f 636/988/988 638/989/989 639/990/990
f 639/991/991 638/992/992 640/993/993
f 639/994/994 640/995/995 641/996/996
f 642/997/997 641/998/998 640/999/999
f 642/1000/1000 640/1001/1001 643/1002/1002
f 644/1003/1003 642/1004/1004 643/1005/1005
f 644/1006/1006 645/1007/1007 642/1008/1008
f 646/1009/1009 647/1010/1010 648/1011/1011
f 646/1012/1012 649/1013/1013 647/1014/1014
f 650/1015/1015 651/1016/1016 652/1017/1017
f 650/1018/1018 653/1019/1019 651/1020/1020
f 653/1021/1021 650/1022/1022 654/1023/1023
f 653/1024/1024 654/1025/1025 655/1026/1026
f 656/1027/1027 657/1028/1028 658/1029/1029
f 656/1030/1030 659/1031/1031 657/1032/1032
f 659/1033/1033 656/1034/1034 660/1035/1035
f 659/1036/1036 660/1037/1037 654/1038/1038
f 661/1039/1039 662/1040/1040 663/1041/1041
f 661/1042/1042 664/1043/1043 662/1044/1044
f 665/1045/1045 666/1046/1046 667/1047/1047
f 665/1048/1048 667/1049/1049 668/1050/1050
f 669/1051/1051 668/1052/1052 667/1053/1053
f 669/1054/1054 667/1055/1055 670/1056/1056
f 671/1057/1057 672/1058/1058 673/1059/1059
f 671/1060/1060 673/1061/1061 674/1062/1062
f 671/1063/1063 674/1064/1064 675/1065/1065
f 671/1066/1066 675/1067/1067 676/1068/1068
f 676/1069/1069 677/1070/1070 671/1071/1071
f 678/1072/1072 674/1073/1073 673/1074/1074
f 678/1075/1075 675/1076/1076 674/1077/1077
f 678/1078/1078 679/1079/1079 675/1080/1080
f 679/1081/1081 678/1082/1082 680/1083/1083
f 678/1084/1084 673/1085/1085 681/1086/1086
f 682/1087/1087 683/1088/1088 684/1089/1089
f 682/1090/1090 684/1091/1091 685/1092/1092
f 686/1093/1093 682/1094/1094 685/1095/1095
f 682/1096/1096 686/1097/1097 687/1098/1098
f 688/1099/1099 685/1100/1100 684/1101/1101
f 688/1102/1102 689/1103/1103 685/1104/1104
f 690/1105/1105 685/1106/1106 689/1107/1107
f 690/1108/1108 691/1109/1109 685/1110/1110
f 686/1111/1111 685/1112/1112 691/1113/1113
f 689/1114/1114 692/1115/1115 690/1116/1116
f 693/1117/1117 694/1118/1118 695/1119/1119
f 693/1120/1120 696/1121/1121 694/1122/1122
f 697/1123/1123 698/1124/1124 699/1125/1125
f 697/1126/1126 700/1127/1127 698/1128/1128
f 701/1129/1129 702/1130/1130 703/1131/1131
f 702/1132/1132 704/1133/1133 703/1134/1134
f 702/1135/1135 705/1136/1136 704/1137/1137
f 706/1138/1138 704/1139/1139 705/1140/1140
f 706/1141/1141 707/1142/1142 704/1143/1143
f 708/1144/1144 707/1145/1145 706/1146/1146
f 709/1147/1147 689/1148/1148 710/1149/1149
f 709/1150/1150 711/1151/1151 689/1152/1152
f 712/1153/1153 713/1154/1154 682/1155/1155
f 712/1156/1156 714/1157/1157 713/1158/1158
f 715/1159/1159 716/1160/1160 717/1161/1161
f 718/1162/1162 717/1163/1163 716/1164/1164
f 719/1165/1165 717/1166/1166 718/1167/1167
f 717/1168/1168 719/1169/1169 720/1170/1170
f 717/1171/1171 720/1172/1172 721/1173/1173
f 718/1174/1174 716/1175/1175 722/1176/1176
f 720/1177/1177 719/1178/1178 723/1179/1179
f 719/1180/1180 718/1181/1181 724/1182/1182
f 719/1183/1183 724/1184/1184 725/1185/1185
f 719/1186/1186 725/1187/1187 726/1188/1188
f 727/1189/1189 728/1190/1190 729/1191/1191
f 727/1192/1192 730/1193/1193 728/1194/1194
f 731/1195/1195 732/1196/1196 733/1197/1197
f 731/1198/1198 734/1199/1199 732/1200/1200
f 735/1201/1201 736/1202/1202 737/1203/1203
f 735/1204/1204 738/1205/1205 736/1206/1206
f 739/1207/1207 740/1208/1208 741/1209/1209
f 739/1210/1210 741/1211/1211 742/1212/1212
f 743/1213/1213 742/1214/1214 741/1215/1215
f 743/1216/1216 741/1217/1217 744/1218/1218
f 745/1219/1219 743/1220/1220 744/1221/1221
f 745/1222/1222 746/1223/1223 743/1224/1224
f 747/1225/1225 748/1226/1226 749/1227/1227
f 747/1228/1228 750/1229/1229 748/1230/1230
f 750/1231/1231 747/1232/1232 751/1233/1233
f 750/1234/1234 751/1235/1235 752/1236/1236
f 752/1237/1237 751/1238/1238 753/1239/1239
f 752/1240/1240 753/1241/1241 754/1242/1242
f 755/1243/1243 751/1244/1244 747/1245/1245
f 755/1246/1246 756/1247/1247 751/1248/1248
f 757/1249/1249 758/1250/1250 759/1251/1251
f 757/1252/1252 760/1253/1253 758/1254/1254
f 761/1255/1255 762/1256/1256 763/1257/1257
f 761/1258/1258 764/1259/1259 762/1260/1260
f 765/1261/1261 766/1262/1262 767/1263/1263
f 765/1264/1264 768/1265/1265 766/1266/1266
f 769/1267/1267 770/1268/1268 771/1269/1269
f 771/1270/1270 772/1271/1271 769/1272/1272
f 771/1273/1273 773/1274/1274 772/1275/1275
f 772/1276/1276 773/1277/1277 774/1278/1278
f 775/1279/1279 776/1280/1280 777/1281/1281
f 777/1282/1282 778/1283/1283 775/1284/1284
f 777/1285/1285 779/1286/1286 778/1287/1287
f 68/1288/1288 778/1289/1289 779/1290/1290
f 68/1291/1291 780/1292/1292 778/1293/1293
f 777/1294/1294 781/1295/1295 779/1296/1296
f 68/1297/1297 779/1298/1298 781/1299/1299
f 68/1300/1300 781/1301/1301 782/1302/1302
f 68/1303/1303 782/1304/1304 783/1305/1305
f 68/1306/1306 783/1307/1307 784/1308/1308
f 777/1309/1309 785/1310/1310 781/1311/1311
f 785/1312/1312 777/1313/1313 786/1314/1314
f 785/1315/1315 786/1316/1316 787/1317/1317
f 788/1318/1318 789/1319/1319 790/1320/1320
f 790/1321/1321 789/1322/1322 791/1323/1323
f 790/1324/1324 791/1325/1325 792/1326/1326
f 793/1327/1327 794/1328/1328 795/1329/1329
f 793/1330/1330 796/1331/1331 794/1332/1332
f 797/1333/1333 798/1334/1334 799/1335/1335
f 797/1336/1336 800/1337/1337 798/1338/1338
f 801/1339/1339 802/1340/1340 803/1341/1341
f 801/1342/1342 804/1343/1343 802/1344/1344
f 805/1345/1345 802/1346/1346 804/1347/1347
f 805/1348/1348 806/1349/1349 802/1350/1350
f 807/1351/1351 808/1352/1352 809/1353/1353
f 807/1354/1354 809/1355/1355 810/1356/1356
f 810/1357/1357 809/1358/1358 778/1359/1359
f 810/1360/1360 778/1361/1361 811/1362/1362
f 812/1363/1363 811/1364/1364 778/1365/1365
f 812/1366/1366 778/1367/1367 813/1368/1368
f 814/1369/1369 812/1370/1370 813/1371/1371
f 814/1372/1372 815/1373/1373 812/1374/1374
f 816/1375/1375 817/1376/1376 818/1377/1377
f 816/1378/1378 819/1379/1379 817/1380/1380
f 819/1381/1381 816/1382/1382 820/1383/1383
f 819/1384/1384 820/1385/1385 821/1386/1386
f 822/1387/1387 821/1388/1388 820/1389/1389
f 822/1390/1390 823/1391/1391 821/1392/1392
f 823/1393/1393 822/1394/1394 824/1395/1395
f 823/1396/1396 824/1397/1397 825/1398/1398
f 826/1399/1399 827/1400/1400 816/1401/1401
f 826/1402/1402 828/1403/1403 827/1404/1404
f 799/1405/1405 829/1406/1406 830/1407/1407
f 799/1408/1408 830/1409/1409 831/1410/1410
f 832/1411/1411 799/1412/1412 831/1413/1413
f 799/1414/1414 832/1415/1415 833/1416/1416
f 834/1417/1417 831/1418/1418 830/1419/1419
f 834/1420/1420 794/1421/1421 831/1422/1422
f 835/1423/1423 831/1424/1424 794/1425/1425
f 835/1426/1426 836/1427/1427 831/1428/1428
f 832/1429/1429 831/1430/1430 836/1431/1431
f 794/1432/1432 837/1433/1433 835/1434/1434
f 838/1435/1435 839/1436/1436 840/1437/1437
f 838/1438/1438 841/1439/1439 839/1440/1440
f 842/1441/1441 843/1442/1442 844/1443/1443
f 842/1444/1444 845/1445/1445 843/1446/1446
f 846/1447/1447 847/1448/1448 848/1449/1449
f 846/1450/1450 849/1451/1451 847/1452/1452
f 850/1453/1453 849/1454/1454 846/1455/1455
f 850/1456/1456 846/1457/1457 851/1458/1458
f 852/1459/1459 853/1460/1460 854/1461/1461
f 852/1462/1462 854/1463/1463 855/1464/1464
f 856/1465/1465 852/1466/1466 855/1467/1467
f 852/1468/1468 856/1469/1469 857/1470/1470
f 855/1471/1471 854/1472/1472 858/1473/1473
f 855/1474/1474 858/1475/1475 859/1476/1476
f 860/1477/1477 855/1478/1478 859/1479/1479
f 856/1480/1480 855/1481/1481 860/1482/1482
f 861/1483/1483 859/1484/1484 858/1485/1485
f 861/1486/1486 862/1487/1487 859/1488/1488
f 863/1489/1489 859/1490/1490 862/1491/1491
f 863/1492/1492 864/1493/1493 859/1494/1494
f 860/1495/1495 859/1496/1496 864/1497/1497
f 862/1498/1498 865/1499/1499 863/1500/1500
f 866/1501/1501 867/1502/1502 868/1503/1503
f 866/1504/1504 868/1505/1505 869/1506/1506
f 869/1507/1507 868/1508/1508 870/1509/1509
f 869/1510/1510 870/1511/1511 871/1512/1512
f 872/1513/1513 869/1514/1514 871/1515/1515
f 872/1516/1516 871/1517/1517 873/1518/1518
f 874/1519/1519 873/1520/1520 871/1521/1521
f 874/1522/1522 871/1523/1523 875/1524/1524
f 876/1525/1525 871/1526/1526 870/1527/1527
f 876/1528/1528 875/1529/1529 871/1530/1530
f 875/1531/1531 876/1532/1532 877/1533/1533
f 875/1534/1534 877/1535/1535 878/1536/1536
f 879/1537/1537 880/1538/1538 881/1539/1539
f 879/1540/1540 882/1541/1541 880/1542/1542
f 879/1543/1543 883/1544/1544 882/1545/1545
f 884/1546/1546 885/1547/1547 886/1548/1548
f 884/1549/1549 80/1550/1550 885/1551/1551
f 887/1552/1552 888/1553/1553 889/1554/1554
f 887/1555/1555 890/1556/1556 888/1557/1557
f 890/1558/1558 887/1559/1559 891/1560/1560
f 890/1561/1561 891/1562/1562 892/1563/1563
f 892/1564/1564 891/1565/1565 893/1566/1566
f 892/1567/1567 893/1568/1568 894/1569/1569
f 895/1570/1570 894/1571/1571 893/1572/1572
f 895/1573/1573 893/1574/1574 896/1575/1575
f 895/1576/1576 896/1577/1577 897/1578/1578
f 895/1579/1579 897/1580/1580 898/1581/1581
f 867/1582/1582 899/1583/1583 900/1584/1584
f 867/1585/1585 80/1586/1586 899/1587/1587
f 901/1588/1588 902/1589/1589 903/1590/1590
f 901/1591/1591 903/1592/1592 904/1593/1593
f 903/1594/1594 905/1595/1595 904/1596/1596
f 903/1597/1597 906/1598/1598 905/1599/1599
f 907/1600/1600 905/1601/1601 906/1602/1602
f 907/1603/1603 908/1604/1604 905/1605/1605
f 909/1606/1606 908/1607/1607 907/1608/1608
f 909/1609/1609 910/1610/1610 908/1611/1611
f 911/1612/1612 910/1613/1613 909/1614/1614
f 911/1615/1615 912/1616/1616 910/1617/1617
f 913/1618/1618 914/1619/1619 852/1620/1620
f 913/1621/1621 915/1622/1622 914/1623/1623
f 916/1624/1624 862/1625/1625 917/1626/1626
f 916/1627/1627 918/1628/1628 862/1629/1629
f 919/1630/1630 920/1631/1631 921/1632/1632
f 920/1633/1633 919/1634/1634 922/1635/1635
f 920/1636/1636 922/1637/1637 923/1638/1638
f 924/1639/1639 923/1640/1640 922/1641/1641
f 924/1642/1642 925/1643/1643 923/1644/1644
f 926/1645/1645 925/1646/1646 924/1647/1647
f 926/1648/1648 924/1649/1649 927/1650/1650
f 927/1651/1651 928/1652/1652 926/1653/1653
f 929/1654/1654 930/1655/1655 931/1656/1656
f 929/1657/1657 932/1658/1658 930/1659/1659
f 933/1660/1660 934/1661/1661 935/1662/1662
f 933/1663/1663 936/1664/1664 934/1665/1665
f 937/1666/1666 938/1667/1667 939/1668/1668
f 938/1669/1669 937/1670/1670 940/1671/1671
f 938/1672/1672 940/1673/1673 941/1674/1674
f 942/1675/1675 941/1676/1676 940/1677/1677
f 942/1678/1678 943/1679/1679 941/1680/1680
f 944/1681/1681 943/1682/1682 942/1683/1683
f 944/1684/1684 942/1685/1685 945/1686/1686
f 945/1687/1687 946/1688/1688 944/1689/1689
f 947/1690/1690 942/1691/1691 940/1692/1692
f 948/1693/1693 942/1694/1694 947/1695/1695
f 948/1696/1696 949/1697/1697 942/1698/1698
f 947/1699/1699 940/1700/1700 950/1701/1701
f 951/1702/1702 950/1703/1703 940/1704/1704
f 951/1705/1705 952/1706/1706 950/1707/1707
f 953/1708/1708 954/1709/1709 955/1710/1710
f 953/1711/1711 956/1712/1712 954/1713/1713
f 956/1714/1714 953/1715/1715 957/1716/1716
f 956/1717/1717 957/1718/1718 958/1719/1719
f 959/1720/1720 960/1721/1721 961/1722/1722
f 959/1723/1723 962/1724/1724 960/1725/1725
f 963/1726/1726 964/1727/1727 965/1728/1728
f 963/1729/1729 966/1730/1730 964/1731/1731
f 954/1732/1732 967/1733/1733 968/1734/1734
f 954/1735/1735 968/1736/1736 969/1737/1737
f 970/1738/1738 954/1739/1739 969/1740/1740
f 970/1741/1741 969/1742/1742 971/1743/1743
f 972/1744/1744 971/1745/1745 969/1746/1746
f 972/1747/1747 973/1748/1748 971/1749/1749
f 973/1750/1750 972/1751/1751 974/1752/1752
f 973/1753/1753 974/1754/1754 975/1755/1755
f 976/1756/1756 972/1757/1757 969/1758/1758
f 976/1759/1759 969/1760/1760 977/1761/1761
f 978/1762/1762 979/1763/1763 980/1764/1764
f 978/1765/1765 980/1766/1766 981/1767/1767
f 981/1768/1768 980/1769/1769 982/1770/1770
f 981/1771/1771 982/1772/1772 983/1773/1773
f 984/1774/1774 983/1775/1775 982/1776/1776
f 984/1777/1777 982/1778/1778 985/1779/1779
f 986/1780/1780 987/1781/1781 988/1782/1782
f 986/1783/1783 988/1784/1784 989/1785/1785
f 990/1786/1786 986/1787/1787 989/1788/1788
f 991/1789/1789 992/1790/1790 993/1791/1791
f 991/1792/1792 994/1793/1793 992/1794/1794
f 994/1795/1795 991/1796/1796 995/1797/1797
f 994/1798/1798 995/1799/1799 996/1800/1800
f 997/1801/1801 996/1802/1802 995/1803/1803
f 997/1804/1804 998/1805/1805 996/1806/1806
f 998/1807/1807 999/1808/1808 996/1809/1809
f 1000/1810/1810 996/1811/1811 999/1812/1812
f 1000/1813/1813 999/1814/1814 1001/1815/1815
f 1001/1816/1816 1002/1817/1817 1000/1818/1818
f 1003/1819/1819 998/1820/1820 997/1821/1821
f 1003/1822/1822 997/1823/1823 1004/1824/1824
f 1003/1825/1825 1004/1826/1826 1005/1827/1827
f 1003/1828/1828 1005/1829/1829 1006/1830/1830
f 998/1831/1831 1007/1832/1832 999/1833/1833
f 1008/1834/1834 1007/1835/1835 998/1836/1836
f 1008/1837/1837 1009/1838/1838 1007/1839/1839
f 1009/1840/1840 1008/1841/1841 1010/1842/1842
f 1011/1843/1843 1012/1844/1844 1013/1845/1845
f 1011/1846/1846 1013/1847/1847 1014/1848/1848
f 1013/1849/1849 1015/1850/1850 1014/1851/1851
f 1013/1852/1852 1016/1853/1853 1015/1854/1854
f 1015/1855/1855 1016/1856/1856 1017/1857/1857
f 1015/1858/1858 1017/1859/1859 1018/1860/1860
f 1019/1861/1861 1018/1862/1862 1017/1863/1863
f 1019/1864/1864 1020/1865/1865 1018/1866/1866
f 1021/1867/1867 1020/1868/1868 1019/1869/1869
f 1021/1870/1870 1022/1871/1871 1020/1872/1872
f 1023/1873/1873 1024/1874/1874 1025/1875/1875
f 1023/1876/1876 1026/1877/1877 1024/1878/1878
f 1027/1879/1879 1028/1880/1880 1029/1881/1881
f 1027/1882/1882 1030/1883/1883 1028/1884/1884
f 1031/1885/1885 1032/1886/1886 1033/1887/1887
f 1031/1888/1888 1034/1889/1889 1032/1890/1890
f 1035/1891/1891 1032/1892/1892 1034/1893/1893
f 1035/1894/1894 1036/1895/1895 1032/1896/1896
f 1032/1897/1897 1036/1898/1898 1037/1899/1899
f 1034/1900/1900 1038/1901/1901 1035/1902/1902
f 1039/1903/1903 1040/1904/1904 1041/1905/1905
f 1039/1906/1906 1041/1907/1907 1042/1908/1908
f 1043/1909/1909 1042/1910/1910 1041/1911/1911
f 1043/1912/1912 1041/1913/1913 1044/1914/1914
f 1044/1915/1915 1041/1916/1916 1045/1917/1917
f 1044/1918/1918 1045/1919/1919 1046/1920/1920
f 1047/1921/1921 1048/1922/1922 1049/1923/1923
f 1047/1924/1924 1050/1925/1925 1048/1926/1926
f 1051/1927/1927 1048/1928/1928 1050/1929/1929
f 1052/1930/1930 1050/1931/1931 1047/1932/1932
f 1050/1933/1933 1052/1934/1934 1053/1935/1935
f 1050/1936/1936 1053/1937/1937 1054/1938/1938
f 1052/1939/1939 1047/1940/1940 1055/1941/1941
f 1052/1942/1942 1055/1943/1943 1056/1944/1944
f 1052/1945/1945 1056/1946/1946 1057/1947/1947
f 1053/1948/1948 1052/1949/1949 1058/1950/1950
f 1042/1951/1951 1059/1952/1952 1060/1953/1953
f 1042/1954/1954 1061/1955/1955 1059/1956/1956
f 1062/1957/1957 1063/1958/1958 1064/1959/1959
f 1062/1960/1960 1064/1961/1961 1065/1962/1962
f 1064/1963/1963 1066/1964/1964 1065/1965/1965
f 1064/1966/1966 1067/1967/1967 1066/1968/1968
f 1068/1969/1969 1066/1970/1970 1067/1971/1971
f 1068/1972/1972 1069/1973/1973 1066/1974/1974
f 1070/1975/1975 1071/1976/1976 1072/1977/1977
f 1070/1978/1978 1073/1979/1979 1071/1980/1980
f 1037/1981/1981 1074/1982/1982 1075/1983/1983
f 1037/1984/1984 1076/1985/1985 1074/1986/1986
f 1077/1987/1987 1034/1988/1988 1078/1989/1989
f 1077/1990/1990 1079/1991/1991 1034/1992/1992
f 1080/1993/1993 1081/1994/1994 1082/1995/1995
f 1080/1996/1996 1083/1997/1997 1081/1998/1998
f 1084/1999/1999 1085/2000/2000 1086/2001/2001
f 1084/2002/2002 1087/2003/2003 1085/2004/2004
f 1088/2005/2005 1089/2006/2006 1090/2007/2007
f 1088/2008/2008 1091/2009/2009 1089/2010/2010
f 1092/2011/2011 1093/2012/2012 1094/2013/2013
f 1092/2014/2014 1094/2015/2015 1095/2016/2016
f 1096/2017/2017 1095/2018/2018 1094/2019/2019
f 1095/2020/2020 1096/2021/2021 1097/2022/2022
f 1095/2023/2023 1097/2024/2024 1098/2025/2025
f 1096/2026/2026 1094/2027/2027 1099/2028/2028
f 1099/2029/2029 1094/2030/2030 1100/2031/2031
f 1099/2032/2032 1100/2033/2033 1101/2034/2034
f 1102/2035/2035 1103/2036/2036 1104/2037/2037
f 1102/2038/2038 1105/2039/2039 1103/2040/2040
f 1106/2041/2041 1105/2042/2042 1102/2043/2043
f 1106/2044/2044 1102/2045/2045 1107/2046/2046
f 1106/2047/2047 1107/2048/2048 1108/2049/2049
f 1106/2050/2050 1108/2051/2051 1109/2052/2052
f 1110/2053/2053 1111/2054/2054 1112/2055/2055
f 1110/2056/2056 1112/2057/2057 1113/2058/2058
f 1112/2059/2059 1114/2060/2060 1113/2061/2061
f 1112/2062/2062 1115/2063/2063 1114/2064/2064
f 1116/2065/2065 1114/2066/2066 1115/2067/2067
f 1116/2068/2068 1117/2069/2069 1114/2070/2070
f 1118/2071/2071 1119/2072/2072 1120/2073/2073
f 1118/2074/2074 1121/2075/2075 1119/2076/2076
f 1122/2077/2077 1123/2078/2078 1124/2079/2079
f 1122/2080/2080 1125/2081/2081 1123/2082/2082
f 1126/2083/2083 1127/2084/2084 1128/2085/2085
f 1126/2086/2086 1129/2087/2087 1127/2088/2088
f 1130/2089/2089 1131/2090/2090 1132/2091/2091
f 1133/2092/2092 1131/2093/2093 1130/2094/2094
f 1133/2095/2095 1130/2096/2096 1134/2097/2097
f 1134/2098/2098 1135/2099/2099 1133/2100/2100
f 1136/2101/2101 1137/2102/2102 1138/2103/2103
f 1139/2104/2104 1137/2105/2105 1136/2106/2106
f 1139/2107/2107 1136/2108/2108 1140/2109/2109
f 1140/2110/2110 1141/2111/2111 1139/2112/2112
f 1142/2113/2113 1143/2114/2114 1144/2115/2115
f 1142/2116/2116 1145/2117/2117 1143/2118/2118
f 1146/2119/2119 1147/2120/2120 1148/2121/2121
f 1146/2122/2122 1149/2123/2123 1147/2124/2124
f 1150/2125/2125 1151/2126/2126 1152/2127/2127
f 1152/2128/2128 1153/2129/2129 1150/2130/2130
f 1152/2131/2131 1154/2132/2132 1153/2133/2133
f 1155/2134/2134 1156/2135/2135 1157/2136/2136
f 1156/2137/2137 1155/2138/2138 1158/2139/2139
f 1156/2140/2140 1158/2141/2141 1159/2142/2142
f 1159/2143/2143 1158/2144/2144 1160/2145/2145
f 1159/2146/2146 1160/2147/2147 1161/2148/2148
f 1162/2149/2149 1161/2150/2150 1160/2151/2151
f 1162/2152/2152 1160/2153/2153 1163/2154/2154
f 1163/2155/2155 1164/2156/2156 1162/2157/2157
f 1155/2158/2158 1165/2159/2159 1158/2160/2160
f 1158/2161/2161 1165/2162/2162 1166/2163/2163
f 1158/2164/2164 1166/2165/2165 1160/2166/2166
f 1167/2167/2167 1160/2168/2168 1166/2169/2169
f 1167/2170/2170 1163/2171/2171 1160/2172/2172
f 1155/2173/2173 1168/2174/2174 1165/2175/2175
f 1169/2176/2176 1170/2177/2177 1171/2178/2178
f 1169/2179/2179 1172/2180/2180 1170/2181/2181
f 1173/2182/2182 1174/2183/2183 1175/2184/2184
f 1173/2185/2185 1176/2186/2186 1174/2187/2187
f 1177/2188/2188 1178/2189/2189 1179/2190/2190
f 1177/2191/2191 1180/2192/2192 1178/2193/2193
f 1180/2194/2194 1181/2195/2195 1178/2196/2196
f 1182/2197/2197 1178/2198/2198 1181/2199/2199
f 1182/2200/2200 1183/2201/2201 1178/2202/2202
f 1183/2203/2203 1182/2204/2204 1184/2205/2205
f 1183/2206/2206 1184/2207/2207 1185/2208/2208
f 1180/2209/2209 1186/2210/2210 1181/2211/2211
f 1187/2212/2212 1186/2213/2213 1180/2214/2214
f 1187/2215/2215 1188/2216/2216 1186/2217/2217
f 1188/2218/2218 1187/2219/2219 1189/2220/2220
f 1188/2221/2221 1189/2222/2222 1190/2223/2223
f 1191/2224/2224 1192/2225/2225 1193/2226/2226
f 1191/2227/2227 1193/2228/2228 1194/2229/2229
f 1195/2230/2230 1194/2231/2231 1193/2232/2232
f 1195/2233/2233 1196/2234/2234 1194/2235/2235
f 1197/2236/2236 1198/2237/2237 1199/2238/2238
f 1197/2239/2239 1199/2240/2240 1200/2241/2241
f 1201/2242/2242 1200/2243/2243 1199/2244/2244
f 1201/2245/2245 1202/2246/2246 1200/2247/2247
f 1203/2248/2248 1204/2249/2249 1205/2250/2250
f 1203/2251/2251 1206/2252/2252 1204/2253/2253
f 1207/2254/2254 1206/2255/2255 1203/2256/2256
f 1208/2257/2257 1178/2258/2258 1209/2259/2259
f 1208/2260/2260 1210/2261/2261 1178/2262/2262
f 1211/2263/2263 1212/2264/2264 1213/2265/2265
f 1211/2266/2266 1214/2267/2267 1212/2268/2268
f 1214/2269/2269 1211/2270/2270 1215/2271/2271
f 1214/2272/2272 1215/2273/2273 1192/2274/2274
f 1214/2275/2275 1192/2276/2276 1216/2277/2277
f 1214/2278/2278 1216/2279/2279 1217/2280/2280
f 1217/2281/2281 1218/2282/2282 1214/2283/2283
f 1192/2284/2284 1215/2285/2285 1219/2286/2286
f 1192/2287/2287 1219/2288/2288 1220/2289/2289
f 1221/2290/2290 1220/2291/2291 1219/2292/2292
f 1221/2293/2293 1219/2294/2294 1222/2295/2295
f 1221/2296/2296 1222/2297/2297 1223/2298/2298
f 1221/2299/2299 1223/2300/2300 1224/2301/2301
f 1196/2302/2302 1221/2303/2303 1224/2304/2304
f 1225/2305/2305 1226/2306/2306 1227/2307/2307
f 1225/2308/2308 1227/2309/2309 1228/2310/2310
f 1227/2311/2311 1229/2312/2312 1228/2313/2313
f 1227/2314/2314 1230/2315/2315 1229/2316/2316
f 1231/2317/2317 1229/2318/2318 1230/2319/2319
f 1231/2320/2320 1232/2321/2321 1229/2322/2322
f 1233/2323/2323 1232/2324/2324 1231/2325/2325
f 1233/2326/2326 1234/2327/2327 1232/2328/2328
f 1235/2329/2329 1234/2330/2330 1233/2331/2331
f 1235/2332/2332 1236/2333/2333 1234/2334/2334
f 1237/2335/2335 1238/2336/2336 1155/2337/2337
f 1237/2338/2338 1239/2339/2339 1238/2340/2340
f 1240/2341/2341 1241/2342/2342 1242/2343/2343
f 1240/2344/2344 1164/2345/2345 1241/2346/2346
f 1243/2347/2347 1244/2348/2348 1245/2349/2349
f 1245/2350/2350 1246/2351/2351 1243/2352/2352
f 1245/2353/2353 1247/2354/2354 1246/2355/2355
f 128/2356/2356 1246/2357/2357 1247/2358/2358
f 128/2359/2359 1248/2360/2360 1246/2361/2361
f 1245/2362/2362 1249/2363/2363 1247/2364/2364
f 128/2365/2365 1247/2366/2366 1249/2367/2367
f 128/2368/2368 1249/2369/2369 1250/2370/2370
f 128/2371/2371 1250/2372/2372 1251/2373/2373
f 128/2374/2374 1251/2375/2375 1252/2376/2376
f 1245/2377/2377 1253/2378/2378 1249/2379/2379
f 1253/2380/2380 1245/2381/2381 1254/2382/2382
f 1253/2383/2383 1254/2384/2384 1255/2385/2385
f 1256/2386/2386 1257/2387/2387 1258/2388/2388
f 1256/2389/2389 1259/2390/2390 1257/2391/2391
f 1260/2392/2392 1261/2393/2393 1262/2394/2394
f 1260/2395/2395 1263/2396/2396 1261/2397/2397
f 1264/2398/2398 1265/2399/2399 1266/2400/2400
f 1264/2401/2401 1267/2402/2402 1265/2403/2403
f 1268/2404/2404 1265/2405/2405 1267/2406/2406
f 1268/2407/2407 1269/2408/2408 1265/2409/2409
f 1270/2410/2410 1271/2411/2411 1272/2412/2412
f 1270/2413/2413 1272/2414/2414 1273/2415/2415
f 1273/2416/2416 1272/2417/2417 1274/2418/2418
f 1273/2419/2419 1274/2420/2420 1275/2421/2421
f 1276/2422/2422 1275/2423/2423 1274/2424/2424
f 1276/2425/2425 1274/2426/2426 1277/2427/2427
f 1278/2428/2428 1276/2429/2429 1277/2430/2430
f 1278/2431/2431 1279/2432/2432 1276/2433/2433
f 1280/2434/2434 1281/2435/2435 1282/2436/2436
f 1280/2437/2437 1283/2438/2438 1281/2439/2439
f 1283/2440/2440 1280/2441/2441 1284/2442/2442
f 1283/2443/2443 1284/2444/2444 1285/2445/2445
f 1286/2446/2446 1285/2447/2447 1284/2448/2448
f 1286/2449/2449 1287/2450/2450 1285/2451/2451
f 1287/2452/2452 1286/2453/2453 1288/2454/2454
f 1287/2455/2455 1288/2456/2456 1289/2457/2457
f 1290/2458/2458 1286/2459/2459 1284/2460/2460
f 1290/2461/2461 1284/2462/2462 1291/2463/2463
f 1292/2464/2464 1293/2465/2465 1280/2466/2466
f 1292/2467/2467 1294/2468/2468 1293/2469/2469
f 1295/2470/2470 1296/2471/2471 1297/2472/2472
f 1295/2473/2473 1297/2474/2474 1298/2475/2475
f 1299/2476/2476 1295/2477/2477 1298/2478/2478
f 1295/2479/2479 1299/2480/2480 1300/2481/2481
f 1301/2482/2482 1298/2483/2483 1297/2484/2484
f 1301/2485/2485 1257/2486/2486 1298/2487/2487
f 1302/2488/2488 1298/2489/2489 1257/2490/2490
f 1302/2491/2491 1303/2492/2492 1298/2493/2493
f 1299/2494/2494 1298/2495/2495 1303/2496/2496
f 1257/2497/2497 1304/2498/2498 1302/2499/2499
f 1305/2500/2500 1306/2501/2501 1307/2502/2502
f 1305/2503/2503 1308/2504/2504 1306/2505/2505
f 1309/2506/2506 1310/2507/2507 1311/2508/2508
f 1309/2509/2509 1312/2510/2510 1310/2511/2511
f 1313/2512/2512 1314/2513/2513 1315/2514/2514
f 1313/2515/2515 1316/2516/2516 1314/2517/2517
f 1317/2518/2518 1318/2519/2519 1319/2520/2520
f 1317/2521/2521 1320/2522/2522 1318/2523/2523
f 1321/2524/2524 1322/2525/2525 1323/2526/2526
f 1323/2527/2527 1324/2528/2528 1321/2529/2529
f 1323/2530/2530 1325/2531/2531 1324/2532/2532
f 1326/2533/2533 1327/2534/2534 1328/2535/2535
f 1327/2536/2536 1329/2537/2537 1328/2538/2538
f 1327/2539/2539 1330/2540/2540 1329/2541/2541
f 1327/2542/2542 1331/2543/2543 1330/2544/2544
f 1327/2545/2545 1332/2546/2546 1331/2547/2547
f 1333/2548/2548 1331/2549/2549 1332/2550/2550
f 1333/2551/2551 1334/2552/2552 1331/2553/2553
f 1334/2554/2554 1333/2555/2555 1335/2556/2556
f 1334/2557/2557 1335/2558/2558 1336/2559/2559
f 1327/2560/2560 1337/2561/2561 1332/2562/2562
f 1333/2563/2563 1332/2564/2564 1337/2565/2565
f 1333/2566/2566 1337/2567/2567 1338/2568/2568
f 1338/2569/2569 1335/2570/2570 1333/2571/2571
f 1327/2572/2572 1339/2573/2573 1337/2574/2574
f 1340/2575/2575 1341/2576/2576 1342/2577/2577
f 1340/2578/2578 1343/2579/2579 1341/2580/2580
f 1341/2581/2581 1343/2582/2582 1344/2583/2583
f 1344/2584/2584 1345/2585/2585 1341/2586/2586
f 1344/2587/2587 1346/2588/2588 1345/2589/2589
f 1322/2590/2590 1345/2591/2591 1346/2592/2592
f 1322/2593/2593 1347/2594/2594 1345/2595/2595
f 1348/2596/2596 1349/2597/2597 1350/2598/2598
f 1348/2599/2599 1351/2600/2600 1349/2601/2601
f 1352/2602/2602 1353/2603/2603 1354/2604/2604
f 1352/2605/2605 1354/2606/2606 1355/2607/2607
f 1355/2608/2608 1354/2609/2609 1356/2610/2610
f 1355/2611/2611 1356/2612/2612 1357/2613/2613
f 1358/2614/2614 1357/2615/2615 1356/2616/2616
f 1358/2617/2617 1356/2618/2618 1359/2619/2619
f 1360/2620/2620 1358/2621/2621 1359/2622/2622
f 1360/2623/2623 1361/2624/2624 1358/2625/2625
f 1362/2626/2626 1363/2627/2627 1364/2628/2628
f 1362/2629/2629 1365/2630/2630 1363/2631/2631
f 1365/2632/2632 1362/2633/2633 1366/2634/2634
f 1365/2635/2635 1366/2636/2636 1367/2637/2637
f 1368/2638/2638 1367/2639/2639 1366/2640/2640
f 1368/2641/2641 1369/2642/2642 1367/2643/2643
f 1370/2644/2644 1366/2645/2645 1362/2646/2646
f 1370/2647/2647 1371/2648/2648 1366/2649/2649
f 1372/2650/2650 1373/2651/2651 1374/2652/2652
f 1372/2653/2653 1368/2654/2654 1373/2655/2655
f 1375/2656/2656 1376/2657/2657 1377/2658/2658
f 1375/2659/2659 1378/2660/2660 1376/2661/2661
f 1379/2662/2662 1380/2663/2663 1381/2664/2664
f 1379/2665/2665 1382/2666/2666 1380/2667/2667
f 1383/2668/2668 1384/2669/2669 1385/2670/2670
f 1383/2671/2671 1386/2672/2672 1384/2673/2673
f 1387/2674/2674 1385/2675/2675 1388/2676/2676
f 1387/2677/2677 1341/2678/2678 1385/2679/2679
f 1389/2680/2680 1390/2681/2681 1391/2682/2682
f 1389/2683/2683 1392/2684/2684 1390/2685/2685
f 1393/2686/2686 1394/2687/2687 1395/2688/2688
f 1393/2689/2689 1396/2690/2690 1394/2691/2691
f 1397/2692/2692 1398/2693/2693 1399/2694/2694
f 1399/2695/2695 1400/2696/2696 1397/2697/2697
f 1401/2698/2698 1397/2699/2699 1400/2700/2700
f 1401/2701/2701 1400/2702/2702 1402/2703/2703
f 1399/2704/2704 1403/2705/2705 1400/2706/2706
f 1400/2707/2707 1403/2708/2708 1404/2709/2709
f 1405/2710/2710 1406/2711/2711 1407/2712/2712
f 1407/2713/2713 1408/2714/2714 1405/2715/2715
f 1407/2716/2716 1409/2717/2717 1408/2718/2718
f 1409/2719/2719 1407/2720/2720 1410/2721/2721
f 1409/2722/2722 1410/2723/2723 1411/2724/2724
f 1409/2725/2725 1411/2726/2726 1412/2727/2727
f 1409/2728/2728 1412/2729/2729 1413/2730/2730
f 1414/2731/2731 1409/2732/2732 1413/2733/2733
f 1410/2734/2734 1407/2735/2735 1415/2736/2736
f 1410/2737/2737 1415/2738/2738 1416/2739/2739
f 1417/2740/2740 1418/2741/2741 1419/2742/2742
f 1417/2743/2743 1398/2744/2744 1418/2745/2745
f 1420/2746/2746 1421/2747/2747 1400/2748/2748
f 1420/2749/2749 1422/2750/2750 1421/2751/2751
f 1423/2752/2752 1424/2753/2753 1425/2754/2754
f 1423/2755/2755 1426/2756/2756 1424/2757/2757
f 1427/2758/2758 1428/2759/2759 1429/2760/2760
f 1427/2761/2761 1429/2762/2762 1430/2763/2763
f 1431/2764/2764 1430/2765/2765 1429/2766/2766
f 1431/2767/2767 1429/2768/2768 1432/2769/2769
f 1433/2770/2770 1431/2771/2771 1432/2772/2772
f 1433/2773/2773 1434/2774/2774 1431/2775/2775
f 1435/2776/2776 1436/2777/2777 1437/2778/2778
f 1435/2779/2779 1438/2780/2780 1436/2781/2781
f 1438/2782/2782 1435/2783/2783 1439/2784/2784
f 1438/2785/2785 1439/2786/2786 1440/2787/2787
f 1440/2788/2788 1439/2789/2789 1441/2790/2790
f 1440/2791/2791 1441/2792/2792 1442/2793/2793
f 1443/2794/2794 1439/2795/2795 1435/2796/2796
f 1443/2797/2797 1444/2798/2798 1439/2799/2799
f 1445/2800/2800 1446/2801/2801 1447/2802/2802
f 1447/2803/2803 1448/2804/2804 1445/2805/2805
f 1447/2806/2806 1449/2807/2807 1448/2808/2808
f 167/2809/2809 1448/2810/2810 1449/2811/2811
f 167/2812/2812 1450/2813/2813 1448/2814/2814
f 1447/2815/2815 1451/2816/2816 1449/2817/2817
f 167/2818/2818 1449/2819/2819 1451/2820/2820
f 167/2821/2821 1451/2822/2822 1452/2823/2823
f 167/2824/2824 1452/2825/2825 1453/2826/2826
f 167/2827/2827 1453/2828/2828 1454/2829/2829
f 1447/2830/2830 1455/2831/2831 1451/2832/2832
f 1455/2833/2833 1447/2834/2834 1456/2835/2835
f 1455/2836/2836 1456/2837/2837 1457/2838/2838
f 1458/2839/2839 1459/2840/2840 1460/2841/2841
f 1460/2842/2842 1459/2843/2843 1461/2844/2844
f 1460/2845/2845 1461/2846/2846 1462/2847/2847
f 1463/2848/2848 1464/2849/2849 1465/2850/2850
f 1463/2851/2851 1466/2852/2852 1464/2853/2853
f 1467/2854/2854 1468/2855/2855 1469/2856/2856
f 1467/2857/2857 1470/2858/2858 1468/2859/2859
f 1471/2860/2860 1472/2861/2861 1473/2862/2862
f 1471/2863/2863 1474/2864/2864 1472/2865/2865
f 1475/2866/2866 1472/2867/2867 1474/2868/2868
f 1475/2869/2869 1476/2870/2870 1472/2871/2871
f 1477/2872/2872 1478/2873/2873 1479/2874/2874
f 1477/2875/2875 1479/2876/2876 1480/2877/2877
f 1480/2878/2878 1479/2879/2879 1448/2880/2880
f 1480/2881/2881 1448/2882/2882 1481/2883/2883
f 1482/2884/2884 1481/2885/2885 1448/2886/2886
f 1482/2887/2887 1448/2888/2888 1483/2889/2889
f 1484/2890/2890 1482/2891/2891 1483/2892/2892
f 1484/2893/2893 1485/2894/2894 1482/2895/2895
f 1486/2896/2896 1487/2897/2897 1488/2898/2898
f 1486/2899/2899 1489/2900/2900 1487/2901/2901
f 1489/2902/2902 1486/2903/2903 1490/2904/2904
f 1489/2905/2905 1490/2906/2906 1491/2907/2907
f 1492/2908/2908 1491/2909/2909 1490/2910/2910
f 1492/2911/2911 1493/2912/2912 1491/2913/2913
f 1493/2914/2914 1492/2915/2915 1494/2916/2916
f 1493/2917/2917 1494/2918/2918 1495/2919/2919
f 1496/2920/2920 1497/2921/2921 1486/2922/2922
f 1496/2923/2923 1498/2924/2924 1497/2925/2925
f 1469/2926/2926 1499/2927/2927 1500/2928/2928
f 1469/2929/2929 1500/2930/2930 1501/2931/2931
f 1502/2932/2932 1469/2933/2933 1501/2934/2934
f 1469/2935/2935 1502/2936/2936 1503/2937/2937
f 1504/2938/2938 1501/2939/2939 1500/2940/2940
f 1504/2941/2941 1464/2942/2942 1501/2943/2943
f 1505/2944/2944 1501/2945/2945 1464/2946/2946
f 1505/2947/2947 1506/2948/2948 1501/2949/2949
f 1502/2950/2950 1501/2951/2951 1506/2952/2952
f 1464/2953/2953 1507/2954/2954 1505/2955/2955
f 1508/2956/2956 1509/2957/2957 1510/2958/2958
f 1508/2959/2959 1511/2960/2960 1509/2961/2961
f 1512/2962/2962 1513/2963/2963 1514/2964/2964
f 1512/2965/2965 1515/2966/2966 1513/2967/2967
f 1516/2968/2968 1517/2969/2969 1518/2970/2970
f 1518/2971/2971 1519/2972/2972 1516/2973/2973
f 1518/2974/2974 1520/2975/2975 1519/2976/2976
f 1521/2977/2977 1519/2978/2978 1520/2979/2979
f 1521/2980/2980 1522/2981/2981 1519/2982/2982
f 1518/2983/2983 1523/2984/2984 1520/2985/2985
f 1521/2986/2986 1520/2987/2987 1523/2988/2988
f 1521/2989/2989 1523/2990/2990 1524/2991/2991
f 1521/2992/2992 1524/2993/2993 1525/2994/2994
f 1521/2995/2995 1525/2996/2996 1526/2997/2997
f 1527/2998/2998 1521/2999/2999 1526/3000/3000
f 1518/3001/3001 1528/3002/3002 1523/3003/3003
f 1528/3004/3004 1518/3005/3005 1529/3006/3006
f 1528/3007/3007 1529/3008/3008 1530/3009/3009
f 1531/3010/3010 1532/3011/3011 1533/3012/3012
f 1531/3013/3013 1534/3014/3014 1532/3015/3015
f 1532/3016/3016 1534/3017/3017 1535/3018/3018
f 1535/3019/3019 1536/3020/3020 1532/3021/3021
f 1535/3022/3022 1537/3023/3023 1536/3024/3024
f 1538/3025/3025 1536/3026/3026 1537/3027/3027
f 1538/3028/3028 1539/3029/3029 1536/3030/3030
f 1539/3031/3031 1540/3032/3032 1536/3033/3033
f 1539/3034/3034 1541/3035/3035 1540/3036/3036
f 1539/3037/3037 1538/3038/3038 1542/3039/3039
f 1543/3040/3040 1544/3041/3041 1545/3042/3042
f 1543/3043/3043 1546/3044/3044 1544/3045/3045
f 1547/3046/3046 1548/3047/3047 1549/3048/3048
f 1547/3049/3049 1550/3050/3050 1548/3051/3051
f 1551/3052/3052 1548/3053/3053 1550/3054/3054
f 1551/3055/3055 1552/3056/3056 1548/3057/3057
f 1553/3058/3058 1554/3059/3059 1555/3060/3060
f 1553/3061/3061 1555/3062/3062 1556/3063/3063
f 1556/3064/3064 1555/3065/3065 1557/3066/3066
f 1556/3067/3067 1557/3068/3068 1558/3069/3069
f 1559/3070/3070 1558/3071/3071 1557/3072/3072
f 1559/3073/3073 1557/3074/3074 1560/3075/3075
f 1561/3076/3076 1559/3077/3077 1560/3078/3078
f 1561/3079/3079 1562/3080/3080 1559/3081/3081
f 1563/3082/3082 1564/3083/3083 1565/3084/3084
f 1563/3085/3085 1566/3086/3086 1564/3087/3087
f 1566/3088/3088 1563/3089/3089 1567/3090/3090
f 1566/3091/3091 1567/3092/3092 1568/3093/3093
f 1569/3094/3094 1568/3095/3095 1567/3096/3096
f 1569/3097/3097 1570/3098/3098 1568/3099/3099
f 1570/3100/3100 1569/3101/3101 1571/3102/3102
f 1570/3103/3103 1571/3104/3104 1572/3105/3105
f 1573/3106/3106 1567/3107/3107 1563/3108/3108
f 1573/3109/3109 1574/3110/3110 1567/3111/3111
f 1575/3112/3112 1567/3113/3113 1574/3114/3114
f 1575/3115/3115 1569/3116/3116 1567/3117/3117
f 1576/3118/3118 1577/3119/3119 1578/3120/3120
f 1576/3121/3121 1579/3122/3122 1577/3123/3123
f 1580/3124/3124 1581/3125/3125 1582/3126/3126
f 1580/3127/3127 1583/3128/3128 1581/3129/3129
f 1584/3130/3130 1585/3131/3131 1586/3132/3132
f 1584/3133/3133 1587/3134/3134 1585/3135/3135
f 1588/3136/3136 1589/3137/3137 1590/3138/3138
f 1588/3139/3139 1590/3140/3140 1591/3141/3141
f 1591/3142/3142 1590/3143/3143 1592/3144/3144
f 1591/3145/3145 1592/3146/3146 1593/3147/3147
f 1594/3148/3148 1593/3149/3149 1592/3150/3150
f 1594/3151/3151 1592/3152/3152 1595/3153/3153
f 1596/3154/3154 1594/3155/3155 1595/3156/3156
f 1596/3157/3157 1597/3158/3158 1594/3159/3159
f 1598/3160/3160 1599/3161/3161 1600/3162/3162
f 1598/3163/3163 1601/3164/3164 1599/3165/3165
f 1602/3166/3166 1603/3167/3167 1604/3168/3168
f 1602/3169/3169 1605/3170/3170 1603/3171/3171
f 1605/3172/3172 1602/3173/3173 1606/3174/3174
f 1605/3175/3175 1606/3176/3176 1607/3177/3177
f 1608/3178/3178 1609/3179/3179 1610/3180/3180
f 1608/3181/3181 1611/3182/3182 1609/3183/3183
f 1611/3184/3184 1608/3185/3185 1612/3186/3186
f 1611/3187/3187 1612/3188/3188 1606/3189/3189
f 1613/3190/3190 1614/3191/3191 1615/3192/3192
f 1613/3193/3193 1616/3194/3194 1614/3195/3195
f 1617/3196/3196 1618/3197/3197 1619/3198/3198
f 1617/3199/3199 1619/3200/3200 1620/3201/3201
f 1621/3202/3202 1620/3203/3203 1619/3204/3204
f 1621/3205/3205 1619/3206/3206 1622/3207/3207
f 1623/3208/3208 1624/3209/3209 1625/3210/3210
f 1623/3211/3211 1625/3212/3212 1626/3213/3213
f 1623/3214/3214 1626/3215/3215 1627/3216/3216
f 1623/3217/3217 1627/3218/3218 1628/3219/3219
f 1628/3220/3220 1629/3221/3221 1623/3222/3222
f 1630/3223/3223 1626/3224/3224 1625/3225/3225
f 1630/3226/3226 1627/3227/3227 1626/3228/3228
f 1630/3229/3229 1631/3230/3230 1627/3231/3231
f 1631/3232/3232 1630/3233/3233 1632/3234/3234
f 1630/3235/3235 1625/3236/3236 1633/3237/3237
f 1634/3238/3238 1635/3239/3239 1636/3240/3240
f 1634/3241/3241 1636/3242/3242 1637/3243/3243
f 1638/3244/3244 1634/3245/3245 1637/3246/3246
f 1634/3247/3247 1638/3248/3248 1639/3249/3249
f 1640/3250/3250 1637/3251/3251 1636/3252/3252
f 1640/3253/3253 1641/3254/3254 1637/3255/3255
f 1642/3256/3256 1637/3257/3257 1641/3258/3258
f 1642/3259/3259 1643/3260/3260 1637/3261/3261
f 1638/3262/3262 1637/3263/3263 1643/3264/3264
f 1641/3265/3265 1644/3266/3266 1642/3267/3267
f 1645/3268/3268 1646/3269/3269 1647/3270/3270
f 1645/3271/3271 1648/3272/3272 1646/3273/3273
f 1649/3274/3274 1650/3275/3275 1651/3276/3276
f 1649/3277/3277 1652/3278/3278 1650/3279/3279
f 1653/3280/3280 1654/3281/3281 1655/3282/3282
f 1654/3283/3283 1656/3284/3284 1655/3285/3285
f 1654/3286/3286 1657/3287/3287 1656/3288/3288
f 1658/3289/3289 1656/3290/3290 1657/3291/3291
f 1658/3292/3292 1659/3293/3293 1656/3294/3294
f 1660/3295/3295 1659/3296/3296 1658/3297/3297
f 1661/3298/3298 1641/3299/3299 1662/3300/3300
f 1661/3301/3301 1663/3302/3302 1641/3303/3303
f 1664/3304/3304 1665/3305/3305 1634/3306/3306
f 1664/3307/3307 1666/3308/3308 1665/3309/3309
f 1667/3310/3310 1668/3311/3311 1669/3312/3312
f 1670/3313/3313 1669/3314/3314 1668/3315/3315
f 1671/3316/3316 1669/3317/3317 1670/3318/3318
f 1669/3319/3319 1671/3320/3320 1672/3321/3321
f 1669/3322/3322 1672/3323/3323 1673/3324/3324
f 1670/3325/3325 1668/3326/3326 1674/3327/3327
f 1672/3328/3328 1671/3329/3329 1675/3330/3330
f 1671/3331/3331 1670/3332/3332 1676/3333/3333
f 1671/3334/3334 1676/3335/3335 1677/3336/3336
f 1671/3337/3337 1677/3338/3338 1678/3339/3339
f 1679/3340/3340 1680/3341/3341 1681/3342/3342
f 1679/3343/3343 1682/3344/3344 1680/3345/3345
f 1683/3346/3346 1684/3347/3347 1685/3348/3348
f 1683/3349/3349 1686/3350/3350 1684/3351/3351
f 1687/3352/3352 1688/3353/3353 1689/3354/3354
f 1687/3355/3355 1690/3356/3356 1688/3357/3357
f 1691/3358/3358 1692/3359/3359 1693/3360/3360
f 1691/3361/3361 1693/3362/3362 1694/3363/3363
f 1695/3364/3364 1694/3365/3365 1693/3366/3366
f 1695/3367/3367 1693/3368/3368 1696/3369/3369
f 1697/3370/3370 1695/3371/3371 1696/3372/3372
f 1697/3373/3373 1698/3374/3374 1695/3375/3375
f 1699/3376/3376 1700/3377/3377 1701/3378/3378
f 1699/3379/3379 1702/3380/3380 1700/3381/3381
f 1702/3382/3382 1699/3383/3383 1703/3384/3384
f 1702/3385/3385 1703/3386/3386 1704/3387/3387
f 1704/3388/3388 1703/3389/3389 1705/3390/3390
f 1704/3391/3391 1705/3392/3392 1706/3393/3393
f 1707/3394/3394 1703/3395/3395 1699/3396/3396
f 1707/3397/3397 1708/3398/3398 1703/3399/3399
f 1709/3400/3400 1710/3401/3401 1711/3402/3402
f 1709/3403/3403 1712/3404/3404 1710/3405/3405
f 1713/3406/3406 1714/3407/3407 1715/3408/3408
f 1713/3409/3409 1716/3410/3410 1714/3411/3411
f 1717/3412/3412 1718/3413/3413 1719/3414/3414
f 1717/3415/3415 1720/3416/3416 1718/3417/3417
f 1721/3418/3418 1722/3419/3419 1723/3420/3420
f 1723/3421/3421 1724/3422/3422 1721/3423/3423
f 1723/3424/3424 1725/3425/3425 1724/3426/3426
f 1724/3427/3427 1725/3428/3428 1726/3429/3429
f 1727/3430/3430 1728/3431/3431 1729/3432/3432
f 1729/3433/3433 1730/3434/3434 1727/3435/3435
f 1729/3436/3436 1731/3437/3437 1730/3438/3438
f 209/3439/3439 1730/3440/3440 1731/3441/3441
f 209/3442/3442 1732/3443/3443 1730/3444/3444
f 1729/3445/3445 1733/3446/3446 1731/3447/3447
f 209/3448/3448 1731/3449/3449 1733/3450/3450
f 209/3451/3451 1733/3452/3452 1734/3453/3453
f 209/3454/3454 1734/3455/3455 1735/3456/3456
f 209/3457/3457 1735/3458/3458 1736/3459/3459
f 1729/3460/3460 1737/3461/3461 1733/3462/3462
f 1737/3463/3463 1729/3464/3464 1738/3465/3465
f 1737/3466/3466 1738/3467/3467 1739/3468/3468
f 1740/3469/3469 1741/3470/3470 1742/3471/3471
f 1740/3472/3472 1743/3473/3473 1741/3474/3474
f 1744/3475/3475 1745/3476/3476 1746/3477/3477
f 1744/3478/3478 1747/3479/3479 1745/3480/3480
f 1748/3481/3481 1749/3482/3482 1750/3483/3483
f 1748/3484/3484 1751/3485/3485 1749/3486/3486
f 1752/3487/3487 1749/3488/3488 1751/3489/3489
f 1752/3490/3490 1753/3491/3491 1749/3492/3492
f 1754/3493/3493 1755/3494/3494 1756/3495/3495
f 1754/3496/3496 1756/3497/3497 1757/3498/3498
f 1757/3499/3499 1756/3500/3500 1758/3501/3501
f 1757/3502/3502 1758/3503/3503 1759/3504/3504
f 1760/3505/3505 1759/3506/3506 1758/3507/3507
f 1760/3508/3508 1758/3509/3509 1761/3510/3510
f 1762/3511/3511 1760/3512/3512 1761/3513/3513
f 1762/3514/3514 1763/3515/3515 1760/3516/3516
f 1764/3517/3517 1765/3518/3518 1766/3519/3519
f 1764/3520/3520 1767/3521/3521 1765/3522/3522
f 1767/3523/3523 1764/3524/3524 1768/3525/3525
f 1767/3526/3526 1768/3527/3527 1769/3528/3528
f 1770/3529/3529 1769/3530/3530 1768/3531/3531
f 1770/3532/3532 1771/3533/3533 1769/3534/3534
f 1771/3535/3535 1770/3536/3536 1772/3537/3537
f 1771/3538/3538 1772/3539/3539 1773/3540/3540
f 1774/3541/3541 1770/3542/3542 1768/3543/3543
f 1774/3544/3544 1768/3545/3545 1775/3546/3546
f 1776/3547/3547 1777/3548/3548 1764/3549/3549
f 1776/3550/3550 1778/3551/3551 1777/3552/3552
f 1779/3553/3553 1780/3554/3554 1781/3555/3555
f 1779/3556/3556 1781/3557/3557 1782/3558/3558
f 1783/3559/3559 1779/3560/3560 1782/3561/3561
f 1779/3562/3562 1783/3563/3563 1784/3564/3564
f 1785/3565/3565 1782/3566/3566 1781/3567/3567
f 1785/3568/3568 1741/3569/3569 1782/3570/3570
f 1786/3571/3571 1782/3572/3572 1741/3573/3573
f 1786/3574/3574 1787/3575/3575 1782/3576/3576
f 1783/3577/3577 1782/3578/3578 1787/3579/3579
f 1741/3580/3580 1788/3581/3581 1786/3582/3582
f 1789/3583/3583 1790/3584/3584 1791/3585/3585
f 1789/3586/3586 1792/3587/3587 1790/3588/3588
f 1793/3589/3589 1794/3590/3590 1795/3591/3591
f 1793/3592/3592 1796/3593/3593 1794/3594/3594
f 1797/3595/3595 1798/3596/3596 1799/3597/3597
f 1799/3598/3598 1800/3599/3599 1797/3600/3600
f 1799/3601/3601 1801/3602/3602 1800/3603/3603
f 1799/3604/3604 1802/3605/3605 1801/3606/3606
f 1803/3607/3607 1801/3608/3608 1802/3609/3609
f 1803/3610/3610 1802/3611/3611 1804/3612/3612
f 1803/3613/3613 1804/3614/3614 1805/3615/3615
f 1803/3616/3616 1805/3617/3617 1806/3618/3618
f 1799/3619/3619 1807/3620/3620 1802/3621/3621
f 1807/3622/3622 1799/3623/3623 1808/3624/3624
f 1807/3625/3625 1808/3626/3626 1809/3627/3627
f 1810/3628/3628 1811/3629/3629 1812/3630/3630
f 1811/3631/3631 1810/3632/3632 1813/3633/3633
f 1811/3634/3634 1813/3635/3635 1801/3636/3636
f 1814/3637/3637 1815/3638/3638 1816/3639/3639
f 1814/3640/3640 1817/3641/3641 1815/3642/3642
f 1818/3643/3643 1819/3644/3644 1820/3645/3645
f 1818/3646/3646 1821/3647/3647 1819/3648/3648
f 1822/3649/3649 1823/3650/3650 1824/3651/3651
f 1822/3652/3652 1825/3653/3653 1823/3654/3654
f 1826/3655/3655 1827/3656/3656 1828/3657/3657
f 1826/3658/3658 1828/3659/3659 1829/3660/3660
f 1829/3661/3661 1828/3662/3662 1830/3663/3663
f 1829/3664/3664 1830/3665/3665 1831/3666/3666
f 1832/3667/3667 1831/3668/3668 1830/3669/3669
f 1832/3670/3670 1830/3671/3671 1833/3672/3672
f 1834/3673/3673 1832/3674/3674 1833/3675/3675
f 1834/3676/3676 1835/3677/3677 1832/3678/3678
f 1836/3679/3679 1837/3680/3680 1838/3681/3681
f 1836/3682/3682 1839/3683/3683 1837/3684/3684
f 1839/3685/3685 1836/3686/3686 1840/3687/3687
f 1839/3688/3688 1840/3689/3689 1841/3690/3690
f 1842/3691/3691 1841/3692/3692 1840/3693/3693
f 1842/3694/3694 1843/3695/3695 1841/3696/3696
f 1843/3697/3697 1842/3698/3698 1844/3699/3699
f 1843/3700/3700 1844/3701/3701 1845/3702/3702
f 1846/3703/3703 1840/3704/3704 1836/3705/3705
f 1846/3706/3706 1847/3707/3707 1840/3708/3708
f 1848/3709/3709 1840/3710/3710 1847/3711/3711
f 1848/3712/3712 1842/3713/3713 1840/3714/3714
f 1849/3715/3715 1850/3716/3716 1851/3717/3717
f 1849/3718/3718 1852/3719/3719 1850/3720/3720
f 1849/3721/3721 1853/3722/3722 1852/3723/3723
f 1854/3724/3724 1855/3725/3725 1856/3726/3726
f 1854/3727/3727 1856/3728/3728 1857/3729/3729
f 1858/3730/3730 1854/3731/3731 1857/3732/3732
f 1854/3733/3733 1858/3734/3734 1859/3735/3735
f 1860/3736/3736 1857/3737/3737 1856/3738/3738
f 1860/3739/3739 1815/3740/3740 1857/3741/3741
f 1861/3742/3742 1857/3743/3743 1815/3744/3744
f 1861/3745/3745 1862/3746/3746 1857/3747/3747
f 1858/3748/3748 1857/3749/3749 1862/3750/3750
f 1815/3751/3751 1863/3752/3752 1861/3753/3753
f 1864/3754/3754 1865/3755/3755 1866/3756/3756
f 1864/3757/3757 1867/3758/3758 1865/3759/3759
f 1868/3760/3760 1869/3761/3761 1870/3762/3762
f 1868/3763/3763 1871/3764/3764 1869/3765/3765
f 1872/3766/3766 1873/3767/3767 1874/3768/3768
f 1874/3769/3769 1875/3770/3770 1872/3771/3771
f 1874/3772/3772 1876/3773/3773 1875/3774/3774
f 1874/3775/3775 1877/3776/3776 1876/3777/3777
f 1878/3778/3778 1876/3779/3779 1877/3780/3780
f 1878/3781/3781 1877/3782/3782 1879/3783/3783
f 1878/3784/3784 1879/3785/3785 1880/3786/3786
f 1878/3787/3787 1880/3788/3788 1881/3789/3789
f 1874/3790/3790 1882/3791/3791 1877/3792/3792
f 1882/3793/3793 1874/3794/3794 1883/3795/3795
f 1882/3796/3796 1883/3797/3797 1884/3798/3798
f 1885/3799/3799 1886/3800/3800 1887/3801/3801
f 1886/3802/3802 1885/3803/3803 1888/3804/3804
f 1886/3805/3805 1888/3806/3806 1876/3807/3807
f 1889/3808/3808 1890/3809/3809 1891/3810/3810
f 1889/3811/3811 1892/3812/3812 1890/3813/3813
f 1893/3814/3814 1894/3815/3815 1895/3816/3816
f 1893/3817/3817 1896/3818/3818 1894/3819/3819
f 1897/3820/3820 1898/3821/3821 1899/3822/3822
f 1897/3823/3823 1900/3824/3824 1898/3825/3825
f 1901/3826/3826 1902/3827/3827 1903/3828/3828
f 1901/3829/3829 1903/3830/3830 1904/3831/3831
f 1904/3832/3832 1903/3833/3833 1905/3834/3834
f 1904/3835/3835 1905/3836/3836 1906/3837/3837
f 1907/3838/3838 1906/3839/3839 1905/3840/3840
f 1907/3841/3841 1905/3842/3842 1908/3843/3843
f 1909/3844/3844 1907/3845/3845 1908/3846/3846
f 1909/3847/3847 1910/3848/3848 1907/3849/3849
f 1911/3850/3850 1912/3851/3851 1913/3852/3852
f 1911/3853/3853 1914/3854/3854 1912/3855/3855
f 1914/3856/3856 1911/3857/3857 1915/3858/3858
f 1914/3859/3859 1915/3860/3860 1916/3861/3861
f 1917/3862/3862 1916/3863/3863 1915/3864/3864
f 1917/3865/3865 1918/3866/3866 1916/3867/3867
f 1918/3868/3868 1917/3869/3869 1919/3870/3870
f 1918/3871/3871 1919/3872/3872 1920/3873/3873
f 1921/3874/3874 1915/3875/3875 1911/3876/3876
f 1921/3877/3877 1922/3878/3878 1915/3879/3879
f 1923/3880/3880 1915/3881/3881 1922/3882/3882
f 1923/3883/3883 1917/3884/3884 1915/3885/3885
f 1924/3886/3886 1925/3887/3887 1926/3888/3888
f 1924/3889/3889 1927/3890/3890 1925/3891/3891
f 1924/3892/3892 1928/3893/3893 1927/3894/3894
f 1929/3895/3895 1930/3896/3896 1931/3897/3897
f 1929/3898/3898 1931/3899/3899 1932/3900/3900
f 1933/3901/3901 1929/3902/3902 1932/3903/3903
f 1929/3904/3904 1933/3905/3905 1934/3906/3906
f 1935/3907/3907 1932/3908/3908 1931/3909/3909
f 1935/3910/3910 1890/3911/3911 1932/3912/3912
f 1936/3913/3913 1932/3914/3914 1890/3915/3915
f 1936/3916/3916 1937/3917/3917 1932/3918/3918
f 1933/3919/3919 1932/3920/3920 1937/3921/3921
f 1890/3922/3922 1938/3923/3923 1936/3924/3924
f 1939/3925/3925 1940/3926/3926 1941/3927/3927
f 1939/3928/3928 1942/3929/3929 1940/3930/3930
f 1943/3931/3931 1944/3932/3932 1945/3933/3933
f 1943/3934/3934 1946/3935/3935 1944/3936/3936
f 1947/3937/3937 1948/3938/3938 1949/3939/3939
f 1949/3940/3940 1950/3941/3941 1947/3942/3942
f 1949/3943/3943 1951/3944/3944 1950/3945/3945
f 242/3946/3946 1950/3947/3947 1951/3948/3948
f 242/3949/3949 1952/3950/3950 1950/3951/3951
f 1949/3952/3952 1953/3953/3953 1951/3954/3954
f 242/3955/3955 1951/3956/3956 1953/3957/3957
f 242/3958/3958 1953/3959/3959 1954/3960/3960
f 242/3961/3961 1954/3962/3962 1955/3963/3963
f 242/3964/3964 1955/3965/3965 1956/3966/3966
f 1949/3967/3967 1957/3968/3968 1953/3969/3969
f 1957/3970/3970 1949/3971/3971 1958/3972/3972
f 1957/3973/3973 1958/3974/3974 1959/3975/3975
f 1960/3976/3976 1961/3977/3977 1962/3978/3978
f 1962/3979/3979 1961/3980/3980 1963/3981/3981
f 1962/3982/3982 1963/3983/3983 1964/3984/3984
f 1965/3985/3985 1966/3986/3986 1967/3987/3987
f 1965/3988/3988 1968/3989/3989 1966/3990/3990
f 1969/3991/3991 1970/3992/3992 1971/3993/3993
f 1969/3994/3994 1972/3995/3995 1970/3996/3996
f 1973/3997/3997 1974/3998/3998 1975/3999/3999
f 1973/4000/4000 1976/4001/4001 1974/4002/4002
f 1977/4003/4003 1974/4004/4004 1976/4005/4005
f 1977/4006/4006 1978/4007/4007 1974/4008/4008
f 1979/4009/4009 1980/4010/4010 1981/4011/4011
f 1979/4012/4012 1981/4013/4013 1982/4014/4014
f 1982/4015/4015 1981/4016/4016 1950/4017/4017
f 1982/4018/4018 1950/4019/4019 1983/4020/4020
f 1984/4021/4021 1983/4022/4022 1950/4023/4023
f 1984/4024/4024 1950/4025/4025 1985/4026/4026
f 1986/4027/4027 1984/4028/4028 1985/4029/4029
f 1986/4030/4030 1987/4031/4031 1984/4032/4032
f 1988/4033/4033 1989/4034/4034 1990/4035/4035
f 1988/4036/4036 1991/4037/4037 1989/4038/4038
f 1991/4039/4039 1988/4040/4040 1992/4041/4041
f 1991/4042/4042 1992/4043/4043 1993/4044/4044
f 1994/4045/4045 1993/4046/4046 1992/4047/4047
f 1994/4048/4048 1995/4049/4049 1993/4050/4050
f 1995/4051/4051 1994/4052/4052 1996/4053/4053
f 1995/4054/4054 1996/4055/4055 1997/4056/4056
f 1998/4057/4057 1999/4058/4058 1988/4059/4059
f 1998/4060/4060 2000/4061/4061 1999/4062/4062
f 1971/4063/4063 2001/4064/4064 2002/4065/4065
f 1971/4066/4066 2002/4067/4067 2003/4068/4068
f 2004/4069/4069 1971/4070/4070 2003/4071/4071
f 1971/4072/4072 2004/4073/4073 2005/4074/4074
f 2006/4075/4075 2003/4076/4076 2002/4077/4077
f 2006/4078/4078 1966/4079/4079 2003/4080/4080
f 2007/4081/4081 2003/4082/4082 1966/4083/4083
f 2007/4084/4084 2008/4085/4085 2003/4086/4086
f 2004/4087/4087 2003/4088/4088 2008/4089/4089
f 1966/4090/4090 2009/4091/4091 2007/4092/4092
f 2010/4093/4093 2011/4094/4094 2012/4095/4095
f 2010/4096/4096 2013/4097/4097 2011/4098/4098
f 2014/4099/4099 2015/4100/4100 2016/4101/4101
f 2014/4102/4102 2017/4103/4103 2015/4104/4104
f 2018/4105/4105 2019/4106/4106 2020/4107/4107
f 2018/4108/4108 2021/4109/4109 2019/4110/4110
f 2022/4111/4111 2023/4112/4112 2024/4113/4113
f 2024/4114/4114 2025/4115/4115 2022/4116/4116
f 2024/4117/4117 2026/4118/4118 2025/4119/4119
f 2027/4120/4120 2028/4121/4121 2029/4122/4122
f 2028/4123/4123 2027/4124/4124 2030/4125/4125
f 2028/4126/4126 2030/4127/4127 2031/4128/4128
f 2032/4129/4129 2031/4130/4130 2030/4131/4131
f 2032/4132/4132 2033/4133/4133 2031/4134/4134
f 2034/4135/4135 2033/4136/4136 2032/4137/4137
f 2034/4138/4138 2032/4139/4139 2019/4140/4140
f 2019/4141/4141 2035/4142/4142 2034/4143/4143
f 2027/4144/4144 2036/4145/4145 2030/4146/4146
f 2037/4147/4147 2030/4148/4148 2036/4149/4149
f 2037/4150/4150 2032/4151/4151 2030/4152/4152
f 2038/4153/4153 2032/4154/4154 2037/4155/4155
f 2038/4156/4156 2019/4157/4157 2032/4158/4158
f 2027/4159/4159 2039/4160/4160 2036/4161/4161
f 2040/4162/4162 2041/4163/4163 2042/4164/4164
f 2040/4165/4165 2043/4166/4166 2041/4167/4167
f 2044/4168/4168 2045/4169/4169 2046/4170/4170
f 2044/4171/4171 2047/4172/4172 2045/4173/4173
f 2048/4174/4174 2049/4175/4175 2050/4176/4176
f 2048/4177/4177 2051/4178/4178 2049/4179/4179
f 2052/4180/4180 2051/4181/4181 2048/4182/4182
f 2052/4183/4183 2053/4184/4184 2051/4185/4185
f 2054/4186/4186 2055/4187/4187 2056/4188/4188
f 2055/4189/4189 2054/4190/4190 2057/4191/4191
f 2055/4192/4192 2057/4193/4193 2058/4194/4194
f 2058/4195/4195 2057/4196/4196 2059/4197/4197
f 2058/4198/4198 2059/4199/4199 2060/4200/4200
f 2061/4201/4201 2060/4202/4202 2059/4203/4203
f 2061/4204/4204 2059/4205/4205 2062/4206/4206
f 2062/4207/4207 2063/4208/4208 2061/4209/4209
f 2064/4210/4210 2065/4211/4211 2027/4212/4212
f 2064/4213/4213 2066/4214/4214 2065/4215/4215
f 2067/4216/4216 2068/4217/4217 2069/4218/4218
f 2067/4219/4219 2069/4220/4220 2070/4221/4221
f 2070/4222/4222 2069/4223/4223 2071/4224/4224
f 2070/4225/4225 2071/4226/4226 2072/4227/4227
f 2073/4228/4228 2072/4229/4229 2071/4230/4230
f 2073/4231/4231 2074/4232/4232 2072/4233/4233
f 2075/4234/4234 2074/4235/4235 2073/4236/4236
f 2075/4237/4237 2073/4238/4238 2076/4239/4239
f 2077/4240/4240 2075/4241/4241 2076/4242/4242
f 2077/4243/4243 2078/4244/4244 2075/4245/4245
f 2079/4246/4246 2080/4247/4247 2081/4248/4248
f 2079/4249/4249 2082/4250/4250 2080/4251/4251
f 2079/4252/4252 2083/4253/4253 2082/4254/4254
f 2079/4255/4255 2084/4256/4256 2083/4257/4257
f 2083/4258/4258 2084/4259/4259 2085/4260/4260
f 2083/4261/4261 2085/4262/4262 2086/4263/4263
f 2087/4264/4264 2086/4265/4265 2085/4266/4266
f 2087/4267/4267 2088/4268/4268 2086/4269/4269
f 2088/4270/4270 2087/4271/4271 2089/4272/4272
f 2088/4273/4273 2089/4274/4274 2090/4275/4275
f 2091/4276/4276 2092/4277/4277 2093/4278/4278
f 2091/4279/4279 2094/4280/4280 2092/4281/4281
f 2094/4282/4282 2091/4283/4283 2095/4284/4284
f 2094/4285/4285 2095/4286/4286 2096/4287/4287
f 2096/4288/4288 2095/4289/4289 2097/4290/4290
f 2096/4291/4291 2097/4292/4292 2098/4293/4293
f 2099/4294/4294 2098/4295/4295 2097/4296/4296
f 2099/4297/4297 2100/4298/4298 2098/4299/4299
f 2101/4300/4300 2095/4301/4301 2091/4302/4302
f 2101/4303/4303 2102/4304/4304 2095/4305/4305
f 2095/4306/4306 2102/4307/4307 2103/4308/4308
f 2095/4309/4309 2103/4310/4310 2097/4311/4311
f 2104/4312/4312 2097/4313/4313 2103/4314/4314
f 2104/4315/4315 2099/4316/4316 2097/4317/4317
f 2100/4318/4318 2099/4319/4319 2105/4320/4320
f 2100/4321/4321 2105/4322/4322 2106/4323/4323
f 2107/4324/4324 2108/4325/4325 2109/4326/4326
f 2109/4327/4327 2108/4328/4328 2110/4329/4329
f 2109/4330/4330 2110/4331/4331 2111/4332/4332
f 2112/4333/4333 2113/4334/4334 2114/4335/4335
f 2112/4336/4336 2115/4337/4337 2113/4338/4338
f 2113/4339/4339 2115/4340/4340 2116/4341/4341
f 2116/4342/4342 2117/4343/4343 2113/4344/4344
f 2118/4345/4345 2113/4346/4346 2117/4347/4347
f 2118/4348/4348 2117/4349/4349 2119/4350/4350
f 2120/4351/4351 2119/4352/4352 2117/4353/4353
f 2120/4354/4354 2121/4355/4355 2119/4356/4356
f 2116/4357/4357 2122/4358/4358 2117/4359/4359
f 2123/4360/4360 2117/4361/4361 2122/4362/4362
f 2123/4363/4363 2124/4364/4364 2117/4365/4365
f 2124/4366/4366 2123/4367/4367 2125/4368/4368
f 2126/4369/4369 2127/4370/4370 2128/4371/4371
f 2126/4372/4372 2129/4373/4373 2127/4374/4374
f 2130/4375/4375 2131/4376/4376 2132/4377/4377
f 2130/4378/4378 2133/4379/4379 2131/4380/4380
f 2134/4381/4381 2131/4382/4382 2133/4383/4383
f 2134/4384/4384 2135/4385/4385 2131/4386/4386
f 2136/4387/4387 2137/4388/4388 2138/4389/4389
f 2136/4390/4390 2138/4391/4391 2139/4392/4392
f 2139/4393/4393 2138/4394/4394 2140/4395/4395
f 2139/4396/4396 2140/4397/4397 2141/4398/4398
f 2142/4399/4399 2141/4400/4400 2140/4401/4401
f 2142/4402/4402 2140/4403/4403 2143/4404/4404
f 2144/4405/4405 2142/4406/4406 2143/4407/4407
f 2144/4408/4408 2145/4409/4409 2142/4410/4410
f 2146/4411/4411 2147/4412/4412 2148/4413/4413
f 2146/4414/4414 2149/4415/4415 2147/4416/4416
f 2150/4417/4417 2151/4418/4418 2152/4419/4419
f 2150/4420/4420 2153/4421/4421 2151/4422/4422
f 2154/4423/4423 2155/4424/4424 2156/4425/4425
f 2156/4426/4426 2157/4427/4427 2154/4428/4428
f 2156/4429/4429 2158/4430/4430 2157/4431/4431
f 2159/4432/4432 2157/4433/4433 2158/4434/4434
f 2159/4435/4435 2160/4436/4436 2157/4437/4437
f 2160/4438/4438 2159/4439/4439 2161/4440/4440
f 2159/4441/4441 2162/4442/4442 2161/4443/4443
f 2159/4444/4444 2163/4445/4445 2162/4446/4446
f 2159/4447/4447 2164/4448/4448 2163/4449/4449
f 2159/4450/4450 2158/4451/4451 2164/4452/4452
f 2165/4453/4453 2164/4454/4454 2158/4455/4455
f 2165/4456/4456 2166/4457/4457 2164/4458/4458
f 2166/4459/4459 2165/4460/4460 2167/4461/4461
f 2166/4462/4462 2167/4463/4463 2168/4464/4464
f 2169/4465/4465 2170/4466/4466 2171/4467/4467
f 2169/4468/4468 2172/4469/4469 2170/4470/4470
f 2172/4471/4471 2169/4472/4472 2173/4473/4473
f 2172/4474/4474 2173/4475/4475 2174/4476/4476
f 2175/4477/4477 2174/4478/4478 2173/4479/4479
f 2175/4480/4480 2176/4481/4481 2174/4482/4482
f 2176/4483/4483 2175/4484/4484 2177/4485/4485
f 2176/4486/4486 2177/4487/4487 2178/4488/4488
f 2179/4489/4489 2173/4490/4490 2169/4491/4491
f 2179/4492/4492 2180/4493/4493 2173/4494/4494
f 2181/4495/4495 2182/4496/4496 2183/4497/4497
f 2181/4498/4498 2183/4499/4499 2184/4500/4500
f 2183/4501/4501 2185/4502/4502 2184/4503/4503
f 2183/4504/4504 2186/4505/4505 2185/4506/4506
f 2187/4507/4507 2185/4508/4508 2186/4509/4509
f 2187/4510/4510 2188/4511/4511 2185/4512/4512
f 2189/4513/4513 2188/4514/4514 2187/4515/4515
f 2189/4516/4516 2190/4517/4517 2188/4518/4518
f 2191/4519/4519 2192/4520/4520 2193/4521/4521
f 2191/4522/4522 2194/4523/4523 2192/4524/4524
f 2194/4525/4525 2191/4526/4526 2195/4527/4527
f 2194/4528/4528 2195/4529/4529 2196/4530/4530
f 2197/4531/4531 2196/4532/4532 2195/4533/4533
f 2197/4534/4534 2198/4535/4535 2196/4536/4536
f 2199/4537/4537 2200/4538/4538 2201/4539/4539
f 2199/4540/4540 2202/4541/4541 2200/4542/4542
f 2203/4543/4543 2204/4544/4544 2205/4545/4545
f 2203/4546/4546 2206/4547/4547 2204/4548/4548
f 2206/4549/4549 2203/4550/4550 2207/4551/4551
f 2206/4552/4552 2207/4553/4553 2208/4554/4554
f 2209/4555/4555 2208/4556/4556 2207/4557/4557
f 2209/4558/4558 2210/4559/4559 2208/4560/4560
f 2211/4561/4561 2208/4562/4562 2210/4563/4563
f 2211/4564/4564 2210/4565/4565 2212/4566/4566
f 2212/4567/4567 2213/4568/4568 2211/4569/4569
f 2209/4570/4570 2207/4571/4571 2214/4572/4572
f 2209/4573/4573 2214/4574/4574 2215/4575/4575
f 2209/4576/4576 2215/4577/4577 2216/4578/4578
f 2217/4579/4579 2209/4580/4580 2216/4581/4581
f 2209/4582/4582 2217/4583/4583 2210/4584/4584
f 275/4585/4585 2218/4586/4586 2219/4587/4587
f 275/4588/4588 2220/4589/4589 2218/4590/4590
f 2221/4591/4591 2218/4592/4592 2220/4593/4593
f 2221/4594/4594 2222/4595/4595 2218/4596/4596
f 2223/4597/4597 2224/4598/4598 2225/4599/4599
f 2225/4600/4600 2226/4601/4601 2223/4602/4602
f 2227/4603/4603 2223/4604/4604 2226/4605/4605
f 2227/4606/4606 2226/4607/4607 2228/4608/4608
f 2229/4609/4609 2228/4610/4610 2226/4611/4611
f 2229/4612/4612 2230/4613/4613 2228/4614/4614
f 2225/4615/4615 2231/4616/4616 2226/4617/4617
f 2232/4618/4618 2226/4619/4619 2231/4620/4620
f 2232/4621/4621 2233/4622/4622 2226/4623/4623
f 2233/4624/4624 2232/4625/4625 2234/4626/4626
f 2235/4627/4627 2236/4628/4628 2237/4629/4629
f 2235/4630/4630 2224/4631/4631 2236/4632/4632
f 2238/4633/4633 2239/4634/4634 2240/4635/4635
f 2238/4636/4636 2241/4637/4637 2239/4638/4638
f 2242/4639/4639 2243/4640/4640 2244/4641/4641
f 2242/4642/4642 2245/4643/4643 2243/4644/4644
f 2246/4645/4645 2243/4646/4646 2245/4647/4647
f 2246/4648/4648 2247/4649/4649 2243/4650/4650
f 2248/4651/4651 2249/4652/4652 2250/4653/4653
f 2248/4654/4654 2251/4655/4655 2249/4656/4656
f 2252/4657/4657 2253/4658/4658 2254/4659/4659
f 2252/4660/4660 2255/4661/4661 2253/4662/4662
f 2256/4663/4663 2257/4664/4664 2258/4665/4665
f 2256/4666/4666 2259/4667/4667 2257/4668/4668
f 2260/4669/4669 2259/4670/4670 2256/4671/4671
f 2260/4672/4672 2256/4673/4673 2261/4674/4674
f 2262/4675/4675 2263/4676/4676 2264/4677/4677
f 2262/4678/4678 2264/4679/4679 2265/4680/4680
f 2266/4681/4681 2262/4682/4682 2265/4683/4683
f 2262/4684/4684 2266/4685/4685 2267/4686/4686
f 2265/4687/4687 2264/4688/4688 2268/4689/4689
f 2265/4690/4690 2268/4691/4691 2269/4692/4692
f 2270/4693/4693 2265/4694/4694 2269/4695/4695
f 2266/4696/4696 2265/4697/4697 2270/4698/4698
f 2271/4699/4699 2269/4700/4700 2268/4701/4701
f 2271/4702/4702 2272/4703/4703 2269/4704/4704
f 2273/4705/4705 2269/4706/4706 2272/4707/4707
f 2273/4708/4708 2274/4709/4709 2269/4710/4710
f 2270/4711/4711 2269/4712/4712 2274/4713/4713
f 2272/4714/4714 2275/4715/4715 2273/4716/4716
f 2276/4717/4717 2277/4718/4718 2278/4719/4719
f 2276/4720/4720 2278/4721/4721 2279/4722/4722
f 2279/4723/4723 2278/4724/4724 2280/4725/4725
f 2279/4726/4726 2280/4727/4727 2281/4728/4728
f 2282/4729/4729 2279/4730/4730 2281/4731/4731
f 2282/4732/4732 2281/4733/4733 2283/4734/4734
f 2284/4735/4735 2283/4736/4736 2281/4737/4737
f 2284/4738/4738 2281/4739/4739 2285/4740/4740
f 2286/4741/4741 2281/4742/4742 2280/4743/4743
f 2286/4744/4744 2285/4745/4745 2281/4746/4746
f 2285/4747/4747 2286/4748/4748 2287/4749/4749
f 2285/4750/4750 2287/4751/4751 2288/4752/4752
f 2289/4753/4753 2290/4754/4754 2291/4755/4755
f 2289/4756/4756 2292/4757/4757 2290/4758/4758
f 2289/4759/4759 2293/4760/4760 2292/4761/4761
f 2294/4762/4762 2295/4763/4763 2296/4764/4764
f 2294/4765/4765 284/4766/4766 2295/4767/4767
f 2297/4768/4768 2298/4769/4769 2299/4770/4770
f 2297/4771/4771 2300/4772/4772 2298/4773/4773
f 2300/4774/4774 2297/4775/4775 2301/4776/4776
f 2300/4777/4777 2301/4778/4778 2302/4779/4779
f 2302/4780/4780 2301/4781/4781 2303/4782/4782
f 2302/4783/4783 2303/4784/4784 2304/4785/4785
f 2305/4786/4786 2304/4787/4787 2303/4788/4788
f 2305/4789/4789 2303/4790/4790 2306/4791/4791
f 2305/4792/4792 2306/4793/4793 2307/4794/4794
f 2305/4795/4795 2307/4796/4796 2308/4797/4797
f 2277/4798/4798 2309/4799/4799 2310/4800/4800
f 2277/4801/4801 284/4802/4802 2309/4803/4803
f 2311/4804/4804 2312/4805/4805 2313/4806/4806
f 2311/4807/4807 2313/4808/4808 2314/4809/4809
f 2313/4810/4810 2315/4811/4811 2314/4812/4812
f 2313/4813/4813 2316/4814/4814 2315/4815/4815
f 2317/4816/4816 2315/4817/4817 2316/4818/4818
f 2317/4819/4819 2318/4820/4820 2315/4821/4821
f 2319/4822/4822 2318/4823/4823 2317/4824/4824
f 2319/4825/4825 2320/4826/4826 2318/4827/4827
f 2321/4828/4828 2320/4829/4829 2319/4830/4830
f 2321/4831/4831 2322/4832/4832 2320/4833/4833
f 2323/4834/4834 2324/4835/4835 2262/4836/4836
f 2323/4837/4837 2325/4838/4838 2324/4839/4839
f 2326/4840/4840 2272/4841/4841 2327/4842/4842
f 2326/4843/4843 2328/4844/4844 2272/4845/4845
f 2329/4846/4846 2330/4847/4847 2331/4848/4848
f 2330/4849/4849 2329/4850/4850 2332/4851/4851
f 2330/4852/4852 2332/4853/4853 2333/4854/4854
f 2334/4855/4855 2333/4856/4856 2332/4857/4857
f 2334/4858/4858 2335/4859/4859 2333/4860/4860
f 2336/4861/4861 2335/4862/4862 2334/4863/4863
f 2336/4864/4864 2334/4865/4865 2337/4866/4866
f 2337/4867/4867 2338/4868/4868 2336/4869/4869
f 2339/4870/4870 2340/4871/4871 2341/4872/4872
f 2339/4873/4873 2342/4874/4874 2340/4875/4875
f 2343/4876/4876 2344/4877/4877 2345/4878/4878
f 2343/4879/4879 2346/4880/4880 2344/4881/4881
f 2347/4882/4882 2348/4883/4883 2349/4884/4884
f 2348/4885/4885 2347/4886/4886 2350/4887/4887
f 2348/4888/4888 2350/4889/4889 2351/4890/4890
f 2352/4891/4891 2351/4892/4892 2350/4893/4893
f 2352/4894/4894 2353/4895/4895 2351/4896/4896
f 2354/4897/4897 2353/4898/4898 2352/4899/4899
f 2354/4900/4900 2352/4901/4901 2355/4902/4902
f 2355/4903/4903 2356/4904/4904 2354/4905/4905
f 2357/4906/4906 2352/4907/4907 2350/4908/4908
f 2358/4909/4909 2352/4910/4910 2357/4911/4911
f 2358/4912/4912 2359/4913/4913 2352/4914/4914
f 2357/4915/4915 2350/4916/4916 2360/4917/4917
f 2361/4918/4918 2360/4919/4919 2350/4920/4920
f 2361/4921/4921 2362/4922/4922 2360/4923/4923
f 2363/4924/4924 2364/4925/4925 2365/4926/4926
f 2363/4927/4927 2366/4928/4928 2364/4929/4929
f 2366/4930/4930 2363/4931/4931 2367/4932/4932
f 2366/4933/4933 2367/4934/4934 2368/4935/4935
f 2369/4936/4936 2370/4937/4937 2371/4938/4938
f 2369/4939/4939 2372/4940/4940 2370/4941/4941
f 2373/4942/4942 2374/4943/4943 2375/4944/4944
f 2373/4945/4945 2376/4946/4946 2374/4947/4947
f 2364/4948/4948 2377/4949/4949 2378/4950/4950
f 2364/4951/4951 2378/4952/4952 2379/4953/4953
f 2380/4954/4954 2364/4955/4955 2379/4956/4956
f 2380/4957/4957 2379/4958/4958 2381/4959/4959
f 2382/4960/4960 2381/4961/4961 2379/4962/4962
f 2382/4963/4963 2383/4964/4964 2381/4965/4965
f 2383/4966/4966 2382/4967/4967 2384/4968/4968
f 2383/4969/4969 2384/4970/4970 2385/4971/4971
f 2386/4972/4972 2382/4973/4973 2379/4974/4974
f 2386/4975/4975 2379/4976/4976 2387/4977/4977
f 2388/4978/4978 2389/4979/4979 2390/4980/4980
f 2388/4981/4981 2390/4982/4982 2391/4983/4983
f 2391/4984/4984 2390/4985/4985 2392/4986/4986
f 2391/4987/4987 2392/4988/4988 2393/4989/4989
f 2394/4990/4990 2393/4991/4991 2392/4992/4992
f 2394/4993/4993 2392/4994/4994 2395/4995/4995
f 2396/4996/4996 2397/4997/4997 2398/4998/4998
f 2396/4999/4999 2398/5000/5000 2399/5001/5001
f 2400/5002/5002 2396/5003/5003 2399/5004/5004
f 2401/5005/5005 2402/5006/5006 2403/5007/5007
f 2401/5008/5008 2404/5009/5009 2402/5010/5010
f 2404/5011/5011 2401/5012/5012 2405/5013/5013
f 2404/5014/5014 2405/5015/5015 2406/5016/5016
f 2407/5017/5017 2406/5018/5018 2405/5019/5019
f 2407/5020/5020 2408/5021/5021 2406/5022/5022
f 2408/5023/5023 2409/5024/5024 2406/5025/5025
f 2410/5026/5026 2406/5027/5027 2409/5028/5028
f 2410/5029/5029 2409/5030/5030 2411/5031/5031
f 2411/5032/5032 2412/5033/5033 2410/5034/5034
f 2413/5035/5035 2408/5036/5036 2407/5037/5037
f 2413/5038/5038 2407/5039/5039 2414/5040/5040
f 2413/5041/5041 2414/5042/5042 2415/5043/5043
f 2413/5044/5044 2415/5045/5045 2416/5046/5046
f 2408/5047/5047 2417/5048/5048 2409/5049/5049
f 2418/5050/5050 2417/5051/5051 2408/5052/5052
f 2418/5053/5053 2419/5054/5054 2417/5055/5055
f 2419/5056/5056 2418/5057/5057 2420/5058/5058
f 2421/5059/5059 2422/5060/5060 2423/5061/5061
f 2421/5062/5062 2423/5063/5063 2424/5064/5064
f 2423/5065/5065 2425/5066/5066 2424/5067/5067
f 2423/5068/5068 2426/5069/5069 2425/5070/5070
f 2425/5071/5071 2426/5072/5072 2427/5073/5073
f 2425/5074/5074 2427/5075/5075 2428/5076/5076
f 2429/5077/5077 2428/5078/5078 2427/5079/5079
f 2429/5080/5080 2430/5081/5081 2428/5082/5082
f 2431/5083/5083 2430/5084/5084 2429/5085/5085
f 2431/5086/5086 2432/5087/5087 2430/5088/5088
f 2433/5089/5089 2434/5090/5090 2435/5091/5091
f 2433/5092/5092 2436/5093/5093 2434/5094/5094
f 2437/5095/5095 2438/5096/5096 2439/5097/5097
f 2437/5098/5098 2440/5099/5099 2438/5100/5100
f 2441/5101/5101 2442/5102/5102 2443/5103/5103
f 2441/5104/5104 2444/5105/5105 2442/5106/5106
f 2445/5107/5107 2442/5108/5108 2444/5109/5109
f 2445/5110/5110 2446/5111/5111 2442/5112/5112
f 2442/5113/5113 2446/5114/5114 2447/5115/5115
f 2444/5116/5116 2448/5117/5117 2445/5118/5118
f 2449/5119/5119 2450/5120/5120 2451/5121/5121
f 2449/5122/5122 2451/5123/5123 2452/5124/5124
f 2453/5125/5125 2452/5126/5126 2451/5127/5127
f 2453/5128/5128 2451/5129/5129 2454/5130/5130
f 2454/5131/5131 2451/5132/5132 2455/5133/5133
f 2454/5134/5134 2455/5135/5135 2456/5136/5136
f 2457/5137/5137 2458/5138/5138 2459/5139/5139
f 2457/5140/5140 2460/5141/5141 2458/5142/5142
f 2461/5143/5143 2458/5144/5144 2460/5145/5145
f 2462/5146/5146 2460/5147/5147 2457/5148/5148
f 2460/5149/5149 2462/5150/5150 2463/5151/5151
f 2460/5152/5152 2463/5153/5153 2464/5154/5154
f 2462/5155/5155 2457/5156/5156 2465/5157/5157
f 2462/5158/5158 2465/5159/5159 2466/5160/5160
f 2462/5161/5161 2466/5162/5162 2467/5163/5163
f 2463/5164/5164 2462/5165/5165 2468/5166/5166
f 2452/5167/5167 2469/5168/5168 2470/5169/5169
f 2452/5170/5170 2471/5171/5171 2469/5172/5172
f 2472/5173/5173 2473/5174/5174 2474/5175/5175
f 2472/5176/5176 2474/5177/5177 2475/5178/5178
f 2474/5179/5179 2476/5180/5180 2475/5181/5181
f 2474/5182/5182 2477/5183/5183 2476/5184/5184
f 2478/5185/5185 2476/5186/5186 2477/5187/5187
f 2478/5188/5188 2479/5189/5189 2476/5190/5190
f 2480/5191/5191 2481/5192/5192 2482/5193/5193
f 2480/5194/5194 2483/5195/5195 2481/5196/5196
f 2447/5197/5197 2484/5198/5198 2485/5199/5199
f 2447/5200/5200 2486/5201/5201 2484/5202/5202
f 2487/5203/5203 2444/5204/5204 2488/5205/5205
f 2487/5206/5206 2489/5207/5207 2444/5208/5208
f 2490/5209/5209 2491/5210/5210 2492/5211/5211
f 2490/5212/5212 2493/5213/5213 2491/5214/5214
f 2494/5215/5215 2495/5216/5216 2496/5217/5217
f 2494/5218/5218 2497/5219/5219 2495/5220/5220
f 2498/5221/5221 2499/5222/5222 2500/5223/5223
f 2498/5224/5224 2501/5225/5225 2499/5226/5226
f 2502/5227/5227 2503/5228/5228 2504/5229/5229
f 2502/5230/5230 2504/5231/5231 2505/5232/5232
f 2506/5233/5233 2505/5234/5234 2504/5235/5235
f 2505/5236/5236 2506/5237/5237 2507/5238/5238
f 2505/5239/5239 2507/5240/5240 2508/5241/5241
f 2506/5242/5242 2504/5243/5243 2509/5244/5244
f 2509/5245/5245 2504/5246/5246 2510/5247/5247
f 2509/5248/5248 2510/5249/5249 2511/5250/5250
f 2512/5251/5251 2513/5252/5252 2514/5253/5253
f 2512/5254/5254 2515/5255/5255 2513/5256/5256
f 2516/5257/5257 2515/5258/5258 2512/5259/5259
f 2516/5260/5260 2512/5261/5261 2517/5262/5262
f 2516/5263/5263 2517/5264/5264 2518/5265/5265
f 2516/5266/5266 2518/5267/5267 2519/5268/5268
f 2520/5269/5269 2521/5270/5270 2522/5271/5271
f 2520/5272/5272 2522/5273/5273 2523/5274/5274
f 2522/5275/5275 2524/5276/5276 2523/5277/5277
f 2522/5278/5278 2525/5279/5279 2524/5280/5280
f 2526/5281/5281 2524/5282/5282 2525/5283/5283
f 2526/5284/5284 2527/5285/5285 2524/5286/5286
f 2528/5287/5287 2529/5288/5288 2530/5289/5289
f 2528/5290/5290 2531/5291/5291 2529/5292/5292
f 2532/5293/5293 2533/5294/5294 2534/5295/5295
f 2532/5296/5296 2535/5297/5297 2533/5298/5298
f 2536/5299/5299 2537/5300/5300 2538/5301/5301
f 2536/5302/5302 2539/5303/5303 2537/5304/5304
f 2540/5305/5305 2541/5306/5306 2542/5307/5307
f 2543/5308/5308 2541/5309/5309 2540/5310/5310
f 2543/5311/5311 2540/5312/5312 2544/5313/5313
f 2544/5314/5314 2545/5315/5315 2543/5316/5316
f 2546/5317/5317 2547/5318/5318 2548/5319/5319
f 2549/5320/5320 2547/5321/5321 2546/5322/5322
f 2549/5323/5323 2546/5324/5324 2550/5325/5325
f 2550/5326/5326 2551/5327/5327 2549/5328/5328
f 2552/5329/5329 2553/5330/5330 2554/5331/5331
f 2552/5332/5332 2555/5333/5333 2553/5334/5334
f 2556/5335/5335 2557/5336/5336 2558/5337/5337
f 2556/5338/5338 2559/5339/5339 2557/5340/5340
f 2560/5341/5341 2561/5342/5342 2562/5343/5343
f 2562/5344/5344 2563/5345/5345 2560/5346/5346
f 2562/5347/5347 2564/5348/5348 2563/5349/5349
f 2565/5350/5350 2566/5351/5351 2567/5352/5352
f 2566/5353/5353 2565/5354/5354 2568/5355/5355
f 2566/5356/5356 2568/5357/5357 2569/5358/5358
f 2569/5359/5359 2568/5360/5360 2570/5361/5361
f 2569/5362/5362 2570/5363/5363 2571/5364/5364
f 2572/5365/5365 2571/5366/5366 2570/5367/5367
f 2572/5368/5368 2570/5369/5369 2573/5370/5370
f 2573/5371/5371 2574/5372/5372 2572/5373/5373
f 2565/5374/5374 2575/5375/5375 2568/5376/5376
f 2568/5377/5377 2575/5378/5378 2576/5379/5379
f 2568/5380/5380 2576/5381/5381 2570/5382/5382
f 2577/5383/5383 2570/5384/5384 2576/5385/5385
f 2577/5386/5386 2573/5387/5387 2570/5388/5388
f 2565/5389/5389 2578/5390/5390 2575/5391/5391
f 2579/5392/5392 2580/5393/5393 2581/5394/5394
f 2579/5395/5395 2582/5396/5396 2580/5397/5397
f 2583/5398/5398 2584/5399/5399 2585/5400/5400
f 2583/5401/5401 2586/5402/5402 2584/5403/5403
f 2587/5404/5404 2588/5405/5405 2589/5406/5406
f 2587/5407/5407 2590/5408/5408 2588/5409/5409
f 2590/5410/5410 2591/5411/5411 2588/5412/5412
f 2592/5413/5413 2588/5414/5414 2591/5415/5415
f 2592/5416/5416 2593/5417/5417 2588/5418/5418
f 2593/5419/5419 2592/5420/5420 2594/5421/5421
f 2593/5422/5422 2594/5423/5423 2595/5424/5424
f 2590/5425/5425 2596/5426/5426 2591/5427/5427
f 2597/5428/5428 2596/5429/5429 2590/5430/5430
f 2597/5431/5431 2598/5432/5432 2596/5433/5433
f 2598/5434/5434 2597/5435/5435 2599/5436/5436
f 2598/5437/5437 2599/5438/5438 2600/5439/5439
f 2601/5440/5440 2602/5441/5441 2603/5442/5442
f 2601/5443/5443 2603/5444/5444 2604/5445/5445
f 2605/5446/5446 2604/5447/5447 2603/5448/5448
f 2605/5449/5449 2606/5450/5450 2604/5451/5451
f 2607/5452/5452 2608/5453/5453 2609/5454/5454
f 2607/5455/5455 2609/5456/5456 2610/5457/5457
f 2611/5458/5458 2610/5459/5459 2609/5460/5460
f 2611/5461/5461 2612/5462/5462 2610/5463/5463
f 2613/5464/5464 2614/5465/5465 2615/5466/5466
f 2613/5467/5467 2616/5468/5468 2614/5469/5469
f 2617/5470/5470 2616/5471/5471 2613/5472/5472
f 2618/5473/5473 2588/5474/5474 2619/5475/5475
f 2618/5476/5476 2620/5477/5477 2588/5478/5478
f 2621/5479/5479 2622/5480/5480 2623/5481/5481
f 2621/5482/5482 2624/5483/5483 2622/5484/5484
f 2624/5485/5485 2621/5486/5486 2625/5487/5487
f 2624/5488/5488 2625/5489/5489 2602/5490/5490
f 2624/5491/5491 2602/5492/5492 2626/5493/5493
f 2624/5494/5494 2626/5495/5495 2627/5496/5496
f 2627/5497/5497 2628/5498/5498 2624/5499/5499
f 2602/5500/5500 2625/5501/5501 2629/5502/5502
f 2602/5503/5503 2629/5504/5504 2630/5505/5505
f 2631/5506/5506 2630/5507/5507 2629/5508/5508
f 2631/5509/5509 2629/5510/5510 2632/5511/5511
f 2631/5512/5512 2632/5513/5513 2633/5514/5514
f 2631/5515/5515 2633/5516/5516 2634/5517/5517
f 2606/5518/5518 2631/5519/5519 2634/5520/5520
f 2635/5521/5521 2636/5522/5522 2637/5523/5523
f 2635/5524/5524 2637/5525/5525 2638/5526/5526
f 2637/5527/5527 2639/5528/5528 2638/5529/5529
f 2637/5530/5530 2640/5531/5531 2639/5532/5532
f 2641/5533/5533 2639/5534/5534 2640/5535/5535
f 2641/5536/5536 2642/5537/5537 2639/5538/5538
f 2643/5539/5539 2642/5540/5540 2641/5541/5541
f 2643/5542/5542 2644/5543/5543 2642/5544/5544
f 2645/5545/5545 2644/5546/5546 2643/5547/5547
f 2645/5548/5548 2646/5549/5549 2644/5550/5550
f 2647/5551/5551 2648/5552/5552 2565/5553/5553
f 2647/5554/5554 2649/5555/5555 2648/5556/5556
f 2650/5557/5557 2651/5558/5558 2652/5559/5559
f 2650/5560/5560 2574/5561/5561 2651/5562/5562
f 2653/5563/5563 2654/5564/5564 2655/5565/5565
f 2655/5566/5566 2656/5567/5567 2653/5568/5568
f 2655/5569/5569 2657/5570/5570 2656/5571/5571
f 2658/5572/5572 2656/5573/5573 2657/5574/5574
f 2658/5575/5575 2659/5576/5576 2656/5577/5577
f 2659/5578/5578 2658/5579/5579 2660/5580/5580
f 2655/5581/5581 2661/5582/5582 2657/5583/5583
f 2658/5584/5584 2657/5585/5585 2661/5586/5586
f 2658/5587/5587 2661/5588/5588 2662/5589/5589
f 2658/5590/5590 2662/5591/5591 2663/5592/5592
f 2658/5593/5593 2663/5594/5594 2664/5595/5595
f 2655/5596/5596 2665/5597/5597 2661/5598/5598
f 2665/5599/5599 2655/5600/5600 2666/5601/5601
f 2665/5602/5602 2666/5603/5603 2667/5604/5604
f 2668/5605/5605 2669/5606/5606 2670/5607/5607
f 2668/5608/5608 2671/5609/5609 2669/5610/5610
f 2672/5611/5611 2673/5612/5612 2674/5613/5613
f 2672/5614/5614 2675/5615/5615 2673/5616/5616
f 2676/5617/5617 2677/5618/5618 2678/5619/5619
f 2676/5620/5620 2678/5621/5621 2679/5622/5622
f 2679/5623/5623 2680/5624/5624 2676/5625/5625
f 2681/5626/5626 2682/5627/5627 2683/5628/5628
f 2681/5629/5629 2683/5630/5630 2684/5631/5631
f 2684/5632/5632 2683/5633/5633 2656/5634/5634
f 2684/5635/5635 2656/5636/5636 2685/5637/5637
f 2686/5638/5638 2685/5639/5639 2656/5640/5640
f 2686/5641/5641 2656/5642/5642 2687/5643/5643
f 2688/5644/5644 2686/5645/5645 2687/5646/5646
f 2688/5647/5647 2689/5648/5648 2686/5649/5649
f 2690/5650/5650 2691/5651/5651 2692/5652/5652
f 2690/5653/5653 2693/5654/5654 2691/5655/5655
f 2693/5656/5656 2690/5657/5657 2694/5658/5658
f 2693/5659/5659 2694/5660/5660 2695/5661/5661
f 2696/5662/5662 2695/5663/5663 2694/5664/5664
f 2696/5665/5665 2697/5666/5666 2695/5667/5667
f 2697/5668/5668 2696/5669/5669 2698/5670/5670
f 2697/5671/5671 2698/5672/5672 2699/5673/5673
f 2700/5674/5674 2694/5675/5675 2690/5676/5676
f 2700/5677/5677 2701/5678/5678 2694/5679/5679
f 2702/5680/5680 2694/5681/5681 2701/5682/5682
f 2702/5683/5683 2696/5684/5684 2694/5685/5685
f 2703/5686/5686 2704/5687/5687 2705/5688/5688
f 2703/5689/5689 2706/5690/5690 2704/5691/5691
f 2707/5692/5692 2708/5693/5693 2709/5694/5694
f 2707/5695/5695 2709/5696/5696 2710/5697/5697
f 2711/5698/5698 2707/5699/5699 2710/5700/5700
f 2707/5701/5701 2711/5702/5702 2712/5703/5703
f 2713/5704/5704 2710/5705/5705 2709/5706/5706
f 2713/5707/5707 2669/5708/5708 2710/5709/5709
f 2714/5710/5710 2710/5711/5711 2669/5712/5712
f 2714/5713/5713 2715/5714/5714 2710/5715/5715
f 2711/5716/5716 2710/5717/5717 2715/5718/5718
f 2669/5719/5719 2716/5720/5720 2714/5721/5721
f 2717/5722/5722 2718/5723/5723 2719/5724/5724
f 2717/5725/5725 2720/5726/5726 2718/5727/5727
f 2721/5728/5728 2722/5729/5729 2723/5730/5730
f 2721/5731/5731 2724/5732/5732 2722/5733/5733
f 2725/5734/5734 2726/5735/5735 2727/5736/5736
f 2727/5737/5737 2728/5738/5738 2725/5739/5739
f 2727/5740/5740 2729/5741/5741 2728/5742/5742
f 2730/5743/5743 2728/5744/5744 2729/5745/5745
f 2730/5746/5746 2731/5747/5747 2728/5748/5748
f 2731/5749/5749 2730/5750/5750 2732/5751/5751
f 2733/5752/5752 2734/5753/5753 2735/5754/5754
f 2733/5755/5755 2736/5756/5756 2734/5757/5757
f 2737/5758/5758 2738/5759/5759 2739/5760/5760
f 2737/5761/5761 2740/5762/5762 2738/5763/5763
f 2741/5764/5764 2742/5765/5765 2743/5766/5766
f 2741/5767/5767 2744/5768/5768 2742/5769/5769
f 2745/5770/5770 2746/5771/5771 2747/5772/5772
f 2745/5773/5773 2747/5774/5774 2748/5775/5775
f 2748/5776/5776 2747/5777/5777 2749/5778/5778
f 2748/5779/5779 2749/5780/5780 2750/5781/5781
f 2751/5782/5782 2750/5783/5783 2749/5784/5784
f 2751/5785/5785 2749/5786/5786 2752/5787/5787
f 2753/5788/5788 2751/5789/5789 2752/5790/5790
f 2753/5791/5791 2754/5792/5792 2751/5793/5793
f 2755/5794/5794 2756/5795/5795 2757/5796/5796
f 2755/5797/5797 2758/5798/5798 2756/5799/5799
f 2755/5800/5800 2759/5801/5801 2758/5802/5802
f 2755/5803/5803 2760/5804/5804 2759/5805/5805
f 2761/5806/5806 2759/5807/5807 2760/5808/5808
f 2761/5809/5809 2762/5810/5810 2759/5811/5811
f 2762/5812/5812 2761/5813/5813 2763/5814/5814
f 2762/5815/5815 2763/5816/5816 2764/5817/5817
f 2765/5818/5818 2766/5819/5819 2767/5820/5820
f 2765/5821/5821 2768/5822/5822 2766/5823/5823
f 2768/5824/5824 2765/5825/5825 2769/5826/5826
f 2768/5827/5827 2769/5828/5828 2770/5829/5829
f 2771/5830/5830 2770/5831/5831 2769/5832/5832
f 2771/5833/5833 2772/5834/5834 2770/5835/5835
f 2772/5836/5836 2771/5837/5837 2773/5838/5838
f 2772/5839/5839 2773/5840/5840 2774/5841/5841
f 2775/5842/5842 2769/5843/5843 2765/5844/5844
f 2775/5845/5845 2776/5846/5846 2769/5847/5847
f 2777/5848/5848 2769/5849/5849 2776/5850/5850
f 2777/5851/5851 2771/5852/5852 2769/5853/5853
f 2778/5854/5854 2779/5855/5855 2780/5856/5856
f 2778/5857/5857 2781/5858/5858 2779/5859/5859
f 2778/5860/5860 2782/5861/5861 2781/5862/5862
f 2783/5863/5863 2784/5864/5864 2785/5865/5865
f 2783/5866/5866 2785/5867/5867 2786/5868/5868
f 2787/5869/5869 2786/5870/5870 2785/5871/5871
f 2787/5872/5872 2788/5873/5873 2786/5874/5874
f 2789/5875/5875 2790/5876/5876 2791/5877/5877
f 2789/5878/5878 2792/5879/5879 2790/5880/5880
f 2793/5881/5881 2794/5882/5882 2795/5883/5883
f 2793/5884/5884 2796/5885/5885 2794/5886/5886
f 2797/5887/5887 2798/5888/5888 2799/5889/5889
f 2799/5890/5890 2800/5891/5891 2797/5892/5892
f 2799/5893/5893 2801/5894/5894 2800/5895/5895
f 2802/5896/5896 2800/5897/5897 2801/5898/5898
f 2802/5899/5899 2803/5900/5900 2800/5901/5901
f 2803/5902/5902 2802/5903/5903 2804/5904/5904
f 2805/5905/5905 2806/5906/5906 2807/5907/5907
f 2805/5908/5908 2808/5909/5909 2806/5910/5910
f 2809/5911/5911 2810/5912/5912 2811/5913/5913
f 2809/5914/5914 2812/5915/5915 2810/5916/5916
f 2813/5917/5917 2810/5918/5918 2812/5919/5919
f 2813/5920/5920 2814/5921/5921 2810/5922/5922
f 2815/5923/5923 2814/5924/5924 2813/5925/5925
f 2815/5926/5926 2816/5927/5927 2814/5928/5928
f 2817/5929/5929 2818/5930/5930 2819/5931/5931
f 2817/5932/5932 2819/5933/5933 2820/5934/5934
f 2820/5935/5935 2819/5936/5936 2821/5937/5937
f 2820/5938/5938 2821/5939/5939 2822/5940/5940
f 2823/5941/5941 2822/5942/5942 2821/5943/5943
f 2823/5944/5944 2824/5945/5945 2822/5946/5946
f 2825/5947/5947 2824/5948/5948 2823/5949/5949
f 2825/5950/5950 2823/5951/5951 2826/5952/5952
f 2827/5953/5953 2825/5954/5954 2826/5955/5955
f 2827/5956/5956 2828/5957/5957 2825/5958/5958
f 2829/5959/5959 2830/5960/5960 2831/5961/5961
f 2829/5962/5962 2832/5963/5963 2830/5964/5964
f 2829/5965/5965 2833/5966/5966 2832/5967/5967
f 2829/5968/5968 2834/5969/5969 2833/5970/5970
f 2833/5971/5971 2834/5972/5972 2835/5973/5973
f 2833/5974/5974 2835/5975/5975 2836/5976/5976
f 2837/5977/5977 2836/5978/5978 2835/5979/5979
f 2837/5980/5980 2838/5981/5981 2836/5982/5982
f 2838/5983/5983 2837/5984/5984 2839/5985/5985
f 2838/5986/5986 2839/5987/5987 2840/5988/5988
f 2834/5989/5989 2821/5990/5990 2835/5991/5991
f 2841/5992/5992 2835/5993/5993 2821/5994/5994
f 2841/5995/5995 2821/5996/5996 2842/5997/5997
f 2842/5998/5998 2843/5999/5999 2841/6000/6000
f 2834/6001/6001 2844/6002/6002 2821/6003/6003
f 2845/6004/6004 2844/6005/6005 2834/6006/6006
f 2845/6007/6007 2846/6008/6008 2844/6009/6009
f 2846/6010/6010 2845/6011/6011 2847/6012/6012
f 2848/6013/6013 2849/6014/6014 2850/6015/6015
f 2848/6016/6016 2850/6017/6017 2851/6018/6018
f 2851/6019/6019 2852/6020/6020 2848/6021/6021
f 2853/6022/6022 2854/6023/6023 2855/6024/6024
f 2853/6025/6025 2856/6026/6026 2854/6027/6027
f 2856/6028/6028 2853/6029/6029 2857/6030/6030
f 2856/6031/6031 2857/6032/6032 2858/6033/6033
f 2859/6034/6034 2856/6035/6035 2858/6036/6036
f 2859/6037/6037 2858/6038/6038 2860/6039/6039
f 2861/6040/6040 2860/6041/6041 2858/6042/6042
f 2861/6043/6043 2862/6044/6044 2860/6045/6045
f 2863/6046/6046 2858/6047/6047 2857/6048/6048
f 2863/6049/6049 2861/6050/6050 2858/6051/6051
f 2864/6052/6052 2865/6053/6053 2866/6054/6054
f 2864/6055/6055 2866/6056/6056 355/6057/6057
f 2867/6058/6058 355/6059/6059 2866/6060/6060
f 2867/6061/6061 2866/6062/6062 2868/6063/6063
f 2868/6064/6064 2866/6065/6065 2869/6066/6066
f 2868/6067/6067 2869/6068/6068 2870/6069/6069
f 2871/6070/6070 2870/6071/6071 2869/6072/6072
f 2871/6073/6073 2872/6074/6074 2870/6075/6075
f 2866/6076/6076 2873/6077/6077 2869/6078/6078
f 2874/6079/6079 2869/6080/6080 2873/6081/6081
f 2874/6082/6082 2875/6083/6083 2869/6084/6084
f 2875/6085/6085 2874/6086/6086 2876/6087/6087
f 2866/6088/6088 2877/6089/6089 2873/6090/6090
f 2878/6091/6091 355/6092/6092 2879/6093/6093
f 2878/6094/6094 2880/6095/6095 355/6096/6096
f 2881/6097/6097 2861/6098/6098 2882/6099/6099
f 2881/6100/6100 2883/6101/6101 2861/6102/6102
f 2884/6103/6103 2885/6104/6104 2886/6105/6105
f 2884/6106/6106 2887/6107/6107 2885/6108/6108
f 2888/6109/6109 2889/6110/6110 2890/6111/6111
f 2888/6112/6112 2891/6113/6113 2889/6114/6114
f 2892/6115/6115 2893/6116/6116 2894/6117/6117
f 2892/6118/6118 2895/6119/6119 2893/6120/6120
f 2896/6121/6121 2897/6122/6122 2898/6123/6123
f 2896/6124/6124 2898/6125/6125 2899/6126/6126
f 2900/6127/6127 2896/6128/6128 2899/6129/6129
f 2900/6130/6130 2899/6131/6131 2901/6132/6132
f 2902/6133/6133 2901/6134/6134 2899/6135/6135
f 2902/6136/6136 2903/6137/6137 2901/6138/6138
f 2903/6139/6139 2902/6140/6140 2904/6141/6141
f 2903/6142/6142 2904/6143/6143 2905/6144/6144
f 2906/6145/6145 2899/6146/6146 2898/6147/6147
f 2906/6148/6148 2907/6149/6149 2899/6150/6150
f 2907/6151/6151 2906/6152/6152 2908/6153/6153
f 2907/6154/6154 2908/6155/6155 2909/6156/6156
f 2909/6157/6157 2908/6158/6158 2910/6159/6159
f 2909/6160/6160 2910/6161/6161 2911/6162/6162
f 2912/6163/6163 2911/6164/6164 2910/6165/6165
f 2912/6166/6166 2913/6167/6167 2911/6168/6168
f 2914/6169/6169 2911/6170/6170 2913/6171/6171
f 2914/6172/6172 2915/6173/6173 2911/6174/6174
f 2916/6175/6175 2915/6176/6176 2914/6177/6177
f 2916/6178/6178 2917/6179/6179 2915/6180/6180
f 2918/6181/6181 2917/6182/6182 2916/6183/6183
f 2918/6184/6184 2919/6185/6185 2917/6186/6186
f 2919/6187/6187 2918/6188/6188 2920/6189/6189
f 2919/6190/6190 2920/6191/6191 2921/6192/6192
f 2905/6193/6193 2904/6194/6194 2922/6195/6195
f 2905/6196/6196 2922/6197/6197 2923/6198/6198
f 2924/6199/6199 2923/6200/6200 2922/6201/6201
f 2924/6202/6202 2925/6203/6203 2923/6204/6204
f 2926/6205/6205 2925/6206/6206 2924/6207/6207
f 2926/6208/6208 2927/6209/6209 2925/6210/6210
f 2928/6211/6211 2929/6212/6212 2930/6213/6213
f 2928/6214/6214 2930/6215/6215 2931/6216/6216
f 2931/6217/6217 2930/6218/6218 2932/6219/6219
f 2931/6220/6220 2932/6221/6221 2933/6222/6222
f 2934/6223/6223 2933/6224/6224 2932/6225/6225
f 2934/6226/6226 2935/6227/6227 2933/6228/6228
f 2936/6229/6229 2933/6230/6230 2935/6231/6231
f 2936/6232/6232 2937/6233/6233 2933/6234/6234
f 2938/6235/6235 2937/6236/6236 2936/6237/6237
f 2938/6238/6238 2939/6239/6239 2937/6240/6240
f 2939/6241/6241 2938/6242/6242 2940/6243/6243
f 2939/6244/6244 2940/6245/6245 2941/6246/6246
f 2942/6247/6247 2941/6248/6248 2940/6249/6249
f 2942/6250/6250 2943/6251/6251 2941/6252/6252
f 2944/6253/6253 2945/6254/6254 2946/6255/6255
f 2944/6256/6256 2947/6257/6257 2945/6258/6258
f 2947/6259/6259 2944/6260/6260 2948/6261/6261
f 2947/6262/6262 2948/6263/6263 2949/6264/6264
f 2949/6265/6265 2948/6266/6266 2950/6267/6267
f 2949/6268/6268 2950/6269/6269 2951/6270/6270
f 2951/6271/6271 2950/6272/6272 2952/6273/6273
f 2951/6274/6274 2952/6275/6275 2953/6276/6276
f 2954/6277/6277 2953/6278/6278 2952/6279/6279
f 2954/6280/6280 2955/6281/6281 2953/6282/6282
f 2955/6283/6283 2954/6284/6284 2956/6285/6285
f 2955/6286/6286 2956/6287/6287 2957/6288/6288
f 2958/6289/6289 2957/6290/6290 2956/6291/6291
f 2958/6292/6292 2959/6293/6293 2957/6294/6294
f 2960/6295/6295 2959/6296/6296 2958/6297/6297
f 2960/6298/6298 2961/6299/6299 2959/6300/6300
f 2961/6301/6301 2960/6302/6302 2962/6303/6303
f 2961/6304/6304 2962/6305/6305 2963/6306/6306
f 2964/6307/6307 2963/6308/6308 2962/6309/6309
f 2964/6310/6310 2965/6311/6311 2963/6312/6312
f 2966/6313/6313 2967/6314/6314 2968/6315/6315
f 2966/6316/6316 2969/6317/6317 2967/6318/6318
f 2969/6319/6319 2966/6320/6320 2970/6321/6321
f 2969/6322/6322 2970/6323/6323 2926/6324/6324
f 2971/6325/6325 2972/6326/6326 2973/6327/6327
f 2971/6328/6328 2974/6329/6329 2972/6330/6330
f 2975/6331/6331 2976/6332/6332 2977/6333/6333
f 2975/6334/6334 2978/6335/6335 2976/6336/6336
f 2979/6337/6337 2980/6338/6338 2981/6339/6339
f 2979/6340/6340 2982/6341/6341 2980/6342/6342
f 2983/6343/6343 2984/6344/6344 2985/6345/6345
f 2983/6346/6346 2986/6347/6347 2984/6348/6348
f 2987/6349/6349 2988/6350/6350 2989/6351/6351
f 2987/6352/6352 2990/6353/6353 2988/6354/6354
f 2991/6355/6355 2992/6356/6356 2993/6357/6357
f 2991/6358/6358 2994/6359/6359 2992/6360/6360
f 2995/6361/6361 2996/6362/6362 2997/6363/6363
f 2995/6364/6364 2998/6365/6365 2996/6366/6366
f 2999/6367/6367 3000/6368/6368 3001/6369/6369
f 2999/6370/6370 3002/6371/6371 3000/6372/6372
f 3003/6373/6373 3004/6374/6374 3005/6375/6375
f 3003/6376/6376 3006/6377/6377 3004/6378/6378
f 3007/6379/6379 3008/6380/6380 3009/6381/6381
f 3007/6382/6382 3010/6383/6383 3008/6384/6384
f 3011/6385/6385 3012/6386/6386 3013/6387/6387
f 3011/6388/6388 3014/6389/6389 3012/6390/6390
f 3015/6391/6391 3016/6392/6392 3017/6393/6393
f 3015/6394/6394 3018/6395/6395 3016/6396/6396
f 3019/6397/6397 3020/6398/6398 3021/6399/6399
f 3019/6400/6400 3022/6401/6401 3020/6402/6402
f 3023/6403/6403 3024/6404/6404 3025/6405/6405
f 3023/6406/6406 3026/6407/6407 3024/6408/6408
f 3027/6409/6409 3028/6410/6410 3029/6411/6411
f 3027/6412/6412 3030/6413/6413 3028/6414/6414
f 3031/6415/6415 3032/6416/6416 3033/6417/6417
f 3031/6418/6418 3034/6419/6419 3032/6420/6420
f 3035/6421/6421 3036/6422/6422 3037/6423/6423
f 3035/6424/6424 3038/6425/6425 3036/6426/6426
f 3039/6427/6427 3040/6428/6428 3041/6429/6429
f 3039/6430/6430 3042/6431/6431 3040/6432/6432
f 3042/6433/6433 3039/6434/6434 3043/6435/6435
f 3042/6436/6436 3043/6437/6437 3044/6438/6438
f 3045/6439/6439 3046/6440/6440 3047/6441/6441
f 3045/6442/6442 3048/6443/6443 3046/6444/6444
f 3048/6445/6445 3045/6446/6446 3049/6447/6447
f 3048/6448/6448 3049/6449/6449 3050/6450/6450
f 3050/6451/6451 3049/6452/6452 3051/6453/6453
f 3050/6454/6454 3051/6455/6455 3052/6456/6456
f 3053/6457/6457 3052/6458/6458 3051/6459/6459
f 3051/6460/6460 3054/6461/6461 3053/6462/6462
f 3051/6463/6463 3055/6464/6464 3054/6465/6465
f 3056/6466/6466 3054/6467/6467 3055/6468/6468
f 3056/6469/6469 3057/6470/6470 3054/6471/6471
f 3057/6472/6472 3056/6473/6473 3058/6474/6474
f 3057/6475/6475 3058/6476/6476 3059/6477/6477
f 3060/6478/6478 3059/6479/6479 3058/6480/6480
f 3060/6481/6481 3061/6482/6482 3059/6483/6483
f 3062/6484/6484 3063/6485/6485 3064/6486/6486
f 3062/6487/6487 3065/6488/6488 3063/6489/6489
f 3066/6490/6490 3067/6491/6491 3068/6492/6492
f 3066/6493/6493 3069/6494/6494 3067/6495/6495
f 3069/6496/6496 3066/6497/6497 3070/6498/6498
f 3069/6499/6499 3070/6500/6500 3071/6501/6501
f 3071/6502/6502 3070/6503/6503 3072/6504/6504
f 3071/6505/6505 3072/6506/6506 3073/6507/6507
f 3072/6508/6508 3074/6509/6509 3073/6510/6510
f 3072/6511/6511 3075/6512/6512 3074/6513/6513
f 3076/6514/6514 3074/6515/6515 3075/6516/6516
f 3076/6517/6517 3077/6518/6518 3074/6519/6519
f 3077/6520/6520 3076/6521/6521 3078/6522/6522
f 3077/6523/6523 3078/6524/6524 3079/6525/6525
f 3080/6526/6526 3079/6527/6527 3078/6528/6528
f 3080/6529/6529 3081/6530/6530 3079/6531/6531
f 3082/6532/6532 3080/6533/6533 3078/6534/6534
f 3082/6535/6535 3078/6536/6536 3083/6537/6537
f 3084/6538/6538 3083/6539/6539 3078/6540/6540
f 3084/6541/6541 3085/6542/6542 3083/6543/6543
f 3085/6544/6544 3084/6545/6545 3086/6546/6546
f 3085/6547/6547 3086/6548/6548 3087/6549/6549
f 3088/6550/6550 3087/6551/6551 3086/6552/6552
f 3088/6553/6553 3086/6554/6554 3089/6555/6555
f 3088/6556/6556 3089/6557/6557 3090/6558/6558
f 3091/6559/6559 3090/6560/6560 3089/6561/6561
f 3091/6562/6562 3092/6563/6563 3090/6564/6564
f 3093/6565/6565 3094/6566/6566 3095/6567/6567
f 3093/6568/6568 3096/6569/6569 3094/6570/6570
f 3093/6571/6571 3097/6572/6572 3096/6573/6573
f 3093/6574/6574 3098/6575/6575 3097/6576/6576
f 3099/6577/6577 3097/6578/6578 3098/6579/6579
f 3099/6580/6580 3100/6581/6581 3097/6582/6582
f 3100/6583/6583 3099/6584/6584 3101/6585/6585
f 3100/6586/6586 3101/6587/6587 3102/6588/6588
f 3103/6589/6589 3102/6590/6590 3101/6591/6591
f 3103/6592/6592 3104/6593/6593 3102/6594/6594
f 3105/6595/6595 3106/6596/6596 3107/6597/6597
f 3105/6598/6598 3108/6599/6599 3106/6600/6600
f 3065/6601/6601 3109/6602/6602 3110/6603/6603
f 3065/6604/6604 3111/6605/6605 3109/6606/6606
f 3112/6607/6607 3113/6608/6608 3114/6609/6609
