version 1
nodes
  0 "Bip01"  -1
  1 "Bip01 Pelvis"   0
  2 "Bip01 Spine"   1
  3 "Bip01 Spine1"   2
  4 "Bip01 Spine2"   3
  5 "Bip01 Spine3"   4
  6 "Bip01 Neck"   5
  7 "Bip01 L Clavicle"   6
  8 "Bip01 L UpperArm"   7
  9 "Bip01 L Forearm"   8
 10 "Bip01 L Hand"   9
 11 "Bip01 L Finger0"  10
 12 "Bip01 L Finger01"  11
 13 "Bip01 L Finger02"  12
 14 "Bip01 L Finger1"  10
 15 "Bip01 L Finger11"  14
 16 "Bip01 L Finger12"  15
 17 "Bip01 L Finger2"  10
 18 "Bip01 L Finger21"  17
 19 "Bip01 L Finger22"  18
 20 "Bip01 L Finger3"  10
 21 "Bip01 L Finger31"  20
 22 "Bip01 L Finger32"  21
 23 "Bip01 L Finger4"  10
 24 "Bip01 L Finger41"  23
 25 "Bip01 L Finger42"  24
 26 "Bip01 R Clavicle"   6
 27 "Bip01 R UpperArm"  26
 28 "Bip01 R Forearm"  27
 29 "Bip01 R Hand"  28
 30 "Bip01 R Finger0"  29
 31 "Bip01 R Finger01"  30
 32 "Bip01 R Finger02"  31
 33 "Bip01 R Finger1"  29
 34 "Bip01 R Finger11"  33
 35 "Bip01 R Finger12"  34
 36 "Bip01 R Finger2"  29
 37 "Bip01 R Finger21"  36
 38 "Bip01 R Finger22"  37
 39 "Bip01 R Finger3"  29
 40 "Bip01 R Finger31"  39
 41 "Bip01 R Finger32"  40
 42 "Bip01 R Finger4"  29
 43 "Bip01 R Finger41"  42
 44 "Bip01 R Finger42"  43
 45 "Bip01 L Thigh"   1
 46 "Bip01 L Calf"  45
 47 "Bip01 L Foot"  46
 48 "Bip01 L Toe0"  47
 49 "Bip01 R Thigh"   1
 50 "Bip01 R Calf"  49
 51 "Bip01 R Foot"  50
 52 "Bip01 R Toe0"  51
 53 "Bip01 Head"   6
 54 "Bone05"  53
 55 "Dummy05"  53
 56 "L_eyebrow"  55
 57 "C_eyebrow"  55
 58 "R_eyebrow"  55
 59 "R_Eye"  55
 60 "Eyelids"  55
 61 "L_Eye"  55
 62 "m4"  29
end
skeleton
time 0
  0 0.212576 -0.212576 29.787020 0.000000 0.000000 -1.562456
  1 -2.795641 0.000001 9.745319 -1.570795 -1.570451 0.000000
  2 1.384163 -0.004728 0.000002 -0.000004 -0.000001 0.192585
  3 5.939814 -0.004730 0.000000 0.000000 -0.000000 0.069738
  4 5.939809 -0.003975 0.000000 0.000000 -0.000000 0.000000
  5 4.991439 -0.003975 0.000000 0.000000 -0.000000 0.000000
  6 4.991436 -0.001575 0.000000 0.000000 -0.000000 0.000000
  7 0.000005 0.001564 3.638375 -0.000010 -1.283627 3.140806
  8 8.842831 0.000000 -0.000002 0.954583 0.704058 0.769228
  9 9.341934 0.000000 -0.000001 0.000000 -0.000000 -1.089489
 10 11.168404 -0.000001 0.000002 -2.138571 0.019061 -0.231172
 11 1.364904 0.231178 -1.984411 2.310809 0.500598 0.873954
 12 1.748536 -0.000002 0.000000 0.000000 -0.000000 0.567170
 13 1.272494 0.000001 -0.000001 0.000000 -0.000000 0.462442
 14 4.525584 -0.000304 -1.850224 0.079944 0.053288 1.005563
 15 1.719872 -0.000002 0.000000 0.000000 -0.000000 0.933623
 16 1.383647 0.000002 0.000000 0.000000 -0.000000 0.741644
 17 4.525584 -0.000102 -0.616741 0.043017 0.029897 1.004047
 18 1.807673 0.000001 -0.000001 0.000000 -0.000000 0.881257
 19 1.614255 0.000001 0.000001 0.000000 -0.000000 0.741755
 20 4.525584 0.000101 0.616741 0.028355 0.020521 1.003703
 21 1.719869 0.000000 -0.000001 0.000000 -0.000000 0.680519
 22 1.383649 -0.000001 0.000000 0.000000 -0.000000 0.741644
 23 4.525584 0.000303 1.850224 -0.030467 -0.017054 1.003724
 24 1.433227 -0.000002 0.000000 0.000000 -0.000000 0.680554
 25 1.153039 0.000000 0.000000 0.000000 -0.000000 0.741639
 26 0.000005 0.001585 -3.638375 -0.000010 1.300884 3.140787
 27 8.842831 0.000000 0.000001 0.270116 -1.060815 -0.180558
 28 9.341937 0.000000 -0.000001 0.000000 -0.000000 -2.293220
 29 10.945741 -0.000001 0.000001 1.872424 0.353743 -0.209492
 30 1.364904 0.231177 1.984410 -3.139615 0.004157 1.002253
 31 1.748536 -0.000002 0.000001 0.000000 -0.000000 0.436276
 32 1.272493 0.000001 0.000002 0.000000 -0.000000 0.322849
 33 4.525584 -0.000303 1.850224 -0.016317 -0.094622 0.192575
 34 1.719873 0.000001 0.000000 0.000000 -0.000000 0.034907
 35 1.383647 0.000000 -0.000001 0.000000 -0.000000 0.689317
 36 4.525584 -0.000101 0.616741 -0.040896 -0.032761 0.934240
 37 1.807674 -0.000001 0.000000 0.000000 -0.000000 0.907547
 38 1.614256 -0.000001 0.000000 0.000000 -0.000000 1.151884
 39 4.525584 0.000101 -0.616741 -0.026857 -0.022390 0.933908
 40 1.719871 -0.000002 0.000000 0.000000 -0.000000 0.907547
 41 1.383648 0.000001 0.000000 0.000000 -0.000000 1.151884
 42 4.525584 0.000304 -1.850223 0.029257 0.019200 0.933920
 43 1.433227 0.000002 0.000000 0.000000 -0.000000 0.907405
 44 1.153038 0.000000 0.000000 0.000000 -0.000000 1.151837
 45 -0.000008 0.000010 5.615750 -3.141592 0.000194 2.770271
 46 15.693467 0.000000 0.000000 0.000000 -0.000000 -0.583430
 47 22.146629 -0.000001 0.000000 0.008636 0.000149 0.211806
 48 3.310129 5.734394 0.000000 0.000000 -0.000000 1.570796
 49 0.000008 -0.000006 -5.615750 -3.141592 0.000194 2.772668
 50 15.693467 0.000000 0.000000 0.000000 -0.000000 -0.583950
 51 22.146629 0.000000 0.000000 0.008631 0.000123 0.214738
 52 3.310129 5.734394 0.000000 0.000000 -0.000000 1.570796
 53 1.977383 0.000000 0.000000 0.000000 0.000000 -0.218763
 54 3.723980 2.768054 -0.049087 -3.141592 -0.000002 1.570799
 55 11.781867 -0.001184 -0.000003 0.000000 -0.000000 0.000000
 56 -3.887187 4.546144 1.934869 -3.141591 -1.570796 0.000000
 57 -4.205003 4.546216 -0.015855 -3.141591 -1.570796 0.000000
 58 -3.887188 4.546179 -1.987145 -3.141591 -1.570796 0.000000
 59 -4.881806 5.593821 -1.566820 1.047319 -1.487704 2.076220
 60 -4.886902 5.683144 -0.007570 -3.132865 -1.570796 0.000000
 61 -4.881796 5.609550 1.546659 1.047319 -1.487704 2.076220
 62 3.710047 1.760547 -0.059361 -0.091858 -0.075851 1.616828
time 1
  0 0.182434 -0.182434 29.787020 0.000000 0.001340 -1.562360
  1 -2.783922 0.000001 9.745319 -1.570795 -1.570451 0.000000
  2 1.384163 -0.004728 0.000002 -0.000004 -0.000001 0.191142
  3 5.939814 -0.004730 0.000000 0.000000 -0.000000 0.069738
  4 5.939809 -0.003975 0.000000 0.000000 -0.000000 0.000000
  5 4.991439 -0.003975 0.000000 0.000000 -0.000000 0.000000
  6 4.991436 -0.001575 0.000000 0.000000 -0.000000 0.000000
  7 0.000005 0.001564 3.638375 -0.000010 -1.286312 3.140806
  8 8.842831 0.000000 -0.000002 0.958424 0.705133 0.772018
  9 9.341934 0.000000 -0.000001 0.000000 -0.000000 -1.089489
 10 11.168404 -0.000001 0.000002 -2.138571 0.019061 -0.231172
 11 1.364904 0.231178 -1.984411 2.310809 0.500598 0.873954
 12 1.748536 -0.000002 0.000000 0.000000 -0.000000 0.567170
 13 1.272494 0.000001 -0.000001 0.000000 -0.000000 0.462442
 14 4.525584 -0.000304 -1.850224 0.079944 0.053288 1.005563
 15 1.719872 -0.000002 0.000000 0.000000 -0.000000 0.933623
 16 1.383647 0.000002 0.000000 0.000000 -0.000000 0.741644
 17 4.525584 -0.000102 -0.616741 0.043017 0.029897 1.004047
 18 1.807673 0.000001 -0.000001 0.000000 -0.000000 0.881257
 19 1.614255 0.000001 0.000001 0.000000 -0.000000 0.741755
 20 4.525584 0.000101 0.616741 0.028355 0.020521 1.003703
 21 1.719869 0.000000 -0.000001 0.000000 -0.000000 0.680519
 22 1.383649 -0.000001 0.000000 0.000000 -0.000000 0.741644
 23 4.525584 0.000303 1.850224 -0.030467 -0.017054 1.003724
 24 1.433227 -0.000002 0.000000 0.000000 -0.000000 0.680554
 25 1.153039 0.000000 0.000000 0.000000 -0.000000 0.741639
 26 0.000005 0.001585 -3.638375 -0.000010 1.306416 3.140787
 27 8.842831 0.000000 0.000001 0.260682 -1.067672 -0.169696
 28 9.341937 0.000000 -0.000001 0.000000 -0.000000 -2.293220
 29 10.945741 -0.000001 0.000001 1.878762 0.351635 -0.212500
 30 1.364904 0.231177 1.984410 -3.139615 0.004157 1.002253
 31 1.748536 -0.000002 0.000001 0.000000 -0.000000 0.436276
 32 1.272493 0.000001 0.000002 0.000000 -0.000000 0.322849
 33 4.525584 -0.000303 1.850224 -0.016317 -0.094622 0.192575
 34 1.719873 0.000001 0.000000 0.000000 -0.000000 0.034907
 35 1.383647 0.000000 -0.000001 0.000000 -0.000000 0.689317
 36 4.525584 -0.000101 0.616741 -0.040896 -0.032761 0.934240
 37 1.807674 -0.000001 0.000000 0.000000 -0.000000 0.907547
 38 1.614256 -0.000001 0.000000 0.000000 -0.000000 1.151884
 39 4.525584 0.000101 -0.616741 -0.026857 -0.022390 0.933908
 40 1.719871 -0.000002 0.000000 0.000000 -0.000000 0.907547
 41 1.383648 0.000001 0.000000 0.000000 -0.000000 1.151884
 42 4.525584 0.000304 -1.850223 0.029257 0.019200 0.933920
 43 1.433227 0.000002 0.000000 0.000000 -0.000000 0.907405
 44 1.153038 0.000000 0.000000 0.000000 -0.000000 1.151837
 45 -0.000008 0.000010 5.615750 -3.141304 -0.000861 2.769504
 46 15.693467 0.000000 0.000000 0.000000 -0.000000 -0.583572
 47 22.146629 -0.000001 0.000000 0.008785 -0.000892 0.212694
 48 3.310129 5.734394 0.000000 0.000000 -0.000000 1.570796
 49 0.000008 -0.000006 -5.615750 -3.141304 -0.000861 2.771709
 50 15.693467 0.000000 0.000000 0.000000 -0.000000 -0.583950
 51 22.146629 0.000000 0.000000 0.008687 -0.000921 0.215459
 52 3.310129 5.734394 0.000000 0.000000 -0.000000 1.570796
 53 1.977383 0.000000 0.000000 -0.005392 -0.001432 -0.217471
 54 3.723980 2.768054 -0.049087 -3.141592 -0.000002 1.570799
 55 11.781867 -0.001184 -0.000003 0.000000 -0.000000 0.000000
 56 -3.887187 4.546144 1.934869 -3.141591 -1.570796 0.000000
 57 -4.205003 4.546216 -0.015855 -3.141591 -1.570796 0.000000
 58 -3.887188 4.546179 -1.987145 -3.141591 -1.570796 0.000000
 59 -4.881806 5.593821 -1.566820 1.126457 -1.473528 1.997431
 60 -4.886902 5.683144 -0.007570 -3.132865 -1.570796 0.000000
 61 -4.881796 5.609550 1.546659 1.126457 -1.473528 1.997431
 62 3.710047 1.760547 -0.059361 -0.091858 -0.075851 1.616828
time 2
  0 0.129684 -0.129684 29.787020 0.000000 0.002967 -1.562360
  1 -2.764390 0.000001 9.745319 -1.570795 -1.570451 0.000000
  2 1.384163 -0.004728 0.000002 -0.000004 -0.000001 0.189746
  3 5.939814 -0.004730 0.000000 0.000000 -0.000000 0.069738
  4 5.939809 -0.003975 0.000000 0.000000 -0.000000 0.000000
  5 4.991439 -0.003975 0.000000 0.000000 -0.000000 0.000000
  6 4.991436 -0.001575 0.000000 0.000000 -0.000000 0.000000
  7 0.000005 0.001564 3.638375 -0.000010 -1.289214 3.140806
  8 8.842831 0.000000 -0.000002 0.962356 0.706299 0.775137
  9 9.341934 0.000000 -0.000001 0.000000 -0.000000 -1.089489
 10 11.168404 -0.000001 0.000002 -2.138571 0.019061 -0.231172
 11 1.364904 0.231178 -1.984411 2.310809 0.500598 0.873954
 12 1.748536 -0.000002 0.000000 0.000000 -0.000000 0.567170
 13 1.272494 0.000001 -0.000001 0.000000 -0.000000 0.462442
 14 4.525584 -0.000304 -1.850224 0.079944 0.053288 1.005563
 15 1.719872 -0.000002 0.000000 0.000000 -0.000000 0.933623
 16 1.383647 0.000002 0.000000 0.000000 -0.000000 0.741644
 17 4.525584 -0.000102 -0.616741 0.043017 0.029897 1.004047
 18 1.807673 0.000001 -0.000001 0.000000 -0.000000 0.881257
 19 1.614255 0.000001 0.000001 0.000000 -0.000000 0.741755
 20 4.525584 0.000101 0.616741 0.028355 0.020521 1.003703
 21 1.719869 0.000000 -0.000001 0.000000 -0.000000 0.680519
 22 1.383649 -0.000001 0.000000 0.000000 -0.000000 0.741644
 23 4.525584 0.000303 1.850224 -0.030467 -0.017054 1.003724
 24 1.433227 -0.000002 0.000000 0.000000 -0.000000 0.680554
 25 1.153039 0.000000 0.000000 0.000000 -0.000000 0.741639
 26 0.000005 0.001585 -3.638375 -0.000010 1.311902 3.140787
 27 8.842831 0.000000 0.000001 0.250524 -1.074613 -0.158072
 28 9.341937 0.000000 -0.000001 0.000000 -0.000000 -2.293220
 29 10.945741 -0.000001 0.000001 1.885473 0.349359 -0.215696
 30 1.364904 0.231177 1.984410 -3.139615 0.004157 1.002253
 31 1.748536 -0.000002 0.000001 0.000000 -0.000000 0.436276
 32 1.272493 0.000001 0.000002 0.000000 -0.000000 0.322849
 33 4.525584 -0.000303 1.850224 -0.016317 -0.094622 0.192575
 34 1.719873 0.000001 0.000000 0.000000 -0.000000 0.034907
 35 1.383647 0.000000 -0.000001 0.000000 -0.000000 0.689317
 36 4.525584 -0.000101 0.616741 -0.040896 -0.032761 0.934240
 37 1.807674 -0.000001 0.000000 0.000000 -0.000000 0.907547
 38 1.614256 -0.000001 0.000000 0.000000 -0.000000 1.151884
 39 4.525584 0.000101 -0.616741 -0.026857 -0.022390 0.933908
 40 1.719871 -0.000002 0.000000 0.000000 -0.000000 0.907547
 41 1.383648 0.000001 0.000000 0.000000 -0.000000 1.151884
 42 4.525584 0.000304 -1.850223 0.029257 0.019200 0.933920
 43 1.433227 0.000002 0.000000 0.000000 -0.000000 0.907405
 44 1.153038 0.000000 0.000000 0.000000 -0.000000 1.151837
 45 -0.000008 0.000010 5.615750 -3.141304 -0.001820 2.768641
 46 15.693467 0.000000 0.000000 0.000000 -0.000000 -0.583572
 47 22.146629 -0.000001 0.000000 0.008897 -0.002080 0.213434
 48 3.310129 5.734394 0.000000 0.000000 -0.000000 1.570796
 49 0.000008 -0.000006 -5.615750 -3.141304 -0.001724 2.770942
 50 15.693467 0.000000 0.000000 0.000000 -0.000000 -0.584121
 51 22.146629 0.000000 0.000000 0.008913 -0.002087 0.216180
 52 3.310129 5.734394 0.000000 0.000000 -0.000000 1.570796
 53 1.977383 0.000000 0.000000 -0.011260 -0.002956 -0.216129
 54 3.723980 2.768054 -0.049087 -3.141592 -0.000002 1.570799
 55 11.781867 -0.001184 -0.000003 0.000000 -0.000000 0.000000
 56 -3.887187 4.546144 1.934869 -3.141591 -1.570796 0.000000
 57 -4.205003 4.546216 -0.015855 -3.141591 -1.570796 0.000000
 58 -3.887188 4.546179 -1.987145 -3.141591 -1.570796 0.000000
 59 -4.881806 5.593821 -1.566820 1.185115 -1.458895 1.938970
 60 -4.886902 5.683144 -0.007570 -3.132865 -1.570796 0.000000
 61 -4.881796 5.609550 1.546659 1.185115 -1.458895 1.938970
 62 3.710047 1.760547 -0.059361 -0.091858 -0.075851 1.616828
time 3
  0 0.076935 -0.076935 29.787020 0.000000 0.004594 -1.562072
  1 -2.752671 0.000001 9.745319 -1.570795 -1.570451 0.000000
  2 1.384163 -0.004728 0.000002 -0.000004 -0.000001 0.188256
  3 5.939814 -0.004730 0.000000 0.000000 -0.000000 0.069738
  4 5.939809 -0.003975 0.000000 0.000000 -0.000000 0.000000
  5 4.991439 -0.003975 0.000000 0.000000 -0.000000 0.000000
  6 4.991436 -0.001575 0.000000 0.000000 -0.000000 0.000000
  7 0.000005 0.001564 3.638375 -0.000010 -1.292153 3.140806
  8 8.842831 0.000000 -0.000002 0.966471 0.707284 0.778091
  9 9.341934 0.000000 -0.000001 0.000000 -0.000000 -1.089489
 10 11.168404 -0.000001 0.000002 -2.138571 0.019061 -0.231172
 11 1.364904 0.231178 -1.984411 2.310809 0.500598 0.873954
 12 1.748536 -0.000002 0.000000 0.000000 -0.000000 0.567170
 13 1.272494 0.000001 -0.000001 0.000000 -0.000000 0.462442
 14 4.525584 -0.000304 -1.850224 0.079944 0.053288 1.005563
 15 1.719872 -0.000002 0.000000 0.000000 -0.000000 0.933623
 16 1.383647 0.000002 0.000000 0.000000 -0.000000 0.741644
 17 4.525584 -0.000102 -0.616741 0.043017 0.029897 1.004047
 18 1.807673 0.000001 -0.000001 0.000000 -0.000000 0.881257
 19 1.614255 0.000001 0.000001 0.000000 -0.000000 0.741755
 20 4.525584 0.000101 0.616741 0.028355 0.020521 1.003703
 21 1.719869 0.000000 -0.000001 0.000000 -0.000000 0.680519
 22 1.383649 -0.000001 0.000000 0.000000 -0.000000 0.741644
 23 4.525584 0.000303 1.850224 -0.030467 -0.017054 1.003724
 24 1.433227 -0.000002 0.000000 0.000000 -0.000000 0.680554
 25 1.153039 0.000000 0.000000 0.000000 -0.000000 0.741639
 26 0.000005 0.001585 -3.638375 -0.000010 1.317433 3.140787
 27 8.842831 0.000000 0.000001 0.239821 -1.081638 -0.145876
 28 9.341937 0.000000 -0.000001 0.000000 -0.000000 -2.293220
 29 10.945741 -0.000001 0.000001 1.891904 0.346915 -0.219081
 30 1.364904 0.231177 1.984410 -3.139615 0.004157 1.002253
 31 1.748536 -0.000002 0.000001 0.000000 -0.000000 0.436276
 32 1.272493 0.000001 0.000002 0.000000 -0.000000 0.322849
 33 4.525584 -0.000303 1.850224 -0.016317 -0.094622 0.192575
 34 1.719873 0.000001 0.000000 0.000000 -0.000000 0.034907
 35 1.383647 0.000000 -0.000001 0.000000 -0.000000 0.689317
 36 4.525584 -0.000101 0.616741 -0.040896 -0.032761 0.934240
 37 1.807674 -0.000001 0.000000 0.000000 -0.000000 0.907547
 38 1.614256 -0.000001 0.000000 0.000000 -0.000000 1.151884
 39 4.525584 0.000101 -0.616741 -0.026857 -0.022390 0.933908
 40 1.719871 -0.000002 0.000000 0.000000 -0.000000 0.907547
 41 1.383648 0.000001 0.000000 0.000000 -0.000000 1.151884
 42 4.525584 0.000304 -1.850223 0.029257 0.019200 0.933920
 43 1.433227 0.000002 0.000000 0.000000 -0.000000 0.907405
 44 1.153038 0.000000 0.000000 0.000000 -0.000000 1.151837
 45 -0.000008 0.000010 5.615750 -3.140633 -0.002682 2.767778
 46 15.693467 0.000000 0.000000 0.000000 -0.000000 -0.583643
 47 22.146629 -0.000001 0.000000 0.009009 -0.003269 0.214322
 48 3.310129 5.734394 0.000000 0.000000 -0.000000 1.570796
 49 0.000008 -0.000006 -5.615750 -3.140633 -0.002682 2.770079
 50 15.693467 0.000000 0.000000 0.000000 -0.000000 -0.584292
 51 22.146629 0.000000 0.000000 0.008969 -0.003285 0.217261
 52 3.310129 5.734394 0.000000 0.000000 -0.000000 1.570796
 53 1.977383 0.000000 0.000000 -0.017339 -0.004457 -0.214737
 54 3.723980 2.768054 -0.049087 -3.141592 -0.000002 1.570799
 55 11.781867 -0.001184 -0.000003 0.000000 -0.000000 0.000000
 56 -3.887187 4.546144 1.934869 -3.141591 -1.570796 0.000000
 57 -4.205003 4.546216 -0.015855 -3.141591 -1.570796 0.000000
 58 -3.887188 4.546179 -1.987145 -3.141591 -1.570796 0.000000
 59 -4.881806 5.593821 -1.566820 1.230171 -1.443962 1.894250
 60 -4.886902 5.683144 -0.007570 -3.132865 -1.570796 0.000000
 61 -4.881796 5.609550 1.546659 1.230171 -1.443962 1.894250
 62 3.710047 1.760547 -0.059361 -0.091858 -0.075851 1.616828
time 4
  0 0.046792 -0.046792 29.787020 0.000000 0.005838 -1.561976
  1 -2.740952 0.000001 9.745319 -1.570795 -1.570451 0.000000
  2 1.384163 -0.004728 0.000002 -0.000004 -0.000001 0.186813
  3 5.939814 -0.004730 0.000000 0.000000 -0.000000 0.069738
  4 5.939809 -0.003975 0.000000 0.000000 -0.000000 0.000000
  5 4.991439 -0.003975 0.000000 0.000000 -0.000000 0.000000
  6 4.991436 -0.001575 0.000000 0.000000 -0.000000 0.000000
  7 0.000005 0.001564 3.638375 -0.000010 -1.295055 3.140806
  8 8.842831 0.000000 -0.000002 0.970220 0.708360 0.781128
  9 9.341934 0.000000 -0.000001 0.000000 -0.000000 -1.089489
 10 11.168404 -0.000001 0.000002 -2.138571 0.019061 -0.231172
 11 1.364904 0.231178 -1.984411 2.310809 0.500598 0.873954
 12 1.748536 -0.000002 0.000000 0.000000 -0.000000 0.567170
 13 1.272494 0.000001 -0.000001 0.000000 -0.000000 0.462442
 14 4.525584 -0.000304 -1.850224 0.079944 0.053288 1.005563
 15 1.719872 -0.000002 0.000000 0.000000 -0.000000 0.933623
 16 1.383647 0.000002 0.000000 0.000000 -0.000000 0.741644
 17 4.525584 -0.000102 -0.616741 0.043017 0.029897 1.004047
 18 1.807673 0.000001 -0.000001 0.000000 -0.000000 0.881257
 19 1.614255 0.000001 0.000001 0.000000 -0.000000 0.741755
 20 4.525584 0.000101 0.616741 0.028355 0.020521 1.003703
 21 1.719869 0.000000 -0.000001 0.000000 -0.000000 0.680519
 22 1.383649 -0.000001 0.000000 0.000000 -0.000000 0.741644
 23 4.525584 0.000303 1.850224 -0.030467 -0.017054 1.003724
 24 1.433227 -0.000002 0.000000 0.000000 -0.000000 0.680554
 25 1.153039 0.000000 0.000000 0.000000 -0.000000 0.741639
 26 0.000005 0.001585 -3.638375 -0.000010 1.323056 3.140787
 27 8.842831 0.000000 0.000001 0.228664 -1.088662 -0.133013
 28 9.341937 0.000000 -0.000001 0.000000 -0.000000 -2.293220
 29 10.945741 -0.000001 0.000001 1.898707 0.344386 -0.221431
 30 1.364904 0.231177 1.984410 -3.139615 0.004157 1.002253
 31 1.748536 -0.000002 0.000001 0.000000 -0.000000 0.436276
 32 1.272493 0.000001 0.000002 0.000000 -0.000000 0.322849
 33 4.525584 -0.000303 1.850224 -0.016317 -0.094622 0.192575
 34 1.719873 0.000001 0.000000 0.000000 -0.000000 0.034907
 35 1.383647 0.000000 -0.000001 0.000000 -0.000000 0.689317
 36 4.525584 -0.000101 0.616741 -0.040896 -0.032761 0.934240
 37 1.807674 -0.000001 0.000000 0.000000 -0.000000 0.907547
 38 1.614256 -0.000001 0.000000 0.000000 -0.000000 1.151884
 39 4.525584 0.000101 -0.616741 -0.026857 -0.022390 0.933908
 40 1.719871 -0.000002 0.000000 0.000000 -0.000000 0.907547
 41 1.383648 0.000001 0.000000 0.000000 -0.000000 1.151884
 42 4.525584 0.000304 -1.850223 0.029257 0.019200 0.933920
 43 1.433227 0.000002 0.000000 0.000000 -0.000000 0.907405
 44 1.153038 0.000000 0.000000 0.000000 -0.000000 1.151837
 45 -0.000008 0.000010 5.615750 -3.140633 -0.004121 2.767011
 46 15.693467 0.000000 0.000000 0.000000 -0.000000 -0.583857
 47 22.146629 -0.000001 0.000000 0.009159 -0.004383 0.215111
 48 3.310129 5.734394 0.000000 0.000000 -0.000000 1.570796
 49 0.000008 -0.000006 -5.615750 -3.140154 -0.004025 2.769312
 50 15.693467 0.000000 0.000000 0.000000 -0.000000 -0.584292
 51 22.146629 0.000000 0.000000 0.009082 -0.004482 0.217982
 52 3.310129 5.734394 0.000000 0.000000 -0.000000 1.570796
 53 1.977383 0.000000 0.000000 -0.023682 -0.005981 -0.213495
 54 3.723980 2.768054 -0.049087 -3.141592 -0.000002 1.570799
 55 11.781867 -0.001184 -0.000003 0.000000 -0.000000 0.000000
 56 -3.887187 4.546144 1.934869 -3.141591 -1.570796 0.000000
 57 -4.205003 4.546216 -0.015855 -3.141591 -1.570796 0.000000
 58 -3.887188 4.546179 -1.987145 -3.141591 -1.570796 0.000000
 59 -4.881806 5.593821 -1.566820 1.265953 -1.428834 1.858962
 60 -4.886902 5.683144 -0.007570 -3.132865 -1.570796 0.000000
 61 -4.881796 5.609550 1.546659 1.265953 -1.428834 1.858962
 62 3.710047 1.760547 -0.059361 -0.091858 -0.075851 1.616828
time 5
  0 -0.005957 0.005957 29.787020 0.000000 0.007465 -1.561880
  1 -2.729233 0.000001 9.745319 -1.570795 -1.570451 0.000000
  2 1.384163 -0.004728 0.000002 -0.000004 -0.000001 0.185417
  3 5.939814 -0.004730 0.000000 0.000000 -0.000000 0.069738
  4 5.939809 -0.003975 0.000000 0.000000 -0.000000 0.000000
  5 4.991439 -0.003975 0.000000 0.000000 -0.000000 0.000000
  6 4.991436 -0.001575 0.000000 0.000000 -0.000000 0.000000
  7 0.000005 0.001564 3.638375 -0.000010 -1.297921 3.140806
  8 8.842831 0.000000 -0.000002 0.974335 0.709436 0.783918
  9 9.341934 0.000000 -0.000001 0.000000 -0.000000 -1.089489
 10 11.168404 -0.000001 0.000002 -2.138571 0.019061 -0.231172
 11 1.364904 0.231178 -1.984411 2.310809 0.500598 0.873954
 12 1.748536 -0.000002 0.000000 0.000000 -0.000000 0.567170
 13 1.272494 0.000001 -0.000001 0.000000 -0.000000 0.462442
 14 4.525584 -0.000304 -1.850224 0.079944 0.053288 1.005563
 15 1.719872 -0.000002 0.000000 0.000000 -0.000000 0.933623
 16 1.383647 0.000002 0.000000 0.000000 -0.000000 0.741644
 17 4.525584 -0.000102 -0.616741 0.043017 0.029897 1.004047
 18 1.807673 0.000001 -0.000001 0.000000 -0.000000 0.881257
 19 1.614255 0.000001 0.000001 0.000000 -0.000000 0.741755
 20 4.525584 0.000101 0.616741 0.028355 0.020521 1.003703
 21 1.719869 0.000000 -0.000001 0.000000 -0.000000 0.680519
 22 1.383649 -0.000001 0.000000 0.000000 -0.000000 0.741644
 23 4.525584 0.000303 1.850224 -0.030467 -0.017054 1.003724
 24 1.433227 -0.000002 0.000000 0.000000 -0.000000 0.680554
 25 1.153039 0.000000 0.000000 0.000000 -0.000000 0.741639
 26 0.000005 0.001585 -3.638375 -0.000010 1.328680 3.140787
 27 8.842831 0.000000 0.000001 0.216510 -1.095687 -0.119483
 28 9.341937 0.000000 -0.000001 0.000000 -0.000000 -2.293220
 29 10.945741 -0.000001 0.000001 1.905325 0.341899 -0.226789
 30 1.364904 0.231177 1.984410 -3.139615 0.004157 1.002253
 31 1.748536 -0.000002 0.000001 0.000000 -0.000000 0.436276
 32 1.272493 0.000001 0.000002 0.000000 -0.000000 0.322849
 33 4.525584 -0.000303 1.850224 -0.016317 -0.094622 0.192575
 34 1.719873 0.000001 0.000000 0.000000 -0.000000 0.034907
 35 1.383647 0.000000 -0.000001 0.000000 -0.000000 0.689317
 36 4.525584 -0.000101 0.616741 -0.040896 -0.032761 0.934240
 37 1.807674 -0.000001 0.000000 0.000000 -0.000000 0.907547
 38 1.614256 -0.000001 0.000000 0.000000 -0.000000 1.151884
 39 4.525584 0.000101 -0.616741 -0.026857 -0.022390 0.933908
 40 1.719871 -0.000002 0.000000 0.000000 -0.000000 0.907547
 41 1.383648 0.000001 0.000000 0.000000 -0.000000 1.151884
 42 4.525584 0.000304 -1.850223 0.029257 0.019200 0.933920
 43 1.433227 0.000002 0.000000 0.000000 -0.000000 0.907405
 44 1.153038 0.000000 0.000000 0.000000 -0.000000 1.151837
 45 -0.000008 0.000010 5.615750 -3.139866 -0.004888 2.766148
 46 15.693467 0.000000 0.000000 0.000000 -0.000000 -0.583999
 47 22.146629 -0.000001 0.000000 0.009234 -0.005622 0.215950
 48 3.310129 5.734394 0.000000 0.000000 -0.000000 1.570796
 49 0.000008 -0.000006 -5.615750 -3.139962 -0.005079 2.768545
 50 15.693467 0.000000 0.000000 0.000000 -0.000000 -0.584463
 51 22.146629 0.000000 0.000000 0.009195 -0.005617 0.218794
 52 3.310129 5.734394 0.000000 0.000000 -0.000000 1.570796
 53 1.977383 0.000000 0.000000 -0.030237 -0.007575 -0.212104
 54 3.723980 2.768054 -0.049087 -3.141592 -0.000002 1.570799
 55 11.781867 -0.001184 -0.000003 0.000000 -0.000000 0.000000
 56 -3.887187 4.546144 1.934869 -3.141591 -1.570796 0.000000
 57 -4.205003 4.546216 -0.015855 -3.141591 -1.570796 0.000000
 58 -3.887188 4.546179 -1.987145 -3.141591 -1.570796 0.000000
 59 -4.881806 5.593821 -1.566820 1.294625 -1.413562 1.830422
 60 -4.886902 5.683144 -0.007570 -3.132865 -1.570796 0.000000
 61 -4.881796 5.609550 1.546659 1.294625 -1.413562 1.830422
 62 3.710047 1.760547 -0.059361 -0.091858 -0.075851 1.616828
time 6
  0 -0.036100 0.036100 29.767422 0.000000 0.009092 -1.561880
  1 -2.709701 0.000001 9.745319 -1.570795 -1.570451 0.000000
  2 1.384163 -0.004728 0.000002 -0.000004 -0.000001 0.183927
  3 5.939814 -0.004730 0.000000 0.000000 -0.000000 0.069738
  4 5.939809 -0.003975 0.000000 0.000000 -0.000000 0.000000
  5 4.991439 -0.003975 0.000000 0.000000 -0.000000 0.000000
  6 4.991436 -0.001575 0.000000 0.000000 -0.000000 0.000000
  7 0.000005 0.001564 3.638375 -0.000010 -1.300787 3.140806
  8 8.842831 0.000000 -0.000002 0.978450 0.710601 0.787119
  9 9.341934 0.000000 -0.000001 0.000000 -0.000000 -1.089489
 10 11.168404 -0.000001 0.000002 -2.138571 0.019061 -0.231172
 11 1.364904 0.231178 -1.984411 2.310809 0.500598 0.873954
 12 1.748536 -0.000002 0.000000 0.000000 -0.000000 0.567170
 13 1.272494 0.000001 -0.000001 0.000000 -0.000000 0.462442
 14 4.525584 -0.000304 -1.850224 0.079944 0.053288 1.005563
 15 1.719872 -0.000002 0.000000 0.000000 -0.000000 0.933623
 16 1.383647 0.000002 0.000000 0.000000 -0.000000 0.741644
 17 4.525584 -0.000102 -0.616741 0.043017 0.029897 1.004047
 18 1.807673 0.000001 -0.000001 0.000000 -0.000000 0.881257
 19 1.614255 0.000001 0.000001 0.000000 -0.000000 0.741755
 20 4.525584 0.000101 0.616741 0.028355 0.020521 1.003703
 21 1.719869 0.000000 -0.000001 0.000000 -0.000000 0.680519
 22 1.383649 -0.000001 0.000000 0.000000 -0.000000 0.741644
 23 4.525584 0.000303 1.850224 -0.030467 -0.017054 1.003724
 24 1.433227 -0.000002 0.000000 0.000000 -0.000000 0.680554
 25 1.153039 0.000000 0.000000 0.000000 -0.000000 0.741639
 26 0.000005 0.001585 -3.638375 -0.000010 1.334440 3.140787
 27 8.842831 0.000000 0.000001 0.203993 -1.102628 -0.105286
 28 9.341937 0.000000 -0.000001 0.000000 -0.000000 -2.293220
 29 10.945741 -0.000001 0.000001 1.911756 0.339286 -0.232806
 30 1.364904 0.231177 1.984410 -3.139615 0.004157 1.002253
 31 1.748536 -0.000002 0.000001 0.000000 -0.000000 0.436276
 32 1.272493 0.000001 0.000002 0.000000 -0.000000 0.322849
 33 4.525584 -0.000303 1.850224 -0.016317 -0.094622 0.192575
 34 1.719873 0.000001 0.000000 0.000000 -0.000000 0.034907
 35 1.383647 0.000000 -0.000001 0.000000 -0.000000 0.689317
 36 4.525584 -0.000101 0.616741 -0.040896 -0.032761 0.934240
 37 1.807674 -0.000001 0.000000 0.000000 -0.000000 0.907547
 38 1.614256 -0.000001 0.000000 0.000000 -0.000000 1.151884
 39 4.525584 0.000101 -0.616741 -0.026857 -0.022390 0.933908
 40 1.719871 -0.000002 0.000000 0.000000 -0.000000 0.907547
 41 1.383648 0.000001 0.000000 0.000000 -0.000000 1.151884
 42 4.525584 0.000304 -1.850223 0.029257 0.019200 0.933920
 43 1.433227 0.000002 0.000000 0.000000 -0.000000 0.907405
 44 1.153038 0.000000 0.000000 0.000000 -0.000000 1.151837
 45 -0.000008 0.000010 5.615750 -3.139866 -0.006326 2.765381
 46 15.693467 0.000000 0.000000 0.000000 -0.000000 -0.583999
 47 22.146629 -0.000001 0.000000 0.009383 -0.006786 0.216740
 48 3.310129 5.734394 0.000000 0.000000 -0.000000 1.570796
 49 0.000008 -0.000006 -5.615750 -3.139866 -0.006230 2.767778
 50 15.693467 0.000000 0.000000 0.000000 -0.000000 -0.584463
 51 22.146629 0.000000 0.000000 0.009364 -0.006784 0.219695
 52 3.310129 5.734394 0.000000 0.000000 -0.000000 1.570796
 53 1.977383 0.000000 0.000000 -0.037004 -0.009122 -0.210762
 54 3.723980 2.768054 -0.049087 -3.141592 -0.000002 1.570799
 55 11.781867 -0.001184 -0.000003 0.000000 -0.000000 0.000000
 56 -3.887187 4.546144 1.934869 -3.141591 -1.570796 0.000000
 57 -4.205003 4.546216 -0.015855 -3.141591 -1.570796 0.000000
 58 -3.887188 4.546179 -1.987145 -3.141591 -1.570796 0.000000
 59 -4.881806 5.593821 -1.566820 1.318351 -1.398186 1.807005
 60 -4.886902 5.683144 -0.007570 -3.132865 -1.570796 0.000000
 61 -4.881796 5.609550 1.546659 1.318351 -1.398186 1.807005
 62 3.710047 1.760547 -0.059361 -0.091858 -0.075851 1.616828
time 7
  0 -0.081313 0.081313 29.767422 0.000000 0.010623 -1.561880
  1 -2.701889 0.000001 9.745319 -1.570795 -1.570451 0.000000
  2 1.384163 -0.004728 0.000002 -0.000004 -0.000001 0.182530
  3 5.939814 -0.004730 0.000000 0.000000 -0.000000 0.069738
  4 5.939809 -0.003975 0.000000 0.000000 -0.000000 0.000000
  5 4.991439 -0.003975 0.000000 0.000000 -0.000000 0.000000
  6 4.991436 -0.001575 0.000000 0.000000 -0.000000 0.000000
  7 0.000005 0.001564 3.638375 -0.000010 -1.303653 3.140806
  8 8.842831 0.000000 -0.000002 0.982382 0.711676 0.789991
  9 9.341934 0.000000 -0.000001 0.000000 -0.000000 -1.089489
 10 11.168404 -0.000001 0.000002 -2.138571 0.019061 -0.231172
 11 1.364904 0.231178 -1.984411 2.310809 0.500598 0.873954
 12 1.748536 -0.000002 0.000000 0.000000 -0.000000 0.567170
 13 1.272494 0.000001 -0.000001 0.000000 -0.000000 0.462442
 14 4.525584 -0.000304 -1.850224 0.079944 0.053288 1.005563
 15 1.719872 -0.000002 0.000000 0.000000 -0.000000 0.933623
 16 1.383647 0.000002 0.000000 0.000000 -0.000000 0.741644
 17 4.525584 -0.000102 -0.616741 0.043017 0.029897 1.004047
 18 1.807673 0.000001 -0.000001 0.000000 -0.000000 0.881257
 19 1.614255 0.000001 0.000001 0.000000 -0.000000 0.741755
 20 4.525584 0.000101 0.616741 0.028355 0.020521 1.003703
 21 1.719869 0.000000 -0.000001 0.000000 -0.000000 0.680519
 22 1.383649 -0.000001 0.000000 0.000000 -0.000000 0.741644
 23 4.525584 0.000303 1.850224 -0.030467 -0.017054 1.003724
 24 1.433227 -0.000002 0.000000 0.000000 -0.000000 0.680554
 25 1.153039 0.000000 0.000000 0.000000 -0.000000 0.741639
 26 0.000005 0.001585 -3.638375 -0.000010 1.340108 3.140787
 27 8.842831 0.000000 0.000001 0.190750 -1.109652 -0.090517
 28 9.341937 0.000000 -0.000001 0.000000 -0.000000 -2.293220
 29 10.945741 -0.000001 0.000001 1.918187 0.336589 -0.239387
 30 1.364904 0.231177 1.984410 -3.139615 0.004157 1.002253
 31 1.748536 -0.000002 0.000001 0.000000 -0.000000 0.436276
 32 1.272493 0.000001 0.000002 0.000000 -0.000000 0.322849
 33 4.525584 -0.000303 1.850224 -0.016317 -0.094622 0.192575
 34 1.719873 0.000001 0.000000 0.000000 -0.000000 0.034907
 35 1.383647 0.000000 -0.000001 0.000000 -0.000000 0.689317
 36 4.525584 -0.000101 0.616741 -0.040896 -0.032761 0.934240
 37 1.807674 -0.000001 0.000000 0.000000 -0.000000 0.907547
 38 1.614256 -0.000001 0.000000 0.000000 -0.000000 1.151884
 39 4.525584 0.000101 -0.616741 -0.026857 -0.022390 0.933908
 40 1.719871 -0.000002 0.000000 0.000000 -0.000000 0.907547
 41 1.383648 0.000001 0.000000 0.000000 -0.000000 1.151884
 42 4.525584 0.000304 -1.850223 0.029257 0.019200 0.933920
 43 1.433227 0.000002 0.000000 0.000000 -0.000000 0.907405
 44 1.153038 0.000000 0.000000 0.000000 -0.000000 1.151837
 45 -0.000008 0.000010 5.615750 -3.139099 -0.007093 2.764422
 46 15.693467 0.000000 0.000000 0.000000 -0.000000 -0.584070
 47 22.146629 -0.000001 0.000000 0.009533 -0.007925 0.217529
 48 3.310129 5.734394 0.000000 0.000000 -0.000000 1.570796
 49 0.000008 -0.000006 -5.615750 -3.139195 -0.007284 2.767011
 50 15.693467 0.000000 0.000000 0.000000 -0.000000 -0.584634
 51 22.146629 0.000000 0.000000 0.009477 -0.007920 0.220506
 52 3.310129 5.734394 0.000000 0.000000 -0.000000 1.570796
 53 1.977383 0.000000 0.000000 -0.043929 -0.010646 -0.209470
 54 3.723980 2.768054 -0.049087 -3.141592 -0.000002 1.570799
 55 11.781867 -0.001184 -0.000003 0.000000 -0.000000 0.000000
 56 -3.887187 4.546144 1.934869 -3.141591 -1.570796 0.000000
 57 -4.205003 4.546216 -0.015855 -3.141591 -1.570796 0.000000
 58 -3.887188 4.546179 -1.987145 -3.141591 -1.570796 0.000000
 59 -4.881806 5.593821 -1.566820 1.338213 -1.382718 1.787491
 60 -4.886902 5.683144 -0.007570 -3.132865 -1.570796 0.000000
 61 -4.881796 5.609550 1.546659 1.338213 -1.382718 1.787491
 62 3.710047 1.760547 -0.059361 -0.091858 -0.075851 1.616828
time 8
  0 -0.103920 0.103920 29.767422 0.000000 0.011963 -1.561880
  1 -2.686263 0.000001 9.745319 -1.570795 -1.570451 0.000000
  2 1.384163 -0.004728 0.000002 -0.000004 -0.000001 0.181041
  3 5.939814 -0.004730 0.000000 0.000000 -0.000000 0.069738
  4 5.939809 -0.003975 0.000000 0.000000 -0.000000 0.000000
  5 4.991439 -0.003975 0.000000 0.000000 -0.000000 0.000000
  6 4.991436 -0.001575 0.000000 0.000000 -0.000000 0.000000
  7 0.000005 0.001564 3.638375 -0.000010 -1.306555 3.140806
  8 8.842831 0.000000 -0.000002 0.986314 0.712573 0.792946
  9 9.341934 0.000000 -0.000001 0.000000 -0.000000 -1.089489
 10 11.168404 -0.000001 0.000002 -2.138571 0.019061 -0.231172
 11 1.364904 0.231178 -1.984411 2.310809 0.500598 0.873954
 12 1.748536 -0.000002 0.000000 0.000000 -0.000000 0.567170
 13 1.272494 0.000001 -0.000001 0.000000 -0.000000 0.462442
 14 4.525584 -0.000304 -1.850224 0.079944 0.053288 1.005563
 15 1.719872 -0.000002 0.000000 0.000000 -0.000000 0.933623
 16 1.383647 0.000002 0.000000 0.000000 -0.000000 0.741644
 17 4.525584 -0.000102 -0.616741 0.043017 0.029897 1.004047
 18 1.807673 0.000001 -0.000001 0.000000 -0.000000 0.881257
 19 1.614255 0.000001 0.000001 0.000000 -0.000000 0.741755
 20 4.525584 0.000101 0.616741 0.028355 0.020521 1.003703
 21 1.719869 0.000000 -0.000001 0.000000 -0.000000 0.680519
 22 1.383649 -0.000001 0.000000 0.000000 -0.000000 0.741644
 23 4.525584 0.000303 1.850224 -0.030467 -0.017054 1.003724
 24 1.433227 -0.000002 0.000000 0.000000 -0.000000 0.680554
 25 1.153039 0.000000 0.000000 0.000000 -0.000000 0.741639
 26 0.000005 0.001585 -3.638375 -0.000010 1.345869 3.140787
 27 8.842831 0.000000 0.000001 0.176781 -1.116593 -0.075272
 28 9.341937 0.000000 -0.000001 0.000000 -0.000000 -2.293220
 29 10.945741 -0.000001 0.000001 1.924897 0.333765 -0.244557
 30 1.364904 0.231177 1.984410 -3.139615 0.004157 1.002253
 31 1.748536 -0.000002 0.000001 0.000000 -0.000000 0.436276
 32 1.272493 0.000001 0.000002 0.000000 -0.000000 0.322849
 33 4.525584 -0.000303 1.850224 -0.016317 -0.094622 0.192575
 34 1.719873 0.000001 0.000000 0.000000 -0.000000 0.034907
 35 1.383647 0.000000 -0.000001 0.000000 -0.000000 0.689317
 36 4.525584 -0.000101 0.616741 -0.040896 -0.032761 0.934240
 37 1.807674 -0.000001 0.000000 0.000000 -0.000000 0.907547
 38 1.614256 -0.000001 0.000000 0.000000 -0.000000 1.151884
 39 4.525584 0.000101 -0.616741 -0.026857 -0.022390 0.933908
 40 1.719871 -0.000002 0.000000 0.000000 -0.000000 0.907547
 41 1.383648 0.000001 0.000000 0.000000 -0.000000 1.151884
 42 4.525584 0.000304 -1.850223 0.029257 0.019200 0.933920
 43 1.433227 0.000002 0.000000 0.000000 -0.000000 0.907405
 44 1.153038 0.000000 0.000000 0.000000 -0.000000 1.151837
 45 -0.000008 0.000010 5.615750 -3.139099 -0.008531 2.763655
 46 15.693467 0.000000 0.000000 0.000000 -0.000000 -0.584141
 47 22.146629 -0.000001 0.000000 0.009608 -0.009089 0.218269
 48 3.310129 5.734394 0.000000 0.000000 -0.000000 1.570796
 49 0.000008 -0.000006 -5.615750 -3.139099 -0.008435 2.766244
 50 15.693467 0.000000 0.000000 0.000000 -0.000000 -0.584634
 51 22.146629 0.000000 0.000000 0.009590 -0.009117 0.221227
 52 3.310129 5.734394 0.000000 0.000000 -0.000000 1.570796
 53 1.977383 0.000000 0.000000 -0.050854 -0.012193 -0.208128
 54 3.723980 2.768054 -0.049087 -3.141592 -0.000002 1.570799
 55 11.781867 -0.001184 -0.000003 0.000000 -0.000000 0.000000
 56 -3.887187 4.546144 1.934869 -3.141591 -1.570796 0.000000
 57 -4.205003 4.546216 -0.015855 -3.141591 -1.570796 0.000000
 58 -3.887188 4.546179 -1.987145 -3.141591 -1.570796 0.000000
 59 -4.881806 5.593821 -1.566820 1.355215 -1.367186 1.770985
 60 -4.886902 5.683144 -0.007570 -3.132865 -1.570796 0.000000
 61 -4.881796 5.609550 1.546659 1.355215 -1.367186 1.770985
 62 3.710047 1.760547 -0.059361 -0.091858 -0.075851 1.616828
time 9
  0 -0.149134 0.149134 29.747824 0.000000 0.013590 -1.561785
  1 -2.670638 0.000001 9.745319 -1.570795 -1.570451 0.000000
  2 1.384163 -0.004728 0.000002 -0.000004 -0.000001 0.179598
  3 5.939814 -0.004730 0.000000 0.000000 -0.000000 0.069738
  4 5.939809 -0.003975 0.000000 0.000000 -0.000000 0.000000
  5 4.991439 -0.003975 0.000000 0.000000 -0.000000 0.000000
  6 4.991436 -0.001575 0.000000 0.000000 -0.000000 0.000000
  7 0.000005 0.001564 3.638375 -0.000010 -1.309421 3.140806
  8 8.842831 0.000000 -0.000002 0.990429 0.713648 0.795900
  9 9.341934 0.000000 -0.000001 0.000000 -0.000000 -1.089489
 10 11.168404 -0.000001 0.000002 -2.138571 0.019061 -0.231172
 11 1.364904 0.231178 -1.984411 2.310809 0.500598 0.873954
 12 1.748536 -0.000002 0.000000 0.000000 -0.000000 0.567170
 13 1.272494 0.000001 -0.000001 0.000000 -0.000000 0.462442
 14 4.525584 -0.000304 -1.850224 0.079944 0.053288 1.005563
 15 1.719872 -0.000002 0.000000 0.000000 -0.000000 0.933623
 16 1.383647 0.000002 0.000000 0.000000 -0.000000 0.741644
 17 4.525584 -0.000102 -0.616741 0.043017 0.029897 1.004047
 18 1.807673 0.000001 -0.000001 0.000000 -0.000000 0.881257
 19 1.614255 0.000001 0.000001 0.000000 -0.000000 0.741755
 20 4.525584 0.000101 0.616741 0.028355 0.020521 1.003703
 21 1.719869 0.000000 -0.000001 0.000000 -0.000000 0.680519
 22 1.383649 -0.000001 0.000000 0.000000 -0.000000 0.741644
 23 4.525584 0.000303 1.850224 -0.030467 -0.017054 1.003724
 24 1.433227 -0.000002 0.000000 0.000000 -0.000000 0.680554
 25 1.153039 0.000000 0.000000 0.000000 -0.000000 0.741639
 26 0.000005 0.001585 -3.638375 -0.000010 1.351629 3.140787
 27 8.842831 0.000000 0.000001 0.162360 -1.123367 -0.059360
 28 9.341937 0.000000 -0.000001 0.000000 -0.000000 -2.293220
 29 10.945741 -0.000001 0.000001 1.931701 0.330899 -0.250198
 30 1.364904 0.231177 1.984410 -3.139615 0.004157 1.002253
 31 1.748536 -0.000002 0.000001 0.000000 -0.000000 0.436276
 32 1.272493 0.000001 0.000002 0.000000 -0.000000 0.322849
 33 4.525584 -0.000303 1.850224 -0.016317 -0.094622 0.192575
 34 1.719873 0.000001 0.000000 0.000000 -0.000000 0.034907
 35 1.383647 0.000000 -0.000001 0.000000 -0.000000 0.689317
 36 4.525584 -0.000101 0.616741 -0.040896 -0.032761 0.934240
 37 1.807674 -0.000001 0.000000 0.000000 -0.000000 0.907547
 38 1.614256 -0.000001 0.000000 0.000000 -0.000000 1.151884
 39 4.525584 0.000101 -0.616741 -0.026857 -0.022390 0.933908
 40 1.719871 -0.000002 0.000000 0.000000 -0.000000 0.907547
 41 1.383648 0.000001 0.000000 0.000000 -0.000000 1.151884
 42 4.525584 0.000304 -1.850223 0.029257 0.019200 0.933920
 43 1.433227 0.000002 0.000000 0.000000 -0.000000 0.907405
 44 1.153038 0.000000 0.000000 0.000000 -0.000000 1.151837
 45 -0.000008 0.000010 5.615750 -3.138332 -0.009394 2.762888
 46 15.693467 0.000000 0.000000 0.000000 -0.000000 -0.584141
 47 22.146629 -0.000001 0.000000 0.009720 -0.010253 0.219059
 48 3.310129 5.734394 0.000000 0.000000 -0.000000 1.570796
 49 0.000008 -0.000006 -5.615750 -3.138428 -0.009489 2.765477
 50 15.693467 0.000000 0.000000 0.000000 -0.000000 -0.584634
 51 22.146629 0.000000 0.000000 0.009646 -0.010253 0.222038
 52 3.310129 5.734394 0.000000 0.000000 -0.000000 1.570796
 53 1.977383 0.000000 0.000000 -0.057990 -0.013787 -0.206687
 54 3.723980 2.768054 -0.049087 -3.141592 -0.000002 1.570799
 55 11.781867 -0.001184 -0.000003 0.000000 -0.000000 0.000000
 56 -3.887187 4.546144 1.934869 -3.141591 -1.570796 0.000000
 57 -4.205003 4.546216 -0.015855 -3.141591 -1.570796 0.000000
 58 -3.887188 4.546179 -1.987145 -3.141591 -1.570796 0.000000
 59 -4.881806 5.593821 -1.566820 1.369667 -1.351614 1.756837
 60 -4.886902 5.683144 -0.007570 -3.132865 -1.570796 0.000000
 61 -4.881796 5.609550 1.546659 1.369667 -1.351614 1.756837
 62 3.710047 1.760547 -0.059361 -0.091858 -0.075851 1.616828
time 10
  0 -0.186812 0.186812 29.747824 0.000000 0.015121 -1.561785
  1 -2.658919 0.000001 9.745319 -1.570795 -1.570451 0.000000
  2 1.384163 -0.004728 0.000002 -0.000004 -0.000001 0.178201
  3 5.939814 -0.004730 0.000000 0.000000 -0.000000 0.069738
  4 5.939809 -0.003975 0.000000 0.000000 -0.000000 0.000000
  5 4.991439 -0.003975 0.000000 0.000000 -0.000000 0.000000
  6 4.991436 -0.001575 0.000000 0.000000 -0.000000 0.000000
  7 0.000005 0.001564 3.638375 -0.000010 -1.312287 3.140806
  8 8.842831 0.000000 -0.000002 0.994361 0.714634 0.799019
  9 9.341934 0.000000 -0.000001 0.000000 -0.000000 -1.089489
 10 11.168404 -0.000001 0.000002 -2.138571 0.019061 -0.231172
 11 1.364904 0.231178 -1.984411 2.310809 0.500598 0.873954
 12 1.748536 -0.000002 0.000000 0.000000 -0.000000 0.567170
 13 1.272494 0.000001 -0.000001 0.000000 -0.000000 0.462442
 14 4.525584 -0.000304 -1.850224 0.079944 0.053288 1.005563
 15 1.719872 -0.000002 0.000000 0.000000 -0.000000 0.933623
 16 1.383647 0.000002 0.000000 0.000000 -0.000000 0.741644
 17 4.525584 -0.000102 -0.616741 0.043017 0.029897 1.004047
 18 1.807673 0.000001 -0.000001 0.000000 -0.000000 0.881257
 19 1.614255 0.000001 0.000001 0.000000 -0.000000 0.741755
 20 4.525584 0.000101 0.616741 0.028355 0.020521 1.003703
 21 1.719869 0.000000 -0.000001 0.000000 -0.000000 0.680519
 22 1.383649 -0.000001 0.000000 0.000000 -0.000000 0.741644
 23 4.525584 0.000303 1.850224 -0.030467 -0.017054 1.003724
 24 1.433227 -0.000002 0.000000 0.000000 -0.000000 0.680554
 25 1.153039 0.000000 0.000000 0.000000 -0.000000 0.741639
 26 0.000005 0.001585 -3.638375 -0.000010 1.357389 3.140787
 27 8.842831 0.000000 0.000001 0.147393 -1.130224 -0.042972
 28 9.341937 0.000000 -0.000001 0.000000 -0.000000 -2.293220
 29 10.945741 -0.000001 0.000001 1.938505 0.327949 -0.253864
 30 1.364904 0.231177 1.984410 -3.139615 0.004157 1.002253
 31 1.748536 -0.000002 0.000001 0.000000 -0.000000 0.436276
 32 1.272493 0.000001 0.000002 0.000000 -0.000000 0.322849
 33 4.525584 -0.000303 1.850224 -0.016317 -0.094622 0.192575
 34 1.719873 0.000001 0.000000 0.000000 -0.000000 0.034907
 35 1.383647 0.000000 -0.000001 0.000000 -0.000000 0.689317
 36 4.525584 -0.000101 0.616741 -0.040896 -0.032761 0.934240
 37 1.807674 -0.000001 0.000000 0.000000 -0.000000 0.907547
 38 1.614256 -0.000001 0.000000 0.000000 -0.000000 1.151884
 39 4.525584 0.000101 -0.616741 -0.026857 -0.022390 0.933908
 40 1.719871 -0.000002 0.000000 0.000000 -0.000000 0.907547
 41 1.383648 0.000001 0.000000 0.000000 -0.000000 1.151884
 42 4.525584 0.000304 -1.850223 0.029257 0.019200 0.933920
 43 1.433227 0.000002 0.000000 0.000000 -0.000000 0.907405
 44 1.153038 0.000000 0.000000 0.000000 -0.000000 1.151837
 45 -0.000008 0.000010 5.615750 -3.138332 -0.010736 2.762121
 46 15.693467 0.000000 0.000000 0.000000 -0.000000 -0.584141
 47 22.146629 -0.000001 0.000000 0.009794 -0.011417 0.219848
 48 3.310129 5.734394 0.000000 0.000000 -0.000000 1.570796
 49 0.000008 -0.000006 -5.615750 -3.138332 -0.010640 2.764806
 50 15.693467 0.000000 0.000000 0.000000 -0.000000 -0.584634
 51 22.146629 0.000000 0.000000 0.009759 -0.011388 0.222850
 52 3.310129 5.734394 0.000000 0.000000 -0.000000 1.570796
 53 1.977383 0.000000 0.000000 -0.065021 -0.015334 -0.205345
 54 3.723980 2.768054 -0.049087 -3.141592 -0.000002 1.570799
 55 11.781867 -0.001184 -0.000003 0.000000 -0.000000 0.000000
 56 -3.887187 4.546144 1.934869 -3.141591 -1.570796 0.000000
 57 -4.205003 4.546216 -0.015855 -3.141591 -1.570796 0.000000
 58 -3.887188 4.546179 -1.987145 -3.141591 -1.570796 0.000000
 59 -4.881806 5.593821 -1.566820 1.382187 -1.336016 1.744397
 60 -4.886902 5.683144 -0.007570 -3.132865 -1.570796 0.000000
 61 -4.881796 5.609550 1.546659 1.382187 -1.336016 1.744397
 62 3.710047 1.760547 -0.059361 -0.091858 -0.075851 1.616828
time 11
  0 -0.239562 0.239562 29.747824 0.000000 0.016461 -1.561689
  1 -2.635480 0.000001 9.745319 -1.570795 -1.570451 0.000000
  2 1.384163 -0.004728 0.000002 -0.000004 -0.000001 0.176712
  3 5.939814 -0.004730 0.000000 0.000000 -0.000000 0.069738
  4 5.939809 -0.003975 0.000000 0.000000 -0.000000 0.000000
  5 4.991439 -0.003975 0.000000 0.000000 -0.000000 0.000000
  6 4.991436 -0.001575 0.000000 0.000000 -0.000000 0.000000
  7 0.000005 0.001564 3.638375 -0.000010 -1.315262 3.140806
  8 8.842831 0.000000 -0.000002 0.998385 0.715710 0.801891
  9 9.341934 0.000000 -0.000001 0.000000 -0.000000 -1.089489
 10 11.168404 -0.000001 0.000002 -2.138571 0.019061 -0.231172
 11 1.364904 0.231178 -1.984411 2.310809 0.500598 0.873954
 12 1.748536 -0.000002 0.000000 0.000000 -0.000000 0.567170
 13 1.272494 0.000001 -0.000001 0.000000 -0.000000 0.462442
 14 4.525584 -0.000304 -1.850224 0.079944 0.053288 1.005563
 15 1.719872 -0.000002 0.000000 0.000000 -0.000000 0.933623
 16 1.383647 0.000002 0.000000 0.000000 -0.000000 0.741644
 17 4.525584 -0.000102 -0.616741 0.043017 0.029897 1.004047
 18 1.807673 0.000001 -0.000001 0.000000 -0.000000 0.881257
 19 1.614255 0.000001 0.000001 0.000000 -0.000000 0.741755
 20 4.525584 0.000101 0.616741 0.028355 0.020521 1.003703
 21 1.719869 0.000000 -0.000001 0.000000 -0.000000 0.680519
 22 1.383649 -0.000001 0.000000 0.000000 -0.000000 0.741644
 23 4.525584 0.000303 1.850224 -0.030467 -0.017054 1.003724
 24 1.433227 -0.000002 0.000000 0.000000 -0.000000 0.680554
 25 1.153039 0.000000 0.000000 0.000000 -0.000000 0.741639
 26 0.000005 0.001585 -3.638375 -0.000010 1.363058 3.140787
 27 8.842831 0.000000 0.000001 0.131792 -1.136747 -0.026107
 28 9.341937 0.000000 -0.000001 0.000000 -0.000000 -2.293220
 29 10.945741 -0.000001 0.000001 1.945309 0.324872 -0.256966
 30 1.364904 0.231177 1.984410 -3.139615 0.004157 1.002253
 31 1.748536 -0.000002 0.000001 0.000000 -0.000000 0.436276
 32 1.272493 0.000001 0.000002 0.000000 -0.000000 0.322849
 33 4.525584 -0.000303 1.850224 -0.016317 -0.094622 0.192575
 34 1.719873 0.000001 0.000000 0.000000 -0.000000 0.034907
 35 1.383647 0.000000 -0.000001 0.000000 -0.000000 0.689317
 36 4.525584 -0.000101 0.616741 -0.040896 -0.032761 0.934240
 37 1.807674 -0.000001 0.000000 0.000000 -0.000000 0.907547
 38 1.614256 -0.000001 0.000000 0.000000 -0.000000 1.151884
 39 4.525584 0.000101 -0.616741 -0.026857 -0.022390 0.933908
 40 1.719871 -0.000002 0.000000 0.000000 -0.000000 0.907547
 41 1.383648 0.000001 0.000000 0.000000 -0.000000 1.151884
 42 4.525584 0.000304 -1.850223 0.029257 0.019200 0.933920
 43 1.433227 0.000002 0.000000 0.000000 -0.000000 0.907405
 44 1.153038 0.000000 0.000000 0.000000 -0.000000 1.151837
 45 -0.000008 0.000010 5.615750 -3.137565 -0.011599 2.761354
 46 15.693467 0.000000 0.000000 0.000000 -0.000000 -0.584141
 47 22.146629 -0.000001 0.000000 0.009907 -0.012581 0.220638
 48 3.310129 5.734394 0.000000 0.000000 -0.000000 1.570796
 49 0.000008 -0.000006 -5.615750 -3.137661 -0.011694 2.764039
 50 15.693467 0.000000 0.000000 0.000000 -0.000000 -0.584634
 51 22.146629 0.000000 0.000000 0.009872 -0.012555 0.223661
 52 3.310129 5.734394 0.000000 0.000000 -0.000000 1.570796
 53 1.977383 0.000000 0.000000 -0.072210 -0.016904 -0.203953
 54 3.723980 2.768054 -0.049087 -3.141592 -0.000002 1.570799
 55 11.781867 -0.001184 -0.000003 0.000000 -0.000000 0.000000
 56 -3.887187 4.546144 1.934869 -3.141591 -1.570796 0.000000
 57 -4.205003 4.546216 -0.015855 -3.141591 -1.570796 0.000000
 58 -3.887188 4.546179 -1.987145 -3.141591 -1.570796 0.000000
 59 -4.881806 5.593821 -1.566820 1.393238 -1.320366 1.733827
 60 -4.886902 5.683144 -0.007570 -3.132865 -1.570796 0.000000
 61 -4.881796 5.609550 1.546659 1.393238 -1.320366 1.733827
 62 3.710047 1.760547 -0.059361 -0.091858 -0.075851 1.616828
time 12
  0 -0.269704 0.269704 29.747824 0.000000 0.018087 -1.561593
  1 -2.623761 0.000001 9.745319 -1.570795 -1.570451 0.000000
  2 1.384163 -0.004728 0.000002 -0.000004 -0.000001 0.175315
  3 5.939814 -0.004730 0.000000 0.000000 -0.000000 0.069738
  4 5.939809 -0.003975 0.000000 0.000000 -0.000000 0.000000
  5 4.991439 -0.003975 0.000000 0.000000 -0.000000 0.000000
  6 4.991436 -0.001575 0.000000 0.000000 -0.000000 0.000000
  7 0.000005 0.001564 3.638375 -0.000010 -1.318055 3.140806
  8 8.842831 0.000000 -0.000002 1.002317 0.716695 0.805010
  9 9.341934 0.000000 -0.000001 0.000000 -0.000000 -1.089489
 10 11.168404 -0.000001 0.000002 -2.138571 0.019061 -0.231172
 11 1.364904 0.231178 -1.984411 2.310809 0.500598 0.873954
 12 1.748536 -0.000002 0.000000 0.000000 -0.000000 0.567170
 13 1.272494 0.000001 -0.000001 0.000000 -0.000000 0.462442
 14 4.525584 -0.000304 -1.850224 0.079944 0.053288 1.005563
 15 1.719872 -0.000002 0.000000 0.000000 -0.000000 0.933623
 16 1.383647 0.000002 0.000000 0.000000 -0.000000 0.741644
 17 4.525584 -0.000102 -0.616741 0.043017 0.029897 1.004047
 18 1.807673 0.000001 -0.000001 0.000000 -0.000000 0.881257
 19 1.614255 0.000001 0.000001 0.000000 -0.000000 0.741755
 20 4.525584 0.000101 0.616741 0.028355 0.020521 1.003703
 21 1.719869 0.000000 -0.000001 0.000000 -0.000000 0.680519
 22 1.383649 -0.000001 0.000000 0.000000 -0.000000 0.741644
 23 4.525584 0.000303 1.850224 -0.030467 -0.017054 1.003724
 24 1.433227 -0.000002 0.000000 0.000000 -0.000000 0.680554
 25 1.153039 0.000000 0.000000 0.000000 -0.000000 0.741639
 26 0.000005 0.001585 -3.638375 -0.000010 1.368818 3.140787
 27 8.842831 0.000000 0.000001 0.115829 -1.143270 -0.008861
 28 9.341937 0.000000 -0.000001 0.000000 -0.000000 -2.293220
 29 10.945741 -0.000001 0.000001 1.952579 0.321796 -0.259129
 30 1.364904 0.231177 1.984410 -3.139615 0.004157 1.002253
 31 1.748536 -0.000002 0.000001 0.000000 -0.000000 0.436276
 32 1.272493 0.000001 0.000002 0.000000 -0.000000 0.322849
 33 4.525584 -0.000303 1.850224 -0.016317 -0.094622 0.192575
 34 1.719873 0.000001 0.000000 0.000000 -0.000000 0.034907
 35 1.383647 0.000000 -0.000001 0.000000 -0.000000 0.689317
 36 4.525584 -0.000101 0.616741 -0.040896 -0.032761 0.934240
 37 1.807674 -0.000001 0.000000 0.000000 -0.000000 0.907547
 38 1.614256 -0.000001 0.000000 0.000000 -0.000000 1.151884
 39 4.525584 0.000101 -0.616741 -0.026857 -0.022390 0.933908
 40 1.719871 -0.000002 0.000000 0.000000 -0.000000 0.907547
 41 1.383648 0.000001 0.000000 0.000000 -0.000000 1.151884
 42 4.525584 0.000304 -1.850223 0.029257 0.019200 0.933920
 43 1.433227 0.000002 0.000000 0.000000 -0.000000 0.907405
 44 1.153038 0.000000 0.000000 0.000000 -0.000000 1.151837
 45 -0.000008 0.000010 5.615750 -3.137565 -0.012557 2.760587
 46 15.693467 0.000000 0.000000 0.000000 -0.000000 -0.584141
 47 22.146629 -0.000001 0.000000 0.010019 -0.013720 0.221427
 48 3.310129 5.734394 0.000000 0.000000 -0.000000 1.570796
 49 0.000008 -0.000006 -5.615750 -3.137565 -0.012845 2.763272
 50 15.693467 0.000000 0.000000 0.000000 -0.000000 -0.584634
 51 22.146629 0.000000 0.000000 0.009872 -0.013752 0.224562
 52 3.310129 5.734394 0.000000 0.000000 -0.000000 1.570796
 53 1.977383 0.000000 0.000000 -0.079241 -0.018498 -0.202562
 54 3.723980 2.768054 -0.049087 -3.141592 -0.000002 1.570799
 55 11.781867 -0.001184 -0.000003 0.000000 -0.000000 0.000000
 56 -3.887187 4.546144 1.934869 -3.141591 -1.570796 0.000000
 57 -4.205003 4.546216 -0.015855 -3.141591 -1.570796 0.000000
 58 -3.887188 4.546179 -1.987145 -3.141591 -1.570796 0.000000
 59 -4.881806 5.593821 -1.566820 1.402976 -1.304703 1.724395
 60 -4.886902 5.683144 -0.007570 -3.132865 -1.570796 0.000000
 61 -4.881796 5.609550 1.546659 1.402976 -1.304703 1.724395
 62 3.710047 1.760547 -0.059361 -0.091858 -0.075851 1.616828
time 13
  0 -0.277240 0.277240 29.728224 0.000000 0.019619 -1.561305
  1 -2.615948 0.000001 9.745319 -1.570795 -1.570451 0.000000
  2 1.384163 -0.004728 0.000002 -0.000004 -0.000001 0.173872
  3 5.939814 -0.004730 0.000000 0.000000 -0.000000 0.069738
  4 5.939809 -0.003975 0.000000 0.000000 -0.000000 0.000000
  5 4.991439 -0.003975 0.000000 0.000000 -0.000000 0.000000
  6 4.991436 -0.001575 0.000000 0.000000 -0.000000 0.000000
  7 0.000005 0.001564 3.638375 -0.000010 -1.320994 3.140806
  8 8.842831 0.000000 -0.000002 1.006432 0.717681 0.808046
  9 9.341934 0.000000 -0.000001 0.000000 -0.000000 -1.089489
 10 11.168404 -0.000001 0.000002 -2.138571 0.019061 -0.231172
 11 1.364904 0.231178 -1.984411 2.310809 0.500598 0.873954
 12 1.748536 -0.000002 0.000000 0.000000 -0.000000 0.567170
 13 1.272494 0.000001 -0.000001 0.000000 -0.000000 0.462442
 14 4.525584 -0.000304 -1.850224 0.079944 0.053288 1.005563
 15 1.719872 -0.000002 0.000000 0.000000 -0.000000 0.933623
 16 1.383647 0.000002 0.000000 0.000000 -0.000000 0.741644
 17 4.525584 -0.000102 -0.616741 0.043017 0.029897 1.004047
 18 1.807673 0.000001 -0.000001 0.000000 -0.000000 0.881257
 19 1.614255 0.000001 0.000001 0.000000 -0.000000 0.741755
 20 4.525584 0.000101 0.616741 0.028355 0.020521 1.003703
 21 1.719869 0.000000 -0.000001 0.000000 -0.000000 0.680519
 22 1.383649 -0.000001 0.000000 0.000000 -0.000000 0.741644
 23 4.525584 0.000303 1.850224 -0.030467 -0.017054 1.003724
 24 1.433227 -0.000002 0.000000 0.000000 -0.000000 0.680554
 25 1.153039 0.000000 0.000000 0.000000 -0.000000 0.741639
 26 0.000005 0.001585 -3.638375 -0.000010 1.374624 3.140787
 27 8.842831 0.000000 0.000001 0.099321 -1.149626 0.008480
 28 9.341937 0.000000 -0.000001 0.000000 -0.000000 -2.293220
 29 10.945741 -0.000001 0.000001 1.946893 0.324282 -0.262513
 30 1.364904 0.231177 1.984410 -3.139615 0.004157 1.002253
 31 1.748536 -0.000002 0.000001 0.000000 -0.000000 0.436276
 32 1.272493 0.000001 0.000002 0.000000 -0.000000 0.322849
 33 4.525584 -0.000303 1.850224 -0.016317 -0.094622 0.192575
 34 1.719873 0.000001 0.000000 0.000000 -0.000000 0.034907
 35 1.383647 0.000000 -0.000001 0.000000 -0.000000 0.689317
 36 4.525584 -0.000101 0.616741 -0.040896 -0.032761 0.934240
 37 1.807674 -0.000001 0.000000 0.000000 -0.000000 0.907547
 38 1.614256 -0.000001 0.000000 0.000000 -0.000000 1.151884
 39 4.525584 0.000101 -0.616741 -0.026857 -0.022390 0.933908
 40 1.719871 -0.000002 0.000000 0.000000 -0.000000 0.907547
 41 1.383648 0.000001 0.000000 0.000000 -0.000000 1.151884
 42 4.525584 0.000304 -1.850223 0.029257 0.019200 0.933920
 43 1.433227 0.000002 0.000000 0.000000 -0.000000 0.907405
 44 1.153038 0.000000 0.000000 0.000000 -0.000000 1.151837
 45 -0.000008 0.000010 5.615750 -3.136798 -0.013900 2.760012
 46 15.693467 0.000000 0.000000 0.000000 -0.000000 -0.584141
 47 22.146629 -0.000001 0.000000 0.010094 -0.014909 0.222167
 48 3.310129 5.734394 0.000000 0.000000 -0.000000 1.570796
 49 0.000008 -0.000006 -5.615750 -3.136894 -0.013899 2.762601
 50 15.693467 0.000000 0.000000 0.000000 -0.000000 -0.584634
 51 22.146629 0.000000 0.000000 0.010041 -0.014888 0.225283
 52 3.310129 5.734394 0.000000 0.000000 -0.000000 1.570796
 53 1.977383 0.000000 0.000000 -0.086271 -0.020068 -0.201121
 54 3.723980 2.768054 -0.049087 -3.141592 -0.000002 1.570799
 55 11.781867 -0.001184 -0.000003 0.000000 -0.000000 0.000000
 56 -3.887187 4.546144 1.934869 -3.141591 -1.570796 0.000000
 57 -4.205003 4.546216 -0.015855 -3.141591 -1.570796 0.000000
 58 -3.887188 4.546179 -1.987145 -3.141591 -1.570796 0.000000
 59 -4.881806 5.593821 -1.566820 1.411709 -1.289014 1.716020
 60 -4.886902 5.683144 -0.007570 -3.132865 -1.570796 0.000000
 61 -4.881796 5.609550 1.546659 1.411709 -1.289014 1.716020
 62 3.710047 1.760547 -0.059361 -0.091858 -0.075851 1.616828
time 14
  0 -0.307383 0.307383 29.728224 0.000000 0.021150 -1.561305
  1 -2.604229 0.000001 9.745319 -1.570795 -1.570451 0.000000
  2 1.384163 -0.004728 0.000002 -0.000004 -0.000001 0.172382
  3 5.939814 -0.004730 0.000000 0.000000 -0.000000 0.069738
  4 5.939809 -0.003975 0.000000 0.000000 -0.000000 0.000000
  5 4.991439 -0.003975 0.000000 0.000000 -0.000000 0.000000
  6 4.991436 -0.001575 0.000000 0.000000 -0.000000 0.000000
  7 0.000005 0.001564 3.638375 -0.000010 -1.323896 3.140806
  8 8.842831 0.000000 -0.000002 1.010547 0.718667 0.811083
  9 9.341934 0.000000 -0.000001 0.000000 -0.000000 -1.089489
 10 11.168404 -0.000001 0.000002 -2.138571 0.019061 -0.231172
 11 1.364904 0.231178 -1.984411 2.310809 0.500598 0.873954
 12 1.748536 -0.000002 0.000000 0.000000 -0.000000 0.567170
 13 1.272494 0.000001 -0.000001 0.000000 -0.000000 0.462442
 14 4.525584 -0.000304 -1.850224 0.079944 0.053288 1.005563
 15 1.719872 -0.000002 0.000000 0.000000 -0.000000 0.933623
 16 1.383647 0.000002 0.000000 0.000000 -0.000000 0.741644
 17 4.525584 -0.000102 -0.616741 0.043017 0.029897 1.004047
 18 1.807673 0.000001 -0.000001 0.000000 -0.000000 0.881257
 19 1.614255 0.000001 0.000001 0.000000 -0.000000 0.741755
 20 4.525584 0.000101 0.616741 0.028355 0.020521 1.003703
 21 1.719869 0.000000 -0.000001 0.000000 -0.000000 0.680519
 22 1.383649 -0.000001 0.000000 0.000000 -0.000000 0.741644
 23 4.525584 0.000303 1.850224 -0.030467 -0.017054 1.003724
 24 1.433227 -0.000002 0.000000 0.000000 -0.000000 0.680554
 25 1.153039 0.000000 0.000000 0.000000 -0.000000 0.741639
 26 0.000005 0.001585 -3.638375 -0.000010 1.380384 3.140787
 27 8.842831 0.000000 0.000001 0.082450 -1.155897 0.026488
 28 9.341937 0.000000 -0.000001 0.000000 -0.000000 -2.293220
 29 10.945741 -0.000001 0.000001 1.941021 0.326769 -0.265239
 30 1.364904 0.231177 1.984410 -3.139615 0.004157 1.002253
 31 1.748536 -0.000002 0.000001 0.000000 -0.000000 0.436276
 32 1.272493 0.000001 0.000002 0.000000 -0.000000 0.322849
 33 4.525584 -0.000303 1.850224 -0.016317 -0.094622 0.192575
 34 1.719873 0.000001 0.000000 0.000000 -0.000000 0.034907
 35 1.383647 0.000000 -0.000001 0.000000 -0.000000 0.689317
 36 4.525584 -0.000101 0.616741 -0.040896 -0.032761 0.934240
 37 1.807674 -0.000001 0.000000 0.000000 -0.000000 0.907547
 38 1.614256 -0.000001 0.000000 0.000000 -0.000000 1.151884
 39 4.525584 0.000101 -0.616741 -0.026857 -0.022390 0.933908
 40 1.719871 -0.000002 0.000000 0.000000 -0.000000 0.907547
 41 1.383648 0.000001 0.000000 0.000000 -0.000000 1.151884
 42 4.525584 0.000304 -1.850223 0.029257 0.019200 0.933920
 43 1.433227 0.000002 0.000000 0.000000 -0.000000 0.907405
 44 1.153038 0.000000 0.000000 0.000000 -0.000000 1.151837
 45 -0.000008 0.000010 5.615750 -3.136798 -0.014858 2.759245
 46 15.693467 0.000000 0.000000 0.000000 -0.000000 -0.584141
 47 22.146629 -0.000001 0.000000 0.010206 -0.016048 0.222957
 48 3.310129 5.734394 0.000000 0.000000 -0.000000 1.570796
 49 0.000008 -0.000006 -5.615750 -3.136798 -0.014954 2.761834
 50 15.693467 0.000000 0.000000 0.000000 -0.000000 -0.584634
 51 22.146629 0.000000 0.000000 0.010041 -0.016023 0.226004
 52 3.310129 5.734394 0.000000 0.000000 -0.000000 1.570796
 53 1.977383 0.000000 0.000000 -0.093302 -0.021615 -0.199680
 54 3.723980 2.768054 -0.049087 -3.141592 -0.000002 1.570799
 55 11.781867 -0.001184 -0.000003 0.000000 -0.000000 0.000000
 56 -3.887187 4.546144 1.934869 -3.141591 -1.570796 0.000000
 57 -4.205003 4.546216 -0.015855 -3.141591 -1.570796 0.000000
 58 -3.887188 4.546179 -1.987145 -3.141591 -1.570796 0.000000
 59 -4.881806 5.593821 -1.566820 1.419592 -1.273312 1.708377
 60 -4.886902 5.683144 -0.007570 -3.132865 -1.570796 0.000000
 61 -4.881796 5.609550 1.546659 1.419592 -1.273312 1.708377
 62 3.710047 1.760547 -0.059361 -0.091858 -0.075851 1.616828
time 15
  0 -0.352596 0.352596 29.728224 0.000000 0.022585 -1.561209
  1 -2.584697 0.000001 9.745319 -1.570795 -1.570451 0.000000
  2 1.384163 -0.004728 0.000002 -0.000004 -0.000001 0.170986
  3 5.939814 -0.004730 0.000000 0.000000 -0.000000 0.069738
  4 5.939809 -0.003975 0.000000 0.000000 -0.000000 0.000000
  5 4.991439 -0.003975 0.000000 0.000000 -0.000000 0.000000
  6 4.991436 -0.001575 0.000000 0.000000 -0.000000 0.000000
  7 0.000005 0.001564 3.638375 -0.000010 -1.326762 3.140806
  8 8.842831 0.000000 -0.000002 1.014662 0.719743 0.814037
  9 9.341934 0.000000 -0.000001 0.000000 -0.000000 -1.089489
 10 11.168404 -0.000001 0.000002 -2.138571 0.019061 -0.231172
 11 1.364904 0.231178 -1.984411 2.310809 0.500598 0.873954
 12 1.748536 -0.000002 0.000000 0.000000 -0.000000 0.567170
 13 1.272494 0.000001 -0.000001 0.000000 -0.000000 0.462442
 14 4.525584 -0.000304 -1.850224 0.079944 0.053288 1.005563
 15 1.719872 -0.000002 0.000000 0.000000 -0.000000 0.933623
 16 1.383647 0.000002 0.000000 0.000000 -0.000000 0.741644
 17 4.525584 -0.000102 -0.616741 0.043017 0.029897 1.004047
 18 1.807673 0.000001 -0.000001 0.000000 -0.000000 0.881257
 19 1.614255 0.000001 0.000001 0.000000 -0.000000 0.741755
 20 4.525584 0.000101 0.616741 0.028355 0.020521 1.003703
 21 1.719869 0.000000 -0.000001 0.000000 -0.000000 0.680519
 22 1.383649 -0.000001 0.000000 0.000000 -0.000000 0.741644
 23 4.525584 0.000303 1.850224 -0.030467 -0.017054 1.003724
 24 1.433227 -0.000002 0.000000 0.000000 -0.000000 0.680554
 25 1.153039 0.000000 0.000000 0.000000 -0.000000 0.741639
 26 0.000005 0.001585 -3.638375 -0.000010 1.386053 3.140787
 27 8.842831 0.000000 0.000001 0.065216 -1.162002 0.044973
 28 9.341937 0.000000 -0.000001 0.000000 -0.000000 -2.293220
 29 10.945741 -0.000001 0.000001 1.935150 0.329171 -0.268529
 30 1.364904 0.231177 1.984410 -3.139615 0.004157 1.002253
 31 1.748536 -0.000002 0.000001 0.000000 -0.000000 0.436276
 32 1.272493 0.000001 0.000002 0.000000 -0.000000 0.322849
 33 4.525584 -0.000303 1.850224 -0.016317 -0.094622 0.192575
 34 1.719873 0.000001 0.000000 0.000000 -0.000000 0.034907
 35 1.383647 0.000000 -0.000001 0.000000 -0.000000 0.689317
 36 4.525584 -0.000101 0.616741 -0.040896 -0.032761 0.934240
 37 1.807674 -0.000001 0.000000 0.000000 -0.000000 0.907547
 38 1.614256 -0.000001 0.000000 0.000000 -0.000000 1.151884
 39 4.525584 0.000101 -0.616741 -0.026857 -0.022390 0.933908
 40 1.719871 -0.000002 0.000000 0.000000 -0.000000 0.907547
 41 1.383648 0.000001 0.000000 0.000000 -0.000000 1.151884
 42 4.525584 0.000304 -1.850223 0.029257 0.019200 0.933920
 43 1.433227 0.000002 0.000000 0.000000 -0.000000 0.907405
 44 1.153038 0.000000 0.000000 0.000000 -0.000000 1.151837
 45 -0.000008 0.000010 5.615750 -3.136127 -0.016201 2.758574
 46 15.693467 0.000000 0.000000 0.000000 -0.000000 -0.584141
 47 22.146629 -0.000001 0.000000 0.010280 -0.017212 0.223647
 48 3.310129 5.734394 0.000000 0.000000 -0.000000 1.570796
 49 0.000008 -0.000006 -5.615750 -3.136127 -0.016104 2.761355
 50 15.693467 0.000000 0.000000 0.000000 -0.000000 -0.584463
 51 22.146629 0.000000 0.000000 0.010154 -0.017190 0.226725
 52 3.310129 5.734394 0.000000 0.000000 -0.000000 1.570796
 53 1.977383 0.000000 0.000000 -0.100068 -0.023209 -0.198238
 54 3.723980 2.768054 -0.049087 -3.141592 -0.000002 1.570799
 55 11.781867 -0.001184 -0.000003 0.000000 -0.000000 0.000000
 56 -3.887187 4.546144 1.934869 -3.141591 -1.570796 0.000000
 57 -4.205003 4.546216 -0.015855 -3.141591 -1.570796 0.000000
 58 -3.887188 4.546179 -1.987145 -3.141591 -1.570796 0.000000
 59 -4.881806 5.593821 -1.566820 1.426702 -1.257570 1.701710
 60 -4.886902 5.683144 -0.007570 -3.132865 -1.570796 0.000000
 61 -4.881796 5.609550 1.546659 1.426702 -1.257570 1.701710
 62 3.710047 1.760547 -0.059361 -0.091858 -0.075851 1.616828
time 16
  0 -0.397810 0.397810 29.728224 0.000000 0.024117 -1.561113
  1 -2.572978 0.000001 9.745319 -1.570795 -1.570451 0.000000
  2 1.384163 -0.004728 0.000002 -0.000004 -0.000001 0.169543
  3 5.939814 -0.004730 0.000000 0.000000 -0.000000 0.069738
  4 5.939809 -0.003975 0.000000 0.000000 -0.000000 0.000000
  5 4.991439 -0.003975 0.000000 0.000000 -0.000000 0.000000
  6 4.991436 -0.001575 0.000000 0.000000 -0.000000 0.000000
  7 0.000005 0.001564 3.638375 -0.000010 -1.329628 3.140806
  8 8.842831 0.000000 -0.000002 1.018777 0.720550 0.817156
  9 9.341934 0.000000 -0.000001 0.000000 -0.000000 -1.089489
 10 11.168404 -0.000001 0.000002 -2.138571 0.019061 -0.231172
 11 1.364904 0.231178 -1.984411 2.310809 0.500598 0.873954
 12 1.748536 -0.000002 0.000000 0.000000 -0.000000 0.567170
 13 1.272494 0.000001 -0.000001 0.000000 -0.000000 0.462442
 14 4.525584 -0.000304 -1.850224 0.079944 0.053288 1.005563
 15 1.719872 -0.000002 0.000000 0.000000 -0.000000 0.933623
 16 1.383647 0.000002 0.000000 0.000000 -0.000000 0.741644
 17 4.525584 -0.000102 -0.616741 0.043017 0.029897 1.004047
 18 1.807673 0.000001 -0.000001 0.000000 -0.000000 0.881257
 19 1.614255 0.000001 0.000001 0.000000 -0.000000 0.741755
 20 4.525584 0.000101 0.616741 0.028355 0.020521 1.003703
 21 1.719869 0.000000 -0.000001 0.000000 -0.000000 0.680519
 22 1.383649 -0.000001 0.000000 0.000000 -0.000000 0.741644
 23 4.525584 0.000303 1.850224 -0.030467 -0.017054 1.003724
 24 1.433227 -0.000002 0.000000 0.000000 -0.000000 0.680554
 25 1.153039 0.000000 0.000000 0.000000 -0.000000 0.741639
 26 0.000005 0.001585 -3.638375 -0.000010 1.391676 3.140787
 27 8.842831 0.000000 0.000001 0.047529 -1.167940 0.063553
 28 9.341937 0.000000 -0.000001 0.000000 -0.000000 -2.293220
 29 10.945741 -0.000001 0.000001 1.929557 0.331447 -0.272102
 30 1.364904 0.231177 1.984410 -3.139615 0.004157 1.002253
 31 1.748536 -0.000002 0.000001 0.000000 -0.000000 0.436276
 32 1.272493 0.000001 0.000002 0.000000 -0.000000 0.322849
 33 4.525584 -0.000303 1.850224 -0.016317 -0.094622 0.192575
 34 1.719873 0.000001 0.000000 0.000000 -0.000000 0.034907
 35 1.383647 0.000000 -0.000001 0.000000 -0.000000 0.689317
 36 4.525584 -0.000101 0.616741 -0.040896 -0.032761 0.934240
 37 1.807674 -0.000001 0.000000 0.000000 -0.000000 0.907547
 38 1.614256 -0.000001 0.000000 0.000000 -0.000000 1.151884
 39 4.525584 0.000101 -0.616741 -0.026857 -0.022390 0.933908
 40 1.719871 -0.000002 0.000000 0.000000 -0.000000 0.907547
 41 1.383648 0.000001 0.000000 0.000000 -0.000000 1.151884
 42 4.525584 0.000304 -1.850223 0.029257 0.019200 0.933920
 43 1.433227 0.000002 0.000000 0.000000 -0.000000 0.907405
 44 1.153038 0.000000 0.000000 0.000000 -0.000000 1.151837
 45 -0.000008 0.000010 5.615750 -3.136031 -0.017063 2.757807
 46 15.693467 0.000000 0.000000 0.000000 -0.000000 -0.584070
 47 22.146629 -0.000001 0.000000 0.010393 -0.018376 0.224437
 48 3.310129 5.734394 0.000000 0.000000 -0.000000 1.570796
 49 0.000008 -0.000006 -5.615750 -3.136031 -0.017159 2.760588
 50 15.693467 0.000000 0.000000 0.000000 -0.000000 -0.584463
 51 22.146629 0.000000 0.000000 0.010323 -0.018418 0.227446
 52 3.310129 5.734394 0.000000 0.000000 -0.000000 1.570796
 53 1.977383 0.000000 0.000000 -0.106835 -0.024733 -0.196847
 54 3.723980 2.768054 -0.049087 -3.141592 -0.000002 1.570799
 55 11.781867 -0.001184 -0.000003 0.000000 -0.000000 0.000000
 56 -3.887187 4.546144 1.934869 -3.141591 -1.570796 0.000000
 57 -4.205003 4.546216 -0.015855 -3.141591 -1.570796 0.000000
 58 -3.887188 4.546179 -1.987145 -3.141591 -1.570796 0.000000
 59 -4.881806 5.593821 -1.566820 1.433039 -1.241829 1.695774
 60 -4.886902 5.683144 -0.007570 -3.132865 -1.570796 0.000000
 61 -4.881796 5.609550 1.546659 1.433039 -1.241829 1.695774
 62 3.710047 1.760547 -0.059361 -0.091858 -0.075851 1.616828
time 17
  0 -0.435488 0.435488 29.728224 0.000000 0.025744 -1.561113
  1 -2.561259 0.000001 9.745319 -1.570795 -1.570451 0.000000
  2 1.384163 -0.004728 0.000002 -0.000004 -0.000001 0.168100
  3 5.939814 -0.004730 0.000000 0.000000 -0.000000 0.069738
  4 5.939809 -0.003975 0.000000 0.000000 -0.000000 0.000000
  5 4.991439 -0.003975 0.000000 0.000000 -0.000000 0.000000
  6 4.991436 -0.001575 0.000000 0.000000 -0.000000 0.000000
  7 0.000005 0.001564 3.638375 -0.000010 -1.332494 3.140806
  8 8.842831 0.000000 -0.000002 1.022709 0.721446 0.820110
  9 9.341934 0.000000 -0.000001 0.000000 -0.000000 -1.089489
 10 11.168404 -0.000001 0.000002 -2.138571 0.019061 -0.231172
 11 1.364904 0.231178 -1.984411 2.310809 0.500598 0.873954
 12 1.748536 -0.000002 0.000000 0.000000 -0.000000 0.567170
 13 1.272494 0.000001 -0.000001 0.000000 -0.000000 0.462442
 14 4.525584 -0.000304 -1.850224 0.079944 0.053288 1.005563
 15 1.719872 -0.000002 0.000000 0.000000 -0.000000 0.933623
 16 1.383647 0.000002 0.000000 0.000000 -0.000000 0.741644
 17 4.525584 -0.000102 -0.616741 0.043017 0.029897 1.004047
 18 1.807673 0.000001 -0.000001 0.000000 -0.000000 0.881257
 19 1.614255 0.000001 0.000001 0.000000 -0.000000 0.741755
 20 4.525584 0.000101 0.616741 0.028355 0.020521 1.003703
 21 1.719869 0.000000 -0.000001 0.000000 -0.000000 0.680519
 22 1.383649 -0.000001 0.000000 0.000000 -0.000000 0.741644
 23 4.525584 0.000303 1.850224 -0.030467 -0.017054 1.003724
 24 1.433227 -0.000002 0.000000 0.000000 -0.000000 0.680554
 25 1.153039 0.000000 0.000000 0.000000 -0.000000 0.741639
 26 0.000005 0.001585 -3.638375 -0.000010 1.397344 3.140787
 27 8.842831 0.000000 0.000001 0.029842 -1.173626 0.082514
 28 9.341937 0.000000 -0.000001 0.000000 -0.000000 -2.293220
 29 10.945741 -0.000001 0.000001 1.923965 0.333765 -0.274452
 30 1.364904 0.231177 1.984410 -3.139615 0.004157 1.002253
 31 1.748536 -0.000002 0.000001 0.000000 -0.000000 0.436276
 32 1.272493 0.000001 0.000002 0.000000 -0.000000 0.322849
 33 4.525584 -0.000303 1.850224 -0.016317 -0.094622 0.192575
 34 1.719873 0.000001 0.000000 0.000000 -0.000000 0.034907
 35 1.383647 0.000000 -0.000001 0.000000 -0.000000 0.689317
 36 4.525584 -0.000101 0.616741 -0.040896 -0.032761 0.934240
 37 1.807674 -0.000001 0.000000 0.000000 -0.000000 0.907547
 38 1.614256 -0.000001 0.000000 0.000000 -0.000000 1.151884
 39 4.525584 0.000101 -0.616741 -0.026857 -0.022390 0.933908
 40 1.719871 -0.000002 0.000000 0.000000 -0.000000 0.907547
 41 1.383648 0.000001 0.000000 0.000000 -0.000000 1.151884
 42 4.525584 0.000304 -1.850223 0.029257 0.019200 0.933920
 43 1.433227 0.000002 0.000000 0.000000 -0.000000 0.907405
 44 1.153038 0.000000 0.000000 0.000000 -0.000000 1.151837
 45 -0.000008 0.000010 5.615750 -3.135360 -0.018406 2.757040
 46 15.693467 0.000000 0.000000 0.000000 -0.000000 -0.583999
 47 22.146629 -0.000001 0.000000 0.010467 -0.019515 0.225177
 48 3.310129 5.734394 0.000000 0.000000 -0.000000 1.570796
 49 0.000008 -0.000006 -5.615750 -3.135456 -0.018309 2.759917
 50 15.693467 0.000000 0.000000 0.000000 -0.000000 -0.584292
 51 22.146629 0.000000 0.000000 0.010323 -0.019554 0.228257
 52 3.310129 5.734394 0.000000 0.000000 -0.000000 1.570796
 53 1.977383 0.000000 0.000000 -0.113284 -0.026280 -0.195306
 54 3.723980 2.768054 -0.049087 -3.141592 -0.000002 1.570799
 55 11.781867 -0.001184 -0.000003 0.000000 -0.000000 0.000000
 56 -3.887187 4.546144 1.934869 -3.141591 -1.570796 0.000000
 57 -4.205003 4.546216 -0.015855 -3.141591 -1.570796 0.000000
 58 -3.887188 4.546179 -1.987145 -3.141591 -1.570796 0.000000
 59 -4.881806 5.593821 -1.566820 1.438835 -1.226088 1.690001
 60 -4.886902 5.683144 -0.007570 -3.132865 -1.570796 0.000000
 61 -4.881796 5.609550 1.546659 1.438835 -1.226088 1.690001
 62 3.710047 1.760547 -0.059361 -0.091858 -0.075851 1.616828
time 18
  0 -0.480702 0.480702 29.728224 0.000000 0.027275 -1.561113
  1 -2.541728 0.000001 9.745319 -1.570795 -1.570451 0.000000
  2 1.384163 -0.004728 0.000002 -0.000004 -0.000001 0.166657
  3 5.939814 -0.004730 0.000000 0.000000 -0.000000 0.069738
  4 5.939809 -0.003975 0.000000 0.000000 -0.000000 0.000000
  5 4.991439 -0.003975 0.000000 0.000000 -0.000000 0.000000
  6 4.991436 -0.001575 0.000000 0.000000 -0.000000 0.000000
  7 0.000005 0.001564 3.638375 -0.000010 -1.335396 3.140806
  8 8.842831 0.000000 -0.000002 1.026824 0.722432 0.823229
  9 9.341934 0.000000 -0.000001 0.000000 -0.000000 -1.089489
 10 11.168404 -0.000001 0.000002 -2.138571 0.019061 -0.231172
 11 1.364904 0.231178 -1.984411 2.310809 0.500598 0.873954
 12 1.748536 -0.000002 0.000000 0.000000 -0.000000 0.567170
 13 1.272494 0.000001 -0.000001 0.000000 -0.000000 0.462442
 14 4.525584 -0.000304 -1.850224 0.079944 0.053288 1.005563
 15 1.719872 -0.000002 0.000000 0.000000 -0.000000 0.933623
 16 1.383647 0.000002 0.000000 0.000000 -0.000000 0.741644
 17 4.525584 -0.000102 -0.616741 0.043017 0.029897 1.004047
 18 1.807673 0.000001 -0.000001 0.000000 -0.000000 0.881257
 19 1.614255 0.000001 0.000001 0.000000 -0.000000 0.741755
 20 4.525584 0.000101 0.616741 0.028355 0.020521 1.003703
 21 1.719869 0.000000 -0.000001 0.000000 -0.000000 0.680519
 22 1.383649 -0.000001 0.000000 0.000000 -0.000000 0.741644
 23 4.525584 0.000303 1.850224 -0.030467 -0.017054 1.003724
 24 1.433227 -0.000002 0.000000 0.000000 -0.000000 0.680554
 25 1.153039 0.000000 0.000000 0.000000 -0.000000 0.741639
 26 0.000005 0.001585 -3.638375 -0.000010 1.402922 3.140787
 27 8.842831 0.000000 0.000001 0.011701 -1.179229 0.101379
 28 9.341937 0.000000 -0.000001 0.000000 -0.000000 -2.293220
 29 10.945741 -0.000001 0.000001 1.918187 0.336083 -0.277272
 30 1.364904 0.231177 1.984410 -3.139615 0.004157 1.002253
 31 1.748536 -0.000002 0.000001 0.000000 -0.000000 0.436276
 32 1.272493 0.000001 0.000002 0.000000 -0.000000 0.322849
 33 4.525584 -0.000303 1.850224 -0.016317 -0.094622 0.192575
 34 1.719873 0.000001 0.000000 0.000000 -0.000000 0.034907
 35 1.383647 0.000000 -0.000001 0.000000 -0.000000 0.689317
 36 4.525584 -0.000101 0.616741 -0.040896 -0.032761 0.934240
 37 1.807674 -0.000001 0.000000 0.000000 -0.000000 0.907547
 38 1.614256 -0.000001 0.000000 0.000000 -0.000000 1.151884
 39 4.525584 0.000101 -0.616741 -0.026857 -0.022390 0.933908
 40 1.719871 -0.000002 0.000000 0.000000 -0.000000 0.907547
 41 1.383648 0.000001 0.000000 0.000000 -0.000000 1.151884
 42 4.525584 0.000304 -1.850223 0.029257 0.019200 0.933920
 43 1.433227 0.000002 0.000000 0.000000 -0.000000 0.907405
 44 1.153038 0.000000 0.000000 0.000000 -0.000000 1.151837
 45 -0.000008 0.000010 5.615750 -3.135264 -0.019268 2.756369
 46 15.693467 0.000000 0.000000 0.000000 -0.000000 -0.583857
 47 22.146629 -0.000001 0.000000 0.010580 -0.020704 0.225917
 48 3.310129 5.734394 0.000000 0.000000 -0.000000 1.570796
 49 0.000008 -0.000006 -5.615750 -3.135264 -0.019364 2.759245
 50 15.693467 0.000000 0.000000 0.000000 -0.000000 -0.584292
 51 22.146629 0.000000 0.000000 0.010436 -0.020751 0.228979
 52 3.310129 5.734394 0.000000 0.000000 -0.000000 1.570796
 53 1.977383 0.000000 0.000000 -0.119575 -0.027804 -0.193816
 54 3.723980 2.768054 -0.049087 -3.141592 -0.000002 1.570799
 55 11.781867 -0.001184 -0.000003 0.000000 -0.000000 0.000000
 56 -3.887187 4.546144 1.934869 -3.141591 -1.570796 0.000000
 57 -4.205003 4.546216 -0.015855 -3.141591 -1.570796 0.000000
 58 -3.887188 4.546179 -1.987145 -3.141591 -1.570796 0.000000
 59 -4.881806 5.593821 -1.566820 1.444245 -1.210333 1.685204
 60 -4.886902 5.683144 -0.007570 -3.132865 -1.570796 0.000000
 61 -4.881796 5.609550 1.546659 1.444245 -1.210333 1.685204
 62 3.710047 1.760547 -0.059361 -0.091858 -0.075851 1.616828
time 19
  0 -0.518380 0.518380 29.728224 0.000000 0.028806 -1.561113
  1 -2.530008 0.000001 9.745319 -1.570795 -1.570451 0.000000
  2 1.384163 -0.004728 0.000002 -0.000004 -0.000001 0.165167
  3 5.939814 -0.004730 0.000000 0.000000 -0.000000 0.069738
  4 5.939809 -0.003975 0.000000 0.000000 -0.000000 0.000000
  5 4.991439 -0.003975 0.000000 0.000000 -0.000000 0.000000
  6 4.991436 -0.001575 0.000000 0.000000 -0.000000 0.000000
  7 0.000005 0.001564 3.638375 -0.000010 -1.338335 3.140806
  8 8.842831 0.000000 -0.000002 1.030939 0.723328 0.826348
  9 9.341934 0.000000 -0.000001 0.000000 -0.000000 -1.089489
 10 11.168404 -0.000001 0.000002 -2.138571 0.019061 -0.231172
 11 1.364904 0.231178 -1.984411 2.310809 0.500598 0.873954
 12 1.748536 -0.000002 0.000000 0.000000 -0.000000 0.567170
 13 1.272494 0.000001 -0.000001 0.000000 -0.000000 0.462442
 14 4.525584 -0.000304 -1.850224 0.079944 0.053288 1.005563
 15 1.719872 -0.000002 0.000000 0.000000 -0.000000 0.933623
 16 1.383647 0.000002 0.000000 0.000000 -0.000000 0.741644
 17 4.525584 -0.000102 -0.616741 0.043017 0.029897 1.004047
 18 1.807673 0.000001 -0.000001 0.000000 -0.000000 0.881257
 19 1.614255 0.000001 0.000001 0.000000 -0.000000 0.741755
 20 4.525584 0.000101 0.616741 0.028355 0.020521 1.003703
 21 1.719869 0.000000 -0.000001 0.000000 -0.000000 0.680519
 22 1.383649 -0.000001 0.000000 0.000000 -0.000000 0.741644
 23 4.525584 0.000303 1.850224 -0.030467 -0.017054 1.003724
 24 1.433227 -0.000002 0.000000 0.000000 -0.000000 0.680554
 25 1.153039 0.000000 0.000000 0.000000 -0.000000 0.741639
 26 0.000005 0.001585 -3.638375 -0.000010 1.408499 3.140787
 27 8.842831 0.000000 0.000001 -0.005896 -1.184498 0.120436
 28 9.341937 0.000000 -0.000001 0.000000 -0.000000 -2.293220
 29 10.945741 -0.000001 0.000001 1.912688 0.338317 -0.280281
 30 1.364904 0.231177 1.984410 -3.139615 0.004157 1.002253
 31 1.748536 -0.000002 0.000001 0.000000 -0.000000 0.436276
 32 1.272493 0.000001 0.000002 0.000000 -0.000000 0.322849
 33 4.525584 -0.000303 1.850224 -0.016317 -0.094622 0.192575
 34 1.719873 0.000001 0.000000 0.000000 -0.000000 0.034907
 35 1.383647 0.000000 -0.000001 0.000000 -0.000000 0.689317
 36 4.525584 -0.000101 0.616741 -0.040896 -0.032761 0.934240
 37 1.807674 -0.000001 0.000000 0.000000 -0.000000 0.907547
 38 1.614256 -0.000001 0.000000 0.000000 -0.000000 1.151884
 39 4.525584 0.000101 -0.616741 -0.026857 -0.022390 0.933908
 40 1.719871 -0.000002 0.000000 0.000000 -0.000000 0.907547
 41 1.383648 0.000001 0.000000 0.000000 -0.000000 1.151884
 42 4.525584 0.000304 -1.850223 0.029257 0.019200 0.933920
 43 1.433227 0.000002 0.000000 0.000000 -0.000000 0.907405
 44 1.153038 0.000000 0.000000 0.000000 -0.000000 1.151837
 45 -0.000008 0.000010 5.615750 -3.134593 -0.020611 2.755602
 46 15.693467 0.000000 0.000000 0.000000 -0.000000 -0.583857
 47 22.146629 -0.000001 0.000000 0.010580 -0.021892 0.226657
 48 3.310129 5.734394 0.000000 0.000000 -0.000000 1.570796
 49 0.000008 -0.000006 -5.615750 -3.134593 -0.020514 2.758478
 50 15.693467 0.000000 0.000000 0.000000 -0.000000 -0.584121
 51 22.146629 0.000000 0.000000 0.010549 -0.021948 0.229970
 52 3.310129 5.734394 0.000000 0.000000 -0.000000 1.570796
 53 1.977383 0.000000 0.000000 -0.125601 -0.029375 -0.192374
 54 3.723980 2.768054 -0.049087 -3.141592 -0.000002 1.570799
 55 11.781867 -0.001184 -0.000003 0.000000 -0.000000 0.000000
 56 -3.887187 4.546144 1.934869 -3.141591 -1.570796 0.000000
 57 -4.205003 4.546216 -0.015855 -3.141591 -1.570796 0.000000
 58 -3.887188 4.546179 -1.987145 -3.141591 -1.570796 0.000000
 59 -4.881806 5.593821 -1.566820 1.449114 -1.194566 1.680488
 60 -4.886902 5.683144 -0.007570 -3.132865 -1.570796 0.000000
 61 -4.881796 5.609550 1.546659 1.449114 -1.194566 1.680488
 62 3.710047 1.760547 -0.059361 -0.091858 -0.075851 1.616828
time 20
  0 -0.571130 0.571130 29.728224 0.000000 0.030241 -1.561018
  1 -2.518289 0.000001 9.745319 -1.570795 -1.570451 0.000000
  2 1.384163 -0.004728 0.000002 -0.000004 -0.000001 0.163770
  3 5.939814 -0.004730 0.000000 0.000000 -0.000000 0.069738
  4 5.939809 -0.003975 0.000000 0.000000 -0.000000 0.000000
  5 4.991439 -0.003975 0.000000 0.000000 -0.000000 0.000000
  6 4.991436 -0.001575 0.000000 0.000000 -0.000000 0.000000
  7 0.000005 0.001564 3.638375 -0.000010 -1.341201 3.140806
  8 8.842831 0.000000 -0.000002 1.035054 0.724224 0.829302
  9 9.341934 0.000000 -0.000001 0.000000 -0.000000 -1.089489
 10 11.168404 -0.000001 0.000002 -2.138571 0.019061 -0.231172
 11 1.364904 0.231178 -1.984411 2.310809 0.500598 0.873954
 12 1.748536 -0.000002 0.000000 0.000000 -0.000000 0.567170
 13 1.272494 0.000001 -0.000001 0.000000 -0.000000 0.462442
 14 4.525584 -0.000304 -1.850224 0.079944 0.053288 1.005563
 15 1.719872 -0.000002 0.000000 0.000000 -0.000000 0.933623
 16 1.383647 0.000002 0.000000 0.000000 -0.000000 0.741644
 17 4.525584 -0.000102 -0.616741 0.043017 0.029897 1.004047
 18 1.807673 0.000001 -0.000001 0.000000 -0.000000 0.881257
 19 1.614255 0.000001 0.000001 0.000000 -0.000000 0.741755
 20 4.525584 0.000101 0.616741 0.028355 0.020521 1.003703
 21 1.719869 0.000000 -0.000001 0.000000 -0.000000 0.680519
 22 1.383649 -0.000001 0.000000 0.000000 -0.000000 0.741644
 23 4.525584 0.000303 1.850224 -0.030467 -0.017054 1.003724
 24 1.433227 -0.000002 0.000000 0.000000 -0.000000 0.680554
 25 1.153039 0.000000 0.000000 0.000000 -0.000000 0.741639
 26 0.000005 0.001585 -3.638375 -0.000010 1.414031 3.140787
 27 8.842831 0.000000 0.000001 -0.024218 -1.189766 0.139301
 28 9.341937 0.000000 -0.000001 0.000000 -0.000000 -2.293220
 29 10.945741 -0.000001 0.000001 1.907096 0.340509 -0.282631
 30 1.364904 0.231177 1.984410 -3.139615 0.004157 1.002253
 31 1.748536 -0.000002 0.000001 0.000000 -0.000000 0.436276
 32 1.272493 0.000001 0.000002 0.000000 -0.000000 0.322849
 33 4.525584 -0.000303 1.850224 -0.016317 -0.094622 0.192575
 34 1.719873 0.000001 0.000000 0.000000 -0.000000 0.034907
 35 1.383647 0.000000 -0.000001 0.000000 -0.000000 0.689317
 36 4.525584 -0.000101 0.616741 -0.040896 -0.032761 0.934240
 37 1.807674 -0.000001 0.000000 0.000000 -0.000000 0.907547
 38 1.614256 -0.000001 0.000000 0.000000 -0.000000 1.151884
 39 4.525584 0.000101 -0.616741 -0.026857 -0.022390 0.933908
 40 1.719871 -0.000002 0.000000 0.000000 -0.000000 0.907547
 41 1.383648 0.000001 0.000000 0.000000 -0.000000 1.151884
 42 4.525584 0.000304 -1.850223 0.029257 0.019200 0.933920
 43 1.433227 0.000002 0.000000 0.000000 -0.000000 0.907405
 44 1.153038 0.000000 0.000000 0.000000 -0.000000 1.151837
 45 -0.000008 0.000010 5.615750 -3.134497 -0.021569 2.754931
 46 15.693467 0.000000 0.000000 0.000000 -0.000000 -0.583572
 47 22.146629 -0.000001 0.000000 0.010692 -0.023056 0.227397
 48 3.310129 5.734394 0.000000 0.000000 -0.000000 1.570796
 49 0.000008 -0.000006 -5.615750 -3.134497 -0.021665 2.757807
 50 15.693467 0.000000 0.000000 0.000000 -0.000000 -0.584121
 51 22.146629 0.000000 0.000000 0.010605 -0.023114 0.230691
 52 3.310129 5.734394 0.000000 0.000000 -0.000000 1.570796
 53 1.977383 0.000000 0.000000 -0.131310 -0.030853 -0.190884
 54 3.723980 2.768054 -0.049087 -3.141592 -0.000002 1.570799
 55 11.781867 -0.001184 -0.000003 0.000000 -0.000000 0.000000
 56 -3.887187 4.546144 1.934869 -3.141591 -1.570796 0.000000
 57 -4.205003 4.546216 -0.015855 -3.141591 -1.570796 0.000000
 58 -3.887188 4.546179 -1.987145 -3.141591 -1.570796 0.000000
 59 -4.881806 5.593821 -1.566820 1.453596 -1.178799 1.676260
 60 -4.886902 5.683144 -0.007570 -3.132865 -1.570796 0.000000
 61 -4.881796 5.609550 1.546659 1.453596 -1.178799 1.676260
 62 3.710047 1.760547 -0.059361 -0.091858 -0.075851 1.616828
time 21
  0 -0.601272 0.601272 29.728224 0.000000 0.031773 -1.561018
  1 -2.506570 0.000001 9.745319 -1.570795 -1.570451 0.000000
  2 1.384163 -0.004728 0.000002 -0.000004 -0.000001 0.162327
  3 5.939814 -0.004730 0.000000 0.000000 -0.000000 0.069738
  4 5.939809 -0.003975 0.000000 0.000000 -0.000000 0.000000
  5 4.991439 -0.003975 0.000000 0.000000 -0.000000 0.000000
  6 4.991436 -0.001575 0.000000 0.000000 -0.000000 0.000000
  7 0.000005 0.001564 3.638375 -0.000010 -1.344103 3.140806
  8 8.842831 0.000000 -0.000002 1.039169 0.725300 0.832339
  9 9.341934 0.000000 -0.000001 0.000000 -0.000000 -1.089489
 10 11.168404 -0.000001 0.000002 -2.138571 0.019061 -0.231172
 11 1.364904 0.231178 -1.984411 2.310809 0.500598 0.873954
 12 1.748536 -0.000002 0.000000 0.000000 -0.000000 0.567170
 13 1.272494 0.000001 -0.000001 0.000000 -0.000000 0.462442
 14 4.525584 -0.000304 -1.850224 0.079944 0.053288 1.005563
 15 1.719872 -0.000002 0.000000 0.000000 -0.000000 0.933623
 16 1.383647 0.000002 0.000000 0.000000 -0.000000 0.741644
 17 4.525584 -0.000102 -0.616741 0.043017 0.029897 1.004047
 18 1.807673 0.000001 -0.000001 0.000000 -0.000000 0.881257
 19 1.614255 0.000001 0.000001 0.000000 -0.000000 0.741755
 20 4.525584 0.000101 0.616741 0.028355 0.020521 1.003703
 21 1.719869 0.000000 -0.000001 0.000000 -0.000000 0.680519
 22 1.383649 -0.000001 0.000000 0.000000 -0.000000 0.741644
 23 4.525584 0.000303 1.850224 -0.030467 -0.017054 1.003724
 24 1.433227 -0.000002 0.000000 0.000000 -0.000000 0.680554
 25 1.153039 0.000000 0.000000 0.000000 -0.000000 0.741639
 26 0.000005 0.001585 -3.638375 -0.000010 1.419471 3.140787
 27 8.842831 0.000000 0.000001 -0.042268 -1.194867 0.158167
 28 9.341937 0.000000 -0.000001 0.000000 -0.000000 -2.293220
 29 10.945741 -0.000001 0.000001 1.901224 0.342785 -0.284511
 30 1.364904 0.231177 1.984410 -3.139615 0.004157 1.002253
 31 1.748536 -0.000002 0.000001 0.000000 -0.000000 0.436276
 32 1.272493 0.000001 0.000002 0.000000 -0.000000 0.322849
 33 4.525584 -0.000303 1.850224 -0.016317 -0.094622 0.192575
 34 1.719873 0.000001 0.000000 0.000000 -0.000000 0.034907
 35 1.383647 0.000000 -0.000001 0.000000 -0.000000 0.689317
 36 4.525584 -0.000101 0.616741 -0.040896 -0.032761 0.934240
 37 1.807674 -0.000001 0.000000 0.000000 -0.000000 0.907547
 38 1.614256 -0.000001 0.000000 0.000000 -0.000000 1.151884
 39 4.525584 0.000101 -0.616741 -0.026857 -0.022390 0.933908
 40 1.719871 -0.000002 0.000000 0.000000 -0.000000 0.907547
 41 1.383648 0.000001 0.000000 0.000000 -0.000000 1.151884
 42 4.525584 0.000304 -1.850223 0.029257 0.019200 0.933920
 43 1.433227 0.000002 0.000000 0.000000 -0.000000 0.907405
 44 1.153038 0.000000 0.000000 0.000000 -0.000000 1.151837
 45 -0.000008 0.000010 5.615750 -3.133826 -0.022816 2.754356
 46 15.693467 0.000000 0.000000 0.000000 -0.000000 -0.583572
 47 22.146629 -0.000001 0.000000 0.010766 -0.024295 0.228088
 48 3.310129 5.734394 0.000000 0.000000 -0.000000 1.570796
 49 0.000008 -0.000006 -5.615750 -3.133826 -0.022815 2.757136
 50 15.693467 0.000000 0.000000 0.000000 -0.000000 -0.583950
 51 22.146629 0.000000 0.000000 0.010718 -0.024281 0.231322
 52 3.310129 5.734394 0.000000 0.000000 -0.000000 1.570796
 53 1.977383 0.000000 0.000000 -0.136702 -0.032308 -0.189393
 54 3.723980 2.768054 -0.049087 -3.141592 -0.000002 1.570799
 55 11.781867 -0.001184 -0.000003 0.000000 -0.000000 0.000000
 56 -3.887187 4.546144 1.934869 -3.141591 -1.570796 0.000000
 57 -4.205003 4.546216 -0.015855 -3.141591 -1.570796 0.000000
 58 -3.887188 4.546179 -1.987145 -3.141591 -1.570796 0.000000
 59 -4.881806 5.593821 -1.566820 1.457924 -1.163005 1.672357
 60 -4.886902 5.683144 -0.007570 -3.132865 -1.570796 0.000000
 61 -4.881796 5.609550 1.546659 1.457924 -1.163005 1.672357
 62 3.710047 1.760547 -0.059361 -0.091858 -0.075851 1.616828
time 22
  0 -0.654022 0.654022 29.708626 0.000000 0.033400 -1.560922
  1 -2.490945 0.000001 9.745319 -1.570795 -1.570451 0.000000
  2 1.384163 -0.004728 0.000002 -0.000004 -0.000001 0.160838
  3 5.939814 -0.004730 0.000000 0.000000 -0.000000 0.069738
  4 5.939809 -0.003975 0.000000 0.000000 -0.000000 0.000000
  5 4.991439 -0.003975 0.000000 0.000000 -0.000000 0.000000
  6 4.991436 -0.001575 0.000000 0.000000 -0.000000 0.000000
  7 0.000005 0.001564 3.638375 -0.000010 -1.346969 3.140806
  8 8.842831 0.000000 -0.000002 1.043375 0.726017 0.835293
  9 9.341934 0.000000 -0.000001 0.000000 -0.000000 -1.089489
 10 11.168404 -0.000001 0.000002 -2.138571 0.019061 -0.231172
 11 1.364904 0.231178 -1.984411 2.310809 0.500598 0.873954
 12 1.748536 -0.000002 0.000000 0.000000 -0.000000 0.567170
 13 1.272494 0.000001 -0.000001 0.000000 -0.000000 0.462442
 14 4.525584 -0.000304 -1.850224 0.079944 0.053288 1.005563
 15 1.719872 -0.000002 0.000000 0.000000 -0.000000 0.933623
 16 1.383647 0.000002 0.000000 0.000000 -0.000000 0.741644
 17 4.525584 -0.000102 -0.616741 0.043017 0.029897 1.004047
 18 1.807673 0.000001 -0.000001 0.000000 -0.000000 0.881257
 19 1.614255 0.000001 0.000001 0.000000 -0.000000 0.741755
 20 4.525584 0.000101 0.616741 0.028355 0.020521 1.003703
 21 1.719869 0.000000 -0.000001 0.000000 -0.000000 0.680519
 22 1.383649 -0.000001 0.000000 0.000000 -0.000000 0.741644
 23 4.525584 0.000303 1.850224 -0.030467 -0.017054 1.003724
 24 1.433227 -0.000002 0.000000 0.000000 -0.000000 0.680554
 25 1.153039 0.000000 0.000000 0.000000 -0.000000 0.741639
 26 0.000005 0.001585 -3.638375 -0.000010 1.424774 3.140787
 27 8.842831 0.000000 0.000001 -0.060409 -1.199550 0.176938
 28 9.341937 0.000000 -0.000001 0.000000 -0.000000 -2.293220
 29 10.945741 -0.000001 0.000001 1.895725 0.344934 -0.285639
 30 1.364904 0.231177 1.984410 -3.139615 0.004157 1.002253
 31 1.748536 -0.000002 0.000001 0.000000 -0.000000 0.436276
 32 1.272493 0.000001 0.000002 0.000000 -0.000000 0.322849
 33 4.525584 -0.000303 1.850224 -0.016317 -0.094622 0.192575
 34 1.719873 0.000001 0.000000 0.000000 -0.000000 0.034907
 35 1.383647 0.000000 -0.000001 0.000000 -0.000000 0.689317
 36 4.525584 -0.000101 0.616741 -0.040896 -0.032761 0.934240
 37 1.807674 -0.000001 0.000000 0.000000 -0.000000 0.907547
 38 1.614256 -0.000001 0.000000 0.000000 -0.000000 1.151884
 39 4.525584 0.000101 -0.616741 -0.026857 -0.022390 0.933908
 40 1.719871 -0.000002 0.000000 0.000000 -0.000000 0.907547
 41 1.383648 0.000001 0.000000 0.000000 -0.000000 1.151884
 42 4.525584 0.000304 -1.850223 0.029257 0.019200 0.933920
 43 1.433227 0.000002 0.000000 0.000000 -0.000000 0.907405
 44 1.153038 0.000000 0.000000 0.000000 -0.000000 1.151837
 45 -0.000008 0.000010 5.615750 -3.133730 -0.023774 2.753685
 46 15.693467 0.000000 0.000000 0.000000 -0.000000 -0.583430
 47 22.146629 -0.000001 0.000000 0.010841 -0.025483 0.228828
 48 3.310129 5.734394 0.000000 0.000000 -0.000000 1.570796
 49 0.000008 -0.000006 -5.615750 -3.133730 -0.023870 2.756369
 50 15.693467 0.000000 0.000000 0.000000 -0.000000 -0.583779
 51 22.146629 0.000000 0.000000 0.010718 -0.025509 0.232133
 52 3.310129 5.734394 0.000000 0.000000 -0.000000 1.570796
 53 1.977383 0.000000 0.000000 -0.141724 -0.033809 -0.187902
 54 3.723980 2.768054 -0.049087 -3.141592 -0.000002 1.570799
 55 11.781867 -0.001184 -0.000003 0.000000 -0.000000 0.000000
 56 -3.887187 4.546144 1.934869 -3.141591 -1.570796 0.000000
 57 -4.205003 4.546216 -0.015855 -3.141591 -1.570796 0.000000
 58 -3.887188 4.546179 -1.987145 -3.141591 -1.570796 0.000000
 59 -4.881806 5.593821 -1.566820 1.461866 -1.147225 1.668942
 60 -4.886902 5.683144 -0.007570 -3.132865 -1.570796 0.000000
 61 -4.881796 5.609550 1.546659 1.461866 -1.147225 1.668942
 62 3.710047 1.760547 -0.059361 -0.091858 -0.075851 1.616828
time 23
  0 -0.706771 0.706771 29.708626 0.000000 0.034931 -1.560826
  1 -2.475319 0.000001 9.745319 -1.570795 -1.570451 0.000000
  2 1.384163 -0.004728 0.000002 -0.000004 -0.000001 0.159441
  3 5.939814 -0.004730 0.000000 0.000000 -0.000000 0.069738
  4 5.939809 -0.003975 0.000000 0.000000 -0.000000 0.000000
  5 4.991439 -0.003975 0.000000 0.000000 -0.000000 0.000000
  6 4.991436 -0.001575 0.000000 0.000000 -0.000000 0.000000
  7 0.000005 0.001564 3.638375 -0.000010 -1.349835 3.140806
  8 8.842831 0.000000 -0.000002 1.047399 0.727003 0.838412
  9 9.341934 0.000000 -0.000001 0.000000 -0.000000 -1.089489
 10 11.168404 -0.000001 0.000002 -2.138571 0.019061 -0.231172
 11 1.364904 0.231178 -1.984411 2.310809 0.500598 0.873954
 12 1.748536 -0.000002 0.000000 0.000000 -0.000000 0.567170
 13 1.272494 0.000001 -0.000001 0.000000 -0.000000 0.462442
 14 4.525584 -0.000304 -1.850224 0.079944 0.053288 1.005563
 15 1.719872 -0.000002 0.000000 0.000000 -0.000000 0.933623
 16 1.383647 0.000002 0.000000 0.000000 -0.000000 0.741644
 17 4.525584 -0.000102 -0.616741 0.043017 0.029897 1.004047
 18 1.807673 0.000001 -0.000001 0.000000 -0.000000 0.881257
 19 1.614255 0.000001 0.000001 0.000000 -0.000000 0.741755
 20 4.525584 0.000101 0.616741 0.028355 0.020521 1.003703
 21 1.719869 0.000000 -0.000001 0.000000 -0.000000 0.680519
 22 1.383649 -0.000001 0.000000 0.000000 -0.000000 0.741644
 23 4.525584 0.000303 1.850224 -0.030467 -0.017054 1.003724
 24 1.433227 -0.000002 0.000000 0.000000 -0.000000 0.680554
 25 1.153039 0.000000 0.000000 0.000000 -0.000000 0.741639
 26 0.000005 0.001585 -3.638375 -0.000010 1.430122 3.140787
 27 8.842831 0.000000 0.000001 -0.078096 -1.204317 0.195136
 28 9.341937 0.000000 -0.000001 0.000000 -0.000000 -2.293220
 29 10.945741 -0.000001 0.000001 1.890133 0.347168 -0.286955
 30 1.364904 0.231177 1.984410 -3.139615 0.004157 1.002253
 31 1.748536 -0.000002 0.000001 0.000000 -0.000000 0.436276
 32 1.272493 0.000001 0.000002 0.000000 -0.000000 0.322849
 33 4.525584 -0.000303 1.850224 -0.016317 -0.094622 0.192575
 34 1.719873 0.000001 0.000000 0.000000 -0.000000 0.034907
 35 1.383647 0.000000 -0.000001 0.000000 -0.000000 0.689317
 36 4.525584 -0.000101 0.616741 -0.040896 -0.032761 0.934240
 37 1.807674 -0.000001 0.000000 0.000000 -0.000000 0.907547
 38 1.614256 -0.000001 0.000000 0.000000 -0.000000 1.151884
 39 4.525584 0.000101 -0.616741 -0.026857 -0.022390 0.933908
 40 1.719871 -0.000002 0.000000 0.000000 -0.000000 0.907547
 41 1.383648 0.000001 0.000000 0.000000 -0.000000 1.151884
 42 4.525584 0.000304 -1.850223 0.029257 0.019200 0.933920
 43 1.433227 0.000002 0.000000 0.000000 -0.000000 0.907405
 44 1.153038 0.000000 0.000000 0.000000 -0.000000 1.151837
 45 -0.000008 0.000010 5.615750 -3.133059 -0.025117 2.752918
 46 15.693467 0.000000 0.000000 0.000000 -0.000000 -0.583359
 47 22.146629 -0.000001 0.000000 0.010953 -0.026722 0.229519
 48 3.310129 5.734394 0.000000 0.000000 -0.000000 1.570796
 49 0.000008 -0.000006 -5.615750 -3.133059 -0.025020 2.755794
 50 15.693467 0.000000 0.000000 0.000000 -0.000000 -0.583608
 51 22.146629 0.000000 0.000000 0.010831 -0.026706 0.232854
 52 3.310129 5.734394 0.000000 0.000000 -0.000000 1.570796
 53 1.977383 0.000000 0.000000 -0.146429 -0.035217 -0.186312
 54 3.723980 2.768054 -0.049087 -3.141592 -0.000002 1.570799
 55 11.781867 -0.001184 -0.000003 0.000000 -0.000000 0.000000
 56 -3.887187 4.546144 1.934869 -3.141591 -1.570796 0.000000
 57 -4.205003 4.546216 -0.015855 -3.141591 -1.570796 0.000000
 58 -3.887188 4.546179 -1.987145 -3.141591 -1.570796 0.000000
 59 -4.881806 5.593821 -1.566820 1.461866 -1.147225 1.668942
 60 -4.886902 5.683144 -0.007570 -3.132865 -1.570796 0.000000
 61 -4.881796 5.609550 1.546659 1.461866 -1.147225 1.668942
 62 3.710047 1.760547 -0.059361 -0.091858 -0.075851 1.616828
time 24
  0 -0.729378 0.729378 29.708626 0.000000 0.036558 -1.560538
  1 -2.455787 0.000001 9.745319 -1.570795 -1.570451 0.000000
  2 1.384163 -0.004728 0.000002 -0.000004 -0.000001 0.157998
  3 5.939814 -0.004730 0.000000 0.000000 -0.000000 0.069738
  4 5.939809 -0.003975 0.000000 0.000000 -0.000000 0.000000
  5 4.991439 -0.003975 0.000000 0.000000 -0.000000 0.000000
  6 4.991436 -0.001575 0.000000 0.000000 -0.000000 0.000000
  7 0.000005 0.001564 3.638375 -0.000010 -1.352737 3.140806
  8 8.842831 0.000000 -0.000002 1.051605 0.727809 0.841366
  9 9.341934 0.000000 -0.000001 0.000000 -0.000000 -1.089489
 10 11.168404 -0.000001 0.000002 -2.138571 0.019061 -0.231172
 11 1.364904 0.231178 -1.984411 2.310809 0.500598 0.873954
 12 1.748536 -0.000002 0.000000 0.000000 -0.000000 0.567170
 13 1.272494 0.000001 -0.000001 0.000000 -0.000000 0.462442
 14 4.525584 -0.000304 -1.850224 0.079944 0.053288 1.005563
 15 1.719872 -0.000002 0.000000 0.000000 -0.000000 0.933623
 16 1.383647 0.000002 0.000000 0.000000 -0.000000 0.741644
 17 4.525584 -0.000102 -0.616741 0.043017 0.029897 1.004047
 18 1.807673 0.000001 -0.000001 0.000000 -0.000000 0.881257
 19 1.614255 0.000001 0.000001 0.000000 -0.000000 0.741755
 20 4.525584 0.000101 0.616741 0.028355 0.020521 1.003703
 21 1.719869 0.000000 -0.000001 0.000000 -0.000000 0.680519
 22 1.383649 -0.000001 0.000000 0.000000 -0.000000 0.741644
 23 4.525584 0.000303 1.850224 -0.030467 -0.017054 1.003724
 24 1.433227 -0.000002 0.000000 0.000000 -0.000000 0.680554
 25 1.153039 0.000000 0.000000 0.000000 -0.000000 0.741639
 26 0.000005 0.001585 -3.638375 -0.000010 1.435380 3.140787
 27 8.842831 0.000000 0.000001 -0.095511 -1.208749 0.213240
 28 9.341937 0.000000 -0.000001 0.000000 -0.000000 -2.293220
 29 10.945741 -0.000001 0.000001 1.884261 0.349359 -0.287801
 30 1.364904 0.231177 1.984410 -3.139615 0.004157 1.002253
 31 1.748536 -0.000002 0.000001 0.000000 -0.000000 0.436276
 32 1.272493 0.000001 0.000002 0.000000 -0.000000 0.322849
 33 4.525584 -0.000303 1.850224 -0.016317 -0.094622 0.192575
 34 1.719873 0.000001 0.000000 0.000000 -0.000000 0.034907
 35 1.383647 0.000000 -0.000001 0.000000 -0.000000 0.689317
 36 4.525584 -0.000101 0.616741 -0.040896 -0.032761 0.934240
 37 1.807674 -0.000001 0.000000 0.000000 -0.000000 0.907547
 38 1.614256 -0.000001 0.000000 0.000000 -0.000000 1.151884
 39 4.525584 0.000101 -0.616741 -0.026857 -0.022390 0.933908
 40 1.719871 -0.000002 0.000000 0.000000 -0.000000 0.907547
 41 1.383648 0.000001 0.000000 0.000000 -0.000000 1.151884
 42 4.525584 0.000304 -1.850223 0.029257 0.019200 0.933920
 43 1.433227 0.000002 0.000000 0.000000 -0.000000 0.907405
 44 1.153038 0.000000 0.000000 0.000000 -0.000000 1.151837
 45 -0.000008 0.000010 5.615750 -3.132963 -0.026075 2.752247
 46 15.693467 0.000000 0.000000 0.000000 -0.000000 -0.583003
 47 22.146629 -0.000001 0.000000 0.011028 -0.027985 0.230259
 48 3.310129 5.734394 0.000000 0.000000 -0.000000 1.570796
 49 0.000008 -0.000006 -5.615750 -3.132963 -0.026171 2.755123
 50 15.693467 0.000000 0.000000 0.000000 -0.000000 -0.583437
 51 22.146629 0.000000 0.000000 0.010831 -0.027934 0.233575
 52 3.310129 5.734394 0.000000 0.000000 -0.000000 1.570796
 53 1.977383 0.000000 0.000000 -0.150658 -0.036672 -0.184821
 54 3.723980 2.768054 -0.049087 -3.141592 -0.000002 1.570799
 55 11.781867 -0.001184 -0.000003 0.000000 -0.000000 0.000000
 56 -3.887187 4.546144 1.934869 -3.141591 -1.570796 0.000000
 57 -4.205003 4.546216 -0.015855 -3.141591 -1.570796 0.000000
 58 -3.887188 4.546179 -1.987145 -3.141591 -1.570796 0.000000
 59 -4.881806 5.593821 -1.566820 1.461866 -1.147225 1.668942
 60 -4.886902 5.683144 -0.007570 -3.132865 -1.570796 0.000000
 61 -4.881796 5.609550 1.546659 1.461866 -1.147225 1.668942
 62 3.710047 1.760547 -0.059361 -0.091858 -0.075851 1.616828
time 25
  0 -0.782128 0.782128 29.708626 0.000000 0.038089 -1.560442
  1 -2.444068 0.000001 9.745319 -1.570795 -1.570451 0.000000
  2 1.384163 -0.004728 0.000002 -0.000004 -0.000001 0.156509
  3 5.939814 -0.004730 0.000000 0.000000 -0.000000 0.069738
  4 5.939809 -0.003975 0.000000 0.000000 -0.000000 0.000000
  5 4.991439 -0.003975 0.000000 0.000000 -0.000000 0.000000
  6 4.991436 -0.001575 0.000000 0.000000 -0.000000 0.000000
  7 0.000005 0.001564 3.638375 -0.000010 -1.355603 3.140806
  8 8.842831 0.000000 -0.000002 1.055720 0.728795 0.844649
  9 9.341934 0.000000 -0.000001 0.000000 -0.000000 -1.089489
 10 11.168404 -0.000001 0.000002 -2.138571 0.019061 -0.231172
 11 1.364904 0.231178 -1.984411 2.310809 0.500598 0.873954
 12 1.748536 -0.000002 0.000000 0.000000 -0.000000 0.567170
 13 1.272494 0.000001 -0.000001 0.000000 -0.000000 0.462442
 14 4.525584 -0.000304 -1.850224 0.079944 0.053288 1.005563
 15 1.719872 -0.000002 0.000000 0.000000 -0.000000 0.933623
 16 1.383647 0.000002 0.000000 0.000000 -0.000000 0.741644
 17 4.525584 -0.000102 -0.616741 0.043017 0.029897 1.004047
 18 1.807673 0.000001 -0.000001 0.000000 -0.000000 0.881257
 19 1.614255 0.000001 0.000001 0.000000 -0.000000 0.741755
 20 4.525584 0.000101 0.616741 0.028355 0.020521 1.003703
 21 1.719869 0.000000 -0.000001 0.000000 -0.000000 0.680519
 22 1.383649 -0.000001 0.000000 0.000000 -0.000000 0.741644
 23 4.525584 0.000303 1.850224 -0.030467 -0.017054 1.003724
 24 1.433227 -0.000002 0.000000 0.000000 -0.000000 0.680554
 25 1.153039 0.000000 0.000000 0.000000 -0.000000 0.741639
 26 0.000005 0.001585 -3.638375 -0.000010 1.440546 3.140787
 27 8.842831 0.000000 0.000001 -0.112654 -1.213098 0.230581
 28 9.341937 0.000000 -0.000001 0.000000 -0.000000 -2.293220
 29 10.945741 -0.000001 0.000001 1.878762 0.351593 -0.288271
 30 1.364904 0.231177 1.984410 -3.139615 0.004157 1.002253
 31 1.748536 -0.000002 0.000001 0.000000 -0.000000 0.436276
 32 1.272493 0.000001 0.000002 0.000000 -0.000000 0.322849
 33 4.525584 -0.000303 1.850224 -0.016317 -0.094622 0.192575
 34 1.719873 0.000001 0.000000 0.000000 -0.000000 0.034907
 35 1.383647 0.000000 -0.000001 0.000000 -0.000000 0.689317
 36 4.525584 -0.000101 0.616741 -0.040896 -0.032761 0.934240
 37 1.807674 -0.000001 0.000000 0.000000 -0.000000 0.907547
 38 1.614256 -0.000001 0.000000 0.000000 -0.000000 1.151884
 39 4.525584 0.000101 -0.616741 -0.026857 -0.022390 0.933908
 40 1.719871 -0.000002 0.000000 0.000000 -0.000000 0.907547
 41 1.383648 0.000001 0.000000 0.000000 -0.000000 1.151884
 42 4.525584 0.000304 -1.850223 0.029257 0.019200 0.933920
 43 1.433227 0.000002 0.000000 0.000000 -0.000000 0.907405
 44 1.153038 0.000000 0.000000 0.000000 -0.000000 1.151837
 45 -0.000008 0.000010 5.615750 -3.132292 -0.027418 2.751575
 46 15.693467 0.000000 0.000000 0.000000 -0.000000 -0.582861
 47 22.146629 -0.000001 0.000000 0.011066 -0.029149 0.230950
 48 3.310129 5.734394 0.000000 0.000000 -0.000000 1.570796
 49 0.000008 -0.000006 -5.615750 -3.132292 -0.027417 2.754548
 50 15.693467 0.000000 0.000000 0.000000 -0.000000 -0.583266
 51 22.146629 0.000000 0.000000 0.010887 -0.029254 0.234296
 52 3.310129 5.734394 0.000000 0.000000 -0.000000 1.570796
 53 1.977383 0.000000 0.000000 -0.154411 -0.038081 -0.183330
 54 3.723980 2.768054 -0.049087 -3.141592 -0.000002 1.570799
 55 11.781867 -0.001184 -0.000003 0.000000 -0.000000 0.000000
 56 -3.887187 4.546144 1.934869 -3.141591 -1.570796 0.000000
 57 -4.205003 4.546216 -0.015855 -3.141591 -1.570796 0.000000
 58 -3.887188 4.546179 -1.987145 -3.141591 -1.570796 0.000000
 59 -4.881806 5.593821 -1.566820 1.461866 -1.147225 1.668942
 60 -4.886902 5.683144 -0.007570 -3.132865 -1.570796 0.000000
 61 -4.881796 5.609550 1.546659 1.461866 -1.147225 1.668942
 62 3.710047 1.760547 -0.059361 -0.091858 -0.075851 1.616828
time 26
  0 -0.834877 0.834877 29.689028 0.000000 0.039524 -1.560442
  1 -2.436255 0.000001 9.745319 -1.570795 -1.570451 0.000000
  2 1.384163 -0.004728 0.000002 -0.000004 -0.000001 0.155112
  3 5.939814 -0.004730 0.000000 0.000000 -0.000000 0.069738
  4 5.939809 -0.003975 0.000000 0.000000 -0.000000 0.000000
  5 4.991439 -0.003975 0.000000 0.000000 -0.000000 0.000000
  6 4.991436 -0.001575 0.000000 0.000000 -0.000000 0.000000
  7 0.000005 0.001564 3.638375 -0.000010 -1.358542 3.140806
  8 8.842831 0.000000 -0.000002 1.059835 0.729602 0.847603
  9 9.341934 0.000000 -0.000001 0.000000 -0.000000 -1.089489
 10 11.168404 -0.000001 0.000002 -2.138571 0.019061 -0.231172
 11 1.364904 0.231178 -1.984411 2.310809 0.500598 0.873954
 12 1.748536 -0.000002 0.000000 0.000000 -0.000000 0.567170
 13 1.272494 0.000001 -0.000001 0.000000 -0.000000 0.462442
 14 4.525584 -0.000304 -1.850224 0.079944 0.053288 1.005563
 15 1.719872 -0.000002 0.000000 0.000000 -0.000000 0.933623
 16 1.383647 0.000002 0.000000 0.000000 -0.000000 0.741644
 17 4.525584 -0.000102 -0.616741 0.043017 0.029897 1.004047
 18 1.807673 0.000001 -0.000001 0.000000 -0.000000 0.881257
 19 1.614255 0.000001 0.000001 0.000000 -0.000000 0.741755
 20 4.525584 0.000101 0.616741 0.028355 0.020521 1.003703
 21 1.719869 0.000000 -0.000001 0.000000 -0.000000 0.680519
 22 1.383649 -0.000001 0.000000 0.000000 -0.000000 0.741644
 23 4.525584 0.000303 1.850224 -0.030467 -0.017054 1.003724
 24 1.433227 -0.000002 0.000000 0.000000 -0.000000 0.680554
 25 1.153039 0.000000 0.000000 0.000000 -0.000000 0.741639
 26 0.000005 0.001585 -3.638375 -0.000010 1.445574 3.140787
 27 8.842831 0.000000 0.000001 -0.129253 -1.217279 0.247446
 28 9.341937 0.000000 -0.000001 0.000000 -0.000000 -2.293220
 29 10.945741 -0.000001 0.000001 1.872797 0.353827 -0.288365
 30 1.364904 0.231177 1.984410 -3.139615 0.004157 1.002253
 31 1.748536 -0.000002 0.000001 0.000000 -0.000000 0.436276
 32 1.272493 0.000001 0.000002 0.000000 -0.000000 0.322849
 33 4.525584 -0.000303 1.850224 -0.016317 -0.094622 0.192575
 34 1.719873 0.000001 0.000000 0.000000 -0.000000 0.034907
 35 1.383647 0.000000 -0.000001 0.000000 -0.000000 0.689317
 36 4.525584 -0.000101 0.616741 -0.040896 -0.032761 0.934240
 37 1.807674 -0.000001 0.000000 0.000000 -0.000000 0.907547
 38 1.614256 -0.000001 0.000000 0.000000 -0.000000 1.151884
 39 4.525584 0.000101 -0.616741 -0.026857 -0.022390 0.933908
 40 1.719871 -0.000002 0.000000 0.000000 -0.000000 0.907547
 41 1.383648 0.000001 0.000000 0.000000 -0.000000 1.151884
 42 4.525584 0.000304 -1.850223 0.029257 0.019200 0.933920
 43 1.433227 0.000002 0.000000 0.000000 -0.000000 0.907405
 44 1.153038 0.000000 0.000000 0.000000 -0.000000 1.151837
 45 -0.000008 0.000010 5.615750 -3.131717 -0.028664 2.750808
 46 15.693467 0.000000 0.000000 0.000000 -0.000000 -0.582647
 47 22.146629 -0.000001 0.000000 0.011140 -0.030412 0.231641
 48 3.310129 5.734394 0.000000 0.000000 -0.000000 1.570796
 49 0.000008 -0.000006 -5.615750 -3.132101 -0.028567 2.753877
 50 15.693467 0.000000 0.000000 0.000000 -0.000000 -0.583095
 51 22.146629 0.000000 0.000000 0.011000 -0.030451 0.235107
 52 3.310129 5.734394 0.000000 0.000000 -0.000000 1.570796
 53 1.977383 0.000000 0.000000 -0.157688 -0.039443 -0.181740
 54 3.723980 2.768054 -0.049087 -3.141592 -0.000002 1.570799
 55 11.781867 -0.001184 -0.000003 0.000000 -0.000000 0.000000
 56 -3.887187 4.546144 1.934869 -3.141591 -1.570796 0.000000
 57 -4.205003 4.546216 -0.015855 -3.141591 -1.570796 0.000000
 58 -3.887188 4.546179 -1.987145 -3.141591 -1.570796 0.000000
 59 -4.881806 5.593821 -1.566820 1.461866 -1.147225 1.668942
 60 -4.886902 5.683144 -0.007570 -3.132865 -1.570796 0.000000
 61 -4.881796 5.609550 1.546659 1.461866 -1.147225 1.668942
 62 3.710047 1.760547 -0.059361 -0.091858 -0.075851 1.616828
time 27
  0 -0.880091 0.880091 29.689028 0.000000 0.041151 -1.560346
  1 -2.412817 0.000001 9.745319 -1.570795 -1.570451 0.000000
  2 1.384163 -0.004728 0.000002 -0.000004 -0.000001 0.153622
  3 5.939814 -0.004730 0.000000 0.000000 -0.000000 0.069738
  4 5.939809 -0.003975 0.000000 0.000000 -0.000000 0.000000
  5 4.991439 -0.003975 0.000000 0.000000 -0.000000 0.000000
  6 4.991436 -0.001575 0.000000 0.000000 -0.000000 0.000000
  7 0.000005 0.001564 3.638375 -0.000010 -1.361444 3.140806
  8 8.842831 0.000000 -0.000002 1.063950 0.730588 0.850722
  9 9.341934 0.000000 -0.000001 0.000000 -0.000000 -1.089489
 10 11.168404 -0.000001 0.000002 -2.138571 0.019061 -0.231172
 11 1.364904 0.231178 -1.984411 2.310809 0.500598 0.873954
 12 1.748536 -0.000002 0.000000 0.000000 -0.000000 0.567170
 13 1.272494 0.000001 -0.000001 0.000000 -0.000000 0.462442
 14 4.525584 -0.000304 -1.850224 0.079944 0.053288 1.005563
 15 1.719872 -0.000002 0.000000 0.000000 -0.000000 0.933623
 16 1.383647 0.000002 0.000000 0.000000 -0.000000 0.741644
 17 4.525584 -0.000102 -0.616741 0.043017 0.029897 1.004047
 18 1.807673 0.000001 -0.000001 0.000000 -0.000000 0.881257
 19 1.614255 0.000001 0.000001 0.000000 -0.000000 0.741755
 20 4.525584 0.000101 0.616741 0.028355 0.020521 1.003703
 21 1.719869 0.000000 -0.000001 0.000000 -0.000000 0.680519
 22 1.383649 -0.000001 0.000000 0.000000 -0.000000 0.741644
 23 4.525584 0.000303 1.850224 -0.030467 -0.017054 1.003724
 24 1.433227 -0.000002 0.000000 0.000000 -0.000000 0.680554
 25 1.153039 0.000000 0.000000 0.000000 -0.000000 0.741639
 26 0.000005 0.001585 -3.638375 -0.000010 1.450512 3.140787
 27 8.842831 0.000000 0.000001 -0.144944 -1.221210 0.263548
 28 9.341937 0.000000 -0.000001 0.000000 -0.000000 -2.293220
 29 10.945741 -0.000001 0.000001 1.867298 0.356061 -0.288083
 30 1.364904 0.231177 1.984410 -3.139615 0.004157 1.002253
 31 1.748536 -0.000002 0.000001 0.000000 -0.000000 0.436276
 32 1.272493 0.000001 0.000002 0.000000 -0.000000 0.322849
 33 4.525584 -0.000303 1.850224 -0.016317 -0.094622 0.192575
 34 1.719873 0.000001 0.000000 0.000000 -0.000000 0.034907
 35 1.383647 0.000000 -0.000001 0.000000 -0.000000 0.689317
 36 4.525584 -0.000101 0.616741 -0.040896 -0.032761 0.934240
 37 1.807674 -0.000001 0.000000 0.000000 -0.000000 0.907547
 38 1.614256 -0.000001 0.000000 0.000000 -0.000000 1.151884
 39 4.525584 0.000101 -0.616741 -0.026857 -0.022390 0.933908
 40 1.719871 -0.000002 0.000000 0.000000 -0.000000 0.907547
 41 1.383648 0.000001 0.000000 0.000000 -0.000000 1.151884
 42 4.525584 0.000304 -1.850223 0.029257 0.019200 0.933920
 43 1.433227 0.000002 0.000000 0.000000 -0.000000 0.907405
 44 1.153038 0.000000 0.000000 0.000000 -0.000000 1.151837
 45 -0.000008 0.000010 5.615750 -3.131429 -0.029719 2.750137
 46 15.693467 0.000000 0.000000 0.000000 -0.000000 -0.582363
 47 22.146629 -0.000001 0.000000 0.011215 -0.031675 0.232331
 48 3.310129 5.734394 0.000000 0.000000 -0.000000 1.570796
 49 0.000008 -0.000006 -5.615750 -3.131429 -0.029718 2.753206
 50 15.693467 0.000000 0.000000 0.000000 -0.000000 -0.582753
 51 22.146629 0.000000 0.000000 0.011000 -0.031679 0.235738
 52 3.310129 5.734394 0.000000 0.000000 -0.000000 1.570796
 53 1.977383 0.000000 0.000000 -0.160490 -0.040829 -0.180249
 54 3.723980 2.768054 -0.049087 -3.141592 -0.000002 1.570799
 55 11.781867 -0.001184 -0.000003 0.000000 -0.000000 0.000000
 56 -3.887187 4.546144 1.934869 -3.141591 -1.570796 0.000000
 57 -4.205003 4.546216 -0.015855 -3.141591 -1.570796 0.000000
 58 -3.887188 4.546179 -1.987145 -3.141591 -1.570796 0.000000
 59 -4.881806 5.593821 -1.566820 1.461866 -1.147225 1.668942
 60 -4.886902 5.683144 -0.007570 -3.132865 -1.570796 0.000000
 61 -4.881796 5.609550 1.546659 1.461866 -1.147225 1.668942
 62 3.710047 1.760547 -0.059361 -0.091858 -0.075851 1.616828
time 28
  0 -0.917769 0.917769 29.689028 0.000000 0.042874 -1.560346
  1 -2.405005 0.000001 9.745319 -1.570795 -1.570451 0.000000
  2 1.384163 -0.004728 0.000002 -0.000004 -0.000001 0.152179
  3 5.939814 -0.004730 0.000000 0.000000 -0.000000 0.069738
  4 5.939809 -0.003975 0.000000 0.000000 -0.000000 0.000000
  5 4.991439 -0.003975 0.000000 0.000000 -0.000000 0.000000
  6 4.991436 -0.001575 0.000000 0.000000 -0.000000 0.000000
  7 0.000005 0.001564 3.638375 -0.000010 -1.364310 3.140806
  8 8.842831 0.000000 -0.000002 1.068248 0.731305 0.853676
  9 9.341934 0.000000 -0.000001 0.000000 -0.000000 -1.089489
 10 11.168404 -0.000001 0.000002 -2.138571 0.019061 -0.231172
 11 1.364904 0.231178 -1.984411 2.310809 0.500598 0.873954
 12 1.748536 -0.000002 0.000000 0.000000 -0.000000 0.567170
 13 1.272494 0.000001 -0.000001 0.000000 -0.000000 0.462442
 14 4.525584 -0.000304 -1.850224 0.079944 0.053288 1.005563
 15 1.719872 -0.000002 0.000000 0.000000 -0.000000 0.933623
 16 1.383647 0.000002 0.000000 0.000000 -0.000000 0.741644
 17 4.525584 -0.000102 -0.616741 0.043017 0.029897 1.004047
 18 1.807673 0.000001 -0.000001 0.000000 -0.000000 0.881257
 19 1.614255 0.000001 0.000001 0.000000 -0.000000 0.741755
 20 4.525584 0.000101 0.616741 0.028355 0.020521 1.003703
 21 1.719869 0.000000 -0.000001 0.000000 -0.000000 0.680519
 22 1.383649 -0.000001 0.000000 0.000000 -0.000000 0.741644
 23 4.525584 0.000303 1.850224 -0.030467 -0.017054 1.003724
 24 1.433227 -0.000002 0.000000 0.000000 -0.000000 0.680554
 25 1.153039 0.000000 0.000000 0.000000 -0.000000 0.741639
 26 0.000005 0.001585 -3.638375 -0.000010 1.455449 3.140787
 27 8.842831 0.000000 0.000001 -0.160183 -1.225140 0.278984
 28 9.341937 0.000000 -0.000001 0.000000 -0.000000 -2.293220
 29 10.945741 -0.000001 0.000001 1.861706 0.358294 -0.287237
 30 1.364904 0.231177 1.984410 -3.139615 0.004157 1.002253
 31 1.748536 -0.000002 0.000001 0.000000 -0.000000 0.436276
 32 1.272493 0.000001 0.000002 0.000000 -0.000000 0.322849
 33 4.525584 -0.000303 1.850224 -0.016317 -0.094622 0.192575
 34 1.719873 0.000001 0.000000 0.000000 -0.000000 0.034907
 35 1.383647 0.000000 -0.000001 0.000000 -0.000000 0.689317
 36 4.525584 -0.000101 0.616741 -0.040896 -0.032761 0.934240
 37 1.807674 -0.000001 0.000000 0.000000 -0.000000 0.907547
 38 1.614256 -0.000001 0.000000 0.000000 -0.000000 1.151884
 39 4.525584 0.000101 -0.616741 -0.026857 -0.022390 0.933908
 40 1.719871 -0.000002 0.000000 0.000000 -0.000000 0.907547
 41 1.383648 0.000001 0.000000 0.000000 -0.000000 1.151884
 42 4.525584 0.000304 -1.850223 0.029257 0.019200 0.933920
 43 1.433227 0.000002 0.000000 0.000000 -0.000000 0.907405
 44 1.153038 0.000000 0.000000 0.000000 -0.000000 1.151837
 45 -0.000008 0.000010 5.615750 -3.130950 -0.031061 2.749466
 46 15.693467 0.000000 0.000000 0.000000 -0.000000 -0.582078
 47 22.146629 -0.000001 0.000000 0.011252 -0.032938 0.233071
 48 3.310129 5.734394 0.000000 0.000000 -0.000000 1.570796
 49 0.000008 -0.000006 -5.615750 -3.130950 -0.030964 2.752534
 50 15.693467 0.000000 0.000000 0.000000 -0.000000 -0.582497
 51 22.146629 0.000000 0.000000 0.011113 -0.032999 0.236459
 52 3.310129 5.734394 0.000000 0.000000 -0.000000 1.570796
 53 1.977383 0.000000 0.000000 -0.162604 -0.042145 -0.178609
 54 3.723980 2.768054 -0.049087 -3.141592 -0.000002 1.570799
 55 11.781867 -0.001184 -0.000003 0.000000 -0.000000 0.000000
 56 -3.887187 4.546144 1.934869 -3.141591 -1.570796 0.000000
 57 -4.205003 4.546216 -0.015855 -3.141591 -1.570796 0.000000
 58 -3.887188 4.546179 -1.987145 -3.141591 -1.570796 0.000000
 59 -4.881806 5.593821 -1.566820 1.461866 -1.147225 1.668942
 60 -4.886902 5.683144 -0.007570 -3.132865 -1.570796 0.000000
 61 -4.881796 5.609550 1.546659 1.461866 -1.147225 1.668942
 62 3.710047 1.760547 -0.059361 -0.091858 -0.075851 1.616828
time 29
  0 -0.970518 0.970519 29.689028 0.000000 0.044597 -1.560346
  1 -2.393286 0.000001 9.745319 -1.570795 -1.570451 0.000000
  2 1.384163 -0.004728 0.000002 -0.000004 -0.000001 0.150736
  3 5.939814 -0.004730 0.000000 0.000000 -0.000000 0.069738
  4 5.939809 -0.003975 0.000000 0.000000 -0.000000 0.000000
  5 4.991439 -0.003975 0.000000 0.000000 -0.000000 0.000000
  6 4.991436 -0.001575 0.000000 0.000000 -0.000000 0.000000
  7 0.000005 0.001564 3.638375 -0.000010 -1.367212 3.140806
  8 8.842831 0.000000 -0.000002 1.072363 0.732022 0.856877
  9 9.341934 0.000000 -0.000001 0.000000 -0.000000 -1.089489
 10 11.168404 -0.000001 0.000002 -2.138571 0.019061 -0.231172
 11 1.364904 0.231178 -1.984411 2.310809 0.500598 0.873954
 12 1.748536 -0.000002 0.000000 0.000000 -0.000000 0.567170
 13 1.272494 0.000001 -0.000001 0.000000 -0.000000 0.462442
 14 4.525584 -0.000304 -1.850224 0.079944 0.053288 1.005563
 15 1.719872 -0.000002 0.000000 0.000000 -0.000000 0.933623
 16 1.383647 0.000002 0.000000 0.000000 -0.000000 0.741644
 17 4.525584 -0.000102 -0.616741 0.043017 0.029897 1.004047
 18 1.807673 0.000001 -0.000001 0.000000 -0.000000 0.881257
 19 1.614255 0.000001 0.000001 0.000000 -0.000000 0.741755
 20 4.525584 0.000101 0.616741 0.028355 0.020521 1.003703
 21 1.719869 0.000000 -0.000001 0.000000 -0.000000 0.680519
 22 1.383649 -0.000001 0.000000 0.000000 -0.000000 0.741644
 23 4.525584 0.000303 1.850224 -0.030467 -0.017054 1.003724
 24 1.433227 -0.000002 0.000000 0.000000 -0.000000 0.680554
 25 1.153039 0.000000 0.000000 0.000000 -0.000000 0.741639
 26 0.000005 0.001585 -3.638375 -0.000010 1.460158 3.140787
 27 8.842831 0.000000 0.000001 -0.174605 -1.228903 0.293467
 28 9.341937 0.000000 -0.000001 0.000000 -0.000000 -2.293220
 29 10.945741 -0.000001 0.000001 1.855834 0.360528 -0.285921
 30 1.364904 0.231177 1.984410 -3.139615 0.004157 1.002253
 31 1.748536 -0.000002 0.000001 0.000000 -0.000000 0.436276
 32 1.272493 0.000001 0.000002 0.000000 -0.000000 0.322849
 33 4.525584 -0.000303 1.850224 -0.016317 -0.094622 0.192575
 34 1.719873 0.000001 0.000000 0.000000 -0.000000 0.034907
 35 1.383647 0.000000 -0.000001 0.000000 -0.000000 0.689317
 36 4.525584 -0.000101 0.616741 -0.040896 -0.032761 0.934240
 37 1.807674 -0.000001 0.000000 0.000000 -0.000000 0.907547
 38 1.614256 -0.000001 0.000000 0.000000 -0.000000 1.151884
 39 4.525584 0.000101 -0.616741 -0.026857 -0.022390 0.933908
 40 1.719871 -0.000002 0.000000 0.000000 -0.000000 0.907547
 41 1.383648 0.000001 0.000000 0.000000 -0.000000 1.151884
 42 4.525584 0.000304 -1.850223 0.029257 0.019200 0.933920
 43 1.433227 0.000002 0.000000 0.000000 -0.000000 0.907405
 44 1.153038 0.000000 0.000000 0.000000 -0.000000 1.151837
 45 -0.000008 0.000010 5.615750 -3.130662 -0.032115 2.748795
 46 15.693467 0.000000 0.000000 0.000000 -0.000000 -0.582007
 47 22.146629 -0.000001 0.000000 0.011290 -0.034300 0.233713
 48 3.310129 5.734394 0.000000 0.000000 -0.000000 1.570796
 49 0.000008 -0.000006 -5.615750 -3.130662 -0.032115 2.751863
 50 15.693467 0.000000 0.000000 0.000000 -0.000000 -0.582240
 51 22.146629 0.000000 0.000000 0.011113 -0.034288 0.237181
 52 3.310129 5.734394 0.000000 0.000000 -0.000000 1.570796
 53 1.977383 0.000000 0.000000 -0.164243 -0.043415 -0.177118
 54 3.723980 2.768054 -0.049087 -3.141592 -0.000002 1.570799
 55 11.781867 -0.001184 -0.000003 0.000000 -0.000000 0.000000
 56 -3.887187 4.546144 1.934869 -3.141591 -1.570796 0.000000
 57 -4.205003 4.546216 -0.015855 -3.141591 -1.570796 0.000000
 58 -3.887188 4.546179 -1.987145 -3.141591 -1.570796 0.000000
 59 -4.881806 5.593821 -1.566820 1.461866 -1.147225 1.668942
 60 -4.886902 5.683144 -0.007570 -3.132865 -1.570796 0.000000
 61 -4.881796 5.609550 1.546659 1.461866 -1.147225 1.668942
 62 3.710047 1.760547 -0.059361 -0.091858 -0.075851 1.616828
time 30
  0 -1.015732 1.015732 29.689028 0.000096 0.046128 -1.560346
  1 -2.373754 0.000001 9.745319 -1.570795 -1.570451 0.000000
  2 1.384163 -0.004728 0.000002 -0.000004 -0.000001 0.149293
  3 5.939814 -0.004730 0.000000 0.000000 -0.000000 0.069738
  4 5.939809 -0.003975 0.000000 0.000000 -0.000000 0.000000
  5 4.991439 -0.003975 0.000000 0.000000 -0.000000 0.000000
  6 4.991436 -0.001575 0.000000 0.000000 -0.000000 0.000000
  7 0.000005 0.001564 3.638375 -0.000010 -1.370078 3.140806
  8 8.842831 0.000000 -0.000002 1.076661 0.732918 0.860078
  9 9.341934 0.000000 -0.000001 0.000000 -0.000000 -1.089489
 10 11.168404 -0.000001 0.000002 -2.138571 0.019061 -0.231172
 11 1.364904 0.231178 -1.984411 2.310809 0.500598 0.873954
 12 1.748536 -0.000002 0.000000 0.000000 -0.000000 0.567170
 13 1.272494 0.000001 -0.000001 0.000000 -0.000000 0.462442
 14 4.525584 -0.000304 -1.850224 0.079944 0.053288 1.005563
 15 1.719872 -0.000002 0.000000 0.000000 -0.000000 0.933623
 16 1.383647 0.000002 0.000000 0.000000 -0.000000 0.741644
 17 4.525584 -0.000102 -0.616741 0.043017 0.029897 1.004047
 18 1.807673 0.000001 -0.000001 0.000000 -0.000000 0.881257
 19 1.614255 0.000001 0.000001 0.000000 -0.000000 0.741755
 20 4.525584 0.000101 0.616741 0.028355 0.020521 1.003703
 21 1.719869 0.000000 -0.000001 0.000000 -0.000000 0.680519
 22 1.383649 -0.000001 0.000000 0.000000 -0.000000 0.741644
 23 4.525584 0.000303 1.850224 -0.030467 -0.017054 1.003724
 24 1.433227 -0.000002 0.000000 0.000000 -0.000000 0.680554
 25 1.153039 0.000000 0.000000 0.000000 -0.000000 0.741639
 26 0.000005 0.001585 -3.638375 -0.000010 1.464821 3.140787
 27 8.842831 0.000000 0.000001 -0.188029 -1.232583 0.306711
 28 9.341937 0.000000 -0.000001 0.000000 -0.000000 -2.293220
 29 10.945741 -0.000001 0.000001 1.850335 0.362762 -0.284511
 30 1.364904 0.231177 1.984410 -3.139615 0.004157 1.002253
 31 1.748536 -0.000002 0.000001 0.000000 -0.000000 0.436276
 32 1.272493 0.000001 0.000002 0.000000 -0.000000 0.322849
 33 4.525584 -0.000303 1.850224 -0.016317 -0.094622 0.192575
 34 1.719873 0.000001 0.000000 0.000000 -0.000000 0.034907
 35 1.383647 0.000000 -0.000001 0.000000 -0.000000 0.689317
 36 4.525584 -0.000101 0.616741 -0.040896 -0.032761 0.934240
 37 1.807674 -0.000001 0.000000 0.000000 -0.000000 0.907547
 38 1.614256 -0.000001 0.000000 0.000000 -0.000000 1.151884
 39 4.525584 0.000101 -0.616741 -0.026857 -0.022390 0.933908
 40 1.719871 -0.000002 0.000000 0.000000 -0.000000 0.907547
 41 1.383648 0.000001 0.000000 0.000000 -0.000000 1.151884
 42 4.525584 0.000304 -1.850223 0.029257 0.019200 0.933920
 43 1.433227 0.000002 0.000000 0.000000 -0.000000 0.907405
 44 1.153038 0.000000 0.000000 0.000000 -0.000000 1.151837
 45 -0.000008 0.000010 5.615750 -3.130087 -0.033458 2.748028
 46 15.693467 0.000000 0.000000 0.000000 -0.000000 -0.581580
 47 22.146629 -0.000001 0.000000 0.011365 -0.035563 0.234453
 48 3.310129 5.734394 0.000000 0.000000 -0.000000 1.570796
 49 0.000008 -0.000006 -5.615750 -3.130087 -0.033361 2.751192
 50 15.693467 0.000000 0.000000 0.000000 -0.000000 -0.581898
 51 22.146629 0.000000 0.000000 0.011169 -0.035546 0.237721
 52 3.310129 5.734394 0.000000 0.000000 -0.000000 1.570796
 53 1.977383 0.000000 0.000000 -0.165248 -0.044686 -0.175528
 54 3.723980 2.768054 -0.049087 -3.141592 -0.000002 1.570799
 55 11.781867 -0.001184 -0.000003 0.000000 -0.000000 0.000000
 56 -3.887187 4.546144 1.934869 -3.141591 -1.570796 0.000000
 57 -4.205003 4.546216 -0.015855 -3.141591 -1.570796 0.000000
 58 -3.887188 4.546179 -1.987145 -3.141591 -1.570796 0.000000
 59 -4.881806 5.593821 -1.566820 1.461866 -1.147225 1.668942
 60 -4.886902 5.683144 -0.007570 -3.132865 -1.570796 0.000000
 61 -4.881796 5.609550 1.546659 1.461866 -1.147225 1.668942
 62 3.710047 1.760547 -0.059361 -0.091858 -0.075851 1.616828
time 31
  0 -1.068482 1.068482 29.689028 0.000096 0.047755 -1.560251
  1 -2.362035 0.000001 9.745319 -1.570795 -1.570451 0.000000
  2 1.384163 -0.004728 0.000002 -0.000004 -0.000001 0.147850
  3 5.939814 -0.004730 0.000000 0.000000 -0.000000 0.069738
  4 5.939809 -0.003975 0.000000 0.000000 -0.000000 0.000000
  5 4.991439 -0.003975 0.000000 0.000000 -0.000000 0.000000
  6 4.991436 -0.001575 0.000000 0.000000 -0.000000 0.000000
  7 0.000005 0.001564 3.638375 -0.000010 -1.373017 3.140806
  8 8.842831 0.000000 -0.000002 1.080867 0.733725 0.863032
  9 9.341934 0.000000 -0.000001 0.000000 -0.000000 -1.089489
 10 11.168404 -0.000001 0.000002 -2.138571 0.019061 -0.231172
 11 1.364904 0.231178 -1.984411 2.310809 0.500598 0.873954
 12 1.748536 -0.000002 0.000000 0.000000 -0.000000 0.567170
 13 1.272494 0.000001 -0.000001 0.000000 -0.000000 0.462442
 14 4.525584 -0.000304 -1.850224 0.079944 0.053288 1.005563
 15 1.719872 -0.000002 0.000000 0.000000 -0.000000 0.933623
 16 1.383647 0.000002 0.000000 0.000000 -0.000000 0.741644
 17 4.525584 -0.000102 -0.616741 0.043017 0.029897 1.004047
 18 1.807673 0.000001 -0.000001 0.000000 -0.000000 0.881257
 19 1.614255 0.000001 0.000001 0.000000 -0.000000 0.741755
 20 4.525584 0.000101 0.616741 0.028355 0.020521 1.003703
 21 1.719869 0.000000 -0.000001 0.000000 -0.000000 0.680519
 22 1.383649 -0.000001 0.000000 0.000000 -0.000000 0.741644
 23 4.525584 0.000303 1.850224 -0.030467 -0.017054 1.003724
 24 1.433227 -0.000002 0.000000 0.000000 -0.000000 0.680554
 25 1.153039 0.000000 0.000000 0.000000 -0.000000 0.741639
 26 0.000005 0.001585 -3.638375 -0.000010 1.469346 3.140787
 27 8.842831 0.000000 0.000001 -0.200364 -1.236179 0.319193
 28 9.341937 0.000000 -0.000001 0.000000 -0.000000 -2.293220
 29 10.945741 -0.000001 0.000001 1.856673 0.360570 -0.282067
 30 1.364904 0.231177 1.984410 -3.139615 0.004157 1.002253
 31 1.748536 -0.000002 0.000001 0.000000 -0.000000 0.436276
 32 1.272493 0.000001 0.000002 0.000000 -0.000000 0.322849
 33 4.525584 -0.000303 1.850224 -0.016317 -0.094622 0.192575
 34 1.719873 0.000001 0.000000 0.000000 -0.000000 0.034907
 35 1.383647 0.000000 -0.000001 0.000000 -0.000000 0.689317
 36 4.525584 -0.000101 0.616741 -0.040896 -0.032761 0.934240
 37 1.807674 -0.000001 0.000000 0.000000 -0.000000 0.907547
 38 1.614256 -0.000001 0.000000 0.000000 -0.000000 1.151884
 39 4.525584 0.000101 -0.616741 -0.026857 -0.022390 0.933908
 40 1.719871 -0.000002 0.000000 0.000000 -0.000000 0.907547
 41 1.383648 0.000001 0.000000 0.000000 -0.000000 1.151884
 42 4.525584 0.000304 -1.850223 0.029257 0.019200 0.933920
 43 1.433227 0.000002 0.000000 0.000000 -0.000000 0.907405
 44 1.153038 0.000000 0.000000 0.000000 -0.000000 1.151837
 45 -0.000008 0.000010 5.615750 -3.129895 -0.034704 2.747453
 46 15.693467 0.000000 0.000000 0.000000 -0.000000 -0.581296
 47 22.146629 -0.000001 0.000000 0.011439 -0.036950 0.235094
 48 3.310129 5.734394 0.000000 0.000000 -0.000000 1.570796
 49 0.000008 -0.000006 -5.615750 -3.129895 -0.034607 2.750521
 50 15.693467 0.000000 0.000000 0.000000 -0.000000 -0.581556
 51 22.146629 0.000000 0.000000 0.011282 -0.036928 0.238442
 52 3.310129 5.734394 0.000000 0.000000 -0.000000 1.570796
 53 1.977383 0.000000 0.000000 -0.165618 -0.045933 -0.174037
 54 3.723980 2.768054 -0.049087 -3.141592 -0.000002 1.570799
 55 11.781867 -0.001184 -0.000003 0.000000 -0.000000 0.000000
 56 -3.887187 4.546144 1.934869 -3.141591 -1.570796 0.000000
 57 -4.205003 4.546216 -0.015855 -3.141591 -1.570796 0.000000
 58 -3.887188 4.546179 -1.987145 -3.141591 -1.570796 0.000000
 59 -4.881806 5.593821 -1.566820 1.461866 -1.147225 1.668942
 60 -4.886902 5.683144 -0.007570 -3.132865 -1.570796 0.000000
 61 -4.881796 5.609550 1.546659 1.461866 -1.147225 1.668942
 62 3.710047 1.760547 -0.059361 -0.091858 -0.075851 1.616828
time 32
  0 -1.113696 1.113696 29.689028 0.000096 0.049382 -1.560155
  1 -2.350315 0.000001 9.745319 -1.570795 -1.570451 0.000000
  2 1.384163 -0.004728 0.000002 -0.000004 -0.000001 0.146360
  3 5.939814 -0.004730 0.000000 0.000000 -0.000000 0.069738
  4 5.939809 -0.003975 0.000000 0.000000 -0.000000 0.000000
  5 4.991439 -0.003975 0.000000 0.000000 -0.000000 0.000000
  6 4.991436 -0.001575 0.000000 0.000000 -0.000000 0.000000
  7 0.000005 0.001564 3.638375 -0.000010 -1.376028 3.140806
  8 8.842831 0.000000 -0.000002 1.085165 0.734621 0.866315
  9 9.341934 0.000000 -0.000001 0.000000 -0.000000 -1.089489
 10 11.168404 -0.000001 0.000002 -2.138571 0.019061 -0.231172
 11 1.364904 0.231178 -1.984411 2.310809 0.500598 0.873954
 12 1.748536 -0.000002 0.000000 0.000000 -0.000000 0.567170
 13 1.272494 0.000001 -0.000001 0.000000 -0.000000 0.462442
 14 4.525584 -0.000304 -1.850224 0.079944 0.053288 1.005563
 15 1.719872 -0.000002 0.000000 0.000000 -0.000000 0.933623
 16 1.383647 0.000002 0.000000 0.000000 -0.000000 0.741644
 17 4.525584 -0.000102 -0.616741 0.043017 0.029897 1.004047
 18 1.807673 0.000001 -0.000001 0.000000 -0.000000 0.881257
 19 1.614255 0.000001 0.000001 0.000000 -0.000000 0.741755
 20 4.525584 0.000101 0.616741 0.028355 0.020521 1.003703
 21 1.719869 0.000000 -0.000001 0.000000 -0.000000 0.680519
 22 1.383649 -0.000001 0.000000 0.000000 -0.000000 0.741644
 23 4.525584 0.000303 1.850224 -0.030467 -0.017054 1.003724
 24 1.433227 -0.000002 0.000000 0.000000 -0.000000 0.680554
 25 1.153039 0.000000 0.000000 0.000000 -0.000000 0.741639
 26 0.000005 0.001585 -3.638375 -0.000010 1.473507 3.140787
 27 8.842831 0.000000 0.000001 -0.207711 -1.239774 0.326148
 28 9.341937 0.000000 -0.000001 0.000000 -0.000000 -2.293220
 29 10.945741 -0.000001 0.000001 1.866366 0.358336 -0.276238
 30 1.364904 0.231177 1.984410 -3.139615 0.004157 1.002253
 31 1.748536 -0.000002 0.000001 0.000000 -0.000000 0.436276
 32 1.272493 0.000001 0.000002 0.000000 -0.000000 0.322849
 33 4.525584 -0.000303 1.850224 -0.016317 -0.094622 0.192575
 34 1.719873 0.000001 0.000000 0.000000 -0.000000 0.034907
 35 1.383647 0.000000 -0.000001 0.000000 -0.000000 0.689317
 36 4.525584 -0.000101 0.616741 -0.040896 -0.032761 0.934240
 37 1.807674 -0.000001 0.000000 0.000000 -0.000000 0.907547
 38 1.614256 -0.000001 0.000000 0.000000 -0.000000 1.151884
 39 4.525584 0.000101 -0.616741 -0.026857 -0.022390 0.933908
 40 1.719871 -0.000002 0.000000 0.000000 -0.000000 0.907547
 41 1.383648 0.000001 0.000000 0.000000 -0.000000 1.151884
 42 4.525584 0.000304 -1.850223 0.029257 0.019200 0.933920
 43 1.433227 0.000002 0.000000 0.000000 -0.000000 0.907405
 44 1.153038 0.000000 0.000000 0.000000 -0.000000 1.151837
 45 -0.000008 0.000010 5.615750 -3.129224 -0.035950 2.746878
 46 15.693467 0.000000 0.000000 0.000000 -0.000000 -0.580940
 47 22.146629 -0.000001 0.000000 0.011439 -0.038411 0.235736
 48 3.310129 5.734394 0.000000 0.000000 -0.000000 1.570796
 49 0.000008 -0.000006 -5.615750 -3.129224 -0.036045 2.750042
 50 15.693467 0.000000 0.000000 0.000000 -0.000000 -0.581214
 51 22.146629 0.000000 0.000000 0.011282 -0.038432 0.239073
 52 3.310129 5.734394 0.000000 0.000000 -0.000000 1.570796
 53 1.977383 0.000000 0.000000 -0.163345 -0.047364 -0.172397
 54 3.723980 2.768054 -0.049087 -3.141592 -0.000002 1.570799
 55 11.781867 -0.001184 -0.000003 0.000000 -0.000000 0.000000
 56 -3.887187 4.546144 1.934869 -3.141591 -1.570796 0.000000
 57 -4.205003 4.546216 -0.015855 -3.141591 -1.570796 0.000000
 58 -3.887188 4.546179 -1.987145 -3.141591 -1.570796 0.000000
 59 -4.881806 5.593821 -1.566820 1.461866 -1.147225 1.668942
 60 -4.886902 5.683144 -0.007570 -3.132865 -1.570796 0.000000
 61 -4.881796 5.609550 1.546659 1.461866 -1.147225 1.668942
 62 3.710047 1.760547 -0.059361 -0.091858 -0.075851 1.616828
time 33
  0 -1.181516 1.181516 29.689028 0.000096 0.051200 -1.560059
  1 -2.330784 0.000001 9.745319 -1.570795 -1.570451 0.000000
  2 1.384163 -0.004728 0.000002 -0.000004 -0.000001 0.144778
  3 5.939814 -0.004730 0.000000 0.000000 -0.000000 0.069738
  4 5.939809 -0.003975 0.000000 0.000000 -0.000000 0.000000
  5 4.991439 -0.003975 0.000000 0.000000 -0.000000 0.000000
  6 4.991436 -0.001575 0.000000 0.000000 -0.000000 0.000000
  7 0.000005 0.001564 3.638375 -0.000010 -1.379184 3.140806
  8 8.842831 0.000000 -0.000002 1.089737 0.735428 0.869762
  9 9.341934 0.000000 -0.000001 0.000000 -0.000000 -1.089489
 10 11.168404 -0.000001 0.000002 -2.138571 0.019061 -0.231172
 11 1.364904 0.231178 -1.984411 2.310809 0.500598 0.873954
 12 1.748536 -0.000002 0.000000 0.000000 -0.000000 0.567170
 13 1.272494 0.000001 -0.000001 0.000000 -0.000000 0.462442
 14 4.525584 -0.000304 -1.850224 0.079944 0.053288 1.005563
 15 1.719872 -0.000002 0.000000 0.000000 -0.000000 0.933623
 16 1.383647 0.000002 0.000000 0.000000 -0.000000 0.741644
 17 4.525584 -0.000102 -0.616741 0.043017 0.029897 1.004047
 18 1.807673 0.000001 -0.000001 0.000000 -0.000000 0.881257
 19 1.614255 0.000001 0.000001 0.000000 -0.000000 0.741755
 20 4.525584 0.000101 0.616741 0.028355 0.020521 1.003703
 21 1.719869 0.000000 -0.000001 0.000000 -0.000000 0.680519
 22 1.383649 -0.000001 0.000000 0.000000 -0.000000 0.741644
 23 4.525584 0.000303 1.850224 -0.030467 -0.017054 1.003724
 24 1.433227 -0.000002 0.000000 0.000000 -0.000000 0.680554
 25 1.153039 0.000000 0.000000 0.000000 -0.000000 0.741639
 26 0.000005 0.001585 -3.638375 -0.000010 1.477164 3.140787
 27 8.842831 0.000000 0.000001 -0.206986 -1.243454 0.324624
 28 9.341937 0.000000 -0.000001 0.000000 -0.000000 -2.293220
 29 10.945741 -0.000001 0.000001 1.878762 0.355892 -0.269376
 30 1.364904 0.231177 1.984410 -3.139615 0.004157 1.002253
 31 1.748536 -0.000002 0.000001 0.000000 -0.000000 0.436276
 32 1.272493 0.000001 0.000002 0.000000 -0.000000 0.322849
 33 4.525584 -0.000303 1.850224 -0.016317 -0.094622 0.192575
 34 1.719873 0.000001 0.000000 0.000000 -0.000000 0.034907
 35 1.383647 0.000000 -0.000001 0.000000 -0.000000 0.689317
 36 4.525584 -0.000101 0.616741 -0.040896 -0.032761 0.934240
 37 1.807674 -0.000001 0.000000 0.000000 -0.000000 0.907547
 38 1.614256 -0.000001 0.000000 0.000000 -0.000000 1.151884
 39 4.525584 0.000101 -0.616741 -0.026857 -0.022390 0.933908
 40 1.719871 -0.000002 0.000000 0.000000 -0.000000 0.907547
 41 1.383648 0.000001 0.000000 0.000000 -0.000000 1.151884
 42 4.525584 0.000304 -1.850223 0.029257 0.019200 0.933920
 43 1.433227 0.000002 0.000000 0.000000 -0.000000 0.907405
 44 1.153038 0.000000 0.000000 0.000000 -0.000000 1.151837
 45 -0.000008 0.000010 5.615750 -3.128553 -0.037772 2.746207
 46 15.693467 0.000000 0.000000 0.000000 -0.000000 -0.580442
 47 22.146629 -0.000001 0.000000 0.011552 -0.040120 0.236476
 48 3.310129 5.734394 0.000000 0.000000 -0.000000 1.570796
 49 0.000008 -0.000006 -5.615750 -3.128649 -0.037675 2.749466
 50 15.693467 0.000000 0.000000 0.000000 -0.000000 -0.580787
 51 22.146629 0.000000 0.000000 0.011282 -0.040151 0.239794
 52 3.310129 5.734394 0.000000 0.000000 -0.000000 1.570796
 53 1.977383 0.000000 0.000000 -0.156948 -0.049258 -0.170757
 54 3.723980 2.768054 -0.049087 -3.141592 -0.000002 1.570799
 55 11.781867 -0.001184 -0.000003 0.000000 -0.000000 0.000000
 56 -3.887187 4.546144 1.934869 -3.141591 -1.570796 0.000000
 57 -4.205003 4.546216 -0.015855 -3.141591 -1.570796 0.000000
 58 -3.887188 4.546179 -1.987145 -3.141591 -1.570796 0.000000
 59 -4.881806 5.593821 -1.566820 1.454369 -1.176164 1.675691
 60 -4.886902 5.683144 -0.007570 -3.132865 -1.570796 0.000000
 61 -4.881796 5.609550 1.546659 1.454369 -1.176164 1.675691
 62 3.710047 1.760547 -0.059361 -0.091858 -0.075851 1.616828
time 34
  0 -1.249337 1.249337 29.669428 0.000096 0.053210 -1.559771
  1 -2.319064 0.000001 9.745319 -1.570795 -1.570451 0.000000
  2 1.384163 -0.004728 0.000002 -0.000004 -0.000001 0.143148
  3 5.939814 -0.004730 0.000000 0.000000 -0.000000 0.069738
  4 5.939809 -0.003975 0.000000 0.000000 -0.000000 0.000000
  5 4.991439 -0.003975 0.000000 0.000000 -0.000000 0.000000
  6 4.991436 -0.001575 0.000000 0.000000 -0.000000 0.000000
  7 0.000005 0.001564 3.638375 -0.000010 -1.382449 3.140806
  8 8.842831 0.000000 -0.000002 1.094401 0.736324 0.873373
  9 9.341934 0.000000 -0.000001 0.000000 -0.000000 -1.089489
 10 11.168404 -0.000001 0.000002 -2.138571 0.019061 -0.231172
 11 1.364904 0.231178 -1.984411 2.310809 0.500598 0.873954
 12 1.748536 -0.000002 0.000000 0.000000 -0.000000 0.567170
 13 1.272494 0.000001 -0.000001 0.000000 -0.000000 0.462442
 14 4.525584 -0.000304 -1.850224 0.079944 0.053288 1.005563
 15 1.719872 -0.000002 0.000000 0.000000 -0.000000 0.933623
 16 1.383647 0.000002 0.000000 0.000000 -0.000000 0.741644
 17 4.525584 -0.000102 -0.616741 0.043017 0.029897 1.004047
 18 1.807673 0.000001 -0.000001 0.000000 -0.000000 0.881257
 19 1.614255 0.000001 0.000001 0.000000 -0.000000 0.741755
 20 4.525584 0.000101 0.616741 0.028355 0.020521 1.003703
 21 1.719869 0.000000 -0.000001 0.000000 -0.000000 0.680519
 22 1.383649 -0.000001 0.000000 0.000000 -0.000000 0.741644
 23 4.525584 0.000303 1.850224 -0.030467 -0.017054 1.003724
 24 1.433227 -0.000002 0.000000 0.000000 -0.000000 0.680554
 25 1.153039 0.000000 0.000000 0.000000 -0.000000 0.741639
 26 0.000005 0.001585 -3.638375 -0.000010 1.480410 3.140787
 27 8.842831 0.000000 0.000001 -0.199004 -1.246966 0.315286
 28 9.341937 0.000000 -0.000001 0.000000 -0.000000 -2.293220
 29 10.945741 -0.000001 0.000001 1.893581 0.352942 -0.260445
 30 1.364904 0.231177 1.984410 -3.139615 0.004157 1.002253
 31 1.748536 -0.000002 0.000001 0.000000 -0.000000 0.436276
 32 1.272493 0.000001 0.000002 0.000000 -0.000000 0.322849
 33 4.525584 -0.000303 1.850224 -0.016317 -0.094622 0.192575
 34 1.719873 0.000001 0.000000 0.000000 -0.000000 0.034907
 35 1.383647 0.000000 -0.000001 0.000000 -0.000000 0.689317
 36 4.525584 -0.000101 0.616741 -0.040896 -0.032761 0.934240
 37 1.807674 -0.000001 0.000000 0.000000 -0.000000 0.907547
 38 1.614256 -0.000001 0.000000 0.000000 -0.000000 1.151884
 39 4.525584 0.000101 -0.616741 -0.026857 -0.022390 0.933908
 40 1.719871 -0.000002 0.000000 0.000000 -0.000000 0.907547
 41 1.383648 0.000001 0.000000 0.000000 -0.000000 1.151884
 42 4.525584 0.000304 -1.850223 0.029257 0.019200 0.933920
 43 1.433227 0.000002 0.000000 0.000000 -0.000000 0.907405
 44 1.153038 0.000000 0.000000 0.000000 -0.000000 1.151837
 45 -0.000008 0.000010 5.615750 -3.127882 -0.039498 2.745631
 46 15.693467 0.000000 0.000000 0.000000 -0.000000 -0.579944
 47 22.146629 -0.000001 0.000000 0.011589 -0.042101 0.237117
 48 3.310129 5.734394 0.000000 0.000000 -0.000000 1.570796
 49 0.000008 -0.000006 -5.615750 -3.128266 -0.039497 2.748699
 50 15.693467 0.000000 0.000000 0.000000 -0.000000 -0.580188
 51 22.146629 0.000000 0.000000 0.011395 -0.042115 0.240515
 52 3.310129 5.734394 0.000000 0.000000 -0.000000 1.570796
 53 1.977383 0.000000 0.000000 -0.147116 -0.051336 -0.169017
 54 3.723980 2.768054 -0.049087 -3.141592 -0.000002 1.570799
 55 11.781867 -0.001184 -0.000003 0.000000 -0.000000 0.000000
 56 -3.887187 4.546144 1.934869 -3.141591 -1.570796 0.000000
 57 -4.205003 4.546216 -0.015855 -3.141591 -1.570796 0.000000
 58 -3.887188 4.546179 -1.987145 -3.141591 -1.570796 0.000000
 59 -4.881806 5.593821 -1.566820 1.445868 -1.205078 1.683578
 60 -4.886902 5.683144 -0.007570 -3.132865 -1.570796 0.000000
 61 -4.881796 5.609550 1.546659 1.445868 -1.205078 1.683578
 62 3.710047 1.760547 -0.059361 -0.091858 -0.075851 1.616828
time 35
  0 -1.332229 1.332229 29.669428 0.000096 0.055028 -1.559675
  1 -2.295626 0.000001 9.745319 -1.570795 -1.570451 0.000000
  2 1.384163 -0.004728 0.000002 -0.000004 -0.000001 0.141426
  3 5.939814 -0.004730 0.000000 0.000000 -0.000000 0.069738
  4 5.939809 -0.003975 0.000000 0.000000 -0.000000 0.000000
  5 4.991439 -0.003975 0.000000 0.000000 -0.000000 0.000000
  6 4.991436 -0.001575 0.000000 0.000000 -0.000000 0.000000
  7 0.000005 0.001564 3.638375 -0.000010 -1.385823 3.140806
  8 8.842831 0.000000 -0.000002 1.099522 0.737131 0.876820
  9 9.341934 0.000000 -0.000001 0.000000 -0.000000 -1.089489
 10 11.168404 -0.000001 0.000002 -2.138571 0.019061 -0.231172
 11 1.364904 0.231178 -1.984411 2.310809 0.500598 0.873954
 12 1.748536 -0.000002 0.000000 0.000000 -0.000000 0.567170
 13 1.272494 0.000001 -0.000001 0.000000 -0.000000 0.462442
 14 4.525584 -0.000304 -1.850224 0.079944 0.053288 1.005563
 15 1.719872 -0.000002 0.000000 0.000000 -0.000000 0.933623
 16 1.383647 0.000002 0.000000 0.000000 -0.000000 0.741644
 17 4.525584 -0.000102 -0.616741 0.043017 0.029897 1.004047
 18 1.807673 0.000001 -0.000001 0.000000 -0.000000 0.881257
 19 1.614255 0.000001 0.000001 0.000000 -0.000000 0.741755
 20 4.525584 0.000101 0.616741 0.028355 0.020521 1.003703
 21 1.719869 0.000000 -0.000001 0.000000 -0.000000 0.680519
 22 1.383649 -0.000001 0.000000 0.000000 -0.000000 0.741644
 23 4.525584 0.000303 1.850224 -0.030467 -0.017054 1.003724
 24 1.433227 -0.000002 0.000000 0.000000 -0.000000 0.680554
 25 1.153039 0.000000 0.000000 0.000000 -0.000000 0.741639
 26 0.000005 0.001585 -3.638375 -0.000010 1.483153 3.140787
 27 8.842831 0.000000 0.000001 -0.184673 -1.250562 0.299565
 28 9.341937 0.000000 -0.000001 0.000000 -0.000000 -2.293220
 29 10.945741 -0.000001 0.000001 1.910544 0.349275 -0.250950
 30 1.364904 0.231177 1.984410 -3.139615 0.004157 1.002253
 31 1.748536 -0.000002 0.000001 0.000000 -0.000000 0.436276
 32 1.272493 0.000001 0.000002 0.000000 -0.000000 0.322849
 33 4.525584 -0.000303 1.850224 -0.016317 -0.094622 0.192575
 34 1.719873 0.000001 0.000000 0.000000 -0.000000 0.034907
 35 1.383647 0.000000 -0.000001 0.000000 -0.000000 0.689317
 36 4.525584 -0.000101 0.616741 -0.040896 -0.032761 0.934240
 37 1.807674 -0.000001 0.000000 0.000000 -0.000000 0.907547
 38 1.614256 -0.000001 0.000000 0.000000 -0.000000 1.151884
 39 4.525584 0.000101 -0.616741 -0.026857 -0.022390 0.933908
 40 1.719871 -0.000002 0.000000 0.000000 -0.000000 0.907547
 41 1.383648 0.000001 0.000000 0.000000 -0.000000 1.151884
 42 4.525584 0.000304 -1.850223 0.029257 0.019200 0.933920
 43 1.433227 0.000002 0.000000 0.000000 -0.000000 0.907405
 44 1.153038 0.000000 0.000000 0.000000 -0.000000 1.151837
 45 -0.000008 0.000010 5.615750 -3.127594 -0.041511 2.744960
 46 15.693467 0.000000 0.000000 0.000000 -0.000000 -0.579304
 47 22.146629 -0.000001 0.000000 0.011626 -0.044181 0.237857
 48 3.310129 5.734394 0.000000 0.000000 -0.000000 1.570796
 49 0.000008 -0.000006 -5.615750 -3.127594 -0.041414 2.748028
 50 15.693467 0.000000 0.000000 0.000000 -0.000000 -0.579504
 51 22.146629 0.000000 0.000000 0.011395 -0.044203 0.241327
 52 3.310129 5.734394 0.000000 0.000000 -0.000000 1.570796
 53 1.977383 0.000000 0.000000 -0.134217 -0.053507 -0.167378
 54 3.723980 2.768054 -0.049087 -3.141592 -0.000002 1.570799
 55 11.781867 -0.001184 -0.000003 0.000000 -0.000000 0.000000
 56 -3.887187 4.546144 1.934869 -3.141591 -1.570796 0.000000
 57 -4.205003 4.546216 -0.015855 -3.141591 -1.570796 0.000000
 58 -3.887188 4.546179 -1.987145 -3.141591 -1.570796 0.000000
 59 -4.881806 5.593821 -1.566820 1.435976 -1.233965 1.692847
 60 -4.886902 5.683144 -0.007570 -3.132865 -1.570796 0.000000
 61 -4.881796 5.609550 1.546659 1.435976 -1.233965 1.692847
 62 3.710047 1.760547 -0.059361 -0.091858 -0.075851 1.616828
time 36
  0 -1.400050 1.400050 29.669428 0.000096 0.057038 -1.559579
  1 -2.287813 0.000001 9.745319 -1.570795 -1.570451 0.000000
  2 1.384163 -0.004728 0.000002 -0.000004 -0.000001 0.139750
  3 5.939814 -0.004730 0.000000 0.000000 -0.000000 0.069738
  4 5.939809 -0.003975 0.000000 0.000000 -0.000000 0.000000
  5 4.991439 -0.003975 0.000000 0.000000 -0.000000 0.000000
  6 4.991436 -0.001575 0.000000 0.000000 -0.000000 0.000000
  7 0.000005 0.001564 3.638375 -0.000010 -1.389124 3.140806
  8 8.842831 0.000000 -0.000002 1.104277 0.738117 0.880431
  9 9.341934 0.000000 -0.000001 0.000000 -0.000000 -1.089489
 10 11.168404 -0.000001 0.000002 -2.138571 0.019061 -0.231172
 11 1.364904 0.231178 -1.984411 2.310809 0.500598 0.873954
 12 1.748536 -0.000002 0.000000 0.000000 -0.000000 0.567170
 13 1.272494 0.000001 -0.000001 0.000000 -0.000000 0.462442
 14 4.525584 -0.000304 -1.850224 0.079944 0.053288 1.005563
 15 1.719872 -0.000002 0.000000 0.000000 -0.000000 0.933623
 16 1.383647 0.000002 0.000000 0.000000 -0.000000 0.741644
 17 4.525584 -0.000102 -0.616741 0.043017 0.029897 1.004047
 18 1.807673 0.000001 -0.000001 0.000000 -0.000000 0.881257
 19 1.614255 0.000001 0.000001 0.000000 -0.000000 0.741755
 20 4.525584 0.000101 0.616741 0.028355 0.020521 1.003703
 21 1.719869 0.000000 -0.000001 0.000000 -0.000000 0.680519
 22 1.383649 -0.000001 0.000000 0.000000 -0.000000 0.741644
 23 4.525584 0.000303 1.850224 -0.030467 -0.017054 1.003724
 24 1.433227 -0.000002 0.000000 0.000000 -0.000000 0.680554
 25 1.153039 0.000000 0.000000 0.000000 -0.000000 0.741639
 26 0.000005 0.001585 -3.638375 -0.000010 1.485393 3.140787
 27 8.842831 0.000000 0.000001 -0.164809 -1.253824 0.278031
 28 9.341937 0.000000 -0.000001 0.000000 -0.000000 -2.293220
 29 10.945741 -0.000001 0.000001 1.930023 0.344681 -0.241643
 30 1.364904 0.231177 1.984410 -3.139615 0.004157 1.002253
 31 1.748536 -0.000002 0.000001 0.000000 -0.000000 0.436276
 32 1.272493 0.000001 0.000002 0.000000 -0.000000 0.322849
 33 4.525584 -0.000303 1.850224 -0.016317 -0.094622 0.192575
 34 1.719873 0.000001 0.000000 0.000000 -0.000000 0.034907
 35 1.383647 0.000000 -0.000001 0.000000 -0.000000 0.689317
 36 4.525584 -0.000101 0.616741 -0.040896 -0.032761 0.934240
 37 1.807674 -0.000001 0.000000 0.000000 -0.000000 0.907547
 38 1.614256 -0.000001 0.000000 0.000000 -0.000000 1.151884
 39 4.525584 0.000101 -0.616741 -0.026857 -0.022390 0.933908
 40 1.719871 -0.000002 0.000000 0.000000 -0.000000 0.907547
 41 1.383648 0.000001 0.000000 0.000000 -0.000000 1.151884
 42 4.525584 0.000304 -1.850223 0.029257 0.019200 0.933920
 43 1.433227 0.000002 0.000000 0.000000 -0.000000 0.907405
 44 1.153038 0.000000 0.000000 0.000000 -0.000000 1.151837
 45 -0.000008 0.000010 5.615750 -3.126827 -0.043428 2.744289
 46 15.693467 0.000000 0.000000 0.000000 -0.000000 -0.578521
 47 22.146629 -0.000001 0.000000 0.011664 -0.046336 0.238499
 48 3.310129 5.734394 0.000000 0.000000 -0.000000 1.570796
 49 0.000008 -0.000006 -5.615750 -3.126827 -0.043427 2.747453
 50 15.693467 0.000000 0.000000 0.000000 -0.000000 -0.578820
 51 22.146629 0.000000 0.000000 0.011508 -0.046321 0.242048
 52 3.310129 5.734394 0.000000 0.000000 -0.000000 1.570796
 53 1.977383 0.000000 0.000000 -0.119152 -0.055539 -0.165738
 54 3.723980 2.768054 -0.049087 -3.141592 -0.000002 1.570799
 55 11.781867 -0.001184 -0.000003 0.000000 -0.000000 0.000000
 56 -3.887187 4.546144 1.934869 -3.141591 -1.570796 0.000000
 57 -4.205003 4.546216 -0.015855 -3.141591 -1.570796 0.000000
 58 -3.887188 4.546179 -1.987145 -3.141591 -1.570796 0.000000
 59 -4.881806 5.593821 -1.566820 1.424461 -1.262813 1.703905
 60 -4.886902 5.683144 -0.007570 -3.132865 -1.570796 0.000000
 61 -4.881796 5.609550 1.546659 1.424461 -1.262813 1.703905
 62 3.710047 1.760547 -0.059361 -0.091858 -0.075851 1.616828
time 37
  0 -1.475406 1.475406 29.669428 0.000096 0.058952 -1.559579
  1 -2.264375 0.000001 9.745319 -1.570795 -1.570451 0.000000
  2 1.384163 -0.004728 0.000002 -0.000004 -0.000001 0.138121
  3 5.939814 -0.004730 0.000000 0.000000 -0.000000 0.069738
  4 5.939809 -0.003975 0.000000 0.000000 -0.000000 0.000000
  5 4.991439 -0.003975 0.000000 0.000000 -0.000000 0.000000
  6 4.991436 -0.001575 0.000000 0.000000 -0.000000 0.000000
  7 0.000005 0.001564 3.638375 -0.000010 -1.392462 3.140806
  8 8.842831 0.000000 -0.000002 1.109215 0.738923 0.883878
  9 9.341934 0.000000 -0.000001 0.000000 -0.000000 -1.089489
 10 11.168404 -0.000001 0.000002 -2.138571 0.019061 -0.231172
 11 1.364904 0.231178 -1.984411 2.310809 0.500598 0.873954
 12 1.748536 -0.000002 0.000000 0.000000 -0.000000 0.567170
 13 1.272494 0.000001 -0.000001 0.000000 -0.000000 0.462442
 14 4.525584 -0.000304 -1.850224 0.079944 0.053288 1.005563
 15 1.719872 -0.000002 0.000000 0.000000 -0.000000 0.933623
 16 1.383647 0.000002 0.000000 0.000000 -0.000000 0.741644
 17 4.525584 -0.000102 -0.616741 0.043017 0.029897 1.004047
 18 1.807673 0.000001 -0.000001 0.000000 -0.000000 0.881257
 19 1.614255 0.000001 0.000001 0.000000 -0.000000 0.741755
 20 4.525584 0.000101 0.616741 0.028355 0.020521 1.003703
 21 1.719869 0.000000 -0.000001 0.000000 -0.000000 0.680519
 22 1.383649 -0.000001 0.000000 0.000000 -0.000000 0.741644
 23 4.525584 0.000303 1.850224 -0.030467 -0.017054 1.003724
 24 1.433227 -0.000002 0.000000 0.000000 -0.000000 0.680554
 25 1.153039 0.000000 0.000000 0.000000 -0.000000 0.741639
 26 0.000005 0.001585 -3.638375 -0.000010 1.487358 3.140787
 27 8.842831 0.000000 0.000001 -0.140591 -1.256918 0.252210
 28 9.341937 0.000000 -0.000001 0.000000 -0.000000 -2.293220
 29 10.945741 -0.000001 0.000001 1.952113 0.338991 -0.233182
 30 1.364904 0.231177 1.984410 -3.139615 0.004157 1.002253
 31 1.748536 -0.000002 0.000001 0.000000 -0.000000 0.436276
 32 1.272493 0.000001 0.000002 0.000000 -0.000000 0.322849
 33 4.525584 -0.000303 1.850224 -0.016317 -0.094622 0.192575
 34 1.719873 0.000001 0.000000 0.000000 -0.000000 0.034907
 35 1.383647 0.000000 -0.000001 0.000000 -0.000000 0.689317
 36 4.525584 -0.000101 0.616741 -0.040896 -0.032761 0.934240
 37 1.807674 -0.000001 0.000000 0.000000 -0.000000 0.907547
 38 1.614256 -0.000001 0.000000 0.000000 -0.000000 1.151884
 39 4.525584 0.000101 -0.616741 -0.026857 -0.022390 0.933908
 40 1.719871 -0.000002 0.000000 0.000000 -0.000000 0.907547
 41 1.383648 0.000001 0.000000 0.000000 -0.000000 1.151884
 42 4.525584 0.000304 -1.850223 0.029257 0.019200 0.933920
 43 1.433227 0.000002 0.000000 0.000000 -0.000000 0.907405
 44 1.153038 0.000000 0.000000 0.000000 -0.000000 1.151837
 45 -0.000008 0.000010 5.615750 -3.126060 -0.045538 2.743522
 46 15.693467 0.000000 0.000000 0.000000 -0.000000 -0.577881
 47 22.146629 -0.000001 0.000000 0.011664 -0.048441 0.239140
 48 3.310129 5.734394 0.000000 0.000000 -0.000000 1.570796
 49 0.000008 -0.000006 -5.615750 -3.126060 -0.045441 2.746878
 50 15.693467 0.000000 0.000000 0.000000 -0.000000 -0.578051
 51 22.146629 0.000000 0.000000 0.011508 -0.048439 0.242769
 52 3.310129 5.734394 0.000000 0.000000 -0.000000 1.570796
 53 1.977383 0.000000 0.000000 -0.102289 -0.057318 -0.164098
 54 3.723980 2.768054 -0.049087 -3.141592 -0.000002 1.570799
 55 11.781867 -0.001184 -0.000003 0.000000 -0.000000 0.000000
 56 -3.887187 4.546144 1.934869 -3.141591 -1.570796 0.000000
 57 -4.205003 4.546216 -0.015855 -3.141591 -1.570796 0.000000
 58 -3.887188 4.546179 -1.987145 -3.141591 -1.570796 0.000000
 59 -4.881806 5.593821 -1.566820 1.410395 -1.291635 1.717321
 60 -4.886902 5.683144 -0.007570 -3.132865 -1.570796 0.000000
 61 -4.881796 5.609550 1.546659 1.410395 -1.291635 1.717321
 62 3.710047 1.760547 -0.059361 -0.091858 -0.075851 1.616828
time 38
  0 -1.558298 1.558298 29.669428 0.000096 0.060866 -1.559579
  1 -2.244843 0.000001 9.745319 -1.570795 -1.570451 0.000000
  2 1.384163 -0.004728 0.000002 -0.000004 -0.000001 0.136538
  3 5.939814 -0.004730 0.000000 0.000000 -0.000000 0.069738
  4 5.939809 -0.003975 0.000000 0.000000 -0.000000 0.000000
  5 4.991439 -0.003975 0.000000 0.000000 -0.000000 0.000000
  6 4.991436 -0.001575 0.000000 0.000000 -0.000000 0.000000
  7 0.000005 0.001564 3.638375 -0.000010 -1.395618 3.140806
  8 8.842831 0.000000 -0.000002 1.113970 0.739730 0.887571
  9 9.341934 0.000000 -0.000001 0.000000 -0.000000 -1.089489
 10 11.168404 -0.000001 0.000002 -2.138571 0.019061 -0.231172
 11 1.364904 0.231178 -1.984411 2.310809 0.500598 0.873954
 12 1.748536 -0.000002 0.000000 0.000000 -0.000000 0.567170
 13 1.272494 0.000001 -0.000001 0.000000 -0.000000 0.462442
 14 4.525584 -0.000304 -1.850224 0.079944 0.053288 1.005563
 15 1.719872 -0.000002 0.000000 0.000000 -0.000000 0.933623
 16 1.383647 0.000002 0.000000 0.000000 -0.000000 0.741644
 17 4.525584 -0.000102 -0.616741 0.043017 0.029897 1.004047
 18 1.807673 0.000001 -0.000001 0.000000 -0.000000 0.881257
 19 1.614255 0.000001 0.000001 0.000000 -0.000000 0.741755
 20 4.525584 0.000101 0.616741 0.028355 0.020521 1.003703
 21 1.719869 0.000000 -0.000001 0.000000 -0.000000 0.680519
 22 1.383649 -0.000001 0.000000 0.000000 -0.000000 0.741644
 23 4.525584 0.000303 1.850224 -0.030467 -0.017054 1.003724
 24 1.433227 -0.000002 0.000000 0.000000 -0.000000 0.680554
 25 1.153039 0.000000 0.000000 0.000000 -0.000000 0.741639
 26 0.000005 0.001585 -3.638375 -0.000010 1.488913 3.140787
 27 8.842831 0.000000 0.000001 -0.113652 -1.259343 0.223149
 28 9.341937 0.000000 -0.000001 0.000000 -0.000000 -2.293220
 29 10.945741 -0.000001 0.000001 1.976252 0.332248 -0.228106
 30 1.364904 0.231177 1.984410 -3.139615 0.004157 1.002253
 31 1.748536 -0.000002 0.000001 0.000000 -0.000000 0.436276
 32 1.272493 0.000001 0.000002 0.000000 -0.000000 0.322849
 33 4.525584 -0.000303 1.850224 -0.016317 -0.094622 0.192575
 34 1.719873 0.000001 0.000000 0.000000 -0.000000 0.034907
 35 1.383647 0.000000 -0.000001 0.000000 -0.000000 0.689317
 36 4.525584 -0.000101 0.616741 -0.040896 -0.032761 0.934240
 37 1.807674 -0.000001 0.000000 0.000000 -0.000000 0.907547
 38 1.614256 -0.000001 0.000000 0.000000 -0.000000 1.151884
 39 4.525584 0.000101 -0.616741 -0.026857 -0.022390 0.933908
 40 1.719871 -0.000002 0.000000 0.000000 -0.000000 0.907547
 41 1.383648 0.000001 0.000000 0.000000 -0.000000 1.151884
 42 4.525584 0.000304 -1.850223 0.029257 0.019200 0.933920
 43 1.433227 0.000002 0.000000 0.000000 -0.000000 0.907405
 44 1.153038 0.000000 0.000000 0.000000 -0.000000 1.151837
 45 -0.000008 0.000010 5.615750 -3.125293 -0.047263 2.742851
 46 15.693467 0.000000 0.000000 0.000000 -0.000000 -0.577241
 47 22.146629 -0.000001 0.000000 0.011701 -0.050447 0.239732
 48 3.310129 5.734394 0.000000 0.000000 -0.000000 1.570796
 49 0.000008 -0.000006 -5.615750 -3.125293 -0.047358 2.746303
 50 15.693467 0.000000 0.000000 0.000000 -0.000000 -0.577367
 51 22.146629 0.000000 0.000000 0.011508 -0.050465 0.243400
 52 3.310129 5.734394 0.000000 0.000000 -0.000000 1.570796
 53 1.977383 0.000000 0.000000 -0.084368 -0.058611 -0.162656
 54 3.723980 2.768054 -0.049087 -3.141592 -0.000002 1.570799
 55 11.781867 -0.001184 -0.000003 0.000000 -0.000000 0.000000
 56 -3.887187 4.546144 1.934869 -3.141591 -1.570796 0.000000
 57 -4.205003 4.546216 -0.015855 -3.141591 -1.570796 0.000000
 58 -3.887188 4.546179 -1.987145 -3.141591 -1.570796 0.000000
 59 -4.881806 5.593821 -1.566820 1.393238 -1.320366 1.733827
 60 -4.886902 5.683144 -0.007570 -3.132865 -1.570796 0.000000
 61 -4.881796 5.609550 1.546659 1.393238 -1.320366 1.733827
 62 3.710047 1.760547 -0.059361 -0.091858 -0.075851 1.616828
time 39
  0 -1.626119 1.626119 29.669428 0.000096 0.062875 -1.559484
  1 -2.233124 0.000001 9.745319 -1.570795 -1.570451 0.000000
  2 1.384163 -0.004728 0.000002 -0.000004 -0.000001 0.135002
  3 5.939814 -0.004730 0.000000 0.000000 -0.000000 0.069738
  4 5.939809 -0.003975 0.000000 0.000000 -0.000000 0.000000
  5 4.991439 -0.003975 0.000000 0.000000 -0.000000 0.000000
  6 4.991436 -0.001575 0.000000 0.000000 -0.000000 0.000000
  7 0.000005 0.001564 3.638375 -0.000010 -1.398665 3.140806
  8 8.842831 0.000000 -0.000002 1.118268 0.740447 0.890689
  9 9.341934 0.000000 -0.000001 0.000000 -0.000000 -1.089489
 10 11.168404 -0.000001 0.000002 -2.138571 0.019061 -0.231172
 11 1.364904 0.231178 -1.984411 2.310809 0.500598 0.873954
 12 1.748536 -0.000002 0.000000 0.000000 -0.000000 0.567170
 13 1.272494 0.000001 -0.000001 0.000000 -0.000000 0.462442
 14 4.525584 -0.000304 -1.850224 0.079944 0.053288 1.005563
 15 1.719872 -0.000002 0.000000 0.000000 -0.000000 0.933623
 16 1.383647 0.000002 0.000000 0.000000 -0.000000 0.741644
 17 4.525584 -0.000102 -0.616741 0.043017 0.029897 1.004047
 18 1.807673 0.000001 -0.000001 0.000000 -0.000000 0.881257
 19 1.614255 0.000001 0.000001 0.000000 -0.000000 0.741755
 20 4.525584 0.000101 0.616741 0.028355 0.020521 1.003703
 21 1.719869 0.000000 -0.000001 0.000000 -0.000000 0.680519
 22 1.383649 -0.000001 0.000000 0.000000 -0.000000 0.741644
 23 4.525584 0.000303 1.850224 -0.030467 -0.017054 1.003724
 24 1.433227 -0.000002 0.000000 0.000000 -0.000000 0.680554
 25 1.153039 0.000000 0.000000 0.000000 -0.000000 0.741639
 26 0.000005 0.001585 -3.638375 -0.000010 1.490193 3.140787
 27 8.842831 0.000000 0.000001 -0.084536 -1.261434 0.192183
 28 9.341937 0.000000 -0.000001 0.000000 -0.000000 -2.293220
 29 10.945741 -0.000001 0.000001 2.002535 0.324325 -0.225379
 30 1.364904 0.231177 1.984410 -3.139615 0.004157 1.002253
 31 1.748536 -0.000002 0.000001 0.000000 -0.000000 0.436276
 32 1.272493 0.000001 0.000002 0.000000 -0.000000 0.322849
 33 4.525584 -0.000303 1.850224 -0.016317 -0.094622 0.192575
 34 1.719873 0.000001 0.000000 0.000000 -0.000000 0.034907
 35 1.383647 0.000000 -0.000001 0.000000 -0.000000 0.689317
 36 4.525584 -0.000101 0.616741 -0.040896 -0.032761 0.934240
 37 1.807674 -0.000001 0.000000 0.000000 -0.000000 0.907547
 38 1.614256 -0.000001 0.000000 0.000000 -0.000000 1.151884
 39 4.525584 0.000101 -0.616741 -0.026857 -0.022390 0.933908
 40 1.719871 -0.000002 0.000000 0.000000 -0.000000 0.907547
 41 1.383648 0.000001 0.000000 0.000000 -0.000000 1.151884
 42 4.525584 0.000304 -1.850223 0.029257 0.019200 0.933920
 43 1.433227 0.000002 0.000000 0.000000 -0.000000 0.907405
 44 1.153038 0.000000 0.000000 0.000000 -0.000000 1.151837
 45 -0.000008 0.000010 5.615750 -3.124622 -0.049181 2.742084
 46 15.693467 0.000000 0.000000 0.000000 -0.000000 -0.576387
 47 22.146629 -0.000001 0.000000 0.011738 -0.052329 0.240374
 48 3.310129 5.734394 0.000000 0.000000 -0.000000 1.570796
 49 0.000008 -0.000006 -5.615750 -3.124622 -0.049084 2.745631
 50 15.693467 0.000000 0.000000 0.000000 -0.000000 -0.576769
 51 22.146629 0.000000 0.000000 0.011508 -0.052368 0.244121
 52 3.310129 5.734394 0.000000 0.000000 -0.000000 1.570796
 53 1.977383 0.000000 0.000000 -0.066078 -0.059234 -0.161265
 54 3.723980 2.768054 -0.049087 -3.141592 -0.000002 1.570799
 55 11.781867 -0.001184 -0.000003 0.000000 -0.000000 0.000000
 56 -3.887187 4.546144 1.934869 -3.141591 -1.570796 0.000000
 57 -4.205003 4.546216 -0.015855 -3.141591 -1.570796 0.000000
 58 -3.887188 4.546179 -1.987145 -3.141591 -1.570796 0.000000
 59 -4.881806 5.593821 -1.566820 1.371831 -1.349019 1.754642
 60 -4.886902 5.683144 -0.007570 -3.132865 -1.570796 0.000000
 61 -4.881796 5.609550 1.546659 1.371831 -1.349019 1.754642
 62 3.710047 1.760547 -0.059361 -0.091858 -0.075851 1.616828
time 40
  0 -1.678868 1.678868 29.669428 0.000096 0.064981 -1.559388
  1 -2.225312 0.000001 9.745319 -1.570795 -1.570451 0.000000
  2 1.384163 -0.004728 0.000002 -0.000004 -0.000001 0.133606
  3 5.939814 -0.004730 0.000000 0.000000 -0.000000 0.069738
  4 5.939809 -0.003975 0.000000 0.000000 -0.000000 0.000000
  5 4.991439 -0.003975 0.000000 0.000000 -0.000000 0.000000
  6 4.991436 -0.001575 0.000000 0.000000 -0.000000 0.000000
  7 0.000005 0.001564 3.638375 -0.000010 -1.401495 3.140806
  8 8.842831 0.000000 -0.000002 1.122474 0.741164 0.893808
  9 9.341934 0.000000 -0.000001 0.000000 -0.000000 -1.089489
 10 11.168404 -0.000001 0.000002 -2.138571 0.019061 -0.231172
 11 1.364904 0.231178 -1.984411 2.310809 0.500598 0.873954
 12 1.748536 -0.000002 0.000000 0.000000 -0.000000 0.567170
 13 1.272494 0.000001 -0.000001 0.000000 -0.000000 0.462442
 14 4.525584 -0.000304 -1.850224 0.079944 0.053288 1.005563
 15 1.719872 -0.000002 0.000000 0.000000 -0.000000 0.933623
 16 1.383647 0.000002 0.000000 0.000000 -0.000000 0.741644
 17 4.525584 -0.000102 -0.616741 0.043017 0.029897 1.004047
 18 1.807673 0.000001 -0.000001 0.000000 -0.000000 0.881257
 19 1.614255 0.000001 0.000001 0.000000 -0.000000 0.741755
 20 4.525584 0.000101 0.616741 0.028355 0.020521 1.003703
 21 1.719869 0.000000 -0.000001 0.000000 -0.000000 0.680519
 22 1.383649 -0.000001 0.000000 0.000000 -0.000000 0.741644
 23 4.525584 0.000303 1.850224 -0.030467 -0.017054 1.003724
 24 1.433227 -0.000002 0.000000 0.000000 -0.000000 0.680554
 25 1.153039 0.000000 0.000000 0.000000 -0.000000 0.741639
 26 0.000005 0.001585 -3.638375 -0.000010 1.491198 3.140787
 27 8.842831 0.000000 0.000001 -0.054876 -1.262939 0.160835
 28 9.341937 0.000000 -0.000001 0.000000 -0.000000 -2.293220
 29 10.945741 -0.000001 0.000001 2.030962 0.315432 -0.228388
 30 1.364904 0.231177 1.984410 -3.139615 0.004157 1.002253
 31 1.748536 -0.000002 0.000001 0.000000 -0.000000 0.436276
 32 1.272493 0.000001 0.000002 0.000000 -0.000000 0.322849
 33 4.525584 -0.000303 1.850224 -0.016317 -0.094622 0.192575
 34 1.719873 0.000001 0.000000 0.000000 -0.000000 0.034907
 35 1.383647 0.000000 -0.000001 0.000000 -0.000000 0.689317
 36 4.525584 -0.000101 0.616741 -0.040896 -0.032761 0.934240
 37 1.807674 -0.000001 0.000000 0.000000 -0.000000 0.907547
 38 1.614256 -0.000001 0.000000 0.000000 -0.000000 1.151884
 39 4.525584 0.000101 -0.616741 -0.026857 -0.022390 0.933908
 40 1.719871 -0.000002 0.000000 0.000000 -0.000000 0.907547
 41 1.383648 0.000001 0.000000 0.000000 -0.000000 1.151884
 42 4.525584 0.000304 -1.850223 0.029257 0.019200 0.933920
 43 1.433227 0.000002 0.000000 0.000000 -0.000000 0.907405
 44 1.153038 0.000000 0.000000 0.000000 -0.000000 1.151837
 45 -0.000008 0.000010 5.615750 -3.124047 -0.050715 2.741317
 46 15.693467 0.000000 0.000000 0.000000 -0.000000 -0.575818
 47 22.146629 -0.000001 0.000000 0.011738 -0.054013 0.240966
 48 3.310129 5.734394 0.000000 0.000000 -0.000000 1.570796
 49 0.000008 -0.000006 -5.615750 -3.124047 -0.050714 2.744864
 50 15.693467 0.000000 0.000000 0.000000 -0.000000 -0.575999
 51 22.146629 0.000000 0.000000 0.011564 -0.054026 0.244571
 52 3.310129 5.734394 0.000000 0.000000 -0.000000 1.570796
 53 1.977383 0.000000 0.000000 -0.047788 -0.059142 -0.159973
 54 3.723980 2.768054 -0.049087 -3.141592 -0.000002 1.570799
 55 11.781867 -0.001184 -0.000003 0.000000 -0.000000 0.000000
 56 -3.887187 4.546144 1.934869 -3.141591 -1.570796 0.000000
 57 -4.205003 4.546216 -0.015855 -3.141591 -1.570796 0.000000
 58 -3.887188 4.546179 -1.987145 -3.141591 -1.570796 0.000000
 59 -4.881806 5.593821 -1.566820 1.344086 -1.377541 1.781718
 60 -4.886902 5.683144 -0.007570 -3.132865 -1.570796 0.000000
 61 -4.881796 5.609550 1.546659 1.344086 -1.377541 1.781718
 62 3.710047 1.760547 -0.059361 -0.091858 -0.075851 1.616828
time 41
  0 -1.731618 1.731618 29.669428 0.000096 0.066895 -1.559100
  1 -2.213593 0.000001 9.745319 -1.570795 -1.570451 0.000000
  2 1.384163 -0.004728 0.000002 -0.000004 -0.000001 0.132302
  3 5.939814 -0.004730 0.000000 0.000000 -0.000000 0.069738
  4 5.939809 -0.003975 0.000000 0.000000 -0.000000 0.000000
  5 4.991439 -0.003975 0.000000 0.000000 -0.000000 0.000000
  6 4.991436 -0.001575 0.000000 0.000000 -0.000000 0.000000
  7 0.000005 0.001564 3.638375 -0.000010 -1.404071 3.140806
  8 8.842831 0.000000 -0.000002 1.126315 0.741702 0.896434
  9 9.341934 0.000000 -0.000001 0.000000 -0.000000 -1.089489
 10 11.168404 -0.000001 0.000002 -2.138571 0.019061 -0.231172
 11 1.364904 0.231178 -1.984411 2.310809 0.500598 0.873954
 12 1.748536 -0.000002 0.000000 0.000000 -0.000000 0.567170
 13 1.272494 0.000001 -0.000001 0.000000 -0.000000 0.462442
 14 4.525584 -0.000304 -1.850224 0.079944 0.053288 1.005563
 15 1.719872 -0.000002 0.000000 0.000000 -0.000000 0.933623
 16 1.383647 0.000002 0.000000 0.000000 -0.000000 0.741644
 17 4.525584 -0.000102 -0.616741 0.043017 0.029897 1.004047
 18 1.807673 0.000001 -0.000001 0.000000 -0.000000 0.881257
 19 1.614255 0.000001 0.000001 0.000000 -0.000000 0.741755
 20 4.525584 0.000101 0.616741 0.028355 0.020521 1.003703
 21 1.719869 0.000000 -0.000001 0.000000 -0.000000 0.680519
 22 1.383649 -0.000001 0.000000 0.000000 -0.000000 0.741644
 23 4.525584 0.000303 1.850224 -0.030467 -0.017054 1.003724
 24 1.433227 -0.000002 0.000000 0.000000 -0.000000 0.680554
 25 1.153039 0.000000 0.000000 0.000000 -0.000000 0.741639
 26 0.000005 0.001585 -3.638375 -0.000010 1.491976 3.140787
 27 8.842831 0.000000 0.000001 -0.026213 -1.263942 0.130440
 28 9.341937 0.000000 -0.000001 0.000000 -0.000000 -2.293220
 29 10.945741 -0.000001 0.000001 2.033106 0.315095 -0.209492
 30 1.364904 0.231177 1.984410 -3.139615 0.004157 1.002253
 31 1.748536 -0.000002 0.000001 0.000000 -0.000000 0.436276
 32 1.272493 0.000001 0.000002 0.000000 -0.000000 0.322849
 33 4.525584 -0.000303 1.850224 -0.016317 -0.094622 0.192575
 34 1.719873 0.000001 0.000000 0.000000 -0.000000 0.034907
 35 1.383647 0.000000 -0.000001 0.000000 -0.000000 0.689317
 36 4.525584 -0.000101 0.616741 -0.040896 -0.032761 0.934240
 37 1.807674 -0.000001 0.000000 0.000000 -0.000000 0.907547
 38 1.614256 -0.000001 0.000000 0.000000 -0.000000 1.151884
 39 4.525584 0.000101 -0.616741 -0.026857 -0.022390 0.933908
 40 1.719871 -0.000002 0.000000 0.000000 -0.000000 0.907547
 41 1.383648 0.000001 0.000000 0.000000 -0.000000 1.151884
 42 4.525584 0.000304 -1.850223 0.029257 0.019200 0.933920
 43 1.433227 0.000002 0.000000 0.000000 -0.000000 0.907405
 44 1.153038 0.000000 0.000000 0.000000 -0.000000 1.151837
 45 -0.000008 0.000010 5.615750 -3.123855 -0.052057 2.740550
 46 15.693467 0.000000 0.000000 0.000000 -0.000000 -0.575320
 47 22.146629 -0.000001 0.000000 0.011776 -0.055375 0.241607
 48 3.310129 5.734394 0.000000 0.000000 -0.000000 1.570796
 49 0.000008 -0.000006 -5.615750 -3.123855 -0.051960 2.744097
 50 15.693467 0.000000 0.000000 0.000000 -0.000000 -0.575486
 51 22.146629 0.000000 0.000000 0.011564 -0.055345 0.245292
 52 3.310129 5.734394 0.000000 0.000000 -0.000000 1.570796
 53 1.977383 0.000000 0.000000 -0.030237 -0.058010 -0.158681
 54 3.723980 2.768054 -0.049087 -3.141592 -0.000002 1.570799
 55 11.781867 -0.001184 -0.000003 0.000000 -0.000000 0.000000
 56 -3.887187 4.546144 1.934869 -3.141591 -1.570796 0.000000
 57 -4.205003 4.546216 -0.015855 -3.141591 -1.570796 0.000000
 58 -3.887188 4.546179 -1.987145 -3.141591 -1.570796 0.000000
 59 -4.881806 5.593821 -1.566820 1.307068 -1.405880 1.818307
 60 -4.886902 5.683144 -0.007570 -3.132865 -1.570796 0.000000
 61 -4.881796 5.609550 1.546659 1.307068 -1.405880 1.818307
 62 3.710047 1.760547 -0.059361 -0.091858 -0.075851 1.616828
time 42
  0 -1.761760 1.761760 29.669428 0.000096 0.068809 -1.559004
  1 -2.201873 0.000001 9.745319 -1.570795 -1.570451 0.000000
  2 1.384163 -0.004728 0.000002 -0.000004 -0.000001 0.131185
  3 5.939814 -0.004730 0.000000 0.000000 -0.000000 0.069738
  4 5.939809 -0.003975 0.000000 0.000000 -0.000000 0.000000
  5 4.991439 -0.003975 0.000000 0.000000 -0.000000 0.000000
  6 4.991436 -0.001575 0.000000 0.000000 -0.000000 0.000000
  7 0.000005 0.001564 3.638375 -0.000010 -1.406284 3.140806
  8 8.842831 0.000000 -0.000002 1.129424 0.742240 0.898896
  9 9.341934 0.000000 -0.000001 0.000000 -0.000000 -1.089489
 10 11.168404 -0.000001 0.000002 -2.138571 0.019061 -0.231172
 11 1.364904 0.231178 -1.984411 2.310809 0.500598 0.873954
 12 1.748536 -0.000002 0.000000 0.000000 -0.000000 0.567170
 13 1.272494 0.000001 -0.000001 0.000000 -0.000000 0.462442
 14 4.525584 -0.000304 -1.850224 0.079944 0.053288 1.005563
 15 1.719872 -0.000002 0.000000 0.000000 -0.000000 0.933623
 16 1.383647 0.000002 0.000000 0.000000 -0.000000 0.741644
 17 4.525584 -0.000102 -0.616741 0.043017 0.029897 1.004047
 18 1.807673 0.000001 -0.000001 0.000000 -0.000000 0.881257
 19 1.614255 0.000001 0.000001 0.000000 -0.000000 0.741755
 20 4.525584 0.000101 0.616741 0.028355 0.020521 1.003703
 21 1.719869 0.000000 -0.000001 0.000000 -0.000000 0.680519
 22 1.383649 -0.000001 0.000000 0.000000 -0.000000 0.741644
 23 4.525584 0.000303 1.850224 -0.030467 -0.017054 1.003724
 24 1.433227 -0.000002 0.000000 0.000000 -0.000000 0.680554
 25 1.153039 0.000000 0.000000 0.000000 -0.000000 0.741639
 26 0.000005 0.001585 -3.638375 -0.000010 1.492570 3.140787
 27 8.842831 0.000000 0.000001 0.000000 -1.264528 0.102428
 28 9.341937 0.000000 -0.000001 0.000000 -0.000000 -2.293220
 29 10.945741 -0.000001 0.000001 2.035529 0.315095 -0.195296
 30 1.364904 0.231177 1.984410 -3.139615 0.004157 1.002253
 31 1.748536 -0.000002 0.000001 0.000000 -0.000000 0.436276
 32 1.272493 0.000001 0.000002 0.000000 -0.000000 0.322849
 33 4.525584 -0.000303 1.850224 -0.016317 -0.094622 0.192575
 34 1.719873 0.000001 0.000000 0.000000 -0.000000 0.034907
 35 1.383647 0.000000 -0.000001 0.000000 -0.000000 0.689317
 36 4.525584 -0.000101 0.616741 -0.040896 -0.032761 0.934240
 37 1.807674 -0.000001 0.000000 0.000000 -0.000000 0.907547
 38 1.614256 -0.000001 0.000000 0.000000 -0.000000 1.151884
 39 4.525584 0.000101 -0.616741 -0.026857 -0.022390 0.933908
 40 1.719871 -0.000002 0.000000 0.000000 -0.000000 0.907547
 41 1.383648 0.000001 0.000000 0.000000 -0.000000 1.151884
 42 4.525584 0.000304 -1.850223 0.029257 0.019200 0.933920
 43 1.433227 0.000002 0.000000 0.000000 -0.000000 0.907405
 44 1.153038 0.000000 0.000000 0.000000 -0.000000 1.151837
 45 -0.000008 0.000010 5.615750 -3.123184 -0.052920 2.739591
 46 15.693467 0.000000 0.000000 0.000000 -0.000000 -0.574822
 47 22.146629 -0.000001 0.000000 0.011776 -0.056341 0.242199
 48 3.310129 5.734394 0.000000 0.000000 -0.000000 1.570796
 49 0.000008 -0.000006 -5.615750 -3.123184 -0.052823 2.743235
 50 15.693467 0.000000 0.000000 0.000000 -0.000000 -0.575144
 51 22.146629 0.000000 0.000000 0.011508 -0.056358 0.246013
 52 3.310129 5.734394 0.000000 0.000000 -0.000000 1.570796
 53 1.977383 0.000000 0.000000 -0.014061 -0.055793 -0.157538
 54 3.723980 2.768054 -0.049087 -3.141592 -0.000002 1.570799
 55 11.781867 -0.001184 -0.000003 0.000000 -0.000000 0.000000
 56 -3.887187 4.546144 1.934869 -3.141591 -1.570796 0.000000
 57 -4.205003 4.546216 -0.015855 -3.141591 -1.570796 0.000000
 58 -3.887188 4.546179 -1.987145 -3.141591 -1.570796 0.000000
 59 -4.881806 5.593821 -1.566820 1.254824 -1.433894 1.869776
 60 -4.886902 5.683144 -0.007570 -3.132865 -1.570796 0.000000
 61 -4.881796 5.609550 1.546659 1.254824 -1.433894 1.869776
 62 3.710047 1.760547 -0.059361 -0.091858 -0.075851 1.616828
time 43
  0 -1.799438 1.799438 29.669428 0.000192 0.070531 -1.558908
  1 -2.194061 0.000001 9.745319 -1.570795 -1.570451 0.000000
  2 1.384163 -0.004728 0.000002 -0.000004 -0.000001 0.130300
  3 5.939814 -0.004730 0.000000 0.000000 -0.000000 0.069738
  4 5.939809 -0.003975 0.000000 0.000000 -0.000000 0.000000
  5 4.991439 -0.003975 0.000000 0.000000 -0.000000 0.000000
  6 4.991436 -0.001575 0.000000 0.000000 -0.000000 0.000000
  7 0.000005 0.001564 3.638375 -0.000010 -1.408098 3.140806
  8 8.842831 0.000000 -0.000002 1.132350 0.742688 0.900866
  9 9.341934 0.000000 -0.000001 0.000000 -0.000000 -1.089489
 10 11.168404 -0.000001 0.000002 -2.138571 0.019061 -0.231172
 11 1.364904 0.231178 -1.984411 2.310809 0.500598 0.873954
 12 1.748536 -0.000002 0.000000 0.000000 -0.000000 0.567170
 13 1.272494 0.000001 -0.000001 0.000000 -0.000000 0.462442
 14 4.525584 -0.000304 -1.850224 0.079944 0.053288 1.005563
 15 1.719872 -0.000002 0.000000 0.000000 -0.000000 0.933623
 16 1.383647 0.000002 0.000000 0.000000 -0.000000 0.741644
 17 4.525584 -0.000102 -0.616741 0.043017 0.029897 1.004047
 18 1.807673 0.000001 -0.000001 0.000000 -0.000000 0.881257
 19 1.614255 0.000001 0.000001 0.000000 -0.000000 0.741755
 20 4.525584 0.000101 0.616741 0.028355 0.020521 1.003703
 21 1.719869 0.000000 -0.000001 0.000000 -0.000000 0.680519
 22 1.383649 -0.000001 0.000000 0.000000 -0.000000 0.741644
 23 4.525584 0.000303 1.850224 -0.030467 -0.017054 1.003724
 24 1.433227 -0.000002 0.000000 0.000000 -0.000000 0.680554
 25 1.153039 0.000000 0.000000 0.000000 -0.000000 0.741639
 26 0.000005 0.001585 -3.638375 -0.000010 1.492890 3.140787
 27 8.842831 0.000000 0.000001 0.022767 -1.264695 0.078131
 28 9.341937 0.000000 -0.000001 0.000000 -0.000000 -2.293220
 29 10.945741 -0.000001 0.000001 2.037673 0.315642 -0.186836
 30 1.364904 0.231177 1.984410 -3.139615 0.004157 1.002253
 31 1.748536 -0.000002 0.000001 0.000000 -0.000000 0.436276
 32 1.272493 0.000001 0.000002 0.000000 -0.000000 0.322849
 33 4.525584 -0.000303 1.850224 -0.016317 -0.094622 0.192575
 34 1.719873 0.000001 0.000000 0.000000 -0.000000 0.034907
 35 1.383647 0.000000 -0.000001 0.000000 -0.000000 0.689317
 36 4.525584 -0.000101 0.616741 -0.040896 -0.032761 0.934240
 37 1.807674 -0.000001 0.000000 0.000000 -0.000000 0.907547
 38 1.614256 -0.000001 0.000000 0.000000 -0.000000 1.151884
 39 4.525584 0.000101 -0.616741 -0.026857 -0.022390 0.933908
 40 1.719871 -0.000002 0.000000 0.000000 -0.000000 0.907547
 41 1.383648 0.000001 0.000000 0.000000 -0.000000 1.151884
 42 4.525584 0.000304 -1.850223 0.029257 0.019200 0.933920
 43 1.433227 0.000002 0.000000 0.000000 -0.000000 0.907405
 44 1.153038 0.000000 0.000000 0.000000 -0.000000 1.151837
 45 -0.000008 0.000010 5.615750 -3.123088 -0.053303 2.738728
 46 15.693467 0.000000 0.000000 0.000000 -0.000000 -0.574680
 47 22.146629 -0.000001 0.000000 0.011738 -0.056861 0.242890
 48 3.310129 5.734394 0.000000 0.000000 -0.000000 1.570796
 49 0.000008 -0.000006 -5.615750 -3.123088 -0.053398 2.742276
 50 15.693467 0.000000 0.000000 0.000000 -0.000000 -0.574802
 51 22.146629 0.000000 0.000000 0.011508 -0.056911 0.246734
 52 3.310129 5.734394 0.000000 0.000000 -0.000000 1.570796
 53 1.977383 0.000000 0.000000 0.000000 -0.052260 -0.156395
 54 3.723980 2.768054 -0.049087 -3.141592 -0.000002 1.570799
 55 11.781867 -0.001184 -0.000003 0.000000 -0.000000 0.000000
 56 -3.887187 4.546144 1.934869 -3.141591 -1.570796 0.000000
 57 -4.205003 4.546216 -0.015855 -3.141591 -1.570796 0.000000
 58 -3.887188 4.546179 -1.987145 -3.141591 -1.570796 0.000000
 59 -4.881806 5.593821 -1.566820 1.176382 -1.461360 1.947670
 60 -4.886902 5.683144 -0.007570 -3.132865 -1.570796 0.000000
 61 -4.881796 5.609550 1.546659 1.176382 -1.461360 1.947670
 62 3.710047 1.760547 -0.059361 -0.091858 -0.075851 1.616828
time 44
  0 -1.784367 1.784367 29.669428 0.000192 0.072445 -1.558812
  1 -2.182342 0.000001 9.745319 -1.570795 -1.570451 0.000000
  2 1.384163 -0.004728 0.000002 -0.000004 -0.000001 0.129695
  3 5.939814 -0.004730 0.000000 0.000000 -0.000000 0.069738
  4 5.939809 -0.003975 0.000000 0.000000 -0.000000 0.000000
  5 4.991439 -0.003975 0.000000 0.000000 -0.000000 0.000000
  6 4.991436 -0.001575 0.000000 0.000000 -0.000000 0.000000
  7 0.000005 0.001564 3.638375 -0.000010 -1.409331 3.140806
  8 8.842831 0.000000 -0.000002 1.134179 0.743046 0.902343
  9 9.341934 0.000000 -0.000001 0.000000 -0.000000 -1.089489
 10 11.168404 -0.000001 0.000002 -2.138571 0.019061 -0.231172
 11 1.364904 0.231178 -1.984411 2.310809 0.500598 0.873954
 12 1.748536 -0.000002 0.000000 0.000000 -0.000000 0.567170
 13 1.272494 0.000001 -0.000001 0.000000 -0.000000 0.462442
 14 4.525584 -0.000304 -1.850224 0.079944 0.053288 1.005563
 15 1.719872 -0.000002 0.000000 0.000000 -0.000000 0.933623
 16 1.383647 0.000002 0.000000 0.000000 -0.000000 0.741644
 17 4.525584 -0.000102 -0.616741 0.043017 0.029897 1.004047
 18 1.807673 0.000001 -0.000001 0.000000 -0.000000 0.881257
 19 1.614255 0.000001 0.000001 0.000000 -0.000000 0.741755
 20 4.525584 0.000101 0.616741 0.028355 0.020521 1.003703
 21 1.719869 0.000000 -0.000001 0.000000 -0.000000 0.680519
 22 1.383649 -0.000001 0.000000 0.000000 -0.000000 0.741644
 23 4.525584 0.000303 1.850224 -0.030467 -0.017054 1.003724
 24 1.433227 -0.000002 0.000000 0.000000 -0.000000 0.680554
 25 1.153039 0.000000 0.000000 0.000000 -0.000000 0.741639
 26 0.000005 0.001585 -3.638375 -0.000010 1.492661 3.140787
 27 8.842831 0.000000 0.000001 0.044445 -1.264110 0.055168
 28 9.341937 0.000000 -0.000001 0.000000 -0.000000 -2.293220
 29 10.945741 -0.000001 0.000001 2.039443 0.316654 -0.179973
 30 1.364904 0.231177 1.984410 -3.139615 0.004157 1.002253
 31 1.748536 -0.000002 0.000001 0.000000 -0.000000 0.436276
 32 1.272493 0.000001 0.000002 0.000000 -0.000000 0.322849
 33 4.525584 -0.000303 1.850224 -0.016317 -0.094622 0.192575
 34 1.719873 0.000001 0.000000 0.000000 -0.000000 0.034907
 35 1.383647 0.000000 -0.000001 0.000000 -0.000000 0.689317
 36 4.525584 -0.000101 0.616741 -0.040896 -0.032761 0.934240
 37 1.807674 -0.000001 0.000000 0.000000 -0.000000 0.907547
 38 1.614256 -0.000001 0.000000 0.000000 -0.000000 1.151884
 39 4.525584 0.000101 -0.616741 -0.026857 -0.022390 0.933908
 40 1.719871 -0.000002 0.000000 0.000000 -0.000000 0.907547
 41 1.383648 0.000001 0.000000 0.000000 -0.000000 1.151884
 42 4.525584 0.000304 -1.850223 0.029257 0.019200 0.933920
 43 1.433227 0.000002 0.000000 0.000000 -0.000000 0.907405
 44 1.153038 0.000000 0.000000 0.000000 -0.000000 1.151837
 45 -0.000008 0.000010 5.615750 -3.123088 -0.053112 2.737482
 46 15.693467 0.000000 0.000000 0.000000 -0.000000 -0.574680
 47 22.146629 -0.000001 0.000000 0.011701 -0.056737 0.243532
 48 3.310129 5.734394 0.000000 0.000000 -0.000000 1.570796
 49 0.000008 -0.000006 -5.615750 -3.123088 -0.053206 2.741125
 50 15.693467 0.000000 0.000000 0.000000 -0.000000 -0.574802
 51 22.146629 0.000000 0.000000 0.011508 -0.056727 0.247365
 52 3.310129 5.734394 0.000000 0.000000 -0.000000 1.570796
 53 1.977383 0.000000 0.000000 0.012793 -0.046187 -0.155451
 54 3.723980 2.768054 -0.049087 -3.141592 -0.000002 1.570799
 55 11.781867 -0.001184 -0.000003 0.000000 -0.000000 0.000000
 56 -3.887187 4.546144 1.934869 -3.141591 -1.570796 0.000000
 57 -4.205003 4.546216 -0.015855 -3.141591 -1.570796 0.000000
 58 -3.887188 4.546179 -1.987145 -3.141591 -1.570796 0.000000
 59 -4.881806 5.593821 -1.566820 1.047319 -1.487704 2.076220
 60 -4.886902 5.683144 -0.007570 -3.132865 -1.570796 0.000000
 61 -4.881796 5.609550 1.546659 1.047319 -1.487704 2.076220
 62 3.710047 1.760547 -0.059361 -0.091858 -0.075851 1.616828
time 45
  0 -1.746689 1.746689 29.649830 0.000192 0.074359 -1.558812
  1 -2.182342 0.000001 9.745319 -1.570795 -1.570451 0.000000
  2 1.384163 -0.004728 0.000002 -0.000004 -0.000001 0.129369
  3 5.939814 -0.004730 0.000000 0.000000 -0.000000 0.069738
  4 5.939809 -0.003975 0.000000 0.000000 -0.000000 0.000000
  5 4.991439 -0.003975 0.000000 0.000000 -0.000000 0.000000
  6 4.991436 -0.001575 0.000000 0.000000 -0.000000 0.000000
  7 0.000005 0.001564 3.638375 -0.000010 -1.409984 3.140806
  8 8.842831 0.000000 -0.000002 1.135002 0.743226 0.902835
  9 9.341934 0.000000 -0.000001 0.000000 -0.000000 -1.089489
 10 11.168404 -0.000001 0.000002 -2.138571 0.019061 -0.231172
 11 1.364904 0.231178 -1.984411 2.310809 0.500598 0.873954
 12 1.748536 -0.000002 0.000000 0.000000 -0.000000 0.567170
 13 1.272494 0.000001 -0.000001 0.000000 -0.000000 0.462442
 14 4.525584 -0.000304 -1.850224 0.079944 0.053288 1.005563
 15 1.719872 -0.000002 0.000000 0.000000 -0.000000 0.933623
 16 1.383647 0.000002 0.000000 0.000000 -0.000000 0.741644
 17 4.525584 -0.000102 -0.616741 0.043017 0.029897 1.004047
 18 1.807673 0.000001 -0.000001 0.000000 -0.000000 0.881257
 19 1.614255 0.000001 0.000001 0.000000 -0.000000 0.741755
 20 4.525584 0.000101 0.616741 0.028355 0.020521 1.003703
 21 1.719869 0.000000 -0.000001 0.000000 -0.000000 0.680519
 22 1.383649 -0.000001 0.000000 0.000000 -0.000000 0.741644
 23 4.525584 0.000303 1.850224 -0.030467 -0.017054 1.003724
 24 1.433227 -0.000002 0.000000 0.000000 -0.000000 0.680554
 25 1.153039 0.000000 0.000000 0.000000 -0.000000 0.741639
 26 0.000005 0.001585 -3.638375 -0.000010 1.491473 3.140787
 27 8.842831 0.000000 0.000001 0.067211 -1.262521 0.031157
 28 9.341937 0.000000 -0.000001 0.000000 -0.000000 -2.293220
 29 10.945741 -0.000001 0.000001 2.041494 0.317834 -0.173580
 30 1.364904 0.231177 1.984410 -3.139615 0.004157 1.002253
 31 1.748536 -0.000002 0.000001 0.000000 -0.000000 0.436276
 32 1.272493 0.000001 0.000002 0.000000 -0.000000 0.322849
 33 4.525584 -0.000303 1.850224 -0.016317 -0.094622 0.192575
 34 1.719873 0.000001 0.000000 0.000000 -0.000000 0.034907
 35 1.383647 0.000000 -0.000001 0.000000 -0.000000 0.689317
 36 4.525584 -0.000101 0.616741 -0.040896 -0.032761 0.934240
 37 1.807674 -0.000001 0.000000 0.000000 -0.000000 0.907547
 38 1.614256 -0.000001 0.000000 0.000000 -0.000000 1.151884
 39 4.525584 0.000101 -0.616741 -0.026857 -0.022390 0.933908
 40 1.719871 -0.000002 0.000000 0.000000 -0.000000 0.907547
 41 1.383648 0.000001 0.000000 0.000000 -0.000000 1.151884
 42 4.525584 0.000304 -1.850223 0.029257 0.019200 0.933920
 43 1.433227 0.000002 0.000000 0.000000 -0.000000 0.907405
 44 1.153038 0.000000 0.000000 0.000000 -0.000000 1.151837
 45 -0.000008 0.000010 5.615750 -3.123184 -0.052249 2.735948
 46 15.693467 0.000000 0.000000 0.000000 -0.000000 -0.575036
 47 22.146629 -0.000001 0.000000 0.011738 -0.055722 0.244321
 48 3.310129 5.734394 0.000000 0.000000 -0.000000 1.570796
 49 0.000008 -0.000006 -5.615750 -3.123184 -0.052248 2.739591
 50 15.693467 0.000000 0.000000 0.000000 -0.000000 -0.575144
 51 22.146629 0.000000 0.000000 0.011508 -0.055744 0.248177
 52 3.310129 5.734394 0.000000 0.000000 -0.000000 1.570796
 53 1.977383 0.000000 0.000000 0.025268 -0.036903 -0.154407
 54 3.723980 2.768054 -0.049087 -3.141592 -0.000002 1.570799
 55 11.781867 -0.001184 -0.000003 0.000000 -0.000000 0.000000
 56 -3.887187 4.546144 1.934869 -3.141591 -1.570796 0.000000
 57 -4.205003 4.546216 -0.015855 -3.141591 -1.570796 0.000000
 58 -3.887188 4.546179 -1.987145 -3.141591 -1.570796 0.000000
 59 -4.881806 5.593821 -1.566820 1.047319 -1.487704 2.076220
 60 -4.886902 5.683144 -0.007570 -2.987424 -1.570796 0.000000
 61 -4.881796 5.609550 1.546659 1.047319 -1.487704 2.076220
 62 3.710047 1.760547 -0.059361 -0.091858 -0.075851 1.616828
time 46
  0 -1.678868 1.678868 29.649830 0.000192 0.076561 -1.558717
  1 -2.182342 0.000001 9.745319 -1.570795 -1.570451 0.000000
  2 1.384163 -0.004728 0.000002 -0.000004 -0.000001 0.129323
  3 5.939814 -0.004730 0.000000 0.000000 -0.000000 0.069738
  4 5.939809 -0.003975 0.000000 0.000000 -0.000000 0.000000
  5 4.991439 -0.003975 0.000000 0.000000 -0.000000 0.000000
  6 4.991436 -0.001575 0.000000 0.000000 -0.000000 0.000000
  7 0.000005 0.001564 3.638375 -0.000010 -1.409984 3.140806
  8 8.842831 0.000000 -0.000002 1.135185 0.743226 0.902835
  9 9.341934 0.000000 -0.000001 0.000000 -0.000000 -1.089489
 10 11.168404 -0.000001 0.000002 -2.138571 0.019061 -0.231172
 11 1.364904 0.231178 -1.984411 2.310809 0.500598 0.873954
 12 1.748536 -0.000002 0.000000 0.000000 -0.000000 0.567170
 13 1.272494 0.000001 -0.000001 0.000000 -0.000000 0.462442
 14 4.525584 -0.000304 -1.850224 0.079944 0.053288 1.005563
 15 1.719872 -0.000002 0.000000 0.000000 -0.000000 0.933623
 16 1.383647 0.000002 0.000000 0.000000 -0.000000 0.741644
 17 4.525584 -0.000102 -0.616741 0.043017 0.029897 1.004047
 18 1.807673 0.000001 -0.000001 0.000000 -0.000000 0.881257
 19 1.614255 0.000001 0.000001 0.000000 -0.000000 0.741755
 20 4.525584 0.000101 0.616741 0.028355 0.020521 1.003703
 21 1.719869 0.000000 -0.000001 0.000000 -0.000000 0.680519
 22 1.383649 -0.000001 0.000000 0.000000 -0.000000 0.741644
 23 4.525584 0.000303 1.850224 -0.030467 -0.017054 1.003724
 24 1.433227 -0.000002 0.000000 0.000000 -0.000000 0.680554
 25 1.153039 0.000000 0.000000 0.000000 -0.000000 0.741639
 26 0.000005 0.001585 -3.638375 -0.000010 1.489553 3.140787
 27 8.842831 0.000000 0.000001 0.090432 -1.260012 0.006860
 28 9.341937 0.000000 -0.000001 0.000000 -0.000000 -2.293220
 29 10.945741 -0.000001 0.000001 2.043265 0.319183 -0.169444
 30 1.364904 0.231177 1.984410 -3.139615 0.004157 1.002253
 31 1.748536 -0.000002 0.000001 0.000000 -0.000000 0.436276
 32 1.272493 0.000001 0.000002 0.000000 -0.000000 0.322849
 33 4.525584 -0.000303 1.850224 -0.016317 -0.094622 0.192575
 34 1.719873 0.000001 0.000000 0.000000 -0.000000 0.034907
 35 1.383647 0.000000 -0.000001 0.000000 -0.000000 0.689317
 36 4.525584 -0.000101 0.616741 -0.040896 -0.032761 0.934240
 37 1.807674 -0.000001 0.000000 0.000000 -0.000000 0.907547
 38 1.614256 -0.000001 0.000000 0.000000 -0.000000 1.151884
 39 4.525584 0.000101 -0.616741 -0.026857 -0.022390 0.933908
 40 1.719871 -0.000002 0.000000 0.000000 -0.000000 0.907547
 41 1.383648 0.000001 0.000000 0.000000 -0.000000 1.151884
 42 4.525584 0.000304 -1.850223 0.029257 0.019200 0.933920
 43 1.433227 0.000002 0.000000 0.000000 -0.000000 0.907405
 44 1.153038 0.000000 0.000000 0.000000 -0.000000 1.151837
 45 -0.000008 0.000010 5.615750 -3.123855 -0.050715 2.734126
 46 15.693467 0.000000 0.000000 0.000000 -0.000000 -0.575605
 47 22.146629 -0.000001 0.000000 0.011776 -0.054137 0.245111
 48 3.310129 5.734394 0.000000 0.000000 -0.000000 1.570796
 49 0.000008 -0.000006 -5.615750 -3.123855 -0.050618 2.737770
 50 15.693467 0.000000 0.000000 0.000000 -0.000000 -0.575828
 51 22.146629 0.000000 0.000000 0.011564 -0.054179 0.248898
 52 3.310129 5.734394 0.000000 0.000000 -0.000000 1.570796
 53 1.977383 0.000000 0.000000 0.037638 -0.025287 -0.153314
 54 3.723980 2.768054 -0.049087 -3.141592 -0.000002 1.570799
 55 11.781867 -0.001184 -0.000003 0.000000 -0.000000 0.000000
 56 -3.887187 4.546144 1.934869 -3.141591 -1.570796 0.000000
 57 -4.205003 4.546216 -0.015855 -3.141591 -1.570796 0.000000
 58 -3.887188 4.546179 -1.987145 -3.141591 -1.570796 0.000000
 59 -4.881806 5.593821 -1.566820 1.047319 -1.487704 2.076220
 60 -4.886902 5.683144 -0.007570 -2.842272 -1.570796 0.000000
 61 -4.881796 5.609550 1.546659 1.047319 -1.487704 2.076220
 62 3.710047 1.760547 -0.059361 -0.091858 -0.075851 1.616828
time 47
  0 -1.611048 1.611048 29.649830 0.000192 0.078475 -1.558621
  1 -2.182342 0.000001 9.745319 -1.570795 -1.570451 0.000000
  2 1.384163 -0.004728 0.000002 -0.000004 -0.000001 0.129556
  3 5.939814 -0.004730 0.000000 0.000000 -0.000000 0.069738
  4 5.939809 -0.003975 0.000000 0.000000 -0.000000 0.000000
  5 4.991439 -0.003975 0.000000 0.000000 -0.000000 0.000000
  6 4.991436 -0.001575 0.000000 0.000000 -0.000000 0.000000
  7 0.000005 0.001564 3.638375 -0.000010 -1.409585 3.140806
  8 8.842831 0.000000 -0.000002 1.134545 0.743046 0.902425
  9 9.341934 0.000000 -0.000001 0.000000 -0.000000 -1.089489
 10 11.168404 -0.000001 0.000002 -2.138571 0.019061 -0.231172
 11 1.364904 0.231178 -1.984411 2.310809 0.500598 0.873954
 12 1.748536 -0.000002 0.000000 0.000000 -0.000000 0.567170
 13 1.272494 0.000001 -0.000001 0.000000 -0.000000 0.462442
 14 4.525584 -0.000304 -1.850224 0.079944 0.053288 1.005563
 15 1.719872 -0.000002 0.000000 0.000000 -0.000000 0.933623
 16 1.383647 0.000002 0.000000 0.000000 -0.000000 0.741644
 17 4.525584 -0.000102 -0.616741 0.043017 0.029897 1.004047
 18 1.807673 0.000001 -0.000001 0.000000 -0.000000 0.881257
 19 1.614255 0.000001 0.000001 0.000000 -0.000000 0.741755
 20 4.525584 0.000101 0.616741 0.028355 0.020521 1.003703
 21 1.719869 0.000000 -0.000001 0.000000 -0.000000 0.680519
 22 1.383649 -0.000001 0.000000 0.000000 -0.000000 0.741644
 23 4.525584 0.000303 1.850224 -0.030467 -0.017054 1.003724
 24 1.433227 -0.000002 0.000000 0.000000 -0.000000 0.680554
 25 1.153039 0.000000 0.000000 0.000000 -0.000000 0.741639
 26 0.000005 0.001585 -3.638375 -0.000010 1.487038 3.140787
 27 8.842831 0.000000 0.000001 0.112745 -1.256834 -0.016198
 28 9.341937 0.000000 -0.000001 0.000000 -0.000000 -2.293220
 29 10.945741 -0.000001 0.000001 2.045036 0.320742 -0.165872
 30 1.364904 0.231177 1.984410 -3.139615 0.004157 1.002253
 31 1.748536 -0.000002 0.000001 0.000000 -0.000000 0.436276
 32 1.272493 0.000001 0.000002 0.000000 -0.000000 0.322849
 33 4.525584 -0.000303 1.850224 -0.016317 -0.094622 0.192575
 34 1.719873 0.000001 0.000000 0.000000 -0.000000 0.034907
 35 1.383647 0.000000 -0.000001 0.000000 -0.000000 0.689317
 36 4.525584 -0.000101 0.616741 -0.040896 -0.032761 0.934240
 37 1.807674 -0.000001 0.000000 0.000000 -0.000000 0.907547
 38 1.614256 -0.000001 0.000000 0.000000 -0.000000 1.151884
 39 4.525584 0.000101 -0.616741 -0.026857 -0.022390 0.933908
 40 1.719871 -0.000002 0.000000 0.000000 -0.000000 0.907547
 41 1.383648 0.000001 0.000000 0.000000 -0.000000 1.151884
 42 4.525584 0.000304 -1.850223 0.029257 0.019200 0.933920
 43 1.433227 0.000002 0.000000 0.000000 -0.000000 0.907405
 44 1.153038 0.000000 0.000000 0.000000 -0.000000 1.151837
 45 -0.000008 0.000010 5.615750 -3.124143 -0.048606 2.732305
 46 15.693467 0.000000 0.000000 0.000000 -0.000000 -0.576316
 47 22.146629 -0.000001 0.000000 0.011776 -0.052056 0.245851
 48 3.310129 5.734394 0.000000 0.000000 -0.000000 1.570796
 49 0.000008 -0.000006 -5.615750 -3.124527 -0.048604 2.735852
 50 15.693467 0.000000 0.000000 0.000000 -0.000000 -0.576512
 51 22.146629 0.000000 0.000000 0.011564 -0.052092 0.249709
 52 3.310129 5.734394 0.000000 0.000000 -0.000000 1.570796
 53 1.977383 0.000000 0.000000 0.049532 -0.012216 -0.152171
 54 3.723980 2.768054 -0.049087 -3.141592 -0.000002 1.570799
 55 11.781867 -0.001184 -0.000003 0.000000 -0.000000 0.000000
 56 -3.887187 4.546144 1.934869 -3.141591 -1.570796 0.000000
 57 -4.205003 4.546216 -0.015855 -3.141591 -1.570796 0.000000
 58 -3.887188 4.546179 -1.987145 -3.141591 -1.570796 0.000000
 59 -4.881806 5.593821 -1.566820 1.047319 -1.487704 2.076220
 60 -4.886902 5.683144 -0.007570 -2.696543 -1.570796 0.000000
 61 -4.881796 5.609550 1.546659 1.047319 -1.487704 2.076220
 62 3.710047 1.760547 -0.059361 -0.091858 -0.075851 1.616828
time 48
  0 -1.528155 1.528156 29.649830 0.000192 0.080389 -1.558333
  1 -2.190154 0.000001 9.745319 -1.570795 -1.570451 0.000000
  2 1.384163 -0.004728 0.000002 -0.000004 -0.000001 0.129881
  3 5.939814 -0.004730 0.000000 0.000000 -0.000000 0.069738
  4 5.939809 -0.003975 0.000000 0.000000 -0.000000 0.000000
  5 4.991439 -0.003975 0.000000 0.000000 -0.000000 0.000000
  6 4.991436 -0.001575 0.000000 0.000000 -0.000000 0.000000
  7 0.000005 0.001564 3.638375 -0.000010 -1.408896 3.140806
  8 8.842831 0.000000 -0.000002 1.133356 0.742957 0.901604
  9 9.341934 0.000000 -0.000001 0.000000 -0.000000 -1.089489
 10 11.168404 -0.000001 0.000002 -2.138571 0.019061 -0.231172
 11 1.364904 0.231178 -1.984411 2.310809 0.500598 0.873954
 12 1.748536 -0.000002 0.000000 0.000000 -0.000000 0.567170
 13 1.272494 0.000001 -0.000001 0.000000 -0.000000 0.462442
 14 4.525584 -0.000304 -1.850224 0.079944 0.053288 1.005563
 15 1.719872 -0.000002 0.000000 0.000000 -0.000000 0.933623
 16 1.383647 0.000002 0.000000 0.000000 -0.000000 0.741644
 17 4.525584 -0.000102 -0.616741 0.043017 0.029897 1.004047
 18 1.807673 0.000001 -0.000001 0.000000 -0.000000 0.881257
 19 1.614255 0.000001 0.000001 0.000000 -0.000000 0.741755
 20 4.525584 0.000101 0.616741 0.028355 0.020521 1.003703
 21 1.719869 0.000000 -0.000001 0.000000 -0.000000 0.680519
 22 1.383649 -0.000001 0.000000 0.000000 -0.000000 0.741644
 23 4.525584 0.000303 1.850224 -0.030467 -0.017054 1.003724
 24 1.433227 -0.000002 0.000000 0.000000 -0.000000 0.680554
 25 1.153039 0.000000 0.000000 0.000000 -0.000000 0.741639
 26 0.000005 0.001585 -3.638375 -0.000010 1.484204 3.140787
 27 8.842831 0.000000 0.000001 0.133879 -1.253071 -0.038208
 28 9.341937 0.000000 -0.000001 0.000000 -0.000000 -2.293220
 29 10.945741 -0.000001 0.000001 2.046713 0.322470 -0.162769
 30 1.364904 0.231177 1.984410 -3.139615 0.004157 1.002253
 31 1.748536 -0.000002 0.000001 0.000000 -0.000000 0.436276
 32 1.272493 0.000001 0.000002 0.000000 -0.000000 0.322849
 33 4.525584 -0.000303 1.850224 -0.016317 -0.094622 0.192575
 34 1.719873 0.000001 0.000000 0.000000 -0.000000 0.034907
 35 1.383647 0.000000 -0.000001 0.000000 -0.000000 0.689317
 36 4.525584 -0.000101 0.616741 -0.040896 -0.032761 0.934240
 37 1.807674 -0.000001 0.000000 0.000000 -0.000000 0.907547
 38 1.614256 -0.000001 0.000000 0.000000 -0.000000 1.151884
 39 4.525584 0.000101 -0.616741 -0.026857 -0.022390 0.933908
 40 1.719871 -0.000002 0.000000 0.000000 -0.000000 0.907547
 41 1.383648 0.000001 0.000000 0.000000 -0.000000 1.151884
 42 4.525584 0.000304 -1.850223 0.029257 0.019200 0.933920
 43 1.433227 0.000002 0.000000 0.000000 -0.000000 0.907405
 44 1.153038 0.000000 0.000000 0.000000 -0.000000 1.151837
 45 -0.000008 0.000010 5.615750 -3.124814 -0.046400 2.730483
 46 15.693467 0.000000 0.000000 0.000000 -0.000000 -0.577170
 47 22.146629 -0.000001 0.000000 0.011776 -0.049778 0.246591
 48 3.310129 5.734394 0.000000 0.000000 -0.000000 1.570796
 49 0.000008 -0.000006 -5.615750 -3.125198 -0.046399 2.734127
 50 15.693467 0.000000 0.000000 0.000000 -0.000000 -0.577281
 51 22.146629 0.000000 0.000000 0.011564 -0.049759 0.250520
 52 3.310129 5.734394 0.000000 0.000000 -0.000000 1.570796
 53 1.977383 0.000000 0.000000 0.061215 0.001432 -0.151028
 54 3.723980 2.768054 -0.049087 -3.141592 -0.000002 1.570799
 55 11.781867 -0.001184 -0.000003 0.000000 -0.000000 0.000000
 56 -3.887187 4.546144 1.934869 -3.141591 -1.570796 0.000000
 57 -4.205003 4.546216 -0.015855 -3.141591 -1.570796 0.000000
 58 -3.887188 4.546179 -1.987145 -3.141591 -1.570796 0.000000
 59 -4.881806 5.593821 -1.566820 1.047319 -1.487704 2.076220
 60 -4.886902 5.683144 -0.007570 -2.783884 -1.570796 0.000000
 61 -4.881796 5.609550 1.546659 1.047319 -1.487704 2.076220
 62 3.710047 1.760547 -0.059361 -0.091858 -0.075851 1.616828
time 49
  0 -1.452799 1.452799 29.649830 0.000192 0.081728 -1.558333
  1 -2.194061 0.000001 9.745319 -1.570795 -1.570451 0.000000
  2 1.384163 -0.004728 0.000002 -0.000004 -0.000001 0.130394
  3 5.939814 -0.004730 0.000000 0.000000 -0.000000 0.069738
  4 5.939809 -0.003975 0.000000 0.000000 -0.000000 0.000000
  5 4.991439 -0.003975 0.000000 0.000000 -0.000000 0.000000
  6 4.991436 -0.001575 0.000000 0.000000 -0.000000 0.000000
  7 0.000005 0.001564 3.638375 -0.000010 -1.407880 3.140806
  8 8.842831 0.000000 -0.000002 1.131893 0.742688 0.900702
  9 9.341934 0.000000 -0.000001 0.000000 -0.000000 -1.089489
 10 11.168404 -0.000001 0.000002 -2.138571 0.019061 -0.231172
 11 1.364904 0.231178 -1.984411 2.310809 0.500598 0.873954
 12 1.748536 -0.000002 0.000000 0.000000 -0.000000 0.567170
 13 1.272494 0.000001 -0.000001 0.000000 -0.000000 0.462442
 14 4.525584 -0.000304 -1.850224 0.079944 0.053288 1.005563
 15 1.719872 -0.000002 0.000000 0.000000 -0.000000 0.933623
 16 1.383647 0.000002 0.000000 0.000000 -0.000000 0.741644
 17 4.525584 -0.000102 -0.616741 0.043017 0.029897 1.004047
 18 1.807673 0.000001 -0.000001 0.000000 -0.000000 0.881257
 19 1.614255 0.000001 0.000001 0.000000 -0.000000 0.741755
 20 4.525584 0.000101 0.616741 0.028355 0.020521 1.003703
 21 1.719869 0.000000 -0.000001 0.000000 -0.000000 0.680519
 22 1.383649 -0.000001 0.000000 0.000000 -0.000000 0.741644
 23 4.525584 0.000303 1.850224 -0.030467 -0.017054 1.003724
 24 1.433227 -0.000002 0.000000 0.000000 -0.000000 0.680554
 25 1.153039 0.000000 0.000000 0.000000 -0.000000 0.741639
 26 0.000005 0.001585 -3.638375 -0.000010 1.481187 3.140787
 27 8.842831 0.000000 0.000001 0.152564 -1.249224 -0.057741
 28 9.341937 0.000000 -0.000001 0.000000 -0.000000 -2.293220
 29 10.945741 -0.000001 0.000001 2.047925 0.324367 -0.161171
 30 1.364904 0.231177 1.984410 -3.139615 0.004157 1.002253
 31 1.748536 -0.000002 0.000001 0.000000 -0.000000 0.436276
 32 1.272493 0.000001 0.000002 0.000000 -0.000000 0.322849
 33 4.525584 -0.000303 1.850224 -0.016317 -0.094622 0.192575
 34 1.719873 0.000001 0.000000 0.000000 -0.000000 0.034907
 35 1.383647 0.000000 -0.000001 0.000000 -0.000000 0.689317
 36 4.525584 -0.000101 0.616741 -0.040896 -0.032761 0.934240
 37 1.807674 -0.000001 0.000000 0.000000 -0.000000 0.907547
 38 1.614256 -0.000001 0.000000 0.000000 -0.000000 1.151884
 39 4.525584 0.000101 -0.616741 -0.026857 -0.022390 0.933908
 40 1.719871 -0.000002 0.000000 0.000000 -0.000000 0.907547
 41 1.383648 0.000001 0.000000 0.000000 -0.000000 1.151884
 42 4.525584 0.000304 -1.850223 0.029257 0.019200 0.933920
 43 1.433227 0.000002 0.000000 0.000000 -0.000000 0.907405
 44 1.153038 0.000000 0.000000 0.000000 -0.000000 1.151837
 45 -0.000008 0.000010 5.615750 -3.125581 -0.044099 2.728758
 46 15.693467 0.000000 0.000000 0.000000 -0.000000 -0.577881
 47 22.146629 -0.000001 0.000000 0.011738 -0.047376 0.247232
 48 3.310129 5.734394 0.000000 0.000000 -0.000000 1.570796
 49 0.000008 -0.000006 -5.615750 -3.125581 -0.044099 2.732401
 50 15.693467 0.000000 0.000000 0.000000 -0.000000 -0.578051
 51 22.146629 0.000000 0.000000 0.011508 -0.047364 0.251061
 52 3.310129 5.734394 0.000000 0.000000 -0.000000 1.570796
 53 1.977383 0.000000 0.000000 0.072686 0.014988 -0.149885
 54 3.723980 2.768054 -0.049087 -3.141592 -0.000002 1.570799
 55 11.781867 -0.001184 -0.000003 0.000000 -0.000000 0.000000
 56 -3.887187 4.546144 1.934869 -3.141591 -1.570796 0.000000
 57 -4.205003 4.546216 -0.015855 -3.141591 -1.570796 0.000000
 58 -3.887188 4.546179 -1.987145 -3.141591 -1.570796 0.000000
 59 -4.881806 5.593821 -1.566820 1.047319 -1.487704 2.076220
 60 -4.886902 5.683144 -0.007570 -2.871225 -1.570796 0.000000
 61 -4.881796 5.609550 1.546659 1.047319 -1.487704 2.076220
 62 3.710047 1.760547 -0.059361 -0.091858 -0.075851 1.616828
time 50
  0 -1.362372 1.362372 29.649830 0.000192 0.082973 -1.558333
  1 -2.201873 0.000001 9.745319 -1.570795 -1.570451 0.000000
  2 1.384163 -0.004728 0.000002 -0.000004 -0.000001 0.130999
  3 5.939814 -0.004730 0.000000 0.000000 -0.000000 0.069738
  4 5.939809 -0.003975 0.000000 0.000000 -0.000000 0.000000
  5 4.991439 -0.003975 0.000000 0.000000 -0.000000 0.000000
  6 4.991436 -0.001575 0.000000 0.000000 -0.000000 0.000000
  7 0.000005 0.001564 3.638375 -0.000010 -1.406755 3.140806
  8 8.842831 0.000000 -0.000002 1.130247 0.742419 0.899471
  9 9.341934 0.000000 -0.000001 0.000000 -0.000000 -1.089489
 10 11.168404 -0.000001 0.000002 -2.138571 0.019061 -0.231172
 11 1.364904 0.231178 -1.984411 2.310809 0.500598 0.873954
 12 1.748536 -0.000002 0.000000 0.000000 -0.000000 0.567170
 13 1.272494 0.000001 -0.000001 0.000000 -0.000000 0.462442
 14 4.525584 -0.000304 -1.850224 0.079944 0.053288 1.005563
 15 1.719872 -0.000002 0.000000 0.000000 -0.000000 0.933623
 16 1.383647 0.000002 0.000000 0.000000 -0.000000 0.741644
 17 4.525584 -0.000102 -0.616741 0.043017 0.029897 1.004047
 18 1.807673 0.000001 -0.000001 0.000000 -0.000000 0.881257
 19 1.614255 0.000001 0.000001 0.000000 -0.000000 0.741755
 20 4.525584 0.000101 0.616741 0.028355 0.020521 1.003703
 21 1.719869 0.000000 -0.000001 0.000000 -0.000000 0.680519
 22 1.383649 -0.000001 0.000000 0.000000 -0.000000 0.741644
 23 4.525584 0.000303 1.850224 -0.030467 -0.017054 1.003724
 24 1.433227 -0.000002 0.000000 0.000000 -0.000000 0.680554
 25 1.153039 0.000000 0.000000 0.000000 -0.000000 0.741639
 26 0.000005 0.001585 -3.638375 -0.000010 1.478170 3.140787
 27 8.842831 0.000000 0.000001 0.168437 -1.245294 -0.074605
 28 9.341937 0.000000 -0.000001 0.000000 -0.000000 -2.293220
 29 10.945741 -0.000001 0.000001 2.049230 0.326432 -0.160607
 30 1.364904 0.231177 1.984410 -3.139615 0.004157 1.002253
 31 1.748536 -0.000002 0.000001 0.000000 -0.000000 0.436276
 32 1.272493 0.000001 0.000002 0.000000 -0.000000 0.322849
 33 4.525584 -0.000303 1.850224 -0.016317 -0.094622 0.192575
 34 1.719873 0.000001 0.000000 0.000000 -0.000000 0.034907
 35 1.383647 0.000000 -0.000001 0.000000 -0.000000 0.689317
 36 4.525584 -0.000101 0.616741 -0.040896 -0.032761 0.934240
 37 1.807674 -0.000001 0.000000 0.000000 -0.000000 0.907547
 38 1.614256 -0.000001 0.000000 0.000000 -0.000000 1.151884
 39 4.525584 0.000101 -0.616741 -0.026857 -0.022390 0.933908
 40 1.719871 -0.000002 0.000000 0.000000 -0.000000 0.907547
 41 1.383648 0.000001 0.000000 0.000000 -0.000000 1.151884
 42 4.525584 0.000304 -1.850223 0.029257 0.019200 0.933920
 43 1.433227 0.000002 0.000000 0.000000 -0.000000 0.907405
 44 1.153038 0.000000 0.000000 0.000000 -0.000000 1.151837
 45 -0.000008 0.000010 5.615750 -3.126252 -0.041894 2.727511
 46 15.693467 0.000000 0.000000 0.000000 -0.000000 -0.578521
 47 22.146629 -0.000001 0.000000 0.011626 -0.045147 0.247726
 48 3.310129 5.734394 0.000000 0.000000 -0.000000 1.570796
 49 0.000008 -0.000006 -5.615750 -3.126252 -0.041989 2.731154
 50 15.693467 0.000000 0.000000 0.000000 -0.000000 -0.578820
 51 22.146629 0.000000 0.000000 0.011395 -0.045124 0.251511
 52 3.310129 5.734394 0.000000 0.000000 -0.000000 1.570796
 53 1.977383 0.000000 0.000000 0.083787 0.027458 -0.148742
 54 3.723980 2.768054 -0.049087 -3.141592 -0.000002 1.570799
 55 11.781867 -0.001184 -0.000003 0.000000 -0.000000 0.000000
 56 -3.887187 4.546144 1.934869 -3.141591 -1.570796 0.000000
 57 -4.205003 4.546216 -0.015855 -3.141591 -1.570796 0.000000
 58 -3.887188 4.546179 -1.987145 -3.141591 -1.570796 0.000000
 59 -4.881806 5.593821 -1.566820 0.936804 -1.501150 2.186313
 60 -4.886902 5.683144 -0.007570 -2.958566 -1.570796 0.000000
 61 -4.881796 5.609550 1.546659 0.936804 -1.501150 2.186313
 62 3.710047 1.760547 -0.059361 -0.091858 -0.075851 1.616828
time 51
  0 -1.279480 1.279480 29.649830 0.000192 0.083834 -1.558717
  1 -2.201873 0.000001 9.745319 -1.570795 -1.570451 0.000000
  2 1.384163 -0.004728 0.000002 -0.000004 -0.000001 0.131557
  3 5.939814 -0.004730 0.000000 0.000000 -0.000000 0.069738
  4 5.939809 -0.003975 0.000000 0.000000 -0.000000 0.000000
  5 4.991439 -0.003975 0.000000 0.000000 -0.000000 0.000000
  6 4.991436 -0.001575 0.000000 0.000000 -0.000000 0.000000
  7 0.000005 0.001564 3.638375 -0.000010 -1.405558 3.140806
  8 8.842831 0.000000 -0.000002 1.128601 0.742150 0.898157
  9 9.341934 0.000000 -0.000001 0.000000 -0.000000 -1.089489
 10 11.168404 -0.000001 0.000002 -2.138571 0.019061 -0.231172
 11 1.364904 0.231178 -1.984411 2.310809 0.500598 0.873954
 12 1.748536 -0.000002 0.000000 0.000000 -0.000000 0.567170
 13 1.272494 0.000001 -0.000001 0.000000 -0.000000 0.462442
 14 4.525584 -0.000304 -1.850224 0.079944 0.053288 1.005563
 15 1.719872 -0.000002 0.000000 0.000000 -0.000000 0.933623
 16 1.383647 0.000002 0.000000 0.000000 -0.000000 0.741644
 17 4.525584 -0.000102 -0.616741 0.043017 0.029897 1.004047
 18 1.807673 0.000001 -0.000001 0.000000 -0.000000 0.881257
 19 1.614255 0.000001 0.000001 0.000000 -0.000000 0.741755
 20 4.525584 0.000101 0.616741 0.028355 0.020521 1.003703
 21 1.719869 0.000000 -0.000001 0.000000 -0.000000 0.680519
 22 1.383649 -0.000001 0.000000 0.000000 -0.000000 0.741644
 23 4.525584 0.000303 1.850224 -0.030467 -0.017054 1.003724
 24 1.433227 -0.000002 0.000000 0.000000 -0.000000 0.680554
 25 1.153039 0.000000 0.000000 0.000000 -0.000000 0.741639
 26 0.000005 0.001585 -3.638375 -0.000010 1.475381 3.140787
 27 8.842831 0.000000 0.000001 0.181226 -1.241781 -0.087849
 28 9.341937 0.000000 -0.000001 0.000000 -0.000000 -2.293220
 29 10.945741 -0.000001 0.000001 2.050441 0.328750 -0.161077
 30 1.364904 0.231177 1.984410 -3.139615 0.004157 1.002253
 31 1.748536 -0.000002 0.000001 0.000000 -0.000000 0.436276
 32 1.272493 0.000001 0.000002 0.000000 -0.000000 0.322849
 33 4.525584 -0.000303 1.850224 -0.016317 -0.094622 0.192575
 34 1.719873 0.000001 0.000000 0.000000 -0.000000 0.034907
 35 1.383647 0.000000 -0.000001 0.000000 -0.000000 0.689317
 36 4.525584 -0.000101 0.616741 -0.040896 -0.032761 0.934240
 37 1.807674 -0.000001 0.000000 0.000000 -0.000000 0.907547
 38 1.614256 -0.000001 0.000000 0.000000 -0.000000 1.151884
 39 4.525584 0.000101 -0.616741 -0.026857 -0.022390 0.933908
 40 1.719871 -0.000002 0.000000 0.000000 -0.000000 0.907547
 41 1.383648 0.000001 0.000000 0.000000 -0.000000 1.151884
 42 4.525584 0.000304 -1.850223 0.029257 0.019200 0.933920
 43 1.433227 0.000002 0.000000 0.000000 -0.000000 0.907405
 44 1.153038 0.000000 0.000000 0.000000 -0.000000 1.151837
 45 -0.000008 0.000010 5.615750 -3.126827 -0.040169 2.726361
 46 15.693467 0.000000 0.000000 0.000000 -0.000000 -0.579090
 47 22.146629 -0.000001 0.000000 0.011439 -0.043166 0.248071
 48 3.310129 5.734394 0.000000 0.000000 -0.000000 1.570796
 49 0.000008 -0.000006 -5.615750 -3.126827 -0.040168 2.730100
 50 15.693467 0.000000 0.000000 0.000000 -0.000000 -0.579248
 51 22.146629 0.000000 0.000000 0.011282 -0.043190 0.251872
 52 3.310129 5.734394 0.000000 0.000000 -0.000000 1.570796
 53 1.977383 0.000000 0.000000 0.094624 0.038127 -0.147748
 54 3.723980 2.768054 -0.049087 -3.141592 -0.000002 1.570799
 55 11.781867 -0.001184 -0.000003 0.000000 -0.000000 0.000000
 56 -3.887187 4.546144 1.934869 -3.141591 -1.570796 0.000000
 57 -4.205003 4.546216 -0.015855 -3.141591 -1.570796 0.000000
 58 -3.887188 4.546179 -1.987145 -3.141591 -1.570796 0.000000
 59 -4.881806 5.593821 -1.566820 0.776519 -1.513370 2.346411
 60 -4.886902 5.683144 -0.007570 -3.045907 -1.570796 0.000000
 61 -4.881796 5.609550 1.546659 0.776519 -1.513370 2.346411
 62 3.710047 1.760547 -0.059361 -0.091858 -0.075851 1.616828
time 52
  0 -1.234266 1.234266 29.649830 0.000192 0.084121 -1.558812
  1 -2.213593 0.000001 9.745319 -1.570795 -1.570451 0.000000
  2 1.384163 -0.004728 0.000002 -0.000004 -0.000001 0.132256
  3 5.939814 -0.004730 0.000000 0.000000 -0.000000 0.069738
  4 5.939809 -0.003975 0.000000 0.000000 -0.000000 0.000000
  5 4.991439 -0.003975 0.000000 0.000000 -0.000000 0.000000
  6 4.991436 -0.001575 0.000000 0.000000 -0.000000 0.000000
  7 0.000005 0.001564 3.638375 -0.000010 -1.404216 3.140806
  8 8.842831 0.000000 -0.000002 1.126498 0.741702 0.896598
  9 9.341934 0.000000 -0.000001 0.000000 -0.000000 -1.089489
 10 11.168404 -0.000001 0.000002 -2.138571 0.019061 -0.231172
 11 1.364904 0.231178 -1.984411 2.310809 0.500598 0.873954
 12 1.748536 -0.000002 0.000000 0.000000 -0.000000 0.567170
 13 1.272494 0.000001 -0.000001 0.000000 -0.000000 0.462442
 14 4.525584 -0.000304 -1.850224 0.079944 0.053288 1.005563
 15 1.719872 -0.000002 0.000000 0.000000 -0.000000 0.933623
 16 1.383647 0.000002 0.000000 0.000000 -0.000000 0.741644
 17 4.525584 -0.000102 -0.616741 0.043017 0.029897 1.004047
 18 1.807673 0.000001 -0.000001 0.000000 -0.000000 0.881257
 19 1.614255 0.000001 0.000001 0.000000 -0.000000 0.741755
 20 4.525584 0.000101 0.616741 0.028355 0.020521 1.003703
 21 1.719869 0.000000 -0.000001 0.000000 -0.000000 0.680519
 22 1.383649 -0.000001 0.000000 0.000000 -0.000000 0.741644
 23 4.525584 0.000303 1.850224 -0.030467 -0.017054 1.003724
 24 1.433227 -0.000002 0.000000 0.000000 -0.000000 0.680554
 25 1.153039 0.000000 0.000000 0.000000 -0.000000 0.741639
 26 0.000005 0.001585 -3.638375 -0.000010 1.472546 3.140787
 27 8.842831 0.000000 0.000001 0.189661 -1.238604 -0.096711
 28 9.341937 0.000000 -0.000001 0.000000 -0.000000 -2.293220
 29 10.945741 -0.000001 0.000001 2.051746 0.331152 -0.162487
 30 1.364904 0.231177 1.984410 -3.139615 0.004157 1.002253
 31 1.748536 -0.000002 0.000001 0.000000 -0.000000 0.436276
 32 1.272493 0.000001 0.000002 0.000000 -0.000000 0.322849
 33 4.525584 -0.000303 1.850224 -0.016317 -0.094622 0.192575
 34 1.719873 0.000001 0.000000 0.000000 -0.000000 0.034907
 35 1.383647 0.000000 -0.000001 0.000000 -0.000000 0.689317
 36 4.525584 -0.000101 0.616741 -0.040896 -0.032761 0.934240
 37 1.807674 -0.000001 0.000000 0.000000 -0.000000 0.907547
 38 1.614256 -0.000001 0.000000 0.000000 -0.000000 1.151884
 39 4.525584 0.000101 -0.616741 -0.026857 -0.022390 0.933908
 40 1.719871 -0.000002 0.000000 0.000000 -0.000000 0.907547
 41 1.383648 0.000001 0.000000 0.000000 -0.000000 1.151884
 42 4.525584 0.000304 -1.850223 0.029257 0.019200 0.933920
 43 1.433227 0.000002 0.000000 0.000000 -0.000000 0.907405
 44 1.153038 0.000000 0.000000 0.000000 -0.000000 1.151837
 45 -0.000008 0.000010 5.615750 -3.127594 -0.038539 2.725785
 46 15.693467 0.000000 0.000000 0.000000 -0.000000 -0.579802
 47 22.146629 -0.000001 0.000000 0.011140 -0.041383 0.248219
 48 3.310129 5.734394 0.000000 0.000000 -0.000000 1.570796
 49 0.000008 -0.000006 -5.615750 -3.127594 -0.038442 2.729333
 50 15.693467 0.000000 0.000000 0.000000 -0.000000 -0.580017
 51 22.146629 0.000000 0.000000 0.011000 -0.041409 0.251872
 52 3.310129 5.734394 0.000000 0.000000 -0.000000 1.570796
 53 1.977383 0.000000 0.000000 0.105355 0.048265 -0.146804
 54 3.723980 2.768054 -0.049087 -3.141592 -0.000002 1.570799
 55 11.781867 -0.001184 -0.000003 0.000000 -0.000000 0.000000
 56 -3.887187 4.546144 1.934869 -3.141591 -1.570796 0.000000
 57 -4.205003 4.546216 -0.015855 -3.141591 -1.570796 0.000000
 58 -3.887188 4.546179 -1.987145 -3.141591 -1.570796 0.000000
 59 -4.881806 5.593821 -1.566820 0.539801 -1.523373 2.582614
 60 -4.886902 5.683144 -0.007570 -3.132865 -1.570796 0.000000
 61 -4.881796 5.609550 1.546659 0.539801 -1.523373 2.582614
 62 3.710047 1.760547 -0.059361 -0.091858 -0.075851 1.616828
time 53
  0 -1.166445 1.166445 29.649830 0.000192 0.083930 -1.559388
  1 -2.221405 0.000001 9.745319 -1.570795 -1.570451 0.000000
  2 1.384163 -0.004728 0.000002 -0.000004 -0.000001 0.133140
  3 5.939814 -0.004730 0.000000 0.000000 -0.000000 0.069738
  4 5.939809 -0.003975 0.000000 0.000000 -0.000000 0.000000
  5 4.991439 -0.003975 0.000000 0.000000 -0.000000 0.000000
  6 4.991436 -0.001575 0.000000 0.000000 -0.000000 0.000000
  7 0.000005 0.001564 3.638375 -0.000010 -1.402402 3.140806
  8 8.842831 0.000000 -0.000002 1.123846 0.741433 0.894793
  9 9.341934 0.000000 -0.000001 0.000000 -0.000000 -1.089489
 10 11.168404 -0.000001 0.000002 -2.138571 0.019061 -0.231172
 11 1.364904 0.231178 -1.984411 2.310809 0.500598 0.873954
 12 1.748536 -0.000002 0.000000 0.000000 -0.000000 0.567170
 13 1.272494 0.000001 -0.000001 0.000000 -0.000000 0.462442
 14 4.525584 -0.000304 -1.850224 0.079944 0.053288 1.005563
 15 1.719872 -0.000002 0.000000 0.000000 -0.000000 0.933623
 16 1.383647 0.000002 0.000000 0.000000 -0.000000 0.741644
 17 4.525584 -0.000102 -0.616741 0.043017 0.029897 1.004047
 18 1.807673 0.000001 -0.000001 0.000000 -0.000000 0.881257
 19 1.614255 0.000001 0.000001 0.000000 -0.000000 0.741755
 20 4.525584 0.000101 0.616741 0.028355 0.020521 1.003703
 21 1.719869 0.000000 -0.000001 0.000000 -0.000000 0.680519
 22 1.383649 -0.000001 0.000000 0.000000 -0.000000 0.741644
 23 4.525584 0.000303 1.850224 -0.030467 -0.017054 1.003724
 24 1.433227 -0.000002 0.000000 0.000000 -0.000000 0.680554
 25 1.153039 0.000000 0.000000 0.000000 -0.000000 0.741639
 26 0.000005 0.001585 -3.638375 -0.000010 1.469621 3.140787
 27 8.842831 0.000000 0.000001 0.194197 -1.235342 -0.101475
 28 9.341937 0.000000 -0.000001 0.000000 -0.000000 -2.293220
 29 10.945741 -0.000001 0.000001 2.052958 0.333765 -0.165402
 30 1.364904 0.231177 1.984410 -3.139615 0.004157 1.002253
 31 1.748536 -0.000002 0.000001 0.000000 -0.000000 0.436276
 32 1.272493 0.000001 0.000002 0.000000 -0.000000 0.322849
 33 4.525584 -0.000303 1.850224 -0.016317 -0.094622 0.192575
 34 1.719873 0.000001 0.000000 0.000000 -0.000000 0.034907
 35 1.383647 0.000000 -0.000001 0.000000 -0.000000 0.689317
 36 4.525584 -0.000101 0.616741 -0.040896 -0.032761 0.934240
 37 1.807674 -0.000001 0.000000 0.000000 -0.000000 0.907547
 38 1.614256 -0.000001 0.000000 0.000000 -0.000000 1.151884
 39 4.525584 0.000101 -0.616741 -0.026857 -0.022390 0.933908
 40 1.719871 -0.000002 0.000000 0.000000 -0.000000 0.907547
 41 1.383648 0.000001 0.000000 0.000000 -0.000000 1.151884
 42 4.525584 0.000304 -1.850223 0.029257 0.019200 0.933920
 43 1.433227 0.000002 0.000000 0.000000 -0.000000 0.907405
 44 1.153038 0.000000 0.000000 0.000000 -0.000000 1.151837
 45 -0.000008 0.000010 5.615750 -3.127882 -0.036717 2.725594
 46 15.693467 0.000000 0.000000 0.000000 -0.000000 -0.580300
 47 22.146629 -0.000001 0.000000 0.010729 -0.039699 0.248268
 48 3.310129 5.734394 0.000000 0.000000 -0.000000 1.570796
 49 0.000008 -0.000006 -5.615750 -3.127882 -0.036812 2.729045
 50 15.693467 0.000000 0.000000 0.000000 -0.000000 -0.580445
 51 22.146629 0.000000 0.000000 0.010605 -0.039660 0.251872
 52 3.310129 5.734394 0.000000 0.000000 -0.000000 1.570796
 53 1.977383 0.000000 0.000000 0.116086 0.059003 -0.145959
 54 3.723980 2.768054 -0.049087 -3.141592 -0.000002 1.570799
 55 11.781867 -0.001184 -0.000003 0.000000 -0.000000 0.000000
 56 -3.887187 4.546144 1.934869 -3.141591 -1.570796 0.000000
 57 -4.205003 4.546216 -0.015855 -3.141591 -1.570796 0.000000
 58 -3.887188 4.546179 -1.987145 -3.141591 -1.570796 0.000000
 59 -4.881806 5.593821 -1.566820 0.207561 -1.529529 2.914762
 60 -4.886902 5.683144 -0.007570 -3.132865 -1.570796 0.000000
 61 -4.881796 5.609550 1.546659 0.207561 -1.529529 2.914762
 62 3.710047 1.760547 -0.059361 -0.091858 -0.075851 1.616828
time 54
  0 -1.098624 1.098624 29.649830 0.000096 0.083355 -1.559675
  1 -2.233124 0.000001 9.745319 -1.570795 -1.570451 0.000000
  2 1.384163 -0.004728 0.000002 -0.000004 -0.000001 0.134211
  3 5.939814 -0.004730 0.000000 0.000000 -0.000000 0.069738
  4 5.939809 -0.003975 0.000000 0.000000 -0.000000 0.000000
  5 4.991439 -0.003975 0.000000 0.000000 -0.000000 0.000000
  6 4.991436 -0.001575 0.000000 0.000000 -0.000000 0.000000
  7 0.000005 0.001564 3.638375 -0.000010 -1.400334 3.140806
  8 8.842831 0.000000 -0.000002 1.120645 0.740895 0.892331
  9 9.341934 0.000000 -0.000001 0.000000 -0.000000 -1.089489
 10 11.168404 -0.000001 0.000002 -2.138571 0.019061 -0.231172
 11 1.364904 0.231178 -1.984411 2.310809 0.500598 0.873954
 12 1.748536 -0.000002 0.000000 0.000000 -0.000000 0.567170
 13 1.272494 0.000001 -0.000001 0.000000 -0.000000 0.462442
 14 4.525584 -0.000304 -1.850224 0.079944 0.053288 1.005563
 15 1.719872 -0.000002 0.000000 0.000000 -0.000000 0.933623
 16 1.383647 0.000002 0.000000 0.000000 -0.000000 0.741644
 17 4.525584 -0.000102 -0.616741 0.043017 0.029897 1.004047
 18 1.807673 0.000001 -0.000001 0.000000 -0.000000 0.881257
 19 1.614255 0.000001 0.000001 0.000000 -0.000000 0.741755
 20 4.525584 0.000101 0.616741 0.028355 0.020521 1.003703
 21 1.719869 0.000000 -0.000001 0.000000 -0.000000 0.680519
 22 1.383649 -0.000001 0.000000 0.000000 -0.000000 0.741644
 23 4.525584 0.000303 1.850224 -0.030467 -0.017054 1.003724
 24 1.433227 -0.000002 0.000000 0.000000 -0.000000 0.680554
 25 1.153039 0.000000 0.000000 0.000000 -0.000000 0.741639
 26 0.000005 0.001585 -3.638375 -0.000010 1.466558 3.140787
 27 8.842831 0.000000 0.000001 0.196011 -1.232248 -0.103380
 28 9.341937 0.000000 -0.000001 0.000000 -0.000000 -2.293220
 29 10.945741 -0.000001 0.000001 2.034783 0.336589 -0.149702
 30 1.364904 0.231177 1.984410 -3.139615 0.004157 1.002253
 31 1.748536 -0.000002 0.000001 0.000000 -0.000000 0.436276
 32 1.272493 0.000001 0.000002 0.000000 -0.000000 0.322849
 33 4.525584 -0.000303 1.850224 -0.016317 -0.094622 0.192575
 34 1.719873 0.000001 0.000000 0.000000 -0.000000 0.034907
 35 1.383647 0.000000 -0.000001 0.000000 -0.000000 0.689317
 36 4.525584 -0.000101 0.616741 -0.040896 -0.032761 0.934240
 37 1.807674 -0.000001 0.000000 0.000000 -0.000000 0.907547
 38 1.614256 -0.000001 0.000000 0.000000 -0.000000 1.151884
 39 4.525584 0.000101 -0.616741 -0.026857 -0.022390 0.933908
 40 1.719871 -0.000002 0.000000 0.000000 -0.000000 0.907547
 41 1.383648 0.000001 0.000000 0.000000 -0.000000 1.151884
 42 4.525584 0.000304 -1.850223 0.029257 0.019200 0.933920
 43 1.433227 0.000002 0.000000 0.000000 -0.000000 0.907405
 44 1.153038 0.000000 0.000000 0.000000 -0.000000 1.151837
 45 -0.000008 0.000010 5.615750 -3.128457 -0.035183 2.725498
 46 15.693467 0.000000 0.000000 0.000000 -0.000000 -0.580798
 47 22.146629 -0.000001 0.000000 0.010243 -0.037965 0.248219
 48 3.310129 5.734394 0.000000 0.000000 -0.000000 1.570796
 49 0.000008 -0.000006 -5.615750 -3.128457 -0.035278 2.728854
 50 15.693467 0.000000 0.000000 0.000000 -0.000000 -0.580787
 51 22.146629 0.000000 0.000000 0.010041 -0.037941 0.251511
 52 3.310129 5.734394 0.000000 0.000000 -0.000000 1.570796
 53 1.977383 0.000000 0.000000 0.126447 0.069488 -0.145164
 54 3.723980 2.768054 -0.049087 -3.141592 -0.000002 1.570799
 55 11.781867 -0.001184 -0.000003 0.000000 -0.000000 0.000000
 56 -3.887187 4.546144 1.934869 -3.141591 -1.570796 0.000000
 57 -4.205003 4.546216 -0.015855 -3.141591 -1.570796 0.000000
 58 -3.887188 4.546179 -1.987145 -3.141591 -1.570796 0.000000
 59 -4.881806 5.593821 -1.566820 -0.181946 -1.530050 3.303908
 60 -4.886902 5.683144 -0.007570 -3.132865 -1.570796 0.000000
 61 -4.881796 5.609550 1.546659 -0.181946 -1.530050 3.303908
 62 3.710047 1.760547 -0.059361 -0.091858 -0.075851 1.616828
time 55
  0 -1.038339 1.038339 29.649830 0.000096 0.082590 -1.560346
  1 -2.244843 0.000001 9.745319 -1.570795 -1.570451 0.000000
  2 1.384163 -0.004728 0.000002 -0.000004 -0.000001 0.135328
  3 5.939814 -0.004730 0.000000 0.000000 -0.000000 0.069738
  4 5.939809 -0.003975 0.000000 0.000000 -0.000000 0.000000
  5 4.991439 -0.003975 0.000000 0.000000 -0.000000 0.000000
  6 4.991436 -0.001575 0.000000 0.000000 -0.000000 0.000000
  7 0.000005 0.001564 3.638375 -0.000010 -1.397976 3.140806
  8 8.842831 0.000000 -0.000002 1.117262 0.740447 0.889951
  9 9.341934 0.000000 -0.000001 0.000000 -0.000000 -1.089489
 10 11.168404 -0.000001 0.000002 -2.138571 0.019061 -0.231172
 11 1.364904 0.231178 -1.984411 2.310809 0.500598 0.873954
 12 1.748536 -0.000002 0.000000 0.000000 -0.000000 0.567170
 13 1.272494 0.000001 -0.000001 0.000000 -0.000000 0.462442
 14 4.525584 -0.000304 -1.850224 0.079944 0.053288 1.005563
 15 1.719872 -0.000002 0.000000 0.000000 -0.000000 0.933623
 16 1.383647 0.000002 0.000000 0.000000 -0.000000 0.741644
 17 4.525584 -0.000102 -0.616741 0.043017 0.029897 1.004047
 18 1.807673 0.000001 -0.000001 0.000000 -0.000000 0.881257
 19 1.614255 0.000001 0.000001 0.000000 -0.000000 0.741755
 20 4.525584 0.000101 0.616741 0.028355 0.020521 1.003703
 21 1.719869 0.000000 -0.000001 0.000000 -0.000000 0.680519
 22 1.383649 -0.000001 0.000000 0.000000 -0.000000 0.741644
 23 4.525584 0.000303 1.850224 -0.030467 -0.017054 1.003724
 24 1.433227 -0.000002 0.000000 0.000000 -0.000000 0.680554
 25 1.153039 0.000000 0.000000 0.000000 -0.000000 0.741639
 26 0.000005 0.001585 -3.638375 -0.000010 1.463312 3.140787
 27 8.842831 0.000000 0.000001 0.196101 -1.228987 -0.103285
 28 9.341937 0.000000 -0.000001 0.000000 -0.000000 -2.293220
 29 10.945741 -0.000001 0.000001 2.018193 0.338949 -0.137199
 30 1.364904 0.231177 1.984410 -3.139615 0.004157 1.002253
 31 1.748536 -0.000002 0.000001 0.000000 -0.000000 0.436276
 32 1.272493 0.000001 0.000002 0.000000 -0.000000 0.322849
 33 4.525584 -0.000303 1.850224 -0.016317 -0.094622 0.192575
 34 1.719873 0.000001 0.000000 0.000000 -0.000000 0.034907
 35 1.383647 0.000000 -0.000001 0.000000 -0.000000 0.689317
 36 4.525584 -0.000101 0.616741 -0.040896 -0.032761 0.934240
 37 1.807674 -0.000001 0.000000 0.000000 -0.000000 0.907547
 38 1.614256 -0.000001 0.000000 0.000000 -0.000000 1.151884
 39 4.525584 0.000101 -0.616741 -0.026857 -0.022390 0.933908
 40 1.719871 -0.000002 0.000000 0.000000 -0.000000 0.907547
 41 1.383648 0.000001 0.000000 0.000000 -0.000000 1.151884
 42 4.525584 0.000304 -1.850223 0.029257 0.019200 0.933920
 43 1.433227 0.000002 0.000000 0.000000 -0.000000 0.907405
 44 1.153038 0.000000 0.000000 0.000000 -0.000000 1.151837
 45 -0.000008 0.000010 5.615750 -3.129128 -0.033553 2.725594
 46 15.693467 0.000000 0.000000 0.000000 -0.000000 -0.581296
 47 22.146629 -0.000001 0.000000 0.009720 -0.036182 0.247972
 48 3.310129 5.734394 0.000000 0.000000 -0.000000 1.570796
 49 0.000008 -0.000006 -5.615750 -3.129128 -0.033649 2.728854
 50 15.693467 0.000000 0.000000 0.000000 -0.000000 -0.581300
 51 22.146629 0.000000 0.000000 0.009590 -0.036191 0.251151
 52 3.310129 5.734394 0.000000 0.000000 -0.000000 1.570796
 53 1.977383 0.000000 0.000000 0.136385 0.078725 -0.144518
 54 3.723980 2.768054 -0.049087 -3.141592 -0.000002 1.570799
 55 11.781867 -0.001184 -0.000003 0.000000 -0.000000 0.000000
 56 -3.887187 4.546144 1.934869 -3.141591 -1.570796 0.000000
 57 -4.205003 4.546216 -0.015855 -3.141591 -1.570796 0.000000
 58 -3.887188 4.546179 -1.987145 -3.141591 -1.570796 0.000000
 59 -4.881806 5.593821 -1.566820 -0.529024 -1.524742 3.650692
 60 -4.886902 5.683144 -0.007570 -3.132865 -1.570796 0.000000
 61 -4.881796 5.609550 1.546659 -0.529024 -1.524742 3.650692
 62 3.710047 1.760547 -0.059361 -0.091858 -0.075851 1.616828
time 56
  0 -0.985590 0.985590 29.649830 0.000000 0.081346 -1.561113
  1 -2.256562 0.000001 9.745319 -1.570795 -1.570451 0.000000
  2 1.384163 -0.004728 0.000002 -0.000004 -0.000001 0.136585
  3 5.939814 -0.004730 0.000000 0.000000 -0.000000 0.069738
  4 5.939809 -0.003975 0.000000 0.000000 -0.000000 0.000000
  5 4.991439 -0.003975 0.000000 0.000000 -0.000000 0.000000
  6 4.991436 -0.001575 0.000000 0.000000 -0.000000 0.000000
  7 0.000005 0.001564 3.638375 -0.000010 -1.395582 3.140806
  8 8.842831 0.000000 -0.000002 1.113787 0.739730 0.887242
  9 9.341934 0.000000 -0.000001 0.000000 -0.000000 -1.089489
 10 11.168404 -0.000001 0.000002 -2.138571 0.019061 -0.231172
 11 1.364904 0.231178 -1.984411 2.310809 0.500598 0.873954
 12 1.748536 -0.000002 0.000000 0.000000 -0.000000 0.567170
 13 1.272494 0.000001 -0.000001 0.000000 -0.000000 0.462442
 14 4.525584 -0.000304 -1.850224 0.079944 0.053288 1.005563
 15 1.719872 -0.000002 0.000000 0.000000 -0.000000 0.933623
 16 1.383647 0.000002 0.000000 0.000000 -0.000000 0.741644
 17 4.525584 -0.000102 -0.616741 0.043017 0.029897 1.004047
 18 1.807673 0.000001 -0.000001 0.000000 -0.000000 0.881257
 19 1.614255 0.000001 0.000001 0.000000 -0.000000 0.741755
 20 4.525584 0.000101 0.616741 0.028355 0.020521 1.003703
 21 1.719869 0.000000 -0.000001 0.000000 -0.000000 0.680519
 22 1.383649 -0.000001 0.000000 0.000000 -0.000000 0.741644
 23 4.525584 0.000303 1.850224 -0.030467 -0.017054 1.003724
 24 1.433227 -0.000002 0.000000 0.000000 -0.000000 0.680554
 25 1.153039 0.000000 0.000000 0.000000 -0.000000 0.741639
 26 0.000005 0.001585 -3.638375 -0.000010 1.459975 3.140787
 27 8.842831 0.000000 0.000001 0.195739 -1.225893 -0.102428
 28 9.341937 0.000000 -0.000001 0.000000 -0.000000 -2.293220
 29 10.945741 -0.000001 0.000001 2.002535 0.340677 -0.126106
 30 1.364904 0.231177 1.984410 -3.139615 0.004157 1.002253
 31 1.748536 -0.000002 0.000001 0.000000 -0.000000 0.436276
 32 1.272493 0.000001 0.000002 0.000000 -0.000000 0.322849
 33 4.525584 -0.000303 1.850224 -0.016317 -0.094622 0.192575
 34 1.719873 0.000001 0.000000 0.000000 -0.000000 0.034907
 35 1.383647 0.000000 -0.000001 0.000000 -0.000000 0.689317
 36 4.525584 -0.000101 0.616741 -0.040896 -0.032761 0.934240
 37 1.807674 -0.000001 0.000000 0.000000 -0.000000 0.907547
 38 1.614256 -0.000001 0.000000 0.000000 -0.000000 1.151884
 39 4.525584 0.000101 -0.616741 -0.026857 -0.022390 0.933908
 40 1.719871 -0.000002 0.000000 0.000000 -0.000000 0.907547
 41 1.383648 0.000001 0.000000 0.000000 -0.000000 1.151884
 42 4.525584 0.000304 -1.850223 0.029257 0.019200 0.933920
 43 1.433227 0.000002 0.000000 0.000000 -0.000000 0.907405
 44 1.153038 0.000000 0.000000 0.000000 -0.000000 1.151837
 45 -0.000008 0.000010 5.615750 -3.129895 -0.032020 2.725977
 46 15.693467 0.000000 0.000000 0.000000 -0.000000 -0.581865
 47 22.146629 -0.000001 0.000000 0.009159 -0.034424 0.247726
 48 3.310129 5.734394 0.000000 0.000000 -0.000000 1.570796
 49 0.000008 -0.000006 -5.615750 -3.129895 -0.032019 2.729045
 50 15.693467 0.000000 0.000000 0.000000 -0.000000 -0.581727
 51 22.146629 0.000000 0.000000 0.008969 -0.034472 0.250700
 52 3.310129 5.734394 0.000000 0.000000 -0.000000 1.570796
 53 1.977383 0.000000 0.000000 0.145530 0.085815 -0.144319
 54 3.723980 2.768054 -0.049087 -3.141592 -0.000002 1.570799
 55 11.781867 -0.001184 -0.000003 0.000000 -0.000000 0.000000
 56 -3.887187 4.546144 1.934869 -3.141591 -1.570796 0.000000
 57 -4.205003 4.546216 -0.015855 -3.141591 -1.570796 0.000000
 58 -3.887188 4.546179 -1.987145 -3.141591 -1.570796 0.000000
 59 -4.881806 5.593821 -1.566820 -0.781276 -1.515248 3.902669
 60 -4.886902 5.683144 -0.007570 -3.132865 -1.570796 0.000000
 61 -4.881796 5.609550 1.546659 -0.781276 -1.515248 3.902669
 62 3.710047 1.760547 -0.059361 -0.091858 -0.075851 1.616828
time 57
  0 -0.917769 0.917769 29.649830 0.000000 0.080006 -1.561785
  1 -2.264375 0.000001 9.745319 -1.570795 -1.570451 0.000000
  2 1.384163 -0.004728 0.000002 -0.000004 -0.000001 0.137795
  3 5.939814 -0.004730 0.000000 0.000000 -0.000000 0.069738
  4 5.939809 -0.003975 0.000000 0.000000 -0.000000 0.000000
  5 4.991439 -0.003975 0.000000 0.000000 -0.000000 0.000000
  6 4.991436 -0.001575 0.000000 0.000000 -0.000000 0.000000
  7 0.000005 0.001564 3.638375 -0.000010 -1.393151 3.140806
  8 8.842831 0.000000 -0.000002 1.110129 0.739013 0.884616
  9 9.341934 0.000000 -0.000001 0.000000 -0.000000 -1.089489
 10 11.168404 -0.000001 0.000002 -2.138571 0.019061 -0.231172
 11 1.364904 0.231178 -1.984411 2.310809 0.500598 0.873954
 12 1.748536 -0.000002 0.000000 0.000000 -0.000000 0.567170
 13 1.272494 0.000001 -0.000001 0.000000 -0.000000 0.462442
 14 4.525584 -0.000304 -1.850224 0.079944 0.053288 1.005563
 15 1.719872 -0.000002 0.000000 0.000000 -0.000000 0.933623
 16 1.383647 0.000002 0.000000 0.000000 -0.000000 0.741644
 17 4.525584 -0.000102 -0.616741 0.043017 0.029897 1.004047
 18 1.807673 0.000001 -0.000001 0.000000 -0.000000 0.881257
 19 1.614255 0.000001 0.000001 0.000000 -0.000000 0.741755
 20 4.525584 0.000101 0.616741 0.028355 0.020521 1.003703
 21 1.719869 0.000000 -0.000001 0.000000 -0.000000 0.680519
 22 1.383649 -0.000001 0.000000 0.000000 -0.000000 0.741644
 23 4.525584 0.000303 1.850224 -0.030467 -0.017054 1.003724
 24 1.433227 -0.000002 0.000000 0.000000 -0.000000 0.680554
 25 1.153039 0.000000 0.000000 0.000000 -0.000000 0.741639
 26 0.000005 0.001585 -3.638375 -0.000010 1.456729 3.140787
 27 8.842831 0.000000 0.000001 0.195739 -1.222548 -0.102237
 28 9.341937 0.000000 -0.000001 0.000000 -0.000000 -2.293220
 29 10.945741 -0.000001 0.000001 1.988555 0.341899 -0.116987
 30 1.364904 0.231177 1.984410 -3.139615 0.004157 1.002253
 31 1.748536 -0.000002 0.000001 0.000000 -0.000000 0.436276
 32 1.272493 0.000001 0.000002 0.000000 -0.000000 0.322849
 33 4.525584 -0.000303 1.850224 -0.016317 -0.094622 0.192575
 34 1.719873 0.000001 0.000000 0.000000 -0.000000 0.034907
 35 1.383647 0.000000 -0.000001 0.000000 -0.000000 0.689317
 36 4.525584 -0.000101 0.616741 -0.040896 -0.032761 0.934240
 37 1.807674 -0.000001 0.000000 0.000000 -0.000000 0.907547
 38 1.614256 -0.000001 0.000000 0.000000 -0.000000 1.151884
 39 4.525584 0.000101 -0.616741 -0.026857 -0.022390 0.933908
 40 1.719871 -0.000002 0.000000 0.000000 -0.000000 0.907547
 41 1.383648 0.000001 0.000000 0.000000 -0.000000 1.151884
 42 4.525584 0.000304 -1.850223 0.029257 0.019200 0.933920
 43 1.433227 0.000002 0.000000 0.000000 -0.000000 0.907405
 44 1.153038 0.000000 0.000000 0.000000 -0.000000 1.151837
 45 -0.000008 0.000010 5.615750 -3.130087 -0.030486 2.726457
 46 15.693467 0.000000 0.000000 0.000000 -0.000000 -0.582149
 47 22.146629 -0.000001 0.000000 0.008523 -0.032715 0.247331
 48 3.310129 5.734394 0.000000 0.000000 -0.000000 1.570796
 49 0.000008 -0.000006 -5.615750 -3.130183 -0.030389 2.729333
 50 15.693467 0.000000 0.000000 0.000000 -0.000000 -0.582240
 51 22.146629 0.000000 0.000000 0.008405 -0.032692 0.250069
 52 3.310129 5.734394 0.000000 0.000000 -0.000000 1.570796
 53 1.977383 0.000000 0.000000 0.153618 0.089833 -0.144518
 54 3.723980 2.768054 -0.049087 -3.141592 -0.000002 1.570799
 55 11.781867 -0.001184 -0.000003 0.000000 -0.000000 0.000000
 56 -3.887187 4.546144 1.934869 -3.141591 -1.570796 0.000000
 57 -4.205003 4.546216 -0.015855 -3.141591 -1.570796 0.000000
 58 -3.887188 4.546179 -1.987145 -3.141591 -1.570796 0.000000
 59 -4.881806 5.593821 -1.566820 -0.952458 -1.503328 4.073581
 60 -4.886902 5.683144 -0.007570 -3.132865 -1.570796 0.000000
 61 -4.881796 5.609550 1.546659 -0.952458 -1.503328 4.073581
 62 3.710047 1.760547 -0.059361 -0.091858 -0.075851 1.616828
time 58
  0 -0.849948 0.849948 29.649830 0.000000 0.078188 -1.562456
  1 -2.276094 0.000001 9.745319 -1.570795 -1.570451 0.000000
  2 1.384163 -0.004728 0.000002 -0.000004 -0.000001 0.138959
  3 5.939814 -0.004730 0.000000 0.000000 -0.000000 0.069738
  4 5.939809 -0.003975 0.000000 0.000000 -0.000000 0.000000
  5 4.991439 -0.003975 0.000000 0.000000 -0.000000 0.000000
  6 4.991436 -0.001575 0.000000 0.000000 -0.000000 0.000000
  7 0.000005 0.001564 3.638375 -0.000010 -1.390793 3.140806
  8 8.842831 0.000000 -0.000002 1.106746 0.738475 0.882236
  9 9.341934 0.000000 -0.000001 0.000000 -0.000000 -1.089489
 10 11.168404 -0.000001 0.000002 -2.138571 0.019061 -0.231172
 11 1.364904 0.231178 -1.984411 2.310809 0.500598 0.873954
 12 1.748536 -0.000002 0.000000 0.000000 -0.000000 0.567170
 13 1.272494 0.000001 -0.000001 0.000000 -0.000000 0.462442
 14 4.525584 -0.000304 -1.850224 0.079944 0.053288 1.005563
 15 1.719872 -0.000002 0.000000 0.000000 -0.000000 0.933623
 16 1.383647 0.000002 0.000000 0.000000 -0.000000 0.741644
 17 4.525584 -0.000102 -0.616741 0.043017 0.029897 1.004047
 18 1.807673 0.000001 -0.000001 0.000000 -0.000000 0.881257
 19 1.614255 0.000001 0.000001 0.000000 -0.000000 0.741755
 20 4.525584 0.000101 0.616741 0.028355 0.020521 1.003703
 21 1.719869 0.000000 -0.000001 0.000000 -0.000000 0.680519
 22 1.383649 -0.000001 0.000000 0.000000 -0.000000 0.741644
 23 4.525584 0.000303 1.850224 -0.030467 -0.017054 1.003724
 24 1.433227 -0.000002 0.000000 0.000000 -0.000000 0.680554
 25 1.153039 0.000000 0.000000 0.000000 -0.000000 0.741639
 26 0.000005 0.001585 -3.638375 -0.000010 1.453392 3.140787
 27 8.842831 0.000000 0.000001 0.196918 -1.219286 -0.103380
 28 9.341937 0.000000 -0.000001 0.000000 -0.000000 -2.293220
 29 10.945741 -0.000001 0.000001 1.975693 0.342616 -0.109090
 30 1.364904 0.231177 1.984410 -3.139615 0.004157 1.002253
 31 1.748536 -0.000002 0.000001 0.000000 -0.000000 0.436276
 32 1.272493 0.000001 0.000002 0.000000 -0.000000 0.322849
 33 4.525584 -0.000303 1.850224 -0.016317 -0.094622 0.192575
 34 1.719873 0.000001 0.000000 0.000000 -0.000000 0.034907
 35 1.383647 0.000000 -0.000001 0.000000 -0.000000 0.689317
 36 4.525584 -0.000101 0.616741 -0.040896 -0.032761 0.934240
 37 1.807674 -0.000001 0.000000 0.000000 -0.000000 0.907547
 38 1.614256 -0.000001 0.000000 0.000000 -0.000000 1.151884
 39 4.525584 0.000101 -0.616741 -0.026857 -0.022390 0.933908
 40 1.719871 -0.000002 0.000000 0.000000 -0.000000 0.907547
 41 1.383648 0.000001 0.000000 0.000000 -0.000000 1.151884
 42 4.525584 0.000304 -1.850223 0.029257 0.019200 0.933920
 43 1.433227 0.000002 0.000000 0.000000 -0.000000 0.907405
 44 1.153038 0.000000 0.000000 0.000000 -0.000000 1.151837
 45 -0.000008 0.000010 5.615750 -3.130758 -0.028856 2.727224
 46 15.693467 0.000000 0.000000 0.000000 -0.000000 -0.582647
 47 22.146629 -0.000001 0.000000 0.007925 -0.030956 0.246837
 48 3.310129 5.734394 0.000000 0.000000 -0.000000 1.570796
 49 0.000008 -0.000006 -5.615750 -3.130758 -0.028759 2.729908
 50 15.693467 0.000000 0.000000 0.000000 -0.000000 -0.582582
 51 22.146629 0.000000 0.000000 0.007728 -0.030973 0.249348
 52 3.310129 5.734394 0.000000 0.000000 -0.000000 1.570796
 53 1.977383 0.000000 0.000000 0.160543 0.089787 -0.145362
 54 3.723980 2.768054 -0.049087 -3.141592 -0.000002 1.570799
 55 11.781867 -0.001184 -0.000003 0.000000 -0.000000 0.000000
 56 -3.887187 4.546144 1.934869 -3.141591 -1.570796 0.000000
 57 -4.205003 4.546216 -0.015855 -3.141591 -1.570796 0.000000
 58 -3.887188 4.546179 -1.987145 -3.141591 -1.570796 0.000000
 59 -4.881806 5.593821 -1.566820 -1.070083 -1.490039 4.190747
 60 -4.886902 5.683144 -0.007570 -3.132865 -1.570796 0.000000
 61 -4.881796 5.609550 1.546659 -1.070083 -1.490039 4.190747
 62 3.710047 1.760547 -0.059361 -0.091858 -0.075851 1.616828
time 59
  0 -0.797199 0.797199 29.649830 0.000000 0.076561 -1.563127
  1 -2.287813 0.000001 9.745319 -1.570795 -1.570451 0.000000
  2 1.384163 -0.004728 0.000002 -0.000004 -0.000001 0.140123
  3 5.939814 -0.004730 0.000000 0.000000 -0.000000 0.069738
  4 5.939809 -0.003975 0.000000 0.000000 -0.000000 0.000000
  5 4.991439 -0.003975 0.000000 0.000000 -0.000000 0.000000
  6 4.991436 -0.001575 0.000000 0.000000 -0.000000 0.000000
  7 0.000005 0.001564 3.638375 -0.000010 -1.388471 3.140806
  8 8.842831 0.000000 -0.000002 1.103271 0.737848 0.879774
  9 9.341934 0.000000 -0.000001 0.000000 -0.000000 -1.089489
 10 11.168404 -0.000001 0.000002 -2.138571 0.019061 -0.231172
 11 1.364904 0.231178 -1.984411 2.310809 0.500598 0.873954
 12 1.748536 -0.000002 0.000000 0.000000 -0.000000 0.567170
 13 1.272494 0.000001 -0.000001 0.000000 -0.000000 0.462442
 14 4.525584 -0.000304 -1.850224 0.079944 0.053288 1.005563
 15 1.719872 -0.000002 0.000000 0.000000 -0.000000 0.933623
 16 1.383647 0.000002 0.000000 0.000000 -0.000000 0.741644
 17 4.525584 -0.000102 -0.616741 0.043017 0.029897 1.004047
 18 1.807673 0.000001 -0.000001 0.000000 -0.000000 0.881257
 19 1.614255 0.000001 0.000001 0.000000 -0.000000 0.741755
 20 4.525584 0.000101 0.616741 0.028355 0.020521 1.003703
 21 1.719869 0.000000 -0.000001 0.000000 -0.000000 0.680519
 22 1.383649 -0.000001 0.000000 0.000000 -0.000000 0.741644
 23 4.525584 0.000303 1.850224 -0.030467 -0.017054 1.003724
 24 1.433227 -0.000002 0.000000 0.000000 -0.000000 0.680554
 25 1.153039 0.000000 0.000000 0.000000 -0.000000 0.741639
 26 0.000005 0.001585 -3.638375 -0.000010 1.450146 3.140787
 27 8.842831 0.000000 0.000001 0.199095 -1.215857 -0.105667
 28 9.341937 0.000000 -0.000001 0.000000 -0.000000 -2.293220
 29 10.945741 -0.000001 0.000001 1.964042 0.342785 -0.104108
 30 1.364904 0.231177 1.984410 -3.139615 0.004157 1.002253
 31 1.748536 -0.000002 0.000001 0.000000 -0.000000 0.436276
 32 1.272493 0.000001 0.000002 0.000000 -0.000000 0.322849
 33 4.525584 -0.000303 1.850224 -0.016317 -0.094622 0.192575
 34 1.719873 0.000001 0.000000 0.000000 -0.000000 0.034907
 35 1.383647 0.000000 -0.000001 0.000000 -0.000000 0.689317
 36 4.525584 -0.000101 0.616741 -0.040896 -0.032761 0.934240
 37 1.807674 -0.000001 0.000000 0.000000 -0.000000 0.907547
 38 1.614256 -0.000001 0.000000 0.000000 -0.000000 1.151884
 39 4.525584 0.000101 -0.616741 -0.026857 -0.022390 0.933908
 40 1.719871 -0.000002 0.000000 0.000000 -0.000000 0.907547
 41 1.383648 0.000001 0.000000 0.000000 -0.000000 1.151884
 42 4.525584 0.000304 -1.850223 0.029257 0.019200 0.933920
 43 1.433227 0.000002 0.000000 0.000000 -0.000000 0.907405
 44 1.153038 0.000000 0.000000 0.000000 -0.000000 1.151837
 45 -0.000008 0.000010 5.615750 -3.131429 -0.027322 2.728182
 46 15.693467 0.000000 0.000000 0.000000 -0.000000 -0.583145
 47 22.146629 -0.000001 0.000000 0.007327 -0.029248 0.246393
 48 3.310129 5.734394 0.000000 0.000000 -0.000000 1.570796
 49 0.000008 -0.000006 -5.615750 -3.131429 -0.027225 2.730579
 50 15.693467 0.000000 0.000000 0.000000 -0.000000 -0.582924
 51 22.146629 0.000000 0.000000 0.007164 -0.029254 0.248627
 52 3.310129 5.734394 0.000000 0.000000 -0.000000 1.570796
 53 1.977383 0.000000 0.000000 0.166728 0.087131 -0.146654
 54 3.723980 2.768054 -0.049087 -3.141592 -0.000002 1.570799
 55 11.781867 -0.001184 -0.000003 0.000000 -0.000000 0.000000
 56 -3.887187 4.546144 1.934869 -3.141591 -1.570796 0.000000
 57 -4.205003 4.546216 -0.015855 -3.141591 -1.570796 0.000000
 58 -3.887188 4.546179 -1.987145 -3.141591 -1.570796 0.000000
 59 -4.881806 5.593821 -1.566820 -1.153626 -1.475967 4.274008
 60 -4.886902 5.683144 -0.007570 -3.132865 -1.570796 0.000000
 61 -4.881796 5.609550 1.546659 -1.153626 -1.475967 4.274008
 62 3.710047 1.760547 -0.059361 -0.091858 -0.075851 1.616828
time 60
  0 -0.729378 0.729378 29.649830 0.000000 0.074742 -1.563606
  1 -2.295626 0.000001 9.745319 -1.570795 -1.570451 0.000000
  2 1.384163 -0.004728 0.000002 -0.000004 -0.000001 0.141240
  3 5.939814 -0.004730 0.000000 0.000000 -0.000000 0.069738
  4 5.939809 -0.003975 0.000000 0.000000 -0.000000 0.000000
  5 4.991439 -0.003975 0.000000 0.000000 -0.000000 0.000000
  6 4.991436 -0.001575 0.000000 0.000000 -0.000000 0.000000
  7 0.000005 0.001564 3.638375 -0.000010 -1.386186 3.140806
  8 8.842831 0.000000 -0.000002 1.099979 0.737400 0.877230
  9 9.341934 0.000000 -0.000001 0.000000 -0.000000 -1.089489
 10 11.168404 -0.000001 0.000002 -2.138571 0.019061 -0.231172
 11 1.364904 0.231178 -1.984411 2.310809 0.500598 0.873954
 12 1.748536 -0.000002 0.000000 0.000000 -0.000000 0.567170
 13 1.272494 0.000001 -0.000001 0.000000 -0.000000 0.462442
 14 4.525584 -0.000304 -1.850224 0.079944 0.053288 1.005563
 15 1.719872 -0.000002 0.000000 0.000000 -0.000000 0.933623
 16 1.383647 0.000002 0.000000 0.000000 -0.000000 0.741644
 17 4.525584 -0.000102 -0.616741 0.043017 0.029897 1.004047
 18 1.807673 0.000001 -0.000001 0.000000 -0.000000 0.881257
 19 1.614255 0.000001 0.000001 0.000000 -0.000000 0.741755
 20 4.525584 0.000101 0.616741 0.028355 0.020521 1.003703
 21 1.719869 0.000000 -0.000001 0.000000 -0.000000 0.680519
 22 1.383649 -0.000001 0.000000 0.000000 -0.000000 0.741644
 23 4.525584 0.000303 1.850224 -0.030467 -0.017054 1.003724
 24 1.433227 -0.000002 0.000000 0.000000 -0.000000 0.680554
 25 1.153039 0.000000 0.000000 0.000000 -0.000000 0.741639
 26 0.000005 0.001585 -3.638375 -0.000010 1.446809 3.140787
 27 8.842831 0.000000 0.000001 0.201544 -1.212512 -0.107954
 28 9.341937 0.000000 -0.000001 0.000000 -0.000000 -2.293220
 29 10.945741 -0.000001 0.000001 1.953790 0.342490 -0.099689
 30 1.364904 0.231177 1.984410 -3.139615 0.004157 1.002253
 31 1.748536 -0.000002 0.000001 0.000000 -0.000000 0.436276
 32 1.272493 0.000001 0.000002 0.000000 -0.000000 0.322849
 33 4.525584 -0.000303 1.850224 -0.016317 -0.094622 0.192575
 34 1.719873 0.000001 0.000000 0.000000 -0.000000 0.034907
 35 1.383647 0.000000 -0.000001 0.000000 -0.000000 0.689317
 36 4.525584 -0.000101 0.616741 -0.040896 -0.032761 0.934240
 37 1.807674 -0.000001 0.000000 0.000000 -0.000000 0.907547
 38 1.614256 -0.000001 0.000000 0.000000 -0.000000 1.151884
 39 4.525584 0.000101 -0.616741 -0.026857 -0.022390 0.933908
 40 1.719871 -0.000002 0.000000 0.000000 -0.000000 0.907547
 41 1.383648 0.000001 0.000000 0.000000 -0.000000 1.151884
 42 4.525584 0.000304 -1.850223 0.029257 0.019200 0.933920
 43 1.433227 0.000002 0.000000 0.000000 -0.000000 0.907405
 44 1.153038 0.000000 0.000000 0.000000 -0.000000 1.151837
 45 -0.000008 0.000010 5.615750 -3.132196 -0.025692 2.729045
 46 15.693467 0.000000 0.000000 0.000000 -0.000000 -0.583572
 47 22.146629 -0.000001 0.000000 0.006617 -0.027489 0.245949
 48 3.310129 5.734394 0.000000 0.000000 -0.000000 1.570796
 49 0.000008 -0.000006 -5.615750 -3.132196 -0.025595 2.731346
 50 15.693467 0.000000 0.000000 0.000000 -0.000000 -0.583266
 51 22.146629 0.000000 0.000000 0.006487 -0.027504 0.247906
 52 3.310129 5.734394 0.000000 0.000000 -0.000000 1.570796
 53 1.977383 0.000000 0.000000 0.172860 0.083829 -0.148096
 54 3.723980 2.768054 -0.049087 -3.141592 -0.000002 1.570799
 55 11.781867 -0.001184 -0.000003 0.000000 -0.000000 0.000000
 56 -3.887187 4.546144 1.934869 -3.141591 -1.570796 0.000000
 57 -4.205003 4.546216 -0.015855 -3.141591 -1.570796 0.000000
 58 -3.887188 4.546179 -1.987145 -3.141591 -1.570796 0.000000
 59 -4.881806 5.593821 -1.566820 -1.215375 -1.461399 4.335396
 60 -4.886902 5.683144 -0.007570 -3.132865 -1.570796 0.000000
 61 -4.881796 5.609550 1.546659 -1.215375 -1.461399 4.335396
 62 3.710047 1.760547 -0.059361 -0.091858 -0.075851 1.616828
time 61
  0 -0.669093 0.669093 29.649830 -0.000096 0.073020 -1.564373
  1 -2.307345 0.000001 9.745319 -1.570795 -1.570451 0.000000
  2 1.384163 -0.004728 0.000002 -0.000004 -0.000001 0.142450
  3 5.939814 -0.004730 0.000000 0.000000 -0.000000 0.069738
  4 5.939809 -0.003975 0.000000 0.000000 -0.000000 0.000000
  5 4.991439 -0.003975 0.000000 0.000000 -0.000000 0.000000
  6 4.991436 -0.001575 0.000000 0.000000 -0.000000 0.000000
  7 0.000005 0.001564 3.638375 -0.000010 -1.383791 3.140806
  8 8.842831 0.000000 -0.000002 1.096504 0.736593 0.874768
  9 9.341934 0.000000 -0.000001 0.000000 -0.000000 -1.089489
 10 11.168404 -0.000001 0.000002 -2.138571 0.019061 -0.231172
 11 1.364904 0.231178 -1.984411 2.310809 0.500598 0.873954
 12 1.748536 -0.000002 0.000000 0.000000 -0.000000 0.567170
 13 1.272494 0.000001 -0.000001 0.000000 -0.000000 0.462442
 14 4.525584 -0.000304 -1.850224 0.079944 0.053288 1.005563
 15 1.719872 -0.000002 0.000000 0.000000 -0.000000 0.933623
 16 1.383647 0.000002 0.000000 0.000000 -0.000000 0.741644
 17 4.525584 -0.000102 -0.616741 0.043017 0.029897 1.004047
 18 1.807673 0.000001 -0.000001 0.000000 -0.000000 0.881257
 19 1.614255 0.000001 0.000001 0.000000 -0.000000 0.741755
 20 4.525584 0.000101 0.616741 0.028355 0.020521 1.003703
 21 1.719869 0.000000 -0.000001 0.000000 -0.000000 0.680519
 22 1.383649 -0.000001 0.000000 0.000000 -0.000000 0.741644
 23 4.525584 0.000303 1.850224 -0.030467 -0.017054 1.003724
 24 1.433227 -0.000002 0.000000 0.000000 -0.000000 0.680554
 25 1.153039 0.000000 0.000000 0.000000 -0.000000 0.741639
 26 0.000005 0.001585 -3.638375 -0.000010 1.443426 3.140787
 27 8.842831 0.000000 0.000001 0.203630 -1.209084 -0.110241
 28 9.341937 0.000000 -0.000001 0.000000 -0.000000 -2.293220
 29 10.945741 -0.000001 0.000001 1.944470 0.342447 -0.099031
 30 1.364904 0.231177 1.984410 -3.139615 0.004157 1.002253
 31 1.748536 -0.000002 0.000001 0.000000 -0.000000 0.436276
 32 1.272493 0.000001 0.000002 0.000000 -0.000000 0.322849
 33 4.525584 -0.000303 1.850224 -0.016317 -0.094622 0.192575
 34 1.719873 0.000001 0.000000 0.000000 -0.000000 0.034907
 35 1.383647 0.000000 -0.000001 0.000000 -0.000000 0.689317
 36 4.525584 -0.000101 0.616741 -0.040896 -0.032761 0.934240
 37 1.807674 -0.000001 0.000000 0.000000 -0.000000 0.907547
 38 1.614256 -0.000001 0.000000 0.000000 -0.000000 1.151884
 39 4.525584 0.000101 -0.616741 -0.026857 -0.022390 0.933908
 40 1.719871 -0.000002 0.000000 0.000000 -0.000000 0.907547
 41 1.383648 0.000001 0.000000 0.000000 -0.000000 1.151884
 42 4.525584 0.000304 -1.850223 0.029257 0.019200 0.933920
 43 1.433227 0.000002 0.000000 0.000000 -0.000000 0.907405
 44 1.153038 0.000000 0.000000 0.000000 -0.000000 1.151837
 45 -0.000008 0.000010 5.615750 -3.132484 -0.023870 2.730004
 46 15.693467 0.000000 0.000000 0.000000 -0.000000 -0.583999
 47 22.146629 -0.000001 0.000000 0.005981 -0.025756 0.245407
 48 3.310129 5.734394 0.000000 0.000000 -0.000000 1.570796
 49 0.000008 -0.000006 -5.615750 -3.132484 -0.023966 2.732113
 50 15.693467 0.000000 0.000000 0.000000 -0.000000 -0.583608
 51 22.146629 0.000000 0.000000 0.005923 -0.025724 0.247185
 52 3.310129 5.734394 0.000000 0.000000 -0.000000 1.570796
 53 1.977383 0.000000 0.000000 0.178939 0.079903 -0.149686
 54 3.723980 2.768054 -0.049087 -3.141592 -0.000002 1.570799
 55 11.781867 -0.001184 -0.000003 0.000000 -0.000000 0.000000
 56 -3.887187 4.546144 1.934869 -3.141591 -1.570796 0.000000
 57 -4.205003 4.546216 -0.015855 -3.141591 -1.570796 0.000000
 58 -3.887188 4.546179 -1.987145 -3.141591 -1.570796 0.000000
 59 -4.881806 5.593821 -1.566820 -1.262363 -1.446505 4.382068
 60 -4.886902 5.683144 -0.007570 -3.132865 -1.570796 0.000000
 61 -4.881796 5.609550 1.546659 -1.262363 -1.446505 4.382068
 62 3.710047 1.760547 -0.059361 -0.091858 -0.075851 1.616828
time 62
  0 -0.601272 0.601272 29.649830 -0.000096 0.071106 -1.565044
  1 -2.319064 0.000001 9.745319 -1.570795 -1.570451 0.000000
  2 1.384163 -0.004728 0.000002 -0.000004 -0.000001 0.143614
  3 5.939814 -0.004730 0.000000 0.000000 -0.000000 0.069738
  4 5.939809 -0.003975 0.000000 0.000000 -0.000000 0.000000
  5 4.991439 -0.003975 0.000000 0.000000 -0.000000 0.000000
  6 4.991436 -0.001575 0.000000 0.000000 -0.000000 0.000000
  7 0.000005 0.001564 3.638375 -0.000010 -1.381506 3.140806
  8 8.842831 0.000000 -0.000002 1.093212 0.736145 0.872224
  9 9.341934 0.000000 -0.000001 0.000000 -0.000000 -1.089489
 10 11.168404 -0.000001 0.000002 -2.138571 0.019061 -0.231172
 11 1.364904 0.231178 -1.984411 2.310809 0.500598 0.873954
 12 1.748536 -0.000002 0.000000 0.000000 -0.000000 0.567170
 13 1.272494 0.000001 -0.000001 0.000000 -0.000000 0.462442
 14 4.525584 -0.000304 -1.850224 0.079944 0.053288 1.005563
 15 1.719872 -0.000002 0.000000 0.000000 -0.000000 0.933623
 16 1.383647 0.000002 0.000000 0.000000 -0.000000 0.741644
 17 4.525584 -0.000102 -0.616741 0.043017 0.029897 1.004047
 18 1.807673 0.000001 -0.000001 0.000000 -0.000000 0.881257
 19 1.614255 0.000001 0.000001 0.000000 -0.000000 0.741755
 20 4.525584 0.000101 0.616741 0.028355 0.020521 1.003703
 21 1.719869 0.000000 -0.000001 0.000000 -0.000000 0.680519
 22 1.383649 -0.000001 0.000000 0.000000 -0.000000 0.741644
 23 4.525584 0.000303 1.850224 -0.030467 -0.017054 1.003724
 24 1.433227 -0.000002 0.000000 0.000000 -0.000000 0.680554
 25 1.153039 0.000000 0.000000 0.000000 -0.000000 0.741639
 26 0.000005 0.001585 -3.638375 -0.000010 1.440088 3.140787
 27 8.842831 0.000000 0.000001 0.205807 -1.205655 -0.112337
 28 9.341937 0.000000 -0.000001 0.000000 -0.000000 -2.293220
 29 10.945741 -0.000001 0.000001 1.934311 0.343332 -0.103168
 30 1.364904 0.231177 1.984410 -3.139615 0.004157 1.002253
 31 1.748536 -0.000002 0.000001 0.000000 -0.000000 0.436276
 32 1.272493 0.000001 0.000002 0.000000 -0.000000 0.322849
 33 4.525584 -0.000303 1.850224 -0.016317 -0.094622 0.192575
 34 1.719873 0.000001 0.000000 0.000000 -0.000000 0.034907
 35 1.383647 0.000000 -0.000001 0.000000 -0.000000 0.689317
 36 4.525584 -0.000101 0.616741 -0.040896 -0.032761 0.934240
 37 1.807674 -0.000001 0.000000 0.000000 -0.000000 0.907547
 38 1.614256 -0.000001 0.000000 0.000000 -0.000000 1.151884
 39 4.525584 0.000101 -0.616741 -0.026857 -0.022390 0.933908
 40 1.719871 -0.000002 0.000000 0.000000 -0.000000 0.907547
 41 1.383648 0.000001 0.000000 0.000000 -0.000000 1.151884
 42 4.525584 0.000304 -1.850223 0.029257 0.019200 0.933920
 43 1.433227 0.000002 0.000000 0.000000 -0.000000 0.907405
 44 1.153038 0.000000 0.000000 0.000000 -0.000000 1.151837
 45 -0.000008 0.000010 5.615750 -3.133059 -0.022336 2.730963
 46 15.693467 0.000000 0.000000 0.000000 -0.000000 -0.584141
 47 22.146629 -0.000001 0.000000 0.005346 -0.023973 0.244815
 48 3.310129 5.734394 0.000000 0.000000 -0.000000 1.570796
 49 0.000008 -0.000006 -5.615750 -3.133059 -0.022432 2.732976
 50 15.693467 0.000000 0.000000 0.000000 -0.000000 -0.583950
 51 22.146629 0.000000 0.000000 0.005190 -0.024005 0.246464
 52 3.310129 5.734394 0.000000 0.000000 -0.000000 1.570796
 53 1.977383 0.000000 0.000000 0.184912 0.075446 -0.151376
 54 3.723980 2.768054 -0.049087 -3.141592 -0.000002 1.570799
 55 11.781867 -0.001184 -0.000003 0.000000 -0.000000 0.000000
 56 -3.887187 4.546144 1.934869 -3.141591 -1.570796 0.000000
 57 -4.205003 4.546216 -0.015855 -3.141591 -1.570796 0.000000
 58 -3.887188 4.546179 -1.987145 -3.141591 -1.570796 0.000000
 59 -4.881806 5.593821 -1.566820 -1.299382 -1.431403 4.418820
 60 -4.886902 5.683144 -0.007570 -3.132865 -1.570796 0.000000
 61 -4.881796 5.609550 1.546659 -1.299382 -1.431403 4.418820
 62 3.710047 1.760547 -0.059361 -0.091858 -0.075851 1.616828
time 63
  0 -0.548523 0.548523 29.649830 -0.000192 0.069096 -1.565715
  1 -2.330784 0.000001 9.745319 -1.570795 -1.570451 0.000000
  2 1.384163 -0.004728 0.000002 -0.000004 -0.000001 0.144778
  3 5.939814 -0.004730 0.000000 0.000000 -0.000000 0.069738
  4 5.939809 -0.003975 0.000000 0.000000 -0.000000 0.000000
  5 4.991439 -0.003975 0.000000 0.000000 -0.000000 0.000000
  6 4.991436 -0.001575 0.000000 0.000000 -0.000000 0.000000
  7 0.000005 0.001564 3.638375 -0.000010 -1.379148 3.140806
  8 8.842831 0.000000 -0.000002 1.089737 0.735428 0.869762
  9 9.341934 0.000000 -0.000001 0.000000 -0.000000 -1.089489
 10 11.168404 -0.000001 0.000002 -2.138571 0.019061 -0.231172
 11 1.364904 0.231178 -1.984411 2.310809 0.500598 0.873954
 12 1.748536 -0.000002 0.000000 0.000000 -0.000000 0.567170
 13 1.272494 0.000001 -0.000001 0.000000 -0.000000 0.462442
 14 4.525584 -0.000304 -1.850224 0.079944 0.053288 1.005563
 15 1.719872 -0.000002 0.000000 0.000000 -0.000000 0.933623
 16 1.383647 0.000002 0.000000 0.000000 -0.000000 0.741644
 17 4.525584 -0.000102 -0.616741 0.043017 0.029897 1.004047
 18 1.807673 0.000001 -0.000001 0.000000 -0.000000 0.881257
 19 1.614255 0.000001 0.000001 0.000000 -0.000000 0.741755
 20 4.525584 0.000101 0.616741 0.028355 0.020521 1.003703
 21 1.719869 0.000000 -0.000001 0.000000 -0.000000 0.680519
 22 1.383649 -0.000001 0.000000 0.000000 -0.000000 0.741644
 23 4.525584 0.000303 1.850224 -0.030467 -0.017054 1.003724
 24 1.433227 -0.000002 0.000000 0.000000 -0.000000 0.680554
 25 1.153039 0.000000 0.000000 0.000000 -0.000000 0.741639
 26 0.000005 0.001585 -3.638375 -0.000010 1.436797 3.140787
 27 8.842831 0.000000 0.000001 0.207984 -1.202059 -0.114624
 28 9.341937 0.000000 -0.000001 0.000000 -0.000000 -2.293220
 29 10.945741 -0.000001 0.000001 1.923965 0.344850 -0.109748
 30 1.364904 0.231177 1.984410 -3.139615 0.004157 1.002253
 31 1.748536 -0.000002 0.000001 0.000000 -0.000000 0.436276
 32 1.272493 0.000001 0.000002 0.000000 -0.000000 0.322849
 33 4.525584 -0.000303 1.850224 -0.016317 -0.094622 0.192575
 34 1.719873 0.000001 0.000000 0.000000 -0.000000 0.034907
 35 1.383647 0.000000 -0.000001 0.000000 -0.000000 0.689317
 36 4.525584 -0.000101 0.616741 -0.040896 -0.032761 0.934240
 37 1.807674 -0.000001 0.000000 0.000000 -0.000000 0.907547
 38 1.614256 -0.000001 0.000000 0.000000 -0.000000 1.151884
 39 4.525584 0.000101 -0.616741 -0.026857 -0.022390 0.933908
 40 1.719871 -0.000002 0.000000 0.000000 -0.000000 0.907547
 41 1.383648 0.000001 0.000000 0.000000 -0.000000 1.151884
 42 4.525584 0.000304 -1.850223 0.029257 0.019200 0.933920
 43 1.433227 0.000002 0.000000 0.000000 -0.000000 0.907405
 44 1.153038 0.000000 0.000000 0.000000 -0.000000 1.151837
 45 -0.000008 0.000010 5.615750 -3.133730 -0.020707 2.732113
 46 15.693467 0.000000 0.000000 0.000000 -0.000000 -0.584568
 47 22.146629 -0.000001 0.000000 0.004673 -0.022214 0.244321
 48 3.310129 5.734394 0.000000 0.000000 -0.000000 1.570796
 49 0.000008 -0.000006 -5.615750 -3.133730 -0.020802 2.733935
 50 15.693467 0.000000 0.000000 0.000000 -0.000000 -0.584121
 51 22.146629 0.000000 0.000000 0.004513 -0.022193 0.245653
 52 3.310129 5.734394 0.000000 0.000000 -0.000000 1.570796
 53 1.977383 0.000000 0.000000 0.190886 0.070481 -0.153165
 54 3.723980 2.768054 -0.049087 -3.141592 -0.000002 1.570799
 55 11.781867 -0.001184 -0.000003 0.000000 -0.000000 0.000000
 56 -3.887187 4.546144 1.934869 -3.141591 -1.570796 0.000000
 57 -4.205003 4.546216 -0.015855 -3.141591 -1.570796 0.000000
 58 -3.887188 4.546179 -1.987145 -3.141591 -1.570796 0.000000
 59 -4.881806 5.593821 -1.566820 -1.329213 -1.416157 4.448335
 60 -4.886902 5.683144 -0.007570 -3.132865 -1.570796 0.000000
 61 -4.881796 5.609550 1.546659 -1.329213 -1.416157 4.448335
 62 3.710047 1.760547 -0.059361 -0.091858 -0.075851 1.616828
time 64
  0 -0.480702 0.480702 29.649830 -0.000192 0.067278 -1.566482
  1 -2.342503 0.000001 9.745319 -1.570795 -1.570451 0.000000
  2 1.384163 -0.004728 0.000002 -0.000004 -0.000001 0.145988
  3 5.939814 -0.004730 0.000000 0.000000 -0.000000 0.069738
  4 5.939809 -0.003975 0.000000 0.000000 -0.000000 0.000000
  5 4.991439 -0.003975 0.000000 0.000000 -0.000000 0.000000
  6 4.991436 -0.001575 0.000000 0.000000 -0.000000 0.000000
  7 0.000005 0.001564 3.638375 -0.000010 -1.376753 3.140806
  8 8.842831 0.000000 -0.000002 1.086354 0.734890 0.867136
  9 9.341934 0.000000 -0.000001 0.000000 -0.000000 -1.089489
 10 11.168404 -0.000001 0.000002 -2.138571 0.019061 -0.231172
 11 1.364904 0.231178 -1.984411 2.310809 0.500598 0.873954
 12 1.748536 -0.000002 0.000000 0.000000 -0.000000 0.567170
 13 1.272494 0.000001 -0.000001 0.000000 -0.000000 0.462442
 14 4.525584 -0.000304 -1.850224 0.079944 0.053288 1.005563
 15 1.719872 -0.000002 0.000000 0.000000 -0.000000 0.933623
 16 1.383647 0.000002 0.000000 0.000000 -0.000000 0.741644
 17 4.525584 -0.000102 -0.616741 0.043017 0.029897 1.004047
 18 1.807673 0.000001 -0.000001 0.000000 -0.000000 0.881257
 19 1.614255 0.000001 0.000001 0.000000 -0.000000 0.741755
 20 4.525584 0.000101 0.616741 0.028355 0.020521 1.003703
 21 1.719869 0.000000 -0.000001 0.000000 -0.000000 0.680519
 22 1.383649 -0.000001 0.000000 0.000000 -0.000000 0.741644
 23 4.525584 0.000303 1.850224 -0.030467 -0.017054 1.003724
 24 1.433227 -0.000002 0.000000 0.000000 -0.000000 0.680554
 25 1.153039 0.000000 0.000000 0.000000 -0.000000 0.741639
 26 0.000005 0.001585 -3.638375 -0.000010 1.433414 3.140787
 27 8.842831 0.000000 0.000001 0.210160 -1.198714 -0.116720
 28 9.341937 0.000000 -0.000001 0.000000 -0.000000 -2.293220
 29 10.945741 -0.000001 0.000001 1.913527 0.346831 -0.119619
 30 1.364904 0.231177 1.984410 -3.139615 0.004157 1.002253
 31 1.748536 -0.000002 0.000001 0.000000 -0.000000 0.436276
 32 1.272493 0.000001 0.000002 0.000000 -0.000000 0.322849
 33 4.525584 -0.000303 1.850224 -0.016317 -0.094622 0.192575
 34 1.719873 0.000001 0.000000 0.000000 -0.000000 0.034907
 35 1.383647 0.000000 -0.000001 0.000000 -0.000000 0.689317
 36 4.525584 -0.000101 0.616741 -0.040896 -0.032761 0.934240
 37 1.807674 -0.000001 0.000000 0.000000 -0.000000 0.907547
 38 1.614256 -0.000001 0.000000 0.000000 -0.000000 1.151884
 39 4.525584 0.000101 -0.616741 -0.026857 -0.022390 0.933908
 40 1.719871 -0.000002 0.000000 0.000000 -0.000000 0.907547
 41 1.383648 0.000001 0.000000 0.000000 -0.000000 1.151884
 42 4.525584 0.000304 -1.850223 0.029257 0.019200 0.933920
 43 1.433227 0.000002 0.000000 0.000000 -0.000000 0.907405
 44 1.153038 0.000000 0.000000 0.000000 -0.000000 1.151837
 45 -0.000008 0.000010 5.615750 -3.134497 -0.019173 2.733072
 46 15.693467 0.000000 0.000000 0.000000 -0.000000 -0.584995
 47 22.146629 -0.000001 0.000000 0.003963 -0.020456 0.243729
 48 3.310129 5.734394 0.000000 0.000000 -0.000000 1.570796
 49 0.000008 -0.000006 -5.615750 -3.134497 -0.019172 2.734798
 50 15.693467 0.000000 0.000000 0.000000 -0.000000 -0.584463
 51 22.146629 0.000000 0.000000 0.003836 -0.020444 0.244842
 52 3.310129 5.734394 0.000000 0.000000 -0.000000 1.570796
 53 1.977383 0.000000 0.000000 0.196701 0.065077 -0.155103
 54 3.723980 2.768054 -0.049087 -3.141592 -0.000002 1.570799
 55 11.781867 -0.001184 -0.000003 0.000000 -0.000000 0.000000
 56 -3.887187 4.546144 1.934869 -3.141591 -1.570796 0.000000
 57 -4.205003 4.546216 -0.015855 -3.141591 -1.570796 0.000000
 58 -3.887188 4.546179 -1.987145 -3.141591 -1.570796 0.000000
 59 -4.881806 5.593821 -1.566820 -1.353712 -1.400794 4.472321
 60 -4.886902 5.683144 -0.007570 -3.132865 -1.570796 0.000000
 61 -4.881796 5.609550 1.546659 -1.353712 -1.400794 4.472321
 62 3.710047 1.760547 -0.059361 -0.091858 -0.075851 1.616828
time 65
  0 -0.412881 0.412881 29.669428 -0.000192 0.065077 -1.567153
  1 -2.358128 0.000001 9.745319 -1.570795 -1.570451 0.000000
  2 1.384163 -0.004728 0.000002 -0.000004 -0.000001 0.147152
  3 5.939814 -0.004730 0.000000 0.000000 -0.000000 0.069738
  4 5.939809 -0.003975 0.000000 0.000000 -0.000000 0.000000
  5 4.991439 -0.003975 0.000000 0.000000 -0.000000 0.000000
  6 4.991436 -0.001575 0.000000 0.000000 -0.000000 0.000000
  7 0.000005 0.001564 3.638375 -0.000010 -1.374359 3.140806
  8 8.842831 0.000000 -0.000002 1.082879 0.734083 0.864591
  9 9.341934 0.000000 -0.000001 0.000000 -0.000000 -1.089489
 10 11.168404 -0.000001 0.000002 -2.138571 0.019061 -0.231172
 11 1.364904 0.231178 -1.984411 2.310809 0.500598 0.873954
 12 1.748536 -0.000002 0.000000 0.000000 -0.000000 0.567170
 13 1.272494 0.000001 -0.000001 0.000000 -0.000000 0.462442
 14 4.525584 -0.000304 -1.850224 0.079944 0.053288 1.005563
 15 1.719872 -0.000002 0.000000 0.000000 -0.000000 0.933623
 16 1.383647 0.000002 0.000000 0.000000 -0.000000 0.741644
 17 4.525584 -0.000102 -0.616741 0.043017 0.029897 1.004047
 18 1.807673 0.000001 -0.000001 0.000000 -0.000000 0.881257
 19 1.614255 0.000001 0.000001 0.000000 -0.000000 0.741755
 20 4.525584 0.000101 0.616741 0.028355 0.020521 1.003703
 21 1.719869 0.000000 -0.000001 0.000000 -0.000000 0.680519
 22 1.383649 -0.000001 0.000000 0.000000 -0.000000 0.741644
 23 4.525584 0.000303 1.850224 -0.030467 -0.017054 1.003724
 24 1.433227 -0.000002 0.000000 0.000000 -0.000000 0.680554
 25 1.153039 0.000000 0.000000 0.000000 -0.000000 0.741639
 26 0.000005 0.001585 -3.638375 -0.000010 1.429985 3.140787
 27 8.842831 0.000000 0.000001 0.212247 -1.195118 -0.118816
 28 9.341937 0.000000 -0.000001 0.000000 -0.000000 -2.293220
 29 10.945741 -0.000001 0.000001 1.903834 0.348811 -0.132028
 30 1.364904 0.231177 1.984410 -3.139615 0.004157 1.002253
 31 1.748536 -0.000002 0.000001 0.000000 -0.000000 0.436276
 32 1.272493 0.000001 0.000002 0.000000 -0.000000 0.322849
 33 4.525584 -0.000303 1.850224 -0.016317 -0.094622 0.192575
 34 1.719873 0.000001 0.000000 0.000000 -0.000000 0.034907
 35 1.383647 0.000000 -0.000001 0.000000 -0.000000 0.689317
 36 4.525584 -0.000101 0.616741 -0.040896 -0.032761 0.934240
 37 1.807674 -0.000001 0.000000 0.000000 -0.000000 0.907547
 38 1.614256 -0.000001 0.000000 0.000000 -0.000000 1.151884
 39 4.525584 0.000101 -0.616741 -0.026857 -0.022390 0.933908
 40 1.719871 -0.000002 0.000000 0.000000 -0.000000 0.907547
 41 1.383648 0.000001 0.000000 0.000000 -0.000000 1.151884
 42 4.525584 0.000304 -1.850223 0.029257 0.019200 0.933920
 43 1.433227 0.000002 0.000000 0.000000 -0.000000 0.907405
 44 1.153038 0.000000 0.000000 0.000000 -0.000000 1.151837
 45 -0.000008 0.000010 5.615750 -3.134785 -0.017639 2.734414
 46 15.693467 0.000000 0.000000 0.000000 -0.000000 -0.585137
 47 22.146629 -0.000001 0.000000 0.003290 -0.018698 0.243038
 48 3.310129 5.734394 0.000000 0.000000 -0.000000 1.570796
 49 0.000008 -0.000006 -5.615750 -3.135169 -0.017542 2.735756
 50 15.693467 0.000000 0.000000 0.000000 -0.000000 -0.584634
 51 22.146629 0.000000 0.000000 0.003159 -0.018663 0.243850
 52 3.310129 5.734394 0.000000 0.000000 -0.000000 1.570796
 53 1.977383 0.000000 0.000000 0.202463 0.059350 -0.157240
 54 3.723980 2.768054 -0.049087 -3.141592 -0.000002 1.570799
 55 11.781867 -0.001184 -0.000003 0.000000 -0.000000 0.000000
 56 -3.887187 4.546144 1.934869 -3.141591 -1.570796 0.000000
 57 -4.205003 4.546216 -0.015855 -3.141591 -1.570796 0.000000
 58 -3.887188 4.546179 -1.987145 -3.141591 -1.570796 0.000000
 59 -4.881806 5.593821 -1.566820 -1.374192 -1.385340 4.492567
 60 -4.886902 5.683144 -0.007570 -3.132865 -1.570796 0.000000
 61 -4.881796 5.609550 1.546659 -1.374192 -1.385340 4.492567
 62 3.710047 1.760547 -0.059361 -0.091858 -0.075851 1.616828
time 66
  0 -0.352596 0.352596 29.669428 -0.000288 0.063067 -1.567920
  1 -2.369847 0.000001 9.745319 -1.570795 -1.570451 0.000000
  2 1.384163 -0.004728 0.000002 -0.000004 -0.000001 0.148362
  3 5.939814 -0.004730 0.000000 0.000000 -0.000000 0.069738
  4 5.939809 -0.003975 0.000000 0.000000 -0.000000 0.000000
  5 4.991439 -0.003975 0.000000 0.000000 -0.000000 0.000000
  6 4.991436 -0.001575 0.000000 0.000000 -0.000000 0.000000
  7 0.000005 0.001564 3.638375 -0.000010 -1.372037 3.140806
  8 8.842831 0.000000 -0.000002 1.079221 0.733456 0.861965
  9 9.341934 0.000000 -0.000001 0.000000 -0.000000 -1.089489
 10 11.168404 -0.000001 0.000002 -2.138571 0.019061 -0.231172
 11 1.364904 0.231178 -1.984411 2.310809 0.500598 0.873954
 12 1.748536 -0.000002 0.000000 0.000000 -0.000000 0.567170
 13 1.272494 0.000001 -0.000001 0.000000 -0.000000 0.462442
 14 4.525584 -0.000304 -1.850224 0.079944 0.053288 1.005563
 15 1.719872 -0.000002 0.000000 0.000000 -0.000000 0.933623
 16 1.383647 0.000002 0.000000 0.000000 -0.000000 0.741644
 17 4.525584 -0.000102 -0.616741 0.043017 0.029897 1.004047
 18 1.807673 0.000001 -0.000001 0.000000 -0.000000 0.881257
 19 1.614255 0.000001 0.000001 0.000000 -0.000000 0.741755
 20 4.525584 0.000101 0.616741 0.028355 0.020521 1.003703
 21 1.719869 0.000000 -0.000001 0.000000 -0.000000 0.680519
 22 1.383649 -0.000001 0.000000 0.000000 -0.000000 0.741644
 23 4.525584 0.000303 1.850224 -0.030467 -0.017054 1.003724
 24 1.433227 -0.000002 0.000000 0.000000 -0.000000 0.680554
 25 1.153039 0.000000 0.000000 0.000000 -0.000000 0.741639
 26 0.000005 0.001585 -3.638375 -0.000010 1.426602 3.140787
 27 8.842831 0.000000 0.000001 0.214423 -1.191606 -0.120912
 28 9.341937 0.000000 -0.000001 0.000000 -0.000000 -2.293220
 29 10.945741 -0.000001 0.000001 1.895166 0.350582 -0.146882
 30 1.364904 0.231177 1.984410 -3.139615 0.004157 1.002253
 31 1.748536 -0.000002 0.000001 0.000000 -0.000000 0.436276
 32 1.272493 0.000001 0.000002 0.000000 -0.000000 0.322849
 33 4.525584 -0.000303 1.850224 -0.016317 -0.094622 0.192575
 34 1.719873 0.000001 0.000000 0.000000 -0.000000 0.034907
 35 1.383647 0.000000 -0.000001 0.000000 -0.000000 0.689317
 36 4.525584 -0.000101 0.616741 -0.040896 -0.032761 0.934240
 37 1.807674 -0.000001 0.000000 0.000000 -0.000000 0.907547
 38 1.614256 -0.000001 0.000000 0.000000 -0.000000 1.151884
 39 4.525584 0.000101 -0.616741 -0.026857 -0.022390 0.933908
 40 1.719871 -0.000002 0.000000 0.000000 -0.000000 0.907547
 41 1.383648 0.000001 0.000000 0.000000 -0.000000 1.151884
 42 4.525584 0.000304 -1.850223 0.029257 0.019200 0.933920
 43 1.433227 0.000002 0.000000 0.000000 -0.000000 0.907405
 44 1.153038 0.000000 0.000000 0.000000 -0.000000 1.151837
 45 -0.000008 0.000010 5.615750 -3.135456 -0.016009 2.735469
 46 15.693467 0.000000 0.000000 0.000000 -0.000000 -0.585564
 47 22.146629 -0.000001 0.000000 0.002579 -0.016939 0.242397
 48 3.310129 5.734394 0.000000 0.000000 -0.000000 1.570796
 49 0.000008 -0.000006 -5.615750 -3.135456 -0.015913 2.736619
 50 15.693467 0.000000 0.000000 0.000000 -0.000000 -0.584805
 51 22.146629 0.000000 0.000000 0.002426 -0.016914 0.243039
 52 3.310129 5.734394 0.000000 0.000000 -0.000000 1.570796
 53 1.977383 0.000000 0.000000 0.208119 0.053230 -0.159377
 54 3.723980 2.768054 -0.049087 -3.141592 -0.000002 1.570799
 55 11.781867 -0.001184 -0.000003 0.000000 -0.000000 0.000000
 56 -3.887187 4.546144 1.934869 -3.141591 -1.570796 0.000000
 57 -4.205003 4.546216 -0.015855 -3.141591 -1.570796 0.000000
 58 -3.887188 4.546179 -1.987145 -3.141591 -1.570796 0.000000
 59 -4.881806 5.593821 -1.566820 -1.391426 -1.369820 4.509561
 60 -4.886902 5.683144 -0.007570 -3.132865 -1.570796 0.000000
 61 -4.881796 5.609550 1.546659 -1.391426 -1.369820 4.509561
 62 3.710047 1.760547 -0.059361 -0.091858 -0.075851 1.616828
time 67
  0 -0.307383 0.307383 29.669428 -0.000288 0.060961 -1.568687
  1 -2.381566 0.000001 9.745319 -1.570795 -1.570451 0.000000
  2 1.384163 -0.004728 0.000002 -0.000004 -0.000001 0.149526
  3 5.939814 -0.004730 0.000000 0.000000 -0.000000 0.069738
  4 5.939809 -0.003975 0.000000 0.000000 -0.000000 0.000000
  5 4.991439 -0.003975 0.000000 0.000000 -0.000000 0.000000
  6 4.991436 -0.001575 0.000000 0.000000 -0.000000 0.000000
  7 0.000005 0.001564 3.638375 -0.000010 -1.369643 3.140806
  8 8.842831 0.000000 -0.000002 1.075929 0.732829 0.859503
  9 9.341934 0.000000 -0.000001 0.000000 -0.000000 -1.089489
 10 11.168404 -0.000001 0.000002 -2.138571 0.019061 -0.231172
 11 1.364904 0.231178 -1.984411 2.310809 0.500598 0.873954
 12 1.748536 -0.000002 0.000000 0.000000 -0.000000 0.567170
 13 1.272494 0.000001 -0.000001 0.000000 -0.000000 0.462442
 14 4.525584 -0.000304 -1.850224 0.079944 0.053288 1.005563
 15 1.719872 -0.000002 0.000000 0.000000 -0.000000 0.933623
 16 1.383647 0.000002 0.000000 0.000000 -0.000000 0.741644
 17 4.525584 -0.000102 -0.616741 0.043017 0.029897 1.004047
 18 1.807673 0.000001 -0.000001 0.000000 -0.000000 0.881257
 19 1.614255 0.000001 0.000001 0.000000 -0.000000 0.741755
 20 4.525584 0.000101 0.616741 0.028355 0.020521 1.003703
 21 1.719869 0.000000 -0.000001 0.000000 -0.000000 0.680519
 22 1.383649 -0.000001 0.000000 0.000000 -0.000000 0.741644
 23 4.525584 0.000303 1.850224 -0.030467 -0.017054 1.003724
 24 1.433227 -0.000002 0.000000 0.000000 -0.000000 0.680554
 25 1.153039 0.000000 0.000000 0.000000 -0.000000 0.741639
 26 0.000005 0.001585 -3.638375 -0.000010 1.423219 3.140787
 27 8.842831 0.000000 0.000001 0.216419 -1.188094 -0.123104
 28 9.341937 0.000000 -0.000001 0.000000 -0.000000 -2.293220
 29 10.945741 -0.000001 0.000001 1.887523 0.352057 -0.161829
 30 1.364904 0.231177 1.984410 -3.139615 0.004157 1.002253
 31 1.748536 -0.000002 0.000001 0.000000 -0.000000 0.436276
 32 1.272493 0.000001 0.000002 0.000000 -0.000000 0.322849
 33 4.525584 -0.000303 1.850224 -0.016317 -0.094622 0.192575
 34 1.719873 0.000001 0.000000 0.000000 -0.000000 0.034907
 35 1.383647 0.000000 -0.000001 0.000000 -0.000000 0.689317
 36 4.525584 -0.000101 0.616741 -0.040896 -0.032761 0.934240
 37 1.807674 -0.000001 0.000000 0.000000 -0.000000 0.907547
 38 1.614256 -0.000001 0.000000 0.000000 -0.000000 1.151884
 39 4.525584 0.000101 -0.616741 -0.026857 -0.022390 0.933908
 40 1.719871 -0.000002 0.000000 0.000000 -0.000000 0.907547
 41 1.383648 0.000001 0.000000 0.000000 -0.000000 1.151884
 42 4.525584 0.000304 -1.850223 0.029257 0.019200 0.933920
 43 1.433227 0.000002 0.000000 0.000000 -0.000000 0.907405
 44 1.153038 0.000000 0.000000 0.000000 -0.000000 1.151837
 45 -0.000008 0.000010 5.615750 -3.136031 -0.014091 2.736619
 46 15.693467 0.000000 0.000000 0.000000 -0.000000 -0.585706
 47 22.146629 -0.000001 0.000000 0.001907 -0.015131 0.241755
 48 3.310129 5.734394 0.000000 0.000000 -0.000000 1.570796
 49 0.000008 -0.000006 -5.615750 -3.136031 -0.014187 2.737770
 50 15.693467 0.000000 0.000000 0.000000 -0.000000 -0.584976
 51 22.146629 0.000000 0.000000 0.001862 -0.015195 0.242048
 52 3.310129 5.734394 0.000000 0.000000 -0.000000 1.570796
 53 1.977383 0.000000 0.000000 0.213617 0.046972 -0.161613
 54 3.723980 2.768054 -0.049087 -3.141592 -0.000002 1.570799
 55 11.781867 -0.001184 -0.000003 0.000000 -0.000000 0.000000
 56 -3.887187 4.546144 1.934869 -3.141591 -1.570796 0.000000
 57 -4.205003 4.546216 -0.015855 -3.141591 -1.570796 0.000000
 58 -3.887188 4.546179 -1.987145 -3.141591 -1.570796 0.000000
 59 -4.881806 5.593821 -1.566820 -1.406419 -1.354262 4.524034
 60 -4.886902 5.683144 -0.007570 -3.132865 -1.570796 0.000000
 61 -4.881796 5.609550 1.546659 -1.406419 -1.354262 4.524034
 62 3.710047 1.760547 -0.059361 -0.091858 -0.075851 1.616828
time 68
  0 -0.277240 0.277240 29.669428 -0.000288 0.058952 -1.569454
  1 -2.393286 0.000001 9.745319 -1.570795 -1.570451 0.000000
  2 1.384163 -0.004728 0.000002 -0.000004 -0.000001 0.150736
  3 5.939814 -0.004730 0.000000 0.000000 -0.000000 0.069738
  4 5.939809 -0.003975 0.000000 0.000000 -0.000000 0.000000
  5 4.991439 -0.003975 0.000000 0.000000 -0.000000 0.000000
  6 4.991436 -0.001575 0.000000 0.000000 -0.000000 0.000000
  7 0.000005 0.001564 3.638375 -0.000010 -1.367285 3.140806
  8 8.842831 0.000000 -0.000002 1.072363 0.732022 0.856877
  9 9.341934 0.000000 -0.000001 0.000000 -0.000000 -1.089489
 10 11.168404 -0.000001 0.000002 -2.138571 0.019061 -0.231172
 11 1.364904 0.231178 -1.984411 2.310809 0.500598 0.873954
 12 1.748536 -0.000002 0.000000 0.000000 -0.000000 0.567170
 13 1.272494 0.000001 -0.000001 0.000000 -0.000000 0.462442
 14 4.525584 -0.000304 -1.850224 0.079944 0.053288 1.005563
 15 1.719872 -0.000002 0.000000 0.000000 -0.000000 0.933623
 16 1.383647 0.000002 0.000000 0.000000 -0.000000 0.741644
 17 4.525584 -0.000102 -0.616741 0.043017 0.029897 1.004047
 18 1.807673 0.000001 -0.000001 0.000000 -0.000000 0.881257
 19 1.614255 0.000001 0.000001 0.000000 -0.000000 0.741755
 20 4.525584 0.000101 0.616741 0.028355 0.020521 1.003703
 21 1.719869 0.000000 -0.000001 0.000000 -0.000000 0.680519
 22 1.383649 -0.000001 0.000000 0.000000 -0.000000 0.741644
 23 4.525584 0.000303 1.850224 -0.030467 -0.017054 1.003724
 24 1.433227 -0.000002 0.000000 0.000000 -0.000000 0.680554
 25 1.153039 0.000000 0.000000 0.000000 -0.000000 0.741639
 26 0.000005 0.001585 -3.638375 -0.000010 1.419836 3.140787
 27 8.842831 0.000000 0.000001 0.218324 -1.184498 -0.125105
 28 9.341937 0.000000 -0.000001 0.000000 -0.000000 -2.293220
 29 10.945741 -0.000001 0.000001 1.881185 0.353026 -0.178469
 30 1.364904 0.231177 1.984410 -3.139615 0.004157 1.002253
 31 1.748536 -0.000002 0.000001 0.000000 -0.000000 0.436276
 32 1.272493 0.000001 0.000002 0.000000 -0.000000 0.322849
 33 4.525584 -0.000303 1.850224 -0.016317 -0.094622 0.192575
 34 1.719873 0.000001 0.000000 0.000000 -0.000000 0.034907
 35 1.383647 0.000000 -0.000001 0.000000 -0.000000 0.689317
 36 4.525584 -0.000101 0.616741 -0.040896 -0.032761 0.934240
 37 1.807674 -0.000001 0.000000 0.000000 -0.000000 0.907547
 38 1.614256 -0.000001 0.000000 0.000000 -0.000000 1.151884
 39 4.525584 0.000101 -0.616741 -0.026857 -0.022390 0.933908
 40 1.719871 -0.000002 0.000000 0.000000 -0.000000 0.907547
 41 1.383648 0.000001 0.000000 0.000000 -0.000000 1.151884
 42 4.525584 0.000304 -1.850223 0.029257 0.019200 0.933920
 43 1.433227 0.000002 0.000000 0.000000 -0.000000 0.907405
 44 1.153038 0.000000 0.000000 0.000000 -0.000000 1.151837
 45 -0.000008 0.000010 5.615750 -3.136798 -0.012557 2.737770
 46 15.693467 0.000000 0.000000 0.000000 -0.000000 -0.586062
 47 22.146629 -0.000001 0.000000 0.001159 -0.013423 0.241114
 48 3.310129 5.734394 0.000000 0.000000 -0.000000 1.570796
 49 0.000008 -0.000006 -5.615750 -3.136798 -0.012653 2.738729
 50 15.693467 0.000000 0.000000 0.000000 -0.000000 -0.585147
 51 22.146629 0.000000 0.000000 0.001072 -0.013445 0.241327
 52 3.310129 5.734394 0.000000 0.000000 -0.000000 1.570796
 53 1.977383 0.000000 0.000000 0.219009 0.040390 -0.163949
 54 3.723980 2.768054 -0.049087 -3.141592 -0.000002 1.570799
 55 11.781867 -0.001184 -0.000003 0.000000 -0.000000 0.000000
 56 -3.887187 4.546144 1.934869 -3.141591 -1.570796 0.000000
 57 -4.205003 4.546216 -0.015855 -3.141591 -1.570796 0.000000
 58 -3.887188 4.546179 -1.987145 -3.141591 -1.570796 0.000000
 59 -4.881806 5.593821 -1.566820 -1.419248 -1.338651 4.536637
 60 -4.886902 5.683144 -0.007570 -3.132865 -1.570796 0.000000
 61 -4.881796 5.609550 1.546659 -1.419248 -1.338651 4.536637
 62 3.710047 1.760547 -0.059361 -0.091858 -0.075851 1.616828
time 69
  0 -0.216955 0.216955 29.669428 -0.000288 0.056942 -1.570221
  1 -2.405005 0.000001 9.745319 -1.570795 -1.570451 0.000000
  2 1.384163 -0.004728 0.000002 -0.000004 -0.000001 0.151900
  3 5.939814 -0.004730 0.000000 0.000000 -0.000000 0.069738
  4 5.939809 -0.003975 0.000000 0.000000 -0.000000 0.000000
  5 4.991439 -0.003975 0.000000 0.000000 -0.000000 0.000000
  6 4.991436 -0.001575 0.000000 0.000000 -0.000000 0.000000
  7 0.000005 0.001564 3.638375 -0.000010 -1.364854 3.140806
  8 8.842831 0.000000 -0.000002 1.068888 0.731395 0.854497
  9 9.341934 0.000000 -0.000001 0.000000 -0.000000 -1.089489
 10 11.168404 -0.000001 0.000002 -2.138571 0.019061 -0.231172
 11 1.364904 0.231178 -1.984411 2.310809 0.500598 0.873954
 12 1.748536 -0.000002 0.000000 0.000000 -0.000000 0.567170
 13 1.272494 0.000001 -0.000001 0.000000 -0.000000 0.462442
 14 4.525584 -0.000304 -1.850224 0.079944 0.053288 1.005563
 15 1.719872 -0.000002 0.000000 0.000000 -0.000000 0.933623
 16 1.383647 0.000002 0.000000 0.000000 -0.000000 0.741644
 17 4.525584 -0.000102 -0.616741 0.043017 0.029897 1.004047
 18 1.807673 0.000001 -0.000001 0.000000 -0.000000 0.881257
 19 1.614255 0.000001 0.000001 0.000000 -0.000000 0.741755
 20 4.525584 0.000101 0.616741 0.028355 0.020521 1.003703
 21 1.719869 0.000000 -0.000001 0.000000 -0.000000 0.680519
 22 1.383649 -0.000001 0.000000 0.000000 -0.000000 0.741644
 23 4.525584 0.000303 1.850224 -0.030467 -0.017054 1.003724
 24 1.433227 -0.000002 0.000000 0.000000 -0.000000 0.680554
 25 1.153039 0.000000 0.000000 0.000000 -0.000000 0.741639
 26 0.000005 0.001585 -3.638375 -0.000010 1.416453 3.140787
 27 8.842831 0.000000 0.000001 0.220229 -1.181153 -0.127105
 28 9.341937 0.000000 -0.000001 0.000000 -0.000000 -2.293220
 29 10.945741 -0.000001 0.000001 1.876152 0.353616 -0.193886
 30 1.364904 0.231177 1.984410 -3.139615 0.004157 1.002253
 31 1.748536 -0.000002 0.000001 0.000000 -0.000000 0.436276
 32 1.272493 0.000001 0.000002 0.000000 -0.000000 0.322849
 33 4.525584 -0.000303 1.850224 -0.016317 -0.094622 0.192575
 34 1.719873 0.000001 0.000000 0.000000 -0.000000 0.034907
 35 1.383647 0.000000 -0.000001 0.000000 -0.000000 0.689317
 36 4.525584 -0.000101 0.616741 -0.040896 -0.032761 0.934240
 37 1.807674 -0.000001 0.000000 0.000000 -0.000000 0.907547
 38 1.614256 -0.000001 0.000000 0.000000 -0.000000 1.151884
 39 4.525584 0.000101 -0.616741 -0.026857 -0.022390 0.933908
 40 1.719871 -0.000002 0.000000 0.000000 -0.000000 0.907547
 41 1.383648 0.000001 0.000000 0.000000 -0.000000 1.151884
 42 4.525584 0.000304 -1.850223 0.029257 0.019200 0.933920
 43 1.433227 0.000002 0.000000 0.000000 -0.000000 0.907405
 44 1.153038 0.000000 0.000000 0.000000 -0.000000 1.151837
 45 -0.000008 0.000010 5.615750 -3.137565 -0.010927 2.739016
 46 15.693467 0.000000 0.000000 0.000000 -0.000000 -0.586133
 47 22.146629 -0.000001 0.000000 0.000449 -0.011664 0.240374
 48 3.310129 5.734394 0.000000 0.000000 -0.000000 1.570796
 49 0.000008 -0.000006 -5.615750 -3.137470 -0.011023 2.739687
 50 15.693467 0.000000 0.000000 0.000000 -0.000000 -0.585318
 51 22.146629 0.000000 0.000000 0.000395 -0.011665 0.240155
 52 3.310129 5.734394 0.000000 0.000000 -0.000000 1.570796
 53 1.977383 0.000000 0.000000 0.224242 0.033762 -0.166334
 54 3.723980 2.768054 -0.049087 -3.141592 -0.000002 1.570799
 55 11.781867 -0.001184 -0.000003 0.000000 -0.000000 0.000000
 56 -3.887187 4.546144 1.934869 -3.141591 -1.570796 0.000000
 57 -4.205003 4.546216 -0.015855 -3.141591 -1.570796 0.000000
 58 -3.887188 4.546179 -1.987145 -3.141591 -1.570796 0.000000
 59 -4.881806 5.593821 -1.566820 -1.430531 -1.323014 4.547776
 60 -4.886902 5.683144 -0.007570 -3.132865 -1.570796 0.000000
 61 -4.881796 5.609550 1.546659 -1.430531 -1.323014 4.547776
 62 3.710047 1.760547 -0.059361 -0.091858 -0.075851 1.616828
time 70
  0 -0.149134 0.149134 29.669428 -0.000288 0.054741 -1.570892
  1 -2.412817 0.000001 9.745319 -1.570795 -1.570451 0.000000
  2 1.384163 -0.004728 0.000002 -0.000004 -0.000001 0.153110
  3 5.939814 -0.004730 0.000000 0.000000 -0.000000 0.069738
  4 5.939809 -0.003975 0.000000 0.000000 -0.000000 0.000000
  5 4.991439 -0.003975 0.000000 0.000000 -0.000000 0.000000
  6 4.991436 -0.001575 0.000000 0.000000 -0.000000 0.000000
  7 0.000005 0.001564 3.638375 -0.000010 -1.362496 3.140806
  8 8.842831 0.000000 -0.000002 1.065596 0.730857 0.851953
  9 9.341934 0.000000 -0.000001 0.000000 -0.000000 -1.089489
 10 11.168404 -0.000001 0.000002 -2.138571 0.019061 -0.231172
 11 1.364904 0.231178 -1.984411 2.310809 0.500598 0.873954
 12 1.748536 -0.000002 0.000000 0.000000 -0.000000 0.567170
 13 1.272494 0.000001 -0.000001 0.000000 -0.000000 0.462442
 14 4.525584 -0.000304 -1.850224 0.079944 0.053288 1.005563
 15 1.719872 -0.000002 0.000000 0.000000 -0.000000 0.933623
 16 1.383647 0.000002 0.000000 0.000000 -0.000000 0.741644
 17 4.525584 -0.000102 -0.616741 0.043017 0.029897 1.004047
 18 1.807673 0.000001 -0.000001 0.000000 -0.000000 0.881257
 19 1.614255 0.000001 0.000001 0.000000 -0.000000 0.741755
 20 4.525584 0.000101 0.616741 0.028355 0.020521 1.003703
 21 1.719869 0.000000 -0.000001 0.000000 -0.000000 0.680519
 22 1.383649 -0.000001 0.000000 0.000000 -0.000000 0.741644
 23 4.525584 0.000303 1.850224 -0.030467 -0.017054 1.003724
 24 1.433227 -0.000002 0.000000 0.000000 -0.000000 0.680554
 25 1.153039 0.000000 0.000000 0.000000 -0.000000 0.741639
 26 0.000005 0.001585 -3.638375 -0.000010 1.413162 3.140787
 27 8.842831 0.000000 0.000001 0.222315 -1.177640 -0.129106
 28 9.341937 0.000000 -0.000001 0.000000 -0.000000 -2.293220
 29 10.945741 -0.000001 0.000001 1.872424 0.353743 -0.209492
 30 1.364904 0.231177 1.984410 -3.139615 0.004157 1.002253
 31 1.748536 -0.000002 0.000001 0.000000 -0.000000 0.436276
 32 1.272493 0.000001 0.000002 0.000000 -0.000000 0.322849
 33 4.525584 -0.000303 1.850224 -0.016317 -0.094622 0.192575
 34 1.719873 0.000001 0.000000 0.000000 -0.000000 0.034907
 35 1.383647 0.000000 -0.000001 0.000000 -0.000000 0.689317
 36 4.525584 -0.000101 0.616741 -0.040896 -0.032761 0.934240
 37 1.807674 -0.000001 0.000000 0.000000 -0.000000 0.907547
 38 1.614256 -0.000001 0.000000 0.000000 -0.000000 1.151884
 39 4.525584 0.000101 -0.616741 -0.026857 -0.022390 0.933908
 40 1.719871 -0.000002 0.000000 0.000000 -0.000000 0.907547
 41 1.383648 0.000001 0.000000 0.000000 -0.000000 1.151884
 42 4.525584 0.000304 -1.850223 0.029257 0.019200 0.933920
 43 1.433227 0.000002 0.000000 0.000000 -0.000000 0.907405
 44 1.153038 0.000000 0.000000 0.000000 -0.000000 1.151837
 45 -0.000008 0.000010 5.615750 -3.137757 -0.009394 2.740358
 46 15.693467 0.000000 0.000000 0.000000 -0.000000 -0.586204
 47 22.146629 -0.000001 0.000000 -0.000075 -0.009931 0.239683
 48 3.310129 5.734394 0.000000 0.000000 -0.000000 1.570796
 49 0.000008 -0.000006 -5.615750 -3.137853 -0.009393 2.740838
 50 15.693467 0.000000 0.000000 0.000000 -0.000000 -0.585318
 51 22.146629 0.000000 0.000000 -0.000226 -0.009946 0.239163
 52 3.310129 5.734394 0.000000 0.000000 -0.000000 1.570796
 53 1.977383 0.000000 0.000000 0.229317 0.026996 -0.168769
 54 3.723980 2.768054 -0.049087 -3.141592 -0.000002 1.570799
 55 11.781867 -0.001184 -0.000003 0.000000 -0.000000 0.000000
 56 -3.887187 4.546144 1.934869 -3.141591 -1.570796 0.000000
 57 -4.205003 4.546216 -0.015855 -3.141591 -1.570796 0.000000
 58 -3.887188 4.546179 -1.987145 -3.141591 -1.570796 0.000000
 59 -4.881806 5.593821 -1.566820 -1.440501 -1.307364 4.557208
 60 -4.886902 5.683144 -0.007570 -3.132865 -1.570796 0.000000
 61 -4.881796 5.609550 1.546659 -1.440501 -1.307364 4.557208
 62 3.710047 1.760547 -0.059361 -0.091858 -0.075851 1.616828
time 71
  0 -0.103920 0.103920 29.669428 -0.000288 0.052540 -1.571659
  1 -2.424536 0.000001 9.745319 -1.570795 -1.570451 0.000000
  2 1.384163 -0.004728 0.000002 -0.000004 -0.000001 0.154274
  3 5.939814 -0.004730 0.000000 0.000000 -0.000000 0.069738
  4 5.939809 -0.003975 0.000000 0.000000 -0.000000 0.000000
  5 4.991439 -0.003975 0.000000 0.000000 -0.000000 0.000000
  6 4.991436 -0.001575 0.000000 0.000000 -0.000000 0.000000
  7 0.000005 0.001564 3.638375 -0.000010 -1.360138 3.140806
  8 8.842831 0.000000 -0.000002 1.062121 0.730050 0.849327
  9 9.341934 0.000000 -0.000001 0.000000 -0.000000 -1.089489
 10 11.168404 -0.000001 0.000002 -2.138571 0.019061 -0.231172
 11 1.364904 0.231178 -1.984411 2.310809 0.500598 0.873954
 12 1.748536 -0.000002 0.000000 0.000000 -0.000000 0.567170
 13 1.272494 0.000001 -0.000001 0.000000 -0.000000 0.462442
 14 4.525584 -0.000304 -1.850224 0.079944 0.053288 1.005563
 15 1.719872 -0.000002 0.000000 0.000000 -0.000000 0.933623
 16 1.383647 0.000002 0.000000 0.000000 -0.000000 0.741644
 17 4.525584 -0.000102 -0.616741 0.043017 0.029897 1.004047
 18 1.807673 0.000001 -0.000001 0.000000 -0.000000 0.881257
 19 1.614255 0.000001 0.000001 0.000000 -0.000000 0.741755
 20 4.525584 0.000101 0.616741 0.028355 0.020521 1.003703
 21 1.719869 0.000000 -0.000001 0.000000 -0.000000 0.680519
 22 1.383649 -0.000001 0.000000 0.000000 -0.000000 0.741644
 23 4.525584 0.000303 1.850224 -0.030467 -0.017054 1.003724
 24 1.433227 -0.000002 0.000000 0.000000 -0.000000 0.680554
 25 1.153039 0.000000 0.000000 0.000000 -0.000000 0.741639
 26 0.000005 0.001585 -3.638375 -0.000010 1.409733 3.140787
 27 8.842831 0.000000 0.000001 0.224129 -1.174212 -0.130821
 28 9.341937 0.000000 -0.000001 0.000000 -0.000000 -2.293220
 29 10.945741 -0.000001 0.000001 1.872424 0.353743 -0.209492
 30 1.364904 0.231177 1.984410 -3.139615 0.004157 1.002253
 31 1.748536 -0.000002 0.000001 0.000000 -0.000000 0.436276
 32 1.272493 0.000001 0.000002 0.000000 -0.000000 0.322849
 33 4.525584 -0.000303 1.850224 -0.016317 -0.094622 0.192575
 34 1.719873 0.000001 0.000000 0.000000 -0.000000 0.034907
 35 1.383647 0.000000 -0.000001 0.000000 -0.000000 0.689317
 36 4.525584 -0.000101 0.616741 -0.040896 -0.032761 0.934240
 37 1.807674 -0.000001 0.000000 0.000000 -0.000000 0.907547
 38 1.614256 -0.000001 0.000000 0.000000 -0.000000 1.151884
 39 4.525584 0.000101 -0.616741 -0.026857 -0.022390 0.933908
 40 1.719871 -0.000002 0.000000 0.000000 -0.000000 0.907547
 41 1.383648 0.000001 0.000000 0.000000 -0.000000 1.151884
 42 4.525584 0.000304 -1.850223 0.029257 0.019200 0.933920
 43 1.433227 0.000002 0.000000 0.000000 -0.000000 0.907405
 44 1.153038 0.000000 0.000000 0.000000 -0.000000 1.151837
 45 -0.000008 0.000010 5.615750 -3.138332 -0.007860 2.741700
 46 15.693467 0.000000 0.000000 0.000000 -0.000000 -0.586346
 47 22.146629 -0.000001 0.000000 -0.000860 -0.008247 0.238943
 48 3.310129 5.734394 0.000000 0.000000 -0.000000 1.570796
 49 0.000008 -0.000006 -5.615750 -3.138428 -0.007859 2.741892
 50 15.693467 0.000000 0.000000 0.000000 -0.000000 -0.585489
 51 22.146629 0.000000 0.000000 -0.000903 -0.008227 0.238442
 52 3.310129 5.734394 0.000000 0.000000 -0.000000 1.570796
 53 1.977383 0.000000 0.000000 0.234074 0.020253 -0.171254
 54 3.723980 2.768054 -0.049087 -3.141592 -0.000002 1.570799
 55 11.781867 -0.001184 -0.000003 0.000000 -0.000000 0.000000
 56 -3.887187 4.546144 1.934869 -3.141591 -1.570796 0.000000
 57 -4.205003 4.546216 -0.015855 -3.141591 -1.570796 0.000000
 58 -3.887188 4.546179 -1.987145 -3.141591 -1.570796 0.000000
 59 -4.881806 5.593821 -1.566820 -1.449311 -1.291674 4.565827
 60 -4.886902 5.683144 -0.007570 -3.132865 -1.570796 0.000000
 61 -4.881796 5.609550 1.546659 -1.449311 -1.291674 4.565827
 62 3.710047 1.760547 -0.059361 -0.091858 -0.075851 1.616828
time 72
  0 -0.051171 0.051171 29.669428 -0.000288 0.050339 -1.572426
  1 -2.436255 0.000001 9.745319 -1.570795 -1.570451 0.000000
  2 1.384163 -0.004728 0.000002 -0.000004 -0.000001 0.155438
  3 5.939814 -0.004730 0.000000 0.000000 -0.000000 0.069738
  4 5.939809 -0.003975 0.000000 0.000000 -0.000000 0.000000
  5 4.991439 -0.003975 0.000000 0.000000 -0.000000 0.000000
  6 4.991436 -0.001575 0.000000 0.000000 -0.000000 0.000000
  7 0.000005 0.001564 3.638375 -0.000010 -1.357780 3.140806
  8 8.842831 0.000000 -0.000002 1.058738 0.729333 0.846947
  9 9.341934 0.000000 -0.000001 0.000000 -0.000000 -1.089489
 10 11.168404 -0.000001 0.000002 -2.138571 0.019061 -0.231172
 11 1.364904 0.231178 -1.984411 2.310809 0.500598 0.873954
 12 1.748536 -0.000002 0.000000 0.000000 -0.000000 0.567170
 13 1.272494 0.000001 -0.000001 0.000000 -0.000000 0.462442
 14 4.525584 -0.000304 -1.850224 0.079944 0.053288 1.005563
 15 1.719872 -0.000002 0.000000 0.000000 -0.000000 0.933623
 16 1.383647 0.000002 0.000000 0.000000 -0.000000 0.741644
 17 4.525584 -0.000102 -0.616741 0.043017 0.029897 1.004047
 18 1.807673 0.000001 -0.000001 0.000000 -0.000000 0.881257
 19 1.614255 0.000001 0.000001 0.000000 -0.000000 0.741755
 20 4.525584 0.000101 0.616741 0.028355 0.020521 1.003703
 21 1.719869 0.000000 -0.000001 0.000000 -0.000000 0.680519
 22 1.383649 -0.000001 0.000000 0.000000 -0.000000 0.741644
 23 4.525584 0.000303 1.850224 -0.030467 -0.017054 1.003724
 24 1.433227 -0.000002 0.000000 0.000000 -0.000000 0.680554
 25 1.153039 0.000000 0.000000 0.000000 -0.000000 0.741639
 26 0.000005 0.001585 -3.638375 -0.000010 1.406442 3.140787
 27 8.842831 0.000000 0.000001 0.225943 -1.170699 -0.132822
 28 9.341937 0.000000 -0.000001 0.000000 -0.000000 -2.293220
 29 10.945741 -0.000001 0.000001 1.872424 0.353743 -0.209492
 30 1.364904 0.231177 1.984410 -3.139615 0.004157 1.002253
 31 1.748536 -0.000002 0.000001 0.000000 -0.000000 0.436276
 32 1.272493 0.000001 0.000002 0.000000 -0.000000 0.322849
 33 4.525584 -0.000303 1.850224 -0.016317 -0.094622 0.192575
 34 1.719873 0.000001 0.000000 0.000000 -0.000000 0.034907
 35 1.383647 0.000000 -0.000001 0.000000 -0.000000 0.689317
 36 4.525584 -0.000101 0.616741 -0.040896 -0.032761 0.934240
 37 1.807674 -0.000001 0.000000 0.000000 -0.000000 0.907547
 38 1.614256 -0.000001 0.000000 0.000000 -0.000000 1.151884
 39 4.525584 0.000101 -0.616741 -0.026857 -0.022390 0.933908
 40 1.719871 -0.000002 0.000000 0.000000 -0.000000 0.907547
 41 1.383648 0.000001 0.000000 0.000000 -0.000000 1.151884
 42 4.525584 0.000304 -1.850223 0.029257 0.019200 0.933920
 43 1.433227 0.000002 0.000000 0.000000 -0.000000 0.907405
 44 1.153038 0.000000 0.000000 0.000000 -0.000000 1.151837
 45 -0.000008 0.000010 5.615750 -3.139099 -0.006326 2.742851
 46 15.693467 0.000000 0.000000 0.000000 -0.000000 -0.586489
 47 22.146629 -0.000001 0.000000 -0.001607 -0.006538 0.238203
 48 3.310129 5.734394 0.000000 0.000000 -0.000000 1.570796
 49 0.000008 -0.000006 -5.615750 -3.139099 -0.006230 2.743043
 50 15.693467 0.000000 0.000000 0.000000 -0.000000 -0.585489
 51 22.146629 0.000000 0.000000 -0.001636 -0.006508 0.237271
 52 3.310129 5.734394 0.000000 0.000000 -0.000000 1.570796
 53 1.977383 0.000000 0.000000 0.238726 0.013533 -0.173739
 54 3.723980 2.768054 -0.049087 -3.141592 -0.000002 1.570799
 55 11.781867 -0.001184 -0.000003 0.000000 -0.000000 0.000000
 56 -3.887187 4.546144 1.934869 -3.141591 -1.570796 0.000000
 57 -4.205003 4.546216 -0.015855 -3.141591 -1.570796 0.000000
 58 -3.887188 4.546179 -1.987145 -3.141591 -1.570796 0.000000
 59 -4.881806 5.593821 -1.566820 -1.446838 -1.296474 4.563306
 60 -4.886902 5.683144 -0.007570 -3.132865 -1.570796 0.000000
 61 -4.881796 5.609550 1.546659 -1.446838 -1.296474 4.563306
 62 3.710047 1.760547 -0.059361 -0.091858 -0.075851 1.616828
time 73
  0 0.009114 -0.009114 29.669428 -0.000384 0.048329 -1.573193
  1 -2.444068 0.000001 9.745319 -1.570795 -1.570451 0.000000
  2 1.384163 -0.004728 0.000002 -0.000004 -0.000001 0.156648
  3 5.939814 -0.004730 0.000000 0.000000 -0.000000 0.069738
  4 5.939809 -0.003975 0.000000 0.000000 -0.000000 0.000000
  5 4.991439 -0.003975 0.000000 0.000000 -0.000000 0.000000
  6 4.991436 -0.001575 0.000000 0.000000 -0.000000 0.000000
  7 0.000005 0.001564 3.638375 -0.000010 -1.355458 3.140806
  8 8.842831 0.000000 -0.000002 1.055446 0.728616 0.844485
  9 9.341934 0.000000 -0.000001 0.000000 -0.000000 -1.089489
 10 11.168404 -0.000001 0.000002 -2.138571 0.019061 -0.231172
 11 1.364904 0.231178 -1.984411 2.310809 0.500598 0.873954
 12 1.748536 -0.000002 0.000000 0.000000 -0.000000 0.567170
 13 1.272494 0.000001 -0.000001 0.000000 -0.000000 0.462442
 14 4.525584 -0.000304 -1.850224 0.079944 0.053288 1.005563
 15 1.719872 -0.000002 0.000000 0.000000 -0.000000 0.933623
 16 1.383647 0.000002 0.000000 0.000000 -0.000000 0.741644
 17 4.525584 -0.000102 -0.616741 0.043017 0.029897 1.004047
 18 1.807673 0.000001 -0.000001 0.000000 -0.000000 0.881257
 19 1.614255 0.000001 0.000001 0.000000 -0.000000 0.741755
 20 4.525584 0.000101 0.616741 0.028355 0.020521 1.003703
 21 1.719869 0.000000 -0.000001 0.000000 -0.000000 0.680519
 22 1.383649 -0.000001 0.000000 0.000000 -0.000000 0.741644
 23 4.525584 0.000303 1.850224 -0.030467 -0.017054 1.003724
 24 1.433227 -0.000002 0.000000 0.000000 -0.000000 0.680554
 25 1.153039 0.000000 0.000000 0.000000 -0.000000 0.741639
 26 0.000005 0.001585 -3.638375 -0.000010 1.403105 3.140787
 27 8.842831 0.000000 0.000001 0.227757 -1.167271 -0.134728
 28 9.341937 0.000000 -0.000001 0.000000 -0.000000 -2.293220
 29 10.945741 -0.000001 0.000001 1.872424 0.353743 -0.209492
 30 1.364904 0.231177 1.984410 -3.139615 0.004157 1.002253
 31 1.748536 -0.000002 0.000001 0.000000 -0.000000 0.436276
 32 1.272493 0.000001 0.000002 0.000000 -0.000000 0.322849
 33 4.525584 -0.000303 1.850224 -0.016317 -0.094622 0.192575
 34 1.719873 0.000001 0.000000 0.000000 -0.000000 0.034907
 35 1.383647 0.000000 -0.000001 0.000000 -0.000000 0.689317
 36 4.525584 -0.000101 0.616741 -0.040896 -0.032761 0.934240
 37 1.807674 -0.000001 0.000000 0.000000 -0.000000 0.907547
 38 1.614256 -0.000001 0.000000 0.000000 -0.000000 1.151884
 39 4.525584 0.000101 -0.616741 -0.026857 -0.022390 0.933908
 40 1.719871 -0.000002 0.000000 0.000000 -0.000000 0.907547
 41 1.383648 0.000001 0.000000 0.000000 -0.000000 1.151884
 42 4.525584 0.000304 -1.850223 0.029257 0.019200 0.933920
 43 1.433227 0.000002 0.000000 0.000000 -0.000000 0.907405
 44 1.153038 0.000000 0.000000 0.000000 -0.000000 1.151837
 45 -0.000008 0.000010 5.615750 -3.139866 -0.004792 2.744289
 46 15.693467 0.000000 0.000000 0.000000 -0.000000 -0.586631
 47 22.146629 -0.000001 0.000000 -0.002318 -0.004804 0.237512
 48 3.310129 5.734394 0.000000 0.000000 -0.000000 1.570796
 49 0.000008 -0.000006 -5.615750 -3.139387 -0.004696 2.744097
 50 15.693467 0.000000 0.000000 0.000000 -0.000000 -0.585489
 51 22.146629 0.000000 0.000000 -0.002313 -0.004789 0.236279
 52 3.310129 5.734394 0.000000 0.000000 -0.000000 1.570796
 53 1.977383 0.000000 0.000000 0.243272 0.006905 -0.176223
 54 3.723980 2.768054 -0.049087 -3.141592 -0.000002 1.570799
 55 11.781867 -0.001184 -0.000003 0.000000 -0.000000 0.000000
 56 -3.887187 4.546144 1.934869 -3.141591 -1.570796 0.000000
 57 -4.205003 4.546216 -0.015855 -3.141591 -1.570796 0.000000
 58 -3.887188 4.546179 -1.987145 -3.141591 -1.570796 0.000000
 59 -4.881806 5.593821 -1.566820 -1.444056 -1.301260 4.560704
 60 -4.886902 5.683144 -0.007570 -3.132865 -1.570796 0.000000
 61 -4.881796 5.609550 1.546659 -1.444056 -1.301260 4.560704
 62 3.710047 1.760547 -0.059361 -0.091858 -0.075851 1.616828
time 74
  0 0.061864 -0.061864 29.689028 -0.000384 0.046223 -1.573960
  1 -2.455787 0.000001 9.745319 -1.570795 -1.570451 0.000000
  2 1.384163 -0.004728 0.000002 -0.000004 -0.000001 0.157765
  3 5.939814 -0.004730 0.000000 0.000000 -0.000000 0.069738
  4 5.939809 -0.003975 0.000000 0.000000 -0.000000 0.000000
  5 4.991439 -0.003975 0.000000 0.000000 -0.000000 0.000000
  6 4.991436 -0.001575 0.000000 0.000000 -0.000000 0.000000
  7 0.000005 0.001564 3.638375 -0.000010 -1.353100 3.140806
  8 8.842831 0.000000 -0.000002 1.051971 0.727989 0.842023
  9 9.341934 0.000000 -0.000001 0.000000 -0.000000 -1.089489
 10 11.168404 -0.000001 0.000002 -2.138571 0.019061 -0.231172
 11 1.364904 0.231178 -1.984411 2.310809 0.500598 0.873954
 12 1.748536 -0.000002 0.000000 0.000000 -0.000000 0.567170
 13 1.272494 0.000001 -0.000001 0.000000 -0.000000 0.462442
 14 4.525584 -0.000304 -1.850224 0.079944 0.053288 1.005563
 15 1.719872 -0.000002 0.000000 0.000000 -0.000000 0.933623
 16 1.383647 0.000002 0.000000 0.000000 -0.000000 0.741644
 17 4.525584 -0.000102 -0.616741 0.043017 0.029897 1.004047
 18 1.807673 0.000001 -0.000001 0.000000 -0.000000 0.881257
 19 1.614255 0.000001 0.000001 0.000000 -0.000000 0.741755
 20 4.525584 0.000101 0.616741 0.028355 0.020521 1.003703
 21 1.719869 0.000000 -0.000001 0.000000 -0.000000 0.680519
 22 1.383649 -0.000001 0.000000 0.000000 -0.000000 0.741644
 23 4.525584 0.000303 1.850224 -0.030467 -0.017054 1.003724
 24 1.433227 -0.000002 0.000000 0.000000 -0.000000 0.680554
 25 1.153039 0.000000 0.000000 0.000000 -0.000000 0.741639
 26 0.000005 0.001585 -3.638375 -0.000010 1.399813 3.140787
 27 8.842831 0.000000 0.000001 0.229390 -1.163842 -0.136443
 28 9.341937 0.000000 -0.000001 0.000000 -0.000000 -2.293220
 29 10.945741 -0.000001 0.000001 1.872424 0.353743 -0.209492
 30 1.364904 0.231177 1.984410 -3.139615 0.004157 1.002253
 31 1.748536 -0.000002 0.000001 0.000000 -0.000000 0.436276
 32 1.272493 0.000001 0.000002 0.000000 -0.000000 0.322849
 33 4.525584 -0.000303 1.850224 -0.016317 -0.094622 0.192575
 34 1.719873 0.000001 0.000000 0.000000 -0.000000 0.034907
 35 1.383647 0.000000 -0.000001 0.000000 -0.000000 0.689317
 36 4.525584 -0.000101 0.616741 -0.040896 -0.032761 0.934240
 37 1.807674 -0.000001 0.000000 0.000000 -0.000000 0.907547
 38 1.614256 -0.000001 0.000000 0.000000 -0.000000 1.151884
 39 4.525584 0.000101 -0.616741 -0.026857 -0.022390 0.933908
 40 1.719871 -0.000002 0.000000 0.000000 -0.000000 0.907547
 41 1.383648 0.000001 0.000000 0.000000 -0.000000 1.151884
 42 4.525584 0.000304 -1.850223 0.029257 0.019200 0.933920
 43 1.433227 0.000002 0.000000 0.000000 -0.000000 0.907405
 44 1.153038 0.000000 0.000000 0.000000 -0.000000 1.151837
 45 -0.000008 0.000010 5.615750 -3.140058 -0.003258 2.745631
 46 15.693467 0.000000 0.000000 0.000000 -0.000000 -0.586631
 47 22.146629 -0.000001 0.000000 -0.003103 -0.003096 0.236723
 48 3.310129 5.734394 0.000000 0.000000 -0.000000 1.570796
 49 0.000008 -0.000006 -5.615750 -3.140058 -0.003162 2.745152
 50 15.693467 0.000000 0.000000 0.000000 -0.000000 -0.585489
 51 22.146629 0.000000 0.000000 -0.003103 -0.003100 0.235378
 52 3.310129 5.734394 0.000000 0.000000 -0.000000 1.570796
 53 1.977383 0.000000 0.000000 0.247448 0.000393 -0.178758
 54 3.723980 2.768054 -0.049087 -3.141592 -0.000002 1.570799
 55 11.781867 -0.001184 -0.000003 0.000000 -0.000000 0.000000
 56 -3.887187 4.546144 1.934869 -3.141591 -1.570796 0.000000
 57 -4.205003 4.546216 -0.015855 -3.141591 -1.570796 0.000000
 58 -3.887188 4.546179 -1.987145 -3.141591 -1.570796 0.000000
 59 -4.881806 5.593821 -1.566820 -1.441196 -1.306046 4.558184
 60 -4.886902 5.683144 -0.007570 -3.132865 -1.570796 0.000000
 61 -4.881796 5.609550 1.546659 -1.441196 -1.306046 4.558184
 62 3.710047 1.760547 -0.059361 -0.091858 -0.075851 1.616828
time 75
  0 0.129684 -0.129684 29.689028 -0.000384 0.044214 -1.574727
  1 -2.467506 0.000001 9.745319 -1.570795 -1.570451 0.000000
  2 1.384163 -0.004728 0.000002 -0.000004 -0.000001 0.158929
  3 5.939814 -0.004730 0.000000 0.000000 -0.000000 0.069738
  4 5.939809 -0.003975 0.000000 0.000000 -0.000000 0.000000
  5 4.991439 -0.003975 0.000000 0.000000 -0.000000 0.000000
  6 4.991436 -0.001575 0.000000 0.000000 -0.000000 0.000000
  7 0.000005 0.001564 3.638375 -0.000010 -1.350851 3.140806
  8 8.842831 0.000000 -0.000002 1.048862 0.727272 0.839396
  9 9.341934 0.000000 -0.000001 0.000000 -0.000000 -1.089489
 10 11.168404 -0.000001 0.000002 -2.138571 0.019061 -0.231172
 11 1.364904 0.231178 -1.984411 2.310809 0.500598 0.873954
 12 1.748536 -0.000002 0.000000 0.000000 -0.000000 0.567170
 13 1.272494 0.000001 -0.000001 0.000000 -0.000000 0.462442
 14 4.525584 -0.000304 -1.850224 0.079944 0.053288 1.005563
 15 1.719872 -0.000002 0.000000 0.000000 -0.000000 0.933623
 16 1.383647 0.000002 0.000000 0.000000 -0.000000 0.741644
 17 4.525584 -0.000102 -0.616741 0.043017 0.029897 1.004047
 18 1.807673 0.000001 -0.000001 0.000000 -0.000000 0.881257
 19 1.614255 0.000001 0.000001 0.000000 -0.000000 0.741755
 20 4.525584 0.000101 0.616741 0.028355 0.020521 1.003703
 21 1.719869 0.000000 -0.000001 0.000000 -0.000000 0.680519
 22 1.383649 -0.000001 0.000000 0.000000 -0.000000 0.741644
 23 4.525584 0.000303 1.850224 -0.030467 -0.017054 1.003724
 24 1.433227 -0.000002 0.000000 0.000000 -0.000000 0.680554
 25 1.153039 0.000000 0.000000 0.000000 -0.000000 0.741639
 26 0.000005 0.001585 -3.638375 -0.000010 1.396521 3.140787
 27 8.842831 0.000000 0.000001 0.231204 -1.160497 -0.138253
 28 9.341937 0.000000 -0.000001 0.000000 -0.000000 -2.293220
 29 10.945741 -0.000001 0.000001 1.872424 0.353743 -0.209492
 30 1.364904 0.231177 1.984410 -3.139615 0.004157 1.002253
 31 1.748536 -0.000002 0.000001 0.000000 -0.000000 0.436276
 32 1.272493 0.000001 0.000002 0.000000 -0.000000 0.322849
 33 4.525584 -0.000303 1.850224 -0.016317 -0.094622 0.192575
 34 1.719873 0.000001 0.000000 0.000000 -0.000000 0.034907
 35 1.383647 0.000000 -0.000001 0.000000 -0.000000 0.689317
 36 4.525584 -0.000101 0.616741 -0.040896 -0.032761 0.934240
 37 1.807674 -0.000001 0.000000 0.000000 -0.000000 0.907547
 38 1.614256 -0.000001 0.000000 0.000000 -0.000000 1.151884
 39 4.525584 0.000101 -0.616741 -0.026857 -0.022390 0.933908
 40 1.719871 -0.000002 0.000000 0.000000 -0.000000 0.907547
 41 1.383648 0.000001 0.000000 0.000000 -0.000000 1.151884
 42 4.525584 0.000304 -1.850223 0.029257 0.019200 0.933920
 43 1.433227 0.000002 0.000000 0.000000 -0.000000 0.907405
 44 1.153038 0.000000 0.000000 0.000000 -0.000000 1.151837
 45 -0.000008 0.000010 5.615750 -3.140633 -0.001724 2.746974
 46 15.693467 0.000000 0.000000 0.000000 -0.000000 -0.586631
 47 22.146629 -0.000001 0.000000 -0.003776 -0.001486 0.235933
 48 3.310129 5.734394 0.000000 0.000000 -0.000000 1.570796
 49 0.000008 -0.000006 -5.615750 -3.140633 -0.001724 2.746398
 50 15.693467 0.000000 0.000000 0.000000 -0.000000 -0.585318
 51 22.146629 0.000000 0.000000 -0.003836 -0.001473 0.234386
 52 3.310129 5.734394 0.000000 0.000000 -0.000000 1.570796
 53 1.977383 0.000000 0.000000 0.251572 -0.005866 -0.181243
 54 3.723980 2.768054 -0.049087 -3.141592 -0.000002 1.570799
 55 11.781867 -0.001184 -0.000003 0.000000 -0.000000 0.000000
 56 -3.887187 4.546144 1.934869 -3.141591 -1.570796 0.000000
 57 -4.205003 4.546216 -0.015855 -3.141591 -1.570796 0.000000
 58 -3.887188 4.546179 -1.987145 -3.141591 -1.570796 0.000000
 59 -4.881806 5.593821 -1.566820 -1.438414 -1.310846 4.555256
 60 -4.886902 5.683144 -0.007570 -3.132865 -1.570796 0.000000
 61 -4.881796 5.609550 1.546659 -1.438414 -1.310846 4.555256
 62 3.710047 1.760547 -0.059361 -0.091858 -0.075851 1.616828
time 76
  0 0.182434 -0.182434 29.689028 -0.000384 0.042013 -1.575399
  1 -2.475319 0.000001 9.745319 -1.570795 -1.570451 0.000000
  2 1.384163 -0.004728 0.000002 -0.000004 -0.000001 0.160093
  3 5.939814 -0.004730 0.000000 0.000000 -0.000000 0.069738
  4 5.939809 -0.003975 0.000000 0.000000 -0.000000 0.000000
  5 4.991439 -0.003975 0.000000 0.000000 -0.000000 0.000000
  6 4.991436 -0.001575 0.000000 0.000000 -0.000000 0.000000
  7 0.000005 0.001564 3.638375 -0.000010 -1.348529 3.140806
  8 8.842831 0.000000 -0.000002 1.045570 0.726555 0.836934
  9 9.341934 0.000000 -0.000001 0.000000 -0.000000 -1.089489
 10 11.168404 -0.000001 0.000002 -2.138571 0.019061 -0.231172
 11 1.364904 0.231178 -1.984411 2.310809 0.500598 0.873954
 12 1.748536 -0.000002 0.000000 0.000000 -0.000000 0.567170
 13 1.272494 0.000001 -0.000001 0.000000 -0.000000 0.462442
 14 4.525584 -0.000304 -1.850224 0.079944 0.053288 1.005563
 15 1.719872 -0.000002 0.000000 0.000000 -0.000000 0.933623
 16 1.383647 0.000002 0.000000 0.000000 -0.000000 0.741644
 17 4.525584 -0.000102 -0.616741 0.043017 0.029897 1.004047
 18 1.807673 0.000001 -0.000001 0.000000 -0.000000 0.881257
 19 1.614255 0.000001 0.000001 0.000000 -0.000000 0.741755
 20 4.525584 0.000101 0.616741 0.028355 0.020521 1.003703
 21 1.719869 0.000000 -0.000001 0.000000 -0.000000 0.680519
 22 1.383649 -0.000001 0.000000 0.000000 -0.000000 0.741644
 23 4.525584 0.000303 1.850224 -0.030467 -0.017054 1.003724
 24 1.433227 -0.000002 0.000000 0.000000 -0.000000 0.680554
 25 1.153039 0.000000 0.000000 0.000000 -0.000000 0.741639
 26 0.000005 0.001585 -3.638375 -0.000010 1.393276 3.140787
 27 8.842831 0.000000 0.000001 0.233018 -1.157068 -0.139968
 28 9.341937 0.000000 -0.000001 0.000000 -0.000000 -2.293220
 29 10.945741 -0.000001 0.000001 1.872424 0.353743 -0.209492
 30 1.364904 0.231177 1.984410 -3.139615 0.004157 1.002253
 31 1.748536 -0.000002 0.000001 0.000000 -0.000000 0.436276
 32 1.272493 0.000001 0.000002 0.000000 -0.000000 0.322849
 33 4.525584 -0.000303 1.850224 -0.016317 -0.094622 0.192575
 34 1.719873 0.000001 0.000000 0.000000 -0.000000 0.034907
 35 1.383647 0.000000 -0.000001 0.000000 -0.000000 0.689317
 36 4.525584 -0.000101 0.616741 -0.040896 -0.032761 0.934240
 37 1.807674 -0.000001 0.000000 0.000000 -0.000000 0.907547
 38 1.614256 -0.000001 0.000000 0.000000 -0.000000 1.151884
 39 4.525584 0.000101 -0.616741 -0.026857 -0.022390 0.933908
 40 1.719871 -0.000002 0.000000 0.000000 -0.000000 0.907547
 41 1.383648 0.000001 0.000000 0.000000 -0.000000 1.151884
 42 4.525584 0.000304 -1.850223 0.029257 0.019200 0.933920
 43 1.433227 0.000002 0.000000 0.000000 -0.000000 0.907405
 44 1.153038 0.000000 0.000000 0.000000 -0.000000 1.151837
 45 -0.000008 0.000010 5.615750 -3.141304 -0.000190 2.748220
 46 15.693467 0.000000 0.000000 0.000000 -0.000000 -0.586631
 47 22.146629 -0.000001 0.000000 -0.004523 0.000050 0.235242
 48 3.310129 5.734394 0.000000 0.000000 -0.000000 1.570796
 49 0.000008 -0.000006 -5.615750 -3.141304 -0.000190 2.747453
 50 15.693467 0.000000 0.000000 0.000000 -0.000000 -0.585318
 51 22.146629 0.000000 0.000000 -0.004513 0.000031 0.233305
 52 3.310129 5.734394 0.000000 0.000000 -0.000000 1.570796
 53 1.977383 0.000000 0.000000 0.255219 -0.011870 -0.183678
 54 3.723980 2.768054 -0.049087 -3.141592 -0.000002 1.570799
 55 11.781867 -0.001184 -0.000003 0.000000 -0.000000 0.000000
 56 -3.887187 4.546144 1.934869 -3.141591 -1.570796 0.000000
 57 -4.205003 4.546216 -0.015855 -3.141591 -1.570796 0.000000
 58 -3.887188 4.546179 -1.987145 -3.141591 -1.570796 0.000000
 59 -4.881806 5.593821 -1.566820 -1.435400 -1.315632 4.552248
 60 -4.886902 5.683144 -0.007570 -3.132865 -1.570796 0.000000
 61 -4.881796 5.609550 1.546659 -1.435400 -1.315632 4.552248
 62 3.710047 1.760547 -0.059361 -0.091858 -0.075851 1.616828
time 77
  0 0.250254 -0.250254 29.689028 -0.000384 0.040099 -1.576166
  1 -2.490945 0.000001 9.745319 -1.570795 -1.570451 0.000000
  2 1.384163 -0.004728 0.000002 -0.000004 -0.000001 0.161210
  3 5.939814 -0.004730 0.000000 0.000000 -0.000000 0.069738
  4 5.939809 -0.003975 0.000000 0.000000 -0.000000 0.000000
  5 4.991439 -0.003975 0.000000 0.000000 -0.000000 0.000000
  6 4.991436 -0.001575 0.000000 0.000000 -0.000000 0.000000
  7 0.000005 0.001564 3.638375 -0.000010 -1.346280 3.140806
  8 8.842831 0.000000 -0.000002 1.042278 0.726017 0.834719
  9 9.341934 0.000000 -0.000001 0.000000 -0.000000 -1.089489
 10 11.168404 -0.000001 0.000002 -2.138571 0.019061 -0.231172
 11 1.364904 0.231178 -1.984411 2.310809 0.500598 0.873954
 12 1.748536 -0.000002 0.000000 0.000000 -0.000000 0.567170
 13 1.272494 0.000001 -0.000001 0.000000 -0.000000 0.462442
 14 4.525584 -0.000304 -1.850224 0.079944 0.053288 1.005563
 15 1.719872 -0.000002 0.000000 0.000000 -0.000000 0.933623
 16 1.383647 0.000002 0.000000 0.000000 -0.000000 0.741644
 17 4.525584 -0.000102 -0.616741 0.043017 0.029897 1.004047
 18 1.807673 0.000001 -0.000001 0.000000 -0.000000 0.881257
 19 1.614255 0.000001 0.000001 0.000000 -0.000000 0.741755
 20 4.525584 0.000101 0.616741 0.028355 0.020521 1.003703
 21 1.719869 0.000000 -0.000001 0.000000 -0.000000 0.680519
 22 1.383649 -0.000001 0.000000 0.000000 -0.000000 0.741644
 23 4.525584 0.000303 1.850224 -0.030467 -0.017054 1.003724
 24 1.433227 -0.000002 0.000000 0.000000 -0.000000 0.680554
 25 1.153039 0.000000 0.000000 0.000000 -0.000000 0.741639
 26 0.000005 0.001585 -3.638375 -0.000010 1.390076 3.140787
 27 8.842831 0.000000 0.000001 0.234378 -1.153807 -0.141588
 28 9.341937 0.000000 -0.000001 0.000000 -0.000000 -2.293220
 29 10.945741 -0.000001 0.000001 1.872424 0.353743 -0.209492
 30 1.364904 0.231177 1.984410 -3.139615 0.004157 1.002253
 31 1.748536 -0.000002 0.000001 0.000000 -0.000000 0.436276
 32 1.272493 0.000001 0.000002 0.000000 -0.000000 0.322849
 33 4.525584 -0.000303 1.850224 -0.016317 -0.094622 0.192575
 34 1.719873 0.000001 0.000000 0.000000 -0.000000 0.034907
 35 1.383647 0.000000 -0.000001 0.000000 -0.000000 0.689317
 36 4.525584 -0.000101 0.616741 -0.040896 -0.032761 0.934240
 37 1.807674 -0.000001 0.000000 0.000000 -0.000000 0.907547
 38 1.614256 -0.000001 0.000000 0.000000 -0.000000 1.151884
 39 4.525584 0.000101 -0.616741 -0.026857 -0.022390 0.933908
 40 1.719871 -0.000002 0.000000 0.000000 -0.000000 0.907547
 41 1.383648 0.000001 0.000000 0.000000 -0.000000 1.151884
 42 4.525584 0.000304 -1.850223 0.029257 0.019200 0.933920
 43 1.433227 0.000002 0.000000 0.000000 -0.000000 0.907405
 44 1.153038 0.000000 0.000000 0.000000 -0.000000 1.151837
 45 -0.000008 0.000010 5.615750 -3.141592 0.001057 2.749466
 46 15.693467 0.000000 0.000000 0.000000 -0.000000 -0.586631
 47 22.146629 -0.000001 0.000000 -0.005308 0.001659 0.234453
 48 3.310129 5.734394 0.000000 0.000000 -0.000000 1.570796
 49 0.000008 -0.000006 -5.615750 -3.141592 0.001057 2.748699
 50 15.693467 0.000000 0.000000 0.000000 -0.000000 -0.585318
 51 22.146629 0.000000 0.000000 -0.005359 0.001658 0.232223
 52 3.310129 5.734394 0.000000 0.000000 -0.000000 1.570796
 53 1.977383 0.000000 0.000000 0.258814 -0.017597 -0.186113
 54 3.723980 2.768054 -0.049087 -3.141592 -0.000002 1.570799
 55 11.781867 -0.001184 -0.000003 0.000000 -0.000000 0.000000
 56 -3.887187 4.546144 1.934869 -3.141591 -1.570796 0.000000
 57 -4.205003 4.546216 -0.015855 -3.141591 -1.570796 0.000000
 58 -3.887188 4.546179 -1.987145 -3.141591 -1.570796 0.000000
 59 -4.881806 5.593821 -1.566820 -1.432309 -1.320405 4.549402
 60 -4.886902 5.683144 -0.007570 -3.132865 -1.570796 0.000000
 61 -4.881796 5.609550 1.546659 -1.432309 -1.320405 4.549402
 62 3.710047 1.760547 -0.059361 -0.091858 -0.075851 1.616828
time 78
  0 0.295468 -0.295468 29.689028 -0.000384 0.038089 -1.576837
  1 -2.506570 0.000001 9.745319 -1.570795 -1.570451 0.000000
  2 1.384163 -0.004728 0.000002 -0.000004 -0.000001 0.162327
  3 5.939814 -0.004730 0.000000 0.000000 -0.000000 0.069738
  4 5.939809 -0.003975 0.000000 0.000000 -0.000000 0.000000
  5 4.991439 -0.003975 0.000000 0.000000 -0.000000 0.000000
  6 4.991436 -0.001575 0.000000 0.000000 -0.000000 0.000000
  7 0.000005 0.001564 3.638375 -0.000010 -1.344067 3.140806
  8 8.842831 0.000000 -0.000002 1.039169 0.725300 0.832339
  9 9.341934 0.000000 -0.000001 0.000000 -0.000000 -1.089489
 10 11.168404 -0.000001 0.000002 -2.138571 0.019061 -0.231172
 11 1.364904 0.231178 -1.984411 2.310809 0.500598 0.873954
 12 1.748536 -0.000002 0.000000 0.000000 -0.000000 0.567170
 13 1.272494 0.000001 -0.000001 0.000000 -0.000000 0.462442
 14 4.525584 -0.000304 -1.850224 0.079944 0.053288 1.005563
 15 1.719872 -0.000002 0.000000 0.000000 -0.000000 0.933623
 16 1.383647 0.000002 0.000000 0.000000 -0.000000 0.741644
 17 4.525584 -0.000102 -0.616741 0.043017 0.029897 1.004047
 18 1.807673 0.000001 -0.000001 0.000000 -0.000000 0.881257
 19 1.614255 0.000001 0.000001 0.000000 -0.000000 0.741755
 20 4.525584 0.000101 0.616741 0.028355 0.020521 1.003703
 21 1.719869 0.000000 -0.000001 0.000000 -0.000000 0.680519
 22 1.383649 -0.000001 0.000000 0.000000 -0.000000 0.741644
 23 4.525584 0.000303 1.850224 -0.030467 -0.017054 1.003724
 24 1.433227 -0.000002 0.000000 0.000000 -0.000000 0.680554
 25 1.153039 0.000000 0.000000 0.000000 -0.000000 0.741639
 26 0.000005 0.001585 -3.638375 -0.000010 1.386967 3.140787
 27 8.842831 0.000000 0.000001 0.236102 -1.150462 -0.143303
 28 9.341937 0.000000 -0.000001 0.000000 -0.000000 -2.293220
 29 10.945741 -0.000001 0.000001 1.872424 0.353743 -0.209492
 30 1.364904 0.231177 1.984410 -3.139615 0.004157 1.002253
 31 1.748536 -0.000002 0.000001 0.000000 -0.000000 0.436276
 32 1.272493 0.000001 0.000002 0.000000 -0.000000 0.322849
 33 4.525584 -0.000303 1.850224 -0.016317 -0.094622 0.192575
 34 1.719873 0.000001 0.000000 0.000000 -0.000000 0.034907
 35 1.383647 0.000000 -0.000001 0.000000 -0.000000 0.689317
 36 4.525584 -0.000101 0.616741 -0.040896 -0.032761 0.934240
 37 1.807674 -0.000001 0.000000 0.000000 -0.000000 0.907547
 38 1.614256 -0.000001 0.000000 0.000000 -0.000000 1.151884
 39 4.525584 0.000101 -0.616741 -0.026857 -0.022390 0.933908
 40 1.719871 -0.000002 0.000000 0.000000 -0.000000 0.907547
 41 1.383648 0.000001 0.000000 0.000000 -0.000000 1.151884
 42 4.525584 0.000304 -1.850223 0.029257 0.019200 0.933920
 43 1.433227 0.000002 0.000000 0.000000 -0.000000 0.907405
 44 1.153038 0.000000 0.000000 0.000000 -0.000000 1.151837
 45 -0.000008 0.000010 5.615750 -3.141880 0.002591 2.750808
 46 15.693467 0.000000 0.000000 0.000000 -0.000000 -0.586631
 47 22.146629 -0.000001 0.000000 -0.005981 0.003269 0.233664
 48 3.310129 5.734394 0.000000 0.000000 -0.000000 1.570796
 49 0.000008 -0.000006 -5.615750 -3.141880 0.002495 2.749658
 50 15.693467 0.000000 0.000000 0.000000 -0.000000 -0.585147
 51 22.146629 0.000000 0.000000 -0.006036 0.003285 0.231322
 52 3.310129 5.734394 0.000000 0.000000 -0.000000 1.570796
 53 1.977383 0.000000 0.000000 0.261986 -0.023001 -0.188399
 54 3.723980 2.768054 -0.049087 -3.141592 -0.000002 1.570799
 55 11.781867 -0.001184 -0.000003 0.000000 -0.000000 0.000000
 56 -3.887187 4.546144 1.934869 -3.141591 -1.570796 0.000000
 57 -4.205003 4.546216 -0.015855 -3.141591 -1.570796 0.000000
 58 -3.887188 4.546179 -1.987145 -3.141591 -1.570796 0.000000
 59 -4.881806 5.593821 -1.566820 -1.429063 -1.325191 4.546231
 60 -4.886902 5.683144 -0.007570 -3.132865 -1.570796 0.000000
 61 -4.881796 5.609550 1.546659 -1.429063 -1.325191 4.546231
 62 3.710047 1.760547 -0.059361 -0.091858 -0.075851 1.616828
time 79
  0 0.348218 -0.348218 29.708626 -0.000384 0.035888 -1.577604
  1 -2.510477 0.000001 9.745319 -1.570795 -1.570451 0.000000
  2 1.384163 -0.004728 0.000002 -0.000004 -0.000001 0.163398
  3 5.939814 -0.004730 0.000000 0.000000 -0.000000 0.069738
  4 5.939809 -0.003975 0.000000 0.000000 -0.000000 0.000000
  5 4.991439 -0.003975 0.000000 0.000000 -0.000000 0.000000
  6 4.991436 -0.001575 0.000000 0.000000 -0.000000 0.000000
  7 0.000005 0.001564 3.638375 -0.000010 -1.341926 3.140806
  8 8.842831 0.000000 -0.000002 1.036151 0.724493 0.830123
  9 9.341934 0.000000 -0.000001 0.000000 -0.000000 -1.089489
 10 11.168404 -0.000001 0.000002 -2.138571 0.019061 -0.231172
 11 1.364904 0.231178 -1.984411 2.310809 0.500598 0.873954
 12 1.748536 -0.000002 0.000000 0.000000 -0.000000 0.567170
 13 1.272494 0.000001 -0.000001 0.000000 -0.000000 0.462442
 14 4.525584 -0.000304 -1.850224 0.079944 0.053288 1.005563
 15 1.719872 -0.000002 0.000000 0.000000 -0.000000 0.933623
 16 1.383647 0.000002 0.000000 0.000000 -0.000000 0.741644
 17 4.525584 -0.000102 -0.616741 0.043017 0.029897 1.004047
 18 1.807673 0.000001 -0.000001 0.000000 -0.000000 0.881257
 19 1.614255 0.000001 0.000001 0.000000 -0.000000 0.741755
 20 4.525584 0.000101 0.616741 0.028355 0.020521 1.003703
 21 1.719869 0.000000 -0.000001 0.000000 -0.000000 0.680519
 22 1.383649 -0.000001 0.000000 0.000000 -0.000000 0.741644
 23 4.525584 0.000303 1.850224 -0.030467 -0.017054 1.003724
 24 1.433227 -0.000002 0.000000 0.000000 -0.000000 0.680554
 25 1.153039 0.000000 0.000000 0.000000 -0.000000 0.741639
 26 0.000005 0.001585 -3.638375 -0.000010 1.383950 3.140787
 27 8.842831 0.000000 0.000001 0.237553 -1.147368 -0.144637
 28 9.341937 0.000000 -0.000001 0.000000 -0.000000 -2.293220
 29 10.945741 -0.000001 0.000001 1.872424 0.353743 -0.209492
 30 1.364904 0.231177 1.984410 -3.139615 0.004157 1.002253
 31 1.748536 -0.000002 0.000001 0.000000 -0.000000 0.436276
 32 1.272493 0.000001 0.000002 0.000000 -0.000000 0.322849
 33 4.525584 -0.000303 1.850224 -0.016317 -0.094622 0.192575
 34 1.719873 0.000001 0.000000 0.000000 -0.000000 0.034907
 35 1.383647 0.000000 -0.000001 0.000000 -0.000000 0.689317
 36 4.525584 -0.000101 0.616741 -0.040896 -0.032761 0.934240
 37 1.807674 -0.000001 0.000000 0.000000 -0.000000 0.907547
 38 1.614256 -0.000001 0.000000 0.000000 -0.000000 1.151884
 39 4.525584 0.000101 -0.616741 -0.026857 -0.022390 0.933908
 40 1.719871 -0.000002 0.000000 0.000000 -0.000000 0.907547
 41 1.383648 0.000001 0.000000 0.000000 -0.000000 1.151884
 42 4.525584 0.000304 -1.850223 0.029257 0.019200 0.933920
 43 1.433227 0.000002 0.000000 0.000000 -0.000000 0.907405
 44 1.153038 0.000000 0.000000 0.000000 -0.000000 1.151837
 45 -0.000008 0.000010 5.615750 -3.142551 0.004029 2.752151
 46 15.693467 0.000000 0.000000 0.000000 -0.000000 -0.586346
 47 22.146629 -0.000001 0.000000 -0.006766 0.004854 0.232923
 48 3.310129 5.734394 0.000000 0.000000 -0.000000 1.570796
 49 0.000008 -0.000006 -5.615750 -3.142455 0.003933 2.750905
 50 15.693467 0.000000 0.000000 0.000000 -0.000000 -0.584976
 51 22.146629 0.000000 0.000000 -0.006713 0.004881 0.230421
 52 3.310129 5.734394 0.000000 0.000000 -0.000000 1.570796
 53 1.977383 0.000000 0.000000 0.263360 -0.027943 -0.190536
 54 3.723980 2.768054 -0.049087 -3.141592 -0.000002 1.570799
 55 11.781867 -0.001184 -0.000003 0.000000 -0.000000 0.000000
 56 -3.887187 4.546144 1.934869 -3.141591 -1.570796 0.000000
 57 -4.205003 4.546216 -0.015855 -3.141591 -1.570796 0.000000
 58 -3.887188 4.546179 -1.987145 -3.141591 -1.570796 0.000000
 59 -4.881806 5.593821 -1.566820 -1.425740 -1.329965 4.542979
 60 -4.886902 5.683144 -0.007570 -3.132865 -1.570796 0.000000
 61 -4.881796 5.609550 1.546659 -1.425740 -1.329965 4.542979
 62 3.710047 1.760547 -0.059361 -0.091858 -0.075851 1.616828
time 80
  0 0.408503 -0.408503 29.708626 -0.000384 0.034069 -1.578083
  1 -2.522196 0.000001 9.745319 -1.570795 -1.570451 0.000000
  2 1.384163 -0.004728 0.000002 -0.000004 -0.000001 0.164283
  3 5.939814 -0.004730 0.000000 0.000000 -0.000000 0.069738
  4 5.939809 -0.003975 0.000000 0.000000 -0.000000 0.000000
  5 4.991439 -0.003975 0.000000 0.000000 -0.000000 0.000000
  6 4.991436 -0.001575 0.000000 0.000000 -0.000000 0.000000
  7 0.000005 0.001564 3.638375 -0.000010 -1.340040 3.140806
  8 8.842831 0.000000 -0.000002 1.033499 0.723955 0.828071
  9 9.341934 0.000000 -0.000001 0.000000 -0.000000 -1.089489
 10 11.168404 -0.000001 0.000002 -2.138571 0.019061 -0.231172
 11 1.364904 0.231178 -1.984411 2.310809 0.500598 0.873954
 12 1.748536 -0.000002 0.000000 0.000000 -0.000000 0.567170
 13 1.272494 0.000001 -0.000001 0.000000 -0.000000 0.462442
 14 4.525584 -0.000304 -1.850224 0.079944 0.053288 1.005563
 15 1.719872 -0.000002 0.000000 0.000000 -0.000000 0.933623
 16 1.383647 0.000002 0.000000 0.000000 -0.000000 0.741644
 17 4.525584 -0.000102 -0.616741 0.043017 0.029897 1.004047
 18 1.807673 0.000001 -0.000001 0.000000 -0.000000 0.881257
 19 1.614255 0.000001 0.000001 0.000000 -0.000000 0.741755
 20 4.525584 0.000101 0.616741 0.028355 0.020521 1.003703
 21 1.719869 0.000000 -0.000001 0.000000 -0.000000 0.680519
 22 1.383649 -0.000001 0.000000 0.000000 -0.000000 0.741644
 23 4.525584 0.000303 1.850224 -0.030467 -0.017054 1.003724
 24 1.433227 -0.000002 0.000000 0.000000 -0.000000 0.680554
 25 1.153039 0.000000 0.000000 0.000000 -0.000000 0.741639
 26 0.000005 0.001585 -3.638375 -0.000010 1.381252 3.140787
 27 8.842831 0.000000 0.000001 0.238641 -1.144608 -0.146162
 28 9.341937 0.000000 -0.000001 0.000000 -0.000000 -2.293220
 29 10.945741 -0.000001 0.000001 1.872424 0.353743 -0.209492
 30 1.364904 0.231177 1.984410 -3.139615 0.004157 1.002253
 31 1.748536 -0.000002 0.000001 0.000000 -0.000000 0.436276
 32 1.272493 0.000001 0.000002 0.000000 -0.000000 0.322849
 33 4.525584 -0.000303 1.850224 -0.016317 -0.094622 0.192575
 34 1.719873 0.000001 0.000000 0.000000 -0.000000 0.034907
 35 1.383647 0.000000 -0.000001 0.000000 -0.000000 0.689317
 36 4.525584 -0.000101 0.616741 -0.040896 -0.032761 0.934240
 37 1.807674 -0.000001 0.000000 0.000000 -0.000000 0.907547
 38 1.614256 -0.000001 0.000000 0.000000 -0.000000 1.151884
 39 4.525584 0.000101 -0.616741 -0.026857 -0.022390 0.933908
 40 1.719871 -0.000002 0.000000 0.000000 -0.000000 0.907547
 41 1.383648 0.000001 0.000000 0.000000 -0.000000 1.151884
 42 4.525584 0.000304 -1.850223 0.029257 0.019200 0.933920
 43 1.433227 0.000002 0.000000 0.000000 -0.000000 0.907405
 44 1.153038 0.000000 0.000000 0.000000 -0.000000 1.151837
 45 -0.000008 0.000010 5.615750 -3.142742 0.005467 2.753301
 46 15.693467 0.000000 0.000000 0.000000 -0.000000 -0.586346
 47 22.146629 -0.000001 0.000000 -0.007439 0.006389 0.232233
 48 3.310129 5.734394 0.000000 0.000000 -0.000000 1.570796
 49 0.000008 -0.000006 -5.615750 -3.142647 0.005371 2.751959
 50 15.693467 0.000000 0.000000 0.000000 -0.000000 -0.584976
 51 22.146629 0.000000 0.000000 -0.007559 0.006323 0.229249
 52 3.310129 5.734394 0.000000 0.000000 -0.000000 1.570796
 53 1.977383 0.000000 0.000000 0.261721 -0.032400 -0.192474
 54 3.723980 2.768054 -0.049087 -3.141592 -0.000002 1.570799
 55 11.781867 -0.001184 -0.000003 0.000000 -0.000000 0.000000
 56 -3.887187 4.546144 1.934869 -3.141591 -1.570796 0.000000
 57 -4.205003 4.546216 -0.015855 -3.141591 -1.570796 0.000000
 58 -3.887188 4.546179 -1.987145 -3.141591 -1.570796 0.000000
 59 -4.881806 5.593821 -1.566820 -1.422262 -1.334751 4.539564
 60 -4.886902 5.683144 -0.007570 -3.132865 -1.570796 0.000000
 61 -4.881796 5.609550 1.546659 -1.422262 -1.334751 4.539564
 62 3.710047 1.760547 -0.059361 -0.091858 -0.075851 1.616828
time 81
  0 0.461252 -0.461252 29.708626 -0.000384 0.032060 -1.578754
  1 -2.530008 0.000001 9.745319 -1.570795 -1.570451 0.000000
  2 1.384163 -0.004728 0.000002 -0.000004 -0.000001 0.165167
  3 5.939814 -0.004730 0.000000 0.000000 -0.000000 0.069738
  4 5.939809 -0.003975 0.000000 0.000000 -0.000000 0.000000
  5 4.991439 -0.003975 0.000000 0.000000 -0.000000 0.000000
  6 4.991436 -0.001575 0.000000 0.000000 -0.000000 0.000000
  7 0.000005 0.001564 3.638375 -0.000010 -1.338262 3.140806
  8 8.842831 0.000000 -0.000002 1.030939 0.723328 0.826348
  9 9.341934 0.000000 -0.000001 0.000000 -0.000000 -1.089489
 10 11.168404 -0.000001 0.000002 -2.138571 0.019061 -0.231172
 11 1.364904 0.231178 -1.984411 2.310809 0.500598 0.873954
 12 1.748536 -0.000002 0.000000 0.000000 -0.000000 0.567170
 13 1.272494 0.000001 -0.000001 0.000000 -0.000000 0.462442
 14 4.525584 -0.000304 -1.850224 0.079944 0.053288 1.005563
 15 1.719872 -0.000002 0.000000 0.000000 -0.000000 0.933623
 16 1.383647 0.000002 0.000000 0.000000 -0.000000 0.741644
 17 4.525584 -0.000102 -0.616741 0.043017 0.029897 1.004047
 18 1.807673 0.000001 -0.000001 0.000000 -0.000000 0.881257
 19 1.614255 0.000001 0.000001 0.000000 -0.000000 0.741755
 20 4.525584 0.000101 0.616741 0.028355 0.020521 1.003703
 21 1.719869 0.000000 -0.000001 0.000000 -0.000000 0.680519
 22 1.383649 -0.000001 0.000000 0.000000 -0.000000 0.741644
 23 4.525584 0.000303 1.850224 -0.030467 -0.017054 1.003724
 24 1.433227 -0.000002 0.000000 0.000000 -0.000000 0.680554
 25 1.153039 0.000000 0.000000 0.000000 -0.000000 0.741639
 26 0.000005 0.001585 -3.638375 -0.000010 1.378784 3.140787
 27 8.842831 0.000000 0.000001 0.240002 -1.141932 -0.147305
 28 9.341937 0.000000 -0.000001 0.000000 -0.000000 -2.293220
 29 10.945741 -0.000001 0.000001 1.872424 0.353743 -0.209492
 30 1.364904 0.231177 1.984410 -3.139615 0.004157 1.002253
 31 1.748536 -0.000002 0.000001 0.000000 -0.000000 0.436276
 32 1.272493 0.000001 0.000002 0.000000 -0.000000 0.322849
 33 4.525584 -0.000303 1.850224 -0.016317 -0.094622 0.192575
 34 1.719873 0.000001 0.000000 0.000000 -0.000000 0.034907
 35 1.383647 0.000000 -0.000001 0.000000 -0.000000 0.689317
 36 4.525584 -0.000101 0.616741 -0.040896 -0.032761 0.934240
 37 1.807674 -0.000001 0.000000 0.000000 -0.000000 0.907547
 38 1.614256 -0.000001 0.000000 0.000000 -0.000000 1.151884
 39 4.525584 0.000101 -0.616741 -0.026857 -0.022390 0.933908
 40 1.719871 -0.000002 0.000000 0.000000 -0.000000 0.907547
 41 1.383648 0.000001 0.000000 0.000000 -0.000000 1.151884
 42 4.525584 0.000304 -1.850223 0.029257 0.019200 0.933920
 43 1.433227 0.000002 0.000000 0.000000 -0.000000 0.907405
 44 1.153038 0.000000 0.000000 0.000000 -0.000000 1.151837
 45 -0.000008 0.000010 5.615750 -3.143414 0.006521 2.754643
 46 15.693467 0.000000 0.000000 0.000000 -0.000000 -0.586204
 47 22.146629 -0.000001 0.000000 -0.008187 0.007776 0.231493
 48 3.310129 5.734394 0.000000 0.000000 -0.000000 1.570796
 49 0.000008 -0.000006 -5.615750 -3.143414 0.006713 2.753110
 50 15.693467 0.000000 0.000000 0.000000 -0.000000 -0.584805
 51 22.146629 0.000000 0.000000 -0.008123 0.007705 0.228438
 52 3.310129 5.734394 0.000000 0.000000 -0.000000 1.570796
 53 1.977383 0.000000 0.000000 0.257809 -0.036372 -0.194163
 54 3.723980 2.768054 -0.049087 -3.141592 -0.000002 1.570799
 55 11.781867 -0.001184 -0.000003 0.000000 -0.000000 0.000000
 56 -3.887187 4.546144 1.934869 -3.141591 -1.570796 0.000000
 57 -4.205003 4.546216 -0.015855 -3.141591 -1.570796 0.000000
 58 -3.887188 4.546179 -1.987145 -3.141591 -1.570796 0.000000
 59 -4.881806 5.593821 -1.566820 -1.418475 -1.339524 4.536149
 60 -4.886902 5.683144 -0.007570 -3.132865 -1.570796 0.000000
 61 -4.881796 5.609550 1.546659 -1.418475 -1.339524 4.536149
 62 3.710047 1.760547 -0.059361 -0.091858 -0.075851 1.616828
time 82
  0 0.491395 -0.491395 29.728224 -0.000384 0.030433 -1.579425
  1 -2.541728 0.000001 9.745319 -1.570795 -1.570451 0.000000
  2 1.384163 -0.004728 0.000002 -0.000004 -0.000001 0.166051
  3 5.939814 -0.004730 0.000000 0.000000 -0.000000 0.069738
  4 5.939809 -0.003975 0.000000 0.000000 -0.000000 0.000000
  5 4.991439 -0.003975 0.000000 0.000000 -0.000000 0.000000
  6 4.991436 -0.001575 0.000000 0.000000 -0.000000 0.000000
  7 0.000005 0.001564 3.638375 -0.000010 -1.336630 3.140806
  8 8.842831 0.000000 -0.000002 1.028470 0.722790 0.824460
  9 9.341934 0.000000 -0.000001 0.000000 -0.000000 -1.089489
 10 11.168404 -0.000001 0.000002 -2.138571 0.019061 -0.231172
 11 1.364904 0.231178 -1.984411 2.310809 0.500598 0.873954
 12 1.748536 -0.000002 0.000000 0.000000 -0.000000 0.567170
 13 1.272494 0.000001 -0.000001 0.000000 -0.000000 0.462442
 14 4.525584 -0.000304 -1.850224 0.079944 0.053288 1.005563
 15 1.719872 -0.000002 0.000000 0.000000 -0.000000 0.933623
 16 1.383647 0.000002 0.000000 0.000000 -0.000000 0.741644
 17 4.525584 -0.000102 -0.616741 0.043017 0.029897 1.004047
 18 1.807673 0.000001 -0.000001 0.000000 -0.000000 0.881257
 19 1.614255 0.000001 0.000001 0.000000 -0.000000 0.741755
 20 4.525584 0.000101 0.616741 0.028355 0.020521 1.003703
 21 1.719869 0.000000 -0.000001 0.000000 -0.000000 0.680519
 22 1.383649 -0.000001 0.000000 0.000000 -0.000000 0.741644
 23 4.525584 0.000303 1.850224 -0.030467 -0.017054 1.003724
 24 1.433227 -0.000002 0.000000 0.000000 -0.000000 0.680554
 25 1.153039 0.000000 0.000000 0.000000 -0.000000 0.741639
 26 0.000005 0.001585 -3.638375 -0.000010 1.376361 3.140787
 27 8.842831 0.000000 0.000001 0.241000 -1.139423 -0.148544
 28 9.341937 0.000000 -0.000001 0.000000 -0.000000 -2.293220
 29 10.945741 -0.000001 0.000001 1.872424 0.353743 -0.209492
 30 1.364904 0.231177 1.984410 -3.139615 0.004157 1.002253
 31 1.748536 -0.000002 0.000001 0.000000 -0.000000 0.436276
 32 1.272493 0.000001 0.000002 0.000000 -0.000000 0.322849
 33 4.525584 -0.000303 1.850224 -0.016317 -0.094622 0.192575
 34 1.719873 0.000001 0.000000 0.000000 -0.000000 0.034907
 35 1.383647 0.000000 -0.000001 0.000000 -0.000000 0.689317
 36 4.525584 -0.000101 0.616741 -0.040896 -0.032761 0.934240
 37 1.807674 -0.000001 0.000000 0.000000 -0.000000 0.907547
 38 1.614256 -0.000001 0.000000 0.000000 -0.000000 1.151884
 39 4.525584 0.000101 -0.616741 -0.026857 -0.022390 0.933908
 40 1.719871 -0.000002 0.000000 0.000000 -0.000000 0.907547
 41 1.383648 0.000001 0.000000 0.000000 -0.000000 1.151884
 42 4.525584 0.000304 -1.850223 0.029257 0.019200 0.933920
 43 1.433227 0.000002 0.000000 0.000000 -0.000000 0.907405
 44 1.153038 0.000000 0.000000 0.000000 -0.000000 1.151837
 45 -0.000008 0.000010 5.615750 -3.143893 0.007864 2.756082
 46 15.693467 0.000000 0.000000 0.000000 -0.000000 -0.586204
 47 22.146629 -0.000001 0.000000 -0.008823 0.008891 0.230851
 48 3.310129 5.734394 0.000000 0.000000 -0.000000 1.570796
 49 0.000008 -0.000006 -5.615750 -3.143701 0.007768 2.754164
 50 15.693467 0.000000 0.000000 0.000000 -0.000000 -0.584634
 51 22.146629 0.000000 0.000000 -0.008913 0.008902 0.227446
 52 3.310129 5.734394 0.000000 0.000000 -0.000000 1.570796
 53 1.977383 0.000000 0.000000 0.252365 -0.039836 -0.195754
 54 3.723980 2.768054 -0.049087 -3.141592 -0.000002 1.570799
 55 11.781867 -0.001184 -0.000003 0.000000 -0.000000 0.000000
 56 -3.887187 4.546144 1.934869 -3.141591 -1.570796 0.000000
 57 -4.205003 4.546216 -0.015855 -3.141591 -1.570796 0.000000
 58 -3.887188 4.546179 -1.987145 -3.141591 -1.570796 0.000000
 59 -4.881806 5.593821 -1.566820 -1.414843 -1.344298 4.532409
 60 -4.886902 5.683144 -0.007570 -3.132865 -1.570796 0.000000
 61 -4.881796 5.609550 1.546659 -1.414843 -1.344298 4.532409
 62 3.710047 1.760547 -0.059361 -0.091858 -0.075851 1.616828
time 83
  0 0.529073 -0.529073 29.728224 -0.000384 0.028519 -1.580096
  1 -2.549540 0.000001 9.745319 -1.570795 -1.570451 0.000000
  2 1.384163 -0.004728 0.000002 -0.000004 -0.000001 0.166889
  3 5.939814 -0.004730 0.000000 0.000000 -0.000000 0.069738
  4 5.939809 -0.003975 0.000000 0.000000 -0.000000 0.000000
  5 4.991439 -0.003975 0.000000 0.000000 -0.000000 0.000000
  6 4.991436 -0.001575 0.000000 0.000000 -0.000000 0.000000
  7 0.000005 0.001564 3.638375 -0.000010 -1.334888 3.140806
  8 8.842831 0.000000 -0.000002 1.026001 0.722252 0.822572
  9 9.341934 0.000000 -0.000001 0.000000 -0.000000 -1.089489
 10 11.168404 -0.000001 0.000002 -2.138571 0.019061 -0.231172
 11 1.364904 0.231178 -1.984411 2.310809 0.500598 0.873954
 12 1.748536 -0.000002 0.000000 0.000000 -0.000000 0.567170
 13 1.272494 0.000001 -0.000001 0.000000 -0.000000 0.462442
 14 4.525584 -0.000304 -1.850224 0.079944 0.053288 1.005563
 15 1.719872 -0.000002 0.000000 0.000000 -0.000000 0.933623
 16 1.383647 0.000002 0.000000 0.000000 -0.000000 0.741644
 17 4.525584 -0.000102 -0.616741 0.043017 0.029897 1.004047
 18 1.807673 0.000001 -0.000001 0.000000 -0.000000 0.881257
 19 1.614255 0.000001 0.000001 0.000000 -0.000000 0.741755
 20 4.525584 0.000101 0.616741 0.028355 0.020521 1.003703
 21 1.719869 0.000000 -0.000001 0.000000 -0.000000 0.680519
 22 1.383649 -0.000001 0.000000 0.000000 -0.000000 0.741644
 23 4.525584 0.000303 1.850224 -0.030467 -0.017054 1.003724
 24 1.433227 -0.000002 0.000000 0.000000 -0.000000 0.680554
 25 1.153039 0.000000 0.000000 0.000000 -0.000000 0.741639
 26 0.000005 0.001585 -3.638375 -0.000010 1.373984 3.140787
 27 8.842831 0.000000 0.000001 0.242270 -1.136998 -0.149592
 28 9.341937 0.000000 -0.000001 0.000000 -0.000000 -2.293220
 29 10.945741 -0.000001 0.000001 1.872424 0.353743 -0.209492
 30 1.364904 0.231177 1.984410 -3.139615 0.004157 1.002253
 31 1.748536 -0.000002 0.000001 0.000000 -0.000000 0.436276
 32 1.272493 0.000001 0.000002 0.000000 -0.000000 0.322849
 33 4.525584 -0.000303 1.850224 -0.016317 -0.094622 0.192575
 34 1.719873 0.000001 0.000000 0.000000 -0.000000 0.034907
 35 1.383647 0.000000 -0.000001 0.000000 -0.000000 0.689317
 36 4.525584 -0.000101 0.616741 -0.040896 -0.032761 0.934240
 37 1.807674 -0.000001 0.000000 0.000000 -0.000000 0.907547
 38 1.614256 -0.000001 0.000000 0.000000 -0.000000 1.151884
 39 4.525584 0.000101 -0.616741 -0.026857 -0.022390 0.933908
 40 1.719871 -0.000002 0.000000 0.000000 -0.000000 0.907547
 41 1.383648 0.000001 0.000000 0.000000 -0.000000 1.151884
 42 4.525584 0.000304 -1.850223 0.029257 0.019200 0.933920
 43 1.433227 0.000002 0.000000 0.000000 -0.000000 0.907405
 44 1.153038 0.000000 0.000000 0.000000 -0.000000 1.151837
 45 -0.000008 0.000010 5.615750 -3.144085 0.008631 2.757328
 46 15.693467 0.000000 0.000000 0.000000 -0.000000 -0.586133
 47 22.146629 -0.000001 0.000000 -0.009533 0.009658 0.230111
 48 3.310129 5.734394 0.000000 0.000000 -0.000000 1.570796
 49 0.000008 -0.000006 -5.615750 -3.144085 0.008534 2.755315
 50 15.693467 0.000000 0.000000 0.000000 -0.000000 -0.584463
 51 22.146629 0.000000 0.000000 -0.009590 0.009639 0.226725
 52 3.310129 5.734394 0.000000 0.000000 -0.000000 1.570796
 53 1.977383 0.000000 0.000000 0.245915 -0.042884 -0.197195
 54 3.723980 2.768054 -0.049087 -3.141592 -0.000002 1.570799
 55 11.781867 -0.001184 -0.000003 0.000000 -0.000000 0.000000
 56 -3.887187 4.546144 1.934869 -3.141591 -1.570796 0.000000
 57 -4.205003 4.546216 -0.015855 -3.141591 -1.570796 0.000000
 58 -3.887188 4.546179 -1.987145 -3.141591 -1.570796 0.000000
 59 -4.881806 5.593821 -1.566820 -1.410824 -1.349058 4.528506
 60 -4.886902 5.683144 -0.007570 -3.132865 -1.570796 0.000000
 61 -4.881796 5.609550 1.546659 -1.410824 -1.349058 4.528506
 62 3.710047 1.760547 -0.059361 -0.091858 -0.075851 1.616828
time 84
  0 0.529073 -0.529073 29.728224 -0.000384 0.026605 -1.580863
  1 -2.553447 0.000001 9.745319 -1.570795 -1.570451 0.000000
  2 1.384163 -0.004728 0.000002 -0.000004 -0.000001 0.167774
  3 5.939814 -0.004730 0.000000 0.000000 -0.000000 0.069738
  4 5.939809 -0.003975 0.000000 0.000000 -0.000000 0.000000
  5 4.991439 -0.003975 0.000000 0.000000 -0.000000 0.000000
  6 4.991436 -0.001575 0.000000 0.000000 -0.000000 0.000000
  7 0.000005 0.001564 3.638375 -0.000010 -1.333147 3.140806
  8 8.842831 0.000000 -0.000002 1.023532 0.721715 0.820849
  9 9.341934 0.000000 -0.000001 0.000000 -0.000000 -1.089489
 10 11.168404 -0.000001 0.000002 -2.138571 0.019061 -0.231172
 11 1.364904 0.231178 -1.984411 2.310809 0.500598 0.873954
 12 1.748536 -0.000002 0.000000 0.000000 -0.000000 0.567170
 13 1.272494 0.000001 -0.000001 0.000000 -0.000000 0.462442
 14 4.525584 -0.000304 -1.850224 0.079944 0.053288 1.005563
 15 1.719872 -0.000002 0.000000 0.000000 -0.000000 0.933623
 16 1.383647 0.000002 0.000000 0.000000 -0.000000 0.741644
 17 4.525584 -0.000102 -0.616741 0.043017 0.029897 1.004047
 18 1.807673 0.000001 -0.000001 0.000000 -0.000000 0.881257
 19 1.614255 0.000001 0.000001 0.000000 -0.000000 0.741755
 20 4.525584 0.000101 0.616741 0.028355 0.020521 1.003703
 21 1.719869 0.000000 -0.000001 0.000000 -0.000000 0.680519
 22 1.383649 -0.000001 0.000000 0.000000 -0.000000 0.741644
 23 4.525584 0.000303 1.850224 -0.030467 -0.017054 1.003724
 24 1.433227 -0.000002 0.000000 0.000000 -0.000000 0.680554
 25 1.153039 0.000000 0.000000 0.000000 -0.000000 0.741639
 26 0.000005 0.001585 -3.638375 -0.000010 1.371424 3.140787
 27 8.842831 0.000000 0.000001 0.243358 -1.134406 -0.150926
 28 9.341937 0.000000 -0.000001 0.000000 -0.000000 -2.293220
 29 10.945741 -0.000001 0.000001 1.872424 0.353743 -0.209492
 30 1.364904 0.231177 1.984410 -3.139615 0.004157 1.002253
 31 1.748536 -0.000002 0.000001 0.000000 -0.000000 0.436276
 32 1.272493 0.000001 0.000002 0.000000 -0.000000 0.322849
 33 4.525584 -0.000303 1.850224 -0.016317 -0.094622 0.192575
 34 1.719873 0.000001 0.000000 0.000000 -0.000000 0.034907
 35 1.383647 0.000000 -0.000001 0.000000 -0.000000 0.689317
 36 4.525584 -0.000101 0.616741 -0.040896 -0.032761 0.934240
 37 1.807674 -0.000001 0.000000 0.000000 -0.000000 0.907547
 38 1.614256 -0.000001 0.000000 0.000000 -0.000000 1.151884
 39 4.525584 0.000101 -0.616741 -0.026857 -0.022390 0.933908
 40 1.719871 -0.000002 0.000000 0.000000 -0.000000 0.907547
 41 1.383648 0.000001 0.000000 0.000000 -0.000000 1.151884
 42 4.525584 0.000304 -1.850223 0.029257 0.019200 0.933920
 43 1.433227 0.000002 0.000000 0.000000 -0.000000 0.907405
 44 1.153038 0.000000 0.000000 0.000000 -0.000000 1.151837
 45 -0.000008 0.000010 5.615750 -3.144181 0.008726 2.758478
 46 15.693467 0.000000 0.000000 0.000000 -0.000000 -0.586062
 47 22.146629 -0.000001 0.000000 -0.010206 0.010055 0.229470
 48 3.310129 5.734394 0.000000 0.000000 -0.000000 1.570796
 49 0.000008 -0.000006 -5.615750 -3.144181 0.008918 2.756369
 50 15.693467 0.000000 0.000000 0.000000 -0.000000 -0.584292
 51 22.146629 0.000000 0.000000 -0.010267 0.010038 0.225644
 52 3.310129 5.734394 0.000000 0.000000 -0.000000 1.570796
 53 1.977383 0.000000 0.000000 0.239255 -0.045494 -0.198537
 54 3.723980 2.768054 -0.049087 -3.141592 -0.000002 1.570799
 55 11.781867 -0.001184 -0.000003 0.000000 -0.000000 0.000000
 56 -3.887187 4.546144 1.934869 -3.141591 -1.570796 0.000000
 57 -4.205003 4.546216 -0.015855 -3.141591 -1.570796 0.000000
 58 -3.887188 4.546179 -1.987145 -3.141591 -1.570796 0.000000
 59 -4.881806 5.593821 -1.566820 -1.406651 -1.353818 4.524440
 60 -4.886902 5.683144 -0.007570 -3.132865 -1.570796 0.000000
 61 -4.881796 5.609550 1.546659 -1.406651 -1.353818 4.524440
 62 3.710047 1.760547 -0.059361 -0.091858 -0.075851 1.616828
time 85
  0 0.529073 -0.529073 29.728224 -0.000384 0.024691 -1.581535
  1 -2.561259 0.000001 9.745319 -1.570795 -1.570451 0.000000
  2 1.384163 -0.004728 0.000002 -0.000004 -0.000001 0.168658
  3 5.939814 -0.004730 0.000000 0.000000 -0.000000 0.069738
  4 5.939809 -0.003975 0.000000 0.000000 -0.000000 0.000000
  5 4.991439 -0.003975 0.000000 0.000000 -0.000000 0.000000
  6 4.991436 -0.001575 0.000000 0.000000 -0.000000 0.000000
  7 0.000005 0.001564 3.638375 -0.000010 -1.331333 3.140806
  8 8.842831 0.000000 -0.000002 1.021063 0.720998 0.818879
  9 9.341934 0.000000 -0.000001 0.000000 -0.000000 -1.089489
 10 11.168404 -0.000001 0.000002 -2.138571 0.019061 -0.231172
 11 1.364904 0.231178 -1.984411 2.310809 0.500598 0.873954
 12 1.748536 -0.000002 0.000000 0.000000 -0.000000 0.567170
 13 1.272494 0.000001 -0.000001 0.000000 -0.000000 0.462442
 14 4.525584 -0.000304 -1.850224 0.079944 0.053288 1.005563
 15 1.719872 -0.000002 0.000000 0.000000 -0.000000 0.933623
 16 1.383647 0.000002 0.000000 0.000000 -0.000000 0.741644
 17 4.525584 -0.000102 -0.616741 0.043017 0.029897 1.004047
 18 1.807673 0.000001 -0.000001 0.000000 -0.000000 0.881257
 19 1.614255 0.000001 0.000001 0.000000 -0.000000 0.741755
 20 4.525584 0.000101 0.616741 0.028355 0.020521 1.003703
 21 1.719869 0.000000 -0.000001 0.000000 -0.000000 0.680519
 22 1.383649 -0.000001 0.000000 0.000000 -0.000000 0.741644
 23 4.525584 0.000303 1.850224 -0.030467 -0.017054 1.003724
 24 1.433227 -0.000002 0.000000 0.000000 -0.000000 0.680554
 25 1.153039 0.000000 0.000000 0.000000 -0.000000 0.741639
 26 0.000005 0.001585 -3.638375 -0.000010 1.368863 3.140787
 27 8.842831 0.000000 0.000001 0.244356 -1.131730 -0.152164
 28 9.341937 0.000000 -0.000001 0.000000 -0.000000 -2.293220
 29 10.945741 -0.000001 0.000001 1.872424 0.353743 -0.209492
 30 1.364904 0.231177 1.984410 -3.139615 0.004157 1.002253
 31 1.748536 -0.000002 0.000001 0.000000 -0.000000 0.436276
 32 1.272493 0.000001 0.000002 0.000000 -0.000000 0.322849
 33 4.525584 -0.000303 1.850224 -0.016317 -0.094622 0.192575
 34 1.719873 0.000001 0.000000 0.000000 -0.000000 0.034907
 35 1.383647 0.000000 -0.000001 0.000000 -0.000000 0.689317
 36 4.525584 -0.000101 0.616741 -0.040896 -0.032761 0.934240
 37 1.807674 -0.000001 0.000000 0.000000 -0.000000 0.907547
 38 1.614256 -0.000001 0.000000 0.000000 -0.000000 1.151884
 39 4.525584 0.000101 -0.616741 -0.026857 -0.022390 0.933908
 40 1.719871 -0.000002 0.000000 0.000000 -0.000000 0.907547
 41 1.383648 0.000001 0.000000 0.000000 -0.000000 1.151884
 42 4.525584 0.000304 -1.850223 0.029257 0.019200 0.933920
 43 1.433227 0.000002 0.000000 0.000000 -0.000000 0.907405
 44 1.153038 0.000000 0.000000 0.000000 -0.000000 1.151837
 45 -0.000008 0.000010 5.615750 -3.144181 0.008726 2.759725
 46 15.693467 0.000000 0.000000 0.000000 -0.000000 -0.586062
 47 22.146629 -0.000001 0.000000 -0.010841 0.010129 0.228828
 48 3.310129 5.734394 0.000000 0.000000 -0.000000 1.570796
 49 0.000008 -0.000006 -5.615750 -3.144181 0.008918 2.757520
 50 15.693467 0.000000 0.000000 0.000000 -0.000000 -0.584292
 51 22.146629 0.000000 0.000000 -0.010831 0.010068 0.224923
 52 3.310129 5.734394 0.000000 0.000000 -0.000000 1.570796
 53 1.977383 0.000000 0.000000 0.232436 -0.047849 -0.199829
 54 3.723980 2.768054 -0.049087 -3.141592 -0.000002 1.570799
 55 11.781867 -0.001184 -0.000003 0.000000 -0.000000 0.000000
 56 -3.887187 4.546144 1.934869 -3.141591 -1.570796 0.000000
 57 -4.205003 4.546216 -0.015855 -3.141591 -1.570796 0.000000
 58 -3.887188 4.546179 -1.987145 -3.141591 -1.570796 0.000000
 59 -4.881806 5.593821 -1.566820 -1.402323 -1.358578 4.520212
 60 -4.886902 5.683144 -0.007570 -3.132865 -1.570796 0.000000
 61 -4.881796 5.609550 1.546659 -1.402323 -1.358578 4.520212
 62 3.710047 1.760547 -0.059361 -0.091858 -0.075851 1.616828
time 86
  0 0.529073 -0.529073 29.728224 -0.000384 0.022777 -1.582206
  1 -2.572978 0.000001 9.745319 -1.570795 -1.570451 0.000000
  2 1.384163 -0.004728 0.000002 -0.000004 -0.000001 0.169589
  3 5.939814 -0.004730 0.000000 0.000000 -0.000000 0.069738
  4 5.939809 -0.003975 0.000000 0.000000 -0.000000 0.000000
  5 4.991439 -0.003975 0.000000 0.000000 -0.000000 0.000000
  6 4.991436 -0.001575 0.000000 0.000000 -0.000000 0.000000
  7 0.000005 0.001564 3.638375 -0.000010 -1.329519 3.140806
  8 8.842831 0.000000 -0.000002 1.018411 0.720550 0.816992
  9 9.341934 0.000000 -0.000001 0.000000 -0.000000 -1.089489
 10 11.168404 -0.000001 0.000002 -2.138571 0.019061 -0.231172
 11 1.364904 0.231178 -1.984411 2.310809 0.500598 0.873954
 12 1.748536 -0.000002 0.000000 0.000000 -0.000000 0.567170
 13 1.272494 0.000001 -0.000001 0.000000 -0.000000 0.462442
 14 4.525584 -0.000304 -1.850224 0.079944 0.053288 1.005563
 15 1.719872 -0.000002 0.000000 0.000000 -0.000000 0.933623
 16 1.383647 0.000002 0.000000 0.000000 -0.000000 0.741644
 17 4.525584 -0.000102 -0.616741 0.043017 0.029897 1.004047
 18 1.807673 0.000001 -0.000001 0.000000 -0.000000 0.881257
 19 1.614255 0.000001 0.000001 0.000000 -0.000000 0.741755
 20 4.525584 0.000101 0.616741 0.028355 0.020521 1.003703
 21 1.719869 0.000000 -0.000001 0.000000 -0.000000 0.680519
 22 1.383649 -0.000001 0.000000 0.000000 -0.000000 0.741644
 23 4.525584 0.000303 1.850224 -0.030467 -0.017054 1.003724
 24 1.433227 -0.000002 0.000000 0.000000 -0.000000 0.680554
 25 1.153039 0.000000 0.000000 0.000000 -0.000000 0.741639
 26 0.000005 0.001585 -3.638375 -0.000010 1.366258 3.140787
 27 8.842831 0.000000 0.000001 0.245626 -1.128970 -0.153213
 28 9.341937 0.000000 -0.000001 0.000000 -0.000000 -2.293220
 29 10.945741 -0.000001 0.000001 1.872424 0.353743 -0.209492
 30 1.364904 0.231177 1.984410 -3.139615 0.004157 1.002253
 31 1.748536 -0.000002 0.000001 0.000000 -0.000000 0.436276
 32 1.272493 0.000001 0.000002 0.000000 -0.000000 0.322849
 33 4.525584 -0.000303 1.850224 -0.016317 -0.094622 0.192575
 34 1.719873 0.000001 0.000000 0.000000 -0.000000 0.034907
 35 1.383647 0.000000 -0.000001 0.000000 -0.000000 0.689317
 36 4.525584 -0.000101 0.616741 -0.040896 -0.032761 0.934240
 37 1.807674 -0.000001 0.000000 0.000000 -0.000000 0.907547
 38 1.614256 -0.000001 0.000000 0.000000 -0.000000 1.151884
 39 4.525584 0.000101 -0.616741 -0.026857 -0.022390 0.933908
 40 1.719871 -0.000002 0.000000 0.000000 -0.000000 0.907547
 41 1.383648 0.000001 0.000000 0.000000 -0.000000 1.151884
 42 4.525584 0.000304 -1.850223 0.029257 0.019200 0.933920
 43 1.433227 0.000002 0.000000 0.000000 -0.000000 0.907405
 44 1.153038 0.000000 0.000000 0.000000 -0.000000 1.151837
 45 -0.000008 0.000010 5.615750 -3.144181 0.008726 2.761067
 46 15.693467 0.000000 0.000000 0.000000 -0.000000 -0.585848
 47 22.146629 -0.000001 0.000000 -0.011552 0.010055 0.228088
 48 3.310129 5.734394 0.000000 0.000000 -0.000000 1.570796
 49 0.000008 -0.000006 -5.615750 -3.144181 0.008918 2.758478
 50 15.693467 0.000000 0.000000 0.000000 -0.000000 -0.584121
 51 22.146629 0.000000 0.000000 -0.011508 0.010038 0.223751
 52 3.310129 5.734394 0.000000 0.000000 -0.000000 1.570796
 53 1.977383 0.000000 0.000000 0.225352 -0.050274 -0.201121
 54 3.723980 2.768054 -0.049087 -3.141592 -0.000002 1.570799
 55 11.781867 -0.001184 -0.000003 0.000000 -0.000000 0.000000
 56 -3.887187 4.546144 1.934869 -3.141591 -1.570796 0.000000
 57 -4.205003 4.546216 -0.015855 -3.141591 -1.570796 0.000000
 58 -3.887188 4.546179 -1.987145 -3.141591 -1.570796 0.000000
 59 -4.881806 5.593821 -1.566820 -1.397995 -1.363338 4.515903
 60 -4.886902 5.683144 -0.007570 -3.132865 -1.570796 0.000000
 61 -4.881796 5.609550 1.546659 -1.397995 -1.363338 4.515903
 62 3.710047 1.760547 -0.059361 -0.091858 -0.075851 1.616828
time 87
  0 0.529073 -0.529073 29.728224 -0.000384 0.020863 -1.582877
  1 -2.584697 0.000001 9.745319 -1.570795 -1.570451 0.000000
  2 1.384163 -0.004728 0.000002 -0.000004 -0.000001 0.170520
  3 5.939814 -0.004730 0.000000 0.000000 -0.000000 0.069738
  4 5.939809 -0.003975 0.000000 0.000000 -0.000000 0.000000
  5 4.991439 -0.003975 0.000000 0.000000 -0.000000 0.000000
  6 4.991436 -0.001575 0.000000 0.000000 -0.000000 0.000000
  7 0.000005 0.001564 3.638375 -0.000010 -1.327669 3.140806
  8 8.842831 0.000000 -0.000002 1.015759 0.719922 0.815022
  9 9.341934 0.000000 -0.000001 0.000000 -0.000000 -1.089489
 10 11.168404 -0.000001 0.000002 -2.138571 0.019061 -0.231172
 11 1.364904 0.231178 -1.984411 2.310809 0.500598 0.873954
 12 1.748536 -0.000002 0.000000 0.000000 -0.000000 0.567170
 13 1.272494 0.000001 -0.000001 0.000000 -0.000000 0.462442
 14 4.525584 -0.000304 -1.850224 0.079944 0.053288 1.005563
 15 1.719872 -0.000002 0.000000 0.000000 -0.000000 0.933623
 16 1.383647 0.000002 0.000000 0.000000 -0.000000 0.741644
 17 4.525584 -0.000102 -0.616741 0.043017 0.029897 1.004047
 18 1.807673 0.000001 -0.000001 0.000000 -0.000000 0.881257
 19 1.614255 0.000001 0.000001 0.000000 -0.000000 0.741755
 20 4.525584 0.000101 0.616741 0.028355 0.020521 1.003703
 21 1.719869 0.000000 -0.000001 0.000000 -0.000000 0.680519
 22 1.383649 -0.000001 0.000000 0.000000 -0.000000 0.741644
 23 4.525584 0.000303 1.850224 -0.030467 -0.017054 1.003724
 24 1.433227 -0.000002 0.000000 0.000000 -0.000000 0.680554
 25 1.153039 0.000000 0.000000 0.000000 -0.000000 0.741639
 26 0.000005 0.001585 -3.638375 -0.000010 1.363698 3.140787
 27 8.842831 0.000000 0.000001 0.246805 -1.126294 -0.154546
 28 9.341937 0.000000 -0.000001 0.000000 -0.000000 -2.293220
 29 10.945741 -0.000001 0.000001 1.872424 0.353743 -0.209492
 30 1.364904 0.231177 1.984410 -3.139615 0.004157 1.002253
 31 1.748536 -0.000002 0.000001 0.000000 -0.000000 0.436276
 32 1.272493 0.000001 0.000002 0.000000 -0.000000 0.322849
 33 4.525584 -0.000303 1.850224 -0.016317 -0.094622 0.192575
 34 1.719873 0.000001 0.000000 0.000000 -0.000000 0.034907
 35 1.383647 0.000000 -0.000001 0.000000 -0.000000 0.689317
 36 4.525584 -0.000101 0.616741 -0.040896 -0.032761 0.934240
 37 1.807674 -0.000001 0.000000 0.000000 -0.000000 0.907547
 38 1.614256 -0.000001 0.000000 0.000000 -0.000000 1.151884
 39 4.525584 0.000101 -0.616741 -0.026857 -0.022390 0.933908
 40 1.719871 -0.000002 0.000000 0.000000 -0.000000 0.907547
 41 1.383648 0.000001 0.000000 0.000000 -0.000000 1.151884
 42 4.525584 0.000304 -1.850223 0.029257 0.019200 0.933920
 43 1.433227 0.000002 0.000000 0.000000 -0.000000 0.907405
 44 1.153038 0.000000 0.000000 0.000000 -0.000000 1.151837
 45 -0.000008 0.000010 5.615750 -3.144181 0.008631 2.762121
 46 15.693467 0.000000 0.000000 0.000000 -0.000000 -0.585848
 47 22.146629 -0.000001 0.000000 -0.012150 0.009881 0.227447
 48 3.310129 5.734394 0.000000 0.000000 -0.000000 1.570796
 49 0.000008 -0.000006 -5.615750 -3.144181 0.008630 2.759533
 50 15.693467 0.000000 0.000000 0.000000 -0.000000 -0.584121
 51 22.146629 0.000000 0.000000 -0.012241 0.009854 0.223120
 52 3.310129 5.734394 0.000000 0.000000 -0.000000 1.570796
 53 1.977383 0.000000 0.000000 0.217898 -0.052768 -0.202463
 54 3.723980 2.768054 -0.049087 -3.141592 -0.000002 1.570799
 55 11.781867 -0.001184 -0.000003 0.000000 -0.000000 0.000000
 56 -3.887187 4.546144 1.934869 -3.141591 -1.570796 0.000000
 57 -4.205003 4.546216 -0.015855 -3.141591 -1.570796 0.000000
 58 -3.887188 4.546179 -1.987145 -3.141591 -1.570796 0.000000
 59 -4.881806 5.593821 -1.566820 -1.393358 -1.368086 4.511268
 60 -4.886902 5.683144 -0.007570 -3.132865 -1.570796 0.000000
 61 -4.881796 5.609550 1.546659 -1.393358 -1.368086 4.511268
 62 3.710047 1.760547 -0.059361 -0.091858 -0.075851 1.616828
time 88
  0 0.514002 -0.514002 29.747824 -0.000384 0.019236 -1.583356
  1 -2.592510 0.000001 9.745319 -1.570795 -1.570451 0.000000
  2 1.384163 -0.004728 0.000002 -0.000004 -0.000001 0.171451
  3 5.939814 -0.004730 0.000000 0.000000 -0.000000 0.069738
  4 5.939809 -0.003975 0.000000 0.000000 -0.000000 0.000000
  5 4.991439 -0.003975 0.000000 0.000000 -0.000000 0.000000
  6 4.991436 -0.001575 0.000000 0.000000 -0.000000 0.000000
  7 0.000005 0.001564 3.638375 -0.000010 -1.325819 3.140806
  8 8.842831 0.000000 -0.000002 1.013290 0.719205 0.813052
  9 9.341934 0.000000 -0.000001 0.000000 -0.000000 -1.089489
 10 11.168404 -0.000001 0.000002 -2.138571 0.019061 -0.231172
 11 1.364904 0.231178 -1.984411 2.310809 0.500598 0.873954
 12 1.748536 -0.000002 0.000000 0.000000 -0.000000 0.567170
 13 1.272494 0.000001 -0.000001 0.000000 -0.000000 0.462442
 14 4.525584 -0.000304 -1.850224 0.079944 0.053288 1.005563
 15 1.719872 -0.000002 0.000000 0.000000 -0.000000 0.933623
 16 1.383647 0.000002 0.000000 0.000000 -0.000000 0.741644
 17 4.525584 -0.000102 -0.616741 0.043017 0.029897 1.004047
 18 1.807673 0.000001 -0.000001 0.000000 -0.000000 0.881257
 19 1.614255 0.000001 0.000001 0.000000 -0.000000 0.741755
 20 4.525584 0.000101 0.616741 0.028355 0.020521 1.003703
 21 1.719869 0.000000 -0.000001 0.000000 -0.000000 0.680519
 22 1.383649 -0.000001 0.000000 0.000000 -0.000000 0.741644
 23 4.525584 0.000303 1.850224 -0.030467 -0.017054 1.003724
 24 1.433227 -0.000002 0.000000 0.000000 -0.000000 0.680554
 25 1.153039 0.000000 0.000000 0.000000 -0.000000 0.741639
 26 0.000005 0.001585 -3.638375 -0.000010 1.361000 3.140787
 27 8.842831 0.000000 0.000001 0.247802 -1.123534 -0.155785
 28 9.341937 0.000000 -0.000001 0.000000 -0.000000 -2.293220
 29 10.945741 -0.000001 0.000001 1.872424 0.353743 -0.209492
 30 1.364904 0.231177 1.984410 -3.139615 0.004157 1.002253
 31 1.748536 -0.000002 0.000001 0.000000 -0.000000 0.436276
 32 1.272493 0.000001 0.000002 0.000000 -0.000000 0.322849
 33 4.525584 -0.000303 1.850224 -0.016317 -0.094622 0.192575
 34 1.719873 0.000001 0.000000 0.000000 -0.000000 0.034907
 35 1.383647 0.000000 -0.000001 0.000000 -0.000000 0.689317
 36 4.525584 -0.000101 0.616741 -0.040896 -0.032761 0.934240
 37 1.807674 -0.000001 0.000000 0.000000 -0.000000 0.907547
 38 1.614256 -0.000001 0.000000 0.000000 -0.000000 1.151884
 39 4.525584 0.000101 -0.616741 -0.026857 -0.022390 0.933908
 40 1.719871 -0.000002 0.000000 0.000000 -0.000000 0.907547
 41 1.383648 0.000001 0.000000 0.000000 -0.000000 1.151884
 42 4.525584 0.000304 -1.850223 0.029257 0.019200 0.933920
 43 1.433227 0.000002 0.000000 0.000000 -0.000000 0.907405
 44 1.153038 0.000000 0.000000 0.000000 -0.000000 1.151837
 45 -0.000008 0.000010 5.615750 -3.144181 0.008535 2.763464
 46 15.693467 0.000000 0.000000 0.000000 -0.000000 -0.585848
 47 22.146629 -0.000001 0.000000 -0.012785 0.009658 0.226805
 48 3.310129 5.734394 0.000000 0.000000 -0.000000 1.570796
 49 0.000008 -0.000006 -5.615750 -3.144085 0.008439 2.760779
 50 15.693467 0.000000 0.000000 0.000000 -0.000000 -0.583950
 51 22.146629 0.000000 0.000000 -0.012805 0.009639 0.222038
 52 3.310129 5.734394 0.000000 0.000000 -0.000000 1.570796
 53 1.977383 0.000000 0.000000 0.210181 -0.055239 -0.203705
 54 3.723980 2.768054 -0.049087 -3.141592 -0.000002 1.570799
 55 11.781867 -0.001184 -0.000003 0.000000 -0.000000 0.000000
 56 -3.887187 4.546144 1.934869 -3.141591 -1.570796 0.000000
 57 -4.205003 4.546216 -0.015855 -3.141591 -1.570796 0.000000
 58 -3.887188 4.546179 -1.987145 -3.141591 -1.570796 0.000000
 59 -4.881806 5.593821 -1.566820 -1.378829 -1.381388 4.497202
 60 -4.886902 5.683144 -0.007570 -3.132865 -1.570796 0.000000
 61 -4.881796 5.609550 1.546659 -1.378829 -1.381388 4.497202
 62 3.710047 1.760547 -0.059361 -0.091858 -0.075851 1.616828
time 89
  0 0.491395 -0.491395 29.747824 -0.000384 0.017130 -1.583931
  1 -2.604229 0.000001 9.745319 -1.570795 -1.570451 0.000000
  2 1.384163 -0.004728 0.000002 -0.000004 -0.000001 0.172336
  3 5.939814 -0.004730 0.000000 0.000000 -0.000000 0.069738
  4 5.939809 -0.003975 0.000000 0.000000 -0.000000 0.000000
  5 4.991439 -0.003975 0.000000 0.000000 -0.000000 0.000000
  6 4.991436 -0.001575 0.000000 0.000000 -0.000000 0.000000
  7 0.000005 0.001564 3.638375 -0.000010 -1.324005 3.140806
  8 8.842831 0.000000 -0.000002 1.010821 0.718667 0.811247
  9 9.341934 0.000000 -0.000001 0.000000 -0.000000 -1.089489
 10 11.168404 -0.000001 0.000002 -2.138571 0.019061 -0.231172
 11 1.364904 0.231178 -1.984411 2.310809 0.500598 0.873954
 12 1.748536 -0.000002 0.000000 0.000000 -0.000000 0.567170
 13 1.272494 0.000001 -0.000001 0.000000 -0.000000 0.462442
 14 4.525584 -0.000304 -1.850224 0.079944 0.053288 1.005563
 15 1.719872 -0.000002 0.000000 0.000000 -0.000000 0.933623
 16 1.383647 0.000002 0.000000 0.000000 -0.000000 0.741644
 17 4.525584 -0.000102 -0.616741 0.043017 0.029897 1.004047
 18 1.807673 0.000001 -0.000001 0.000000 -0.000000 0.881257
 19 1.614255 0.000001 0.000001 0.000000 -0.000000 0.741755
 20 4.525584 0.000101 0.616741 0.028355 0.020521 1.003703
 21 1.719869 0.000000 -0.000001 0.000000 -0.000000 0.680519
 22 1.383649 -0.000001 0.000000 0.000000 -0.000000 0.741644
 23 4.525584 0.000303 1.850224 -0.030467 -0.017054 1.003724
 24 1.433227 -0.000002 0.000000 0.000000 -0.000000 0.680554
 25 1.153039 0.000000 0.000000 0.000000 -0.000000 0.741639
 26 0.000005 0.001585 -3.638375 -0.000010 1.358395 3.140787
 27 8.842831 0.000000 0.000001 0.248982 -1.120775 -0.157024
 28 9.341937 0.000000 -0.000001 0.000000 -0.000000 -2.293220
 29 10.945741 -0.000001 0.000001 1.872424 0.353743 -0.209492
 30 1.364904 0.231177 1.984410 -3.139615 0.004157 1.002253
 31 1.748536 -0.000002 0.000001 0.000000 -0.000000 0.436276
 32 1.272493 0.000001 0.000002 0.000000 -0.000000 0.322849
 33 4.525584 -0.000303 1.850224 -0.016317 -0.094622 0.192575
 34 1.719873 0.000001 0.000000 0.000000 -0.000000 0.034907
 35 1.383647 0.000000 -0.000001 0.000000 -0.000000 0.689317
 36 4.525584 -0.000101 0.616741 -0.040896 -0.032761 0.934240
 37 1.807674 -0.000001 0.000000 0.000000 -0.000000 0.907547
 38 1.614256 -0.000001 0.000000 0.000000 -0.000000 1.151884
 39 4.525584 0.000101 -0.616741 -0.026857 -0.022390 0.933908
 40 1.719871 -0.000002 0.000000 0.000000 -0.000000 0.907547
 41 1.383648 0.000001 0.000000 0.000000 -0.000000 1.151884
 42 4.525584 0.000304 -1.850223 0.029257 0.019200 0.933920
 43 1.433227 0.000002 0.000000 0.000000 -0.000000 0.907405
 44 1.153038 0.000000 0.000000 0.000000 -0.000000 1.151837
 45 -0.000008 0.000010 5.615750 -3.144085 0.007959 2.764710
 46 15.693467 0.000000 0.000000 0.000000 -0.000000 -0.585706
 47 22.146629 -0.000001 0.000000 -0.013458 0.009312 0.226114
 48 3.310129 5.734394 0.000000 0.000000 -0.000000 1.570796
 49 0.000008 -0.000006 -5.615750 -3.143989 0.008055 2.761642
 50 15.693467 0.000000 0.000000 0.000000 -0.000000 -0.583950
 51 22.146629 0.000000 0.000000 -0.013482 0.009301 0.221227
 52 3.310129 5.734394 0.000000 0.000000 -0.000000 1.570796
 53 1.977383 0.000000 0.000000 0.202357 -0.057664 -0.204898
 54 3.723980 2.768054 -0.049087 -3.141592 -0.000002 1.570799
 55 11.781867 -0.001184 -0.000003 0.000000 -0.000000 0.000000
 56 -3.887187 4.546144 1.934869 -3.141591 -1.570796 0.000000
 57 -4.205003 4.546216 -0.015855 -3.141591 -1.570796 0.000000
 58 -3.887188 4.546179 -1.987145 -3.141591 -1.570796 0.000000
 59 -4.881806 5.593821 -1.566820 -1.362368 -1.394626 4.480777
 60 -4.886902 5.683144 -0.007570 -3.132865 -1.570796 0.000000
 61 -4.881796 5.609550 1.546659 -1.362368 -1.394626 4.480777
 62 3.710047 1.760547 -0.059361 -0.091858 -0.075851 1.616828
time 90
  0 0.491395 -0.491395 29.747824 -0.000384 0.015408 -1.584602
  1 -2.604229 0.000001 9.745319 -1.570795 -1.570451 0.000000
  2 1.384163 -0.004728 0.000002 -0.000004 -0.000001 0.173267
  3 5.939814 -0.004730 0.000000 0.000000 -0.000000 0.069738
  4 5.939809 -0.003975 0.000000 0.000000 -0.000000 0.000000
  5 4.991439 -0.003975 0.000000 0.000000 -0.000000 0.000000
  6 4.991436 -0.001575 0.000000 0.000000 -0.000000 0.000000
  7 0.000005 0.001564 3.638375 -0.000010 -1.322082 3.140806
  8 8.842831 0.000000 -0.000002 1.008078 0.717950 0.809195
  9 9.341934 0.000000 -0.000001 0.000000 -0.000000 -1.089489
 10 11.168404 -0.000001 0.000002 -2.138571 0.019061 -0.231172
 11 1.364904 0.231178 -1.984411 2.310809 0.500598 0.873954
 12 1.748536 -0.000002 0.000000 0.000000 -0.000000 0.567170
 13 1.272494 0.000001 -0.000001 0.000000 -0.000000 0.462442
 14 4.525584 -0.000304 -1.850224 0.079944 0.053288 1.005563
 15 1.719872 -0.000002 0.000000 0.000000 -0.000000 0.933623
 16 1.383647 0.000002 0.000000 0.000000 -0.000000 0.741644
 17 4.525584 -0.000102 -0.616741 0.043017 0.029897 1.004047
 18 1.807673 0.000001 -0.000001 0.000000 -0.000000 0.881257
 19 1.614255 0.000001 0.000001 0.000000 -0.000000 0.741755
 20 4.525584 0.000101 0.616741 0.028355 0.020521 1.003703
 21 1.719869 0.000000 -0.000001 0.000000 -0.000000 0.680519
 22 1.383649 -0.000001 0.000000 0.000000 -0.000000 0.741644
 23 4.525584 0.000303 1.850224 -0.030467 -0.017054 1.003724
 24 1.433227 -0.000002 0.000000 0.000000 -0.000000 0.680554
 25 1.153039 0.000000 0.000000 0.000000 -0.000000 0.741639
 26 0.000005 0.001585 -3.638375 -0.000010 1.355789 3.140787
 27 8.842831 0.000000 0.000001 0.250161 -1.118015 -0.158167
 28 9.341937 0.000000 -0.000001 0.000000 -0.000000 -2.293220
 29 10.945741 -0.000001 0.000001 1.872424 0.353743 -0.209492
 30 1.364904 0.231177 1.984410 -3.139615 0.004157 1.002253
 31 1.748536 -0.000002 0.000001 0.000000 -0.000000 0.436276
 32 1.272493 0.000001 0.000002 0.000000 -0.000000 0.322849
 33 4.525584 -0.000303 1.850224 -0.016317 -0.094622 0.192575
 34 1.719873 0.000001 0.000000 0.000000 -0.000000 0.034907
 35 1.383647 0.000000 -0.000001 0.000000 -0.000000 0.689317
 36 4.525584 -0.000101 0.616741 -0.040896 -0.032761 0.934240
 37 1.807674 -0.000001 0.000000 0.000000 -0.000000 0.907547
 38 1.614256 -0.000001 0.000000 0.000000 -0.000000 1.151884
 39 4.525584 0.000101 -0.616741 -0.026857 -0.022390 0.933908
 40 1.719871 -0.000002 0.000000 0.000000 -0.000000 0.907547
 41 1.383648 0.000001 0.000000 0.000000 -0.000000 1.151884
 42 4.525584 0.000304 -1.850223 0.029257 0.019200 0.933920
 43 1.433227 0.000002 0.000000 0.000000 -0.000000 0.907405
 44 1.153038 0.000000 0.000000 0.000000 -0.000000 1.151837
 45 -0.000008 0.000010 5.615750 -3.143893 0.007864 2.765861
 46 15.693467 0.000000 0.000000 0.000000 -0.000000 -0.585706
 47 22.146629 -0.000001 0.000000 -0.014056 0.008990 0.225473
 48 3.310129 5.734394 0.000000 0.000000 -0.000000 1.570796
 49 0.000008 -0.000006 -5.615750 -3.143893 0.007768 2.762793
 50 15.693467 0.000000 0.000000 0.000000 -0.000000 -0.583779
 51 22.146629 0.000000 0.000000 -0.014046 0.008933 0.220416
 52 3.310129 5.734394 0.000000 0.000000 -0.000000 1.570796
 53 1.977383 0.000000 0.000000 0.194322 -0.059904 -0.206090
 54 3.723980 2.768054 -0.049087 -3.141592 -0.000002 1.570799
 55 11.781867 -0.001184 -0.000003 0.000000 -0.000000 0.000000
 56 -3.887187 4.546144 1.934869 -3.141591 -1.570796 0.000000
 57 -4.205003 4.546216 -0.015855 -3.141591 -1.570796 0.000000
 58 -3.887188 4.546179 -1.987145 -3.141591 -1.570796 0.000000
 59 -4.881806 5.593821 -1.566820 -1.343124 -1.407798 4.461995
 60 -4.886902 5.683144 -0.007570 -3.132865 -1.570796 0.000000
 61 -4.881796 5.609550 1.546659 -1.343124 -1.407798 4.461995
 62 3.710047 1.760547 -0.059361 -0.091858 -0.075851 1.616828
time 91
  0 0.476324 -0.476324 29.747824 -0.000384 0.013590 -1.585369
  1 -2.615948 0.000001 9.745319 -1.570795 -1.570451 0.000000
  2 1.384163 -0.004728 0.000002 -0.000004 -0.000001 0.174198
  3 5.939814 -0.004730 0.000000 0.000000 -0.000000 0.069738
  4 5.939809 -0.003975 0.000000 0.000000 -0.000000 0.000000
  5 4.991439 -0.003975 0.000000 0.000000 -0.000000 0.000000
  6 4.991436 -0.001575 0.000000 0.000000 -0.000000 0.000000
  7 0.000005 0.001564 3.638375 -0.000010 -1.320232 3.140806
  8 8.842831 0.000000 -0.000002 1.005609 0.717412 0.807226
  9 9.341934 0.000000 -0.000001 0.000000 -0.000000 -1.089489
 10 11.168404 -0.000001 0.000002 -2.138571 0.019061 -0.231172
 11 1.364904 0.231178 -1.984411 2.310809 0.500598 0.873954
 12 1.748536 -0.000002 0.000000 0.000000 -0.000000 0.567170
 13 1.272494 0.000001 -0.000001 0.000000 -0.000000 0.462442
 14 4.525584 -0.000304 -1.850224 0.079944 0.053288 1.005563
 15 1.719872 -0.000002 0.000000 0.000000 -0.000000 0.933623
 16 1.383647 0.000002 0.000000 0.000000 -0.000000 0.741644
 17 4.525584 -0.000102 -0.616741 0.043017 0.029897 1.004047
 18 1.807673 0.000001 -0.000001 0.000000 -0.000000 0.881257
 19 1.614255 0.000001 0.000001 0.000000 -0.000000 0.741755
 20 4.525584 0.000101 0.616741 0.028355 0.020521 1.003703
 21 1.719869 0.000000 -0.000001 0.000000 -0.000000 0.680519
 22 1.383649 -0.000001 0.000000 0.000000 -0.000000 0.741644
 23 4.525584 0.000303 1.850224 -0.030467 -0.017054 1.003724
 24 1.433227 -0.000002 0.000000 0.000000 -0.000000 0.680554
 25 1.153039 0.000000 0.000000 0.000000 -0.000000 0.741639
 26 0.000005 0.001585 -3.638375 -0.000010 1.353092 3.140787
 27 8.842831 0.000000 0.000001 0.251068 -1.115339 -0.159406
 28 9.341937 0.000000 -0.000001 0.000000 -0.000000 -2.293220
 29 10.945741 -0.000001 0.000001 1.872424 0.353743 -0.209492
 30 1.364904 0.231177 1.984410 -3.139615 0.004157 1.002253
 31 1.748536 -0.000002 0.000001 0.000000 -0.000000 0.436276
 32 1.272493 0.000001 0.000002 0.000000 -0.000000 0.322849
 33 4.525584 -0.000303 1.850224 -0.016317 -0.094622 0.192575
 34 1.719873 0.000001 0.000000 0.000000 -0.000000 0.034907
 35 1.383647 0.000000 -0.000001 0.000000 -0.000000 0.689317
 36 4.525584 -0.000101 0.616741 -0.040896 -0.032761 0.934240
 37 1.807674 -0.000001 0.000000 0.000000 -0.000000 0.907547
 38 1.614256 -0.000001 0.000000 0.000000 -0.000000 1.151884
 39 4.525584 0.000101 -0.616741 -0.026857 -0.022390 0.933908
 40 1.719871 -0.000002 0.000000 0.000000 -0.000000 0.907547
 41 1.383648 0.000001 0.000000 0.000000 -0.000000 1.151884
 42 4.525584 0.000304 -1.850223 0.029257 0.019200 0.933920
 43 1.433227 0.000002 0.000000 0.000000 -0.000000 0.907405
 44 1.153038 0.000000 0.000000 0.000000 -0.000000 1.151837
 45 -0.000008 0.000010 5.615750 -3.143701 0.007192 2.767203
 46 15.693467 0.000000 0.000000 0.000000 -0.000000 -0.585706
 47 22.146629 -0.000001 0.000000 -0.014692 0.008544 0.224782
 48 3.310129 5.734394 0.000000 0.000000 -0.000000 1.570796
 49 0.000008 -0.000006 -5.615750 -3.143701 0.007288 2.763847
 50 15.693467 0.000000 0.000000 0.000000 -0.000000 -0.583608
 51 22.146629 0.000000 0.000000 -0.014723 0.008503 0.219515
 52 3.310129 5.734394 0.000000 0.000000 -0.000000 1.570796
 53 1.977383 0.000000 0.000000 0.186075 -0.062098 -0.207233
 54 3.723980 2.768054 -0.049087 -3.141592 -0.000002 1.570799
 55 11.781867 -0.001184 -0.000003 0.000000 -0.000000 0.000000
 56 -3.887187 4.546144 1.934869 -3.141591 -1.570796 0.000000
 57 -4.205003 4.546216 -0.015855 -3.141591 -1.570796 0.000000
 58 -3.887188 4.546179 -1.987145 -3.141591 -1.570796 0.000000
 59 -4.881806 5.593821 -1.566820 -1.320635 -1.420918 4.439716
 60 -4.886902 5.683144 -0.007570 -3.132865 -1.570796 0.000000
 61 -4.881796 5.609550 1.546659 -1.320635 -1.420918 4.439716
 62 3.710047 1.760547 -0.059361 -0.091858 -0.075851 1.616828
time 92
  0 0.461252 -0.461252 29.767422 -0.000384 0.011580 -1.586136
  1 -2.623761 0.000001 9.745319 -1.570795 -1.570451 0.000000
  2 1.384163 -0.004728 0.000002 -0.000004 -0.000001 0.175129
  3 5.939814 -0.004730 0.000000 0.000000 -0.000000 0.069738
  4 5.939809 -0.003975 0.000000 0.000000 -0.000000 0.000000
  5 4.991439 -0.003975 0.000000 0.000000 -0.000000 0.000000
  6 4.991436 -0.001575 0.000000 0.000000 -0.000000 0.000000
  7 0.000005 0.001564 3.638375 -0.000010 -1.318418 3.140806
  8 8.842831 0.000000 -0.000002 1.002957 0.716964 0.805338
  9 9.341934 0.000000 -0.000001 0.000000 -0.000000 -1.089489
 10 11.168404 -0.000001 0.000002 -2.138571 0.019061 -0.231172
 11 1.364904 0.231178 -1.984411 2.310809 0.500598 0.873954
 12 1.748536 -0.000002 0.000000 0.000000 -0.000000 0.567170
 13 1.272494 0.000001 -0.000001 0.000000 -0.000000 0.462442
 14 4.525584 -0.000304 -1.850224 0.079944 0.053288 1.005563
 15 1.719872 -0.000002 0.000000 0.000000 -0.000000 0.933623
 16 1.383647 0.000002 0.000000 0.000000 -0.000000 0.741644
 17 4.525584 -0.000102 -0.616741 0.043017 0.029897 1.004047
 18 1.807673 0.000001 -0.000001 0.000000 -0.000000 0.881257
 19 1.614255 0.000001 0.000001 0.000000 -0.000000 0.741755
 20 4.525584 0.000101 0.616741 0.028355 0.020521 1.003703
 21 1.719869 0.000000 -0.000001 0.000000 -0.000000 0.680519
 22 1.383649 -0.000001 0.000000 0.000000 -0.000000 0.741644
 23 4.525584 0.000303 1.850224 -0.030467 -0.017054 1.003724
 24 1.433227 -0.000002 0.000000 0.000000 -0.000000 0.680554
 25 1.153039 0.000000 0.000000 0.000000 -0.000000 0.741639
 26 0.000005 0.001585 -3.638375 -0.000010 1.350532 3.140787
 27 8.842831 0.000000 0.000001 0.252247 -1.112579 -0.160454
 28 9.341937 0.000000 -0.000001 0.000000 -0.000000 -2.293220
 29 10.945741 -0.000001 0.000001 1.872424 0.353743 -0.209492
 30 1.364904 0.231177 1.984410 -3.139615 0.004157 1.002253
 31 1.748536 -0.000002 0.000001 0.000000 -0.000000 0.436276
 32 1.272493 0.000001 0.000002 0.000000 -0.000000 0.322849
 33 4.525584 -0.000303 1.850224 -0.016317 -0.094622 0.192575
 34 1.719873 0.000001 0.000000 0.000000 -0.000000 0.034907
 35 1.383647 0.000000 -0.000001 0.000000 -0.000000 0.689317
 36 4.525584 -0.000101 0.616741 -0.040896 -0.032761 0.934240
 37 1.807674 -0.000001 0.000000 0.000000 -0.000000 0.907547
 38 1.614256 -0.000001 0.000000 0.000000 -0.000000 1.151884
 39 4.525584 0.000101 -0.616741 -0.026857 -0.022390 0.933908
 40 1.719871 -0.000002 0.000000 0.000000 -0.000000 0.907547
 41 1.383648 0.000001 0.000000 0.000000 -0.000000 1.151884
 42 4.525584 0.000304 -1.850223 0.029257 0.019200 0.933920
 43 1.433227 0.000002 0.000000 0.000000 -0.000000 0.907405
 44 1.153038 0.000000 0.000000 0.000000 -0.000000 1.151837
 45 -0.000008 0.000010 5.615750 -3.143414 0.007097 2.768449
 46 15.693467 0.000000 0.000000 0.000000 -0.000000 -0.585635
 47 22.146629 -0.000001 0.000000 -0.015365 0.008073 0.224091
 48 3.310129 5.734394 0.000000 0.000000 -0.000000 1.570796
 49 0.000008 -0.000006 -5.615750 -3.143414 0.006905 2.764998
 50 15.693467 0.000000 0.000000 0.000000 -0.000000 -0.583608
 51 22.146629 0.000000 0.000000 -0.015400 0.008042 0.218704
 52 3.310129 5.734394 0.000000 0.000000 -0.000000 1.570796
 53 1.977383 0.000000 0.000000 0.177882 -0.064061 -0.208376
 54 3.723980 2.768054 -0.049087 -3.141592 -0.000002 1.570799
 55 11.781867 -0.001184 -0.000003 0.000000 -0.000000 0.000000
 56 -3.887187 4.546144 1.934869 -3.141591 -1.570796 0.000000
 57 -4.205003 4.546216 -0.015855 -3.141591 -1.570796 0.000000
 58 -3.887188 4.546179 -1.987145 -3.141591 -1.570796 0.000000
 59 -4.881806 5.593821 -1.566820 -1.293895 -1.433933 4.413128
 60 -4.886902 5.683144 -0.007570 -3.132865 -1.570796 0.000000
 61 -4.881796 5.609550 1.546659 -1.293895 -1.433933 4.413128
 62 3.710047 1.760547 -0.059361 -0.091858 -0.075851 1.616828
time 93
  0 0.423574 -0.423574 29.767422 -0.000384 0.009953 -1.586808
  1 -2.635480 0.000001 9.745319 -1.570795 -1.570451 0.000000
  2 1.384163 -0.004728 0.000002 -0.000004 -0.000001 0.176013
  3 5.939814 -0.004730 0.000000 0.000000 -0.000000 0.069738
  4 5.939809 -0.003975 0.000000 0.000000 -0.000000 0.000000
  5 4.991439 -0.003975 0.000000 0.000000 -0.000000 0.000000
  6 4.991436 -0.001575 0.000000 0.000000 -0.000000 0.000000
  7 0.000005 0.001564 3.638375 -0.000010 -1.316604 3.140806
  8 8.842831 0.000000 -0.000002 1.000305 0.716158 0.803368
  9 9.341934 0.000000 -0.000001 0.000000 -0.000000 -1.089489
 10 11.168404 -0.000001 0.000002 -2.138571 0.019061 -0.231172
 11 1.364904 0.231178 -1.984411 2.310809 0.500598 0.873954
 12 1.748536 -0.000002 0.000000 0.000000 -0.000000 0.567170
 13 1.272494 0.000001 -0.000001 0.000000 -0.000000 0.462442
 14 4.525584 -0.000304 -1.850224 0.079944 0.053288 1.005563
 15 1.719872 -0.000002 0.000000 0.000000 -0.000000 0.933623
 16 1.383647 0.000002 0.000000 0.000000 -0.000000 0.741644
 17 4.525584 -0.000102 -0.616741 0.043017 0.029897 1.004047
 18 1.807673 0.000001 -0.000001 0.000000 -0.000000 0.881257
 19 1.614255 0.000001 0.000001 0.000000 -0.000000 0.741755
 20 4.525584 0.000101 0.616741 0.028355 0.020521 1.003703
 21 1.719869 0.000000 -0.000001 0.000000 -0.000000 0.680519
 22 1.383649 -0.000001 0.000000 0.000000 -0.000000 0.741644
 23 4.525584 0.000303 1.850224 -0.030467 -0.017054 1.003724
 24 1.433227 -0.000002 0.000000 0.000000 -0.000000 0.680554
 25 1.153039 0.000000 0.000000 0.000000 -0.000000 0.741639
 26 0.000005 0.001585 -3.638375 -0.000010 1.347971 3.140787
 27 8.842831 0.000000 0.000001 0.253245 -1.109903 -0.161502
 28 9.341937 0.000000 -0.000001 0.000000 -0.000000 -2.293220
 29 10.945741 -0.000001 0.000001 1.872424 0.353743 -0.209492
 30 1.364904 0.231177 1.984410 -3.139615 0.004157 1.002253
 31 1.748536 -0.000002 0.000001 0.000000 -0.000000 0.436276
 32 1.272493 0.000001 0.000002 0.000000 -0.000000 0.322849
 33 4.525584 -0.000303 1.850224 -0.016317 -0.094622 0.192575
 34 1.719873 0.000001 0.000000 0.000000 -0.000000 0.034907
 35 1.383647 0.000000 -0.000001 0.000000 -0.000000 0.689317
 36 4.525584 -0.000101 0.616741 -0.040896 -0.032761 0.934240
 37 1.807674 -0.000001 0.000000 0.000000 -0.000000 0.907547
 38 1.614256 -0.000001 0.000000 0.000000 -0.000000 1.151884
 39 4.525584 0.000101 -0.616741 -0.026857 -0.022390 0.933908
 40 1.719871 -0.000002 0.000000 0.000000 -0.000000 0.907547
 41 1.383648 0.000001 0.000000 0.000000 -0.000000 1.151884
 42 4.525584 0.000304 -1.850223 0.029257 0.019200 0.933920
 43 1.433227 0.000002 0.000000 0.000000 -0.000000 0.907405
 44 1.153038 0.000000 0.000000 0.000000 -0.000000 1.151837
 45 -0.000008 0.000010 5.615750 -3.143414 0.006330 2.769696
 46 15.693467 0.000000 0.000000 0.000000 -0.000000 -0.585564
 47 22.146629 -0.000001 0.000000 -0.016000 0.007652 0.223450
 48 3.310129 5.734394 0.000000 0.000000 -0.000000 1.570796
 49 0.000008 -0.000006 -5.615750 -3.143414 0.006329 2.766052
 50 15.693467 0.000000 0.000000 0.000000 -0.000000 -0.583608
 51 22.146629 0.000000 0.000000 -0.016077 0.007613 0.217622
 52 3.310129 5.734394 0.000000 0.000000 -0.000000 1.570796
 53 1.977383 0.000000 0.000000 0.169688 -0.065816 -0.209420
 54 3.723980 2.768054 -0.049087 -3.141592 -0.000002 1.570799
 55 11.781867 -0.001184 -0.000003 0.000000 -0.000000 0.000000
 56 -3.887187 4.546144 1.934869 -3.141591 -1.570796 0.000000
 57 -4.205003 4.546216 -0.015855 -3.141591 -1.570796 0.000000
 58 -3.887188 4.546179 -1.987145 -3.141591 -1.570796 0.000000
 59 -4.881806 5.593821 -1.566820 -1.261513 -1.446844 4.381255
 60 -4.886902 5.683144 -0.007570 -3.132865 -1.570796 0.000000
 61 -4.881796 5.609550 1.546659 -1.261513 -1.446844 4.381255
 62 3.710047 1.760547 -0.059361 -0.091858 -0.075851 1.616828
time 94
  0 0.408503 -0.408503 29.787020 -0.000384 0.007847 -1.587479
  1 -2.647199 0.000001 9.745319 -1.570795 -1.570451 0.000000
  2 1.384163 -0.004728 0.000002 -0.000004 -0.000001 0.176944
  3 5.939814 -0.004730 0.000000 0.000000 -0.000000 0.069738
  4 5.939809 -0.003975 0.000000 0.000000 -0.000000 0.000000
  5 4.991439 -0.003975 0.000000 0.000000 -0.000000 0.000000
  6 4.991436 -0.001575 0.000000 0.000000 -0.000000 0.000000
  7 0.000005 0.001564 3.638375 -0.000010 -1.314863 3.140806
  8 8.842831 0.000000 -0.000002 0.997836 0.715530 0.801645
  9 9.341934 0.000000 -0.000001 0.000000 -0.000000 -1.089489
 10 11.168404 -0.000001 0.000002 -2.138571 0.019061 -0.231172
 11 1.364904 0.231178 -1.984411 2.310809 0.500598 0.873954
 12 1.748536 -0.000002 0.000000 0.000000 -0.000000 0.567170
 13 1.272494 0.000001 -0.000001 0.000000 -0.000000 0.462442
 14 4.525584 -0.000304 -1.850224 0.079944 0.053288 1.005563
 15 1.719872 -0.000002 0.000000 0.000000 -0.000000 0.933623
 16 1.383647 0.000002 0.000000 0.000000 -0.000000 0.741644
 17 4.525584 -0.000102 -0.616741 0.043017 0.029897 1.004047
 18 1.807673 0.000001 -0.000001 0.000000 -0.000000 0.881257
 19 1.614255 0.000001 0.000001 0.000000 -0.000000 0.741755
 20 4.525584 0.000101 0.616741 0.028355 0.020521 1.003703
 21 1.719869 0.000000 -0.000001 0.000000 -0.000000 0.680519
 22 1.383649 -0.000001 0.000000 0.000000 -0.000000 0.741644
 23 4.525584 0.000303 1.850224 -0.030467 -0.017054 1.003724
 24 1.433227 -0.000002 0.000000 0.000000 -0.000000 0.680554
 25 1.153039 0.000000 0.000000 0.000000 -0.000000 0.741639
 26 0.000005 0.001585 -3.638375 -0.000010 1.345411 3.140787
 27 8.842831 0.000000 0.000001 0.254242 -1.107311 -0.162741
 28 9.341937 0.000000 -0.000001 0.000000 -0.000000 -2.293220
 29 10.945741 -0.000001 0.000001 1.872424 0.353743 -0.209492
 30 1.364904 0.231177 1.984410 -3.139615 0.004157 1.002253
 31 1.748536 -0.000002 0.000001 0.000000 -0.000000 0.436276
 32 1.272493 0.000001 0.000002 0.000000 -0.000000 0.322849
 33 4.525584 -0.000303 1.850224 -0.016317 -0.094622 0.192575
 34 1.719873 0.000001 0.000000 0.000000 -0.000000 0.034907
 35 1.383647 0.000000 -0.000001 0.000000 -0.000000 0.689317
 36 4.525584 -0.000101 0.616741 -0.040896 -0.032761 0.934240
 37 1.807674 -0.000001 0.000000 0.000000 -0.000000 0.907547
 38 1.614256 -0.000001 0.000000 0.000000 -0.000000 1.151884
 39 4.525584 0.000101 -0.616741 -0.026857 -0.022390 0.933908
 40 1.719871 -0.000002 0.000000 0.000000 -0.000000 0.907547
 41 1.383648 0.000001 0.000000 0.000000 -0.000000 1.151884
 42 4.525584 0.000304 -1.850223 0.029257 0.019200 0.933920
 43 1.433227 0.000002 0.000000 0.000000 -0.000000 0.907405
 44 1.153038 0.000000 0.000000 0.000000 -0.000000 1.151837
 45 -0.000008 0.000010 5.615750 -3.143414 0.006234 2.771038
 46 15.693467 0.000000 0.000000 0.000000 -0.000000 -0.585564
 47 22.146629 -0.000001 0.000000 -0.016673 0.007207 0.222809
 48 3.310129 5.734394 0.000000 0.000000 -0.000000 1.570796
 49 0.000008 -0.000006 -5.615750 -3.143318 0.006138 2.767107
 50 15.693467 0.000000 0.000000 0.000000 -0.000000 -0.583437
 51 22.146629 0.000000 0.000000 -0.016641 0.007183 0.216901
 52 3.310129 5.734394 0.000000 0.000000 -0.000000 1.570796
 53 1.977383 0.000000 0.000000 0.161441 -0.067248 -0.210314
 54 3.723980 2.768054 -0.049087 -3.141592 -0.000002 1.570799
 55 11.781867 -0.001184 -0.000003 0.000000 -0.000000 0.000000
 56 -3.887187 4.546144 1.934869 -3.141591 -1.570796 0.000000
 57 -4.205003 4.546216 -0.015855 -3.141591 -1.570796 0.000000
 58 -3.887188 4.546179 -1.987145 -3.141591 -1.570796 0.000000
 59 -4.881806 5.593821 -1.566820 -1.221712 -1.459586 4.341657
 60 -4.886902 5.683144 -0.007570 -3.132865 -1.570796 0.000000
 61 -4.881796 5.609550 1.546659 -1.221712 -1.459586 4.341657
 62 3.710047 1.760547 -0.059361 -0.091858 -0.075851 1.616828
time 95
  0 0.393432 -0.393432 29.787020 -0.000384 0.006125 -1.587862
  1 -2.655012 0.000001 9.745319 -1.570795 -1.570451 0.000000
  2 1.384163 -0.004728 0.000002 -0.000004 -0.000001 0.177782
  3 5.939814 -0.004730 0.000000 0.000000 -0.000000 0.069738
  4 5.939809 -0.003975 0.000000 0.000000 -0.000000 0.000000
  5 4.991439 -0.003975 0.000000 0.000000 -0.000000 0.000000
  6 4.991436 -0.001575 0.000000 0.000000 -0.000000 0.000000
  7 0.000005 0.001564 3.638375 -0.000010 -1.313085 3.140806
  8 8.842831 0.000000 -0.000002 0.995367 0.714903 0.799675
  9 9.341934 0.000000 -0.000001 0.000000 -0.000000 -1.089489
 10 11.168404 -0.000001 0.000002 -2.138571 0.019061 -0.231172
 11 1.364904 0.231178 -1.984411 2.310809 0.500598 0.873954
 12 1.748536 -0.000002 0.000000 0.000000 -0.000000 0.567170
 13 1.272494 0.000001 -0.000001 0.000000 -0.000000 0.462442
 14 4.525584 -0.000304 -1.850224 0.079944 0.053288 1.005563
 15 1.719872 -0.000002 0.000000 0.000000 -0.000000 0.933623
 16 1.383647 0.000002 0.000000 0.000000 -0.000000 0.741644
 17 4.525584 -0.000102 -0.616741 0.043017 0.029897 1.004047
 18 1.807673 0.000001 -0.000001 0.000000 -0.000000 0.881257
 19 1.614255 0.000001 0.000001 0.000000 -0.000000 0.741755
 20 4.525584 0.000101 0.616741 0.028355 0.020521 1.003703
 21 1.719869 0.000000 -0.000001 0.000000 -0.000000 0.680519
 22 1.383649 -0.000001 0.000000 0.000000 -0.000000 0.741644
 23 4.525584 0.000303 1.850224 -0.030467 -0.017054 1.003724
 24 1.433227 -0.000002 0.000000 0.000000 -0.000000 0.680554
 25 1.153039 0.000000 0.000000 0.000000 -0.000000 0.741639
 26 0.000005 0.001585 -3.638375 -0.000010 1.342943 3.140787
 27 8.842831 0.000000 0.000001 0.255331 -1.104718 -0.163789
 28 9.341937 0.000000 -0.000001 0.000000 -0.000000 -2.293220
 29 10.945741 -0.000001 0.000001 1.872424 0.353827 -0.209492
 30 1.364904 0.231177 1.984410 -3.139615 0.004157 1.002253
 31 1.748536 -0.000002 0.000001 0.000000 -0.000000 0.436276
 32 1.272493 0.000001 0.000002 0.000000 -0.000000 0.322849
 33 4.525584 -0.000303 1.850224 -0.016317 -0.094622 0.192575
 34 1.719873 0.000001 0.000000 0.000000 -0.000000 0.034907
 35 1.383647 0.000000 -0.000001 0.000000 -0.000000 0.689317
 36 4.525584 -0.000101 0.616741 -0.040896 -0.032761 0.934240
 37 1.807674 -0.000001 0.000000 0.000000 -0.000000 0.907547
 38 1.614256 -0.000001 0.000000 0.000000 -0.000000 1.151884
 39 4.525584 0.000101 -0.616741 -0.026857 -0.022390 0.933908
 40 1.719871 -0.000002 0.000000 0.000000 -0.000000 0.907547
 41 1.383648 0.000001 0.000000 0.000000 -0.000000 1.151884
 42 4.525584 0.000304 -1.850223 0.029257 0.019200 0.933920
 43 1.433227 0.000002 0.000000 0.000000 -0.000000 0.907405
 44 1.153038 0.000000 0.000000 0.000000 -0.000000 1.151837
 45 -0.000008 0.000010 5.615750 -3.143222 0.005563 2.772380
 46 15.693467 0.000000 0.000000 0.000000 -0.000000 -0.585422
 47 22.146629 -0.000001 0.000000 -0.017271 0.006761 0.222167
 48 3.310129 5.734394 0.000000 0.000000 -0.000000 1.570796
 49 0.000008 -0.000006 -5.615750 -3.143222 0.005563 2.768258
 50 15.693467 0.000000 0.000000 0.000000 -0.000000 -0.583266
 51 22.146629 0.000000 0.000000 -0.017318 0.006692 0.215909
 52 3.310129 5.734394 0.000000 0.000000 -0.000000 1.570796
 53 1.977383 0.000000 0.000000 0.153354 -0.068379 -0.211259
 54 3.723980 2.768054 -0.049087 -3.141592 -0.000002 1.570799
 55 11.781867 -0.001184 -0.000003 0.000000 -0.000000 0.000000
 56 -3.887187 4.546144 1.934869 -3.141591 -1.570796 0.000000
 57 -4.205003 4.546216 -0.015855 -3.141591 -1.570796 0.000000
 58 -3.887188 4.546179 -1.987145 -3.141591 -1.570796 0.000000
 59 -4.881806 5.593821 -1.566820 -1.171865 -1.472119 4.291977
 60 -4.886902 5.683144 -0.007570 -3.132865 -1.570796 0.000000
 61 -4.881796 5.609550 1.546659 -1.171865 -1.472119 4.291977
 62 3.710047 1.760547 -0.059361 -0.091858 -0.075851 1.616828
time 96
  0 0.378360 -0.378360 29.787020 -0.000384 0.004019 -1.588533
  1 -2.658919 0.000001 9.745319 -1.570795 -1.570451 0.000000
  2 1.384163 -0.004728 0.000002 -0.000004 -0.000001 0.178667
  3 5.939814 -0.004730 0.000000 0.000000 -0.000000 0.069738
  4 5.939809 -0.003975 0.000000 0.000000 -0.000000 0.000000
  5 4.991439 -0.003975 0.000000 0.000000 -0.000000 0.000000
  6 4.991436 -0.001575 0.000000 0.000000 -0.000000 0.000000
  7 0.000005 0.001564 3.638375 -0.000010 -1.311380 3.140806
  8 8.842831 0.000000 -0.000002 0.993081 0.714365 0.797952
  9 9.341934 0.000000 -0.000001 0.000000 -0.000000 -1.089489
 10 11.168404 -0.000001 0.000002 -2.138571 0.019061 -0.231172
 11 1.364904 0.231178 -1.984411 2.310809 0.500598 0.873954
 12 1.748536 -0.000002 0.000000 0.000000 -0.000000 0.567170
 13 1.272494 0.000001 -0.000001 0.000000 -0.000000 0.462442
 14 4.525584 -0.000304 -1.850224 0.079944 0.053288 1.005563
 15 1.719872 -0.000002 0.000000 0.000000 -0.000000 0.933623
 16 1.383647 0.000002 0.000000 0.000000 -0.000000 0.741644
 17 4.525584 -0.000102 -0.616741 0.043017 0.029897 1.004047
 18 1.807673 0.000001 -0.000001 0.000000 -0.000000 0.881257
 19 1.614255 0.000001 0.000001 0.000000 -0.000000 0.741755
 20 4.525584 0.000101 0.616741 0.028355 0.020521 1.003703
 21 1.719869 0.000000 -0.000001 0.000000 -0.000000 0.680519
 22 1.383649 -0.000001 0.000000 0.000000 -0.000000 0.741644
 23 4.525584 0.000303 1.850224 -0.030467 -0.017054 1.003724
 24 1.433227 -0.000002 0.000000 0.000000 -0.000000 0.680554
 25 1.153039 0.000000 0.000000 0.000000 -0.000000 0.741639
 26 0.000005 0.001585 -3.638375 -0.000010 1.340566 3.140787
 27 8.842831 0.000000 0.000001 0.256238 -1.102210 -0.164742
 28 9.341937 0.000000 -0.000001 0.000000 -0.000000 -2.293220
 29 10.945741 -0.000001 0.000001 1.872424 0.353743 -0.209492
 30 1.364904 0.231177 1.984410 -3.139615 0.004157 1.002253
 31 1.748536 -0.000002 0.000001 0.000000 -0.000000 0.436276
 32 1.272493 0.000001 0.000002 0.000000 -0.000000 0.322849
 33 4.525584 -0.000303 1.850224 -0.016317 -0.094622 0.192575
 34 1.719873 0.000001 0.000000 0.000000 -0.000000 0.034907
 35 1.383647 0.000000 -0.000001 0.000000 -0.000000 0.689317
 36 4.525584 -0.000101 0.616741 -0.040896 -0.032761 0.934240
 37 1.807674 -0.000001 0.000000 0.000000 -0.000000 0.907547
 38 1.614256 -0.000001 0.000000 0.000000 -0.000000 1.151884
 39 4.525584 0.000101 -0.616741 -0.026857 -0.022390 0.933908
 40 1.719871 -0.000002 0.000000 0.000000 -0.000000 0.907547
 41 1.383648 0.000001 0.000000 0.000000 -0.000000 1.151884
 42 4.525584 0.000304 -1.850223 0.029257 0.019200 0.933920
 43 1.433227 0.000002 0.000000 0.000000 -0.000000 0.907405
 44 1.153038 0.000000 0.000000 0.000000 -0.000000 1.151837
 45 -0.000008 0.000010 5.615750 -3.142838 0.005371 2.773530
 46 15.693467 0.000000 0.000000 0.000000 -0.000000 -0.585422
 47 22.146629 -0.000001 0.000000 -0.017944 0.006340 0.221476
 48 3.310129 5.734394 0.000000 0.000000 -0.000000 1.570796
 49 0.000008 -0.000006 -5.615750 -3.142838 0.005371 2.769312
 50 15.693467 0.000000 0.000000 0.000000 -0.000000 -0.583095
 51 22.146629 0.000000 0.000000 -0.017995 0.006293 0.215098
 52 3.310129 5.734394 0.000000 0.000000 -0.000000 1.570796
 53 1.977383 0.000000 0.000000 0.145371 -0.069188 -0.212104
 54 3.723980 2.768054 -0.049087 -3.141592 -0.000002 1.570799
 55 11.781867 -0.001184 -0.000003 0.000000 -0.000000 0.000000
 56 -3.887187 4.546144 1.934869 -3.141591 -1.570796 0.000000
 57 -4.205003 4.546216 -0.015855 -3.141591 -1.570796 0.000000
 58 -3.887188 4.546179 -1.987145 -3.141591 -1.570796 0.000000
 59 -4.881806 5.593821 -1.566820 -1.107797 -1.484352 4.228231
 60 -4.886902 5.683144 -0.007570 -3.132865 -1.570796 0.000000
 61 -4.881796 5.609550 1.546659 -1.107797 -1.484352 4.228231
 62 3.710047 1.760547 -0.059361 -0.091858 -0.075851 1.616828
time 97
  0 0.363289 -0.363289 29.787020 -0.000384 0.002297 -1.589204
  1 -2.670638 0.000001 9.745319 -1.570795 -1.570451 0.000000
  2 1.384163 -0.004728 0.000002 -0.000004 -0.000001 0.179505
  3 5.939814 -0.004730 0.000000 0.000000 -0.000000 0.069738
  4 5.939809 -0.003975 0.000000 0.000000 -0.000000 0.000000
  5 4.991439 -0.003975 0.000000 0.000000 -0.000000 0.000000
  6 4.991436 -0.001575 0.000000 0.000000 -0.000000 0.000000
  7 0.000005 0.001564 3.638375 -0.000010 -1.309675 3.140806
  8 8.842831 0.000000 -0.000002 0.990795 0.713648 0.796064
  9 9.341934 0.000000 -0.000001 0.000000 -0.000000 -1.089489
 10 11.168404 -0.000001 0.000002 -2.138571 0.019061 -0.231172
 11 1.364904 0.231178 -1.984411 2.310809 0.500598 0.873954
 12 1.748536 -0.000002 0.000000 0.000000 -0.000000 0.567170
 13 1.272494 0.000001 -0.000001 0.000000 -0.000000 0.462442
 14 4.525584 -0.000304 -1.850224 0.079944 0.053288 1.005563
 15 1.719872 -0.000002 0.000000 0.000000 -0.000000 0.933623
 16 1.383647 0.000002 0.000000 0.000000 -0.000000 0.741644
 17 4.525584 -0.000102 -0.616741 0.043017 0.029897 1.004047
 18 1.807673 0.000001 -0.000001 0.000000 -0.000000 0.881257
 19 1.614255 0.000001 0.000001 0.000000 -0.000000 0.741755
 20 4.525584 0.000101 0.616741 0.028355 0.020521 1.003703
 21 1.719869 0.000000 -0.000001 0.000000 -0.000000 0.680519
 22 1.383649 -0.000001 0.000000 0.000000 -0.000000 0.741644
 23 4.525584 0.000303 1.850224 -0.030467 -0.017054 1.003724
 24 1.433227 -0.000002 0.000000 0.000000 -0.000000 0.680554
 25 1.153039 0.000000 0.000000 0.000000 -0.000000 0.741639
 26 0.000005 0.001585 -3.638375 -0.000010 1.338143 3.140787
 27 8.842831 0.000000 0.000001 0.257145 -1.099617 -0.165790
 28 9.341937 0.000000 -0.000001 0.000000 -0.000000 -2.293220
 29 10.945741 -0.000001 0.000001 1.872424 0.353743 -0.209492
 30 1.364904 0.231177 1.984410 -3.139615 0.004157 1.002253
 31 1.748536 -0.000002 0.000001 0.000000 -0.000000 0.436276
 32 1.272493 0.000001 0.000002 0.000000 -0.000000 0.322849
 33 4.525584 -0.000303 1.850224 -0.016317 -0.094622 0.192575
 34 1.719873 0.000001 0.000000 0.000000 -0.000000 0.034907
 35 1.383647 0.000000 -0.000001 0.000000 -0.000000 0.689317
 36 4.525584 -0.000101 0.616741 -0.040896 -0.032761 0.934240
 37 1.807674 -0.000001 0.000000 0.000000 -0.000000 0.907547
 38 1.614256 -0.000001 0.000000 0.000000 -0.000000 1.151884
 39 4.525584 0.000101 -0.616741 -0.026857 -0.022390 0.933908
 40 1.719871 -0.000002 0.000000 0.000000 -0.000000 0.907547
 41 1.383648 0.000001 0.000000 0.000000 -0.000000 1.151884
 42 4.525584 0.000304 -1.850223 0.029257 0.019200 0.933920
 43 1.433227 0.000002 0.000000 0.000000 -0.000000 0.907405
 44 1.153038 0.000000 0.000000 0.000000 -0.000000 1.151837
 45 -0.000008 0.000010 5.615750 -3.142647 0.004892 2.774873
 46 15.693467 0.000000 0.000000 0.000000 -0.000000 -0.585279
 47 22.146629 -0.000001 0.000000 -0.018654 0.005968 0.220786
 48 3.310129 5.734394 0.000000 0.000000 -0.000000 1.570796
 49 0.000008 -0.000006 -5.615750 -3.142647 0.004796 2.770559
 50 15.693467 0.000000 0.000000 0.000000 -0.000000 -0.583095
 51 22.146629 0.000000 0.000000 -0.018615 0.005924 0.214107
 52 3.310129 5.734394 0.000000 0.000000 -0.000000 1.570796
 53 1.977383 0.000000 0.000000 0.137601 -0.069557 -0.212849
 54 3.723980 2.768054 -0.049087 -3.141592 -0.000002 1.570799
 55 11.781867 -0.001184 -0.000003 0.000000 -0.000000 0.000000
 56 -3.887187 4.546144 1.934869 -3.141591 -1.570796 0.000000
 57 -4.205003 4.546216 -0.015855 -3.141591 -1.570796 0.000000
 58 -3.887188 4.546179 -1.987145 -3.141591 -1.570796 0.000000
 59 -4.881806 5.593821 -1.566820 -1.022863 -1.496051 4.143832
 60 -4.886902 5.683144 -0.007570 -3.132865 -1.570796 0.000000
 61 -4.881796 5.609550 1.546659 -1.022863 -1.496051 4.143832
 62 3.710047 1.760547 -0.059361 -0.091858 -0.075851 1.616828
time 98
  0 0.363289 -0.363289 29.787020 -0.000384 0.000191 -1.589971
  1 -2.678450 0.000001 9.745319 -1.570795 -1.570451 0.000000
  2 1.384163 -0.004728 0.000002 -0.000004 -0.000001 0.180296
  3 5.939814 -0.004730 0.000000 0.000000 -0.000000 0.069738
  4 5.939809 -0.003975 0.000000 0.000000 -0.000000 0.000000
  5 4.991439 -0.003975 0.000000 0.000000 -0.000000 0.000000
  6 4.991436 -0.001575 0.000000 0.000000 -0.000000 0.000000
  7 0.000005 0.001564 3.638375 -0.000010 -1.308115 3.140806
  8 8.842831 0.000000 -0.000002 0.988509 0.713110 0.794505
  9 9.341934 0.000000 -0.000001 0.000000 -0.000000 -1.089489
 10 11.168404 -0.000001 0.000002 -2.138571 0.019061 -0.231172
 11 1.364904 0.231178 -1.984411 2.310809 0.500598 0.873954
 12 1.748536 -0.000002 0.000000 0.000000 -0.000000 0.567170
 13 1.272494 0.000001 -0.000001 0.000000 -0.000000 0.462442
 14 4.525584 -0.000304 -1.850224 0.079944 0.053288 1.005563
 15 1.719872 -0.000002 0.000000 0.000000 -0.000000 0.933623
 16 1.383647 0.000002 0.000000 0.000000 -0.000000 0.741644
 17 4.525584 -0.000102 -0.616741 0.043017 0.029897 1.004047
 18 1.807673 0.000001 -0.000001 0.000000 -0.000000 0.881257
 19 1.614255 0.000001 0.000001 0.000000 -0.000000 0.741755
 20 4.525584 0.000101 0.616741 0.028355 0.020521 1.003703
 21 1.719869 0.000000 -0.000001 0.000000 -0.000000 0.680519
 22 1.383649 -0.000001 0.000000 0.000000 -0.000000 0.741644
 23 4.525584 0.000303 1.850224 -0.030467 -0.017054 1.003724
 24 1.433227 -0.000002 0.000000 0.000000 -0.000000 0.680554
 25 1.153039 0.000000 0.000000 0.000000 -0.000000 0.741639
 26 0.000005 0.001585 -3.638375 -0.000010 1.335857 3.140787
 27 8.842831 0.000000 0.000001 0.258052 -1.097276 -0.166743
 28 9.341937 0.000000 -0.000001 0.000000 -0.000000 -2.293220
 29 10.945741 -0.000001 0.000001 1.872424 0.353743 -0.209492
 30 1.364904 0.231177 1.984410 -3.139615 0.004157 1.002253
 31 1.748536 -0.000002 0.000001 0.000000 -0.000000 0.436276
 32 1.272493 0.000001 0.000002 0.000000 -0.000000 0.322849
 33 4.525584 -0.000303 1.850224 -0.016317 -0.094622 0.192575
 34 1.719873 0.000001 0.000000 0.000000 -0.000000 0.034907
 35 1.383647 0.000000 -0.000001 0.000000 -0.000000 0.689317
 36 4.525584 -0.000101 0.616741 -0.040896 -0.032761 0.934240
 37 1.807674 -0.000001 0.000000 0.000000 -0.000000 0.907547
 38 1.614256 -0.000001 0.000000 0.000000 -0.000000 1.151884
 39 4.525584 0.000101 -0.616741 -0.026857 -0.022390 0.933908
 40 1.719871 -0.000002 0.000000 0.000000 -0.000000 0.907547
 41 1.383648 0.000001 0.000000 0.000000 -0.000000 1.151884
 42 4.525584 0.000304 -1.850223 0.029257 0.019200 0.933920
 43 1.433227 0.000002 0.000000 0.000000 -0.000000 0.907405
 44 1.153038 0.000000 0.000000 0.000000 -0.000000 1.151837
 45 -0.000008 0.000010 5.615750 -3.142647 0.004796 2.776311
 46 15.693467 0.000000 0.000000 0.000000 -0.000000 -0.585137
 47 22.146629 -0.000001 0.000000 -0.019290 0.005622 0.220144
 48 3.310129 5.734394 0.000000 0.000000 -0.000000 1.570796
 49 0.000008 -0.000006 -5.615750 -3.142647 0.004700 2.771709
 50 15.693467 0.000000 0.000000 0.000000 -0.000000 -0.582924
 51 22.146629 0.000000 0.000000 -0.019292 0.005587 0.213205
 52 3.310129 5.734394 0.000000 0.000000 -0.000000 1.570796
 53 1.977383 0.000000 0.000000 0.129936 -0.069488 -0.213545
 54 3.723980 2.768054 -0.049087 -3.141592 -0.000002 1.570799
 55 11.781867 -0.001184 -0.000003 0.000000 -0.000000 0.000000
 56 -3.887187 4.546144 1.934869 -3.141591 -1.570796 0.000000
 57 -4.205003 4.546216 -0.015855 -3.141591 -1.570796 0.000000
 58 -3.887188 4.546179 -1.987145 -3.141591 -1.570796 0.000000
 59 -4.881806 5.593821 -1.566820 -0.907943 -1.507084 4.029105
 60 -4.886902 5.683144 -0.007570 -3.132865 -1.570796 0.000000
 61 -4.881796 5.609550 1.546659 -0.907943 -1.507084 4.029105
 62 3.710047 1.760547 -0.059361 -0.091858 -0.075851 1.616828
time 99
  0 0.348218 -0.348218 29.787020 -0.000384 -0.001436 -1.590738
  1 -2.686263 0.000001 9.745319 -1.570795 -1.570451 0.000000
  2 1.384163 -0.004728 0.000002 -0.000004 -0.000001 0.181087
  3 5.939814 -0.004730 0.000000 0.000000 -0.000000 0.069738
  4 5.939809 -0.003975 0.000000 0.000000 -0.000000 0.000000
  5 4.991439 -0.003975 0.000000 0.000000 -0.000000 0.000000
  6 4.991436 -0.001575 0.000000 0.000000 -0.000000 0.000000
  7 0.000005 0.001564 3.638375 -0.000010 -1.306519 3.140806
  8 8.842831 0.000000 -0.000002 0.986314 0.712573 0.792946
  9 9.341934 0.000000 -0.000001 0.000000 -0.000000 -1.089489
 10 11.168404 -0.000001 0.000002 -2.138571 0.019061 -0.231172
 11 1.364904 0.231178 -1.984411 2.310809 0.500598 0.873954
 12 1.748536 -0.000002 0.000000 0.000000 -0.000000 0.567170
 13 1.272494 0.000001 -0.000001 0.000000 -0.000000 0.462442
 14 4.525584 -0.000304 -1.850224 0.079944 0.053288 1.005563
 15 1.719872 -0.000002 0.000000 0.000000 -0.000000 0.933623
 16 1.383647 0.000002 0.000000 0.000000 -0.000000 0.741644
 17 4.525584 -0.000102 -0.616741 0.043017 0.029897 1.004047
 18 1.807673 0.000001 -0.000001 0.000000 -0.000000 0.881257
 19 1.614255 0.000001 0.000001 0.000000 -0.000000 0.741755
 20 4.525584 0.000101 0.616741 0.028355 0.020521 1.003703
 21 1.719869 0.000000 -0.000001 0.000000 -0.000000 0.680519
 22 1.383649 -0.000001 0.000000 0.000000 -0.000000 0.741644
 23 4.525584 0.000303 1.850224 -0.030467 -0.017054 1.003724
 24 1.433227 -0.000002 0.000000 0.000000 -0.000000 0.680554
 25 1.153039 0.000000 0.000000 0.000000 -0.000000 0.741639
 26 0.000005 0.001585 -3.638375 -0.000010 1.333663 3.140787
 27 8.842831 0.000000 0.000001 0.258959 -1.094934 -0.167695
 28 9.341937 0.000000 -0.000001 0.000000 -0.000000 -2.293220
 29 10.945741 -0.000001 0.000001 1.872424 0.353743 -0.209492
 30 1.364904 0.231177 1.984410 -3.139615 0.004157 1.002253
 31 1.748536 -0.000002 0.000001 0.000000 -0.000000 0.436276
 32 1.272493 0.000001 0.000002 0.000000 -0.000000 0.322849
 33 4.525584 -0.000303 1.850224 -0.016317 -0.094622 0.192575
 34 1.719873 0.000001 0.000000 0.000000 -0.000000 0.034907
 35 1.383647 0.000000 -0.000001 0.000000 -0.000000 0.689317
 36 4.525584 -0.000101 0.616741 -0.040896 -0.032761 0.934240
 37 1.807674 -0.000001 0.000000 0.000000 -0.000000 0.907547
 38 1.614256 -0.000001 0.000000 0.000000 -0.000000 1.151884
 39 4.525584 0.000101 -0.616741 -0.026857 -0.022390 0.933908
 40 1.719871 -0.000002 0.000000 0.000000 -0.000000 0.907547
 41 1.383648 0.000001 0.000000 0.000000 -0.000000 1.151884
 42 4.525584 0.000304 -1.850223 0.029257 0.019200 0.933920
 43 1.433227 0.000002 0.000000 0.000000 -0.000000 0.907405
 44 1.153038 0.000000 0.000000 0.000000 -0.000000 1.151837
 45 -0.000008 0.000010 5.615750 -3.142647 0.004220 2.777749
 46 15.693467 0.000000 0.000000 0.000000 -0.000000 -0.585066
 47 22.146629 -0.000001 0.000000 -0.019963 0.005424 0.219404
 48 3.310129 5.734394 0.000000 0.000000 -0.000000 1.570796
 49 0.000008 -0.000006 -5.615750 -3.142647 0.004316 2.772955
 50 15.693467 0.000000 0.000000 0.000000 -0.000000 -0.582753
 51 22.146629 0.000000 0.000000 -0.019969 0.005372 0.212214
 52 3.310129 5.734394 0.000000 0.000000 -0.000000 1.570796
 53 1.977383 0.000000 0.000000 0.122535 -0.068610 -0.214042
 54 3.723980 2.768054 -0.049087 -3.141592 -0.000002 1.570799
 55 11.781867 -0.001184 -0.000003 0.000000 -0.000000 0.000000
 56 -3.887187 4.546144 1.934869 -3.141591 -1.570796 0.000000
 57 -4.205003 4.546216 -0.015855 -3.141591 -1.570796 0.000000
 58 -3.887188 4.546179 -1.987145 -3.141591 -1.570796 0.000000
 59 -4.881806 5.593821 -1.566820 -0.748122 -1.516930 3.869576
 60 -4.886902 5.683144 -0.007570 -3.132865 -1.570796 0.000000
 61 -4.881796 5.609550 1.546659 -0.748122 -1.516930 3.869576
 62 3.710047 1.760547 -0.059361 -0.091858 -0.075851 1.616828
time 100
  0 0.333146 -0.333146 29.787020 -0.000384 -0.003541 -1.591505
  1 -2.690170 0.000001 9.745319 -1.570795 -1.570451 0.000000
  2 1.384163 -0.004728 0.000002 -0.000004 -0.000001 0.181832
  3 5.939814 -0.004730 0.000000 0.000000 -0.000000 0.069738
  4 5.939809 -0.003975 0.000000 0.000000 -0.000000 0.000000
  5 4.991439 -0.003975 0.000000 0.000000 -0.000000 0.000000
  6 4.991436 -0.001575 0.000000 0.000000 -0.000000 0.000000
  7 0.000005 0.001564 3.638375 -0.000010 -1.304995 3.140806
  8 8.842831 0.000000 -0.000002 0.984211 0.712124 0.791386
  9 9.341934 0.000000 -0.000001 0.000000 -0.000000 -1.089489
 10 11.168404 -0.000001 0.000002 -2.138571 0.019061 -0.231172
 11 1.364904 0.231178 -1.984411 2.310809 0.500598 0.873954
 12 1.748536 -0.000002 0.000000 0.000000 -0.000000 0.567170
 13 1.272494 0.000001 -0.000001 0.000000 -0.000000 0.462442
 14 4.525584 -0.000304 -1.850224 0.079944 0.053288 1.005563
 15 1.719872 -0.000002 0.000000 0.000000 -0.000000 0.933623
 16 1.383647 0.000002 0.000000 0.000000 -0.000000 0.741644
 17 4.525584 -0.000102 -0.616741 0.043017 0.029897 1.004047
 18 1.807673 0.000001 -0.000001 0.000000 -0.000000 0.881257
 19 1.614255 0.000001 0.000001 0.000000 -0.000000 0.741755
 20 4.525584 0.000101 0.616741 0.028355 0.020521 1.003703
 21 1.719869 0.000000 -0.000001 0.000000 -0.000000 0.680519
 22 1.383649 -0.000001 0.000000 0.000000 -0.000000 0.741644
 23 4.525584 0.000303 1.850224 -0.030467 -0.017054 1.003724
 24 1.433227 -0.000002 0.000000 0.000000 -0.000000 0.680554
 25 1.153039 0.000000 0.000000 0.000000 -0.000000 0.741639
 26 0.000005 0.001585 -3.638375 -0.000010 1.331514 3.140787
 27 8.842831 0.000000 0.000001 0.259685 -1.092760 -0.168648
 28 9.341937 0.000000 -0.000001 0.000000 -0.000000 -2.293220
 29 10.945741 -0.000001 0.000001 1.872424 0.353743 -0.209492
 30 1.364904 0.231177 1.984410 -3.139615 0.004157 1.002253
 31 1.748536 -0.000002 0.000001 0.000000 -0.000000 0.436276
 32 1.272493 0.000001 0.000002 0.000000 -0.000000 0.322849
 33 4.525584 -0.000303 1.850224 -0.016317 -0.094622 0.192575
 34 1.719873 0.000001 0.000000 0.000000 -0.000000 0.034907
 35 1.383647 0.000000 -0.000001 0.000000 -0.000000 0.689317
 36 4.525584 -0.000101 0.616741 -0.040896 -0.032761 0.934240
 37 1.807674 -0.000001 0.000000 0.000000 -0.000000 0.907547
 38 1.614256 -0.000001 0.000000 0.000000 -0.000000 1.151884
 39 4.525584 0.000101 -0.616741 -0.026857 -0.022390 0.933908
 40 1.719871 -0.000002 0.000000 0.000000 -0.000000 0.907547
 41 1.383648 0.000001 0.000000 0.000000 -0.000000 1.151884
 42 4.525584 0.000304 -1.850223 0.029257 0.019200 0.933920
 43 1.433227 0.000002 0.000000 0.000000 -0.000000 0.907405
 44 1.153038 0.000000 0.000000 0.000000 -0.000000 1.151837
 45 -0.000008 0.000010 5.615750 -3.142647 0.004125 2.779187
 46 15.693467 0.000000 0.000000 0.000000 -0.000000 -0.584995
 47 22.146629 -0.000001 0.000000 -0.020673 0.005176 0.218763
 48 3.310129 5.734394 0.000000 0.000000 -0.000000 1.570796
 49 0.000008 -0.000006 -5.615750 -3.142647 0.004029 2.774394
 50 15.693467 0.000000 0.000000 0.000000 -0.000000 -0.582582
 51 22.146629 0.000000 0.000000 -0.020646 0.005096 0.211493
 52 3.310129 5.734394 0.000000 0.000000 -0.000000 1.570796
 53 1.977383 0.000000 0.000000 0.115028 -0.066809 -0.214390
 54 3.723980 2.768054 -0.049087 -3.141592 -0.000002 1.570799
 55 11.781867 -0.001184 -0.000003 0.000000 -0.000000 0.000000
 56 -3.887187 4.546144 1.934869 -3.141591 -1.570796 0.000000
 57 -4.205003 4.546216 -0.015855 -3.141591 -1.570796 0.000000
 58 -3.887188 4.546179 -1.987145 -3.141591 -1.570796 0.000000
 59 -4.881806 5.593821 -1.566820 -0.525701 -1.524821 3.647358
 60 -4.886902 5.683144 -0.007570 -3.132865 -1.570796 0.000000
 61 -4.881796 5.609550 1.546659 -0.525701 -1.524821 3.647358
 62 3.710047 1.760547 -0.059361 -0.091858 -0.075851 1.616828
time 101
  0 0.333146 -0.333146 29.787020 -0.000384 -0.005646 -1.592177
  1 -2.701889 0.000001 9.745319 -1.570795 -1.570451 0.000000
  2 1.384163 -0.004728 0.000002 -0.000004 -0.000001 0.182577
  3 5.939814 -0.004730 0.000000 0.000000 -0.000000 0.069738
  4 5.939809 -0.003975 0.000000 0.000000 -0.000000 0.000000
  5 4.991439 -0.003975 0.000000 0.000000 -0.000000 0.000000
  6 4.991436 -0.001575 0.000000 0.000000 -0.000000 0.000000
  7 0.000005 0.001564 3.638375 -0.000010 -1.303544 3.140806
  8 8.842831 0.000000 -0.000002 0.982108 0.711676 0.789827
  9 9.341934 0.000000 -0.000001 0.000000 -0.000000 -1.089489
 10 11.168404 -0.000001 0.000002 -2.138571 0.019061 -0.231172
 11 1.364904 0.231178 -1.984411 2.310809 0.500598 0.873954
 12 1.748536 -0.000002 0.000000 0.000000 -0.000000 0.567170
 13 1.272494 0.000001 -0.000001 0.000000 -0.000000 0.462442
 14 4.525584 -0.000304 -1.850224 0.079944 0.053288 1.005563
 15 1.719872 -0.000002 0.000000 0.000000 -0.000000 0.933623
 16 1.383647 0.000002 0.000000 0.000000 -0.000000 0.741644
 17 4.525584 -0.000102 -0.616741 0.043017 0.029897 1.004047
 18 1.807673 0.000001 -0.000001 0.000000 -0.000000 0.881257
 19 1.614255 0.000001 0.000001 0.000000 -0.000000 0.741755
 20 4.525584 0.000101 0.616741 0.028355 0.020521 1.003703
 21 1.719869 0.000000 -0.000001 0.000000 -0.000000 0.680519
 22 1.383649 -0.000001 0.000000 0.000000 -0.000000 0.741644
 23 4.525584 0.000303 1.850224 -0.030467 -0.017054 1.003724
 24 1.433227 -0.000002 0.000000 0.000000 -0.000000 0.680554
 25 1.153039 0.000000 0.000000 0.000000 -0.000000 0.741639
 26 0.000005 0.001585 -3.638375 -0.000010 1.329457 3.140787
 27 8.842831 0.000000 0.000001 0.260320 -1.090586 -0.169410
 28 9.341937 0.000000 -0.000001 0.000000 -0.000000 -2.293220
 29 10.945741 -0.000001 0.000001 1.872424 0.353743 -0.209492
 30 1.364904 0.231177 1.984410 -3.139615 0.004157 1.002253
 31 1.748536 -0.000002 0.000001 0.000000 -0.000000 0.436276
 32 1.272493 0.000001 0.000002 0.000000 -0.000000 0.322849
 33 4.525584 -0.000303 1.850224 -0.016317 -0.094622 0.192575
 34 1.719873 0.000001 0.000000 0.000000 -0.000000 0.034907
 35 1.383647 0.000000 -0.000001 0.000000 -0.000000 0.689317
 36 4.525584 -0.000101 0.616741 -0.040896 -0.032761 0.934240
 37 1.807674 -0.000001 0.000000 0.000000 -0.000000 0.907547
 38 1.614256 -0.000001 0.000000 0.000000 -0.000000 1.151884
 39 4.525584 0.000101 -0.616741 -0.026857 -0.022390 0.933908
 40 1.719871 -0.000002 0.000000 0.000000 -0.000000 0.907547
 41 1.383648 0.000001 0.000000 0.000000 -0.000000 1.151884
 42 4.525584 0.000304 -1.850223 0.029257 0.019200 0.933920
 43 1.433227 0.000002 0.000000 0.000000 -0.000000 0.907405
 44 1.153038 0.000000 0.000000 0.000000 -0.000000 1.151837
 45 -0.000008 0.000010 5.615750 -3.142647 0.004125 2.780817
 46 15.693467 0.000000 0.000000 0.000000 -0.000000 -0.584781
 47 22.146629 -0.000001 0.000000 -0.021346 0.004903 0.218023
 48 3.310129 5.734394 0.000000 0.000000 -0.000000 1.570796
 49 0.000008 -0.000006 -5.615750 -3.142647 0.003933 2.775736
 50 15.693467 0.000000 0.000000 0.000000 -0.000000 -0.582497
 51 22.146629 0.000000 0.000000 -0.021323 0.004881 0.210411
 52 3.310129 5.734394 0.000000 0.000000 -0.000000 1.570796
 53 1.977383 0.000000 0.000000 0.107628 -0.064153 -0.214688
 54 3.723980 2.768054 -0.049087 -3.141592 -0.000002 1.570799
 55 11.781867 -0.001184 -0.000003 0.000000 -0.000000 0.000000
 56 -3.887187 4.546144 1.934869 -3.141591 -1.570796 0.000000
 57 -4.205003 4.546216 -0.015855 -3.141591 -1.570796 0.000000
 58 -3.887188 4.546179 -1.987145 -3.141591 -1.570796 0.000000
 59 -4.881806 5.593821 -1.566820 -0.232798 -1.529659 3.354645
 60 -4.886902 5.683144 -0.007570 -3.132865 -1.570796 0.000000
 61 -4.881796 5.609550 1.546659 -0.232798 -1.529659 3.354645
 62 3.710047 1.760547 -0.059361 -0.091858 -0.075851 1.616828
time 102
  0 0.318075 -0.318075 29.787020 -0.000384 -0.007752 -1.592943
  1 -2.709701 0.000001 9.745319 -1.570795 -1.570451 0.000000
  2 1.384163 -0.004728 0.000002 -0.000004 -0.000001 0.183275
  3 5.939814 -0.004730 0.000000 0.000000 -0.000000 0.069738
  4 5.939809 -0.003975 0.000000 0.000000 -0.000000 0.000000
  5 4.991439 -0.003975 0.000000 0.000000 -0.000000 0.000000
  6 4.991436 -0.001575 0.000000 0.000000 -0.000000 0.000000
  7 0.000005 0.001564 3.638375 -0.000010 -1.302129 3.140806
  8 8.842831 0.000000 -0.000002 0.980096 0.711138 0.788514
  9 9.341934 0.000000 -0.000001 0.000000 -0.000000 -1.089489
 10 11.168404 -0.000001 0.000002 -2.138571 0.019061 -0.231172
 11 1.364904 0.231178 -1.984411 2.310809 0.500598 0.873954
 12 1.748536 -0.000002 0.000000 0.000000 -0.000000 0.567170
 13 1.272494 0.000001 -0.000001 0.000000 -0.000000 0.462442
 14 4.525584 -0.000304 -1.850224 0.079944 0.053288 1.005563
 15 1.719872 -0.000002 0.000000 0.000000 -0.000000 0.933623
 16 1.383647 0.000002 0.000000 0.000000 -0.000000 0.741644
 17 4.525584 -0.000102 -0.616741 0.043017 0.029897 1.004047
 18 1.807673 0.000001 -0.000001 0.000000 -0.000000 0.881257
 19 1.614255 0.000001 0.000001 0.000000 -0.000000 0.741755
 20 4.525584 0.000101 0.616741 0.028355 0.020521 1.003703
 21 1.719869 0.000000 -0.000001 0.000000 -0.000000 0.680519
 22 1.383649 -0.000001 0.000000 0.000000 -0.000000 0.741644
 23 4.525584 0.000303 1.850224 -0.030467 -0.017054 1.003724
 24 1.433227 -0.000002 0.000000 0.000000 -0.000000 0.680554
 25 1.153039 0.000000 0.000000 0.000000 -0.000000 0.741639
 26 0.000005 0.001585 -3.638375 -0.000010 1.327399 3.140787
 27 8.842831 0.000000 0.000001 0.261227 -1.088411 -0.170363
 28 9.341937 0.000000 -0.000001 0.000000 -0.000000 -2.293220
 29 10.945741 -0.000001 0.000001 1.872424 0.353743 -0.209492
 30 1.364904 0.231177 1.984410 -3.139615 0.004157 1.002253
 31 1.748536 -0.000002 0.000001 0.000000 -0.000000 0.436276
 32 1.272493 0.000001 0.000002 0.000000 -0.000000 0.322849
 33 4.525584 -0.000303 1.850224 -0.016317 -0.094622 0.192575
 34 1.719873 0.000001 0.000000 0.000000 -0.000000 0.034907
 35 1.383647 0.000000 -0.000001 0.000000 -0.000000 0.689317
 36 4.525584 -0.000101 0.616741 -0.040896 -0.032761 0.934240
 37 1.807674 -0.000001 0.000000 0.000000 -0.000000 0.907547
 38 1.614256 -0.000001 0.000000 0.000000 -0.000000 1.151884
 39 4.525584 0.000101 -0.616741 -0.026857 -0.022390 0.933908
 40 1.719871 -0.000002 0.000000 0.000000 -0.000000 0.907547
 41 1.383648 0.000001 0.000000 0.000000 -0.000000 1.151884
 42 4.525584 0.000304 -1.850223 0.029257 0.019200 0.933920
 43 1.433227 0.000002 0.000000 0.000000 -0.000000 0.907405
 44 1.153038 0.000000 0.000000 0.000000 -0.000000 1.151837
 45 -0.000008 0.000010 5.615750 -3.142647 0.003933 2.782351
 46 15.693467 0.000000 0.000000 0.000000 -0.000000 -0.584639
 47 22.146629 -0.000001 0.000000 -0.022056 0.004705 0.217332
 48 3.310129 5.734394 0.000000 0.000000 -0.000000 1.570796
 49 0.000008 -0.000006 -5.615750 -3.142647 0.003837 2.776982
 50 15.693467 0.000000 0.000000 0.000000 -0.000000 -0.582411
 51 22.146629 0.000000 0.000000 -0.022000 0.004604 0.209600
 52 3.310129 5.734394 0.000000 0.000000 -0.000000 1.570796
 53 1.977383 0.000000 0.000000 0.100386 -0.060897 -0.214837
 54 3.723980 2.768054 -0.049087 -3.141592 -0.000002 1.570799
 55 11.781867 -0.001184 -0.000003 0.000000 -0.000000 0.000000
 56 -3.887187 4.546144 1.934869 -3.141591 -1.570796 0.000000
 57 -4.205003 4.546216 -0.015855 -3.141591 -1.570796 0.000000
 58 -3.887188 4.546179 -1.987145 -3.141591 -1.570796 0.000000
 59 -4.881806 5.593821 -1.566820 0.101297 -1.530285 3.020952
 60 -4.886902 5.683144 -0.007570 -3.132865 -1.570796 0.000000
 61 -4.881796 5.609550 1.546659 0.101297 -1.530285 3.020952
 62 3.710047 1.760547 -0.059361 -0.091858 -0.075851 1.616828
time 103
  0 0.318075 -0.318075 29.806618 -0.000384 -0.010049 -1.593710
  1 -2.709701 0.000001 9.745319 -1.570795 -1.570451 0.000000
  2 1.384163 -0.004728 0.000002 -0.000004 -0.000001 0.183974
  3 5.939814 -0.004730 0.000000 0.000000 -0.000000 0.069738
  4 5.939809 -0.003975 0.000000 0.000000 -0.000000 0.000000
  5 4.991439 -0.003975 0.000000 0.000000 -0.000000 0.000000
  6 4.991436 -0.001575 0.000000 0.000000 -0.000000 0.000000
  7 0.000005 0.001564 3.638375 -0.000010 -1.300787 3.140806
  8 8.842831 0.000000 -0.000002 0.978267 0.710601 0.787037
  9 9.341934 0.000000 -0.000001 0.000000 -0.000000 -1.089489
 10 11.168404 -0.000001 0.000002 -2.138571 0.019061 -0.231172
 11 1.364904 0.231178 -1.984411 2.310809 0.500598 0.873954
 12 1.748536 -0.000002 0.000000 0.000000 -0.000000 0.567170
 13 1.272494 0.000001 -0.000001 0.000000 -0.000000 0.462442
 14 4.525584 -0.000304 -1.850224 0.079944 0.053288 1.005563
 15 1.719872 -0.000002 0.000000 0.000000 -0.000000 0.933623
 16 1.383647 0.000002 0.000000 0.000000 -0.000000 0.741644
 17 4.525584 -0.000102 -0.616741 0.043017 0.029897 1.004047
 18 1.807673 0.000001 -0.000001 0.000000 -0.000000 0.881257
 19 1.614255 0.000001 0.000001 0.000000 -0.000000 0.741755
 20 4.525584 0.000101 0.616741 0.028355 0.020521 1.003703
 21 1.719869 0.000000 -0.000001 0.000000 -0.000000 0.680519
 22 1.383649 -0.000001 0.000000 0.000000 -0.000000 0.741644
 23 4.525584 0.000303 1.850224 -0.030467 -0.017054 1.003724
 24 1.433227 -0.000002 0.000000 0.000000 -0.000000 0.680554
 25 1.153039 0.000000 0.000000 0.000000 -0.000000 0.741639
 26 0.000005 0.001585 -3.638375 -0.000010 1.325479 3.140787
 27 8.842831 0.000000 0.000001 0.261862 -1.086488 -0.171030
 28 9.341937 0.000000 -0.000001 0.000000 -0.000000 -2.293220
 29 10.945741 -0.000001 0.000001 1.872424 0.353743 -0.209492
 30 1.364904 0.231177 1.984410 -3.139615 0.004157 1.002253
 31 1.748536 -0.000002 0.000001 0.000000 -0.000000 0.436276
 32 1.272493 0.000001 0.000002 0.000000 -0.000000 0.322849
 33 4.525584 -0.000303 1.850224 -0.016317 -0.094622 0.192575
 34 1.719873 0.000001 0.000000 0.000000 -0.000000 0.034907
 35 1.383647 0.000000 -0.000001 0.000000 -0.000000 0.689317
 36 4.525584 -0.000101 0.616741 -0.040896 -0.032761 0.934240
 37 1.807674 -0.000001 0.000000 0.000000 -0.000000 0.907547
 38 1.614256 -0.000001 0.000000 0.000000 -0.000000 1.151884
 39 4.525584 0.000101 -0.616741 -0.026857 -0.022390 0.933908
 40 1.719871 -0.000002 0.000000 0.000000 -0.000000 0.907547
 41 1.383648 0.000001 0.000000 0.000000 -0.000000 1.151884
 42 4.525584 0.000304 -1.850223 0.029257 0.019200 0.933920
 43 1.433227 0.000002 0.000000 0.000000 -0.000000 0.907405
 44 1.153038 0.000000 0.000000 0.000000 -0.000000 1.151837
 45 -0.000008 0.000010 5.615750 -3.142647 0.003453 2.784077
 46 15.693467 0.000000 0.000000 0.000000 -0.000000 -0.584568
 47 22.146629 -0.000001 0.000000 -0.022767 0.004482 0.216641
 48 3.310129 5.734394 0.000000 0.000000 -0.000000 1.570796
 49 0.000008 -0.000006 -5.615750 -3.142551 0.003357 2.778420
 50 15.693467 0.000000 0.000000 0.000000 -0.000000 -0.582240
 51 22.146629 0.000000 0.000000 -0.022733 0.004451 0.208519
 52 3.310129 5.734394 0.000000 0.000000 -0.000000 1.570796
 53 1.977383 0.000000 0.000000 0.093143 -0.057179 -0.215036
 54 3.723980 2.768054 -0.049087 -3.141592 -0.000002 1.570799
 55 11.781867 -0.001184 -0.000003 0.000000 -0.000000 0.000000
 56 -3.887187 4.546144 1.934869 -3.141591 -1.570796 0.000000
 57 -4.205003 4.546216 -0.015855 -3.141591 -1.570796 0.000000
 58 -3.887188 4.546179 -1.987145 -3.141591 -1.570796 0.000000
 59 -4.881806 5.593821 -1.566820 0.410970 -1.526555 2.711489
 60 -4.886902 5.683144 -0.007570 -3.132865 -1.570796 0.000000
 61 -4.881796 5.609550 1.546659 0.410970 -1.526555 2.711489
 62 3.710047 1.760547 -0.059361 -0.091858 -0.075851 1.616828
time 104
  0 0.295468 -0.295468 29.806618 -0.000384 -0.012250 -1.594382
  1 -2.721421 0.000001 9.745319 -1.570795 -1.570451 0.000000
  2 1.384163 -0.004728 0.000002 -0.000004 -0.000001 0.184625
  3 5.939814 -0.004730 0.000000 0.000000 -0.000000 0.069738
  4 5.939809 -0.003975 0.000000 0.000000 -0.000000 0.000000
  5 4.991439 -0.003975 0.000000 0.000000 -0.000000 0.000000
  6 4.991436 -0.001575 0.000000 0.000000 -0.000000 0.000000
  7 0.000005 0.001564 3.638375 -0.000010 -1.299481 3.140806
  8 8.842831 0.000000 -0.000002 0.976621 0.710153 0.785642
  9 9.341934 0.000000 -0.000001 0.000000 -0.000000 -1.089489
 10 11.168404 -0.000001 0.000002 -2.138571 0.019061 -0.231172
 11 1.364904 0.231178 -1.984411 2.310809 0.500598 0.873954
 12 1.748536 -0.000002 0.000000 0.000000 -0.000000 0.567170
 13 1.272494 0.000001 -0.000001 0.000000 -0.000000 0.462442
 14 4.525584 -0.000304 -1.850224 0.079944 0.053288 1.005563
 15 1.719872 -0.000002 0.000000 0.000000 -0.000000 0.933623
 16 1.383647 0.000002 0.000000 0.000000 -0.000000 0.741644
 17 4.525584 -0.000102 -0.616741 0.043017 0.029897 1.004047
 18 1.807673 0.000001 -0.000001 0.000000 -0.000000 0.881257
 19 1.614255 0.000001 0.000001 0.000000 -0.000000 0.741755
 20 4.525584 0.000101 0.616741 0.028355 0.020521 1.003703
 21 1.719869 0.000000 -0.000001 0.000000 -0.000000 0.680519
 22 1.383649 -0.000001 0.000000 0.000000 -0.000000 0.741644
 23 4.525584 0.000303 1.850224 -0.030467 -0.017054 1.003724
 24 1.433227 -0.000002 0.000000 0.000000 -0.000000 0.680554
 25 1.153039 0.000000 0.000000 0.000000 -0.000000 0.741639
 26 0.000005 0.001585 -3.638375 -0.000010 1.323651 3.140787
 27 8.842831 0.000000 0.000001 0.262406 -1.084565 -0.171792
 28 9.341937 0.000000 -0.000001 0.000000 -0.000000 -2.293220
 29 10.945741 -0.000001 0.000001 1.872424 0.353743 -0.209492
 30 1.364904 0.231177 1.984410 -3.139615 0.004157 1.002253
 31 1.748536 -0.000002 0.000001 0.000000 -0.000000 0.436276
 32 1.272493 0.000001 0.000002 0.000000 -0.000000 0.322849
 33 4.525584 -0.000303 1.850224 -0.016317 -0.094622 0.192575
 34 1.719873 0.000001 0.000000 0.000000 -0.000000 0.034907
 35 1.383647 0.000000 -0.000001 0.000000 -0.000000 0.689317
 36 4.525584 -0.000101 0.616741 -0.040896 -0.032761 0.934240
 37 1.807674 -0.000001 0.000000 0.000000 -0.000000 0.907547
 38 1.614256 -0.000001 0.000000 0.000000 -0.000000 1.151884
 39 4.525584 0.000101 -0.616741 -0.026857 -0.022390 0.933908
 40 1.719871 -0.000002 0.000000 0.000000 -0.000000 0.907547
 41 1.383648 0.000001 0.000000 0.000000 -0.000000 1.151884
 42 4.525584 0.000304 -1.850223 0.029257 0.019200 0.933920
 43 1.433227 0.000002 0.000000 0.000000 -0.000000 0.907405
 44 1.153038 0.000000 0.000000 0.000000 -0.000000 1.151837
 45 -0.000008 0.000010 5.615750 -3.142551 0.003358 2.785707
 46 15.693467 0.000000 0.000000 0.000000 -0.000000 -0.584497
 47 22.146629 -0.000001 0.000000 -0.023477 0.004260 0.215950
 48 3.310129 5.734394 0.000000 0.000000 -0.000000 1.570796
 49 0.000008 -0.000006 -5.615750 -3.142551 0.003262 2.779858
 50 15.693467 0.000000 0.000000 0.000000 -0.000000 -0.582069
 51 22.146629 0.000000 0.000000 -0.023523 0.004205 0.207798
 52 3.310129 5.734394 0.000000 0.000000 -0.000000 1.570796
 53 1.977383 0.000000 0.000000 0.086166 -0.053161 -0.215185
 54 3.723980 2.768054 -0.049087 -3.141592 -0.000002 1.570799
 55 11.781867 -0.001184 -0.000003 0.000000 -0.000000 0.000000
 56 -3.887187 4.546144 1.934869 -3.141591 -1.570796 0.000000
 57 -4.205003 4.546216 -0.015855 -3.141591 -1.570796 0.000000
 58 -3.887188 4.546179 -1.987145 -3.141591 -1.570796 0.000000
 59 -4.881806 5.593821 -1.566820 0.653639 -1.519395 2.469106
 60 -4.886902 5.683144 -0.007570 -3.132865 -1.570796 0.000000
 61 -4.881796 5.609550 1.546659 0.653639 -1.519395 2.469106
 62 3.710047 1.760547 -0.059361 -0.091858 -0.075851 1.616828
time 105
  0 0.295468 -0.295468 29.826218 -0.000288 -0.014547 -1.595149
  1 -2.721421 0.000001 9.745319 -1.570795 -1.570451 0.000000
  2 1.384163 -0.004728 0.000002 -0.000004 -0.000001 0.185230
  3 5.939814 -0.004730 0.000000 0.000000 -0.000000 0.069738
  4 5.939809 -0.003975 0.000000 0.000000 -0.000000 0.000000
  5 4.991439 -0.003975 0.000000 0.000000 -0.000000 0.000000
  6 4.991436 -0.001575 0.000000 0.000000 -0.000000 0.000000
  7 0.000005 0.001564 3.638375 -0.000010 -1.298175 3.140806
  8 8.842831 0.000000 -0.000002 0.974701 0.709615 0.784411
  9 9.341934 0.000000 -0.000001 0.000000 -0.000000 -1.089489
 10 11.168404 -0.000001 0.000002 -2.138571 0.019061 -0.231172
 11 1.364904 0.231178 -1.984411 2.310809 0.500598 0.873954
 12 1.748536 -0.000002 0.000000 0.000000 -0.000000 0.567170
 13 1.272494 0.000001 -0.000001 0.000000 -0.000000 0.462442
 14 4.525584 -0.000304 -1.850224 0.079944 0.053288 1.005563
 15 1.719872 -0.000002 0.000000 0.000000 -0.000000 0.933623
 16 1.383647 0.000002 0.000000 0.000000 -0.000000 0.741644
 17 4.525584 -0.000102 -0.616741 0.043017 0.029897 1.004047
 18 1.807673 0.000001 -0.000001 0.000000 -0.000000 0.881257
 19 1.614255 0.000001 0.000001 0.000000 -0.000000 0.741755
 20 4.525584 0.000101 0.616741 0.028355 0.020521 1.003703
 21 1.719869 0.000000 -0.000001 0.000000 -0.000000 0.680519
 22 1.383649 -0.000001 0.000000 0.000000 -0.000000 0.741644
 23 4.525584 0.000303 1.850224 -0.030467 -0.017054 1.003724
 24 1.433227 -0.000002 0.000000 0.000000 -0.000000 0.680554
 25 1.153039 0.000000 0.000000 0.000000 -0.000000 0.741639
 26 0.000005 0.001585 -3.638375 -0.000010 1.321776 3.140787
 27 8.842831 0.000000 0.000001 0.263041 -1.082641 -0.172459
 28 9.341937 0.000000 -0.000001 0.000000 -0.000000 -2.293220
 29 10.945741 -0.000001 0.000001 1.872424 0.353743 -0.209492
 30 1.364904 0.231177 1.984410 -3.139615 0.004157 1.002253
 31 1.748536 -0.000002 0.000001 0.000000 -0.000000 0.436276
 32 1.272493 0.000001 0.000002 0.000000 -0.000000 0.322849
 33 4.525584 -0.000303 1.850224 -0.016317 -0.094622 0.192575
 34 1.719873 0.000001 0.000000 0.000000 -0.000000 0.034907
 35 1.383647 0.000000 -0.000001 0.000000 -0.000000 0.689317
 36 4.525584 -0.000101 0.616741 -0.040896 -0.032761 0.934240
 37 1.807674 -0.000001 0.000000 0.000000 -0.000000 0.907547
 38 1.614256 -0.000001 0.000000 0.000000 -0.000000 1.151884
 39 4.525584 0.000101 -0.616741 -0.026857 -0.022390 0.933908
 40 1.719871 -0.000002 0.000000 0.000000 -0.000000 0.907547
 41 1.383648 0.000001 0.000000 0.000000 -0.000000 1.151884
 42 4.525584 0.000304 -1.850223 0.029257 0.019200 0.933920
 43 1.433227 0.000002 0.000000 0.000000 -0.000000 0.907405
 44 1.153038 0.000000 0.000000 0.000000 -0.000000 1.151837
 45 -0.000008 0.000010 5.615750 -3.142551 0.003358 2.787336
 46 15.693467 0.000000 0.000000 0.000000 -0.000000 -0.584283
 47 22.146629 -0.000001 0.000000 -0.024187 0.004161 0.215210
 48 3.310129 5.734394 0.000000 0.000000 -0.000000 1.570796
 49 0.000008 -0.000006 -5.615750 -3.142455 0.003262 2.781296
 50 15.693467 0.000000 0.000000 0.000000 -0.000000 -0.581898
 51 22.146629 0.000000 0.000000 -0.024200 0.003991 0.206716
 52 3.310129 5.734394 0.000000 0.000000 -0.000000 1.570796
 53 1.977383 0.000000 0.000000 0.079293 -0.049027 -0.215334
 54 3.723980 2.768054 -0.049087 -3.141592 -0.000002 1.570799
 55 11.781867 -0.001184 -0.000003 0.000000 -0.000000 0.000000
 56 -3.887187 4.546144 1.934869 -3.141591 -1.570796 0.000000
 57 -4.205003 4.546216 -0.015855 -3.141591 -1.570796 0.000000
 58 -3.887188 4.546179 -1.987145 -3.141591 -1.570796 0.000000
 59 -4.881806 5.593821 -1.566820 0.829458 -1.510018 2.293641
 60 -4.886902 5.683144 -0.007570 -3.132865 -1.570796 0.000000
 61 -4.881796 5.609550 1.546659 0.829458 -1.510018 2.293641
 62 3.710047 1.760547 -0.059361 -0.091858 -0.075851 1.616828
time 106
  0 0.280397 -0.280397 29.826218 -0.000288 -0.016748 -1.595916
  1 -2.733140 0.000001 9.745319 -1.570795 -1.570451 0.000000
  2 1.384163 -0.004728 0.000002 -0.000004 -0.000001 0.185836
  3 5.939814 -0.004730 0.000000 0.000000 -0.000000 0.069738
  4 5.939809 -0.003975 0.000000 0.000000 -0.000000 0.000000
  5 4.991439 -0.003975 0.000000 0.000000 -0.000000 0.000000
  6 4.991436 -0.001575 0.000000 0.000000 -0.000000 0.000000
  7 0.000005 0.001564 3.638375 -0.000010 -1.296905 3.140806
  8 8.842831 0.000000 -0.000002 0.973055 0.709077 0.782933
  9 9.341934 0.000000 -0.000001 0.000000 -0.000000 -1.089489
 10 11.168404 -0.000001 0.000002 -2.138571 0.019061 -0.231172
 11 1.364904 0.231178 -1.984411 2.310809 0.500598 0.873954
 12 1.748536 -0.000002 0.000000 0.000000 -0.000000 0.567170
 13 1.272494 0.000001 -0.000001 0.000000 -0.000000 0.462442
 14 4.525584 -0.000304 -1.850224 0.079944 0.053288 1.005563
 15 1.719872 -0.000002 0.000000 0.000000 -0.000000 0.933623
 16 1.383647 0.000002 0.000000 0.000000 -0.000000 0.741644
 17 4.525584 -0.000102 -0.616741 0.043017 0.029897 1.004047
 18 1.807673 0.000001 -0.000001 0.000000 -0.000000 0.881257
 19 1.614255 0.000001 0.000001 0.000000 -0.000000 0.741755
 20 4.525584 0.000101 0.616741 0.028355 0.020521 1.003703
 21 1.719869 0.000000 -0.000001 0.000000 -0.000000 0.680519
 22 1.383649 -0.000001 0.000000 0.000000 -0.000000 0.741644
 23 4.525584 0.000303 1.850224 -0.030467 -0.017054 1.003724
 24 1.433227 -0.000002 0.000000 0.000000 -0.000000 0.680554
 25 1.153039 0.000000 0.000000 0.000000 -0.000000 0.741639
 26 0.000005 0.001585 -3.638375 -0.000010 1.320085 3.140787
 27 8.842831 0.000000 0.000001 0.263676 -1.080718 -0.173222
 28 9.341937 0.000000 -0.000001 0.000000 -0.000000 -2.293220
 29 10.945741 -0.000001 0.000001 1.872424 0.353743 -0.209492
 30 1.364904 0.231177 1.984410 -3.139615 0.004157 1.002253
 31 1.748536 -0.000002 0.000001 0.000000 -0.000000 0.436276
 32 1.272493 0.000001 0.000002 0.000000 -0.000000 0.322849
 33 4.525584 -0.000303 1.850224 -0.016317 -0.094622 0.192575
 34 1.719873 0.000001 0.000000 0.000000 -0.000000 0.034907
 35 1.383647 0.000000 -0.000001 0.000000 -0.000000 0.689317
 36 4.525584 -0.000101 0.616741 -0.040896 -0.032761 0.934240
 37 1.807674 -0.000001 0.000000 0.000000 -0.000000 0.907547
 38 1.614256 -0.000001 0.000000 0.000000 -0.000000 1.151884
 39 4.525584 0.000101 -0.616741 -0.026857 -0.022390 0.933908
 40 1.719871 -0.000002 0.000000 0.000000 -0.000000 0.907547
 41 1.383648 0.000001 0.000000 0.000000 -0.000000 1.151884
 42 4.525584 0.000304 -1.850223 0.029257 0.019200 0.933920
 43 1.433227 0.000002 0.000000 0.000000 -0.000000 0.907405
 44 1.153038 0.000000 0.000000 0.000000 -0.000000 1.151837
 45 -0.000008 0.000010 5.615750 -3.142455 0.003262 2.788966
 46 15.693467 0.000000 0.000000 0.000000 -0.000000 -0.584141
 47 22.146629 -0.000001 0.000000 -0.024935 0.003938 0.214519
 48 3.310129 5.734394 0.000000 0.000000 -0.000000 1.570796
 49 0.000008 -0.000006 -5.615750 -3.142455 0.003166 2.782830
 50 15.693467 0.000000 0.000000 0.000000 -0.000000 -0.581727
 51 22.146629 0.000000 0.000000 -0.024933 0.003868 0.205634
 52 3.310129 5.734394 0.000000 0.000000 -0.000000 1.570796
 53 1.977383 0.000000 0.000000 0.072739 -0.044986 -0.215383
 54 3.723980 2.768054 -0.049087 -3.141592 -0.000002 1.570799
 55 11.781867 -0.001184 -0.000003 0.000000 -0.000000 0.000000
 56 -3.887187 4.546144 1.934869 -3.141591 -1.570796 0.000000
 57 -4.205003 4.546216 -0.015855 -3.141591 -1.570796 0.000000
 58 -3.887188 4.546179 -1.987145 -3.141591 -1.570796 0.000000
 59 -4.881806 5.593821 -1.566820 0.955429 -1.499259 2.167856
 60 -4.886902 5.683144 -0.007570 -3.132865 -1.570796 0.000000
 61 -4.881796 5.609550 1.546659 0.955429 -1.499259 2.167856
 62 3.710047 1.760547 -0.059361 -0.091858 -0.075851 1.616828
time 107
  0 0.280397 -0.280397 29.826218 -0.000288 -0.019044 -1.596683
  1 -2.733140 0.000001 9.745319 -1.570795 -1.570451 0.000000
  2 1.384163 -0.004728 0.000002 -0.000004 -0.000001 0.186487
  3 5.939814 -0.004730 0.000000 0.000000 -0.000000 0.069738
  4 5.939809 -0.003975 0.000000 0.000000 -0.000000 0.000000
  5 4.991439 -0.003975 0.000000 0.000000 -0.000000 0.000000
  6 4.991436 -0.001575 0.000000 0.000000 -0.000000 0.000000
  7 0.000005 0.001564 3.638375 -0.000010 -1.295744 3.140806
  8 8.842831 0.000000 -0.000002 0.971409 0.708808 0.781702
  9 9.341934 0.000000 -0.000001 0.000000 -0.000000 -1.089489
 10 11.168404 -0.000001 0.000002 -2.138571 0.019061 -0.231172
 11 1.364904 0.231178 -1.984411 2.310809 0.500598 0.873954
 12 1.748536 -0.000002 0.000000 0.000000 -0.000000 0.567170
 13 1.272494 0.000001 -0.000001 0.000000 -0.000000 0.462442
 14 4.525584 -0.000304 -1.850224 0.079944 0.053288 1.005563
 15 1.719872 -0.000002 0.000000 0.000000 -0.000000 0.933623
 16 1.383647 0.000002 0.000000 0.000000 -0.000000 0.741644
 17 4.525584 -0.000102 -0.616741 0.043017 0.029897 1.004047
 18 1.807673 0.000001 -0.000001 0.000000 -0.000000 0.881257
 19 1.614255 0.000001 0.000001 0.000000 -0.000000 0.741755
 20 4.525584 0.000101 0.616741 0.028355 0.020521 1.003703
 21 1.719869 0.000000 -0.000001 0.000000 -0.000000 0.680519
 22 1.383649 -0.000001 0.000000 0.000000 -0.000000 0.741644
 23 4.525584 0.000303 1.850224 -0.030467 -0.017054 1.003724
 24 1.433227 -0.000002 0.000000 0.000000 -0.000000 0.680554
 25 1.153039 0.000000 0.000000 0.000000 -0.000000 0.741639
 26 0.000005 0.001585 -3.638375 -0.000010 1.318348 3.140787
 27 8.842831 0.000000 0.000001 0.264311 -1.078962 -0.173889
 28 9.341937 0.000000 -0.000001 0.000000 -0.000000 -2.293220
 29 10.945741 -0.000001 0.000001 1.874102 0.353026 -0.205167
 30 1.364904 0.231177 1.984410 -3.139615 0.004157 1.002253
 31 1.748536 -0.000002 0.000001 0.000000 -0.000000 0.436276
 32 1.272493 0.000001 0.000002 0.000000 -0.000000 0.322849
 33 4.525584 -0.000303 1.850224 -0.016317 -0.094622 0.192575
 34 1.719873 0.000001 0.000000 0.000000 -0.000000 0.034907
 35 1.383647 0.000000 -0.000001 0.000000 -0.000000 0.689317
 36 4.525584 -0.000101 0.616741 -0.040896 -0.032761 0.934240
 37 1.807674 -0.000001 0.000000 0.000000 -0.000000 0.907547
 38 1.614256 -0.000001 0.000000 0.000000 -0.000000 1.151884
 39 4.525584 0.000101 -0.616741 -0.026857 -0.022390 0.933908
 40 1.719871 -0.000002 0.000000 0.000000 -0.000000 0.907547
 41 1.383648 0.000001 0.000000 0.000000 -0.000000 1.151884
 42 4.525584 0.000304 -1.850223 0.029257 0.019200 0.933920
 43 1.433227 0.000002 0.000000 0.000000 -0.000000 0.907405
 44 1.153038 0.000000 0.000000 0.000000 -0.000000 1.151837
 45 -0.000008 0.000010 5.615750 -3.142359 0.003166 2.790788
 46 15.693467 0.000000 0.000000 0.000000 -0.000000 -0.584070
 47 22.146629 -0.000001 0.000000 -0.025683 0.003665 0.213779
 48 3.310129 5.734394 0.000000 0.000000 -0.000000 1.570796
 49 0.000008 -0.000006 -5.615750 -3.142359 0.002686 2.784268
 50 15.693467 0.000000 0.000000 0.000000 -0.000000 -0.581556
 51 22.146629 0.000000 0.000000 -0.025610 0.003561 0.204823
 52 3.310129 5.734394 0.000000 0.000000 -0.000000 1.570796
 53 1.977383 0.000000 0.000000 0.066289 -0.041129 -0.215632
 54 3.723980 2.768054 -0.049087 -3.141592 -0.000002 1.570799
 55 11.781867 -0.001184 -0.000003 0.000000 -0.000000 0.000000
 56 -3.887187 4.546144 1.934869 -3.141591 -1.570796 0.000000
 57 -4.205003 4.546216 -0.015855 -3.141591 -1.570796 0.000000
 58 -3.887188 4.546179 -1.987145 -3.141591 -1.570796 0.000000
 59 -4.881806 5.593821 -1.566820 1.047319 -1.487704 2.076220
 60 -4.886902 5.683144 -0.007570 -3.132865 -1.570796 0.000000
 61 -4.881796 5.609550 1.546659 1.047319 -1.487704 2.076220
 62 3.710047 1.760547 -0.059361 -0.091858 -0.075851 1.616828
time 108
  0 0.265326 -0.265326 29.845816 -0.000288 -0.022107 -1.597545
  1 -2.740952 0.000001 9.745319 -1.570795 -1.570451 0.000000
  2 1.384163 -0.004728 0.000002 -0.000004 -0.000001 0.186999
  3 5.939814 -0.004730 0.000000 0.000000 -0.000000 0.069738
  4 5.939809 -0.003975 0.000000 0.000000 -0.000000 0.000000
  5 4.991439 -0.003975 0.000000 0.000000 -0.000000 0.000000
  6 4.991436 -0.001575 0.000000 0.000000 -0.000000 0.000000
  7 0.000005 0.001564 3.638375 -0.000010 -1.294547 3.140806
  8 8.842831 0.000000 -0.000002 0.969763 0.708270 0.780553
  9 9.341934 0.000000 -0.000001 0.000000 -0.000000 -1.089489
 10 11.168404 -0.000001 0.000002 -2.138571 0.019061 -0.231172
 11 1.364904 0.231178 -1.984411 2.310809 0.500598 0.873954
 12 1.748536 -0.000002 0.000000 0.000000 -0.000000 0.567170
 13 1.272494 0.000001 -0.000001 0.000000 -0.000000 0.462442
 14 4.525584 -0.000304 -1.850224 0.079944 0.053288 1.005563
 15 1.719872 -0.000002 0.000000 0.000000 -0.000000 0.933623
 16 1.383647 0.000002 0.000000 0.000000 -0.000000 0.741644
 17 4.525584 -0.000102 -0.616741 0.043017 0.029897 1.004047
 18 1.807673 0.000001 -0.000001 0.000000 -0.000000 0.881257
 19 1.614255 0.000001 0.000001 0.000000 -0.000000 0.741755
 20 4.525584 0.000101 0.616741 0.028355 0.020521 1.003703
 21 1.719869 0.000000 -0.000001 0.000000 -0.000000 0.680519
 22 1.383649 -0.000001 0.000000 0.000000 -0.000000 0.741644
 23 4.525584 0.000303 1.850224 -0.030467 -0.017054 1.003724
 24 1.433227 -0.000002 0.000000 0.000000 -0.000000 0.680554
 25 1.153039 0.000000 0.000000 0.000000 -0.000000 0.741639
 26 0.000005 0.001585 -3.638375 -0.000010 1.316656 3.140787
 27 8.842831 0.000000 0.000001 0.264855 -1.077205 -0.174365
 28 9.341937 0.000000 -0.000001 0.000000 -0.000000 -2.293220
 29 10.945741 -0.000001 0.000001 1.874568 0.352773 -0.203851
 30 1.364904 0.231177 1.984410 -3.139615 0.004157 1.002253
 31 1.748536 -0.000002 0.000001 0.000000 -0.000000 0.436276
 32 1.272493 0.000001 0.000002 0.000000 -0.000000 0.322849
 33 4.525584 -0.000303 1.850224 -0.016317 -0.094622 0.192575
 34 1.719873 0.000001 0.000000 0.000000 -0.000000 0.034907
 35 1.383647 0.000000 -0.000001 0.000000 -0.000000 0.689317
 36 4.525584 -0.000101 0.616741 -0.040896 -0.032761 0.934240
 37 1.807674 -0.000001 0.000000 0.000000 -0.000000 0.907547
 38 1.614256 -0.000001 0.000000 0.000000 -0.000000 1.151884
 39 4.525584 0.000101 -0.616741 -0.026857 -0.022390 0.933908
 40 1.719871 -0.000002 0.000000 0.000000 -0.000000 0.907547
 41 1.383648 0.000001 0.000000 0.000000 -0.000000 1.151884
 42 4.525584 0.000304 -1.850223 0.029257 0.019200 0.933920
 43 1.433227 0.000002 0.000000 0.000000 -0.000000 0.907405
 44 1.153038 0.000000 0.000000 0.000000 -0.000000 1.151837
 45 -0.000008 0.000010 5.615750 -3.142359 0.002686 2.793185
 46 15.693467 0.000000 0.000000 0.000000 -0.000000 -0.583857
 47 22.146629 -0.000001 0.000000 -0.026692 0.003541 0.212941
 48 3.310129 5.734394 0.000000 0.000000 -0.000000 1.570796
 49 0.000008 -0.000006 -5.615750 -3.142359 0.002591 2.786378
 50 15.693467 0.000000 0.000000 0.000000 -0.000000 -0.581300
 51 22.146629 0.000000 0.000000 -0.026682 0.003438 0.203742
 52 3.310129 5.734394 0.000000 0.000000 -0.000000 1.570796
 53 1.977383 0.000000 0.000000 0.060316 -0.037711 -0.215831
 54 3.723980 2.768054 -0.049087 -3.141592 -0.000002 1.570799
 55 11.781867 -0.001184 -0.000003 0.000000 -0.000000 0.000000
 56 -3.887187 4.546144 1.934869 -3.141591 -1.570796 0.000000
 57 -4.205003 4.546216 -0.015855 -3.141591 -1.570796 0.000000
 58 -3.887188 4.546179 -1.987145 -3.141591 -1.570796 0.000000
 59 -4.881806 5.593821 -1.566820 1.047319 -1.487704 2.076220
 60 -4.886902 5.683144 -0.007570 -3.132865 -1.570796 0.000000
 61 -4.881796 5.609550 1.546659 1.047319 -1.487704 2.076220
 62 3.710047 1.760547 -0.059361 -0.091858 -0.075851 1.616828
time 109
  0 0.265326 -0.265326 29.845816 -0.000288 -0.022872 -1.596778
  1 -2.740952 0.000001 9.745319 -1.570795 -1.570451 0.000000
  2 1.384163 -0.004728 0.000002 -0.000004 -0.000001 0.187604
  3 5.939814 -0.004730 0.000000 0.000000 -0.000000 0.069738
  4 5.939809 -0.003975 0.000000 0.000000 -0.000000 0.000000
  5 4.991439 -0.003975 0.000000 0.000000 -0.000000 0.000000
  6 4.991436 -0.001575 0.000000 0.000000 -0.000000 0.000000
  7 0.000005 0.001564 3.638375 -0.000010 -1.293459 3.140806
  8 8.842831 0.000000 -0.000002 0.968117 0.707822 0.779486
  9 9.341934 0.000000 -0.000001 0.000000 -0.000000 -1.089489
 10 11.168404 -0.000001 0.000002 -2.138571 0.019061 -0.231172
 11 1.364904 0.231178 -1.984411 2.310809 0.500598 0.873954
 12 1.748536 -0.000002 0.000000 0.000000 -0.000000 0.567170
 13 1.272494 0.000001 -0.000001 0.000000 -0.000000 0.462442
 14 4.525584 -0.000304 -1.850224 0.079944 0.053288 1.005563
 15 1.719872 -0.000002 0.000000 0.000000 -0.000000 0.933623
 16 1.383647 0.000002 0.000000 0.000000 -0.000000 0.741644
 17 4.525584 -0.000102 -0.616741 0.043017 0.029897 1.004047
 18 1.807673 0.000001 -0.000001 0.000000 -0.000000 0.881257
 19 1.614255 0.000001 0.000001 0.000000 -0.000000 0.741755
 20 4.525584 0.000101 0.616741 0.028355 0.020521 1.003703
 21 1.719869 0.000000 -0.000001 0.000000 -0.000000 0.680519
 22 1.383649 -0.000001 0.000000 0.000000 -0.000000 0.741644
 23 4.525584 0.000303 1.850224 -0.030467 -0.017054 1.003724
 24 1.433227 -0.000002 0.000000 0.000000 -0.000000 0.680554
 25 1.153039 0.000000 0.000000 0.000000 -0.000000 0.741639
 26 0.000005 0.001585 -3.638375 -0.000010 1.315102 3.140787
 27 8.842831 0.000000 0.000001 0.265399 -1.075533 -0.174937
 28 9.341937 0.000000 -0.000001 0.000000 -0.000000 -2.293220
 29 10.945741 -0.000001 0.000001 1.874102 0.353026 -0.205073
 30 1.364904 0.231177 1.984410 -3.139615 0.004157 1.002253
 31 1.748536 -0.000002 0.000001 0.000000 -0.000000 0.436276
 32 1.272493 0.000001 0.000002 0.000000 -0.000000 0.322849
 33 4.525584 -0.000303 1.850224 -0.016317 -0.094622 0.192575
 34 1.719873 0.000001 0.000000 0.000000 -0.000000 0.034907
 35 1.383647 0.000000 -0.000001 0.000000 -0.000000 0.689317
 36 4.525584 -0.000101 0.616741 -0.040896 -0.032761 0.934240
 37 1.807674 -0.000001 0.000000 0.000000 -0.000000 0.907547
 38 1.614256 -0.000001 0.000000 0.000000 -0.000000 1.151884
 39 4.525584 0.000101 -0.616741 -0.026857 -0.022390 0.933908
 40 1.719871 -0.000002 0.000000 0.000000 -0.000000 0.907547
 41 1.383648 0.000001 0.000000 0.000000 -0.000000 1.151884
 42 4.525584 0.000304 -1.850223 0.029257 0.019200 0.933920
 43 1.433227 0.000002 0.000000 0.000000 -0.000000 0.907405
 44 1.153038 0.000000 0.000000 0.000000 -0.000000 1.151837
 45 -0.000008 0.000010 5.615750 -3.142359 0.002591 2.793472
 46 15.693467 0.000000 0.000000 0.000000 -0.000000 -0.583857
 47 22.146629 -0.000001 0.000000 -0.025869 0.003319 0.212398
 48 3.310129 5.734394 0.000000 0.000000 -0.000000 1.570796
 49 0.000008 -0.000006 -5.615750 -3.142071 0.002495 2.787049
 50 15.693467 0.000000 0.000000 0.000000 -0.000000 -0.581300
 51 22.146629 0.000000 0.000000 -0.025779 0.003192 0.203471
 52 3.310129 5.734394 0.000000 0.000000 -0.000000 1.570796
 53 1.977383 0.000000 0.000000 0.054554 -0.034548 -0.216029
 54 3.723980 2.768054 -0.049087 -3.141592 -0.000002 1.570799
 55 11.781867 -0.001184 -0.000003 0.000000 -0.000000 0.000000
 56 -3.887187 4.546144 1.934869 -3.141591 -1.570796 0.000000
 57 -4.205003 4.546216 -0.015855 -3.141591 -1.570796 0.000000
 58 -3.887188 4.546179 -1.987145 -3.141591 -1.570796 0.000000
 59 -4.881806 5.593821 -1.566820 1.047319 -1.487704 2.076220
 60 -4.886902 5.683144 -0.007570 -3.132865 -1.570796 0.000000
 61 -4.881796 5.609550 1.546659 1.047319 -1.487704 2.076220
 62 3.710047 1.760547 -0.059361 -0.091858 -0.075851 1.616828
time 110
  0 0.265326 -0.265326 29.845816 -0.000288 -0.022203 -1.594669
  1 -2.752671 0.000001 9.745319 -1.570795 -1.570451 0.000000
  2 1.384163 -0.004728 0.000002 -0.000004 -0.000001 0.188070
  3 5.939814 -0.004730 0.000000 0.000000 -0.000000 0.069738
  4 5.939809 -0.003975 0.000000 0.000000 -0.000000 0.000000
  5 4.991439 -0.003975 0.000000 0.000000 -0.000000 0.000000
  6 4.991436 -0.001575 0.000000 0.000000 -0.000000 0.000000
  7 0.000005 0.001564 3.638375 -0.000010 -1.292334 3.140806
  8 8.842831 0.000000 -0.000002 0.966745 0.707284 0.778255
  9 9.341934 0.000000 -0.000001 0.000000 -0.000000 -1.089489
 10 11.168404 -0.000001 0.000002 -2.138571 0.019061 -0.231172
 11 1.364904 0.231178 -1.984411 2.310809 0.500598 0.873954
 12 1.748536 -0.000002 0.000000 0.000000 -0.000000 0.567170
 13 1.272494 0.000001 -0.000001 0.000000 -0.000000 0.462442
 14 4.525584 -0.000304 -1.850224 0.079944 0.053288 1.005563
 15 1.719872 -0.000002 0.000000 0.000000 -0.000000 0.933623
 16 1.383647 0.000002 0.000000 0.000000 -0.000000 0.741644
 17 4.525584 -0.000102 -0.616741 0.043017 0.029897 1.004047
 18 1.807673 0.000001 -0.000001 0.000000 -0.000000 0.881257
 19 1.614255 0.000001 0.000001 0.000000 -0.000000 0.741755
 20 4.525584 0.000101 0.616741 0.028355 0.020521 1.003703
 21 1.719869 0.000000 -0.000001 0.000000 -0.000000 0.680519
 22 1.383649 -0.000001 0.000000 0.000000 -0.000000 0.741644
 23 4.525584 0.000303 1.850224 -0.030467 -0.017054 1.003724
 24 1.433227 -0.000002 0.000000 0.000000 -0.000000 0.680554
 25 1.153039 0.000000 0.000000 0.000000 -0.000000 0.741639
 26 0.000005 0.001585 -3.638375 -0.000010 1.313548 3.140787
 27 8.842831 0.000000 0.000001 0.265762 -1.073944 -0.175604
 28 9.341937 0.000000 -0.000001 0.000000 -0.000000 -2.293220
 29 10.945741 -0.000001 0.000001 1.872424 0.353827 -0.209492
 30 1.364904 0.231177 1.984410 -3.139615 0.004157 1.002253
 31 1.748536 -0.000002 0.000001 0.000000 -0.000000 0.436276
 32 1.272493 0.000001 0.000002 0.000000 -0.000000 0.322849
 33 4.525584 -0.000303 1.850224 -0.016317 -0.094622 0.192575
 34 1.719873 0.000001 0.000000 0.000000 -0.000000 0.034907
 35 1.383647 0.000000 -0.000001 0.000000 -0.000000 0.689317
 36 4.525584 -0.000101 0.616741 -0.040896 -0.032761 0.934240
 37 1.807674 -0.000001 0.000000 0.000000 -0.000000 0.907547
 38 1.614256 -0.000001 0.000000 0.000000 -0.000000 1.151884
 39 4.525584 0.000101 -0.616741 -0.026857 -0.022390 0.933908
 40 1.719871 -0.000002 0.000000 0.000000 -0.000000 0.907547
 41 1.383648 0.000001 0.000000 0.000000 -0.000000 1.151884
 42 4.525584 0.000304 -1.850223 0.029257 0.019200 0.933920
 43 1.433227 0.000002 0.000000 0.000000 -0.000000 0.907405
 44 1.153038 0.000000 0.000000 0.000000 -0.000000 1.151837
 45 -0.000008 0.000010 5.615750 -3.142071 0.002591 2.792609
 46 15.693467 0.000000 0.000000 0.000000 -0.000000 -0.583643
 47 22.146629 -0.000001 0.000000 -0.023813 0.003096 0.212102
 48 3.310129 5.734394 0.000000 0.000000 -0.000000 1.570796
 49 0.000008 -0.000006 -5.615750 -3.142071 0.002495 2.786665
 50 15.693467 0.000000 0.000000 0.000000 -0.000000 -0.581300
 51 22.146629 0.000000 0.000000 -0.023805 0.002978 0.203832
 52 3.310129 5.734394 0.000000 0.000000 -0.000000 1.570796
 53 1.977383 0.000000 0.000000 0.049003 -0.031407 -0.216328
 54 3.723980 2.768054 -0.049087 -3.141592 -0.000002 1.570799
 55 11.781867 -0.001184 -0.000003 0.000000 -0.000000 0.000000
 56 -3.887187 4.546144 1.934869 -3.141591 -1.570796 0.000000
 57 -4.205003 4.546216 -0.015855 -3.141591 -1.570796 0.000000
 58 -3.887188 4.546179 -1.987145 -3.141591 -1.570796 0.000000
 59 -4.881806 5.593821 -1.566820 1.047319 -1.487704 2.076220
 60 -4.886902 5.683144 -0.007570 -3.132865 -1.570796 0.000000
 61 -4.881796 5.609550 1.546659 1.047319 -1.487704 2.076220
 62 3.710047 1.760547 -0.059361 -0.091858 -0.075851 1.616828
time 111
  0 0.250254 -0.250254 29.845816 -0.000288 -0.020289 -1.591697
  1 -2.752671 0.000001 9.745319 -1.570795 -1.570451 0.000000
  2 1.384163 -0.004728 0.000002 -0.000004 -0.000001 0.188582
  3 5.939814 -0.004730 0.000000 0.000000 -0.000000 0.069738
  4 5.939809 -0.003975 0.000000 0.000000 -0.000000 0.000000
  5 4.991439 -0.003975 0.000000 0.000000 -0.000000 0.000000
  6 4.991436 -0.001575 0.000000 0.000000 -0.000000 0.000000
  7 0.000005 0.001564 3.638375 -0.000010 -1.291318 3.140806
  8 8.842831 0.000000 -0.000002 0.965465 0.707105 0.777353
  9 9.341934 0.000000 -0.000001 0.000000 -0.000000 -1.089489
 10 11.168404 -0.000001 0.000002 -2.138571 0.019061 -0.231172
 11 1.364904 0.231178 -1.984411 2.310809 0.500598 0.873954
 12 1.748536 -0.000002 0.000000 0.000000 -0.000000 0.567170
 13 1.272494 0.000001 -0.000001 0.000000 -0.000000 0.462442
 14 4.525584 -0.000304 -1.850224 0.079944 0.053288 1.005563
 15 1.719872 -0.000002 0.000000 0.000000 -0.000000 0.933623
 16 1.383647 0.000002 0.000000 0.000000 -0.000000 0.741644
 17 4.525584 -0.000102 -0.616741 0.043017 0.029897 1.004047
 18 1.807673 0.000001 -0.000001 0.000000 -0.000000 0.881257
 19 1.614255 0.000001 0.000001 0.000000 -0.000000 0.741755
 20 4.525584 0.000101 0.616741 0.028355 0.020521 1.003703
 21 1.719869 0.000000 -0.000001 0.000000 -0.000000 0.680519
 22 1.383649 -0.000001 0.000000 0.000000 -0.000000 0.741644
 23 4.525584 0.000303 1.850224 -0.030467 -0.017054 1.003724
 24 1.433227 -0.000002 0.000000 0.000000 -0.000000 0.680554
 25 1.153039 0.000000 0.000000 0.000000 -0.000000 0.741639
 26 0.000005 0.001585 -3.638375 -0.000010 1.312085 3.140787
 27 8.842831 0.000000 0.000001 0.266125 -1.072522 -0.176080
 28 9.341937 0.000000 -0.000001 0.000000 -0.000000 -2.293220
 29 10.945741 -0.000001 0.000001 1.869815 0.355007 -0.215602
 30 1.364904 0.231177 1.984410 -3.139615 0.004157 1.002253
 31 1.748536 -0.000002 0.000001 0.000000 -0.000000 0.436276
 32 1.272493 0.000001 0.000002 0.000000 -0.000000 0.322849
 33 4.525584 -0.000303 1.850224 -0.016317 -0.094622 0.192575
 34 1.719873 0.000001 0.000000 0.000000 -0.000000 0.034907
 35 1.383647 0.000000 -0.000001 0.000000 -0.000000 0.689317
 36 4.525584 -0.000101 0.616741 -0.040896 -0.032761 0.934240
 37 1.807674 -0.000001 0.000000 0.000000 -0.000000 0.907547
 38 1.614256 -0.000001 0.000000 0.000000 -0.000000 1.151884
 39 4.525584 0.000101 -0.616741 -0.026857 -0.022390 0.933908
 40 1.719871 -0.000002 0.000000 0.000000 -0.000000 0.907547
 41 1.383648 0.000001 0.000000 0.000000 -0.000000 1.151884
 42 4.525584 0.000304 -1.850223 0.029257 0.019200 0.933920
 43 1.433227 0.000002 0.000000 0.000000 -0.000000 0.907405
 44 1.153038 0.000000 0.000000 0.000000 -0.000000 1.151837
 45 -0.000008 0.000010 5.615750 -3.142071 0.002399 2.790788
 46 15.693467 0.000000 0.000000 0.000000 -0.000000 -0.583572
 47 22.146629 -0.000001 0.000000 -0.020785 0.002774 0.212003
 48 3.310129 5.734394 0.000000 0.000000 -0.000000 1.570796
 49 0.000008 -0.000006 -5.615750 -3.142071 0.001919 2.785515
 50 15.693467 0.000000 0.000000 0.000000 -0.000000 -0.581556
 51 22.146629 0.000000 0.000000 -0.020815 0.002763 0.204553
 52 3.310129 5.734394 0.000000 0.000000 -0.000000 1.570796
 53 1.977383 0.000000 0.000000 0.043770 -0.028266 -0.216477
 54 3.723980 2.768054 -0.049087 -3.141592 -0.000002 1.570799
 55 11.781867 -0.001184 -0.000003 0.000000 -0.000000 0.000000
 56 -3.887187 4.546144 1.934869 -3.141591 -1.570796 0.000000
 57 -4.205003 4.546216 -0.015855 -3.141591 -1.570796 0.000000
 58 -3.887188 4.546179 -1.987145 -3.141591 -1.570796 0.000000
 59 -4.881806 5.593821 -1.566820 1.047319 -1.487704 2.076220
 60 -4.886902 5.683144 -0.007570 -3.132865 -1.570796 0.000000
 61 -4.881796 5.609550 1.546659 1.047319 -1.487704 2.076220
 62 3.710047 1.760547 -0.059361 -0.091858 -0.075851 1.616828
time 112
  0 0.250254 -0.250254 29.826218 -0.000288 -0.018375 -1.588533
  1 -2.764390 0.000001 9.745319 -1.570795 -1.570451 0.000000
  2 1.384163 -0.004728 0.000002 -0.000004 -0.000001 0.189048
  3 5.939814 -0.004730 0.000000 0.000000 -0.000000 0.069738
  4 5.939809 -0.003975 0.000000 0.000000 -0.000000 0.000000
  5 4.991439 -0.003975 0.000000 0.000000 -0.000000 0.000000
  6 4.991436 -0.001575 0.000000 0.000000 -0.000000 0.000000
  7 0.000005 0.001564 3.638375 -0.000010 -1.290375 3.140806
  8 8.842831 0.000000 -0.000002 0.964002 0.706567 0.776368
  9 9.341934 0.000000 -0.000001 0.000000 -0.000000 -1.089489
 10 11.168404 -0.000001 0.000002 -2.138571 0.019061 -0.231172
 11 1.364904 0.231178 -1.984411 2.310809 0.500598 0.873954
 12 1.748536 -0.000002 0.000000 0.000000 -0.000000 0.567170
 13 1.272494 0.000001 -0.000001 0.000000 -0.000000 0.462442
 14 4.525584 -0.000304 -1.850224 0.079944 0.053288 1.005563
 15 1.719872 -0.000002 0.000000 0.000000 -0.000000 0.933623
 16 1.383647 0.000002 0.000000 0.000000 -0.000000 0.741644
 17 4.525584 -0.000102 -0.616741 0.043017 0.029897 1.004047
 18 1.807673 0.000001 -0.000001 0.000000 -0.000000 0.881257
 19 1.614255 0.000001 0.000001 0.000000 -0.000000 0.741755
 20 4.525584 0.000101 0.616741 0.028355 0.020521 1.003703
 21 1.719869 0.000000 -0.000001 0.000000 -0.000000 0.680519
 22 1.383649 -0.000001 0.000000 0.000000 -0.000000 0.741644
 23 4.525584 0.000303 1.850224 -0.030467 -0.017054 1.003724
 24 1.433227 -0.000002 0.000000 0.000000 -0.000000 0.680554
 25 1.153039 0.000000 0.000000 0.000000 -0.000000 0.741639
 26 0.000005 0.001585 -3.638375 -0.000010 1.310713 3.140787
 27 8.842831 0.000000 0.000001 0.266760 -1.071101 -0.176652
 28 9.341937 0.000000 -0.000001 0.000000 -0.000000 -2.293220
 29 10.945741 -0.000001 0.000001 1.865993 0.356608 -0.224909
 30 1.364904 0.231177 1.984410 -3.139615 0.004157 1.002253
 31 1.748536 -0.000002 0.000001 0.000000 -0.000000 0.436276
 32 1.272493 0.000001 0.000002 0.000000 -0.000000 0.322849
 33 4.525584 -0.000303 1.850224 -0.016317 -0.094622 0.192575
 34 1.719873 0.000001 0.000000 0.000000 -0.000000 0.034907
 35 1.383647 0.000000 -0.000001 0.000000 -0.000000 0.689317
 36 4.525584 -0.000101 0.616741 -0.040896 -0.032761 0.934240
 37 1.807674 -0.000001 0.000000 0.000000 -0.000000 0.907547
 38 1.614256 -0.000001 0.000000 0.000000 -0.000000 1.151884
 39 4.525584 0.000101 -0.616741 -0.026857 -0.022390 0.933908
 40 1.719871 -0.000002 0.000000 0.000000 -0.000000 0.907547
 41 1.383648 0.000001 0.000000 0.000000 -0.000000 1.151884
 42 4.525584 0.000304 -1.850223 0.029257 0.019200 0.933920
 43 1.433227 0.000002 0.000000 0.000000 -0.000000 0.907405
 44 1.153038 0.000000 0.000000 0.000000 -0.000000 1.151837
 45 -0.000008 0.000010 5.615750 -3.141880 0.001824 2.788583
 46 15.693467 0.000000 0.000000 0.000000 -0.000000 -0.583572
 47 22.146629 -0.000001 0.000000 -0.017682 0.002501 0.211954
 48 3.310129 5.734394 0.000000 0.000000 -0.000000 1.570796
 49 0.000008 -0.000006 -5.615750 -3.141880 0.001728 2.784268
 50 15.693467 0.000000 0.000000 0.000000 -0.000000 -0.581898
 51 22.146629 0.000000 0.000000 -0.017713 0.002456 0.205634
 52 3.310129 5.734394 0.000000 0.000000 -0.000000 1.570796
 53 1.977383 0.000000 0.000000 0.038589 -0.025079 -0.216676
 54 3.723980 2.768054 -0.049087 -3.141592 -0.000002 1.570799
 55 11.781867 -0.001184 -0.000003 0.000000 -0.000000 0.000000
 56 -3.887187 4.546144 1.934869 -3.141591 -1.570796 0.000000
 57 -4.205003 4.546216 -0.015855 -3.141591 -1.570796 0.000000
 58 -3.887188 4.546179 -1.987145 -3.141591 -1.570796 0.000000
 59 -4.881806 5.593821 -1.566820 1.047319 -1.487704 2.076220
 60 -4.886902 5.683144 -0.007570 -3.132865 -1.570796 0.000000
 61 -4.881796 5.609550 1.546659 1.047319 -1.487704 2.076220
 62 3.710047 1.760547 -0.059361 -0.091858 -0.075851 1.616828
time 113
  0 0.250254 -0.250254 29.826218 -0.000288 -0.016078 -1.585369
  1 -2.764390 0.000001 9.745319 -1.570795 -1.570451 0.000000
  2 1.384163 -0.004728 0.000002 -0.000004 -0.000001 0.189513
  3 5.939814 -0.004730 0.000000 0.000000 -0.000000 0.069738
  4 5.939809 -0.003975 0.000000 0.000000 -0.000000 0.000000
  5 4.991439 -0.003975 0.000000 0.000000 -0.000000 0.000000
  6 4.991436 -0.001575 0.000000 0.000000 -0.000000 0.000000
  7 0.000005 0.001564 3.638375 -0.000010 -1.289468 3.140806
  8 8.842831 0.000000 -0.000002 0.962813 0.706299 0.775301
  9 9.341934 0.000000 -0.000001 0.000000 -0.000000 -1.089489
 10 11.168404 -0.000001 0.000002 -2.138571 0.019061 -0.231172
 11 1.364904 0.231178 -1.984411 2.310809 0.500598 0.873954
 12 1.748536 -0.000002 0.000000 0.000000 -0.000000 0.567170
 13 1.272494 0.000001 -0.000001 0.000000 -0.000000 0.462442
 14 4.525584 -0.000304 -1.850224 0.079944 0.053288 1.005563
 15 1.719872 -0.000002 0.000000 0.000000 -0.000000 0.933623
 16 1.383647 0.000002 0.000000 0.000000 -0.000000 0.741644
 17 4.525584 -0.000102 -0.616741 0.043017 0.029897 1.004047
 18 1.807673 0.000001 -0.000001 0.000000 -0.000000 0.881257
 19 1.614255 0.000001 0.000001 0.000000 -0.000000 0.741755
 20 4.525584 0.000101 0.616741 0.028355 0.020521 1.003703
 21 1.719869 0.000000 -0.000001 0.000000 -0.000000 0.680519
 22 1.383649 -0.000001 0.000000 0.000000 -0.000000 0.741644
 23 4.525584 0.000303 1.850224 -0.030467 -0.017054 1.003724
 24 1.433227 -0.000002 0.000000 0.000000 -0.000000 0.680554
 25 1.153039 0.000000 0.000000 0.000000 -0.000000 0.741639
 26 0.000005 0.001585 -3.638375 -0.000010 1.309479 3.140787
 27 8.842831 0.000000 0.000001 0.267032 -1.069763 -0.177033
 28 9.341937 0.000000 -0.000001 0.000000 -0.000000 -2.293220
 29 10.945741 -0.000001 0.000001 1.860960 0.358674 -0.237224
 30 1.364904 0.231177 1.984410 -3.139615 0.004157 1.002253
 31 1.748536 -0.000002 0.000001 0.000000 -0.000000 0.436276
 32 1.272493 0.000001 0.000002 0.000000 -0.000000 0.322849
 33 4.525584 -0.000303 1.850224 -0.016317 -0.094622 0.192575
 34 1.719873 0.000001 0.000000 0.000000 -0.000000 0.034907
 35 1.383647 0.000000 -0.000001 0.000000 -0.000000 0.689317
 36 4.525584 -0.000101 0.616741 -0.040896 -0.032761 0.934240
 37 1.807674 -0.000001 0.000000 0.000000 -0.000000 0.907547
 38 1.614256 -0.000001 0.000000 0.000000 -0.000000 1.151884
 39 4.525584 0.000101 -0.616741 -0.026857 -0.022390 0.933908
 40 1.719871 -0.000002 0.000000 0.000000 -0.000000 0.907547
 41 1.383648 0.000001 0.000000 0.000000 -0.000000 1.151884
 42 4.525584 0.000304 -1.850223 0.029257 0.019200 0.933920
 43 1.433227 0.000002 0.000000 0.000000 -0.000000 0.907405
 44 1.153038 0.000000 0.000000 0.000000 -0.000000 1.151837
 45 -0.000008 0.000010 5.615750 -3.141880 0.001728 2.786378
 46 15.693467 0.000000 0.000000 0.000000 -0.000000 -0.583572
 47 22.146629 -0.000001 0.000000 -0.014505 0.002229 0.211954
 48 3.310129 5.734394 0.000000 0.000000 -0.000000 1.570796
 49 0.000008 -0.000006 -5.615750 -3.141880 0.001728 2.782830
 50 15.693467 0.000000 0.000000 0.000000 -0.000000 -0.582069
 51 22.146629 0.000000 0.000000 -0.014441 0.002241 0.206716
 52 3.310129 5.734394 0.000000 0.000000 -0.000000 1.570796
 53 1.977383 0.000000 0.000000 0.033620 -0.021985 -0.216974
 54 3.723980 2.768054 -0.049087 -3.141592 -0.000002 1.570799
 55 11.781867 -0.001184 -0.000003 0.000000 -0.000000 0.000000
 56 -3.887187 4.546144 1.934869 -3.141591 -1.570796 0.000000
 57 -4.205003 4.546216 -0.015855 -3.141591 -1.570796 0.000000
 58 -3.887188 4.546179 -1.987145 -3.141591 -1.570796 0.000000
 59 -4.881806 5.593821 -1.566820 1.047319 -1.487704 2.076220
 60 -4.886902 5.683144 -0.007570 -3.132865 -1.570796 0.000000
 61 -4.881796 5.609550 1.546659 1.047319 -1.487704 2.076220
 62 3.710047 1.760547 -0.059361 -0.091858 -0.075851 1.616828
time 114
  0 0.250254 -0.250254 29.826218 -0.000288 -0.013877 -1.582301
  1 -2.772203 0.000001 9.745319 -1.570795 -1.570451 0.000000
  2 1.384163 -0.004728 0.000002 -0.000004 -0.000001 0.189979
  3 5.939814 -0.004730 0.000000 0.000000 -0.000000 0.069738
  4 5.939809 -0.003975 0.000000 0.000000 -0.000000 0.000000
  5 4.991439 -0.003975 0.000000 0.000000 -0.000000 0.000000
  6 4.991436 -0.001575 0.000000 0.000000 -0.000000 0.000000
  7 0.000005 0.001564 3.638375 -0.000010 -1.288561 3.140806
  8 8.842831 0.000000 -0.000002 0.961716 0.706030 0.774398
  9 9.341934 0.000000 -0.000001 0.000000 -0.000000 -1.089489
 10 11.168404 -0.000001 0.000002 -2.138571 0.019061 -0.231172
 11 1.364904 0.231178 -1.984411 2.310809 0.500598 0.873954
 12 1.748536 -0.000002 0.000000 0.000000 -0.000000 0.567170
 13 1.272494 0.000001 -0.000001 0.000000 -0.000000 0.462442
 14 4.525584 -0.000304 -1.850224 0.079944 0.053288 1.005563
 15 1.719872 -0.000002 0.000000 0.000000 -0.000000 0.933623
 16 1.383647 0.000002 0.000000 0.000000 -0.000000 0.741644
 17 4.525584 -0.000102 -0.616741 0.043017 0.029897 1.004047
 18 1.807673 0.000001 -0.000001 0.000000 -0.000000 0.881257
 19 1.614255 0.000001 0.000001 0.000000 -0.000000 0.741755
 20 4.525584 0.000101 0.616741 0.028355 0.020521 1.003703
 21 1.719869 0.000000 -0.000001 0.000000 -0.000000 0.680519
 22 1.383649 -0.000001 0.000000 0.000000 -0.000000 0.741644
 23 4.525584 0.000303 1.850224 -0.030467 -0.017054 1.003724
 24 1.433227 -0.000002 0.000000 0.000000 -0.000000 0.680554
 25 1.153039 0.000000 0.000000 0.000000 -0.000000 0.741639
 26 0.000005 0.001585 -3.638375 -0.000010 1.308199 3.140787
 27 8.842831 0.000000 0.000001 0.267667 -1.068341 -0.177605
 28 9.341937 0.000000 -0.000001 0.000000 -0.000000 -2.293220
 29 10.945741 -0.000001 0.000001 1.865620 0.356861 -0.226037
 30 1.364904 0.231177 1.984410 -3.139615 0.004157 1.002253
 31 1.748536 -0.000002 0.000001 0.000000 -0.000000 0.436276
 32 1.272493 0.000001 0.000002 0.000000 -0.000000 0.322849
 33 4.525584 -0.000303 1.850224 -0.016317 -0.094622 0.192575
 34 1.719873 0.000001 0.000000 0.000000 -0.000000 0.034907
 35 1.383647 0.000000 -0.000001 0.000000 -0.000000 0.689317
 36 4.525584 -0.000101 0.616741 -0.040896 -0.032761 0.934240
 37 1.807674 -0.000001 0.000000 0.000000 -0.000000 0.907547
 38 1.614256 -0.000001 0.000000 0.000000 -0.000000 1.151884
 39 4.525584 0.000101 -0.616741 -0.026857 -0.022390 0.933908
 40 1.719871 -0.000002 0.000000 0.000000 -0.000000 0.907547
 41 1.383648 0.000001 0.000000 0.000000 -0.000000 1.151884
 42 4.525584 0.000304 -1.850223 0.029257 0.019200 0.933920
 43 1.433227 0.000002 0.000000 0.000000 -0.000000 0.907405
 44 1.153038 0.000000 0.000000 0.000000 -0.000000 1.151837
 45 -0.000008 0.000010 5.615750 -3.141880 0.001632 2.784268
 46 15.693467 0.000000 0.000000 0.000000 -0.000000 -0.583572
 47 22.146629 -0.000001 0.000000 -0.011215 0.001956 0.211954
 48 3.310129 5.734394 0.000000 0.000000 -0.000000 1.570796
 49 0.000008 -0.000006 -5.615750 -3.141880 0.001152 2.781392
 50 15.693467 0.000000 0.000000 0.000000 -0.000000 -0.582411
 51 22.146629 0.000000 0.000000 -0.011169 0.001934 0.207798
 52 3.310129 5.734394 0.000000 0.000000 -0.000000 1.570796
 53 1.977383 0.000000 0.000000 0.028810 -0.018798 -0.217172
 54 3.723980 2.768054 -0.049087 -3.141592 -0.000002 1.570799
 55 11.781867 -0.001184 -0.000003 0.000000 -0.000000 0.000000
 56 -3.887187 4.546144 1.934869 -3.141591 -1.570796 0.000000
 57 -4.205003 4.546216 -0.015855 -3.141591 -1.570796 0.000000
 58 -3.887188 4.546179 -1.987145 -3.141591 -1.570796 0.000000
 59 -4.881806 5.593821 -1.566820 1.047319 -1.487704 2.076220
 60 -4.886902 5.683144 -0.007570 -3.132865 -1.570796 0.000000
 61 -4.881796 5.609550 1.546659 1.047319 -1.487704 2.076220
 62 3.710047 1.760547 -0.059361 -0.091858 -0.075851 1.616828
time 115
  0 0.227648 -0.227648 29.806618 -0.000192 -0.011580 -1.578850
  1 -2.772203 0.000001 9.745319 -1.570795 -1.570451 0.000000
  2 1.384163 -0.004728 0.000002 -0.000004 -0.000001 0.190398
  3 5.939814 -0.004730 0.000000 0.000000 -0.000000 0.069738
  4 5.939809 -0.003975 0.000000 0.000000 -0.000000 0.000000
  5 4.991439 -0.003975 0.000000 0.000000 -0.000000 0.000000
  6 4.991436 -0.001575 0.000000 0.000000 -0.000000 0.000000
  7 0.000005 0.001564 3.638375 -0.000010 -1.287763 3.140806
  8 8.842831 0.000000 -0.000002 0.960527 0.705581 0.773660
  9 9.341934 0.000000 -0.000001 0.000000 -0.000000 -1.089489
 10 11.168404 -0.000001 0.000002 -2.138571 0.019061 -0.231172
 11 1.364904 0.231178 -1.984411 2.310809 0.500598 0.873954
 12 1.748536 -0.000002 0.000000 0.000000 -0.000000 0.567170
 13 1.272494 0.000001 -0.000001 0.000000 -0.000000 0.462442
 14 4.525584 -0.000304 -1.850224 0.079944 0.053288 1.005563
 15 1.719872 -0.000002 0.000000 0.000000 -0.000000 0.933623
 16 1.383647 0.000002 0.000000 0.000000 -0.000000 0.741644
 17 4.525584 -0.000102 -0.616741 0.043017 0.029897 1.004047
 18 1.807673 0.000001 -0.000001 0.000000 -0.000000 0.881257
 19 1.614255 0.000001 0.000001 0.000000 -0.000000 0.741755
 20 4.525584 0.000101 0.616741 0.028355 0.020521 1.003703
 21 1.719869 0.000000 -0.000001 0.000000 -0.000000 0.680519
 22 1.383649 -0.000001 0.000000 0.000000 -0.000000 0.741644
 23 4.525584 0.000303 1.850224 -0.030467 -0.017054 1.003724
 24 1.433227 -0.000002 0.000000 0.000000 -0.000000 0.680554
 25 1.153039 0.000000 0.000000 0.000000 -0.000000 0.741639
 26 0.000005 0.001585 -3.638375 -0.000010 1.306965 3.140787
 27 8.842831 0.000000 0.000001 0.267939 -1.067170 -0.177986
 28 9.341937 0.000000 -0.000001 0.000000 -0.000000 -2.293220
 29 10.945741 -0.000001 0.000001 1.868416 0.355639 -0.219833
 30 1.364904 0.231177 1.984410 -3.139615 0.004157 1.002253
 31 1.748536 -0.000002 0.000001 0.000000 -0.000000 0.436276
 32 1.272493 0.000001 0.000002 0.000000 -0.000000 0.322849
 33 4.525584 -0.000303 1.850224 -0.016317 -0.094622 0.192575
 34 1.719873 0.000001 0.000000 0.000000 -0.000000 0.034907
 35 1.383647 0.000000 -0.000001 0.000000 -0.000000 0.689317
 36 4.525584 -0.000101 0.616741 -0.040896 -0.032761 0.934240
 37 1.807674 -0.000001 0.000000 0.000000 -0.000000 0.907547
 38 1.614256 -0.000001 0.000000 0.000000 -0.000000 1.151884
 39 4.525584 0.000101 -0.616741 -0.026857 -0.022390 0.933908
 40 1.719871 -0.000002 0.000000 0.000000 -0.000000 0.907547
 41 1.383648 0.000001 0.000000 0.000000 -0.000000 1.151884
 42 4.525584 0.000304 -1.850223 0.029257 0.019200 0.933920
 43 1.433227 0.000002 0.000000 0.000000 -0.000000 0.907405
 44 1.153038 0.000000 0.000000 0.000000 -0.000000 1.151837
 45 -0.000008 0.000010 5.615750 -3.141880 0.001057 2.781967
 46 15.693467 0.000000 0.000000 0.000000 -0.000000 -0.583572
 47 22.146629 -0.000001 0.000000 -0.007925 0.001634 0.211954
 48 3.310129 5.734394 0.000000 0.000000 -0.000000 1.570796
 49 0.000008 -0.000006 -5.615750 -3.141880 0.001057 2.779954
 50 15.693467 0.000000 0.000000 0.000000 -0.000000 -0.582582
 51 22.146629 0.000000 0.000000 -0.007841 0.001658 0.208879
 52 3.310129 5.734394 0.000000 0.000000 -0.000000 1.570796
 53 1.977383 0.000000 0.000000 0.023999 -0.015634 -0.217322
 54 3.723980 2.768054 -0.049087 -3.141592 -0.000002 1.570799
 55 11.781867 -0.001184 -0.000003 0.000000 -0.000000 0.000000
 56 -3.887187 4.546144 1.934869 -3.141591 -1.570796 0.000000
 57 -4.205003 4.546216 -0.015855 -3.141591 -1.570796 0.000000
 58 -3.887188 4.546179 -1.987145 -3.141591 -1.570796 0.000000
 59 -4.881806 5.593821 -1.566820 1.047319 -1.487704 2.076220
 60 -4.886902 5.683144 -0.007570 -3.132865 -1.570796 0.000000
 61 -4.881796 5.609550 1.546659 1.047319 -1.487704 2.076220
 62 3.710047 1.760547 -0.059361 -0.091858 -0.075851 1.616828
time 116
  0 0.227648 -0.227648 29.806618 -0.000192 -0.009092 -1.575494
  1 -2.772203 0.000001 9.745319 -1.570795 -1.570451 0.000000
  2 1.384163 -0.004728 0.000002 -0.000004 -0.000001 0.190863
  3 5.939814 -0.004730 0.000000 0.000000 -0.000000 0.069738
  4 5.939809 -0.003975 0.000000 0.000000 -0.000000 0.000000
  5 4.991439 -0.003975 0.000000 0.000000 -0.000000 0.000000
  6 4.991436 -0.001575 0.000000 0.000000 -0.000000 0.000000
  7 0.000005 0.001564 3.638375 -0.000010 -1.286856 3.140806
  8 8.842831 0.000000 -0.000002 0.959247 0.705313 0.772757
  9 9.341934 0.000000 -0.000001 0.000000 -0.000000 -1.089489
 10 11.168404 -0.000001 0.000002 -2.138571 0.019061 -0.231172
 11 1.364904 0.231178 -1.984411 2.310809 0.500598 0.873954
 12 1.748536 -0.000002 0.000000 0.000000 -0.000000 0.567170
 13 1.272494 0.000001 -0.000001 0.000000 -0.000000 0.462442
 14 4.525584 -0.000304 -1.850224 0.079944 0.053288 1.005563
 15 1.719872 -0.000002 0.000000 0.000000 -0.000000 0.933623
 16 1.383647 0.000002 0.000000 0.000000 -0.000000 0.741644
 17 4.525584 -0.000102 -0.616741 0.043017 0.029897 1.004047
 18 1.807673 0.000001 -0.000001 0.000000 -0.000000 0.881257
 19 1.614255 0.000001 0.000001 0.000000 -0.000000 0.741755
 20 4.525584 0.000101 0.616741 0.028355 0.020521 1.003703
 21 1.719869 0.000000 -0.000001 0.000000 -0.000000 0.680519
 22 1.383649 -0.000001 0.000000 0.000000 -0.000000 0.741644
 23 4.525584 0.000303 1.850224 -0.030467 -0.017054 1.003724
 24 1.433227 -0.000002 0.000000 0.000000 -0.000000 0.680554
 25 1.153039 0.000000 0.000000 0.000000 -0.000000 0.741639
 26 0.000005 0.001585 -3.638375 -0.000010 1.305776 3.140787
 27 8.842831 0.000000 0.000001 0.268301 -1.065916 -0.178557
 28 9.341937 0.000000 -0.000001 0.000000 -0.000000 -2.293220
 29 10.945741 -0.000001 0.000001 1.869815 0.355007 -0.215602
 30 1.364904 0.231177 1.984410 -3.139615 0.004157 1.002253
 31 1.748536 -0.000002 0.000001 0.000000 -0.000000 0.436276
 32 1.272493 0.000001 0.000002 0.000000 -0.000000 0.322849
 33 4.525584 -0.000303 1.850224 -0.016317 -0.094622 0.192575
 34 1.719873 0.000001 0.000000 0.000000 -0.000000 0.034907
 35 1.383647 0.000000 -0.000001 0.000000 -0.000000 0.689317
 36 4.525584 -0.000101 0.616741 -0.040896 -0.032761 0.934240
 37 1.807674 -0.000001 0.000000 0.000000 -0.000000 0.907547
 38 1.614256 -0.000001 0.000000 0.000000 -0.000000 1.151884
 39 4.525584 0.000101 -0.616741 -0.026857 -0.022390 0.933908
 40 1.719871 -0.000002 0.000000 0.000000 -0.000000 0.907547
 41 1.383648 0.000001 0.000000 0.000000 -0.000000 1.151884
 42 4.525584 0.000304 -1.850223 0.029257 0.019200 0.933920
 43 1.433227 0.000002 0.000000 0.000000 -0.000000 0.907405
 44 1.153038 0.000000 0.000000 0.000000 -0.000000 1.151837
 45 -0.000008 0.000010 5.615750 -3.141784 0.000961 2.779475
 46 15.693467 0.000000 0.000000 0.000000 -0.000000 -0.583572
 47 22.146629 -0.000001 0.000000 -0.004523 0.001387 0.211904
 48 3.310129 5.734394 0.000000 0.000000 -0.000000 1.570796
 49 0.000008 -0.000006 -5.615750 -3.141784 0.000961 2.778420
 50 15.693467 0.000000 0.000000 0.000000 -0.000000 -0.582924
 51 22.146629 0.000000 0.000000 -0.004513 0.001351 0.210051
 52 3.310129 5.734394 0.000000 0.000000 -0.000000 1.570796
 53 1.977383 0.000000 0.000000 0.019295 -0.012563 -0.217620
 54 3.723980 2.768054 -0.049087 -3.141592 -0.000002 1.570799
 55 11.781867 -0.001184 -0.000003 0.000000 -0.000000 0.000000
 56 -3.887187 4.546144 1.934869 -3.141591 -1.570796 0.000000
 57 -4.205003 4.546216 -0.015855 -3.141591 -1.570796 0.000000
 58 -3.887188 4.546179 -1.987145 -3.141591 -1.570796 0.000000
 59 -4.881806 5.593821 -1.566820 1.047319 -1.487704 2.076220
 60 -4.886902 5.683144 -0.007570 -3.132865 -1.570796 0.000000
 61 -4.881796 5.609550 1.546659 1.047319 -1.487704 2.076220
 62 3.710047 1.760547 -0.059361 -0.091858 -0.075851 1.616828
time 117
  0 0.227648 -0.227648 29.787020 -0.000096 -0.006795 -1.572331
  1 -2.783922 0.000001 9.745319 -1.570795 -1.570451 0.000000
  2 1.384163 -0.004728 0.000002 -0.000004 -0.000001 0.191282
  3 5.939814 -0.004730 0.000000 0.000000 -0.000000 0.069738
  4 5.939809 -0.003975 0.000000 0.000000 -0.000000 0.000000
  5 4.991439 -0.003975 0.000000 0.000000 -0.000000 0.000000
  6 4.991436 -0.001575 0.000000 0.000000 -0.000000 0.000000
  7 0.000005 0.001564 3.638375 -0.000010 -1.286058 3.140806
  8 8.842831 0.000000 -0.000002 0.958058 0.705044 0.771772
  9 9.341934 0.000000 -0.000001 0.000000 -0.000000 -1.089489
 10 11.168404 -0.000001 0.000002 -2.138571 0.019061 -0.231172
 11 1.364904 0.231178 -1.984411 2.310809 0.500598 0.873954
 12 1.748536 -0.000002 0.000000 0.000000 -0.000000 0.567170
 13 1.272494 0.000001 -0.000001 0.000000 -0.000000 0.462442
 14 4.525584 -0.000304 -1.850224 0.079944 0.053288 1.005563
 15 1.719872 -0.000002 0.000000 0.000000 -0.000000 0.933623
 16 1.383647 0.000002 0.000000 0.000000 -0.000000 0.741644
 17 4.525584 -0.000102 -0.616741 0.043017 0.029897 1.004047
 18 1.807673 0.000001 -0.000001 0.000000 -0.000000 0.881257
 19 1.614255 0.000001 0.000001 0.000000 -0.000000 0.741755
 20 4.525584 0.000101 0.616741 0.028355 0.020521 1.003703
 21 1.719869 0.000000 -0.000001 0.000000 -0.000000 0.680519
 22 1.383649 -0.000001 0.000000 0.000000 -0.000000 0.741644
 23 4.525584 0.000303 1.850224 -0.030467 -0.017054 1.003724
 24 1.433227 -0.000002 0.000000 0.000000 -0.000000 0.680554
 25 1.153039 0.000000 0.000000 0.000000 -0.000000 0.741639
 26 0.000005 0.001585 -3.638375 -0.000010 1.304587 3.140787
 27 8.842831 0.000000 0.000001 0.268846 -1.064662 -0.179034
 28 9.341937 0.000000 -0.000001 0.000000 -0.000000 -2.293220
 29 10.945741 -0.000001 0.000001 1.870560 0.354670 -0.213910
 30 1.364904 0.231177 1.984410 -3.139615 0.004157 1.002253
 31 1.748536 -0.000002 0.000001 0.000000 -0.000000 0.436276
 32 1.272493 0.000001 0.000002 0.000000 -0.000000 0.322849
 33 4.525584 -0.000303 1.850224 -0.016317 -0.094622 0.192575
 34 1.719873 0.000001 0.000000 0.000000 -0.000000 0.034907
 35 1.383647 0.000000 -0.000001 0.000000 -0.000000 0.689317
 36 4.525584 -0.000101 0.616741 -0.040896 -0.032761 0.934240
 37 1.807674 -0.000001 0.000000 0.000000 -0.000000 0.907547
 38 1.614256 -0.000001 0.000000 0.000000 -0.000000 1.151884
 39 4.525584 0.000101 -0.616741 -0.026857 -0.022390 0.933908
 40 1.719871 -0.000002 0.000000 0.000000 -0.000000 0.907547
 41 1.383648 0.000001 0.000000 0.000000 -0.000000 1.151884
 42 4.525584 0.000304 -1.850223 0.029257 0.019200 0.933920
 43 1.433227 0.000002 0.000000 0.000000 -0.000000 0.907405
 44 1.153038 0.000000 0.000000 0.000000 -0.000000 1.151837
 45 -0.000008 0.000010 5.615750 -3.141784 0.000865 2.777078
 46 15.693467 0.000000 0.000000 0.000000 -0.000000 -0.583572
 47 22.146629 -0.000001 0.000000 -0.001159 0.001065 0.211904
 48 3.310129 5.734394 0.000000 0.000000 -0.000000 1.570796
 49 0.000008 -0.000006 -5.615750 -3.141784 0.000865 2.776982
 50 15.693467 0.000000 0.000000 0.000000 -0.000000 -0.583095
 51 22.146629 0.000000 0.000000 -0.001185 0.001074 0.211403
 52 3.310129 5.734394 0.000000 0.000000 -0.000000 1.570796
 53 1.977383 0.000000 0.000000 0.014484 -0.009376 -0.217918
 54 3.723980 2.768054 -0.049087 -3.141592 -0.000002 1.570799
 55 11.781867 -0.001184 -0.000003 0.000000 -0.000000 0.000000
 56 -3.887187 4.546144 1.934869 -3.141591 -1.570796 0.000000
 57 -4.205003 4.546216 -0.015855 -3.141591 -1.570796 0.000000
 58 -3.887188 4.546179 -1.987145 -3.141591 -1.570796 0.000000
 59 -4.881806 5.593821 -1.566820 1.047319 -1.487704 2.076220
 60 -4.886902 5.683144 -0.007570 -3.132865 -1.570796 0.000000
 61 -4.881796 5.609550 1.546659 1.047319 -1.487704 2.076220
 62 3.710047 1.760547 -0.059361 -0.091858 -0.075851 1.616828
time 118
  0 0.227648 -0.227648 29.787020 -0.000096 -0.004594 -1.568879
  1 -2.783922 0.000001 9.745319 -1.570795 -1.570451 0.000000
  2 1.384163 -0.004728 0.000002 -0.000004 -0.000001 0.191701
  3 5.939814 -0.004730 0.000000 0.000000 -0.000000 0.069738
  4 5.939809 -0.003975 0.000000 0.000000 -0.000000 0.000000
  5 4.991439 -0.003975 0.000000 0.000000 -0.000000 0.000000
  6 4.991436 -0.001575 0.000000 0.000000 -0.000000 0.000000
  7 0.000005 0.001564 3.638375 -0.000010 -1.285187 3.140806
  8 8.842831 0.000000 -0.000002 0.956869 0.704775 0.770951
  9 9.341934 0.000000 -0.000001 0.000000 -0.000000 -1.089489
 10 11.168404 -0.000001 0.000002 -2.138571 0.019061 -0.231172
 11 1.364904 0.231178 -1.984411 2.310809 0.500598 0.873954
 12 1.748536 -0.000002 0.000000 0.000000 -0.000000 0.567170
 13 1.272494 0.000001 -0.000001 0.000000 -0.000000 0.462442
 14 4.525584 -0.000304 -1.850224 0.079944 0.053288 1.005563
 15 1.719872 -0.000002 0.000000 0.000000 -0.000000 0.933623
 16 1.383647 0.000002 0.000000 0.000000 -0.000000 0.741644
 17 4.525584 -0.000102 -0.616741 0.043017 0.029897 1.004047
 18 1.807673 0.000001 -0.000001 0.000000 -0.000000 0.881257
 19 1.614255 0.000001 0.000001 0.000000 -0.000000 0.741755
 20 4.525584 0.000101 0.616741 0.028355 0.020521 1.003703
 21 1.719869 0.000000 -0.000001 0.000000 -0.000000 0.680519
 22 1.383649 -0.000001 0.000000 0.000000 -0.000000 0.741644
 23 4.525584 0.000303 1.850224 -0.030467 -0.017054 1.003724
 24 1.433227 -0.000002 0.000000 0.000000 -0.000000 0.680554
 25 1.153039 0.000000 0.000000 0.000000 -0.000000 0.741639
 26 0.000005 0.001585 -3.638375 -0.000010 1.303399 3.140787
 27 8.842831 0.000000 0.000001 0.269208 -1.063491 -0.179606
 28 9.341937 0.000000 -0.000001 0.000000 -0.000000 -2.293220
 29 10.945741 -0.000001 0.000001 1.870746 0.354501 -0.213064
 30 1.364904 0.231177 1.984410 -3.139615 0.004157 1.002253
 31 1.748536 -0.000002 0.000001 0.000000 -0.000000 0.436276
 32 1.272493 0.000001 0.000002 0.000000 -0.000000 0.322849
 33 4.525584 -0.000303 1.850224 -0.016317 -0.094622 0.192575
 34 1.719873 0.000001 0.000000 0.000000 -0.000000 0.034907
 35 1.383647 0.000000 -0.000001 0.000000 -0.000000 0.689317
 36 4.525584 -0.000101 0.616741 -0.040896 -0.032761 0.934240
 37 1.807674 -0.000001 0.000000 0.000000 -0.000000 0.907547
 38 1.614256 -0.000001 0.000000 0.000000 -0.000000 1.151884
 39 4.525584 0.000101 -0.616741 -0.026857 -0.022390 0.933908
 40 1.719871 -0.000002 0.000000 0.000000 -0.000000 0.907547
 41 1.383648 0.000001 0.000000 0.000000 -0.000000 1.151884
 42 4.525584 0.000304 -1.850223 0.029257 0.019200 0.933920
 43 1.433227 0.000002 0.000000 0.000000 -0.000000 0.907405
 44 1.153038 0.000000 0.000000 0.000000 -0.000000 1.151837
 45 -0.000008 0.000010 5.615750 -3.141688 0.000290 2.774777
 46 15.693467 0.000000 0.000000 0.000000 -0.000000 -0.583572
 47 22.146629 -0.000001 0.000000 0.002093 0.000768 0.211904
 48 3.310129 5.734394 0.000000 0.000000 -0.000000 1.570796
 49 0.000008 -0.000006 -5.615750 -3.141688 0.000290 2.775448
 50 15.693467 0.000000 0.000000 0.000000 -0.000000 -0.583437
 51 22.146629 0.000000 0.000000 0.002031 0.000737 0.212394
 52 3.310129 5.734394 0.000000 0.000000 -0.000000 1.570796
 53 1.977383 0.000000 0.000000 0.009780 -0.006235 -0.218117
 54 3.723980 2.768054 -0.049087 -3.141592 -0.000002 1.570799
 55 11.781867 -0.001184 -0.000003 0.000000 -0.000000 0.000000
 56 -3.887187 4.546144 1.934869 -3.141591 -1.570796 0.000000
 57 -4.205003 4.546216 -0.015855 -3.141591 -1.570796 0.000000
 58 -3.887188 4.546179 -1.987145 -3.141591 -1.570796 0.000000
 59 -4.881806 5.593821 -1.566820 1.047319 -1.487704 2.076220
 60 -4.886902 5.683144 -0.007570 -3.132865 -1.570796 0.000000
 61 -4.881796 5.609550 1.546659 1.047319 -1.487704 2.076220
 62 3.710047 1.760547 -0.059361 -0.091858 -0.075851 1.616828
time 119
  0 0.212576 -0.212576 29.787020 0.000000 -0.002105 -1.565619
  1 -2.783922 0.000001 9.745319 -1.570795 -1.570451 0.000000
  2 1.384163 -0.004728 0.000002 -0.000004 -0.000001 0.192166
  3 5.939814 -0.004730 0.000000 0.000000 -0.000000 0.069738
  4 5.939809 -0.003975 0.000000 0.000000 -0.000000 0.000000
  5 4.991439 -0.003975 0.000000 0.000000 -0.000000 0.000000
  6 4.991436 -0.001575 0.000000 0.000000 -0.000000 0.000000
  7 0.000005 0.001564 3.638375 -0.000010 -1.284353 3.140806
  8 8.842831 0.000000 -0.000002 0.955772 0.704327 0.770131
  9 9.341934 0.000000 -0.000001 0.000000 -0.000000 -1.089489
 10 11.168404 -0.000001 0.000002 -2.138571 0.019061 -0.231172
 11 1.364904 0.231178 -1.984411 2.310809 0.500598 0.873954
 12 1.748536 -0.000002 0.000000 0.000000 -0.000000 0.567170
 13 1.272494 0.000001 -0.000001 0.000000 -0.000000 0.462442
 14 4.525584 -0.000304 -1.850224 0.079944 0.053288 1.005563
 15 1.719872 -0.000002 0.000000 0.000000 -0.000000 0.933623
 16 1.383647 0.000002 0.000000 0.000000 -0.000000 0.741644
 17 4.525584 -0.000102 -0.616741 0.043017 0.029897 1.004047
 18 1.807673 0.000001 -0.000001 0.000000 -0.000000 0.881257
 19 1.614255 0.000001 0.000001 0.000000 -0.000000 0.741755
 20 4.525584 0.000101 0.616741 0.028355 0.020521 1.003703
 21 1.719869 0.000000 -0.000001 0.000000 -0.000000 0.680519
 22 1.383649 -0.000001 0.000000 0.000000 -0.000000 0.741644
 23 4.525584 0.000303 1.850224 -0.030467 -0.017054 1.003724
 24 1.433227 -0.000002 0.000000 0.000000 -0.000000 0.680554
 25 1.153039 0.000000 0.000000 0.000000 -0.000000 0.741639
 26 0.000005 0.001585 -3.638375 -0.000010 1.302164 3.140787
 27 8.842831 0.000000 0.000001 0.269481 -1.062153 -0.179987
 28 9.341937 0.000000 -0.000001 0.000000 -0.000000 -2.293220
 29 10.945741 -0.000001 0.000001 1.871492 0.354290 -0.211748
 30 1.364904 0.231177 1.984410 -3.139615 0.004157 1.002253
 31 1.748536 -0.000002 0.000001 0.000000 -0.000000 0.436276
 32 1.272493 0.000001 0.000002 0.000000 -0.000000 0.322849
 33 4.525584 -0.000303 1.850224 -0.016317 -0.094622 0.192575
 34 1.719873 0.000001 0.000000 0.000000 -0.000000 0.034907
 35 1.383647 0.000000 -0.000001 0.000000 -0.000000 0.689317
 36 4.525584 -0.000101 0.616741 -0.040896 -0.032761 0.934240
 37 1.807674 -0.000001 0.000000 0.000000 -0.000000 0.907547
 38 1.614256 -0.000001 0.000000 0.000000 -0.000000 1.151884
 39 4.525584 0.000101 -0.616741 -0.026857 -0.022390 0.933908
 40 1.719871 -0.000002 0.000000 0.000000 -0.000000 0.907547
 41 1.383648 0.000001 0.000000 0.000000 -0.000000 1.151884
 42 4.525584 0.000304 -1.850223 0.029257 0.019200 0.933920
 43 1.433227 0.000002 0.000000 0.000000 -0.000000 0.907405
 44 1.153038 0.000000 0.000000 0.000000 -0.000000 1.151837
 45 -0.000008 0.000010 5.615750 -3.141592 0.000290 2.772380
 46 15.693467 0.000000 0.000000 0.000000 -0.000000 -0.583430
 47 22.146629 -0.000001 0.000000 0.005346 0.000471 0.211904
 48 3.310129 5.734394 0.000000 0.000000 -0.000000 1.570796
 49 0.000008 -0.000006 -5.615750 -3.141592 0.000290 2.774010
 50 15.693467 0.000000 0.000000 0.000000 -0.000000 -0.583608
 51 22.146629 0.000000 0.000000 0.005359 0.000460 0.213656
 52 3.310129 5.734394 0.000000 0.000000 -0.000000 1.570796
 53 1.977383 0.000000 0.000000 0.004810 -0.003118 -0.218465
 54 3.723980 2.768054 -0.049087 -3.141592 -0.000002 1.570799
 55 11.781867 -0.001184 -0.000003 0.000000 -0.000000 0.000000
 56 -3.887187 4.546144 1.934869 -3.141591 -1.570796 0.000000
 57 -4.205003 4.546216 -0.015855 -3.141591 -1.570796 0.000000
 58 -3.887188 4.546179 -1.987145 -3.141591 -1.570796 0.000000
 59 -4.881806 5.593821 -1.566820 1.047319 -1.487704 2.076220
 60 -4.886902 5.683144 -0.007570 -3.132865 -1.570796 0.000000
 61 -4.881796 5.609550 1.546659 1.047319 -1.487704 2.076220
 62 3.710047 1.760547 -0.059361 -0.091858 -0.075851 1.616828
time 120
  0 0.212576 -0.212576 29.787020 0.000000 0.000000 -1.562456
  1 -2.795641 0.000001 9.745319 -1.570795 -1.570451 0.000000
  2 1.384163 -0.004728 0.000002 -0.000004 -0.000001 0.192585
  3 5.939814 -0.004730 0.000000 0.000000 -0.000000 0.069738
  4 5.939809 -0.003975 0.000000 0.000000 -0.000000 0.000000
  5 4.991439 -0.003975 0.000000 0.000000 -0.000000 0.000000
  6 4.991436 -0.001575 0.000000 0.000000 -0.000000 0.000000
  7 0.000005 0.001564 3.638375 -0.000010 -1.283627 3.140806
  8 8.842831 0.000000 -0.000002 0.954583 0.704058 0.769228
  9 9.341934 0.000000 -0.000001 0.000000 -0.000000 -1.089489
 10 11.168404 -0.000001 0.000002 -2.138571 0.019061 -0.231172
 11 1.364904 0.231178 -1.984411 2.310809 0.500598 0.873954
 12 1.748536 -0.000002 0.000000 0.000000 -0.000000 0.567170
 13 1.272494 0.000001 -0.000001 0.000000 -0.000000 0.462442
 14 4.525584 -0.000304 -1.850224 0.079944 0.053288 1.005563
 15 1.719872 -0.000002 0.000000 0.000000 -0.000000 0.933623
 16 1.383647 0.000002 0.000000 0.000000 -0.000000 0.741644
 17 4.525584 -0.000102 -0.616741 0.043017 0.029897 1.004047
 18 1.807673 0.000001 -0.000001 0.000000 -0.000000 0.881257
 19 1.614255 0.000001 0.000001 0.000000 -0.000000 0.741755
 20 4.525584 0.000101 0.616741 0.028355 0.020521 1.003703
 21 1.719869 0.000000 -0.000001 0.000000 -0.000000 0.680519
 22 1.383649 -0.000001 0.000000 0.000000 -0.000000 0.741644
 23 4.525584 0.000303 1.850224 -0.030467 -0.017054 1.003724
 24 1.433227 -0.000002 0.000000 0.000000 -0.000000 0.680554
 25 1.153039 0.000000 0.000000 0.000000 -0.000000 0.741639
 26 0.000005 0.001585 -3.638375 -0.000010 1.300884 3.140787
 27 8.842831 0.000000 0.000001 0.270116 -1.060815 -0.180558
 28 9.341937 0.000000 -0.000001 0.000000 -0.000000 -2.293220
 29 10.945741 -0.000001 0.000001 1.872424 0.353743 -0.209492
 30 1.364904 0.231177 1.984410 -3.139615 0.004157 1.002253
 31 1.748536 -0.000002 0.000001 0.000000 -0.000000 0.436276
 32 1.272493 0.000001 0.000002 0.000000 -0.000000 0.322849
 33 4.525584 -0.000303 1.850224 -0.016317 -0.094622 0.192575
 34 1.719873 0.000001 0.000000 0.000000 -0.000000 0.034907
 35 1.383647 0.000000 -0.000001 0.000000 -0.000000 0.689317
 36 4.525584 -0.000101 0.616741 -0.040896 -0.032761 0.934240
 37 1.807674 -0.000001 0.000000 0.000000 -0.000000 0.907547
 38 1.614256 -0.000001 0.000000 0.000000 -0.000000 1.151884
 39 4.525584 0.000101 -0.616741 -0.026857 -0.022390 0.933908
 40 1.719871 -0.000002 0.000000 0.000000 -0.000000 0.907547
 41 1.383648 0.000001 0.000000 0.000000 -0.000000 1.151884
 42 4.525584 0.000304 -1.850223 0.029257 0.019200 0.933920
 43 1.433227 0.000002 0.000000 0.000000 -0.000000 0.907405
 44 1.153038 0.000000 0.000000 0.000000 -0.000000 1.151837
 45 -0.000008 0.000010 5.615750 -3.141592 0.000194 2.770271
 46 15.693467 0.000000 0.000000 0.000000 -0.000000 -0.583430
 47 22.146629 -0.000001 0.000000 0.008636 0.000149 0.211806
 48 3.310129 5.734394 0.000000 0.000000 -0.000000 1.570796
 49 0.000008 -0.000006 -5.615750 -3.141592 0.000194 2.772668
 50 15.693467 0.000000 0.000000 0.000000 -0.000000 -0.583950
 51 22.146629 0.000000 0.000000 0.008631 0.000123 0.214738
 52 3.310129 5.734394 0.000000 0.000000 -0.000000 1.570796
 53 1.977383 0.000000 0.000000 0.000000 0.000000 -0.218763
 54 3.723980 2.768054 -0.049087 -3.141592 -0.000002 1.570799
 55 11.781867 -0.001184 -0.000003 0.000000 -0.000000 0.000000
 56 -3.887187 4.546144 1.934869 -3.141591 -1.570796 0.000000
 57 -4.205003 4.546216 -0.015855 -3.141591 -1.570796 0.000000
 58 -3.887188 4.546179 -1.987145 -3.141591 -1.570796 0.000000
 59 -4.881806 5.593821 -1.566820 1.047319 -1.487704 2.076220
 60 -4.886902 5.683144 -0.007570 -3.132865 -1.570796 0.000000
 61 -4.881796 5.609550 1.546659 1.047319 -1.487704 2.076220
 62 3.710047 1.760547 -0.059361 -0.091858 -0.075851 1.616828
end
